g Church_mesh
v 333.3283 40.97534 -906.939
v 333.2363 70.06052 -928.7618
v 369.647 59.29294 -890.4183
v 363.7002 81.35787 -908.7293
v 369.647 59.29294 -890.4183
v 333.3283 40.97534 -906.939
v 377.0131 62.03667 -885.8186
v 373.9319 47.93375 -877.269
v 285.8196 84.37539 -880.4489
v 282.8641 72.9857 -909.4606
v 290.093 33.80355 -896.259
v 284.2477 58.33828 -858.5784
v 282.6832 60.98676 -848.4711
v 286.1342 51.55099 -842.8716
v 273.3608 73.05513 -906.1373
v 282.8641 72.9857 -909.4606
v 274.3359 83.99589 -876.6899
v 285.8196 84.37539 -880.4489
v 274.3359 83.99589 -876.6899
v 285.8196 84.37539 -880.4489
v 271.963 57.80444 -853.9794
v 284.2477 58.33828 -858.5784
v 271.963 57.80444 -853.9794
v 284.2477 58.33828 -858.5784
v 270.726 60.52761 -844.5325
v 282.6832 60.98676 -848.4711
v 270.726 60.52761 -844.5325
v 282.6832 60.98676 -848.4711
v 272.8631 50.94609 -838.3899
v 286.1342 51.55099 -842.8716
v 363.7002 81.35787 -908.7293
v 333.2363 70.06052 -928.7618
v 374.1063 81.09097 -914.122
v 343.5869 68.67571 -932.4384
v 379.6215 55.15685 -896.154
v 369.647 59.29294 -890.4183
v 374.1063 81.09097 -914.122
v 374.1063 81.09097 -914.122
v 369.647 59.29294 -890.4183
v 363.7002 81.35787 -908.7293
v 369.647 59.29294 -890.4183
v 379.6215 55.15685 -896.154
v 377.0131 62.03667 -885.8186
v 388.4474 57.85078 -890.5377
v 377.0131 62.03667 -885.8186
v 388.4474 57.85078 -890.5377
v 373.9319 47.93375 -877.269
v 384.4095 48.46314 -882.3359
v 282.3432 64.46323 -902.1762
v 337.2295 64.94211 -924.2451
v 283.5906 68.0311 -889.239
v 349.434 68.27312 -914.6893
v 283.5906 68.0311 -889.239
v 349.434 68.27312 -914.6893
v 285.6186 61.88552 -883.8988
v 285.6186 61.88552 -883.8988
v 351.1701 62.03796 -909.7159
v 285.6186 61.88552 -883.8988
v 351.1701 62.03796 -909.7159
v 284.0153 64.29492 -870.541
v 362.6922 64.45554 -901.0458
v 284.0153 64.29492 -870.541
v 362.6922 64.45554 -901.0458
v 284.5718 55.86506 -863.5175
v 363.2034 56.395 -894.231
v 284.5718 55.86506 -863.5175
v 363.2034 56.395 -894.231
v 283.0831 58.40674 -851.6707
v 372.8585 59.12811 -887.5668
v 283.0831 58.40674 -851.6707
v 372.8585 59.12811 -887.5668
v 286.0254 51.24541 -844.4697
v 286.0254 51.24541 -844.4697
v 372.8585 59.12811 -887.5668
v 374.049 49.60962 -879.7997
v 297.6039 114.9808 -932.9877
v 292.2226 115.8876 -931.0325
v 299.4171 125.6665 -940.4926
v 291.4692 122.556 -934.7876
v 296.6589 66.35641 -907.908
v 302.4048 66.22014 -910.2491
v 303.7218 130.7163 -946.1206
v 292.1918 130.2301 -939.586
v 297.0252 138.4685 -948.2944
v 315.8184 128.6636 -950.3552
v 324.3194 133.798 -958.3375
v 305.7599 141.0066 -954.7281
v 314.6511 139.1183 -957.8456
v 330.2701 124.7679 -953.8662
v 331.5309 117.2676 -949.5604
v 322.4236 122.8568 -948.8855
v 330.2356 110.1574 -944.9072
v 325.0921 111.4313 -942.9801
v 316.5751 65.8908 -916.0271
v 321.3105 65.77848 -917.9566
v 298.0461 124.3351 -943.7496
v 296.2413 113.6419 -936.2442
v 299.4171 125.6665 -940.4926
v 297.6039 114.9808 -932.9877
v 303.7218 130.7163 -946.1206
v 302.3511 129.2729 -949.2999
v 315.8184 128.6636 -950.3552
v 314.4438 127.2043 -953.5233
v 322.4236 122.8568 -948.8855
v 321.046 121.5075 -952.1288
v 325.0921 111.4313 -942.9801
v 323.7261 110.0836 -946.2296
v 290.8601 114.5487 -934.2888
v 290.0982 121.2246 -938.0444
v 292.2226 115.8876 -931.0325
v 291.4692 122.556 -934.7876
v 296.6589 66.35641 -907.908
v 290.8209 128.7868 -942.7653
v 295.641 136.9292 -951.4024
v 292.1918 130.2301 -939.586
v 297.0252 138.4685 -948.2944
v 304.3627 139.4874 -957.8457
v 305.7599 141.0066 -954.7281
v 291.4692 122.556 -934.7876
v 290.0982 121.2246 -938.0444
v 313.2538 137.5991 -960.9632
v 314.6511 139.1183 -957.8456
v 322.9352 132.2586 -961.4457
v 324.3194 133.798 -958.3375
v 328.8955 123.3088 -957.0341
v 330.2701 124.7679 -953.8662
v 330.1532 115.9183 -952.8038
v 331.5309 117.2676 -949.5604
v 296.2413 113.6419 -936.2442
v 302.4048 66.22014 -910.2491
v 297.6039 114.9808 -932.9877
v 328.8695 108.8097 -948.1567
v 321.3105 65.77848 -917.9566
v 330.2356 110.1574 -944.9072
v 331.5309 117.2676 -949.5604
v 330.1532 115.9183 -952.8038
v 316.5751 65.8908 -916.0271
v 323.7261 110.0836 -946.2296
v 325.0921 111.4313 -942.9801
v 326.7568 65.77602 -920.4235
v 293.6014 66.56247 -906.9139
v 336.3459 121.2638 -958.6432
v 283.5251 129.0838 -939.8474
v 330.5171 130.9613 -964.2353
v 288.2873 138.1875 -948.6966
v 320.6519 140.0025 -964.7551
v 320.6519 140.0025 -964.7551
v 288.2873 138.1875 -948.6966
v 308.3535 141.6815 -961.4091
v 308.3535 141.6815 -961.4091
v 288.2873 138.1875 -948.6966
v 297.6999 144.3709 -956.1251
v 326.7568 65.77602 -920.4235
v 336.3459 121.2638 -958.6432
v 323.3842 64.32494 -926.9575
v 331.1815 119.7199 -964.8748
v 283.5251 129.0838 -939.8474
v 293.6014 66.56247 -906.9139
v 282.2999 127.8503 -945.8595
v 290.2289 65.1114 -913.4479
v 336.3459 121.2638 -958.6432
v 330.5171 130.9613 -964.2353
v 331.1815 119.7199 -964.8748
v 324.5221 129.4309 -969.9888
v 320.6519 140.0025 -964.7551
v 316.5135 138.5443 -971.2043
v 320.6519 140.0025 -964.7551
v 308.3535 141.6815 -961.4091
v 316.5135 138.5443 -971.2043
v 304.854 140.3251 -967.5593
v 297.6999 144.3709 -956.1251
v 294.1495 142.882 -962.9756
v 288.2873 138.1875 -948.6966
v 288.2873 138.1875 -948.6966
v 285.7165 136.5983 -956.3007
v 283.5251 129.0838 -939.8474
v 282.2999 127.8503 -945.8595
v 394.031 66.62231 -945.4337
v 350.2361 67.28819 -927.5272
v 396.9335 86.60308 -957.6776
v 396.9335 86.60308 -957.6776
v 350.2361 67.28819 -927.5272
v 362.3531 121.8805 -957.3808
v 362.3531 121.8805 -957.3808
v 409.6213 121.112 -976.6332
v 402.1674 53.13778 -922.839
v 355.5135 52.276 -902.1685
v 413.6184 69.1954 -939.7547
v 362.2877 69.26375 -919.1143
v 350.2361 67.28819 -927.5272
v 394.031 66.62231 -945.4337
v 362.2877 69.26375 -919.1143
v 413.6184 69.1954 -939.7547
v 392.4531 61.07008 -960.183
v 383.4159 61.74428 -953.973
v 388.0903 59.39521 -964.394
v 376.9496 58.7728 -959.1749
v 388.0449 47.52169 -942.7288
v 392.4531 61.07008 -960.183
v 388.0759 55.58864 -957.4483
v 413.6184 69.1954 -939.7547
v 402.1674 53.13778 -922.839
v 388.0903 59.39521 -964.394
v 303.2889 49.82405 -902.3325
v 260.9644 49.79504 -887.0876
v 303.4757 93.06335 -931.3976
v 252.303 92.76566 -910.4349
v 349.538 90.06187 -949.833
v 341.2546 51.0558 -917.2224
v 302.4391 95.73133 -935.7016
v 251.3065 95.50414 -914.7973
v 348.4611 92.6594 -954.0782
v 349.1843 100.5255 -966.4933
v 298.7394 102.9197 -951.6167
v 370.6888 195.9594 -1028.387
v 349.1843 100.5255 -966.4933
v 247.1881 106.7184 -924.5258
v 303.0133 198.3804 -1000.913
v 370.6888 195.9594 -1028.387
v 369.149 209.0707 -1034.016
v 303.3217 213.1156 -1009.627
v 374.1314 220.8324 -1044.711
v 303.0042 223.8885 -1017.551
v 372.8939 228.4043 -1047.556
v 303.5258 234.7961 -1023.164
v 230.4639 219.7079 -985.904
v 233.3196 233.309 -999.3267
v 235.8277 212.487 -982.0231
v 234.1673 200.5807 -974.1573
v 383.9884 251.1886 -1070.994
v 344.1065 268.0861 -1062.73
v 298.3054 276.8163 -1051.035
v 255.3887 268.8203 -1028.695
v 220.4192 256.7115 -1009.72
v 256.7291 69.05872 -887.817
v 215.186 68.37645 -871.0191
v 252.7431 128.4294 -909.1135
v 204.2932 128.0195 -890.6709
v 256.7291 69.05872 -887.817
v 271.7165 71.26142 -882.073
v 215.186 68.37645 -871.0191
v 211.4315 72.62864 -858.1993
v 217.1583 -1.101097 -1027.909
v 213.4038 3.151092 -1015.089
v 274.9863 51.061 -869.8775
v 216.9601 53.49047 -847.1901
v 271.7165 71.26142 -882.073
v 211.4315 72.62864 -858.1993
v 256.7291 69.05872 -887.817
v 251.3065 95.50414 -914.7973
v 259.1742 47.72275 -891.7905
v 252.7431 128.4294 -909.1135
v 247.1881 106.7184 -924.5258
v 248.7061 127.847 -921.0222
v 234.1673 200.5807 -974.1573
v 234.7869 205.9851 -962.1959
v 235.8277 212.487 -982.0231
v 240.3546 237.4415 -966.7131
v 348.4611 92.6594 -954.0782
v 350.2361 67.28819 -927.5272
v 339.7094 49.01621 -920.9902
v 350.2361 67.28819 -927.5272
v 348.4611 92.6594 -954.0782
v 362.3531 121.8805 -957.3808
v 349.1843 100.5255 -966.4933
v 359.7881 123.6326 -968.6497
v 379.0558 200.5346 -1020.622
v 409.6213 121.112 -976.6332
v 362.3531 121.8805 -957.3808
v 393.6787 122.5751 -984.0189
v 396.1905 115.5974 -990.8893
v 382.0553 117.9498 -994.6541
v 393.6787 122.5751 -984.0189
v 362.3531 121.8805 -957.3808
v 359.7881 123.6326 -968.6497
v 252.7431 128.4294 -909.1135
v 204.2932 128.0195 -890.6709
v 248.7061 127.847 -921.0222
v 248.7061 127.847 -921.0222
v 204.2932 128.0195 -890.6709
v 208.6112 128.2815 -905.1711
v 446.6629 228.211 -1053.453
v 386.0578 230.4139 -1032.701
v 452.6236 244.4124 -1060.128
v 386.9096 244.4846 -1037.574
v 382.876 223.1668 -1026.078
v 449.8947 221.1161 -1049.307
v 434.4984 257.9192 -1074.401
v 395.5181 261.2666 -1059.173
v 446.6116 269.4262 -1088.069
v 403.6852 295.0323 -1077.442
v 386.0578 230.4139 -1032.701
v 374.1314 220.8324 -1044.711
v 386.9096 244.4846 -1037.574
v 372.8939 228.4043 -1047.556
v 369.149 209.0707 -1034.016
v 382.876 223.1668 -1026.078
v 395.5181 261.2666 -1059.173
v 383.9884 251.1886 -1070.994
v 403.6852 295.0323 -1077.442
v 233.0514 236.1966 -972.7972
v 237.0738 256.967 -980.0678
v 230.4639 219.7079 -985.904
v 233.3196 233.309 -999.3267
v 223.2078 268.3362 -994.6852
v 220.4192 256.7115 -1009.72
v 233.0514 236.1966 -972.7972
v 174.2024 238.6435 -949.6938
v 237.0738 256.967 -980.0678
v 168.0674 259.9903 -951.5599
v 223.2078 268.3362 -994.6852
v 173.6565 271.651 -974.0782
v 230.577 307.27 -1013.741
v 156.1591 310.5277 -981.1237
v 210.2566 324.659 -1025.82
v 165.5877 327.244 -1005.191
v 157.9799 409.8716 -1102.576
v 151.2735 409.1978 -1098.856
v 148.0564 430.7841 -1126.721
v 145.1931 428.7054 -1126.163
v 223.2078 268.3362 -994.6852
v 230.577 307.27 -1013.741
v 220.4192 256.7115 -1009.72
v 221.7987 254.1698 -1026.778
v 240.3546 237.4415 -966.7131
v 172.6895 239.6079 -939.9901
v 233.0514 236.1966 -972.7972
v 174.2024 238.6435 -949.6938
v 233.0514 236.1966 -972.7972
v 230.4639 219.7079 -985.904
v 240.3546 237.4415 -966.7131
v 240.3546 237.4415 -966.7131
v 230.4639 219.7079 -985.904
v 235.8277 212.487 -982.0231
v 234.7869 205.9851 -962.1959
v 188.415 208.7224 -939.5818
v 240.3546 237.4415 -966.7131
v 172.6895 239.6079 -939.9901
v 208.6112 128.2815 -905.1711
v 379.0558 200.5346 -1020.622
v 370.6888 195.9594 -1028.387
v 382.876 223.1668 -1026.078
v 349.1843 100.5255 -966.4933
v 382.876 223.1668 -1026.078
v 370.6888 195.9594 -1028.387
v 369.149 209.0707 -1034.016
v 423.1209 198.9739 -1034.267
v 379.0558 200.5346 -1020.622
v 449.8947 221.1161 -1049.307
v 382.876 223.1668 -1026.078
v 359.7881 123.6326 -968.6497
v 393.6787 122.5751 -984.0189
v 248.7061 127.847 -921.0222
v 208.6112 128.2815 -905.1711
v 234.7869 205.9851 -962.1959
v 446.6116 269.4262 -1088.069
v 403.6852 295.0323 -1077.442
v 467.124 276.4362 -1098.674
v 474.3807 284.5419 -1103.733
v 403.6852 295.0323 -1077.442
v 383.9884 251.1886 -1070.994
v 349.2392 287.0509 -1116.064
v 349.8239 242.6877 -1091.643
v 474.3807 284.5419 -1103.733
v 403.6852 295.0323 -1077.442
v 456.8343 290.5771 -1118.034
v 456.8343 290.5771 -1118.034
v 403.6852 295.0323 -1077.442
v 411.6532 302.2941 -1102.648
v 447.4392 332.55 -1174.38
v 403.6852 295.0323 -1077.442
v 349.2392 287.0509 -1116.064
v 411.6532 302.2941 -1102.648
v 411.6532 302.2941 -1102.648
v 349.2392 287.0509 -1116.064
v 373.6516 288.5573 -1124.527
v 426.9214 342.7309 -1163.612
v 401.1041 334.5851 -1176.31
v 447.4392 332.55 -1174.38
v 411.6532 302.2941 -1102.648
v 426.9214 342.7309 -1163.612
v 221.7987 254.1698 -1026.778
v 230.577 307.27 -1013.741
v 225.387 282.0541 -1058.279
v 207.309 305.4936 -1059.931
v 210.2566 324.659 -1025.82
v 157.5405 399.5326 -1106.519
v 157.9799 409.8716 -1102.576
v 147.5124 426.2445 -1128.495
v 148.0564 430.7841 -1126.721
v 259.1742 47.72275 -891.7905
v 270.8592 46.36198 -895.6661
v 256.7291 69.05872 -887.817
v 256.7291 69.05872 -887.817
v 270.8592 46.36198 -895.6661
v 271.7165 71.26142 -882.073
v 204.2932 128.0195 -890.6709
v 215.186 68.37645 -871.0191
v 206.2653 58.54195 -1047.561
v 217.1583 -1.101097 -1027.909
v 211.4315 72.62864 -858.1993
v 216.9601 53.49047 -847.1901
v 213.4038 3.151092 -1015.089
v 218.9324 -15.98708 -1004.08
v 208.6112 128.2815 -905.1711
v 204.2932 128.0195 -890.6709
v 210.5835 58.80391 -1062.061
v 206.2653 58.54195 -1047.561
v 188.415 208.7224 -939.5818
v 208.6112 128.2815 -905.1711
v 190.3872 139.2448 -1096.472
v 210.5835 58.80391 -1062.061
v 174.6617 170.1303 -1096.88
v 172.6895 239.6079 -939.9901
v 156.1591 310.5277 -981.1237
v 173.6565 271.651 -974.0782
v 156.8555 285.991 -1036.531
v 174.5529 240.0747 -1045.382
v 168.0674 259.9903 -951.5599
v 174.2024 238.6435 -949.6938
v 169.9176 194.8128 -1098.74
v 176.1746 169.166 -1106.584
v 174.2024 238.6435 -949.6938
v 172.6895 239.6079 -939.9901
v 176.1746 169.166 -1106.584
v 174.6617 170.1303 -1096.88
v 173.6565 271.651 -974.0782
v 168.0674 259.9903 -951.5599
v 174.5529 240.0747 -1045.382
v 169.9176 194.8128 -1098.74
v 165.5877 327.244 -1005.191
v 156.1591 310.5277 -981.1237
v 166.0779 309.9767 -1044.183
v 156.8555 285.991 -1036.531
v 276.4184 198.0154 -988.4266
v 248.1369 201.3089 -970.6191
v 274.7139 215.0792 -995.1142
v 245.5889 221.9848 -984.0982
v 271.7919 232.303 -1003.74
v 247.7644 240.5812 -998.4946
v 268.1201 243.0377 -1007.816
v 249.8445 248.2731 -1004.615
v 256.2844 110.8338 -928.3506
v 282.0416 106.9686 -939.0234
v 256.2844 110.8338 -928.3506
v 276.4184 198.0154 -988.4266
v 268.1201 243.0377 -1007.816
v 249.8445 248.2731 -1004.615
v 262.0731 252.381 -1012.572
v 251.2546 251.8978 -1008.96
v 254.1046 257.2543 -1015.393
v 268.1201 243.0377 -1007.816
v 270.8452 234.6098 -1003.165
v 271.7919 232.303 -1003.74
v 275.6382 218.726 -995.1704
v 274.7139 215.0792 -995.1142
v 277.5576 199.4018 -985.582
v 276.4184 198.0154 -988.4266
v 283.5153 109.1452 -934.7232
v 282.0416 106.9686 -939.0234
v 245.5889 221.9848 -984.0982
v 248.008 244.252 -996.2711
v 247.7644 240.5812 -998.4946
v 250.5652 252.3855 -1003.393
v 245.7953 225.7353 -982.0106
v 248.1369 201.3089 -970.6191
v 250.5652 252.3855 -1003.393
v 248.008 244.252 -996.2711
v 241.7325 253.5403 -1002.693
v 244.0862 258.0766 -1007.918
v 252.0929 257.1951 -1007.309
v 248.5797 264.635 -1015.178
v 253.4381 260.5154 -1011.225
v 239.6024 243.3685 -993.0405
v 245.7953 225.7353 -982.0106
v 236.8289 224.2219 -979.1626
v 247.6674 204.6914 -969.6069
v 237.8837 203.0868 -966.5209
v 256.9946 114.2751 -923.5452
v 251.9324 101.0714 -915.5598
v 283.5153 109.1452 -934.7232
v 285.2543 97.21772 -928.8769
v 252.8141 271.6837 -1022.303
v 286.0995 135.1068 -951.8484
v 277.5576 199.4018 -985.582
v 282.5393 209.4802 -993.8965
v 275.6382 218.726 -995.1704
v 270.8452 234.6098 -1003.165
v 279.0695 235.6186 -1006.993
v 268.5779 246.4756 -1007.719
v 290.5596 137.3636 -958.6565
v 286.748 205.7544 -993.9276
v 287.8871 221.9589 -1002.251
v 281.6201 248.5679 -1013.549
v 247.6674 204.6914 -969.6069
v 245.7953 225.7353 -982.0106
v 248.1369 201.3089 -970.6191
v 256.2844 110.8338 -928.3506
v 256.9946 114.2751 -923.5452
v 256.2844 110.8338 -928.3506
v 279.0695 235.6186 -1006.993
v 268.5779 246.4756 -1007.719
v 273.605 249.5692 -1012.503
v 262.7281 257.5994 -1012.627
v 262.7281 257.5994 -1012.627
v 267.4561 258.575 -1017.22
v 257.6729 260.0697 -1013.847
v 260.6366 264.3958 -1019.456
v 254.488 260.6461 -1013.628
v 252.8141 271.6837 -1022.303
v 254.488 260.6461 -1013.628
v 253.4381 260.5154 -1011.225
v 252.8141 271.6837 -1022.303
v 288.5475 234.0569 -1010.405
v 287.8871 221.9589 -1002.251
v 281.6201 248.5679 -1013.549
v 284.6122 263.5582 -1026.38
v 283.5153 109.1452 -934.7232
v 256.9946 114.2751 -923.5452
v 282.0416 106.9686 -939.0234
v 256.2844 110.8338 -928.3506
v 268.5779 246.4756 -1007.719
v 270.8452 234.6098 -1003.165
v 268.1201 243.0377 -1007.816
v 262.0731 252.381 -1012.572
v 268.5779 246.4756 -1007.719
v 268.1201 243.0377 -1007.816
v 247.7644 240.5812 -998.4946
v 250.5652 252.3855 -1003.393
v 249.8445 248.2731 -1004.615
v 252.0929 257.1951 -1007.309
v 262.7281 257.5994 -1012.627
v 268.5779 246.4756 -1007.719
v 262.0731 252.381 -1012.572
v 254.1046 257.2543 -1015.393
v 262.7281 257.5994 -1012.627
v 254.488 260.6461 -1013.628
v 257.6729 260.0697 -1013.847
v 254.1046 257.2543 -1015.393
v 249.8445 248.2731 -1004.615
v 252.0929 257.1951 -1007.309
v 251.2546 251.8978 -1008.96
v 254.1046 257.2543 -1015.393
v 253.4381 260.5154 -1011.225
v 257.6729 260.0697 -1013.847
v 262.7281 257.5994 -1012.627
v 254.1046 257.2543 -1015.393
v 253.4381 260.5154 -1011.225
v 254.488 260.6461 -1013.628
v 254.1046 257.2543 -1015.393
v 305.7031 202.5516 -1000.542
v 286.6045 204.46 -995.9556
v 305.4655 216.0564 -1008.463
v 286.9523 218.5093 -1004.076
v 289.1948 136.0977 -959.5135
v 305.2734 139.0865 -967.1931
v 323.0516 200.0711 -1007.721
v 316.1114 127.3941 -969.4293
v 323.7465 213.1342 -1015.786
v 305.2392 228.8977 -1015.995
v 321.8165 225.409 -1023.22
v 303.9878 248.6461 -1030.176
v 287.5583 231.4628 -1011.926
v 292.5523 251.6495 -1028.334
v 317.501 246.0907 -1032.782
v 303.484 258.02 -1036.883
v 295.7417 261.7408 -1036.754
v 313.0622 254.8497 -1038.132
v 317.501 246.0907 -1032.782
v 303.1725 269.5292 -1044.416
v 299.5668 269.0237 -1042.897
v 307.6889 263.785 -1042.31
v 295.7417 261.7408 -1036.754
v 292.5523 251.6495 -1028.334
v 296.5989 268.7456 -1037.474
v 296.5989 268.7456 -1037.474
v 292.4372 257.1458 -1024.212
v 287.5583 231.4628 -1011.926
v 300.0013 274.5205 -1041.671
v 295.7417 261.7408 -1036.754
v 296.5989 268.7456 -1037.474
v 323.7465 213.1342 -1015.786
v 321.8165 225.409 -1023.22
v 325.5182 222.6236 -1017.165
v 323.3637 232.6492 -1022.932
v 317.501 246.0907 -1032.782
v 318.9253 253.2655 -1032.802
v 325.2701 207.2325 -1008.128
v 323.0516 200.0711 -1007.721
v 316.1114 127.3941 -969.4293
v 317.7737 128.2808 -968.5132
v 317.501 246.0907 -1032.782
v 313.0622 254.8497 -1038.132
v 314.5274 262.0465 -1038.049
v 313.0622 254.8497 -1038.132
v 307.6889 263.785 -1042.31
v 314.5274 262.0465 -1038.049
v 309.2243 271.019 -1042.051
v 287.5583 231.4628 -1011.926
v 286.9523 218.5093 -1004.076
v 288.5475 234.0569 -1010.405
v 287.8871 221.9589 -1002.251
v 292.4372 257.1458 -1024.212
v 307.6889 263.785 -1042.31
v 303.1725 269.5292 -1044.416
v 309.2243 271.019 -1042.051
v 304.7195 276.7693 -1044.128
v 299.5668 269.0237 -1042.897
v 300.0013 274.5205 -1041.671
v 299.5668 269.0237 -1042.897
v 295.7417 261.7408 -1036.754
v 300.0013 274.5205 -1041.671
v 286.6045 204.46 -995.9556
v 289.1948 136.0977 -959.5135
v 286.748 205.7544 -993.9276
v 287.8871 221.9589 -1002.251
v 286.9523 218.5093 -1004.076
v 287.8871 221.9589 -1002.251
v 286.748 205.7544 -993.9276
v 289.1948 136.0977 -959.5135
v 290.5596 137.3636 -958.6565
v 325.5182 222.6236 -1017.165
v 323.3637 232.6492 -1022.932
v 330.0171 228.4954 -1023.308
v 328.7576 235.971 -1027.142
v 318.9253 253.2655 -1032.802
v 324.2293 256.5394 -1037.236
v 314.5274 262.0465 -1038.049
v 319.9339 265.3545 -1042.338
v 309.2243 271.019 -1042.051
v 309.2243 271.019 -1042.051
v 313.6093 275.1553 -1047.938
v 304.7195 276.7693 -1044.128
v 303.7932 283.5836 -1049.524
v 300.0013 274.5205 -1041.671
v 293.7 282.7305 -1044.984
v 296.5989 268.7456 -1037.474
v 327.5352 204.402 -1008.934
v 333.964 203.258 -1010.596
v 336.2906 224.1763 -1023.187
v 324.0312 98.76913 -951.3052
v 317.7737 128.2808 -968.5132
v 335.7931 252.0878 -1041.887
v 327.5352 204.4022 -1008.934
v 325.5182 222.6236 -1017.165
v 330.0171 228.4954 -1023.308
v 325.2701 207.2325 -1008.128
v 317.7737 128.2808 -968.5132
v 293.7 282.7305 -1044.984
v 296.5989 268.7456 -1037.474
v 288.3534 273.387 -1036.237
v 292.4372 257.1458 -1024.212
v 284.6122 263.5582 -1026.38
v 292.4372 257.1458 -1024.212
v 288.5475 234.0569 -1010.405
v 284.6122 263.5582 -1026.38
v 347.1296 105.7938 -961.4767
v 316.3135 93.46771 -941.0909
v 324.0312 98.76913 -951.3052
v 348.4964 97.82944 -955.3611
v 316.3135 93.46771 -941.0909
v 347.1296 105.7938 -961.4767
v 348.4964 97.82944 -955.3611
v 347.1296 105.7938 -961.4767
v 368.0199 192.7658 -1018.873
v 368.0199 192.7658 -1018.873
v 360.439 196.4182 -1017.114
v 370.0771 213.1285 -1030.718
v 363.283 215.999 -1028.742
v 362.9195 235.0305 -1042.063
v 369.2408 236.5406 -1047.597
v 361.3617 244.2646 -1048.581
v 367.2837 252.617 -1054.417
v 347.1296 105.7938 -961.4767
v 336.2906 224.1763 -1023.187
v 335.7931 252.0878 -1041.887
v 342.2338 242.8595 -1039.051
v 335.7931 252.0878 -1041.887
v 346.3771 267.7049 -1056.814
v 346.7426 252.936 -1047.876
v 351.187 258.4406 -1053.513
v 355.4436 260.216 -1056.734
v 354.923 267.3853 -1061.196
v 354.923 267.3853 -1061.196
v 364.655 262.1448 -1059.231
v 355.4436 260.216 -1056.734
v 358.6089 253.9368 -1053.808
v 367.2837 252.617 -1054.417
v 361.3617 244.2646 -1048.581
v 346.7426 252.936 -1047.876
v 351.187 258.4406 -1053.513
v 343.5171 251.1045 -1050.551
v 347.9558 256.6062 -1056.202
v 339.03 240.9911 -1041.761
v 342.2338 242.8595 -1039.051
v 333.0887 222.3933 -1026
v 355.4436 260.216 -1056.734
v 352.2099 258.3802 -1059.43
v 336.2906 224.1763 -1023.187
v 331.3427 201.6661 -1012.733
v 333.964 203.258 -1010.596
v 324.0312 98.76913 -951.3052
v 321.576 96.73525 -956.5269
v 347.9558 256.6062 -1056.202
v 339.03 240.9911 -1041.761
v 343.5171 251.1045 -1050.551
v 352.2099 258.3802 -1059.43
v 359.7075 233.1577 -1044.794
v 355.3781 252.1027 -1056.495
v 358.1269 242.4283 -1051.279
v 333.0887 222.3933 -1026
v 360.0813 214.216 -1031.555
v 331.3427 201.6661 -1012.733
v 357.5647 194.8678 -1018.924
v 321.576 96.73525 -956.5269
v 360.0813 214.216 -1031.555
v 360.439 196.4182 -1017.114
v 357.5647 194.8678 -1018.924
v 347.1296 105.7938 -961.4767
v 363.283 215.999 -1028.742
v 360.0813 214.216 -1031.555
v 359.7075 233.1577 -1044.794
v 362.9195 235.0305 -1042.063
v 358.1269 242.4283 -1051.279
v 361.3617 244.2646 -1048.581
v 355.3781 252.1027 -1056.495
v 358.6089 253.9368 -1053.808
v 357.5647 194.8678 -1018.924
v 343.2877 103.9866 -964.9095
v 343.2877 103.9866 -964.9095
v 321.576 96.73525 -956.5269
v 357.5647 194.8678 -1018.924
v 347.1296 105.7938 -961.4767
v 324.0312 98.76913 -951.3052
v 343.2877 103.9866 -964.9095
v 321.576 96.73525 -956.5269
v 281.6201 248.5679 -1013.549
v 279.0695 235.6186 -1006.993
v 280.1387 245.5278 -1015.213
v 283.137 262.4596 -1027.019
v 287.3954 272.7229 -1037.329
v 284.6122 263.5582 -1026.38
v 283.137 262.4596 -1027.019
v 288.3534 273.387 -1036.237
v 284.6122 263.5582 -1026.38
v 292.9142 281.5447 -1045.763
v 293.7 282.7305 -1044.984
v 303.7932 283.5836 -1049.524
v 284.6122 263.5582 -1026.38
v 281.6201 248.5679 -1013.549
v 354.8097 265.8192 -1062.927
v 363.3177 261.3105 -1061.285
v 354.923 267.3853 -1061.196
v 364.655 262.1448 -1059.231
v 346.3771 267.7049 -1056.814
v 344.2245 265.9811 -1059.906
v 335.7931 252.0878 -1041.887
v 332.318 249.8328 -1043.242
v 366.6384 251.1892 -1056.33
v 367.2837 252.617 -1054.417
v 330.0171 228.4954 -1023.308
v 332.318 249.8328 -1043.242
v 335.7931 252.0878 -1041.887
v 327.2996 224.0126 -1025.965
v 332.318 249.8328 -1043.242
v 330.0171 228.4954 -1023.308
v 355.4436 260.216 -1056.734
v 358.6089 253.9368 -1053.808
v 352.2099 258.3802 -1059.43
v 355.3781 252.1027 -1056.495
v 316.3135 93.46771 -941.0909
v 317.7737 128.2808 -968.5132
v 324.0312 98.76913 -951.3052
v 343.2592 281.9898 -1094.769
v 340.8004 272.9129 -1127.966
v 352.6838 280.6884 -1090.346
v 375.9478 274.4576 -1096.11
v 277.3798 289.423 -1106.639
v 343.2592 281.9898 -1094.769
v 343.2592 281.9898 -1094.769
v 293.0335 293.6769 -1071.086
v 343.3678 282.8434 -1088.359
v 258.5981 286.9386 -1100.635
v 275.9878 290.6718 -1064.284
v 278.0468 286.0101 -1059.699
v 295.2433 289.2192 -1065.998
v 343.3678 282.8434 -1088.359
v 345.1726 278.4046 -1083.088
v 275.9878 290.6718 -1064.284
v 271.2265 290.3302 -1066.743
v 377.6507 270.0536 -1090.708
v 354.3868 276.2841 -1084.944
v 352.6838 280.6884 -1090.346
v 354.3868 276.2841 -1084.944
v 345.013 277.5682 -1089.433
v 352.6838 280.6884 -1090.346
v 343.2592 281.9898 -1094.769
v 273.8414 285.8536 -1061.838
v 258.5981 286.9386 -1100.635
v 271.2265 290.3302 -1066.743
v 278.0468 286.0101 -1059.699
v 273.8414 285.8536 -1061.838
v 275.9878 290.6718 -1064.284
v 271.2265 290.3302 -1066.743
v 345.013 277.5682 -1089.433
v 345.1726 278.4046 -1083.088
v 343.2592 281.9898 -1094.769
v 343.3678 282.8434 -1088.359
v 333.8665 277.938 -1128.494
v 306.0798 291.6297 -1120.31
v 294.7668 279.3264 -1144.188
v 282.2233 285.218 -1143.204
v 338.2543 275.5898 -1124.274
v 303.6994 284.674 -1112.662
v 333.8665 277.938 -1128.494
v 333.8665 277.938 -1128.494
v 303.6994 284.674 -1112.662
v 306.0798 291.6297 -1120.31
v 303.6994 284.674 -1112.662
v 282.2233 285.218 -1143.204
v 306.0798 291.6297 -1120.31
v 242.0656 290.7433 -1092.697
v 218.5148 284.3027 -1083.87
v 230.015 282.4966 -1123.48
v 246.3824 292.1758 -1103.635
v 230.015 282.4966 -1123.48
v 262.6354 290.5012 -1136.855
v 246.3824 292.1758 -1103.635
v 252.5405 293.5362 -1098.949
v 281.6051 284.6985 -1142.579
v 277.1071 297.2571 -1109.065
v 299.7218 291.7391 -1118.188
v 252.5405 293.5362 -1098.949
v 262.6354 290.5012 -1136.855
v 277.1071 297.2571 -1109.065
v 242.5435 284.6245 -1086.973
v 219.9828 278.0266 -1078.518
v 242.0656 290.7433 -1092.697
v 242.0656 290.7433 -1092.697
v 218.5148 284.3027 -1083.87
v 300.4375 284.618 -1111.508
v 278.6526 290.0811 -1102.799
v 299.7218 291.7391 -1118.188
v 277.1071 297.2571 -1109.065
v 278.6526 290.0811 -1102.799
v 253.5718 286.291 -1091.806
v 277.1071 297.2571 -1109.065
v 252.5405 293.5362 -1098.949
v 253.5718 286.291 -1091.806
v 247.7571 285.6096 -1098.141
v 252.5405 293.5362 -1098.949
v 252.5405 293.5362 -1098.949
v 246.3824 292.1758 -1103.635
v 247.7571 285.6096 -1098.141
v 242.5435 284.6245 -1086.973
v 246.3824 292.1758 -1103.635
v 242.0656 290.7433 -1092.697
v 213.8918 275.1795 -1030.032
v 217.1274 277.5723 -1082.256
v 246.1189 286.5462 -1058.807
v 257.4699 287.2222 -1100.925
v 269.3332 291.2599 -1063.187
v 252.5433 288.8863 -1051.473
v 240.8196 283.1425 -1045.33
v 216.5816 269.8658 -1025.689
v 242.9328 279.713 -1040.09
v 246.1189 286.5462 -1058.807
v 269.3332 291.2599 -1063.187
v 267.239 291.0975 -1058.183
v 246.2164 281.6728 -1051.036
v 242.9328 279.713 -1040.09
v 246.1189 286.5462 -1058.807
v 252.5433 288.8863 -1051.473
v 246.2164 281.6728 -1051.036
v 246.1189 286.5462 -1058.807
v 256.1531 283.9074 -1047.244
v 252.5433 288.8863 -1051.473
v 267.239 291.0975 -1058.183
v 256.1531 283.9074 -1047.244
v 252.5433 288.8863 -1051.473
v 269.5604 285.7045 -1053.663
v 271.594 286.3372 -1058.656
v 269.3332 291.2599 -1063.187
v 257.4699 287.2222 -1100.925
v 269.5604 285.7045 -1053.663
v 269.3332 291.2599 -1063.187
v 269.3332 291.2599 -1063.187
v 267.239 291.0975 -1058.183
v 391.5142 258.0912 -1067.834
v 347.5467 268.6714 -1059.282
v 393.0596 267.1752 -1071.521
v 347.0826 279.026 -1062.055
v 304.0599 279.9143 -1044.65
v 303.5677 289.9803 -1048.534
v 263.5233 277.1126 -1025.248
v 263.7533 288.5642 -1028.13
v 233.2621 256.3562 -1001.283
v 225.5365 266.2971 -1004.766
v 303.5677 289.9803 -1048.534
v 263.7533 288.5642 -1028.13
v 298.9614 282.3773 -1056.149
v 341.4961 274.2289 -1071.309
v 347.0826 279.026 -1062.055
v 383.0161 262.3529 -1080.506
v 393.0596 267.1752 -1071.521
v 259.3388 277.168 -1037.034
v 225.5365 266.2971 -1004.766
v 220.1843 263.563 -1015.74
v 259.3388 277.168 -1037.034
v 220.1843 263.563 -1015.74
v 258.063 283.8621 -1041.382
v 213.6862 269.0978 -1017.248
v 297.6855 289.0714 -1060.497
v 298.9614 282.3773 -1056.149
v 340.2203 280.9229 -1075.656
v 341.4961 274.2289 -1071.309
v 382.429 269.4971 -1086.016
v 383.0161 262.3529 -1080.506
v 256.1225 283.9756 -1047.27
v 213.7057 270.0034 -1024.202
v 242.5435 284.6245 -1086.973
v 213.8519 276.7923 -1076.334
v 228.9427 282.9876 -1122.53
v 263.8296 290.6564 -1135.858
v 278.6526 290.0811 -1102.799
v 287.7413 282.6052 -1143.074
v 308.2874 282.6494 -1114.646
v 300.2057 276.2523 -1145.389
v 343.0551 273.7535 -1126.521
v 295.2432 289.2191 -1065.998
v 336.4282 281.0941 -1080.493
v 377.6506 270.0535 -1090.708
v 394.2453 264.9112 -1100.763
v 199.615 294.5546 -1131.552
v 409.4002 284.4894 -1126.079
v 358.2097 293.3316 -1151.838
v 300.2057 276.2523 -1145.389
v 315.3606 295.8304 -1170.705
v 190.9328 293.6057 -1113.088
v 183.8914 290.236 -1091.294
v 176.9645 282.7121 -1040.471
v 190.9328 293.6057 -1113.088
v 183.8914 290.236 -1091.294
v 183.1495 263.1867 -1108.577
v 176.1081 259.8169 -1086.783
v 193.7526 266.4789 -1130.279
v 199.615 294.5546 -1131.552
v 183.8914 290.236 -1091.294
v 176.9645 282.7121 -1040.471
v 176.1081 259.8169 -1086.783
v 169.1812 252.2933 -1035.96
v 159.971 234.4615 -1112.245
v 173.5546 246.7957 -1126.965
v 183.1495 263.1867 -1108.577
v 144.7669 199.2139 -1095.792
v 190.4311 254.7357 -1141.229
v 193.7526 266.4789 -1130.279
v 228.9427 282.9876 -1122.53
v 199.615 294.5546 -1131.552
v 218.6435 268.7738 -1139.335
v 199.615 294.5546 -1131.552
v 192.2333 282.559 -1151.021
v 277.074 268.2433 -1161.168
v 253.6672 273.6075 -1155.076
v 289.9125 262.4981 -1162.496
v 300.2057 276.2523 -1145.389
v 228.9427 282.9876 -1122.53
v 218.6435 268.7738 -1139.335
v 199.7774 177.3074 -1122.743
v 139.6625 177.5618 -1094.264
v 180.6239 232.5642 -1143.439
v 132.7523 235.1493 -1121.535
v 192.7234 233.9969 -1144.754
v 120.8268 237.3452 -1112.646
v 174.9243 251.4764 -1157.342
v 130.2554 254.0615 -1136.713
v 130.2554 254.0615 -1136.713
v 120.8268 237.3452 -1112.646
v 117.8889 239.6898 -1159.555
v 108.4604 222.9736 -1135.487
v 222.6393 50.89322 -850.063
v 163.4161 53.30593 -826.9904
v 214.6692 68.18226 -859.3606
v 152.966 69.5685 -834.7931
v 152.4366 71.5034 -840.962
v 212.7261 70.28194 -864.0424
v 203.4583 62.18238 -904.5421
v 147.3624 63.24194 -884.0144
vt 0.618963 0.553963
vt 0.611218 0.512929
vt 0.686376 0.590309
vt 0.66944 0.555643
vt 0.686376 0.590309
vt 0.618963 0.553963
vt 0.700348 0.600094
vt 0.69736 0.615233
vt 0.512679 0.607749
vt 0.509775 0.548589
vt 0.535819 0.571737
vt 0.517613 0.648003
vt 0.51386 0.668138
vt 0.523549 0.678065
vt 0.490752 0.554652
vt 0.509775 0.548589
vt 0.489775 0.614533
vt 0.512679 0.607749
vt 0.489775 0.614533
vt 0.512679 0.607749
vt 0.493464 0.656287
vt 0.517613 0.648003
vt 0.493464 0.656287
vt 0.517613 0.648003
vt 0.49032 0.675151
vt 0.51386 0.668138
vt 0.49032 0.675151
vt 0.51386 0.668138
vt 0.497568 0.686015
vt 0.523549 0.678065
vt 0.66944 0.555643
vt 0.611218 0.512929
vt 0.690319 0.54548
vt 0.632227 0.50614
vt 0.707015 0.579188
vt 0.686376 0.590309
vt 0.690319 0.54548
vt 0.690319 0.54548
vt 0.686376 0.590309
vt 0.66944 0.555643
vt 0.686376 0.590309
vt 0.707015 0.579188
vt 0.700348 0.600094
vt 0.72387 0.591035
vt 0.700348 0.600094
vt 0.72387 0.591035
vt 0.69736 0.615233
vt 0.717866 0.605964
vt 0.511401 0.562336
vt 0.620529 0.521822
vt 0.513077 0.588389
vt 0.644026 0.541819
vt 0.513077 0.588389
vt 0.644026 0.541819
vt 0.518948 0.598518
vt 0.518948 0.598518
vt 0.649055 0.5513
vt 0.518948 0.598518
vt 0.649055 0.5513
vt 0.515313 0.625026
vt 0.67132 0.56936
vt 0.515313 0.625026
vt 0.67132 0.56936
vt 0.51892 0.638003
vt 0.674282 0.582128
vt 0.51892 0.638003
vt 0.674282 0.582128
vt 0.51536 0.661255
vt 0.692753 0.596216
vt 0.51536 0.661255
vt 0.692753 0.596216
vt 0.522486 0.671905
vt 0.522486 0.671905
vt 0.692753 0.596216
vt 0.696963 0.607964
vt 0.528249 0.502079
vt 0.517196 0.505722
vt 0.528638 0.487771
vt 0.513617 0.498567
vt 0.540756 0.54809
vt 0.552045 0.543842
vt 0.535773 0.476971
vt 0.512679 0.489413
vt 0.519856 0.472555
vt 0.560775 0.469078
vt 0.576454 0.453719
vt 0.536765 0.460177
vt 0.555348 0.454329
vt 0.590986 0.462722
vt 0.595569 0.471096
vt 0.575739 0.472164
vt 0.594903 0.479966
vt 0.584277 0.48357
vt 0.57988 0.533362
vt 0.589181 0.529863
vt 0.526225 0.481047
vt 0.525867 0.495388
vt 0.528638 0.487771
vt 0.528249 0.502079
vt 0.535773 0.476971
vt 0.533386 0.470385
vt 0.560775 0.469078
vt 0.558379 0.462522
vt 0.575739 0.472164
vt 0.573308 0.465479
vt 0.584277 0.48357
vt 0.581879 0.476907
vt 0.514817 0.499027
vt 0.511211 0.491851
vt 0.517196 0.505722
vt 0.513617 0.498567
vt 0.540756 0.54809
vt 0.5103 0.482826
vt 0.517468 0.466085
vt 0.512679 0.489413
vt 0.519856 0.472555
vt 0.534335 0.453684
vt 0.536765 0.460177
vt 0.513617 0.498567
vt 0.511211 0.491851
vt 0.552913 0.447844
vt 0.555348 0.454329
vt 0.574049 0.447269
vt 0.576454 0.453719
vt 0.588584 0.456181
vt 0.590986 0.462722
vt 0.593138 0.464429
vt 0.595569 0.471096
vt 0.525867 0.495388
vt 0.552045 0.543842
vt 0.528249 0.502079
vt 0.592503 0.473308
vt 0.589181 0.529863
vt 0.594903 0.479966
vt 0.595569 0.471096
vt 0.593138 0.464429
vt 0.57988 0.533362
vt 0.581879 0.476907
vt 0.584277 0.48357
vt 0.599047 0.526067
vt 0.533695 0.550655
vt 0.603342 0.453788
vt 0.494351 0.488853
vt 0.588896 0.442483
vt 0.501063 0.471692
vt 0.566312 0.441135
vt 0.566312 0.441135
vt 0.501063 0.471692
vt 0.540772 0.447232
vt 0.540772 0.447232
vt 0.501063 0.471692
vt 0.518269 0.45745
vt 0.599047 0.526067
vt 0.603342 0.453788
vt 0.592742 0.512933
vt 0.593278 0.440798
vt 0.494351 0.488853
vt 0.533695 0.550655
vt 0.492156 0.476528
vt 0.527389 0.537517
vt 0.603342 0.453788
vt 0.588896 0.442483
vt 0.593278 0.440798
vt 0.577098 0.430349
vt 0.566312 0.441135
vt 0.558222 0.427652
vt 0.566312 0.441135
vt 0.540772 0.447232
vt 0.558222 0.427652
vt 0.533953 0.434394
vt 0.518269 0.45745
vt 0.511369 0.443158
vt 0.501063 0.471692
vt 0.501063 0.471692
vt 0.496201 0.455966
vt 0.494351 0.488853
vt 0.492156 0.476528
vt 0.734718 0.48003
vt 0.646874 0.513106
vt 0.737716 0.45537
vt 0.737716 0.45537
vt 0.646874 0.513106
vt 0.658041 0.456591
vt 0.658041 0.456591
vt 0.753291 0.420194
vt 0.753567 0.524676
vt 0.661202 0.562743
vt 0.77316 0.492791
vt 0.670931 0.530719
vt 0.646874 0.513106
vt 0.734718 0.48003
vt 0.670931 0.530719
vt 0.77316 0.492791
vt 0.732751 0.450155
vt 0.714581 0.462037
vt 0.724422 0.441367
vt 0.702315 0.451077
vt 0.726783 0.483985
vt 0.732751 0.450155
vt 0.725179 0.45503
vt 0.77316 0.492791
vt 0.753567 0.524676
vt 0.724422 0.441367
vt 0.556958 0.559189
vt 0.474087 0.586747
vt 0.545811 0.504216
vt 0.44228 0.543441
vt 0.639856 0.46961
vt 0.633128 0.531962
vt 0.542876 0.495598
vt 0.439247 0.534772
vt 0.637002 0.461063
vt 0.639663 0.445002
vt 0.539802 0.481852
vt 0.657807 0.312359
vt 0.639663 0.445002
vt 0.430067 0.524426
vt 0.512883 0.366449
vt 0.657807 0.312359
vt 0.65082 0.299086
vt 0.508361 0.346978
vt 0.659343 0.278374
vt 0.504921 0.332165
vt 0.653874 0.269603
vt 0.501543 0.31762
vt 0.348137 0.394042
vt 0.349885 0.357284
vt 0.363651 0.401779
vt 0.365212 0.419024
vt 0.671095 0.215125
vt 0.578582 0.229424
vt 0.474205 0.2516
vt 0.382243 0.298521
vt 0.310277 0.338203
vt 0.459455 0.586965
vt 0.376613 0.618019
vt 0.431092 0.549176
vt 0.331619 0.583974
vt 0.459455 0.586965
vt 0.488945 0.599533
vt 0.376613 0.618019
vt 0.370811 0.642819
vt 0.401284 0.302805
vt 0.392676 0.327944
vt 0.501867 0.621705
vt 0.395983 0.65792
vt 0.488945 0.599533
vt 0.370811 0.642819
vt 0.459455 0.586965
vt 0.439247 0.534772
vt 0.471097 0.577137
vt 0.431092 0.549176
vt 0.430067 0.524426
vt 0.422704 0.524412
vt 0.365212 0.419024
vt 0.363603 0.441709
vt 0.363651 0.401779
vt 0.363209 0.433605
vt 0.637002 0.461063
vt 0.646874 0.513106
vt 0.630548 0.524244
vt 0.646874 0.513106
vt 0.637002 0.461063
vt 0.658041 0.456591
vt 0.639663 0.445002
vt 0.652304 0.433311
vt 0.673347 0.326398
vt 0.753291 0.420194
vt 0.658041 0.456591
vt 0.722164 0.40385
vt 0.723547 0.389511
vt 0.699356 0.381056
vt 0.722164 0.40385
vt 0.658041 0.456591
vt 0.652304 0.433311
vt 0.431092 0.549176
vt 0.331619 0.583974
vt 0.422704 0.524412
vt 0.422704 0.524412
vt 0.331619 0.583974
vt 0.340036 0.554514
vt 0.812401 0.259621
vt 0.680922 0.300297
vt 0.821055 0.245803
vt 0.679239 0.289353
vt 0.675872 0.314609
vt 0.818524 0.269794
vt 0.780243 0.211071
vt 0.693871 0.241673
vt 0.804652 0.180767
vt 0.70363 0.199359
vt 0.680922 0.300297
vt 0.659343 0.278374
vt 0.679239 0.289353
vt 0.653874 0.269603
vt 0.65082 0.299086
vt 0.675872 0.314609
vt 0.693871 0.241673
vt 0.671095 0.215125
vt 0.70363 0.199359
vt 0.347611 0.419818
vt 0.345884 0.407761
vt 0.348137 0.394042
vt 0.349885 0.357284
vt 0.312006 0.371732
vt 0.310277 0.338203
vt 0.347611 0.419818
vt 0.218831 0.466109
vt 0.345884 0.407761
vt 0.195264 0.462738
vt 0.312006 0.371732
vt 0.201156 0.413916
vt 0.311354 0.328959
vt 0.142237 0.397914
vt 0.256708 0.300272
vt 0.154021 0.34404
vt 0.086266 0.109087
vt 0.070692 0.117596
vt 0.048494 0.046302
vt 0.04278 0.047732
vt 0.312006 0.371732
vt 0.311354 0.328959
vt 0.310277 0.338203
vt 0.313851 0.300589
vt 0.363209 0.433605
vt 0.215465 0.487153
vt 0.347611 0.419818
vt 0.218831 0.466109
vt 0.347611 0.419818
vt 0.348137 0.394042
vt 0.363209 0.433605
vt 0.363209 0.433605
vt 0.348137 0.394042
vt 0.363651 0.401779
vt 0.363603 0.441709
vt 0.263441 0.487159
vt 0.363209 0.433605
vt 0.215465 0.487153
vt 0.340036 0.554514
vt 0.673347 0.326398
vt 0.657807 0.312359
vt 0.675872 0.314609
vt 0.639663 0.445002
vt 0.675872 0.314609
vt 0.657807 0.312359
vt 0.65082 0.299086
vt 0.767617 0.300305
vt 0.673347 0.326398
vt 0.818524 0.269794
vt 0.675872 0.314609
vt 0.652304 0.433311
vt 0.722164 0.40385
vt 0.422704 0.524412
vt 0.340036 0.554514
vt 0.363603 0.441709
vt 0.804652 0.180767
vt 0.70363 0.199359
vt 0.84761 0.157568
vt 0.861637 0.146316
vt 0.70363 0.199359
vt 0.671095 0.215125
vt 0.590861 0.11427
vt 0.598436 0.167305
vt 0.861637 0.146316
vt 0.70363 0.199359
vt 0.82334 0.112052
vt 0.82334 0.112052
vt 0.70363 0.199359
vt 0.719751 0.142167
vt 0.794457 -0.024522
vt 0.70363 0.199359
vt 0.590861 0.11427
vt 0.719751 0.142167
vt 0.719751 0.142167
vt 0.590861 0.11427
vt 0.637996 0.090698
vt 0.74505 -0.002903
vt 0.68773 -0.03357
vt 0.794457 -0.024522
vt 0.719751 0.142167
vt 0.74505 -0.002903
vt 0.313851 0.300589
vt 0.311354 0.328959
vt 0.305203 0.231328
vt 0.257549 0.222839
vt 0.256708 0.300272
vt 0.090893 0.100765
vt 0.086266 0.109087
vt 0.049779 0.042587
vt 0.048494 0.046302
vt 0.471097 0.577137
vt 0.494705 0.570036
vt 0.459455 0.586965
vt 0.459455 0.586965
vt 0.494705 0.570036
vt 0.488945 0.599533
vt 0.33279 0.585923
vt 0.378186 0.620222
vt 0.359086 0.260011
vt 0.403022 0.302342
vt 0.370811 0.642819
vt 0.395983 0.65792
vt 0.392676 0.327944
vt 0.410353 0.350133
vt 0.341289 0.556175
vt 0.33279 0.585923
vt 0.367467 0.230419
vt 0.359086 0.260011
vt 0.263947 0.488141
vt 0.341289 0.556175
vt 0.292536 0.150945
vt 0.367467 0.230419
vt 0.245387 0.146092
vt 0.215503 0.488128
vt 0.141562 0.397997
vt 0.201055 0.414166
vt 0.153142 0.2718
vt 0.215137 0.255027
vt 0.195106 0.463469
vt 0.218903 0.466878
vt 0.223815 0.139349
vt 0.248734 0.125123
vt 0.218903 0.466878
vt 0.215503 0.488128
vt 0.248734 0.125123
vt 0.245387 0.146092
vt 0.201055 0.414166
vt 0.195106 0.463469
vt 0.215137 0.255027
vt 0.223815 0.139349
vt 0.15346 0.343593
vt 0.141562 0.397997
vt 0.161648 0.254004
vt 0.153142 0.2718
vt 0.460257 0.395616
vt 0.395306 0.428089
vt 0.449291 0.379833
vt 0.380949 0.403203
vt 0.436329 0.358545
vt 0.377423 0.376367
vt 0.426003 0.352547
vt 0.378794 0.361074
vt 0.445079 0.511681
vt 0.498489 0.491432
vt 0.445079 0.511681
vt 0.460257 0.395616
vt 0.426003 0.352547
vt 0.378794 0.361074
vt 0.405628 0.341934
vt 0.379992 0.348963
vt 0.38389 0.330657
vt 0.426003 0.352547
vt 0.434896 0.362492
vt 0.436329 0.358545
vt 0.451134 0.383459
vt 0.449291 0.379833
vt 0.46086 0.399701
vt 0.460257 0.395616
vt 0.500871 0.500367
vt 0.498489 0.491432
vt 0.380949 0.403203
vt 0.376695 0.378132
vt 0.377423 0.376367
vt 0.379275 0.361101
vt 0.3808 0.404271
vt 0.395306 0.428089
vt 0.379275 0.361101
vt 0.376695 0.378132
vt 0.3617 0.3627
vt 0.362191 0.35116
vt 0.38015 0.346471
vt 0.366225 0.334602
vt 0.380811 0.340395
vt 0.36123 0.383025
vt 0.3808 0.404271
vt 0.362163 0.409734
vt 0.393073 0.430322
vt 0.372925 0.436158
vt 0.445468 0.521709
vt 0.439765 0.536547
vt 0.500871 0.500367
vt 0.508151 0.511506
vt 0.377415 0.318137
vt 0.497768 0.46706
vt 0.46086 0.399701
vt 0.465993 0.385404
vt 0.451134 0.383459
vt 0.434896 0.362492
vt 0.449858 0.353876
vt 0.426107 0.351929
vt 0.50573 0.453334
vt 0.475402 0.381251
vt 0.472199 0.36364
vt 0.449169 0.33868
vt 0.393073 0.430322
vt 0.3808 0.404271
vt 0.395306 0.428089
vt 0.445079 0.511681
vt 0.445468 0.521709
vt 0.445079 0.511681
vt 0.449858 0.353876
vt 0.426107 0.351929
vt 0.435799 0.34109
vt 0.404766 0.341954
vt 0.404766 0.341954
vt 0.414499 0.326336
vt 0.393392 0.335563
vt 0.398785 0.321474
vt 0.384389 0.332812
vt 0.377415 0.318137
vt 0.384389 0.332812
vt 0.380811 0.340395
vt 0.377415 0.318137
vt 0.469327 0.346092
vt 0.472199 0.36364
vt 0.449169 0.33868
vt 0.451193 0.31358
vt 0.500871 0.500367
vt 0.445468 0.521709
vt 0.498489 0.491432
vt 0.445079 0.511681
vt 0.426107 0.351929
vt 0.434896 0.362492
vt 0.426003 0.352547
vt 0.405628 0.341934
vt 0.426107 0.351929
vt 0.426003 0.352547
vt 0.377423 0.376367
vt 0.379275 0.361101
vt 0.378794 0.361074
vt 0.38015 0.346471
vt 0.404766 0.341954
vt 0.426107 0.351929
vt 0.405628 0.341934
vt 0.38389 0.330657
vt 0.404766 0.341954
vt 0.384389 0.332812
vt 0.393392 0.335563
vt 0.38389 0.330657
vt 0.378794 0.361074
vt 0.38015 0.346471
vt 0.379992 0.348963
vt 0.38389 0.330657
vt 0.380811 0.340395
vt 0.393392 0.335563
vt 0.404766 0.341954
vt 0.38389 0.330657
vt 0.380811 0.340395
vt 0.384389 0.332812
vt 0.38389 0.330657
vt 0.516663 0.368447
vt 0.475495 0.376901
vt 0.511721 0.351529
vt 0.471335 0.359637
vt 0.502631 0.450263
vt 0.535245 0.435544
vt 0.554088 0.354231
vt 0.561904 0.430374
vt 0.551611 0.337133
vt 0.506959 0.335228
vt 0.543627 0.320858
vt 0.498515 0.306751
vt 0.468056 0.342739
vt 0.472676 0.310026
vt 0.528302 0.301069
vt 0.494823 0.293578
vt 0.476718 0.293482
vt 0.516492 0.290857
vt 0.528302 0.301069
vt 0.490406 0.277378
vt 0.482675 0.280483
vt 0.5022 0.282292
vt 0.476718 0.293482
vt 0.472676 0.310026
vt 0.476276 0.292077
vt 0.476276 0.292077
vt 0.470603 0.318972
vt 0.468056 0.342739
vt 0.481757 0.283048
vt 0.476718 0.293482
vt 0.476276 0.292077
vt 0.551611 0.337133
vt 0.543627 0.320858
vt 0.552502 0.33422
vt 0.544721 0.321486
vt 0.528302 0.301069
vt 0.529357 0.301641
vt 0.556729 0.353655
vt 0.554088 0.354231
vt 0.561904 0.430374
vt 0.564904 0.432166
vt 0.528302 0.301069
vt 0.516492 0.290857
vt 0.517513 0.291398
vt 0.516492 0.290857
vt 0.5022 0.282292
vt 0.517513 0.291398
vt 0.50318 0.282807
vt 0.468056 0.342739
vt 0.471335 0.359637
vt 0.469327 0.346092
vt 0.472199 0.36364
vt 0.470603 0.318972
vt 0.5022 0.282292
vt 0.490406 0.277378
vt 0.50318 0.282807
vt 0.491351 0.277879
vt 0.482675 0.280483
vt 0.481757 0.283048
vt 0.482675 0.280483
vt 0.476718 0.293482
vt 0.481757 0.283048
vt 0.475495 0.376901
vt 0.502631 0.450263
vt 0.475402 0.381251
vt 0.472199 0.36364
vt 0.471335 0.359637
vt 0.472199 0.36364
vt 0.475402 0.381251
vt 0.502631 0.450263
vt 0.50573 0.453334
vt 0.552502 0.33422
vt 0.544721 0.321486
vt 0.560313 0.321218
vt 0.554659 0.315206
vt 0.529357 0.301641
vt 0.541471 0.29147
vt 0.517513 0.291398
vt 0.530444 0.280509
vt 0.50318 0.282807
vt 0.50318 0.282807
vt 0.517089 0.265765
vt 0.491351 0.277879
vt 0.486869 0.265545
vt 0.481757 0.283048
vt 0.464893 0.274923
vt 0.476276 0.292077
vt 0.562382 0.352096
vt 0.576359 0.349006
vt 0.575079 0.321996
vt 0.58575 0.468814
vt 0.564904 0.432166
vt 0.565618 0.281033
vt 0.562382 0.352096
vt 0.552502 0.33422
vt 0.560313 0.321218
vt 0.556729 0.353655
vt 0.564904 0.432166
vt 0.464893 0.274923
vt 0.476276 0.292077
vt 0.456288 0.293453
vt 0.470603 0.318972
vt 0.451193 0.31358
vt 0.470603 0.318972
vt 0.469327 0.346092
vt 0.451193 0.31358
vt 0.630532 0.450032
vt 0.571737 0.488631
vt 0.58575 0.468814
vt 0.635336 0.46214
vt 0.571737 0.488631
vt 0.630532 0.450032
vt 0.635336 0.46214
vt 0.630532 0.450032
vt 0.651262 0.333863
vt 0.651262 0.333863
vt 0.634307 0.337034
vt 0.65034 0.308429
vt 0.635101 0.312124
vt 0.62919 0.282978
vt 0.642435 0.271482
vt 0.623382 0.268663
vt 0.633995 0.256187
vt 0.630532 0.450032
vt 0.575079 0.321996
vt 0.565618 0.281033
vt 0.582315 0.287808
vt 0.565618 0.281033
vt 0.584047 0.248694
vt 0.589207 0.268862
vt 0.59729 0.256694
vt 0.606063 0.249874
vt 0.60285 0.239669
vt 0.60285 0.239669
vt 0.625654 0.245026
vt 0.606063 0.249874
vt 0.614751 0.256802
vt 0.633995 0.256187
vt 0.623382 0.268663
vt 0.589207 0.268862
vt 0.59729 0.256694
vt 0.582659 0.262714
vt 0.590718 0.250536
vt 0.575879 0.281655
vt 0.582315 0.287808
vt 0.56871 0.315725
vt 0.606063 0.249874
vt 0.599481 0.243712
vt 0.575079 0.321996
vt 0.571237 0.344269
vt 0.576359 0.349006
vt 0.58575 0.468814
vt 0.581305 0.458019
vt 0.590718 0.250536
vt 0.575879 0.281655
vt 0.582659 0.262714
vt 0.599481 0.243712
vt 0.622756 0.276854
vt 0.608186 0.250656
vt 0.616845 0.262542
vt 0.56871 0.315725
vt 0.62873 0.305884
vt 0.571237 0.344269
vt 0.628632 0.332995
vt 0.581305 0.458019
vt 0.62873 0.305884
vt 0.634307 0.337034
vt 0.628632 0.332995
vt 0.630532 0.450032
vt 0.635101 0.312124
vt 0.62873 0.305884
vt 0.622756 0.276854
vt 0.62919 0.282978
vt 0.616845 0.262542
vt 0.623382 0.268663
vt 0.608186 0.250656
vt 0.614751 0.256802
vt 0.628632 0.332995
vt 0.6232 0.442756
vt 0.6232 0.442756
vt 0.581305 0.458019
vt 0.628632 0.332995
vt 0.630532 0.450032
vt 0.58575 0.468814
vt 0.6232 0.442756
vt 0.581305 0.458019
vt 0.449169 0.33868
vt 0.449858 0.353876
vt 0.446996 0.334968
vt 0.448189 0.311679
vt 0.454374 0.290936
vt 0.451193 0.31358
vt 0.448189 0.311679
vt 0.456288 0.293453
vt 0.451193 0.31358
vt 0.463559 0.273171
vt 0.464893 0.274923
vt 0.486869 0.265545
vt 0.451193 0.31358
vt 0.449169 0.33868
vt 0.603039 0.235915
vt 0.62295 0.240434
vt 0.60285 0.239669
vt 0.625654 0.245026
vt 0.584047 0.248694
vt 0.579809 0.241775
vt 0.565618 0.281033
vt 0.558707 0.277825
vt 0.632968 0.251999
vt 0.633995 0.256187
vt 0.560313 0.321218
vt 0.558707 0.277825
vt 0.565618 0.281033
vt 0.555737 0.315596
vt 0.558707 0.277825
vt 0.560313 0.321218
vt 0.606063 0.249874
vt 0.614751 0.256802
vt 0.599481 0.243712
vt 0.608186 0.250656
vt 0.571737 0.488631
vt 0.564904 0.432166
vt 0.58575 0.468814
vt 0.572652 0.158157
vt 0.569591 0.083411
vt 0.594256 0.169084
vt 0.648096 0.15845
vt 0.421141 0.124913
vt 0.572652 0.158157
vt 0.572652 0.158157
vt 0.455801 0.207101
vt 0.5727 0.172659
vt 0.379683 0.137364
vt 0.418519 0.221436
vt 0.425054 0.232293
vt 0.462522 0.219156
vt 0.5727 0.172659
vt 0.578172 0.18512
vt 0.418519 0.221436
vt 0.407822 0.215479
vt 0.653115 0.171178
vt 0.599429 0.181825
vt 0.594256 0.169084
vt 0.599429 0.181825
vt 0.578006 0.1708
vt 0.594256 0.169084
vt 0.572652 0.158157
vt 0.415578 0.227115
vt 0.379683 0.137364
vt 0.407822 0.215479
vt 0.425054 0.232293
vt 0.415578 0.227115
vt 0.418519 0.221436
vt 0.407822 0.215479
vt 0.578006 0.1708
vt 0.578172 0.18512
vt 0.572652 0.158157
vt 0.5727 0.172659
vt 0.552414 0.080989
vt 0.485139 0.095694
vt 0.463462 0.041564
vt 0.434957 0.045518
vt 0.563077 0.091275
vt 0.482348 0.113834
vt 0.552414 0.080989
vt 0.552414 0.080989
vt 0.482348 0.113834
vt 0.485139 0.095694
vt 0.482348 0.113834
vt 0.434957 0.045518
vt 0.485139 0.095694
vt 0.340825 0.153805
vt 0.29045 0.172636
vt 0.316471 0.083469
vt 0.349707 0.128934
vt 0.316471 0.083469
vt 0.389465 0.059177
vt 0.349707 0.128934
vt 0.36329 0.140064
vt 0.433766 0.046975
vt 0.417447 0.118465
vt 0.470714 0.100022
vt 0.36329 0.140064
vt 0.389465 0.059177
vt 0.417447 0.118465
vt 0.344652 0.167483
vt 0.296728 0.185455
vt 0.340825 0.153805
vt 0.340825 0.153805
vt 0.29045 0.172636
vt 0.475018 0.116207
vt 0.423866 0.133747
vt 0.470714 0.100022
vt 0.417447 0.118465
vt 0.423866 0.133747
vt 0.3688 0.157199
vt 0.417447 0.118465
vt 0.36329 0.140064
vt 0.3688 0.157199
vt 0.355721 0.142308
vt 0.36329 0.140064
vt 0.36329 0.140064
vt 0.349707 0.128934
vt 0.355721 0.142308
vt 0.344652 0.167483
vt 0.349707 0.128934
vt 0.340825 0.153805
vt 0.292391 0.292721
vt 0.290474 0.176694
vt 0.352783 0.231767
vt 0.377003 0.136578
vt 0.403266 0.223368
vt 0.366556 0.248813
vt 0.342637 0.262089
vt 0.300854 0.303435
vt 0.348978 0.274235
vt 0.352783 0.231767
vt 0.403266 0.223368
vt 0.398719 0.234601
vt 0.355241 0.249655
vt 0.348978 0.274235
vt 0.352783 0.231767
vt 0.366556 0.248813
vt 0.355241 0.249655
vt 0.352783 0.231767
vt 0.376834 0.258916
vt 0.366556 0.248813
vt 0.398719 0.234601
vt 0.376834 0.258916
vt 0.366556 0.248813
vt 0.40618 0.245336
vt 0.410399 0.234133
vt 0.403266 0.223368
vt 0.377003 0.136578
vt 0.40618 0.245336
vt 0.403266 0.223368
vt 0.403266 0.223368
vt 0.398719 0.234601
vt 0.689013 0.224168
vt 0.588902 0.239263
vt 0.690134 0.215505
vt 0.584724 0.232445
vt 0.488604 0.268217
vt 0.483909 0.259008
vt 0.399465 0.308761
vt 0.39543 0.302053
vt 0.341147 0.360057
vt 0.319745 0.35178
vt 0.483909 0.259008
vt 0.39543 0.302053
vt 0.476117 0.241811
vt 0.573638 0.211474
vt 0.584724 0.232445
vt 0.669137 0.194936
vt 0.690134 0.215505
vt 0.389781 0.281994
vt 0.319745 0.35178
vt 0.308644 0.326966
vt 0.389781 0.281994
vt 0.308644 0.326966
vt 0.384156 0.271878
vt 0.291713 0.323047
vt 0.470784 0.231524
vt 0.476117 0.241811
vt 0.568671 0.20112
vt 0.573638 0.211474
vt 0.665943 0.181995
vt 0.669137 0.194936
vt 0.379592 0.258436
vt 0.291119 0.307484
vt 0.3476 0.167333
vt 0.286629 0.189805
vt 0.316278 0.08891
vt 0.392334 0.056951
vt 0.426583 0.133695
vt 0.449186 0.043435
vt 0.495901 0.109927
vt 0.479423 0.040059
vt 0.576686 0.086869
vt 0.465127 0.218855
vt 0.560077 0.189876
vt 0.655165 0.171017
vt 0.693315 0.150203
vt 0.244379 0.060523
vt 0.722286 0.092097
vt 0.604621 0.027597
vt 0.479423 0.040059
vt 0.506385 -0.020093
vt 0.22554 0.10242
vt 0.21203 0.152182
vt 0.202128 0.267705
vt 0.22554 0.10242
vt 0.21203 0.152182
vt 0.222563 0.115538
vt 0.209255 0.164547
vt 0.240913 0.074247
vt 0.244379 0.060523
vt 0.21203 0.152182
vt 0.202128 0.267705
vt 0.209255 0.164547
vt 0.199514 0.278341
vt 0.184354 0.108567
vt 0.208076 0.075127
vt 0.222563 0.115538
vt 0.168634 0.147442
vt 0.238477 0.050706
vt 0.240913 0.074247
vt 0.316278 0.08891
vt 0.244379 0.060523
vt 0.299913 0.048241
vt 0.244379 0.060523
vt 0.233761 0.016617
vt 0.430295 0.002787
vt 0.37594 0.014006
vt 0.46103 0.001791
vt 0.479423 0.040059
vt 0.316278 0.08891
vt 0.299913 0.048241
vt 0.321842 0.096296
vt 0.180363 0.159104
vt 0.24818 0.036508
vt 0.131 0.085706
vt 0.276901 0.034156
vt 0.10107 0.10623
vt 0.223809 -0.001638
vt 0.114277 0.053889
vt 0.114277 0.053889
vt 0.10107 0.10623
vt 0.089843 -0.010422
vt 0.077937 0.050921
vt 0.679915 0.907793
vt 0.570872 0.946913
vt 0.659421 0.892415
vt 0.545294 0.934314
vt 0.543385 0.923239
vt 0.655021 0.883963
vt 0.639614 0.808283
vt 0.535737 0.843036
vn -0.554502 0.4983168 0.6664892
vn -0.5792609 0.4534255 0.6773937
vn -0.2974905 0.5828072 0.7561979
vn -0.1384116 0.610106 0.7801365
vn 0.5608267 -0.6535621 -0.5082618
vn 0.5638688 -0.5872277 -0.5807028
vn 0.5638688 -0.5872277 -0.5807028
vn 0.5614653 -0.5152224 -0.6475358
vn 0.9960043 0.08831343 -0.01327445
vn 0.9799743 0.1299713 -0.1508577
vn 0.9916734 0.1267785 0.02260597
vn 0.9900693 0.0228477 0.1387105
vn 0.9845155 0.1651788 0.0586955
vn 0.945465 0.3235632 -0.03745335
vn -0.1130499 0.9325992 -0.3427512
vn -0.1289241 0.9294055 -0.3458093
vn -0.1289241 0.9294055 -0.3458093
vn -0.1447634 0.9259593 -0.3487734
vn 0.2235799 0.6268905 0.7463379
vn 0.2385501 0.6201094 0.7473676
vn 0.2385501 0.6201094 0.7473676
vn 0.2534555 0.6131601 0.7481945
vn -0.150347 0.9445392 -0.2919614
vn -0.1379275 0.9497964 -0.2808248
vn -0.1379275 0.9497964 -0.2808248
vn -0.1254659 0.9547632 -0.2696025
vn 0.2394016 0.5612936 0.7922351
vn 0.2408385 0.5602164 0.7925619
vn 0.2408385 0.5602164 0.7925619
vn 0.2422745 0.5591373 0.7928861
vn -0.1398952 0.9382573 -0.3163897
vn -0.0996689 0.9083515 -0.4061571
vn -0.0996689 0.9083515 -0.4061571
vn -0.05838901 0.8688437 -0.4916312
vn 0.5762413 0.5446922 0.6093081
vn 0.4728625 0.6024664 0.6429893
vn 0.4728625 0.6024664 0.6429893
vn 0.4728625 0.6024664 0.6429893
vn -0.06474471 0.623037 0.7795082
vn -0.1384116 0.610106 0.7801365
vn 0.03117523 0.8356451 -0.5483844
vn 0.05839998 0.8377534 -0.5429169
vn 0.05839998 0.8377534 -0.5429169
vn 0.08557943 0.8392119 -0.5370284
vn 0.4684449 0.3809137 0.7971601
vn 0.4101652 0.45623 0.7896954
vn 0.4101652 0.45623 0.7896954
vn 0.3481428 0.5273832 0.7750249
vn -0.1106317 0.9607772 -0.2542987
vn -0.100304 0.9658446 -0.238921
vn -0.100304 0.9658446 -0.238921
vn -0.08993932 0.9705559 -0.2234552
vn 0.2618959 0.6808141 0.6840339
vn 0.2703784 0.6631461 0.697949
vn 0.1758686 0.8717087 0.4573774
vn 0.2703784 0.6631461 0.697949
vn 0.2787046 0.6450948 0.7114608
vn 0.1069333 0.9523161 0.2857607
vn -0.07338971 0.9805009 -0.1822959
vn -0.07338971 0.9805009 -0.1822959
vn -0.07133658 0.9812919 -0.178822
vn 0.2810296 0.625199 0.7281131
vn 0.2799044 0.6277452 0.7263536
vn 0.2799044 0.6277452 0.7263536
vn 0.2787761 0.6302847 0.7245862
vn -0.09246472 0.9711149 -0.2199684
vn -0.09875505 0.9677731 -0.2316521
vn 0.01826055 0.9978687 0.06264719
vn 0.08080105 0.9717818 0.2216107
vn 0.01826055 0.9978687 0.06264719
vn 0.1691439 0.8897625 0.4239256
vn 0.2743147 0.682437 0.6775183
vn 0.2743147 0.682437 0.6775183
vn 0.2743147 0.682437 0.6775183
vn 0.300673 0.6252629 0.7201681
vn 0.364054 0.4453979 0.8179765
vn 0.3724859 0.4662512 0.8024113
vn 0.3553403 0.5167621 0.7789031
vn 0.3745757 0.5037329 0.7784254
vn 0.3609881 0.4219395 0.8316578
vn 0.3503392 0.4239612 0.8351762
vn 0.3755886 0.524866 0.7638382
vn 0.4109517 0.5000186 0.7622993
vn 0.3727501 0.5516734 0.7461326
vn 0.3714778 0.5707873 0.7322609
vn 0.3620623 0.5837632 0.7267265
vn 0.3705111 0.5981193 0.7106158
vn 0.3739738 0.6154536 0.6938013
vn 0.3341631 0.549504 0.7657546
vn 0.3804841 0.5535085 0.7408509
vn 0.4068436 0.5468859 0.7317062
vn 0.3787741 0.4512386 0.808031
vn 0.4089343 0.4506139 0.7935488
vn 0.3781595 0.4211487 0.8243962
vn 0.3487159 0.434253 0.830555
vn 0.8160964 -0.5685939 -0.1033807
vn 0.9257144 -0.2461376 -0.2871745
vn 0.8730793 -0.4525505 -0.1814675
vn 0.9301615 -0.2037017 -0.305459
vn 0.5435769 -0.8286824 0.1334525
vn 0.267868 -0.9148762 0.3020732
vn -0.2259036 -0.8448253 0.4850131
vn -0.4418887 -0.7325558 0.5177802
vn -0.7580724 -0.4129866 0.5047459
vn -0.8633295 -0.2170566 0.4555749
vn -0.930937 0.1000542 0.3512059
vn -0.9320301 0.155763 0.3271967
vn -0.931245 0.08718196 0.3538108
vn -0.9319409 0.1502664 0.3300093
vn -0.9310825 0.08940662 0.3536834
vn -0.9293144 0.2071445 0.3057219
vn -0.9309876 0.08262341 0.3555775
vn -0.9013073 0.3731056 0.2200849
vn -0.7153755 0.6983609 -0.02301694
vn -0.8658439 0.4763145 0.1530972
vn -0.5817285 0.8020493 -0.1353105
vn -0.2836027 0.9051152 -0.3167583
vn -0.1244368 0.912779 -0.3890372
vn -0.9293144 0.2071445 0.3057219
vn -0.9319409 0.1502664 0.3300093
vn 0.1527793 0.8596994 -0.487417
vn 0.2721614 0.8105378 -0.5186104
vn 0.5520409 0.623915 -0.5531554
vn 0.7031123 0.466024 -0.5370798
vn 0.8666375 0.1797836 -0.4654217
vn 0.9056876 0.06177121 -0.4194214
vn 0.9303041 -0.1488455 -0.3352302
vn 0.9257587 -0.2399754 -0.2922029
vn 0.9257144 -0.2461376 -0.2871745
vn 0.9305372 -0.07548153 -0.3583336
vn 0.9301615 -0.2037017 -0.305459
vn 0.9111437 -0.3293944 -0.2476217
vn 0.9108279 -0.332076 -0.2451898
vn 0.9112948 -0.3300093 -0.2462433
vn 0.9257587 -0.2399754 -0.2922029
vn 0.9303041 -0.1488455 -0.3352302
vn -0.9135543 0.3196739 0.2514499
vn -0.9320301 0.155763 0.3271967
vn -0.930937 0.1000542 0.3512059
vn 0.3382067 0.4934868 0.8013033
vn 0.3472926 0.48666 0.8015921
vn 0.3470084 0.5310987 0.7729937
vn 0.357597 0.546528 0.7572525
vn 0.3641038 0.5388465 0.7596532
vn 0.3819628 0.5089284 0.7714248
vn 0.3276108 0.6018749 0.7282979
vn 0.2771285 0.8427649 0.461462
vn 0.2291616 0.6594566 0.7159624
vn 0.2432014 0.9554334 0.1673321
vn 0.3909448 0.5194116 0.7598511
vn 0.3819628 0.5089284 0.7714248
vn 0.4815927 0.268966 0.8341017
vn 0.8507292 -0.3898441 -0.3525358
vn 0.8129117 -0.2617775 -0.5202374
vn 0.7990684 -0.4208512 -0.4293879
vn 0.7531645 -0.09848942 -0.6504175
vn -0.9277601 0.3388148 0.1564155
vn -0.9448656 0.03280462 0.3258109
vn -0.950967 0.1782499 0.2527622
vn -0.8929392 0.1123561 0.4359309
vn 0.8129117 -0.2617775 -0.5202374
vn 0.6694986 0.2357194 -0.7044203
vn 0.7531645 -0.09848942 -0.6504175
vn 0.6377299 0.38325 -0.6681468
vn 0.447062 0.7195553 -0.5313905
vn 0.2866731 0.8798073 -0.3791539
vn 0.4677166 0.8439328 -0.2627136
vn 0.1388183 0.9894249 -0.04204359
vn 0.2866731 0.8798073 -0.3791539
vn 0.09653934 0.9597756 -0.2636491
vn -0.1006898 0.9812936 -0.1640868
vn -0.3470228 0.9360245 -0.05859401
vn -0.4640895 0.8490826 0.2523485
vn -0.6430496 0.7608845 0.08684515
vn -0.775452 0.6247274 0.09159569
vn -0.9277601 0.3388148 0.1564155
vn -0.950967 0.1782499 0.2527622
vn 0.343106 0.4540341 0.8222721
vn 0.04739673 0.5254728 0.8494892
vn 0.3641455 0.3914425 0.8450863
vn 0.3641455 0.3914425 0.8450863
vn 0.3663896 0.4145244 0.8330235
vn 0.3168893 0.6443769 0.6959594
vn 0.3740019 0.3594206 0.85495
vn 0.3589169 0.3445285 0.8674554
vn 0.3251595 0.5660995 0.7574977
vn 0.3104437 0.5898616 0.7454448
vn 0.3104437 0.5898616 0.7454448
vn 0.2954403 0.6130773 0.7327013
vn -0.05024242 0.9859116 -0.1595433
vn -0.07672613 0.9628385 -0.2589503
vn -0.06223746 0.9828299 -0.173701
vn -0.04803045 0.9616472 -0.2700516
vn -0.09756355 0.9433931 -0.3170028
vn -0.1540822 0.9418228 -0.2987116
vn -0.1513602 0.9475517 -0.2814887
vn -0.1912685 0.9356203 -0.2967004
vn 0.6316969 -0.6994911 -0.3341723
vn 0.624491 -0.6854661 -0.3743624
vn 0.624496 -0.6854624 -0.3743607
vn 0.6348598 -0.7060302 -0.3138062
vn 0.6425739 -0.7236232 -0.2519293
vn 0.6244907 -0.6854625 -0.3743696
vn 0.3047065 0.5457007 0.7806181
vn 0.3059909 0.5176218 0.7990227
vn 0.2804751 0.7060781 0.6502212
vn 0.2447771 0.7555658 0.607622
vn 0.2957813 0.6669469 0.6838824
vn 0.2811418 0.5796954 0.7647958
vn 0.2009282 0.8675235 0.4550063
vn 0.2454703 0.8275355 0.5049054
vn 0.03834194 0.8335559 0.551103
vn 0.2381171 0.7622748 0.6018616
vn 0.3089148 0.667812 0.6771992
vn 0.09064696 0.4265326 0.8999184
vn -0.01001839 0.7688946 0.6392971
vn 0.3917663 0.523827 0.7563891
vn 0.3599572 0.4408028 0.8222675
vn 0.3271984 0.434183 0.8393011
vn 0.3360711 0.4811335 0.8096707
vn 0.3218218 0.5237095 0.7887706
vn 0.3271989 0.5052125 0.7985619
vn 0.323641 0.4964896 0.8054529
vn 0.3332144 0.4695735 0.8175995
vn 0.3094982 0.5275987 0.7911071
vn 0.2888424 0.5664881 0.7717909
vn 0.2552949 0.5619295 0.7868034
vn 0.3071797 0.5573189 0.7713859
vn 0.3299611 0.4801843 0.8127415
vn -0.1224161 0.5224851 0.8438149
vn 0.3373759 0.5207796 0.7841977
vn 0.302484 0.5526658 0.7765719
vn 0.2785277 0.524713 0.8044245
vn 0.266937 0.5102348 0.8175604
vn 0.3481536 0.3371375 0.8747157
vn 0.3394778 0.3432244 0.8757579
vn 0.3394778 0.3432244 0.8757579
vn 0.3307636 0.3492724 0.8767008
vn 0.1001758 0.8132409 -0.5732399
vn 0.02292277 0.8676848 -0.4965858
vn -0.1812811 0.9363978 -0.3004934
vn -0.2668205 0.8886778 -0.3729055
vn -0.340326 0.8581831 -0.3843175
vn -0.3403281 0.8581824 -0.3843173
vn 0.3286054 0.5265521 0.7840672
vn 0.3245207 0.533392 0.7811398
vn 0.3245207 0.533392 0.7811398
vn 0.3204126 0.5401933 0.7781562
vn 0.9883633 0.06010405 -0.1397333
vn 0.9749523 0.04794779 -0.2171838
vn 0.9891062 0.1271614 -0.07415457
vn 0.9545497 0.0001434243 -0.2980514
vn 0.9453087 -0.004246656 -0.3261492
vn 0.9702921 0.02842619 -0.2402607
vn 0.991359 -0.01112684 -0.1307039
vn 0.9974099 -0.06308226 -0.0345563
vn 0.9760015 -0.02564208 -0.2162489
vn 0.9426053 0.03286832 -0.3322877
vn -0.3017698 0.7846215 0.5415754
vn -0.4084891 0.5587201 0.7217816
vn -0.6073271 0.5537069 0.5697038
vn -0.7000474 0.4923271 0.51725
vn -0.7666521 0.4806667 0.4256807
vn -0.844605 0.4309045 0.317748
vn -0.834657 0.4446691 0.3249878
vn -0.8610018 0.4216528 0.2844024
vn -0.7803767 0.3983638 0.4819942
vn 0.2164659 0.9346456 -0.2820994
vn 0.07119372 0.9914256 0.1095751
vn 0.2122944 0.9370284 -0.2773245
vn 0.3167637 0.7209301 -0.6163769
vn 0.2876776 0.7225337 -0.6286388
vn 0.2914 0.9555196 -0.04547981
vn 0.2013639 0.8931328 0.4022017
vn 0.2792249 0.6941594 0.6634578
vn -0.02395492 0.9988829 -0.04073124
vn -0.4758829 0.8681535 -0.1408724
vn -0.001795429 0.9999639 -0.008311518
vn 0.1226788 0.9452592 0.3023822
vn -0.001795429 0.9999639 -0.008311518
vn 0.1991892 0.8541117 0.4804341
vn 0.300198 0.4767246 0.8262051
vn 0.3090127 0.3806679 0.8715522
vn 0.2874977 0.4821341 0.8275818
vn 0.2817748 0.6240153 0.7288401
vn 0.06750186 0.4378209 0.8965245
vn 0.3069983 0.3442127 0.8872822
vn 0.2861533 0.6921283 0.6626271
vn 0.3642274 0.5338879 0.7630872
vn 0.3822263 0.3877168 0.838796
vn 0.2246144 0.6006129 0.7673412
vn -0.7843227 0.4832485 0.3889844
vn -0.7670786 0.3401764 0.5439397
vn -0.7899078 0.3498838 0.5036139
vn -0.7895263 0.4788411 0.3838741
vn -0.7529887 0.4853726 0.4443215
vn -0.7393618 0.3763317 0.5583176
vn -0.7928587 0.5469044 0.2688319
vn -0.6949552 0.4641712 0.5491652
vn -0.6007072 0.6320572 0.4895453
vn 0.9832744 -0.1793769 0.03154919
vn 0.9859887 -0.02090547 -0.1654963
vn 0.9793532 -0.04399717 -0.1973107
vn 0.937153 0.1498564 -0.3150988
vn 0.9319784 0.1421399 -0.3334856
vn 0.9933677 -0.02953867 -0.1111215
vn 0.3631405 0.2444041 0.8991082
vn 0.3727346 0.216731 0.902273
vn 0.3494276 0.4657834 0.812986
vn 0.3126196 0.6761316 0.6671695
vn 0.3032091 0.7130359 0.6321742
vn 0.3597251 0.5259998 0.7706633
vn 0.3644873 0.490864 0.7913291
vn 0.3461887 0.6140814 0.7092655
vn 0.3132576 0.7326834 0.6041894
vn 0.3041436 0.7306954 0.6112127
vn 0.2752048 0.7542012 0.5961903
vn 0.03870274 0.7810251 0.6232992
vn -0.08130908 0.7833568 0.6162312
vn -0.3955086 0.7034146 0.5905769
vn 0.9319784 0.1421399 -0.3334856
vn 0.9785674 0.1278243 -0.1614519
vn 0.9933677 -0.02953867 -0.1111215
vn 0.9841594 -0.1726196 0.04040867
vn 0.2684537 0.8283293 -0.4917348
vn -0.01497159 0.9913189 -0.1306245
vn 0.1780009 0.9155176 -0.360754
vn 0.002719345 0.9951361 -0.09847187
vn 0.1780009 0.9155176 -0.360754
vn 0.6444958 0.3666456 -0.6709665
vn 0.4793155 0.6627646 -0.5753258
vn 0.8436508 0.2044944 -0.4964226
vn 0.9267606 0.1039259 -0.3609904
vn 0.9760015 -0.02564208 -0.2162489
vn 0.4019956 0.3339544 0.8525691
vn 0.412714 0.2344769 0.8801634
vn 0.40424 0.1249043 0.9060845
vn 0.3655218 0.1981278 0.9094719
vn 0.3703314 0.4652679 0.803978
vn -0.7803767 0.3983638 0.4819942
vn -0.7103289 0.3334656 0.6198658
vn -0.7393618 0.3763317 0.5583176
vn -0.7075722 0.5999695 0.373334
vn -0.3778298 0.5370435 0.7542075
vn -0.5161204 0.4126659 0.7505507
vn -0.7529887 0.4853726 0.4443215
vn 0.3208764 0.3875999 0.8641787
vn 0.3013266 0.3124437 0.9008781
vn 0.3069983 0.3442127 0.8872822
vn 0.304684 0.4504884 0.8391829
vn 0.2792249 0.6941594 0.6634578
vn 0.2739447 0.789107 0.5497859
vn 0.1991892 0.8541117 0.4804341
vn 0.2882138 0.7313721 0.618084
vn 0.4019956 0.3339544 0.8525691
vn 0.3822263 0.3877168 0.838796
vn 0.2140689 0.4750538 0.8535211
vn 0.3712998 0.2437224 0.8959553
vn 0.3690778 0.2313644 0.9001401
vn -0.1022656 0.5407622 0.8349359
vn -0.3952054 0.5698015 0.7205129
vn -0.5040968 0.6199824 0.6012556
vn -0.5449935 0.398798 0.7375245
vn 0.2025824 0.966238 0.159199
vn 0.1957335 0.8795848 0.4336114
vn 0.3133759 0.8829503 0.3495629
vn 0.3133759 0.8829503 0.3495629
vn 0.2807422 0.7056448 0.650576
vn 0.07120704 0.9431115 0.324762
vn 0.4841601 0.693193 0.5339219
vn -0.2631541 0.8553087 0.4463148
vn -0.4630699 0.7892945 0.4032127
vn 0.07120704 0.9431115 0.324762
vn -0.04827284 0.9653583 0.2564237
vn -0.2243828 0.9725792 -0.06117078
vn -0.405733 0.8943386 0.1885187
vn -0.4814893 0.7723539 0.4142917
vn -0.4600729 0.7705941 0.4410417
vn 0.4841601 0.693193 0.5339219
vn 0.2789361 0.8576766 0.4319554
vn 0.584376 0.6011468 0.5450938
vn 0.9841594 -0.1726196 0.04040867
vn 0.9785674 0.1278243 -0.1614519
vn 0.9494505 0.2125742 -0.2309892
vn 0.7955058 0.4921167 -0.3535414
vn 0.8536664 0.3588208 -0.3774936
vn 0.9164372 0.1889908 -0.3527398
vn 0.9212795 0.08275688 -0.379994
vn 0.9376437 0.05652247 -0.3429716
vn 0.9329643 0.02840024 -0.3588466
vn -0.2967063 0.1418702 -0.9443719
vn -0.01975271 0.3157642 -0.9486321
vn -0.01975271 0.3157642 -0.9486321
vn -0.04739521 0.6273635 -0.7772829
vn -0.01975271 0.3157642 -0.9486321
vn 0.02292277 0.8676848 -0.4965858
vn -0.9400873 0.3072025 -0.1478593
vn -0.9852718 -0.1605932 0.05873183
vn -0.9967956 0.0677463 -0.04253108
vn -0.9852715 -0.1605949 0.05873191
vn -0.969393 -0.2287675 0.08912182
vn -0.9693925 -0.2287693 0.08912233
vn -0.9693925 -0.2287693 0.08912233
vn -0.9693921 -0.228771 0.08912285
vn -0.9990947 0.03280264 -0.02708586
vn -0.8116156 0.5674328 -0.1389246
vn -0.9457427 0.292521 -0.1414291
vn -0.9967956 0.0677463 -0.04253108
vn -0.9169096 -0.3690545 0.1519067
vn -0.9990947 0.03280264 -0.02708586
vn -0.9497485 -0.290452 0.1166852
vn -0.9457427 0.292521 -0.1414291
vn -0.9797477 -0.1873564 0.07065333
vn -0.9912594 0.1155642 -0.06363711
vn -0.9948907 0.08708794 -0.05107109
vn -0.9802382 -0.185147 0.06966832
vn -0.9852475 -0.1607206 0.05878983
vn -0.9991183 0.03227296 -0.02685226
vn -0.9964647 0.07146184 -0.04417293
vn -0.9984641 -0.05420479 0.01145296
vn -0.994244 -0.1020312 0.03268553
vn -0.9807169 0.1738341 -0.08930904
vn -0.9984641 -0.05420479 0.01145296
vn -0.9912594 0.1155642 -0.06363711
vn -0.9807169 0.1738341 -0.08930904
vn -0.9797477 -0.1873564 0.07065333
vn -0.9802382 -0.185147 0.06966832
vn -0.9964647 0.07146184 -0.04417293
vn -0.9991183 0.03227296 -0.02685226
vn -0.994244 -0.1020312 0.03268553
vn -0.9378995 0.3126775 -0.1502571
vn -0.9948907 0.08708794 -0.05107109
vn -0.9378985 0.3126808 -0.150257
vn -0.9852475 -0.1607206 0.05878983
vn 0.4836471 0.4047318 0.7760655
vn 0.7717014 0.3429119 0.5356197
vn 0.4492796 0.4526772 0.7702149
vn 0.3899091 0.5149486 0.7634126
vn 0.3652459 0.4815592 0.7966783
vn 0.3272591 0.5090078 0.7961234
vn 0.09936534 0.4464682 0.8892654
vn 0.2621543 0.6193056 0.7400917
vn 0.7119657 0.3630885 0.6010588
vn 0.3982 0.4563617 0.7957203
vn 0.4609408 0.4289038 0.776901
vn 0.4836471 0.4047318 0.7760655
vn 0.3089579 0.5202822 0.7961479
vn 0.2621543 0.6193056 0.7400917
vn -0.03924363 0.4820815 0.875247
vn 0.1919854 0.7163332 0.6708266
vn -0.06252494 0.4214334 0.9047014
vn -0.9468911 -0.1489231 0.2849894
vn -0.9642929 -0.2252832 0.1392358
vn -0.9699645 -0.1892009 0.1528785
vn -0.9139533 0.02177107 0.4052349
vn -0.8325096 0.1524186 0.5326316
vn -0.8981078 0.1252099 0.4215742
vn -0.9443706 0.0852995 0.3176289
vn -0.9481456 0.1054676 0.2998276
vn -0.9553901 0.0930851 0.2802941
vn 0.99864 -0.04796274 -0.02044037
vn 0.9903303 -0.1113154 0.08279267
vn 0.9841558 -0.1496688 0.09506244
vn 0.9740841 -0.1890406 0.1241919
vn 0.9996549 0.0221686 -0.01409099
vn 0.9959633 0.08929175 -0.009156357
vn 0.1005178 0.6586337 0.7457196
vn 0.1988951 0.6173628 0.7611201
vn 0.1678973 0.6638422 0.7287826
vn 0.06250845 0.6943723 0.7168959
vn 0.04383391 0.7042057 0.7086416
vn 0.04713908 0.7276388 0.6843387
vn 0.3418429 0.6860754 0.6422179
vn 0.2054488 0.5965601 0.7758265
vn 0.1946369 0.5503217 0.8119498
vn 0.1746728 0.529029 0.8304324
vn 0.1863739 0.4948131 0.8487784
vn 0.1848074 0.4774573 0.8589999
vn 0.2665722 0.4253843 0.8648626
vn 0.3263811 0.4220008 0.8458077
vn 0.4395054 0.4253684 0.7911364
vn 0.4447173 0.4456564 0.7769278
vn 0.4160056 0.6303275 0.6554591
vn 0.5198939 0.4393354 0.7325945
vn 0.4213987 0.4551592 0.7843809
vn 0.4642994 0.4512275 0.7621153
vn 0.4948006 0.4700333 0.7309179
vn 0.4123535 0.4551376 0.7891859
vn 0.317212 0.4411314 0.8395116
vn 0.01269022 0.3557299 0.9345027
vn 0.5665526 0.4117875 0.713757
vn 0.3363242 0.4443181 0.8303418
vn 0.3278812 0.4379993 0.8370488
vn 0.2154742 0.5463121 0.8093911
vn 0.9960975 0.08714269 -0.01400169
vn 0.9996549 0.0221686 -0.01409099
vn 0.8514437 0.2989704 0.4308832
vn 0.9468396 0.2038651 0.248865
vn 0.9868644 0.02014514 -0.1602899
vn 0.9963472 0.06992938 -0.04901189
vn 0.317212 0.4411314 0.8395116
vn 0.3915881 0.4685696 0.7918972
vn 0.4313664 0.5516941 0.7138324
vn 0.1270152 0.4515609 0.8831534
vn 0.3868372 0.6789907 0.623962
vn 0.3668352 0.7144061 0.5958658
vn 0.2700219 0.7448586 0.6101424
vn 0.2752307 0.6693838 0.6900532
vn 0.4638812 0.6278923 0.6249524
vn 0.4160056 0.6303275 0.6554591
vn 0.6449559 0.4356165 0.6279092
vn 0.7067066 0.3742205 0.6004372
vn 0.4160056 0.6303275 0.6554591
vn 0.4681113 0.4631433 0.7525758
vn 0.5847765 0.3596124 0.7271281
vn 0.4710614 0.4401281 0.7644529
vn 0.3694339 0.525874 0.766143
vn -0.0155594 0.8942446 -0.4473082
vn -0.06438362 0.8581818 -0.5092924
vn -0.06438362 0.8581818 -0.5092924
vn -0.1127233 0.8156601 -0.5674435
vn -0.6398838 0.07306545 0.7649903
vn -0.9642929 -0.2252832 0.1392358
vn -0.8594217 -0.08185521 0.5046722
vn -0.4786102 0.05999502 0.8759754
vn -0.4383497 0.1723654 0.8821222
vn -0.2166869 0.3343453 0.9172022
vn 0.9841558 -0.1496688 0.09506244
vn 0.9740841 -0.1890406 0.1241919
vn 0.9723074 -0.2010343 0.1191793
vn 0.9648412 -0.1848792 0.1868183
vn -0.3898032 -0.005255233 0.9208831
vn -0.4383497 0.1723654 0.8821222
vn -0.141237 0.4178595 0.8974662
vn -0.1236746 0.04492535 0.9913053
vn -0.2133307 0.1442377 0.9662741
vn -0.02190141 -0.4596959 0.8878063
vn -0.1632876 -0.3077074 0.9373651
vn -0.2154746 -0.1903348 0.9577804
vn 0.9723074 -0.2010343 0.1191793
vn 0.9648412 -0.1848792 0.1868183
vn 0.9585565 -0.2112654 0.1911445
vn 0.9362425 -0.208964 0.2824609
vn 0.9374202 0.008367266 0.3480996
vn -0.1632876 -0.3077074 0.9373651
vn -0.2133307 0.1442377 0.9662741
vn -0.2154746 -0.1903348 0.9577804
vn 0.9374202 0.008367266 0.3480996
vn 0.9126 0.07100813 0.40264
vn 0.9362425 -0.208964 0.2824609
vn 0.3229885 0.4592107 0.827529
vn 0.2539757 0.4780722 0.8407992
vn 0.3260629 0.4798787 0.8144933
vn 0.2621244 0.4869781 0.8331525
vn 0.2851426 0.4512452 0.8456189
vn 0.4204754 0.407487 0.8106508
vn 0.4317374 0.4301738 0.7928137
vn 0.5379475 0.3521565 0.7658969
vn 0.4053386 0.4852675 0.774736
vn 0.3412389 0.5170403 0.7850002
vn 0.3724073 0.5063561 0.7777636
vn 0.2919313 0.5539544 0.7796863
vn 0.2662781 0.5438476 0.7958177
vn 0.2767994 0.5648902 0.7773552
vn -0.05206618 0.4438024 0.8946109
vn 0.2830402 0.5497795 0.7858949
vn 0.4308232 0.4257028 0.7957187
vn 0.08747752 0.4901842 0.8672181
vn 0.2557729 0.5243354 0.81219
vn 0.08979209 0.2892265 0.9530401
vn 0.4262275 0.06870939 0.9020028
vn -0.180852 0.2865436 0.9408429
vn 0.9036832 -0.09633019 0.4172256
vn 0.9725444 -0.1078282 0.2062289
vn 0.8055106 0.1909019 0.5609895
vn 0.9302729 -0.08636561 0.3565574
vn 0.9837366 -0.1673322 0.0652862
vn 0.9766878 -0.1945397 -0.0907476
vn 0.5461173 0.2396481 0.8026984
vn 0.6704915 0.2587789 0.6953234
vn 0.7242029 0.257606 0.6396635
vn -0.8590218 0.2494536 0.4470509
vn -0.7841454 0.1728215 0.5960274
vn -0.8399981 0.2022041 0.5035044
vn -0.7726073 0.1459579 0.6178789
vn -0.7190416 0.1394046 0.6808417
vn -0.6824396 0.1349726 0.7183722
vn -0.8277678 0.3083094 0.4687706
vn -0.8698919 0.2921041 0.3974459
vn -0.7503182 0.3560576 0.556997
vn -0.377207 0.4557501 0.8062299
vn -0.5325394 0.2425482 0.8109083
vn -0.6040236 0.1163643 0.7884255
vn -0.5590016 0.09885167 0.823253
vn -0.187535 0.3942481 0.8996661
vn -0.180852 0.2865436 0.9408429
vn -0.1590509 0.3795102 0.9114136
vn -0.2588852 0.1891111 0.9472145
vn 0.9766878 -0.1945397 -0.0907476
vn 0.9602062 -0.1744698 -0.2180923
vn 0.9556843 -0.2126872 -0.2035477
vn 0.98157 -0.1334383 -0.1368016
vn 0.9837366 -0.1673322 0.0652862
vn -0.180852 0.2865436 0.9408429
vn 0.08979209 0.2892265 0.9530401
vn -0.03784257 0.3606322 0.9319402
vn 0.2804703 0.2850138 0.9165717
vn 0.586388 0.009866458 0.8099702
vn 0.5461173 0.2396481 0.8026984
vn 0.6481004 -0.1768068 0.7407463
vn 0.9036832 -0.09633019 0.4172256
vn 0.7724846 -0.1437934 0.6185394
vn 0.9918314 -0.07638208 -0.1021577
vn 0.9063357 -0.1611519 -0.3906221
vn 0.9545503 -0.1351857 -0.2656288
vn 0.9968981 0.008745989 0.07821684
vn 0.9602062 -0.1744698 -0.2180923
vn 0.98157 -0.1334383 -0.1368016
vn 0.9545503 -0.1351857 -0.2656288
vn 0.9063357 -0.1611519 -0.3906221
vn 0.6912771 -0.3004031 -0.6571864
vn 0.5276976 0.4334536 0.7305157
vn 0.3534269 0.4870524 0.7986673
vn 0.2418703 0.5254685 0.8157092
vn 0.3549525 0.4707849 0.8076944
vn 0.3324305 0.5109897 0.7927039
vn 0.3033584 0.5481109 0.7794537
vn -0.04183449 0.4199622 0.9065768
vn 0.3051363 0.578571 0.7564043
vn -0.03784257 0.3606322 0.9319402
vn 0.07040933 0.4088231 0.9098936
vn 0.3875049 0.6006904 0.6992931
vn 0.2804703 0.2850138 0.9165717
vn 0.2734393 0.5971308 0.7540992
vn 0.4311086 0.312802 0.8463452
vn 0.3015611 0.5154639 0.8020959
vn 0.4889551 0.4151299 0.7671962
vn 0.1577321 0.4745797 0.8659645
vn 0.300347 0.4606036 0.8352461
vn 0.3524786 0.5029855 0.7891543
vn 0.1634902 0.6366724 0.7536041
vn 0.128509 0.4927387 0.8606358
vn 0.1458023 0.5878791 0.7957008
vn 0.6108238 0.3557772 0.7073309
vn 0.5276976 0.4334536 0.7305157
vn 0.364056 0.4774889 0.7996671
vn 0.6559237 0.3319505 0.6779181
vn 0.3711422 0.4592941 0.807033
vn 0.3015611 0.5154639 0.8020959
vn 0.6286424 0.3296029 0.7043939
vn 0.3805861 0.5740719 0.7249798
vn 0.304274 0.5749049 0.7595404
vn 0.1248371 0.6026796 0.7881579
vn 0.304274 0.5749049 0.7595404
vn 0.4681113 0.4631433 0.7525758
vn -0.05176621 0.6598459 0.7496156
vn -0.2257249 0.7366915 0.6374433
vn 0.2438207 0.7239105 0.645372
vn -0.02179817 0.8602718 0.5093695
vn 0.02059426 0.6111256 0.7912656
vn 0.2438207 0.7239105 0.645372
vn -0.1897561 0.6495234 0.7362825
vn 0.02059426 0.6111256 0.7912656
vn -0.2257249 0.7366915 0.6374433
vn 0.2042499 0.502474 0.8401201
vn 0.2042499 0.502474 0.8401201
vn 0.4021118 0.4295197 0.8085908
vn 0.4339175 0.4752757 0.7653945
vn 0.4242023 0.4720658 0.7727913
vn 0.4626674 0.5355268 0.7065054
vn 0.417463 0.5005678 0.7583908
vn 0.3005694 0.4959144 0.8146945
vn 0.1862598 0.4616616 0.8672807
vn 0.08913462 0.6766557 0.7308844
vn 0.3524786 0.5029855 0.7891543
vn 0.3735993 0.5133088 0.7726175
vn 0.4038899 0.4957934 0.7688056
vn 0.1458023 0.5878791 0.7957008
vn 0.4005311 0.4884142 0.775259
vn 0.4159564 0.4783647 0.7733999
vn 0.3926834 0.4827675 0.7827742
vn 0.2662365 0.503092 0.8222023
vn 0.265835 0.5232189 0.8096751
vn 0.265835 0.5232189 0.8096751
vn 0.1288577 0.493935 0.8598976
vn 0.08967581 0.4473743 0.8898396
vn -0.2956222 0.3162273 0.9014476
vn 0.1862598 0.4616616 0.8672807
vn -0.2355277 0.4245229 0.8742465
vn 0.6620932 -0.6719249 -0.3318877
vn 0.57055 -0.8104211 -0.1330049
vn 0.642062 -0.7107754 -0.2873233
vn 0.5080953 -0.8609865 -0.0232655
vn 0.6846812 -0.6143714 -0.392122
vn 0.6914646 -0.5975144 -0.4060211
vn 0.7072988 -0.5284597 -0.4695304
vn 0.4375792 -0.8951735 0.08478671
vn 0.4375777 -0.8951809 0.08471589
vn 0.7129708 -0.4741101 -0.5166162
vn 0.7721741 -0.3767268 -0.5116875
vn 0.7127657 -0.4072582 -0.5710568
vn 0.8233211 -0.3329228 -0.4596789
vn 0.9089586 -0.2594097 -0.3263449
vn 0.3601087 0.5140779 0.7784893
vn 0.3405579 0.5310251 0.7759077
vn 0.3392643 0.5267913 0.7793527
vn 0.3673989 0.5311772 0.7634584
vn 0.4240852 0.5425433 0.7251197
vn 0.5698642 0.5221463 0.6345219
vn 0.7168547 0.4775758 0.507977
vn 0.3208241 0.5299264 0.7850159
vn 0.08861894 0.5534897 0.8281279
vn 0.3153924 0.4694073 0.824733
vn -0.1073356 0.5285571 0.8420845
vn 0.2412122 0.4561832 0.8565708
vn -0.2186184 0.5512572 0.8051842
vn -0.66585 0.4590786 0.5881246
vn -0.2248161 0.5305433 0.8173014
vn -0.3318177 0.7522672 0.5692021
vn -0.7194309 0.4022833 0.5662042
vn -0.6937986 0.4320564 0.576169
vn -0.7183675 0.3644825 0.5925375
vn -0.7139493 0.3432793 0.6102751
vn -0.7056298 0.2746317 0.6531952
vn -0.5293474 0.323539 0.784292
vn -0.6773617 0.1318454 0.7237389
vn -0.2956222 0.3162273 0.9014476
vn -0.4891251 0.5056107 0.710714
vn -0.3841999 0.8560231 0.3458537
vn -0.3014722 0.5216964 0.7980899
vn 0.2412122 0.4561832 0.8565708
vn -0.2248161 0.5305433 0.8173014
vn -0.4440355 0.7435902 0.499906
vn -0.2823265 0.958689 0.03474677
vn -0.5233257 0.8466559 0.09645705
vn -0.3731778 0.9103076 -0.1791043
vn -0.8469271 0.4091934 0.3395222
vn -0.9170231 0.3085685 0.2526939
vn -0.9178654 0.3154622 0.240846
vn -0.7575157 0.5278865 0.3840649
vn -0.7085506 0.636985 0.3036548
vn -0.5223258 0.6354918 0.5686177
vn -0.7575157 0.5278865 0.3840649
vn -0.7775968 0.5984007 0.1930285
vn -0.6865169 0.6066512 0.4008354
vn -0.710241 0.6893088 -0.1428675
vn -0.6662787 0.6642928 -0.3388034
vn -0.3521397 0.6658293 -0.6577757
vn -0.366209 0.6726826 0.6429535
vn -0.6811292 0.4764479 0.5559321
vn 0.01961734 0.8043228 -0.5938686
vn 0.6305621 0.4679987 -0.6191677
vn 0.2277928 0.7240456 -0.6510518
vn 0.8022698 0.2656462 -0.5345984
vn -0.425481 0.8409145 -0.334408
vn -0.5339642 0.8454644 0.008508008
vn -0.6573949 0.6720259 0.3409004
vn -0.7135299 0.5814146 0.3909374
vn 0.8873774 0.03898502 -0.4593926
vn 0.9278551 0.07101511 -0.3661171
vn 0.03068188 0.5728321 0.8190982
vn -0.7135299 0.5814146 0.3909374
vn -0.2948802 0.7267832 0.6203483
vn -0.8849678 0.3652557 0.2888259
vn -0.7135299 0.5814146 0.3909374
vn -0.7590148 0.4862891 0.4329197
vn -0.1464384 0.3815034 0.9126943
vn -0.2956222 0.3162273 0.9014476
vn -0.648865 0.02765773 0.7604008
vn -0.6773617 0.1318454 0.7237389
vn 0.2438207 0.7239105 0.645372
vn 0.3711422 0.4592941 0.807033
vn 0.1634902 0.6366724 0.7536041
vn 0.4985573 0.846626 -0.1861856
vn 0.200995 0.9425418 -0.2668632
vn 0.2838903 0.9588568 -0.0002713312
vn 0.3138051 0.9045216 0.2887335
vn 0.05088087 0.9840935 -0.1702087
vn 0.1802622 0.9599243 -0.2145943
vn 0.1106064 0.9929798 -0.04192073
vn 0.08737466 0.9697223 0.2280444
vn 0.3051524 0.8940844 0.3278645
vn -0.1175916 0.9916435 -0.05306017
vn -0.1980713 0.8649591 0.4611005
vn -0.05690514 0.7056617 0.7062601
vn 0.264258 0.7785236 0.5692704
vn 0.5201011 0.8168494 0.2495034
vn 0.8406441 0.5195144 0.1530437
vn -0.02280685 0.9783626 0.2056365
vn -0.0247174 0.9955971 -0.09041919
vn 0.3393271 0.7786331 0.527814
vn 0.1602859 0.7891814 0.5928753
vn 0.08282971 0.9484562 0.3058923
vn 0.1602859 0.7891814 0.5928753
vn -0.2141302 0.7196972 0.6604424
vn -0.03078136 0.7677941 0.6399569
vn 0.03499936 0.9908034 0.1307046
vn -0.644291 0.3556305 0.6770642
vn -0.9221259 -0.1461743 0.3582133
vn -0.756179 0.2296415 0.6127464
vn -0.05690514 0.7056617 0.7062601
vn -0.644291 0.3556305 0.6770642
vn -0.2339106 0.7762653 0.5854042
vn -0.756179 0.2296415 0.6127464
vn 0.9515963 0.3007036 -0.06357564
vn 0.8406441 0.5195144 0.1530437
vn 0.803961 0.5761983 -0.1471129
vn 0.6137072 0.6955811 0.3735377
vn 0.2975568 0.9372565 -0.181687
vn 0.2813721 0.7922096 -0.5415107
vn 0.2813721 0.7922096 -0.5415107
vn 0.3196011 0.7721135 -0.5492685
vn 0.3101898 0.9304235 0.1951781
vn 0.07568448 0.8573554 0.5091302
vn 0.4037627 0.9056712 0.1293653
vn 0.4142578 0.7890705 0.4536057
vn 0.4142578 0.7890705 0.4536057
vn 0.477896 0.5707079 0.6677634
vn -0.1632423 0.9193597 0.3579521
vn -0.5957404 0.6777612 0.4309676
vn -0.5957404 0.6777612 0.4309676
vn -0.2580574 0.9452644 0.1997038
vn -0.3072689 0.9423978 -0.1321827
vn -0.3575937 0.9246068 -0.1312586
vn -0.4181505 0.9046326 0.08240203
vn -0.3575937 0.9246068 -0.1312586
vn -0.1162197 0.9737717 -0.1956056
vn -0.3006825 0.9453698 -0.1259595
vn -0.05749422 0.9847622 0.1641276
vn 0.1393568 0.9332762 -0.3310214
vn 0.02624874 0.9627452 -0.2691332
vn 0.09192306 0.9364393 -0.338573
vn -0.2453079 0.9221509 0.2991019
vn -0.1162197 0.9737717 -0.1956056
vn 0.1089053 0.9838042 0.1423693
vn 0.603179 0.5807349 0.5467377
vn 0.08551197 0.6718457 0.7357385
vn 0.05952837 0.9065555 0.417868
vn 0.3626633 0.6427509 0.6747938
vn 0.09921651 0.6590049 0.7455659
vn 0.4177616 0.6435675 0.6413236
vn 0.3502015 0.6565978 0.6680107
vn 0.4167087 0.6454777 0.6400878
vn 0.2697265 0.6773858 0.6843948
vn 0.3502015 0.6565978 0.6680107
vn -0.1061331 0.6780086 0.7273514
vn 0.1675705 0.830954 0.5305051
vn -0.3427234 0.8492947 0.4015459
vn -0.1061331 0.6780086 0.7273514
vn -0.6416098 0.4504644 0.6208209
vn -0.3839383 0.7571812 0.5284581
vn -0.4030051 0.5851627 0.7036843
vn -0.587256 0.735673 0.3375138
vn 0.768274 0.4976988 0.4025554
vn 0.603179 0.5807349 0.5467377
vn 0.7971039 0.4594296 0.3918543
vn 0.3626633 0.6427509 0.6747938
vn -0.1094286 0.9391168 0.3257069
vn -0.2848132 0.9584708 -0.01467295
vn -0.222677 0.9679443 0.116184
vn -0.2309093 0.9718572 -0.04663083
vn -0.1969112 0.978273 -0.06486827
vn -0.2453097 0.9340837 0.2594432
vn 0.1102728 0.8730485 0.4750013
vn 0.09590807 0.7657313 0.6359696
vn 0.4225323 0.7877932 0.4481613
vn 0.001456277 0.9939321 0.1099854
vn 0.02482929 0.9986489 0.04564858
vn 0.09966107 0.8695795 0.4836313
vn 0.7745557 0.5401745 0.3290516
vn 0.4225323 0.7877932 0.4481613
vn 0.6127126 0.7030553 0.3609662
vn -0.2967691 0.8643675 0.4059519
vn -0.5626798 0.5318487 0.6328732
vn -0.3226925 0.9442122 0.06582462
vn 0.01207975 0.6363166 0.7713334
vn -0.3255059 0.6401765 0.6958592
vn 0.2845351 0.83799 0.4656313
vn 0.01207975 0.6363166 0.7713334
vn -0.2967691 0.8643675 0.4059519
vn 0.5744706 0.6646809 0.4776849
vn 0.8991198 0.4369255 0.0260684
vn 0.855076 0.5003606 0.1359576
vn 0.9392944 0.1453167 -0.3108201
vn 0.5744706 0.6646809 0.4776849
vn 0.6759135 0.7295913 0.1041036
vn 0.855076 0.5003606 0.1359576
vn 0.4106284 0.694802 0.5904527
vn 0.2554724 0.3259424 0.9102172
vn 0.2943217 0.2814275 0.9133309
vn 0.2572255 0.2934977 0.9207031
vn 0.3285286 0.2900857 0.8988432
vn 0.3702272 0.3190249 0.8724419
vn 0.3951439 0.3044576 0.8666988
vn 0.4504984 0.2536571 0.8559843
vn 0.4057322 0.3012112 0.8629329
vn 0.3868398 0.3462191 0.8546855
vn 0.2367801 0.4799763 0.8447236
vn -0.1187979 0.8011516 -0.586552
vn -0.4578857 0.6854119 -0.5661725
vn -0.2736901 0.7236269 -0.633607
vn 0.03200461 0.8243724 -0.5651423
vn 0.09779982 0.8481088 -0.5207176
vn 0.1134551 0.8369569 -0.5353794
vn 0.09894677 0.8264945 -0.5541809
vn -0.4881873 0.7710479 -0.4088498
vn -0.5214902 0.8080484 -0.2740544
vn -0.3560036 0.9326371 -0.05873184
vn 0.2787078 0.5598784 0.7802936
vn 0.2499611 0.5447525 0.8004775
vn 0.06298399 0.8683149 0.4919981
vn -0.0928371 0.9169432 0.3880676
vn 0.2286108 0.8778624 0.4208263
vn 0.3477934 0.5563755 0.754643
vn 0.3230684 0.8742782 0.3623043
vn 0.3470539 0.5683921 0.7459787
vn 0.3364577 0.790213 0.5122106
vn 0.3320897 0.5930166 0.7335173
vn -0.1841959 0.979108 0.08613557
vn -0.0247556 0.9904965 0.1352919
vn -0.1951705 0.9780005 0.07364445
vn 0.1430111 0.9755315 0.1669916
vn -0.1835774 0.9717327 -0.1484413
vn -0.06097689 0.9425339 -0.3284993
vn 0.05896895 0.9980291 -0.02146161
vn 0.2427828 0.8617803 -0.4454112
vn 0.2225911 0.9617018 -0.1599465
vn 0.09731934 0.9945536 -0.03731
vn 0.05688365 0.9854461 0.1601878
vn 0.04198964 0.999111 -0.003747406
vn 0.1923186 0.9759315 -0.1028168
vn 0.2276787 0.9655838 -0.1257384
vn 0.04910488 0.9706081 0.2356031
vn 0.4418818 0.8954121 -0.05456781
vn -0.1366289 0.8215389 0.5535399
vn -0.1688621 0.8260393 0.5377218
vn 0.05241298 0.9871918 0.1506826
vn -0.184895 0.8278815 0.5295526
vn 0.318306 0.9213844 0.223007
vn 0.3015315 0.9365252 0.1788831
vn 0.251652 0.9518262 0.1752088
vn -0.9128841 0.179302 -0.3667333
vn -0.9532689 0.2119906 -0.2152634
vn -0.8563185 0.4192896 -0.301521
vn -0.8944336 0.4251913 -0.1385676
vn -0.8767304 0.2886977 -0.3847042
vn -0.8953453 0.1682604 -0.4123654
vn -0.9532689 0.2119906 -0.2152634
vn -0.9675592 0.2331315 -0.0973607
vn -0.8944336 0.4251913 -0.1385676
vn -0.9146036 0.4026054 -0.03753814
vn -0.8406197 0.53848 -0.05829081
vn -0.7160523 0.6647485 -0.2130223
vn -0.8563185 0.4192896 -0.301521
vn -0.9152833 0.4024757 0.01642636
vn -0.7120611 0.6247102 -0.3204781
vn -0.8767304 0.2886977 -0.3847042
vn -0.0944338 0.7770456 -0.6223202
vn 0.5016521 0.5673998 -0.6529951
vn 0.2460368 0.7135571 -0.6559743
vn 0.4669571 0.8486999 -0.2483132
vn 0.5637526 0.5904545 -0.5775348
vn 0.1001713 0.7374855 -0.6678928
vn -0.2356556 0.7945931 -0.5595429
vn 0.2302563 0.6888193 -0.6873937
vn 0.2679971 0.8677511 -0.4185518
vn -0.07856454 0.9598724 -0.2692073
vn 0.2460368 0.7135571 -0.6559743
vn 0.3864051 0.4379506 0.8117207
vn 0.3904575 0.4347412 0.8115066
vn 0.3904575 0.4347412 0.8115066
vn 0.3944996 0.4315202 0.8112708
vn 0.3025406 0.7403821 0.6002529
vn 0.3155936 0.7256666 0.6113989
vn 0.3155936 0.7256666 0.6113989
vn 0.3284853 0.7105802 0.6222324
vn -0.8147281 0.5743353 0.07973191
vn -0.814729 0.5743338 0.0797319
vn -0.814729 0.5743338 0.0797319
vn -0.81473 0.5743325 0.0797319
vn 0.3206649 0.5590259 0.7646334
vn 0.3181 0.5633238 0.7625475
vn 0.2425613 0.7869934 0.5672789
vn 0.2376302 0.7994636 0.5517156
vn 0.049104 0.9963403 0.06996471
vn 0.05336585 0.9947995 0.08675314
vn -0.04956598 0.9817318 -0.1837003
vn -0.04832347 0.9819733 -0.1827386
g Church_mesh_0
f 3/3/3 2/2/2 1/1/1
f 4/4/4 2/2/2 3/3/3
f 7/7/7 6/6/6 5/5/5
f 8/8/8 6/6/6 7/7/7
f 11/11/11 10/10/10 9/9/9
f 12/12/12 11/11/11 9/9/9
f 13/13/13 11/11/11 12/12/12
f 14/14/14 11/11/11 13/13/13
f 17/17/17 16/16/16 15/15/15
f 18/18/18 16/16/16 17/17/17
f 21/21/21 20/20/20 19/19/19
f 22/22/22 20/20/20 21/21/21
f 25/25/25 24/24/24 23/23/23
f 26/26/26 24/24/24 25/25/25
f 29/29/29 28/28/28 27/27/27
f 30/30/30 28/28/28 29/29/29
f 33/33/33 32/32/32 31/31/31
f 34/34/34 32/32/32 33/33/33
f 37/37/37 36/36/36 35/35/35
f 40/40/40 39/39/39 38/38/38
f 43/43/43 42/42/42 41/41/41
f 44/44/44 42/42/42 43/43/43
f 47/47/47 46/46/46 45/45/45
f 48/48/48 46/46/46 47/47/47
f 51/51/51 50/50/50 49/49/49
f 52/52/52 50/50/50 51/51/51
f 55/55/55 54/54/54 53/53/53
f 57/57/57 54/54/54 56/56/56
f 60/60/60 59/59/59 58/58/58
f 61/61/61 59/59/59 60/60/60
f 64/64/64 63/63/63 62/62/62
f 65/65/65 63/63/63 64/64/64
f 68/68/68 67/67/67 66/66/66
f 69/69/69 67/67/67 68/68/68
f 72/72/72 71/71/71 70/70/70
f 75/75/75 74/74/74 73/73/73
f 78/78/78 77/77/77 76/76/76
f 79/79/79 77/77/77 78/78/78
f 77/77/77 80/80/80 76/76/76
f 76/76/76 80/80/80 81/81/81
f 82/82/82 79/79/79 78/78/78
f 83/83/83 79/79/79 82/82/82
f 82/82/82 84/84/84 83/83/83
f 85/85/85 84/84/84 82/82/82
f 86/86/86 84/84/84 85/85/85
f 86/86/86 87/87/87 84/84/84
f 88/88/88 87/87/87 86/86/86
f 89/89/89 86/86/86 85/85/85
f 89/89/89 85/85/85 90/90/90
f 90/90/90 85/85/85 91/91/91
f 90/90/90 91/91/91 92/92/92
f 92/92/92 91/91/91 93/93/93
f 93/93/93 94/94/94 92/92/92
f 92/92/92 94/94/94 95/95/95
f 98/98/98 97/97/97 96/96/96
f 99/99/99 97/97/97 98/98/98
f 98/98/98 96/96/96 100/100/100
f 100/100/100 96/96/96 101/101/101
f 100/100/100 101/101/101 102/102/102
f 102/102/102 101/101/101 103/103/103
f 102/102/102 103/103/103 104/104/104
f 104/104/104 103/103/103 105/105/105
f 104/104/104 105/105/105 106/106/106
f 106/106/106 105/105/105 107/107/107
f 110/110/110 109/109/109 108/108/108
f 111/111/111 109/109/109 110/110/110
f 110/110/110 108/108/108 112/112/112
f 115/115/115 114/114/114 113/113/113
f 116/116/116 114/114/114 115/115/115
f 116/116/116 117/117/117 114/114/114
f 118/118/118 117/117/117 116/116/116
f 115/115/115 113/113/113 119/119/119
f 119/119/119 113/113/113 120/120/120
f 118/118/118 121/121/121 117/117/117
f 122/122/122 121/121/121 118/118/118
f 122/122/122 123/123/123 121/121/121
f 124/124/124 123/123/123 122/122/122
f 124/124/124 125/125/125 123/123/123
f 126/126/126 125/125/125 124/124/124
f 126/126/126 127/127/127 125/125/125
f 128/128/128 127/127/127 126/126/126
f 131/131/131 130/130/130 129/129/129
f 134/134/134 133/133/133 132/132/132
f 134/134/134 132/132/132 135/135/135
f 135/135/135 132/132/132 136/136/136
f 139/139/139 138/138/138 137/137/137
f 142/142/142 141/141/141 140/140/140
f 143/143/143 141/141/141 142/142/142
f 144/144/144 143/143/143 142/142/142
f 145/145/145 143/143/143 144/144/144
f 144/144/144 146/146/146 145/145/145
f 149/149/149 148/148/148 147/147/147
f 152/152/152 151/151/151 150/150/150
f 155/155/155 154/154/154 153/153/153
f 156/156/156 154/154/154 155/155/155
f 159/159/159 158/158/158 157/157/157
f 160/160/160 158/158/158 159/159/159
f 163/163/163 162/162/162 161/161/161
f 164/164/164 162/162/162 163/163/163
f 164/164/164 165/165/165 162/162/162
f 166/166/166 165/165/165 164/164/164
f 169/169/169 168/168/168 167/167/167
f 170/170/170 168/168/168 169/169/169
f 170/170/170 171/171/171 168/168/168
f 172/172/172 171/171/171 170/170/170
f 172/172/172 173/173/173 171/171/171
f 175/175/175 174/174/174 172/172/172
f 175/175/175 176/176/176 174/174/174
f 177/177/177 176/176/176 175/175/175
f 180/180/180 179/179/179 178/178/178
f 183/183/183 182/182/182 181/181/181
f 185/185/185 184/184/184 181/181/181
f 188/188/188 187/187/187 186/186/186
f 189/189/189 187/187/187 188/188/188
f 192/192/192 191/191/191 190/190/190
f 193/193/193 191/191/191 192/192/192
f 194/194/194 191/191/191 193/193/193
f 195/195/195 191/191/191 194/194/194
f 196/196/196 195/195/195 194/194/194
f 197/197/197 195/195/195 196/196/196
f 200/200/200 199/199/199 198/198/198
f 201/201/201 198/198/198 199/199/199
f 202/202/202 198/198/198 201/201/201
f 203/203/203 199/199/199 200/200/200
f 206/206/206 205/205/205 204/204/204
f 207/207/207 205/205/205 206/206/206
f 206/206/206 204/204/204 208/208/208
f 208/208/208 204/204/204 209/209/209
f 206/206/206 210/210/210 207/207/207
f 207/207/207 210/210/210 211/211/211
f 206/206/206 212/212/212 210/210/210
f 208/208/208 212/212/212 206/206/206
f 213/213/213 210/210/210 212/212/212
f 214/214/214 211/211/211 210/210/210
f 215/215/215 214/214/214 213/213/213
f 214/214/214 210/210/210 216/216/216
f 217/217/217 211/211/211 214/214/214
f 218/218/218 217/217/217 214/214/214
f 218/218/218 214/214/214 219/219/219
f 220/220/220 218/218/218 219/219/219
f 221/221/221 218/218/218 220/220/220
f 222/222/222 221/221/221 220/220/220
f 223/223/223 221/221/221 222/222/222
f 224/224/224 223/223/223 222/222/222
f 225/225/225 223/223/223 224/224/224
f 225/225/225 226/226/226 223/223/223
f 227/227/227 226/226/226 225/225/225
f 226/226/226 228/228/228 223/223/223
f 223/223/223 228/228/228 221/221/221
f 221/221/221 229/229/229 218/218/218
f 228/228/228 229/229/229 221/221/221
f 229/229/229 217/217/217 218/218/218
f 230/230/230 225/225/225 224/224/224
f 231/231/231 225/225/225 230/230/230
f 232/232/232 225/225/225 231/231/231
f 232/232/232 233/233/233 225/225/225
f 233/233/233 227/227/227 225/225/225
f 234/234/234 227/227/227 233/233/233
f 237/237/237 236/236/236 235/235/235
f 238/238/238 236/236/236 237/237/237
f 241/241/241 240/240/240 239/239/239
f 242/242/242 240/240/240 241/241/241
f 243/243/243 242/242/242 241/241/241
f 244/244/244 242/242/242 243/243/243
f 247/247/247 246/246/246 245/245/245
f 248/248/248 246/246/246 247/247/247
f 251/251/251 250/250/250 249/249/249
f 252/252/252 249/249/249 250/250/250
f 253/253/253 252/252/252 250/250/250
f 253/253/253 254/254/254 252/252/252
f 253/253/253 255/255/255 254/254/254
f 254/254/254 255/255/255 256/256/256
f 255/255/255 257/257/257 256/256/256
f 256/256/256 257/257/257 258/258/258
f 261/261/261 260/260/260 259/259/259
f 264/264/264 263/263/263 262/262/262
f 265/265/265 263/263/263 264/264/264
f 266/266/266 265/265/265 264/264/264
f 267/267/267 265/265/265 266/266/266
f 270/270/270 269/269/269 268/268/268
f 271/271/271 270/270/270 268/268/268
f 272/272/272 270/270/270 271/271/271
f 275/275/275 274/274/274 273/273/273
f 278/278/278 277/277/277 276/276/276
f 281/281/281 280/280/280 279/279/279
f 284/284/284 283/283/283 282/282/282
f 285/285/285 283/283/283 284/284/284
f 283/283/283 286/286/286 282/282/282
f 282/282/282 286/286/286 287/287/287
f 288/288/288 285/285/285 284/284/284
f 289/289/289 285/285/285 288/288/288
f 290/290/290 289/289/289 288/288/288
f 291/291/291 289/289/289 290/290/290
f 294/294/294 293/293/293 292/292/292
f 295/295/295 293/293/293 294/294/294
f 293/293/293 296/296/296 292/292/292
f 292/292/292 296/296/296 297/297/297
f 298/298/298 295/295/295 294/294/294
f 299/299/299 295/295/295 298/298/298
f 300/300/300 299/299/299 298/298/298
f 303/303/303 302/302/302 301/301/301
f 304/304/304 302/302/302 303/303/303
f 304/304/304 305/305/305 302/302/302
f 306/306/306 305/305/305 304/304/304
f 309/309/309 308/308/308 307/307/307
f 310/310/310 308/308/308 309/309/309
f 311/311/311 310/310/310 309/309/309
f 312/312/312 310/310/310 311/311/311
f 313/313/313 312/312/312 311/311/311
f 314/314/314 312/312/312 313/313/313
f 315/315/315 314/314/314 313/313/313
f 316/316/316 314/314/314 315/315/315
f 317/317/317 316/316/316 315/315/315
f 318/318/318 316/316/316 317/317/317
f 319/319/319 318/318/318 317/317/317
f 320/320/320 318/318/318 319/319/319
f 323/323/323 322/322/322 321/321/321
f 324/324/324 322/322/322 323/323/323
f 327/327/327 326/326/326 325/325/325
f 328/328/328 326/326/326 327/327/327
f 331/331/331 330/330/330 329/329/329
f 334/334/334 333/333/333 332/332/332
f 337/337/337 336/336/336 335/335/335
f 338/338/338 336/336/336 337/337/337
f 336/336/336 339/339/339 335/335/335
f 342/342/342 341/341/341 340/340/340
f 341/341/341 343/343/343 340/340/340
f 346/346/346 345/345/345 344/344/344
f 349/349/349 348/348/348 347/347/347
f 350/350/350 348/348/348 349/349/349
f 348/348/348 351/351/351 347/347/347
f 347/347/347 351/351/351 352/352/352
f 355/355/355 354/354/354 353/353/353
f 358/358/358 357/357/357 356/356/356
f 359/359/359 357/357/357 358/358/358
f 362/362/362 361/361/361 360/360/360
f 363/363/363 361/361/361 362/362/362
f 366/366/366 365/365/365 364/364/364
f 369/369/369 368/368/368 367/367/367
f 370/370/370 369/369/369 367/367/367
f 373/373/373 372/372/372 371/371/371
f 376/376/376 375/375/375 374/374/374
f 377/377/377 376/376/376 374/374/374
f 378/378/378 376/376/376 377/377/377
f 381/381/381 380/380/380 379/379/379
f 384/384/384 383/383/383 382/382/382
f 385/385/385 383/383/383 384/384/384
f 386/386/386 383/383/383 385/385/385
f 387/387/387 386/386/386 385/385/385
f 388/388/388 386/386/386 387/387/387
f 389/389/389 388/388/388 387/387/387
f 390/390/390 388/388/388 389/389/389
f 393/393/393 392/392/392 391/391/391
f 396/396/396 395/395/395 394/394/394
f 399/399/399 398/398/398 397/397/397
f 400/400/400 398/398/398 399/399/399
f 403/403/403 402/402/402 401/401/401
f 404/404/404 402/402/402 403/403/403
f 407/407/407 406/406/406 405/405/405
f 408/408/408 406/406/406 407/407/407
f 411/411/411 410/410/410 409/409/409
f 412/412/412 410/410/410 411/411/411
f 411/411/411 409/409/409 413/413/413
f 413/413/413 409/409/409 414/414/414
f 417/417/417 416/416/416 415/415/415
f 418/418/418 416/416/416 417/417/417
f 421/421/421 420/420/420 419/419/419
f 422/422/422 420/420/420 421/421/421
f 425/425/425 424/424/424 423/423/423
f 426/426/426 424/424/424 425/425/425
f 429/429/429 428/428/428 427/427/427
f 430/430/430 428/428/428 429/429/429
f 433/433/433 432/432/432 431/431/431
f 434/434/434 432/432/432 433/433/433
f 437/437/437 436/436/436 435/435/435
f 438/438/438 436/436/436 437/437/437
f 439/439/439 438/438/438 437/437/437
f 440/440/440 438/438/438 439/439/439
f 441/441/441 440/440/440 439/439/439
f 442/442/442 440/440/440 441/441/441
f 436/436/436 443/443/443 435/435/435
f 446/446/446 445/445/445 444/444/444
f 449/449/449 448/448/448 447/447/447
f 450/450/450 448/448/448 449/449/449
f 451/451/451 450/450/450 449/449/449
f 454/454/454 453/453/453 452/452/452
f 454/454/454 455/455/455 453/453/453
f 456/456/456 455/455/455 454/454/454
f 456/456/456 457/457/457 455/455/455
f 458/458/458 457/457/457 456/456/456
f 458/458/458 459/459/459 457/457/457
f 460/460/460 459/459/459 458/458/458
f 463/463/463 462/462/462 461/461/461
f 463/463/463 464/464/464 462/462/462
f 461/461/461 462/462/462 465/465/465
f 461/461/461 465/465/465 466/466/466
f 469/469/469 468/468/468 467/467/467
f 469/469/469 467/467/467 470/470/470
f 470/470/470 467/467/467 471/471/471
f 470/470/470 471/471/471 472/472/472
f 472/472/472 471/471/471 473/473/473
f 474/474/474 468/468/468 469/469/469
f 474/474/474 475/475/475 468/468/468
f 476/476/476 475/475/475 474/474/474
f 476/476/476 477/477/477 475/475/475
f 478/478/478 477/477/477 476/476/476
f 478/478/478 479/479/479 477/477/477
f 480/480/480 479/479/479 478/478/478
f 480/480/480 481/481/481 479/479/479
f 482/482/482 481/481/481 480/480/480
f 472/472/472 473/473/473 483/483/483
f 482/482/482 484/484/484 481/481/481
f 484/484/484 485/485/485 481/481/481
f 486/486/486 485/485/485 484/484/484
f 486/486/486 487/487/487 485/485/485
f 486/486/486 488/488/488 487/487/487
f 489/489/489 488/488/488 486/486/486
f 489/489/489 490/490/490 488/488/488
f 484/484/484 491/491/491 486/486/486
f 486/486/486 491/491/491 492/492/492
f 486/486/486 492/492/492 489/489/489
f 489/489/489 492/492/492 493/493/493
f 489/489/489 493/493/493 494/494/494
f 497/497/497 496/496/496 495/495/495
f 497/497/497 495/495/495 498/498/498
f 500/500/500 495/495/495 499/499/499
f 503/503/503 502/502/502 501/501/501
f 503/503/503 504/504/504 502/502/502
f 506/506/506 505/505/505 503/503/503
f 506/506/506 507/507/507 505/505/505
f 508/508/508 507/507/507 506/506/506
f 508/508/508 509/509/509 507/507/507
f 510/510/510 509/509/509 508/508/508
f 513/513/513 512/512/512 511/511/511
f 516/516/516 515/515/515 514/514/514
f 516/516/516 514/514/514 517/517/517
f 520/520/520 519/519/519 518/518/518
f 521/521/521 519/519/519 520/520/520
f 524/524/524 523/523/523 522/522/522
f 527/527/527 526/526/526 525/525/525
f 530/530/530 529/529/529 528/528/528
f 530/530/530 531/531/531 529/529/529
f 534/534/534 533/533/533 532/532/532
f 534/534/534 536/536/536 535/535/535
f 539/539/539 538/538/538 537/537/537
f 542/542/542 541/541/541 540/540/540
f 542/542/542 543/543/543 541/541/541
f 541/541/541 543/543/543 544/544/544
f 547/547/547 546/546/546 545/545/545
f 550/550/550 549/549/549 548/548/548
f 553/553/553 552/552/552 551/551/551
f 554/554/554 552/552/552 553/553/553
f 552/552/552 555/555/555 551/551/551
f 551/551/551 555/555/555 556/556/556
f 551/551/551 556/556/556 557/557/557
f 557/557/557 553/553/553 551/551/551
f 557/557/557 556/556/556 558/558/558
f 559/559/559 553/553/553 557/557/557
f 559/559/559 560/560/560 553/553/553
f 560/560/560 554/554/554 553/553/553
f 561/561/561 560/560/560 559/559/559
f 561/561/561 562/562/562 560/560/560
f 562/562/562 563/563/563 560/560/560
f 563/563/563 554/554/554 560/560/560
f 564/564/564 563/563/563 562/562/562
f 565/565/565 562/562/562 561/561/561
f 566/566/566 564/564/564 562/562/562
f 567/567/567 564/564/564 566/566/566
f 562/562/562 568/568/568 566/566/566
f 569/569/569 568/568/568 562/562/562
f 570/570/570 567/567/567 566/566/566
f 571/571/571 567/567/567 570/570/570
f 566/566/566 572/572/572 570/570/570
f 568/568/568 572/572/572 566/566/566
f 575/575/575 574/574/574 573/573/573
f 577/577/577 574/574/574 576/576/576
f 577/577/577 578/578/578 574/574/574
f 581/581/581 580/580/580 579/579/579
f 584/584/584 583/583/583 582/582/582
f 585/585/585 583/583/583 584/584/584
f 585/585/585 586/586/586 583/583/583
f 587/587/587 586/586/586 585/585/585
f 584/584/584 582/582/582 588/588/588
f 588/588/588 582/582/582 589/589/589
f 588/588/588 589/589/589 590/590/590
f 591/591/591 588/588/588 590/590/590
f 587/587/587 593/593/593 592/592/592
f 594/594/594 593/593/593 587/587/587
f 597/597/597 596/596/596 595/595/595
f 598/598/598 596/596/596 597/597/597
f 601/601/601 600/600/600 599/599/599
f 602/602/602 600/600/600 601/601/601
f 601/601/601 599/599/599 603/603/603
f 606/606/606 605/605/605 604/604/604
f 607/607/607 605/605/605 606/606/606
f 607/607/607 608/608/608 605/605/605
f 609/609/609 608/608/608 607/607/607
f 612/612/612 611/611/611 610/610/610
f 615/615/615 614/614/614 613/613/613
f 615/615/615 613/613/613 616/616/616
f 618/618/618 613/613/613 617/617/617
f 621/621/621 620/620/620 619/619/619
f 624/624/624 623/623/623 622/622/622
f 625/625/625 623/623/623 624/624/624
f 625/625/625 626/626/626 623/623/623
f 627/627/627 626/626/626 625/625/625
f 627/627/627 628/628/628 626/626/626
f 629/629/629 628/628/628 627/627/627
f 629/629/629 630/630/630 628/628/628
f 632/632/632 631/631/631 629/629/629
f 632/632/632 633/633/633 631/631/631
f 634/634/634 633/633/633 632/632/632
f 634/634/634 635/635/635 633/633/633
f 636/636/636 635/635/635 634/634/634
f 636/636/636 637/637/637 635/635/635
f 639/639/639 624/624/624 638/638/638
f 640/640/640 624/624/624 639/639/639
f 639/639/639 638/638/638 641/641/641
f 641/641/641 638/638/638 642/642/642
f 640/640/640 643/643/643 624/624/624
f 646/646/646 645/645/645 644/644/644
f 644/644/644 645/645/645 647/647/647
f 644/644/644 647/647/647 648/648/648
f 651/651/651 650/650/650 649/649/649
f 651/651/651 652/652/652 650/650/650
f 653/653/653 652/652/652 651/651/651
f 656/656/656 655/655/655 654/654/654
f 659/659/659 658/658/658 657/657/657
f 662/662/662 661/661/661 660/660/660
f 665/665/665 664/664/664 663/663/663
f 668/668/668 667/667/667 666/666/666
f 669/669/669 667/667/667 668/668/668
f 669/669/669 668/668/668 670/670/670
f 670/670/670 668/668/668 671/671/671
f 670/670/670 671/671/671 672/672/672
f 672/672/672 671/671/671 673/673/673
f 667/667/667 674/674/674 666/666/666
f 677/677/677 676/676/676 675/675/675
f 677/677/677 679/679/679 678/678/678
f 680/680/680 679/679/679 677/677/677
f 680/680/680 681/681/681 679/679/679
f 681/681/681 682/682/682 679/679/679
f 683/683/683 679/679/679 682/682/682
f 686/686/686 685/685/685 684/684/684
f 687/687/687 685/685/685 686/686/686
f 687/687/687 688/688/688 685/685/685
f 689/689/689 688/688/688 687/687/687
f 692/692/692 691/691/691 690/690/690
f 693/693/693 691/691/691 692/692/692
f 692/692/692 690/690/690 694/694/694
f 694/694/694 690/690/690 695/695/695
f 694/694/694 695/695/695 696/696/696
f 693/693/693 697/697/697 691/691/691
f 698/698/698 697/697/697 693/693/693
f 696/696/696 695/695/695 699/699/699
f 696/696/696 699/699/699 700/700/700
f 700/700/700 699/699/699 701/701/701
f 702/702/702 700/700/700 701/701/701
f 703/703/703 700/700/700 702/702/702
f 706/706/706 705/705/705 704/704/704
f 704/704/704 705/705/705 707/707/707
f 705/705/705 708/708/708 707/707/707
f 707/707/707 708/708/708 709/709/709
f 710/710/710 709/709/709 708/708/708
f 705/705/705 711/711/711 708/708/708
f 708/708/708 711/711/711 712/712/712
f 711/711/711 713/713/713 712/712/712
f 712/712/712 713/713/713 714/714/714
f 713/713/713 715/715/715 714/714/714
f 718/718/718 717/717/717 716/716/716
f 718/718/718 719/719/719 717/717/717
f 721/721/721 717/717/717 720/720/720
f 721/721/721 720/720/720 722/722/722
f 722/722/722 720/720/720 723/723/723
f 722/722/722 723/723/723 724/724/724
f 724/724/724 723/723/723 725/725/725
f 724/724/724 725/725/725 726/726/726
f 726/726/726 725/725/725 727/727/727
f 729/729/729 719/719/719 728/728/728
f 732/732/732 731/731/731 730/730/730
f 735/735/735 734/734/734 733/733/733
f 736/736/736 734/734/734 735/735/735
f 739/739/739 738/738/738 737/737/737
f 739/739/739 737/737/737 740/740/740
f 743/743/743 742/742/742 741/741/741
f 741/741/741 745/745/745 744/744/744
f 741/741/741 744/744/744 746/746/746
f 746/746/746 744/744/744 747/747/747
f 746/746/746 747/747/747 748/748/748
f 743/743/743 750/750/750 749/749/749
f 753/753/753 752/752/752 751/751/751
f 754/754/754 752/752/752 753/753/753
f 753/753/753 751/751/751 755/755/755
f 755/755/755 751/751/751 756/756/756
f 755/755/755 756/756/756 757/757/757
f 757/757/757 756/756/756 758/758/758
f 754/754/754 759/759/759 752/752/752
f 760/760/760 759/759/759 754/754/754
f 763/763/763 762/762/762 761/761/761
f 766/766/766 765/765/765 764/764/764
f 769/769/769 768/768/768 767/767/767
f 770/770/770 768/768/768 769/769/769
f 773/773/773 772/772/772 771/771/771
f 776/776/776 775/775/775 774/774/774
f 777/777/777 775/775/775 776/776/776
f 779/779/779 775/775/775 778/778/778
f 781/781/781 780/780/780 778/778/778
f 782/782/782 780/780/780 781/781/781
f 778/778/778 783/783/783 781/781/781
f 783/783/783 784/784/784 781/781/781
f 784/784/784 785/785/785 781/781/781
f 781/781/781 785/785/785 786/786/786
f 781/781/781 786/786/786 787/787/787
f 787/787/787 786/786/786 788/788/788
f 790/790/790 789/789/789 783/783/783
f 777/777/777 792/792/792 791/791/791
f 793/793/793 792/792/792 777/777/777
f 796/796/796 795/795/795 794/794/794
f 797/797/797 795/795/795 796/796/796
f 800/800/800 799/799/799 798/798/798
f 803/803/803 802/802/802 801/801/801
f 804/804/804 802/802/802 803/803/803
f 807/807/807 806/806/806 805/805/805
f 808/808/808 806/806/806 807/807/807
f 811/811/811 810/810/810 809/809/809
f 812/812/812 810/810/810 811/811/811
f 815/815/815 814/814/814 813/813/813
f 818/818/818 817/817/817 816/816/816
f 821/821/821 820/820/820 819/819/819
f 824/824/824 823/823/823 822/822/822
f 822/822/822 825/825/825 824/824/824
f 828/828/828 827/827/827 826/826/826
f 829/829/829 827/827/827 828/828/828
f 827/827/827 831/831/831 830/830/830
f 830/830/830 831/831/831 832/832/832
f 835/835/835 834/834/834 833/833/833
f 838/838/838 837/837/837 836/836/836
f 840/840/840 837/837/837 839/839/839
f 843/843/843 842/842/842 841/841/841
f 844/844/844 842/842/842 843/843/843
f 847/847/847 846/846/846 845/845/845
f 848/848/848 846/846/846 847/847/847
f 851/851/851 850/850/850 849/849/849
f 853/853/853 850/850/850 852/852/852
f 856/856/856 855/855/855 854/854/854
f 857/857/857 855/855/855 856/856/856
f 860/860/860 859/859/859 858/858/858
f 861/861/861 859/859/859 860/860/860
f 862/862/862 861/861/861 860/860/860
f 863/863/863 862/862/862 860/860/860
f 864/864/864 860/860/860 858/858/858
f 858/858/858 865/865/865 864/864/864
f 864/864/864 865/865/865 866/866/866
f 864/864/864 866/866/866 867/867/867
f 869/869/869 868/868/868 863/863/863
f 872/872/872 871/871/871 870/870/870
f 875/875/875 874/874/874 873/873/873
f 877/877/877 874/874/874 876/876/876
f 880/880/880 879/879/879 878/878/878
f 878/878/878 879/879/879 881/881/881
f 884/884/884 883/883/883 882/882/882
f 886/886/886 885/885/885 882/882/882
f 888/888/888 885/885/885 887/887/887
f 891/891/891 890/890/890 889/889/889
f 892/892/892 890/890/890 891/891/891
f 892/892/892 893/893/893 890/890/890
f 894/894/894 893/893/893 892/892/892
f 894/894/894 895/895/895 893/893/893
f 896/896/896 895/895/895 894/894/894
f 896/896/896 897/897/897 895/895/895
f 898/898/898 897/897/897 896/896/896
f 901/901/901 900/900/900 899/899/899
f 901/901/901 899/899/899 902/902/902
f 902/902/902 899/899/899 903/903/903
f 902/902/902 903/903/903 904/904/904
f 904/904/904 903/903/903 905/905/905
f 906/906/906 900/900/900 901/901/901
f 906/906/906 907/907/907 900/900/900
f 908/908/908 907/907/907 906/906/906
f 911/911/911 910/910/910 909/909/909
f 912/912/912 910/910/910 911/911/911
f 911/911/911 909/909/909 913/913/913
f 913/913/913 909/909/909 914/914/914
f 913/913/913 914/914/914 915/915/915
f 915/915/915 914/914/914 916/916/916
f 915/915/915 916/916/916 917/917/917
f 917/917/917 916/916/916 918/918/918
f 919/919/919 912/912/912 911/911/911
f 920/920/920 912/912/912 919/919/919
f 921/921/921 920/920/920 919/919/919
f 922/922/922 920/920/920 921/921/921
f 923/923/923 922/922/922 921/921/921
f 923/923/923 921/921/921 924/924/924
f 924/924/924 921/921/921 925/925/925
f 921/921/921 919/919/919 925/925/925
f 924/924/924 925/925/925 926/926/926
f 926/926/926 925/925/925 927/927/927
f 926/926/926 927/927/927 928/928/928
f 928/928/928 927/927/927 929/929/929
f 925/925/925 919/919/919 930/930/930
f 925/925/925 930/930/930 927/927/927
f 927/927/927 930/930/930 931/931/931
f 927/927/927 931/931/931 929/929/929
f 929/929/929 931/931/931 932/932/932
f 919/919/919 911/911/911 930/930/930
f 930/930/930 911/911/911 913/913/913
f 930/930/930 913/913/913 931/931/931
f 931/931/931 913/913/913 915/915/915
f 931/931/931 915/915/915 932/932/932
f 932/932/932 915/915/915 917/917/917
f 933/933/933 929/929/929 932/932/932
f 934/934/934 922/922/922 923/923/923
f 935/935/935 929/929/929 933/933/933
f 936/936/936 929/929/929 935/935/935
f 936/936/936 937/937/937 929/929/929
f 938/938/938 937/937/937 936/936/936
f 939/939/939 922/922/922 934/934/934
f 940/940/940 922/922/922 939/939/939
f 940/940/940 920/920/920 922/922/922
f 941/941/941 920/920/920 940/940/940
f 944/944/944 943/943/943 942/942/942
f 945/945/945 943/943/943 944/944/944
f 944/944/944 942/942/942 946/946/946
f 946/946/946 942/942/942 947/947/947
f 950/950/950 949/949/949 948/948/948
f 951/951/951 949/949/949 950/950/950
f 952/952/952 951/951/951 950/950/950
f 952/952/952 950/950/950 953/953/953
f 953/953/953 950/950/950 954/954/954
f 955/955/955 951/951/951 952/952/952
f 953/953/953 954/954/954 956/956/956
f 956/956/956 954/954/954 957/957/957
f 960/960/960 959/959/959 958/958/958
f 962/962/962 961/961/961 960/960/960
f 963/963/963 924/924/924 926/926/926
f 964/964/964 924/924/924 963/963/963
f 963/963/963 926/926/926 965/965/965
f 965/965/965 926/926/926 966/966/966
f 964/964/964 967/967/967 924/924/924
f 968/968/968 967/967/967 964/964/964
f 971/971/971 970/970/970 969/969/969
f 972/972/972 970/970/970 971/971/971
f 975/975/975 974/974/974 973/973/973
f 976/976/976 974/974/974 975/975/975
f 979/979/979 978/978/978 977/977/977
f 980/980/980 978/978/978 979/979/979
f 983/983/983 982/982/982 981/981/981
f 984/984/984 982/982/982 983/983/983
f 983/983/983 985/985/985 984/984/984
f 986/986/986 985/985/985 983/983/983
f 987/987/987 985/985/985 986/986/986
f 988/988/988 985/985/985 987/987/987
