g GateTowers_Thorns_mesh
v 1130.738 112.9426 -1013.915
v 1135.85 113.2192 -1003.187
v 1128.081 115.0126 -1008.865
v 1127.819 117.2878 -1003.301
v 1124.533 116.1635 -1008.523
v 1122.525 118.8985 -1005.471
v 1120.169 117.4903 -1009.889
v 1118.703 119.6696 -1007.879
v 1116.673 118.4313 -1012.966
v 1115.732 118.8576 -1013.163
v 1116.404 119.3726 -1006.993
v 1115.047 119.1579 -1012.097
v 1120.265 118.1168 -1003.23
v 1127.174 115.902 -1000.23
v 1133.883 108.6157 -995.3156
v 1136.454 108.2726 -1018.713
v 1129.872 114.4355 -1017.343
v 1134.354 120.7344 -1026.152
v 1129.19 122.7093 -1024.68
v 1134.094 124.4749 -1029.067
v 1130.135 126.2497 -1027.413
v 1134.579 129.0791 -1032.751
v 1131.579 131.0908 -1031.826
v 1137.083 134.3215 -1036.553
v 1137.054 135.7388 -1037.444
v 1131.579 131.0908 -1031.826
v 1130.809 130.6282 -1033.718
v 1137.054 135.7388 -1037.444
v 1129.067 125.7233 -1030.158
v 1130.135 126.2497 -1027.413
v 1127.039 120.8521 -1026.96
v 1129.19 122.7093 -1024.68
v 1122.334 112.8559 -1024.677
v 1129.872 114.4355 -1017.343
v 1137.054 135.7388 -1037.444
v 1130.809 130.6282 -1033.718
v 1135.935 135.8921 -1037.717
v 1097.456 132.4534 -1041.609
v 1097.306 128.2858 -1038.198
v 1093.382 132.0114 -1040.021
v 1093.165 128.6469 -1037.291
v 1091.173 131.4667 -1039.514
v 1091.479 129.0467 -1036.91
v 1089.13 131.5504 -1039.721
v 1088.989 130.0234 -1037.635
v 1086.954 131.2337 -1040.24
v 1086.321 130.9665 -1039.882
v 1090.615 125.3999 -1035.473
v 1088.802 127.1363 -1036.463
v 1086.321 130.9665 -1039.882
v 1092.263 123.6782 -1035.092
v 1094.496 120.3647 -1034.785
v 1086.321 130.9665 -1039.882
v 1088.802 127.1363 -1036.463
v 1086.5 130.0819 -1039.648
v 1116.948 140.4205 -1054.61
v 1112.542 142.2836 -1054.734
v 1115.472 144.6356 -1056.778
v 1112.743 145.0344 -1056.361
v 1115.11 146.3347 -1058.085
v 1112.718 147.0175 -1057.492
v 1115.002 147.7133 -1059.302
v 1113.243 148.5736 -1058.897
v 1107.721 144.6852 -1055.823
v 1109.216 146.2702 -1056.91
v 1113.243 148.5736 -1058.897
v 1111.166 148.0932 -1058.752
v 1105.394 142.1678 -1054.688
v 1113.243 148.5736 -1058.897
v 1114.885 148.3481 -1060.388
v 1114.364 148.8654 -1060.554
v 1113.243 148.5736 -1058.897
v 1111.166 148.0932 -1058.752
v 1114.364 148.8654 -1060.554
v 1114.364 148.8654 -1060.554
v 1111.166 148.0932 -1058.752
v 1113.529 148.5155 -1060.34
v 1164.429 40.14712 -962.1355
v 1162.068 32.92681 -960.7568
v 1152.762 58.21193 -954.9458
v 1150.201 45.31048 -953.2518
v 1151.503 63.35781 -960.4696
v 1163.169 45.2931 -967.6591
v 1141.916 54.38952 -948.8493
v 1137.638 46.36265 -946.3255
v 1142.547 60.63947 -956.6376
v 1151.503 63.35781 -960.4696
v 1132.552 63.24311 -947.7281
v 1126.441 56.12989 -944.5051
v 1135.252 66.66354 -956.6361
v 1142.547 60.63947 -956.6376
v 1123.792 71.65013 -949.7656
v 1116.686 65.91998 -946.3966
v 1127.887 73.12099 -958.4312
v 1126.6 69.4858 -967.3286
v 1132.957 64.38747 -966.0113
v 1142.547 60.63947 -956.6376
v 1118.068 77.87034 -956.6635
v 1121.923 77.51745 -963.2669
v 1121.184 73.53103 -969.7582
v 1139.156 61.28138 -965.118
v 1132.957 64.38747 -966.0113
v 1121.184 73.53103 -969.7582
v 1121.923 77.51745 -963.2669
v 1117.875 76.40104 -973.9271
v 1147.364 63.48465 -966.9067
v 1151.503 63.35781 -960.4696
v 1159.031 45.41993 -974.0963
v 1142.567 52.7673 -970.167
v 1159.031 45.41993 -974.0963
v 1147.364 63.48465 -966.9067
v 1133.617 52.76982 -969.147
v 1154.435 40.38372 -977.6718
v 1159.031 45.41993 -974.0963
v 1142.567 52.7673 -970.167
v 1147.364 63.48465 -966.9067
v 1151.503 63.35781 -960.4696
v 1139.156 61.28138 -965.118
v 1142.547 60.63947 -956.6376
v 1133.617 52.76982 -969.147
v 1147.364 63.48465 -966.9067
v 1139.156 61.28138 -965.118
v 1120.686 62.87408 -971.245
v 1132.957 64.38747 -966.0113
v 1126.6 69.4858 -967.3286
v 1127.012 57.74831 -970.3615
v 1132.957 64.38747 -966.0113
v 1120.686 62.87408 -971.245
v 1139.156 61.28138 -965.118
v 1118.068 77.87034 -956.6635
v 1116.686 65.91998 -946.3966
v 1110.332 73.85434 -953.4595
v 1110.548 59.19269 -950.2302
v 1114.96 83.83553 -962.251
v 1106.662 81.78593 -959.1379
v 1104.036 68.07517 -955.7013
v 1110.548 59.19269 -950.2302
v 1099.439 76.5759 -960.8594
v 1112.036 88.20636 -967.1483
v 1103.686 87.07726 -965.7635
v 1117.239 85.03406 -971.7794
v 1118.919 81.62069 -968.4275
v 1117.317 79.02617 -976.5203
v 1097.053 82.005 -968.3448
v 1097.924 71.18565 -966.378
v 1096.326 75.92468 -973.2239
v 1110.92 91.4432 -973.152
v 1102.213 90.87774 -973.6844
v 1116.948 87.30077 -975.4042
v 1117.885 80.51192 -978.6245
v 1096.051 85.80463 -976.7548
v 1096.447 79.12061 -980.3775
v 1111.456 93.7252 -980.3033
v 1102.751 93.55013 -983.7001
v 1117.823 89.01751 -979.6546
v 1119.174 81.97314 -980.8976
v 1097.64 88.07146 -986.8332
v 1113.604 95.24283 -988.7607
v 1106.25 94.37754 -994.2921
v 1119.917 90.99603 -984.4122
v 1121.563 83.9669 -984.0755
v 1102.325 88.19565 -997.0499
v 1098.704 80.83675 -988.7657
v 1117.905 95.23842 -996.3964
v 1112.032 92.99116 -1002.048
v 1123.447 92.36717 -990.225
v 1125.431 85.72096 -988.1531
v 1125.431 85.72096 -988.1531
v 1109.404 86.10041 -1004.135
v 1129.351 91.92776 -1000.713
v 1125.103 90.71021 -1006.573
v 1131.625 88.18237 -994.4957
v 1130.837 80.83176 -991.997
v 1144.175 82.6685 -1002.135
v 1141.397 81.05645 -1009.083
v 1144.195 79.11505 -995.3565
v 1121.298 84.71765 -1009.474
v 1137.49 75.22301 -1012.129
v 1164.089 70.48676 -1004.863
v 1162.499 68.32323 -1012.03
v 1162.428 67.78197 -997.8985
v 1158.489 61.79321 -995.2164
v 1141.446 72.47758 -992.7173
v 1131.625 88.18237 -994.4957
v 1130.837 80.83176 -991.997
v 1123.447 92.36717 -990.225
v 1158.588 62.5585 -1015.201
v 1178.178 62.09573 -1000.218
v 1177.27 59.56921 -1007.385
v 1175.574 59.94331 -993.3496
v 1170.984 54.37262 -990.8043
v 1167.097 48.64685 -994.0729
v 1154.578 56.02855 -998.3877
v 1121.923 77.51745 -963.2669
v 1123.792 71.65013 -949.7656
v 1118.068 77.87034 -956.6635
v 1118.919 81.62069 -968.4275
v 1118.068 77.87034 -956.6635
v 1117.875 76.40104 -973.9271
v 1121.923 77.51745 -963.2669
v 1123.447 92.36717 -990.225
v 1117.905 95.23842 -996.3964
v 1131.625 88.18237 -994.4957
v 1177.27 59.56921 -1007.385
v 1158.588 62.5585 -1015.201
v 1173.382 53.84354 -1010.653
v 1154.435 40.38372 -977.6718
v 1142.567 52.7673 -970.167
v 1153.336 28.08726 -970.7733
v 1141.226 33.58961 -962.8862
v 1145.368 33.56377 -956.4549
v 1153.336 28.08726 -970.7733
v 1141.226 33.58961 -962.8862
v 1157.475 27.96027 -964.3363
v 1132.188 40.36256 -950.494
v 1128.745 39.53399 -958.8928
v 1120.496 49.4908 -948.8552
v 1118.201 47.21465 -958.2303
v 1126.441 56.12989 -944.5051
v 1137.638 46.36265 -946.3255
v 1145.368 33.56377 -956.4549
v 1110.548 59.19269 -950.2302
v 1116.686 65.91998 -946.3966
v 1110.548 59.19269 -950.2302
v 1110.548 59.19269 -950.2302
v 1109.059 55.45301 -959.053
v 1104.036 68.07517 -955.7013
v 1103 64.09273 -962.2076
v 1099.439 76.5759 -960.8594
v 1097.924 71.18565 -966.378
v 1150.201 45.31048 -953.2518
v 1157.475 27.96027 -964.3363
v 1145.368 33.56377 -956.4549
v 1137.638 46.36265 -946.3255
v 1141.226 33.58961 -962.8862
v 1133.617 52.76982 -969.147
v 1128.745 39.53399 -958.8928
v 1142.567 52.7673 -970.167
v 1133.617 52.76982 -969.147
v 1141.226 33.58961 -962.8862
v 1133.617 52.76982 -969.147
v 1127.012 57.74831 -970.3615
v 1128.745 39.53399 -958.8928
v 1128.745 39.53399 -958.8928
v 1127.012 57.74831 -970.3615
v 1118.201 47.21465 -958.2303
v 1120.686 62.87408 -971.245
v 1109.059 55.45301 -959.053
v 1116.283 68.24636 -972.3356
v 1103 64.09273 -962.2076
v 1112.441 71.23434 -975.5283
v 1112.441 71.23434 -975.5283
v 1097.924 71.18565 -966.378
v 1112.215 73.7061 -978.5992
v 1112.441 71.23434 -975.5283
v 1117.875 76.40104 -973.9271
v 1112.215 73.7061 -978.5992
v 1121.184 73.53103 -969.7582
v 1117.875 76.40104 -973.9271
v 1112.215 73.7061 -978.5992
v 1117.875 76.40104 -973.9271
v 1117.317 79.02617 -976.5203
v 1118.919 81.62069 -968.4275
v 1113.148 74.92876 -981.1123
v 1117.885 80.51192 -978.6245
v 1117.239 85.03406 -971.7794
v 1114.94 75.80997 -983.8653
v 1119.174 81.97314 -980.8976
v 1116.948 87.30077 -975.4042
v 1117.985 77.09622 -987.3211
v 1121.563 83.9669 -984.0755
v 1122.751 78.26769 -991.0724
v 1097.924 71.18565 -966.378
v 1112.215 73.7061 -978.5992
v 1096.326 75.92468 -973.2239
v 1113.148 74.92876 -981.1123
v 1096.447 79.12061 -980.3775
v 1114.94 75.80997 -983.8653
v 1098.704 80.83675 -988.7657
v 1117.985 77.09622 -987.3211
v 1103.776 80.82903 -997.4689
v 1122.751 78.26769 -991.0724
v 1103.776 80.82903 -997.4689
v 1122.751 78.26769 -991.0724
v 1111.48 78.84605 -1002.898
v 1102.325 88.19565 -997.0499
v 1098.704 80.83675 -988.7657
v 1103.776 80.82903 -997.4689
v 1109.404 86.10041 -1004.135
v 1109.404 86.10041 -1004.135
v 1103.776 80.82903 -997.4689
v 1111.48 78.84605 -1002.898
v 1122.751 78.26769 -991.0724
v 1127.049 74.28064 -995.478
v 1111.48 78.84605 -1002.898
v 1122.751 78.26769 -991.0724
v 1125.431 85.72096 -988.1531
v 1127.049 74.28064 -995.478
v 1122.751 78.26769 -991.0724
v 1121.563 83.9669 -984.0755
v 1125.431 85.72096 -988.1531
v 1111.48 78.84605 -1002.898
v 1127.049 74.28064 -995.478
v 1120.508 77.38368 -1007.771
v 1121.298 84.71765 -1009.474
v 1111.48 78.84605 -1002.898
v 1120.508 77.38368 -1007.771
v 1137.49 75.22301 -1012.129
v 1134.74 68.58566 -1009.49
v 1109.404 86.10041 -1004.135
v 1158.588 62.5585 -1015.201
v 1154.649 56.56974 -1012.519
v 1173.382 53.84354 -1010.653
v 1168.792 48.2728 -1008.108
v 1127.049 74.28064 -995.478
v 1137.538 66.64414 -995.7637
v 1120.508 77.38368 -1007.771
v 1137.538 66.64414 -995.7637
v 1134.74 68.58566 -1009.49
v 1154.578 56.02855 -998.3877
v 1154.649 56.56974 -1012.519
v 1168.792 48.2728 -1008.108
v 1167.097 48.64685 -994.0729
v 1127.049 74.28064 -995.478
v 1130.837 80.83176 -991.997
v 1137.538 66.64414 -995.7637
v 1137.538 66.64414 -995.7637
v 1141.446 72.47758 -992.7173
v 1154.578 56.02855 -998.3877
v 1158.489 61.79321 -995.2164
v 1127.049 74.28064 -995.478
v 1125.431 85.72096 -988.1531
v 1130.837 80.83176 -991.997
v 1162.068 32.92681 -960.7568
v 1157.475 27.96027 -964.3363
v 1150.201 45.31048 -953.2518
v 1133.617 52.76982 -969.147
v 1139.156 61.28138 -965.118
v 1127.012 57.74831 -970.3615
v 1120.686 62.87408 -971.245
v 1126.6 69.4858 -967.3286
v 1116.283 68.24636 -972.3356
v 1121.184 73.53103 -969.7582
v 1112.441 71.23434 -975.5283
v 1097.64 88.07146 -986.8332
v 1096.447 79.12061 -980.3775
v 1098.704 80.83675 -988.7657
v 1162.499 68.32323 -1012.03
v 1158.588 62.5585 -1015.201
v 1177.27 59.56921 -1007.385
v 1098.601 81.60026 -958.1903
v 1103.488 78.8033 -961.6049
v 1100.99 79.20757 -954.8196
v 1105.93 72.23736 -956.4371
v 1099.385 78.19412 -953.3965
v 1096.353 82.11252 -955.653
v 1098.616 75.65947 -950.7987
v 1096.608 78.91211 -951.1476
v 1098.185 74.59945 -947.7434
v 1097.133 75.39863 -947.4721
v 1094.937 79.94612 -952.2341
v 1095.74 77.01381 -948.9032
v 1094.564 83.22514 -956.7592
v 1096.226 83.9338 -960.7128
v 1099.585 80.81606 -966.3575
v 1122.156 87.3974 -1007.394
v 1115.057 87.78498 -1004.594
v 1116.093 89.91415 -1008.544
v 1112.813 89.85247 -1007.404
v 1113.868 90.50977 -1010.082
v 1112.28 90.74661 -1009.295
v 1110.685 89.76557 -1006.896
v 1110.321 90.94502 -1009.643
v 1110.291 92.05939 -1014.124
v 1111.26 86.7012 -1003.564
v 1111.767 91.81454 -1012.268
v 1091.591 53.15423 -979.2748
v 1095.612 51.94516 -980.2975
v 1094.293 52.79996 -975.3549
v 1091.749 51.04317 -985.4099
v 1089.063 53.56211 -976.9955
v 1091.915 51.4153 -974.6507
v 1091.847 49.741 -971.0897
v 1088.838 53.70245 -982.368
v 1087.124 53.62472 -978.3737
v 1089.917 52.07369 -971.7362
v 1089.063 53.56211 -976.9955
v 1092.338 49.48597 -967.871
v 1091.171 49.9856 -967.6515
v 1089.917 52.07369 -971.7362
v 1088.114 52.11272 -973.0729
v 1089.917 52.07369 -971.7362
v 1091.171 49.9856 -967.6515
v 1089.063 53.56211 -976.9955
v 1094.293 52.79996 -975.3549
v 1095.612 51.94516 -980.2975
v 1099.567 48.39022 -973.4056
v 1091.915 51.4153 -974.6507
v 1091.591 53.15423 -979.2748
v 1094.293 52.79996 -975.3549
v 1089.721 50.46281 -969.6843
v 1088.114 52.11272 -973.0729
v 1091.171 49.9856 -967.6515
v 1088.838 53.70245 -982.368
v 1091.749 51.04317 -985.4099
v 1091.591 53.15423 -979.2748
v 1086.124 68.84412 -1008.332
v 1084.595 71.33173 -1001.364
v 1079.531 71.83046 -1008.953
v 1077.682 73.38974 -1004.848
v 1075.49 73.10872 -1011.564
v 1074.669 74.45533 -1008.118
v 1073.653 73.44942 -1014.612
v 1073.653 73.44942 -1014.612
v 1074.669 74.45533 -1008.118
v 1072.212 74.90155 -1013.672
v 1073.098 73.45542 -1015.966
v 1071.981 74.06223 -1016.528
v 1072.212 74.90155 -1013.672
v 1071.225 74.13981 -1012.97
v 1071.981 74.06223 -1016.528
v 1074.669 74.45533 -1008.118
v 1072.852 73.39098 -1006.826
v 1071.225 74.13981 -1012.97
v 1075.406 72.22208 -1002.973
v 1071.981 74.06223 -1016.528
v 1071.225 74.13981 -1012.97
v 1071.074 74.53105 -1016.615
v 1077.682 73.38974 -1004.848
v 1075.406 72.22208 -1002.973
v 1074.669 74.45533 -1008.118
v 1081.432 67.17793 -997.5622
v 1084.595 71.33173 -1001.364
v 1081.432 67.17793 -997.5622
v 1077.682 73.38974 -1004.848
v 1094.756 70.40092 -1036.023
v 1094.707 75.11661 -1028.244
v 1088.217 76.45354 -1035.447
v 1086.583 79.77599 -1029.861
v 1086.583 79.77599 -1029.861
v 1084.688 79.14025 -1037.636
v 1083.633 82.10222 -1032.464
v 1082.062 81.03783 -1040.24
v 1080.735 84.02211 -1037.464
v 1078.9 84.14714 -1045.956
v 1078.9 84.14714 -1045.956
v 1080.735 84.02211 -1037.464
v 1077.935 84.94804 -1045.936
v 1080.735 84.02211 -1037.464
v 1078.522 83.35125 -1037.186
v 1077.935 84.94804 -1045.936
v 1077.238 85.17246 -1045.035
v 1080.735 84.02211 -1037.464
v 1081.131 80.54137 -1031.16
v 1083.633 82.10222 -1032.464
v 1084.093 77.63617 -1027.76
v 1086.583 79.77599 -1029.861
v 1086.408 71.55063 -1021.12
v 1094.707 75.11661 -1028.244
v 1086.408 71.55063 -1021.12
v 1086.583 79.77599 -1029.861
v 1182.271 93.8961 -1032.014
v 1184.123 87.03671 -1024.753
v 1171.524 97.59724 -1026.416
v 1172.291 91.72165 -1017.461
v 1167.759 96.75078 -1037.143
v 1176.695 94.21062 -1041.272
v 1163.43 89.59696 -1043.899
v 1170.564 87.82629 -1047.037
v 1159.859 96.36028 -1038.225
v 1158.399 89.82038 -1043.428
v 1159.859 96.36028 -1038.225
v 1153.85 89.18228 -1044.962
v 1172.291 91.72165 -1017.461
v 1160.852 98.31872 -1028.265
v 1160.144 93.76332 -1018.187
v 1159.859 96.36028 -1038.225
v 1153.027 99.98214 -1032.388
v 1150.276 97.06246 -1022
v 1157.932 85.89973 -1014.349
v 1154.448 96.38974 -1041.511
v 1147.51 89.57726 -1017.336
v 1145.994 100.8829 -1034.366
v 1141.696 97.97179 -1026.264
v 1149.67 97.47428 -1042.971
v 1150.848 90.18958 -1046.66
v 1153.85 89.18228 -1044.962
v 1159.859 96.36028 -1038.225
v 1139.617 101.0978 -1037.779
v 1134.094 97.62354 -1031.756
v 1145.664 98.0869 -1044.952
v 1149.057 90.88745 -1048.38
v 1149.057 90.88745 -1048.38
v 1138.634 90.4468 -1022.973
v 1145.86 82.31396 -1019.857
v 1138.249 83.10003 -1025.379
v 1131 90.06736 -1029.132
v 1134.362 100.4563 -1043.667
v 1126.994 96.15767 -1040.005
v 1142.449 98.31387 -1048.226
v 1147.568 91.76049 -1050.557
v 1149.057 90.88745 -1048.38
v 1124.7 88.57861 -1038.072
v 1129.667 99.17924 -1051.565
v 1122.242 93.8899 -1050.233
v 1139.587 98.93388 -1052.982
v 1146.15 93.07508 -1053.869
v 1147.568 91.76049 -1050.557
v 1121.264 86.21952 -1049.007
v 1127.623 97.61044 -1060.132
v 1121.711 91.58127 -1059.722
v 1137.181 99.11523 -1059.4
v 1146.102 94.10117 -1058.861
v 1122.295 83.97192 -1059.015
v 1133.469 96.85571 -1071.135
v 1127.403 92.19956 -1072.946
v 1143.572 96.06623 -1067.95
v 1143.572 96.06623 -1067.95
v 1150.08 90.02908 -1065.089
v 1152.032 92.75825 -1077.374
v 1144.496 93.60623 -1081.952
v 1127.403 92.19956 -1072.946
v 1137.823 89.0453 -1084.18
v 1152.858 91.39919 -1087.361
v 1148.804 86.28003 -1090.222
v 1157.474 91.20766 -1081.259
v 1159.728 85.78915 -1076.346
v 1155.539 87.12663 -1072.972
v 1143.572 96.06623 -1067.95
v 1168.512 90.52116 -1094.044
v 1164.837 85.28161 -1098.241
v 1172.217 90.46311 -1087.347
v 1173.78 85.14158 -1082.072
v 1172.287 77.67372 -1081.311
v 1158.3 78.31778 -1075.5
v 1155.539 87.12663 -1072.972
v 1184.123 87.03671 -1024.753
v 1181.169 77.69344 -1023.238
v 1172.291 91.72165 -1017.461
v 1169.651 82.4665 -1014.971
v 1172.291 91.72165 -1017.461
v 1169.651 82.4665 -1014.971
v 1160.144 93.76332 -1018.187
v 1157.932 85.89973 -1014.349
v 1146.15 93.07508 -1053.869
v 1139.587 98.93388 -1052.982
v 1146.102 94.10117 -1058.861
v 1150.08 90.02908 -1065.089
v 1137.181 99.11523 -1059.4
v 1143.572 96.06623 -1067.95
v 1155.539 87.12663 -1072.972
v 1127.403 92.19956 -1072.946
v 1126.434 84.63883 -1072.023
v 1154.325 79.62558 -1071.981
v 1155.539 87.12663 -1072.972
v 1158.3 78.31778 -1075.5
v 1167.542 78.59406 -1044.446
v 1170.564 87.82629 -1047.037
v 1160.628 80.57067 -1041.114
v 1163.43 89.59696 -1043.899
v 1167.542 78.59406 -1044.446
v 1160.628 80.57067 -1041.114
v 1175.127 71.37019 -1028.045
v 1160.628 80.57067 -1041.114
v 1165.104 75.31652 -1020.511
v 1155.941 82.89527 -1040.416
v 1155.941 82.89527 -1040.416
v 1155.201 79.58483 -1018.56
v 1155.941 82.89527 -1040.416
v 1151.63 82.5134 -1041.375
v 1151.63 82.5134 -1041.375
v 1145.86 82.31396 -1019.857
v 1151.63 82.5134 -1041.375
v 1148.921 83.22141 -1043.837
v 1148.921 83.22141 -1043.837
v 1138.249 83.10003 -1025.379
v 1147.314 83.62944 -1046.144
v 1132.365 83.05611 -1031.4
v 1146.082 83.99565 -1048.948
v 1127.791 81.94971 -1039.738
v 1145.401 84.76173 -1052.982
v 1127.791 81.94971 -1039.738
v 1125.588 80.18028 -1049.959
v 1146.508 85.66708 -1058.466
v 1169.651 82.4665 -1014.971
v 1175.127 71.37019 -1028.045
v 1165.104 75.31652 -1020.511
v 1181.169 77.69344 -1023.238
v 1160.628 80.57067 -1041.114
v 1163.43 89.59696 -1043.899
v 1155.941 82.89527 -1040.416
v 1155.941 82.89527 -1040.416
v 1163.43 89.59696 -1043.899
v 1158.399 89.82038 -1043.428
v 1157.932 85.89973 -1014.349
v 1165.104 75.31652 -1020.511
v 1155.201 79.58483 -1018.56
v 1169.651 82.4665 -1014.971
v 1155.941 82.89527 -1040.416
v 1158.399 89.82038 -1043.428
v 1151.63 82.5134 -1041.375
v 1151.63 82.5134 -1041.375
v 1158.399 89.82038 -1043.428
v 1153.85 89.18228 -1044.962
v 1148.921 83.22141 -1043.837
v 1150.848 90.18958 -1046.66
v 1147.314 83.62944 -1046.144
v 1149.057 90.88745 -1048.38
v 1157.932 85.89973 -1014.349
v 1155.201 79.58483 -1018.56
v 1147.51 89.57726 -1017.336
v 1145.86 82.31396 -1019.857
v 1151.63 82.5134 -1041.375
v 1153.85 89.18228 -1044.962
v 1148.921 83.22141 -1043.837
v 1131 90.06736 -1029.132
v 1138.249 83.10003 -1025.379
v 1132.365 83.05611 -1031.4
v 1124.7 88.57861 -1038.072
v 1127.791 81.94971 -1039.738
v 1121.264 86.21952 -1049.007
v 1127.791 81.94971 -1039.738
v 1125.588 80.18028 -1049.959
v 1122.295 83.97192 -1059.015
v 1125.588 80.18028 -1049.959
v 1127.963 78.86555 -1059.332
v 1126.434 84.63883 -1072.023
v 1131.625 78.55763 -1069.186
v 1137.092 81.40437 -1083.459
v 1142.555 75.20892 -1080.137
v 1147.376 78.80854 -1089.376
v 1149.41 73.36142 -1085.318
v 1148.804 86.28003 -1090.222
v 1137.823 89.0453 -1084.18
v 1126.434 84.63883 -1072.023
v 1131.625 78.55763 -1069.186
v 1127.403 92.19956 -1072.946
v 1163.343 77.81384 -1097.48
v 1164.906 72.49216 -1092.205
v 1164.837 85.28161 -1098.241
v 1147.314 83.62944 -1046.144
v 1149.057 90.88745 -1048.38
v 1146.082 83.99565 -1048.948
v 1149.057 90.88745 -1048.38
v 1147.568 91.76049 -1050.557
v 1146.082 83.99565 -1048.948
v 1147.568 91.76049 -1050.557
v 1145.401 84.76173 -1052.982
v 1146.15 93.07508 -1053.869
v 1146.15 93.07508 -1053.869
v 1146.508 85.66708 -1058.466
v 1146.102 94.10117 -1058.861
v 1125.588 80.18028 -1049.959
v 1146.508 85.66708 -1058.466
v 1127.963 78.86555 -1059.332
v 1148.991 81.79092 -1064.442
v 1148.991 81.79092 -1064.442
v 1146.102 94.10117 -1058.861
v 1150.08 90.02908 -1065.089
v 1154.325 79.62558 -1071.981
v 1155.539 87.12663 -1072.972
v 1127.963 78.86555 -1059.332
v 1148.991 81.79092 -1064.442
v 1131.625 78.55763 -1069.186
v 1154.325 79.62558 -1071.981
v 1131.625 78.55763 -1069.186
v 1131.625 78.55763 -1069.186
v 1142.555 75.20892 -1080.137
v 1158.3 78.31778 -1075.5
v 1149.41 73.36142 -1085.318
v 1164.906 72.49216 -1092.205
v 1172.287 77.67372 -1081.311
v 1121.711 91.58127 -1059.722
v 1127.403 92.19956 -1072.946
v 1146.508 85.66708 -1058.466
v 1146.102 94.10117 -1058.861
v 1148.991 81.79092 -1064.442
v 1140.296 83.7903 -1082.944
v 1137.2 82.65943 -1079.472
v 1136.959 82.59358 -1084.044
v 1134.232 82.13758 -1082.323
v 1132.483 81.68051 -1076.712
v 1132.092 81.8288 -1080.753
v 1133.372 81.85114 -1084.891
v 1135.439 81.74126 -1086.09
v 1134.251 80.68437 -1089.468
v 1133.372 81.85114 -1084.891
v 1132.092 81.8288 -1080.753
v 1132.216 81.17659 -1084.222
v 1133.372 81.85114 -1084.891
v 1133.182 81.22375 -1089.381
v 1134.251 80.68437 -1089.468
v 1133.372 81.85114 -1084.891
v 1133.182 81.22375 -1089.381
v 1133.182 81.22375 -1089.381
v 1133.851 78.46121 -1092.29
v 1133.182 81.22375 -1089.381
v 1132.216 81.17659 -1084.222
v 1132.657 80.24022 -1089.897
v 1133.182 81.22375 -1089.381
v 1132.657 80.24022 -1089.897
v 1133.851 78.46121 -1092.29
v 1173.362 70.21088 -1054.377
v 1172.926 61.76507 -1057.775
v 1154.635 68.43109 -1045.995
v 1154.199 59.98523 -1049.393
v 1160.876 58.11283 -1059.613
v 1149.418 56.94423 -1054.627
v 1153.777 60.80255 -1066.541
v 1144.625 59.30619 -1061.645
v 1153.459 69.2722 -1070.435
v 1141.97 67.41912 -1065.183
v 1138.505 67.20264 -1038.311
v 1138.005 58.71689 -1041.4
v 1131.865 57.44371 -1054.587
v 1128.277 65.67182 -1058.379
v 1136.39 55.3854 -1047.133
v 1127.084 66.34689 -1030.411
v 1126.697 57.71529 -1032.859
v 1120.192 55.7455 -1046.529
v 1115.42 63.71781 -1051.538
v 1124.547 54.9668 -1040.002
v 1126.697 57.71529 -1032.859
v 1118.056 69.56093 -1024.597
v 1110.133 53.82831 -1040.087
v 1104.264 62.17691 -1046.281
v 1116.038 54.06155 -1032.051
v 1119.32 59.7887 -1026.844
v 1119.32 59.7887 -1026.844
v 1101.37 53.47881 -1031.941
v 1094.399 61.86239 -1036.778
v 1095.341 52.66611 -1024.447
v 1088.14 60.26399 -1028.321
v 1102.976 52.77359 -1019.394
v 1107.87 53.32229 -1025.865
v 1107.352 57.00788 -1014.461
v 1110.677 57.21841 -1021.301
v 1107.782 66.93987 -1013.271
v 1111.469 66.9483 -1019.57
v 1119.32 59.7887 -1026.844
v 1091.861 51.91743 -1017.935
v 1083.952 59.45038 -1020.341
v 1086.565 70.66753 -1026.704
v 1093.951 72.05347 -1035.393
v 1100.208 51.99022 -1014.169
v 1105.794 56.6601 -1010.999
v 1106.15 66.65303 -1009.823
v 1080.954 57.91838 -1010.415
v 1089.265 50.5954 -1009.924
v 1097.83 50.29022 -1007.973
v 1104.008 54.30099 -1005.691
v 1104.008 54.30099 -1005.691
v 1079.63 55.99386 -999.8528
v 1088.335 49.04193 -1002.319
v 1096.667 48.58329 -1002.21
v 1081.358 52.07445 -990.0549
v 1089.73 45.73343 -994.891
v 1097.973 46.04316 -996.9387
v 1102.726 51.86009 -1000.965
v 1104.008 54.30099 -1005.691
v 1086.755 48.12331 -980.377
v 1086.693 57.92052 -976.2163
v 1081.154 62.69531 -985.6487
v 1093.91 42.14463 -988.1024
v 1100.948 43.7371 -992.6018
v 1103.9 49.57659 -996.7178
v 1102.726 51.86009 -1000.965
v 1106.043 48.19021 -994.0544
v 1106.486 58.55696 -993.3664
v 1105.157 60.80095 -997.8809
v 1102.726 51.86009 -1000.965
v 1108.269 57.42638 -990.96
v 1094.467 45.66178 -973.064
v 1094.697 54.60207 -969.6651
v 1100.219 39.43178 -981.5496
v 1105.841 41.65964 -989.0041
v 1108.958 47.02413 -992.3727
v 1110.545 56.7333 -989.9303
v 1103.228 46.18876 -968.2384
v 1108.043 39.49837 -976.4844
v 1108.043 39.49837 -976.4844
v 1111.458 40.85922 -984.7824
v 1108.043 39.49837 -976.4844
v 1112.91 45.99223 -989.3748
v 1113.379 55.09317 -988.2166
v 1115.507 41.98775 -972.8112
v 1118.107 41.74025 -980.8977
v 1118.93 45.50218 -985.4885
v 1123.557 43.16277 -978.0714
v 1121.43 45.63901 -970.1345
v 1113.484 48.24621 -967.7822
v 1108.043 39.49837 -976.4844
v 1118.211 52.38771 -967.3327
v 1123.163 45.5256 -983.9655
v 1120.742 52.36697 -986.3054
v 1117.79 53.06735 -986.2744
v 1129.165 46.8549 -975.8488
v 1125.547 50.91967 -968.495
v 1128.156 47.15416 -982.192
v 1124.479 52.4302 -986.119
v 1133.592 53.0705 -974.0286
v 1133.048 51.3194 -980.9123
v 1128.598 54.63779 -985.8685
v 1122.76 59.44852 -985.4553
v 1136.833 57.49456 -980.6683
v 1137.092 61.15353 -974.2352
v 1129.515 56.75642 -968.7167
v 1132.109 59.23383 -986.0374
v 1125.49 62.5868 -986.3169
v 1140.561 72.19389 -976.177
v 1134.907 75.05505 -971.4527
v 1132.345 64.58031 -969.5948
v 1141.319 71.05188 -982.2824
v 1136.592 71.28374 -987.734
v 1129.63 73.07899 -988.381
v 1142.832 82.96804 -978.7497
v 1143.991 83.22093 -985.0534
v 1139.396 82.63152 -990.4061
v 1132.478 83.88404 -991.2252
v 1124.51 75.38618 -983.844
v 1127.287 86.24489 -987.0294
v 1144.994 87.79819 -986.5643
v 1144.504 90.20323 -981.6778
v 1140.496 86.76035 -991.8384
v 1133.654 87.91904 -992.8166
v 1128.475 90.5955 -988.9265
v 1145.538 97.99261 -985.048
v 1146.681 94.69656 -989.6169
v 1146.681 94.69656 -989.6169
v 1142.552 92.3373 -994.5724
v 1142.552 92.3373 -994.5724
v 1135.88 93.00239 -996.0609
v 1146.057 104.4769 -989.7512
v 1147.999 100.2846 -993.0901
v 1083.952 59.45038 -1020.341
v 1086.565 70.66753 -1026.704
v 1083.469 70.16031 -1020.914
v 1079.783 69.6649 -1008.691
v 1105.473 64.18447 -1003.515
v 1104.008 54.30099 -1005.691
v 1102.726 51.86009 -1000.965
v 1105.157 60.80095 -997.8809
v 1105.473 64.18447 -1003.515
v 1094.697 54.60207 -969.6651
v 1086.755 48.12331 -980.377
v 1086.693 57.92052 -976.2163
v 1113.484 48.24621 -967.7822
v 1103.228 46.18876 -968.2384
v 1117.79 53.06735 -986.2744
v 1113.379 55.09317 -988.2166
v 1118.93 45.50218 -985.4885
v 1135.88 93.00239 -996.0609
v 1133.654 87.91904 -992.8166
v 1142.552 92.3373 -994.5724
v 1144.634 96.26906 -997.3108
v 1130.573 96.30243 -993.2103
v 1128.475 90.5955 -988.9265
v 1135.88 93.00239 -996.0609
v 1138.211 95.69872 -999.2301
v 1144.634 96.26906 -997.3108
v 1142.552 92.3373 -994.5724
v 1147.999 100.2846 -993.0901
v 1148.635 105.3561 -997.9809
v 1138.211 95.69872 -999.2301
v 1135.88 93.00239 -996.0609
v 1144.634 96.26906 -997.3108
v 1146.291 100.0751 -1001.146
v 1132.493 98.90771 -997.7235
v 1130.573 96.30243 -993.2103
v 1138.211 95.69872 -999.2301
v 1140.294 97.94724 -1002.849
v 1146.291 100.0751 -1001.146
v 1144.634 96.26906 -997.3108
v 1148.635 105.3561 -997.9809
v 1147.934 109.6213 -1004.736
v 1140.294 97.94724 -1002.849
v 1138.211 95.69872 -999.2301
v 1146.291 100.0751 -1001.146
v 1146.689 103.6129 -1006.716
v 1134.157 100.2188 -1002.095
v 1132.493 98.90771 -997.7235
v 1140.294 97.94724 -1002.849
v 1141.36 100.0483 -1007.394
v 1134.157 100.2188 -1002.095
v 1135.068 101.0159 -1006.375
v 1141.36 100.0483 -1007.394
v 1140.123 102.4058 -1013.126
v 1144.318 106.3815 -1013.728
v 1146.689 103.6129 -1006.716
v 1140.294 97.94724 -1002.849
v 1144.756 112.0831 -1012.692
v 1140.473 113.4194 -1020.89
v 1140.522 107.48 -1021.411
v 1140.473 113.4194 -1020.89
v 1136.974 103.0606 -1019.532
v 1134.627 102.4846 -1011.239
v 1135.068 101.0159 -1006.375
v 1131.901 102.7517 -1016.428
v 1128.74 107.1581 -1008.24
v 1131.498 105.9486 -1004.254
v 1126.554 106.8181 -1012.851
v 1127.967 102.4054 -1020.261
v 1124.038 106.3293 -1016.058
v 1133.696 113.2088 -1028.142
v 1134.249 107.2083 -1028.101
v 1131.876 102.7333 -1024.836
v 1122.663 101.7006 -1022.556
v 1120.523 105.8449 -1018.965
v 1125.766 105.7223 -1032.172
v 1124.911 111.5323 -1032.565
v 1124.835 101.6499 -1028.026
v 1117.185 111.805 -1034.026
v 1117.212 106.0817 -1034.527
v 1116.353 101.6839 -1030.932
v 1115.111 101.188 -1025.344
v 1111.943 103.1964 -1032.691
v 1113.992 107.8821 -1035.979
v 1110.569 101.952 -1027.327
v 1110.238 104.8918 -1022.484
v 1114.214 104.8843 -1021.038
v 1105.821 106.2636 -1024.258
v 1105.949 104.2223 -1029.477
v 1108.021 105.9914 -1034.374
v 1101.863 109.1516 -1025.897
v 1102.082 107.6146 -1031.21
v 1104.889 109.3217 -1035.665
v 1111.692 110.3944 -1036.817
v 1109.714 112.7811 -1037.273
v 1098.637 112.9525 -1027.418
v 1099.01 111.561 -1032.689
v 1102.342 112.8939 -1036.81
v 1107.736 116.1813 -1038.561
v 1094.702 120.214 -1035.829
v 1094.07 121.8782 -1030.811
v 1106.398 120.9426 -1041.089
v 1098.603 120.5352 -1039.438
v 1106.398 120.9426 -1041.089
v 1092.486 129.0313 -1039.971
v 1091.694 131.2784 -1035.367
v 1105.495 126.0025 -1043.274
v 1096.607 128.2843 -1043.026
v 1103.839 133.2445 -1047
v 1096.624 135.2404 -1047.017
v 1092.758 137.1242 -1044.826
v 1097.471 138.0078 -1048.903
v 1103.279 136.1569 -1048.79
v 1094.056 140.532 -1047.339
v 1098.766 140.1769 -1050.735
v 1096.15 143.3674 -1049.834
v 1099.034 146.053 -1051.905
v 1146.689 103.6129 -1006.716
v 1146.291 100.0751 -1001.146
v 1147.934 109.6213 -1004.736
v 1144.756 112.0831 -1012.692
v 1147.934 109.6213 -1004.736
v 1135.068 101.0159 -1006.375
v 1131.474 105.5592 -999.3237
v 1134.157 100.2188 -1002.095
v 1131.474 105.5592 -999.3237
v 1130.829 104.0163 -993.6738
v 1131.498 105.9486 -1004.254
v 1135.068 101.0159 -1006.375
v 1134.627 102.4846 -1011.239
v 1130.829 104.0163 -993.6738
v 1129.741 100.3042 -987.6904
v 1132.493 98.90771 -997.7235
v 1103.839 133.2445 -1047
v 1105.495 126.0025 -1043.274
v 1108.01 132.9697 -1043.579
v 1103.279 136.1569 -1048.79
v 1108.01 132.9697 -1043.579
v 1105.495 126.0025 -1043.274
v 1108.497 128.4337 -1039.818
v 1106.398 120.9426 -1041.089
v 1109.404 123.6172 -1037.602
v 1107.736 116.1813 -1038.561
v 1109.404 123.6172 -1037.602
v 1110.54 119.4822 -1035.228
v 1112.208 116.6616 -1034.215
v 1110.54 119.4822 -1035.228
v 1098.766 140.1769 -1050.735
v 1103.279 136.1569 -1048.79
v 1102.506 138.8756 -1049.267
v 1098.766 140.1769 -1050.735
v 1102.506 138.8756 -1049.267
v 1100.218 142.3921 -1052.666
v 1099.034 146.053 -1051.905
v 1098.766 140.1769 -1050.735
v 1100.218 142.3921 -1052.666
v 1106.777 145.5747 -1055.98
v 1106.42 142.3161 -1055.463
v 1102.949 139.997 -1051.187
v 1102.506 138.8756 -1049.267
v 1107.085 137.7355 -1050.494
v 1109.923 141.4449 -1056.417
v 1109.737 139.5145 -1054.106
v 1111.075 144.2065 -1056.802
v 1113.516 139.2742 -1056.533
v 1115.076 141.4697 -1056.874
v 1118.566 137.9373 -1056.137
v 1116.844 136.2671 -1055.869
v 1112.684 137.8233 -1054.394
v 1109.67 137.7355 -1048.393
v 1108.602 138.0348 -1047.558
v 1109.737 139.5145 -1054.106
v 1115.595 135.3679 -1053.95
v 1110.488 137.7467 -1048.467
v 1112.494 136.0815 -1048.697
v 1115.352 134.2928 -1051.236
v 1118.089 133.8151 -1053.568
v 1121.369 133.9188 -1054.567
v 1121.369 133.9188 -1054.567
v 1120.578 129.1106 -1051.628
v 1116.654 129.7067 -1049.447
v 1113.942 134.6916 -1047.823
v 1124.357 129.5291 -1052.207
v 1121.369 133.9188 -1054.567
v 1122.489 124.672 -1049.051
v 1118.428 126.057 -1047.786
v 1125.625 125.0722 -1048.963
v 1125.625 125.0722 -1048.963
v 1125.549 119.5647 -1046.629
v 1122.441 119.1775 -1047.169
v 1112.494 136.0815 -1048.697
v 1113.942 134.6916 -1047.823
v 1102.506 138.8756 -1049.267
v 1107.08 138.2717 -1045.344
v 1102.949 139.997 -1051.187
v 1102.506 138.8756 -1049.267
v 1107.267 135.7229 -1043.913
v 1107.08 138.2717 -1045.344
v 1103.279 136.1569 -1048.79
v 1107.267 135.7229 -1043.913
v 1102.506 138.8756 -1049.267
v 1108.01 132.9697 -1043.579
v 1102.949 139.997 -1051.187
v 1107.08 138.2717 -1045.344
v 1107.28 138.7555 -1046.772
v 1102.949 139.997 -1051.187
v 1107.28 138.7555 -1046.772
v 1108.602 138.0348 -1047.558
v 1109.737 139.5145 -1054.106
v 1108.602 138.0348 -1047.558
v 1109.972 140.7938 -1045.575
v 1109.67 137.7355 -1048.393
v 1108.561 141.0298 -1044.58
v 1107.28 138.7555 -1046.772
v 1109.67 137.7355 -1048.393
v 1109.972 140.7938 -1045.575
v 1111.788 140.0146 -1046.335
v 1110.488 137.7467 -1048.467
v 1110.488 137.7467 -1048.467
v 1111.788 140.0146 -1046.335
v 1112.711 139.0315 -1046.389
v 1112.684 137.8233 -1054.394
v 1109.67 137.7355 -1048.393
v 1110.488 137.7467 -1048.467
v 1110.488 137.7467 -1048.467
v 1112.711 139.0315 -1046.389
v 1112.494 136.0815 -1048.697
v 1114.086 138.5603 -1046.081
v 1113.942 134.6916 -1047.823
v 1113.942 134.6916 -1047.823
v 1114.086 138.5603 -1046.081
v 1115.805 136.7101 -1045.466
v 1116.393 130.2065 -1047.903
v 1116.393 130.2065 -1047.903
v 1115.805 136.7101 -1045.466
v 1118.311 131.1236 -1046.833
v 1116.654 129.7067 -1049.447
v 1113.942 134.6916 -1047.823
v 1116.393 130.2065 -1047.903
v 1118.428 126.057 -1047.786
v 1126.12 130.5386 -1051.059
v 1121.369 133.9188 -1054.567
v 1124.357 129.5291 -1052.207
v 1127.385 125.8974 -1048
v 1125.625 125.0722 -1048.963
v 1127.278 121.2817 -1044.589
v 1125.549 119.5647 -1046.629
v 1124.082 118.8681 -1039.766
v 1122.529 117.326 -1041.195
v 1118.428 126.057 -1047.786
v 1116.393 130.2065 -1047.903
v 1117.354 127.1994 -1046.408
v 1119.776 120.3469 -1045.893
v 1119.114 122.3876 -1043.548
v 1122.441 119.1775 -1047.169
v 1122.489 124.672 -1049.051
v 1118.428 126.057 -1047.786
v 1122.441 119.1775 -1047.169
v 1127.278 121.2817 -1044.589
v 1125.625 125.0722 -1048.963
v 1125.549 119.5647 -1046.629
v 1122.441 119.1775 -1047.169
v 1119.776 120.3469 -1045.893
v 1120.423 117.7044 -1042.696
v 1118.998 119.7821 -1043.39
v 1122.529 117.326 -1041.195
v 1119.034 117.9583 -1040.439
v 1118.054 119.5075 -1041.596
v 1116.601 118.9446 -1038.877
v 1120.64 117.9383 -1038.878
v 1118.054 119.5075 -1041.596
v 1116.208 119.754 -1040.345
v 1117.577 119.3124 -1037.509
v 1116.601 118.9446 -1038.877
v 1120.64 117.9383 -1038.878
v 1125.549 119.5647 -1046.629
v 1122.441 119.1775 -1047.169
v 1122.529 117.326 -1041.195
v 1118.054 119.5075 -1041.596
v 1118.275 121.6785 -1041.673
v 1116.208 119.754 -1040.345
v 1121.932 119.4593 -1037.829
v 1122.529 117.326 -1041.195
v 1120.64 117.9383 -1038.878
v 1124.082 118.8681 -1039.766
v 1116.601 118.9446 -1038.877
v 1116.208 119.754 -1040.345
v 1113.783 123.6674 -1038.051
v 1116.208 119.754 -1040.345
v 1114.105 123.5154 -1039.624
v 1116.628 121.2669 -1041.05
v 1115.326 124.006 -1040.474
v 1111.501 127.7318 -1038.952
v 1112.268 128.3818 -1037.793
v 1114.549 124.3728 -1036.674
v 1116.601 118.9446 -1038.877
v 1117.577 119.3124 -1037.509
v 1115.953 125.2187 -1036.301
v 1118.564 120.6423 -1037.039
v 1111.677 127.61 -1040.407
v 1112.692 128.0881 -1041.307
v 1111.114 131.0619 -1042.625
v 1112.249 131.0756 -1043.455
v 1114.209 128.485 -1041.028
v 1116.075 125.3108 -1040.309
v 1117.513 123.1489 -1040.313
v 1110.847 131.5555 -1041.316
v 1111.114 131.0619 -1042.625
v 1112.249 131.0756 -1043.455
v 1114.209 128.485 -1041.028
v 1113.6 131.1463 -1042.864
v 1114.801 128.8414 -1040.208
v 1114.266 131.6475 -1041.94
v 1112.977 133.748 -1043.845
v 1111.862 133.8797 -1044.502
v 1114.851 129.1433 -1039.188
v 1111.114 131.0619 -1042.625
v 1112.249 131.0756 -1043.455
v 1111.336 133.5608 -1043.838
v 1111.336 133.5608 -1043.838
v 1112.249 131.0756 -1043.455
v 1111.862 133.8797 -1044.502
v 1170.444 78.40788 -1057.09
v 1173.362 70.21088 -1054.377
v 1151.717 76.62811 -1048.708
v 1154.635 68.43109 -1045.995
v 1147.153 79.77461 -1055.943
v 1165.88 81.55441 -1064.325
v 1143.618 76.02739 -1063.462
v 1162.345 77.80718 -1071.843
v 1141.97 67.41912 -1065.183
v 1153.459 69.2722 -1070.435
v 1135.469 75.23436 -1041.159
v 1138.505 67.20264 -1038.311
v 1130.639 78.1337 -1048.302
v 1126.915 74.15237 -1055.505
v 1128.277 65.67182 -1058.379
v 1122.905 74.94859 -1035.489
v 1117.532 77.34117 -1042.649
v 1122.905 74.94859 -1035.489
v 1113.626 72.81253 -1049.325
v 1117.532 77.34117 -1042.649
v 1115.42 63.71781 -1051.538
v 1113.626 72.81253 -1049.325
v 1106.077 77.8917 -1039.786
v 1102.035 70.75245 -1045.921
v 1104.264 62.17691 -1046.281
v 1122.905 74.94859 -1035.489
v 1127.084 66.34689 -1030.411
v 1112.81 77.6458 -1031.67
v 1127.084 66.34689 -1030.411
v 1118.056 69.56093 -1024.597
v 1107.65 75.17983 -1022.907
v 1099.928 77.4175 -1029.561
v 1092.977 76.67045 -1022.003
v 1101.669 75.14362 -1016.404
v 1111.469 66.9483 -1019.57
v 1118.056 69.56093 -1024.597
v 1107.782 66.93987 -1013.271
v 1106.077 77.8917 -1039.786
v 1122.905 74.94859 -1035.489
v 1086.565 70.66753 -1026.704
v 1093.951 72.05347 -1035.393
v 1086.565 70.66753 -1026.704
v 1083.469 70.16031 -1020.914
v 1090.139 76.3148 -1016.92
v 1099.579 74.81184 -1012.235
v 1106.15 66.65303 -1009.823
v 1087.952 75.21333 -1005.745
v 1105.473 64.18447 -1003.515
v 1098.819 72.8678 -1003.476
v 1105.473 64.18447 -1003.515
v 1105.157 60.80095 -997.8809
v 1099.398 68.90039 -995.2694
v 1105.157 60.80095 -997.8809
v 1088.239 71.52626 -994.8341
v 1079.783 69.6649 -1008.691
v 1106.486 58.55696 -993.3664
v 1101.011 66.07866 -988.6248
v 1090.188 67.86663 -985.5481
v 1079.343 66.86079 -996.5466
v 1079.783 69.6649 -1008.691
v 1083.469 70.16031 -1020.914
v 1081.154 62.69531 -985.6487
v 1094.301 64.34979 -978.3348
v 1086.693 57.92052 -976.2163
v 1108.269 57.42638 -990.96
v 1103.54 64.09432 -984.4168
v 1110.545 56.7333 -989.9303
v 1107.007 62.97889 -982.2607
v 1100.001 62.19596 -973.7138
v 1086.693 57.92052 -976.2163
v 1094.697 54.60207 -969.6651
v 1113.379 55.09317 -988.2166
v 1111.153 60.99665 -981.2851
v 1106.018 60.65664 -971.9009
v 1094.697 54.60207 -969.6651
v 1102.035 70.75245 -1045.921
v 1117.532 77.34117 -1042.649
v 1106.077 77.8917 -1039.786
v 1079.343 66.86079 -996.5466
v 1080.954 57.91838 -1010.415
v 1079.783 69.6649 -1008.691
v 1079.63 55.99386 -999.8528
v 1081.154 62.69531 -985.6487
v 1081.358 52.07445 -990.0549
v 1083.952 59.45038 -1020.341
v 1079.783 69.6649 -1008.691
v 1103.276 53.66664 -966.6271
v 1094.697 54.60207 -969.6651
v 1106.018 60.65664 -971.9009
v 1111.153 60.99665 -981.2851
v 1107.007 62.97889 -982.2607
v 1113.379 55.09317 -988.2166
v 1117.79 53.06735 -986.2744
v 1106.018 60.65664 -971.9009
v 1100.001 62.19596 -973.7138
v 1111.153 60.99665 -981.2851
v 1115.745 58.88729 -981.5166
v 1115.745 58.88729 -981.5166
v 1111.153 60.99665 -981.2851
v 1117.79 53.06735 -986.2744
v 1113.622 59.6615 -973.7961
v 1106.018 60.65664 -971.9009
v 1115.745 58.88729 -981.5166
v 1113.751 54.64983 -968.139
v 1103.276 53.66664 -966.6271
v 1113.622 59.6615 -973.7961
v 1113.622 59.6615 -973.7961
v 1103.276 53.66664 -966.6271
v 1106.018 60.65664 -971.9009
v 1113.751 54.64983 -968.139
v 1113.622 59.6615 -973.7961
v 1116.794 57.20308 -968.979
v 1116.068 60.65282 -975.6803
v 1113.622 59.6615 -973.7961
v 1115.745 58.88729 -981.5166
v 1116.068 60.65282 -975.6803
v 1118.211 52.38771 -967.3327
v 1113.751 54.64983 -968.139
v 1116.794 57.20308 -968.979
v 1113.484 48.24621 -967.7822
v 1103.228 46.18876 -968.2384
v 1121.174 56.42826 -967.8935
v 1118.535 60.16359 -970.6641
v 1116.068 60.65282 -975.6803
v 1117.493 61.65754 -977.9449
v 1123.151 60.98323 -968.9727
v 1119.685 63.0083 -972.5263
v 1117.493 61.65754 -977.9449
v 1118.943 62.93504 -979.9132
v 1129.515 56.75642 -968.7167
v 1121.029 66.46466 -974.043
v 1120.76 65.60354 -981.3312
v 1125.67 67.15419 -970.2442
v 1132.345 64.58031 -969.5948
v 1122.76 59.44852 -985.4553
v 1120.039 58.44128 -984.357
v 1125.49 62.5868 -986.3169
v 1124.51 75.38618 -983.844
v 1124.232 76.85353 -976.7816
v 1128.122 76.7863 -972.5829
v 1134.907 75.05505 -971.4527
v 1129.63 73.07899 -988.381
v 1127.287 86.24489 -987.0294
v 1126.866 88.33105 -980.278
v 1130.203 86.93981 -975.612
v 1137.427 85.08725 -974.3045
v 1127.993 93.2219 -982.4462
v 1128.475 90.5955 -988.9265
v 1131.687 94.46098 -978.8309
v 1139.205 93.45379 -977.572
v 1144.504 90.20323 -981.6778
v 1142.832 82.96804 -978.7497
v 1140.561 72.19389 -976.177
v 1130.573 96.30243 -993.2103
v 1129.741 100.3042 -987.6904
v 1132.729 101.5233 -983.9261
v 1129.741 100.3042 -987.6904
v 1130.573 96.30243 -993.2103
v 1140.101 101.0152 -981.9675
v 1140.101 101.0152 -981.9675
v 1145.538 97.99261 -985.048
v 1132.493 98.90771 -997.7235
v 1132.935 106.3427 -990.463
v 1139.6 107.5732 -987.9967
v 1130.829 104.0163 -993.6738
v 1132.729 101.5233 -983.9261
v 1115.745 58.88729 -981.5166
v 1117.79 58.63406 -982.8747
v 1115.745 58.88729 -981.5166
v 1117.79 53.06735 -986.2744
v 1117.79 58.63406 -982.8747
v 1116.068 60.65282 -975.6803
v 1117.79 58.63406 -982.8747
v 1117.493 61.65754 -977.9449
v 1117.493 61.65754 -977.9449
v 1117.79 58.63406 -982.8747
v 1120.039 58.44128 -984.357
v 1117.493 61.65754 -977.9449
v 1120.039 58.44128 -984.357
v 1118.943 62.93504 -979.9132
v 1117.79 58.63406 -982.8747
v 1120.742 52.36697 -986.3054
v 1120.039 58.44128 -984.357
v 1132.935 106.3427 -990.463
v 1132.729 101.5233 -983.9261
v 1130.829 104.0163 -993.6738
v 1139.6 107.5732 -987.9967
v 1140.101 101.0152 -981.9675
v 1132.935 106.3427 -990.463
v 1146.057 104.4769 -989.7512
v 1145.538 97.99261 -985.048
v 1139.6 107.5732 -987.9967
v 1138.177 111.8543 -994.9491
v 1134.157 100.2188 -1002.095
v 1130.829 104.0163 -993.6738
v 1132.493 98.90771 -997.7235
v 1131.474 105.5592 -999.3237
v 1132.935 106.3427 -990.463
v 1130.829 104.0163 -993.6738
v 1133.024 109.045 -996.882
v 1132.935 106.3427 -990.463
v 1131.474 105.5592 -999.3237
v 1131.498 105.9486 -1004.254
v 1132.394 110.274 -1002.818
v 1133.024 109.045 -996.882
v 1128.74 107.1581 -1008.24
v 1131.498 105.9486 -1004.254
v 1129.073 111.503 -1007.451
v 1126.554 106.8181 -1012.851
v 1129.073 111.503 -1007.451
v 1126.654 111.2453 -1012.221
v 1124.038 106.3293 -1016.058
v 1123.798 110.8957 -1015.926
v 1120.523 105.8449 -1018.965
v 1120.063 110.5554 -1019.18
v 1126.09 114.9846 -1018.846
v 1130.644 115.1346 -1014.261
v 1126.654 111.2453 -1012.221
v 1134.208 114.6423 -1008.571
v 1139.74 115.8511 -1010.315
v 1143.195 114.1487 -1002.939
v 1135.509 116.8907 -1017.35
v 1144.756 112.0831 -1012.692
v 1147.934 109.6213 -1004.736
v 1129.829 116.7661 -1023.307
v 1140.473 113.4194 -1020.89
v 1133.696 113.2088 -1028.142
v 1121.044 114.5044 -1021.972
v 1123.216 115.5705 -1027.262
v 1124.911 111.5323 -1032.565
v 1115.082 110.4959 -1020.652
v 1114.214 104.8843 -1021.038
v 1116.437 114.5641 -1023.675
v 1117.643 115.2763 -1028.965
v 1117.185 111.805 -1034.026
v 1111.365 110.6701 -1021.572
v 1113.203 115.0277 -1024.677
v 1114.702 115.7387 -1029.644
v 1114.898 113.2839 -1034.494
v 1111.139 115.9033 -1025.067
v 1108.158 111.9257 -1022.443
v 1110.238 104.8918 -1022.484
v 1105.821 106.2636 -1024.258
v 1112.801 116.7637 -1029.661
v 1113.584 115.0505 -1034.335
v 1111.692 110.3944 -1036.817
v 1104.757 114.3714 -1023.541
v 1111.119 118.3796 -1029.811
v 1108.789 117.8208 -1025.621
v 1112.208 116.6616 -1034.215
v 1109.714 112.7811 -1037.273
v 1109.269 121.2731 -1030.885
v 1106.262 121.3845 -1026.953
v 1101.701 118.4291 -1025.115
v 1110.54 119.4822 -1035.228
v 1098.357 125.52 -1028.008
v 1103.979 126.7082 -1029.615
v 1106.96 125.9474 -1033.057
v 1096.58 133.1466 -1031.832
v 1091.694 131.2784 -1035.367
v 1094.07 121.8782 -1030.811
v 1098.637 112.9525 -1027.418
v 1102.364 133.1154 -1032.719
v 1106.997 131.1939 -1036.009
v 1109.404 123.6172 -1037.602
v 1097.03 140.1583 -1036.471
v 1092.054 139.9271 -1040.959
v 1102.12 138.7288 -1036.776
v 1106.365 135.7987 -1039.093
v 1108.497 128.4337 -1039.818
v 1109.404 123.6172 -1037.602
v 1108.01 132.9697 -1043.579
v 1098.203 144.2919 -1040.105
v 1093.586 143.5832 -1044.03
v 1102.746 142.2717 -1039.787
v 1106.493 138.917 -1041.321
v 1107.267 135.7229 -1043.913
v 1100.671 146.9368 -1043.465
v 1096.189 146.578 -1047.09
v 1104.247 144.3568 -1042.605
v 1107.654 140.6207 -1042.962
v 1107.654 140.6207 -1042.962
v 1107.08 138.2717 -1045.344
v 1106.634 144.944 -1045.066
v 1104.428 147.9524 -1046.373
v 1096.189 146.578 -1047.09
v 1108.561 141.0298 -1044.58
v 1107.654 140.6207 -1042.962
v 1110.188 144.3735 -1046.804
v 1109.319 147.2211 -1049.625
v 1100.092 148.8352 -1049.351
v 1108.103 148.0905 -1054.27
v 1113.019 142.9705 -1047.904
v 1113.138 145.2677 -1051.037
v 1108.103 148.0905 -1054.27
v 1112.518 146.1818 -1055.036
v 1111.788 140.0146 -1046.335
v 1109.972 140.7938 -1045.575
v 1109.972 140.7938 -1045.575
v 1112.711 139.0315 -1046.389
v 1114.971 141.0648 -1048.292
v 1116.281 142.6376 -1051.544
v 1112.518 146.1818 -1055.036
v 1116.452 143.1235 -1055.218
v 1114.086 138.5603 -1046.081
v 1116.705 139.5537 -1047.683
v 1119.033 139.3289 -1051.309
v 1116.452 143.1235 -1055.218
v 1115.805 136.7101 -1045.466
v 1118.489 137.3517 -1046.733
v 1118.489 137.3517 -1046.733
v 1121.237 135.6982 -1050.165
v 1119.823 139.3494 -1054.636
v 1116.452 143.1235 -1055.218
v 1122.463 135.1376 -1053.227
v 1123.83 131.3632 -1048.608
v 1121.113 131.3837 -1047.488
v 1118.489 137.3517 -1046.733
v 1126.12 130.5386 -1051.059
v 1124.844 127.1879 -1046.326
v 1127.385 125.8974 -1048
v 1122.326 127.6048 -1045.74
v 1119.579 127.8284 -1045.397
v 1118.311 131.1236 -1046.833
v 1118.489 137.3517 -1046.733
v 1120.199 124.6253 -1042.799
v 1122.521 125.22 -1042.657
v 1120.199 124.6253 -1042.799
v 1125.168 124.4954 -1042.889
v 1121.653 123.5931 -1040.75
v 1120.196 123.4502 -1041.855
v 1123.362 122.5069 -1039.861
v 1127.278 121.2817 -1044.589
v 1124.082 118.8681 -1039.766
v 1119.17 122.8763 -1040.817
v 1120.331 123.1029 -1039.816
v 1120.331 123.1029 -1039.816
v 1119.17 122.8763 -1040.817
v 1117.513 123.1489 -1040.313
v 1120.331 123.1029 -1039.816
v 1118.24 123.5862 -1039.204
v 1121.36 122.3163 -1038.548
v 1118.24 123.5862 -1039.204
v 1123.362 122.5069 -1039.861
v 1118.658 122.8113 -1038.245
v 1124.082 118.8681 -1039.766
v 1133.024 109.045 -996.882
v 1139.6 107.5732 -987.9967
v 1132.935 106.3427 -990.463
v 1138.177 111.8543 -994.9491
v 1139.6 107.5732 -987.9967
v 1133.024 109.045 -996.882
v 1132.394 110.274 -1002.818
v 1145.322 110.1423 -995.6665
v 1146.057 104.4769 -989.7512
v 1138.177 111.8543 -994.9491
v 1136.12 113.9574 -1001.936
v 1138.177 111.8543 -994.9491
v 1145.322 110.1423 -995.6665
v 1147.999 100.2846 -993.0901
v 1146.057 104.4769 -989.7512
v 1147.999 100.2846 -993.0901
v 1146.681 94.69656 -989.6169
v 1146.057 104.4769 -989.7512
v 1148.635 105.3561 -997.9809
v 1147.999 100.2846 -993.0901
v 1145.322 110.1423 -995.6665
v 1143.195 114.1487 -1002.939
v 1136.12 113.9574 -1001.936
v 1138.177 111.8543 -994.9491
v 1132.394 110.274 -1002.818
v 1129.073 111.503 -1007.451
v 1143.195 114.1487 -1002.939
v 1145.322 110.1423 -995.6665
v 1136.12 113.9574 -1001.936
v 1129.073 111.503 -1007.451
v 1126.654 111.2453 -1012.221
v 1147.934 109.6213 -1004.736
v 1148.635 105.3561 -997.9809
v 1139.74 115.8511 -1010.315
v 1147.934 109.6213 -1004.736
v 1140.473 113.4194 -1020.89
v 1144.756 112.0831 -1012.692
v 1135.509 116.8907 -1017.35
v 1109.404 123.6172 -1037.602
v 1110.54 119.4822 -1035.228
v 1092.054 139.9271 -1040.959
v 1096.58 133.1466 -1031.832
v 1091.694 131.2784 -1035.367
v 1092.054 139.9271 -1040.959
v 1091.694 131.2784 -1035.367
v 1092.758 137.1242 -1044.826
v 1092.486 129.0313 -1039.971
v 1092.054 139.9271 -1040.959
v 1092.758 137.1242 -1044.826
v 1093.586 143.5832 -1044.03
v 1094.056 140.532 -1047.339
v 1096.189 146.578 -1047.09
v 1096.15 143.3674 -1049.834
v 1096.189 146.578 -1047.09
v 1096.15 143.3674 -1049.834
v 1100.092 148.8352 -1049.351
v 1099.034 146.053 -1051.905
v 1104.428 147.9524 -1046.373
v 1100.092 148.8352 -1049.351
v 1108.103 148.0905 -1054.27
v 1106.777 145.5747 -1055.98
v 1112.518 146.1818 -1055.036
v 1111.075 144.2065 -1056.802
v 1099.034 146.053 -1051.905
v 1112.518 146.1818 -1055.036
v 1111.075 144.2065 -1056.802
v 1116.452 143.1235 -1055.218
v 1116.452 143.1235 -1055.218
v 1111.075 144.2065 -1056.802
v 1115.076 141.4697 -1056.874
v 1116.452 143.1235 -1055.218
v 1115.076 141.4697 -1056.874
v 1119.823 139.3494 -1054.636
v 1118.566 137.9373 -1056.137
v 1115.805 136.7101 -1045.466
v 1118.489 137.3517 -1046.733
v 1118.311 131.1236 -1046.833
v 1119.114 122.3876 -1043.548
v 1119.579 127.8284 -1045.397
v 1120.199 124.6253 -1042.799
v 1120.199 124.6253 -1042.799
v 1119.088 122.3416 -1042.871
v 1117.354 127.1994 -1046.408
v 1119.579 127.8284 -1045.397
v 1119.114 122.3876 -1043.548
v 1118.311 131.1236 -1046.833
v 1116.393 130.2065 -1047.903
v 1118.311 131.1236 -1046.833
v 1117.354 127.1994 -1046.408
v 1120.199 124.6253 -1042.799
v 1122.521 125.22 -1042.657
v 1120.196 123.4502 -1041.855
v 1119.088 122.3416 -1042.871
v 1120.199 124.6253 -1042.799
v 1120.196 123.4502 -1041.855
v 1119.088 122.3416 -1042.871
v 1118.275 121.6785 -1041.673
v 1118.998 119.7821 -1043.39
v 1119.114 122.3876 -1043.548
v 1119.088 122.3416 -1042.871
v 1119.776 120.3469 -1045.893
v 1118.054 119.5075 -1041.596
v 1118.275 121.6785 -1041.673
v 1120.196 123.4502 -1041.855
v 1119.17 122.8763 -1040.817
v 1116.628 121.2669 -1041.05
v 1116.628 121.2669 -1041.05
v 1119.17 122.8763 -1040.817
v 1117.513 123.1489 -1040.313
v 1115.326 124.006 -1040.474
v 1118.054 119.5075 -1041.596
v 1119.088 122.3416 -1042.871
v 1118.275 121.6785 -1041.673
v 1121.36 122.3163 -1038.548
v 1121.932 119.4593 -1037.829
v 1118.658 122.8113 -1038.245
v 1118.658 122.8113 -1038.245
v 1121.932 119.4593 -1037.829
v 1118.564 120.6423 -1037.039
v 1118.24 123.5862 -1039.204
v 1118.658 122.8113 -1038.245
v 1116.705 125.8824 -1039.472
v 1116.705 125.8824 -1039.472
v 1118.658 122.8113 -1038.245
v 1116.963 125.9945 -1038.115
v 1114.801 128.8414 -1040.208
v 1114.851 129.1433 -1039.188
v 1115.953 125.2187 -1036.301
v 1118.564 120.6423 -1037.039
v 1113.529 129.1798 -1037.61
v 1114.209 128.485 -1041.028
v 1116.075 125.3108 -1040.309
v 1118.24 123.5862 -1039.204
v 1117.513 123.1489 -1040.313
v 1114.029 132.2359 -1040.715
v 1114.266 131.6475 -1041.94
v 1113.298 134.074 -1042.943
v 1113.063 134.2938 -1042.431
v 1112.942 132.7799 -1040.158
v 1113.529 129.1798 -1037.61
v 1111.901 135.4922 -1043.487
v 1112.977 133.748 -1043.845
v 1118.658 122.8113 -1038.245
v 1118.564 120.6423 -1037.039
v 1113.063 134.2938 -1042.431
v 1112.942 132.7799 -1040.158
v 1112.617 134.5298 -1042.357
v 1111.604 132.2672 -1040.294
v 1111.87 134.0205 -1042.322
v 1110.847 131.5555 -1041.316
v 1111.339 133.6191 -1042.935
v 1111.114 131.0619 -1042.625
v 1111.501 127.7318 -1038.952
v 1112.268 128.3818 -1037.793
v 1111.901 135.4922 -1043.487
v 1111.336 133.5608 -1043.838
v 1111.901 135.4922 -1043.487
v 1111.901 135.4922 -1043.487
v 1111.114 131.0619 -1042.625
v 1111.336 133.5608 -1043.838
v 1113.529 129.1798 -1037.61
v 1112.268 128.3818 -1037.793
v 1112.942 132.7799 -1040.158
v 1113.529 129.1798 -1037.61
v 1114.549 124.3728 -1036.674
v 1111.901 135.4922 -1043.487
v 1111.862 133.8797 -1044.502
v 1112.977 133.748 -1043.845
v 1111.901 135.4922 -1043.487
v 1111.336 133.5608 -1043.838
v 1111.862 133.8797 -1044.502
v 1115.953 125.2187 -1036.301
v 1114.549 124.3728 -1036.674
v 1113.529 129.1798 -1037.61
v 1118.056 69.56093 -1024.597
v 1126.697 57.71529 -1032.859
v 1113.626 72.81253 -1049.325
v 1102.035 70.75245 -1045.921
v 1094.399 61.86239 -1036.778
v 1088.14 60.26399 -1028.321
v 1102.035 70.75245 -1045.921
v 1103.228 46.18876 -968.2384
v 1094.467 45.66178 -973.064
v 1103.276 53.66664 -966.6271
v 1103.276 53.66664 -966.6271
v 1094.467 45.66178 -973.064
v 1094.697 54.60207 -969.6651
v 1113.751 54.64983 -968.139
v 1103.228 46.18876 -968.2384
v 1103.276 53.66664 -966.6271
v 1117.79 58.63406 -982.8747
v 1117.79 53.06735 -986.2744
v 1120.742 52.36697 -986.3054
v 1120.039 58.44128 -984.357
v 1124.479 52.4302 -986.119
v 1125.547 50.91967 -968.495
v 1120.039 58.44128 -984.357
v 1114.898 113.2839 -1034.494
v 1101.863 109.1516 -1025.897
v 1107.08 138.2717 -1045.344
v 1106.493 138.917 -1041.321
v 1107.654 140.6207 -1042.962
v 1107.08 138.2717 -1045.344
v 1107.654 140.6207 -1042.962
v 1107.28 138.7555 -1046.772
v 1107.28 138.7555 -1046.772
v 1107.654 140.6207 -1042.962
v 1108.561 141.0298 -1044.58
v 1119.823 139.3494 -1054.636
v 1118.566 137.9373 -1056.137
v 1122.463 135.1376 -1053.227
v 1121.369 133.9188 -1054.567
v 1126.12 130.5386 -1051.059
v 1100.092 148.8352 -1049.351
v 1099.034 146.053 -1051.905
v 1108.103 148.0905 -1054.27
v 1116.208 119.754 -1040.345
v 1118.275 121.6785 -1041.673
v 1116.628 121.2669 -1041.05
v 1121.932 119.4593 -1037.829
v 1120.64 117.9383 -1038.878
v 1118.564 120.6423 -1037.039
v 1118.564 120.6423 -1037.039
v 1120.64 117.9383 -1038.878
v 1117.577 119.3124 -1037.509
v 1121.36 122.3163 -1038.548
v 1124.082 118.8681 -1039.766
v 1121.932 119.4593 -1037.829
v 1176.566 23.21086 -949.0062
v 1174.22 18.88009 -951.3211
v 1158.133 30.10986 -944.9032
v 1155.786 25.77906 -947.2178
v 1172.422 17.68877 -956.3183
v 1153.989 24.58769 -952.2151
v 1146.913 42.37117 -943.1443
v 1143.435 38.98497 -945.0984
v 1141.64 37.79844 -950.0973
v 1137.521 55.37288 -945.6073
v 1135.731 54.19186 -950.6092
v 1172.422 17.68877 -956.3183
v 1155.314 32.1669 -958.6907
v 1153.989 24.58769 -952.2151
v 1173.748 25.2679 -962.7938
v 1145.908 43.10318 -957.3791
v 1141.64 37.79844 -950.0973
v 1141.715 56.6079 -957.9719
v 1135.731 54.19186 -950.6092
v 1140.521 71.09886 -960.0169
v 1133.344 70.91678 -953.1308
v 1140.497 84.63928 -962.9676
v 1132.967 85.9157 -956.5289
v 1141.765 95.50727 -965.7506
v 1134.176 97.81979 -959.8227
v 1144.262 103.5315 -968.0412
v 1136.635 107.0237 -963.0041
v 1147.539 109.0861 -969.7667
v 1140.264 114.0599 -965.8732
v 1151.337 112.6237 -970.8571
v 1145.006 119.1858 -968.362
v 1145.006 119.1858 -968.362
v 1155.472 114.6386 -971.2404
v 1150.627 122.4594 -970.3323
v 1151.337 112.6237 -970.8571
v 1154.462 111.3564 -967.0239
v 1155.472 114.6386 -971.2404
v 1157.548 113.1645 -967.2946
v 1155.629 109.9431 -959.9005
v 1151.449 108.3087 -966.4064
v 1153.57 108.08 -959.6144
v 1147.539 109.0861 -969.7667
v 1148.675 103.2832 -965.124
v 1152.069 102.4007 -958.8223
v 1150.192 94.231 -957.5363
v 1144.262 103.5315 -968.0412
v 1146.484 95.711 -963.2159
v 1150.192 94.231 -957.5363
v 1149.259 85.85978 -955.2028
v 1141.765 95.50727 -965.7506
v 1145.337 85.27363 -960.6431
v 1149.259 85.85978 -955.2028
v 1147.058 73.52043 -952.8602
v 1140.497 84.63928 -962.9676
v 1145.286 72.34705 -957.8613
v 1147.058 73.52043 -952.8602
v 1147.939 59.96655 -950.963
v 1146.149 58.78548 -955.965
v 1140.521 71.09886 -960.0169
v 1141.715 56.6079 -957.9719
v 1149.567 46.4848 -955.3657
v 1145.908 43.10318 -957.3791
v 1144.799 73.93143 -947.9428
v 1149.259 85.85978 -955.2028
v 1149.259 85.85978 -955.2028
v 1146.853 86.87038 -950.4683
v 1150.192 94.231 -957.5363
v 1153.57 108.08 -959.6144
v 1155.629 109.9431 -959.9005
v 1153.57 108.08 -959.6144
v 1150.929 110.6716 -955.9414
v 1155.629 109.9431 -959.9005
v 1155.629 109.9431 -959.9005
v 1150.929 110.6716 -955.9414
v 1153.215 113.262 -956.8222
v 1157.619 114.93 -959.9524
v 1155.641 118.9008 -957.362
v 1151.449 108.3087 -966.4064
v 1152.069 102.4007 -958.8223
v 1153.57 108.08 -959.6144
v 1152.069 102.4007 -958.8223
v 1149.429 104.3434 -954.6629
v 1153.57 108.08 -959.6144
v 1147.701 95.67018 -953.0137
v 1150.192 94.231 -957.5363
v 1153.57 108.08 -959.6144
v 1150.929 110.6716 -955.9414
v 1178.088 28.14434 -950.7295
v 1176.566 23.21086 -949.0062
v 1159.654 35.04324 -946.6265
v 1158.133 30.10986 -944.9032
v 1159.459 37.68919 -951.3786
v 1177.892 30.79021 -955.4821
v 1157.661 36.49767 -956.3758
v 1176.095 29.59883 -960.479
v 1155.314 32.1669 -958.6907
v 1173.748 25.2679 -962.7938
v 1150.245 45.96795 -945.3108
v 1146.913 42.37117 -943.1443
v 1151.363 47.67139 -950.3672
v 1149.567 46.4848 -955.3657
v 1145.908 43.10318 -957.3791
v 1146.037 59.45941 -945.8952
v 1141.666 57.55802 -943.6951
v 1147.939 59.96655 -950.963
v 1146.149 58.78548 -955.965
v 1144.799 73.93143 -947.9428
v 1139.842 73.33924 -945.9871
v 1147.058 73.52043 -952.8602
v 1147.058 73.52043 -952.8602
v 1146.853 86.87038 -950.4683
v 1139.527 87.7131 -949.213
v 1147.701 95.67018 -953.0137
v 1140.469 99.18497 -952.2977
v 1134.687 87.07878 -951.5373
v 1135.116 72.09007 -948.1296
v 1133.344 70.91678 -953.1308
v 1135.731 54.19186 -950.6092
v 1137.521 55.37288 -945.6073
v 1143.435 38.98497 -945.0984
v 1132.967 85.9157 -956.5289
v 1135.75 98.98134 -954.8327
v 1134.176 97.81979 -959.8227
v 1142.301 107.9735 -955.0829
v 1137.888 108.2219 -957.9999
v 1149.429 104.3434 -954.6629
v 1136.635 107.0237 -963.0041
v 1145.071 114.5656 -957.5391
v 1141.161 115.3428 -960.8996
v 1150.929 110.6716 -955.9414
v 1150.929 110.6716 -955.9414
v 1140.264 114.0599 -965.8732
v 1148.635 119.369 -959.6352
v 1145.509 120.6365 -963.482
v 1153.215 113.262 -956.8222
v 1145.006 119.1858 -968.362
v 1152.845 122.8157 -960.5902
v 1150.697 124.2248 -965.6516
v 1155.641 118.9008 -957.362
v 1157.51 124.412 -960.5878
v 1156.348 126.1983 -967.4477
v 1159.132 120.7999 -957.6937
v 1159.132 120.7999 -957.6937
v 1150.627 122.4594 -970.3323
v 1145.006 119.1858 -968.362
v 1162.225 123.9332 -959.7995
v 1162.542 119.5765 -958.1533
v 1150.627 122.4594 -970.3323
v 1156.752 123.8503 -971.7021
v 1162.225 123.9332 -959.7995
v 1162.609 126.7865 -966.8689
v 1156.752 123.8503 -971.7021
v 1167.254 123.4833 -959.1394
v 1168.939 125.5071 -965.7216
v 1162.861 124.8486 -971.1842
v 1156.752 123.8503 -971.7021
v 1169.158 123.9444 -970.0292
v 1173.043 120.072 -958.9281
v 1174.916 122.2413 -964.0812
v 1170.724 115.8716 -957.7323
v 1166.238 118.9341 -958.0105
v 1162.225 123.9332 -959.7995
v 1175.185 121.0451 -968.3525
v 1177.884 115.4999 -958.7505
v 1180.269 117.2402 -962.1768
v 1174.416 111.8345 -957.8078
v 1180.656 116.2529 -966.3073
v 1182.15 109.3796 -957.1043
v 1184.944 110.6001 -960.0184
v 1178.167 106.5702 -956.6303
v 1185.465 109.8125 -964.0026
v 1186.779 102.6786 -955.6001
v 1189.291 103.0497 -958.7334
v 1182.853 100.9982 -954.795
v 1190.873 95.34119 -954.0019
v 1192.602 95.00646 -957.2887
v 1189.201 101.8814 -962.4764
v 1185.465 109.8125 -964.0026
v 1187.32 94.29366 -952.5743
v 1183.79 92.41469 -953.7215
v 1179.922 98.8979 -956.8048
v 1193.202 88.29579 -951.9827
v 1194.157 87.39989 -955.2527
v 1190.393 87.91315 -950.1604
v 1187.187 86.54353 -950.8549
v 1185.54 84.91624 -953.6078
v 1182.714 90.8427 -956.9357
v 1194.723 81.42032 -949.486
v 1195.272 79.93353 -952.574
v 1191.991 81.99213 -947.4396
v 1188.57 81.3974 -947.7058
v 1186.648 79.87848 -950.082
v 1192.408 77.31078 -943.8744
v 1194.947 75.76321 -945.3609
v 1188.593 77.66027 -944.5161
v 1186.257 76.38438 -946.6838
v 1186.553 74.3187 -949.1718
v 1187.273 78.34007 -953.0623
v 1191.156 74.27771 -940.336
v 1193.543 72.05177 -940.9038
v 1187.395 75.1918 -941.5779
v 1184.877 74.09111 -943.7978
v 1184.999 71.64721 -945.6776
v 1188.445 73.02812 -937.2988
v 1190.223 70.49688 -937.0293
v 1185.152 74.20481 -939.1948
v 1182.908 73.06736 -941.3417
v 1182.908 73.06736 -941.3417
v 1182.754 70.39368 -942.5605
v 1182.908 73.06736 -941.3417
v 1185.13 73.35342 -935.2303
v 1182.721 74.4313 -937.6175
v 1180.819 73.19753 -939.6296
v 1180.819 73.19753 -939.6296
v 1180.233 70.49803 -940.167
v 1180.611 75.6452 -937.1812
v 1181.732 75.10822 -934.5549
v 1178.98 74.32004 -938.9888
v 1177.358 76.3367 -939.2414
v 1178.854 77.69396 -937.6214
v 1181.732 75.10822 -934.5549
v 1179.074 77.88474 -935.0316
v 1181.585 73.06676 -932.6943
v 1186.223 70.76677 -934.0141
v 1177.854 76.81512 -933.0255
v 1177.339 81.50057 -936.6217
v 1175.674 81.12709 -934.7993
v 1175.936 75.09731 -932.7491
v 1173.484 79.94151 -934.6251
v 1177.504 80.84322 -939.0245
v 1173.814 85.61514 -937.0152
v 1171.545 84.76929 -937.0025
v 1175.657 85.55199 -938.5864
v 1175.993 84.61667 -940.7954
v 1172.052 78.63847 -936.2007
v 1174.442 73.73918 -934.367
v 1170.177 83.50967 -938.5555
v 1172.863 90.3554 -939.524
v 1170.287 89.68056 -939.712
v 1175.041 89.92016 -941.0052
v 1175.545 88.62991 -943.2875
v 1168.822 88.291 -941.4586
v 1172.933 93.98304 -942.594
v 1170.369 93.57836 -943.0305
v 1175.166 93.17587 -943.7321
v 1168.974 92.19832 -944.7864
v 1173.813 96.07809 -945.1027
v 1171.432 96.29312 -946.1604
v 1175.796 94.38994 -945.3396
v 1170.046 94.90898 -947.8942
v 1175.822 96.42849 -947.4451
v 1174.12 96.90762 -948.9387
v 1170.046 94.90898 -947.8942
v 1176.89 94.49757 -946.7445
v 1172.78 95.65453 -950.35
v 1177.422 95.40028 -948.4762
v 1176.574 95.64059 -950.1392
v 1179.733 93.40484 -949.0853
v 1179.502 93.43842 -950.946
v 1179.085 92.33558 -947.6879
v 1177.599 93.97685 -947.4574
v 1177.599 93.97685 -947.4574
v 1175.552 94.55692 -951.4722
v 1178.527 92.41656 -952.1802
v 1181.257 90.26432 -948.2678
v 1181.47 89.90566 -949.8489
v 1180.145 89.87743 -947.1344
v 1178.784 88.97171 -947.1117
v 1177.937 90.85709 -947.5724
v 1177.599 93.97685 -947.4574
v 1172.78 95.65453 -950.35
v 1182.215 86.23499 -947.5649
v 1182.358 85.80266 -948.6761
v 1181.348 86.24849 -946.8325
v 1181.776 82.93636 -945.9749
v 1182.421 82.56112 -946.3452
v 1180.921 82.96716 -946.1447
v 1180.252 85.83495 -946.911
v 1180.361 82.62041 -946.7756
v 1179.572 85.22844 -947.7656
v 1181.665 82.1886 -945.1355
v 1181.993 81.81876 -945.2039
v 1181.198 82.29443 -945.3404
v 1181.665 82.1886 -945.1355
v 1180.865 82.06219 -945.7053
v 1181.198 82.29443 -945.3404
v 1181.993 81.81876 -945.2039
v 1180.758 82.284 -943.8661
v 1153.215 113.262 -956.8222
v 1148.635 119.369 -959.6352
v 1155.641 118.9008 -957.362
v 1162.542 119.5765 -958.1533
v 1157.51 124.412 -960.5878
v 1162.225 123.9332 -959.7995
v 1185.13 73.35342 -935.2303
v 1190.223 70.49688 -937.0293
v 1181.732 75.10822 -934.5549
v 1182.908 73.06736 -941.3417
v 1180.819 73.19753 -939.6296
v 1177.707 71.94676 -938.9567
v 1180.691 82.25671 -943.8703
v 1181.665 82.1886 -945.1355
v 1180.758 82.284 -943.8661
v 1181.198 82.29443 -945.3404
v 1181.665 82.1886 -945.1355
v 1180.691 82.25671 -943.8703
v 1180.656 82.21724 -943.9188
v 1181.198 82.29443 -945.3404
v 1180.691 82.25671 -943.8703
v 1180.865 82.06219 -945.7053
v 1180.875 81.62622 -946.0102
v 1180.865 82.06219 -945.7053
v 1180.671 82.18859 -943.983
v 1180.671 82.18859 -943.983
v 1180.796 82.21498 -944.0214
v 1180.875 81.62622 -946.0102
v 1180.875 81.62622 -946.0102
v 1180.796 82.21498 -944.0214
v 1181.687 81.16586 -945.8536
v 1180.449 82.1006 -947.4899
v 1180.832 82.2545 -943.9732
v 1181.687 81.16586 -945.8536
v 1180.796 82.21498 -944.0214
v 1182.001 81.39993 -945.4982
v 1182.001 81.39993 -945.4982
v 1181.977 81.71794 -947.6509
v 1181.687 81.16586 -945.8536
v 1182.502 82.06236 -947.0317
v 1182.001 81.39993 -945.4982
v 1182.502 82.06236 -947.0317
v 1181.697 85.19741 -949.5244
v 1181.977 81.71794 -947.6509
v 1182.358 85.80266 -948.6761
v 1182.421 82.56112 -946.3452
v 1182.215 86.23499 -947.5649
v 1181.993 81.81876 -945.2039
v 1182.001 81.39993 -945.4982
v 1180.658 89.01156 -950.9513
v 1181.47 89.90566 -949.8489
v 1178.527 92.41656 -952.1802
v 1179.502 93.43842 -950.946
v 1181.993 81.81876 -945.2039
v 1182.001 81.39993 -945.4982
v 1180.817 82.28307 -943.9088
v 1180.817 82.28307 -943.9088
v 1182.001 81.39993 -945.4982
v 1180.832 82.2545 -943.9732
v 1180.758 82.284 -943.8661
v 1181.993 81.81876 -945.2039
v 1180.817 82.28307 -943.9088
v 1180.449 82.1006 -947.4899
v 1181.687 81.16586 -945.8536
v 1181.977 81.71794 -947.6509
v 1180.449 82.1006 -947.4899
v 1181.977 81.71794 -947.6509
v 1179.72 84.78521 -948.8911
v 1181.697 85.19741 -949.5244
v 1180.658 89.01156 -950.9513
v 1178.184 87.71895 -949.7951
v 1178.527 92.41656 -952.1802
v 1176.732 89.86889 -950.6667
v 1175.13 91.36073 -950.6757
v 1179.72 84.78521 -948.8911
v 1179.572 85.22844 -947.7656
v 1180.449 82.1006 -947.4899
v 1177.972 88.07762 -948.2142
v 1178.784 88.97171 -947.1117
v 1180.252 85.83495 -946.911
v 1178.184 87.71895 -949.7951
v 1176.962 89.83528 -948.806
v 1176.732 89.86889 -950.6667
v 1175.978 91.12043 -949.0128
v 1177 92.20403 -947.6796
v 1177.937 90.85709 -947.5724
v 1180.449 82.1006 -947.4899
v 1180.361 82.62041 -946.7756
v 1180.875 81.62622 -946.0102
v 1180.865 82.06219 -945.7053
v 1180.671 82.18859 -943.983
v 1180.656 82.21724 -943.9188
v 1175.13 91.36073 -950.6757
v 1175.978 91.12043 -949.0128
v 1176.732 89.86889 -950.6667
v 1175.13 91.36073 -950.6757
v 1178.527 92.41656 -952.1802
v 1175.552 94.55692 -951.4722
v 1172.78 95.65453 -950.35
v 1173.655 91.47202 -950.1518
v 1172.78 95.65453 -950.35
v 1173.655 91.47202 -950.1518
v 1175.357 90.99298 -948.6584
v 1175.13 91.36073 -950.6757
v 1174.834 90.83341 -948.4661
v 1176.219 92.21745 -946.733
v 1175.759 91.62931 -945.7791
v 1175.166 93.17587 -943.7321
v 1175.796 94.38994 -945.3396
v 1174.364 90.24928 -947.5352
v 1175.545 88.62991 -943.2875
v 1175.041 89.92016 -941.0052
v 1174.08 87.24049 -945.0339
v 1175.993 84.61667 -940.7954
v 1174.626 83.35696 -942.3487
v 1177.504 80.84322 -939.0245
v 1176.072 79.54019 -940.5999
v 1178.854 77.69396 -937.6214
v 1177.358 76.3367 -939.2414
v 1172.356 82.51099 -942.3357
v 1173.881 78.35468 -940.4255
v 1175.448 74.61543 -938.9577
v 1178.98 74.32004 -938.9888
v 1177.707 71.94676 -938.9567
v 1171.505 86.56562 -945.2218
v 1171.799 89.84422 -947.9718
v 1172.452 91.04845 -949.5241
v 1175.13 91.36073 -950.6757
v 1175.978 91.12043 -949.0128
v 1176.697 92.24604 -947.2468
v 1176.89 94.49757 -946.7445
v 1177 92.20403 -947.6796
v 1175.978 91.12043 -949.0128
v 1177.707 71.94676 -938.9567
v 1175.448 74.61543 -938.9577
v 1178.56 69.42017 -934.5226
v 1183.46 66.93712 -936.5758
v 1174.442 73.73918 -934.367
v 1173.881 78.35468 -940.4255
v 1172.052 78.63847 -936.2007
v 1172.356 82.51099 -942.3357
v 1170.177 83.50967 -938.5555
v 1171.505 86.56562 -945.2218
v 1168.822 88.291 -941.4586
v 1171.799 89.84422 -947.9718
v 1168.974 92.19832 -944.7864
v 1172.452 91.04845 -949.5241
v 1170.046 94.90898 -947.8942
v 1180.233 70.49803 -940.167
v 1183.46 66.93712 -936.5758
v 1187.21 66.93616 -940.5651
v 1183.46 66.93712 -936.5758
v 1182.754 70.39368 -942.5605
v 1190.549 68.7466 -945.138
v 1187.21 66.93616 -940.5651
v 1184.999 71.64721 -945.6776
v 1192.358 72.64624 -950.1769
v 1186.553 74.3187 -949.1718
v 1193.359 78.3765 -954.8594
v 1192.358 72.64624 -950.1769
v 1192.755 85.70727 -958.0486
v 1187.273 78.34007 -953.0623
v 1189.75 67.95747 -938.3722
v 1190.549 68.7466 -945.138
v 1185.551 68.10183 -934.5696
v 1193.307 69.75407 -942.8862
v 1192.358 72.64624 -950.1769
v 1189.75 67.95747 -938.3722
v 1194.916 73.83582 -947.9806
v 1192.358 72.64624 -950.1769
v 1193.307 69.75407 -942.8862
v 1193.543 72.05177 -940.9038
v 1194.947 75.76321 -945.3609
v 1195.272 79.93353 -952.574
v 1193.359 78.3765 -954.8594
v 1194.723 81.42032 -949.486
v 1190.223 70.49688 -937.0293
v 1192.755 85.70727 -958.0486
v 1193.359 78.3765 -954.8594
v 1192.358 72.64624 -950.1769
v 1190.223 70.49688 -937.0293
v 1189.75 67.95747 -938.3722
v 1194.157 87.39989 -955.2527
v 1192.755 85.70727 -958.0486
v 1191.744 93.51067 -960.6204
v 1192.602 95.00646 -957.2887
v 1191.744 93.51067 -960.6204
v 1187.273 78.34007 -953.0623
v 1186.553 74.3187 -949.1718
v 1193.359 78.3765 -954.8594
v 1190.223 70.49688 -937.0293
v 1189.75 67.95747 -938.3722
v 1186.223 70.76677 -934.0141
v 1186.223 70.76677 -934.0141
v 1189.75 67.95747 -938.3722
v 1185.551 68.10183 -934.5696
v 1185.551 68.10183 -934.5696
v 1187.21 66.93616 -940.5651
v 1183.46 66.93712 -936.5758
v 1186.223 70.76677 -934.0141
v 1185.551 68.10183 -934.5696
v 1181.585 73.06676 -932.6943
v 1185.551 68.10183 -934.5696
v 1183.46 66.93712 -936.5758
v 1180.198 70.74427 -932.7268
v 1180.198 70.74427 -932.7268
v 1183.46 66.93712 -936.5758
v 1178.56 69.42017 -934.5226
v 1175.936 75.09731 -932.7491
v 1174.442 73.73918 -934.367
v 1173.655 91.47202 -950.1518
v 1172.78 95.65453 -950.35
v 1150.192 94.231 -957.5363
v 1147.539 109.0861 -969.7667
v 1151.337 112.6237 -970.8571
v 1140.264 114.0599 -965.8732
v 1151.337 112.6237 -970.8571
v 1155.472 114.6386 -971.2404
v 1145.006 119.1858 -968.362
v 1157.548 113.1645 -967.2946
v 1155.629 109.9431 -959.9005
v 1157.619 114.93 -959.9524
v 1157.619 114.93 -959.9524
v 1155.641 118.9008 -957.362
v 1160.315 116.6474 -959.9101
v 1160.315 116.6474 -959.9101
v 1155.641 118.9008 -957.362
v 1159.132 120.7999 -957.6937
v 1157.548 113.1645 -967.2946
v 1157.619 114.93 -959.9524
v 1160.721 114.2874 -964.1781
v 1155.472 114.6386 -971.2404
v 1159.842 115.4441 -971.1534
v 1163.571 116.1015 -971.4713
v 1160.721 114.2874 -964.1781
v 1160.721 114.2874 -964.1781
v 1157.619 114.93 -959.9524
v 1160.315 116.6474 -959.9101
v 1155.472 114.6386 -971.2404
v 1159.842 115.4441 -971.1534
v 1150.627 122.4594 -970.3323
v 1150.627 122.4594 -970.3323
v 1159.842 115.4441 -971.1534
v 1156.752 123.8503 -971.7021
v 1163.571 116.1015 -971.4713
v 1160.315 116.6474 -959.9101
v 1159.132 120.7999 -957.6937
v 1162.966 114.9812 -960.3849
v 1160.721 114.2874 -964.1781
v 1163.221 113.0204 -964.6859
v 1160.315 116.6474 -959.9101
v 1162.966 114.9812 -960.3849
v 1163.571 116.1015 -971.4713
v 1167.534 115.3655 -970.8472
v 1162.966 114.9812 -960.3849
v 1159.132 120.7999 -957.6937
v 1162.542 119.5765 -958.1533
v 1165.591 114.6811 -960.877
v 1163.571 116.1015 -971.4713
v 1160.721 114.2874 -964.1781
v 1163.221 113.0204 -964.6859
v 1167.534 115.3655 -970.8472
v 1166.667 113.1677 -966.9189
v 1171.703 113.3277 -969.486
v 1169.719 110.9801 -965.6227
v 1175.897 110.0338 -968.254
v 1156.752 123.8503 -971.7021
v 1163.571 116.1015 -971.4713
v 1162.861 124.8486 -971.1842
v 1167.534 115.3655 -970.8472
v 1169.158 123.9444 -970.0292
v 1171.703 113.3277 -969.486
v 1175.185 121.0451 -968.3525
v 1175.897 110.0338 -968.254
v 1165.591 114.6811 -960.877
v 1162.542 119.5765 -958.1533
v 1166.238 118.9341 -958.0105
v 1169.078 112.105 -960.0123
v 1163.221 113.0204 -964.6859
v 1162.966 114.9812 -960.3849
v 1166.667 113.1677 -966.9189
v 1166.667 113.1677 -966.9189
v 1162.966 114.9812 -960.3849
v 1165.591 114.6811 -960.877
v 1165.591 114.6811 -960.877
v 1169.719 110.9801 -965.6227
v 1169.078 112.105 -960.0123
v 1172.955 107.8328 -964.4239
v 1175.897 110.0338 -968.254
v 1180.12 105.0433 -966.673
v 1176.804 103.5207 -963.4327
v 1172.168 108.5206 -960.0245
v 1169.078 112.105 -960.0123
v 1175.79 104.0737 -959.1584
v 1180.067 97.69506 -960.6358
v 1183.077 98.11419 -963.9986
v 1183.077 98.11419 -963.9986
v 1184.811 90.54736 -960.3899
v 1169.078 112.105 -960.0123
v 1166.238 118.9341 -958.0105
v 1170.724 115.8716 -957.7323
v 1172.168 108.5206 -960.0245
v 1174.416 111.8345 -957.8078
v 1175.79 104.0737 -959.1584
v 1175.79 104.0737 -959.1584
v 1174.416 111.8345 -957.8078
v 1178.167 106.5702 -956.6303
v 1180.067 97.69506 -960.6358
v 1175.79 104.0737 -959.1584
v 1179.922 98.8979 -956.8048
v 1182.714 90.8427 -956.9357
v 1183.79 92.41469 -953.7215
v 1184.811 90.54736 -960.3899
v 1186.674 83.92602 -956.8818
v 1186.674 83.92602 -956.8818
v 1185.54 84.91624 -953.6078
v 1187.273 78.34007 -953.0623
v 1187.273 78.34007 -953.0623
v 1186.648 79.87848 -950.082
v 1186.674 83.92602 -956.8818
v 1187.273 78.34007 -953.0623
v 1192.755 85.70727 -958.0486
v 1191.744 93.51067 -960.6204
v 1184.811 90.54736 -960.3899
v 1186.674 83.92602 -956.8818
v 1191.744 93.51067 -960.6204
v 1189.201 101.8814 -962.4764
v 1184.811 90.54736 -960.3899
v 1191.744 93.51067 -960.6204
v 1175.185 121.0451 -968.3525
v 1175.897 110.0338 -968.254
v 1180.656 116.2529 -966.3073
v 1180.12 105.0433 -966.673
v 1185.465 109.8125 -964.0026
v 1183.077 98.11419 -963.9986
v 1185.465 109.8125 -964.0026
v 1183.077 98.11419 -963.9986
v 1189.201 101.8814 -962.4764
v 1184.811 90.54736 -960.3899
v 1175.79 104.0737 -959.1584
v 1189.201 101.8814 -962.4764
v 1191.744 93.51067 -960.6204
v 1181.585 73.06676 -932.6943
v 1185.551 68.10183 -934.5696
v 1180.198 70.74427 -932.7268
v 1177.707 71.94676 -938.9567
v 1180.819 73.19753 -939.6296
v 1178.98 74.32004 -938.9888
v 1180.198 70.74427 -932.7268
v 1175.759 91.62931 -945.7791
v 1177 92.20403 -947.6796
v 1176.89 94.49757 -946.7445
v 1177.599 93.97685 -947.4574
v 1177 92.20403 -947.6796
v 1177.599 93.97685 -947.4574
v 1177.937 90.85709 -947.5724
v 1176.962 89.83528 -948.806
v 1177.972 88.07762 -948.2142
v 1172.452 91.04845 -949.5241
v 1173.655 91.47202 -950.1518
v 1170.046 94.90898 -947.8942
v 1191.512 94.58714 -956.9258
v 1190.654 93.09135 -960.2575
v 1196.644 95.03571 -959.305
v 1196.005 93.9222 -961.7851
v 1199.912 93.69497 -961.9422
v 1199.6 93.12962 -963.5164
v 1201.572 94.5677 -963.5567
v 1201.088 94.12817 -964.9502
v 1198.097 89.73021 -957.9761
v 1191.512 94.58714 -956.9258
v 1196.644 95.03571 -959.305
v 1193.067 86.98051 -954.89
v 1200.121 90.4231 -960.2772
v 1199.912 93.69497 -961.9422
v 1201.588 91.40788 -962.0275
v 1201.572 94.5677 -963.5567
v 1169.374 121.9186 -968.6992
v 1162.668 124.3785 -966.2366
v 1168.301 128.0699 -972.4107
v 1168.301 128.0699 -972.4107
v 1162.668 124.3785 -966.2366
v 1164.068 130.1192 -971.6456
v 1169.67 131.5258 -975.7229
v 1169.67 131.5258 -975.7229
v 1164.068 130.1192 -971.6456
v 1166.349 132.8745 -974.492
v 1172.851 133.5957 -978.2649
v 1172.851 133.5957 -978.2649
v 1166.349 132.8745 -974.492
v 1171.848 135.3829 -978.2689
v 1174.139 134.2256 -979.2332
v 1174.139 134.2256 -979.2332
v 1171.848 135.3829 -978.2689
v 1173.832 134.8247 -979.7173
v 1171.848 135.3829 -978.2689
v 1170.363 135.2481 -979.1458
v 1173.832 134.8247 -979.7173
v 1166.349 132.8745 -974.492
v 1164.15 133.1606 -976.0715
v 1170.363 135.2481 -979.1458
v 1166.349 132.8745 -974.492
v 1161.231 130.8959 -973.5514
v 1164.068 130.1192 -971.6456
v 1158.445 123.959 -970.222
v 1173.832 134.8247 -979.7173
v 1170.363 135.2481 -979.1458
v 1173.617 135.2443 -980.0564
v 1162.668 124.3785 -966.2366
v 1158.445 123.959 -970.222
v 1164.068 130.1192 -971.6456
v 1149.401 118.2828 -967.7958
v 1144.353 115.2706 -964.9549
v 1145.912 118.4303 -969.9933
v 1143.098 117.11 -968.9298
v 1145.212 118.7862 -971.9114
v 1143.224 118.4807 -971.1353
v 1145.51 120.2928 -974.122
v 1139.998 110.2083 -965.404
v 1141.592 116.1257 -969.7881
v 1143.224 118.4807 -971.1353
v 1142.169 117.566 -971.8036
v 1144.903 120.6424 -974.1256
v 1144.54 120.2354 -974.831
v 1146.052 120.7862 -974.9788
v 1145.51 120.2928 -974.122
v 1143.224 118.4807 -971.1353
v 1144.903 120.6424 -974.1256
v 1146.052 120.7862 -974.9788
v 1134.732 95.40582 -954.355
v 1139.925 92.8232 -958.831
v 1137.678 91.02428 -950.5835
v 1141.932 87.0879 -955.0761
v 1133.655 92.62215 -948.069
v 1132.197 95.73223 -950.862
v 1130.496 91.46239 -945.0303
v 1129.344 93.93217 -944.7916
v 1129.169 91.56091 -943.4678
v 1132.96 97.08728 -956.2031
v 1130.837 96.75774 -952.458
v 1129.344 93.93217 -944.7916
v 1136.907 93.79189 -962.3701
v 1128.646 92.09013 -943.3796
v 1129.344 93.93217 -944.7916
v 1129.169 91.56091 -943.4678
v 1128.28 92.46071 -943.3179
v 1128.646 94.40651 -946.0538
v 1128.646 94.40651 -946.0538
v 1130.837 96.75774 -952.458
v 1129.344 93.93217 -944.7916
v 1128.646 92.09013 -943.3796
v 1128.646 94.40651 -946.0538
v 1129.344 93.93217 -944.7916
vt 0.687458 0.385106
vt 0.691775 0.394053
vt 0.685468 0.389014
vt 0.685507 0.393329
vt 0.682621 0.389121
vt 0.681243 0.391256
vt 0.679107 0.387766
vt 0.678117 0.389112
vt 0.676275 0.385033
vt 0.675531 0.384801
vt 0.676152 0.389904
vt 0.674989 0.385648
vt 0.679257 0.39326
vt 0.684808 0.39612
vt 0.689594 0.401345
vt 0.691705 0.381831
vt 0.686903 0.381996
vt 0.691394 0.373581
vt 0.687279 0.374497
vt 0.691612 0.370513
vt 0.688483 0.371614
vt 0.69256 0.366642
vt 0.690263 0.367086
vt 0.695296 0.362546
vt 0.69544 0.361551
vt 0.690263 0.367086
vt 0.68956 0.365566
vt 0.69544 0.361551
vt 0.687522 0.369387
vt 0.688483 0.371614
vt 0.685257 0.372883
vt 0.687279 0.374497
vt 0.680407 0.376103
vt 0.686903 0.381996
vt 0.69544 0.361551
vt 0.68956 0.365566
vt 0.694512 0.361294
vt 0.661583 0.35859
vt 0.661024 0.362179
vt 0.658095 0.360007
vt 0.657568 0.362884
vt 0.656173 0.360529
vt 0.656186 0.363138
vt 0.654456 0.360339
vt 0.654183 0.36236
vt 0.652586 0.359955
vt 0.652024 0.360302
vt 0.655088 0.364963
vt 0.653735 0.363836
vt 0.652024 0.360302
vt 0.656302 0.365573
vt 0.657844 0.366384
vt 0.652024 0.360302
vt 0.653735 0.363836
vt 0.652087 0.360651
vt 0.678947 0.346194
vt 0.675417 0.34576
vt 0.678167 0.343604
vt 0.675891 0.343887
vt 0.678049 0.342189
vt 0.676091 0.342571
vt 0.678112 0.340906
vt 0.676711 0.341096
vt 0.671585 0.344406
vt 0.67303 0.3432
vt 0.676711 0.341096
vt 0.67489 0.341305
vt 0.669336 0.345819
vt 0.676711 0.341096
vt 0.678083 0.339867
vt 0.677697 0.339633
vt 0.676711 0.341096
vt 0.67489 0.341305
vt 0.677697 0.339633
vt 0.677697 0.339633
vt 0.67489 0.341305
vt 0.676947 0.339877
vt 0.706742 0.43831
vt 0.703974 0.440367
vt 0.699363 0.441815
vt 0.695779 0.444864
vt 0.698933 0.436613
vt 0.706331 0.433141
vt 0.690056 0.447292
vt 0.685671 0.450369
vt 0.691279 0.440112
vt 0.698933 0.436613
vt 0.683378 0.447078
vt 0.677599 0.450622
vt 0.685973 0.439322
vt 0.691279 0.440112
vt 0.677098 0.444319
vt 0.670647 0.447827
vt 0.68063 0.436991
vt 0.679174 0.430157
vt 0.683836 0.431929
vt 0.691279 0.440112
vt 0.673048 0.437816
vt 0.676192 0.432414
vt 0.675153 0.427606
vt 0.688573 0.433079
vt 0.683836 0.431929
vt 0.675153 0.427606
vt 0.676192 0.432414
vt 0.672733 0.423773
vt 0.695553 0.431316
vt 0.698933 0.436613
vt 0.702978 0.427884
vt 0.690405 0.430094
vt 0.702978 0.427884
vt 0.695553 0.431316
vt 0.683098 0.430927
vt 0.698654 0.425661
vt 0.702978 0.427884
vt 0.690405 0.430094
vt 0.695553 0.431316
vt 0.698933 0.436613
vt 0.688573 0.433079
vt 0.691279 0.440112
vt 0.683098 0.430927
vt 0.695553 0.431316
vt 0.688573 0.433079
vt 0.673608 0.427841
vt 0.683836 0.431929
vt 0.679174 0.430157
vt 0.678241 0.429262
vt 0.683836 0.431929
vt 0.673608 0.427841
vt 0.688573 0.433079
vt 0.673048 0.437816
vt 0.670647 0.447827
vt 0.666247 0.440989
vt 0.664917 0.445547
vt 0.671114 0.432397
vt 0.664037 0.435249
vt 0.660478 0.439904
vt 0.664917 0.445547
vt 0.657545 0.434527
vt 0.669154 0.427743
vt 0.662117 0.429047
vt 0.673128 0.424347
vt 0.674152 0.427592
vt 0.672551 0.421267
vt 0.656115 0.427608
vt 0.655761 0.430709
vt 0.654913 0.424419
vt 0.668568 0.422312
vt 0.661283 0.42195
vt 0.673129 0.421027
vt 0.673178 0.41932
vt 0.655664 0.420119
vt 0.655329 0.418068
vt 0.669254 0.416049
vt 0.662003 0.413252
vt 0.674038 0.417261
vt 0.6744 0.417234
vt 0.657206 0.411445
vt 0.671201 0.408799
vt 0.664997 0.404328
vt 0.675989 0.41303
vt 0.676591 0.414321
vt 0.661103 0.402958
vt 0.657363 0.410894
vt 0.674777 0.402451
vt 0.669656 0.398091
vt 0.67907 0.408004
vt 0.679984 0.410692
vt 0.679984 0.410692
vt 0.666753 0.397401
vt 0.683924 0.399361
vt 0.680262 0.39468
vt 0.68539 0.405077
vt 0.683916 0.408224
vt 0.69515 0.399572
vt 0.692668 0.394072
vt 0.694754 0.405701
vt 0.676454 0.39319
vt 0.688776 0.392446
vt 0.710124 0.399143
vt 0.708552 0.393575
vt 0.708429 0.405269
vt 0.704476 0.408342
vt 0.691723 0.408846
vt 0.68539 0.405077
vt 0.683916 0.408224
vt 0.67907 0.408004
vt 0.704649 0.391846
vt 0.720651 0.404199
vt 0.719589 0.3987
vt 0.718248 0.410138
vt 0.713803 0.413017
vt 0.709933 0.411165
vt 0.700593 0.406581
vt 0.676192 0.432414
vt 0.677098 0.444319
vt 0.673048 0.437816
vt 0.674152 0.427592
vt 0.673048 0.437816
vt 0.672733 0.423773
vt 0.676192 0.432414
vt 0.67907 0.408004
vt 0.674777 0.402451
vt 0.68539 0.405077
vt 0.719589 0.3987
vt 0.704649 0.391846
vt 0.715696 0.396879
vt 0.698654 0.425661
vt 0.690405 0.430094
vt 0.696351 0.432899
vt 0.687173 0.438556
vt 0.690524 0.443768
vt 0.696351 0.432899
vt 0.687173 0.438556
vt 0.69968 0.438116
vt 0.680583 0.447736
vt 0.677699 0.441023
vt 0.672041 0.447912
vt 0.669933 0.440564
vt 0.677599 0.450622
vt 0.685671 0.450369
vt 0.690524 0.443768
vt 0.664917 0.445547
vt 0.670647 0.447827
vt 0.664917 0.445547
vt 0.664917 0.445547
vt 0.663319 0.438816
vt 0.660478 0.439904
vt 0.659228 0.435089
vt 0.657545 0.434527
vt 0.655761 0.430709
vt 0.695779 0.444864
vt 0.69968 0.438116
vt 0.690524 0.443768
vt 0.685671 0.450369
vt 0.687173 0.438556
vt 0.683098 0.430927
vt 0.677699 0.441023
vt 0.690405 0.430094
vt 0.683098 0.430927
vt 0.687173 0.438556
vt 0.683098 0.430927
vt 0.678241 0.429262
vt 0.677699 0.441023
vt 0.677699 0.441023
vt 0.678241 0.429262
vt 0.669933 0.440564
vt 0.673608 0.427841
vt 0.663319 0.438816
vt 0.67056 0.42621
vt 0.659228 0.435089
vt 0.667712 0.423172
vt 0.667712 0.423172
vt 0.655761 0.430709
vt 0.667784 0.420298
vt 0.667712 0.423172
vt 0.672733 0.423773
vt 0.667784 0.420298
vt 0.675153 0.427606
vt 0.672733 0.423773
vt 0.667784 0.420298
vt 0.672733 0.423773
vt 0.672551 0.421267
vt 0.674152 0.427592
vt 0.66868 0.418055
vt 0.673178 0.41932
vt 0.673128 0.424347
vt 0.67025 0.415661
vt 0.6744 0.417234
vt 0.673129 0.421027
vt 0.672897 0.412626
vt 0.676591 0.414321
vt 0.676956 0.409361
vt 0.655761 0.430709
vt 0.667784 0.420298
vt 0.654913 0.424419
vt 0.66868 0.418055
vt 0.655329 0.418068
vt 0.67025 0.415661
vt 0.657363 0.410894
vt 0.672897 0.412626
vt 0.661554 0.403703
vt 0.676956 0.409361
vt 0.661554 0.403703
vt 0.676956 0.409361
vt 0.667713 0.399514
vt 0.661103 0.402958
vt 0.657363 0.410894
vt 0.661554 0.403703
vt 0.666753 0.397401
vt 0.666753 0.397401
vt 0.661554 0.403703
vt 0.667713 0.399514
vt 0.676956 0.409361
vt 0.680067 0.40631
vt 0.667713 0.399514
vt 0.676956 0.409361
vt 0.679984 0.410692
vt 0.680067 0.40631
vt 0.676956 0.409361
vt 0.676591 0.414321
vt 0.679984 0.410692
vt 0.667713 0.399514
vt 0.680067 0.40631
vt 0.675009 0.395711
vt 0.676454 0.39319
vt 0.667713 0.399514
vt 0.675009 0.395711
vt 0.688776 0.392446
vt 0.685767 0.395624
vt 0.666753 0.397401
vt 0.704649 0.391846
vt 0.700714 0.394946
vt 0.715696 0.396879
vt 0.711269 0.399782
vt 0.680067 0.40631
vt 0.687849 0.407189
vt 0.675009 0.395711
vt 0.687849 0.407189
vt 0.685767 0.395624
vt 0.700593 0.406581
vt 0.700714 0.394946
vt 0.711269 0.399782
vt 0.709933 0.411165
vt 0.680067 0.40631
vt 0.683916 0.408224
vt 0.687849 0.407189
vt 0.687849 0.407189
vt 0.691723 0.408846
vt 0.700593 0.406581
vt 0.704476 0.408342
vt 0.680067 0.40631
vt 0.679984 0.410692
vt 0.683916 0.408224
vt 0.703974 0.440367
vt 0.69968 0.438116
vt 0.695779 0.444864
vt 0.683098 0.430927
vt 0.688573 0.433079
vt 0.678241 0.429262
vt 0.673608 0.427841
vt 0.679174 0.430157
vt 0.67056 0.42621
vt 0.675153 0.427606
vt 0.667712 0.423172
vt 0.657206 0.411445
vt 0.655329 0.418068
vt 0.657363 0.410894
vt 0.708552 0.393575
vt 0.704649 0.391846
vt 0.719589 0.3987
vt 0.657355 0.436057
vt 0.66111 0.433612
vt 0.659088 0.439161
vt 0.662456 0.43875
vt 0.657661 0.44047
vt 0.655548 0.438086
vt 0.656775 0.442945
vt 0.655441 0.442232
vt 0.656314 0.445602
vt 0.655527 0.445722
vt 0.654163 0.441198
vt 0.654537 0.444332
vt 0.654178 0.437023
vt 0.655623 0.433657
vt 0.658089 0.429413
vt 0.677455 0.394504
vt 0.671613 0.396766
vt 0.6727 0.393166
vt 0.669972 0.394122
vt 0.670917 0.391799
vt 0.669625 0.392416
vt 0.668197 0.394556
vt 0.668019 0.392097
vt 0.668111 0.388205
vt 0.668353 0.397784
vt 0.669311 0.389784
vt 0.648822 0.422605
vt 0.651989 0.421937
vt 0.650994 0.425854
vt 0.64875 0.417891
vt 0.646796 0.42441
vt 0.648921 0.426618
vt 0.648707 0.42975
vt 0.646625 0.420003
vt 0.645218 0.423276
vt 0.647353 0.428907
vt 0.646796 0.42441
vt 0.649082 0.432408
vt 0.648178 0.432521
vt 0.647353 0.428907
vt 0.645885 0.427811
vt 0.647353 0.428907
vt 0.648178 0.432521
vt 0.646796 0.42441
vt 0.650994 0.425854
vt 0.651989 0.421937
vt 0.65487 0.428045
vt 0.648921 0.426618
vt 0.648822 0.422605
vt 0.650994 0.425854
vt 0.647041 0.430799
vt 0.645885 0.427811
vt 0.648178 0.432521
vt 0.646625 0.420003
vt 0.64875 0.417891
vt 0.648822 0.422605
vt 0.64583 0.396536
vt 0.644807 0.401897
vt 0.640686 0.395576
vt 0.639306 0.398722
vt 0.637475 0.393233
vt 0.636922 0.395868
vt 0.635993 0.39067
vt 0.635993 0.39067
vt 0.636922 0.395868
vt 0.634937 0.391223
vt 0.635536 0.389554
vt 0.634671 0.388998
vt 0.634937 0.391223
vt 0.634055 0.391918
vt 0.634671 0.388998
vt 0.636922 0.395868
vt 0.635328 0.397093
vt 0.634055 0.391918
vt 0.637325 0.40044
vt 0.634671 0.388998
vt 0.634055 0.391918
vt 0.633966 0.388854
vt 0.639306 0.398722
vt 0.637325 0.40044
vt 0.636922 0.395868
vt 0.641818 0.405634
vt 0.644807 0.401897
vt 0.641818 0.405634
vt 0.639306 0.398722
vt 0.653077 0.373523
vt 0.653499 0.379178
vt 0.648277 0.373026
vt 0.647247 0.377105
vt 0.647247 0.377105
vt 0.64562 0.370786
vt 0.645029 0.374581
vt 0.64363 0.368326
vt 0.642813 0.370136
vt 0.641307 0.363088
vt 0.641307 0.363088
vt 0.642813 0.370136
vt 0.640583 0.362972
vt 0.642813 0.370136
vt 0.64092 0.370475
vt 0.640583 0.362972
vt 0.640026 0.363681
vt 0.642813 0.370136
vt 0.642815 0.375909
vt 0.645029 0.374581
vt 0.644987 0.379179
vt 0.647247 0.377105
vt 0.646319 0.385604
vt 0.653499 0.379178
vt 0.646319 0.385604
vt 0.647247 0.377105
vt 0.728121 0.373052
vt 0.728758 0.380176
vt 0.719662 0.377112
vt 0.71955 0.385487
vt 0.716421 0.368322
vt 0.723528 0.365306
vt 0.71193 0.363889
vt 0.717623 0.361582
vt 0.7098 0.367486
vt 0.707784 0.364244
vt 0.7098 0.367486
vt 0.703934 0.363077
vt 0.71955 0.385487
vt 0.710869 0.375456
vt 0.709717 0.384563
vt 0.7098 0.367486
vt 0.704555 0.371752
vt 0.701912 0.380872
vt 0.70692 0.388972
vt 0.705303 0.364747
vt 0.698722 0.385926
vt 0.698802 0.369956
vt 0.694879 0.377178
vt 0.701457 0.363352
vt 0.701564 0.361501
vt 0.703934 0.363077
vt 0.7098 0.367486
vt 0.693512 0.367076
vt 0.68851 0.372662
vt 0.698196 0.361601
vt 0.700161 0.359957
vt 0.700161 0.359957
vt 0.69146 0.381112
vt 0.696503 0.384972
vt 0.690299 0.380281
vt 0.685084 0.376063
vt 0.689057 0.362275
vt 0.682437 0.366038
vt 0.695545 0.358837
vt 0.699029 0.358002
vt 0.700161 0.359957
vt 0.679693 0.36889
vt 0.685 0.35591
vt 0.678236 0.357914
vt 0.693234 0.354772
vt 0.698007 0.35503
vt 0.699029 0.358002
vt 0.676588 0.360217
vt 0.683122 0.349045
vt 0.677542 0.350425
vt 0.691252 0.349395
vt 0.698088 0.350707
vt 0.677197 0.352312
vt 0.687903 0.340021
vt 0.682336 0.339337
vt 0.696216 0.342809
vt 0.696216 0.342809
vt 0.700908 0.346238
vt 0.702855 0.33556
vt 0.696696 0.331606
vt 0.682336 0.339337
vt 0.690626 0.330577
vt 0.703378 0.327513
vt 0.699405 0.32607
vt 0.707186 0.332612
vt 0.708394 0.33765
vt 0.705086 0.340209
vt 0.696216 0.342809
vt 0.716262 0.322126
vt 0.712561 0.319613
vt 0.719328 0.327694
vt 0.719947 0.333024
vt 0.717769 0.334982
vt 0.706305 0.339665
vt 0.705086 0.340209
vt 0.728758 0.380176
vt 0.725101 0.382901
vt 0.71955 0.385487
vt 0.716194 0.388988
vt 0.71955 0.385487
vt 0.716194 0.388988
vt 0.709717 0.384563
vt 0.70692 0.388972
vt 0.698007 0.35503
vt 0.693234 0.354772
vt 0.698088 0.350707
vt 0.700908 0.346238
vt 0.691252 0.349395
vt 0.696216 0.342809
vt 0.705086 0.340209
vt 0.682336 0.339337
vt 0.680696 0.341431
vt 0.70318 0.342341
vt 0.705086 0.340209
vt 0.706305 0.339665
vt 0.713967 0.365253
vt 0.717623 0.361582
vt 0.708501 0.36768
vt 0.71193 0.363889
vt 0.713967 0.365253
vt 0.708501 0.36768
vt 0.719316 0.379933
vt 0.708501 0.36768
vt 0.711551 0.385521
vt 0.704908 0.367877
vt 0.704908 0.367877
vt 0.703899 0.386468
vt 0.704908 0.367877
vt 0.701297 0.367147
vt 0.701297 0.367147
vt 0.696503 0.384972
vt 0.701297 0.367147
vt 0.699141 0.364994
vt 0.699141 0.364994
vt 0.690299 0.380281
vt 0.69786 0.363018
vt 0.685427 0.375309
vt 0.696883 0.360637
vt 0.681522 0.368593
vt 0.696409 0.357171
vt 0.681522 0.368593
vt 0.679507 0.360437
vt 0.697431 0.352477
vt 0.716194 0.388988
vt 0.719316 0.379933
vt 0.711551 0.385521
vt 0.725101 0.382901
vt 0.708501 0.36768
vt 0.71193 0.363889
vt 0.704908 0.367877
vt 0.704908 0.367877
vt 0.71193 0.363889
vt 0.707784 0.364244
vt 0.70692 0.388972
vt 0.711551 0.385521
vt 0.703899 0.386468
vt 0.716194 0.388988
vt 0.704908 0.367877
vt 0.707784 0.364244
vt 0.701297 0.367147
vt 0.701297 0.367147
vt 0.707784 0.364244
vt 0.703934 0.363077
vt 0.699141 0.364994
vt 0.701564 0.361501
vt 0.69786 0.363018
vt 0.700161 0.359957
vt 0.70692 0.388972
vt 0.703899 0.386468
vt 0.698722 0.385926
vt 0.696503 0.384972
vt 0.701297 0.367147
vt 0.703934 0.363077
vt 0.699141 0.364994
vt 0.685084 0.376063
vt 0.690299 0.380281
vt 0.685427 0.375309
vt 0.679693 0.36889
vt 0.681522 0.368593
vt 0.676588 0.360217
vt 0.681522 0.368593
vt 0.679507 0.360437
vt 0.677197 0.352312
vt 0.679507 0.360437
vt 0.681324 0.352918
vt 0.680696 0.341431
vt 0.684313 0.344835
vt 0.689149 0.332545
vt 0.69295 0.336387
vt 0.697345 0.328122
vt 0.698384 0.332445
vt 0.699405 0.32607
vt 0.690626 0.330577
vt 0.680696 0.341431
vt 0.684313 0.344835
vt 0.682336 0.339337
vt 0.710405 0.321614
vt 0.711042 0.326929
vt 0.712561 0.319613
vt 0.69786 0.363018
vt 0.700161 0.359957
vt 0.696883 0.360637
vt 0.700161 0.359957
vt 0.699029 0.358002
vt 0.696883 0.360637
vt 0.699029 0.358002
vt 0.696409 0.357171
vt 0.698007 0.35503
vt 0.698007 0.35503
vt 0.697431 0.352477
vt 0.698088 0.350707
vt 0.679507 0.360437
vt 0.697431 0.352477
vt 0.681324 0.352918
vt 0.69903 0.348196
vt 0.69903 0.348196
vt 0.698088 0.350707
vt 0.700908 0.346238
vt 0.70318 0.342341
vt 0.705086 0.340209
vt 0.681324 0.352918
vt 0.69903 0.348196
vt 0.684313 0.344835
vt 0.70318 0.342341
vt 0.684313 0.344835
vt 0.684313 0.344835
vt 0.69295 0.336387
vt 0.706305 0.339665
vt 0.698384 0.332445
vt 0.711042 0.326929
vt 0.717769 0.334982
vt 0.677542 0.350425
vt 0.682336 0.339337
vt 0.697431 0.352477
vt 0.698088 0.350707
vt 0.69903 0.348196
vt 0.692072 0.332544
vt 0.689381 0.335617
vt 0.689174 0.331848
vt 0.686868 0.333353
vt 0.685371 0.338073
vt 0.685064 0.334705
vt 0.686125 0.331281
vt 0.687821 0.330309
vt 0.68672 0.327708
vt 0.686125 0.331281
vt 0.685064 0.334705
vt 0.685093 0.331954
vt 0.686125 0.331281
vt 0.685898 0.327682
vt 0.68672 0.327708
vt 0.686125 0.331281
vt 0.685898 0.327682
vt 0.685898 0.327682
vt 0.68614 0.325779
vt 0.685898 0.327682
vt 0.685093 0.331954
vt 0.685353 0.327434
vt 0.685898 0.327682
vt 0.685353 0.327434
vt 0.68614 0.325779
vt 0.717718 0.358456
vt 0.716305 0.357074
vt 0.702102 0.365642
vt 0.700747 0.364234
vt 0.705991 0.356177
vt 0.69648 0.36045
vt 0.700498 0.350052
vt 0.692829 0.354314
vt 0.701236 0.345409
vt 0.691577 0.350043
vt 0.688706 0.372155
vt 0.687343 0.370984
vt 0.682178 0.360401
vt 0.680136 0.355926
vt 0.685651 0.366832
vt 0.67923 0.37878
vt 0.67798 0.378133
vt 0.67245 0.367268
vt 0.669378 0.361864
vt 0.675926 0.372727
vt 0.67798 0.378133
vt 0.672156 0.383053
vt 0.664031 0.37284
vt 0.660072 0.366427
vt 0.668879 0.379367
vt 0.672162 0.382732
vt 0.672162 0.382732
vt 0.656839 0.379548
vt 0.651955 0.374266
vt 0.651837 0.385793
vt 0.646673 0.381448
vt 0.658081 0.389902
vt 0.662132 0.384535
vt 0.66208 0.393292
vt 0.664821 0.387665
vt 0.66344 0.392765
vt 0.666469 0.38759
vt 0.672162 0.382732
vt 0.648924 0.391223
vt 0.643167 0.388108
vt 0.646365 0.381147
vt 0.652576 0.373777
vt 0.655745 0.394286
vt 0.660771 0.396176
vt 0.662071 0.395641
vt 0.640572 0.396465
vt 0.646682 0.397958
vt 0.653639 0.399594
vt 0.659075 0.400865
vt 0.659075 0.400865
vt 0.639313 0.405388
vt 0.645777 0.404388
vt 0.652525 0.404543
vt 0.640367 0.413955
vt 0.646604 0.410915
vt 0.653343 0.409204
vt 0.657786 0.405082
vt 0.659075 0.400865
vt 0.644404 0.4224
vt 0.645268 0.424448
vt 0.641175 0.416056
vt 0.649665 0.416943
vt 0.65554 0.413061
vt 0.658518 0.408876
vt 0.657786 0.405082
vt 0.660128 0.411246
vt 0.661528 0.410324
vt 0.660666 0.406302
vt 0.657786 0.405082
vt 0.662873 0.412455
vt 0.650453 0.428692
vt 0.651498 0.430257
vt 0.654529 0.422642
vt 0.659313 0.416278
vt 0.662385 0.412782
vt 0.664664 0.413396
vt 0.657636 0.43255
vt 0.660888 0.426745
vt 0.660888 0.426745
vt 0.663797 0.41982
vt 0.660888 0.426745
vt 0.665498 0.415369
vt 0.666813 0.415029
vt 0.667202 0.429393
vt 0.669289 0.422855
vt 0.670348 0.418601
vt 0.673868 0.424958
vt 0.672398 0.43108
vt 0.666196 0.432646
vt 0.660888 0.426745
vt 0.670479 0.432459
vt 0.673797 0.419837
vt 0.672543 0.416975
vt 0.670207 0.416901
vt 0.678824 0.426263
vt 0.676311 0.431708
vt 0.678035 0.421055
vt 0.6756 0.417118
vt 0.68311 0.4269
vt 0.682474 0.421522
vt 0.679202 0.417012
vt 0.674942 0.416673
vt 0.686247 0.420865
vt 0.686867 0.425626
vt 0.68018 0.430742
vt 0.682574 0.416227
vt 0.677516 0.415524
vt 0.690963 0.422504
vt 0.686629 0.426
vt 0.683355 0.428963
vt 0.691456 0.41764
vt 0.687593 0.41312
vt 0.682061 0.41233
vt 0.694075 0.418869
vt 0.695063 0.413619
vt 0.691195 0.409277
vt 0.685613 0.408417
vt 0.678095 0.415739
vt 0.68158 0.411547
vt 0.696427 0.411707
vt 0.696303 0.415413
vt 0.69258 0.407488
vt 0.687042 0.406508
vt 0.683047 0.409341
vt 0.69808 0.411486
vt 0.69864 0.408167
vt 0.69864 0.408167
vt 0.694932 0.404398
vt 0.694932 0.404398
vt 0.689467 0.403063
vt 0.699283 0.406613
vt 0.700402 0.404451
vt 0.643167 0.388108
vt 0.646365 0.381147
vt 0.64377 0.385989
vt 0.640693 0.396117
vt 0.661265 0.401187
vt 0.659075 0.400865
vt 0.657786 0.405082
vt 0.660666 0.406302
vt 0.661265 0.401187
vt 0.651498 0.430257
vt 0.644404 0.4224
vt 0.645268 0.424448
vt 0.666196 0.432646
vt 0.657636 0.43255
vt 0.670207 0.416901
vt 0.666813 0.415029
vt 0.670348 0.418601
vt 0.689467 0.403063
vt 0.687042 0.406508
vt 0.694932 0.404398
vt 0.697124 0.401536
vt 0.685431 0.404942
vt 0.683047 0.409341
vt 0.689467 0.403063
vt 0.691714 0.400025
vt 0.697124 0.401536
vt 0.694932 0.404398
vt 0.700402 0.404451
vt 0.70154 0.399609
vt 0.691714 0.400025
vt 0.689467 0.403063
vt 0.697124 0.401536
vt 0.698954 0.39777
vt 0.687323 0.400797
vt 0.685431 0.404942
vt 0.691714 0.400025
vt 0.693709 0.396673
vt 0.698954 0.39777
vt 0.697124 0.401536
vt 0.70154 0.399609
vt 0.701467 0.393311
vt 0.693709 0.396673
vt 0.691714 0.400025
vt 0.698954 0.39777
vt 0.699707 0.392584
vt 0.688859 0.396957
vt 0.687323 0.400797
vt 0.693709 0.396673
vt 0.694841 0.392567
vt 0.688859 0.396957
vt 0.68971 0.393268
vt 0.694841 0.392567
vt 0.694086 0.387423
vt 0.698057 0.386297
vt 0.699707 0.392584
vt 0.693709 0.396673
vt 0.699102 0.386267
vt 0.695672 0.379185
vt 0.695014 0.379702
vt 0.695672 0.379185
vt 0.691535 0.381976
vt 0.689511 0.388984
vt 0.68971 0.393268
vt 0.687268 0.384614
vt 0.685128 0.390762
vt 0.687296 0.394279
vt 0.683263 0.386961
vt 0.683947 0.381472
vt 0.681106 0.384359
vt 0.689969 0.373141
vt 0.689738 0.374154
vt 0.687244 0.377603
vt 0.679445 0.37967
vt 0.678116 0.382006
vt 0.682482 0.370995
vt 0.682418 0.369711
vt 0.68125 0.375117
vt 0.675978 0.368443
vt 0.675376 0.368968
vt 0.674182 0.372689
vt 0.673093 0.377428
vt 0.670666 0.370975
vt 0.67288 0.367457
vt 0.669387 0.375651
vt 0.669423 0.37922
vt 0.672742 0.380429
vt 0.665879 0.377518
vt 0.665772 0.37349
vt 0.667687 0.36911
vt 0.66287 0.375681
vt 0.662895 0.371488
vt 0.665419 0.367482
vt 0.671226 0.36634
vt 0.669825 0.365561
vt 0.660561 0.373791
vt 0.660731 0.369603
vt 0.66366 0.36593
vt 0.668529 0.363913
vt 0.658002 0.365532
vt 0.65764 0.369475
vt 0.667911 0.360987
vt 0.661314 0.362444
vt 0.667911 0.360987
vt 0.657034 0.360557
vt 0.656595 0.364064
vt 0.667689 0.358287
vt 0.660434 0.358107
vt 0.667062 0.353897
vt 0.66117 0.353536
vt 0.658092 0.355065
vt 0.662175 0.351457
vt 0.666899 0.351876
vt 0.659543 0.352342
vt 0.663501 0.349524
vt 0.661615 0.349728
vt 0.664349 0.347494
vt 0.699707 0.392584
vt 0.698954 0.39777
vt 0.701467 0.393311
vt 0.699102 0.386267
vt 0.701467 0.393311
vt 0.68971 0.393268
vt 0.687231 0.398457
vt 0.688859 0.396957
vt 0.687231 0.398457
vt 0.686517 0.403407
vt 0.687296 0.394279
vt 0.68971 0.393268
vt 0.689511 0.388984
vt 0.686517 0.403407
vt 0.685189 0.408947
vt 0.687323 0.400797
vt 0.667062 0.353897
vt 0.667689 0.358287
vt 0.670559 0.356836
vt 0.666899 0.351876
vt 0.670559 0.356836
vt 0.667689 0.358287
vt 0.670481 0.360788
vt 0.667911 0.360987
vt 0.670726 0.36347
vt 0.668529 0.363913
vt 0.670726 0.36347
vt 0.671236 0.36616
vt 0.672333 0.36748
vt 0.671236 0.36616
vt 0.663501 0.349524
vt 0.666899 0.351876
vt 0.666534 0.350997
vt 0.663501 0.349524
vt 0.666534 0.350997
vt 0.664966 0.347496
vt 0.664349 0.347494
vt 0.663501 0.349524
vt 0.664966 0.347496
vt 0.67088 0.344115
vt 0.670223 0.345134
vt 0.667029 0.349172
vt 0.666534 0.350997
vt 0.670291 0.350157
vt 0.673101 0.34448
vt 0.672732 0.346782
vt 0.674383 0.34366
vt 0.675909 0.344768
vt 0.677476 0.344088
vt 0.68004 0.345341
vt 0.678395 0.345864
vt 0.675044 0.346838
vt 0.672481 0.351936
vt 0.671609 0.352592
vt 0.672732 0.346782
vt 0.677237 0.347647
vt 0.673176 0.351873
vt 0.674691 0.351968
vt 0.676912 0.350131
vt 0.679173 0.348243
vt 0.681959 0.34738
vt 0.681959 0.34738
vt 0.680748 0.350706
vt 0.677504 0.352443
vt 0.675764 0.35295
vt 0.683985 0.350144
vt 0.681959 0.34738
vt 0.681861 0.353649
vt 0.678594 0.354476
vt 0.684548 0.353654
vt 0.684548 0.353654
vt 0.683858 0.356565
vt 0.681203 0.356177
vt 0.674691 0.351968
vt 0.675764 0.35295
vt 0.666534 0.350997
vt 0.670345 0.354427
vt 0.667029 0.349172
vt 0.666534 0.350997
vt 0.670228 0.35608
vt 0.670345 0.354427
vt 0.666899 0.351876
vt 0.670228 0.35608
vt 0.666534 0.350997
vt 0.670559 0.356836
vt 0.667029 0.349172
vt 0.670345 0.354427
vt 0.670567 0.353132
vt 0.667029 0.349172
vt 0.670567 0.353132
vt 0.671609 0.352592
vt 0.672732 0.346782
vt 0.671609 0.352592
vt 0.673071 0.353793
vt 0.672481 0.351936
vt 0.6719 0.354596
vt 0.670567 0.353132
vt 0.672481 0.351936
vt 0.673071 0.353793
vt 0.674526 0.353284
vt 0.673176 0.351873
vt 0.673176 0.351873
vt 0.674526 0.353284
vt 0.6752 0.353409
vt 0.675044 0.346838
vt 0.672481 0.351936
vt 0.673176 0.351873
vt 0.673176 0.351873
vt 0.6752 0.353409
vt 0.674691 0.351968
vt 0.676313 0.353752
vt 0.675764 0.35295
vt 0.675764 0.35295
vt 0.676313 0.353752
vt 0.677564 0.354594
vt 0.677339 0.35366
vt 0.677339 0.35366
vt 0.677564 0.354594
vt 0.679061 0.354405
vt 0.677504 0.352443
vt 0.675764 0.35295
vt 0.677339 0.35366
vt 0.678594 0.354476
vt 0.685589 0.350937
vt 0.681959 0.34738
vt 0.683985 0.350144
vt 0.686125 0.354323
vt 0.684548 0.353654
vt 0.685508 0.357986
vt 0.683858 0.356565
vt 0.682547 0.362449
vt 0.68107 0.36151
vt 0.678594 0.354476
vt 0.677339 0.35366
vt 0.677816 0.35544
vt 0.679094 0.357049
vt 0.678764 0.358673
vt 0.681203 0.356177
vt 0.681861 0.353649
vt 0.678594 0.354476
vt 0.681203 0.356177
vt 0.685508 0.357986
vt 0.684548 0.353654
vt 0.683858 0.356565
vt 0.681203 0.356177
vt 0.679094 0.357049
vt 0.679344 0.360185
vt 0.678378 0.35925
vt 0.68107 0.36151
vt 0.678205 0.362038
vt 0.677554 0.360804
vt 0.676271 0.363183
vt 0.679552 0.363352
vt 0.677554 0.360804
vt 0.67603 0.361814
vt 0.677131 0.364272
vt 0.676271 0.363183
vt 0.679552 0.363352
vt 0.683858 0.356565
vt 0.681203 0.356177
vt 0.68107 0.36151
vt 0.677554 0.360804
vt 0.67798 0.360371
vt 0.67603 0.361814
vt 0.680807 0.363978
vt 0.68107 0.36151
vt 0.679552 0.363352
vt 0.682547 0.362449
vt 0.676271 0.363183
vt 0.67603 0.361814
vt 0.674419 0.363083
vt 0.67603 0.361814
vt 0.674673 0.361784
vt 0.676549 0.360965
vt 0.675754 0.360986
vt 0.672939 0.361637
vt 0.673657 0.362504
vt 0.67514 0.364124
vt 0.676271 0.363183
vt 0.677131 0.364272
vt 0.676416 0.364296
vt 0.678108 0.364443
vt 0.673073 0.36043
vt 0.673982 0.35959
vt 0.672975 0.357969
vt 0.673935 0.357266
vt 0.675306 0.359758
vt 0.676529 0.360903
vt 0.677501 0.361267
vt 0.672803 0.358991
vt 0.672975 0.357969
vt 0.673935 0.357266
vt 0.675306 0.359758
vt 0.675084 0.357754
vt 0.675844 0.360389
vt 0.675702 0.358448
vt 0.674843 0.356477
vt 0.673915 0.355899
vt 0.675919 0.361199
vt 0.672975 0.357969
vt 0.673935 0.357266
vt 0.673435 0.356515
vt 0.673435 0.356515
vt 0.673935 0.357266
vt 0.673915 0.355899
vt 0.71634 0.354846
vt 0.717718 0.358456
vt 0.700671 0.362059
vt 0.702102 0.365642
vt 0.697274 0.355562
vt 0.712962 0.348334
vt 0.693921 0.349993
vt 0.709581 0.342772
vt 0.691577 0.350043
vt 0.701236 0.345409
vt 0.687112 0.368513
vt 0.688706 0.372155
vt 0.683452 0.362145
vt 0.679942 0.356869
vt 0.680136 0.355926
vt 0.676724 0.373233
vt 0.672549 0.366941
vt 0.676724 0.373233
vt 0.668853 0.362182
vt 0.672549 0.366941
vt 0.669378 0.361864
vt 0.668853 0.362182
vt 0.663154 0.369213
vt 0.659101 0.365323
vt 0.660072 0.366427
vt 0.676724 0.373233
vt 0.67923 0.37878
vt 0.668685 0.37595
vt 0.67923 0.37878
vt 0.672156 0.383053
vt 0.664174 0.383567
vt 0.658033 0.377728
vt 0.652224 0.384081
vt 0.65924 0.388934
vt 0.666469 0.38759
vt 0.672156 0.383053
vt 0.66344 0.392765
vt 0.663154 0.369213
vt 0.676724 0.373233
vt 0.646365 0.381147
vt 0.652576 0.373777
vt 0.646365 0.381147
vt 0.64377 0.385989
vt 0.649849 0.388328
vt 0.657484 0.392421
vt 0.662071 0.395641
vt 0.64794 0.39771
vt 0.661265 0.401187
vt 0.656665 0.39993
vt 0.661265 0.401187
vt 0.660666 0.406302
vt 0.656748 0.407267
vt 0.660666 0.406302
vt 0.647823 0.407242
vt 0.640693 0.396117
vt 0.661528 0.410324
vt 0.657793 0.413133
vt 0.649077 0.415405
vt 0.640072 0.406514
vt 0.640693 0.396117
vt 0.64377 0.385989
vt 0.641175 0.416056
vt 0.652115 0.421823
vt 0.645268 0.424448
vt 0.662873 0.412455
vt 0.65967 0.416869
vt 0.664664 0.413396
vt 0.662401 0.418794
vt 0.656579 0.42591
vt 0.645268 0.424448
vt 0.651498 0.430257
vt 0.666813 0.415029
vt 0.665598 0.419871
vt 0.661356 0.427606
vt 0.651498 0.430257
vt 0.659101 0.365323
vt 0.672549 0.366941
vt 0.663154 0.369213
vt 0.640072 0.406514
vt 0.640572 0.396465
vt 0.640693 0.396117
vt 0.639313 0.405388
vt 0.641175 0.416056
vt 0.640367 0.413955
vt 0.643167 0.388108
vt 0.640693 0.396117
vt 0.658414 0.432864
vt 0.651498 0.430257
vt 0.661356 0.427606
vt 0.665598 0.419871
vt 0.662401 0.418794
vt 0.666813 0.415029
vt 0.670207 0.416901
vt 0.661356 0.427606
vt 0.656579 0.42591
vt 0.665598 0.419871
vt 0.66914 0.419976
vt 0.66914 0.419976
vt 0.665598 0.419871
vt 0.670207 0.416901
vt 0.667482 0.42619
vt 0.661356 0.427606
vt 0.66914 0.419976
vt 0.667071 0.431497
vt 0.658414 0.432864
vt 0.667482 0.42619
vt 0.667482 0.42619
vt 0.658414 0.432864
vt 0.661356 0.427606
vt 0.667071 0.431497
vt 0.667482 0.42619
vt 0.669824 0.430467
vt 0.669589 0.424511
vt 0.667482 0.42619
vt 0.66914 0.419976
vt 0.669589 0.424511
vt 0.670479 0.432459
vt 0.667071 0.431497
vt 0.669824 0.430467
vt 0.666196 0.432646
vt 0.657636 0.43255
vt 0.673325 0.431459
vt 0.671559 0.428687
vt 0.669589 0.424511
vt 0.670862 0.422516
vt 0.675426 0.429961
vt 0.672801 0.426772
vt 0.670862 0.422516
vt 0.672185 0.420725
vt 0.68018 0.430742
vt 0.67427 0.425053
vt 0.673958 0.419188
vt 0.678156 0.428079
vt 0.683355 0.428963
vt 0.674942 0.416673
vt 0.672608 0.417714
vt 0.677516 0.415524
vt 0.678095 0.415739
vt 0.678025 0.421355
vt 0.681226 0.424828
vt 0.686629 0.426
vt 0.682061 0.41233
vt 0.68158 0.411547
vt 0.681462 0.416842
vt 0.684072 0.420906
vt 0.689846 0.422249
vt 0.68294 0.414341
vt 0.683047 0.409341
vt 0.686149 0.417167
vt 0.692281 0.418357
vt 0.696303 0.415413
vt 0.694075 0.418869
vt 0.690963 0.422504
vt 0.685431 0.404942
vt 0.685189 0.408947
vt 0.687818 0.411907
vt 0.685189 0.408947
vt 0.685431 0.404942
vt 0.693905 0.413613
vt 0.693905 0.413613
vt 0.69808 0.411486
vt 0.687323 0.400797
vt 0.688541 0.405742
vt 0.694254 0.40762
vt 0.686517 0.403407
vt 0.687818 0.411907
vt 0.66914 0.419976
vt 0.670788 0.4189
vt 0.66914 0.419976
vt 0.670207 0.416901
vt 0.670788 0.4189
vt 0.669589 0.424511
vt 0.670788 0.4189
vt 0.670862 0.422516
vt 0.670862 0.422516
vt 0.670788 0.4189
vt 0.672608 0.417714
vt 0.670862 0.422516
vt 0.672608 0.417714
vt 0.672185 0.420725
vt 0.670788 0.4189
vt 0.672543 0.416975
vt 0.672608 0.417714
vt 0.688541 0.405742
vt 0.687818 0.411907
vt 0.686517 0.403407
vt 0.694254 0.40762
vt 0.693905 0.413613
vt 0.688541 0.405742
vt 0.699283 0.406613
vt 0.69808 0.411486
vt 0.694254 0.40762
vt 0.693565 0.401163
vt 0.688859 0.396957
vt 0.686517 0.403407
vt 0.687323 0.400797
vt 0.687231 0.398457
vt 0.688541 0.405742
vt 0.686517 0.403407
vt 0.688925 0.39997
vt 0.688541 0.405742
vt 0.687231 0.398457
vt 0.687296 0.394279
vt 0.68854 0.394815
vt 0.688925 0.39997
vt 0.685128 0.390762
vt 0.687296 0.394279
vt 0.6859 0.390747
vt 0.683263 0.386961
vt 0.6859 0.390747
vt 0.683845 0.386793
vt 0.681106 0.384359
vt 0.681415 0.383746
vt 0.678116 0.382006
vt 0.678251 0.381076
vt 0.683795 0.380647
vt 0.687631 0.384469
vt 0.683845 0.386793
vt 0.690563 0.389319
vt 0.695345 0.387666
vt 0.698041 0.394118
vt 0.691916 0.381598
vt 0.699102 0.386267
vt 0.701467 0.393311
vt 0.687134 0.376618
vt 0.695672 0.379185
vt 0.689969 0.373141
vt 0.679509 0.378103
vt 0.68145 0.373493
vt 0.682418 0.369711
vt 0.674074 0.379854
vt 0.672742 0.380429
vt 0.675653 0.376666
vt 0.676742 0.372113
vt 0.675978 0.368443
vt 0.670981 0.379055
vt 0.672992 0.375751
vt 0.674326 0.371468
vt 0.674223 0.367806
vt 0.671354 0.375281
vt 0.66843 0.378124
vt 0.669423 0.37922
vt 0.665879 0.377518
vt 0.672842 0.371285
vt 0.673313 0.367647
vt 0.671226 0.36634
vt 0.665839 0.376809
vt 0.671604 0.370893
vt 0.669587 0.374504
vt 0.672333 0.36748
vt 0.669825 0.365561
vt 0.670361 0.369513
vt 0.667844 0.372802
vt 0.663699 0.374829
vt 0.671236 0.36616
vt 0.661624 0.371233
vt 0.666486 0.369682
vt 0.668918 0.366907
vt 0.660915 0.366737
vt 0.656595 0.364064
vt 0.65764 0.369475
vt 0.660561 0.373791
vt 0.665802 0.365992
vt 0.669511 0.363535
vt 0.670726 0.36347
vt 0.662027 0.361624
vt 0.657783 0.357857
vt 0.666191 0.361609
vt 0.669473 0.360146
vt 0.670481 0.360788
vt 0.670726 0.36347
vt 0.670559 0.356836
vt 0.663457 0.357831
vt 0.659461 0.354619
vt 0.6671 0.358449
vt 0.669917 0.357725
vt 0.670228 0.35608
vt 0.665835 0.354517
vt 0.661985 0.351496
vt 0.668598 0.355695
vt 0.671086 0.356039
vt 0.671086 0.356039
vt 0.670345 0.354427
vt 0.670691 0.353502
vt 0.66914 0.351865
vt 0.661985 0.351496
vt 0.6719 0.354596
vt 0.671086 0.356039
vt 0.673648 0.352125
vt 0.673222 0.349227
vt 0.665544 0.349175
vt 0.672283 0.345121
vt 0.675898 0.351436
vt 0.676253 0.348371
vt 0.672283 0.345121
vt 0.675828 0.344809
vt 0.674526 0.353284
vt 0.673071 0.353793
vt 0.673071 0.353793
vt 0.6752 0.353409
vt 0.677342 0.351441
vt 0.678629 0.348405
vt 0.675828 0.344809
vt 0.678829 0.345199
vt 0.676313 0.353752
vt 0.678644 0.352221
vt 0.680593 0.349186
vt 0.678829 0.345199
vt 0.677564 0.354594
vt 0.679908 0.35341
vt 0.679908 0.35341
vt 0.682049 0.350792
vt 0.681264 0.346362
vt 0.678829 0.345199
vt 0.683023 0.3483
vt 0.683749 0.352864
vt 0.681456 0.353806
vt 0.679908 0.35341
vt 0.685589 0.350937
vt 0.68413 0.355512
vt 0.686125 0.354323
vt 0.682054 0.355934
vt 0.679762 0.356185
vt 0.679061 0.354405
vt 0.679908 0.35341
vt 0.679927 0.358923
vt 0.681949 0.358941
vt 0.679927 0.358923
vt 0.684097 0.358869
vt 0.681035 0.360823
vt 0.679793 0.359918
vt 0.682352 0.361756
vt 0.685508 0.357986
vt 0.682547 0.362449
vt 0.678865 0.360889
vt 0.679867 0.361693
vt 0.679867 0.361693
vt 0.678865 0.360889
vt 0.677501 0.361267
vt 0.679867 0.361693
vt 0.678162 0.362126
vt 0.680646 0.362892
vt 0.678162 0.362126
vt 0.682352 0.361756
vt 0.678428 0.363064
vt 0.682547 0.362449
vt 0.688925 0.39997
vt 0.694254 0.40762
vt 0.688541 0.405742
vt 0.693565 0.401163
vt 0.694254 0.40762
vt 0.688925 0.39997
vt 0.68854 0.394815
vt 0.699344 0.400821
vt 0.699283 0.406613
vt 0.693565 0.401163
vt 0.692087 0.394988
vt 0.693565 0.401163
vt 0.699344 0.400821
vt 0.700402 0.404451
vt 0.699283 0.406613
vt 0.700402 0.404451
vt 0.69864 0.408167
vt 0.699283 0.406613
vt 0.70154 0.399609
vt 0.700402 0.404451
vt 0.699344 0.400821
vt 0.698041 0.394118
vt 0.692087 0.394988
vt 0.693565 0.401163
vt 0.68854 0.394815
vt 0.6859 0.390747
vt 0.698041 0.394118
vt 0.699344 0.400821
vt 0.692087 0.394988
vt 0.6859 0.390747
vt 0.683845 0.386793
vt 0.701467 0.393311
vt 0.70154 0.399609
vt 0.695345 0.387666
vt 0.701467 0.393311
vt 0.695672 0.379185
vt 0.699102 0.386267
vt 0.691916 0.381598
vt 0.670726 0.36347
vt 0.671236 0.36616
vt 0.657783 0.357857
vt 0.660915 0.366737
vt 0.656595 0.364064
vt 0.657783 0.357857
vt 0.656595 0.364064
vt 0.658092 0.355065
vt 0.657034 0.360557
vt 0.657783 0.357857
vt 0.658092 0.355065
vt 0.659461 0.354619
vt 0.659543 0.352342
vt 0.661985 0.351496
vt 0.661615 0.349728
vt 0.661985 0.351496
vt 0.661615 0.349728
vt 0.665544 0.349175
vt 0.664349 0.347494
vt 0.66914 0.351865
vt 0.665544 0.349175
vt 0.672283 0.345121
vt 0.67088 0.344115
vt 0.675828 0.344809
vt 0.674383 0.34366
vt 0.664349 0.347494
vt 0.675828 0.344809
vt 0.674383 0.34366
vt 0.678829 0.345199
vt 0.678829 0.345199
vt 0.674383 0.34366
vt 0.677476 0.344088
vt 0.678829 0.345199
vt 0.677476 0.344088
vt 0.681264 0.346362
vt 0.68004 0.345341
vt 0.677564 0.354594
vt 0.679908 0.35341
vt 0.679061 0.354405
vt 0.678764 0.358673
vt 0.679762 0.356185
vt 0.679927 0.358923
vt 0.679927 0.358923
vt 0.678737 0.359251
vt 0.677816 0.35544
vt 0.679762 0.356185
vt 0.678764 0.358673
vt 0.679061 0.354405
vt 0.677339 0.35366
vt 0.679061 0.354405
vt 0.677816 0.35544
vt 0.679927 0.358923
vt 0.681949 0.358941
vt 0.679793 0.359918
vt 0.678737 0.359251
vt 0.679927 0.358923
vt 0.679793 0.359918
vt 0.678737 0.359251
vt 0.67798 0.360371
vt 0.678378 0.35925
vt 0.678764 0.358673
vt 0.678737 0.359251
vt 0.679094 0.357049
vt 0.677554 0.360804
vt 0.67798 0.360371
vt 0.679793 0.359918
vt 0.678865 0.360889
vt 0.676549 0.360965
vt 0.676549 0.360965
vt 0.678865 0.360889
vt 0.677501 0.361267
vt 0.675754 0.360986
vt 0.677554 0.360804
vt 0.678737 0.359251
vt 0.67798 0.360371
vt 0.680646 0.362892
vt 0.680807 0.363978
vt 0.678428 0.363064
vt 0.678428 0.363064
vt 0.680807 0.363978
vt 0.678108 0.364443
vt 0.678162 0.362126
vt 0.678428 0.363064
vt 0.677123 0.361512
vt 0.677123 0.361512
vt 0.678428 0.363064
vt 0.677353 0.362637
vt 0.675844 0.360389
vt 0.675919 0.361199
vt 0.676416 0.364296
vt 0.678108 0.364443
vt 0.674808 0.362524
vt 0.675306 0.359758
vt 0.676529 0.360903
vt 0.678162 0.362126
vt 0.677501 0.361267
vt 0.675566 0.359382
vt 0.675702 0.358448
vt 0.675151 0.357184
vt 0.674977 0.357579
vt 0.674707 0.359761
vt 0.674808 0.362524
vt 0.674124 0.35648
vt 0.674843 0.356477
vt 0.678428 0.363064
vt 0.678108 0.364443
vt 0.674977 0.357579
vt 0.674707 0.359761
vt 0.674625 0.357601
vt 0.67352 0.359733
vt 0.673937 0.357719
vt 0.672803 0.358991
vt 0.673444 0.357269
vt 0.672975 0.357969
vt 0.672939 0.361637
vt 0.673657 0.362504
vt 0.674124 0.35648
vt 0.673435 0.356515
vt 0.674124 0.35648
vt 0.674124 0.35648
vt 0.672975 0.357969
vt 0.673435 0.356515
vt 0.674808 0.362524
vt 0.673657 0.362504
vt 0.674707 0.359761
vt 0.674808 0.362524
vt 0.67514 0.364124
vt 0.674124 0.35648
vt 0.673915 0.355899
vt 0.674843 0.356477
vt 0.674124 0.35648
vt 0.673435 0.356515
vt 0.673915 0.355899
vt 0.676416 0.364296
vt 0.67514 0.364124
vt 0.674808 0.362524
vt 0.672156 0.383053
vt 0.67798 0.378133
vt 0.668853 0.362182
vt 0.659101 0.365323
vt 0.651955 0.374266
vt 0.646673 0.381448
vt 0.659101 0.365323
vt 0.657636 0.43255
vt 0.650453 0.428692
vt 0.658414 0.432864
vt 0.658414 0.432864
vt 0.650453 0.428692
vt 0.651498 0.430257
vt 0.667071 0.431497
vt 0.657636 0.43255
vt 0.658414 0.432864
vt 0.670788 0.4189
vt 0.670207 0.416901
vt 0.672543 0.416975
vt 0.672608 0.417714
vt 0.6756 0.417118
vt 0.676311 0.431708
vt 0.672608 0.417714
vt 0.674223 0.367806
vt 0.66287 0.375681
vt 0.670345 0.354427
vt 0.669917 0.357725
vt 0.671086 0.356039
vt 0.670345 0.354427
vt 0.671086 0.356039
vt 0.670567 0.353132
vt 0.670567 0.353132
vt 0.671086 0.356039
vt 0.6719 0.354596
vt 0.681264 0.346362
vt 0.68004 0.345341
vt 0.683023 0.3483
vt 0.681959 0.34738
vt 0.685589 0.350937
vt 0.665544 0.349175
vt 0.664349 0.347494
vt 0.672283 0.345121
vt 0.67603 0.361814
vt 0.67798 0.360371
vt 0.676549 0.360965
vt 0.680807 0.363978
vt 0.679552 0.363352
vt 0.678108 0.364443
vt 0.678108 0.364443
vt 0.679552 0.363352
vt 0.677131 0.364272
vt 0.680646 0.362892
vt 0.682547 0.362449
vt 0.680807 0.363978
vt 0.714526 0.451093
vt 0.712111 0.449768
vt 0.70046 0.453551
vt 0.698065 0.452217
vt 0.710522 0.445897
vt 0.696478 0.448333
vt 0.69277 0.453456
vt 0.689564 0.45229
vt 0.687974 0.448383
vt 0.686574 0.449817
vt 0.684981 0.44588
vt 0.710522 0.445897
vt 0.698418 0.442137
vt 0.696478 0.448333
vt 0.712501 0.439711
vt 0.692036 0.441791
vt 0.687974 0.448383
vt 0.690141 0.439549
vt 0.684981 0.44588
vt 0.690805 0.435955
vt 0.684879 0.441645
vt 0.692336 0.431695
vt 0.686247 0.436854
vt 0.694648 0.427895
vt 0.6886 0.43251
vt 0.697672 0.42487
vt 0.691711 0.42859
vt 0.701072 0.422646
vt 0.695573 0.425205
vt 0.70468 0.421232
vt 0.700164 0.422391
vt 0.700164 0.422391
vt 0.708394 0.420623
vt 0.705288 0.420267
vt 0.70468 0.421232
vt 0.707143 0.424621
vt 0.708394 0.420623
vt 0.709952 0.42414
vt 0.707946 0.430781
vt 0.704249 0.425566
vt 0.705994 0.431277
vt 0.701072 0.422646
vt 0.701325 0.427339
vt 0.70405 0.432718
vt 0.701503 0.434899
vt 0.697672 0.42487
vt 0.698596 0.429975
vt 0.701503 0.434899
vt 0.699733 0.437959
vt 0.694648 0.427895
vt 0.696416 0.433533
vt 0.699733 0.437959
vt 0.696465 0.441526
vt 0.692336 0.431695
vt 0.69487 0.437563
vt 0.696465 0.441526
vt 0.695618 0.444848
vt 0.694017 0.440906
vt 0.690805 0.435955
vt 0.690141 0.439549
vt 0.695398 0.442992
vt 0.692036 0.441791
vt 0.694652 0.445524
vt 0.699733 0.437959
vt 0.699733 0.437959
vt 0.697859 0.441747
vt 0.701503 0.434899
vt 0.705994 0.431277
vt 0.707946 0.430781
vt 0.705994 0.431277
vt 0.704101 0.433995
vt 0.707946 0.430781
vt 0.707946 0.430781
vt 0.704101 0.433995
vt 0.706332 0.432902
vt 0.71023 0.430048
vt 0.709064 0.431673
vt 0.704249 0.425566
vt 0.70405 0.432718
vt 0.705994 0.431277
vt 0.70405 0.432718
vt 0.702081 0.435924
vt 0.705994 0.431277
vt 0.699603 0.438465
vt 0.701503 0.434899
vt 0.705994 0.431277
vt 0.704101 0.433995
vt 0.716356 0.449086
vt 0.714526 0.451093
vt 0.702266 0.451543
vt 0.70046 0.453551
vt 0.702418 0.447357
vt 0.716522 0.44491
vt 0.70082 0.443456
vt 0.714923 0.441021
vt 0.698418 0.442137
vt 0.712501 0.439711
vt 0.69589 0.451244
vt 0.69277 0.453456
vt 0.696997 0.446911
vt 0.695398 0.442992
vt 0.692036 0.441791
vt 0.694003 0.449063
vt 0.690209 0.451104
vt 0.695618 0.444848
vt 0.694017 0.440906
vt 0.694652 0.445524
vt 0.690501 0.447211
vt 0.696465 0.441526
vt 0.696465 0.441526
vt 0.697859 0.441747
vt 0.691887 0.442676
vt 0.699603 0.438465
vt 0.693998 0.438591
vt 0.687804 0.440834
vt 0.686468 0.445608
vt 0.684879 0.441645
vt 0.684981 0.44588
vt 0.686574 0.449817
vt 0.689564 0.45229
vt 0.686247 0.436854
vt 0.690045 0.436507
vt 0.6886 0.43251
vt 0.696559 0.435081
vt 0.692899 0.432608
vt 0.702081 0.435924
vt 0.691711 0.42859
vt 0.699664 0.432122
vt 0.696477 0.429196
vt 0.704101 0.433995
vt 0.704101 0.433995
vt 0.695573 0.425205
vt 0.703235 0.429699
vt 0.700761 0.426288
vt 0.706332 0.432902
vt 0.700164 0.422391
vt 0.707198 0.428415
vt 0.705564 0.423956
vt 0.709064 0.431673
vt 0.711325 0.428194
vt 0.71057 0.422162
vt 0.712236 0.431132
vt 0.712236 0.431132
vt 0.705288 0.420267
vt 0.700164 0.422391
vt 0.715234 0.428924
vt 0.714948 0.430915
vt 0.705288 0.420267
vt 0.710616 0.418915
vt 0.715234 0.428924
vt 0.715922 0.422566
vt 0.710616 0.418915
vt 0.719411 0.429543
vt 0.721092 0.423715
vt 0.715886 0.419207
vt 0.710616 0.418915
vt 0.721073 0.42031
vt 0.723837 0.430195
vt 0.725697 0.425558
vt 0.721343 0.43178
vt 0.717971 0.431124
vt 0.715234 0.428924
vt 0.725766 0.422135
vt 0.727302 0.430977
vt 0.729534 0.42786
vt 0.723914 0.432273
vt 0.729727 0.424532
vt 0.730064 0.433198
vt 0.732565 0.430592
vt 0.726363 0.433978
vt 0.732896 0.427367
vt 0.733038 0.435368
vt 0.735183 0.432703
vt 0.72954 0.436266
vt 0.735463 0.437688
vt 0.736856 0.435
vt 0.734951 0.429742
vt 0.732896 0.427367
vt 0.732369 0.439015
vt 0.729189 0.438312
vt 0.726822 0.434876
vt 0.73645 0.440303
vt 0.737121 0.437712
vt 0.73407 0.441864
vt 0.731232 0.44147
vt 0.729654 0.439405
vt 0.728089 0.435855
vt 0.736785 0.443276
vt 0.737039 0.440919
vt 0.734604 0.444893
vt 0.731697 0.44475
vt 0.729909 0.442985
vt 0.734325 0.448442
vt 0.736213 0.447415
vt 0.731223 0.447868
vt 0.729129 0.446244
vt 0.729103 0.444461
vt 0.730223 0.440726
vt 0.732891 0.451747
vt 0.734562 0.451562
vt 0.729911 0.450607
vt 0.727692 0.448918
vt 0.727476 0.447684
vt 0.730493 0.454407
vt 0.731624 0.454946
vt 0.727934 0.452697
vt 0.725938 0.451072
vt 0.725938 0.451072
vt 0.725467 0.450409
vt 0.725938 0.451072
vt 0.727805 0.45607
vt 0.72596 0.453968
vt 0.724234 0.452466
vt 0.724234 0.452466
vt 0.723406 0.452365
vt 0.724378 0.454175
vt 0.725232 0.456407
vt 0.722863 0.452852
vt 0.721783 0.452388
vt 0.723191 0.453553
vt 0.725232 0.456407
vt 0.723397 0.455667
vt 0.724849 0.458194
vt 0.728369 0.457393
vt 0.722253 0.457455
vt 0.722427 0.453898
vt 0.721003 0.455451
vt 0.720453 0.457897
vt 0.719043 0.455744
vt 0.722479 0.451996
vt 0.720036 0.453052
vt 0.71805 0.45317
vt 0.721554 0.451759
vt 0.721713 0.45005
vt 0.717696 0.454607
vt 0.71905 0.456733
vt 0.71676 0.452044
vt 0.719851 0.450368
vt 0.717628 0.450298
vt 0.721603 0.449195
vt 0.721855 0.447469
vt 0.716238 0.449028
vt 0.720372 0.44735
vt 0.71819 0.44704
vt 0.722124 0.446509
vt 0.716856 0.445761
vt 0.721372 0.444991
vt 0.719419 0.444083
vt 0.722804 0.445015
vt 0.71809 0.442824
vt 0.723089 0.442997
vt 0.721734 0.441691
vt 0.71809 0.442824
vt 0.723727 0.443833
vt 0.720458 0.440683
vt 0.724286 0.442275
vt 0.723612 0.44086
vt 0.725947 0.442032
vt 0.72576 0.440482
vt 0.72527 0.443334
vt 0.724249 0.443309
vt 0.724249 0.443309
vt 0.722622 0.439896
vt 0.724817 0.439592
vt 0.726804 0.443124
vt 0.726934 0.44186
vt 0.725831 0.444116
vt 0.724585 0.444253
vt 0.724126 0.443624
vt 0.724249 0.443309
vt 0.720458 0.440683
vt 0.727073 0.444235
vt 0.727135 0.443372
vt 0.726357 0.44484
vt 0.726281 0.445981
vt 0.726766 0.445723
vt 0.725578 0.445837
vt 0.725395 0.444829
vt 0.725069 0.44536
vt 0.724754 0.444201
vt 0.726092 0.446772
vt 0.726315 0.446763
vt 0.725719 0.446589
vt 0.726092 0.446772
vt 0.725414 0.446317
vt 0.725719 0.446589
vt 0.726315 0.446763
vt 0.725354 0.447809
vt 0.706332 0.432902
vt 0.703235 0.429699
vt 0.709064 0.431673
vt 0.714948 0.430915
vt 0.711325 0.428194
vt 0.715234 0.428924
vt 0.727805 0.45607
vt 0.731624 0.454946
vt 0.725232 0.456407
vt 0.725938 0.451072
vt 0.724234 0.452466
vt 0.721512 0.453178
vt 0.725296 0.447809
vt 0.726092 0.446772
vt 0.725354 0.447809
vt 0.725719 0.446589
vt 0.726092 0.446772
vt 0.725296 0.447809
vt 0.725261 0.447774
vt 0.725719 0.446589
vt 0.725296 0.447809
vt 0.725414 0.446317
vt 0.725366 0.446122
vt 0.725414 0.446317
vt 0.72527 0.447725
vt 0.72527 0.447725
vt 0.725377 0.44769
vt 0.725366 0.446122
vt 0.725366 0.446122
vt 0.725377 0.44769
vt 0.725977 0.446311
vt 0.725076 0.444837
vt 0.725412 0.447725
vt 0.725977 0.446311
vt 0.725377 0.44769
vt 0.726267 0.446574
vt 0.726267 0.446574
vt 0.726289 0.444754
vt 0.725977 0.446311
vt 0.726768 0.445221
vt 0.726267 0.446574
vt 0.726768 0.445221
vt 0.726509 0.442749
vt 0.726289 0.444754
vt 0.727135 0.443372
vt 0.726766 0.445723
vt 0.727073 0.444235
vt 0.726315 0.446763
vt 0.726267 0.446574
vt 0.726144 0.441064
vt 0.726934 0.44186
vt 0.724817 0.439592
vt 0.72576 0.440482
vt 0.726315 0.446763
vt 0.726267 0.446574
vt 0.725403 0.447774
vt 0.725403 0.447774
vt 0.726267 0.446574
vt 0.725412 0.447725
vt 0.725354 0.447809
vt 0.726315 0.446763
vt 0.725403 0.447774
vt 0.725076 0.444837
vt 0.725977 0.446311
vt 0.726289 0.444754
vt 0.725076 0.444837
vt 0.726289 0.444754
vt 0.724819 0.443327
vt 0.726509 0.442749
vt 0.726144 0.441064
vt 0.723926 0.442193
vt 0.724817 0.439592
vt 0.722998 0.441186
vt 0.721861 0.440982
vt 0.724819 0.443327
vt 0.724754 0.444201
vt 0.725076 0.444837
vt 0.723796 0.443456
vt 0.724585 0.444253
vt 0.725395 0.444829
vt 0.723926 0.442193
vt 0.723186 0.442734
vt 0.722998 0.441186
vt 0.722534 0.442394
vt 0.723522 0.443358
vt 0.724126 0.443624
vt 0.725076 0.444837
vt 0.725069 0.44536
vt 0.725366 0.446122
vt 0.725414 0.446317
vt 0.72527 0.447725
vt 0.725261 0.447774
vt 0.721861 0.440982
vt 0.722534 0.442394
vt 0.722998 0.441186
vt 0.721861 0.440982
vt 0.724817 0.439592
vt 0.722622 0.439896
vt 0.720458 0.440683
vt 0.72065 0.441402
vt 0.720458 0.440683
vt 0.72065 0.441402
vt 0.722002 0.442704
vt 0.721861 0.440982
vt 0.721548 0.442885
vt 0.722875 0.444142
vt 0.722417 0.445011
vt 0.722124 0.446509
vt 0.722804 0.445015
vt 0.721083 0.443734
vt 0.721855 0.447469
vt 0.721603 0.449195
vt 0.720464 0.446201
vt 0.721713 0.45005
vt 0.72042 0.448926
vt 0.722479 0.451996
vt 0.72113 0.45086
vt 0.723191 0.453553
vt 0.721783 0.452388
vt 0.718436 0.449046
vt 0.719171 0.451155
vt 0.719989 0.45284
vt 0.722863 0.452852
vt 0.721512 0.453178
vt 0.718244 0.446133
vt 0.718903 0.443425
vt 0.719598 0.441979
vt 0.721861 0.440982
vt 0.722534 0.442394
vt 0.723276 0.443712
vt 0.723727 0.443833
vt 0.723522 0.443358
vt 0.722534 0.442394
vt 0.721512 0.453178
vt 0.719989 0.45284
vt 0.721892 0.457142
vt 0.725602 0.455764
vt 0.71905 0.456733
vt 0.719171 0.451155
vt 0.717696 0.454607
vt 0.718436 0.449046
vt 0.71676 0.452044
vt 0.718244 0.446133
vt 0.716238 0.449028
vt 0.718903 0.443425
vt 0.716856 0.445761
vt 0.719598 0.441979
vt 0.71809 0.442824
vt 0.723406 0.452365
vt 0.725602 0.455764
vt 0.728682 0.452487
vt 0.725602 0.455764
vt 0.725467 0.450409
vt 0.731663 0.448499
vt 0.728682 0.452487
vt 0.727476 0.447684
vt 0.733665 0.443851
vt 0.729103 0.444461
vt 0.735252 0.439238
vt 0.733665 0.443851
vt 0.735732 0.435623
vt 0.730223 0.440726
vt 0.730903 0.45416
vt 0.731663 0.448499
vt 0.72747 0.457267
vt 0.734063 0.450222
vt 0.733665 0.443851
vt 0.730903 0.45416
vt 0.73593 0.445505
vt 0.733665 0.443851
vt 0.734063 0.450222
vt 0.734562 0.451562
vt 0.736213 0.447415
vt 0.737039 0.440919
vt 0.735252 0.439238
vt 0.736785 0.443276
vt 0.731624 0.454946
vt 0.735732 0.435623
vt 0.735252 0.439238
vt 0.733665 0.443851
vt 0.731624 0.454946
vt 0.730903 0.45416
vt 0.737121 0.437712
vt 0.735732 0.435623
vt 0.735941 0.432434
vt 0.736856 0.435
vt 0.735941 0.432434
vt 0.730223 0.440726
vt 0.729103 0.444461
vt 0.735252 0.439238
vt 0.731624 0.454946
vt 0.730903 0.45416
vt 0.728369 0.457393
vt 0.728369 0.457393
vt 0.730903 0.45416
vt 0.72747 0.457267
vt 0.72747 0.457267
vt 0.728682 0.452487
vt 0.725602 0.455764
vt 0.728369 0.457393
vt 0.72747 0.457267
vt 0.724849 0.458194
vt 0.72747 0.457267
vt 0.725602 0.455764
vt 0.723408 0.458455
vt 0.723408 0.458455
vt 0.725602 0.455764
vt 0.721892 0.457142
vt 0.720453 0.457897
vt 0.71905 0.456733
vt 0.72065 0.441402
vt 0.720458 0.440683
vt 0.701503 0.434899
vt 0.701072 0.422646
vt 0.70468 0.421232
vt 0.695573 0.425205
vt 0.70468 0.421232
vt 0.708394 0.420623
vt 0.700164 0.422391
vt 0.709952 0.42414
vt 0.707946 0.430781
vt 0.71023 0.430048
vt 0.71023 0.430048
vt 0.709064 0.431673
vt 0.712707 0.429846
vt 0.712707 0.429846
vt 0.709064 0.431673
vt 0.712236 0.431132
vt 0.709952 0.42414
vt 0.71023 0.430048
vt 0.712752 0.426594
vt 0.708394 0.420623
vt 0.71216 0.420581
vt 0.715371 0.42022
vt 0.712752 0.426594
vt 0.712752 0.426594
vt 0.71023 0.430048
vt 0.712707 0.429846
vt 0.708394 0.420623
vt 0.71216 0.420581
vt 0.705288 0.420267
vt 0.705288 0.420267
vt 0.71216 0.420581
vt 0.710616 0.418915
vt 0.715371 0.42022
vt 0.712707 0.429846
vt 0.712236 0.431132
vt 0.714722 0.429678
vt 0.712752 0.426594
vt 0.714687 0.426346
vt 0.712707 0.429846
vt 0.714722 0.429678
vt 0.715371 0.42022
vt 0.718602 0.420849
vt 0.714722 0.429678
vt 0.712236 0.431132
vt 0.714948 0.430915
vt 0.716885 0.429307
vt 0.715371 0.42022
vt 0.712752 0.426594
vt 0.714687 0.426346
vt 0.718602 0.420849
vt 0.717594 0.424454
vt 0.721835 0.42228
vt 0.71987 0.425847
vt 0.724918 0.423778
vt 0.710616 0.418915
vt 0.715371 0.42022
vt 0.715886 0.419207
vt 0.718602 0.420849
vt 0.721073 0.42031
vt 0.721835 0.42228
vt 0.725766 0.422135
vt 0.724918 0.423778
vt 0.716885 0.429307
vt 0.714948 0.430915
vt 0.717971 0.431124
vt 0.719477 0.430389
vt 0.714687 0.426346
vt 0.714722 0.429678
vt 0.717594 0.424454
vt 0.717594 0.424454
vt 0.714722 0.429678
vt 0.716885 0.429307
vt 0.716885 0.429307
vt 0.71987 0.425847
vt 0.719477 0.430389
vt 0.722172 0.42729
vt 0.724918 0.423778
vt 0.727794 0.4258
vt 0.724826 0.428717
vt 0.721602 0.430874
vt 0.719477 0.430389
vt 0.724052 0.432208
vt 0.726785 0.43185
vt 0.729346 0.428993
vt 0.729346 0.428993
vt 0.72979 0.433028
vt 0.719477 0.430389
vt 0.717971 0.431124
vt 0.721343 0.43178
vt 0.721602 0.430874
vt 0.723914 0.432273
vt 0.724052 0.432208
vt 0.724052 0.432208
vt 0.723914 0.432273
vt 0.726363 0.433978
vt 0.726785 0.43185
vt 0.724052 0.432208
vt 0.726822 0.434876
vt 0.728089 0.435855
vt 0.729189 0.438312
vt 0.72979 0.433028
vt 0.730462 0.436828
vt 0.730462 0.436828
vt 0.729654 0.439405
vt 0.730223 0.440726
vt 0.730223 0.440726
vt 0.729909 0.442985
vt 0.730462 0.436828
vt 0.730223 0.440726
vt 0.735732 0.435623
vt 0.735941 0.432434
vt 0.72979 0.433028
vt 0.730462 0.436828
vt 0.735941 0.432434
vt 0.734951 0.429742
vt 0.72979 0.433028
vt 0.735941 0.432434
vt 0.725766 0.422135
vt 0.724918 0.423778
vt 0.729727 0.424532
vt 0.727794 0.4258
vt 0.732896 0.427367
vt 0.729346 0.428993
vt 0.732896 0.427367
vt 0.729346 0.428993
vt 0.734951 0.429742
vt 0.72979 0.433028
vt 0.724052 0.432208
vt 0.734951 0.429742
vt 0.735941 0.432434
vt 0.724849 0.458194
vt 0.72747 0.457267
vt 0.723408 0.458455
vt 0.721512 0.453178
vt 0.724234 0.452466
vt 0.722863 0.452852
vt 0.723408 0.458455
vt 0.722417 0.445011
vt 0.723522 0.443358
vt 0.723727 0.443833
vt 0.724249 0.443309
vt 0.723522 0.443358
vt 0.724249 0.443309
vt 0.724126 0.443624
vt 0.723186 0.442734
vt 0.723796 0.443456
vt 0.719598 0.441979
vt 0.72065 0.441402
vt 0.71809 0.442824
vt 0.735893 0.435358
vt 0.734979 0.432792
vt 0.74022 0.43332
vt 0.739538 0.43141
vt 0.742753 0.43131
vt 0.742417 0.43008
vt 0.744253 0.429849
vt 0.74379 0.428751
vt 0.740704 0.435142
vt 0.735893 0.435358
vt 0.74022 0.43332
vt 0.736161 0.438069
vt 0.742478 0.433139
vt 0.742753 0.43131
vt 0.74383 0.431552
vt 0.744253 0.429849
vt 0.720992 0.421719
vt 0.715665 0.423441
vt 0.720887 0.417708
vt 0.720887 0.417708
vt 0.715665 0.423441
vt 0.71758 0.418057
vt 0.722493 0.414409
vt 0.722493 0.414409
vt 0.71758 0.418057
vt 0.719863 0.415252
vt 0.725455 0.411956
vt 0.725455 0.411956
vt 0.719863 0.415252
vt 0.724842 0.411688
vt 0.726626 0.411044
vt 0.726626 0.411044
vt 0.724842 0.411688
vt 0.726446 0.410546
vt 0.724842 0.411688
vt 0.723568 0.410966
vt 0.726446 0.410546
vt 0.719863 0.415252
vt 0.718041 0.413875
vt 0.723568 0.410966
vt 0.719863 0.415252
vt 0.715283 0.416335
vt 0.71758 0.418057
vt 0.712055 0.420145
vt 0.726446 0.410546
vt 0.723568 0.410966
vt 0.72632 0.410196
vt 0.715665 0.423441
vt 0.712055 0.420145
vt 0.71758 0.418057
vt 0.703746 0.422995
vt 0.699145 0.425805
vt 0.700834 0.421129
vt 0.698313 0.42221
vt 0.700289 0.419466
vt 0.698582 0.420162
vt 0.700721 0.417392
vt 0.694896 0.426139
vt 0.696931 0.421629
vt 0.698582 0.420162
vt 0.697587 0.419732
vt 0.700252 0.417338
vt 0.699898 0.416804
vt 0.701236 0.4166
vt 0.700721 0.417392
vt 0.698582 0.420162
vt 0.700252 0.417338
vt 0.701236 0.4166
vt 0.688788 0.437385
vt 0.692807 0.434014
vt 0.690734 0.441103
vt 0.693807 0.4379
vt 0.687576 0.442979
vt 0.686717 0.440247
vt 0.684822 0.445655
vt 0.684142 0.445531
vt 0.683731 0.446939
vt 0.687505 0.435622
vt 0.685701 0.438782
vt 0.684142 0.445531
vt 0.690411 0.430941
vt 0.683356 0.446943
vt 0.684142 0.445531
vt 0.683731 0.446939
vt 0.683093 0.446947
vt 0.683615 0.444419
vt 0.683615 0.444419
vt 0.685701 0.438782
vt 0.684142 0.445531
vt 0.683356 0.446943
vt 0.683615 0.444419
vt 0.684142 0.445531
vn 0.3511821 0.9166185 -0.1910016
vn 0.4182057 0.9083207 0.007586956
vn 0.3484702 0.8907533 -0.2917653
vn 0.3865396 0.9207008 0.05382543
vn 0.3566662 0.8347863 -0.4194295
vn 0.274851 0.9606628 -0.03979716
vn 0.4647467 0.7636773 -0.4481154
vn 0.2389564 0.9626785 -0.1270824
vn 0.4983683 0.7754948 -0.3876042
vn 0.1909902 0.9627028 -0.1916403
vn 0.03469744 0.9981751 0.04942287
vn 0.2537474 0.9612377 -0.1078634
vn 0.03179904 0.9348477 0.3536222
vn 0.2366645 0.8670771 0.4383687
vn 0.4346644 0.7554031 0.4903396
vn 0.5888369 0.4851244 0.6464716
vn 0.5098645 0.5556572 0.6567216
vn 0.4804151 0.5630587 0.672433
vn 0.4526242 0.5469952 0.7042213
vn 0.4819976 0.5065814 0.7148802
vn 0.5191907 0.4724333 0.7122133
vn 0.5127729 0.4447868 0.7343218
vn 0.4674604 0.4444624 0.7641558
vn 0.4319468 0.4266545 0.7945992
vn 0.1472561 0.5969105 0.7886783
vn -0.7875417 0.5895307 0.1795317
vn -0.5811674 0.7160865 0.3866066
vn -0.3916142 0.804354 0.4468254
vn -0.8454444 0.4803021 0.2335241
vn -0.828954 0.4867997 0.2754292
vn -0.8073979 0.5115196 0.2940348
vn -0.7569154 0.5039576 0.4160599
vn -0.7347048 0.5113332 0.4458108
vn -0.6659274 0.463522 0.5845407
vn -0.1291869 0.7689313 0.6261434
vn -0.5811674 0.7160865 0.3866066
vn -0.09223893 0.6578124 0.7475124
vn 0.228881 0.6116633 0.7572856
vn 0.2289903 0.5175145 0.8244647
vn 0.1582546 0.6184303 0.7697399
vn 0.2437253 0.5009378 0.8304572
vn 0.09979505 0.7012057 0.7059402
vn 0.1245437 0.5754741 0.8082811
vn -0.05031064 0.7825655 0.620532
vn -0.1749746 0.6346679 0.7527155
vn -0.1733368 0.834492 0.5230463
vn -0.3365278 0.6565662 0.6750332
vn -0.03877625 0.370539 0.9280071
vn -0.5284314 0.2557416 0.8095409
vn -0.5487218 0.4600652 0.6980289
vn 0.2602377 0.3356899 0.9053113
vn 0.294451 0.3197717 0.9005802
vn -0.6942495 0.1736525 0.6984716
vn -0.5284314 0.2557416 0.8095409
vn -0.8155288 -0.01194168 0.5785933
vn 0.1880122 0.5004253 0.8451189
vn 0.1292989 0.5015131 0.8554335
vn 0.1989493 0.5389984 0.8184742
vn 0.1474581 0.4950309 0.8562714
vn 0.300025 0.5797312 0.7575597
vn 0.1995673 0.5699357 0.7970862
vn 0.4251145 0.6579087 0.6216381
vn 0.2701103 0.7273903 0.6308278
vn 0.05190149 0.4681593 0.8821186
vn -0.0455966 0.6727086 0.7385011
vn 0.1936494 0.8110684 0.5519673
vn -0.1895811 0.9217393 0.3383132
vn 0.03659805 0.4322384 0.9010164
vn 0.1936494 0.8110684 0.5519673
vn 0.5057467 0.7389265 0.4452055
vn 0.1752803 0.9425184 0.2844921
vn 0.1382364 0.8558648 0.4983836
vn -0.3013118 0.9507738 0.07238994
vn -0.0532493 0.9983324 0.0222913
vn -0.3457574 0.9114301 -0.2230408
vn -0.3457574 0.9114301 -0.2230408
vn -0.4406421 0.7773915 -0.4488841
vn 0.8112817 0.332555 0.4808627
vn 0.3616005 -0.1996044 0.9107157
vn 0.4865016 0.3807554 0.786347
vn 0.3934031 -0.2262252 0.8910982
vn 0.7186339 0.6628959 0.2100818
vn 0.7789121 0.5888702 -0.2157029
vn 0.4550782 0.4092102 0.7908545
vn 0.2348035 -0.1930353 0.9526829
vn 0.2011535 0.8844047 0.4211481
vn 0.3255227 0.8752686 0.3576868
vn 0.4424389 0.4960283 0.7471303
vn -0.04483454 -0.03748497 0.998291
vn 0.6595848 0.7477008 0.07675625
vn 0.2902806 0.9076584 0.3031391
vn 0.2946617 0.6857803 0.6654921
vn -0.2646331 0.2547918 0.9300808
vn 0.6490344 0.7607516 0.003374256
vn 0.5767915 0.4436956 -0.6858905
vn 0.499484 0.5804623 -0.6431012
vn 0.3903098 0.9172668 0.07924455
vn 0.1864849 0.7721053 0.6075168
vn 0.6651778 0.7462916 0.02423624
vn 0.7051875 0.3363377 -0.6241695
vn 0.09503192 0.9720538 -0.2146638
vn 0.5153022 0.6438899 -0.56557
vn 0.7112056 0.2159065 -0.6690075
vn 0.7367043 0.674533 -0.04766361
vn 0.8718434 -0.03623954 -0.4884422
vn 0.3323676 0.5326409 -0.7783479
vn 0.8427853 0.5380203 0.01571528
vn 0.2351515 0.5419454 -0.806845
vn -0.2956507 0.06038043 -0.953386
vn 0.2351515 0.5419454 -0.806845
vn 0.1952022 0.5611563 -0.8043629
vn -0.1738243 -0.03763328 -0.9840572
vn 0.04632916 0.5498244 -0.8339944
vn 0.2351515 0.5419454 -0.806845
vn -0.06594411 0.2288886 -0.9712164
vn -0.2227087 0.9613087 0.1621316
vn -0.133079 0.9281437 0.3476195
vn 0.004616554 0.9972657 0.07375549
vn 0.2902806 0.9076584 0.3031391
vn -0.05445632 0.2120372 -0.9757432
vn -0.171128 0.4139839 -0.8940541
vn 0.1091619 0.3935519 -0.9127982
vn 0.3753874 0.2167316 -0.9011723
vn 0.4844774 0.4874932 -0.7263828
vn 0.5767915 0.4436956 -0.6858905
vn 0.3251267 0.2735199 -0.9052511
vn 0.499484 0.5804623 -0.6431012
vn 0.3753874 0.2167316 -0.9011723
vn 0.2230377 0.5797064 -0.7837057
vn 0.2956753 0.7716193 0.563187
vn -0.2646331 0.2547918 0.9300808
vn -0.2872108 0.4641296 0.8379103
vn -0.6783573 -0.3037069 0.6690242
vn 0.4197931 0.7337874 0.5341628
vn -0.2351391 0.5859909 0.775451
vn -0.7483341 -0.06793381 0.6598342
vn -0.655331 -0.2156231 0.7239115
vn -0.7904155 0.1376341 0.5969089
vn 0.3539935 0.8082733 0.4705135
vn -0.3425109 0.74831 0.5680832
vn 0.9070971 0.3971858 0.1393498
vn 0.8940861 0.4478729 -0.004462845
vn 0.9345667 -0.2909592 -0.2047631
vn -0.8811878 0.3109286 0.3561341
vn -0.9341075 -0.1203163 0.3361057
vn -0.9950217 -0.02194564 0.09721237
vn 0.2804514 0.8764426 0.3914019
vn -0.406774 0.8467618 0.3428255
vn 0.8596851 0.4038675 0.3127822
vn 0.9274077 -0.3497333 0.1326701
vn -0.9258311 0.3670311 0.0901378
vn -0.987743 -0.02873562 -0.1534208
vn 0.2040115 0.9283612 0.3106843
vn -0.4310879 0.8985477 0.08231172
vn 0.7605414 0.4628802 0.4553225
vn 0.8822101 -0.3011788 0.3619346
vn -0.9065236 0.3504879 -0.235315
vn 0.1241181 0.9781708 0.1666632
vn -0.416793 0.878076 -0.2350879
vn 0.6223109 0.5856552 0.5193621
vn 0.7998241 -0.2019455 0.5652428
vn -0.7836926 0.2480969 -0.5694506
vn -0.9139125 -0.07747409 -0.3984491
vn 0.1832953 0.9823371 -0.03763815
vn -0.2494026 0.7802761 -0.5735568
vn 0.570825 0.6828442 0.4559416
vn 0.6514634 -0.08838423 0.7535142
vn 0.7268187 0.01306442 0.6867051
vn -0.515732 0.1242539 -0.8476918
vn 0.3831176 0.9232587 -0.02853267
vn 0.09348474 0.7203251 -0.687308
vn 0.4731342 0.6216158 0.6242898
vn 0.5385622 0.3073258 0.7845391
vn 0.5230376 0.8523096 -5.600579E-05
vn 0.2935392 0.6619495 -0.6896794
vn 0.445724 0.5559934 0.7015707
vn -0.2333892 0.1371549 -0.9626619
vn -0.089444 0.09506518 -0.9914446
vn 0.4887004 0.871969 0.02901568
vn 0.4016719 0.6122799 -0.6810089
vn 0.2872357 0.6321049 0.7196798
vn -0.08645592 0.01897229 0.996075
vn 0.0700434 -0.06526434 0.9954067
vn 0.4482124 0.5252424 0.7233436
vn 0.2453516 -0.06276633 0.9674001
vn 0.5761406 0.6141589 0.5393245
vn 0.07209313 -0.008771866 -0.9973593
vn 0.5318589 0.8405777 -0.1027388
vn 0.4909502 0.4308744 -0.7571757
vn 0.2424326 0.7559181 0.6081235
vn -0.1900961 0.2412858 0.9516537
vn -0.4276493 -0.2033999 0.8807636
vn -0.2227381 -0.3427128 0.9126531
vn 0.7367043 0.674533 -0.04766361
vn 0.2946617 0.6857803 0.6654921
vn 0.2956753 0.7716193 0.563187
vn 0.8940861 0.4478729 -0.004462845
vn 0.388835 0.7703104 0.5054
vn 0.8553431 -0.1320767 -0.5009431
vn 0.7861871 0.6046346 -0.1277764
vn 0.5525365 0.7527078 0.3579587
vn 0.1832953 0.9823371 -0.03763815
vn 0.4803879 0.8507776 0.2130844
vn 0.4909502 0.4308744 -0.7571757
vn 0.07209313 -0.008771866 -0.9973593
vn 0.1648535 -0.224489 -0.9604311
vn -0.711115 -0.2946092 -0.6383734
vn -0.3568543 -0.05109662 -0.9327615
vn -0.6602944 -0.270909 -0.7004425
vn -0.400204 -0.3519681 -0.8461414
vn -0.2455599 -0.8952277 0.3718435
vn -0.3067308 -0.9333857 0.1862992
vn -0.3397903 -0.9147994 0.2183683
vn -0.197997 -0.8093567 0.5529366
vn -0.2998265 -0.732397 0.6113091
vn -0.489736 -0.8225039 0.2892163
vn -0.4959264 -0.5568686 0.6662991
vn -0.6231325 -0.7009601 0.3469305
vn -0.04483454 -0.03748497 0.998291
vn 0.2348035 -0.1930353 0.9526829
vn -0.02600122 -0.8042595 0.5937092
vn -0.6950009 -0.3985221 0.5984595
vn -0.2646331 0.2547918 0.9300808
vn -0.6783573 -0.3037069 0.6690242
vn -0.6783573 -0.3037069 0.6690242
vn -0.7745308 -0.5115293 0.372075
vn -0.7483341 -0.06793381 0.6598342
vn -0.8481981 -0.3375278 0.4082095
vn -0.7904155 0.1376341 0.5969089
vn -0.9341075 -0.1203163 0.3361057
vn 0.3934031 -0.2262252 0.8910982
vn 0.1652707 -0.480839 0.861092
vn 0.2858225 -0.4685391 0.8359286
vn 0.2348035 -0.1930353 0.9526829
vn -0.400204 -0.3519681 -0.8461414
vn -0.2486053 -0.2645558 -0.9317755
vn -0.3780632 -0.4954618 -0.7820395
vn -0.2956507 0.06038043 -0.953386
vn -0.1738243 -0.03763328 -0.9840572
vn -0.400204 -0.3519681 -0.8461414
vn -0.1315081 -0.1704331 -0.9765543
vn -0.1937871 -0.388959 -0.9006428
vn -0.3780632 -0.4954618 -0.7820395
vn -0.3780632 -0.4954618 -0.7820395
vn -0.34298 -0.5378544 -0.7701151
vn -0.3981188 -0.5389614 -0.7423087
vn -0.406083 -0.5393733 -0.7376808
vn -0.4192742 -0.5328996 -0.7350014
vn -0.3424671 -0.6366841 -0.690905
vn -0.3255569 -0.683015 -0.6538372
vn 0.07410734 -0.7245521 -0.6852242
vn -0.3109196 -0.743477 -0.5920902
vn -0.3480597 -0.7430554 -0.571597
vn -0.3086054 -0.7930925 -0.5251354
vn 0.4582793 -0.5234733 -0.7183006
vn 0.8239831 -0.2477948 -0.5095583
vn 0.3612653 -0.7821462 -0.5076758
vn 0.6954677 0.1090551 -0.7102334
vn 0.8553431 -0.1320767 -0.5009431
vn 0.7201023 -0.5726929 -0.3917595
vn 0.8553431 -0.1320767 -0.5009431
vn 0.9345667 -0.2909592 -0.2047631
vn 0.8940861 0.4478729 -0.004462845
vn 0.7503269 -0.661002 -0.009266891
vn 0.9274077 -0.3497333 0.1326701
vn 0.9070971 0.3971858 0.1393498
vn 0.730871 -0.6446755 0.2241009
vn 0.8822101 -0.3011788 0.3619346
vn 0.8596851 0.4038675 0.3127822
vn 0.698014 -0.5926079 0.4019856
vn 0.7998241 -0.2019455 0.5652428
vn 0.4394794 -0.7006092 0.5621428
vn -0.3480597 -0.7430554 -0.571597
vn -0.07045858 -0.8149208 -0.5752736
vn -0.2695795 -0.8414398 -0.468301
vn -0.2540946 -0.858375 -0.4456775
vn -0.2319541 -0.902661 -0.3624922
vn -0.1981356 -0.9035174 -0.3799981
vn -0.1805838 -0.9452808 -0.2717238
vn -0.114536 -0.9483687 -0.2957671
vn -0.1265017 -0.9863288 -0.1056065
vn -0.2135871 -0.9755191 0.05237341
vn -0.2771688 -0.9127014 -0.3002561
vn -0.004842461 -0.9777169 0.2098719
vn -0.277271 -0.9535236 0.1179551
vn -0.7836926 0.2480969 -0.5694506
vn -0.9139125 -0.07747409 -0.3984491
vn -0.7354499 -0.1829816 -0.6524042
vn -0.515732 0.1242539 -0.8476918
vn -0.515732 0.1242539 -0.8476918
vn -0.6310335 -0.4279822 -0.6470148
vn -0.4889246 -0.4741884 -0.7321873
vn -0.06226614 -0.9575425 0.2814874
vn -0.1868241 -0.7922889 0.5808401
vn -0.277271 -0.9535236 0.1179551
vn 0.3758384 -0.6706834 0.6394757
vn 0.6514634 -0.08838423 0.7535142
vn -0.03338512 -0.5973761 0.801266
vn 0.5843884 -0.5063503 0.6341131
vn 0.7998241 -0.2019455 0.5652428
vn 0.6514634 -0.08838423 0.7535142
vn -0.4130356 -0.9032114 -0.1166658
vn -0.4211129 -0.8995637 0.11597
vn -0.4535278 -0.8911818 -0.01036673
vn -0.2333892 0.1371549 -0.9626619
vn -0.5061092 -0.2394208 -0.8285717
vn -0.3443103 -0.1995558 -0.9174027
vn -0.089444 0.09506518 -0.9914446
vn -0.2790701 -0.2461973 -0.9281738
vn -0.515732 0.1242539 -0.8476918
vn 0.07209313 -0.008771866 -0.9973593
vn -0.0766529 -0.3687085 -0.9263792
vn 0.1648535 -0.224489 -0.9604311
vn 0.0266548 -0.4334937 -0.9007623
vn -0.4119773 -0.8399388 0.3532386
vn -0.5265075 -0.8031192 0.2789074
vn -0.4535278 -0.8911818 -0.01036673
vn -0.547912 -0.8360828 0.02752937
vn -0.5257916 -0.8503782 -0.02000352
vn -0.5115536 -0.8587278 -0.02999385
vn -0.5089008 -0.8600936 -0.03548332
vn -0.4977245 -0.8665717 -0.03638493
vn -0.4980778 -0.8663389 -0.0370872
vn -0.1642726 -0.6927244 0.7022445
vn 0.1142829 -0.1587156 0.980688
vn -0.3138009 -0.527133 0.7897213
vn -0.1823001 -0.3645606 0.9131606
vn 0.0700434 -0.06526434 0.9954067
vn -0.2227381 -0.3427128 0.9126531
vn -0.08645592 0.01897229 0.996075
vn -0.03338512 -0.5973761 0.801266
vn 0.525942 -0.3397382 0.7797198
vn 0.1142829 -0.1587156 0.980688
vn 0.3616005 -0.1996044 0.9107157
vn 0.003510141 -0.7088286 0.7053722
vn 0.3934031 -0.2262252 0.8910982
vn -0.1028473 0.05431203 -0.9932133
vn 0.1091619 0.3935519 -0.9127982
vn 0.2000743 0.07958813 -0.9765429
vn 0.3753874 0.2167316 -0.9011723
vn 0.5767915 0.4436956 -0.6858905
vn 0.4777361 0.02149322 -0.8782404
vn 0.7112056 0.2159065 -0.6690075
vn 0.6215687 -0.3655237 -0.6928526
vn -0.9065236 0.3504879 -0.235315
vn -0.987743 -0.02873562 -0.1534208
vn -0.9139125 -0.07747409 -0.3984491
vn 0.4016719 0.6122799 -0.6810089
vn 0.07209313 -0.008771866 -0.9973593
vn 0.4909502 0.4308744 -0.7571757
vn 0.5012231 0.82934 0.2469217
vn 0.6426838 0.7532919 0.1396738
vn 0.5065715 0.7789609 0.3696012
vn 0.8141463 0.5145451 0.2690893
vn 0.3126896 0.7473792 0.5862162
vn 0.4702416 0.7590676 0.4502101
vn 0.659333 0.5898921 0.4661623
vn 0.4435849 0.7208493 0.5325493
vn 0.708009 0.5785402 0.404987
vn 0.2954742 0.7248834 0.6222852
vn 0.1275838 0.7677764 0.6278868
vn 0.2558989 0.7553351 0.6033114
vn 0.2152541 0.8446976 0.4900528
vn 0.5289875 0.8233635 0.2055352
vn 0.5931354 0.8050813 -0.005884334
vn 0.2458879 0.8248687 0.5090488
vn 0.1173592 0.8278552 0.5485276
vn 0.1610196 0.88865 0.4293876
vn 0.1130008 0.8728319 0.4747582
vn 0.218361 0.9296783 0.296676
vn 0.06797343 0.9354144 0.3469576
vn 0.0714161 0.8667074 0.4936782
vn 0.03964117 0.9475034 0.3172786
vn -0.1345612 0.9407635 0.3112193
vn 0.03601836 0.7653505 0.6426051
vn -0.02207519 0.9396523 0.3414181
vn 0.2036875 0.9790276 -0.004051033
vn 0.3778871 0.9168229 -0.128985
vn 0.1905963 0.9756468 0.108565
vn 0.3410763 0.8915502 -0.2980016
vn 0.2653374 0.9438366 0.1968974
vn 0.1154978 0.9192694 0.3763031
vn 0.6491287 0.7476224 0.1403303
vn 0.2288523 0.9701995 -0.07962108
vn -0.1250671 0.96948 0.2108715
vn 0.6750375 0.7306989 0.1019969
vn 0.352336 0.9201126 0.1710326
vn 0.625858 0.7700771 0.1236242
vn 0.03373765 0.8940557 0.4466835
vn 0.2374689 0.9318757 0.2742557
vn -0.401427 0.7842105 0.4731494
vn -0.08507877 0.923873 0.3731222
vn -0.2032181 0.8300259 0.5193835
vn 0.1508387 0.9644725 0.2168879
vn 0.459744 0.8875178 -0.03078439
vn 0.3778871 0.9168229 -0.128985
vn 0.633302 0.773098 0.03532838
vn 0.1154978 0.9192694 0.3763031
vn 0.1406541 0.9885589 0.05447683
vn -0.07008491 0.9880056 0.1375976
vn -0.6008291 0.5686151 0.5618552
vn -0.401427 0.7842105 0.4731494
vn -0.4874401 0.6837116 0.5430842
vn 0.2288523 0.9701995 -0.07962108
vn 0.3410763 0.8915502 -0.2980016
vn 0.3147657 0.9460746 -0.07658621
vn 0.4196105 0.8801066 -0.2221247
vn 0.3920982 0.8973279 -0.2026369
vn 0.3925712 0.8997719 -0.1905218
vn 0.2756524 0.9556192 0.10396
vn 0.4710606 0.8607289 -0.1929964
vn 0.1777932 0.9805714 0.08288164
vn 0.577047 0.7857034 -0.2229058
vn 0.577047 0.7857034 -0.2229058
vn 0.4127127 0.9089609 -0.05880575
vn 0.5962978 0.7645921 -0.2445972
vn 0.5837058 0.7692976 -0.2597476
vn 0.5167453 0.8501726 -0.1008999
vn -0.5213479 0.8468722 0.1048999
vn -0.5937161 0.8038054 0.03739052
vn -0.671422 0.7239355 -0.1584608
vn 0.06939448 0.986808 0.1462682
vn -0.3603719 0.8846152 0.2959526
vn -0.2756206 0.9594891 0.05842865
vn -0.08234953 0.8695172 0.4869892
vn 0.5167453 0.8501726 -0.1008999
vn -0.01930345 0.9843644 0.1750827
vn 0.451907 0.8887658 0.07665046
vn 0.2114733 0.9529478 0.2171855
vn -0.08234953 0.8695172 0.4869892
vn 0.1777932 0.9805714 0.08288164
vn -0.0122961 0.7577834 0.6523903
vn -0.1285372 0.7210219 0.6808859
vn -0.0122961 0.7577834 0.6523903
vn -0.05077417 0.8150298 0.5771901
vn 0.5989951 0.6864076 -0.4123705
vn 0.560587 0.7421231 -0.3674175
vn 0.6008689 0.7324591 -0.3200944
vn 0.6413043 0.7223793 -0.2586446
vn 0.6070923 0.7940614 -0.03009208
vn 0.7018308 0.6746739 -0.2285796
vn 0.7401141 0.6305185 -0.2338322
vn 0.7787931 0.5892493 -0.2150965
vn 0.7575153 0.6275584 -0.1798362
vn 0.7406639 0.654828 -0.1503904
vn 0.7406639 0.654828 -0.1503904
vn 0.5745254 0.8124241 -0.09943604
vn 0.3015763 0.9507433 0.07168636
vn -0.0281803 0.9569111 0.2890106
vn -0.002804788 0.957828 0.2873285
vn 0.3015763 0.9507433 0.07168636
vn 0.4528192 0.8819835 0.1306141
vn -0.2468942 0.8878645 0.3882522
vn -0.1876907 0.8097548 0.55594
vn -0.134508 0.7675252 0.6267477
vn -0.05853731 0.7230867 0.6882724
vn 0.06114699 0.724483 0.6865751
vn 0.1116353 0.7225763 0.6822178
vn 0.2688506 0.6987328 0.6629418
vn 0.1116353 0.7225763 0.6822178
vn 0.3784367 0.8435152 0.3811399
vn 0.3498158 0.9324043 0.09083467
vn 0.569339 0.5006369 0.6520857
vn 0.2428775 0.9499695 0.1963884
vn 0.3360524 0.5308806 0.7779683
vn 0.06472772 0.8890831 -0.453146
vn -0.001567899 0.8540147 -0.5202466
vn -0.2139516 0.4046949 -0.8890707
vn -0.3713493 0.1793756 -0.9110017
vn 0.09722365 0.8920692 -0.4413164
vn 0.07563689 0.6350186 -0.7687851
vn 0.1742619 0.8309851 -0.5282958
vn 0.4144106 0.42669 -0.8038654
vn 0.1702824 0.7445042 0.6455364
vn 0.1151789 0.9858981 0.1214034
vn 0.04900189 0.7064 0.7061145
vn 0.1742619 0.8309851 -0.5282958
vn 0.1876765 0.9820284 0.01994645
vn -0.06410578 0.7954032 0.6026809
vn -0.1219425 0.2801439 0.9521815
vn 0.3942278 0.7109272 -0.5823805
vn -0.3581073 0.1476219 0.9219365
vn 0.0892706 0.9959165 0.01345876
vn -0.2989081 0.7832062 0.5451991
vn 0.4048732 0.7477409 -0.526271
vn 0.5983514 -0.004077991 -0.8012235
vn 0.4524635 -0.04601439 -0.890595
vn 0.2146434 0.7629812 -0.609744
vn -0.02925832 0.9993358 0.02172143
vn -0.4971763 0.7367924 0.4582059
vn 0.4408695 0.8036929 -0.3996395
vn 0.7667155 0.09628714 -0.6347251
vn 0.7241439 0.188713 -0.6633271
vn -0.5798312 0.1561226 0.7996384
vn -0.454217 -0.2256382 0.8618435
vn -0.6236534 -0.2629169 0.7361597
vn -0.7393118 0.07430331 0.6692511
vn -0.1479034 0.988721 0.02357088
vn -0.6750988 0.6685886 0.3118187
vn 0.4566045 0.8596033 -0.2293344
vn 0.885887 0.2195766 -0.4086443
vn 0.7840242 0.195315 -0.5892012
vn -0.8895594 -0.0702857 0.45138
vn -0.2988352 0.9541785 -0.01551952
vn -0.8404787 0.5323792 0.1008365
vn 0.361503 0.9288983 -0.08039743
vn 0.9266179 0.3659931 -0.08618718
vn 0.8821324 0.3191257 -0.346412
vn -0.9536406 -0.2568915 0.1567681
vn -0.3834068 0.9016875 -0.1998974
vn -0.8972279 0.3828455 -0.2200259
vn 0.2463506 0.960023 -0.132918
vn 0.7287647 0.6811586 -0.07017822
vn -0.9022752 -0.3878177 -0.1884058
vn -0.2187227 0.9339215 -0.2827561
vn -0.7377979 0.4343459 -0.5167183
vn 0.2972954 0.9527133 -0.06287262
vn 0.3704451 0.9287954 0.01046677
vn 0.5932853 0.8040637 0.03865517
vn 0.4118801 0.8989125 0.1493687
vn -0.07511998 0.9189313 -0.3871979
vn -0.6649913 0.5361626 -0.5199194
vn -0.5145741 0.3787706 -0.7692506
vn -0.09165768 0.9033153 -0.4190708
vn -0.4016771 0.3403191 -0.850199
vn 0.2836627 0.9177213 0.2780701
vn 0.5114606 0.3836288 0.7689193
vn 0.7322928 0.3777225 0.566633
vn 0.4539892 0.8855115 0.09880829
vn -0.1829149 0.8446043 -0.5031757
vn -0.4225898 0.2494482 -0.8713171
vn 0.1403577 0.965992 0.2171616
vn 0.3460427 0.5134175 0.7852751
vn 0.3814085 0.02485906 0.9240723
vn 0.5616261 -0.002383604 0.8273878
vn 0.7232558 0.279 0.631712
vn 0.569339 0.5006369 0.6520857
vn 0.4732184 -0.2473047 0.8455204
vn 0.4564838 0.27862 0.8449813
vn 0.207965 -0.243084 0.9474496
vn 0.3360524 0.5308806 0.7779683
vn 0.176088 0.04101009 0.9835199
vn 0.04900189 0.7064 0.7061145
vn -0.1215664 -0.01553382 0.9924617
vn 0.8895147 0.4568697 -0.005800084
vn 0.361503 0.9288983 -0.08039743
vn 0.8647121 0.4852232 0.1297353
vn 0.8254148 0.4303804 0.365326
vn 0.2463506 0.960023 -0.132918
vn 0.3704451 0.9287954 0.01046677
vn 0.7348115 0.456388 0.501759
vn -0.7377979 0.4343459 -0.5167183
vn -0.8053983 -0.3691249 -0.4637677
vn 0.7641573 -0.04118495 0.6437137
vn 0.7322928 0.3777225 0.566633
vn 0.5616261 -0.002383604 0.8273878
vn -0.4548911 -0.09949558 -0.8849716
vn -0.3713493 0.1793756 -0.9110017
vn -0.3788472 -0.153186 -0.9126932
vn -0.2029345 0.2751004 -0.9397539
vn -0.3673663 -0.9018676 -0.2273253
vn -0.4262622 -0.8107709 -0.401187
vn -0.4073795 -0.8956359 -0.1785452
vn -0.4237878 -0.8913381 -0.1609979
vn -0.4393108 -0.8881458 -0.1349187
vn -0.2602857 -0.9545266 -0.1453629
vn -0.2438397 -0.8908151 -0.3833937
vn -0.1939185 -0.9725361 -0.1287216
vn -0.1489041 -0.9187832 -0.365602
vn 0.1359944 -0.8535826 -0.5028938
vn -0.1180633 -0.9882041 -0.09753794
vn -0.1797229 -0.9816613 -0.06356681
vn -0.003346166 -0.9554299 -0.2951991
vn -0.1335472 -0.9889731 -0.06401059
vn 0.02440672 -0.9693183 -0.2445938
vn -0.05945347 -0.9970594 -0.04834955
vn -0.05729526 -0.9961104 -0.06694244
vn 0.0331747 -0.9992321 -0.0208515
vn 0.03041626 -0.9963878 -0.07928503
vn 0.1329086 -0.9911083 -0.00630453
vn 0.1559573 -0.9856173 -0.06508281
vn -0.1041431 -0.992112 0.06976998
vn 0.02908785 -0.9987924 0.03959375
vn 0.275406 -0.9302391 0.242501
vn 0.2502056 -0.5203561 0.8164721
vn 0.220615 -0.6961049 0.6832036
vn 0.02038356 -0.6039166 0.7967868
vn 0.4732184 -0.2473047 0.8455204
vn -0.4187098 -0.3799569 -0.8248119
vn -0.2029345 0.2751004 -0.9397539
vn -0.04062529 -0.3547075 -0.9340943
vn -0.1524064 -0.5509387 -0.8205114
vn -0.2629045 -0.2443297 -0.9333725
vn 0.1585586 -0.4607874 -0.8732319
vn -0.1111444 -0.3036947 0.9462644
vn 0.02038356 -0.6039166 0.7967868
vn -0.2214475 -0.4080795 0.8856817
vn 0.207965 -0.243084 0.9474496
vn 0.0001388889 -0.5747697 -0.8183152
vn 0.1585586 -0.4607874 -0.8732319
vn 0.3169108 -0.6746918 -0.6666022
vn 0.221182 -0.7883158 -0.5741401
vn 0.1585586 -0.4607874 -0.8732319
vn 0.4829524 -0.1826001 -0.856396
vn 0.5181455 -0.4725801 -0.7128767
vn 0.5983514 -0.004077991 -0.8012235
vn 0.7184401 -0.3793831 -0.58302
vn 0.7337542 -0.002688566 -0.6794097
vn -0.1215664 -0.01553382 0.9924617
vn -0.2214475 -0.4080795 0.8856817
vn -0.3581073 0.1476219 0.9219365
vn -0.454217 -0.2256382 0.8618435
vn 0.3169108 -0.6746918 -0.6666022
vn 0.4829524 -0.1826001 -0.856396
vn 0.3110278 -0.7933096 -0.5233752
vn -0.7393118 0.07430331 0.6692511
vn -0.6236534 -0.2629169 0.7361597
vn -0.7246161 -0.3829761 0.5729406
vn -0.8895594 -0.0702857 0.45138
vn -0.7779103 -0.5103497 0.3666044
vn -0.9536406 -0.2568915 0.1567681
vn -0.6546574 -0.7109557 0.256838
vn -0.7577415 -0.6471114 0.08411145
vn -0.9022752 -0.3878177 -0.1884058
vn -0.421881 -0.9048176 0.05763263
vn -0.5054118 -0.8539207 -0.1240094
vn -0.8053983 -0.3691249 -0.4637677
vn -0.3743399 -0.9186077 -0.1266082
vn -0.622969 -0.394204 -0.6756573
vn -0.5505507 -0.6829033 -0.4801427
vn -0.5073854 -0.3544145 -0.785462
vn -0.4271333 -0.6617492 -0.6161535
vn -0.4016771 0.3403191 -0.850199
vn -0.5145741 0.3787706 -0.7692506
vn -0.8053983 -0.3691249 -0.4637677
vn -0.4733264 -0.8468035 -0.2426642
vn -0.7377979 0.4343459 -0.5167183
vn -0.408264 -0.4805148 -0.7761611
vn -0.3178132 -0.7129065 -0.6251073
vn -0.4225898 0.2494482 -0.8713171
vn 0.7184401 -0.3793831 -0.58302
vn 0.8072118 -0.007221743 -0.5902178
vn 0.8635336 -0.2803237 -0.4191996
vn 0.7667155 0.09628714 -0.6347251
vn 0.8767748 0.1196036 -0.4657907
vn 0.8635336 -0.2803237 -0.4191996
vn 0.885887 0.2195766 -0.4086443
vn 0.9771413 -0.1450454 -0.1554249
vn 0.9526822 0.2725562 -0.1345719
vn 0.9266179 0.3659931 -0.08618718
vn 0.9834341 0.01383405 0.1807373
vn 0.8647121 0.4852232 0.1297353
vn 0.2611493 -0.9627348 0.07030331
vn 0.275406 -0.9302391 0.242501
vn 0.2536298 -0.9164602 0.3094714
vn 0.5131109 -0.6789706 0.5250869
vn 0.7800977 -0.2284484 0.5824595
vn 0.9338694 0.2110037 0.2887308
vn 0.8300843 0.3009649 0.4694467
vn 0.7641573 -0.04118495 0.6437137
vn 0.7322928 0.3777225 0.566633
vn -0.2551018 -0.9642764 0.07137261
vn 0.1697961 -0.9214757 0.3493591
vn -0.2989457 -0.9536141 -0.0353804
vn 0.07814278 -0.9258407 0.3697469
vn -0.2155715 -0.9755199 0.04347097
vn 0.1118634 -0.957437 0.2660847
vn 0.07004285 -0.916114 0.3947519
vn 0.08529885 -0.9184687 0.3861856
vn 0.08580928 -0.9185135 0.3859661
vn 0.1100889 -0.9241573 0.3658057
vn 0.1093222 -0.9243426 0.3655671
vn -0.8972279 0.3828455 -0.2200259
vn -0.872148 0.2197738 -0.437101
vn 0.9834341 0.01383405 0.1807373
vn 0.9338694 0.2110037 0.2887308
vn 0.8623918 -0.02124959 0.5057952
vn -0.3388041 0.940847 0.004324397
vn -0.2336835 0.9722917 0.006393763
vn -0.2627662 0.9627813 -0.0632948
vn -0.1565443 0.9865253 -0.04755841
vn -0.1504826 0.9880425 0.0335728
vn -0.293624 0.9540442 -0.05987197
vn -0.1717564 0.9739773 -0.1478784
vn -0.1304239 0.97346 -0.1880571
vn 0.2287084 0.9047346 -0.3593712
vn -0.2896494 0.9465228 -0.1421185
vn -0.293624 0.9540442 -0.05987197
vn -0.6615067 0.7364082 -0.1418165
vn -0.1717564 0.9739773 -0.1478784
vn -0.4179674 0.8517184 -0.3160366
vn 0.2287084 0.9047346 -0.3593712
vn -0.083665 0.9867023 -0.1393517
vn 0.08101235 0.9414342 -0.3273205
vn 0.1130698 0.8345994 -0.539128
vn -0.07508609 0.714379 -0.6957188
vn -0.6473587 0.6906505 -0.3223796
vn -0.6615067 0.7364082 -0.1418165
vn -0.6813244 0.5907817 -0.4321737
vn -0.4414308 0.779497 -0.4444358
vn -0.6813244 0.5907817 -0.4321737
vn -0.07508609 0.714379 -0.6957188
vn 0.390593 0.1596681 0.9066108
vn 0.3764773 -0.5873602 0.7164305
vn 0.416108 0.02965793 0.9088314
vn 0.356879 -0.6900049 0.6297067
vn 0.1480639 -0.9826249 0.111916
vn 0.1237459 -0.9920686 0.02206344
vn -0.1583176 -0.8315442 -0.5324188
vn -0.2058367 -0.767167 -0.6075246
vn -0.4007077 -0.1947428 -0.8952702
vn -0.4181257 -0.1113584 -0.9015377
vn 0.4720242 0.08548409 0.8774313
vn 0.4551897 -0.631534 0.627668
vn -0.2179093 -0.8125094 -0.5406885
vn -0.4427042 -0.177033 -0.8790178
vn 0.1364965 -0.9889638 0.05761135
vn 0.5459098 0.08691013 0.8333241
vn 0.428833 -0.6277553 0.6496348
vn -0.1592356 -0.8743845 -0.4583621
vn -0.4045975 -0.270242 -0.8736534
vn 0.1236386 -0.9857653 0.1139316
vn 0.3692026 -0.7173861 0.5908018
vn 0.5485335 0.009691109 0.8360724
vn -0.1462322 -0.915409 -0.3750233
vn -0.4714304 -0.3930915 -0.7894506
vn 0.2933601 -0.9333265 0.2069815
vn 0.3628639 -0.8191346 0.4442392
vn 0.5303003 -0.5118861 0.6758359
vn -0.2442882 -0.9204893 -0.3049966
vn -0.6796916 -0.3940507 -0.6186625
vn -0.2475155 -0.9236709 -0.2925202
vn -0.7410985 -0.4003958 -0.53894
vn 0.3128029 -0.9469706 0.07349188
vn 0.2810096 -0.9471415 0.1547788
vn 0.7969519 -0.4821292 0.3638943
vn 0.6947149 -0.4905867 0.526019
vn 0.8435158 0.2889465 0.4527593
vn 0.6818831 0.2228352 0.6966921
vn 0.6016482 -0.3872901 0.6985884
vn -0.3995909 -0.8709998 -0.2858086
vn -0.867658 -0.3031776 -0.3940217
vn -0.7695667 0.4337124 -0.46868
vn -0.7140587 0.4548794 -0.53217
vn 0.2498191 -0.9660234 -0.0662512
vn 0.7740458 -0.6101848 0.1689007
vn 0.9272528 0.1637734 0.3367202
vn -0.8742836 -0.4232483 -0.2376748
vn -0.320842 -0.9156048 -0.2423393
vn 0.3120838 -0.9333963 -0.1771299
vn 0.849472 -0.527489 -0.01235761
vn 0.8946859 -0.444062 0.04843534
vn -0.8985819 -0.4303486 -0.08573566
vn -0.3608686 -0.8939428 -0.2657824
vn 0.2465535 -0.9032859 -0.3511211
vn -0.8585459 -0.5001748 0.1128012
vn -0.373182 -0.891402 -0.2571722
vn 0.1994527 -0.8394176 -0.5055658
vn 0.8021228 -0.5255732 -0.2834994
vn 0.7912951 -0.6063925 -0.07835937
vn -0.7334303 -0.5740125 0.3641287
vn -0.8276992 -0.2258585 0.513714
vn -0.9646956 -0.1142548 0.2372936
vn -0.3345852 -0.9310221 -0.1457757
vn 0.1551622 -0.8143611 -0.5592324
vn 0.7100466 -0.4204055 -0.5648832
vn 0.7289721 -0.5765062 -0.3691075
vn 0.552877 -0.3089182 -0.7738839
vn 0.8982469 0.3087073 -0.3128132
vn 0.985013 0.1283072 -0.115268
vn 0.8021228 -0.5255732 -0.2834994
vn 0.6840748 0.4431396 -0.5793695
vn -0.5126003 -0.600725 0.6134904
vn -0.4983305 0.06654418 0.8644296
vn -0.2018305 -0.9783242 0.04632648
vn 0.1605891 -0.840678 -0.5171766
vn 0.4636615 -0.2813028 -0.8401706
vn 0.5754322 0.4716254 -0.6681671
vn -0.1573252 -0.6208023 0.768019
vn 0.01936848 -0.9583856 0.2848191
vn 0.05608603 -0.9838042 0.1702463
vn 0.2829326 -0.8855899 -0.3683473
vn 0.01936848 -0.9583856 0.2848191
vn 0.5118322 -0.3417653 -0.7881779
vn 0.56832 0.4253636 -0.7043282
vn 0.1576084 -0.9159347 0.3690843
vn 0.2967611 -0.8883489 -0.3503841
vn 0.3218594 -0.3305124 -0.8872249
vn 0.4171408 -0.9088292 -0.004800655
vn 0.2842228 -0.6399608 0.71391
vn -0.005498347 -0.3935427 0.9192898
vn -0.00643728 -0.9241492 0.3819776
vn 0.01271022 0.002733669 0.9999155
vn 0.3304447 -0.5969044 -0.7311029
vn -0.003846265 0.07602863 -0.9970982
vn 0.06399937 0.3345804 -0.9401914
vn 0.6299397 -0.737091 0.2446889
vn 0.3639089 -0.3434408 0.8658053
vn 0.522024 -0.64481 -0.5583109
vn 0.07665653 -0.1222755 -0.9895314
vn 0.7724375 -0.4814904 0.4141344
vn 0.7317446 -0.5557645 -0.3945574
vn 0.212588 -0.2372068 -0.9479131
vn -0.4222877 0.1814005 -0.8881255
vn 0.9071287 -0.3930418 -0.1504516
vn 0.7893143 -0.2080364 0.5776711
vn 0.3779831 -0.09414208 0.9210135
vn 0.4498411 -0.2892691 -0.8449653
vn -0.2519104 -0.01319589 -0.9676606
vn 0.8611031 -0.1259689 0.4925782
vn 0.3066642 0.1371024 0.9418917
vn 0.2188394 0.1010503 0.9705144
vn 0.9181538 -0.292997 -0.2667328
vn 0.3994517 -0.2813604 -0.8725106
vn -0.339725 -0.1006654 -0.9351221
vn 0.9197733 -0.08189203 0.3838111
vn 0.8785558 -0.3064716 -0.3663535
vn 0.2983428 -0.3475581 -0.8889291
vn -0.4478126 -0.1761782 -0.8765987
vn -0.8812414 0.150733 -0.4479879
vn -0.9299104 0.1042836 -0.3526919
vn 0.9722717 -0.2265159 -0.05812141
vn 0.812514 0.1107893 0.5723171
vn 0.5563468 -0.4397958 -0.7050233
vn -0.1789011 -0.3693338 -0.9119139
vn -0.8040846 -0.06218772 -0.5912533
vn 0.8382889 0.2228139 0.4976201
vn 0.9645364 -0.2504877 -0.08321945
vn 0.9313678 -0.3073342 -0.1951914
vn 0.4961917 -0.5792273 -0.646753
vn 0.4003785 -0.5602378 -0.7251419
vn -0.3501654 -0.442255 -0.8257087
vn 0.8220291 0.3777555 0.426109
vn 0.933546 -0.3003166 -0.1957087
vn -0.867658 -0.3031776 -0.3940217
vn -0.8054311 0.3268319 -0.4944308
vn -0.8166129 0.4952552 -0.2964212
vn -0.9740863 -0.06741137 -0.2158973
vn 0.9539194 0.2301265 0.1925602
vn 0.849472 -0.527489 -0.01235761
vn 0.856247 -0.4656139 -0.2237068
vn 0.9763554 0.2144481 -0.02724322
vn 0.9792585 0.1294374 0.1558807
vn -0.5728617 -0.06638597 0.8169592
vn -0.7334303 -0.5740125 0.3641287
vn -0.7207845 0.1324075 0.6803955
vn -0.005498347 -0.3935427 0.9192898
vn -0.144654 -0.5181313 0.8429799
vn 0.1557979 0.4250551 -0.8916587
vn 0.5406901 0.3453743 -0.7670533
vn 0.3218594 -0.3305124 -0.8872249
vn -0.2573522 -0.5321371 -0.8065978
vn -0.1789011 -0.3693338 -0.9119139
vn 0.4961917 -0.5792273 -0.646753
vn 0.5041782 -0.6847774 -0.5261979
vn -0.8521808 -0.1463495 -0.5023642
vn -0.8040846 -0.06218772 -0.5912533
vn -0.2573522 -0.5321371 -0.8065978
vn -0.2473988 -0.6852297 -0.6850212
vn 0.6019817 -0.6598353 -0.4497058
vn 0.5764092 -0.5856785 -0.5698537
vn 0.9705088 -0.2330499 -0.06164872
vn 0.9135444 -0.3585922 -0.1919593
vn -0.1374357 -0.7509655 -0.645881
vn -0.1610164 -0.5889167 -0.7919918
vn 0.6019817 -0.6598353 -0.4497058
vn 0.6413955 -0.6731552 -0.3680678
vn -0.7944347 -0.3779941 -0.4753883
vn -0.7982581 -0.2240527 -0.5590926
vn -0.1374357 -0.7509655 -0.645881
vn -0.09045783 -0.8595386 -0.5030017
vn 0.7277396 -0.605944 -0.3212893
vn 0.6812931 -0.6404079 -0.3545664
vn 0.9991637 -0.03932076 -0.01120995
vn 0.9567679 -0.1716048 -0.2348338
vn 0.02856135 -0.8809133 -0.4724151
vn -0.02821956 -0.8036425 -0.594443
vn 0.7277396 -0.605944 -0.3212893
vn 0.806088 -0.4723432 -0.3565306
vn -0.6000857 -0.7261467 -0.3355712
vn -0.6301851 -0.5894055 -0.5054381
vn 0.02856135 -0.8809133 -0.4724151
vn 0.1760465 -0.9029306 -0.3920764
vn -0.6921934 -0.627458 -0.3566015
vn -0.5635447 -0.7941053 -0.2276276
vn 0.1760465 -0.9029306 -0.3920764
vn 0.270703 -0.8991145 -0.3439666
vn 0.8104194 -0.3717401 -0.4528021
vn 0.806088 -0.4723432 -0.3565306
vn 0.1423152 -0.9010665 -0.4096649
vn 0.8398306 0.4622271 -0.2846589
vn 0.8378726 0.2719577 -0.4732954
vn 0.75588 -0.3377059 -0.5608923
vn 0.7161018 0.521246 -0.4642207
vn 0.3261239 -0.9042546 -0.2756207
vn -0.3709492 -0.9283403 -0.02410255
vn -0.4631263 -0.860637 -0.2117027
vn -0.2043337 -0.9664043 0.1559181
vn -0.7714636 -0.477961 0.4199966
vn -0.830489 -0.5347591 0.1559508
vn -0.7098479 -0.4975178 0.49859
vn -0.09623341 -0.9574543 0.2720666
vn -0.5780177 -0.4658314 0.6699976
vn 0.4851533 0.5142174 -0.707253
vn 0.5709781 -0.3444451 -0.7452125
vn 0.2956387 -0.9062814 -0.3020789
vn -0.09951308 -0.936654 0.3358219
vn -0.4209736 -0.4133793 0.8074026
vn 0.3349502 -0.3732117 -0.8651713
vn 0.2754566 0.4566532 -0.8459264
vn 0.1855355 -0.9195568 -0.3463984
vn 0.3441316 0.3290308 -0.8793817
vn 0.2236366 -0.4375537 -0.8709382
vn 0.01575637 -0.9370564 -0.3488223
vn -0.1595274 -0.902895 0.3991636
vn -0.1459429 -0.7840133 -0.6033438
vn 0.2068209 -0.2044844 -0.9567713
vn -0.3457362 -0.9333347 0.09670976
vn -0.3710085 -0.4868486 0.7907788
vn -0.2703854 -0.2980211 0.9154645
vn -0.5274266 -0.4999065 0.6869606
vn -0.5378891 -0.8388171 -0.08403073
vn -0.2739863 -0.6366199 -0.7208652
vn -0.67751 -0.4364085 0.5920538
vn -0.6721596 -0.7091502 -0.2128556
vn -0.3177015 -0.5140344 -0.796765
vn 0.1831072 -0.07005695 -0.9805936
vn 0.2469026 -0.04467806 -0.9680099
vn -0.836936 -0.4020997 0.3712867
vn -0.699734 -0.5802551 -0.4167451
vn -0.246038 -0.4650139 -0.8504278
vn 0.5428942 -0.1477572 -0.8267004
vn -0.8120699 -0.4655851 -0.3518139
vn -0.8870362 -0.1366069 0.4410276
vn 0.3931829 -0.3126983 -0.8646542
vn -0.3787432 -0.4700891 -0.7972263
vn -0.113356 -0.427956 -0.8966627
vn -0.8473787 -0.3322862 -0.4141679
vn -0.964156 0.01267878 0.2650332
vn 0.0399453 -0.4235081 -0.9050112
vn -0.3737775 -0.470657 -0.7992325
vn 0.1084913 -0.4712549 -0.8752992
vn -0.4499954 -0.4242603 -0.7858163
vn -0.9062159 -0.09334524 -0.4123825
vn -0.3803364 -0.4341512 -0.8166131
vn 0.1637572 -0.4129926 -0.895891
vn -0.7972744 -0.02405712 -0.6031376
vn -0.2968222 -0.3453974 -0.8902794
vn -0.7233 0.130187 -0.6781507
vn -0.5745168 0.3172056 -0.7545271
vn 0.806088 -0.4723432 -0.3565306
vn 0.8001058 -0.5496676 -0.2402005
vn 0.9729711 0.1980723 -0.1187198
vn 0.8821138 0.3551309 -0.3094471
vn 0.9516094 0.2399884 -0.1919511
vn -0.6459988 -0.7340603 -0.2093824
vn -0.9985285 0.01450183 -0.05225569
vn -0.6921934 -0.627458 -0.3566015
vn -0.990069 -0.1171747 -0.07767551
vn -0.9893638 -0.02154933 -0.1438573
vn -0.9519958 -0.2715119 0.1413696
vn -0.5635447 -0.7941053 -0.2276276
vn -0.3709492 -0.9283403 -0.02410255
vn -0.987936 0.1170398 -0.1014104
vn -0.9833051 0.1656926 -0.07521405
vn -0.7944347 -0.3779941 -0.4753883
vn 0.1084913 -0.4712549 -0.8752992
vn 0.3356459 -0.3875321 -0.8585806
vn 0.7149037 -0.1996683 -0.6701084
vn 0.4145131 -0.2463024 -0.8760787
vn 0.900493 -0.04677003 -0.4323482
vn 0.7465891 -0.2318414 -0.6235819
vn 0.9770275 0.04051509 -0.2092264
vn 0.6465821 -0.220505 -0.7302801
vn 0.9029989 -0.01805596 -0.4292634
vn 0.5428942 -0.1477572 -0.8267004
vn 0.9517769 0.07414258 -0.2976974
vn 0.916271 0.3621827 -0.1710882
vn 0.7534967 0.4718333 -0.4578384
vn 0.9006351 0.3452202 -0.2639684
vn -0.1875298 -0.3858034 -0.9033207
vn 0.4145131 -0.2463024 -0.8760787
vn 0.4559969 -0.4203205 -0.7844728
vn -0.2968222 -0.3453974 -0.8902794
vn 0.1948349 -0.6166846 -0.7627184
vn -0.4115899 -0.428537 -0.8043319
vn -0.5745168 0.3172056 -0.7545271
vn -0.4165072 -0.3838443 -0.8241271
vn -0.4115899 -0.428537 -0.8043319
vn -0.2349465 0.2965925 -0.9256528
vn -0.3272727 -0.4304937 -0.8411705
vn -0.2090671 -0.8841426 -0.4178312
vn -0.02121431 -0.802157 -0.5967362
vn -0.2715727 -0.9200819 -0.2823079
vn -0.2860122 -0.4168603 -0.8628004
vn -0.317915 -0.833983 -0.4510014
vn 0.02718757 0.2526081 -0.9671866
vn -0.2442714 -0.4387887 -0.864752
vn 0.2243285 0.1533058 -0.9623793
vn 0.3703384 0.01357233 -0.9287977
vn -0.2335271 -0.5735353 -0.7851893
vn -0.4320223 -0.801677 -0.4131231
vn -0.3243315 -0.9271672 -0.187537
vn -0.1341851 -0.9896994 -0.04989318
vn -0.444347 -0.7556826 -0.4811441
vn -0.5442041 -0.7355655 -0.4034667
vn -0.4348746 -0.8815652 -0.183649
vn -0.652089 -0.7137421 -0.2556403
vn -0.6478825 -0.6239704 -0.4369315
vn -0.3303102 -0.6611449 -0.6736339
vn 0.3193271 -0.2460572 -0.9151426
vn -0.09563534 -0.5455911 -0.8325769
vn -0.2791941 -0.5335165 -0.7983801
vn -0.727771 -0.5169796 -0.4506454
vn -0.8163935 -0.5534423 -0.1649342
vn 0.2567591 -0.4230218 -0.8689805
vn 0.07996802 -0.449947 -0.8894678
vn -0.1552726 -0.4555852 -0.8765458
vn -0.7077653 -0.4346534 -0.5569064
vn 0.2645214 -0.4865146 -0.8326656
vn 0.3757192 -0.4580461 -0.8056233
vn 0.3650689 -0.5384304 -0.7594849
vn -0.1977039 -0.6896578 -0.6966241
vn -0.6629211 -0.6954991 0.2771585
vn -0.8489404 -0.5256021 0.05516032
vn 0.1948349 -0.6166846 -0.7627184
vn 0.523729 -0.7627788 -0.3793106
vn -0.1352404 -0.8369123 -0.5303657
vn 0.4559969 -0.4203205 -0.7844728
vn 0.7320738 -0.04231605 -0.6799098
vn 0.6590005 -0.6897141 -0.3000213
vn 0.6462082 -0.04267165 -0.7619672
vn 0.95592 0.072823 -0.2844535
vn 0.5915468 -0.1124132 -0.7983957
vn 0.900493 -0.04677003 -0.4323482
vn -0.2090671 -0.8841426 -0.4178312
vn 0.3203619 -0.7823232 -0.5341711
vn -0.01706784 -0.9908856 0.1336205
vn -0.3055966 -0.8637472 -0.4006889
vn -0.2078026 -0.9444153 0.2547505
vn 0.07516055 -0.922609 0.3783431
vn -0.2888184 -0.8648027 -0.4107312
vn 0.1855575 -0.8527846 0.4881873
vn 0.3764128 -0.3354083 0.8636056
vn 0.1195927 -0.815995 0.5655525
vn 0.3994348 -0.7133555 0.5758262
vn -0.01998312 -0.9022174 0.4308182
vn 0.1195927 -0.815995 0.5655525
vn 0.2425392 -0.6717157 0.6999806
vn -0.123911 -0.6368789 0.7609412
vn -0.2058992 -0.7601606 0.616248
vn -0.258364 -0.5929233 0.7626861
vn -0.123911 -0.6368789 0.7609412
vn -0.3946076 -0.5259604 0.7534258
vn -0.4320223 -0.801677 -0.4131231
vn -0.1009052 -0.9437999 0.3147377
vn -0.3681639 -0.9022452 0.2245192
vn -0.2058992 -0.7601606 0.616248
vn -0.3946076 -0.5259604 0.7534258
vn -0.5700811 -0.602044 0.5590623
vn -0.5550665 -0.390062 0.7346788
vn -0.752472 -0.4837545 0.4469537
vn -0.7273766 -0.3726247 0.5762587
vn -0.5550665 -0.390062 0.7346788
vn -0.5047332 -0.3366247 0.794939
vn -0.756644 -0.3249611 0.5673536
vn -0.5075158 -0.1629477 0.8460943
vn -0.2977339 -0.2865153 0.9106391
vn -0.09331484 0.08721012 0.9918099
vn -0.727771 -0.5169796 -0.4506454
vn -0.8123969 -0.4859228 0.3223199
vn -0.8799705 -0.4600533 0.1183339
vn -0.7577224 -0.4509682 -0.4716824
vn 0.6372737 -0.05504041 -0.7686695
vn 0.4093982 -0.1209358 -0.9043051
vn 0.2567591 -0.4230218 -0.8689805
vn 0.6000214 -0.3874086 -0.6999207
vn 0.3757192 -0.4580461 -0.8056233
vn 0.7507229 -0.5297936 -0.3946313
vn 0.6483259 -0.7381585 -0.1865355
vn 0.5617136 -0.7923045 0.2381839
vn 0.2535157 -0.9599479 0.1192881
vn -0.7077653 -0.4346534 -0.5569064
vn -0.8849981 -0.453572 -0.1051227
vn -0.8999588 -0.3699508 -0.2306739
vn -0.8137255 -0.4175816 -0.4043222
vn -0.9952602 0.08856811 0.0401621
vn -0.2707784 -0.599073 -0.7535188
vn -0.1552726 -0.4555852 -0.8765458
vn -0.637765 -0.4150536 -0.6488346
vn -0.2707784 -0.599073 -0.7535188
vn 0.7507229 -0.5297936 -0.3946313
vn 0.4579237 -0.4160835 -0.7856084
vn 0.5274424 -0.6803886 -0.5087985
vn -0.1977039 -0.6896578 -0.6966241
vn -0.8137255 -0.4175816 -0.4043222
vn -0.4031096 -0.8812367 -0.246829
vn -0.8837398 -0.3118784 -0.3489066
vn 0.2535157 -0.9599479 0.1192881
vn -0.4398797 -0.8926752 -0.09816793
vn -0.7220256 -0.3817392 -0.5770218
vn -0.5412191 -0.8286214 -0.1430682
vn -0.03732536 -0.9191893 0.3920431
vn -0.5135813 -0.7505763 -0.415776
vn -0.6739645 -0.5376442 -0.5066661
vn -0.2168815 -0.6117178 0.7607653
vn -0.627487 -0.7673534 0.132018
vn 0.003668504 -0.8673036 0.497766
vn 0.5274424 -0.6803886 -0.5087985
vn -0.03540175 -0.8256571 -0.5630605
vn 0.2535157 -0.9599479 0.1192881
vn -0.7633367 -0.2576464 -0.592398
vn -0.6327639 0.2674742 -0.7266825
vn -0.7170396 -0.3372087 -0.6100365
vn 0.2388777 -0.7155138 0.6564888
vn 0.2535157 -0.9599479 0.1192881
vn 0.003668504 -0.8673036 0.497766
vn 0.6326 -0.6321912 0.4473832
vn -0.627487 -0.7673534 0.132018
vn -0.7444665 -0.4524977 -0.4909332
vn -0.8505396 -0.4515659 0.2695752
vn -0.675163 -0.4479831 -0.5860596
vn -0.7645491 -0.3991411 -0.5061136
vn -0.3434395 0.1521104 -0.926775
vn -0.1616749 -0.1133337 -0.9803146
vn -0.9438753 -0.2194643 0.2468494
vn -0.604997 0.1330619 0.7850307
vn -0.4932852 -0.2218774 0.8410946
vn -0.6295568 -0.6590313 0.4115045
vn -0.2168815 -0.6117178 0.7607653
vn -0.1960371 -0.1186347 0.9733937
vn 0.1091786 -0.2237738 0.9685068
vn -0.7568461 -0.4409345 -0.4824528
vn -0.1101516 -0.4078799 -0.9063667
vn -0.7513707 -0.3528857 -0.5575963
vn -0.1200941 -0.4733262 -0.8726624
vn 0.5680376 -0.1331028 -0.812168
vn 0.4514758 0.1716214 -0.875623
vn 0.2009873 0.3311645 -0.9219187
vn -0.9820187 0.1313854 0.1355623
vn -0.8313863 -0.2850516 -0.4770141
vn 0.003836968 -0.4811115 -0.876651
vn 0.5680376 -0.1331028 -0.812168
vn 0.6518808 -0.2266336 -0.7236632
vn 0.9017208 0.1949988 -0.3858432
vn 0.9533411 0.1403441 -0.2672906
vn 0.7324037 0.2060211 -0.648953
vn 0.4839317 -0.008465016 -0.8750648
vn 0.8506296 0.4572739 0.25948
vn -0.8313863 -0.2850516 -0.4770141
vn -0.1200941 -0.4733262 -0.8726624
vn -0.8396336 -0.07032622 -0.5385813
vn -0.8978766 0.006941489 -0.4401924
vn -0.3818287 -0.4761756 -0.792126
vn -0.7817999 -0.009401279 -0.6234586
vn 0.1739417 0.809639 0.5605612
vn 0.390593 0.1596681 0.9066108
vn 0.2277232 0.7257138 0.649216
vn 0.416108 0.02965793 0.9088314
vn -0.09709212 0.995245 0.007771773
vn -0.1449968 0.9826918 -0.1152939
vn -0.3790441 0.6407729 -0.6676343
vn -0.3952844 0.536033 -0.7459348
vn -0.4181257 -0.1113584 -0.9015377
vn -0.4007077 -0.1947428 -0.8952702
vn 0.2417576 0.7472084 0.6190579
vn 0.4720242 0.08548409 0.8774313
vn -0.09607685 0.9949954 -0.02744987
vn -0.3974117 0.6103386 -0.6852376
vn -0.4427042 -0.177033 -0.8790178
vn 0.3000876 0.7629758 0.5725517
vn -0.05177353 0.99861 -0.009869734
vn 0.2956814 0.8338394 0.4661378
vn -0.3670814 0.6434947 -0.6716888
vn -0.07140252 0.9874445 -0.1409081
vn -0.4045975 -0.270242 -0.8736534
vn -0.3657961 0.5430059 -0.7558689
vn -0.1551178 0.9790855 -0.1316437
vn -0.4738996 0.6337973 -0.6113266
vn -0.4714304 -0.3930915 -0.7894506
vn 0.2956814 0.8338394 0.4661378
vn 0.5688016 0.2124957 0.7945504
vn 0.2979946 0.8989179 0.3211635
vn 0.463414 0.6508906 0.6013226
vn 0.5820622 0.3869257 0.7151867
vn 0.3140107 0.8425985 0.4375215
vn -0.2379064 0.9689963 -0.06668396
vn -0.23675 0.9683515 -0.07902488
vn 0.4055268 0.8609542 0.3070927
vn 0.6818831 0.2228352 0.6966921
vn 0.57897 0.2794693 0.7659574
vn 0.8435158 0.2889465 0.4527593
vn -0.1580418 0.9570846 -0.2429237
vn 0.2696306 0.8890163 0.370067
vn -0.7695667 0.4337124 -0.46868
vn -0.7140587 0.4548794 -0.53217
vn -0.7176117 0.5311037 -0.4505134
vn -0.776966 0.5688932 -0.2696
vn -0.146022 0.9879434 0.05143439
vn 0.5233553 0.8012223 0.2900725
vn 0.9272528 0.1637734 0.3367202
vn -0.2369594 0.9551805 0.1774276
vn 0.9137058 0.3231806 0.2463653
vn 0.4876966 0.8258356 0.2831036
vn 0.9539194 0.2301265 0.1925602
vn 0.9108403 0.3868333 0.1439785
vn 0.5499123 0.7987061 0.2442641
vn 0.9763554 0.2144481 -0.02724322
vn -0.1587876 0.9313752 0.3276075
vn -0.7402274 0.668062 0.07587124
vn 0.8982469 0.3087073 -0.3128132
vn 0.5367009 0.8362104 0.1127132
vn -0.1159343 0.904498 0.4104174
vn -0.4796214 0.8150184 0.3251281
vn -0.5477933 0.8293478 0.1100205
vn -0.5826142 0.7948496 -0.1696312
vn -0.4323668 0.7358698 0.521109
vn -0.1045442 0.8736807 0.4751344
vn -0.3618446 0.6449388 0.6731436
vn 0.6840748 0.4431396 -0.5793695
vn 0.4207839 0.9066632 -0.03004355
vn 0.5754322 0.4716254 -0.6681671
vn 0.4079135 0.9103377 -0.06994252
vn -0.01295824 0.8365717 0.5477042
vn -0.487297 0.4539243 0.7459855
vn -0.4569895 0.1789294 0.8712893
vn 0.5856519 0.5094482 -0.6304558
vn 0.4221973 0.9057677 -0.03652826
vn 0.1269576 0.7755468 0.6183921
vn -0.387716 0.2788449 0.8785909
vn -0.5172187 0.4100262 -0.7512411
vn -0.224598 0.8163589 -0.5320845
vn -0.2095912 0.9170797 -0.3391701
vn -0.9986702 -0.04966041 -0.01384153
vn -0.8742836 -0.4232483 -0.2376748
vn -0.9825777 0.1534434 -0.1048622
vn -0.8985819 -0.4303486 -0.08573566
vn -0.9646956 -0.1142548 0.2372936
vn -0.8585459 -0.5001748 0.1128012
vn -0.867658 -0.3031776 -0.3940217
vn -0.9740863 -0.06741137 -0.2158973
vn -0.1082633 0.2310149 0.966908
vn -0.2724517 0.4005504 0.8748311
vn 0.1294433 0.8476678 0.5144937
vn 0.410973 0.8974372 -0.1603362
vn 0.4079135 0.9103377 -0.06994252
vn 0.56832 0.4253636 -0.7043282
vn 0.3519434 0.5054566 -0.787813
vn 0.1294433 0.8476678 0.5144937
vn -0.01295824 0.8365717 0.5477042
vn 0.410973 0.8974372 -0.1603362
vn 0.1990316 0.9556071 -0.2172591
vn -0.0454196 0.9363218 -0.3481934
vn 0.4130718 0.8705572 -0.2673981
vn 0.1557979 0.4250551 -0.8916587
vn -0.1751781 0.929809 0.3236789
vn 0.1458755 0.9445337 0.2942385
vn 0.04885719 0.9722546 -0.2287662
vn -0.1268058 0.4029362 0.906401
vn 0.03467881 0.648523 0.7604046
vn -0.0002133753 0.8385734 0.5447887
vn -0.02983335 0.7423853 0.6693086
vn 0.0719568 0.466588 0.8815429
vn 0.1269576 0.7755468 0.6183921
vn -0.1268058 0.4029362 0.906401
vn -0.09814021 0.8952363 0.4346498
vn -0.2519903 0.6011065 0.7584009
vn -0.3416327 0.9312536 0.1267032
vn -0.2254753 0.9495408 0.2180209
vn -0.1450118 0.8774915 -0.4571436
vn -0.453634 0.8899157 0.04760625
vn 0.01271022 0.002733669 0.9999155
vn -0.07884082 0.3048388 0.9491351
vn -0.2519903 0.6011065 0.7584009
vn -0.005498347 -0.3935427 0.9192898
vn -0.0668448 -0.2924073 0.9539548
vn -0.0566494 0.2354256 0.9702401
vn -0.4848067 0.6465878 0.5889708
vn -0.453634 0.8899157 0.04760625
vn -0.6340984 0.7696935 -0.07410105
vn -0.2085966 0.3254266 0.9222717
vn -0.6970117 0.5669698 0.4389989
vn -0.6980542 0.7001141 -0.1502016
vn -0.8133525 0.4957122 -0.3045112
vn 0.3779831 -0.09414208 0.9210135
vn -0.8692177 0.4388385 0.2277749
vn -0.8027601 0.2842079 -0.5242159
vn -0.4361867 0.3596379 0.8248647
vn 0.2188394 0.1010503 0.9705144
vn -0.4222877 0.1814005 -0.8881255
vn -0.4516803 0.3914209 -0.8017322
vn -0.2519104 -0.01319589 -0.9676606
vn -0.8812414 0.150733 -0.4479879
vn -0.8969215 0.318364 0.3068814
vn -0.4092811 0.3131085 0.8570018
vn 0.3066642 0.1371024 0.9418917
vn -0.339725 -0.1006654 -0.9351221
vn -0.9299104 0.1042836 -0.3526919
vn -0.8547979 0.3344859 0.3967868
vn -0.3094584 0.3717967 0.8752158
vn 0.4424437 0.1906788 0.8762906
vn -0.9514005 0.297517 0.07950433
vn -0.8040846 -0.06218772 -0.5912533
vn -0.5301012 0.4971 0.6869383
vn 0.1717125 0.4252263 0.8886492
vn 0.812514 0.1107893 0.5723171
vn 0.9197733 -0.08189203 0.3838111
vn 0.8611031 -0.1259689 0.4925782
vn -0.8866817 -0.0331963 -0.4611869
vn -0.8857669 0.4312664 0.1715407
vn -0.4860926 0.6331902 0.6023157
vn -0.9334404 0.3446848 0.0994044
vn -0.8521808 -0.1463495 -0.5023642
vn 0.2349062 0.5780287 0.7814741
vn 0.3583417 0.5410913 0.7607966
vn 0.8382889 0.2228139 0.4976201
vn -0.8464947 -0.2540043 -0.467898
vn -0.5314914 0.7249728 0.4380996
vn 0.3437531 0.7508908 0.5639121
vn -0.7862763 0.5767238 0.2217184
vn -0.4860926 0.6331902 0.6023157
vn -0.0454196 0.9363218 -0.3481934
vn -0.3372027 0.7156732 -0.6116422
vn -0.2107314 0.8104149 -0.5466443
vn 0.06399937 0.3345804 -0.9401914
vn -0.3816996 0.6387514 -0.6680585
vn -0.5309384 0.8461332 -0.04650896
vn -0.4767177 0.6405685 -0.6020069
vn -0.6980542 0.7001141 -0.1502016
vn -0.6980542 0.7001141 -0.1502016
vn -0.3816996 0.6387514 -0.6680585
vn -0.4516803 0.3914209 -0.8017322
vn -0.7548475 0.6152561 -0.2272999
vn -0.5428669 0.3952597 -0.7409894
vn -0.8133525 0.4957122 -0.3045112
vn -0.4327866 0.5397946 -0.7220233
vn -0.003846265 0.07602863 -0.9970982
vn -0.4516803 0.3914209 -0.8017322
vn -0.623667 0.6749426 0.3943247
vn -0.4860926 0.6331902 0.6023157
vn -0.972712 0.2301629 -0.02926515
vn -0.06744993 0.7837985 0.6173415
vn -0.2243411 0.6542962 0.7221963
vn -0.623667 0.6749426 0.3943247
vn 0.7452183 0.4562714 0.4862778
vn 0.8382889 0.2228139 0.4976201
vn 0.1987838 0.7570794 0.622347
vn 0.3317399 0.8396719 0.4299997
vn -0.8441914 -0.4095667 -0.3458267
vn -0.987936 0.1170398 -0.1014104
vn -0.8464947 -0.2540043 -0.467898
vn -0.9624501 0.2713639 -0.007179517
vn -0.623667 0.6749426 0.3943247
vn -0.9372259 0.3485678 0.01039924
vn -0.7675587 0.5883462 0.2543666
vn -0.7107833 0.6183814 0.3352485
vn -0.9985285 0.01450183 -0.05225569
vn -0.9821374 -0.1344017 0.1316906
vn -0.813605 0.3680308 0.4501113
vn -0.8365191 0.5018392 0.2199842
vn -0.7714636 -0.477961 0.4199966
vn -0.9519958 -0.2715119 0.1413696
vn -0.841271 0.1053929 0.5302408
vn -0.7098479 -0.4975178 0.49859
vn -0.7908079 0.398311 0.4647269
vn -0.7865015 0.2955118 0.542299
vn -0.5780177 -0.4658314 0.6699976
vn -0.6743518 0.3561328 0.6468532
vn -0.4209736 -0.4133793 0.8074026
vn -0.4459476 0.3272236 0.8330999
vn -0.3813327 0.8339662 0.3988557
vn -0.375346 0.8682087 0.3245443
vn -0.7611283 0.4137645 0.4994825
vn -0.3036089 0.9228297 0.2370801
vn 0.2449499 0.9669558 0.07068203
vn 0.2846599 0.9305604 0.2302739
vn 0.1385195 0.9903323 -0.007365504
vn 0.8398306 0.4622271 -0.2846589
vn 0.8083385 0.5860989 -0.05547082
vn 0.0328729 0.9908392 -0.1309852
vn 0.6487079 0.6161982 -0.4466293
vn 0.4851533 0.5142174 -0.707253
vn -0.2613499 0.8426967 0.4707
vn 0.007599964 0.9737387 -0.2275414
vn 0.2754566 0.4566532 -0.8459264
vn -0.2343367 0.4254205 0.8741302
vn -0.2703854 -0.2980211 0.9154645
vn -0.06134897 0.9241514 0.3770683
vn 0.1936464 0.9251851 -0.3263951
vn 0.3441316 0.3290308 -0.8793817
vn -0.1732627 0.2729176 0.9463065
vn 0.116275 0.8211298 0.5587717
vn 0.3817684 0.9221205 -0.06282198
vn 0.4877878 0.5136338 -0.7058635
vn 0.30844 0.7024125 0.6414683
vn -0.158242 0.2037875 0.9661419
vn -0.3710085 -0.4868486 0.7907788
vn -0.5274266 -0.4999065 0.6869606
vn 0.57894 0.8116019 0.07829949
vn 0.5874795 0.5639979 -0.5803224
vn 0.1831072 -0.07005695 -0.9805936
vn -0.2058304 0.1730273 0.9631695
vn 0.727745 0.6576475 0.1946457
vn 0.3842238 0.5914233 0.7089363
vn 0.7534967 0.4718333 -0.4578384
vn 0.2469026 -0.04467806 -0.9680099
vn 0.7498519 0.5688378 0.3378546
vn 0.3085076 0.5125396 0.8013277
vn -0.3654516 0.1311003 0.9215518
vn 0.916271 0.3621827 -0.1710882
vn -0.2682412 0.3393517 0.9016025
vn 0.4446452 0.5233279 0.726924
vn 0.8093529 0.4197136 0.4108386
vn -0.2633534 0.4747424 0.8398003
vn -0.9332625 0.09536655 0.3463036
vn -0.8870362 -0.1366069 0.4410276
vn -0.836936 -0.4020997 0.3712867
vn 0.4302054 0.4993921 0.7520179
vn 0.8167049 0.3556302 0.4544449
vn 0.9153671 0.2903741 0.2789014
vn -0.06502284 0.6197973 0.7820635
vn -0.5813026 0.555921 0.594171
vn 0.512808 0.5128689 0.6884719
vn 0.8882595 0.3103708 0.3386224
vn 0.9770275 0.04051509 -0.2092264
vn 0.9783684 0.1022978 -0.1798065
vn 0.9730523 0.09785842 -0.2087895
vn -0.1325914 0.7474693 0.6509295
vn -0.4629826 0.7719809 0.4355371
vn 0.4314038 0.5374247 0.7246141
vn 0.8680424 0.1810453 0.462304
vn 0.9721636 0.1637681 -0.1675647
vn 0.01096079 0.8466932 0.5319684
vn -0.2635087 0.8932717 0.3641826
vn 0.4788778 0.5940512 0.6463584
vn 0.8536044 0.1501758 0.4988053
vn 0.6172977 0.4512505 0.6444505
vn 0.974014 -0.1899867 0.1232956
vn 0.4858328 0.5025125 0.7151557
vn 0.2008629 0.8561488 0.4760916
vn -0.4060668 0.9031815 0.1391868
vn 0.6214616 0.4416129 0.6471194
vn 0.7821211 0.2978323 0.5473414
vn 0.4834724 0.4732808 0.7363829
vn 0.4122616 0.8548173 0.315163
vn -0.04555438 0.9988166 0.01703805
vn 0.2062434 0.9745593 -0.08773767
vn 0.5230628 0.4832959 0.7020189
vn 0.573173 0.7610615 0.3037399
vn 0.355404 0.928435 0.1081503
vn 0.5618694 0.8190064 0.1163236
vn 0.4346604 0.2765067 0.8570966
vn 0.5029162 -0.09392391 0.8592169
vn 0.5018447 0.3010838 0.810864
vn 0.3028877 0.4285965 0.8512133
vn 0.4267135 0.6002122 0.6765065
vn 0.6410899 0.703624 0.306459
vn 0.5621247 0.8167728 -0.1299935
vn 0.6786419 0.7274017 -0.1016459
vn 0.196307 0.5947788 0.7795522
vn 0.4412878 0.6346409 0.6344258
vn 0.7349173 0.6227742 0.268419
vn 0.7279592 0.6785513 -0.09820184
vn 0.335602 0.3648291 0.8684878
vn 0.5791493 0.3773018 0.7226544
vn 0.6293104 0.4474626 0.6354099
vn 0.7510841 0.5277113 0.3967284
vn 0.7765648 0.5990431 0.1951779
vn 0.7001103 0.6996005 0.1428454
vn 0.7489234 0.6060093 0.2680794
vn 0.5470145 0.560003 0.6222313
vn 0.3562883 0.3772948 0.8548141
vn 0.5791493 0.3773018 0.7226544
vn 0.6703213 0.5630934 0.4833168
vn 0.4795169 0.637831 0.60269
vn 0.7096096 0.5061289 0.4901916
vn 0.1610212 0.6237494 0.7648587
vn -0.09790134 0.4386084 0.8933297
vn -0.09331484 0.08721012 0.9918099
vn 0.4643019 0.2129895 0.8596855
vn -0.09844571 0.6854342 0.7214488
vn -0.01632272 0.7645694 0.6443347
vn -0.5452074 0.5919343 0.5936014
vn 0.5218664 0.603701 0.6026611
vn -0.0719445 0.8692281 0.4891489
vn -0.5686496 0.766471 0.2985962
vn 0.4855797 0.5444391 0.683958
vn 0.8028018 0.2275878 0.5511017
vn 0.6747242 0.2030791 0.7095817
vn -0.3377264 0.9249763 -0.1742404
vn 0.09289902 0.9636669 0.2504313
vn 0.09516367 0.986003 0.1369016
vn -0.3311993 0.8881989 -0.3184489
vn 0.1809984 0.6821486 -0.7084581
vn 0.07766723 0.9966415 0.02595312
vn 0.5587186 0.8145277 -0.1561354
vn 0.383231 0.6121587 0.6916615
vn 0.4037674 0.9012673 0.1571278
vn 0.4855797 0.5444391 0.683958
vn 0.4925736 0.5364174 0.6852938
vn 0.6506127 -0.05341722 0.7575288
vn -0.6978601 0.6626639 0.2717867
vn 0.06302957 0.7730867 0.631161
vn -0.623667 0.6749426 0.3943247
vn -0.2907193 0.8441662 0.4504062
vn -0.4160476 0.7325825 0.5387275
vn -0.7675587 0.5883462 0.2543666
vn -0.813605 0.3680308 0.4501113
vn 0.5917035 0.7081594 0.3852237
vn 0.6645901 0.5253037 0.5313907
vn -0.1557462 0.8742139 0.4598839
vn -0.05064591 0.9626884 0.2658305
vn -0.02588871 0.8909219 0.4534181
vn 0.6873345 0.637436 0.348205
vn 0.9903722 -0.1335529 0.03641994
vn 0.7452183 0.4562714 0.4862778
vn 0.9884607 -0.05408138 0.1414947
vn 0.9481186 0.01078786 0.3177339
vn 0.7452183 0.4562714 0.4862778
vn 0.9714675 0.1966762 0.1325494
vn 0.9000232 0.2394025 0.3642041
vn 0.5917035 0.7081594 0.3852237
vn 0.5000129 0.8464503 0.1830549
vn -0.3858999 0.8370543 0.3878419
vn -0.4202144 0.7649136 0.4881876
vn -0.813605 0.3680308 0.4501113
vn -0.7908079 0.398311 0.4647269
vn 0.3988319 0.8934667 0.2065198
vn 0.4874634 0.7676753 0.4159977
vn -0.2817672 0.8858882 0.3685232
vn -0.6877397 0.6076641 0.3971881
vn -0.5233569 0.7906004 0.3178815
vn 0.8308699 0.5550818 0.03923456
vn 0.8072473 0.5162518 0.2860695
vn 0.2449499 0.9669558 0.07068203
vn 0.8953792 0.4416201 -0.05716369
vn 0.7161018 0.521246 -0.4642207
vn 0.7878387 0.5628742 -0.2499656
vn 0.1385195 0.9903323 -0.007365504
vn 0.9754056 0.2088456 0.07048042
vn 0.9196545 0.3901889 -0.04458928
vn -0.7293535 0.4770399 0.490384
vn -0.2633534 0.4747424 0.8398003
vn -0.8902314 0.1736761 0.4210994
vn -0.9750072 0.2071659 0.08026877
vn -0.9332625 0.09536655 0.3463036
vn -0.9062159 -0.09334524 -0.4123825
vn -0.8473787 -0.3322862 -0.4141679
vn -0.9749737 0.05306657 -0.2158945
vn -0.9062159 -0.09334524 -0.4123825
vn -0.9207733 0.2113113 -0.3279083
vn -0.7972744 -0.02405712 -0.6031376
vn -0.7975665 0.3884096 -0.4615471
vn -0.7233 0.130187 -0.6781507
vn -0.7164679 0.6017464 -0.3529517
vn -0.7233 0.130187 -0.6781507
vn -0.5890795 0.6137004 -0.5256968
vn -0.5745168 0.3172056 -0.7545271
vn 0.2008629 0.8561488 0.4760916
vn 0.05668129 0.969099 0.2400714
vn -0.1934336 0.6417548 -0.7421147
vn -0.2349465 0.2965925 -0.9256528
vn 0.1604309 0.5564728 -0.8152301
vn 0.02718757 0.2526081 -0.9671866
vn -0.5745168 0.3172056 -0.7545271
vn 0.3166967 0.6796958 -0.6616017
vn 0.02718757 0.2526081 -0.9671866
vn 0.4005311 0.4489569 -0.7987568
vn 0.5046923 0.5918406 -0.6284986
vn 0.02718757 0.2526081 -0.9671866
vn 0.2243285 0.1533058 -0.9623793
vn 0.5450304 0.5521135 -0.6309617
vn 0.2243285 0.1533058 -0.9623793
vn 0.5744939 0.2945754 -0.7636636
vn 0.3703384 0.01357233 -0.9287977
vn 0.1845492 0.1973443 0.9628068
vn 0.5791493 0.3773018 0.7226544
vn 0.01216205 0.0541876 0.9984567
vn -0.9712656 0.1395299 0.1928074
vn -0.6033414 0.2629291 0.7528927
vn -0.6625535 0.5412616 0.5177437
vn -0.7565864 0.4959174 0.4261957
vn -0.9385857 0.3261343 -0.1126641
vn -0.491876 0.249531 0.8341417
vn -0.2403516 0.4272982 0.8715774
vn -0.7998372 0.3625293 0.478365
vn -0.09331484 0.08721012 0.9918099
vn -0.5075158 -0.1629477 0.8460943
vn -0.2057068 0.1089589 0.972529
vn -0.491876 0.249531 0.8341417
vn -0.4295161 0.5864067 0.6867627
vn -0.01632272 0.7645694 0.6443347
vn -0.5218217 0.7478907 0.4103189
vn -0.9281927 0.37171 -0.01703034
vn -0.6625535 0.5412616 0.5177437
vn -0.5686496 0.766471 0.2985962
vn -0.9385857 0.3261343 -0.1126641
vn -0.7003305 0.596692 -0.3917854
vn -0.8837398 -0.3118784 -0.3489066
vn -0.9952602 0.08856811 0.0401621
vn -0.9385857 0.3261343 -0.1126641
vn -0.8137255 -0.4175816 -0.4043222
vn -0.7633367 -0.2576464 -0.592398
vn -0.7023575 0.498227 -0.5083933
vn -0.6204638 0.7625726 0.1830509
vn -0.3311993 0.8881989 -0.3184489
vn -0.3514621 0.2595323 -0.8995095
vn -0.3434395 0.1521104 -0.926775
vn -0.3261945 0.765195 -0.555044
vn 0.1721323 0.5899289 -0.7888944
vn -0.1616749 -0.1133337 -0.9803146
vn -0.7633367 -0.2576464 -0.592398
vn -0.9251887 0.3006793 -0.2315554
vn -0.67714 0.3746877 -0.6333171
vn 0.383231 0.6121587 0.6916615
vn 0.3378511 0.1294483 0.9322551
vn 0.3685287 0.4897763 0.7901303
vn 0.4925736 0.5364174 0.6852938
vn 0.4099362 0.3513449 0.8417298
vn 0.424337 0.1003873 0.8999225
vn 0.5587186 0.8145277 -0.1561354
vn 0.6689135 0.5975994 0.4420742
vn 0.8051223 0.4253517 -0.413345
vn 0.8051223 0.4253517 -0.413345
vn 0.8492784 0.4899193 0.1967368
vn 0.8379844 0.4994789 0.2197794
vn 0.9017208 0.1949988 -0.3858432
vn 0.8506296 0.4572739 0.25948
vn 0.6627941 0.4995661 0.5577971
vn 0.6073111 0.3809256 0.6971865
vn 0.6371844 0.5198351 0.5690057
vn 0.5680376 -0.1331028 -0.812168
vn 0.4514758 0.1716214 -0.875623
vn 0.6211153 0.6342658 -0.4603507
vn 0.1721323 0.5899289 -0.7888944
vn 0.8027817 0.4979781 0.3279625
vn 0.9533411 0.1403441 -0.2672906
vn 0.8602166 0.4907693 -0.1384661
vn 0.6341587 0.705397 0.3166352
vn 0.2274404 0.6971459 0.6798958
vn 0.4692236 0.4737498 0.745245
vn 0.6757839 0.701897 -0.2250708
vn 0.7324037 0.2060211 -0.648953
vn 0.6027587 0.5641754 0.5642589
vn 0.5497519 0.1864392 0.8142563
vn 0.6341587 0.705397 0.3166352
vn 0.1141453 0.681671 0.7227001
vn -0.04522445 0.7847812 0.6181207
vn -0.6470261 0.4849831 0.5883439
vn -0.6764649 0.5426494 0.4979226
vn -0.9820187 0.1313854 0.1355623
vn -0.9545579 0.2710575 0.1238829
vn -0.8313863 -0.2850516 -0.4770141
vn -0.9438753 -0.2194643 0.2468494
vn -0.604997 0.1330619 0.7850307
vn -0.8646874 0.4608287 0.1998814
vn -0.940607 0.09721045 -0.3252821
vn -0.5427503 0.6703562 0.5060085
vn 0.4959991 0.841105 0.2157018
vn -0.948074 -0.1098312 -0.2984841
vn -0.8978766 0.006941489 -0.4401924
vn -0.3275457 0.249896 0.9111893
vn -0.604997 0.1330619 0.7850307
vn -0.1509919 0.6537045 0.7415335
vn -0.1072866 0.3565159 0.9281088
vn -0.4932852 -0.2218774 0.8410946
vn 0.6809874 0.6028395 -0.4157412
vn 0.4839317 -0.008465016 -0.8750648
vn 0.7324037 0.2060211 -0.648953
vn -0.9340951 0.3566163 -0.0170668
vn -0.8978766 0.006941489 -0.4401924
vn -0.7817999 -0.009401279 -0.6234586
vn -0.1960371 -0.1186347 0.9733937
vn -0.4932852 -0.2218774 0.8410946
vn -0.3275457 0.249896 0.9111893
vn 0.57897 0.2794693 0.7659574
vn 0.5430325 -0.3879024 0.7447465
vn -0.3832809 0.07768545 -0.920359
vn -0.5453428 0.2868491 -0.7876032
vn -0.6796916 -0.3940507 -0.6186625
vn -0.7410985 -0.4003958 -0.53894
vn -0.5172187 0.4100262 -0.7512411
vn -0.144654 -0.5181313 0.8429799
vn -0.5126003 -0.600725 0.6134904
vn -0.2383352 -0.02240133 0.9709246
vn -0.2383352 -0.02240133 0.9709246
vn -0.5126003 -0.600725 0.6134904
vn -0.4569895 0.1789294 0.8712893
vn -0.01351082 0.0592844 0.9981498
vn -0.144654 -0.5181313 0.8429799
vn -0.1333912 0.09933841 0.9860723
vn -0.2644716 0.6504847 -0.7119862
vn 0.1557979 0.4250551 -0.8916587
vn -0.003846265 0.07602863 -0.9970982
vn -0.3481768 0.4069425 -0.8444943
vn 0.07665653 -0.1222755 -0.9895314
vn 0.3639089 -0.3434408 0.8658053
vn -0.4516803 0.3914209 -0.8017322
vn 0.4877878 0.5136338 -0.7058635
vn -0.67751 -0.4364085 0.5920538
vn 0.8828152 -0.4273117 -0.1950434
vn 0.8680424 0.1810453 0.462304
vn 0.8929126 -0.2879163 0.3461375
vn 0.9602003 -0.2589987 -0.1045716
vn 0.9049678 -0.1105198 0.4108756
vn 0.8683237 -0.4737849 0.1467716
vn 0.5543736 -0.8046619 0.2125773
vn 0.8755859 -0.4544681 0.1637317
vn 0.3994348 -0.7133555 0.5758262
vn 0.5744939 0.2945754 -0.7636636
vn 0.3703384 0.01357233 -0.9287977
vn 0.6684188 0.1849872 -0.7204138
vn 0.5347981 0.0105156 -0.8449144
vn 0.6372737 -0.05504041 -0.7686695
vn -0.3244248 0.8896205 -0.3214405
vn -0.5745168 0.3172056 -0.7545271
vn -0.1109559 0.8091952 -0.5769678
vn -0.6026977 -0.4148531 -0.6816542
vn -0.5871856 -0.09098633 -0.8043225
vn -0.3120169 0.02067423 -0.9498516
vn 0.2438323 -0.5190042 0.819256
vn 0.003668504 -0.8673036 0.497766
vn 0.01483498 -0.4249747 0.9050836
vn 0.2489892 -0.1094667 0.9623001
vn 0.08745666 -0.7234876 0.6847751
vn -0.2168815 -0.6117178 0.7607653
vn 0.383231 0.6121587 0.6916615
vn 0.6747242 0.2030791 0.7095817
vn 0.4099362 0.3513449 0.8417298
vn 0.215765 -0.004194877 0.9764363
vn -0.08495524 -0.6671506 0.7400627
vn 0.1482726 -0.1206511 0.9815592
vn -0.2943933 -0.6684909 0.6829733
vn -0.2706026 -0.9099519 0.3142641
vn -0.5299492 -0.7621024 0.3719593
vn 0.05744085 -0.0462857 0.9972754
vn -0.5726607 -0.3974754 0.7169887
vn -0.8119496 -0.4311796 0.3934744
vn -0.7105888 -0.1157863 0.6940153
vn -0.9182374 -0.1555592 0.3641997
vn -0.3747705 -0.5634816 -0.7362307
vn -0.4579605 -0.5298031 -0.7138494
vn -0.5306349 -0.4898723 -0.691702
vn -0.374776 -0.5634869 -0.7362238
vn -0.6523933 -0.38632 -0.6520274
vn -0.6815984 -0.3272107 -0.6544898
vn -0.7287879 -0.228236 -0.6455823
vn -0.7071995 -0.2102836 -0.6750183
vn -0.7002849 -0.1713373 -0.6929967
vn -0.6713783 -0.1808865 -0.7187011
vn -0.6653957 -0.1512432 -0.7310088
vn -0.6501566 -0.1472944 -0.7453862
vn -0.6388438 -0.09670512 -0.7632344
vn -0.6150163 -0.09895226 -0.7822809
vn -0.5818394 -0.03304982 -0.8126319
vn -0.5459951 -0.05070409 -0.8362527
vn -0.4827298 0.03658743 -0.8750048
vn -0.4432864 0.0001775923 -0.8963801
vn -0.3337 0.09255322 -0.9381248
vn -0.3007202 0.02157856 -0.9534683
vn -0.3007202 0.02157856 -0.9534683
vn -0.1610809 0.0792435 -0.9837548
vn -0.1627479 -0.02996502 -0.9862126
vn 0.418879 -0.685425 -0.5955946
vn 0.5122972 -0.7584199 -0.402928
vn 0.3052061 -0.8182012 -0.487233
vn 0.4749837 -0.8582761 -0.1943003
vn 0.7136649 -0.6851492 -0.1457835
vn 0.649428 -0.5621588 -0.512075
vn 0.8297172 -0.5453583 0.1189699
vn 0.4680982 -0.5407475 -0.6989107
vn 0.6431428 -0.4184696 -0.6412883
vn 0.8333645 -0.3600975 -0.4193249
vn 0.9121752 -0.2382608 -0.333419
vn 0.4727016 -0.4066356 -0.7817932
vn 0.6369408 -0.3076521 -0.7068639
vn 0.7852803 -0.2916368 -0.5461528
vn 0.7937495 -0.2394918 -0.5591114
vn 0.4549211 -0.3012007 -0.8380483
vn 0.6814445 -0.2207116 -0.6977964
vn 0.9108207 -0.2217305 -0.3481973
vn 0.9938014 -0.0606177 -0.09318905
vn 0.4456881 -0.2169893 -0.8684916
vn 0.7482951 -0.09442431 -0.6566113
vn 0.9996566 -0.02596857 -0.003522981
vn 0.9860231 0.1664699 -0.006809899
vn 0.723437 0.06341733 -0.6874716
vn 0.4416369 -0.1257007 -0.8883446
vn 0.4174699 0.02102542 -0.9084475
vn 0.6084725 0.3432002 -0.7155242
vn 0.3108626 0.24106 -0.9193773
vn 0.679818 0.08348206 0.7286139
vn 0.9896471 -0.1334649 0.05277965
vn 0.8951726 -0.03545227 0.4443073
vn 0.6231724 0.1149134 0.7735961
vn 0.9615229 -0.08544877 0.2610979
vn 0.7797449 -0.6258083 -0.01902319
vn 0.7234744 -0.6852929 0.08341713
vn 0.8026966 -0.4953664 0.3320998
vn 0.5294721 -0.1668267 0.831762
vn 0.7489882 -0.47307 0.4639196
vn 0.7082536 -0.3578923 0.6085146
vn 0.3596577 0.01623815 0.932943
vn 0.3986896 0.01165419 0.9170119
vn 0.6348773 -0.4349813 0.6385311
vn 0.3978006 -0.3428655 0.8509982
vn 0.649428 -0.5621588 -0.512075
vn 0.9607804 -0.2665078 0.0766466
vn 0.8886512 -0.4484683 0.09578668
vn 0.918364 -0.1596241 0.3621154
vn 0.504032 0.06816012 0.8609913
vn 0.8647639 -0.3871459 0.319846
vn 0.5776694 0.09567911 0.8106439
vn 0.8789947 -0.01335798 0.4766443
vn 0.8522876 -0.2668275 0.4498988
vn 0.3596577 0.01623815 0.932943
vn 0.3900528 0.6609175 0.6411294
vn 0.215765 -0.004194877 0.9764363
vn 0.5190175 0.4845162 0.7041768
vn 0.1482726 -0.1206511 0.9815592
vn 0.5972611 0.801968 0.01124746
vn 0.3359998 0.9392748 -0.06976297
vn 0.3190075 0.6513802 -0.6884316
vn 0.08494882 0.6671488 -0.740065
vn 0.07888965 0.4363486 -0.8963127
vn -0.01646435 0.4782403 -0.8780746
vn 0.6663333 0.312743 0.6768987
vn 0.05744085 -0.0462857 0.9972754
vn 0.8895829 0.4553258 -0.03634169
vn 0.6084725 0.3432002 -0.7155242
vn 0.3108626 0.24106 -0.9193773
vn 0.6998242 0.1850626 0.6899261
vn -0.02046808 0.06688138 0.997551
vn 0.9860231 0.1664699 -0.006809899
vn 0.723437 0.06341733 -0.6874716
vn 0.679818 0.08348206 0.7286139
vn -0.07940727 0.1540492 0.9848672
vn 0.9996566 -0.02596857 -0.003522981
vn 0.9932303 0.02276469 0.1139093
vn 0.6231724 0.1149134 0.7735961
vn -0.1315164 0.2382853 0.9622493
vn 0.5776694 0.09567911 0.8106439
vn -0.1576303 0.2757905 0.9482048
vn -0.7554204 0.1776085 0.6307101
vn -0.7454202 0.06003378 0.663886
vn -0.9438617 0.004588381 0.3303091
vn -0.9182374 -0.1555592 0.3641997
vn -0.7105888 -0.1157863 0.6940153
vn -0.5726607 -0.3974754 0.7169887
vn -0.9490881 0.1269161 0.2883126
vn -0.7615907 0.2939031 0.5775817
vn -0.9419849 0.2565235 0.2164721
vn -0.227332 0.3546414 0.9069453
vn -0.7560654 0.4346443 0.4893356
vn 0.504032 0.06816012 0.8609913
vn -0.9053576 0.4115562 0.1046376
vn -0.2539829 0.4690959 0.8458379
vn -0.7078411 0.6002023 0.372449
vn 0.3596577 0.01623815 0.932943
vn 0.3075933 0.124351 0.9433573
vn -0.8105516 0.58475 -0.03276483
vn -0.3237004 0.5374899 0.7786673
vn -0.6142701 0.7558716 0.2265622
vn 0.2846183 0.05037625 0.9573163
vn -0.644909 0.7400285 -0.1909194
vn -0.3056973 0.6893027 0.6568188
vn -0.4434828 0.894891 0.04993069
vn -0.2469281 0.4239984 0.8713506
vn -0.08387354 0.7949435 0.6008579
vn -0.1878329 0.9795462 -0.0721663
vn -0.03092575 0.3840339 0.9228009
vn -0.02425922 0.6107057 0.7914859
vn -0.42135 0.8297342 -0.3660674
vn -0.5945818 0.6770426 -0.4336885
vn -0.02748908 0.7765177 0.6294956
vn 0.08182329 0.4765528 0.8753299
vn -0.3536418 0.7279869 -0.5873437
vn -0.1494128 0.8733506 -0.4636103
vn -0.04229082 0.7033842 0.7095507
vn 0.02631981 0.9988464 -0.04016366
vn -0.1027471 0.7392763 -0.6655174
vn 0.1352813 0.6423411 0.7543851
vn 0.3394264 0.9401057 0.03148094
vn 0.1112656 0.9184846 -0.3794812
vn -0.1494128 0.8733506 -0.4636103
vn 0.3986506 0.8759443 -0.2716602
vn 0.330149 0.5225303 0.7861068
vn 0.5474106 0.8190888 0.1715668
vn -0.1225058 -0.08307747 0.9889846
vn -0.1721346 -0.09580345 0.9804037
vn -0.06262831 0.6173246 0.7842117
vn 0.6226389 0.7663061 -0.1584165
vn 0.290626 0.4466747 0.8461785
vn 0.6617306 0.6872739 0.2996117
vn -0.1980122 -0.04781063 0.9790329
vn 0.7729328 0.6316161 -0.06030059
vn 0.26093 0.4181491 0.8700958
vn 0.7425411 0.5749696 0.3435734
vn -0.3215529 0.03349407 0.9462991
vn 0.8638222 0.501458 -0.04848515
vn 0.386582 0.4261919 0.8178722
vn 0.854787 0.4660714 0.2282903
vn -0.23953 0.1503338 0.9591794
vn 0.5742086 0.4321446 0.6953672
vn 0.9516301 0.304363 0.04199314
vn 0.9239851 0.3229713 -0.204795
vn 0.8326766 0.3290302 -0.4454086
vn -0.08877768 0.2821627 0.9552501
vn -0.6892211 -0.06397398 0.7217212
vn -0.7845454 -0.2659637 0.5601355
vn 0.7475123 0.3821091 0.5433397
vn 0.9837429 0.1352882 -0.118097
vn 0.05915495 0.4089281 0.9106473
vn -0.6297772 0.1622193 0.7596484
vn -0.9575575 -0.2288594 0.1752339
vn -0.9115704 -0.4107697 -0.01754382
vn 0.8405179 0.348978 0.4144202
vn 0.975322 -0.05571102 -0.2136429
vn 0.219931 0.537614 0.8140034
vn -0.5428591 0.4430589 0.7134444
vn -0.9801631 0.07728244 0.1825038
vn 0.3072291 0.6420097 0.7024485
vn 0.8902807 0.2396113 0.3872813
vn -0.4057708 0.6950374 0.5935261
vn -0.927063 0.364843 0.08627703
vn -0.9787136 0.05868113 -0.1966628
vn -0.9682969 -0.1820941 -0.1710054
vn 0.347696 0.7075145 0.6152484
vn 0.849933 0.09975205 0.5173619
vn -0.2627189 0.8901652 0.3722696
vn -0.7996681 0.5880178 -0.1215157
vn -0.9076499 0.2332631 -0.348941
vn 0.3909569 0.7495285 0.5341908
vn 0.7014775 0.01902939 0.7124375
vn -0.07627213 0.9949993 0.0644896
vn -0.557379 0.7583045 -0.3380874
vn -0.5826507 0.6916004 -0.4268571
vn -0.7613102 0.3200744 -0.5638788
vn -0.5826507 0.6916004 -0.4268571
vn 0.4812948 0.7735713 0.4122411
vn 0.2238551 0.9381014 -0.2643003
vn -0.2336179 0.6962548 -0.6787135
vn -0.2455716 0.6101692 -0.7532518
vn -0.5205456 0.2976089 -0.8002882
vn 0.5619313 0.6820515 -0.4680158
vn 0.6175269 0.7162051 0.3251322
vn 0.1337273 0.3192606 -0.9381842
vn 0.3786141 -0.02441221 -0.9252325
vn 0.8096281 0.3588606 -0.4644582
vn 0.6409778 0.7346027 0.2225001
vn 0.7584976 0.5764963 0.303864
vn 0.3382079 0.250835 0.9070266
vn 0.4943342 0.2428236 0.8346679
vn 0.2765912 0.3808728 0.8822886
vn 0.8041804 0.5003589 0.3208349
vn 0.2357556 0.4782602 0.8459826
vn -0.3261594 -0.04983527 0.9440002
vn -0.4559803 0.1741868 0.8727777
vn 0.8980065 0.1987723 -0.3925225
vn 0.227657 0.48443 0.8446891
vn -0.5008548 0.2595146 0.8257097
vn 0.8300598 0.409426 0.3786439
vn 0.9505014 0.07525016 -0.3014708
vn -0.7389614 -0.01089132 0.6736597
vn -0.6286212 -0.206193 0.7498799
vn -0.7876008 0.09043093 0.609514
vn 0.1946196 0.5506947 0.8117011
vn -0.5556802 0.4215238 0.7166151
vn 0.831884 0.3317546 0.4448684
vn 0.9810496 -0.1021279 -0.1646558
vn -0.8383562 0.2870253 0.4634387
vn 0.1680114 0.6706389 0.7225064
vn -0.5682105 0.629694 0.5297379
vn 0.8069361 0.2887335 0.5152544
vn -0.827176 0.4939047 0.2680259
vn 0.2441535 0.7850081 0.569343
vn -0.4210711 0.8805324 0.2176275
vn 0.7524423 0.224794 0.6191108
vn -0.6186806 0.7755494 -0.1255291
vn 0.4700813 0.8223907 0.3204639
vn -0.003672244 0.9701417 -0.2425106
vn -0.6546222 0.6653051 -0.3589413
vn 0.755003 0.1907604 0.6273602
vn -0.1402756 0.8125262 -0.565795
vn 0.6236646 0.7439241 0.2400404
vn 0.3564862 0.8279843 -0.4328505
vn 0.7246655 0.62108 0.2985289
vn 0.6805 0.5899565 -0.434593
vn 0.3290238 0.3216991 0.8878362
vn 0.6218759 0.2741871 0.7335474
vn 0.7136285 0.3361267 0.6146163
vn 0.1978507 0.6778505 -0.7080775
vn 0.584553 0.3458462 -0.7339538
vn 0.8338535 0.3915954 0.389026
vn 0.9108499 0.2406697 -0.3353067
vn 0.2991156 0.2615622 0.9176683
vn -0.4152371 -0.05000915 0.9083377
vn -0.397774 -0.1039796 0.9115723
vn 0.4184043 0.1418178 0.8971207
vn -0.2146573 0.6388871 -0.7387459
vn 0.8633295 0.2497157 0.4385251
vn 0.9621638 0.03119981 -0.2706793
vn 0.267019 0.2408644 0.9331052
vn 0.2712552 0.5249979 0.8067204
vn 0.8795892 0.2327823 0.4148917
vn -0.5102171 0.3329937 0.7929651
vn -0.4436713 0.01259217 0.8961011
vn -0.9047142 -0.09779155 0.4146431
vn -0.8795714 -0.2761996 0.3873861
vn 0.4569947 0.7257675 0.5142154
vn 0.8672166 0.05030492 0.4953834
vn -0.3737899 0.8717672 0.3167066
vn 0.349088 0.8436959 0.4078169
vn -0.9599016 0.1926072 0.2036944
vn -0.4834172 0.8010081 0.3531202
vn 0.8916219 0.1876738 0.4120546
vn 0.7041924 0.5384449 0.4628069
vn -0.1116221 0.3257756 0.9388348
vn -0.3237004 0.5374899 0.7786673
vn -0.04083037 0.1011257 0.9940355
vn 0.03741098 -0.006007299 0.9992819
vn -0.08387354 0.7949435 0.6008579
vn -0.04229082 0.7033842 0.7095507
vn 0.4812948 0.7735713 0.4122411
vn 0.6571976 0.2865423 0.6971262
vn 0.5601652 0.7097361 0.4271879
vn -0.5953966 0.617402 -0.5141183
vn -0.2455716 0.6101692 -0.7532518
vn -0.1914032 0.1234948 -0.9737114
vn -0.274569 0.9501021 -0.1480468
vn -0.103738 0.9815166 0.1608218
vn -0.4089782 0.7724634 -0.4858364
vn -0.251351 0.9362668 0.2454122
vn 0.349088 0.8436959 0.4078169
vn -0.274569 0.9501021 -0.1480468
vn -0.5370485 0.8282811 -0.1597794
vn -0.3737899 0.8717672 0.3167066
vn -0.274569 0.9501021 -0.1480468
vn -0.8671772 0.4405588 0.2321891
vn -0.9752416 -0.1871061 0.1178773
vn -0.9599016 0.1926072 0.2036944
vn -0.9856842 -0.1350897 -0.1008837
vn 0.2808756 -0.9171568 0.2827235
vn -0.02460216 -0.9243507 0.3807501
vn -0.255819 -0.9576028 0.1324895
vn -0.6075841 -0.7696481 0.1961716
vn -0.02460216 -0.9243507 0.3807501
vn -0.2291516 -0.9558528 0.1839428
vn -0.7476879 -0.6270716 -0.2185037
vn 0.004276344 -0.8761339 0.4820488
vn -0.06951808 -0.9877516 0.1396922
vn -0.02460216 -0.9243507 0.3807501
vn 0.4003968 -0.8637334 0.3060181
vn 0.6693207 -0.688017 0.2804325
vn 0.5443743 -0.773151 -0.3254137
vn 0.1828897 -0.965848 0.1835457
vn 0.9564316 -0.2678725 -0.1161167
vn 0.5399638 -0.7805353 0.3149661
vn 0.9564316 -0.2678725 -0.1161167
vn 0.8145319 -0.1468707 -0.5612189
vn 0.7451833 -0.6066471 -0.2769136
vn 0.9621638 0.03119981 -0.2706793
vn 0.8795892 0.2327823 0.4148917
vn 0.8633295 0.2497157 0.4385251
vn 0.8672166 0.05030492 0.4953834
vn 0.7869885 -0.5863532 0.191935
vn 0.7722833 0.0631483 -0.6321319
vn 0.9108499 0.2406697 -0.3353067
vn 0.584553 0.3458462 -0.7339538
vn 0.6805 0.5899565 -0.434593
vn 0.8721281 -0.08756327 0.4813783
vn 0.5399638 -0.7805353 0.3149661
vn 0.2052805 -0.7825457 0.5877773
vn 0.2052805 -0.7825457 0.5877773
vn 0.3020369 -0.8596979 0.4119383
vn 0.004276344 -0.8761339 0.4820488
vn -0.4089782 0.7724634 -0.4858364
vn -0.4553621 0.6222481 -0.6367517
vn -0.4553621 0.6222481 -0.6367517
vn -0.6685548 -0.6893289 -0.2790341
vn -0.06951808 -0.9877516 0.1396922
vn 0.1608925 -0.8201721 -0.5490276
vn -0.3374285 -0.816421 -0.4686137
vn -0.2292619 -0.6633426 -0.7123311
vn -0.2029858 -0.4394423 -0.8750355
vn -0.1912134 -0.4351074 -0.8798403
vn -0.2022201 -0.4049593 -0.8916922
vn -0.1742387 -0.4222028 -0.8895986
vn -0.2407955 -0.3492514 -0.9055611
vn -0.2104203 -0.3854515 -0.8984156
vn -0.3456797 -0.3951137 -0.8511115
vn -0.9126099 -0.4085992 0.01377914
vn -0.8795714 -0.2761996 0.3873861
vn -0.7987263 -0.5987635 -0.05931746
vn -0.8484713 -0.3669738 0.3813484
vn -0.4152371 -0.05000915 0.9083377
vn -0.4436713 0.01259217 0.8961011
vn -0.8658264 -0.4996621 0.02612305
vn -0.7890766 -0.4461085 0.4223095
vn -0.7738431 -0.6175718 0.1406128
vn -0.724776 -0.5801699 0.3716218
vn -0.4710028 -0.2543684 0.8446615
vn -0.397774 -0.1039796 0.9115723
vn -0.8819481 -0.4711075 0.01500805
vn -0.9047142 -0.09779155 0.4146431
vn -0.8579268 -0.5049279 0.09491709
vn -0.9666104 0.02381765 0.255141
vn -0.9856842 -0.1350897 -0.1008837
vn -0.9431884 -0.3218789 -0.08239917
vn -0.2544369 -0.9661641 -0.04229315
vn -0.5791742 -0.7741817 0.2553429
vn -0.7738431 -0.6175718 0.1406128
vn -0.3547291 -0.1977998 -0.9138067
vn -0.2407955 -0.3492514 -0.9055611
vn -0.3882464 -0.1742816 -0.9049257
vn -0.4713078 -0.1512934 -0.8688955
vn -0.492063 -0.07247031 -0.867538
vn -0.3099098 0.2441415 -0.9188856
vn 0.03015324 -0.9404573 -0.338572
vn 0.2312288 -0.9712904 0.05593138
vn -0.3016597 -0.9028333 -0.3064203
vn 0.4074948 -0.8922152 -0.1946796
vn 0.7679716 -0.5206438 0.3730278
vn 0.9520279 -0.3027699 0.04442178
vn 0.8069361 0.2887335 0.5152544
vn 0.7524423 0.224794 0.6191108
vn 0.5492226 -0.6903036 -0.4709941
vn 0.9810496 -0.1021279 -0.1646558
vn 0.831884 0.3317546 0.4448684
vn 0.5638673 -0.4834656 -0.6695631
vn 0.9505014 0.07525016 -0.3014708
vn 0.5166138 -0.3122722 -0.7972429
vn 0.8980065 0.1987723 -0.3925225
vn 0.4665764 -0.1973007 -0.8621943
vn 0.8096281 0.3588606 -0.4644582
vn 0.3786141 -0.02441221 -0.9252325
vn 0.153839 -0.430723 -0.8892757
vn 0.1281096 -0.3446004 -0.929967
vn 0.03710382 -0.1547462 -0.9872573
vn 0.1337273 0.3192606 -0.9381842
vn -0.1914032 0.1234948 -0.9737114
vn 0.2065774 -0.5734243 -0.7927864
vn 0.2241759 -0.7012192 -0.6767842
vn 0.152533 -0.8648883 -0.478228
vn -0.2544369 -0.9661641 -0.04229315
vn 0.06509688 -0.9713668 0.2284926
vn 0.6305822 -0.5737224 0.5226937
vn 0.755003 0.1907604 0.6273602
vn 0.6324538 -0.4725383 0.6137668
vn 0.3113974 -0.9300874 0.1948565
vn -0.6217455 -0.7339304 -0.2734572
vn -0.7678469 -0.5865942 -0.2575236
vn -0.6647161 -0.6926951 -0.2798677
vn -0.5148236 -0.7885955 -0.3362644
vn -0.7865267 -0.5452643 -0.2899355
vn -0.8254415 -0.475028 -0.3049501
vn -0.8137555 -0.4801323 -0.3275285
vn -0.8217843 -0.4543474 -0.3438591
vn -0.8159428 -0.4541748 -0.3577187
vn -0.8267612 -0.3986553 -0.396913
vn -0.822413 -0.3740465 -0.4286329
vn -0.8208656 -0.3050511 -0.4828286
vn -0.8104328 -0.2963807 -0.5053288
vn -0.7258878 -0.1595762 -0.6690459
vn -0.6596676 -0.1305623 -0.7401297
vn -0.4810426 -0.7975871 -0.3639407
vn -0.3332509 -0.9423475 -0.03041636
vn -0.06507109 -0.9815292 -0.1799058
vn -0.3520196 -0.9125379 -0.2082226
vn -0.3737168 -0.7750727 -0.5095077
vn 0.07196286 -0.9034307 -0.4226514
vn -0.1382716 -0.9527149 -0.2705832
vn -0.3193735 -0.7150273 -0.6218814
vn 0.06493439 -0.7691538 -0.6357563
vn -0.2733182 -0.6406195 -0.717568
vn -0.256572 -0.5500979 -0.7947095
vn -0.09376175 -0.7375274 -0.6687766
vn -0.1136379 -0.4350352 -0.8932137
vn -0.3915482 -0.5325671 -0.7503747
vn 0.5486768 -0.7453247 0.3787411
vn 0.07196286 -0.9034307 -0.4226514
vn 0.2557395 -0.8233511 0.5066461
vn 0.7656738 -0.6411995 0.0510584
vn 0.1853814 -0.7512084 -0.6334979
vn 0.507298 -0.8117467 0.2893372
vn 0.9113035 -0.3701201 -0.1803804
vn 0.2882933 -0.762687 -0.5789607
vn 0.7656738 -0.6411995 0.0510584
vn 0.849933 0.09975205 0.5173619
vn 0.8902807 0.2396113 0.3872813
vn 0.975322 -0.05571102 -0.2136429
vn 0.78158 -0.3654317 -0.5055614
vn 0.8405179 0.348978 0.4144202
vn 0.7113975 -0.09877582 0.6958138
vn 0.598419 -0.2629208 -0.7568141
vn 0.597948 -0.4951435 -0.6303103
vn 0.6300201 -0.6582305 -0.4120767
vn 0.7014775 0.01902939 0.7124375
vn 0.5486768 -0.7453247 0.3787411
vn 0.9837429 0.1352882 -0.118097
vn 0.8743422 -0.0755945 -0.4793863
vn 0.8310965 -0.03808078 -0.554823
vn 0.9516301 0.304363 0.04199314
vn 0.9292502 0.09885533 -0.3559799
vn -0.3915482 -0.5325671 -0.7503747
vn -0.2733182 -0.6406195 -0.717568
vn -0.02300892 -0.6027193 -0.7976215
vn 0.7113975 -0.09877582 0.6958138
vn 0.5486768 -0.7453247 0.3787411
vn 0.4467271 -0.3518481 0.8225799
vn 0.5179108 0.1164937 0.8474655
vn 0.5663291 -0.6808138 0.464504
vn 0.2545459 -0.6467777 0.7189471
vn 0.2456001 -0.7316106 0.6359455
vn 0.0003127968 -0.9960212 -0.08911561
vn -0.2372961 -0.9500704 0.2026247
vn 0.5179108 0.1164937 0.8474655
vn 0.2596905 -0.5469559 0.7958643
vn 0.3382079 0.250835 0.9070266
vn 0.2545459 -0.6467777 0.7189471
vn -0.1630813 -0.9183353 0.3606451
vn -0.08922467 -0.3764727 0.922121
vn -0.08922467 -0.3764727 0.922121
vn -0.0006307924 -0.8484818 0.5292241
vn -0.3463678 -0.5643586 0.7493523
vn -0.3261594 -0.04983527 0.9440002
vn -0.6286212 -0.206193 0.7498799
vn -0.492063 -0.07247031 -0.867538
vn -0.4713078 -0.1512934 -0.8688955
vn 0.8789947 -0.01335798 0.4766443
vn -0.4827298 0.03658743 -0.8750048
vn -0.3337 0.09255322 -0.9381248
vn -0.4432864 0.0001775923 -0.8963801
vn -0.3337 0.09255322 -0.9381248
vn -0.1610809 0.0792435 -0.9837548
vn -0.4092609 0.2390663 -0.8805412
vn 0.614763 -0.7539345 -0.2316227
vn 0.7392347 -0.5739774 0.3522528
vn 0.7156087 -0.4215852 0.5569292
vn 0.4616061 -0.571568 0.6784024
vn 0.2424378 -0.2186549 0.9452058
vn 0.01371934 -0.6974876 0.7164655
vn 0.1154325 -0.6365821 0.7625211
vn 0.2424378 -0.2186549 0.9452058
vn 0.03182021 -0.4501479 0.892387
vn 0.3495518 -0.9058242 -0.239366
vn 0.3045232 -0.7719007 0.5580636
vn 0.08182096 -0.9942824 0.06861394
vn 0.3052061 -0.8182012 -0.487233
vn 0.2808151 -0.9197497 -0.2742327
vn -0.1479965 -0.9282472 -0.3412538
vn 0.1734516 -0.984695 -0.01703332
vn 0.1996329 -0.9661348 0.1634935
vn 0.5725631 -0.5610104 0.5978618
vn 0.01371934 -0.6974876 0.7164655
vn -0.1610809 0.0792435 -0.9837548
vn -0.08667091 -0.03634689 -0.9955738
vn -0.2178268 0.2062031 -0.9539559
vn -0.1627479 -0.02996502 -0.9862126
vn -0.08667091 -0.03634689 -0.9955738
vn -0.05994879 -0.06172122 -0.9962915
vn 0.02009566 -0.2589357 -0.9656854
vn 0.01371934 -0.6974876 0.7164655
vn 0.03182021 -0.4501479 0.892387
vn -0.05486774 -0.7403524 0.669976
vn -0.01673696 -0.9915896 0.1283356
vn -0.2631231 -0.9644573 -0.02425238
vn -0.04902614 -0.7485991 0.6612078
vn -0.05486774 -0.7403524 0.669976
vn -0.1441612 -0.804493 -0.5762019
vn -0.2136906 -0.8484893 -0.4841512
vn -0.05486774 -0.7403524 0.669976
vn -0.0327404 -0.224624 0.9738954
vn -0.03042774 -0.1554039 0.9873822
vn -0.1584315 -0.6493015 0.7438461
vn -0.1479965 -0.9282472 -0.3412538
vn -0.01067034 -0.9996617 -0.02371915
vn -0.3704593 -0.9212061 -0.1189082
vn -0.2136906 -0.8484893 -0.4841512
vn -0.3247464 -0.9018622 -0.2849286
vn -0.2964232 -0.7603631 -0.577911
vn -0.5338014 -0.7920638 -0.2961268
vn -0.3977651 -0.6449429 -0.6525577
vn -0.06114681 0.1957863 -0.9787384
vn 0.05802774 -0.001832404 -0.9983133
vn 0.1434615 0.04757328 -0.9885118
vn 0.2255532 0.04430807 -0.9732228
vn 0.262708 0.03466664 -0.9642525
vn 0.2959785 0.01870007 -0.9550116
vn 0.3090233 0.0140449 -0.9509508
vn 0.04433145 -0.2756514 -0.9602349
vn -0.3434082 -0.7578011 0.5548047
vn -0.03042774 -0.1554039 0.9873822
vn -0.1721346 -0.09580345 0.9804037
vn -0.6164746 -0.6202364 0.4850422
vn -0.1659098 -0.9619274 0.2171858
vn -0.05486774 -0.7403524 0.669976
vn -0.134807 -0.9544137 0.2663113
vn -0.2276924 -0.9584159 -0.1720327
vn -0.05486774 -0.7403524 0.669976
vn -0.3434082 -0.7578011 0.5548047
vn -0.4265328 -0.7872606 0.4452981
vn -0.5338014 -0.7920638 -0.2961268
vn -0.6164746 -0.6202364 0.4850422
vn -0.625201 -0.6873895 -0.3696205
vn -0.2503411 -0.5332289 -0.8080819
vn -0.4556148 -0.5437949 -0.704771
vn -0.678171 -0.615387 -0.4017251
vn -0.7543797 -0.654274 -0.05326108
vn -0.6875216 -0.6882891 0.2314568
vn -0.8126059 -0.4820586 0.3275535
vn -0.8042079 -0.5289051 -0.2711255
vn -0.2329851 -0.4390973 -0.8677047
vn -0.565486 -0.5112635 -0.6471748
vn -0.4483709 -0.4652496 -0.7632211
vn -0.5613543 -0.5890021 0.5813415
vn -0.1721346 -0.09580345 0.9804037
vn -0.1225058 -0.08307747 0.9889846
vn -0.4135628 -0.306608 0.8572965
vn -0.1980122 -0.04781063 0.9790329
vn -0.6665579 -0.3212986 0.6726573
vn -0.7785268 -0.4511826 0.4362688
vn -0.1980122 -0.04781063 0.9790329
vn -0.3215529 0.03349407 0.9462991
vn -0.8042079 -0.5289051 -0.2711255
vn -0.7785268 -0.4511826 0.4362688
vn -0.7845454 -0.2659637 0.5601355
vn -0.9115704 -0.4107697 -0.01754382
vn -0.6892211 -0.06397398 0.7217212
vn -0.7287959 -0.4729676 -0.4951345
vn -0.6223354 -0.4916309 -0.6090958
vn -0.8690817 -0.4084009 -0.2791159
vn -0.9575575 -0.2288594 0.1752339
vn -0.7837259 -0.3762504 -0.4941754
vn -0.9682969 -0.1820941 -0.1710054
vn -0.9801631 0.07728244 0.1825038
vn -0.1945167 -0.4859056 -0.852091
vn -0.1552864 -0.5504763 -0.8202817
vn 0.1332818 -0.4120376 -0.9013662
vn 0.04046954 -0.3202254 -0.9464766
vn -0.006845383 -0.3830048 -0.9237209
vn 0.02483532 -0.4430049 -0.896175
vn 0.2881084 -0.2762205 -0.9168947
vn 0.2489785 -0.1942417 -0.9488308
vn -0.006845383 -0.3830048 -0.9237209
vn 0.04046954 -0.3202254 -0.9464766
vn 0.3090233 0.0140449 -0.9509508
vn 0.3385081 0.01274089 -0.9408772
vn 0.3892207 0.01208843 -0.9210652
vn 0.4430263 -0.02845796 -0.8960568
vn 0.5984321 0.06834275 -0.7982534
vn 0.4047882 -0.1613201 -0.9000679
vn 0.414014 -0.0517592 -0.9087978
vn 0.1983014 -0.2682455 -0.94272
vn 0.4653905 -0.1028312 -0.8791117
vn 0.2081518 -0.3203118 -0.9241608
vn -0.7785268 -0.4511826 0.4362688
vn 0.8084831 0.1390176 -0.5718647
vn 0.9292502 0.09885533 -0.3559799
vn 0.3382079 0.250835 0.9070266
vn 0.2371707 -0.402544 0.8841428
vn -0.08922467 -0.3764727 0.922121
vn -0.1914032 0.1234948 -0.9737114
vn -0.248153 0.5113788 -0.8227466
vn 0.1337273 0.3192606 -0.9381842
vn -0.08922467 -0.3764727 0.922121
vn 0.9520279 -0.3027699 0.04442178
vn 0.4612302 -0.403928 0.7900057
vn 0.755003 0.1907604 0.6273602
vn 0.5047447 0.2281333 0.8325791
vn -0.2303124 -0.2951216 0.927286
vn 0.1778956 -0.1306845 0.9753331
vn -0.397774 -0.1039796 0.9115723
vn -0.7890766 -0.4461085 0.4223095
vn -0.8484713 -0.3669738 0.3813484
vn -0.7258878 -0.1595762 -0.6690459
vn -0.492063 -0.07247031 -0.867538
vn -0.6919883 0.3083387 -0.6527476
vn -0.2395419 0.9072742 -0.3456489
vn -0.2395392 0.907271 -0.3456592
vn -0.1490222 0.9158576 -0.3728233
vn -0.05477548 0.9263569 -0.3726426
vn -0.1779132 0.9279477 -0.3275059
vn -0.3989564 0.8950914 -0.1991108
vn -0.5871841 0.8019236 -0.1101505
vn -0.5892341 0.806423 -0.04985166
vn 0.4706056 0.3302944 0.8181907
vn 0.3717777 0.3152726 0.8731463
vn 0.573444 0.3510848 0.7402036
vn 0.3683549 0.3099036 0.8765126
vn 0.6343527 0.3725583 0.6773455
vn 0.5989089 0.3801173 0.7048538
vn 0.5609716 0.3838168 0.7334818
vn 0.5412474 0.3685265 0.7558039
vn 0.4557649 0.5167332 0.7247518
vn 0.4311351 0.5449359 0.7191435
vn 0.4201984 0.5459175 0.7248499
vn 0.4201984 0.5459175 0.7248499
vn 0.1137172 0.6551334 0.746906
vn 0.02569393 0.6440747 0.764531
vn 0.4366789 0.4380758 0.7857487
vn 0.4366789 0.4380758 0.7857487
vn 0.1511974 0.6125991 0.7757975
vn 0.1469691 0.6643344 0.7328437
vn 0.4653384 0.291489 0.8357598
vn 0.4653384 0.291489 0.8357598
vn 0.208326 0.5850073 0.7838155
vn 0.5169035 0.4187835 0.7466131
vn 0.5374082 0.4940879 0.6834249
vn 0.5374082 0.4940879 0.6834249
vn 0.2458454 0.8250636 0.5087534
vn 0.3127279 0.8813358 0.3541868
vn 0.0701903 0.9715417 0.2262299
vn -0.07347831 0.9968821 -0.02876014
vn 0.3520038 0.9276885 0.1244475
vn 0.07167363 0.7291359 0.6806054
vn -0.2033585 0.9095872 0.3623486
vn 0.02187923 0.9692422 0.2451342
vn 0.1469691 0.6643344 0.7328437
vn -0.2725258 0.7275488 0.6296049
vn 0.02569393 0.6440747 0.764531
vn -0.4745161 0.5851717 0.6575778
vn 0.3822418 0.6912904 0.6131956
vn -0.007576364 0.8694433 0.4939747
vn 0.1994214 0.6755571 0.7098265
vn -0.08992239 0.6945229 0.7138292
vn -0.4745161 0.5851717 0.6575778
vn -0.07102288 0.6721935 0.7369611
vn -0.2518002 0.8530654 0.4570296
vn -0.4018698 0.7789774 0.4813471
vn -0.2658955 0.8750883 0.4043761
vn -0.4332251 0.7716932 0.4656238
vn -0.04918556 0.8792658 0.4737851
vn -0.2907049 0.8263191 0.4823767
vn 0.2860135 0.7204781 0.6317497
vn -0.6719363 0.5533346 0.4922626
vn -0.6790628 0.6259525 0.3834804
vn -0.4165611 0.8119929 0.408833
vn -0.7247903 0.6771513 0.1270642
vn -0.6212596 0.7804933 -0.06976273
vn -0.5719258 0.8026828 -0.169119
vn -0.3516146 0.8776734 -0.3256632
vn 0.2860135 0.7204781 0.6317497
vn 0.1827513 0.7797709 0.5987983
vn 0.3753878 0.6593847 0.65138
vn 0.3840037 0.674154 0.630918
vn 0.5760142 0.7828755 0.2351887
vn 0.6390622 0.7424461 0.2009308
vn 0.6691645 0.6498618 0.3604144
vn 0.8044538 0.4956962 0.3273214
vn 0.5131213 0.7083489 0.4847147
vn 0.499567 0.7548399 0.425029
vn 0.6566734 0.4632597 0.5951223
vn 0.6185873 0.5100895 0.5976273
vn 0.6360586 0.3398199 0.6927856
vn 0.5126224 0.835041 0.1998115
vn 0.2000556 0.9199165 0.3372407
vn 0.3527873 0.6956328 0.6258085
vn 0.5373433 0.8430248 -0.02390218
vn 0.5985891 0.4854831 0.637179
vn 0.5169744 0.6340513 0.5750794
vn 0.6360586 0.3398199 0.6927856
vn 0.6586143 0.5688178 0.492619
vn 0.3610004 0.81451 0.4541499
vn 0.04367315 0.8382525 0.5435303
vn 0.2000556 0.9199165 0.3372407
vn 0.0590655 0.8130932 0.5791293
vn -0.556493 0.6279737 0.5440262
vn -0.2907171 0.8314894 0.4734014
vn -0.1122402 0.8834837 0.4548171
g GateTowers_Thorns_mesh_0
f 3/3/3 2/2/2 1/1/1
f 4/4/4 2/2/2 3/3/3
f 5/5/5 4/4/4 3/3/3
f 6/6/6 4/4/4 5/5/5
f 7/7/7 6/6/6 5/5/5
f 8/8/8 6/6/6 7/7/7
f 9/9/9 8/8/8 7/7/7
f 10/10/10 8/8/8 9/9/9
f 10/10/10 11/11/11 8/8/8
f 12/12/12 11/11/11 10/10/10
f 8/8/8 13/13/13 6/6/6
f 11/11/11 13/13/13 8/8/8
f 6/6/6 14/14/14 4/4/4
f 13/13/13 14/14/14 6/6/6
f 4/4/4 15/15/15 2/2/2
f 14/14/14 15/15/15 4/4/4
f 18/18/18 17/17/17 16/16/16
f 19/19/19 17/17/17 18/18/18
f 20/20/20 19/19/19 18/18/18
f 21/21/21 19/19/19 20/20/20
f 22/22/22 21/21/21 20/20/20
f 23/23/23 21/21/21 22/22/22
f 24/24/24 23/23/23 22/22/22
f 25/25/25 23/23/23 24/24/24
f 28/28/28 27/27/27 26/26/26
f 27/27/27 29/29/29 26/26/26
f 26/26/26 29/29/29 30/30/30
f 29/29/29 31/31/31 30/30/30
f 30/30/30 31/31/31 32/32/32
f 31/31/31 33/33/33 32/32/32
f 32/32/32 33/33/33 34/34/34
f 37/37/37 36/36/36 35/35/35
f 40/40/40 39/39/39 38/38/38
f 41/41/41 39/39/39 40/40/40
f 42/42/42 41/41/41 40/40/40
f 43/43/43 41/41/41 42/42/42
f 44/44/44 43/43/43 42/42/42
f 45/45/45 43/43/43 44/44/44
f 46/46/46 45/45/45 44/44/44
f 47/47/47 45/45/45 46/46/46
f 45/45/45 48/48/48 43/43/43
f 49/49/49 48/48/48 45/45/45
f 50/50/50 49/49/49 45/45/45
f 43/43/43 51/51/51 41/41/41
f 48/48/48 51/51/51 43/43/43
f 41/41/41 52/52/52 39/39/39
f 51/51/51 52/52/52 41/41/41
f 55/55/55 54/54/54 53/53/53
f 58/58/58 57/57/57 56/56/56
f 59/59/59 57/57/57 58/58/58
f 60/60/60 59/59/59 58/58/58
f 61/61/61 59/59/59 60/60/60
f 62/62/62 61/61/61 60/60/60
f 63/63/63 61/61/61 62/62/62
f 61/61/61 64/64/64 59/59/59
f 65/65/65 64/64/64 61/61/61
f 66/66/66 65/65/65 61/61/61
f 67/67/67 65/65/65 66/66/66
f 59/59/59 68/68/68 57/57/57
f 64/64/64 68/68/68 59/59/59
f 70/70/70 69/69/69 62/62/62
f 71/71/71 69/69/69 70/70/70
f 74/74/74 73/73/73 72/72/72
f 77/77/77 76/76/76 75/75/75
f 80/80/80 79/79/79 78/78/78
f 81/81/81 79/79/79 80/80/80
f 80/80/80 78/78/78 82/82/82
f 82/82/82 78/78/78 83/83/83
f 84/84/84 81/81/81 80/80/80
f 85/85/85 81/81/81 84/84/84
f 84/84/84 80/80/80 86/86/86
f 86/86/86 80/80/80 87/87/87
f 88/88/88 85/85/85 84/84/84
f 89/89/89 85/85/85 88/88/88
f 88/88/88 84/84/84 90/90/90
f 90/90/90 84/84/84 91/91/91
f 92/92/92 89/89/89 88/88/88
f 93/93/93 89/89/89 92/92/92
f 94/94/94 88/88/88 90/90/90
f 92/92/92 88/88/88 94/94/94
f 94/94/94 90/90/90 95/95/95
f 95/95/95 90/90/90 96/96/96
f 90/90/90 97/97/97 96/96/96
f 98/98/98 93/93/93 92/92/92
f 99/99/99 92/92/92 94/94/94
f 100/100/100 94/94/94 95/95/95
f 102/102/102 91/91/91 101/101/101
f 104/104/104 94/94/94 103/103/103
f 105/105/105 104/104/104 103/103/103
f 107/107/107 83/83/83 106/106/106
f 106/106/106 83/83/83 108/108/108
f 111/111/111 110/110/110 109/109/109
f 112/112/112 111/111/111 109/109/109
f 115/115/115 114/114/114 113/113/113
f 118/118/118 117/117/117 116/116/116
f 119/119/119 117/117/117 118/118/118
f 122/122/122 121/121/121 120/120/120
f 125/125/125 124/124/124 123/123/123
f 128/128/128 127/127/127 126/126/126
f 127/127/127 129/129/129 126/126/126
f 132/132/132 131/131/131 130/130/130
f 132/132/132 133/133/133 131/131/131
f 134/134/134 132/132/132 130/130/130
f 135/135/135 132/132/132 134/134/134
f 135/135/135 136/136/136 132/132/132
f 136/136/136 137/137/137 132/132/132
f 138/138/138 136/136/136 135/135/135
f 139/139/139 135/135/135 134/134/134
f 140/140/140 135/135/135 139/139/139
f 140/140/140 138/138/138 135/135/135
f 139/139/139 134/134/134 141/141/141
f 141/141/141 134/134/134 142/142/142
f 141/141/141 142/142/142 143/143/143
f 144/144/144 138/138/138 140/140/140
f 144/144/144 145/145/145 138/138/138
f 146/146/146 145/145/145 144/144/144
f 147/147/147 140/140/140 139/139/139
f 148/148/148 140/140/140 147/147/147
f 148/148/148 144/144/144 140/140/140
f 149/149/149 139/139/139 141/141/141
f 147/147/147 139/139/139 149/149/149
f 149/149/149 141/141/141 150/150/150
f 151/151/151 146/146/146 144/144/144
f 151/151/151 144/144/144 148/148/148
f 152/152/152 146/146/146 151/151/151
f 153/153/153 148/148/148 147/147/147
f 154/154/154 148/148/148 153/153/153
f 154/154/154 151/151/151 148/148/148
f 155/155/155 147/147/147 149/149/149
f 153/153/153 147/147/147 155/155/155
f 155/155/155 149/149/149 156/156/156
f 157/157/157 152/152/152 151/151/151
f 157/157/157 151/151/151 154/154/154
f 158/158/158 154/154/154 153/153/153
f 159/159/159 154/154/154 158/158/158
f 159/159/159 157/157/157 154/154/154
f 160/160/160 153/153/153 155/155/155
f 158/158/158 153/153/153 160/160/160
f 161/161/161 155/155/155 156/156/156
f 160/160/160 155/155/155 161/161/161
f 162/162/162 157/157/157 159/159/159
f 162/162/162 163/163/163 157/157/157
f 164/164/164 159/159/159 158/158/158
f 165/165/165 159/159/159 164/164/164
f 165/165/165 162/162/162 159/159/159
f 166/166/166 158/158/158 160/160/160
f 164/164/164 158/158/158 166/166/166
f 167/167/167 160/160/160 161/161/161
f 166/166/166 160/160/160 168/168/168
f 169/169/169 162/162/162 165/165/165
f 170/170/170 165/165/165 164/164/164
f 171/171/171 165/165/165 170/170/170
f 171/171/171 169/169/169 165/165/165
f 170/170/170 164/164/164 172/172/172
f 173/173/173 166/166/166 168/168/168
f 174/174/174 171/171/171 170/170/170
f 175/175/175 171/171/171 174/174/174
f 176/176/176 170/170/170 172/172/172
f 174/174/174 170/170/170 176/176/176
f 175/175/175 177/177/177 171/171/171
f 177/177/177 169/169/169 171/171/171
f 178/178/178 177/177/177 175/175/175
f 179/179/179 175/175/175 174/174/174
f 180/180/180 175/175/175 179/179/179
f 180/180/180 178/178/178 175/175/175
f 181/181/181 174/174/174 176/176/176
f 179/179/179 174/174/174 181/181/181
f 181/181/181 176/176/176 182/182/182
f 182/182/182 176/176/176 183/183/183
f 176/176/176 184/184/184 183/183/183
f 183/183/183 184/184/184 185/185/185
f 184/184/184 186/186/186 185/185/185
f 187/187/187 178/178/178 180/180/180
f 188/188/188 180/180/180 179/179/179
f 189/189/189 180/180/180 188/188/188
f 190/190/190 179/179/179 181/181/181
f 188/188/188 179/179/179 190/190/190
f 191/191/191 181/181/181 182/182/182
f 190/190/190 181/181/181 191/191/191
f 191/191/191 182/182/182 192/192/192
f 192/192/192 182/182/182 193/193/193
f 196/196/196 195/195/195 194/194/194
f 197/197/197 196/196/196 194/194/194
f 134/134/134 198/198/198 197/197/197
f 142/142/142 200/200/200 199/199/199
f 203/203/203 202/202/202 201/201/201
f 206/206/206 205/205/205 204/204/204
f 209/209/209 208/208/208 207/207/207
f 210/210/210 208/208/208 209/209/209
f 213/213/213 212/212/212 211/211/211
f 211/211/211 212/212/212 214/214/214
f 215/215/215 213/213/213 211/211/211
f 216/216/216 213/213/213 215/215/215
f 217/217/217 216/216/216 215/215/215
f 218/218/218 216/216/216 217/217/217
f 217/217/217 215/215/215 219/219/219
f 219/219/219 215/215/215 220/220/220
f 215/215/215 221/221/221 220/220/220
f 222/222/222 218/218/218 217/217/217
f 223/223/223 217/217/217 219/219/219
f 224/224/224 217/217/217 223/223/223
f 226/226/226 218/218/218 225/225/225
f 227/227/227 226/226/226 225/225/225
f 228/228/228 226/226/226 227/227/227
f 229/229/229 228/228/228 227/227/227
f 230/230/230 228/228/228 229/229/229
f 233/233/233 232/232/232 231/231/231
f 234/234/234 233/233/233 231/231/231
f 237/237/237 236/236/236 235/235/235
f 240/240/240 239/239/239 238/238/238
f 243/243/243 242/242/242 241/241/241
f 246/246/246 245/245/245 244/244/244
f 246/246/246 247/247/247 245/245/245
f 248/248/248 247/247/247 246/246/246
f 248/248/248 249/249/249 247/247/247
f 250/250/250 249/249/249 248/248/248
f 250/250/250 251/251/251 249/249/249
f 253/253/253 252/252/252 250/250/250
f 253/253/253 254/254/254 252/252/252
f 257/257/257 256/256/256 255/255/255
f 259/259/259 258/258/258 255/255/255
f 262/262/262 261/261/261 260/260/260
f 262/262/262 263/263/263 261/261/261
f 264/264/264 262/262/262 260/260/260
f 265/265/265 262/262/262 264/264/264
f 265/265/265 266/266/266 262/262/262
f 267/267/267 265/265/265 264/264/264
f 268/268/268 265/265/265 267/267/267
f 268/268/268 269/269/269 265/265/265
f 270/270/270 268/268/268 267/267/267
f 271/271/271 268/268/268 270/270/270
f 272/272/272 271/271/271 270/270/270
f 275/275/275 274/274/274 273/273/273
f 275/275/275 276/276/276 274/274/274
f 277/277/277 276/276/276 275/275/275
f 277/277/277 278/278/278 276/276/276
f 279/279/279 278/278/278 277/277/277
f 279/279/279 280/280/280 278/278/278
f 281/281/281 280/280/280 279/279/279
f 283/283/283 282/282/282 280/280/280
f 285/285/285 284/284/284 281/281/281
f 288/288/288 287/287/287 286/286/286
f 289/289/289 288/288/288 286/286/286
f 292/292/292 291/291/291 290/290/290
f 295/295/295 294/294/294 293/293/293
f 298/298/298 297/297/297 296/296/296
f 301/301/301 300/300/300 299/299/299
f 304/304/304 303/303/303 302/302/302
f 307/307/307 306/306/306 305/305/305
f 308/308/308 307/307/307 305/305/305
f 309/309/309 307/307/307 308/308/308
f 305/305/305 306/306/306 310/310/310
f 311/311/311 309/309/309 308/308/308
f 312/312/312 309/309/309 311/311/311
f 313/313/313 312/312/312 311/311/311
f 314/314/314 312/312/312 313/313/313
f 317/317/317 316/316/316 315/315/315
f 319/319/319 318/318/318 317/317/317
f 319/319/319 320/320/320 318/318/318
f 321/321/321 320/320/320 319/319/319
f 321/321/321 322/322/322 320/320/320
f 320/320/320 322/322/322 323/323/323
f 326/326/326 325/325/325 324/324/324
f 328/328/328 325/325/325 327/327/327
f 329/329/329 328/328/328 327/327/327
f 330/330/330 328/328/328 329/329/329
f 333/333/333 332/332/332 331/331/331
f 336/336/336 335/335/335 334/334/334
f 339/339/339 338/338/338 337/337/337
f 342/342/342 341/341/341 340/340/340
f 343/343/343 341/341/341 342/342/342
f 344/344/344 343/343/343 342/342/342
f 347/347/347 346/346/346 345/345/345
f 350/350/350 349/349/349 348/348/348
f 353/353/353 352/352/352 351/351/351
f 354/354/354 352/352/352 353/353/353
f 353/353/353 351/351/351 355/355/355
f 355/355/355 351/351/351 356/356/356
f 355/355/355 356/356/356 357/357/357
f 357/357/357 356/356/356 358/358/358
f 357/357/357 358/358/358 359/359/359
f 359/359/359 358/358/358 360/360/360
f 358/358/358 361/361/361 360/360/360
f 360/360/360 361/361/361 362/362/362
f 358/358/358 363/363/363 361/361/361
f 356/356/356 363/363/363 358/358/358
f 356/356/356 364/364/364 363/363/363
f 351/351/351 364/364/364 356/356/356
f 351/351/351 365/365/365 364/364/364
f 352/352/352 365/365/365 351/351/351
f 368/368/368 367/367/367 366/366/366
f 369/369/369 367/367/367 368/368/368
f 370/370/370 369/369/369 368/368/368
f 371/371/371 369/369/369 370/370/370
f 371/371/371 372/372/372 369/369/369
f 373/373/373 372/372/372 371/371/371
f 374/374/374 373/373/373 371/371/371
f 369/369/369 375/375/375 367/367/367
f 372/372/372 375/375/375 369/369/369
f 376/376/376 371/371/371 370/370/370
f 374/374/374 371/371/371 376/376/376
f 379/379/379 378/378/378 377/377/377
f 378/378/378 380/380/380 377/377/377
f 382/382/382 377/377/377 381/381/381
f 382/382/382 381/381/381 383/383/383
f 377/377/377 384/384/384 381/381/381
f 381/381/381 384/384/384 385/385/385
f 383/383/383 387/387/387 386/386/386
f 383/383/383 386/386/386 388/388/388
f 388/388/388 390/390/390 389/389/389
f 392/392/392 385/385/385 391/391/391
f 392/392/392 391/391/391 393/393/393
f 394/394/394 385/385/385 392/392/392
f 397/397/397 396/396/396 395/395/395
f 400/400/400 399/399/399 398/398/398
f 403/403/403 402/402/402 401/401/401
f 406/406/406 405/405/405 404/404/404
f 409/409/409 408/408/408 407/407/407
f 410/410/410 408/408/408 409/409/409
f 411/411/411 410/410/410 409/409/409
f 412/412/412 410/410/410 411/411/411
f 413/413/413 412/412/412 411/411/411
f 416/416/416 415/415/415 414/414/414
f 417/417/417 416/416/416 414/414/414
f 418/418/418 416/416/416 417/417/417
f 421/421/421 420/420/420 419/419/419
f 419/419/419 423/423/423 422/422/422
f 424/424/424 423/423/423 419/419/419
f 423/423/423 425/425/425 422/422/422
f 428/428/428 427/427/427 426/426/426
f 431/431/431 430/430/430 429/429/429
f 430/430/430 432/432/432 429/429/429
f 435/435/435 434/434/434 433/433/433
f 438/438/438 437/437/437 436/436/436
f 439/439/439 437/437/437 438/438/438
f 441/441/441 440/440/440 438/438/438
f 442/442/442 440/440/440 441/441/441
f 443/443/443 442/442/442 441/441/441
f 444/444/444 442/442/442 443/443/443
f 445/445/445 444/444/444 443/443/443
f 448/448/448 447/447/447 446/446/446
f 451/451/451 450/450/450 449/449/449
f 452/452/452 450/450/450 451/451/451
f 450/450/450 454/454/454 453/453/453
f 453/453/453 454/454/454 455/455/455
f 454/454/454 456/456/456 455/455/455
f 455/455/455 456/456/456 457/457/457
f 456/456/456 458/458/458 457/457/457
f 461/461/461 460/460/460 459/459/459
f 464/464/464 463/463/463 462/462/462
f 465/465/465 463/463/463 464/464/464
f 464/464/464 462/462/462 466/466/466
f 466/466/466 462/462/462 467/467/467
f 466/466/466 467/467/467 468/468/468
f 468/468/468 467/467/467 469/469/469
f 470/470/470 464/464/464 466/466/466
f 471/471/471 466/466/466 468/468/468
f 472/472/472 466/466/466 471/471/471
f 473/473/473 472/472/472 471/471/471
f 475/475/475 474/474/474 464/464/464
f 476/476/476 474/474/474 475/475/475
f 475/475/475 464/464/464 477/477/477
f 478/478/478 476/476/476 475/475/475
f 479/479/479 476/476/476 478/478/478
f 479/479/479 480/480/480 476/476/476
f 481/481/481 475/475/475 477/477/477
f 478/478/478 475/475/475 481/481/481
f 482/482/482 480/480/480 479/479/479
f 483/483/483 479/479/479 478/478/478
f 484/484/484 479/479/479 483/483/483
f 484/484/484 482/482/482 479/479/479
f 485/485/485 478/478/478 481/481/481
f 483/483/483 478/478/478 485/485/485
f 485/485/485 481/481/481 486/486/486
f 486/486/486 481/481/481 487/487/487
f 481/481/481 488/488/488 487/487/487
f 489/489/489 484/484/484 483/483/483
f 490/490/490 484/484/484 489/489/489
f 491/491/491 483/483/483 485/485/485
f 489/489/489 483/483/483 491/491/491
f 492/492/492 485/485/485 486/486/486
f 491/491/491 485/485/485 493/493/493
f 490/490/490 494/494/494 484/484/484
f 494/494/494 482/482/482 484/484/484
f 494/494/494 495/495/495 482/482/482
f 496/496/496 495/495/495 494/494/494
f 497/497/497 496/496/496 494/494/494
f 497/497/497 494/494/494 490/490/490
f 498/498/498 490/490/490 489/489/489
f 499/499/499 490/490/490 498/498/498
f 499/499/499 497/497/497 490/490/490
f 500/500/500 489/489/489 491/491/491
f 498/498/498 489/489/489 500/500/500
f 500/500/500 491/491/491 501/501/501
f 501/501/501 491/491/491 502/502/502
f 503/503/503 497/497/497 499/499/499
f 504/504/504 499/499/499 498/498/498
f 505/505/505 499/499/499 504/504/504
f 505/505/505 503/503/503 499/499/499
f 506/506/506 498/498/498 500/500/500
f 504/504/504 498/498/498 506/506/506
f 506/506/506 500/500/500 507/507/507
f 507/507/507 500/500/500 508/508/508
f 509/509/509 503/503/503 505/505/505
f 510/510/510 505/505/505 504/504/504
f 511/511/511 505/505/505 510/510/510
f 511/511/511 509/509/509 505/505/505
f 512/512/512 504/504/504 506/506/506
f 510/510/510 504/504/504 512/512/512
f 512/512/512 506/506/506 513/513/513
f 514/514/514 509/509/509 511/511/511
f 515/515/515 511/511/511 510/510/510
f 516/516/516 511/511/511 515/515/515
f 517/517/517 510/510/510 512/512/512
f 515/515/515 510/510/510 518/518/518
f 519/519/519 512/512/512 513/513/513
f 520/520/520 515/515/515 518/518/518
f 521/521/521 515/515/515 520/520/520
f 521/521/521 522/522/522 515/515/515
f 523/523/523 522/522/522 521/521/521
f 524/524/524 523/523/523 521/521/521
f 525/525/525 523/523/523 524/524/524
f 526/526/526 521/521/521 520/520/520
f 524/524/524 521/521/521 526/526/526
f 526/526/526 520/520/520 527/527/527
f 527/527/527 520/520/520 528/528/528
f 520/520/520 529/529/529 528/528/528
f 530/530/530 525/525/525 524/524/524
f 531/531/531 525/525/525 530/530/530
f 532/532/532 524/524/524 526/526/526
f 530/530/530 524/524/524 532/532/532
f 533/533/533 526/526/526 527/527/527
f 532/532/532 526/526/526 533/533/533
f 533/533/533 527/527/527 534/534/534
f 534/534/534 527/527/527 535/535/535
f 527/527/527 536/536/536 535/535/535
f 539/539/539 538/538/538 537/537/537
f 540/540/540 538/538/538 539/539/539
f 543/543/543 542/542/542 541/541/541
f 544/544/544 542/542/542 543/543/543
f 547/547/547 546/546/546 545/545/545
f 550/550/550 549/549/549 548/548/548
f 551/551/551 550/550/550 548/548/548
f 553/553/553 514/514/514 552/552/552
f 556/556/556 555/555/555 554/554/554
f 559/559/559 558/558/558 557/557/557
f 560/560/560 558/558/558 559/559/559
f 563/563/563 562/562/562 561/561/561
f 565/565/565 564/564/564 563/563/563
f 565/565/565 566/566/566 564/564/564
f 568/568/568 567/567/567 565/565/565
f 568/568/568 570/570/570 569/569/569
f 572/572/572 571/571/571 568/568/568
f 572/572/572 574/574/574 573/573/573
f 576/576/576 575/575/575 572/572/572
f 576/576/576 577/577/577 575/575/575
f 578/578/578 577/577/577 576/576/576
f 578/578/578 579/579/579 577/577/577
f 580/580/580 579/579/579 578/578/578
f 582/582/582 581/581/581 579/579/579
f 583/583/583 581/581/581 580/580/580
f 583/583/583 584/584/584 581/581/581
f 587/587/587 586/586/586 585/585/585
f 585/585/585 586/586/586 588/588/588
f 591/591/591 590/590/590 589/589/589
f 594/594/594 593/593/593 592/592/592
f 597/597/597 596/596/596 595/595/595
f 595/595/595 596/596/596 598/598/598
f 601/601/601 600/600/600 599/599/599
f 604/604/604 603/603/603 602/602/602
f 606/606/606 604/604/604 605/605/605
f 607/607/607 606/606/606 605/605/605
f 608/608/608 606/606/606 607/607/607
f 611/611/611 610/610/610 609/609/609
f 612/612/612 610/610/610 611/611/611
f 615/615/615 614/614/614 613/613/613
f 618/618/618 617/617/617 616/616/616
f 619/619/619 618/618/618 616/616/616
f 620/620/620 618/618/618 619/619/619
f 621/621/621 620/620/620 619/619/619
f 623/623/623 622/622/622 621/621/621
f 624/624/624 623/623/623 621/621/621
f 626/626/626 625/625/625 624/624/624
f 627/627/627 626/626/626 624/624/624
f 628/628/628 626/626/626 627/627/627
f 630/630/630 628/628/628 629/629/629
f 631/631/631 630/630/630 629/629/629
f 632/632/632 630/630/630 631/631/631
f 631/631/631 629/629/629 633/633/633
f 633/633/633 629/629/629 634/634/634
f 629/629/629 635/635/635 634/634/634
f 629/629/629 636/636/636 635/635/635
f 634/634/634 635/635/635 637/637/637
f 638/638/638 632/632/632 631/631/631
f 639/639/639 632/632/632 638/638/638
f 640/640/640 631/631/631 633/633/633
f 638/638/638 631/631/631 640/640/640
f 643/643/643 642/642/642 641/641/641
f 645/645/645 644/644/644 643/643/643
f 648/648/648 647/647/647 646/646/646
f 649/649/649 647/647/647 648/648/648
f 651/651/651 650/650/650 648/648/648
f 652/652/652 650/650/650 651/651/651
f 655/655/655 654/654/654 653/653/653
f 655/655/655 656/656/656 654/654/654
f 659/659/659 658/658/658 657/657/657
f 660/660/660 659/659/659 657/657/657
f 661/661/661 659/659/659 660/660/660
f 664/664/664 663/663/663 662/662/662
f 666/666/666 665/665/665 663/663/663
f 668/668/668 665/665/665 667/667/667
f 668/668/668 669/669/669 665/665/665
f 670/670/670 669/669/669 668/668/668
f 670/670/670 671/671/671 669/669/669
f 669/669/669 671/671/671 672/672/672
f 674/674/674 624/624/624 673/673/673
f 677/677/677 676/676/676 675/675/675
f 680/680/680 679/679/679 678/678/678
f 681/681/681 679/679/679 680/680/680
f 681/681/681 682/682/682 679/679/679
f 683/683/683 682/682/682 681/681/681
f 684/684/684 683/683/683 681/681/681
f 685/685/685 681/681/681 680/680/680
f 684/684/684 681/681/681 685/685/685
f 686/686/686 684/684/684 685/685/685
f 689/689/689 688/688/688 687/687/687
f 691/691/691 689/689/689 690/690/690
f 694/694/694 693/693/693 692/692/692
f 696/696/696 695/695/695 692/692/692
f 699/699/699 698/698/698 697/697/697
f 702/702/702 701/701/701 700/700/700
f 705/705/705 704/704/704 703/703/703
f 706/706/706 704/704/704 705/705/705
f 706/706/706 707/707/707 704/704/704
f 708/708/708 707/707/707 706/706/706
f 708/708/708 709/709/709 707/707/707
f 710/710/710 709/709/709 708/708/708
f 710/710/710 711/711/711 709/709/709
f 712/712/712 711/711/711 710/710/710
f 713/713/713 706/706/706 705/705/705
f 714/714/714 706/706/706 713/713/713
f 714/714/714 708/708/708 706/706/706
f 715/715/715 712/712/712 710/710/710
f 716/716/716 712/712/712 715/715/715
f 717/717/717 710/710/710 708/708/708
f 715/715/715 710/710/710 717/717/717
f 717/717/717 708/708/708 714/714/714
f 718/718/718 714/714/714 713/713/713
f 719/719/719 714/714/714 718/718/718
f 719/719/719 717/717/717 714/714/714
f 720/720/720 716/716/716 715/715/715
f 721/721/721 716/716/716 720/720/720
f 722/722/722 715/715/715 717/717/717
f 720/720/720 715/715/715 722/722/722
f 722/722/722 717/717/717 723/723/723
f 724/724/724 719/719/719 718/718/718
f 725/725/725 721/721/721 720/720/720
f 726/726/726 721/721/721 725/725/725
f 727/727/727 720/720/720 722/722/722
f 725/725/725 720/720/720 727/727/727
f 728/728/728 722/722/722 723/723/723
f 727/727/727 722/722/722 729/729/729
f 730/730/730 726/726/726 725/725/725
f 731/731/731 726/726/726 730/730/730
f 732/732/732 731/731/731 730/730/730
f 733/733/733 731/731/731 732/732/732
f 732/732/732 730/730/730 734/734/734
f 734/734/734 730/730/730 735/735/735
f 735/735/735 725/725/725 727/727/727
f 730/730/730 725/725/725 735/735/735
f 734/734/734 735/735/735 736/736/736
f 736/736/736 735/735/735 737/737/737
f 737/737/737 727/727/727 729/729/729
f 735/735/735 727/727/727 737/737/737
f 736/736/736 737/737/737 738/738/738
f 738/738/738 737/737/737 739/739/739
f 737/737/737 740/740/740 739/739/739
f 741/741/741 733/733/733 732/732/732
f 742/742/742 733/733/733 741/741/741
f 742/742/742 743/743/743 733/733/733
f 743/743/743 744/744/744 733/733/733
f 745/745/745 732/732/732 734/734/734
f 741/741/741 732/732/732 745/745/745
f 746/746/746 734/734/734 736/736/736
f 745/745/745 734/734/734 746/746/746
f 747/747/747 736/736/736 738/738/738
f 746/746/746 736/736/736 747/747/747
f 742/742/742 741/741/741 748/748/748
f 748/748/748 741/741/741 749/749/749
f 741/741/741 745/745/745 749/749/749
f 749/749/749 745/745/745 750/750/750
f 745/745/745 746/746/746 750/750/750
f 750/750/750 746/746/746 751/751/751
f 746/746/746 747/747/747 752/752/752
f 748/748/748 749/749/749 753/753/753
f 753/753/753 749/749/749 754/754/754
f 749/749/749 750/750/750 754/754/754
f 754/754/754 750/750/750 755/755/755
f 750/750/750 751/751/751 755/755/755
f 753/753/753 754/754/754 756/756/756
f 756/756/756 754/754/754 757/757/757
f 754/754/754 755/755/755 757/757/757
f 757/757/757 755/755/755 758/758/758
f 755/755/755 759/759/759 758/758/758
f 755/755/755 760/760/760 759/759/759
f 756/756/756 757/757/757 761/761/761
f 762/762/762 756/756/756 761/761/761
f 763/763/763 756/756/756 762/762/762
f 761/761/761 757/757/757 764/764/764
f 757/757/757 758/758/758 764/764/764
f 764/764/764 758/758/758 765/765/765
f 758/758/758 766/766/766 765/765/765
f 758/758/758 767/767/767 766/766/766
f 765/765/765 766/766/766 768/768/768
f 766/766/766 769/769/769 768/768/768
f 766/766/766 770/770/770 769/769/769
f 771/771/771 770/770/770 766/766/766
f 768/768/768 769/769/769 772/772/772
f 761/761/761 764/764/764 773/773/773
f 774/774/774 761/761/761 773/773/773
f 773/773/773 764/764/764 775/775/775
f 764/764/764 765/765/765 775/775/775
f 775/775/775 765/765/765 776/776/776
f 765/765/765 768/768/768 776/776/776
f 776/776/776 768/768/768 777/777/777
f 768/768/768 772/772/772 777/777/777
f 777/777/777 772/772/772 778/778/778
f 773/773/773 775/775/775 779/779/779
f 779/779/779 775/775/775 780/780/780
f 775/775/775 776/776/776 781/781/781
f 776/776/776 777/777/777 782/782/782
f 783/783/783 776/776/776 782/782/782
f 782/782/782 777/777/777 784/784/784
f 777/777/777 778/778/778 784/784/784
f 784/784/784 778/778/778 785/785/785
f 783/783/783 782/782/782 786/786/786
f 786/786/786 782/782/782 787/787/787
f 782/782/782 784/784/784 787/787/787
f 787/787/787 784/784/784 788/788/788
f 784/784/784 785/785/785 788/788/788
f 789/789/789 786/786/786 787/787/787
f 790/790/790 786/786/786 789/789/789
f 790/790/790 791/791/791 786/786/786
f 791/791/791 792/792/792 786/786/786
f 793/793/793 791/791/791 790/790/790
f 794/794/794 787/787/787 788/788/788
f 789/789/789 787/787/787 794/794/794
f 794/794/794 788/788/788 795/795/795
f 795/795/795 788/788/788 796/796/796
f 797/797/797 790/790/790 789/789/789
f 798/798/798 790/790/790 797/797/797
f 798/798/798 793/793/793 790/790/790
f 799/799/799 789/789/789 794/794/794
f 797/797/797 789/789/789 799/799/799
f 800/800/800 794/794/794 795/795/795
f 799/799/799 794/794/794 800/800/800
f 801/801/801 798/798/798 797/797/797
f 802/802/802 797/797/797 799/799/799
f 801/801/801 797/797/797 802/802/802
f 803/803/803 799/799/799 800/800/800
f 802/802/802 799/799/799 803/803/803
f 803/803/803 800/800/800 804/804/804
f 805/805/805 801/801/801 802/802/802
f 806/806/806 801/801/801 805/805/805
f 806/806/806 807/807/807 801/801/801
f 807/807/807 798/798/798 801/801/801
f 808/808/808 802/802/802 803/803/803
f 805/805/805 802/802/802 808/808/808
f 808/808/808 803/803/803 809/809/809
f 809/809/809 803/803/803 804/804/804
f 806/806/806 805/805/805 810/810/810
f 811/811/811 806/806/806 810/810/810
f 812/812/812 806/806/806 811/811/811
f 812/812/812 807/807/807 806/806/806
f 810/810/810 805/805/805 813/813/813
f 805/805/805 808/808/808 813/813/813
f 813/813/813 808/808/808 814/814/814
f 808/808/808 809/809/809 814/814/814
f 814/814/814 809/809/809 815/815/815
f 810/810/810 813/813/813 816/816/816
f 816/816/816 813/813/813 817/817/817
f 813/813/813 814/814/814 817/817/817
f 817/817/817 814/814/814 818/818/818
f 814/814/814 815/815/815 818/818/818
f 818/818/818 815/815/815 819/819/819
f 815/815/815 820/820/820 819/819/819
f 819/819/819 820/820/820 821/821/821
f 822/822/822 816/816/816 817/817/817
f 823/823/823 816/816/816 822/822/822
f 824/824/824 817/817/817 818/818/818
f 822/822/822 817/817/817 824/824/824
f 825/825/825 818/818/818 819/819/819
f 824/824/824 818/818/818 825/825/825
f 826/826/826 819/819/819 821/821/821
f 825/825/825 819/819/819 826/826/826
f 823/823/823 822/822/822 827/827/827
f 827/827/827 822/822/822 828/828/828
f 822/822/822 824/824/824 829/829/829
f 829/829/829 824/824/824 830/830/830
f 824/824/824 825/825/825 831/831/831
f 825/825/825 826/826/826 832/832/832
f 827/827/827 828/828/828 833/833/833
f 829/829/829 830/830/830 834/834/834
f 837/837/837 836/836/836 835/835/835
f 837/837/837 835/835/835 838/838/838
f 840/840/840 747/747/747 839/839/839
f 840/840/840 839/839/839 841/841/841
f 771/771/771 843/843/843 842/842/842
f 846/846/846 845/845/845 844/844/844
f 848/848/848 783/783/783 847/847/847
f 851/851/851 850/850/850 849/849/849
f 854/854/854 853/853/853 852/852/852
f 854/854/854 852/852/852 855/855/855
f 858/858/858 857/857/857 856/856/856
f 858/858/858 856/856/856 859/859/859
f 862/862/862 861/861/861 860/860/860
f 862/862/862 860/860/860 863/863/863
f 866/866/866 865/865/865 864/864/864
f 866/866/866 864/864/864 867/867/867
f 870/870/870 869/869/869 868/868/868
f 870/870/870 868/868/868 871/871/871
f 874/874/874 873/873/873 872/872/872
f 874/874/874 872/872/872 875/875/875
f 878/878/878 877/877/877 876/876/876
f 878/878/878 876/876/876 879/879/879
f 882/882/882 881/881/881 880/880/880
f 882/882/882 884/884/884 883/883/883
f 886/886/886 880/880/880 885/885/885
f 886/886/886 885/885/885 887/887/887
f 888/888/888 886/886/886 887/887/887
f 889/889/889 886/886/886 888/888/888
f 889/889/889 890/890/890 886/886/886
f 891/891/891 889/889/889 888/888/888
f 891/891/891 888/888/888 892/892/892
f 888/888/888 887/887/887 893/893/893
f 894/894/894 888/888/888 893/893/893
f 893/893/893 887/887/887 895/895/895
f 887/887/887 896/896/896 895/895/895
f 887/887/887 897/897/897 896/896/896
f 895/895/895 896/896/896 898/898/898
f 896/896/896 899/899/899 898/898/898
f 896/896/896 900/900/900 899/899/899
f 898/898/898 899/899/899 901/901/901
f 898/898/898 901/901/901 902/902/902
f 902/902/902 901/901/901 903/903/903
f 894/894/894 893/893/893 904/904/904
f 904/904/904 893/893/893 905/905/905
f 893/893/893 895/895/895 905/905/905
f 905/905/905 895/895/895 906/906/906
f 906/906/906 898/898/898 902/902/902
f 895/895/895 898/898/898 906/906/906
f 902/902/902 903/903/903 907/907/907
f 907/907/907 903/903/903 908/908/908
f 905/905/905 906/906/906 909/909/909
f 910/910/910 905/905/905 909/909/909
f 904/904/904 905/905/905 910/910/910
f 909/909/909 906/906/906 911/911/911
f 911/911/911 902/902/902 907/907/907
f 906/906/906 902/902/902 911/911/911
f 910/910/910 909/909/909 912/912/912
f 909/909/909 911/911/911 913/913/913
f 912/912/912 909/909/909 913/913/913
f 913/913/913 911/911/911 914/914/914
f 911/911/911 907/907/907 914/914/914
f 914/914/914 907/907/907 915/915/915
f 907/907/907 908/908/908 915/915/915
f 916/916/916 913/913/913 914/914/914
f 917/917/917 913/913/913 916/916/916
f 917/917/917 912/912/912 913/913/913
f 918/918/918 914/914/914 915/915/915
f 916/916/916 914/914/914 918/918/918
f 918/918/918 915/915/915 919/919/919
f 919/919/919 915/915/915 920/920/920
f 915/915/915 908/908/908 920/920/920
f 921/921/921 918/918/918 919/919/919
f 922/922/922 918/918/918 921/921/921
f 922/922/922 916/916/916 918/918/918
f 923/923/923 917/917/917 916/916/916
f 923/923/923 916/916/916 922/922/922
f 924/924/924 922/922/922 921/921/921
f 925/925/925 922/922/922 924/924/924
f 925/925/925 923/923/923 922/922/922
f 926/926/926 923/923/923 925/925/925
f 926/926/926 927/927/927 923/923/923
f 927/927/927 917/917/917 923/923/923
f 928/928/928 927/927/927 926/926/926
f 929/929/929 925/925/925 924/924/924
f 930/930/930 925/925/925 929/929/929
f 930/930/930 926/926/926 925/925/925
f 931/931/931 928/928/928 926/926/926
f 931/931/931 926/926/926 930/930/930
f 932/932/932 928/928/928 931/931/931
f 930/930/930 929/929/929 933/933/933
f 933/933/933 929/929/929 934/934/934
f 932/932/932 931/931/931 935/935/935
f 936/936/936 930/930/930 933/933/933
f 931/931/931 930/930/930 936/936/936
f 937/937/937 931/931/931 936/936/936
f 933/933/933 934/934/934 938/938/938
f 938/938/938 934/934/934 939/939/939
f 937/937/937 936/936/936 940/940/940
f 941/941/941 933/933/933 938/938/938
f 936/936/936 933/933/933 941/941/941
f 940/940/940 936/936/936 941/941/941
f 940/940/940 941/941/941 942/942/942
f 942/942/942 941/941/941 943/943/943
f 941/941/941 938/938/938 943/943/943
f 943/943/943 938/938/938 944/944/944
f 945/945/945 942/942/942 943/943/943
f 946/946/946 942/942/942 945/945/945
f 947/947/947 943/943/943 944/944/944
f 945/945/945 943/943/943 947/947/947
f 948/948/948 946/946/946 945/945/945
f 949/949/949 945/945/945 947/947/947
f 948/948/948 945/945/945 949/949/949
f 950/950/950 948/948/948 949/949/949
f 953/953/953 952/952/952 951/951/951
f 955/955/955 951/951/951 954/954/954
f 958/958/958 957/957/957 956/956/956
f 958/958/958 960/960/960 959/959/959
f 962/962/962 959/959/959 961/961/961
f 962/962/962 961/961/961 963/963/963
f 966/966/966 965/965/965 964/964/964
f 969/969/969 968/968/968 967/967/967
f 970/970/970 969/969/969 967/967/967
f 973/973/973 972/972/972 971/971/971
f 973/973/973 974/974/974 972/972/972
f 975/975/975 974/974/974 973/973/973
f 975/975/975 976/976/976 974/974/974
f 978/978/978 976/976/976 977/977/977
f 980/980/980 979/979/979 932/932/932
f 932/932/932 979/979/979 928/928/928
f 983/983/983 982/982/982 981/981/981
f 986/986/986 985/985/985 984/984/984
f 989/989/989 988/988/988 987/987/987
f 990/990/990 989/989/989 987/987/987
f 991/991/991 989/989/989 990/990/990
f 991/991/991 992/992/992 989/989/989
f 992/992/992 993/993/993 989/989/989
f 994/994/994 992/992/992 991/991/991
f 995/995/995 994/994/994 991/991/991
f 996/996/996 994/994/994 995/995/995
f 995/995/995 991/991/991 997/997/997
f 997/997/997 991/991/991 990/990/990
f 998/998/998 996/996/996 995/995/995
f 999/999/999 995/995/995 997/997/997
f 998/998/998 995/995/995 999/999/999
f 1000/1000/1000 998/998/998 999/999/999
f 1001/1001/1001 998/998/998 1000/1000/1000
f 1001/1001/1001 1002/1002/1002 998/998/998
f 1002/1002/1002 1003/1003/1003 996/996/996
f 1003/1003/1003 1004/1004/1004 996/996/996
f 1002/1002/1002 1005/1005/1005 998/998/998
f 1006/1006/1006 1002/1002/1002 1001/1001/1001
f 1006/1006/1006 1007/1007/1007 1002/1002/1002
f 1008/1008/1008 1007/1007/1007 1006/1006/1006
f 1009/1009/1009 1008/1008/1008 1006/1006/1006
f 1010/1010/1010 1006/1006/1006 1001/1001/1001
f 1009/1009/1009 1006/1006/1006 1010/1010/1010
f 1011/1011/1011 1001/1001/1001 1000/1000/1000
f 1010/1010/1010 1001/1001/1001 1012/1012/1012
f 1013/1013/1013 1009/1009/1009 1010/1010/1010
f 1014/1014/1014 1009/1009/1009 1013/1013/1013
f 1014/1014/1014 1015/1015/1015 1009/1009/1009
f 1013/1013/1013 1010/1010/1010 1016/1016/1016
f 1016/1016/1016 1010/1010/1010 1017/1017/1017
f 1018/1018/1018 1014/1014/1014 1013/1013/1013
f 1019/1019/1019 1014/1014/1014 1018/1018/1018
f 1020/1020/1020 1013/1013/1013 1016/1016/1016
f 1018/1018/1018 1013/1013/1013 1021/1021/1021
f 1022/1022/1022 1018/1018/1018 1021/1021/1021
f 1023/1023/1023 1018/1018/1018 1022/1022/1022
f 1025/1025/1025 1024/1024/1024 1009/1009/1009
f 1028/1028/1028 1027/1027/1027 1026/1026/1026
f 1031/1031/1031 1030/1030/1030 1029/1029/1029
f 1034/1034/1034 1033/1033/1033 1032/1032/1032
f 1033/1033/1033 1035/1035/1035 1032/1032/1032
f 1038/1038/1038 1037/1037/1037 1036/1036/1036
f 994/994/994 1040/1040/1040 1039/1039/1039
f 1041/1041/1041 1040/1040/1040 994/994/994
f 1042/1042/1042 1041/1041/1041 994/994/994
f 1045/1045/1045 1044/1044/1044 1043/1043/1043
f 1044/1044/1044 1046/1046/1046 1043/1043/1043
f 1043/1043/1043 1046/1046/1046 1047/1047/1047
f 1050/1050/1050 1049/1049/1049 1048/1048/1048
f 1051/1051/1051 1050/1050/1050 1048/1048/1048
f 1054/1054/1054 1053/1053/1053 1052/1052/1052
f 1057/1057/1057 1056/1056/1056 1055/1055/1055
f 1060/1060/1060 1059/1059/1059 1058/1058/1058
f 1061/1061/1061 1059/1059/1059 1060/1060/1060
f 1062/1062/1062 1061/1061/1061 1060/1060/1060
f 1065/1065/1065 1064/1064/1064 1063/1063/1063
f 1066/1066/1066 1065/1065/1065 1063/1063/1063
f 1069/1069/1069 1068/1068/1068 1067/1067/1067
f 1072/1072/1072 1071/1071/1071 1070/1070/1070
f 1073/1073/1073 1072/1072/1072 1070/1070/1070
f 1076/1076/1076 1075/1075/1075 1074/1074/1074
f 1077/1077/1077 1076/1076/1076 1074/1074/1074
f 1078/1078/1078 1076/1076/1076 1077/1077/1077
f 1079/1079/1079 1078/1078/1078 1077/1077/1077
f 1081/1081/1081 1080/1080/1080 1079/1079/1079
f 1082/1082/1082 1080/1080/1080 1081/1081/1081
f 1085/1085/1085 1084/1084/1084 1083/1083/1083
f 1086/1086/1086 1085/1085/1085 1083/1083/1083
f 1087/1087/1087 1085/1085/1085 1086/1086/1086
f 1086/1086/1086 1083/1083/1083 1088/1088/1088
f 1091/1091/1091 1090/1090/1090 1089/1089/1089
f 1094/1094/1094 1093/1093/1093 1092/1092/1092
f 1097/1097/1097 1096/1096/1096 1095/1095/1095
f 1098/1098/1098 1096/1096/1096 1097/1097/1097
f 1097/1097/1097 1095/1095/1095 1099/1099/1099
f 1100/1100/1100 1098/1098/1098 1097/1097/1097
f 1101/1101/1101 1098/1098/1098 1100/1100/1100
f 1102/1102/1102 1101/1101/1101 1100/1100/1100
f 1103/1103/1103 1097/1097/1097 1099/1099/1099
f 1100/1100/1100 1097/1097/1097 1103/1103/1103
f 1105/1105/1105 1104/1104/1104 1102/1102/1102
f 1107/1107/1107 1100/1100/1100 1106/1106/1106
f 1106/1106/1106 1100/1100/1100 1108/1108/1108
f 1111/1111/1111 1110/1110/1110 1109/1109/1109
f 1114/1114/1114 1113/1113/1113 1112/1112/1112
f 1117/1117/1117 1116/1116/1116 1115/1115/1115
f 1115/1115/1115 1116/1116/1116 1118/1118/1118
f 1121/1121/1121 1120/1120/1120 1119/1119/1119
f 1123/1123/1123 1122/1122/1122 1121/1121/1121
f 1123/1123/1123 1124/1124/1124 1122/1122/1122
f 1125/1125/1125 1124/1124/1124 1123/1123/1123
f 1126/1126/1126 1123/1123/1123 1121/1121/1121
f 1126/1126/1126 1121/1121/1121 1127/1127/1127
f 1127/1127/1127 1121/1121/1121 1128/1128/1128
f 1121/1121/1121 1129/1129/1129 1128/1128/1128
f 1128/1128/1128 1129/1129/1129 1130/1130/1130
f 1128/1128/1128 1130/1130/1130 1131/1131/1131
f 1131/1131/1131 1130/1130/1130 1132/1132/1132
f 1133/1133/1133 1123/1123/1123 1126/1126/1126
f 1133/1133/1133 1125/1125/1125 1123/1123/1123
f 1134/1134/1134 1125/1125/1125 1133/1133/1133
f 1135/1135/1135 1134/1134/1134 1133/1133/1133
f 1136/1136/1136 1134/1134/1134 1135/1135/1135
f 1136/1136/1136 1137/1137/1137 1134/1134/1134
f 1137/1137/1137 1138/1138/1138 1134/1134/1134
f 1134/1134/1134 1138/1138/1138 1125/1125/1125
f 1138/1138/1138 1139/1139/1139 1125/1125/1125
f 1140/1140/1140 1133/1133/1133 1126/1126/1126
f 1141/1141/1141 1133/1133/1133 1140/1140/1140
f 1144/1144/1144 1143/1143/1143 1142/1142/1142
f 1144/1144/1144 1145/1145/1145 1143/1143/1143
f 1146/1146/1146 1145/1145/1145 1144/1144/1144
f 1147/1147/1147 1146/1146/1146 1144/1144/1144
f 1147/1147/1147 1144/1144/1144 1148/1148/1148
f 1148/1148/1148 1144/1144/1144 1142/1142/1142
f 1146/1146/1146 1149/1149/1149 1145/1145/1145
f 1152/1152/1152 1151/1151/1151 1150/1150/1150
f 1155/1155/1155 1154/1154/1154 1153/1153/1153
f 1158/1158/1158 1157/1157/1157 1156/1156/1156
f 1159/1159/1159 1157/1157/1157 1158/1158/1158
f 1158/1158/1158 1156/1156/1156 1160/1160/1160
f 1160/1160/1160 1156/1156/1156 1161/1161/1161
f 1160/1160/1160 1161/1161/1161 1162/1162/1162
f 1162/1162/1162 1161/1161/1161 1163/1163/1163
f 1162/1162/1162 1163/1163/1163 1164/1164/1164
f 1164/1164/1164 1163/1163/1163 1165/1165/1165
f 1166/1166/1166 1159/1159/1159 1158/1158/1158
f 1167/1167/1167 1159/1159/1159 1166/1166/1166
f 1168/1168/1168 1158/1158/1158 1160/1160/1160
f 1166/1166/1166 1158/1158/1158 1168/1168/1168
f 1169/1169/1169 1160/1160/1160 1162/1162/1162
f 1168/1168/1168 1160/1160/1160 1169/1169/1169
f 1170/1170/1170 1162/1162/1162 1164/1164/1164
f 1169/1169/1169 1162/1162/1162 1170/1170/1170
f 1171/1171/1171 1167/1167/1167 1166/1166/1166
f 1172/1172/1172 1166/1166/1166 1168/1168/1168
f 1173/1173/1173 1166/1166/1166 1172/1172/1172
f 1174/1174/1174 1168/1168/1168 1169/1169/1169
f 1175/1175/1175 1168/1168/1168 1174/1174/1174
f 1176/1176/1176 1169/1169/1169 1170/1170/1170
f 1177/1177/1177 1169/1169/1169 1176/1176/1176
f 1178/1178/1178 1173/1173/1173 1172/1172/1172
f 1179/1179/1179 1175/1175/1175 1174/1174/1174
f 1180/1180/1180 1177/1177/1177 1176/1176/1176
f 1182/1182/1182 1167/1167/1167 1181/1181/1181
f 1183/1183/1183 1182/1182/1182 1181/1181/1181
f 1185/1185/1185 1184/1184/1184 1183/1183/1183
f 1186/1186/1186 1185/1185/1185 1183/1183/1183
f 1186/1186/1186 1183/1183/1183 1187/1187/1187
f 1188/1188/1188 1186/1186/1186 1187/1187/1187
f 1189/1189/1189 1186/1186/1186 1188/1188/1188
f 1189/1189/1189 1190/1190/1190 1186/1186/1186
f 1190/1190/1190 1191/1191/1191 1186/1186/1186
f 1192/1192/1192 1190/1190/1190 1189/1189/1189
f 1187/1187/1187 1183/1183/1183 1193/1193/1193
f 1183/1183/1183 1194/1194/1194 1193/1193/1193
f 1188/1188/1188 1187/1187/1187 1195/1195/1195
f 1187/1187/1187 1193/1193/1193 1196/1196/1196
f 1197/1197/1197 1187/1187/1187 1196/1196/1196
f 1198/1198/1198 1188/1188/1188 1195/1195/1195
f 1199/1199/1199 1188/1188/1188 1198/1198/1198
f 1199/1199/1199 1189/1189/1189 1188/1188/1188
f 1200/1200/1200 1192/1192/1192 1189/1189/1189
f 1200/1200/1200 1189/1189/1189 1199/1199/1199
f 1201/1201/1201 1192/1192/1192 1200/1200/1200
f 1199/1199/1199 1198/1198/1198 1202/1202/1202
f 1201/1201/1201 1200/1200/1200 1203/1203/1203
f 1204/1204/1204 1199/1199/1199 1202/1202/1202
f 1200/1200/1200 1199/1199/1199 1204/1204/1204
f 1205/1205/1205 1200/1200/1200 1204/1204/1204
f 1205/1205/1205 1204/1204/1204 1206/1206/1206
f 1204/1204/1204 1202/1202/1202 1207/1207/1207
f 1208/1208/1208 1204/1204/1204 1207/1207/1207
f 1207/1207/1207 1202/1202/1202 1209/1209/1209
f 1202/1202/1202 1210/1210/1210 1209/1209/1209
f 1208/1208/1208 1207/1207/1207 1211/1211/1211
f 1211/1211/1211 1207/1207/1207 1212/1212/1212
f 1207/1207/1207 1209/1209/1209 1212/1212/1212
f 1212/1212/1212 1209/1209/1209 1213/1213/1213
f 1209/1209/1209 1214/1214/1214 1213/1213/1213
f 1209/1209/1209 1215/1215/1215 1214/1214/1214
f 1202/1202/1202 1216/1216/1216 1215/1215/1215
f 1213/1213/1213 1214/1214/1214 1217/1217/1217
f 1213/1213/1213 1217/1217/1217 1218/1218/1218
f 1218/1218/1218 1217/1217/1217 1219/1219/1219
f 1211/1211/1211 1212/1212/1212 1220/1220/1220
f 1220/1220/1220 1212/1212/1212 1221/1221/1221
f 1221/1221/1221 1213/1213/1213 1218/1218/1218
f 1212/1212/1212 1213/1213/1213 1221/1221/1221
f 1220/1220/1220 1221/1221/1221 1222/1222/1222
f 1222/1222/1222 1221/1221/1221 1223/1223/1223
f 1221/1221/1221 1218/1218/1218 1223/1223/1223
f 1223/1223/1223 1218/1218/1218 1224/1224/1224
f 1218/1218/1218 1225/1225/1225 1224/1224/1224
f 1224/1224/1224 1225/1225/1225 1226/1226/1226
f 1222/1222/1222 1223/1223/1223 1227/1227/1227
f 1223/1223/1223 1224/1224/1224 1228/1228/1228
f 1224/1224/1224 1230/1230/1230 1229/1229/1229
f 1233/1233/1233 1232/1232/1232 1231/1231/1231
f 1236/1236/1236 1235/1235/1235 1234/1234/1234
f 1234/1234/1234 1235/1235/1235 1237/1237/1237
f 1234/1234/1234 1237/1237/1237 1238/1238/1238
f 1238/1238/1238 1237/1237/1237 1239/1239/1239
f 1241/1241/1241 1240/1240/1240 1235/1235/1235
f 1244/1244/1244 1243/1243/1243 1242/1242/1242
f 1247/1247/1247 1246/1246/1246 1245/1245/1245
f 1247/1247/1247 1245/1245/1245 1248/1248/1248
f 1251/1251/1251 1250/1250/1250 1249/1249/1249
f 1251/1251/1251 1249/1249/1249 1252/1252/1252
f 1255/1255/1255 1254/1254/1254 1253/1253/1253
f 1258/1258/1258 1257/1257/1257 1256/1256/1256
f 1261/1261/1261 1260/1260/1260 1259/1259/1259
f 1264/1264/1264 1263/1263/1263 1262/1262/1262
f 1267/1267/1267 1266/1266/1266 1265/1265/1265
f 1268/1268/1268 1266/1266/1266 1267/1267/1267
f 1271/1271/1271 1270/1270/1270 1269/1269/1269
f 1274/1274/1274 1273/1273/1273 1272/1272/1272
f 1272/1272/1272 1273/1273/1273 1275/1275/1275
f 1273/1273/1273 1276/1276/1276 1275/1275/1275
f 1277/1277/1277 1274/1274/1274 1272/1272/1272
f 1278/1278/1278 1274/1274/1274 1277/1277/1277
f 1278/1278/1278 1279/1279/1279 1274/1274/1274
f 1280/1280/1280 1279/1279/1279 1278/1278/1278
f 1281/1281/1281 1278/1278/1278 1277/1277/1277
f 1282/1282/1282 1278/1278/1278 1281/1281/1281
f 1282/1282/1282 1283/1283/1283 1278/1278/1278
f 1284/1284/1284 1283/1283/1283 1282/1282/1282
f 1281/1281/1281 1277/1277/1277 1285/1285/1285
f 1286/1286/1286 1284/1284/1284 1282/1282/1282
f 1287/1287/1287 1284/1284/1284 1286/1286/1286
f 1288/1288/1288 1282/1282/1282 1281/1281/1281
f 1286/1286/1286 1282/1282/1282 1288/1288/1288
f 1288/1288/1288 1281/1281/1281 1289/1289/1289
f 1289/1289/1289 1281/1281/1281 1285/1285/1285
f 1287/1287/1287 1290/1290/1290 1284/1284/1284
f 1290/1290/1290 1291/1291/1291 1284/1284/1284
f 1292/1292/1292 1290/1290/1290 1287/1287/1287
f 1287/1287/1287 1286/1286/1286 1293/1293/1293
f 1293/1293/1293 1286/1286/1286 1294/1294/1294
f 1286/1286/1286 1288/1288/1288 1294/1294/1294
f 1294/1294/1294 1288/1288/1288 1295/1295/1295
f 1288/1288/1288 1289/1289/1289 1295/1295/1295
f 1295/1295/1295 1289/1289/1289 1296/1296/1296
f 1297/1297/1297 1287/1287/1287 1293/1293/1293
f 1292/1292/1292 1287/1287/1287 1297/1297/1297
f 1293/1293/1293 1294/1294/1294 1298/1298/1298
f 1298/1298/1298 1294/1294/1294 1299/1299/1299
f 1294/1294/1294 1295/1295/1295 1299/1299/1299
f 1299/1299/1299 1295/1295/1295 1300/1300/1300
f 1295/1295/1295 1296/1296/1296 1300/1300/1300
f 1300/1300/1300 1296/1296/1296 1301/1301/1301
f 1302/1302/1302 1298/1298/1298 1299/1299/1299
f 1303/1303/1303 1298/1298/1298 1302/1302/1302
f 1304/1304/1304 1299/1299/1299 1300/1300/1300
f 1302/1302/1302 1299/1299/1299 1304/1304/1304
f 1305/1305/1305 1300/1300/1300 1301/1301/1301
f 1304/1304/1304 1300/1300/1300 1305/1305/1305
f 1305/1305/1305 1301/1301/1301 1306/1306/1306
f 1306/1306/1306 1301/1301/1301 1307/1307/1307
f 1301/1301/1301 1308/1308/1308 1307/1307/1307
f 1296/1296/1296 1308/1308/1308 1301/1301/1301
f 1303/1303/1303 1302/1302/1302 1309/1309/1309
f 1302/1302/1302 1304/1304/1304 1310/1310/1310
f 1304/1304/1304 1305/1305/1305 1311/1311/1311
f 1312/1312/1312 1304/1304/1304 1311/1311/1311
f 1313/1313/1313 1302/1302/1302 1312/1312/1312
f 1311/1311/1311 1305/1305/1305 1314/1314/1314
f 1305/1305/1305 1306/1306/1306 1315/1315/1315
f 1315/1315/1315 1306/1306/1306 1316/1316/1316
f 1313/1313/1313 1312/1312/1312 1317/1317/1317
f 1311/1311/1311 1314/1314/1314 1318/1318/1318
f 1315/1315/1315 1316/1316/1316 1319/1319/1319
f 1310/1310/1310 1321/1321/1321 1320/1320/1320
f 1323/1323/1323 1322/1322/1322 1279/1279/1279
f 1326/1326/1326 1325/1325/1325 1324/1324/1324
f 1329/1329/1329 1328/1328/1328 1327/1327/1327
f 1332/1332/1332 1331/1331/1331 1330/1330/1330
f 1335/1335/1335 1334/1334/1334 1333/1333/1333
f 1338/1338/1338 1337/1337/1337 1336/1336/1336
f 1341/1341/1341 1340/1340/1340 1339/1339/1339
f 1344/1344/1344 1343/1343/1343 1342/1342/1342
f 1347/1347/1347 1346/1346/1346 1345/1345/1345
f 1347/1347/1347 1345/1345/1345 1348/1348/1348
f 1351/1351/1351 1350/1350/1350 1349/1349/1349
f 1354/1354/1354 1353/1353/1353 1352/1352/1352
f 1357/1357/1357 1356/1356/1356 1355/1355/1355
f 1357/1357/1357 1355/1355/1355 1358/1358/1358
f 1358/1358/1358 1360/1360/1360 1359/1359/1359
f 1362/1362/1362 1359/1359/1359 1361/1361/1361
f 1361/1361/1361 1359/1359/1359 1363/1363/1363
f 1361/1361/1361 1365/1365/1365 1364/1364/1364
f 1364/1364/1364 1363/1363/1363 1366/1366/1366
f 1364/1364/1364 1366/1366/1366 1367/1367/1367
f 1367/1367/1367 1366/1366/1366 1368/1368/1368
f 1367/1367/1367 1368/1368/1368 1369/1369/1369
f 1369/1369/1369 1368/1368/1368 1370/1370/1370
f 1368/1368/1368 1371/1371/1371 1370/1370/1370
f 1368/1368/1368 1372/1372/1372 1371/1371/1371
f 1373/1373/1373 1372/1372/1372 1368/1368/1368
f 1373/1373/1373 1374/1374/1374 1372/1372/1372
f 1374/1374/1374 1375/1375/1375 1372/1372/1372
f 1374/1374/1374 1376/1376/1376 1375/1375/1375
f 1372/1372/1372 1375/1375/1375 1377/1377/1377
f 1372/1372/1372 1377/1377/1377 1371/1371/1371
f 1375/1375/1375 1378/1378/1378 1377/1377/1377
f 1375/1375/1375 1379/1379/1379 1378/1378/1378
f 1371/1371/1371 1377/1377/1377 1380/1380/1380
f 1377/1377/1377 1381/1381/1381 1380/1380/1380
f 1380/1380/1380 1381/1381/1381 1382/1382/1382
f 1370/1370/1370 1371/1371/1371 1383/1383/1383
f 1371/1371/1371 1380/1380/1380 1383/1383/1383
f 1383/1383/1383 1380/1380/1380 1384/1384/1384
f 1380/1380/1380 1382/1382/1382 1384/1384/1384
f 1384/1384/1384 1382/1382/1382 1385/1385/1385
f 1370/1370/1370 1383/1383/1383 1386/1386/1386
f 1387/1387/1387 1370/1370/1370 1386/1386/1386
f 1369/1369/1369 1370/1370/1370 1387/1387/1387
f 1386/1386/1386 1383/1383/1383 1388/1388/1388
f 1383/1383/1383 1384/1384/1384 1388/1388/1388
f 1388/1388/1388 1384/1384/1384 1389/1389/1389
f 1384/1384/1384 1385/1385/1385 1389/1389/1389
f 1389/1389/1389 1385/1385/1385 1390/1390/1390
f 1391/1391/1391 1387/1387/1387 1386/1386/1386
f 1392/1392/1392 1386/1386/1386 1388/1388/1388
f 1391/1391/1391 1386/1386/1386 1392/1392/1392
f 1393/1393/1393 1388/1388/1388 1389/1389/1389
f 1392/1392/1392 1388/1388/1388 1393/1393/1393
f 1393/1393/1393 1389/1389/1389 1394/1394/1394
f 1394/1394/1394 1389/1389/1389 1390/1390/1390
f 1395/1395/1395 1391/1391/1391 1392/1392/1392
f 1396/1396/1396 1391/1391/1391 1395/1395/1395
f 1396/1396/1396 1397/1397/1397 1391/1391/1391
f 1397/1397/1397 1387/1387/1387 1391/1391/1391
f 1398/1398/1398 1397/1397/1397 1396/1396/1396
f 1399/1399/1399 1392/1392/1392 1393/1393/1393
f 1395/1395/1395 1392/1392/1392 1399/1399/1399
f 1400/1400/1400 1393/1393/1393 1394/1394/1394
f 1399/1399/1399 1393/1393/1393 1400/1400/1400
f 1400/1400/1400 1394/1394/1394 1401/1401/1401
f 1402/1402/1402 1398/1398/1398 1396/1396/1396
f 1403/1403/1403 1395/1395/1395 1399/1399/1399
f 1404/1404/1404 1395/1395/1395 1403/1403/1403
f 1404/1404/1404 1396/1396/1396 1395/1395/1395
f 1402/1402/1402 1396/1396/1396 1404/1404/1404
f 1405/1405/1405 1399/1399/1399 1400/1400/1400
f 1403/1403/1403 1399/1399/1399 1405/1405/1405
f 1406/1406/1406 1400/1400/1400 1401/1401/1401
f 1405/1405/1405 1400/1400/1400 1406/1406/1406
f 1407/1407/1407 1404/1404/1404 1403/1403/1403
f 1408/1408/1408 1404/1404/1404 1407/1407/1407
f 1408/1408/1408 1402/1402/1402 1404/1404/1404
f 1409/1409/1409 1402/1402/1402 1408/1408/1408
f 1410/1410/1410 1403/1403/1403 1405/1405/1405
f 1407/1407/1407 1403/1403/1403 1410/1410/1410
f 1409/1409/1409 1408/1408/1408 1411/1411/1411
f 1411/1411/1411 1408/1408/1408 1412/1412/1412
f 1408/1408/1408 1407/1407/1407 1412/1412/1412
f 1412/1412/1412 1407/1407/1407 1413/1413/1413
f 1407/1407/1407 1410/1410/1410 1413/1413/1413
f 1411/1411/1411 1412/1412/1412 1414/1414/1414
f 1415/1415/1415 1411/1411/1411 1414/1414/1414
f 1416/1416/1416 1411/1411/1411 1415/1415/1415
f 1416/1416/1416 1409/1409/1409 1411/1411/1411
f 1417/1417/1417 1409/1409/1409 1416/1416/1416
f 1414/1414/1414 1412/1412/1412 1418/1418/1418
f 1412/1412/1412 1413/1413/1413 1418/1418/1418
f 1418/1418/1418 1413/1413/1413 1419/1419/1419
f 1413/1413/1413 1420/1420/1420 1419/1419/1419
f 1414/1414/1414 1418/1418/1418 1421/1421/1421
f 1422/1422/1422 1414/1414/1414 1421/1421/1421
f 1421/1421/1421 1418/1418/1418 1423/1423/1423
f 1418/1418/1418 1419/1419/1419 1423/1423/1423
f 1423/1423/1423 1419/1419/1419 1424/1424/1424
f 1419/1419/1419 1425/1425/1425 1424/1424/1424
f 1419/1419/1419 1426/1426/1426 1425/1425/1425
f 1424/1424/1424 1425/1425/1425 1427/1427/1427
f 1428/1428/1428 1422/1422/1422 1421/1421/1421
f 1429/1429/1429 1422/1422/1422 1428/1428/1428
f 1430/1430/1430 1421/1421/1421 1423/1423/1423
f 1428/1428/1428 1421/1421/1421 1430/1430/1430
f 1431/1431/1431 1423/1423/1423 1424/1424/1424
f 1430/1430/1430 1423/1423/1423 1431/1431/1431
f 1432/1432/1432 1424/1424/1424 1427/1427/1427
f 1431/1431/1431 1424/1424/1424 1432/1432/1432
f 1433/1433/1433 1429/1429/1429 1428/1428/1428
f 1434/1434/1434 1429/1429/1429 1433/1433/1433
f 1435/1435/1435 1428/1428/1428 1430/1430/1430
f 1433/1433/1433 1428/1428/1428 1435/1435/1435
f 1436/1436/1436 1430/1430/1430 1431/1431/1431
f 1435/1435/1435 1430/1430/1430 1437/1437/1437
f 1438/1438/1438 1431/1431/1431 1432/1432/1432
f 1439/1439/1439 1433/1433/1433 1435/1435/1435
f 1440/1440/1440 1433/1433/1433 1439/1439/1439
f 1440/1440/1440 1441/1441/1441 1433/1433/1433
f 1439/1439/1439 1435/1435/1435 1442/1442/1442
f 1442/1442/1442 1435/1435/1435 1443/1443/1443
f 1444/1444/1444 1440/1440/1440 1439/1439/1439
f 1445/1445/1445 1440/1440/1440 1444/1444/1444
f 1445/1445/1445 1446/1446/1446 1440/1440/1440
f 1447/1447/1447 1446/1446/1446 1445/1445/1445
f 1448/1448/1448 1445/1445/1445 1444/1444/1444
f 1449/1449/1449 1445/1445/1445 1448/1448/1448
f 1449/1449/1449 1450/1450/1450 1445/1445/1445
f 1451/1451/1451 1450/1450/1450 1449/1449/1449
f 1448/1448/1448 1444/1444/1444 1452/1452/1452
f 1452/1452/1452 1444/1444/1444 1453/1453/1453
f 1444/1444/1444 1439/1439/1439 1453/1453/1453
f 1454/1454/1454 1439/1439/1439 1442/1442/1442
f 1455/1455/1455 1448/1448/1448 1452/1452/1452
f 1456/1456/1456 1448/1448/1448 1455/1455/1455
f 1456/1456/1456 1449/1449/1449 1448/1448/1448
f 1457/1457/1457 1449/1449/1449 1456/1456/1456
f 1457/1457/1457 1458/1458/1458 1449/1449/1449
f 1459/1459/1459 1451/1451/1451 1457/1457/1457
f 1460/1460/1460 1456/1456/1456 1455/1455/1455
f 1461/1461/1461 1456/1456/1456 1460/1460/1460
f 1461/1461/1461 1457/1457/1457 1456/1456/1456
f 1462/1462/1462 1457/1457/1457 1461/1461/1461
f 1462/1462/1462 1463/1463/1463 1457/1457/1457
f 1464/1464/1464 1461/1461/1461 1460/1460/1460
f 1465/1465/1465 1461/1461/1461 1464/1464/1464
f 1466/1466/1466 1462/1462/1462 1461/1461/1461
f 1467/1467/1467 1462/1462/1462 1466/1466/1466
f 1467/1467/1467 1468/1468/1468 1462/1462/1462
f 1468/1468/1468 1469/1469/1469 1462/1462/1462
f 1470/1470/1470 1468/1468/1468 1467/1467/1467
f 1471/1471/1471 1470/1470/1470 1467/1467/1467
f 1471/1471/1471 1467/1467/1467 1472/1472/1472
f 1472/1472/1472 1467/1467/1467 1473/1473/1473
f 1474/1474/1474 1470/1470/1470 1471/1471/1471
f 1475/1475/1475 1474/1474/1474 1471/1471/1471
f 1476/1476/1476 1474/1474/1474 1475/1475/1475
f 1477/1477/1477 1471/1471/1471 1472/1472/1472
f 1475/1475/1475 1471/1471/1471 1477/1477/1477
f 1477/1477/1477 1472/1472/1472 1478/1478/1478
f 1478/1478/1478 1472/1472/1472 1479/1479/1479
f 1472/1472/1472 1480/1480/1480 1479/1479/1479
f 1481/1481/1481 1477/1477/1477 1478/1478/1478
f 1482/1482/1482 1475/1475/1475 1477/1477/1477
f 1482/1482/1482 1477/1477/1477 1483/1483/1483
f 1484/1484/1484 1476/1476/1476 1475/1475/1475
f 1484/1484/1484 1475/1475/1475 1482/1482/1482
f 1485/1485/1485 1484/1484/1484 1482/1482/1482
f 1485/1485/1485 1482/1482/1482 1486/1486/1486
f 1487/1487/1487 1484/1484/1484 1485/1485/1485
f 1487/1487/1487 1488/1488/1488 1484/1484/1484
f 1488/1488/1488 1476/1476/1476 1484/1484/1484
f 1489/1489/1489 1488/1488/1488 1487/1487/1487
f 1490/1490/1490 1485/1485/1485 1486/1486/1486
f 1491/1491/1491 1487/1487/1487 1485/1485/1485
f 1492/1492/1492 1485/1485/1485 1490/1490/1490
f 1494/1494/1494 1492/1492/1492 1493/1493/1493
f 1496/1496/1496 1495/1495/1495 1494/1494/1494
f 1498/1498/1498 1497/1497/1497 1492/1492/1492
f 1497/1497/1497 1499/1499/1499 1492/1492/1492
f 1500/1500/1500 1497/1497/1497 1498/1498/1498
f 1497/1497/1497 1501/1501/1501 1499/1499/1499
f 1504/1504/1504 1503/1503/1503 1502/1502/1502
f 1507/1507/1507 1506/1506/1506 1505/1505/1505
f 1507/1507/1507 1505/1505/1505 1508/1508/1508
f 1511/1511/1511 1510/1510/1510 1509/1509/1509
f 1513/1513/1513 1509/1509/1509 1512/1512/1512
f 1516/1516/1516 1515/1515/1515 1514/1514/1514
f 1519/1519/1519 1518/1518/1518 1517/1517/1517
f 1522/1522/1522 1521/1521/1521 1520/1520/1520
f 1522/1522/1522 1520/1520/1520 1523/1523/1523
f 1526/1526/1526 1525/1525/1525 1524/1524/1524
f 1526/1526/1526 1524/1524/1524 1527/1527/1527
f 1530/1530/1530 1529/1529/1529 1528/1528/1528
f 1530/1530/1530 1528/1528/1528 1374/1374/1374
f 1531/1531/1531 1530/1530/1530 1374/1374/1374
f 1531/1531/1531 1374/1374/1374 1532/1532/1532
f 1528/1528/1528 1534/1534/1534 1533/1533/1533
f 1528/1528/1528 1536/1536/1536 1535/1535/1535
f 1539/1539/1539 1538/1538/1538 1537/1537/1537
f 1413/1413/1413 1541/1541/1541 1540/1540/1540
f 1544/1544/1544 1543/1543/1543 1542/1542/1542
f 1547/1547/1547 1546/1546/1546 1545/1545/1545
f 1548/1548/1548 1546/1546/1546 1547/1547/1547
f 1551/1551/1551 1550/1550/1550 1549/1549/1549
f 1552/1552/1552 1550/1550/1550 1551/1551/1551
f 1553/1553/1553 1552/1552/1552 1551/1551/1551
f 1554/1554/1554 1552/1552/1552 1553/1553/1553
f 1557/1557/1557 1556/1556/1556 1555/1555/1555
f 1558/1558/1558 1556/1556/1556 1557/1557/1557
f 1560/1560/1560 1434/1434/1434 1559/1559/1559
f 1563/1563/1563 1562/1562/1562 1561/1561/1561
f 1564/1564/1564 1562/1562/1562 1563/1563/1563
f 1562/1562/1562 1565/1565/1565 1561/1561/1561
f 1568/1568/1568 1567/1567/1567 1566/1566/1566
f 1571/1571/1571 1570/1570/1570 1569/1569/1569
f 1574/1574/1574 1573/1573/1573 1572/1572/1572
f 1575/1575/1575 1573/1573/1573 1574/1574/1574
f 1578/1578/1578 1577/1577/1577 1576/1576/1576
f 1581/1581/1581 1580/1580/1580 1579/1579/1579
f 1583/1583/1583 1582/1582/1582 1579/1579/1579
f 1586/1586/1586 1585/1585/1585 1584/1584/1584
f 1585/1585/1585 1587/1587/1587 1584/1584/1584
f 1590/1590/1590 1589/1589/1589 1588/1588/1588
f 1593/1593/1593 1592/1592/1592 1591/1591/1591
f 1596/1596/1596 1595/1595/1595 1594/1594/1594
f 1598/1598/1598 1596/1596/1596 1597/1597/1597
f 1601/1601/1601 1600/1600/1600 1599/1599/1599
f 1599/1599/1599 1600/1600/1600 1602/1602/1602
f 1603/1603/1603 1601/1601/1601 1599/1599/1599
f 1606/1606/1606 1605/1605/1605 1604/1604/1604
f 1607/1607/1607 1606/1606/1606 1604/1604/1604
f 1610/1610/1610 1609/1609/1609 1608/1608/1608
f 1611/1611/1611 1610/1610/1610 1608/1608/1608
f 1614/1614/1614 1613/1613/1613 1612/1612/1612
f 1617/1617/1617 1616/1616/1616 1615/1615/1615
f 1620/1620/1620 1619/1619/1619 1618/1618/1618
f 1623/1623/1623 1622/1622/1622 1621/1621/1621
f 1626/1626/1626 1625/1625/1625 1624/1624/1624
f 1627/1627/1627 1626/1626/1626 1624/1624/1624
f 1628/1628/1628 1626/1626/1626 1627/1627/1627
f 1628/1628/1628 1629/1629/1629 1626/1626/1626
f 1629/1629/1629 1630/1630/1630 1626/1626/1626
f 1631/1631/1631 1629/1629/1629 1628/1628/1628
f 1627/1627/1627 1624/1624/1624 1632/1632/1632
f 1632/1632/1632 1624/1624/1624 1633/1633/1633
f 1624/1624/1624 1634/1634/1634 1633/1633/1633
f 1633/1633/1633 1634/1634/1634 1635/1635/1635
f 1636/1636/1636 1631/1631/1631 1628/1628/1628
f 1636/1636/1636 1628/1628/1628 1637/1637/1637
f 1638/1638/1638 1636/1636/1636 1637/1637/1637
f 1639/1639/1639 1636/1636/1636 1638/1638/1638
f 1639/1639/1639 1640/1640/1640 1636/1636/1636
f 1640/1640/1640 1641/1641/1641 1636/1636/1636
f 1638/1638/1638 1642/1642/1642 1639/1639/1639
f 1638/1638/1638 1643/1643/1643 1642/1642/1642
f 1638/1638/1638 1637/1637/1637 1643/1643/1643
f 1626/1626/1626 1645/1645/1645 1644/1644/1644
f 1648/1648/1648 1647/1647/1647 1646/1646/1646
f 1648/1648/1648 1649/1649/1649 1647/1647/1647
f 1650/1650/1650 1649/1649/1649 1648/1648/1648
f 1650/1650/1650 1651/1651/1651 1649/1649/1649
f 1652/1652/1652 1651/1651/1651 1650/1650/1650
f 1652/1652/1652 1653/1653/1653 1651/1651/1651
f 1651/1651/1651 1654/1654/1654 1649/1649/1649
f 1649/1649/1649 1654/1654/1654 1655/1655/1655
f 1649/1649/1649 1655/1655/1655 1647/1647/1647
f 1656/1656/1656 1652/1652/1652 1650/1650/1650
f 1657/1657/1657 1652/1652/1652 1656/1656/1656
f 1648/1648/1648 1658/1658/1658 1650/1650/1650
f 1646/1646/1646 1659/1659/1659 1648/1648/1648
f 1661/1661/1661 1660/1660/1660 1652/1652/1652
f 1664/1664/1664 1663/1663/1663 1662/1662/1662
f 1663/1663/1663 1666/1666/1666 1665/1665/1665
f 1669/1669/1669 1668/1668/1668 1667/1667/1667
f 1672/1672/1672 1671/1671/1671 1670/1670/1670
f 1675/1675/1675 1674/1674/1674 1673/1673/1673
f 740/740/740 1677/1677/1677 1676/1676/1676
f 739/739/739 740/740/740 1676/1676/1676
f 1679/1679/1679 1678/1678/1678 726/726/726
f 731/731/731 1679/1679/1679 726/726/726
f 1681/1681/1681 1196/1196/1196 1680/1680/1680
f 1196/1196/1196 1682/1682/1682 1680/1680/1680
f 1196/1196/1196 1193/1193/1193 1682/1682/1682
f 1685/1685/1685 1684/1684/1684 1683/1683/1683
f 1688/1688/1688 1687/1687/1687 1686/1686/1686
f 1691/1691/1691 1690/1690/1690 1689/1689/1689
f 1694/1694/1694 1693/1693/1693 1692/1692/1692
f 1696/1696/1696 1694/1694/1694 1695/1695/1695
f 1277/1277/1277 1272/1272/1272 1697/1697/1697
f 1285/1285/1285 1277/1277/1277 1697/1697/1697
f 804/804/804 800/800/800 1698/1698/1698
f 1699/1699/1699 912/912/912 917/917/917
f 927/927/927 1699/1699/1699 917/917/917
f 1700/1700/1700 1398/1398/1398 1402/1402/1402
f 1409/1409/1409 1700/1700/1700 1402/1402/1402
f 1417/1417/1417 1700/1700/1700 1409/1409/1409
f 1703/1703/1703 1702/1702/1702 1701/1701/1701
f 1706/1706/1706 1705/1705/1705 1704/1704/1704
f 1709/1709/1709 1708/1708/1708 1707/1707/1707
f 1712/1712/1712 1711/1711/1711 1710/1710/1710
f 1713/1713/1713 1711/1711/1711 1712/1712/1712
f 1714/1714/1714 1713/1713/1713 1712/1712/1712
f 1717/1717/1717 1716/1716/1716 1715/1715/1715
f 1720/1720/1720 1719/1719/1719 1718/1718/1718
f 1723/1723/1723 1722/1722/1722 1721/1721/1721
f 1726/1726/1726 1725/1725/1725 1724/1724/1724
f 1729/1729/1729 1728/1728/1728 1727/1727/1727
f 1732/1732/1732 1731/1731/1731 1730/1730/1730
f 1733/1733/1733 1731/1731/1731 1732/1732/1732
f 1733/1733/1733 1734/1734/1734 1731/1731/1731
f 1735/1735/1735 1734/1734/1734 1733/1733/1733
f 1736/1736/1736 1733/1733/1733 1732/1732/1732
f 1737/1737/1737 1733/1733/1733 1736/1736/1736
f 1737/1737/1737 1735/1735/1735 1733/1733/1733
f 1738/1738/1738 1735/1735/1735 1737/1737/1737
f 1739/1739/1739 1738/1738/1738 1737/1737/1737
f 1740/1740/1740 1738/1738/1738 1739/1739/1739
f 1743/1743/1743 1742/1742/1742 1741/1741/1741
f 1741/1741/1741 1742/1742/1742 1744/1744/1744
f 1743/1743/1743 1745/1745/1745 1742/1742/1742
f 1746/1746/1746 1745/1745/1745 1743/1743/1743
f 1746/1746/1746 1747/1747/1747 1745/1745/1745
f 1748/1748/1748 1747/1747/1747 1746/1746/1746
f 1748/1748/1748 1749/1749/1749 1747/1747/1747
f 1750/1750/1750 1749/1749/1749 1748/1748/1748
f 1750/1750/1750 1751/1751/1751 1749/1749/1749
f 1752/1752/1752 1751/1751/1751 1750/1750/1750
f 1752/1752/1752 1753/1753/1753 1751/1751/1751
f 1754/1754/1754 1753/1753/1753 1752/1752/1752
f 1754/1754/1754 1755/1755/1755 1753/1753/1753
f 1756/1756/1756 1755/1755/1755 1754/1754/1754
f 1756/1756/1756 1757/1757/1757 1755/1755/1755
f 1758/1758/1758 1757/1757/1757 1756/1756/1756
f 1760/1760/1760 1759/1759/1759 1758/1758/1758
f 1763/1763/1763 1762/1762/1762 1761/1761/1761
f 1766/1766/1766 1765/1765/1765 1764/1764/1764
f 1767/1767/1767 1765/1765/1765 1766/1766/1766
f 1767/1767/1767 1768/1768/1768 1765/1765/1765
f 1765/1765/1765 1769/1769/1769 1764/1764/1764
f 1765/1765/1765 1770/1770/1770 1769/1769/1769
f 1764/1764/1764 1769/1769/1769 1771/1771/1771
f 1769/1769/1769 1772/1772/1772 1771/1771/1771
f 1769/1769/1769 1773/1773/1773 1772/1772/1772
f 1773/1773/1773 1774/1774/1774 1772/1772/1772
f 1771/1771/1771 1772/1772/1772 1775/1775/1775
f 1772/1772/1772 1776/1776/1776 1775/1775/1775
f 1772/1772/1772 1777/1777/1777 1776/1776/1776
f 1777/1777/1777 1778/1778/1778 1776/1776/1776
f 1775/1775/1775 1776/1776/1776 1779/1779/1779
f 1776/1776/1776 1780/1780/1780 1779/1779/1779
f 1776/1776/1776 1781/1781/1781 1780/1780/1780
f 1781/1781/1781 1782/1782/1782 1780/1780/1780
f 1779/1779/1779 1780/1780/1780 1783/1783/1783
f 1780/1780/1780 1784/1784/1784 1783/1783/1783
f 1780/1780/1780 1785/1785/1785 1784/1784/1784
f 1785/1785/1785 1786/1786/1786 1784/1784/1784
f 1784/1784/1784 1786/1786/1786 1787/1787/1787
f 1784/1784/1784 1787/1787/1787 1788/1788/1788
f 1783/1783/1783 1784/1784/1784 1788/1788/1788
f 1788/1788/1788 1787/1787/1787 1789/1789/1789
f 1787/1787/1787 1790/1790/1790 1789/1789/1789
f 1789/1789/1789 1790/1790/1790 1791/1791/1791
f 1793/1793/1793 1792/1792/1792 1785/1785/1785
f 1795/1795/1795 1792/1792/1792 1794/1794/1794
f 1796/1796/1796 1795/1795/1795 1794/1794/1794
f 1798/1798/1798 1797/1797/1797 1765/1765/1765
f 1801/1801/1801 1800/1800/1800 1799/1799/1799
f 1804/1804/1804 1803/1803/1803 1802/1802/1802
f 1805/1805/1805 1804/1804/1804 1802/1802/1802
f 1806/1806/1806 1804/1804/1804 1805/1805/1805
f 1809/1809/1809 1808/1808/1808 1807/1807/1807
f 1812/1812/1812 1811/1811/1811 1810/1810/1810
f 1811/1811/1811 1813/1813/1813 1810/1810/1810
f 1810/1810/1810 1813/1813/1813 1814/1814/1814
f 1816/1816/1816 1811/1811/1811 1815/1815/1815
f 1819/1819/1819 1818/1818/1818 1817/1817/1817
f 1820/1820/1820 1818/1818/1818 1819/1819/1819
f 1819/1819/1819 1817/1817/1817 1821/1821/1821
f 1821/1821/1821 1817/1817/1817 1822/1822/1822
f 1821/1821/1821 1822/1822/1822 1823/1823/1823
f 1823/1823/1823 1822/1822/1822 1824/1824/1824
f 1823/1823/1823 1824/1824/1824 1825/1825/1825
f 1825/1825/1825 1824/1824/1824 1826/1826/1826
f 1827/1827/1827 1820/1820/1820 1819/1819/1819
f 1828/1828/1828 1820/1820/1820 1827/1827/1827
f 1829/1829/1829 1819/1819/1819 1821/1821/1821
f 1827/1827/1827 1819/1819/1819 1829/1829/1829
f 1830/1830/1830 1821/1821/1821 1823/1823/1823
f 1829/1829/1829 1821/1821/1821 1830/1830/1830
f 1831/1831/1831 1823/1823/1823 1825/1825/1825
f 1830/1830/1830 1823/1823/1823 1831/1831/1831
f 1832/1832/1832 1828/1828/1828 1827/1827/1827
f 1833/1833/1833 1828/1828/1828 1832/1832/1832
f 1834/1834/1834 1827/1827/1827 1829/1829/1829
f 1832/1832/1832 1827/1827/1827 1834/1834/1834
f 1835/1835/1835 1829/1829/1829 1830/1830/1830
f 1834/1834/1834 1829/1829/1829 1835/1835/1835
f 1836/1836/1836 1833/1833/1833 1832/1832/1832
f 1837/1837/1837 1833/1833/1833 1836/1836/1836
f 1838/1838/1838 1832/1832/1832 1834/1834/1834
f 1836/1836/1836 1832/1832/1832 1839/1839/1839
f 1840/1840/1840 1837/1837/1837 1836/1836/1836
f 1841/1841/1841 1837/1837/1837 1840/1840/1840
f 1842/1842/1842 1841/1841/1841 1840/1840/1840
f 1843/1843/1843 1841/1841/1841 1842/1842/1842
f 1843/1843/1843 1844/1844/1844 1841/1841/1841
f 1844/1844/1844 1845/1845/1845 1841/1841/1841
f 1841/1841/1841 1845/1845/1845 1837/1837/1837
f 1844/1844/1844 1846/1846/1846 1845/1845/1845
f 1846/1846/1846 1847/1847/1847 1845/1845/1845
f 1845/1845/1845 1847/1847/1847 1848/1848/1848
f 1845/1845/1845 1848/1848/1848 1837/1837/1837
f 1837/1837/1837 1848/1848/1848 1833/1833/1833
f 1848/1848/1848 1849/1849/1849 1833/1833/1833
f 1850/1850/1850 1846/1846/1846 1844/1844/1844
f 1851/1851/1851 1844/1844/1844 1843/1843/1843
f 1851/1851/1851 1850/1850/1850 1844/1844/1844
f 1852/1852/1852 1850/1850/1850 1851/1851/1851
f 1853/1853/1853 1851/1851/1851 1843/1843/1843
f 1854/1854/1854 1851/1851/1851 1853/1853/1853
f 1854/1854/1854 1852/1852/1852 1851/1851/1851
f 1853/1853/1853 1843/1843/1843 1855/1855/1855
f 1855/1855/1855 1843/1843/1843 1842/1842/1842
f 1856/1856/1856 1852/1852/1852 1854/1854/1854
f 1857/1857/1857 1854/1854/1854 1853/1853/1853
f 1858/1858/1858 1854/1854/1854 1857/1857/1857
f 1858/1858/1858 1856/1856/1856 1854/1854/1854
f 1859/1859/1859 1853/1853/1853 1855/1855/1855
f 1857/1857/1857 1853/1853/1853 1860/1860/1860
f 1861/1861/1861 1856/1856/1856 1858/1858/1858
f 1862/1862/1862 1858/1858/1858 1857/1857/1857
f 1863/1863/1863 1858/1858/1858 1862/1862/1862
f 1863/1863/1863 1861/1861/1861 1858/1858/1858
f 1864/1864/1864 1857/1857/1857 1860/1860/1860
f 1862/1862/1862 1857/1857/1857 1864/1864/1864
f 1865/1865/1865 1861/1861/1861 1863/1863/1863
f 1866/1866/1866 1863/1863/1863 1862/1862/1862
f 1867/1867/1867 1863/1863/1863 1866/1866/1866
f 1867/1867/1867 1865/1865/1865 1863/1863/1863
f 1866/1866/1866 1862/1862/1862 1868/1868/1868
f 1869/1869/1869 1867/1867/1867 1866/1866/1866
f 1870/1870/1870 1867/1867/1867 1869/1869/1869
f 1871/1871/1871 1866/1866/1866 1868/1868/1868
f 1869/1869/1869 1866/1866/1866 1872/1872/1872
f 1870/1870/1870 1873/1873/1873 1867/1867/1867
f 1873/1873/1873 1874/1874/1874 1867/1867/1867
f 1875/1875/1875 1870/1870/1870 1869/1869/1869
f 1876/1876/1876 1869/1869/1869 1872/1872/1872
f 1878/1878/1878 1877/1877/1877 1870/1870/1870
f 1880/1880/1880 1870/1870/1870 1879/1879/1879
f 1880/1880/1880 1881/1881/1881 1870/1870/1870
f 1882/1882/1882 1880/1880/1880 1879/1879/1879
f 1883/1883/1883 1880/1880/1880 1882/1882/1882
f 1883/1883/1883 1884/1884/1884 1880/1880/1880
f 1884/1884/1884 1885/1885/1885 1880/1880/1880
f 1886/1886/1886 1884/1884/1884 1883/1883/1883
f 1887/1887/1887 1883/1883/1883 1882/1882/1882
f 1888/1888/1888 1883/1883/1883 1887/1887/1887
f 1888/1888/1888 1886/1886/1886 1883/1883/1883
f 1887/1887/1887 1882/1882/1882 1889/1889/1889
f 1889/1889/1889 1882/1882/1882 1890/1890/1890
f 1882/1882/1882 1891/1891/1891 1890/1890/1890
f 1892/1892/1892 1886/1886/1886 1888/1888/1888
f 1893/1893/1893 1888/1888/1888 1887/1887/1887
f 1894/1894/1894 1888/1888/1888 1893/1893/1893
f 1894/1894/1894 1892/1892/1892 1888/1888/1888
f 1895/1895/1895 1887/1887/1887 1889/1889/1889
f 1893/1893/1893 1887/1887/1887 1895/1895/1895
f 1896/1896/1896 1892/1892/1892 1894/1894/1894
f 1897/1897/1897 1894/1894/1894 1893/1893/1893
f 1898/1898/1898 1894/1894/1894 1897/1897/1897
f 1898/1898/1898 1896/1896/1896 1894/1894/1894
f 1899/1899/1899 1893/1893/1893 1895/1895/1895
f 1897/1897/1897 1893/1893/1893 1899/1899/1899
f 1900/1900/1900 1896/1896/1896 1898/1898/1898
f 1901/1901/1901 1898/1898/1898 1897/1897/1897
f 1902/1902/1902 1898/1898/1898 1901/1901/1901
f 1902/1902/1902 1900/1900/1900 1898/1898/1898
f 1903/1903/1903 1897/1897/1897 1899/1899/1899
f 1901/1901/1901 1897/1897/1897 1903/1903/1903
f 1904/1904/1904 1902/1902/1902 1901/1901/1901
f 1905/1905/1905 1902/1902/1902 1904/1904/1904
f 1905/1905/1905 1906/1906/1906 1902/1902/1902
f 1906/1906/1906 1907/1907/1907 1902/1902/1902
f 1908/1908/1908 1901/1901/1901 1903/1903/1903
f 1904/1904/1904 1901/1901/1901 1908/1908/1908
f 1908/1908/1908 1903/1903/1903 1909/1909/1909
f 1909/1909/1909 1903/1903/1903 1910/1910/1910
f 1903/1903/1903 1899/1899/1899 1910/1910/1910
f 1911/1911/1911 1905/1905/1905 1904/1904/1904
f 1912/1912/1912 1905/1905/1905 1911/1911/1911
f 1913/1913/1913 1904/1904/1904 1908/1908/1908
f 1911/1911/1911 1904/1904/1904 1913/1913/1913
f 1914/1914/1914 1908/1908/1908 1909/1909/1909
f 1913/1913/1913 1908/1908/1908 1914/1914/1914
f 1914/1914/1914 1909/1909/1909 1915/1915/1915
f 1915/1915/1915 1909/1909/1909 1916/1916/1916
f 1917/1917/1917 1912/1912/1912 1911/1911/1911
f 1918/1918/1918 1912/1912/1912 1917/1917/1917
f 1919/1919/1919 1911/1911/1911 1913/1913/1913
f 1917/1917/1917 1911/1911/1911 1919/1919/1919
f 1920/1920/1920 1913/1913/1913 1914/1914/1914
f 1919/1919/1919 1913/1913/1913 1920/1920/1920
f 1921/1921/1921 1914/1914/1914 1915/1915/1915
f 1920/1920/1920 1914/1914/1914 1921/1921/1921
f 1922/1922/1922 1917/1917/1917 1919/1919/1919
f 1923/1923/1923 1917/1917/1917 1922/1922/1922
f 1924/1924/1924 1919/1919/1919 1920/1920/1920
f 1922/1922/1922 1919/1919/1919 1924/1924/1924
f 1925/1925/1925 1920/1920/1920 1921/1921/1921
f 1924/1924/1924 1920/1920/1920 1925/1925/1925
f 1925/1925/1925 1921/1921/1921 1926/1926/1926
f 1926/1926/1926 1921/1921/1921 1927/1927/1927
f 1928/1928/1928 1923/1923/1923 1922/1922/1922
f 1929/1929/1929 1923/1923/1923 1928/1928/1928
f 1930/1930/1930 1922/1922/1922 1924/1924/1924
f 1928/1928/1928 1922/1922/1922 1930/1930/1930
f 1931/1931/1931 1924/1924/1924 1925/1925/1925
f 1930/1930/1930 1924/1924/1924 1931/1931/1931
f 1932/1932/1932 1925/1925/1925 1926/1926/1926
f 1931/1931/1931 1925/1925/1925 1932/1932/1932
f 1933/1933/1933 1929/1929/1929 1928/1928/1928
f 1934/1934/1934 1929/1929/1929 1933/1933/1933
f 1935/1935/1935 1928/1928/1928 1930/1930/1930
f 1933/1933/1933 1928/1928/1928 1935/1935/1935
f 1936/1936/1936 1930/1930/1930 1931/1931/1931
f 1935/1935/1935 1930/1930/1930 1937/1937/1937
f 1938/1938/1938 1931/1931/1931 1932/1932/1932
f 1939/1939/1939 1931/1931/1931 1938/1938/1938
f 1940/1940/1940 1934/1934/1934 1933/1933/1933
f 1941/1941/1941 1933/1933/1933 1935/1935/1935
f 1940/1940/1940 1933/1933/1933 1941/1941/1941
f 1942/1942/1942 1935/1935/1935 1937/1937/1937
f 1941/1941/1941 1935/1935/1935 1943/1943/1943
f 1944/1944/1944 1939/1939/1939 1938/1938/1938
f 1945/1945/1945 1940/1940/1940 1941/1941/1941
f 1946/1946/1946 1940/1940/1940 1945/1945/1945
f 1945/1945/1945 1941/1941/1941 1947/1947/1947
f 1947/1947/1947 1941/1941/1941 1943/1943/1943
f 1948/1948/1948 1945/1945/1945 1947/1947/1947
f 1949/1949/1949 1945/1945/1945 1948/1948/1948
f 1949/1949/1949 1950/1950/1950 1945/1945/1945
f 1951/1951/1951 1946/1946/1946 1949/1949/1949
f 1951/1951/1951 1952/1952/1952 1946/1946/1946
f 1952/1952/1952 1953/1953/1953 1946/1946/1946
f 1954/1954/1954 1952/1952/1952 1951/1951/1951
f 1955/1955/1955 1954/1954/1954 1951/1951/1951
f 1956/1956/1956 1954/1954/1954 1955/1955/1955
f 1956/1956/1956 1957/1957/1957 1954/1954/1954
f 1958/1958/1958 1957/1957/1957 1956/1956/1956
f 1959/1959/1959 1951/1951/1951 1949/1949/1949
f 1955/1955/1955 1951/1951/1951 1959/1959/1959
f 1960/1960/1960 1958/1958/1958 1956/1956/1956
f 1961/1961/1961 1958/1958/1958 1960/1960/1960
f 1962/1962/1962 1956/1956/1956 1955/1955/1955
f 1960/1960/1960 1956/1956/1956 1962/1962/1962
f 1963/1963/1963 1955/1955/1955 1959/1959/1959
f 1962/1962/1962 1955/1955/1955 1963/1963/1963
f 1961/1961/1961 1964/1964/1964 1958/1958/1958
f 1964/1964/1964 1965/1965/1965 1958/1958/1958
f 1958/1958/1958 1965/1965/1965 1957/1957/1957
f 1966/1966/1966 1964/1964/1964 1961/1961/1961
f 1967/1967/1967 1961/1961/1961 1960/1960/1960
f 1968/1968/1968 1961/1961/1961 1967/1967/1967
f 1968/1968/1968 1966/1966/1966 1961/1961/1961
f 1969/1969/1969 1960/1960/1960 1962/1962/1962
f 1967/1967/1967 1960/1960/1960 1969/1969/1969
f 1970/1970/1970 1962/1962/1962 1963/1963/1963
f 1969/1969/1969 1962/1962/1962 1970/1970/1970
f 1971/1971/1971 1966/1966/1966 1968/1968/1968
f 1972/1972/1972 1968/1968/1968 1967/1967/1967
f 1973/1973/1973 1968/1968/1968 1972/1972/1972
f 1973/1973/1973 1971/1971/1971 1968/1968/1968
f 1974/1974/1974 1967/1967/1967 1969/1969/1969
f 1972/1972/1972 1967/1967/1967 1974/1974/1974
f 1975/1975/1975 1971/1971/1971 1973/1973/1973
f 1976/1976/1976 1973/1973/1973 1972/1972/1972
f 1977/1977/1977 1973/1973/1973 1976/1976/1976
f 1977/1977/1977 1975/1975/1975 1973/1973/1973
f 1978/1978/1978 1972/1972/1972 1974/1974/1974
f 1976/1976/1976 1972/1972/1972 1978/1978/1978
f 1979/1979/1979 1975/1975/1975 1977/1977/1977
f 1980/1980/1980 1977/1977/1977 1976/1976/1976
f 1981/1981/1981 1977/1977/1977 1980/1980/1980
f 1981/1981/1981 1982/1982/1982 1977/1977/1977
f 1983/1983/1983 1976/1976/1976 1978/1978/1978
f 1980/1980/1980 1976/1976/1976 1983/1983/1983
f 1984/1984/1984 1982/1982/1982 1981/1981/1981
f 1985/1985/1985 1981/1981/1981 1980/1980/1980
f 1986/1986/1986 1981/1981/1981 1985/1985/1985
f 1987/1987/1987 1986/1986/1986 1985/1985/1985
f 1988/1988/1988 1986/1986/1986 1987/1987/1987
f 1987/1987/1987 1985/1985/1985 1989/1989/1989
f 1989/1989/1989 1985/1985/1985 1990/1990/1990
f 1985/1985/1985 1980/1980/1980 1990/1990/1990
f 1991/1991/1991 1980/1980/1980 1983/1983/1983
f 1988/1988/1988 1992/1992/1992 1986/1986/1986
f 1993/1993/1993 1992/1992/1992 1988/1988/1988
f 1994/1994/1994 1988/1988/1988 1987/1987/1987
f 1995/1995/1995 1988/1988/1988 1994/1994/1994
f 1996/1996/1996 1987/1987/1987 1989/1989/1989
f 1994/1994/1994 1987/1987/1987 1996/1996/1996
f 1996/1996/1996 1989/1989/1989 1997/1997/1997
f 1997/1997/1997 1989/1989/1989 1998/1998/1998
f 1989/1989/1989 1999/1999/1999 1998/1998/1998
f 1992/1992/1992 2000/2000/2000 1986/1986/1986
f 1986/1986/1986 2000/2000/2000 1981/1981/1981
f 2001/2001/2001 1995/1995/1995 1994/1994/1994
f 2002/2002/2002 1995/1995/1995 2001/2001/2001
f 2003/2003/2003 1994/1994/1994 1996/1996/1996
f 2001/2001/2001 1994/1994/1994 2003/2003/2003
f 2004/2004/2004 2001/2001/2001 2003/2003/2003
f 2005/2005/2005 2001/2001/2001 2004/2004/2004
f 2004/2004/2004 2003/2003/2003 2006/2006/2006
f 2006/2006/2006 2003/2003/2003 2007/2007/2007
f 2003/2003/2003 1996/1996/1996 2007/2007/2007
f 2007/2007/2007 1996/1996/1996 1997/1997/1997
f 2006/2006/2006 2007/2007/2007 2008/2008/2008
f 2008/2008/2008 2007/2007/2007 2009/2009/2009
f 2010/2010/2010 2005/2005/2005 2004/2004/2004
f 2011/2011/2011 2005/2005/2005 2010/2010/2010
f 2012/2012/2012 2004/2004/2004 2006/2006/2006
f 2013/2013/2013 2004/2004/2004 2012/2012/2012
f 2014/2014/2014 2006/2006/2006 2008/2008/2008
f 2015/2015/2015 2006/2006/2006 2014/2014/2014
f 2017/2017/2017 2016/2016/2016 2010/2010/2010
f 1833/1833/1833 1849/1849/1849 1828/1828/1828
f 2020/2020/2020 2019/2019/2019 2018/2018/2018
f 2023/2023/2023 2022/2022/2022 2021/2021/2021
f 1890/1890/1890 2023/2023/2023 2021/2021/2021
f 1953/1953/1953 2025/2025/2025 2024/2024/2024
f 2026/2026/2026 1953/1953/1953 2024/2024/2024
f 2028/2028/2028 2027/2027/2027 1944/1944/1944
f 2029/2029/2029 2028/2028/2028 1944/1944/1944
f 2032/2032/2032 2031/2031/2031 2030/2030/2030
f 2035/2035/2035 2034/2034/2034 2033/2033/2033
f 2038/2038/2038 2037/2037/2037 2036/2036/2036
f 2036/2036/2036 2037/2037/2037 2039/2039/2039
f 2042/2042/2042 2041/2041/2041 2040/2040/2040
f 2045/2045/2045 2044/2044/2044 2043/2043/2043
f 2048/2048/2048 2047/2047/2047 2046/2046/2046
f 2049/2049/2049 2048/2048/2048 2046/2046/2046
f 2052/2052/2052 2051/2051/2051 2050/2050/2050
f 2050/2050/2050 2051/2051/2051 2053/2053/2053
f 2056/2056/2056 2055/2055/2055 2054/2054/2054
f 2058/2058/2058 2055/2055/2055 2057/2057/2057
f 2061/2061/2061 2060/2060/2060 2059/2059/2059
f 2059/2059/2059 2060/2060/2060 2062/2062/2062
f 2059/2059/2059 2062/2062/2062 2063/2063/2063
f 2063/2063/2063 2062/2062/2062 2064/2064/2064
f 2065/2065/2065 2059/2059/2059 2063/2063/2063
f 2066/2066/2066 2059/2059/2059 2065/2065/2065
f 2060/2060/2060 2067/2067/2067 2062/2062/2062
f 2062/2062/2062 2067/2067/2067 2068/2068/2068
f 2067/2067/2067 2069/2069/2069 2068/2068/2068
f 2068/2068/2068 2069/2069/2069 2070/2070/2070
f 2073/2073/2073 2072/2072/2072 2071/2071/2071
f 2076/2076/2076 2075/2075/2075 2074/2074/2074
f 2079/2079/2079 2078/2078/2078 2077/2077/2077
f 2082/2082/2082 2081/2081/2081 2080/2080/2080
f 2085/2085/2085 2084/2084/2084 2083/2083/2083
f 2086/2086/2086 2084/2084/2084 2085/2085/2085
f 2086/2086/2086 2085/2085/2085 2087/2087/2087
f 2087/2087/2087 2085/2085/2085 2088/2088/2088
f 2087/2087/2087 2088/2088/2088 2089/2089/2089
f 2089/2089/2089 2088/2088/2088 2090/2090/2090
f 2091/2091/2091 2089/2089/2089 2090/2090/2090
f 2094/2094/2094 2093/2093/2093 2092/2092/2092
f 2093/2093/2093 2095/2095/2095 2092/2092/2092
f 2093/2093/2093 2096/2096/2096 2095/2095/2095
f 2097/2097/2097 2096/2096/2096 2093/2093/2093
f 2092/2092/2092 2095/2095/2095 2098/2098/2098
f 2095/2095/2095 2099/2099/2099 2098/2098/2098
f 2098/2098/2098 2099/2099/2099 2100/2100/2100
f 2099/2099/2099 2101/2101/2101 2100/2100/2100
f 2099/2099/2099 2102/2102/2102 2101/2101/2101
f 2103/2103/2103 2102/2102/2102 2099/2099/2099
f 2105/2105/2105 2093/2093/2093 2104/2104/2104
f 2106/2106/2106 2105/2105/2105 2094/2094/2094
f 2107/2107/2107 2105/2105/2105 2106/2106/2106
f 2109/2109/2109 2107/2107/2107 2108/2108/2108
f 2112/2112/2112 2111/2111/2111 2110/2110/2110
f 2115/2115/2115 2114/2114/2114 2113/2113/2113
f 2115/2115/2115 2113/2113/2113 2116/2116/2116
f 2118/2118/2118 2113/2113/2113 2117/2117/2117
f 2121/2121/2121 2120/2120/2120 2119/2119/2119
f 2120/2120/2120 2122/2122/2122 2119/2119/2119
f 2120/2120/2120 2123/2123/2123 2122/2122/2122
f 2123/2123/2123 2124/2124/2124 2122/2122/2122
f 2123/2123/2123 2125/2125/2125 2124/2124/2124
f 2126/2126/2126 2125/2125/2125 2123/2123/2123
f 2122/2122/2122 2124/2124/2124 2127/2127/2127
f 2124/2124/2124 2128/2128/2128 2127/2127/2127
f 2124/2124/2124 2129/2129/2129 2128/2128/2128
f 2127/2127/2127 2128/2128/2128 2130/2130/2130
f 2128/2128/2128 2131/2131/2131 2130/2130/2130
f 2130/2130/2130 2131/2131/2131 2132/2132/2132
f 2131/2131/2131 2133/2133/2133 2132/2132/2132
f 2132/2132/2132 2133/2133/2133 2134/2134/2134
f 2133/2133/2133 2135/2135/2135 2134/2134/2134
f 2134/2134/2134 2135/2135/2135 2136/2136/2136
f 2132/2132/2132 2134/2134/2134 2137/2137/2137
f 2137/2137/2137 2134/2134/2134 2138/2138/2138
f 2134/2134/2134 2136/2136/2136 2138/2138/2138
f 2138/2138/2138 2136/2136/2136 2139/2139/2139
f 2136/2136/2136 2140/2140/2140 2139/2139/2139
f 2139/2139/2139 2140/2140/2140 2141/2141/2141
f 2142/2142/2142 2132/2132/2132 2137/2137/2137
f 2130/2130/2130 2132/2132/2132 2142/2142/2142
f 2143/2143/2143 2130/2130/2130 2142/2142/2142
f 2127/2127/2127 2130/2130/2130 2143/2143/2143
f 2144/2144/2144 2127/2127/2127 2143/2143/2143
f 2122/2122/2122 2127/2127/2127 2144/2144/2144
f 2119/2119/2119 2122/2122/2122 2144/2144/2144
f 2146/2146/2146 2120/2120/2120 2145/2145/2145
f 2147/2147/2147 2123/2123/2123 2120/2120/2120
f 2147/2147/2147 2126/2126/2126 2123/2123/2123
f 2148/2148/2148 2126/2126/2126 2147/2147/2147
f 2149/2149/2149 2148/2148/2148 2147/2147/2147
f 2150/2150/2150 2147/2147/2147 2120/2120/2120
f 2149/2149/2149 2147/2147/2147 2150/2150/2150
f 2153/2153/2153 2152/2152/2152 2151/2151/2151
f 2153/2153/2153 2151/2151/2151 2154/2154/2154
f 2155/2155/2155 2152/2152/2152 2153/2153/2153
f 2155/2155/2155 2156/2156/2156 2152/2152/2152
f 2157/2157/2157 2156/2156/2156 2155/2155/2155
f 2157/2157/2157 2158/2158/2158 2156/2156/2156
f 2159/2159/2159 2158/2158/2158 2157/2157/2157
f 2159/2159/2159 2160/2160/2160 2158/2158/2158
f 2161/2161/2161 2160/2160/2160 2159/2159/2159
f 2161/2161/2161 2162/2162/2162 2160/2160/2160
f 2163/2163/2163 2162/2162/2162 2161/2161/2161
f 2163/2163/2163 2164/2164/2164 2162/2162/2162
f 2165/2165/2165 2164/2164/2164 2163/2163/2163
f 2167/2167/2167 2151/2151/2151 2166/2166/2166
f 2169/2169/2169 2166/2166/2166 2168/2168/2168
f 2168/2168/2168 2166/2166/2166 2170/2170/2170
f 2172/2172/2172 2170/2170/2170 2171/2171/2171
f 2171/2171/2171 2170/2170/2170 2173/2173/2173
f 2171/2171/2171 2173/2173/2173 2174/2174/2174
f 2174/2174/2174 2173/2173/2173 2175/2175/2175
f 2177/2177/2177 2175/2175/2175 2176/2176/2176
f 2176/2176/2176 2179/2179/2179 2178/2178/2178
f 2168/2168/2168 2181/2181/2181 2180/2180/2180
f 2182/2182/2182 2168/2168/2168 2180/2180/2180
f 2181/2181/2181 2184/2184/2184 2183/2183/2183
f 2185/2185/2185 2181/2181/2181 2183/2183/2183
f 2188/2188/2188 2187/2187/2187 2186/2186/2186
f 2188/2188/2188 2186/2186/2186 2189/2189/2189
f 2189/2189/2189 2186/2186/2186 2190/2190/2190
f 2186/2186/2186 2191/2191/2191 2190/2190/2190
f 2186/2186/2186 2192/2192/2192 2191/2191/2191
f 2190/2190/2190 2191/2191/2191 2193/2193/2193
f 2194/2194/2194 2188/2188/2188 2189/2189/2189
f 2192/2192/2192 2195/2195/2195 2191/2191/2191
f 2197/2197/2197 2196/2196/2196 2186/2186/2186
f 2199/2199/2199 2188/2188/2188 2198/2198/2198
f 2191/2191/2191 2201/2201/2201 2200/2200/2200
f 2201/2201/2201 2202/2202/2202 2200/2200/2200
f 2200/2200/2200 2204/2204/2204 2203/2203/2203
f 2207/2207/2207 2206/2206/2206 2205/2205/2205
f 2210/2210/2210 2209/2209/2209 2208/2208/2208
f 2213/2213/2213 2212/2212/2212 2211/2211/2211
f 2216/2216/2216 2215/2215/2215 2214/2214/2214
f 2219/2219/2219 2218/2218/2218 2217/2217/2217
f 2222/2222/2222 2221/2221/2221 2220/2220/2220
f 2225/2225/2225 2224/2224/2224 2223/2223/2223
f 2226/2226/2226 2225/2225/2225 2223/2223/2223
f 2227/2227/2227 2225/2225/2225 2226/2226/2226
f 2229/2229/2229 2228/2228/2228 2165/2165/2165
f 1842/1842/1842 1840/1840/1840 2230/2230/2230
f 2233/2233/2233 2232/2232/2232 2231/2231/2231
f 2236/2236/2236 2235/2235/2235 2234/2234/2234
f 2239/2239/2239 2238/2238/2238 2237/2237/2237
f 2242/2242/2242 2241/2241/2241 2240/2240/2240
f 2245/2245/2245 2244/2244/2244 2243/2243/2243
f 2248/2248/2248 2247/2247/2247 2246/2246/2246
f 2250/2250/2250 2246/2246/2246 2249/2249/2249
f 2251/2251/2251 2248/2248/2248 2250/2250/2250
f 2252/2252/2252 1767/1767/1767 2250/2250/2250
f 2255/2255/2255 2254/2254/2254 2253/2253/2253
f 2258/2258/2258 2257/2257/2257 2256/2256/2256
f 2261/2261/2261 2260/2260/2260 2259/2259/2259
f 2261/2261/2261 2262/2262/2262 2260/2260/2260
f 2265/2265/2265 2264/2264/2264 2263/2263/2263
f 2267/2267/2267 2263/2263/2263 2266/2266/2266
f 2269/2269/2269 2268/2268/2268 2267/2267/2267
f 2271/2271/2271 2267/2267/2267 2270/2270/2270
f 2274/2274/2274 2273/2273/2273 2272/2272/2272
f 2275/2275/2275 2274/2274/2274 2272/2272/2272
f 2278/2278/2278 2277/2277/2277 2276/2276/2276
f 2280/2280/2280 2278/2278/2278 2279/2279/2279
f 2281/2281/2281 2280/2280/2280 2279/2279/2279
f 2282/2282/2282 2280/2280/2280 2281/2281/2281
f 2283/2283/2283 2282/2282/2282 2281/2281/2281
f 2286/2286/2286 2285/2285/2285 2284/2284/2284
f 2286/2286/2286 2287/2287/2287 2285/2285/2285
f 2288/2288/2288 2287/2287/2287 2286/2286/2286
f 2288/2288/2288 2289/2289/2289 2287/2287/2287
f 2290/2290/2290 2289/2289/2289 2288/2288/2288
f 2290/2290/2290 2291/2291/2291 2289/2289/2289
f 2294/2294/2294 2293/2293/2293 2292/2292/2292
f 2295/2295/2295 2294/2294/2294 2292/2292/2292
f 2298/2298/2298 2297/2297/2297 2296/2296/2296
f 2301/2301/2301 2300/2300/2300 2299/2299/2299
f 2303/2303/2303 2302/2302/2302 2299/2299/2299
f 2304/2304/2304 2302/2302/2302 2303/2303/2303
f 2305/2305/2305 2304/2304/2304 2303/2303/2303
f 2305/2305/2305 2303/2303/2303 2306/2306/2306
f 2307/2307/2307 2305/2305/2305 2306/2306/2306
f 2308/2308/2308 2305/2305/2305 2307/2307/2307
f 2308/2308/2308 2309/2309/2309 2305/2305/2305
f 2309/2309/2309 2310/2310/2310 2305/2305/2305
f 2311/2311/2311 2309/2309/2309 2308/2308/2308
f 2312/2312/2312 2311/2311/2311 2308/2308/2308
f 2313/2313/2313 2308/2308/2308 2307/2307/2307
f 2312/2312/2312 2308/2308/2308 2314/2314/2314
f 2315/2315/2315 2312/2312/2312 2314/2314/2314
f 2318/2318/2318 2317/2317/2317 2316/2316/2316
f 2319/2319/2319 2318/2318/2318 2316/2316/2316
f 2320/2320/2320 2318/2318/2318 2319/2319/2319
f 2321/2321/2321 2320/2320/2320 2319/2319/2319
f 2324/2324/2324 2323/2323/2323 2322/2322/2322
f 2327/2327/2327 2326/2326/2326 2325/2325/2325
f 2328/2328/2328 2327/2327/2327 2325/2325/2325
f 2329/2329/2329 2327/2327/2327 2328/2328/2328
f 2328/2328/2328 2325/2325/2325 2330/2330/2330
f 2331/2331/2331 2328/2328/2328 2330/2330/2330
f 2333/2333/2333 2328/2328/2328 2332/2332/2332
f 2334/2334/2334 2333/2333/2333 2332/2332/2332
f 2336/2336/2336 2333/2333/2333 2335/2335/2335
f 2339/2339/2339 2338/2338/2338 2337/2337/2337
f 2339/2339/2339 2337/2337/2337 2340/2340/2340
f 2343/2343/2343 2342/2342/2342 2341/2341/2341
f 2346/2346/2346 2345/2345/2345 2344/2344/2344
f 2349/2349/2349 2348/2348/2348 2347/2347/2347
f 2349/2349/2349 2350/2350/2350 2348/2348/2348
f 2351/2351/2351 2350/2350/2350 2349/2349/2349
f 2351/2351/2351 2352/2352/2352 2350/2350/2350
f 2355/2355/2355 2354/2354/2354 2353/2353/2353
f 2355/2355/2355 2356/2356/2356 2354/2354/2354
f 1910/1910/1910 1899/1899/1899 2357/2357/2357
f 2359/2359/2359 2358/2358/2358 1905/1905/1905
f 2362/2362/2362 2361/2361/2361 2360/2360/2360
f 2365/2365/2365 2364/2364/2364 2363/2363/2363
f 1954/1954/1954 2366/2366/2366 1952/1952/1952
f 1957/1957/1957 2366/2366/2366 1954/1954/1954
f 1974/1974/1974 1969/1969/1969 2367/2367/2367
f 2370/2370/2370 2369/2369/2369 2368/2368/2368
f 2373/2373/2373 2372/2372/2372 2371/2371/2371
f 2375/2375/2375 1998/1998/1998 2374/2374/2374
f 1997/1997/1997 1998/1998/1998 2375/2375/2375
f 2378/2378/2378 2377/2377/2377 2376/2376/2376
f 2381/2381/2381 2380/2380/2380 2379/2379/2379
f 2382/2382/2382 2380/2380/2380 2381/2381/2381
f 2383/2383/2383 2382/2382/2382 2381/2381/2381
f 2384/2384/2384 2382/2382/2382 2383/2383/2383
f 2385/2385/2385 2384/2384/2384 2383/2383/2383
f 2386/2386/2386 2384/2384/2384 2385/2385/2385
f 2389/2389/2389 2388/2388/2388 2387/2387/2387
f 2387/2387/2387 2388/2388/2388 2390/2390/2390
f 2391/2391/2391 2389/2389/2389 2387/2387/2387
f 2392/2392/2392 2389/2389/2389 2391/2391/2391
f 2393/2393/2393 2392/2392/2392 2391/2391/2391
f 2394/2394/2394 2392/2392/2392 2393/2393/2393
f 2397/2397/2397 2396/2396/2396 2395/2395/2395
f 2400/2400/2400 2399/2399/2399 2398/2398/2398
f 2401/2401/2401 2400/2400/2400 2398/2398/2398
f 2404/2404/2404 2403/2403/2403 2402/2402/2402
f 2405/2405/2405 2404/2404/2404 2402/2402/2402
f 2408/2408/2408 2407/2407/2407 2406/2406/2406
f 2409/2409/2409 2408/2408/2408 2406/2406/2406
f 2412/2412/2412 2411/2411/2411 2410/2410/2410
f 2415/2415/2415 2414/2414/2414 2413/2413/2413
f 2413/2413/2413 2417/2417/2417 2416/2416/2416
f 2418/2418/2418 2417/2417/2417 2413/2413/2413
f 2417/2417/2417 2420/2420/2420 2419/2419/2419
f 2419/2419/2419 2420/2420/2420 2421/2421/2421
f 2420/2420/2420 2422/2422/2422 2421/2421/2421
f 2425/2425/2425 2424/2424/2424 2423/2423/2423
f 2428/2428/2428 2427/2427/2427 2426/2426/2426
f 2431/2431/2431 2430/2430/2430 2429/2429/2429
f 2432/2432/2432 2430/2430/2430 2431/2431/2431
f 2433/2433/2433 2432/2432/2432 2431/2431/2431
f 2434/2434/2434 2432/2432/2432 2433/2433/2433
f 2435/2435/2435 2434/2434/2434 2433/2433/2433
f 2432/2432/2432 2436/2436/2436 2430/2430/2430
f 2437/2437/2437 2436/2436/2436 2432/2432/2432
f 2438/2438/2438 2437/2437/2437 2432/2432/2432
f 2439/2439/2439 2437/2437/2437 2438/2438/2438
f 2440/2440/2440 2439/2439/2439 2438/2438/2438
f 2441/2441/2441 2439/2439/2439 2440/2440/2440
f 2442/2442/2442 2441/2441/2441 2440/2440/2440
f 2445/2445/2445 2444/2444/2444 2443/2443/2443
f 2446/2446/2446 2445/2445/2445 2443/2443/2443
f 2449/2449/2449 2448/2448/2448 2447/2447/2447
f 2450/2450/2450 2448/2448/2448 2449/2449/2449
f 2449/2449/2449 2447/2447/2447 2451/2451/2451
f 2451/2451/2451 2447/2447/2447 2452/2452/2452
f 2451/2451/2451 2452/2452/2452 2453/2453/2453
f 2453/2453/2453 2452/2452/2452 2454/2454/2454
f 2453/2453/2453 2454/2454/2454 2455/2455/2455
f 2447/2447/2447 2456/2456/2456 2452/2452/2452
f 2452/2452/2452 2456/2456/2456 2457/2457/2457
f 2452/2452/2452 2457/2457/2457 2458/2458/2458
f 2447/2447/2447 2459/2459/2459 2456/2456/2456
f 2448/2448/2448 2459/2459/2459 2447/2447/2447
f 2462/2462/2462 2461/2461/2461 2460/2460/2460
f 2460/2460/2460 2464/2464/2464 2463/2463/2463
f 2467/2467/2467 2466/2466/2466 2465/2465/2465
f 2470/2470/2470 2469/2469/2469 2468/2468/2468
