g Hut_1
v 159.9123 335.2695 -256.006
v 156.1768 332.2655 -258.9637
v 161.5909 335.2695 -258.7828
v 157.0701 332.2655 -261.6444
v 152.9885 332.2655 -244.535
v 157.1291 335.2695 -245.2544
v 155.7981 332.2655 -229.595
v 158.6405 335.2696 -230.8956
v 165.7137 332.2655 -206.953
v 168.0871 335.2695 -208.6013
v 181.7406 332.2655 -183.5126
v 184.3354 335.2694 -185.9296
v 165.3826 335.2695 -263.6897
v 160.5443 332.2655 -266.0316
v 139.1391 321.0381 -271.2888
v 143.0133 321.038 -273.6202
v 143.6396 325.4827 -242.9117
v 136.9925 325.4827 -259.2065
v 149.3804 325.4827 -226.6588
v 160.4376 325.4827 -203.2977
v 176.1413 325.4827 -178.3444
v 179.3798 335.2695 -280.2245
v 176.6605 332.2655 -284.976
v 200.8469 335.2695 -294.9163
v 196.0853 332.2654 -300.8266
v 211.1637 335.2695 -303.4456
v 209.2437 332.2655 -308.3026
v 219.7753 335.2694 -304.2386
v 216.0403 332.2655 -315.2534
v 227.6543 335.2695 -304.8985
v 202.011 321.0381 -326.57
v 207.1901 321.0381 -333.0514
v 186.4771 321.038 -315.3516
v 161.6712 321.0381 -293.5439
v 189.9674 302.3429 -356.9878
v 194.0466 302.3429 -367.639
v 170.4781 302.3429 -339.5378
v 136.7117 302.3429 -307.8112
v 113.8217 302.3429 -286.257
v 106.8471 302.3429 -286.4191
v 239.8812 335.2695 -303.0151
v 239.6292 332.2655 -308.688
v 224.4189 332.2655 -307.1025
v 252.3249 335.2694 -299.2107
v 252.4908 332.2655 -304.6192
v 262.1041 335.2695 -294.1895
v 264.0302 332.2654 -297.956
v 271.6808 335.2695 -286.9399
v 274.563 332.2655 -290.386
v 290.1026 335.2695 -273.0275
v 296.9008 332.2655 -274.5999
v 295.5368 335.2694 -264.5384
v 297.9344 332.2655 -266.7565
v 299.5788 335.2695 -249.2697
v 303.0421 332.2655 -248.7209
v 305.1036 332.2655 -238.543
v 301.5995 335.2694 -239.165
v 302.0484 335.2695 -227.713
v 306.2612 332.2654 -227.3245
v 301.4698 335.2695 -218.1386
v 306.7293 332.2655 -215.6298
v 300.7015 335.2695 -207.6838
v 303.6021 332.2655 -205.3547
v 296.0873 335.2695 -198.4217
v 298.8391 332.2655 -193.7568
v 295.0426 335.2695 -195.8192
v 295.223 332.2654 -193.4955
v 315.8549 322.5479 -265.6661
v 327.4731 322.5479 -246.6126
v 329.0441 322.5479 -235.3913
v 341.7487 305.7959 -233.0043
v 349.2222 302.3429 -222.7852
v 329.8042 324.8555 -224.582
v 330.0888 325.1161 -208.714
v 350.4418 302.3429 -197.1115
v 341.2239 310.6912 -243.3112
v 337.0133 312.1263 -262.9053
v 335.9329 312.4944 -267.9325
v 348.9831 304.1143 -240.9528
v 353.8301 304.3977 -269.7029
v 352.8181 314.0873 -180.451
v 320.7484 324.4807 -195.8153
v 338.5544 322.1549 -172.668
v 314.5685 325.2089 -184.6031
v 345.1733 305.5268 -237.1754
v 357.1632 304.4645 -277.0368
v 351.0332 302.3765 -240.3296
v 346.2169 304.1622 -235.8996
v 356.5143 302.3557 -268.9281
v 363.371 302.354 -275.4197
v 362.7726 302.3429 -279.4423
v 358.4056 327.2614 -162.5101
v 360.0623 320.4918 -169.7911
v 372.1844 322.184 -160.8531
v 374.2986 328.6105 -153.7047
v 372.2336 322.1841 -160.8163
v 212.4452 335.2695 -176.479
v 206.8821 332.2655 -164.2544
v 207.9491 335.2695 -171.9203
v 205.1759 332.2655 -167.7647
v 219.6409 335.2694 -173.8227
v 214.466 332.2655 -164.5405
v 218.1044 332.2655 -164.4392
v 221.4374 335.2695 -170.0054
v 231.3264 332.2654 -165.248
v 232.7285 335.2694 -169.3562
v 246.4433 332.2655 -165.839
v 246.4967 335.2696 -169.8705
v 260.1141 332.2655 -170.7653
v 259.2957 335.2695 -174.8104
v 273.3965 335.2694 -182.221
v 276.049 332.2655 -178.1214
v 294.4267 332.2655 -190.5247
v 292.2138 335.2695 -194.7945
v 286.1136 321.7823 -162.6021
v 317.5015 321.8713 -173.8347
v 262.1623 321.7823 -157.458
v 245.4475 321.7823 -152.5791
v 226.858 321.7823 -148.6666
v 212.6767 321.7824 -145.9851
v 208.0287 321.7823 -145.0045
v 200.8966 321.7823 -143.3639
v 295.7215 310.9011 -147.7525
v 339.0192 311.0824 -153.8904
v 303.1142 302.2255 -136.6862
v 267.4595 302.3429 -131.2822
v 265.1273 310.9011 -142.8061
v 245.1013 302.3429 -126.4911
v 245.254 310.9011 -137.9764
v 219.3215 302.3429 -119.4188
v 222.6395 310.901 -132.2952
v 352.1027 302.6372 -134.184
v 207.0432 310.9011 -126.8303
v 202.6121 302.3429 -111.7648
v 201.3471 310.901 -124.7268
v 196.0915 302.3428 -108.7779
v 191.6715 310.9011 -121.0215
v 181.7766 304.9459 -105.4267
v 185.7845 302.3429 -104.1331
v 202.6312 335.2694 -170.4568
v 199.1745 333.4891 -166.6488
v 192.8171 335.2695 -178.2634
v 189.0123 332.2655 -175.4229
v 184.1231 325.7256 -149.1658
v 179.7249 325.4827 -165.5233
v 163.2618 302.871 -122.3401
v 161.1867 302.343 -145.0979
v 156.8809 302.3429 -160.9614
v 142.4374 302.3429 -190.8274
v 127.4859 302.3428 -216.6414
v 118.4924 302.3429 -229.533
v 103.3794 302.3429 -244.0724
v 119.4696 318.2821 -259.0548
v 80.68081 302.3428 -259.3701
v 227.6543 335.2695 -304.8985
v 216.0403 332.2655 -315.2534
v 224.4189 332.2655 -307.1025
v 284.1227 324.2099 -298.4456
v 314.4055 324.2101 -277.8373
v 268.2174 324.2099 -307.3164
v 251.8528 324.21 -315.8726
v 238.9528 324.2098 -321.7327
v 228.337 324.2101 -327.3863
v 293.304 314.6407 -305.5627
v 334.868 314.6407 -287.6403
v 271.7793 314.6407 -316.7414
v 251.0949 314.6407 -329.2408
v 238.149 314.6407 -337.2286
v 229.7112 314.6407 -347.3237
v 305.1034 302.3429 -314.7092
v 355.1734 302.3429 -300.5595
v 276.3094 302.3429 -328.207
v 250.4748 302.3429 -345.8832
v 237.7842 302.3429 -356.5345
v 230.1185 305.8514 -362.6623
v 232.5411 303.1776 -364.6191
v 229.8273 302.3429 -372.569
v 282.3271 325.0495 -199.6042
v 289.2442 318.5984 -192.1298
v 256.5224 325.0495 -186.815
v 264.5521 318.5984 -176.1081
v 292.4146 318.5984 -212.847
v 284.8858 325.0495 -215.2498
v 298.0708 318.5984 -229.2389
v 286.106 325.0495 -230.476
v 272.3501 346.824 -221.6906
v 269.9125 346.824 -210.5332
v 273.6995 346.824 -232.633
v 273.7101 346.8241 -241.3509
v 285.6561 325.0495 -240.7359
v 241.2132 325.0495 -179.2276
v 253.8684 346.8241 -201.7248
v 242.803 346.824 -196.1461
v 206.2138 325.0495 -180.5263
v 191.1207 318.5984 -166.046
v 166.9673 318.5984 -197.6219
v 178.7231 325.0495 -204.5474
v 171.8096 325.0495 -220.5282
v 157.3948 318.5984 -214.3059
v 166.5179 325.0495 -244.3203
v 148.6096 318.5984 -243.2685
v 172.253 325.0495 -258.876
v 160.335 318.5984 -258.745
v 241.2553 318.5984 -164.222
v 181.5542 325.0496 -271.2816
v 170.0209 318.5984 -277.3367
v 202.2617 325.0497 -285.2895
v 196.2922 318.5984 -294.6808
v 215.7726 346.8241 -196.9728
v 194.6825 346.8241 -213.1479
v 188.3236 346.8241 -227.2113
v 185.5301 346.824 -245.5206
v 190.4808 346.8241 -259.014
v 198.305 346.824 -268.5907
v 223.5522 325.0496 -292.1974
v 207.6972 318.5984 -298.9898
v 223.7149 318.5984 -302.5814
v 212.7814 346.8241 -277.1395
v 226.9106 346.8241 -280.8341
v 235.9618 325.0496 -290.9739
v 235.125 346.8241 -280.295
v 252.1673 346.8241 -275.105
v 259.3214 325.0495 -283.6738
v 239.9084 318.5984 -300.077
v 265.1118 318.5984 -289.5757
v 271.0752 325.0495 -272.228
v 279.603 318.5984 -276.9337
v 281.7431 325.0495 -261.8394
v 261.8118 346.8241 -266.1811
v 269.9349 346.824 -256.8344
v 290.8203 318.5984 -264.8972
v 297.38 318.5984 -241.3663
v 235.1739 374.3354 -275.2022
v 267.4752 374.3354 -242.7027
v 266.8806 374.3353 -234.1815
v 265.0972 374.3354 -226.4529
v 262.3228 374.3354 -218.7245
v 255.3869 374.3355 -213.1758
v 247.4603 374.3354 -209.0143
v 225.0674 374.3354 -209.4106
v 207.8268 374.3354 -218.9226
v 200.8911 374.3354 -233.3889
v 200.6928 374.3354 -248.4495
v 205.647 374.3354 -263.3121
v 213.1774 374.3355 -271.2388
v 222.6894 374.3354 -274.6077
v 230.6093 374.3354 -274.9847
v 247.6585 374.3355 -271.6352
v 256.576 374.3355 -264.1048
v 263.1154 374.3354 -254.1964
v 251.0467 432.2951 -251.4965
v 246.7877 432.2952 -256.7112
v 254.7684 427.023 -253.666
v 249.6568 427.023 -259.9246
v 244.6263 432.2952 -254.2905
v 248.2431 432.2951 -249.8621
v 239.7123 432.2952 -257.449
v 241.0764 432.2951 -260.3847
v 242.861 427.0229 -264.2975
v 234.1097 432.2952 -262.3784
v 234.6176 427.0229 -266.6185
v 226.5364 432.2951 -262.5179
v 225.5388 427.0229 -266.7794
v 219.3286 432.3024 -260.6242
v 216.9918 427.023 -264.4719
v 213.4075 432.3659 -256.5833
v 209.9582 427.0828 -259.6326
v 209.4419 432.4833 -250.7227
v 205.2597 427.2222 -252.5671
v 233.7033 432.2952 -259.1989
v 227.2621 432.2952 -259.3234
v 221.323 432.3103 -257.5739
v 216.0839 432.3769 -254.228
v 212.8503 432.4781 -249.1647
v 211.4677 432.5654 -243.2726
v 207.9398 432.6133 -243.6321
v 203.4704 427.3619 -244.1183
v 208.8031 432.7213 -236.1562
v 204.4859 427.4803 -235.2197
v 211.7221 432.7849 -229.2
v 207.8672 427.5496 -226.971
v 216.4923 432.7728 -223.5363
v 213.5299 427.5343 -220.2247
v 222.7277 432.6973 -219.7313
v 220.9908 427.45 -215.6459
v 229.6635 432.595 -218.1655
v 229.2184 427.3423 -213.7802
v 236.6558 432.4744 -218.965
v 237.5471 427.2131 -214.7148
v 243.1546 432.3638 -221.8132
v 245.3442 427.0815 -218.1282
v 214.802 432.724 -230.8787
v 212.0956 432.6878 -236.8665
v 224.0393 432.6698 -222.8569
v 218.7645 432.7198 -226.149
v 235.9775 432.4696 -222.1543
v 230.0512 432.5509 -221.5869
v 241.4989 432.3744 -224.5775
v 246.0558 432.3106 -228.43
v 248.4923 432.3027 -226.2976
v 251.7207 427.023 -223.4561
v 249.1808 432.2951 -233.2954
v 252.151 432.2951 -231.9878
v 256.0938 427.0229 -230.2522
v 253.8664 432.2952 -238.4986
v 258.1525 427.023 -238.0663
v 253.4859 432.2951 -245.2208
v 257.6959 427.0231 -246.1342
v 250.6376 432.2952 -238.8243
v 250.3144 432.2952 -244.5329
v 212.0956 432.6878 -236.8665
v 211.4677 432.5654 -243.2726
v 220.4069 400.1302 -238.0447
v 220.1888 400.1302 -241.8958
v 212.8503 432.4781 -249.1647
v 221.1716 400.1302 -245.6256
v 216.0839 432.3769 -254.228
v 223.2587 400.1302 -248.8692
v 221.323 432.3103 -257.5739
v 226.2461 400.1303 -251.3091
v 227.2621 432.2952 -259.3234
v 229.8413 400.1303 -252.7064
v 221.8043 400.1303 -234.4497
v 214.802 432.724 -230.8787
v 224.2441 400.1303 -231.4623
v 218.7645 432.7198 -226.149
v 227.4877 400.1302 -229.3751
v 224.0393 432.6698 -222.8569
v 231.2176 400.1302 -228.3924
v 230.0512 432.5509 -221.5869
v 235.0686 400.1303 -228.6105
v 235.9775 432.4696 -222.1543
v 233.7033 432.2952 -259.1989
v 233.6922 400.1303 -252.9245
v 238.6638 400.1302 -230.0078
v 241.4989 432.3744 -224.5775
v 241.6511 400.1303 -232.4476
v 246.0558 432.3106 -228.43
v 243.7383 400.1303 -235.6913
v 249.1808 432.2951 -233.2954
v 227.4877 400.1302 -229.3751
v 235.0686 400.1303 -228.6105
v 231.2176 400.1302 -228.3924
v 238.6638 400.1302 -230.0078
v 224.2441 400.1303 -231.4623
v 241.6511 400.1303 -232.4476
v 221.8043 400.1303 -234.4497
v 243.7383 400.1303 -235.6913
v 220.4069 400.1302 -238.0447
v 244.721 400.1302 -239.4212
v 220.1888 400.1302 -241.8958
v 244.5029 400.1302 -243.2721
v 221.1716 400.1302 -245.6256
v 243.1056 400.1303 -246.8673
v 223.2587 400.1302 -248.8692
v 240.6657 400.1303 -249.8546
v 226.2461 400.1303 -251.3091
v 237.422 400.1303 -251.9418
v 229.8413 400.1303 -252.7064
v 233.6922 400.1303 -252.9245
v 245.3442 427.0815 -218.1282
v 251.7207 427.023 -223.4561
v 241.4316 419.1463 -224.0919
v 235.7336 419.2424 -221.5976
v 246.0914 419.1036 -227.9855
v 235.8512 385.0147 -221.1516
v 229.6194 385.1114 -220.4523
v 229.6473 419.3367 -220.9146
v 237.5471 427.2131 -214.7148
v 229.2184 427.3423 -213.7802
v 223.6348 419.4155 -222.278
v 220.9908 427.45 -215.6459
v 218.1826 419.4772 -225.624
v 213.5299 427.5343 -220.2247
v 214.0444 419.4885 -230.554
v 207.8672 427.5496 -226.971
v 213.6443 385.2666 -230.3219
v 211.1142 385.2144 -236.4937
v 211.5734 419.4375 -236.5819
v 204.4859 427.4803 -235.2197
v 210.8314 419.3512 -243.0848
v 203.4704 427.3619 -244.1183
v 212.1389 419.2492 -249.2589
v 205.2597 427.2222 -252.5671
v 211.6931 385.0215 -249.4734
v 215.2087 384.9171 -254.7599
v 215.5724 419.1472 -254.4223
v 209.9582 427.0828 -259.6326
v 220.7124 419.1033 -257.9588
v 216.9918 427.023 -264.4719
v 220.4714 384.8724 -258.3808
v 210.3544 385.126 -243.1518
v 226.9582 419.1035 -259.645
v 225.5388 427.0229 -266.7794
v 233.5929 419.1033 -259.5274
v 234.6176 427.0229 -266.6185
v 239.6169 419.1033 -257.8313
v 242.861 427.0229 -264.2975
v 244.5831 419.1034 -254.6357
v 249.6568 427.023 -259.9246
v 248.3185 419.1035 -250.0621
v 254.7684 427.023 -253.666
v 250.4579 419.1033 -244.5581
v 257.6959 427.0231 -246.1342
v 250.7916 419.1033 -238.6622
v 258.1525 427.023 -238.0663
v 249.2872 419.1033 -232.9518
v 256.0938 427.0229 -230.2522
v 244.6263 432.2952 -254.2905
v 248.2431 432.2951 -249.8621
v 240.6657 400.1303 -249.8546
v 243.1056 400.1303 -246.8673
v 237.422 400.1303 -251.9418
v 239.7123 432.2952 -257.449
v 233.6922 400.1303 -252.9245
v 233.7033 432.2952 -259.1989
v 250.3144 432.2952 -244.5329
v 244.5029 400.1302 -243.2721
v 250.6376 432.2952 -238.8243
v 244.721 400.1302 -239.4212
v 249.1808 432.2951 -233.2954
v 243.7383 400.1303 -235.6913
v 248.3185 419.1035 -250.0621
v 244.5831 419.1034 -254.6357
v 248.7366 384.8724 -250.2956
v 244.9119 384.8725 -254.9784
v 239.6169 419.1033 -257.8313
v 239.8272 384.8725 -258.2503
v 250.9269 384.8724 -244.6602
v 250.4579 419.1033 -244.5581
v 251.2686 384.8724 -238.6236
v 250.7916 419.1033 -238.6622
v 233.5929 419.1033 -259.5274
v 233.6592 384.8724 -259.9868
v 226.9582 419.1035 -259.645
v 226.8663 384.8724 -260.1073
v 220.7124 419.1033 -257.9588
v 220.4714 384.8724 -258.3808
v 249.7282 384.8725 -232.7769
v 249.2872 419.1033 -232.9518
v 246.4561 384.8725 -227.692
v 246.0914 419.1036 -227.9855
v 241.6851 384.9163 -223.7056
v 241.4316 419.1463 -224.0919
v 248.7366 384.8724 -250.2956
v 244.9119 384.8725 -254.9784
v 253.1246 384.8726 -252.7475
v 248.3637 384.8724 -258.5767
v 239.8272 384.8725 -258.2503
v 242.0342 384.8724 -262.6494
v 233.6592 384.8724 -259.9868
v 234.3564 384.8726 -264.8113
v 226.8663 384.8724 -260.1073
v 225.9005 384.8725 -264.9611
v 220.4714 384.8724 -258.3808
v 217.9401 384.8724 -262.812
v 215.2087 384.9171 -254.7599
v 211.389 384.9171 -258.3048
v 211.6931 385.0215 -249.4734
v 207.0128 385.0215 -251.724
v 210.3544 385.126 -243.1518
v 205.3465 385.1259 -243.8549
v 211.1142 385.2144 -236.4937
v 206.2922 385.2145 -235.567
v 213.6443 385.2666 -230.3219
v 209.4417 385.2664 -227.8841
v 217.8811 385.255 -225.2742
v 214.7157 385.2551 -221.6006
v 223.4635 385.192 -221.8483
v 221.6647 385.1919 -217.3361
v 229.6194 385.1114 -220.4523
v 229.3277 385.1113 -215.5984
v 235.8512 385.0147 -221.1516
v 237.085 385.0147 -216.4689
v 241.6851 384.9163 -223.7056
v 244.347 384.9163 -219.648
v 246.4561 384.8725 -227.692
v 250.2861 384.8726 -224.6104
v 249.7282 384.8725 -232.7769
v 254.3591 384.8726 -230.9402
v 251.2686 384.8724 -238.6236
v 256.2766 384.8724 -238.2181
v 250.9269 384.8724 -244.6602
v 255.8512 384.8725 -245.7325
v 266.2514 368.6703 -247.9972
v 262.3924 368.6703 -257.9261
v 255.6539 368.6703 -266.1763
v 246.6956 368.6703 -271.9408
v 235.8288 368.6703 -275.0004
v 223.8607 368.6703 -275.2125
v 212.5939 368.6704 -272.1707
v 203.322 368.7144 -265.7915
v 197.1282 368.817 -256.4772
v 194.7695 368.92 -245.34
v 196.1082 369.0069 -233.6094
v 200.5657 369.0581 -222.7356
v 208.0304 369.0468 -213.8424
v 217.8655 368.9848 -207.8065
v 228.7114 368.9054 -205.347
v 239.6906 368.8102 -206.5791
v 250.7395 368.7134 -208.9598
v 260.8791 368.6704 -215.7906
v 266.0659 368.6703 -226.4832
v 266.8534 368.6703 -237.3619
v 217.8811 385.255 -225.2742
v 223.4635 385.192 -221.8483
v 241.6851 384.9163 -223.7056
v 271.1977 323.3526 -200.0548
v 277.7704 322.9969 -198.9928
v 272.0389 340.354 -203.0901
v 278.9029 340.0408 -201.5542
v 281.7288 323.4188 -193.7041
v 282.9969 340.4778 -196.0798
v 280.7928 324.3772 -187.2216
v 282.0936 341.4393 -189.5563
v 275.5107 325.3108 -183.3427
v 276.8115 342.3728 -185.6775
v 271.7236 357.9615 -205.3363
v 277.6667 357.6382 -204.3868
v 280.6306 358.9077 -193.4584
v 275.9684 359.7619 -189.8143
v 281.3464 358.0294 -199.479
v 271.2325 374.2685 -208.1601
v 276.1517 373.9966 -207.4067
v 278.5963 375.0515 -198.3357
v 274.6424 375.7557 -195.3914
v 279.2313 374.3237 -203.3002
v 270.162 392.9072 -212.172
v 273.8057 392.7049 -211.6208
v 275.5887 393.4604 -205.1054
v 272.6833 393.9759 -202.9576
v 276.0553 392.9339 -208.6939
v 273.7413 402.6641 -209.127
v 271.2498 403.1058 -207.2868
v 274.1525 402.2121 -212.2019
v 272.2422 402.0144 -214.7103
v 270.1255 408.3779 -213.9312
v 270.1255 408.3779 -213.9312
v 270.1255 408.3779 -213.9312
v 269.0446 394.1778 -203.509
v 268.138 403.2785 -207.7594
v 270.1255 408.3779 -213.9312
v 269.7131 376.0267 -196.1576
v 269.9531 360.0782 -190.8542
v 266.2285 403.0807 -210.2679
v 270.1255 408.3779 -213.9312
v 268.138 403.2785 -207.7594
v 266.6391 402.6287 -213.3427
v 270.1255 408.3779 -213.9312
v 266.2285 403.0807 -210.2679
v 266.6391 402.6287 -213.3427
v 269.1299 402.187 -215.1828
v 270.1255 408.3779 -213.9312
v 270.1255 408.3779 -213.9312
v 269.1299 402.187 -215.1828
v 272.2422 402.0144 -214.7103
v 265.6244 324.2414 -196.6653
v 271.1977 323.3526 -200.0548
v 267.0632 341.3336 -198.7027
v 272.0389 340.354 -203.0901
v 266.28 342.3088 -192.0122
v 264.9797 325.2446 -189.6934
v 270.2775 342.7346 -186.6744
v 268.9767 325.6724 -184.3396
v 276.8115 342.3728 -185.6775
v 275.5107 325.3108 -183.3427
v 266.9893 358.8086 -201.7825
v 271.7236 357.9615 -205.3363
v 266.2463 359.6844 -195.7961
v 269.9531 360.0782 -190.8542
v 275.9684 359.7619 -189.8143
v 267.2805 374.9731 -205.2134
v 271.2325 374.2685 -208.1601
v 266.6735 375.7034 -200.2139
v 269.7131 376.0267 -196.1576
v 267.2628 393.422 -210.0245
v 270.162 392.9072 -212.172
v 266.8012 393.9482 -206.4362
v 269.0446 394.1778 -203.509
v 266.6391 402.6287 -213.3427
v 269.1299 402.187 -215.1828
v 266.2285 403.0807 -210.2679
v 266.6391 402.6287 -213.3427
v 268.138 403.2785 -207.7594
v 266.2285 403.0807 -210.2679
v 273.8057 392.7049 -211.6208
v 272.2422 402.0144 -214.7103
v 276.4823 324.6853 -258.0307
v 279.9446 323.5577 -263.3317
v 276.6405 341.1362 -260.7698
v 280.6353 339.9662 -266.1358
v 278.6299 342.0819 -254.6882
v 277.3564 325.7176 -251.8262
v 284.2718 342.337 -251.3403
v 283.301 325.9535 -248.4867
v 286.1587 322.9607 -264.6717
v 287.0666 339.3489 -267.52
v 277.1158 358.1935 -262.2061
v 280.237 357.1736 -267.0037
v 278.4575 359.0822 -256.6672
v 283.4893 359.3179 -253.6346
v 276.8319 374.095 -263.6632
v 279.3865 373.2502 -267.6472
v 277.9343 374.8365 -259.0473
v 282.1417 375.0309 -256.5265
v 275.6257 392.4102 -265.2008
v 277.5116 391.7844 -268.1546
v 276.4217 392.9539 -261.8203
v 279.4315 393.098 -259.9885
v 273.9484 401.6941 -265.94
v 275.5609 401.1595 -268.4622
v 274.6279 402.1611 -263.0376
v 277.2013 402.2871 -261.4548
v 274.6279 402.1611 -263.0376
v 289.5879 325.351 -249.8344
v 283.301 325.9535 -248.4867
v 290.5445 341.7341 -252.6949
v 284.2718 342.337 -251.3403
v 293.9343 340.612 -257.9882
v 292.9777 324.2289 -255.1278
v 292.5139 339.622 -264.1339
v 291.5573 323.2388 -261.2736
v 287.0666 339.3489 -267.52
v 286.1587 322.9607 -264.6717
v 289.2991 358.7587 -254.8938
v 283.4893 359.3179 -253.6346
v 292.5282 357.7279 -259.7182
v 291.0788 356.8501 -265.2305
v 286.0061 356.6187 -268.2528
v 286.9092 374.5725 -257.5575
v 282.1417 375.0309 -256.5265
v 289.4791 373.7263 -261.5453
v 288.3796 372.9844 -266.1619
v 284.2139 372.7857 -268.693
v 282.8911 392.7585 -260.7759
v 279.4315 393.098 -259.9885
v 284.7755 392.1336 -263.7251
v 283.9817 391.5887 -267.1113
v 280.9735 391.4438 -268.9475
v 280.161 401.9985 -262.1183
v 277.2013 402.2871 -261.4548
v 281.7734 401.464 -264.6401
v 281.0941 400.9968 -267.5431
v 278.5208 400.8706 -269.1265
v 276.3243 407.3489 -266.5864
v 276.3243 407.3489 -266.5864
v 276.3243 407.3489 -266.5864
v 277.5116 391.7844 -268.1546
v 275.5609 401.1595 -268.4622
v 276.3243 407.3489 -266.5864
v 279.3865 373.2502 -267.6472
v 280.237 357.1736 -267.0037
v 280.6353 339.9662 -266.1358
v 277.2013 402.2871 -261.4548
v 276.3243 407.3489 -266.5864
v 280.161 401.9985 -262.1183
v 276.3243 407.3489 -266.5864
v 273.9484 401.6941 -265.94
v 275.5609 401.1595 -268.4622
v 274.6279 402.1611 -263.0376
v 276.3243 407.3489 -266.5864
v 274.6279 402.1611 -263.0376
v 276.3243 407.3489 -266.5864
v 277.2013 402.2871 -261.4548
v 192.8151 323.4412 -192.6107
v 200.8517 323.4411 -191.0824
v 192.2814 344.6316 -193.4927
v 200.6552 344.6316 -191.3683
v 205.4803 323.4412 -184.4081
v 205.442 344.6315 -184.4599
v 204.0337 323.4412 -176.4159
v 204.0336 344.6316 -176.4159
v 197.3593 323.4411 -171.7876
v 197.3593 344.6316 -171.7876
v 190.2494 366.3191 -193.369
v 197.5169 366.3191 -192.0002
v 200.6651 366.3191 -178.3788
v 194.7642 366.3191 -174.0209
v 201.8199 366.319 -185.8065
v 188.1481 386.5098 -194.1669
v 194.1647 386.5097 -193.0741
v 196.759 386.5097 -181.7684
v 191.7611 386.5097 -178.2533
v 197.7661 386.5097 -187.8918
v 185.1487 409.6703 -196.0549
v 189.6059 409.6703 -195.2543
v 191.5025 409.6703 -187.1326
v 187.8306 409.6703 -184.5693
v 192.2399 409.6703 -191.5585
v 183.0779 421.3234 -198.249
v 186.8847 421.3235 -197.5628
v 188.4745 421.3234 -190.6042
v 185.3259 421.3234 -188.408
v 189.1204 421.3233 -194.3961
v 183.6505 428.7126 -195.6748
v 183.6505 428.7126 -195.6748
v 183.6505 428.7126 -195.6748
v 183.6505 428.7126 -195.6748
v 183.3797 409.6702 -185.3701
v 181.5196 421.3233 -189.0943
v 183.6505 428.7126 -195.6748
v 179.2849 421.3233 -192.2609
v 183.6505 428.7126 -195.6748
v 181.5196 421.3233 -189.0943
v 179.9301 421.3234 -196.0529
v 183.6505 428.7126 -195.6748
v 179.2849 421.3233 -192.2609
v 179.9301 421.3234 -196.0529
v 183.0779 421.3234 -198.249
v 183.6505 428.7126 -195.6748
v 185.8048 323.4412 -188.5975
v 192.8151 323.4412 -192.6107
v 185.961 344.6315 -188.2249
v 185.961 344.6315 -188.2249
v 192.8151 323.4412 -192.6107
v 192.2814 344.6316 -193.4927
v 184.264 366.319 -189.1252
v 190.2494 366.3191 -193.369
v 183.0772 366.3191 -181.7406
v 184.6929 344.6316 -179.9704
v 185.8048 323.4412 -188.5975
v 184.6941 323.4411 -179.9902
v 189.3671 344.6316 -173.2342
v 189.3671 323.4412 -173.2342
v 197.3593 344.6316 -171.7876
v 197.3593 323.4411 -171.7876
v 187.412 366.3191 -175.5037
v 194.7642 366.3191 -174.0209
v 183.1524 386.5097 -190.6488
v 188.1481 386.5098 -194.1669
v 182.1778 386.5097 -184.4812
v 185.7323 386.5097 -179.3622
v 191.7611 386.5097 -178.2533
v 181.4846 409.6703 -193.4917
v 185.1487 409.6703 -196.0549
v 180.7534 409.6703 -189.0661
v 183.3797 409.6702 -185.3701
v 187.8306 409.6703 -184.5693
v 179.9301 421.3234 -196.0529
v 183.0779 421.3234 -198.249
v 179.2849 421.3233 -192.2609
v 179.9301 421.3234 -196.0529
v 181.5196 421.3233 -189.0943
v 179.2849 421.3233 -192.2609
v 161.6914 324.3199 -252.1732
v 159.9531 326.0722 -244.6591
v 160.939 341.637 -253.4096
v 160.939 341.637 -253.4096
v 161.1548 342.4701 -246.4352
v 158.0047 325.899 -239.0131
v 156.8394 342.7487 -241.1397
v 153.3233 324.9881 -236.8787
v 150.2542 342.3162 -240.3819
v 158.5188 358.5671 -256.0057
v 159.0764 359.3069 -250.0618
v 155.2101 359.5576 -245.3053
v 149.1618 359.1742 -244.4927
v 157.3845 374.6297 -259.7199
v 157.8777 375.2436 -254.8083
v 153.5254 373.9663 -262.7809
v 153.8727 357.7712 -259.6667
v 160.939 341.637 -253.4096
v 155.4197 340.769 -257.0948
v 161.6914 324.3199 -252.1732
v 156.3116 323.3624 -256.2848
v 154.6429 375.4536 -250.8276
v 149.6444 375.1315 -250.2005
v 156.7103 393.0251 -264.6603
v 157.0823 393.4802 -261.0238
v 153.8931 392.539 -266.9093
v 154.7902 393.6369 -258.1342
v 151.1753 393.4032 -257.6881
v 156.4403 402.2524 -267.4342
v 156.688 402.5569 -264.9993
v 154.5469 401.9252 -268.9498
v 155.1449 402.6605 -263.0714
v 152.7147 402.5023 -262.7805
v 148.3563 392.9162 -259.9432
v 150.8211 402.1751 -264.2967
v 154.8655 408.1872 -267.5283
v 154.8655 408.1872 -267.5283
v 154.8655 408.1872 -267.5283
v 154.8655 408.1872 -267.5283
v 154.8655 408.1872 -267.5283
v 145.7871 374.4679 -253.264
v 150.5735 401.8706 -266.7312
v 154.8655 408.1872 -267.5283
v 152.1168 401.7672 -268.6584
v 154.8655 408.1872 -267.5283
v 154.5469 401.9252 -268.9498
v 154.8655 408.1872 -267.5283
v 152.1168 401.7672 -268.6584
v 149.4901 322.9175 -253.7753
v 156.3116 323.3624 -256.2848
v 148.7017 340.3446 -256.18
v 144.4955 340.6167 -251.0112
v 145.7524 323.1888 -247.4301
v 145.1543 341.4323 -244.4881
v 147.5703 324.0043 -240.4268
v 150.2542 342.3162 -240.3819
v 153.3233 324.9881 -236.8787
v 143.9581 357.6385 -254.0976
v 147.851 357.3858 -258.8887
v 155.4197 340.769 -257.0948
v 153.8727 357.7712 -259.6667
v 144.4456 358.3834 -248.062
v 149.1618 359.1742 -244.4927
v 148.4998 373.6462 -262.1185
v 153.5254 373.9663 -262.7809
v 145.304 373.8533 -258.1887
v 145.7871 374.4679 -253.264
v 149.6444 375.1315 -250.2005
v 150.2796 392.3059 -266.4586
v 153.8931 392.539 -266.9093
v 147.9857 392.4619 -263.5749
v 148.3563 392.9162 -259.9432
v 152.1168 401.7672 -268.6584
v 154.5469 401.9252 -268.9498
v 150.5735 401.8706 -266.7312
v 150.8211 402.1751 -264.2967
v 148.7017 340.3446 -256.18
v 207.6994 327.3077 -289.8875
v 201.8014 325.2458 -292.3593
v 204.965 343.6042 -295.4186
v 198.9404 341.3217 -298.3918
v 199.7189 322.5964 -298.1166
v 196.7879 338.5802 -304.3506
v 202.6561 320.8815 -303.8556
v 199.8873 335.9241 -312.5584
v 208.8922 321.1059 -306.2142
v 206.1234 336.1484 -314.9171
v 203.5539 360.3339 -301.6014
v 198.2173 358.4727 -303.8266
v 199.0218 353.5585 -316.6974
v 204.4714 353.6897 -317.9894
v 196.2788 356.0125 -309.1708
v 202.1959 376.1831 -306.6399
v 197.7687 374.6524 -308.452
v 198.4012 370.8311 -318.464
v 203.0822 370.9865 -320.2671
v 196.1458 372.5937 -312.9237
v 200.875 394.7318 -311.5947
v 197.5934 393.6001 -312.9304
v 198.0257 390.8296 -320.1768
v 201.4604 390.9488 -321.4872
v 196.385 392.1183 -316.1302
v 200.3647 404.4957 -313.0642
v 197.5622 403.5284 -314.2068
v 196.5434 402.2632 -316.9449
v 197.9055 401.441 -319.6746
v 214.0571 327.7573 -291.7305
v 207.6994 327.3077 -289.8875
v 211.0713 343.5934 -298.314
v 204.965 343.6042 -295.4186
v 213.9293 341.7751 -304.2787
v 216.8728 325.817 -297.9852
v 212.0056 338.1804 -312.5139
v 214.7744 323.1378 -303.8111
v 209.1676 360.5116 -303.7864
v 203.5539 360.3339 -301.6014
v 211.765 358.8958 -309.1139
v 209.9722 355.5974 -316.6573
v 206.8758 376.3373 -308.4457
v 202.1959 376.1831 -306.6399
v 209.0323 374.9845 -312.8979
v 207.5153 372.5238 -318.441
v 209.9722 355.5974 -316.6573
v 203.0822 370.9865 -320.2671
v 204.3037 394.8493 -312.9062
v 200.875 394.7318 -311.5947
v 205.8759 393.8852 -316.0958
v 204.7373 392.0791 -320.1524
v 201.4604 390.9488 -321.4872
v 203.3088 404.5981 -314.1866
v 200.3647 404.4957 -313.0642
v 204.6704 403.7759 -316.9163
v 203.3088 404.5981 -314.1866
v 203.6524 402.5107 -319.6543
v 204.6704 403.7759 -316.9163
v 200.8503 401.5438 -320.7968
v 199.4754 409.2929 -317.274
v 197.9055 401.441 -319.6746
v 199.4754 409.2929 -317.274
v 198.0257 390.8296 -320.1768
v 203.3088 404.5981 -314.1866
v 199.4754 409.2929 -317.274
v 204.4714 353.6897 -317.9894
v 212.0056 338.1804 -312.5139
v 209.9722 355.5974 -316.6573
v 206.1234 336.1484 -314.9171
v 204.4714 353.6897 -317.9894
v 209.9722 355.5974 -316.6573
v 203.0822 370.9865 -320.2671
v 204.6704 403.7759 -316.9163
v 199.4754 409.2929 -317.274
v 203.6524 402.5107 -319.6543
v 203.3088 404.5981 -314.1866
v 200.3647 404.4957 -313.0642
v 199.4754 409.2929 -317.274
v 199.4754 409.2929 -317.274
v 196.5434 402.2632 -316.9449
v 197.9055 401.441 -319.6746
v 199.4754 409.2929 -317.274
v 197.5622 403.5284 -314.2068
v 199.4754 409.2929 -317.274
v 200.3647 404.4957 -313.0642
v 197.5622 403.5284 -314.2068
v 214.7744 323.1378 -303.8111
v 212.0056 338.1804 -312.5139
v 219.3327 323.0159 -294.6559
v 210.4551 314.4838 -292.8568
v 218.1278 322.6241 -326.9489
v 205.628 313.9393 -323.6171
v 228.8271 319.4273 -330.6811
v 209.5853 322.835 -355.3692
v 222.5512 319.0872 -358.3536
v 230.3754 304.8708 -360.4177
v 219.2948 326.9654 -385.837
v 226.1691 316.2537 -387.6229
v 225.5338 301.6101 -387.1733
v 228.7439 290.0936 -359.4641
v 233.7006 302.8763 -331.6337
v 228.8271 319.4273 -330.6811
v 230.7076 320.4811 -297.2576
v 231.336 283.398 -331.5334
v 238.6371 305.2035 -299.4468
v 230.7076 320.4811 -297.2576
v 237.46 289.2933 -299.5336
v 220.5613 331.1156 -416.0264
v 214.6366 342.1573 -412.2405
v 207.5191 331.3348 -383.1052
v 218.4 321.5659 -418.4563
v 207.6392 354.6942 -443.4783
v 204.3819 360.3617 -439.5137
v 205.3091 345.7043 -409.0145
v 207.5191 331.3348 -383.1052
v 206.0425 348.0775 -445.8736
v 201.9176 365.4078 -454.329
v 199.0686 369.3851 -446.9964
v 197.9886 361.4411 -436.3705
v 205.3091 345.7043 -409.0145
v 195.3345 370.0981 -444.5771
v 200.8314 360.7064 -454.4067
v 196.8802 375.8486 -458.0013
v 193.8907 378.1788 -454.2885
v 191.5144 378.3258 -457.961
v 192.7483 378.5347 -452.5747
v 195.3345 370.0981 -444.5771
v 219.2948 326.9654 -385.837
v 209.5853 322.835 -355.3692
v 230.7076 320.4811 -297.2576
v 219.3327 323.0159 -294.6559
v 228.8271 319.4273 -330.6811
v 209.5853 322.835 -355.3692
v 197.9715 313.6158 -356.1224
v 207.5191 331.3348 -383.1052
v 199.4884 322.5005 -379.7686
v 207.5191 331.3348 -383.1052
v 205.3091 345.7043 -409.0145
v 205.3091 345.7043 -409.0145
v 199.1865 338.4376 -408.6865
v 197.9886 361.4411 -436.3705
v 197.9886 361.4411 -436.3705
v 199.1865 338.4376 -408.6865
v 192.4812 357.0255 -436.1317
v 195.3345 370.0981 -444.5771
v 191.8195 366.9935 -444.5799
v 192.7483 378.5347 -452.5747
v 191.1747 376.7076 -452.8129
v 191.5144 378.3258 -457.961
v 200.8314 360.7064 -454.4067
v 207.6392 354.6942 -443.4783
v 201.9176 365.4078 -454.329
v 200.8314 360.7064 -454.4067
v 201.9176 365.4078 -454.329
v 195.2543 373.0137 -458.5823
v 196.8802 375.8486 -458.0013
v 191.5144 378.3258 -457.961
v 195.2543 373.0137 -458.5823
v 191.5144 378.3258 -457.961
v 192.8028 371.0824 -458.794
v 191.5144 378.3258 -457.961
v 191.1747 376.7076 -452.8129
v 189.7988 373.7679 -454.8641
v 227.8686 280.9451 -297.4926
v 237.46 289.2933 -299.5336
v 223.5529 273.4378 -329.2753
v 223.5529 273.4378 -329.2753
v 231.336 283.398 -331.5334
v 218.1937 280.9097 -357.305
v 212.86 277.1454 -326.0458
v 227.8686 280.9451 -297.4926
v 223.5529 273.4378 -329.2753
v 216.4905 284.8654 -294.8596
v 203.2152 293.9694 -323.5168
v 209.2774 298.7576 -292.9394
v 205.628 313.9393 -323.6171
v 210.4551 314.4838 -292.8568
v 196.0729 297.274 -356.0573
v 205.2713 284.9628 -354.3235
v 223.5529 273.4378 -329.2753
v 218.1937 280.9097 -357.305
v 197.9715 313.6158 -356.1224
v 204.6274 297.0804 -382.5938
v 197.6996 309.8738 -379.6579
v 199.4884 322.5005 -379.7686
v 198.0564 325.854 -410.9272
v 201.371 317.8445 -414.7267
v 216.4041 292.7213 -385.3256
v 218.1937 280.9097 -357.305
v 199.1865 338.4376 -408.6865
v 191.2428 350.0926 -438.821
v 194.7137 344.8951 -442.657
v 210.7134 314.3055 -417.9549
v 216.4041 292.7213 -385.3256
v 192.4812 357.0255 -436.1317
v 190.5115 362.0829 -446.946
v 192.9408 358.3376 -449.9615
v 200.7481 344.1361 -445.5038
v 210.7134 314.3055 -417.9549
v 218.4 321.5659 -418.4563
v 206.0425 348.0775 -445.8736
v 196.7242 357.7831 -452.2346
v 191.8195 366.9935 -444.5799
v 191.1747 376.7076 -452.8129
v 189.7988 373.7679 -454.8641
v 191.213 371.4379 -457.0799
v 191.5144 378.3258 -457.961
v 192.8028 371.0824 -458.794
v 210.7134 314.3055 -417.9549
v 225.5338 301.6101 -387.1733
v 216.4041 292.7213 -385.3256
v 228.7439 290.0936 -359.4641
v 218.1937 280.9097 -357.305
v 231.336 283.398 -331.5334
v 218.1937 280.9097 -357.305
v 216.4041 292.7213 -385.3256
v 216.4041 292.7213 -385.3256
v 210.7134 314.3055 -417.9549
v 191.5144 378.3258 -457.961
v 191.213 371.4379 -457.0799
v 192.8028 371.0824 -458.794
v 196.7242 357.7831 -452.2346
v 206.0425 348.0775 -445.8736
v 200.8314 360.7064 -454.4067
v 196.7242 357.7831 -452.2346
v 200.8314 360.7064 -454.4067
v 192.8028 371.0824 -458.794
v 280.8025 322.091 -208.4503
v 289.6181 318.9752 -220.9683
v 300.9269 319.3073 -189.7705
v 307.3424 316.5049 -200.3322
v 297.0553 313.5879 -181.4535
v 294.4032 307.1941 -227.3843
v 311.9016 302.0491 -206.4592
v 292.3997 293.5056 -223.9989
v 310.677 286.3587 -204.1166
v 326.3907 319.9982 -175.677
v 331.5867 315.4612 -183.0955
v 326.3907 319.9982 -175.677
v 320.6573 313.2376 -168.4246
v 326.3907 319.9982 -175.677
v 272.8434 315.5941 -196.7992
v 334.4743 303.587 -188.244
v 333.531 291.2594 -188.1076
v 351.3192 326.8142 -157.1342
v 356.9077 322.8336 -165.0264
v 351.3192 326.8142 -157.1342
v 345.6574 319.9361 -149.7637
v 351.3192 326.8142 -157.1342
v 359.525 310.0309 -169.9402
v 357.4804 296.1859 -168.904
v 378.123 340.5519 -142.7963
v 372.9996 343.847 -136.6665
v 369.9355 338.2496 -130.9746
v 382.2989 330.2958 -145.7656
v 383.0756 319.0876 -143.8278
v 392.9532 358.9346 -124.3541
v 388.7161 359.9296 -120.7317
v 372.9996 343.847 -136.6665
v 387.0077 356.6496 -116.2937
v 369.9355 338.2496 -130.9746
v 396.9791 354.4657 -124.9456
v 398.4373 349.3893 -122.3634
v 401.2347 380.0032 -105.5266
v 403.6814 379.5441 -107.6363
v 406.1119 382.3359 -101.709
v 400.3065 378.5949 -102.7628
v 406.1119 382.3359 -101.709
v 406.2137 377.4868 -107.8558
v 406.1119 382.3359 -101.709
v 407.3471 375.0362 -106.0561
v 406.1119 382.3359 -101.709
v 351.3192 326.8142 -157.1342
v 356.9077 322.8336 -165.0264
v 351.3192 326.8142 -157.1342
v 372.9996 343.847 -136.6665
v 406.1119 382.3359 -101.709
v 406.4188 373.628 -103.2917
v 400.3065 378.5949 -102.7628
v 406.1119 382.3359 -101.709
v 401.4407 376.1445 -100.9635
v 401.4407 376.1445 -100.9635
v 406.1119 382.3359 -101.709
v 403.9724 374.0871 -101.1823
v 388.785 351.321 -113.8407
v 392.7743 347.2186 -114.6907
v 406.4188 373.628 -103.2917
v 406.1119 382.3359 -101.709
v 370.7188 327.04 -129.0455
v 369.9355 338.2496 -130.9746
v 345.6574 319.9361 -149.7637
v 344.4131 305.9818 -148.6064
v 320.6573 313.2376 -168.4246
v 319.1526 300.0528 -166.781
v 297.0553 313.5879 -181.4535
v 347.8382 293.3362 -154.3463
v 322.4579 288.0955 -171.8104
v 297.3305 299.5683 -182.5199
v 297.0553 313.5879 -181.4535
v 302.6339 285.4717 -189.71
v 271.1806 300.8251 -193.8615
v 272.8434 315.5941 -196.7992
v 276.011 288.9004 -200.3368
v 307.2489 280.282 -197.534
v 328.1469 284.2793 -180.8212
v 328.1469 284.2793 -180.8212
v 352.6366 289.3155 -162.4252
v 352.6366 289.3155 -162.4252
v 272.8434 315.5941 -196.7992
v 352.6366 289.3155 -162.4252
v 380.0029 313.492 -138.1248
v 374.8863 316.7857 -132.004
v 396.6905 346.4792 -118.1842
v 398.4373 349.3893 -122.3634
v 383.0756 319.0876 -143.8278
v 352.6366 289.3155 -162.4252
v 407.3471 375.0362 -106.0561
v 284.7815 285.9282 -212.7955
v 276.011 288.9004 -200.3368
v 307.2489 280.282 -197.534
v 310.677 286.3587 -204.1166
v 284.7815 285.9282 -212.7955
v 307.2489 280.282 -197.534
v 292.3997 293.5056 -223.9989
v 333.531 291.2594 -188.1076
v 328.1469 284.2793 -180.8212
v 357.4804 296.1859 -168.904
v 352.6366 289.3155 -162.4252
v 357.4804 296.1859 -168.904
v 352.6366 289.3155 -162.4252
v 383.0756 319.0876 -143.8278
v 387.0077 356.6496 -116.2937
v 400.3065 378.5949 -102.7628
v 213.6528 294.6795 -184.2338
v 220.6056 290.0566 -178.0163
v 197.918 301.3976 -162.063
v 209.0748 298.145 -155.4788
v 188.3156 298.9415 -163.7329
v 204.565 291.0458 -186.2327
v 191.0067 315.2324 -142.5314
v 178.7732 311.4098 -145.8991
v 171.5906 328.0809 -129.4526
v 182.0289 332.8173 -126.5942
v 197.3165 311.092 -136.8964
v 209.0748 298.145 -155.4788
v 165.9739 318.578 -126.0921
v 173.7828 302.3517 -142.524
v 188.3156 298.9415 -163.7329
v 168.9961 336.3561 -122.733
v 178.4682 340.2807 -120.6406
v 189.3284 329.0658 -120.7645
v 197.3165 311.092 -136.8964
v 184.7498 338.0299 -114.6152
v 190.0866 319.6005 -114.4113
v 196.8368 302.0689 -131.4091
v 197.3165 311.092 -136.8964
v 207.1242 288.1059 -150.0441
v 162.8278 330.099 -118.3925
v 185.8104 332.0282 -106.8393
v 172.4942 355.7572 -113.5337
v 177.4046 353.8782 -108.2479
v 166.7929 375.0089 -111.0107
v 170.4292 375.1059 -106.8027
v 161.1532 375.5796 -110.748
v 163.4247 353.8455 -114.9977
v 178.446 349.8921 -100.0709
v 170.2368 375.7849 -100.1308
v 165.8635 404.308 -110.6164
v 168.1061 404.1073 -108.3349
v 162.6835 404.3544 -110.6395
v 165.8635 404.308 -110.6164
v 170.2368 375.7849 -100.1308
v 169.1969 403.8783 -104.6168
v 158.1991 350.0734 -109.5563
v 220.6056 290.0566 -178.0163
v 221.3335 279.0857 -170.724
v 209.0748 298.145 -155.4788
v 209.0748 298.145 -155.4788
v 221.3335 279.0857 -170.724
v 207.1242 288.1059 -150.0441
v 197.3165 311.092 -136.8964
v 178.446 349.8921 -100.0709
v 171.4184 346.1073 -95.47508
v 170.2368 375.7849 -100.1308
v 170.2368 375.7849 -100.1308
v 171.4184 346.1073 -95.47508
v 166.9168 376.6083 -96.42603
v 169.1969 403.8783 -104.6168
v 164.4877 407.4576 -107.6046
v 165.8635 404.308 -110.6164
v 168.1061 404.1073 -108.3349
v 169.1969 403.8783 -104.6168
v 162.6835 404.3544 -110.6395
v 165.8635 404.308 -110.6164
v 164.4877 407.4576 -107.6046
v 162.6835 404.3544 -110.6395
v 164.4877 407.4576 -107.6046
v 160.4286 404.2193 -108.391
v 160.4286 404.2193 -108.391
v 164.4877 407.4576 -107.6046
v 160.4191 403.982 -105.188
v 160.4191 403.982 -105.188
v 164.4877 407.4576 -107.6046
v 162.6612 403.7812 -102.9069
v 164.4877 407.4576 -107.6046
v 167.9161 403.7509 -101.9121
v 162.6612 403.7812 -102.9069
v 164.4877 407.4576 -107.6046
v 169.1969 403.8783 -104.6168
v 167.9161 403.7509 -101.9121
v 169.1969 403.8783 -104.6168
v 166.9168 376.6083 -96.42603
v 167.9161 403.7509 -101.9121
v 198.6176 279.0393 -181.4433
v 204.565 291.0458 -186.2327
v 185.1929 289.6472 -159.8473
v 185.1929 289.6472 -159.8473
v 204.565 291.0458 -186.2327
v 188.3156 298.9415 -163.7329
v 173.7828 302.3517 -142.524
v 174.8039 293.277 -136.2939
v 188.194 279.8949 -152.2511
v 198.6176 279.0393 -181.4433
v 199.3426 267.9378 -174.0698
v 195.4711 275.4191 -146.7385
v 206.2982 263.4455 -167.9335
v 185.4366 289.4649 -128.8486
v 185.4366 289.4649 -128.8486
v 167.5196 310.0245 -119.0251
v 165.9739 318.578 -126.0921
v 174.9168 306.244 -113.1308
v 184.2056 310.1769 -111.2262
v 164.084 325.2737 -110.0417
v 162.8278 330.099 -118.3925
v 170.9447 323.0723 -103.7989
v 179.3595 325.8528 -102.7325
v 185.8104 332.0282 -106.8393
v 190.0866 319.6005 -114.4113
v 192.2974 293.4133 -128.1028
v 185.4366 289.4649 -128.8486
v 195.4711 275.4191 -146.7385
v 199.7874 278.2878 -147.298
v 206.2982 263.4455 -167.9335
v 215.4071 268.063 -166.5476
v 207.1242 288.1059 -150.0441
v 221.3335 279.0857 -170.724
v 196.8368 302.0689 -131.4091
v 159.577 346.6488 -100.5396
v 158.1991 350.0734 -109.5563
v 156.9448 377.0494 -100.7223
v 157.1102 376.4337 -106.3691
v 163.4247 353.8455 -114.9977
v 161.1532 375.5796 -110.748
v 160.5098 377.1093 -96.92893
v 164.2922 344.7698 -95.34697
v 166.9168 376.6083 -96.42603
v 160.4286 404.2193 -108.391
v 162.6835 404.3544 -110.6395
v 160.4191 403.982 -105.188
v 160.4286 404.2193 -108.391
v 162.6612 403.7812 -102.9069
v 160.4191 403.982 -105.188
v 167.9161 403.7509 -101.9121
v 171.4184 346.1073 -95.47508
v 178.446 349.8921 -100.0709
v 168.9961 336.3561 -122.733
v 290.2403 323.1252 -264.317
v 286.7539 312.9882 -270.6361
v 321.4619 317.3322 -274.1808
v 321.4619 317.3322 -274.1808
v 316.9374 309.3043 -280.775
v 346.1431 319.607 -290.5071
v 326.8562 316.6597 -267.5213
v 290.2403 323.1252 -264.317
v 321.4619 317.3322 -274.1808
v 296.3244 322.9191 -254.0444
v 326.8562 316.6597 -267.5213
v 329.6371 305.5677 -262.3271
v 296.3244 322.9191 -254.0444
v 326.8562 316.6597 -267.5213
v 301.8255 309.3952 -245.319
v 296.3244 322.9191 -254.0444
v 329.6371 305.5677 -262.3271
v 330.4634 291.3575 -261.5304
v 303.1377 293.571 -243.7691
v 357.0955 295.7079 -273.0075
v 356.295 308.8823 -273.8044
v 326.8562 316.6597 -267.5213
v 381.7663 302.7314 -288.7057
v 380.6165 316.0199 -290.0884
v 351.7599 318.7483 -281.0518
v 326.8562 316.6597 -267.5213
v 321.4619 317.3322 -274.1808
v 346.1431 319.607 -290.5071
v 376.1805 326.6424 -297.1363
v 371.0735 328.1518 -305.7024
v 399.453 347.0638 -318.9616
v 395.0832 348.1698 -324.8612
v 404.1978 339.4066 -314.7374
v 399.453 347.0638 -318.9616
v 406.5397 329.6875 -314.6591
v 418.788 369.6567 -336.6902
v 423.1497 366.797 -337.7649
v 427.1263 362.2345 -340.8488
v 436.5862 389.873 -359.8429
v 434.752 392.9293 -358.4174
v 434.632 397.0133 -366.6031
v 418.788 369.6567 -336.6902
v 399.453 347.0638 -318.9616
v 395.0832 348.1698 -324.8612
v 413.59 368.8932 -340.9806
v 393.6445 342.0704 -328.9874
v 413.207 364.842 -346.2387
v 428.9128 394.4626 -362.0016
v 431.5737 394.8305 -359.3114
v 428.9128 394.4626 -362.0016
v 434.632 397.0133 -366.6031
v 371.0735 328.1518 -305.7024
v 368.2679 319.9262 -310.7908
v 395.0832 348.1698 -324.8612
v 393.6445 342.0704 -328.9874
v 346.1431 319.607 -290.5071
v 316.9374 309.3043 -280.775
v 343.7045 311.0807 -295.0378
v 371.0735 328.1518 -305.7024
v 368.2679 319.9262 -310.7908
v 428.9128 394.4626 -362.0016
v 413.207 364.842 -346.2387
v 429.2166 392.0408 -363.7699
v 434.632 397.0133 -366.6031
v 434.632 397.0133 -366.6031
v 429.2166 392.0408 -363.7699
v 430.5427 388.9839 -366.2116
v 431.5737 394.8305 -359.3114
v 434.632 397.0133 -366.6031
v 434.752 392.9293 -358.4174
v 418.788 369.6567 -336.6902
v 434.632 397.0133 -366.6031
v 436.0016 387.4513 -362.7531
v 434.632 397.0133 -366.6031
v 433.3406 387.0829 -365.4442
v 436.0016 387.4513 -362.7531
v 434.632 397.0133 -366.6031
v 430.5427 388.9839 -366.2116
v 299.6289 283.6142 -250.1185
v 303.1377 293.571 -243.7691
v 327.7824 283.1076 -264.9997
v 330.4634 291.3575 -261.5304
v 353.6973 286.8409 -279.124
v 322.8172 284.1635 -271.8997
v 299.6289 283.6142 -250.1185
v 327.7824 283.1076 -264.9997
v 293.3768 285.1769 -260.6176
v 317.789 294.7372 -279.9508
v 288.0438 297.3441 -269.1164
v 316.9374 309.3043 -280.775
v 286.7539 312.9882 -270.6361
v 348.0689 287.9454 -288.5886
v 353.6973 286.8409 -279.124
v 344.5005 297.9992 -294.2444
v 343.7045 311.0807 -295.0378
v 373.8574 295.9642 -302.356
v 369.4302 306.4701 -309.3943
v 368.2679 319.9262 -310.7908
v 395.9825 332.3438 -328.9172
v 400.7304 324.6926 -324.6863
v 393.6445 342.0704 -328.9874
v 417.6709 360.1601 -349.1569
v 413.207 364.842 -346.2387
v 429.2166 392.0408 -363.7699
v 430.5427 388.9839 -366.2116
v 353.6973 286.8409 -279.124
v 330.4634 291.3575 -261.5304
v 357.0955 295.7079 -273.0075
v 353.6973 286.8409 -279.124
v 357.0955 295.7079 -273.0075
v 378.9637 294.463 -293.7905
v 378.9637 294.463 -293.7905
v 381.7663 302.7314 -288.7057
v 373.8574 295.9642 -302.356
v 353.6973 286.8409 -279.124
v 378.9637 294.463 -293.7905
v 378.9637 294.463 -293.7905
v 381.7663 302.7314 -288.7057
v 405.1044 323.5943 -318.7784
v 406.5397 329.6875 -314.6591
v 426.5258 358.5327 -345.8149
v 427.1263 362.2345 -340.8488
v 421.8187 357.647 -349.9404
v 400.7304 324.6926 -324.6863
v 436.0016 387.4513 -362.7531
v 436.5862 389.873 -359.8429
v 433.3406 387.0829 -365.4442
v 373.8574 295.9642 -302.356
v 378.9637 294.463 -293.7905
v 400.7304 324.6926 -324.6863
v 400.7304 324.6926 -324.6863
v 405.1044 323.5943 -318.7784
v 417.6709 360.1601 -349.1569
v 421.8187 357.647 -349.9404
v 430.5427 388.9839 -366.2116
v 400.7304 324.6926 -324.6863
v 430.5427 388.9839 -366.2116
v 421.8187 357.647 -349.9404
v 433.3406 387.0829 -365.4442
v 192.8028 371.0824 -458.794
v 200.8314 360.7064 -454.4067
v 195.2543 373.0137 -458.5823
v 314.2551 260.3512 -173.6019
v 318.1461 257.2065 -182.133
v 328.8779 258.9004 -164.1553
v 331.5204 256.1834 -171.2239
v 327.6373 255.895 -159.008
v 346.3826 259.1037 -158.4026
v 343.8689 255.5582 -152.7265
v 346.3826 259.1037 -158.4026
v 362.0754 259.7555 -145.2169
v 364.2768 263.4618 -150.2699
v 342.7107 247.4469 -150.605
v 360.9966 251.1181 -143.3714
v 318.1461 257.2065 -182.133
v 319.9825 249.1853 -185.8156
v 331.5204 256.1834 -171.2239
v 331.5204 256.1834 -171.2239
v 319.9825 249.1853 -185.8156
v 331.4443 247.7485 -171.2599
v 348.5853 255.5512 -163.2647
v 346.3826 259.1037 -158.4026
v 331.5204 256.1834 -171.2239
v 348.5853 255.5512 -163.2647
v 364.2768 263.4618 -150.2699
v 348.5853 255.5512 -163.2647
v 366.685 260.2112 -155.5093
v 310.488 257.3641 -165.0249
v 314.2551 260.3512 -173.6019
v 327.6373 255.895 -159.008
v 348.5853 255.5512 -163.2647
v 331.4443 247.7485 -171.2599
v 349.3908 247.6361 -165.9395
v 366.685 260.2112 -155.5093
v 367.3209 251.7398 -157.9424
v 348.4296 239.9425 -164.875
v 330.4634 238.0952 -168.5608
v 383.931 273.0349 -147.5901
v 381.1752 276.1861 -142.7297
v 364.2768 263.4618 -150.2699
v 386.177 265.0406 -149.4536
v 365.7344 243.199 -156.088
v 386.5944 256.8877 -147.2225
v 390.0219 286.2491 -139.4354
v 393.7132 285.0285 -142.8182
v 388.9193 283.8788 -134.8737
v 379.5267 272.6465 -137.7254
v 364.2768 263.4618 -150.2699
v 362.0754 259.7555 -145.2169
v 397.5896 281.1289 -142.9714
v 399.356 277.0278 -140.0235
v 394.5642 293.7005 -136.8409
v 397.0663 292.1911 -139.1128
v 393.4434 291.8491 -132.789
v 394.5642 293.7005 -136.8409
v 400.722 289.2875 -138.9293
v 402.396 286.1268 -136.0366
v 401.3681 297.5355 -133.1793
v 399.0187 297.7027 -131.8294
v 394.5642 293.7005 -136.8409
v 401.8095 301.4153 -128.8725
v 402.6548 296.7568 -132.543
v 401.8095 301.4153 -128.8725
v 403.7945 295.4822 -130.4541
v 401.8095 301.4153 -128.8725
v 402.2105 285.1333 -132.649
v 394.5642 293.7005 -136.8409
v 398.164 296.9197 -129.3982
v 399.3041 295.6452 -127.3096
v 401.8095 301.4153 -128.8725
v 399.0187 297.7027 -131.8294
v 401.8095 301.4153 -128.8725
v 401.8095 301.4153 -128.8725
v 402.9391 294.6992 -128.0225
v 401.7708 294.6257 -126.7868
v 401.8095 301.4153 -128.8725
v 331.4443 247.7485 -171.2599
v 318.705 240.8904 -182.5239
v 330.4634 238.0952 -168.5608
v 309.3347 248.3468 -161.9728
v 310.488 257.3641 -165.0249
v 327.2363 247.0079 -158.7072
v 327.2363 247.0079 -158.7072
v 310.488 257.3641 -165.0249
v 327.6373 255.895 -159.008
v 342.7107 247.4469 -150.605
v 343.3855 239.4828 -153.3038
v 328.8702 237.5731 -161.9196
v 309.3347 248.3468 -161.9728
v 311.1876 240.2296 -165.6871
v 328.9221 234.8486 -163.6672
v 345.7286 236.2598 -159.2582
v 345.7286 236.2598 -159.2582
v 361.3826 242.7626 -145.7786
v 360.9966 251.1181 -143.3714
v 363.2766 239.5099 -151.0402
v 363.2766 239.5099 -151.0402
v 382.1892 256.5 -137.3559
v 379.9477 264.4918 -135.5012
v 384.9415 253.3508 -142.2091
v 394.7892 275.9373 -132.4615
v 398.182 274.9492 -135.7445
v 384.9415 253.3508 -142.2091
v 390.9821 279.548 -132.0264
v 379.5267 272.6465 -137.7254
v 399.356 277.0278 -140.0235
v 386.5944 256.8877 -147.2225
v 398.9106 285.8209 -129.9446
v 395.2972 288.5493 -129.9575
v 388.9193 283.8788 -134.8737
v 393.4434 291.8491 -132.789
v 402.2105 285.1333 -132.649
v 402.396 286.1268 -136.0366
v 399.3041 295.6452 -127.3096
v 402.9391 294.6992 -128.0225
v 403.7945 295.4822 -130.4541
v 401.7708 294.6257 -126.7868
v 401.7708 294.6257 -126.7868
v 401.7708 294.6257 -126.7868
v 362.0754 259.7555 -145.2169
v 343.8689 255.5582 -152.7265
v 315.062 237.1809 -174.1864
v 328.9221 234.8486 -163.6672
v 330.4634 238.0952 -168.5608
v 315.062 237.1809 -174.1864
v 328.9221 234.8486 -163.6672
v 318.705 240.8904 -182.5239
v 348.4296 239.9425 -164.875
v 345.7286 236.2598 -159.2582
v 365.7344 243.199 -156.088
v 363.2766 239.5099 -151.0402
v 367.3209 251.7398 -157.9424
v 363.2766 239.5099 -151.0402
v 361.3826 242.7626 -145.7786
v 384.9415 253.3508 -142.2091
v 365.7344 243.199 -156.088
v 363.2766 239.5099 -151.0402
v 386.5944 256.8877 -147.2225
v 363.2766 239.5099 -151.0402
v 384.9415 253.3508 -142.2091
v 319.9825 249.1853 -185.8156
v 318.705 240.8904 -182.5239
v 331.4443 247.7485 -171.2599
v 330.4634 238.0952 -168.5608
v 349.3908 247.6361 -165.9395
v 399.3041 295.6452 -127.3096
v 401.8095 301.4153 -128.8725
v 401.7708 294.6257 -126.7868
v 339.7213 271.1186 -282.3141
v 339.7043 263.524 -287.329
v 356.432 267.0958 -278.4299
v 356.432 267.0958 -278.4299
v 339.7043 263.524 -287.329
v 356.8689 260.2923 -285.43
v 339.9597 251.4725 -287.2649
v 357.0438 249.5083 -285.3031
v 375.4363 272.8739 -279.9454
v 375.8538 264.0763 -284.8048
v 375.4363 272.8739 -279.9454
v 395.1784 276.366 -279.8828
v 395.6442 268.3188 -284.7541
v 413.4883 283.3225 -282.2103
v 414.3615 277.4648 -285.9779
v 429.4592 290.0706 -285.9495
v 430.7097 286.0661 -288.9427
v 442.9282 303.3078 -290.815
v 444.8035 301.6965 -292.8667
v 375.1912 251.0489 -283.0036
v 394.9117 255.0558 -282.8192
v 355.6906 268.8434 -267.7654
v 339.7213 271.1186 -282.3141
v 356.432 267.0958 -278.4299
v 338.8518 273.3264 -269.3827
v 355.4633 263.2342 -256.9719
v 375.3455 272.8117 -267.2207
v 374.5667 263.7849 -256.8345
v 393.0559 265.847 -259.1531
v 394.5366 275.2264 -270.0021
v 375.4363 272.8739 -279.9454
v 356.432 267.0958 -278.4299
v 395.1784 276.366 -279.8828
v 414.4564 282.8991 -273.9071
v 413.4883 283.3225 -282.2103
v 415.451 275.9113 -267.912
v 416.7704 266.8361 -266.328
v 430.0561 290.5139 -280.7447
v 432.0495 287.2718 -276.6663
v 444.8616 302.8204 -287.0254
v 434.1738 282.4944 -276.0464
v 392.6494 252.7724 -257.661
v 444.8616 302.8204 -287.0254
v 338.4414 264.619 -259.9795
v 338.8518 273.3264 -269.3827
v 355.4633 263.2342 -256.9719
v 355.4633 263.2342 -256.9719
v 374.5667 263.7849 -256.8345
v 430.0561 290.5139 -280.7447
v 413.4883 283.3225 -282.2103
v 429.4592 290.0706 -285.9495
v 443.2722 303.522 -289.0913
v 442.9282 303.3078 -290.815
v 444.8616 302.8204 -287.0254
v 443.2722 303.522 -289.0913
v 442.9282 303.3078 -290.815
v 445.617 303.0177 -290.1123
v 444.8616 302.8204 -287.0254
v 444.8616 302.8204 -287.0254
v 447.0187 301.1924 -286.7192
v 442.9282 303.3078 -290.815
v 444.8035 301.6965 -292.8667
v 447.0187 301.1924 -286.7192
v 445.617 303.0177 -290.1123
v 447.1674 300.5284 -287.2635
v 447.7108 300.4991 -289.9653
v 447.1674 300.5284 -287.2635
v 446.0843 300.879 -292.2441
v 444.8035 301.6965 -292.8667
v 434.1738 282.4944 -276.0464
v 444.8616 302.8204 -287.0254
v 447.0187 301.1924 -286.7192
v 338.6987 252.4317 -259.8986
v 338.4414 264.619 -259.9795
v 355.9549 252.5498 -257.3705
v 355.4633 263.2342 -256.9719
v 356.5276 243.7309 -267.6161
v 339.4841 243.0726 -269.0856
v 356.6801 242.7381 -277.2984
v 339.5353 243.7884 -277.9869
v 357.0438 249.5083 -285.3031
v 339.9597 251.4725 -287.2649
v 373.5249 250.1719 -256.1959
v 372.8784 240.6691 -264.3404
v 373.9761 241.3103 -275.626
v 375.1912 251.0489 -283.0036
v 392.2366 244.2354 -263.9339
v 393.2411 245.2839 -273.9095
v 394.9117 255.0558 -282.8192
v 416.6755 261.4002 -278.4005
v 415.6818 268.3822 -284.4022
v 414.3615 277.4648 -285.9779
v 432.952 281.1402 -287.9598
v 434.7982 278.2559 -283.8486
v 416.761 260.6042 -271.4937
v 392.2366 244.2354 -263.9339
v 435.2757 278.8505 -279.0085
v 416.7704 266.8361 -266.328
v 392.6494 252.7724 -257.661
v 392.2366 244.2354 -263.9339
v 434.1738 282.4944 -276.0464
v 430.7097 286.0661 -288.9427
v 447.1674 300.5284 -287.2635
v 447.0187 301.1924 -286.7192
v 447.7108 300.4991 -289.9653
v 447.1674 300.5284 -287.2635
v 446.0843 300.879 -292.2441
v 444.8035 301.6965 -292.8667
v 444.8035 301.6965 -292.8667
v 355.4633 263.2342 -256.9719
v 374.5667 263.7849 -256.8345
v 373.5249 250.1719 -256.1959
v 374.5667 263.7849 -256.8345
v 392.6494 252.7724 -257.661
v 392.2366 244.2354 -263.9339
v 392.6494 252.7724 -257.661
v 374.5667 263.7849 -256.8345
v 393.0559 265.847 -259.1531
v 296.6815 192.6786 -155.2868
v 342.7014 192.6786 -284.4059
v 291.0924 173.2251 -157.8937
v 330.384 144.7796 -290.4316
v 263.9689 68.71332 -170.5447
v 314.227 68.71333 -299.5417
v 360.6105 266.0946 -276.0526
v 317.7746 266.0945 -145.4485
v 108.2907 192.6786 -242.6649
v 113.1426 173.2251 -240.4019
v 201.713 192.6786 -350.6245
v 203.9096 173.2251 -349.5999
v 209.4886 68.71333 -347.9501
v 138.2749 68.71332 -228.6796
v 186.4817 266.0945 -357.7287
v 89.98003 266.0946 -251.2054
v 222.7892 136.0341 -340.5976
v 201.713 192.6786 -350.6245
v 203.9096 173.2251 -349.5999
v 220.3352 163.278 -341.7662
v 228.8055 68.71332 -338.7007
v 209.4886 68.71333 -347.9501
v 186.4817 266.0945 -357.7287
v 209.8795 266.0946 -346.7335
v 220.6442 136.0341 -335.999
v 220.3352 163.278 -341.7662
v 222.7892 136.0341 -340.5976
v 218.185 163.278 -337.1564
v 227.6589 68.71331 -332.7777
v 228.8055 68.71332 -338.7007
v 209.8795 266.0946 -346.7335
v 207.71 266.0946 -342.0818
v 227.6589 68.71331 -332.7777
v 245.6972 68.71331 -324.85
v 220.6442 136.0341 -335.999
v 237.0739 133.5434 -328.5445
v 270.3313 68.71331 -313.9779
v 271.0829 141.1749 -313.0762
v 233.3209 163.278 -330.256
v 218.185 163.278 -337.1564
v 207.71 266.0946 -342.0818
v 217.3182 266.0946 -337.5727
v 286.1741 68.71331 -306.9858
v 292.9547 136.0341 -303.1283
v 292.6477 68.71332 -304.1288
v 306.4138 136.0341 -297.0101
v 298.4187 163.278 -300.3535
v 309.869 163.278 -295.1368
v 319.0389 266.0946 -289.8817
v 322.9091 266.0946 -288.0669
v 237.0739 133.5434 -328.5445
v 271.0829 141.1749 -313.0762
v 234.8821 133.52 -323.8188
v 268.8911 141.1515 -308.3506
v 292.9547 136.0341 -303.1283
v 290.763 136.0107 -298.4026
v 233.3209 163.278 -330.256
v 231.1291 163.2546 -325.5302
v 217.3182 266.0946 -337.5727
v 237.0739 133.5434 -328.5445
v 234.8821 133.52 -323.8188
v 215.1265 266.0712 -332.847
v 296.2269 163.2547 -295.6278
v 268.8911 141.1515 -308.3506
v 290.763 136.0107 -298.4026
v 270.7475 163.2546 -307.3317
v 234.8821 133.52 -323.8188
v 231.1291 163.2546 -325.5302
v 215.1265 266.0712 -332.847
v 277.0335 266.0712 -303.8224
v 316.8472 266.0712 -285.156
v 342.7014 192.6786 -284.4059
v 312.0191 163.278 -299.7465
v 330.384 144.7796 -290.4316
v 308.5586 136.0341 -301.6088
v 314.227 68.71333 -299.5417
v 295.0632 68.7133 -309.3077
v 325.0788 266.0946 -292.7187
v 360.6105 266.0946 -276.0526
v 312.0191 163.278 -299.7465
v 309.869 163.278 -295.1368
v 308.5586 136.0341 -301.6088
v 306.4138 136.0341 -297.0101
v 322.9091 266.0946 -288.0669
v 325.0788 266.0946 -292.7187
v 292.6477 68.71332 -304.1288
v 295.0632 68.7133 -309.3077
v 306.4138 136.0341 -297.0101
v 308.5586 136.0341 -301.6088
v 292.9547 136.0341 -303.1283
v 298.4187 163.278 -300.3535
v 290.763 136.0107 -298.4026
v 296.2269 163.2547 -295.6278
v 319.0389 266.0946 -289.8817
v 316.8472 266.0712 -285.156
v 338.5644 282.7426 -316.3468
v 342.2864 280.1449 -315.7717
v 319.8838 265.5621 -272.2839
v 323.4474 263.075 -271.7332
v 315.8377 265.6352 -273.9611
v 334.3386 282.8189 -318.0985
v 312.8548 263.2663 -276.1241
v 331.223 280.3448 -320.3576
v 312.0742 259.3602 -277.9467
v 330.4077 276.265 -322.2613
v 344.0829 276.018 -316.5927
v 325.1674 259.1237 -272.5193
v 342.2864 280.1449 -315.7717
v 338.5644 282.7426 -316.3468
v 337.2453 276.1416 -319.427
v 334.3386 282.8189 -318.0985
v 331.223 280.3448 -320.3576
v 344.0829 276.018 -316.5927
v 330.4077 276.265 -322.2613
v 332.2042 272.1382 -323.0823
v 335.926 269.5405 -322.5071
v 340.152 269.4641 -320.7554
v 343.2675 271.9384 -318.4963
v 340.152 269.4641 -320.7554
v 335.926 269.5405 -322.5071
v 321.4039 252.8487 -276.5049
v 317.3578 252.9219 -278.1821
v 332.2042 272.1382 -323.0823
v 313.7942 255.409 -278.7328
v 330.4077 276.265 -322.2613
v 312.0742 259.3602 -277.9467
v 324.3868 255.2177 -274.3419
v 343.2675 271.9384 -318.4963
v 325.1674 259.1237 -272.5193
v 344.0829 276.018 -316.5927
v 293.9888 283.4858 -336.9114
v 297.5262 280.8053 -335.8004
v 271.598 266.4301 -295.0145
v 275.0978 263.943 -294.146
v 267.7189 266.5032 -297.0482
v 290.0829 283.6644 -339.2873
v 264.9421 264.1343 -299.4703
v 287.3008 281.273 -342.021
v 264.3284 260.2282 -301.3557
v 286.7048 277.2249 -344.0679
v 299.3441 276.6469 -336.3791
v 276.8814 259.9917 -294.7744
v 297.5262 280.8053 -335.8004
v 293.9888 283.4858 -336.9114
v 293.0245 276.9359 -340.2234
v 299.3441 276.6469 -336.3791
v 290.0829 283.6644 -339.2873
v 287.3008 281.273 -342.021
v 286.7048 277.2249 -344.0679
v 288.5226 273.0664 -344.6465
v 292.0601 270.386 -343.5356
v 295.9658 270.2073 -341.1595
v 298.7481 272.5988 -338.426
v 288.5226 273.0664 -344.6465
v 286.7048 277.2249 -344.0679
v 266.112 256.277 -301.9841
v 264.3284 260.2282 -301.3557
v 269.6118 253.7898 -301.1156
v 292.0601 270.386 -343.5356
v 273.4909 253.7168 -299.0819
v 295.9658 270.2073 -341.1595
v 276.2676 256.0857 -296.6598
v 298.7481 272.5988 -338.426
v 276.8814 259.9917 -294.7744
v 299.3441 276.6469 -336.3791
v 252.2092 284.3899 -358.7737
v 255.5585 281.679 -357.2359
v 225.5269 267.2151 -317.877
v 228.9346 264.728 -316.6978
v 221.8461 267.2882 -320.2509
v 248.5349 284.5535 -361.4951
v 219.2981 264.9193 -322.9125
v 245.9394 282.1071 -364.3605
v 218.8561 261.0132 -324.8454
v 245.4139 277.9854 -366.2756
v 257.3038 277.4562 -357.4691
v 230.7674 260.7767 -317.1635
v 252.2092 284.3899 -358.7737
v 248.5349 284.5535 -361.4951
v 251.3588 277.7208 -361.8724
v 255.5585 281.679 -357.2359
v 257.3038 277.4562 -357.4691
v 245.9394 282.1071 -364.3605
v 245.4139 277.9854 -366.2756
v 247.1591 273.7627 -366.5089
v 250.5086 271.0518 -364.971
v 254.1828 270.8883 -362.2497
v 256.7783 273.3345 -359.3842
v 247.1591 273.7627 -366.5089
v 245.4139 277.9854 -366.2756
v 220.6889 257.0619 -325.3111
v 218.8561 261.0132 -324.8454
v 224.0966 254.5748 -324.1318
v 250.5086 271.0518 -364.971
v 227.7774 254.5017 -321.7581
v 254.1828 270.8883 -362.2497
v 230.3254 256.8706 -319.0964
v 256.7783 273.3345 -359.3842
v 230.7674 260.7767 -317.1635
v 257.3038 277.4562 -357.4691
v 234.489 248.7007 -343.0139
v 228.2859 246.7942 -343.7816
v 234.3408 245.4503 -357.5807
v 234.3408 245.4503 -357.5807
v 227.7045 244.8801 -357.414
v 221.8652 239.3018 -345.051
v 227.7045 244.8801 -357.414
v 222.1496 237.9193 -357.7528
v 227.7045 244.8801 -357.414
v 229.0682 251.1085 -368.6024
v 236.3967 254.9684 -369.6503
v 222.3603 239.3634 -367.4701
v 234.7407 256.9841 -385.975
v 228.4499 254.3588 -385.6553
v 223.9748 244.1456 -385.8967
v 235.0262 266.5084 -400.2324
v 229.8512 264.6436 -400.4152
v 225.6869 257.4532 -402.2764
v 234.9365 272.3727 -409.368
v 231.6859 271.4106 -409.9398
v 229.2843 268.08 -412.1365
v 233.9795 280.5941 -415.6497
v 233.6544 279.9512 -416.8575
v 235.9531 280.2805 -414.4427
v 228.9898 264.5437 -414.5561
v 239.9782 240.7949 -357.912
v 234.489 248.7007 -343.0139
v 234.3408 245.4503 -357.5807
v 241.0289 242.8329 -341.7809
v 241.8256 231.3975 -358.8149
v 240.2673 232.1852 -341.9748
v 241.341 232.9543 -372.6481
v 241.9402 246.9169 -372.0017
v 234.3408 245.4503 -357.5807
v 241.9402 246.9169 -372.0017
v 241.9402 246.9169 -372.0017
v 238.6542 239.1862 -388.5372
v 241.9402 246.9169 -372.0017
v 238.5348 251.0656 -387.389
v 236.3967 254.9684 -369.6503
v 234.7407 256.9841 -385.975
v 238.5701 261.7294 -402.8734
v 235.0262 266.5084 -400.2324
v 237.3634 253.6222 -405.2622
v 237.0994 270.18 -410.8622
v 234.9365 272.3727 -409.368
v 236.9361 266.3073 -413.4023
v 237.0805 278.3279 -416.7958
v 236.7628 279.5883 -415.0558
v 235.7372 280.1634 -416.8193
v 235.9531 280.2805 -414.4427
v 235.9531 280.2805 -414.4427
v 234.4692 263.2404 -415.4263
v 234.3408 245.4503 -357.5807
v 236.3967 254.9684 -369.6503
v 234.3408 245.4503 -357.5807
v 227.7045 244.8801 -357.414
v 236.3967 254.9684 -369.6503
v 237.0805 278.3279 -416.7958
v 235.7372 280.1634 -416.8193
v 236.5794 277.1725 -417.9647
v 235.7372 280.1634 -416.8193
v 235.9531 280.2805 -414.4427
v 233.9795 280.5941 -415.6497
v 235.7372 280.1634 -416.8193
v 233.9795 280.5941 -415.6497
v 233.6544 279.9512 -416.8575
v 233.6544 279.9512 -416.8575
v 234.2664 278.7089 -418.0721
v 234.4692 263.2404 -415.4263
v 237.0805 278.3279 -416.7958
v 236.5794 277.1725 -417.9647
v 235.7372 280.1634 -416.8193
v 234.2664 278.7089 -418.0721
v 235.9833 277.0467 -418.0022
v 236.5794 277.1725 -417.9647
v 235.7372 280.1634 -416.8193
v 235.9833 277.0467 -418.0022
v 233.7809 224.5994 -343.2573
v 240.2673 232.1852 -341.9748
v 236.076 224.8058 -359.3732
v 241.8256 231.3975 -358.8149
v 226.9576 224.6958 -359.0537
v 224.9669 223.9479 -344.957
v 233.8449 221.3536 -370.8679
v 241.341 232.9543 -372.6481
v 224.8421 218.6633 -368.0551
v 232.6761 229.8991 -388.8739
v 238.6542 239.1862 -388.5372
v 225.6484 227.5364 -387.5681
v 232.8597 246.5715 -407.0811
v 237.3634 253.6222 -405.2622
v 226.9485 245.0718 -406.1827
v 225.6484 227.5364 -387.5681
v 234.4692 263.2404 -415.4263
v 236.9361 266.3073 -413.4023
v 222.1731 229.2638 -358.2993
v 224.9669 223.9479 -344.957
v 226.9576 224.6958 -359.0537
v 221.5992 229.3573 -345.1463
v 224.9669 223.9479 -344.957
v 222.1496 237.9193 -357.7528
v 221.8652 239.3018 -345.051
v 222.3603 239.3634 -367.4701
v 220.1011 226.5837 -367.0472
v 226.9576 224.6958 -359.0537
v 220.1011 226.5837 -367.0472
v 220.1011 226.5837 -367.0472
v 223.9748 244.1456 -385.8967
v 221.7164 233.503 -386.4394
v 225.6869 257.4532 -402.2764
v 224.1391 249.4857 -404.6227
v 225.6484 227.5364 -387.5681
v 229.2843 268.08 -412.1365
v 228.9898 264.5437 -414.5561
v 226.9485 245.0718 -406.1827
v 231.169 262.5834 -415.8748
v 232.8597 246.5715 -407.0811
v 234.4692 263.2404 -415.4263
v 235.9833 277.0467 -418.0022
v 236.5794 277.1725 -417.9647
v 234.2664 278.7089 -418.0721
v 226.9576 224.6958 -359.0537
v 236.076 224.8058 -359.3732
v 224.8421 218.6633 -368.0551
v 220.1011 226.5837 -367.0472
v 226.9576 224.6958 -359.0537
v 224.8421 218.6633 -368.0551
v 224.8421 218.6633 -368.0551
v 221.7164 233.503 -386.4394
v 225.6484 227.5364 -387.5681
v 224.1391 249.4857 -404.6227
v 226.9485 245.0718 -406.1827
v 233.6544 279.9512 -416.8575
v 228.9898 264.5437 -414.5561
v 234.2664 278.7089 -418.0721
v 140.6327 259.5508 -285.1469
v 137.379 256.1646 -275.7098
v 124.207 263.8812 -291.8017
v 120.7347 260.8023 -281.8291
v 126.6763 260.0032 -298.0406
v 143.6236 255.803 -291.3349
v 128.2509 251.2919 -301.9312
v 136.1028 248.329 -270.8748
v 119.7251 252.3972 -277.6
v 111.0327 276.1217 -295.5857
v 108.5227 274.5536 -288.847
v 119.7251 252.3972 -277.6
v 113.6432 271.752 -304.0981
v 113.1718 264.2089 -308.1647
v 102.6287 286.0211 -299.2757
v 103.7328 282.6808 -306.0591
v 103.956 278.8192 -310.1005
v 103.956 278.8192 -310.1005
v 98.65058 291.2578 -306.1622
v 97.38667 293.6559 -300.6622
v 100.7168 285.704 -294.3243
v 96.68515 287.9142 -309.3749
v 96.68515 287.9142 -309.3749
v 91.43321 295.8322 -309.2698
v 92.14742 296.6349 -307.6936
v 89.45049 301.3704 -307.9466
v 91.56838 297.1413 -305.5939
v 89.45049 301.3704 -307.9466
v 94.94259 292.6966 -298.1575
v 100.7168 285.704 -294.3243
v 89.84439 295.2038 -309.3499
v 89.45049 301.3704 -307.9466
v 94.94259 292.6966 -298.1575
v 90.28721 297.3307 -304.5717
v 89.45049 301.3704 -307.9466
v 145.3625 247.6054 -295.8304
v 143.6236 255.803 -291.3349
v 128.2509 251.2919 -301.9312
v 128.2509 251.2919 -301.9312
v 126.6763 260.0032 -298.0406
v 113.1718 264.2089 -308.1647
v 108.5227 274.5536 -288.847
v 119.7251 252.3972 -277.6
v 105.5524 265.1924 -284.8573
v 108.5227 274.5536 -288.847
v 100.7168 285.704 -294.3243
v 108.5227 274.5536 -288.847
v 105.5524 265.1924 -284.8573
v 100.7168 285.704 -294.3243
v 100.7168 285.704 -294.3243
v 95.69585 280.872 -293.0244
v 94.94259 292.6966 -298.1575
v 105.5524 265.1924 -284.8573
v 89.45049 301.3704 -307.9466
v 90.28721 297.3307 -304.5717
v 89.21049 296.5714 -304.539
v 91.37375 289.8204 -298.6965
v 94.94259 292.6966 -298.1575
v 95.69585 280.872 -293.0244
v 91.37375 289.8204 -298.6965
v 90.28721 297.3307 -304.5717
v 144.2282 239.7196 -291.0115
v 145.3625 247.6054 -295.8304
v 127.5209 242.9989 -297.8479
v 125.4274 239.9122 -291.5771
v 141.4492 236.6972 -284.6104
v 121.8624 243.7759 -281.7155
v 137.4359 240.583 -273.4052
v 119.7251 252.3972 -277.6
v 107.1441 251.3157 -296.1732
v 110.6026 254.9438 -304.3512
v 128.2509 251.2919 -301.9312
v 105.3342 255.5287 -288.9249
v 107.1441 251.3157 -296.1732
v 105.5524 265.1924 -284.8573
v 93.47921 275.7294 -297.3825
v 95.69585 280.872 -293.0244
v 105.5524 265.1924 -284.8573
v 91.37375 289.8204 -298.6965
v 89.52873 286.6132 -301.2437
v 92.78395 273.5023 -302.1491
v 110.6026 254.9438 -304.3512
v 96.99586 274.6631 -307.8582
v 113.1718 264.2089 -308.1647
v 103.956 278.8192 -310.1005
v 107.1441 251.3157 -296.1732
v 93.06622 285.2165 -308.8456
v 89.59768 285.0659 -304.7467
v 89.21049 296.5714 -304.539
v 88.49661 295.7688 -306.0804
v 89.45049 301.3704 -307.9466
v 89.076 295.2623 -308.1805
v 89.45049 301.3704 -307.9466
v 89.84439 295.2038 -309.3499
v 127.5209 242.9989 -297.8479
v 145.3625 247.6054 -295.8304
v 128.2509 251.2919 -301.9312
v 136.1028 248.329 -270.8748
v 137.4359 240.583 -273.4052
v 119.7251 252.3972 -277.6
v 110.6026 254.9438 -304.3512
v 128.2509 251.2919 -301.9312
v 113.1718 264.2089 -308.1647
v 119.7251 252.3972 -277.6
v 121.8624 243.7759 -281.7155
v 105.5524 265.1924 -284.8573
v 89.84439 295.2038 -309.3499
v 89.45049 301.3704 -307.9466
v 89.076 295.2623 -308.1805
v 93.06622 285.2165 -308.8456
v 103.956 278.8192 -310.1005
v 96.68515 287.9142 -309.3749
v 89.84439 295.2038 -309.3499
v 201.2327 73.61769 -366.6265
v 210.9151 73.6177 -364.1485
v 204.3094 73.6177 -347.4698
v 192.8165 73.6177 -362.6141
v 187.5199 73.6177 -354.9565
v 186.4665 73.6177 -345.6141
v 190.194 73.6177 -336.769
v 197.7037 73.61771 -330.7911
v 206.9834 73.6177 -329.2823
v 213.9549 73.6177 -333.4511
v 219.8267 73.61769 -340.8886
v 222.1524 73.61769 -349.3254
v 218.4249 73.6177 -358.1707
v 186.4665 73.6177 -345.6141
v 190.194 73.6177 -336.769
v 191.4136 38.14978 -347.4179
v 192.4671 38.14977 -356.7603
v 187.5199 73.6177 -354.9565
v 195.8239 38.04888 -364.3427
v 195.1411 38.14977 -338.5728
v 197.7037 73.61771 -330.7911
v 202.6508 38.14978 -332.5949
v 206.9834 73.6177 -329.2823
v 211.9305 38.14977 -331.086
v 192.8165 73.6177 -362.6141
v 201.2327 73.61769 -366.6265
v 205.4783 38.2901 -366.1444
v 222.1524 73.61769 -349.3254
v 218.4249 73.6177 -358.1707
v 225.7764 38.57428 -351.178
v 225.3421 38.14979 -342.4864
v 219.8267 73.61769 -340.8886
v 218.902 38.14978 -335.2549
v 222.4911 38.48264 -358.423
v 210.9151 73.6177 -364.1485
v 214.7447 38.38036 -363.9087
v 201.2327 73.61769 -366.6265
v 205.4783 38.2901 -366.1444
v 213.9549 73.6177 -333.4511
v 211.9305 38.14977 -331.086
v 206.9834 73.6177 -329.2823
v 205.4783 38.2901 -366.1444
v 192.8165 73.6177 -362.6141
v 195.8239 38.04888 -364.3427
v 307.0193 73.6177 -314.7841
v 316.7017 73.61769 -312.3061
v 310.0959 73.61769 -295.6274
v 298.6031 73.61771 -310.7718
v 293.3066 73.61769 -303.1141
v 292.2531 73.61769 -293.7718
v 295.9806 73.61771 -284.9266
v 303.4903 73.61769 -278.9487
v 312.77 73.61769 -277.4399
v 319.7415 73.61768 -281.6086
v 325.6133 73.61771 -289.0463
v 327.9389 73.61769 -297.4831
v 324.2114 73.61769 -306.3282
v 316.7017 73.61769 -312.3061
v 307.0193 73.6177 -314.7841
v 322.0638 38.14978 -314.5026
v 311.0411 38.14978 -316.8957
v 329.9683 38.14978 -308.121
v 324.2114 73.61769 -306.3282
v 333.1591 38.14979 -300.434
v 327.9389 73.61769 -297.4831
v 331.1286 38.14978 -290.644
v 325.6133 73.61771 -289.0463
v 324.6886 38.14978 -283.4125
v 319.7415 73.61768 -281.6086
v 317.7171 38.14978 -279.2437
v 312.77 73.61769 -277.4399
v 298.6031 73.61771 -310.7718
v 302.4839 38.14977 -315.5903
v 292.2531 73.61769 -293.7718
v 295.9806 73.61771 -284.9266
v 297.2002 38.14978 -295.5756
v 298.2536 38.14978 -304.9179
v 293.3066 73.61769 -303.1141
v 302.4839 38.14977 -315.5903
v 300.9276 38.14978 -286.7304
v 303.4903 73.61769 -278.9487
v 308.4374 38.14978 -280.7525
v 312.77 73.61769 -277.4399
v 317.7171 38.14978 -279.2437
v 298.6031 73.61771 -310.7718
v 293.3066 73.61769 -303.1141
v 302.4839 38.14977 -315.5903
v 297.6567 68.49664 -151.4528
v 89.95941 68.49663 -247.7798
v 330.3001 68.49663 -297.6965
v 205.4196 68.49663 -356.4543
v 121.443 68.49664 -156.0241
v 215.1963 68.49664 -112.2954
v 205.4196 68.49663 -356.4543
v 89.95941 68.49663 -247.7798
v 203.5727 38.1834 -353.6879
v 89.95941 39.0867 -247.7798
v 297.6567 68.49664 -151.4528
v 330.3001 68.49663 -297.6965
v 300.8734 39.08671 -150.9166
v 331.9433 39.61166 -296.6178
v 330.3001 68.49663 -297.6965
v 205.4196 68.49663 -356.4543
v 331.9433 39.61166 -296.6178
v 203.5727 38.1834 -353.6879
v 89.95941 68.49663 -247.7798
v 121.443 68.49664 -156.0241
v 89.95941 39.0867 -247.7798
v 121.4429 39.08671 -156.0241
v 215.1963 68.49664 -112.2954
v 215.1963 39.08672 -112.2954
v 297.6567 68.49664 -151.4528
v 300.8734 39.08671 -150.9166
v 289.5454 75.14265 -177.6149
v 299.2279 75.14266 -175.1368
v 292.6222 75.14266 -158.4581
v 281.1292 75.14265 -173.6025
v 275.8327 75.14266 -165.9448
v 274.7793 75.14266 -156.6024
v 278.5067 75.14267 -147.7573
v 286.0164 75.14266 -141.7794
v 295.2962 75.14267 -140.2706
v 301.7472 75.33139 -145.4742
v 308.1394 75.14266 -151.8769
v 310.4651 75.14265 -160.3138
v 306.7376 75.14265 -169.1589
v 274.7793 75.14266 -156.6024
v 278.5067 75.14267 -147.7573
v 279.7264 39.67473 -158.4063
v 280.7798 39.67473 -167.7486
v 275.8327 75.14266 -165.9448
v 285.0101 39.67474 -178.421
v 283.4539 39.67474 -149.5611
v 286.0164 75.14266 -141.7794
v 290.9636 39.67474 -143.5832
v 295.2962 75.14267 -140.2706
v 300.2433 39.67474 -142.0744
v 310.4651 75.14265 -160.3138
v 306.7376 75.14265 -169.1589
v 315.6853 39.67474 -163.2647
v 313.6549 39.67474 -153.4747
v 308.1394 75.14266 -151.8769
v 312.4946 39.67474 -170.9517
v 299.2279 75.14266 -175.1368
v 304.5901 39.67474 -177.3333
v 289.5454 75.14265 -177.6149
v 293.5673 39.67474 -179.7263
v 281.1292 75.14265 -173.6025
v 285.0101 39.67474 -178.421
v 306.8615 39.80282 -146.9455
v 301.7472 75.33139 -145.4742
v 300.2433 39.67474 -142.0744
v 295.2962 75.14267 -140.2706
v 281.1292 75.14265 -173.6025
v 275.8327 75.14266 -165.9448
v 285.0101 39.67474 -178.421
v 303.5952 269.0559 -111.4174
v 301.192 266.8521 -110.3382
v 283.553 278.333 -149.4525
v 288.2897 278.6665 -151.8336
v 307.6097 269.3004 -111.6391
v 293.4311 276.8278 -154.9494
v 309.554 267.1036 -113.012
v 294.3472 273.3314 -156.2692
v 310.0475 263.667 -115.2821
v 293.1428 269.6856 -156.523
v 308.7896 259.8593 -115.5472
v 307.6097 269.3004 -111.6391
v 309.554 267.1036 -113.012
v 305.1766 263.3242 -112.8334
v 303.5952 269.0559 -111.4174
v 301.192 266.8521 -110.3382
v 310.0475 263.667 -115.2821
v 308.7896 259.8593 -115.5472
v 306.7248 257.4153 -115.0638
v 303.1412 257.1631 -113.2623
v 300.3351 259.2642 -111.2969
v 299.934 263.0443 -110.6033
v 283.553 278.333 -149.4525
v 301.192 266.8521 -110.3382
v 284.607 276.1812 -150.4687
v 301.192 266.8521 -110.3382
v 299.934 263.0443 -110.6033
v 284.607 276.1812 -150.4687
v 283.4026 272.5355 -150.7224
v 300.3351 259.2642 -111.2969
v 300.3351 259.2642 -111.2969
v 303.1412 257.1631 -113.2623
v 280.3999 268.7885 -150.1168
v 283.0866 266.7769 -151.9986
v 306.7248 257.4153 -115.0638
v 287.8232 267.1104 -154.3798
v 308.7896 259.8593 -115.5472
v 293.1428 269.6856 -156.523
v 283.4026 272.5355 -150.7224
v 300.3351 259.2642 -111.2969
v 280.3999 268.7885 -150.1168
v 253.4567 269.4794 -96.29475
v 249.1353 267.1589 -96.72065
v 237.6654 276.8034 -138.6216
v 232.9116 274.2665 -137.0895
v 244.2376 277.1313 -141.3141
v 258.4751 269.5621 -97.87969
v 247.9394 275.0164 -143.246
v 261.8607 267.2999 -100.3928
v 249.6604 271.3813 -144.6232
v 247.1777 263.1749 -96.6207
v 231.0373 270.4521 -136.9938
v 264.1254 263.6778 -103.0579
v 249.6604 271.3813 -144.6232
v 258.4751 269.5621 -97.87969
v 261.8607 267.2999 -100.3928
v 256.5659 263.2657 -98.26823
v 253.4567 269.4794 -96.29475
v 249.1353 267.1589 -96.72065
v 247.1777 263.1749 -96.6207
v 264.1254 263.6778 -103.0579
v 262.353 259.6938 -102.1239
v 258.1458 257.1227 -101.239
v 253.337 256.8398 -98.23007
v 247.8954 259.2543 -97.20877
v 262.353 259.6938 -102.1239
v 264.1254 263.6778 -103.0579
v 247.7861 267.5669 -144.5275
v 249.6604 271.3813 -144.6232
v 243.9896 265.0778 -143.3875
v 258.1458 257.1227 -101.239
v 237.4174 264.7498 -140.6951
v 253.337 256.8398 -98.23007
v 232.7583 266.817 -138.371
v 247.8954 259.2543 -97.20877
v 231.0373 270.4521 -136.9938
v 247.1777 263.1749 -96.6207
v 215.3528 259.5508 -133.7049
v 224.7805 256.1647 -130.4243
v 208.651 263.8812 -117.2983
v 218.6136 260.8024 -113.7975
v 198.8962 260.0033 -120.6082
v 204.1396 255.8029 -137.5504
v 195.0102 251.2919 -122.1939
v 229.6118 248.329 -129.1343
v 222.8398 252.3972 -112.7757
v 204.8294 276.1218 -104.1349
v 211.5609 274.5536 -101.6056
v 222.8398 252.3972 -112.7757
v 196.3245 271.752 -106.7697
v 192.4181 264.209 -106.9646
v 195.0102 251.2919 -122.1939
v 201.1154 286.0211 -95.74144
v 194.3352 282.6808 -96.86494
v 190.0025 278.8192 -95.34795
v 193.0293 291.2579 -92.22985
v 198.5258 293.6559 -90.95023
v 206.0612 285.7041 -93.81535
v 189.2175 287.9142 -90.53231
v 190.0025 278.8192 -95.34795
v 188.5362 295.566 -85.70551
v 191.024 296.8598 -86.84975
v 191.2187 301.3705 -83.03488
v 194.4064 297.6765 -85.90662
v 201.0235 292.6966 -88.49902
v 206.0612 285.7041 -93.81535
v 191.2187 301.3705 -83.03488
v 196.0484 297.9816 -83.83648
v 191.2187 301.3705 -83.03488
v 201.8839 289.8204 -84.59233
v 207.3469 280.872 -88.79077
v 206.0612 285.7041 -93.81535
v 215.542 265.1924 -98.62389
v 199.6491 247.6054 -139.3022
v 204.1396 255.8029 -137.5504
v 211.5609 274.5536 -101.6056
v 215.542 265.1924 -98.62389
v 211.5609 274.5536 -101.6056
v 206.0612 285.7041 -93.81535
v 201.1154 286.0211 -95.74144
v 211.5609 274.5536 -101.6056
v 206.0612 285.7041 -93.81535
v 192.4181 264.209 -106.9646
v 196.3245 271.752 -106.7697
v 190.0025 278.8192 -95.34795
v 191.2187 301.3705 -83.03488
v 196.0484 297.9816 -83.83648
v 196.1527 296.7576 -82.10046
v 201.8839 289.8204 -84.59233
v 188.5362 295.566 -85.70551
v 191.2187 301.3705 -83.03488
v 188.3999 294.5528 -83.14453
v 191.2187 301.3705 -83.03488
v 196.1527 296.7576 -82.10046
v 193.6645 295.4638 -80.95667
v 191.2187 301.3705 -83.03488
v 193.6645 295.4638 -80.95667
v 190.2815 294.6472 -81.90031
v 194.4191 285.0658 -83.17294
v 190.3301 285.2164 -86.65321
v 188.3999 294.5528 -83.14453
v 190.7352 274.6632 -90.83868
v 190.0025 278.8192 -95.34795
v 197.0258 273.5023 -86.35175
v 196.0627 254.9438 -103.7298
v 192.4181 264.209 -106.9646
v 195.0102 251.2919 -122.1939
v 204.2306 251.3157 -100.2479
v 199.0913 242.9989 -121.4523
v 195.0102 251.2919 -122.1939
v 199.6491 247.6054 -139.3022
v 208.8791 239.9122 -118.5181
v 204.4648 239.7196 -138.1542
v 199.6491 247.6054 -139.3022
v 215.8916 236.6972 -134.5199
v 218.7305 243.7759 -114.9249
v 227.0853 240.583 -130.4746
v 222.8398 252.3972 -112.7757
v 211.4739 255.5287 -98.41735
v 215.542 265.1924 -98.62389
v 202.9824 275.7294 -86.58659
v 207.3469 280.872 -88.79077
v 215.542 265.1924 -98.62389
v 197.9218 286.6132 -83.09399
v 201.8839 289.8204 -84.59233
v 201.8839 289.8204 -84.59233
v 196.1527 296.7576 -82.10046
v 188.3999 294.5528 -83.14453
v 191.2187 301.3705 -83.03488
v 190.2815 294.6472 -81.90031
v 190.7352 274.6632 -90.83868
v 192.4181 264.209 -106.9646
v 190.0025 278.8192 -95.34795
v 229.6118 248.329 -129.1343
v 227.0853 240.583 -130.4746
v 222.8398 252.3972 -112.7757
v 222.8398 252.3972 -112.7757
v 218.7305 243.7759 -114.9249
v 215.542 265.1924 -98.62389
v 190.3301 285.2164 -86.65321
v 190.0025 278.8192 -95.34795
v 189.2175 287.9142 -90.53231
v 188.3999 294.5528 -83.14453
v 188.3999 294.5528 -83.14453
v 189.2175 287.9142 -90.53231
v 188.5362 295.566 -85.70551
v 110.49 289.2773 -200.4075
v 109.4317 287.5951 -205.039
v 152.3675 291.339 -219.0756
v 150.062 289.8557 -223.961
v 155.5206 290.1957 -212.8066
v 113.0637 288.3239 -195.7785
v 157.2721 287.2415 -209.6264
v 115.8554 285.1718 -193.078
v 158.0579 283.204 -208.5524
v 109.1271 284.0315 -208.4571
v 149.1229 286.4437 -226.3165
v 110.49 289.2773 -200.4075
v 113.0637 288.3239 -195.7785
v 111.597 282.4173 -198.4199
v 109.4317 287.5951 -205.039
v 115.8554 285.1718 -193.078
v 118.5397 280.8387 -191.9216
v 109.1271 284.0315 -208.4571
v 109.3611 280.0058 -207.9509
v 110.1373 276.6584 -202.4809
v 113.4594 275.6811 -197.9751
v 115.5753 277.3938 -193.7271
v 109.1271 284.0315 -208.4571
v 109.3611 280.0058 -207.9509
v 149.1229 286.4437 -226.3165
v 149.9088 282.4062 -225.2425
v 110.1373 276.6584 -202.4809
v 152.1195 279.2854 -221.1491
v 113.4594 275.6811 -197.9751
v 155.2727 278.1422 -214.8801
v 115.5753 277.3938 -193.7271
v 157.1188 279.7919 -210.9079
v 118.5397 280.8387 -191.9216
v 158.0579 283.204 -208.5524
v 118.5397 280.8387 -191.9216
v 115.8554 285.1718 -193.078
v 158.0579 283.204 -208.5524
v 85.40974 338.5028 -270.279
v 78.45678 333.3918 -265.4678
v 69.60156 364.543 -278.5876
v 86.82287 321.1861 -262.1367
v 69.60156 364.543 -278.5876
v 78.45678 333.3918 -265.4678
v 65.22567 362.3618 -274.8145
v 61.53345 385.5997 -282.9675
v 70.99291 362.8348 -284.7515
v 85.40974 338.5028 -270.279
v 61.88398 385.1609 -285.095
v 60.62188 384.1346 -287.948
v 65.22567 362.3618 -274.8145
v 58.11827 385.6617 -281.1544
v 69.60156 364.543 -278.5876
v 61.53345 385.5997 -282.9675
v 88.73298 339.2648 -278.5978
v 85.40974 338.5028 -270.279
v 70.99291 362.8348 -284.7515
v 92.63458 329.8709 -266.7545
v 95.43023 331.971 -276.1946
v 110.2135 312.069 -260.1259
v 113.2015 314.7196 -270.6815
v 131.562 299.5935 -254.0202
v 94.13638 325.4758 -285.9771
v 111.158 309.0894 -283.4179
v 133.624 300.5505 -269.0054
v 131.562 299.5935 -254.0202
v 131.5802 296.526 -277.9861
v 159.8994 294.5235 -261.42
v 156.598 291.5438 -252.0077
v 131.562 299.5935 -254.0202
v 158.3279 289.3908 -269.8446
v 88.75013 315.5333 -288.2755
v 105.9982 299.6821 -285.2136
v 131.5802 296.526 -277.9861
v 87.10044 333.7794 -287.3585
v 80.66481 327.0295 -290.3684
v 64.21951 354.1884 -289.8026
v 88.73298 339.2648 -278.5978
v 68.66014 358.4675 -289.3627
v 64.21951 354.1884 -289.8026
v 60.62188 384.1346 -287.948
v 149.8723 281.4486 -246.8193
v 131.562 299.5935 -254.0202
v 68.66014 358.4675 -289.3627
v 88.73298 339.2648 -278.5978
v 70.99291 362.8348 -284.7515
v 60.62188 384.1346 -287.948
v 58.93343 386.0587 -284.9331
v 61.53345 385.5997 -282.9675
v 58.11827 385.6617 -281.1544
v 56.61702 385.0591 -282.2328
v 55.56009 384.2756 -285.423
v 57.02741 382.8435 -288.1697
v 61.88398 385.1609 -285.095
v 61.53345 385.5997 -282.9675
v 58.93343 386.0587 -284.9331
v 60.62188 384.1346 -287.948
v 60.62188 384.1346 -287.948
v 57.71062 383.2066 -288.8761
v 64.21951 354.1884 -289.8026
v 60.62188 384.1346 -287.948
v 57.71062 383.2066 -288.8761
v 57.71062 383.2066 -288.8761
v 58.93343 386.0587 -284.9331
v 57.02741 382.8435 -288.1697
v 73.27356 323.1541 -285.3736
v 80.66481 327.0295 -290.3684
v 60.19333 352.2989 -286.0881
v 64.21951 354.1884 -289.8026
v 58.72553 353.7337 -280.3449
v 69.96312 322.5474 -276.4539
v 60.71091 357.8123 -275.6733
v 72.13543 326.66 -268.8353
v 65.22567 362.3618 -274.8145
v 57.02741 382.8435 -288.1697
v 55.56009 384.2756 -285.423
v 57.02741 382.8435 -288.1697
v 56.61702 385.0591 -282.2328
v 58.11827 385.6617 -281.1544
v 58.11827 385.6617 -281.1544
v 88.75013 315.5333 -288.2755
v 82.58402 307.9253 -282.8355
v 105.9982 299.6821 -285.2136
v 100.9836 291.1304 -279.4993
v 126.6311 287.2137 -277.8451
v 120.4869 278.6911 -270.6735
v 151.4416 277.0497 -271.4994
v 144.6367 266.8319 -266.2619
v 117.9633 275.8483 -261.2436
v 97.91679 289.6128 -266.4107
v 141.4146 263.9747 -256.8988
v 97.91679 289.6128 -266.4107
v 79.76384 305.8168 -273.2776
v 81.50334 311.267 -264.7542
v 78.45678 333.3918 -265.4678
v 65.22567 362.3618 -274.8145
v 86.82287 321.1861 -262.1367
v 78.45678 333.3918 -265.4678
v 99.83637 294.6119 -260.5335
v 97.91679 289.6128 -266.4107
v 117.9633 275.8483 -261.2436
v 120.1345 279.288 -257.9832
v 141.4146 263.9747 -256.8988
v 143.5832 270.0291 -248.8452
v 125.5915 289.8539 -252.1178
v 149.8723 281.4486 -246.8193
v 104.7578 303.5593 -257.0313
v 64.21951 354.1884 -289.8026
v 57.71062 383.2066 -288.8761
v 126.6311 287.2137 -277.8451
v 158.3279 289.3908 -269.8446
v 131.5802 296.526 -277.9861
v 105.9982 299.6821 -285.2136
v 151.4416 277.0497 -271.4994
v 158.3279 289.3908 -269.8446
v 126.6311 287.2137 -277.8451
v 110.2135 312.069 -260.1259
v 104.7578 303.5593 -257.0313
v 92.63458 329.8709 -266.7545
v 125.5915 289.8539 -252.1178
v 86.82287 321.1861 -262.1367
v 85.40974 338.5028 -270.279
v 131.562 299.5935 -254.0202
v 149.8723 281.4486 -246.8193
v 125.5915 289.8539 -252.1178
v 110.2135 312.069 -260.1259
vt 0.066723 0.806717
vt 0.063629 0.802885
vt 0.068589 0.803629
vt 0.064621 0.799909
vt 0.060089 0.818906
vt 0.063628 0.818672
vt 0.063209 0.835494
vt 0.065309 0.834638
vt 0.074218 0.860634
vt 0.075813 0.859428
vt 0.092013 0.88666
vt 0.09388 0.884638
vt 0.072806 0.798173
vt 0.068478 0.795038
vt 0.048748 0.78726
vt 0.053026 0.784686
vt 0.052136 0.81943
vt 0.04478 0.801397
vt 0.058489 0.837417
vt 0.070726 0.86327
vt 0.088105 0.890885
vt 0.08837 0.779787
vt 0.086373 0.774003
vt 0.11224 0.763451
vt 0.10794 0.756404
vt 0.123712 0.753967
vt 0.12255 0.748103
vt 0.133287 0.753085
vt 0.130097 0.740386
vt 0.142048 0.752351
vt 0.118177 0.726214
vt 0.123897 0.719056
vt 0.101023 0.738602
vt 0.07363 0.762684
vt 0.111 0.690287
vt 0.115464 0.67863
vt 0.089671 0.709384
vt 0.052716 0.744106
vt 0.027666 0.767695
vt 0.020033 0.767517
vt 0.155644 0.754445
vt 0.156288 0.747675
vt 0.1394 0.749436
vt 0.169481 0.758676
vt 0.170569 0.752193
vt 0.180355 0.764259
vt 0.183381 0.759591
vt 0.191003 0.77232
vt 0.195076 0.767996
vt 0.211487 0.78779
vt 0.219878 0.785524
vt 0.21753 0.797229
vt 0.221026 0.794233
vt 0.222024 0.814207
vt 0.226697 0.814258
vt 0.228986 0.825559
vt 0.224271 0.825443
vt 0.224771 0.838177
vt 0.230271 0.838015
vt 0.224127 0.848823
vt 0.230791 0.851
vt 0.223273 0.860449
vt 0.227319 0.862409
vt 0.218142 0.870748
vt 0.22203 0.875286
vt 0.21698 0.873641
vt 0.218015 0.875576
vt 0.243497 0.793734
vt 0.256336 0.81479
vt 0.258072 0.827191
vt 0.276263 0.826628
vt 0.285289 0.837159
vt 0.258321 0.839591
vt 0.258569 0.8572
vt 0.286624 0.865256
vt 0.27448 0.816233
vt 0.269495 0.794953
vt 0.268215 0.789489
vt 0.2846 0.817603
vt 0.289842 0.786161
vt 0.2864 0.886046
vt 0.2484 0.871337
vt 0.268681 0.896418
vt 0.241371 0.883899
vt 0.280083 0.822005
vt 0.293477 0.778138
vt 0.287263 0.817964
vt 0.281558 0.823147
vt 0.293267 0.786662
vt 0.300771 0.779557
vt 0.300119 0.775153
vt 0.289382 0.90882
vt 0.292844 0.89922
vt 0.305832 0.909479
vt 0.30667 0.918891
vt 0.305886 0.909519
vt 0.125137 0.895147
vt 0.119928 0.908043
vt 0.120137 0.900216
vt 0.118034 0.904146
vt 0.133138 0.8981
vt 0.128349 0.907725
vt 0.132389 0.907838
vt 0.135136 0.902345
vt 0.147069 0.90694
vt 0.147691 0.903067
vt 0.163854 0.906284
vt 0.163 0.902495
vt 0.179033 0.900814
vt 0.177232 0.897002
vt 0.192911 0.888762
vt 0.196726 0.892646
vt 0.217131 0.878875
vt 0.213835 0.874781
vt 0.210844 0.907454
vt 0.245494 0.895065
vt 0.184385 0.913136
vt 0.16592 0.918526
vt 0.145384 0.922848
vt 0.129719 0.925811
vt 0.124584 0.926894
vt 0.116705 0.928706
vt 0.224425 0.921282
vt 0.271961 0.914579
vt 0.234881 0.931444
vt 0.195808 0.9373
vt 0.190805 0.926718
vt 0.171339 0.942544
vt 0.168966 0.932025
vt 0.143125 0.950284
vt 0.144115 0.938268
vt 0.288391 0.934148
vt 0.126976 0.944274
vt 0.124838 0.95866
vt 0.120716 0.946585
vt 0.117702 0.961929
vt 0.110084 0.950657
vt 0.101179 0.966263
vt 0.106422 0.967012
vt 0.114224 0.901843
vt 0.111022 0.905567
vt 0.103311 0.893162
vt 0.100087 0.895643
vt 0.096951 0.922997
vt 0.092071 0.905074
vt 0.081822 0.94711
vt 0.079502 0.92218
vt 0.07479 0.904819
vt 0.058983 0.872133
vt 0.04262 0.843883
vt 0.032777 0.829774
vt 0.016237 0.813862
vt 0.02804 0.800279
vt -0.008604 0.79712
vt 0.142048 0.752351
vt 0.130097 0.740386
vt 0.1394 0.749436
vt 0.207963 0.757771
vt 0.241456 0.780564
vt 0.190372 0.74796
vt 0.172273 0.738497
vt 0.158005 0.732016
vt 0.146264 0.725763
vt 0.220747 0.748432
vt 0.266505 0.768163
vt 0.197051 0.736126
vt 0.17428 0.722365
vt 0.160028 0.713572
vt 0.150739 0.702458
vt 0.237005 0.736557
vt 0.291802 0.752042
vt 0.205493 0.721785
vt 0.17722 0.70244
vt 0.163331 0.690783
vt 0.153875 0.684501
vt 0.15734 0.682035
vt 0.154623 0.673234
vt 0.20574 0.867266
vt 0.215185 0.874154
vt 0.177189 0.881416
vt 0.187949 0.891825
vt 0.218682 0.851303
vt 0.208571 0.849955
vt 0.22492 0.833222
vt 0.209921 0.833108
vt 0.188373 0.84721
vt 0.185647 0.859687
vt 0.189882 0.834974
vt 0.189894 0.825226
vt 0.209424 0.821756
vt 0.16025 0.889812
vt 0.167706 0.869537
vt 0.155332 0.875775
vt 0.121525 0.888375
vt 0.106955 0.902924
vt 0.080314 0.868096
vt 0.091108 0.861797
vt 0.083459 0.844115
vt 0.069755 0.849694
vt 0.077604 0.81779
vt 0.060065 0.817748
vt 0.08395 0.801685
vt 0.072998 0.800677
vt 0.162253 0.904936
vt 0.094241 0.787959
vt 0.083682 0.780171
vt 0.117152 0.77246
vt 0.112659 0.76104
vt 0.125106 0.874851
vt 0.101522 0.856763
vt 0.094411 0.841037
vt 0.091288 0.820563
vt 0.096824 0.805474
vt 0.105573 0.794765
vt 0.140709 0.764817
vt 0.125239 0.756287
vt 0.142906 0.752326
vt 0.121761 0.785206
vt 0.137561 0.781074
vt 0.15444 0.766171
vt 0.146746 0.781677
vt 0.165804 0.787481
vt 0.180286 0.774248
vt 0.160768 0.755088
vt 0.188567 0.766671
vt 0.193291 0.786912
vt 0.204551 0.780615
vt 0.205094 0.798406
vt 0.176589 0.79746
vt 0.185672 0.807911
vt 0.216923 0.793891
vt 0.224159 0.819846
vt 0.138042 0.792227
vt 0.174656 0.829065
vt 0.173982 0.838724
vt 0.17196 0.847484
vt 0.168815 0.856244
vt 0.160954 0.862534
vt 0.151969 0.867251
vt 0.126587 0.866802
vt 0.107044 0.85602
vt 0.099183 0.839622
vt 0.098958 0.822551
vt 0.104574 0.805704
vt 0.113109 0.796719
vt 0.123891 0.792901
vt 0.132868 0.792473
vt 0.152193 0.79627
vt 0.162301 0.804806
vt 0.169714 0.816037
vt 0.137308 0.830568
vt 0.132338 0.824482
vt 0.143389 0.826971
vt 0.13744 0.819687
vt 0.129815 0.827307
vt 0.134036 0.832475
vt 0.12408 0.823621
vt 0.125672 0.820195
vt 0.12953 0.814597
vt 0.117542 0.817868
vt 0.119935 0.811895
vt 0.108703 0.817705
vt 0.109368 0.811708
vt 0.100289 0.819916
vt 0.09942 0.814394
vt 0.093356 0.824645
vt 0.091212 0.820038
vt 0.088686 0.831509
vt 0.085693 0.82829
vt 0.117068 0.821578
vt 0.10955 0.821433
vt 0.102614 0.823478
vt 0.096476 0.827396
vt 0.092666 0.833326
vt 0.091021 0.840222
vt 0.086886 0.839812
vt 0.08356 0.838154
vt 0.087855 0.848561
vt 0.0847 0.848538
vt 0.09124 0.856695
vt 0.088612 0.858156
vt 0.096813 0.863304
vt 0.09521 0.866007
vt 0.104118 0.867729
vt 0.103926 0.871319
vt 0.112249 0.869534
vt 0.113541 0.873467
vt 0.120452 0.868574
vt 0.12328 0.87235
vt 0.128075 0.865225
vt 0.132401 0.868347
vt 0.094857 0.854722
vt 0.09171 0.847725
vt 0.105658 0.864074
vt 0.099484 0.860243
vt 0.119662 0.86485
vt 0.112717 0.865531
vt 0.126139 0.862001
vt 0.131479 0.857491
vt 0.134325 0.859978
vt 0.139842 0.862133
vt 0.135131 0.851809
vt 0.138597 0.853335
vt 0.144932 0.854223
vt 0.140599 0.845737
vt 0.147328 0.845128
vt 0.140155 0.837892
vt 0.146796 0.835737
vt 0.136831 0.845357
vt 0.136454 0.838694
vt 0.09171 0.847725
vt 0.091021 0.840222
vt 0.112655 0.839565
vt 0.112404 0.835143
vt 0.092666 0.833326
vt 0.113533 0.83086
vt 0.096476 0.827396
vt 0.115929 0.827136
vt 0.102614 0.823478
vt 0.119359 0.824335
vt 0.10955 0.821433
vt 0.123487 0.82273
vt 0.114259 0.843693
vt 0.094857 0.854722
vt 0.11706 0.847123
vt 0.099484 0.860243
vt 0.120785 0.849519
vt 0.105658 0.864074
vt 0.125067 0.850648
vt 0.112717 0.865531
vt 0.129489 0.850397
vt 0.119662 0.86485
vt 0.117068 0.821578
vt 0.127909 0.82248
vt 0.133617 0.848793
vt 0.126139 0.862001
vt 0.137047 0.845991
vt 0.131479 0.857491
vt 0.139443 0.842267
vt 0.135131 0.851809
vt 0.120785 0.849519
vt 0.129489 0.850397
vt 0.125067 0.850648
vt 0.133617 0.848793
vt 0.11706 0.847123
vt 0.137047 0.845991
vt 0.114259 0.843693
vt 0.139443 0.842267
vt 0.112655 0.839565
vt 0.140572 0.837984
vt 0.112404 0.835143
vt 0.140321 0.833563
vt 0.113533 0.83086
vt 0.138717 0.829435
vt 0.115929 0.827136
vt 0.135916 0.826005
vt 0.119359 0.824335
vt 0.132191 0.823608
vt 0.123487 0.82273
vt 0.127909 0.82248
vt 0.132401 0.868347
vt 0.139842 0.862133
vt 0.130507 0.859675
vt 0.123869 0.862588
vt 0.135923 0.855153
vt 0.135349 0.85574
vt 0.128216 0.856557
vt 0.11678 0.863401
vt 0.12328 0.87235
vt 0.113541 0.873467
vt 0.109783 0.861837
vt 0.103926 0.871319
vt 0.10344 0.857971
vt 0.09521 0.866007
vt 0.098638 0.852257
vt 0.088612 0.858156
vt 0.109959 0.845342
vt 0.107093 0.838298
vt 0.09579 0.845257
vt 0.0847 0.848538
vt 0.094961 0.8377
vt 0.08356 0.838154
vt 0.096512 0.830521
vt 0.085693 0.82829
vt 0.107818 0.823468
vt 0.111859 0.817423
vt 0.100528 0.824515
vt 0.091212 0.820038
vt 0.106502 0.820406
vt 0.09942 0.814394
vt 0.117871 0.813289
vt 0.106257 0.830692
vt 0.113743 0.818451
vt 0.109368 0.811708
vt 0.121434 0.818588
vt 0.119935 0.811895
vt 0.128417 0.820554
vt 0.12953 0.814597
vt 0.134174 0.824258
vt 0.13744 0.819687
vt 0.138505 0.82956
vt 0.143389 0.826971
vt 0.140985 0.835941
vt 0.146796 0.835737
vt 0.141371 0.842776
vt 0.147328 0.845128
vt 0.139627 0.849395
vt 0.144932 0.854223
vt 0.129815 0.827307
vt 0.134036 0.832475
vt 0.135916 0.826005
vt 0.138717 0.829435
vt 0.132191 0.823608
vt 0.12408 0.823621
vt 0.127909 0.82248
vt 0.117068 0.821578
vt 0.136454 0.838694
vt 0.140321 0.833563
vt 0.136831 0.845357
vt 0.140572 0.837984
vt 0.135131 0.851809
vt 0.139443 0.842267
vt 0.138505 0.82956
vt 0.134174 0.824258
vt 0.150078 0.822502
vt 0.14572 0.817166
vt 0.128417 0.820554
vt 0.139926 0.813438
vt 0.152574 0.828923
vt 0.140985 0.835941
vt 0.152963 0.835801
vt 0.141371 0.842776
vt 0.121434 0.818588
vt 0.132898 0.811459
vt 0.113743 0.818451
vt 0.125158 0.811322
vt 0.106502 0.820406
vt 0.117871 0.813289
vt 0.151208 0.842463
vt 0.139627 0.849395
vt 0.14748 0.848257
vt 0.135923 0.855153
vt 0.142029 0.852809
vt 0.130507 0.859675
vt 0.150078 0.822502
vt 0.14572 0.817166
vt 0.155078 0.819708
vt 0.149653 0.813066
vt 0.139926 0.813438
vt 0.142441 0.808425
vt 0.132898 0.811459
vt 0.133692 0.805962
vt 0.125158 0.811322
vt 0.124057 0.805791
vt 0.117871 0.813289
vt 0.114987 0.80824
vt 0.111859 0.817423
vt 0.107507 0.813384
vt 0.107818 0.823468
vt 0.102485 0.820903
vt 0.106257 0.830692
vt 0.10055 0.829891
vt 0.107093 0.838298
vt 0.101597 0.839354
vt 0.109959 0.845342
vt 0.105169 0.84812
vt 0.114791 0.851092
vt 0.111183 0.855279
vt 0.121174 0.854984
vt 0.119124 0.860126
vt 0.128216 0.856557
vt 0.127884 0.862089
vt 0.135349 0.85574
vt 0.136755 0.861076
vt 0.142029 0.852809
vt 0.145062 0.857432
vt 0.14748 0.848257
vt 0.151844 0.851769
vt 0.151208 0.842463
vt 0.156485 0.844556
vt 0.152963 0.835801
vt 0.158669 0.836263
vt 0.152574 0.828923
vt 0.158185 0.827701
vt 0.174993 0.821967
vt 0.170631 0.810744
vt 0.163014 0.801419
vt 0.152889 0.794903
vt 0.140606 0.791445
vt 0.127078 0.791205
vt 0.114343 0.794643
vt 0.103847 0.801862
vt 0.096811 0.812409
vt 0.09411 0.825019
vt 0.095593 0.838297
vt 0.100615 0.850601
vt 0.109058 0.860653
vt 0.120197 0.867463
vt 0.132484 0.870226
vt 0.144926 0.868813
vt 0.157446 0.866101
vt 0.16892 0.858371
vt 0.174783 0.846285
vt 0.175673 0.833988
vt 0.114791 0.851092
vt 0.121174 0.854984
vt 0.142029 0.852809
vt 0.193915 0.86641
vt 0.201282 0.867509
vt 0.18992 0.866633
vt 0.197662 0.868278
vt 0.205539 0.873445
vt 0.2021 0.874474
vt 0.204233 0.88082
vt 0.200817 0.881957
vt 0.198124 0.885316
vt 0.194655 0.886491
vt 0.184379 0.867876
vt 0.191156 0.868874
vt 0.194117 0.881441
vt 0.18862 0.885731
vt 0.195179 0.874477
vt 0.178935 0.868205
vt 0.184592 0.869
vt 0.187048 0.879514
vt 0.182353 0.88301
vt 0.187985 0.873725
vt 0.172021 0.867689
vt 0.176251 0.868275
vt 0.17806 0.875896
vt 0.174577 0.87847
vt 0.178755 0.871674
vt 0.173109 0.87333
vt 0.170107 0.875545
vt 0.173722 0.869696
vt 0.171587 0.866769
vt 0.167166 0.869065
vt 0.167166 0.869065
vt 0.167166 0.869065
vt 0.170349 0.877884
vt 0.166475 0.87504
vt 0.167166 0.869065
vt 0.176679 0.882202
vt 0.181756 0.884631
vt 0.164341 0.872111
vt 0.167166 0.869065
vt 0.166475 0.87504
vt 0.164955 0.868476
vt 0.167166 0.869065
vt 0.164341 0.872111
vt 0.164955 0.868476
vt 0.167957 0.866264
vt 0.167166 0.869065
vt 0.167166 0.869065
vt 0.167957 0.866264
vt 0.171587 0.866769
vt 0.187495 0.870346
vt 0.193915 0.86641
vt 0.184085 0.871734
vt 0.18992 0.866633
vt 0.182923 0.879408
vt 0.186489 0.878274
vt 0.187259 0.885458
vt 0.190788 0.884292
vt 0.194655 0.886491
vt 0.198124 0.885316
vt 0.178802 0.872056
vt 0.184379 0.867876
vt 0.177703 0.878982
vt 0.181756 0.884631
vt 0.18862 0.885731
vt 0.174241 0.871698
vt 0.178935 0.868205
vt 0.173329 0.877529
vt 0.176679 0.882202
vt 0.168544 0.870259
vt 0.172021 0.867689
vt 0.167852 0.874482
vt 0.170349 0.877884
vt 0.164955 0.868476
vt 0.167957 0.866264
vt 0.164341 0.872111
vt 0.164955 0.868476
vt 0.166475 0.87504
vt 0.164341 0.872111
vt 0.176251 0.868275
vt 0.171587 0.866769
vt 0.199377 0.802555
vt 0.203527 0.796492
vt 0.194823 0.802479
vt 0.199614 0.796286
vt 0.196769 0.809435
vt 0.20005 0.809608
vt 0.20299 0.813217
vt 0.206563 0.813347
vt 0.210564 0.794905
vt 0.206957 0.794634
vt 0.190373 0.803976
vt 0.194182 0.798398
vt 0.191621 0.810371
vt 0.197213 0.813826
vt 0.185334 0.805262
vt 0.18848 0.800592
vt 0.186361 0.810633
vt 0.191074 0.813527
vt 0.178423 0.806928
vt 0.180771 0.803434
vt 0.179168 0.810898
vt 0.182568 0.813021
vt 0.173647 0.807831
vt 0.175665 0.804833
vt 0.174284 0.811256
vt 0.177203 0.813099
vt 0.174284 0.811256
vt 0.21369 0.811745
vt 0.206563 0.813347
vt 0.210159 0.811594
vt 0.20299 0.813217
vt 0.214255 0.805485
vt 0.217751 0.805684
vt 0.212949 0.798456
vt 0.216455 0.79871
vt 0.206957 0.794634
vt 0.210564 0.794905
vt 0.203911 0.812305
vt 0.197213 0.813826
vt 0.207838 0.806688
vt 0.20646 0.800332
vt 0.200826 0.796894
vt 0.196615 0.812272
vt 0.191074 0.813527
vt 0.199775 0.807593
vt 0.198746 0.802226
vt 0.194086 0.799322
vt 0.186628 0.812056
vt 0.182568 0.813021
vt 0.188971 0.808564
vt 0.188227 0.80459
vt 0.184832 0.802464
vt 0.180693 0.812281
vt 0.177203 0.813099
vt 0.182709 0.809281
vt 0.182071 0.805858
vt 0.179154 0.804015
vt 0.174632 0.808159
vt 0.174632 0.808159
vt 0.174632 0.808159
vt 0.180771 0.803434
vt 0.175665 0.804833
vt 0.174632 0.808159
vt 0.18848 0.800592
vt 0.194182 0.798398
vt 0.199614 0.796286
vt 0.177203 0.813099
vt 0.174632 0.808159
vt 0.180693 0.812281
vt 0.174632 0.808159
vt 0.173647 0.807831
vt 0.175665 0.804833
vt 0.174284 0.811256
vt 0.174632 0.808159
vt 0.174284 0.811256
vt 0.174632 0.808159
vt 0.177203 0.813099
vt 0.107231 0.874659
vt 0.116116 0.876349
vt 0.099577 0.878263
vt 0.10893 0.880636
vt 0.121233 0.883728
vt 0.114277 0.888353
vt 0.119634 0.892563
vt 0.112704 0.897339
vt 0.112255 0.89768
vt 0.105249 0.902508
vt 0.089899 0.883189
vt 0.098104 0.884734
vt 0.101658 0.900113
vt 0.094996 0.905033
vt 0.102962 0.891727
vt 0.080462 0.886829
vt 0.087323 0.888076
vt 0.090282 0.900969
vt 0.084582 0.904977
vt 0.09143 0.893985
vt 0.06872 0.889975
vt 0.073863 0.890898
vt 0.076051 0.900268
vt 0.071815 0.903226
vt 0.076902 0.895162
vt 0.062056 0.890141
vt 0.066474 0.890937
vt 0.068319 0.899013
vt 0.064665 0.901562
vt 0.069069 0.894612
vt 0.059986 0.894867
vt 0.059986 0.894867
vt 0.059986 0.894867
vt 0.059986 0.894867
vt 0.066679 0.902302
vt 0.060248 0.900766
vt 0.059986 0.894867
vt 0.057654 0.897091
vt 0.059986 0.894867
vt 0.060248 0.900766
vt 0.058403 0.89269
vt 0.059986 0.894867
vt 0.057654 0.897091
vt 0.058403 0.89269
vt 0.062056 0.890141
vt 0.059986 0.894867
vt 0.099481 0.879096
vt 0.107231 0.874659
vt 0.092516 0.884147
vt 0.092516 0.884147
vt 0.107231 0.874659
vt 0.099577 0.878263
vt 0.083141 0.88798
vt 0.089899 0.883189
vt 0.081801 0.896317
vt 0.0911 0.893368
vt 0.099481 0.879096
vt 0.098253 0.888612
vt 0.096321 0.900893
vt 0.103419 0.896081
vt 0.105249 0.902508
vt 0.112255 0.89768
vt 0.086696 0.903359
vt 0.094996 0.905033
vt 0.074765 0.890841
vt 0.080462 0.886829
vt 0.073653 0.897875
vt 0.077707 0.903712
vt 0.084582 0.904977
vt 0.064493 0.892932
vt 0.06872 0.889975
vt 0.063649 0.898038
vt 0.066679 0.902302
vt 0.071815 0.903226
vt 0.058403 0.89269
vt 0.062056 0.890141
vt 0.057654 0.897091
vt 0.058403 0.89269
vt 0.060248 0.900766
vt 0.057654 0.897091
vt 0.072517 0.808968
vt 0.069985 0.817607
vt 0.065624 0.810779
vt 0.065624 0.810779
vt 0.065571 0.818715
vt 0.067888 0.823824
vt 0.060657 0.824678
vt 0.063027 0.826012
vt 0.053463 0.82544
vt 0.056878 0.811018
vt 0.057238 0.817844
vt 0.052797 0.823244
vt 0.046132 0.824084
vt 0.04976 0.809831
vt 0.050094 0.815516
vt 0.04563 0.806238
vt 0.051941 0.806754
vt 0.065624 0.810779
vt 0.059777 0.806509
vt 0.072517 0.808968
vt 0.066901 0.804248
vt 0.046349 0.820071
vt 0.040799 0.82072
vt 0.042183 0.807662
vt 0.042439 0.81191
vt 0.039143 0.804998
vt 0.039757 0.815246
vt 0.035708 0.815712
vt 0.038408 0.806219
vt 0.038578 0.809076
vt 0.036356 0.804416
vt 0.036765 0.811312
vt 0.034031 0.811616
vt 0.032667 0.813038
vt 0.031979 0.809811
vt 0.034347 0.807233
vt 0.034347 0.807233
vt 0.034347 0.807233
vt 0.034347 0.807233
vt 0.034347 0.807233
vt 0.036673 0.817119
vt 0.031811 0.806955
vt 0.034347 0.807233
vt 0.033623 0.804721
vt 0.034347 0.807233
vt 0.036356 0.804416
vt 0.034347 0.807233
vt 0.033623 0.804721
vt 0.059517 0.806941
vt 0.066901 0.804248
vt 0.052439 0.807452
vt 0.047652 0.813264
vt 0.055289 0.814005
vt 0.048092 0.820691
vt 0.05701 0.821901
vt 0.053463 0.82544
vt 0.063027 0.826012
vt 0.040843 0.81299
vt 0.045312 0.807557
vt 0.059777 0.806509
vt 0.051941 0.806754
vt 0.041117 0.819918
vt 0.046132 0.824084
vt 0.040053 0.806929
vt 0.04563 0.806238
vt 0.036355 0.811421
vt 0.036673 0.817119
vt 0.040799 0.82072
vt 0.035098 0.80547
vt 0.039143 0.804998
vt 0.032415 0.808798
vt 0.032667 0.813038
vt 0.033623 0.804721
vt 0.036356 0.804416
vt 0.031811 0.806955
vt 0.031979 0.809811
vt 0.052439 0.807452
vt 0.122441 0.76774
vt 0.116579 0.76467
vt 0.114083 0.764241
vt 0.108116 0.760555
vt 0.115139 0.75788
vt 0.106628 0.753479
vt 0.11894 0.751273
vt 0.110957 0.743933
vt 0.125755 0.748703
vt 0.11782 0.741343
vt 0.106936 0.760023
vt 0.101558 0.757219
vt 0.104119 0.741994
vt 0.110189 0.740564
vt 0.100212 0.750822
vt 0.100031 0.75689
vt 0.095535 0.754589
vt 0.097562 0.742649
vt 0.102806 0.740633
vt 0.094404 0.749195
vt 0.092117 0.75424
vt 0.088757 0.752529
vt 0.090221 0.743802
vt 0.094104 0.742323
vt 0.087894 0.748631
vt 0.088106 0.754135
vt 0.085223 0.752664
vt 0.0845 0.749313
vt 0.086356 0.746045
vt 0.129339 0.765772
vt 0.122441 0.76774
vt 0.120904 0.761007
vt 0.114083 0.764241
vt 0.124685 0.754061
vt 0.133075 0.758535
vt 0.123706 0.744326
vt 0.131605 0.751671
vt 0.113196 0.757592
vt 0.106936 0.760023
vt 0.116655 0.75134
vt 0.115731 0.74235
vt 0.105288 0.754866
vt 0.100031 0.75689
vt 0.108192 0.749601
vt 0.107304 0.742936
vt 0.115731 0.74235
vt 0.102806 0.740633
vt 0.096003 0.752757
vt 0.092117 0.75424
vt 0.098137 0.748951
vt 0.097459 0.744025
vt 0.094104 0.742323
vt 0.091457 0.75286
vt 0.088106 0.754135
vt 0.093312 0.749588
vt 0.091457 0.75286
vt 0.092585 0.746238
vt 0.093312 0.749588
vt 0.089703 0.744772
vt 0.085383 0.75006
vt 0.086356 0.746045
vt 0.085383 0.75006
vt 0.090221 0.743802
vt 0.091457 0.75286
vt 0.085383 0.75006
vt 0.110189 0.740564
vt 0.123706 0.744326
vt 0.115731 0.74235
vt 0.11782 0.741343
vt 0.110189 0.740564
vt 0.115731 0.74235
vt 0.102806 0.740633
vt 0.093312 0.749588
vt 0.085383 0.75006
vt 0.092585 0.746238
vt 0.091457 0.75286
vt 0.088106 0.754135
vt 0.085383 0.75006
vt 0.085383 0.75006
vt 0.0845 0.749313
vt 0.086356 0.746045
vt 0.085383 0.75006
vt 0.085223 0.752664
vt 0.085383 0.75006
vt 0.088106 0.754135
vt 0.085223 0.752664
vt 0.131605 0.751671
vt 0.123706 0.744326
vt 0.136683 0.761772
vt 0.12959 0.762395
vt 0.135475 0.726021
vt 0.12445 0.728456
vt 0.148289 0.721448
vt 0.125966 0.694639
vt 0.14147 0.690871
vt 0.154455 0.686842
vt 0.135393 0.661423
vt 0.14634 0.658269
vt 0.150148 0.657172
vt 0.157142 0.686084
vt 0.158701 0.718107
vt 0.148289 0.721448
vt 0.150039 0.758495
vt 0.16196 0.715568
vt 0.163408 0.753701
vt 0.150039 0.758495
vt 0.166862 0.751168
vt 0.135482 0.628385
vt 0.12535 0.63367
vt 0.120938 0.664943
vt 0.136109 0.624793
vt 0.11341 0.599848
vt 0.107858 0.60478
vt 0.113775 0.637626
vt 0.120938 0.664943
vt 0.113811 0.596623
vt 0.103381 0.588493
vt 0.098811 0.597092
vt 0.100295 0.608412
vt 0.113775 0.637626
vt 0.094344 0.599887
vt 0.103745 0.588042
vt 0.094115 0.58514
vt 0.089916 0.589534
vt 0.087166 0.585375
vt 0.088494 0.591509
vt 0.094344 0.599887
vt 0.135393 0.661423
vt 0.125966 0.694639
vt 0.150039 0.758495
vt 0.136683 0.761772
vt 0.148289 0.721448
vt 0.125966 0.694639
vt 0.116129 0.692643
vt 0.120938 0.664943
vt 0.114916 0.667633
vt 0.120938 0.664943
vt 0.113775 0.637626
vt 0.113775 0.637626
vt 0.109347 0.637262
vt 0.100295 0.608412
vt 0.100295 0.608412
vt 0.109347 0.637262
vt 0.095601 0.608297
vt 0.094344 0.599887
vt 0.091439 0.599626
vt 0.088494 0.591509
vt 0.087344 0.591093
vt 0.087166 0.585375
vt 0.103745 0.588042
vt 0.11341 0.599848
vt 0.103381 0.588493
vt 0.103745 0.588042
vt 0.103381 0.588493
vt 0.093249 0.584266
vt 0.094115 0.58514
vt 0.087166 0.585375
vt 0.093249 0.584266
vt 0.087166 0.585375
vt 0.09114 0.58388
vt 0.087166 0.585375
vt 0.087344 0.591093
vt 0.086807 0.588536
vt 0.158932 0.752114
vt 0.166862 0.751168
vt 0.156507 0.716669
vt 0.156507 0.716669
vt 0.16196 0.715568
vt 0.148462 0.687315
vt 0.143835 0.720662
vt 0.158932 0.752114
vt 0.156507 0.716669
vt 0.145411 0.755568
vt 0.128147 0.725738
vt 0.133258 0.759818
vt 0.12445 0.728456
vt 0.12959 0.762395
vt 0.119307 0.690676
vt 0.133204 0.691043
vt 0.156507 0.716669
vt 0.148462 0.687315
vt 0.116129 0.692643
vt 0.128707 0.661683
vt 0.11704 0.666323
vt 0.114916 0.667633
vt 0.112236 0.633528
vt 0.118505 0.628559
vt 0.142908 0.65823
vt 0.148462 0.687315
vt 0.109347 0.637262
vt 0.096569 0.604685
vt 0.102205 0.599959
vt 0.129931 0.62467
vt 0.142908 0.65823
vt 0.095601 0.608297
vt 0.091654 0.596553
vt 0.09567 0.592858
vt 0.109199 0.596718
vt 0.129931 0.62467
vt 0.136109 0.624793
vt 0.113811 0.596623
vt 0.100113 0.590259
vt 0.091439 0.599626
vt 0.087344 0.591093
vt 0.086807 0.588536
vt 0.089218 0.585847
vt 0.087166 0.585375
vt 0.09114 0.58388
vt 0.129931 0.62467
vt 0.150148 0.657172
vt 0.142908 0.65823
vt 0.157142 0.686084
vt 0.148462 0.687315
vt 0.16196 0.715568
vt 0.148462 0.687315
vt 0.142908 0.65823
vt 0.142908 0.65823
vt 0.129931 0.62467
vt 0.087166 0.585375
vt 0.089218 0.585847
vt 0.09114 0.58388
vt 0.100113 0.590259
vt 0.113811 0.596623
vt 0.103745 0.588042
vt 0.100113 0.590259
vt 0.103745 0.588042
vt 0.09114 0.58388
vt 0.20489 0.856869
vt 0.215493 0.84242
vt 0.227879 0.876908
vt 0.235706 0.864669
vt 0.225163 0.884833
vt 0.223983 0.833058
vt 0.244522 0.854966
vt 0.225486 0.834127
vt 0.24725 0.854353
vt 0.255797 0.892612
vt 0.262685 0.883434
vt 0.255797 0.892612
vt 0.251224 0.899091
vt 0.255797 0.892612
vt 0.197951 0.86837
vt 0.268839 0.875225
vt 0.270865 0.872768
vt 0.281643 0.914669
vt 0.288796 0.905016
vt 0.281643 0.914669
vt 0.277078 0.921199
vt 0.281643 0.914669
vt 0.294746 0.896705
vt 0.29578 0.894761
vt 0.308126 0.933891
vt 0.301632 0.941544
vt 0.299548 0.946492
vt 0.31515 0.928097
vt 0.318569 0.927548
vt 0.320461 0.959182
vt 0.315463 0.963518
vt 0.301632 0.941544
vt 0.314306 0.967647
vt 0.299548 0.946492
vt 0.326007 0.95736
vt 0.328791 0.958944
vt 0.324968 0.986113
vt 0.327855 0.983589
vt 0.32998 0.991102
vt 0.324239 0.988864
vt 0.32998 0.991102
vt 0.3312 0.982775
vt 0.32998 0.991102
vt 0.333042 0.984146
vt 0.32998 0.991102
vt 0.281643 0.914669
vt 0.288796 0.905016
vt 0.281643 0.914669
vt 0.301632 0.941544
vt 0.32998 0.991102
vt 0.332308 0.986892
vt 0.324239 0.988864
vt 0.32998 0.991102
vt 0.32609 0.990227
vt 0.32609 0.990227
vt 0.32998 0.991102
vt 0.329431 0.989409
vt 0.317538 0.968995
vt 0.322945 0.966965
vt 0.332308 0.986892
vt 0.32998 0.991102
vt 0.303072 0.945831
vt 0.299548 0.946492
vt 0.277078 0.921199
vt 0.279138 0.91919
vt 0.251224 0.899091
vt 0.252968 0.897939
vt 0.225163 0.884833
vt 0.285943 0.909995
vt 0.259608 0.889819
vt 0.229242 0.880629
vt 0.225163 0.884833
vt 0.238746 0.869815
vt 0.200308 0.868495
vt 0.197951 0.86837
vt 0.208899 0.858975
vt 0.245096 0.860265
vt 0.266739 0.879212
vt 0.266739 0.879212
vt 0.292124 0.900293
vt 0.292124 0.900293
vt 0.197951 0.86837
vt 0.292124 0.900293
vt 0.316455 0.932486
vt 0.310066 0.940027
vt 0.327492 0.962865
vt 0.328791 0.958944
vt 0.318569 0.927548
vt 0.292124 0.900293
vt 0.333042 0.984146
vt 0.219241 0.844843
vt 0.208899 0.858975
vt 0.245096 0.860265
vt 0.24725 0.854353
vt 0.219241 0.844843
vt 0.245096 0.860265
vt 0.225486 0.834127
vt 0.270865 0.872768
vt 0.266739 0.879212
vt 0.29578 0.894761
vt 0.292124 0.900293
vt 0.29578 0.894761
vt 0.292124 0.900293
vt 0.318569 0.927548
vt 0.314306 0.967647
vt 0.324239 0.988864
vt 0.139305 0.877712
vt 0.148298 0.883495
vt 0.120004 0.9034
vt 0.133229 0.909858
vt 0.110297 0.901021
vt 0.130536 0.874764
vt 0.107935 0.928054
vt 0.09574 0.923439
vt 0.08218 0.945639
vt 0.092147 0.949997
vt 0.116225 0.933258
vt 0.133229 0.909858
vt 0.079225 0.946988
vt 0.093284 0.924999
vt 0.110297 0.901021
vt 0.076447 0.955186
vt 0.085642 0.958521
vt 0.101506 0.955516
vt 0.116225 0.933258
vt 0.093407 0.964652
vt 0.105484 0.960132
vt 0.118606 0.937095
vt 0.116225 0.933258
vt 0.134238 0.913481
vt 0.071769 0.95841
vt 0.096612 0.97173
vt 0.073585 0.970511
vt 0.079754 0.975945
vt 0.060289 0.97852
vt 0.064377 0.983318
vt 0.053686 0.978973
vt 0.064079 0.968363
vt 0.082306 0.984039
vt 0.063915 0.991072
vt 0.048474 0.987043
vt 0.051129 0.989612
vt 0.044798 0.98703
vt 0.048474 0.987043
vt 0.063915 0.991072
vt 0.052469 0.993825
vt 0.059566 0.973465
vt 0.148298 0.883495
vt 0.152414 0.889039
vt 0.133229 0.909858
vt 0.133229 0.909858
vt 0.152414 0.889039
vt 0.134238 0.913481
vt 0.116225 0.933258
vt 0.082306 0.984039
vt 0.075758 0.988154
vt 0.063915 0.991072
vt 0.063915 0.991072
vt 0.075758 0.988154
vt 0.059851 0.995505
vt 0.052469 0.993825
vt 0.045713 0.991396
vt 0.048474 0.987043
vt 0.051129 0.989612
vt 0.052469 0.993825
vt 0.044798 0.98703
vt 0.048474 0.987043
vt 0.045713 0.991396
vt 0.044798 0.98703
vt 0.045713 0.991396
vt 0.042254 0.989579
vt 0.042254 0.989579
vt 0.045713 0.991396
vt 0.042333 0.993197
vt 0.042333 0.993197
vt 0.045713 0.991396
vt 0.044987 0.995764
vt 0.045713 0.991396
vt 0.051043 0.9969
vt 0.044987 0.995764
vt 0.045713 0.991396
vt 0.052469 0.993825
vt 0.051043 0.9969
vt 0.052469 0.993825
vt 0.059851 0.995505
vt 0.051043 0.9969
vt 0.127842 0.877428
vt 0.130536 0.874764
vt 0.109902 0.903171
vt 0.109902 0.903171
vt 0.130536 0.874764
vt 0.110297 0.901021
vt 0.093284 0.924999
vt 0.097406 0.929653
vt 0.116287 0.909217
vt 0.127842 0.877428
vt 0.132079 0.883034
vt 0.125573 0.914162
vt 0.140938 0.888674
vt 0.110226 0.936847
vt 0.110226 0.936847
vt 0.08384 0.952631
vt 0.079225 0.946988
vt 0.093229 0.958149
vt 0.102118 0.961237
vt 0.074834 0.96642
vt 0.071769 0.95841
vt 0.083178 0.972751
vt 0.091541 0.97466
vt 0.096612 0.97173
vt 0.105484 0.960132
vt 0.116425 0.938611
vt 0.110226 0.936847
vt 0.125573 0.914162
vt 0.129343 0.914212
vt 0.140938 0.888674
vt 0.149337 0.89116
vt 0.134238 0.913481
vt 0.152414 0.889039
vt 0.118606 0.937095
vt 0.062328 0.982638
vt 0.059566 0.973465
vt 0.048373 0.990752
vt 0.048787 0.984174
vt 0.064079 0.968363
vt 0.053686 0.978973
vt 0.052398 0.995075
vt 0.068263 0.987933
vt 0.059851 0.995505
vt 0.042254 0.989579
vt 0.044798 0.98703
vt 0.042333 0.993197
vt 0.042254 0.989579
vt 0.044987 0.995764
vt 0.042333 0.993197
vt 0.051043 0.9969
vt 0.075758 0.988154
vt 0.082306 0.984039
vt 0.076447 0.955186
vt 0.21503 0.795326
vt 0.213994 0.7866
vt 0.251049 0.783437
vt 0.251049 0.783437
vt 0.248155 0.774839
vt 0.277695 0.765807
vt 0.257168 0.790661
vt 0.21503 0.795326
vt 0.251049 0.783437
vt 0.221812 0.806644
vt 0.257168 0.790661
vt 0.263043 0.794444
vt 0.221812 0.806644
vt 0.257168 0.790661
vt 0.231537 0.813788
vt 0.221812 0.806644
vt 0.263043 0.794444
vt 0.267501 0.792855
vt 0.237171 0.812593
vt 0.295473 0.781085
vt 0.291473 0.782422
vt 0.257168 0.790661
vt 0.320819 0.765077
vt 0.316555 0.76569
vt 0.284103 0.776098
vt 0.257168 0.790661
vt 0.251049 0.783437
vt 0.277695 0.765807
vt 0.309214 0.759605
vt 0.303204 0.750353
vt 0.33045 0.738475
vt 0.325312 0.732039
vt 0.337447 0.742036
vt 0.33045 0.738475
vt 0.342172 0.740659
vt 0.347193 0.721857
vt 0.352742 0.720233
vt 0.358203 0.716109
vt 0.363063 0.698343
vt 0.360314 0.700381
vt 0.359299 0.691548
vt 0.347193 0.721857
vt 0.33045 0.738475
vt 0.325312 0.732039
vt 0.341483 0.716897
vt 0.325086 0.726542
vt 0.341946 0.710395
vt 0.353299 0.696484
vt 0.356266 0.699614
vt 0.353299 0.696484
vt 0.359299 0.691548
vt 0.303204 0.750353
vt 0.302036 0.743471
vt 0.325312 0.732039
vt 0.325086 0.726542
vt 0.277695 0.765807
vt 0.248155 0.774839
vt 0.27711 0.759457
vt 0.303204 0.750353
vt 0.302036 0.743471
vt 0.353299 0.696484
vt 0.341946 0.710395
vt 0.354174 0.694141
vt 0.359299 0.691548
vt 0.359299 0.691548
vt 0.354174 0.694141
vt 0.356352 0.690952
vt 0.356266 0.699614
vt 0.359299 0.691548
vt 0.360314 0.700381
vt 0.347193 0.721857
vt 0.359299 0.691548
vt 0.362911 0.6947
vt 0.359299 0.691548
vt 0.359953 0.691582
vt 0.362911 0.6947
vt 0.359299 0.691548
vt 0.356352 0.690952
vt 0.235971 0.803906
vt 0.237171 0.812593
vt 0.266634 0.787679
vt 0.267501 0.792855
vt 0.29386 0.772967
vt 0.260985 0.780371
vt 0.235971 0.803906
vt 0.266634 0.787679
vt 0.228774 0.792785
vt 0.25284 0.773352
vt 0.219697 0.785606
vt 0.248155 0.774839
vt 0.213994 0.7866
vt 0.287482 0.762859
vt 0.29386 0.772967
vt 0.281177 0.758274
vt 0.27711 0.759457
vt 0.313701 0.749106
vt 0.306452 0.742989
vt 0.302036 0.743471
vt 0.329873 0.725226
vt 0.336825 0.728819
vt 0.325086 0.726542
vt 0.348 0.706467
vt 0.341946 0.710395
vt 0.354174 0.694141
vt 0.356352 0.690952
vt 0.29386 0.772967
vt 0.267501 0.792855
vt 0.295473 0.781085
vt 0.29386 0.772967
vt 0.295473 0.781085
vt 0.319608 0.758217
vt 0.319608 0.758217
vt 0.320819 0.765077
vt 0.313701 0.749106
vt 0.29386 0.772967
vt 0.319608 0.758217
vt 0.319608 0.758217
vt 0.320819 0.765077
vt 0.341901 0.735193
vt 0.342172 0.740659
vt 0.358312 0.710006
vt 0.358203 0.716109
vt 0.353208 0.705246
vt 0.336825 0.728819
vt 0.362911 0.6947
vt 0.363063 0.698343
vt 0.359953 0.691582
vt 0.313701 0.749106
vt 0.319608 0.758217
vt 0.336825 0.728819
vt 0.336825 0.728819
vt 0.341901 0.735193
vt 0.348 0.706467
vt 0.353208 0.705246
vt 0.356352 0.690952
vt 0.336825 0.728819
vt 0.356352 0.690952
vt 0.353208 0.705246
vt 0.359953 0.691582
vt 0.09114 0.58388
vt 0.103745 0.588042
vt 0.093249 0.584266
vt 0.257698 0.881928
vt 0.262649 0.872126
vt 0.273737 0.89175
vt 0.277221 0.883595
vt 0.273133 0.896612
vt 0.292456 0.897962
vt 0.290589 0.903263
vt 0.292456 0.897962
vt 0.309135 0.912246
vt 0.310665 0.907655
vt 0.291239 0.90374
vt 0.309919 0.912277
vt 0.262649 0.872126
vt 0.266579 0.866545
vt 0.277221 0.883595
vt 0.277221 0.883595
vt 0.266579 0.866545
vt 0.279173 0.881743
vt 0.295639 0.891981
vt 0.292456 0.897962
vt 0.277221 0.883595
vt 0.295639 0.891981
vt 0.310665 0.907655
vt 0.295639 0.891981
vt 0.313977 0.901308
vt 0.254406 0.890487
vt 0.257698 0.881928
vt 0.273133 0.896612
vt 0.295639 0.891981
vt 0.279173 0.881743
vt 0.298319 0.887428
vt 0.313977 0.901308
vt 0.316537 0.896847
vt 0.299052 0.886928
vt 0.28043 0.882578
vt 0.329716 0.912699
vt 0.326053 0.91867
vt 0.310665 0.907655
vt 0.333857 0.908886
vt 0.316726 0.89697
vt 0.336041 0.909452
vt 0.333449 0.924577
vt 0.337719 0.92062
vt 0.332765 0.928971
vt 0.325047 0.923256
vt 0.310665 0.907655
vt 0.309135 0.912246
vt 0.342753 0.91955
vt 0.345528 0.92179
vt 0.336782 0.929157
vt 0.339832 0.926325
vt 0.33596 0.93313
vt 0.336782 0.929157
vt 0.344428 0.925841
vt 0.346913 0.92824
vt 0.343383 0.934067
vt 0.340782 0.935581
vt 0.336782 0.929157
vt 0.343039 0.939712
vt 0.344953 0.934575
vt 0.343039 0.939712
vt 0.346466 0.936547
vt 0.343039 0.939712
vt 0.34692 0.931682
vt 0.336782 0.929157
vt 0.340017 0.938047
vt 0.341533 0.940017
vt 0.343039 0.939712
vt 0.340782 0.935581
vt 0.343039 0.939712
vt 0.343039 0.939712
vt 0.345699 0.93901
vt 0.34444 0.94034
vt 0.343039 0.939712
vt 0.279173 0.881743
vt 0.267236 0.868366
vt 0.28043 0.882578
vt 0.255424 0.891811
vt 0.254406 0.890487
vt 0.274843 0.895005
vt 0.274843 0.895005
vt 0.254406 0.890487
vt 0.273133 0.896612
vt 0.291239 0.90374
vt 0.293798 0.899124
vt 0.278829 0.889564
vt 0.255424 0.891811
vt 0.259406 0.886126
vt 0.279524 0.887136
vt 0.297024 0.892108
vt 0.297024 0.892108
vt 0.312192 0.907845
vt 0.309919 0.912277
vt 0.314924 0.901535
vt 0.314924 0.901535
vt 0.331406 0.919931
vt 0.327278 0.923761
vt 0.335023 0.914022
vt 0.340821 0.92971
vt 0.344695 0.925931
vt 0.335023 0.914022
vt 0.335933 0.931033
vt 0.325047 0.923256
vt 0.345528 0.92179
vt 0.336041 0.909452
vt 0.343193 0.934782
vt 0.338686 0.935421
vt 0.332765 0.928971
vt 0.33596 0.93313
vt 0.34692 0.931682
vt 0.346913 0.92824
vt 0.341533 0.940017
vt 0.345699 0.93901
vt 0.346466 0.936547
vt 0.34444 0.94034
vt 0.34444 0.94034
vt 0.34444 0.94034
vt 0.309135 0.912246
vt 0.290589 0.903263
vt 0.264268 0.876462
vt 0.279524 0.887136
vt 0.28043 0.882578
vt 0.264268 0.876462
vt 0.279524 0.887136
vt 0.267236 0.868366
vt 0.299052 0.886928
vt 0.297024 0.892108
vt 0.316726 0.89697
vt 0.314924 0.901535
vt 0.316537 0.896847
vt 0.314924 0.901535
vt 0.312192 0.907845
vt 0.335023 0.914022
vt 0.316726 0.89697
vt 0.314924 0.901535
vt 0.336041 0.909452
vt 0.314924 0.901535
vt 0.335023 0.914022
vt 0.266579 0.866545
vt 0.267236 0.868366
vt 0.279173 0.881743
vt 0.28043 0.882578
vt 0.298319 0.887428
vt 0.341533 0.940017
vt 0.343039 0.939712
vt 0.34444 0.94034
vt 0.28246 0.766995
vt 0.284249 0.760409
vt 0.301404 0.770539
vt 0.301404 0.770539
vt 0.284249 0.760409
vt 0.303429 0.761947
vt 0.287364 0.758625
vt 0.306059 0.760419
vt 0.320583 0.769829
vt 0.322969 0.763207
vt 0.320583 0.769829
vt 0.341151 0.770455
vt 0.343349 0.763925
vt 0.359531 0.76905
vt 0.361665 0.764039
vt 0.375529 0.766066
vt 0.377673 0.762179
vt 0.387656 0.762859
vt 0.390017 0.760359
vt 0.325096 0.763112
vt 0.345331 0.763931
vt 0.300204 0.782306
vt 0.28246 0.766995
vt 0.301404 0.770539
vt 0.280994 0.781303
vt 0.301248 0.792976
vt 0.320499 0.783551
vt 0.321649 0.793217
vt 0.341083 0.791074
vt 0.340698 0.780947
vt 0.320583 0.769829
vt 0.301404 0.770539
vt 0.341151 0.770455
vt 0.360667 0.777985
vt 0.359531 0.76905
vt 0.363156 0.783319
vt 0.366394 0.783521
vt 0.376091 0.7718
vt 0.378893 0.775707
vt 0.389867 0.76693
vt 0.382125 0.775599
vt 0.343386 0.790471
vt 0.389867 0.76693
vt 0.282632 0.789978
vt 0.280994 0.781303
vt 0.301248 0.792976
vt 0.301248 0.792976
vt 0.321649 0.793217
vt 0.376091 0.7718
vt 0.359531 0.76905
vt 0.375529 0.766066
vt 0.387992 0.764781
vt 0.387656 0.762859
vt 0.389867 0.76693
vt 0.387992 0.764781
vt 0.387656 0.762859
vt 0.390656 0.763583
vt 0.389867 0.76693
vt 0.389867 0.76693
vt 0.392537 0.767004
vt 0.387656 0.762859
vt 0.390017 0.760359
vt 0.392537 0.767004
vt 0.390656 0.763583
vt 0.392825 0.766302
vt 0.393425 0.763343
vt 0.392825 0.766302
vt 0.391574 0.760911
vt 0.390017 0.760359
vt 0.382125 0.775599
vt 0.389867 0.76693
vt 0.392537 0.767004
vt 0.285791 0.788022
vt 0.282632 0.789978
vt 0.304209 0.790744
vt 0.301248 0.792976
vt 0.306809 0.778362
vt 0.288819 0.776692
vt 0.307194 0.767899
vt 0.288706 0.767331
vt 0.306059 0.760419
vt 0.287364 0.758625
vt 0.323507 0.791599
vt 0.324876 0.78135
vt 0.325904 0.769454
vt 0.325096 0.763112
vt 0.344717 0.782364
vt 0.34557 0.771909
vt 0.345331 0.763931
vt 0.36737 0.769664
vt 0.364914 0.764313
vt 0.361665 0.764039
vt 0.381062 0.762472
vt 0.383616 0.766468
vt 0.367619 0.776949
vt 0.344717 0.782364
vt 0.384019 0.7718
vt 0.366394 0.783521
vt 0.343386 0.790471
vt 0.344717 0.782364
vt 0.382125 0.775599
vt 0.377673 0.762179
vt 0.392825 0.766302
vt 0.392537 0.767004
vt 0.393425 0.763343
vt 0.392825 0.766302
vt 0.391574 0.760911
vt 0.390017 0.760359
vt 0.390017 0.760359
vt 0.301248 0.792976
vt 0.321649 0.793217
vt 0.323507 0.791599
vt 0.321649 0.793217
vt 0.343386 0.790471
vt 0.344717 0.782364
vt 0.343386 0.790471
vt 0.321649 0.793217
vt 0.341083 0.791074
vt 0.403165 0.749951
vt 0.451016 0.615695
vt 0.40208 0.743267
vt 0.448826 0.602711
vt 0.399418 0.710611
vt 0.448885 0.583646
vt 0.45352 0.635783
vt 0.407441 0.776277
vt 0.20728 0.659097
vt 0.218675 0.65823
vt 0.304419 0.546842
vt 0.312224 0.545684
vt 0.345796 0.536
vt 0.275704 0.653392
vt 0.266205 0.547922
vt 0.162396 0.662512
vt 0.341653 0.550665
vt 0.304419 0.546842
vt 0.312224 0.545684
vt 0.331864 0.5526
vt 0.364809 0.545104
vt 0.345796 0.536
vt 0.266205 0.547922
vt 0.291375 0.55975
vt 0.339478 0.555326
vt 0.331864 0.5526
vt 0.341653 0.550665
vt 0.329658 0.55733
vt 0.36368 0.550933
vt 0.364809 0.545104
vt 0.291375 0.55975
vt 0.289041 0.564753
vt 0.36368 0.550933
vt 0.381434 0.558736
vt 0.339478 0.555326
vt 0.356772 0.562586
vt 0.40568 0.569437
vt 0.389359 0.579211
vt 0.345188 0.56441
vt 0.329658 0.55733
vt 0.289041 0.564753
vt 0.299377 0.569604
vt 0.421274 0.576319
vt 0.412776 0.588646
vt 0.427645 0.579131
vt 0.426419 0.594847
vt 0.411982 0.595091
vt 0.42373 0.600444
vt 0.408801 0.620907
vt 0.412964 0.622859
vt 0.356772 0.562586
vt 0.389359 0.579211
vt 0.354559 0.567369
vt 0.387138 0.584009
vt 0.412776 0.588646
vt 0.41056 0.593433
vt 0.345188 0.56441
vt 0.342945 0.569256
vt 0.299377 0.569604
vt 0.356772 0.562586
vt 0.354559 0.567369
vt 0.297026 0.574685
vt 0.409738 0.599937
vt 0.387138 0.584009
vt 0.41056 0.593433
vt 0.383596 0.587928
vt 0.354559 0.567369
vt 0.342945 0.569256
vt 0.297026 0.574685
vt 0.363621 0.605907
vt 0.406449 0.625986
vt 0.451016 0.615695
vt 0.425937 0.595714
vt 0.448826 0.602711
vt 0.428593 0.590186
vt 0.448885 0.583646
vt 0.430023 0.574034
vt 0.415298 0.617855
vt 0.45352 0.635783
vt 0.425937 0.595714
vt 0.42373 0.600444
vt 0.428593 0.590186
vt 0.426419 0.594847
vt 0.412964 0.622859
vt 0.415298 0.617855
vt 0.427645 0.579131
vt 0.430023 0.574034
vt 0.426419 0.594847
vt 0.428593 0.590186
vt 0.412776 0.588646
vt 0.411982 0.595091
vt 0.41056 0.593433
vt 0.409738 0.599937
vt 0.408801 0.620907
vt 0.406449 0.625986
vt 0.278415 0.731945
vt 0.283073 0.732198
vt 0.26245 0.776905
vt 0.266893 0.777093
vt 0.25808 0.775113
vt 0.273814 0.730057
vt 0.255466 0.772407
vt 0.271044 0.72726
vt 0.255606 0.769827
vt 0.271161 0.724632
vt 0.286001 0.730724
vt 0.269704 0.775609
vt 0.283073 0.732198
vt 0.278415 0.731945
vt 0.278582 0.727678
vt 0.273814 0.730057
vt 0.271044 0.72726
vt 0.286001 0.730724
vt 0.271161 0.724632
vt 0.274107 0.723176
vt 0.278748 0.723438
vt 0.283319 0.725315
vt 0.28609 0.728095
vt 0.283319 0.725315
vt 0.278748 0.723438
vt 0.267204 0.770338
vt 0.262861 0.768557
vt 0.274107 0.723176
vt 0.258434 0.76836
vt 0.271161 0.724632
vt 0.255606 0.769827
vt 0.269818 0.773029
vt 0.28609 0.728095
vt 0.269704 0.775609
vt 0.286001 0.730724
vt 0.229888 0.709747
vt 0.234429 0.710597
vt 0.210284 0.75259
vt 0.214721 0.753148
vt 0.20609 0.750413
vt 0.225603 0.707193
vt 0.203755 0.747455
vt 0.223227 0.703919
vt 0.204169 0.744853
vt 0.223666 0.701184
vt 0.237485 0.709422
vt 0.217699 0.751877
vt 0.234429 0.710597
vt 0.229888 0.709747
vt 0.230576 0.705304
vt 0.237485 0.709422
vt 0.225603 0.707193
vt 0.223227 0.703919
vt 0.223666 0.701184
vt 0.226738 0.70003
vt 0.231261 0.700888
vt 0.235518 0.703426
vt 0.237895 0.706683
vt 0.226738 0.70003
vt 0.223666 0.701184
vt 0.207161 0.7436
vt 0.204169 0.744853
vt 0.211581 0.744166
vt 0.231261 0.700888
vt 0.21575 0.74633
vt 0.235518 0.703426
vt 0.218087 0.749273
vt 0.237895 0.706683
vt 0.217699 0.751877
vt 0.237485 0.709422
vt 0.184314 0.686144
vt 0.18872 0.687483
vt 0.160484 0.728102
vt 0.164882 0.729023
vt 0.156501 0.725557
vt 0.18028 0.68321
vt 0.154466 0.722368
vt 0.178172 0.679813
vt 0.155155 0.71976
vt 0.178795 0.677257
vt 0.191807 0.68672
vt 0.168007 0.727971
vt 0.184314 0.686144
vt 0.18028 0.68321
vt 0.185302 0.681989
vt 0.18872 0.687483
vt 0.191807 0.68672
vt 0.178172 0.679813
vt 0.178795 0.677257
vt 0.181896 0.676515
vt 0.186283 0.67786
vt 0.190291 0.680775
vt 0.192401 0.684156
vt 0.181896 0.676515
vt 0.178795 0.677257
vt 0.158291 0.718728
vt 0.155155 0.71976
vt 0.162671 0.719655
vt 0.186283 0.67786
vt 0.166631 0.722185
vt 0.190291 0.680775
vt 0.168669 0.725358
vt 0.192401 0.684156
vt 0.168007 0.727971
vt 0.191807 0.68672
vt 0.175477 0.698718
vt 0.169409 0.697662
vt 0.176248 0.682794
vt 0.176248 0.682794
vt 0.169343 0.682905
vt 0.164745 0.695387
vt 0.169343 0.682905
vt 0.165448 0.681733
vt 0.169343 0.682905
vt 0.168996 0.671685
vt 0.175719 0.670998
vt 0.165253 0.671578
vt 0.173366 0.653738
vt 0.167392 0.653807
vt 0.165567 0.652465
vt 0.170914 0.639394
vt 0.165893 0.639015
vt 0.16353 0.636322
vt 0.169107 0.630113
vt 0.165882 0.629406
vt 0.164274 0.62673
vt 0.165656 0.624082
vt 0.165494 0.622716
vt 0.167886 0.625361
vt 0.164996 0.623805
vt 0.183567 0.681898
vt 0.175477 0.698718
vt 0.176248 0.682794
vt 0.184111 0.6993
vt 0.188156 0.679853
vt 0.186287 0.697775
vt 0.18721 0.66538
vt 0.183931 0.667592
vt 0.176248 0.682794
vt 0.183931 0.667592
vt 0.183931 0.667592
vt 0.182613 0.649179
vt 0.183931 0.667592
vt 0.179121 0.651613
vt 0.175719 0.670998
vt 0.173366 0.653738
vt 0.176105 0.636092
vt 0.170914 0.639394
vt 0.177139 0.632762
vt 0.172079 0.628297
vt 0.169107 0.630113
vt 0.173027 0.625206
vt 0.16968 0.622636
vt 0.168966 0.624634
vt 0.167687 0.622776
vt 0.167886 0.625361
vt 0.167886 0.625361
vt 0.171264 0.622752
vt 0.176248 0.682794
vt 0.175719 0.670998
vt 0.176248 0.682794
vt 0.169343 0.682905
vt 0.175719 0.670998
vt 0.16968 0.622636
vt 0.167687 0.622776
vt 0.169476 0.621267
vt 0.167687 0.622776
vt 0.167886 0.625361
vt 0.165656 0.624082
vt 0.167687 0.622776
vt 0.165656 0.624082
vt 0.165494 0.622716
vt 0.165494 0.622716
vt 0.166523 0.621289
vt 0.171264 0.622752
vt 0.16968 0.622636
vt 0.169476 0.621267
vt 0.167687 0.622776
vt 0.166523 0.621289
vt 0.168868 0.621215
vt 0.169476 0.621267
vt 0.167687 0.622776
vt 0.168868 0.621215
vt 0.181553 0.695489
vt 0.186287 0.697775
vt 0.183917 0.678509
vt 0.188156 0.679853
vt 0.174326 0.678833
vt 0.172439 0.693617
vt 0.182529 0.666005
vt 0.18721 0.66538
vt 0.173807 0.668675
vt 0.178895 0.647888
vt 0.182613 0.649179
vt 0.172136 0.649031
vt 0.174349 0.630162
vt 0.177139 0.632762
vt 0.168482 0.63098
vt 0.172136 0.649031
vt 0.171264 0.622752
vt 0.173027 0.625206
vt 0.167969 0.680153
vt 0.172439 0.693617
vt 0.174326 0.678833
vt 0.167335 0.694073
vt 0.172439 0.693617
vt 0.165448 0.681733
vt 0.164745 0.695387
vt 0.165253 0.671578
vt 0.166549 0.670607
vt 0.174326 0.678833
vt 0.166549 0.670607
vt 0.166549 0.670607
vt 0.165567 0.652465
vt 0.166265 0.650828
vt 0.16353 0.636322
vt 0.164205 0.633056
vt 0.172136 0.649031
vt 0.164274 0.62673
vt 0.164996 0.623805
vt 0.168482 0.63098
vt 0.167911 0.622212
vt 0.174349 0.630162
vt 0.171264 0.622752
vt 0.168868 0.621215
vt 0.169476 0.621267
vt 0.166523 0.621289
vt 0.174326 0.678833
vt 0.183917 0.678509
vt 0.173807 0.668675
vt 0.166549 0.670607
vt 0.174326 0.678833
vt 0.173807 0.668675
vt 0.173807 0.668675
vt 0.166265 0.650828
vt 0.172136 0.649031
vt 0.164205 0.633056
vt 0.168482 0.63098
vt 0.165494 0.622716
vt 0.164996 0.623805
vt 0.166523 0.621289
vt 0.071701 0.762136
vt 0.069355 0.771716
vt 0.05259 0.755658
vt 0.049928 0.76589
vt 0.056579 0.748376
vt 0.076162 0.754931
vt 0.061242 0.74293
vt 0.070625 0.77563
vt 0.051753 0.769096
vt 0.034089 0.753444
vt 0.031938 0.760483
vt 0.051753 0.769096
vt 0.038461 0.743599
vt 0.040616 0.738121
vt 0.021413 0.750951
vt 0.023827 0.74309
vt 0.025467 0.738147
vt 0.025467 0.738147
vt 0.015169 0.744251
vt 0.012906 0.750603
vt 0.019453 0.756279
vt 0.014263 0.740262
vt 0.014263 0.740262
vt 0.005605 0.741543
vt 0.006085 0.743382
vt 0.00136 0.743812
vt 0.005263 0.74575
vt 0.00136 0.743812
vt 0.010599 0.753185
vt 0.019453 0.756279
vt 0.004107 0.741363
vt 0.00136 0.743812
vt 0.010599 0.753185
vt 0.003793 0.746894
vt 0.00136 0.743812
vt 0.080742 0.7489
vt 0.076162 0.754931
vt 0.061242 0.74293
vt 0.061242 0.74293
vt 0.056579 0.748376
vt 0.040616 0.738121
vt 0.031938 0.760483
vt 0.051753 0.769096
vt 0.032077 0.763325
vt 0.031938 0.760483
vt 0.019453 0.756279
vt 0.031938 0.760483
vt 0.032077 0.763325
vt 0.019453 0.756279
vt 0.019453 0.756279
vt 0.015776 0.756943
vt 0.010599 0.753185
vt 0.032077 0.763325
vt 0.00136 0.743812
vt 0.003793 0.746894
vt 0.002903 0.746816
vt 0.007782 0.752158
vt 0.010599 0.753185
vt 0.015776 0.756943
vt 0.007782 0.752158
vt 0.003793 0.746894
vt 0.082133 0.752857
vt 0.080742 0.7489
vt 0.063274 0.746072
vt 0.062091 0.752285
vt 0.080175 0.759198
vt 0.056988 0.76336
vt 0.074629 0.771701
vt 0.051753 0.769096
vt 0.038686 0.749084
vt 0.041112 0.740872
vt 0.061242 0.74293
vt 0.035268 0.757469
vt 0.038686 0.749084
vt 0.032077 0.763325
vt 0.01526 0.751443
vt 0.015776 0.756943
vt 0.032077 0.763325
vt 0.007782 0.752158
vt 0.006968 0.748903
vt 0.015324 0.745961
vt 0.041112 0.740872
vt 0.019448 0.739967
vt 0.040616 0.738121
vt 0.025467 0.738147
vt 0.038686 0.749084
vt 0.011327 0.740441
vt 0.007617 0.744868
vt 0.002903 0.746816
vt 0.002425 0.745013
vt 0.00136 0.743812
vt 0.003247 0.742647
vt 0.00136 0.743812
vt 0.004107 0.741363
vt 0.063274 0.746072
vt 0.080742 0.7489
vt 0.061242 0.74293
vt 0.070625 0.77563
vt 0.074629 0.771701
vt 0.051753 0.769096
vt 0.041112 0.740872
vt 0.061242 0.74293
vt 0.040616 0.738121
vt 0.051753 0.769096
vt 0.056988 0.76336
vt 0.032077 0.763325
vt 0.004107 0.741363
vt 0.00136 0.743812
vt 0.003247 0.742647
vt 0.011327 0.740441
vt 0.025467 0.738147
vt 0.014263 0.740262
vt 0.004107 0.741363
vt 0.336404 0.51809
vt 0.345954 0.520534
vt 0.339438 0.536985
vt 0.328102 0.522048
vt 0.322878 0.529601
vt 0.321839 0.538815
vt 0.325516 0.54754
vt 0.332923 0.553436
vt 0.342076 0.554924
vt 0.348952 0.550812
vt 0.354743 0.543476
vt 0.357037 0.535155
vt 0.353361 0.52643
vt 0.321839 0.538815
vt 0.325516 0.54754
vt 0.335906 0.533379
vt 0.336929 0.524303
vt 0.322878 0.529601
vt 0.340249 0.516968
vt 0.339527 0.541972
vt 0.332923 0.553436
vt 0.346822 0.547779
vt 0.342076 0.554924
vt 0.355837 0.549245
vt 0.328102 0.522048
vt 0.336404 0.51809
vt 0.349532 0.515213
vt 0.357037 0.535155
vt 0.353361 0.52643
vt 0.369164 0.529772
vt 0.368866 0.53817
vt 0.354743 0.543476
vt 0.36261 0.545195
vt 0.365996 0.522734
vt 0.345954 0.520534
vt 0.358499 0.517408
vt 0.336404 0.51809
vt 0.349532 0.515213
vt 0.348952 0.550812
vt 0.355837 0.549245
vt 0.342076 0.554924
vt 0.349532 0.515213
vt 0.328102 0.522048
vt 0.340249 0.516968
vt 0.440744 0.569224
vt 0.450294 0.571668
vt 0.443779 0.588119
vt 0.432443 0.573181
vt 0.427219 0.580734
vt 0.42618 0.589949
vt 0.429857 0.598673
vt 0.437264 0.60457
vt 0.446416 0.606058
vt 0.453293 0.601946
vt 0.459084 0.59461
vt 0.461378 0.586289
vt 0.457702 0.577564
vt 0.450294 0.571668
vt 0.440744 0.569224
vt 0.462827 0.565355
vt 0.452119 0.56303
vt 0.470506 0.571554
vt 0.457702 0.577564
vt 0.473606 0.579022
vt 0.461378 0.586289
vt 0.471633 0.588532
vt 0.459084 0.59461
vt 0.465377 0.595557
vt 0.453293 0.601946
vt 0.458604 0.599607
vt 0.446416 0.606058
vt 0.432443 0.573181
vt 0.443806 0.564298
vt 0.42618 0.589949
vt 0.429857 0.598673
vt 0.438673 0.583742
vt 0.439696 0.574666
vt 0.427219 0.580734
vt 0.443806 0.564298
vt 0.442294 0.592334
vt 0.437264 0.60457
vt 0.449589 0.598142
vt 0.446416 0.606058
vt 0.458604 0.599607
vt 0.432443 0.573181
vt 0.427219 0.580734
vt 0.443806 0.564298
vt 0.432622 0.729362
vt 0.228216 0.634561
vt 0.464749 0.585435
vt 0.341847 0.527608
vt 0.2592 0.724863
vt 0.351468 0.767899
vt 0.341847 0.527608
vt 0.228216 0.634561
vt 0.347672 0.526861
vt 0.237069 0.630307
vt 0.432622 0.729362
vt 0.464749 0.585435
vt 0.442045 0.724443
vt 0.472357 0.582734
vt 0.464749 0.585435
vt 0.341847 0.527608
vt 0.472357 0.582734
vt 0.347672 0.526861
vt 0.228216 0.634561
vt 0.2592 0.724863
vt 0.237069 0.630307
vt 0.267666 0.719479
vt 0.351468 0.767899
vt 0.35878 0.761977
vt 0.432622 0.729362
vt 0.442045 0.724443
vt 0.423172 0.704789
vt 0.432728 0.707234
vt 0.426208 0.723696
vt 0.414865 0.708749
vt 0.409638 0.716307
vt 0.408598 0.725528
vt 0.412277 0.734258
vt 0.419689 0.740158
vt 0.428848 0.741647
vt 0.435294 0.736759
vt 0.441524 0.730191
vt 0.443819 0.721865
vt 0.44014 0.713135
vt 0.408598 0.725528
vt 0.412277 0.734258
vt 0.421364 0.71727
vt 0.422388 0.708188
vt 0.409638 0.716307
vt 0.4265 0.697814
vt 0.424988 0.725868
vt 0.419689 0.740158
vt 0.432288 0.731679
vt 0.428848 0.741647
vt 0.441309 0.733146
vt 0.443819 0.721865
vt 0.44014 0.713135
vt 0.45632 0.712547
vt 0.454346 0.722064
vt 0.441524 0.730191
vt 0.453218 0.705075
vt 0.432728 0.707234
vt 0.445534 0.698871
vt 0.423172 0.704789
vt 0.434819 0.696545
vt 0.414865 0.708749
vt 0.4265 0.697814
vt 0.447724 0.728448
vt 0.435294 0.736759
vt 0.441309 0.733146
vt 0.428848 0.741647
vt 0.414865 0.708749
vt 0.409638 0.716307
vt 0.4265 0.697814
vt 0.244073 0.950726
vt 0.242015 0.951386
vt 0.21996 0.911891
vt 0.224995 0.909391
vt 0.248299 0.950584
vt 0.231045 0.905606
vt 0.25095 0.94857
vt 0.232954 0.903399
vt 0.252349 0.945295
vt 0.232612 0.902314
vt 0.251959 0.944093
vt 0.248299 0.950584
vt 0.25095 0.94857
vt 0.247203 0.947843
vt 0.244073 0.950726
vt 0.242015 0.951386
vt 0.252349 0.945295
vt 0.251959 0.944093
vt 0.250361 0.944023
vt 0.246586 0.945893
vt 0.243043 0.948507
vt 0.241643 0.950171
vt 0.21996 0.911891
vt 0.242015 0.951386
vt 0.220642 0.91095
vt 0.242015 0.951386
vt 0.241643 0.950171
vt 0.220642 0.91095
vt 0.220247 0.909855
vt 0.243043 0.948507
vt 0.243043 0.948507
vt 0.246586 0.945893
vt 0.219122 0.909015
vt 0.222552 0.906538
vt 0.250361 0.944023
vt 0.227561 0.90405
vt 0.251959 0.944093
vt 0.232612 0.902314
vt 0.220247 0.909855
vt 0.243043 0.948507
vt 0.219122 0.909015
vt 0.189906 0.967161
vt 0.18591 0.966117
vt 0.170758 0.923254
vt 0.166366 0.924319
vt 0.177769 0.920419
vt 0.19529 0.965474
vt 0.182379 0.917843
vt 0.199567 0.9622
vt 0.185275 0.915524
vt 0.184936 0.965223
vt 0.165465 0.923535
vt 0.203003 0.958433
vt 0.185275 0.915524
vt 0.19529 0.965474
vt 0.199567 0.9622
vt 0.194995 0.963476
vt 0.189906 0.967161
vt 0.18591 0.966117
vt 0.184936 0.965223
vt 0.203003 0.958433
vt 0.202197 0.958449
vt 0.198397 0.958762
vt 0.193325 0.961915
vt 0.186816 0.963611
vt 0.202197 0.958449
vt 0.203003 0.958433
vt 0.184341 0.914757
vt 0.185275 0.915524
vt 0.180967 0.915417
vt 0.198397 0.958762
vt 0.173995 0.918237
vt 0.193325 0.961915
vt 0.168384 0.921211
vt 0.186816 0.963611
vt 0.165465 0.923535
vt 0.184936 0.965223
vt 0.151833 0.924546
vt 0.162937 0.927276
vt 0.143334 0.94318
vt 0.154957 0.946197
vt 0.134045 0.938699
vt 0.140947 0.919563
vt 0.13256 0.934939
vt 0.17038 0.926839
vt 0.161966 0.945266
vt 0.135468 0.96037
vt 0.143222 0.96271
vt 0.161966 0.945266
vt 0.127641 0.956437
vt 0.125788 0.954365
vt 0.13256 0.934939
vt 0.128362 0.971972
vt 0.122057 0.969897
vt 0.118587 0.970555
vt 0.117912 0.977143
vt 0.123135 0.979161
vt 0.133831 0.973982
vt 0.114835 0.97812
vt 0.118587 0.970555
vt 0.111631 0.985382
vt 0.113928 0.984475
vt 0.112684 0.989842
vt 0.117358 0.985721
vt 0.12616 0.981581
vt 0.133831 0.973982
vt 0.112684 0.989842
vt 0.119054 0.988063
vt 0.112684 0.989842
vt 0.128003 0.985078
vt 0.136724 0.978182
vt 0.133831 0.973982
vt 0.150346 0.963576
vt 0.138636 0.915828
vt 0.140947 0.919563
vt 0.143222 0.96271
vt 0.150346 0.963576
vt 0.143222 0.96271
vt 0.133831 0.973982
vt 0.128362 0.971972
vt 0.143222 0.96271
vt 0.133831 0.973982
vt 0.125788 0.954365
vt 0.127641 0.956437
vt 0.118587 0.970555
vt 0.112684 0.989842
vt 0.119054 0.988063
vt 0.119559 0.989632
vt 0.128003 0.985078
vt 0.111631 0.985382
vt 0.112684 0.989842
vt 0.11181 0.987907
vt 0.112684 0.989842
vt 0.119559 0.989632
vt 0.117258 0.990535
vt 0.112684 0.989842
vt 0.117258 0.990535
vt 0.113831 0.989288
vt 0.121393 0.985369
vt 0.116907 0.981631
vt 0.11181 0.987907
vt 0.120695 0.974366
vt 0.118587 0.970555
vt 0.127852 0.978912
vt 0.132564 0.955559
vt 0.125788 0.954365
vt 0.13256 0.934939
vt 0.142403 0.95839
vt 0.139436 0.933785
vt 0.13256 0.934939
vt 0.138636 0.915828
vt 0.150769 0.936182
vt 0.146136 0.915273
vt 0.138636 0.915828
vt 0.159162 0.91845
vt 0.160108 0.940915
vt 0.169922 0.92363
vt 0.161966 0.945266
vt 0.14888 0.961389
vt 0.150346 0.963576
vt 0.133593 0.979235
vt 0.136724 0.978182
vt 0.150346 0.963576
vt 0.124707 0.985862
vt 0.128003 0.985078
vt 0.128003 0.985078
vt 0.119559 0.989632
vt 0.11181 0.987907
vt 0.112684 0.989842
vt 0.113831 0.989288
vt 0.120695 0.974366
vt 0.125788 0.954365
vt 0.118587 0.970555
vt 0.17038 0.926839
vt 0.169922 0.92363
vt 0.161966 0.945266
vt 0.161966 0.945266
vt 0.160108 0.940915
vt 0.150346 0.963576
vt 0.116907 0.981631
vt 0.118587 0.970555
vt 0.114835 0.97812
vt 0.11181 0.987907
vt 0.11181 0.987907
vt 0.114835 0.97812
vt 0.111631 0.985382
vt 0.028774 0.858975
vt 0.028232 0.8536
vt 0.073619 0.839071
vt 0.071615 0.833469
vt 0.077439 0.84567
vt 0.031917 0.863813
vt 0.080341 0.848544
vt 0.03608 0.866097
vt 0.08255 0.84891
vt 0.029188 0.849177
vt 0.071758 0.830258
vt 0.028774 0.858975
vt 0.031917 0.863813
vt 0.032447 0.859738
vt 0.028232 0.8536
vt 0.03608 0.866097
vt 0.040534 0.866457
vt 0.029188 0.849177
vt 0.03089 0.848929
vt 0.03293 0.854182
vt 0.036869 0.858855
vt 0.038548 0.863796
vt 0.029188 0.849177
vt 0.03089 0.848929
vt 0.071758 0.830258
vt 0.073983 0.830659
vt 0.03293 0.854182
vt 0.077433 0.8345
vt 0.036869 0.858855
vt 0.081229 0.841064
vt 0.038548 0.863796
vt 0.082675 0.845685
vt 0.040534 0.866457
vt 0.08255 0.84891
vt 0.040534 0.866457
vt 0.03608 0.866097
vt 0.08255 0.84891
vt 0.415144 0.822176
vt 0.410569 0.825735
vt 0.392602 0.818381
vt 0.421785 0.826959
vt 0.392602 0.818381
vt 0.410569 0.825735
vt 0.389377 0.821475
vt 0.378242 0.817371
vt 0.394418 0.812587
vt 0.415144 0.822176
vt 0.378711 0.81537
vt 0.37791 0.812628
vt 0.389377 0.821475
vt 0.375109 0.819032
vt 0.392602 0.818381
vt 0.378242 0.817371
vt 0.417865 0.814873
vt 0.415144 0.822176
vt 0.394418 0.812587
vt 0.42425 0.824096
vt 0.426084 0.816013
vt 0.445147 0.827443
vt 0.446992 0.818526
vt 0.46747 0.831031
vt 0.426932 0.806471
vt 0.446856 0.806577
vt 0.469001 0.818065
vt 0.46747 0.831031
vt 0.468353 0.809684
vt 0.493606 0.823863
vt 0.491535 0.831646
vt 0.46747 0.831031
vt 0.493622 0.815829
vt 0.42522 0.803144
vt 0.445104 0.803783
vt 0.468353 0.809684
vt 0.418126 0.806342
vt 0.414526 0.802787
vt 0.391164 0.806874
vt 0.417865 0.814873
vt 0.39375 0.807843
vt 0.391164 0.806874
vt 0.37791 0.812628
vt 0.488428 0.834718
vt 0.46747 0.831031
vt 0.39375 0.807843
vt 0.417865 0.814873
vt 0.394418 0.812587
vt 0.37791 0.812628
vt 0.375716 0.815644
vt 0.378242 0.817371
vt 0.375109 0.819032
vt 0.373947 0.817964
vt 0.373252 0.814948
vt 0.375077 0.812248
vt 0.378711 0.81537
vt 0.378242 0.817371
vt 0.375716 0.815644
vt 0.37791 0.812628
vt 0.37791 0.812628
vt 0.375575 0.811655
vt 0.391164 0.806874
vt 0.37791 0.812628
vt 0.375575 0.811655
vt 0.375575 0.811655
vt 0.375716 0.815644
vt 0.375077 0.812248
vt 0.409203 0.806699
vt 0.414526 0.802787
vt 0.388175 0.809951
vt 0.391164 0.806874
vt 0.386385 0.815298
vt 0.406468 0.814501
vt 0.386819 0.82006
vt 0.40709 0.821804
vt 0.389377 0.821475
vt 0.375077 0.812248
vt 0.373252 0.814948
vt 0.375077 0.812248
vt 0.373947 0.817964
vt 0.375109 0.819032
vt 0.375109 0.819032
vt 0.42522 0.803144
vt 0.422128 0.806935
vt 0.445104 0.803783
vt 0.443243 0.807659
vt 0.466672 0.808588
vt 0.463749 0.813687
vt 0.490974 0.812756
vt 0.487855 0.815923
vt 0.462369 0.821459
vt 0.441021 0.818846
vt 0.485855 0.82359
vt 0.441021 0.818846
vt 0.420301 0.815037
vt 0.420154 0.823263
vt 0.410569 0.825735
vt 0.389377 0.821475
vt 0.421785 0.826959
vt 0.410569 0.825735
vt 0.441219 0.824648
vt 0.441021 0.818846
vt 0.462369 0.821459
vt 0.463275 0.824749
vt 0.485855 0.82359
vt 0.486085 0.831356
vt 0.465022 0.831311
vt 0.488428 0.834718
vt 0.442876 0.828958
vt 0.391164 0.806874
vt 0.375575 0.811655
vt 0.466672 0.808588
vt 0.493622 0.815829
vt 0.468353 0.809684
vt 0.445104 0.803783
vt 0.490974 0.812756
vt 0.493622 0.815829
vt 0.466672 0.808588
vt 0.445147 0.827443
vt 0.442876 0.828958
vt 0.42425 0.824096
vt 0.465022 0.831311
vt 0.421785 0.826959
vt 0.415144 0.822176
vt 0.46747 0.831031
vt 0.488428 0.834718
vt 0.465022 0.831311
vt 0.445147 0.827443
vn -0.5413122 0.8199635 -0.1861205
vn -0.4918635 0.863323 -0.1128875
vn -0.4421046 0.8625599 -0.2460365
vn -0.4101986 0.8716208 -0.2683548
vn -0.6025447 0.798076 0.003802518
vn -0.6318868 0.7750062 0.009189475
vn -0.6547529 0.729447 0.1980045
vn -0.6746538 0.7066369 0.2133226
vn -0.6246777 0.7035785 0.3387551
vn -0.5999171 0.7156523 0.3576886
vn -0.5343201 0.7687824 0.3513912
vn -0.4588703 0.7905642 0.4055198
vn -0.3865738 0.8683844 -0.310595
vn -0.374261 0.8581362 -0.3514698
vn -0.3217014 0.8471183 -0.4229642
vn -0.3011761 0.8141202 -0.496489
vn -0.5058692 0.8326102 0.2255139
vn -0.3532512 0.9243638 0.1441011
vn -0.634185 0.730441 0.253506
vn -0.6340718 0.7002223 0.3280878
vn -0.6332285 0.7204157 0.282883
vn -0.3465497 0.8703647 -0.3498121
vn -0.3438616 0.8658359 -0.3634381
vn -0.2469956 0.9136404 -0.3228842
vn -0.2856957 0.8751845 -0.3904232
vn -0.1782461 0.8923765 -0.4145992
vn -0.242548 0.8819508 -0.4041452
vn -0.09042359 0.9412485 -0.3253841
vn -0.2573816 0.9209117 -0.2927051
vn -0.009833634 0.8586052 -0.5125431
vn -0.364634 0.8495378 -0.3812183
vn -0.4709755 0.8303831 -0.2977347
vn -0.3323699 0.8411071 -0.4266956
vn -0.3790649 0.8319989 -0.405077
vn -0.4501227 0.8344771 -0.3178641
vn -0.5644035 0.7966977 -0.2161516
vn -0.3466051 0.8442004 -0.4088894
vn -0.3781366 0.8293754 -0.4112774
vn -0.264841 0.7792894 -0.56795
vn -0.1334404 0.7225378 -0.6783309
vn 0.1077736 0.8766034 -0.4689896
vn 0.06728968 0.8361127 -0.5444151
vn 0.01503711 0.8314254 -0.5554329
vn 0.1778549 0.8642323 -0.4706061
vn 0.2391971 0.8206508 -0.5189577
vn 0.2944086 0.8271571 -0.47868
vn 0.3245474 0.7983321 -0.5072818
vn 0.3378236 0.8243397 -0.4542458
vn 0.3187355 0.8283816 -0.4606426
vn 0.3263748 0.873719 -0.3606863
vn 0.4126172 0.8468555 -0.3355335
vn 0.6102361 0.7731549 -0.1727525
vn 0.6501122 0.7443672 -0.1525506
vn 0.6698175 0.7252111 -0.1594155
vn 0.4955928 0.857542 -0.1378752
vn 0.5599936 0.8247224 -0.07899518
vn 0.6568412 0.7499041 -0.07876259
vn 0.6058851 0.7953709 -0.0169791
vn 0.4276956 0.9026108 -0.0486853
vn 0.5221306 0.8527004 0.01678284
vn 0.4229772 0.9019153 0.087401
vn 0.5651206 0.8069482 0.1716778
vn 0.4673541 0.8654017 0.180721
vn 0.5440928 0.8044271 0.2384531
vn 0.3874119 0.8480971 0.361446
vn 0.3057337 0.7204871 0.6224349
vn 0.3552552 0.7008561 0.6185421
vn 0.4407926 0.8815818 -0.1688646
vn 0.5607303 0.8246427 -0.07447178
vn 0.5618374 0.8117359 -0.1594477
vn 0.6721379 0.7303076 0.12199
vn 0.7654795 0.6235037 -0.1590102
vn 0.5545025 0.8237797 -0.1179577
vn 0.5109251 0.8594366 -0.01800939
vn 0.7814887 0.5747524 -0.2427652
vn 0.6043419 0.7801116 0.1618539
vn 0.5090345 0.8603537 -0.0259874
vn 0.398542 0.9169638 -0.01848846
vn 0.5803863 0.8026583 0.137446
vn 0.4847659 0.8529637 0.1935324
vn 0.3858332 0.845046 -0.3701755
vn 0.2819107 0.9564428 0.07578595
vn 0.2186926 0.9331152 -0.2854285
vn 0.2719743 0.9578873 0.09209684
vn 0.5472278 0.7706077 0.3266582
vn 0.3664996 0.9272101 0.07719741
vn 0.5905578 0.7792557 0.2097668
vn 0.5522463 0.754297 0.3550495
vn 0.5228563 0.7994685 0.2957557
vn 0.3656536 0.9109455 0.1909864
vn 0.3336111 0.9412627 -0.05223062
vn 0.2615007 0.7291844 -0.6323824
vn 0.3033019 0.7312943 -0.6109145
vn 0.3872492 0.6537073 -0.6501575
vn 0.4097468 0.6147956 -0.6738946
vn 0.4924653 0.5697853 -0.6578927
vn 0.1615233 0.9388136 0.3042029
vn -0.03639459 0.9407502 0.3371416
vn 0.01955508 0.8810965 0.4725322
vn -0.02517178 0.8394138 0.5429097
vn -0.1307736 0.9560176 0.2625424
vn 0.03793828 0.9027475 0.4284946
vn -0.0517494 0.8991338 0.4346038
vn -0.1535636 0.8838741 0.4417972
vn 0.0147739 0.8352223 0.549714
vn 0.004032447 0.8059438 0.5919783
vn 0.1054841 0.7968796 0.5948579
vn 0.1497384 0.7995362 0.5816531
vn 0.2269476 0.7947429 0.5629195
vn 0.2476479 0.8011315 0.5448474
vn 0.2731912 0.8373894 0.4734401
vn 0.2336116 0.8443 0.4822688
vn 0.3385392 0.8620428 0.3771917
vn 0.4295788 0.7642805 0.4809755
vn 0.1523967 0.8579683 0.490577
vn 0.1234573 0.8897816 0.4393712
vn 0.1637702 0.8056422 0.5693153
vn 0.1612121 0.7855276 0.597459
vn 0.08508866 0.8242196 0.559841
vn 0.09833679 0.8487124 0.5196317
vn 0.1371484 0.8541464 0.5016215
vn 0.08015485 0.8765018 0.4746787
vn 0.09809238 0.8369614 0.5383989
vn 0.03593285 0.8791056 0.4752707
vn 0.04712088 0.8493609 0.5257049
vn 0.1024589 0.8097183 0.5778049
vn 0.1188631 0.8096409 0.5747635
vn 0.1431714 0.7972502 0.5864249
vn 0.1517136 0.7965304 0.585254
vn 0.1882857 0.8004007 0.5691286
vn 0.1513418 0.8085129 0.568685
vn -0.02858921 0.911764 0.4097183
vn 0.1873699 0.8255541 0.5323091
vn 0.2254489 0.8198954 0.526255
vn 0.202919 0.8316199 0.516945
vn 0.2450807 0.8082789 0.5353697
vn 0.192009 0.8463523 0.49681
vn 0.2727119 0.786709 0.5538206
vn 0.2783534 0.7355222 0.6176783
vn 0.08371219 0.8482472 0.5229425
vn -0.1618538 0.9170952 0.3643347
vn -0.3262316 0.8824974 0.3387791
vn -0.396558 0.8670108 0.3017183
vn -0.4735922 0.8666857 0.1567363
vn -0.6059852 0.7767506 0.1715817
vn -0.6960789 0.7100348 0.1064174
vn -0.7074017 0.6921454 0.1432393
vn -0.6387028 0.7134745 0.2881198
vn -0.640191 0.6953807 0.3264983
vn -0.5938629 0.7403195 0.3150459
vn -0.4858867 0.7686151 0.416107
vn -0.4212226 0.7933266 0.4395505
vn -0.3993739 0.8526096 0.336983
vn -0.3336723 0.8022089 0.4950997
vn 0.6802756 -0.2196273 -0.6992774
vn 0.6802756 -0.2196273 -0.6992774
vn 0.6802756 -0.2196273 -0.6992774
vn 0.3204436 0.7886088 -0.5247972
vn 0.2900557 0.8272073 -0.4812439
vn 0.3208593 0.7680829 -0.5541642
vn 0.2917414 0.7788244 -0.5552652
vn 0.178339 0.8457319 -0.5029242
vn 0.2992254 0.862211 -0.4087251
vn 0.2943597 0.7600905 -0.5793227
vn 0.2073022 0.8133522 -0.5435844
vn 0.3467466 0.7232035 -0.59728
vn 0.3529991 0.7509887 -0.5580389
vn 0.3623535 0.7913309 -0.4924383
vn 0.5366606 0.7417246 -0.4022935
vn 0.2385907 0.7650979 -0.5980799
vn 0.1536778 0.8250225 -0.5438023
vn 0.3399577 0.7140248 -0.6120436
vn 0.4005401 0.7200916 -0.5666001
vn 0.509671 0.7374758 -0.4431308
vn 0.6015834 0.7311748 -0.3216845
vn 0.5922112 0.7507589 -0.2926549
vn 0.5985417 0.7494355 -0.2830093
vn 0.5997533 0.7051834 0.3781695
vn 0.3798797 0.864791 0.3283714
vn 0.2917518 0.771483 0.5654156
vn 0.2099115 0.899955 0.3821232
vn 0.6168393 0.7754393 0.1349194
vn 0.6952213 0.7098168 0.1132582
vn 0.5192829 0.8514895 0.07287601
vn 0.7263951 0.6870195 0.01882462
vn 0.8850471 0.4449957 0.136639
vn 0.7259201 0.4380284 0.5302558
vn 0.9388193 0.3334493 0.08619659
vn 0.9095902 0.401451 -0.1071571
vn 0.6747894 0.7319512 -0.094375
vn 0.1614841 0.8015063 0.5757694
vn 0.4010445 0.4857763 0.7766498
vn 0.2002202 0.4914387 0.8475847
vn -0.1933726 0.8190636 0.5401313
vn -0.08909909 0.9409639 0.3265704
vn -0.3151055 0.9231723 0.2201398
vn -0.4922303 0.764022 0.4171087
vn -0.5626718 0.7988266 0.2127825
vn -0.3471657 0.9294288 0.1250518
vn -0.573266 0.8193322 0.007801287
vn -0.3823902 0.9151411 -0.1276494
vn -0.5790231 0.7495163 -0.3208701
vn -0.4328753 0.8515993 -0.2956309
vn 0.09199115 0.914897 0.3930664
vn -0.5020472 0.694087 -0.5159377
vn -0.3168714 0.8833447 -0.3453908
vn -0.2950889 0.699177 -0.6512097
vn -0.2012826 0.8693683 -0.451314
vn -0.2754304 0.5571603 0.7833968
vn -0.6348048 0.5542086 0.5384011
vn -0.7951113 0.5520329 0.2511129
vn -0.8249846 0.5555092 -0.1039717
vn -0.7608683 0.4923362 -0.4227111
vn -0.5759512 0.3388032 -0.7439708
vn -0.1001113 0.7576928 -0.6448872
vn -0.1429946 0.8625175 -0.4854031
vn 0.006475819 0.8438633 -0.5365192
vn -0.3349173 0.3394247 -0.8789889
vn -0.09089182 0.3807075 -0.9202176
vn 0.1454856 0.6343173 -0.7592598
vn 0.1273123 0.2908859 -0.9482495
vn 0.4413303 0.2997855 -0.8457873
vn 0.4065574 0.6463723 -0.6456888
vn 0.1658447 0.8133751 -0.5575988
vn 0.3538832 0.7951128 -0.4925061
vn 0.5052447 0.6824925 -0.5281399
vn 0.4037251 0.8148875 -0.4158897
vn 0.6568266 0.6544285 -0.3745691
vn 0.660529 0.3711681 -0.6526375
vn 0.8405691 0.3246394 -0.4336506
vn 0.4922051 0.8433685 -0.2155544
vn 0.4773333 0.8766673 -0.06006098
vn 0.1724426 0.1753914 -0.9692788
vn 0.9635124 0.2348711 -0.1283724
vn 0.9587256 0.2456812 0.1431298
vn 0.9337332 0.2859704 0.215321
vn 0.757292 0.369294 0.5386378
vn 0.4768398 0.336482 0.8120367
vn 0.135833 0.3975309 0.9074792
vn -0.3412954 0.4439718 0.8284965
vn -0.7119319 0.4495173 0.539525
vn -0.8673693 0.4640329 0.179844
vn -0.8692677 0.4533486 -0.1971007
vn -0.7743707 0.3559951 -0.5230846
vn -0.5281563 0.2062299 -0.8237234
vn -0.2970979 0.1539215 -0.9423593
vn -0.06950111 0.1820434 -0.9808312
vn 0.46171 0.1850812 -0.8675072
vn 0.7167258 0.2064472 -0.6660957
vn 0.8606271 0.2555656 -0.4404626
vn 0.3800834 0.9040593 -0.1954824
vn 0.3010564 0.904057 -0.303391
vn 0.647866 0.6322067 -0.4249521
vn 0.484782 0.6322401 -0.6043665
vn 0 1 0
vn 0 1 0
vn 0 1 -1.795258E-05
vn 0.1954531 0.903808 -0.3806956
vn 0.2839314 0.6306192 -0.7222896
vn 0.08144362 0.9031026 -0.4216308
vn 0.08026811 0.6292045 -0.773084
vn -0.0303352 0.9042184 -0.4259915
vn -0.1282527 0.6363403 -0.7606722
vn -0.1489796 0.9065707 -0.3948856
vn -0.3543271 0.6470171 -0.6751454
vn -0.2670136 0.9093913 -0.3189221
vn -0.563805 0.6553811 -0.5025927
vn -0.3604617 0.9115712 -0.1977508
vn -0.7104866 0.6546958 -0.2580352
vn 0 1 0
vn 0.0007887259 0.9999996 -0.0001918993
vn 0.003492159 0.9999872 -0.003666173
vn 0.006885807 0.9999206 -0.01055109
vn 0.008095933 0.9998691 -0.01401136
vn 0.01277458 0.999786 -0.01627502
vn -0.4078102 0.9112808 -0.05708141
vn -0.7612874 0.6484046 -0.003617821
vn -0.4084056 0.9096358 0.07594416
vn -0.7318104 0.6449941 0.2200819
vn -0.3642029 0.9112493 0.1923038
vn -0.6312312 0.6472853 0.4272809
vn -0.2820576 0.9109335 0.301071
vn -0.461979 0.6463098 0.6073377
vn -0.1663863 0.9099653 0.3798404
vn -0.2410433 0.6451137 0.72507
vn -0.03277068 0.909103 0.4152805
vn 0.01099204 0.6410067 0.7674566
vn 0.1040573 0.9051677 0.4121208
vn 0.2476191 0.6339754 0.7326391
vn 0.2188424 0.9028704 0.3700449
vn 0.445726 0.6298939 0.636052
vn 0.01135181 0.9998688 -0.01155985
vn 0.0102206 0.9998324 -0.01519248
vn 0.01604764 0.9998642 -0.003738805
vn 0.01378966 0.9998629 -0.009160424
vn 0.01481841 0.9998652 -0.007080843
vn 0.01656829 0.9998337 -0.007622077
vn 0.01380518 0.9998957 -0.004262274
vn 0.007583507 0.9999673 -0.002826412
vn 0.3103052 0.9031323 0.2967537
vn 0.6078065 0.6313154 0.4816764
vn 0.001442677 0.9999988 -0.0005727333
vn 0.3818732 0.9039802 0.1923347
vn 0.7246026 0.6322041 0.2743518
vn 0.4224037 0.9040557 0.06525615
vn 0.7739171 0.6322042 0.03701416
vn 0.4218923 0.904057 -0.0684683
vn 0.7474666 0.6322163 -0.2039516
vn 0 1 0
vn 1.084125E-05 1 0
vn 0.926233 0.2446916 -0.2867376
vn 0.9657056 0.2587727 0.0212026
vn 0.952612 0.2523004 -0.1699264
vn 0.9546115 0.2643816 0.1371825
vn 0.9054536 0.2677503 0.3293382
vn 0.860943 0.269185 0.431644
vn 0.7302084 0.2666864 0.6290263
vn 0.6592857 0.2569242 0.7066346
vn 0.4773548 0.2419313 0.8447495
vn 0.4203941 0.2298849 0.8777367
vn 0.2063452 0.2161669 0.9543027
vn 0.1319011 0.205053 0.9698223
vn 0.8553188 0.23781 -0.4602999
vn 0.8011782 0.2320772 -0.5515919
vn 0.6828112 0.2287022 -0.6938762
vn 0.6033751 0.2256847 -0.7648562
vn 0.4358074 0.2216752 -0.8723142
vn 0.3279862 0.2171561 -0.9193847
vn 0.1344123 0.2108892 -0.9682247
vn 0.02018188 0.2047328 -0.9786098
vn -0.1687862 0.1996274 -0.9652254
vn -0.2821697 0.1939312 -0.939559
vn -0.08024174 0.193761 0.9777617
vn -0.1584586 0.1874941 0.9694002
vn -0.4608394 0.1890092 -0.8671232
vn -0.5539119 0.1848269 -0.811801
vn -0.7013084 0.1829294 -0.6889873
vn -0.7701415 0.1817365 -0.611436
vn -0.8779384 0.1815733 -0.4430071
vn -0.9197042 0.1815526 -0.3481131
vn 0 1 0
vn 0 1 0
vn -1.304577E-05 1 4.951703E-05
vn 0 1 0
vn 0 1 2.117372E-05
vn 0 1 1.252403E-05
vn 0 1 -1.045529E-05
vn 0 1 -1.947105E-05
vn 0 1 -1.446739E-05
vn 0 1 0
vn 0 1 0
vn 0 1 0
vn 0 1 0
vn 0 1 0
vn 0 1 0
vn 0 1 0
vn 0 1 0
vn 0 1 0
vn 0 1 0
vn 0 1 0
vn 0.3540535 -0.6671481 0.6554078
vn 0.5270321 -0.6720997 0.5201145
vn 0.4840633 -0.3526146 0.8008406
vn 0.2309359 -0.351046 0.9074334
vn 0.6951299 -0.3562473 0.6244056
vn 0.3077745 0.01345311 0.9513642
vn 0.0008292259 0.0135052 0.9999084
vn -0.06461697 -0.3512031 0.9340669
vn 0.1468522 -0.6654063 0.731894
vn -0.09232734 -0.665231 0.7409071
vn -0.3638374 -0.3501807 0.8631313
vn -0.3263514 -0.6632955 0.6734492
vn -0.6191214 -0.349041 0.7034621
vn -0.5214702 -0.661945 0.5384214
vn -0.8052537 -0.3489926 0.4793439
vn -0.6584454 -0.6629354 0.3563234
vn -0.8277617 0.01348456 0.5609177
vn -0.9560222 0.01358117 0.2929798
vn -0.9077219 -0.3507109 0.2303101
vn -0.7271075 -0.6677554 0.1594289
vn -0.9328077 -0.3573677 -0.04645641
vn -0.7307599 -0.6796788 -0.06345677
vn -0.856742 -0.3661426 -0.3632256
vn -0.6519677 -0.691546 -0.3109698
vn -0.944544 0.01435619 -0.3280709
vn -0.7560354 0.01448782 -0.6543704
vn -0.6588305 -0.3697041 -0.6551805
vn -0.4851024 -0.6931899 -0.5330697
vn -0.3844449 -0.3651043 -0.8478804
vn -0.268766 -0.6839973 -0.6781685
vn -0.4706545 0.01419043 -0.8822035
vn -0.9998826 0.0139203 0.00640547
vn -0.1077721 -0.3576052 -0.9276333
vn -0.05553446 -0.6737636 -0.7368572
vn 0.141985 -0.3538361 -0.9244676
vn 0.1394609 -0.6705015 -0.7286828
vn 0.3898983 -0.3555329 -0.8494561
vn 0.3361105 -0.6744324 -0.6573968
vn 0.6270837 -0.3587064 -0.6914446
vn 0.5168483 -0.6791621 -0.521159
vn 0.809414 -0.3608831 -0.4632627
vn 0.6503509 -0.6819462 -0.3346538
vn 0.9126488 -0.3617524 -0.1902823
vn 0.7213808 -0.682574 -0.1170577
vn 0.9269692 -0.3612486 0.1011314
vn 0.7236559 -0.6810232 0.1119357
vn 0.8509993 -0.3594184 0.3829082
vn 0.6565765 -0.677395 0.331728
vn -0.6152264 0.1815367 0.7671641
vn -0.8222744 0.1815558 0.5393537
vn -0.6927018 0.1815565 0.6979982
vn -0.8744954 0.1815554 0.4497725
vn -0.4429405 0.1818828 0.8779079
vn -0.3559044 0.183264 0.9163768
vn -0.1584586 0.1874941 0.9694002
vn -0.08024174 0.193761 0.9777617
vn -0.9486995 0.1815553 0.2588569
vn -0.9706813 0.181555 0.1575298
vn -0.9822582 0.1815552 -0.0469724
vn -0.9718512 0.1815545 -0.1501438
vn -0.9197042 0.1815526 -0.3481131
vn -0.8779384 0.1815733 -0.4430071
vn 0.809414 -0.3608831 -0.4632627
vn 0.6270837 -0.3587064 -0.6914446
vn 0.8360916 0.01395233 -0.5484123
vn 0.6256964 0.01381821 -0.7799444
vn 0.3898983 -0.3555329 -0.8494561
vn 0.36459 0.01363586 -0.9310683
vn 0.9646364 0.01400239 -0.2632116
vn 0.9126488 -0.3617524 -0.1902823
vn 0.9987607 0.01397072 0.04776904
vn 0.9269692 -0.3612486 0.1011314
vn 0.141985 -0.3538361 -0.9244676
vn 0.102899 0.01355027 -0.9945996
vn -0.1077721 -0.3576052 -0.9276333
vn -0.169323 0.01376467 -0.9854645
vn -0.3844449 -0.3651043 -0.8478804
vn -0.4706545 0.01419043 -0.8822035
vn 0.9351193 0.01385823 0.3540622
vn 0.8509993 -0.3594184 0.3829082
vn 0.7822604 0.01367503 0.6228015
vn 0.6951299 -0.3562473 0.6244056
vn 0.5662374 0.01349698 0.8241317
vn 0.4840633 -0.3526146 0.8008406
vn -1.396288E-05 1 1.649947E-05
vn 0 1 0
vn 0.4211668 0.8807205 -0.2166796
vn 0.3346291 0.8798948 -0.3373553
vn 0 1 -2.426423E-05
vn 0.2176149 0.8784072 -0.4254934
vn 0 1 0
vn 0.09031567 0.8770278 -0.4718744
vn 0 1 2.122973E-05
vn -0.03605983 0.8781205 -0.4770787
vn 0.002032501 0.9999973 -0.001150201
vn -0.1707401 0.8811315 -0.4409707
vn 0.007113123 0.9999527 -0.006637461
vn -0.3046565 0.8839571 -0.3546889
vn 0.008105256 0.9998816 -0.01307695
vn -0.4127755 0.8843423 -0.2180715
vn 0.003628383 0.9998982 -0.0137981
vn -0.4689973 0.8812963 -0.05795171
vn -0.0005417862 0.9999437 -0.01059167
vn -0.4701404 0.8779207 0.09068141
vn -0.001273379 0.9999915 -0.003910991
vn -0.4241236 0.8770842 0.2254826
vn 0.003112064 0.9999908 0.002943357
vn -0.3295716 0.8770789 0.3494498
vn 0.008897069 0.9999495 0.004689893
vn -0.1977808 0.8773187 0.4372582
vn 0.01266672 0.9999175 0.002130503
vn -0.04337383 0.8775795 0.4774652
vn 0.01427929 0.9998959 -0.002074914
vn 0.1117092 0.8769142 0.4674853
vn 0.01052436 0.9999325 -0.00492784
vn 0.1991345 0.8913493 0.4072367
vn 0.003170731 0.9999911 -0.002795898
vn 0.2953284 0.9046024 0.3073688
vn 0 1 -1.130134E-05
vn 0.3934138 0.9019266 0.1781968
vn 0 1 0
vn 0.4600429 0.8869702 0.04055227
vn 0 1 0
vn 0.4671759 0.8809085 -0.07580712
vn 0.8066367 0.5485418 -0.2200891
vn 0.6998764 0.5470973 -0.4591925
vn 0.5251259 0.543465 -0.654896
vn 0.3070919 0.5383795 -0.7847561
vn 0.0868807 0.5359871 -0.8397437
vn -0.1420034 0.5419662 -0.8283162
vn -0.3899955 0.5535719 -0.7358407
vn -0.622406 0.5614796 -0.5452994
vn -0.7821708 0.5580466 -0.277115
vn -0.8376138 0.5462617 0.001180192
vn -0.807527 0.5367671 0.244502
vn -0.7000629 0.5339954 0.4740894
vn -0.5147686 0.5336983 0.6709542
vn -0.2714579 0.5345172 0.8003762
vn 0.005537156 0.5346637 0.8450468
vn 0.2081593 0.5527368 0.8069397
vn 0.3795444 0.6173733 0.6890547
vn 0.6057906 0.6390992 0.4738879
vn 0.7778843 0.594218 0.2044527
vn 0.8375927 0.5461745 -0.01148763
vn -0.6109114 0.01347397 0.7915843
vn -0.3254748 0.01350053 0.9454542
vn 0.5662374 0.01349698 0.8241317
vn -0.376044 -0.1207759 -0.9186969
vn 0.4097767 -0.1707564 -0.8960611
vn -0.2556478 -0.148272 -0.9553322
vn 0.5304732 -0.1336762 -0.8370954
vn 0.9232916 -0.1195273 -0.3650287
vn 0.9683884 -0.03847281 -0.2464626
vn 0.9201297 -0.01580659 0.3912945
vn 0.8636116 0.09345938 0.4954195
vn 0.3769078 0.09730946 0.921125
vn 0.2551184 0.1824863 0.9495333
vn -0.2405186 -0.1546486 -0.9582456
vn 0.5124003 -0.1073629 -0.8520088
vn 0.865025 0.2050182 0.4579291
vn 0.2571904 0.287145 0.9227138
vn 0.9630988 0.04649148 -0.2651022
vn -0.2527985 -0.1966062 -0.9473326
vn 0.5093574 -0.1223113 -0.8518187
vn 0.8538642 0.2710852 0.4443296
vn 0.2519825 0.3651269 0.8962071
vn 0.959982 0.06987588 -0.2712045
vn -0.2542897 -0.2727754 -0.9278634
vn 0.5036159 -0.1685557 -0.8473253
vn 0.8413218 0.324253 0.4324786
vn 0.2532303 0.4221005 0.8704629
vn 0.9577742 0.08150589 -0.2757269
vn 0.7465327 0.5067552 0.4311474
vn 0.1725158 0.5950136 0.7849822
vn 0.9369722 0.2776543 -0.212111
vn 0.5756316 0.01448525 -0.8175808
vn 0.7914037 0.6107015 -0.02690584
vn 0.6827157 0.4110751 -0.6040832
vn 0.4755788 0.7680263 0.4289062
vn -0.4895471 0.3245313 0.8093349
vn -0.5179138 0.508278 0.6880544
vn -0.05675442 0.8239502 0.5638129
vn -0.4969116 0.2920529 0.8171805
vn -0.5084194 0.2325175 0.8291231
vn -0.8110591 0.5089843 0.2883023
vn -0.5700768 0.7572334 0.318763
vn -0.5179138 0.508278 0.6880544
vn -0.8820996 0.2356235 -0.4078991
vn -0.7848291 0.5736976 -0.2343382
vn -0.9548232 0.2680912 0.1282173
vn -0.8117048 0.005242066 -0.5840443
vn -0.1635692 -0.1050633 -0.9809214
vn -0.4968078 0.3678232 -0.7860585
vn 0.1409963 0.2959043 -0.9447544
vn -0.1635692 -0.1050633 -0.9809214
vn 0.5756316 0.01448525 -0.8175808
vn -0.9187315 0.0268585 -0.3939686
vn -0.376044 -0.1207759 -0.9186969
vn -0.8742589 -0.04883067 -0.4829978
vn -0.2556478 -0.148272 -0.9553322
vn -0.9627409 0.08922977 0.2552802
vn -0.9172726 0.1216367 0.3792302
vn -0.5094983 0.1811839 0.84118
vn -0.3866168 0.1539044 0.9093079
vn 0.2551184 0.1824863 0.9495333
vn 0.3769078 0.09730946 0.921125
vn -0.8753076 -0.0784846 -0.477155
vn -0.2405186 -0.1546486 -0.9582456
vn -0.964864 0.07738698 0.2510949
vn -0.5084194 0.2325175 0.8291231
vn 0.2571904 0.287145 0.9227138
vn -0.8683723 -0.1049858 -0.4846728
vn -0.2527985 -0.1966062 -0.9473326
vn -0.9634174 0.09790983 0.2494809
vn -0.4969116 0.2920529 0.8171805
vn -0.8633672 -0.1729954 -0.4739932
vn -0.2542897 -0.2727754 -0.9278634
vn -0.9640833 0.07640523 0.254373
vn -0.4895471 0.3245313 0.8093349
vn -0.7464175 -0.1289022 -0.6528745
vn -0.1635692 -0.1050633 -0.9809214
vn -0.9904089 0.1299682 0.04688646
vn -0.8117048 0.005242066 -0.5840443
vn -0.5179138 0.508278 0.6880544
vn -0.9548232 0.2680912 0.1282173
vn 0.5036159 -0.1685557 -0.8473253
vn 0.5756316 0.01448525 -0.8175808
vn -0.9988606 0.02769693 -0.03886462
vn -0.6647459 -0.1072481 -0.7393314
vn -0.9867504 -0.007881445 -0.1620538
vn -0.556755 -0.09024972 -0.8257596
vn -0.7995251 0.1004616 0.5921714
vn -0.7261987 0.1695036 0.6662613
vn -0.1503766 0.1599285 0.9756074
vn -0.01535403 0.1726609 0.9848616
vn 0.03090497 -0.1728704 -0.9844596
vn 0.1682534 -0.1114244 -0.9794261
vn -0.9841459 -0.0154296 -0.176688
vn -0.5736083 -0.06061267 -0.8168841
vn -0.7991464 0.07060618 0.5969756
vn -0.1567973 0.1489459 0.9763348
vn -0.985641 -0.05684448 -0.1589991
vn -0.5769342 -0.07508334 -0.8133323
vn -0.8070544 0.04458173 0.5887917
vn -0.1545801 0.1692477 0.9733757
vn -0.9801621 -0.1341782 -0.1458709
vn -0.5821808 -0.120661 -0.8040562
vn -0.8055994 -0.02435561 0.5919599
vn -0.1536705 0.147512 0.9770494
vn -0.9656563 0.02806213 -0.2583029
vn -0.4984831 0.0490197 -0.8655124
vn -0.9122037 0.02773025 0.4087976
vn -0.3431522 0.2274114 0.9113346
vn -0.8567907 0.1590558 0.4905211
vn 0.6836001 0.08661506 0.724699
vn -0.01535403 0.1726609 0.9848616
vn 0.5761325 0.1344775 0.8062178
vn -0.1503766 0.1599285 0.9756074
vn 0.9864507 0.04239936 0.1584848
vn 0.9978769 -0.05125036 0.04018814
vn 0.8130508 -0.0567146 -0.5794237
vn 0.7260214 -0.1584196 -0.6691757
vn 0.1682534 -0.1114244 -0.9794261
vn 0.03090497 -0.1728704 -0.9844596
vn 0.5734279 0.186463 0.7977543
vn -0.1567973 0.1489459 0.9763348
vn 0.9788689 0.1486652 0.1404077
vn 0.796627 0.05767752 -0.6017132
vn 0.1620628 -0.02479083 -0.986469
vn 0.5763217 0.245436 0.7794963
vn -0.1545801 0.1692477 0.9733757
vn 0.9645873 0.2293204 0.1303204
vn 0.7897373 0.1256833 -0.600432
vn 0.1588068 -0.0006570718 -0.9873094
vn 0.5771438 0.2776498 0.7679946
vn -0.1536705 0.147512 0.9770494
vn 0.9504731 0.2884619 0.1157176
vn 0.7819325 0.1809032 -0.5965364
vn 0.1555802 0.01159105 -0.9877554
vn 0.4839638 0.4762546 0.7341393
vn -0.2346539 0.3505562 0.9066685
vn 0.8664904 0.4777178 0.1448456
vn 0.7693908 0.3712915 -0.5197887
vn 0.2337819 0.2000571 -0.9514847
vn 0.695832 0.6581653 -0.2874651
vn 0.6080472 0.753822 0.2490598
vn 0.391003 0.5226907 -0.7575693
vn -0.5821808 -0.120661 -0.8040562
vn -0.4984831 0.0490197 -0.8655124
vn -0.2029775 0.4044209 -0.8917645
vn -0.5769342 -0.07508334 -0.8133323
vn -0.5736083 -0.06061267 -0.8168841
vn -0.556755 -0.09024972 -0.8257596
vn 0.004393218 0.554575 0.8321221
vn 0.167595 0.7707312 0.6147239
vn 0.4839638 0.4762546 0.7341393
vn -0.7483929 0.387647 -0.5381801
vn -0.9656563 0.02806213 -0.2583029
vn -0.4984831 0.0490197 -0.8655124
vn -0.8567907 0.1590558 0.4905211
vn -0.8554748 0.5074623 0.1031743
vn -0.6924112 0.3734232 0.6173506
vn -0.4456512 0.6767466 0.5860111
vn -0.2346539 0.3505562 0.9066685
vn -0.3410109 -0.02344629 -0.9397669
vn 0.4454201 -0.01669907 -0.895166
vn -0.2178973 -0.03659083 -0.9752855
vn 0.5611981 0.02105679 -0.8274137
vn 0.9391291 0.0007999982 -0.3435636
vn 0.9745111 0.06825317 -0.2137044
vn 0.9078863 0.0007925932 0.4192156
vn 0.8401402 0.09040786 0.5347812
vn 0.3436743 0 0.9390889
vn 0.2147978 0.07113562 0.9740646
vn -0.2022294 -0.04135418 -0.9784646
vn 0.541496 0.04771323 -0.8393484
vn 0.8336628 0.2057931 0.5124992
vn 0.2092407 0.178313 0.9614691
vn 0.9629687 0.1543142 -0.2210848
vn -0.2114109 -0.08520593 -0.9736762
vn 0.5396391 0.03268231 -0.8412619
vn 0.8176457 0.272059 0.5073849
vn 0.1985335 0.2585464 0.9453773
vn 0.9581617 0.1779995 -0.2241482
vn -0.2073682 -0.1632049 -0.9645531
vn 0.5374714 -0.01404273 -0.843165
vn 0.8012168 0.3252513 0.5022582
vn 0.1959182 0.3184076 0.9274872
vn 0.9551553 0.1899423 -0.2271572
vn -0.1289181 0.01649264 -0.9915181
vn 0.5939011 0.1682029 -0.7867587
vn 0.6922794 0.4985915 0.5216855
vn 0.1039635 0.4947141 0.8628148
vn 0.9171527 0.3735573 -0.1388735
vn 0.4015422 0.7366123 0.5442116
vn 0.7407479 0.6665814 0.08343748
vn 0.6634606 0.5392033 -0.5187292
vn 0.1417394 0.4306749 -0.8913075
vn -0.534879 0.1743363 0.8267475
vn -0.5745841 0.3701188 0.7299762
vn -0.1369083 0.7335153 0.6657413
vn -0.856255 0.4027859 0.3234051
vn -0.6366881 0.6620638 0.395348
vn -0.5745841 0.3701188 0.7299762
vn -0.8870453 0.221483 -0.4050876
vn -0.8215696 0.5393524 -0.1847225
vn -0.9761574 0.1756089 0.1275863
vn -0.7939478 0.02299635 -0.607551
vn -0.1289181 0.01649264 -0.9915181
vn -0.5037138 0.4322281 -0.7479647
vn -0.9073007 0.0106008 -0.4203487
vn -0.3410109 -0.02344629 -0.9397669
vn -0.8546296 -0.04879624 -0.5169402
vn -0.8546296 -0.04879624 -0.5169402
vn -0.3410109 -0.02344629 -0.9397669
vn -0.2178973 -0.03659083 -0.9752855
vn -0.8534641 -0.07896222 -0.5151349
vn -0.2022294 -0.04135418 -0.9784646
vn -0.9742156 -0.03016856 0.2235931
vn -0.9731538 -0.01886838 0.2293813
vn -0.9073007 0.0106008 -0.4203487
vn -0.9336768 -0.0001826311 0.3581167
vn -0.5441903 0.02690786 0.8385301
vn -0.4213507 0 0.9068978
vn 0.2147978 0.07113562 0.9740646
vn 0.3436743 0 0.9390889
vn -0.5468828 0.079331 0.8334421
vn 0.2092407 0.178313 0.9614691
vn -0.8442481 -0.1036025 -0.5258437
vn -0.2114109 -0.08520593 -0.9736762
vn -0.9743659 -0.00956247 0.2247653
vn -0.5398304 0.1406302 0.8299435
vn 0.1985335 0.2585464 0.9453773
vn -0.8341377 -0.1718595 -0.524098
vn -0.2073682 -0.1632049 -0.9645531
vn -0.9734458 -0.03151631 0.2267377
vn -0.534879 0.1743363 0.8267475
vn 0.1959182 0.3184076 0.9274872
vn -0.7164111 -0.09530704 -0.691138
vn -0.1289181 0.01649264 -0.9915181
vn -0.9984975 0.04746404 0.027383
vn -0.7939478 0.02299635 -0.607551
vn -0.5745841 0.3701188 0.7299762
vn -0.9761574 0.1756089 0.1275863
vn 0.9755192 0.05753909 0.2122532
vn 0.9845945 -0.01752401 0.1739733
vn 0.9980557 0.03923656 0.04842919
vn 0.8990299 -0.004405261 -0.437865
vn 0.9658484 0.08521836 0.2446929
vn 0.7469517 0.08504159 0.6594173
vn 0.5112987 0.2107414 0.8331637
vn -0.01714001 0.1563841 0.9875475
vn -0.2685606 0.182235 0.9458677
vn 0.8840097 -0.003015383 -0.4674588
vn 0.9489942 0.1582217 0.2727197
vn 0.4663451 0.2729473 0.8414404
vn -0.2779709 0.2652651 0.923237
vn 0.8816517 -0.07090837 -0.4665429
vn 0.9519182 0.1401896 0.2723939
vn 0.2800401 -0.1925412 -0.9404815
vn 0.2634951 -0.1397698 -0.9544814
vn 0.8301117 -0.01793984 -0.5573083
vn 0.2430108 -0.08731461 -0.9660859
vn 0.5836363 -0.02035347 -0.8117601
vn 0.05243881 -0.07416822 -0.9958661
vn 0.4641583 0.3134391 0.8284401
vn -0.2828545 0.3565906 0.8904137
vn 0.8813962 -0.1038543 -0.46082
vn 0.9533717 0.1389092 0.2679304
vn 0.2845863 -0.2147902 -0.9342782
vn 0.4577027 0.36643 0.8100847
vn -0.2871281 0.4434047 0.8490877
vn 0.9127749 0.04177644 -0.4063209
vn 0.9040601 0.2822087 0.3209886
vn 0.3607147 -0.05376225 -0.9311253
vn 0.3571753 0.5042838 0.7862083
vn -0.3445945 0.5731744 0.7434553
vn -0.852209 0.3385363 0.3989147
vn -0.8301166 0.4806224 0.282681
vn -0.5013366 0.702627 0.5049524
vn 0.08382182 0.6848074 0.7238873
vn 0.6904131 0.543802 0.4770841
vn 0.9225972 0.3538544 -0.1536275
vn 0.5856758 0.2560556 -0.7690379
vn -0.8716568 0.242035 0.4261849
vn -0.8819036 0.2752056 -0.3827637
vn -0.7878104 0.6157556 -0.01413882
vn -0.4044855 0.05016972 -0.9131673
vn -0.649103 0.4664944 -0.6008728
vn 0.3607147 -0.05376225 -0.9311253
vn -0.09359469 0.3144931 -0.9446343
vn -0.4044855 0.05016972 -0.9131673
vn -0.6832418 -0.1491994 -0.7147869
vn 0.05243881 -0.07416822 -0.9958661
vn -0.5159132 -0.1337619 -0.8461332
vn -0.9617211 -0.0906519 -0.2586019
vn -0.9937853 -0.1012956 -0.04615312
vn -0.8666366 0.04132363 0.4972257
vn -0.751213 0.03307847 0.6592305
vn -0.2685606 0.182235 0.9458677
vn -0.01714001 0.1563841 0.9875475
vn -0.9552225 -0.03170467 -0.2941852
vn -0.4810081 -0.1498529 -0.8638144
vn 0.2430108 -0.08731461 -0.9660859
vn 0.2634951 -0.1397698 -0.9544814
vn -0.8793039 0.1414646 0.4547665
vn -0.2779709 0.2652651 0.923237
vn -0.4823995 -0.1488411 -0.8632132
vn 0.2800401 -0.1925412 -0.9404815
vn -0.9546986 0.03187587 -0.2958623
vn -0.8716568 0.242035 0.4261849
vn -0.2828545 0.3565906 0.8904137
vn -0.4844751 -0.1250488 -0.8658214
vn 0.2845863 -0.2147902 -0.9342782
vn -0.9473748 0.1085081 -0.3011761
vn -0.852209 0.3385363 0.3989147
vn -0.4044855 0.05016972 -0.9131673
vn 0.3607147 -0.05376225 -0.9311253
vn -0.8819036 0.2752056 -0.3827637
vn -0.8301166 0.4806224 0.282681
vn -0.5159132 -0.1337619 -0.8461332
vn 0.06701685 0.3537882 0.9329216
vn -0.6658013 0.1465646 0.7315924
vn -0.05703111 0.3213775 0.9452322
vn -0.7630146 0.1309783 0.6329719
vn -0.9834884 -0.1322066 0.1235804
vn -0.9933403 -0.1147382 0.01050316
vn -0.755223 -0.4100112 -0.5113991
vn -0.6943759 -0.3390871 -0.634714
vn -0.04026685 -0.5059126 -0.8616444
vn 0.08774625 -0.3295543 -0.9400504
vn -0.07191439 0.3140076 0.946693
vn -0.7521935 0.1640954 0.6381832
vn -0.6789785 -0.1494917 -0.7187771
vn 0.02993641 -0.150231 -0.9881976
vn -0.999752 -0.0222632 0.0004695947
vn -0.05448545 0.2746497 0.9599994
vn -0.7484165 0.1513694 0.6457245
vn -0.6872804 -0.09409768 -0.7202716
vn -0.001881127 -0.08760165 -0.9961538
vn -0.9998878 -0.000677836 -0.01496559
vn -0.04259067 0.1992886 0.9790149
vn -0.738974 0.1096493 0.6647514
vn -0.6920474 -0.03345112 -0.7210765
vn 0.01037728 0.004472858 -0.9999362
vn -0.9998139 0.006169438 -0.01827982
vn -0.1546898 0.3524606 0.9229532
vn -0.8076568 0.2451355 0.5362826
vn -0.9707444 0.1597438 -0.179269
vn -0.5916494 0.1590116 -0.7903583
vn 0.7404589 0.3692502 0.5615826
vn 0.06701685 0.3537882 0.9329216
vn 0.6740105 0.3310774 0.660377
vn -0.05703111 0.3213775 0.9452322
vn 0.9835042 0.175141 0.04522222
vn 0.9877773 0.1226957 -0.09613444
vn 0.7526503 -0.1076349 -0.6495631
vn 0.6655972 -0.2781529 -0.6925398
vn 0.678525 0.302559 0.6693742
vn -0.07191439 0.3140076 0.946693
vn 0.9851862 0.1643036 0.04911811
vn 0.8051002 -0.003262858 -0.5931298
vn 0.6710288 0.2809055 0.6861577
vn -0.05448545 0.2746497 0.9599994
vn 0.9837892 0.1763293 0.03266378
vn 0.7399164 0.04000935 -0.671508
vn 0.7304156 -0.02263553 -0.6826279
vn -0.001881127 -0.08760165 -0.9961538
vn 0.6735006 0.2152103 0.7071643
vn -0.04259067 0.1992886 0.9790149
vn 0.9873813 0.1561747 0.02622124
vn 0.7227905 0.08508606 -0.6858091
vn 0.01037728 0.004472858 -0.9999362
vn 0.5030212 0.3068433 0.8079709
vn -0.1546898 0.3524606 0.9229532
vn 0.9441451 0.2886878 0.1588998
vn 0.5794148 0.4093531 0.7047755
vn 0.6840779 0.2863767 -0.6708396
vn 0.9289746 0.3697563 0.01692694
vn 0.04478576 0.2091826 -0.9768505
vn 0.1891138 0.5029864 -0.8433508
vn -0.5916494 0.1590116 -0.7903583
vn -0.3543815 0.4064169 -0.8421633
vn -0.6920474 -0.03345112 -0.7210765
vn 0.6897809 0.5528352 0.4675207
vn 0.6348445 0.7600337 0.139001
vn 0.02993641 -0.150231 -0.9881976
vn 0.7526503 -0.1076349 -0.6495631
vn 0.7304156 -0.02263553 -0.6826279
vn 0.08774625 -0.3295543 -0.9400504
vn 0.02993641 -0.150231 -0.9881976
vn 0.524567 -0.06147757 -0.8491466
vn -0.001881127 -0.08760165 -0.9961538
vn 0.8311424 0.4875048 -0.267472
vn 0.5993611 0.6474355 -0.4707372
vn 0.6840779 0.2863767 -0.6708396
vn 0.5794148 0.4093531 0.7047755
vn -0.1546898 0.3524606 0.9229532
vn 0.196717 0.7541063 0.6265988
vn -0.7906808 0.3976107 -0.4655421
vn -0.9707444 0.1597438 -0.179269
vn -0.5916494 0.1590116 -0.7903583
vn -0.8622938 0.4854013 0.1443433
vn -0.8076568 0.2451355 0.5362826
vn -0.4532355 0.6328104 0.6277965
vn -0.1546898 0.3524606 0.9229532
vn -0.8076568 0.2451355 0.5362826
vn 0.6655972 -0.2781529 -0.6925398
vn 0.7526503 -0.1076349 -0.6495631
vn -0.07640859 0.9969172 -0.01782477
vn -0.8056184 0.5859113 0.08767535
vn -0.1822151 0.9831125 0.01695606
vn -0.8484857 0.5009859 0.1705441
vn 0.6596463 0.7459678 -0.09164458
vn -0.1510002 0.971009 0.1853116
vn 0.6173431 0.7866939 0.0001230488
vn 0.9784565 0.168918 -0.1186995
vn 0.6517023 0.7315552 0.2002774
vn 0.9701254 0.2280364 -0.08280228
vn 0.8405848 -0.4007163 -0.3644774
vn 0.8538214 -0.4599391 -0.2438136
vn 0.985566 0.1182367 -0.1211606
vn 0.7374363 0.6680609 -0.09940926
vn 0.9170282 0.3816922 -0.1156305
vn 0.8944309 -0.409628 -0.1794385
vn 0.9810107 0.09750108 -0.1676651
vn 0.7561285 0.6465185 -0.1014073
vn 0.8602828 -0.507886 -0.04433135
vn 0.9609522 0.2104752 -0.1796412
vn 0.6948833 0.6822699 0.2272553
vn 0.1810549 0.8922309 0.4136945
vn 0.7590792 -0.3640448 -0.5396946
vn 0.9329963 0.2222542 -0.2830567
vn 0.6730169 0.6950625 0.2528565
vn 0.4087334 0.8229098 0.3946598
vn 0.4115227 0.840602 0.3521894
vn 0.6996126 -0.2380709 -0.6736946
vn 0.9267876 0.3565312 -0.1181119
vn 0.6739563 0.6504216 0.3503348
vn 0.07061324 0.7730812 0.6303642
vn 0.1788879 0.8758692 0.4481655
vn 0.06455859 0.7090263 0.7022208
vn 0.6167147 -0.1276639 -0.7767656
vn 0.7202013 0.6931626 0.02890994
vn 0.5516478 0.8160452 0.1724963
vn 0.2987116 0.9415741 -0.1555942
vn 0.5017478 0.850494 0.1578263
vn 0.5710197 0.6608961 0.4869835
vn 0.6517023 0.7315552 0.2002774
vn 0.1182096 0.9810129 0.1537535
vn 0.5909025 0.7984617 -0.1152951
vn -0.07640859 0.9969172 -0.01782477
vn 0.4238869 0.9013618 -0.08869529
vn -0.2656212 0.9499123 0.1646575
vn -0.8674682 0.4596006 0.1904371
vn -0.625925 0.7155656 0.3101352
vn -0.8827128 0.4291011 0.1915468
vn -0.4125162 0.8309879 0.373215
vn -0.446996 0.7616639 0.4691083
vn -0.649667 0.6278005 0.4287182
vn -0.8667962 0.3792739 0.3237526
vn -0.5269666 0.5997512 0.6021667
vn -0.0641333 0.7699395 0.6348859
vn -0.8667962 0.3792739 0.3237526
vn -0.7890655 0.3595151 0.4981209
vn -0.09181724 0.6844956 0.7232118
vn -0.8044492 0.3429837 0.4849986
vn -0.6477358 0.5673639 0.5084649
vn -0.8769057 0.3796644 0.2947731
vn -0.925239 0.3625868 -0.1116401
vn 0.5083125 -0.2315346 -0.8294638
vn 0.9329963 0.2222542 -0.2830567
vn 0.8679852 0.2267687 -0.4417892
vn 0.4077679 -0.2842212 -0.8677233
vn 0.5847849 -0.1194797 -0.8023411
vn 0.2545817 -0.02273058 -0.9667841
vn 0.2741865 0.03965652 -0.9608585
vn -0.245455 0.08112676 -0.9660074
vn 0.2545817 -0.02273058 -0.9667841
vn -0.4342207 0.05508687 -0.8991206
vn -0.1733251 -0.1719901 -0.9697308
vn -0.9237462 0.2652011 -0.2763355
vn -0.8769057 0.3796644 0.2947731
vn -0.9865234 -0.006436413 -0.1634933
vn 0.05857594 -0.9728516 0.2238939
vn 0.8602828 -0.507886 -0.04433135
vn 0.5478868 -0.8365524 -0.0001307486
vn 0.7330859 -0.6746321 -0.08635239
vn 0.8944309 -0.409628 -0.1794385
vn 0.6358945 -0.7117456 -0.2984232
vn -0.6014428 -0.7869549 0.1377264
vn 0.05857594 -0.9728516 0.2238939
vn -0.07945506 -0.9968385 0.0002307453
vn -0.6877185 -0.6788059 0.2574215
vn -0.9557578 -0.2004032 0.2153265
vn -0.9753197 -0.09763972 0.1980353
vn -0.8484857 0.5009859 0.1705441
vn -0.8056184 0.5859113 0.08767535
vn -0.9705383 -0.2408738 0.005929819
vn -0.6105413 -0.764024 -0.2085822
vn -0.321924 -0.9463294 -0.02873662
vn 0.0233007 -0.9423291 -0.3338758
vn -0.8674682 0.4596006 0.1904371
vn -0.687376 -0.6613654 -0.3001833
vn -0.9743873 -0.1943439 -0.1131359
vn -0.8827128 0.4291011 0.1915468
vn -0.9866691 -0.1603878 0.0275686
vn -0.724192 -0.6029425 -0.3346736
vn -0.03048845 -0.874134 -0.4847269
vn -0.139493 -0.9307364 -0.3380406
vn -0.8667962 0.3792739 0.3237526
vn -0.9895901 -0.1430486 0.01576531
vn -0.6906555 -0.5140094 -0.5087135
vn -0.06768897 -0.7573607 -0.649479
vn -0.1950629 -0.8503971 -0.4886464
vn -0.7890655 0.3595151 0.4981209
vn -0.9958816 -0.08265509 -0.03725611
vn -0.7228311 -0.4048856 -0.5599847
vn -0.04722157 -0.5763169 -0.8158608
vn 0.05034372 -0.7591379 -0.64898
vn 0.7590792 -0.3640448 -0.5396946
vn 0.5988735 -0.312841 -0.7372117
vn -0.2905459 -0.5055043 -0.8124337
vn -0.8044492 0.3429837 0.4849986
vn -0.8769057 0.3796644 0.2947731
vn -0.9865234 -0.006436413 -0.1634933
vn -0.7729217 -0.2703244 -0.5740355
vn -0.8259524 0.2654995 -0.4973053
vn -0.5583401 -0.3565647 -0.7490781
vn 0.3184184 -0.6844758 -0.655822
vn 0.8405848 -0.4007163 -0.3644774
vn 0.5756662 -0.7042008 -0.4155837
vn 0.8538214 -0.4599391 -0.2438136
vn 0.2793435 -0.9014218 -0.3307656
vn 0.8944309 -0.409628 -0.1794385
vn 0.1588033 -0.9255234 -0.3437848
vn 0.2117358 -0.8578378 -0.4682759
vn 0.09216548 -0.8730072 -0.4789194
vn 0.05034372 -0.7591379 -0.64898
vn -0.6126176 0.1455279 -0.7768665
vn -0.7729217 -0.2703244 -0.5740355
vn -0.4378435 -0.2471221 -0.864421
vn -0.2905459 -0.5055043 -0.8124337
vn 0.1927148 -0.5181789 -0.8332777
vn 0.2919429 -0.3297496 -0.8977942
vn -0.2905459 -0.5055043 -0.8124337
vn 0.1435763 -0.3510945 -0.9252666
vn -0.3005409 -0.2492116 -0.9206349
vn -0.0879223 0.9609783 0.2622792
vn 0.4033903 0.8808502 -0.2477483
vn -0.05232321 0.981117 0.1862037
vn 0.4617478 0.7758088 -0.4300114
vn -0.3204951 0.7453531 0.5845782
vn 0.7569746 0.2612755 -0.5989364
vn 0.6816927 0.1365369 -0.7187855
vn 0.5763729 -0.4720656 -0.6670445
vn 0.507776 -0.5078722 -0.6958659
vn -0.1532346 0.9872932 0.04208476
vn 0.342398 0.7140728 -0.6106256
vn 0.1608007 0.9256468 -0.3425217
vn -0.497311 0.5290646 0.6875846
vn -0.3195153 0.9061648 0.2770835
vn -0.3061396 0.6272474 0.716128
vn 0.5635988 0.1757375 -0.8071386
vn 0.5896153 -0.4693278 -0.6573318
vn -0.002830088 0.8787993 -0.4771831
vn 0.2082249 0.6874887 -0.6957023
vn -0.266023 0.9421217 -0.2040552
vn -0.6531057 0.4844027 0.5820712
vn -0.4564861 0.8886455 -0.04392875
vn 0.5996565 0.1475852 -0.7865309
vn 0.6956497 -0.4659963 -0.5467348
vn 0.1456631 0.6610928 -0.736029
vn -0.4641389 0.8308365 -0.3070599
vn -0.7692075 0.4016029 0.4970261
vn 0.6459303 0.1802196 -0.7418187
vn 0.8591263 -0.3412461 -0.3813832
vn 0.03491412 0.6426525 -0.7653618
vn -0.6211785 0.7264867 -0.2938612
vn -0.5296354 0.8211657 -0.2125398
vn -0.8388748 0.3482348 0.4183557
vn -0.7692075 0.4016029 0.4970261
vn 0.6538602 0.2370694 -0.7185158
vn 0.9401753 -0.2379375 -0.2438365
vn -0.5091569 0.8045906 -0.3056028
vn 0.1477694 0.7099104 -0.6886156
vn -0.07882976 0.9592532 -0.2713284
vn -0.7684795 0.5195354 0.3735268
vn -0.4477141 0.8533675 0.2670504
vn 0.7657321 0.322215 -0.5566254
vn 0.5109838 0.7407315 -0.4361334
vn 0.9934391 -0.1069921 -0.04039023
vn 0.9183308 0.3603254 -0.1638108
vn -0.3660946 0.9218951 -0.1268226
vn 0.2082249 0.6874887 -0.6957023
vn -0.5626019 0.8242134 0.0644298
vn -0.6023802 0.7877957 -0.1285152
vn 0.9447288 0.05349637 0.3234587
vn 0.756904 -0.3517816 0.5507686
vn -0.7684795 0.5195354 0.3735268
vn -0.3377342 0.4916812 0.8026114
vn -0.4569295 0.04926581 0.8881375
vn -0.4569295 0.04926581 0.8881375
vn 0.1294643 0.1247282 0.9837082
vn 0.18221 -0.3004213 0.9362406
vn -0.4968463 -0.1644636 0.8521124
vn 0.1388099 -0.5148669 0.8459573
vn 0.756904 -0.3517816 0.5507686
vn 0.635423 -0.03913361 0.7711719
vn -0.493421 -0.1519314 0.8564184
vn -0.7692075 0.4016029 0.4970261
vn -0.6531057 0.4844027 0.5820712
vn -0.5171081 -0.1594288 0.840941
vn -0.497311 0.5290646 0.6875846
vn -0.5328082 -0.1934753 0.823822
vn -0.4465358 0.5057784 0.7381016
vn -0.1498352 -0.6965426 0.7016963
vn -0.319928 -0.7529435 0.5750844
vn -0.5077108 -0.2517178 0.8239344
vn -0.5358582 0.004900342 0.8442938
vn -0.326416 -0.7451657 0.5815331
vn -0.3966314 -0.3083348 0.8646463
vn -0.4169458 0.4032572 0.8145795
vn -0.3241999 -0.8452323 0.4248255
vn -0.2533208 -0.916626 0.3092338
vn -0.1408502 -0.9174926 0.3719794
vn 0.1964968 -0.9801984 -0.02449398
vn 0.2994198 -0.9401301 0.1627982
vn 0.02517187 -0.8986927 0.4378559
vn -0.4654676 0.07457963 0.8819171
vn 0.3589307 -0.9084998 0.2140025
vn 0.6315955 -0.7104107 0.3104897
vn 0.03185941 -0.5836278 0.8113961
vn 0.7329185 -0.54696 0.4045556
vn 0.9401753 -0.2379375 -0.2438365
vn 0.8591263 -0.3412461 -0.3813832
vn 0.6093819 -0.789548 -0.07257914
vn 0.9934391 -0.1069921 -0.04039023
vn 0.04163607 -0.928968 -0.3678109
vn -0.3241999 -0.8452323 0.4248255
vn 0.08257195 -0.9907958 -0.107264
vn 0.507776 -0.5078722 -0.6958659
vn 0.04163607 -0.928968 -0.3678109
vn 0.2431618 -0.8906558 -0.3841935
vn 0.5763729 -0.4720656 -0.6670445
vn 0.5896153 -0.4693278 -0.6573318
vn 0.2755724 -0.9521242 -0.1323602
vn 0.6956497 -0.4659963 -0.5467348
vn 0.5328353 -0.836617 -0.127116
vn 0.6956497 -0.4659963 -0.5467348
vn 0.4902787 -0.8713292 0.02029892
vn 0.8591263 -0.3412461 -0.3813832
vn -0.8388748 0.3482348 0.4183557
vn -0.7684795 0.5195354 0.3735268
vn 0.03449437 0.9587836 -0.2820355
vn 0.6384813 0.7621955 0.1067696
vn 0.1745674 0.9131294 -0.368403
vn 0.641839 0.761388 -0.09127459
vn -0.3502834 0.7538593 -0.5558757
vn -0.5789006 0.5676731 -0.5853385
vn 0.2925969 0.7935441 -0.5335492
vn -0.4750207 0.5539925 -0.6837015
vn -0.4405639 0.4940832 -0.7495234
vn 0.3281239 0.6974434 -0.6371087
vn 0.8840036 0.4636608 0.05963438
vn 0.79745 0.5884135 0.1335779
vn -0.933439 -0.0145342 -0.3584417
vn -0.9050834 -0.06778245 -0.419797
vn -0.5635219 0.5471449 -0.6189309
vn -0.410789 0.3900356 -0.8240902
vn 0.3631126 0.5861496 -0.7242776
vn 0.8811329 0.4651074 -0.08532229
vn 0.8496358 0.5260512 -0.03727013
vn 0.8714737 0.4624312 -0.1633735
vn 0.9030814 0.01398078 0.429242
vn 0.8947293 -0.04887396 0.4439265
vn 0.8840036 0.4636608 0.05963438
vn 0.8170979 -0.07392541 0.5717395
vn -0.9355028 -0.01143038 -0.3531343
vn 0.8761387 0.1018146 0.4711844
vn 0.4205285 0.383958 -0.8220292
vn 0.8878084 0.3804649 -0.258926
vn 0.4011063 0.1399989 -0.9052702
vn 0.9184644 0.185191 -0.3494673
vn -0.3883123 0.08450781 -0.9176449
vn -0.3752006 0.2274142 -0.8986142
vn 0.850705 0.188902 0.4905274
vn 0.9225641 0.1489231 0.3559458
vn 0.469271 0.3346564 -0.817184
vn 0.8696594 0.3423507 -0.3556521
vn -0.203752 0.2107015 -0.9560806
vn 0.4264341 0.2174805 -0.8779841
vn 0.9646014 0.1389119 0.2241596
vn 0.9459982 0.2648723 0.1868959
vn -0.9360987 -0.01775115 -0.3512892
vn 0.6384813 0.7621955 0.1067696
vn 0.8572003 0.07861264 0.5089476
vn 0.79745 0.5884135 0.1335779
vn 0.8772926 0.3461671 0.3324544
vn 0.8572003 0.07861264 0.5089476
vn 0.8170979 -0.07392541 0.5717395
vn 0.9006199 0.4044244 0.1591372
vn 0.850705 0.188902 0.4905274
vn 0.3405764 -0.07746299 0.9370204
vn 0.8621159 0.1751703 0.47547
vn 0.9225641 0.1489231 0.3559458
vn 0.3405764 -0.07746299 0.9370204
vn 0.4345321 0.1120423 0.8936601
vn 0.9032984 0.2974686 0.3091351
vn 0.4715362 0.8289206 -0.3009055
vn 0.5699717 0.4041207 -0.715415
vn 0.8696594 0.3423507 -0.3556521
vn 0.8758506 0.4763485 0.07731625
vn -0.2834806 0.3439745 -0.895165
vn 0.469271 0.3346564 -0.817184
vn 0.2074108 0.8285734 -0.5200452
vn -0.4460466 0.5512416 -0.7051066
vn -0.4423795 0.8760271 -0.1920335
vn -0.8215445 0.394474 -0.4116491
vn -0.7843022 0.6029532 -0.146005
vn -0.4581831 0.8700511 0.1818771
vn -0.8464509 0.4594243 0.269166
vn -0.6250492 0.6437379 0.4414918
vn -0.2759615 0.9364656 0.2165119
vn -0.4592294 0.4907987 0.7404222
vn -0.1868625 0.9036518 0.3853515
vn 0.03597195 0.596698 0.8016592
vn -0.4592294 0.4907987 0.7404222
vn 0.2845712 0.9436653 0.168864
vn 0.7939948 0.5039945 0.3399438
vn 0.5120971 0.6858996 0.517009
vn 0.8840762 0.4150418 0.2148247
vn 0.8089802 0.1061225 0.5781774
vn 0.7718669 0.5027342 0.389204
vn -0.8883092 -0.2031948 -0.4118476
vn -0.6885516 0.3886087 -0.6122744
vn -0.8670833 -0.1852385 -0.4624429
vn -0.8670833 -0.1852385 -0.4624429
vn -0.8048277 0.09487108 -0.5858769
vn -0.8086015 0.09433023 -0.5807455
vn -0.9050834 -0.06778245 -0.419797
vn -0.7987195 -0.599818 0.04759683
vn -0.7654883 -0.64192 -0.04434331
vn -0.8883092 -0.2031948 -0.4118476
vn -0.7534828 -0.6571589 -0.02014659
vn -0.6126429 -0.7732869 0.1633889
vn -0.6143512 -0.7788788 0.1261763
vn -0.4177932 -0.7886229 0.4511349
vn -0.1837274 -0.7907104 0.5839702
vn -0.8813708 -0.4255276 0.2052112
vn -0.933439 -0.0145342 -0.3584417
vn -0.3107539 -0.6334693 0.7086244
vn 0.4443715 -0.4225599 0.7899223
vn -0.8873301 -0.3530208 0.2966843
vn -0.9355028 -0.01143038 -0.3531343
vn -0.3483471 -0.4643285 0.8142808
vn 0.3309618 -0.2875235 0.8987738
vn 0.8761387 0.1018146 0.4711844
vn 0.9030814 0.01398078 0.429242
vn 0.6027413 -0.4518909 0.6576455
vn -0.07695333 -0.7670027 0.6370126
vn 0.4268949 -0.6275442 0.6511137
vn 0.5918376 -0.4882999 0.6413202
vn 0.3891748 -0.6852211 0.615642
vn 0.6007813 -0.4281809 0.6750726
vn 0.8170979 -0.07392541 0.5717395
vn 0.8572003 0.07861264 0.5089476
vn 0.8947293 -0.04887396 0.4439265
vn -0.911368 -0.1870212 0.3666489
vn -0.9360987 -0.01775115 -0.3512892
vn -0.9231496 0.06331503 0.3791914
vn -0.9249619 0.06210474 -0.3749513
vn -0.3752006 0.2274142 -0.8986142
vn -0.3883123 0.08450781 -0.9176449
vn -0.4499174 0.1008852 0.8873537
vn -0.4056924 -0.2174661 0.8877624
vn 0.3058815 0.1184885 0.9446676
vn -0.8177194 0.2605708 -0.513262
vn -0.2834806 0.3439745 -0.895165
vn -0.919374 0.3394042 0.1988878
vn -0.8215445 0.394474 -0.4116491
vn -0.4592294 0.4907987 0.7404222
vn -0.8464509 0.4594243 0.269166
vn -0.1228496 0.4355562 0.8917392
vn 0.3405764 -0.07746299 0.9370204
vn 0.850705 0.188902 0.4905274
vn -0.410789 0.3900356 -0.8240902
vn 0.06809038 0.9361079 -0.345059
vn -0.2299672 0.4022659 -0.88617
vn -0.1571584 0.7986572 -0.5809026
vn -0.1166051 0.9257799 -0.3596315
vn -0.3942453 0.2973187 -0.8695816
vn -0.349074 0.8979611 -0.2679797
vn 0.2400563 0.9143815 0.3260052
vn 0.06809038 0.9361079 -0.345059
vn -0.1166051 0.9257799 -0.3596315
vn 0.3556593 0.8813789 0.3109301
vn 0.1704738 0.9680275 0.1840149
vn 0.432202 0.3050824 0.8486024
vn 0.4569015 0.5396589 0.7071133
vn 0.2712202 0.8018132 0.5324802
vn 0.5346779 0.2793814 0.7975372
vn 0.4023213 0.7690329 0.4967151
vn 0.432202 0.3050824 0.8486024
vn 0.4905653 -0.2248164 0.8419046
vn 0.4834903 -0.3273165 0.8118504
vn 0.4960361 -0.2799064 0.8219493
vn 0.4051214 0.3582801 0.8411372
vn 0.2815981 0.7017258 0.6544336
vn 0.7080494 -0.2031337 0.6763154
vn 0.4514774 0.3991945 0.7980049
vn 0.1202727 0.8792673 0.460894
vn 0.2602915 0.8625009 0.4339821
vn -0.1031823 0.9646186 -0.2426195
vn -0.2173765 0.9760868 0.001409948
vn -0.0001087635 0.8231745 0.5677884
vn -0.4603142 0.8691005 0.1810393
vn -0.1686365 0.7679567 0.617903
vn -0.6479103 0.7512552 0.1258093
vn 0.4585401 0.3828644 0.80197
vn -0.06809596 0.7198737 0.6907567
vn 0.8266768 -0.1356395 0.5460837
vn -0.337164 0.7470366 0.572937
vn 0.5611734 0.305512 0.7692509
vn 0.8928456 -0.08773324 0.4417347
vn 0.9499424 0.1204908 0.2882557
vn 0.5778579 0.5381153 0.6136058
vn 0.8537208 0.5002117 0.144738
vn 0.3503146 0.4562451 0.8179976
vn 0.2786456 0.4886671 0.8267776
vn -0.6884944 0.7249914 0.01904761
vn -0.7604988 0.6428686 0.09144084
vn -0.7212875 0.1830973 -0.6679968
vn -0.7897323 0.1264217 -0.6002836
vn -0.7737733 0.61252 -0.1615372
vn -0.1825408 0.8422695 0.507209
vn -0.6495773 0.746044 0.1465188
vn 0.04796707 0.9511899 0.3048553
vn -0.5518966 0.8260028 -0.114584
vn -0.6480426 0.2192232 -0.7293711
vn -0.7663832 0.6040735 -0.2185221
vn -0.7212875 0.1830973 -0.6679968
vn -0.4820157 0.5814047 -0.6554613
vn -0.3942453 0.2973187 -0.8695816
vn -0.5337733 0.2373625 -0.8116311
vn -0.6402711 0.5317578 -0.5543344
vn -0.6480426 0.2192232 -0.7293711
vn -0.8346759 0.3279822 -0.4424295
vn -0.7897323 0.1264217 -0.6002836
vn -0.7522085 0.1697794 -0.6366767
vn -0.6594042 0.3345391 -0.6732531
vn -0.4326089 0.2013348 -0.8788139
vn -0.7522085 0.1697794 -0.6366767
vn -0.3971771 -0.1316414 -0.9082516
vn -0.1825408 0.8422695 0.507209
vn 0.3827853 0.8720624 0.3049306
vn 0.5778579 0.5381153 0.6136058
vn -0.0767739 0.6809603 0.7282849
vn 0.9573099 0.1142902 -0.2655098
vn 0.9196341 -0.2647366 -0.2901509
vn 0.6979246 -0.09885228 -0.7093163
vn 0.4500865 -0.3978793 -0.7994462
vn 0.9196341 -0.2647366 -0.2901509
vn 0.1039252 -0.007381564 -0.9945577
vn -0.2477794 -0.1762926 -0.9526418
vn 0.3694485 -0.5886901 0.7189935
vn 0.4834903 -0.3273165 0.8118504
vn 0.4340568 -0.5091698 0.7431964
vn 0.4905653 -0.2248164 0.8419046
vn 0.4678329 -0.5691106 0.6761993
vn -0.1959181 -0.8722207 -0.4481597
vn -0.07247636 -0.9921221 -0.1021809
vn 0.007113284 -0.9898236 -0.1421213
vn -0.2394496 -0.8113543 -0.5332618
vn -0.3800272 -0.3846562 -0.8412009
vn -0.3431579 -0.2856079 -0.8948022
vn -0.3942453 0.2973187 -0.8695816
vn -0.2299672 0.4022659 -0.88617
vn -0.1169333 -0.847925 -0.5170588
vn 0.2976962 -0.9431419 0.1478525
vn -0.422992 -0.3565613 -0.8330317
vn -0.5337733 0.2373625 -0.8116311
vn 0.07450642 -0.7966983 -0.5997671
vn -0.3553208 -0.3668771 -0.8597374
vn -0.6480426 0.2192232 -0.7293711
vn -0.3425166 -0.351434 -0.8713073
vn 0.1447557 -0.6826892 -0.7162271
vn -0.7212875 0.1830973 -0.6679968
vn -0.5213435 -0.2504015 -0.8157818
vn -0.7897323 0.1264217 -0.6002836
vn -0.7522085 0.1697794 -0.6366767
vn -0.533592 -0.1226272 -0.8368047
vn 0.3787838 -0.8433553 0.3811493
vn 0.4905653 -0.2248164 0.8419046
vn 0.4960361 -0.2799064 0.8219493
vn 0.3469914 -0.8975673 0.2719738
vn 0.4960361 -0.2799064 0.8219493
vn 0.5770794 -0.7344977 0.3570609
vn 0.6476055 -0.5601734 0.5165393
vn 0.7080494 -0.2031337 0.6763154
vn 0.07450642 -0.7966983 -0.5997671
vn 0.250878 -0.9679801 -0.008646934
vn 0.4451977 -0.8822271 -0.1532134
vn 0.6525206 -0.7431274 0.1482513
vn 0.7080494 -0.2031337 0.6763154
vn 0.7553008 -0.6475537 -0.10097
vn 0.8266768 -0.1356395 0.5460837
vn 0.832489 -0.5165752 -0.2002801
vn 0.8928456 -0.08773324 0.4417347
vn 0.42255 -0.6340691 -0.6476171
vn 0.2526565 -0.7118385 -0.6553249
vn 0.9196341 -0.2647366 -0.2901509
vn 0.9499424 0.1204908 0.2882557
vn 0.4500865 -0.3978793 -0.7994462
vn 0.07450642 -0.7966983 -0.5997671
vn 0.5178124 -0.8248062 -0.2270795
vn 0.2526565 -0.7118385 -0.6553249
vn 0.1447557 -0.6826892 -0.7162271
vn 0.7553008 -0.6475537 -0.10097
vn -0.5213435 -0.2504015 -0.8157818
vn -0.2778836 -0.3982138 -0.874189
vn -0.3971771 -0.1316414 -0.9082516
vn -0.05132773 -0.6000043 -0.7983484
vn -0.3971771 -0.1316414 -0.9082516
vn 0.1579951 -0.594846 -0.7881598
vn 0.4500865 -0.3978793 -0.7994462
vn 0.03985406 -0.1965791 -0.9796776
vn 0.4077679 -0.2842212 -0.8677233
vn 0.2545817 -0.02273058 -0.9667841
vn 0.002452642 0.9814957 0.1914684
vn 0.3935246 0.8210723 -0.4134957
vn 0.0152006 0.9942062 0.1064089
vn 0.3209665 0.8280575 -0.4596752
vn -0.2927441 0.5846031 0.7566639
vn -0.09587452 0.9951524 -0.02190615
vn -0.332542 0.6144094 0.7154838
vn -0.2201583 0.9411176 0.2565696
vn -0.512752 0.5582204 0.6522847
vn -0.5695773 0.7556592 0.3233588
vn -0.3914432 -0.05346469 0.9186478
vn -0.3537036 -0.01146466 0.9352874
vn 0.3935246 0.8210723 -0.4134957
vn 0.7402707 0.03237152 -0.6715292
vn 0.4719104 0.610592 -0.6359859
vn 0.5677325 0.3517857 -0.7442625
vn 0.7402707 0.03237152 -0.6715292
vn 0.5659504 -0.09965046 -0.8183947
vn 0.2840887 0.5023193 -0.8166817
vn 0.1400429 0.8729732 -0.4672321
vn 0.4719104 0.610592 -0.6359859
vn 0.2395525 0.5765632 -0.7811462
vn -0.07722698 0.8162367 -0.5725325
vn 0.189216 0.6708993 -0.7170016
vn 0.05459243 0.5847461 -0.8093774
vn -0.09731411 0.7129673 0.6944116
vn 0.002452642 0.9814957 0.1914684
vn -0.1990295 0.7951198 0.5728629
vn 0.2395525 0.5765632 -0.7811462
vn 0.5659504 -0.09965046 -0.8183947
vn 0.3160036 0.05677638 -0.9470576
vn 0.05459243 0.5847461 -0.8093774
vn 0.3898854 0.02231172 -0.9205931
vn 0.341708 -0.579208 -0.7401039
vn 0.3326364 -0.6143793 -0.7154657
vn -0.0982729 0.5011781 -0.8597459
vn -0.6041302 0.7594621 -0.241338
vn -0.3552622 0.8947336 -0.2706298
vn 0.3988965 0.02365613 -0.9166908
vn 0.511207 -0.5739679 -0.6397095
vn 0.7078907 -0.4659515 -0.5308296
vn -0.7050055 0.6224232 -0.3399359
vn -0.1072392 0.4526132 -0.8852351
vn -0.7797971 0.4220552 0.4623698
vn -0.6616424 0.4861104 0.5708993
vn -0.550508 0.8287954 0.1001949
vn -0.512752 0.5582204 0.6522847
vn 0.5317649 0.08671582 -0.8424408
vn 0.8985 -0.2985432 -0.3218226
vn -0.5939422 0.7148443 -0.3690941
vn 0.06670243 0.5963719 -0.7999321
vn -0.8303493 0.4152156 0.3716397
vn -0.6856632 0.6621293 -0.3024083
vn 0.695835 0.2260287 -0.6817071
vn 0.9656337 -0.1184113 -0.2313662
vn 0.240781 0.6685728 -0.7035872
vn -0.4455727 0.8037595 -0.3942533
vn -0.5160577 0.734921 -0.4399721
vn -0.1984948 0.8202513 -0.5364584
vn 0.8116768 0.3275266 -0.4836395
vn 0.4808674 0.6589876 -0.5783613
vn 0.9974431 0.07127489 -0.005229344
vn 0.9176428 0.3912462 0.06969985
vn 0.8209986 -0.3583223 0.4444846
vn -0.5939422 0.7148443 -0.3690941
vn -0.7635968 0.5895701 0.2633002
vn -0.5355148 0.2183853 0.8158013
vn -0.5906349 0.543267 0.5966669
vn -0.4455727 0.8037595 -0.3942533
vn -0.6893967 0.7239277 -0.02570846
vn 0.9137314 0.2825519 0.2919921
vn 0.8057432 -0.1359095 0.5764604
vn 0.4999731 0.0246842 0.8656891
vn 0.7628126 0.3361993 0.5523468
vn 0.5659504 -0.09965046 -0.8183947
vn 0.5898221 -0.5603437 -0.5814849
vn 0.3326364 -0.6143793 -0.7154657
vn -0.2095557 -0.1644166 0.9638742
vn -0.1922224 0.5085932 0.8392756
vn -0.3492084 -0.1034532 0.9313168
vn -0.3492084 -0.1034532 0.9313168
vn -0.2395359 0.1930685 0.9514973
vn -0.3359328 0.4724723 0.8148122
vn -0.3914432 -0.05346469 0.9186478
vn -0.2572062 -0.6548129 0.7106793
vn -0.2498959 -0.536279 0.8061991
vn -0.2095557 -0.1644166 0.9638742
vn -0.2896591 -0.6843404 0.6691605
vn -0.260024 -0.7101693 0.6542531
vn -0.1242314 -0.7968524 0.5912638
vn 0.1115972 -0.9899169 0.08723972
vn -0.06643926 -0.5905052 0.8042942
vn -0.3537036 -0.01146466 0.9352874
vn 0.2568266 -0.9461624 0.1970199
vn 0.05195957 -0.8516325 0.5215576
vn 0.1607805 -0.4645979 0.8708034
vn -0.3217355 -0.008378103 0.9467925
vn 0.6139843 -0.6865182 0.3895077
vn 0.2543439 -0.3515812 0.9009439
vn 0.787834 -0.4890296 0.3743896
vn 0.6357329 -0.7229079 0.2706432
vn -0.358962 0.009876637 0.9332999
vn -0.6616424 0.4861104 0.5708993
vn 0.8985 -0.2985432 -0.3218226
vn 0.7078907 -0.4659515 -0.5308296
vn 0.2365339 -0.3440545 0.9086685
vn -0.479557 -0.0176829 0.8773325
vn -0.7797971 0.4220552 0.4623698
vn -0.8303493 0.4152156 0.3716397
vn 0.8209986 -0.3583223 0.4444846
vn 0.9656337 -0.1184113 -0.2313662
vn -0.5355148 0.2183853 0.8158013
vn 0.8057432 -0.1359095 0.5764604
vn 0.9974431 0.07127489 -0.005229344
vn 0.4551694 -0.1949997 0.8687899
vn 0.02870309 -0.1729281 0.9845161
vn -0.1959327 -0.0587741 0.9788544
vn -0.512752 0.5582204 0.6522847
vn -0.332542 0.6144094 0.7154838
vn 0.03609028 -0.9734946 -0.2258445
vn -0.02549235 -0.9962456 0.08273464
vn 0.3326364 -0.6143793 -0.7154657
vn 0.03609028 -0.9734946 -0.2258445
vn 0.08295132 -0.9367788 -0.3399478
vn 0.5898221 -0.5603437 -0.5814849
vn 0.341708 -0.579208 -0.7401039
vn 0.1636162 -0.982322 -0.09095634
vn 0.511207 -0.5739679 -0.6397095
vn 0.420954 -0.8940167 -0.1534011
vn 0.3898854 0.02231172 -0.9205931
vn 0.3126362 -0.9234074 0.2226598
vn -0.06643926 -0.5905052 0.8042942
vn 0.6357329 -0.7229079 0.2706432
vn 0.511207 -0.5739679 -0.6397095
vn 0.4064232 -0.9136679 0.005579132
vn 0.7078907 -0.4659515 -0.5308296
vn 0.5037356 -0.8554189 -0.120453
vn 0.700339 -0.6903125 0.1816423
vn 0.7402707 0.03237152 -0.6715292
vn 0.5898221 -0.5603437 -0.5814849
vn 0.5659504 -0.09965046 -0.8183947
vn 0.3326364 -0.6143793 -0.7154657
vn 0.3160036 0.05677638 -0.9470576
vn -0.5355148 0.2183853 0.8158013
vn -0.007002056 0.3865337 0.9222487
vn 0.03925245 0.009786688 0.9991813
vn 0.3012668 0.8718783 -0.3860914
vn 0.2224209 0.4351425 -0.8724563
vn 0.07175802 0.8397006 -0.5382878
vn 0.006899783 0.8898952 -0.4561129
vn 0.2224209 0.4351425 -0.8724563
vn 0.02463481 0.3337065 -0.9423552
vn 0.07539076 -0.2848049 -0.9556163
vn 0.07166354 -0.4473017 -0.8915074
vn -0.1913604 0.8751388 -0.4444247
vn -0.009189586 0.206688 -0.9783638
vn -0.1387793 0.5546643 -0.8204193
vn -0.1600255 0.4931482 -0.8551003
vn -0.108889 0.1874693 -0.9762164
vn -0.3691194 0.6381022 -0.6757045
vn -0.1992489 0.1657778 -0.9658248
vn -0.5927031 0.6824746 -0.427705
vn -0.3119776 0.09568189 -0.9452592
vn -0.4871393 0.6650604 -0.5660301
vn -0.157432 0.3924549 -0.9061977
vn 0.08915603 -0.4194112 -0.9034078
vn 0.137564 -0.4219969 -0.8960998
vn 0.05977322 0.9779485 0.2001094
vn 0.3012668 0.8718783 -0.3860914
vn 0.006899783 0.8898952 -0.4561129
vn 0.1428024 0.9231718 0.3568771
vn 0.03346812 0.8419253 0.5385551
vn -0.1404639 0.9360638 0.3225746
vn -0.004839004 0.4796299 0.8774575
vn 0.104326 0.482726 0.8695354
vn -0.1478082 0.903674 0.4019031
vn -0.2265599 0.9619837 -0.1525052
vn -0.05952562 0.9301541 -0.362312
vn -0.2880271 0.9531928 0.09199855
vn -0.2366483 0.8673776 0.4377827
vn -0.3817684 0.9229279 0.04956909
vn 0.1202095 0.4777816 0.8702152
vn 0.5059264 -0.1494359 0.8495336
vn -0.4018669 0.8465114 0.3491726
vn 0.05848776 0.5587088 0.8272991
vn 0.1392702 0.7496242 0.6470451
vn 0.5395114 0.05210856 0.8403643
vn 0.3090293 -0.2526563 0.9168782
vn 0.1049759 0.6672046 0.7374403
vn -0.1382415 0.2504214 0.9582163
vn 0.1428024 0.9231718 0.3568771
vn -0.03063095 0.4725713 0.88076
vn 0.02492577 0.6994361 0.7142603
vn -0.02138826 0.5628268 0.8262981
vn -0.4018669 0.8465114 0.3491726
vn -0.4027847 0.8021321 -0.4408499
vn -0.5927031 0.6824746 -0.427705
vn -0.3120432 0.9404777 0.1346503
vn -0.515507 0.7119188 -0.4768901
vn 0.03247908 0.6978391 0.7155177
vn -0.3120432 0.9404777 0.1346503
vn -0.1252865 0.967833 -0.2181802
vn 0.5806341 0.7959055 -0.1714603
vn 0.07883734 0.8229436 0.5626265
vn 0.2551113 0.7212137 0.6440257
vn 0.6788318 0.6337924 0.3708024
vn -0.2392488 0.7423181 -0.6258785
vn 0.1116592 0.7163507 -0.6887481
vn 0.909953 0.356427 0.212003
vn 0.5806341 0.7959055 -0.1714603
vn 0.9582079 0.02374446 0.2850856
vn 0.7654158 0.6281733 -0.1397741
vn 0.9410461 0.1497898 0.3033073
vn 0.6699836 0.5923975 -0.4474228
vn 0.4331599 0.7560904 -0.4906118
vn 0.5395114 0.05210856 0.8403643
vn 0.1392702 0.7496242 0.6470451
vn 0.6381491 0.3857996 0.6662765
vn -0.09685896 -0.5243541 0.8459735
vn -0.1382415 0.2504214 0.9582163
vn -0.1596881 -0.4005424 0.9022558
vn -0.08512533 0.1863413 0.9787903
vn -0.1100894 -0.9201227 0.3758385
vn -0.02237982 -0.9645272 0.2630333
vn 0.005732588 -0.933951 -0.3573548
vn -0.03261361 -0.8794722 -0.4748315
vn 0.07166354 -0.4473017 -0.8915074
vn 0.07539076 -0.2848049 -0.9556163
vn 0.0175499 -0.3270481 0.9448447
vn -0.0146181 -0.9316443 0.3630775
vn 0.05675717 -0.90254 -0.4268489
vn 0.08915603 -0.4194112 -0.9034078
vn 0.3932549 -0.8378241 0.3786836
vn 0.3246699 -0.8534321 -0.4077291
vn 0.137564 -0.4219969 -0.8960998
vn 0.4883765 -0.7633663 -0.4228006
vn 0.147707 -0.4256516 -0.8927504
vn -0.1992489 0.1657778 -0.9658248
vn 0.2505031 -0.4475634 -0.8584493
vn 0.6838614 -0.6462772 -0.3386139
vn 0.6616279 -0.6855105 0.3038485
vn 0.4341423 -0.8595716 0.2695497
vn 0.8127956 -0.4680832 0.3467874
vn 0.5059264 -0.1494359 0.8495336
vn 0.3090293 -0.2526563 0.9168782
vn 0.3932549 -0.8378241 0.3786836
vn 0.5395114 0.05210856 0.8403643
vn -0.3119776 0.09568189 -0.9452592
vn 0.9582079 0.02374446 0.2850856
vn 0.8160755 0.2155606 0.5362409
vn 0.8473869 -0.5128508 -0.1375483
vn 0.9417325 -0.1476208 0.3022384
vn 0.4999915 -0.4810156 -0.7201615
vn -0.1405697 -0.08971227 -0.9859979
vn 0.09370021 -0.2819485 -0.9548431
vn -0.07840054 0.3578948 0.9304648
vn -0.004839004 0.4796299 0.8774575
vn 0.0175499 -0.3270481 0.9448447
vn 0.0005988417 0.3698462 0.9290927
vn 0.3090293 -0.2526563 0.9168782
vn 0.3486512 -0.8079631 0.4750135
vn 0.3090293 -0.2526563 0.9168782
vn -0.004839004 0.4796299 0.8774575
vn 0.104326 0.482726 0.8695354
vn 0.9050813 -0.28677 0.3139918
vn 0.9043782 -0.2779011 0.3238379
vn 0.9024754 -0.2830254 0.3247073
vn 0.9051119 -0.2609545 0.3356713
vn 0.9053134 -0.2545401 0.3400249
vn 0.9057624 -0.2346544 0.3528908
vn 0.9083859 -0.2796299 0.3108732
vn 0.9063586 -0.300241 0.29727
vn -0.7289238 -0.24181 -0.640467
vn -0.7781559 -0.1715606 -0.6041858
vn -0.7456226 -0.1972056 -0.6365194
vn -0.7662121 -0.08540671 -0.6368867
vn -0.805756 -0.1544292 -0.5717594
vn -0.8301622 -0.2552277 -0.4956709
vn -0.7278109 -0.234736 -0.6443526
vn -0.716745 -0.2542981 -0.6493143
vn 0.4391492 0.005637245 -0.8983964
vn 0.4316539 0.001296139 -0.9020384
vn 0.4399276 0.008592817 -0.8979921
vn 0.4292277 0.0006839407 -0.9031961
vn 0.4435777 0.01220817 -0.8961527
vn 0.4318531 0.008815781 -0.9019009
vn 0.4290934 0.00105112 -0.9032595
vn 0.4253041 -0.0004746006 -0.9050505
vn 0.9013322 0.104153 0.4204194
vn 0.9013959 0.1034736 0.4204506
vn 0.9327632 0.10264 0.345569
vn 0.9009958 0.1076752 0.420253
vn 0.9460362 0.1040813 0.3068917
vn 0.9775491 0.09269282 0.1892241
vn 0.9005778 0.1118749 0.4200518
vn 0.9005851 0.111874 0.4200365
vn 0.4023527 -0.001879986 -0.9154829
vn 0.4065705 0.0009389484 -0.9136189
vn 0.4109804 -5.987695E-05 -0.9116442
vn 0.4107999 0.002869602 -0.911721
vn 0.4067451 0.005273316 -0.9135265
vn 0.4108183 0.008151555 -0.9116808
vn 0.4169154 -0.0002770652 -0.9089453
vn 0.4148242 -0.001269825 -0.9099008
vn 0.419841 0.0001884585 -0.9075976
vn 0.4248442 0.001703027 -0.9052649
vn 0.4078336 0.009718526 -0.9130045
vn 0.4118351 0.01083087 -0.9111939
vn 0.4087712 0.01169753 -0.912562
vn 0.4140585 0.01045159 -0.9101902
vn 0.414318 0.009749625 -0.91008
vn 0.4179017 0.009312748 -0.9084445
vn 0.4195637 0.00897341 -0.9076815
vn 0.4245394 0.00841152 -0.9053704
vn -0.1833785 0.9797655 -0.08019925
vn -0.06073385 0.9978836 -0.02322821
vn -0.1833782 0.9797655 -0.08020035
vn 0.06542352 0.9972338 0.03527893
vn 0.1879796 0.9778523 0.09202448
vn 0.18798 0.9778525 0.09202312
vn 0.8961957 0.1530618 0.4164198
vn 0.8961961 0.1530617 0.4164188
vn 0.8938569 0.1686845 0.4154098
vn 0.8983107 0.1374006 0.4173233
vn 0.8983107 0.1374006 0.4173234
vn 0.8938579 0.1686844 0.4154077
vn 0.4187793 0.007160477 -0.9080599
vn 0.4152822 0.007798862 -0.9096592
vn 0.4157974 0.009232312 -0.9094104
vn 0.4178017 0.004215451 -0.9085285
vn 0.4150316 0.003856972 -0.9097988
vn 0.4174151 0.0003408834 -0.9087159
vn 0.4209606 0.002625291 -0.9070751
vn 0.422136 0.00584264 -0.9065136
vn 0.4244927 0.007081353 -0.9054036
vn 0.4392904 0.0003606378 -0.898345
vn 0.4493254 0.001588241 -0.8933668
vn 0.452322 0.003509684 -0.8918478
vn 0.4537535 0.008228526 -0.8910893
vn 0.453209 0.0107908 -0.891339
vn 0.4540255 0.01087235 -0.8909223
vn 0.4340532 0.002183141 -0.9008845
vn 0.424655 -0.0005789904 -0.905355
vn -0.8970123 0.142537 -0.4183922
vn -0.8970126 0.1425362 -0.418392
vn -0.8930978 0.1698746 -0.4165561
vn -0.8884938 0.1971035 -0.4144019
vn -0.8970143 0.1425363 -0.4183883
vn -0.8970198 0.1425356 -0.4183766
vn -0.8832071 0.2241624 -0.411942
vn -0.883209 0.224162 -0.4119383
vn -0.8884938 0.1971035 -0.4144019
vn -0.8930978 0.1698746 -0.4165561
vn -0.8855096 0.219313 -0.4096029
vn -0.885505 0.2193111 -0.4096141
vn -0.8855061 0.2193114 -0.4096113
vn -0.8855037 0.2193103 -0.4096171
vn -0.8855042 0.2193105 -0.4096158
vn -0.885506 0.2193107 -0.4096119
vn 0.07656555 0.9175349 0.3902144
vn 0.6064676 0.6187941 0.4992903
vn 0.2732364 0.8513656 0.4477929
vn 0.743027 0.4523902 0.493208
vn -0.3017817 0.9243702 0.2333829
vn -0.4834509 0.8650339 0.1341329
vn -0.7623954 0.6435151 -0.0681292
vn -0.8596678 0.4813345 -0.1711389
vn -0.9326598 0.116076 -0.3415729
vn -0.9083799 -0.08699862 -0.4089956
vn 0.9038681 0.08290379 0.4197015
vn 0.9281479 -0.1201762 0.352277
vn 0.3662766 0.3323559 -0.8691266
vn 0.366275 0.3323602 -0.8691256
vn 0.3662742 0.3323508 -0.8691295
vn 0.3662736 0.332358 -0.869127
vn 0.3662677 0.3323538 -0.8691311
vn 0.3662811 0.3323491 -0.8691273
vn 0.3662657 0.3323531 -0.8691323
vn 0.3662716 0.3323477 -0.8691319
vn 0.3662747 0.3323411 -0.8691331
vn 0.3662756 0.3323435 -0.8691318
vn 0.3662805 0.3323462 -0.8691286
vn 0.4789513 -0.8691221 -0.1234201
vn -0.08108416 -0.9216276 -0.37951
vn 0.2972735 -0.9284633 -0.2226756
vn -0.2777547 -0.8554568 -0.4370883
vn -0.6109834 -0.6228837 -0.4885848
vn -0.7475403 -0.4564811 -0.4825023
vn -0.9083799 -0.08699862 -0.4089956
vn -0.9326598 0.116076 -0.3415729
vn 0.7578909 -0.6475997 0.07884135
vn 0.8551556 -0.4854289 0.1818453
vn 0.9281479 -0.1201762 0.352277
vn 0.9038681 0.08290379 0.4197015
vn 0.0413039 0.917509 0.3955646
vn 0.5595335 0.618517 0.5516874
vn 0.2321538 0.8512691 0.4705798
vn 0.6959277 0.4522837 0.5577849
vn -0.3216321 0.9243465 0.2052717
vn -0.4939645 0.8648341 0.08978319
vn -0.7533553 0.643245 -0.1367174
vn -0.840932 0.4808502 -0.2482263
vn -0.8980606 0.1159406 -0.424317
vn -0.8678405 -0.08686668 -0.4891901
vn 0.8626356 0.08296325 0.4989759
vn 0.8928587 -0.1199273 0.4340745
vn 0.5015109 0.3304746 -0.7995458
vn 0.5015005 0.3304724 -0.7995532
vn 0.5015048 0.3304711 -0.799551
vn 0.5015053 0.3304749 -0.7995492
vn 0.5015015 0.330485 -0.7995472
vn 0.5015102 0.3304728 -0.7995469
vn 0.5014992 0.330464 -0.7995575
vn 0.5014986 0.3304722 -0.7995543
vn 0.5015072 0.3304681 -0.7995507
vn 0.5015094 0.3304634 -0.7995512
vn 0.5015053 0.330464 -0.7995536
vn -0.5650754 -0.622305 -0.5416884
vn -0.8678405 -0.08686668 -0.4891901
vn -0.7012259 -0.4561617 -0.547904
vn -0.8980606 0.1159406 -0.424317
vn -0.2377551 -0.8552424 -0.4604703
vn -0.04718244 -0.921509 -0.38548
vn 0.315954 -0.9284903 -0.1951379
vn 0.4881985 -0.869071 -0.0798618
vn 0.747912 -0.6474012 0.1466268
vn 0.8355859 -0.4850256 0.2579658
vn 0.8928587 -0.1199273 0.4340745
vn 0.8626356 0.08296325 0.4989759
vn 0.007647997 0.9202242 0.3913169
vn 0.5101257 0.6213084 0.594767
vn 0.1917858 0.8539068 0.483799
vn 0.6455786 0.4542208 0.6139314
vn -0.3364394 0.9262069 0.1701449
vn -0.4982961 0.8660834 0.04000514
vn -0.7367247 0.6439184 -0.2064118
vn -0.8145635 0.481097 -0.3240865
vn -0.8570822 0.1155696 -0.5020495
vn -0.8219154 -0.08778179 -0.562805
vn 0.8158851 0.08428875 0.5720376
vn 0.8512096 -0.1192609 0.5110961
vn 0.5791676 0.2816169 -0.7650208
vn 0.5791639 0.2816173 -0.7650234
vn 0.5791643 0.2816154 -0.7650238
vn 0.579168 0.2816186 -0.7650198
vn 0.5791661 0.2816207 -0.7650205
vn 0.5791622 0.2816161 -0.7650251
vn 0.5791618 0.2816164 -0.7650254
vn 0.5791665 0.2816108 -0.7650238
vn 0.5791631 0.2816075 -0.7650277
vn 0.579159 0.2816125 -0.765029
vn 0.5791647 0.2816172 -0.7650229
vn -0.5166917 -0.6248504 -0.5853134
vn -0.8219154 -0.08778179 -0.562805
vn -0.651843 -0.4579338 -0.6044811
vn -0.8570822 0.1155696 -0.5020495
vn -0.1983079 -0.8577441 -0.4742878
vn -0.01427828 -0.9239981 -0.3821305
vn 0.3301547 -0.9300959 -0.1609959
vn 0.4921635 -0.8699434 -0.03120195
vn 0.73084 -0.6477111 0.2152747
vn 0.8087962 -0.4847857 0.332914
vn 0.8512096 -0.1192609 0.5110961
vn 0.8158851 0.08428875 0.5720376
vn 0.3835807 0.903082 -0.1931553
vn -0.3891698 0.9102068 -0.1416704
vn 0.06194686 0.9977179 0.02686432
vn 0.1904802 0.9752505 0.1122669
vn -0.5224185 0.8326986 0.1835538
vn -0.8868762 0.4581201 -0.05980401
vn -0.5965716 0.7984545 0.08107242
vn -0.9512911 0.3075779 0.02099763
vn -0.5224185 0.8326986 0.1835538
vn -0.6427003 0.7379127 0.2059645
vn -0.3008469 0.8621561 0.4076494
vn -0.9529447 0.298268 0.05415336
vn -0.3792227 0.8775119 0.2935356
vn -0.6648083 0.6899755 0.2862931
vn -0.9487196 0.3052716 0.08209953
vn -0.3054323 0.7963879 0.5219936
vn -0.6422337 0.6614226 0.3873707
vn -0.9360361 0.336523 0.1029014
vn -0.3152024 0.7253223 0.6120089
vn -0.6447133 0.5863608 0.4904344
vn -0.9442695 0.3290865 0.007563896
vn -0.7784489 0.4806547 0.4037182
vn -0.9269316 0.2671791 -0.2634639
vn -0.3335083 0.5493777 0.7661308
vn -0.818216 0.02386267 -0.5744155
vn 0.8859696 0.4634443 0.0166548
vn 0.3835807 0.903082 -0.1931553
vn 0.3985097 0.9138121 0.07834187
vn 0.9507609 0.3064269 -0.04643723
vn 0.9595709 -0.2812899 0.009994922
vn 0.8686007 -0.4848107 0.1024273
vn 0.9534897 -0.2648895 -0.1438434
vn 0.9487723 0.2995121 0.1006169
vn 0.4391834 0.8570907 0.2692834
vn 0.9171923 0.3651014 0.1595596
vn 0.9792635 0.1996622 0.03432214
vn 0.9284661 -0.2398348 -0.2836014
vn 0.9487723 0.2995121 0.1006169
vn 0.9643258 0.2643175 -0.0145603
vn 0.8403469 0.5232583 0.1414836
vn 0.8474324 0.4887348 0.2073564
vn 0.9727688 0.2106865 0.09660231
vn 0.8175736 0.4765315 0.3232507
vn 0.9241543 -0.2176166 -0.3139772
vn 0.9444119 0.2474033 0.2165129
vn 0.7548415 0.3852911 0.5308155
vn 0.9424281 -0.1159335 -0.31367
vn 0.9392972 0.127356 -0.3185925
vn 0.8598097 0.4599673 0.2217145
vn 0.3934336 0.7639111 -0.5115172
vn 0.584096 0.7926072 0.1749451
vn 0.7393035 0.6073968 0.2906876
vn 0.5939846 -0.2959708 -0.7480531
vn 0.5524454 0.7510734 0.3615145
vn 0.6876386 0.6637883 0.2941741
vn 0.2399562 0.9319836 0.271712
vn -0.4530528 0.8588645 0.2389455
vn -0.02487386 0.8709341 0.4907699
vn 0.9392972 0.127356 -0.3185925
vn 0.3470565 0.7294592 -0.5894414
vn 0.4992813 0.1225611 -0.8577278
vn 0.3838795 0.816854 -0.4305648
vn 0.4109422 0.9079581 -0.08208868
vn 0.05853563 0.9620867 -0.2663885
vn 0.3470565 0.7294592 -0.5894414
vn 0.05853563 0.9620867 -0.2663885
vn -0.07033049 0.7981967 -0.5982772
vn -0.3586051 0.6569868 -0.6631521
vn -0.2547566 0.2487476 -0.9344645
vn 0.8327327 -0.2606595 -0.48848
vn 0.9392972 0.127356 -0.3185925
vn 0.8562592 0.1334227 -0.4990176
vn 0.3600692 0.6642264 -0.6550979
vn -0.07930413 0.2544152 -0.963838
vn 0.1174875 0.0411554 -0.9922212
vn 0.2490616 0.2145625 -0.9444211
vn 0.1776599 0.5866461 -0.790116
vn 0.1174875 0.0411554 -0.9922212
vn 0.3023639 -0.9530512 0.01641537
vn 0.8686007 -0.4848107 0.1024273
vn 0.4775284 -0.859562 0.1819882
vn 0.9595709 -0.2812899 0.009994922
vn -0.2660308 -0.9501887 0.1623855
vn -0.3376524 -0.9362229 -0.09735181
vn 0.5564064 -0.8117 -0.1776372
vn 0.9534897 -0.2648895 -0.1438434
vn 0.187926 -0.9734398 0.1307622
vn 0.4978724 -0.6980439 -0.5146435
vn 0.9284661 -0.2398348 -0.2836014
vn 0.1608316 -0.8452598 -0.5095773
vn 0.4802134 -0.5322669 -0.6971994
vn 0.9241543 -0.2176166 -0.3139772
vn -0.2601474 -0.5339673 -0.8044888
vn -0.08373406 -0.8248739 -0.5590811
vn 0.5939846 -0.2959708 -0.7480531
vn 0.9424281 -0.1159335 -0.31367
vn -0.9442229 -0.3245909 0.05553463
vn -0.54637 -0.8338509 -0.0785659
vn -0.4389473 -0.8855172 0.152265
vn -0.9841838 -0.1735945 -0.03531662
vn -0.7779552 -0.6225262 -0.08512839
vn -0.9512911 0.3075779 0.02099763
vn -0.8868762 0.4581201 -0.05980401
vn -0.9529447 0.298268 0.05415336
vn -0.967336 -0.210685 0.1409711
vn -0.3627998 -0.902252 0.2330616
vn -0.880773 -0.4182065 0.2221313
vn -0.9922876 -0.09048922 0.08471649
vn -0.9487196 0.3052716 0.08209953
vn -0.9762952 -0.1447981 -0.1608762
vn -0.9360361 0.336523 0.1029014
vn -0.9419908 -0.07437574 -0.3272946
vn -0.6467294 -0.566456 -0.5107531
vn -0.9442695 0.3290865 0.007563896
vn -0.818216 0.02386267 -0.5744155
vn -0.3775063 -0.5256493 -0.7623528
vn -0.1598405 -0.2721803 -0.9488776
vn 0.4802134 -0.5322669 -0.6971994
vn 0.5030482 -0.3028927 -0.8094432
vn 0.1174875 0.0411554 -0.9922212
vn 0.2490616 0.2145625 -0.9444211
vn -0.2547566 0.2487476 -0.9344645
vn -0.2732808 -0.9114674 0.3074816
vn 0.4775284 -0.859562 0.1819882
vn -0.06210242 -0.9632068 0.2614882
vn -0.967336 -0.210685 0.1409711
vn -0.5517193 -0.7559406 0.352363
vn -0.706809 -0.6880485 0.1643483
vn -0.852708 -0.5223867 -0.001062288
vn -0.9762952 -0.1447981 -0.1608762
vn -0.8142138 -0.4346643 -0.3848674
vn -0.9419908 -0.07437574 -0.3272946
vn -0.5927727 -0.3550093 -0.7229031
vn -0.7953548 0.4237397 -0.433423
vn -0.818216 0.02386267 -0.5744155
vn -0.4149123 0.2003762 -0.8875231
vn 0.2963545 0.9460627 -0.1309168
vn 0.02718826 0.8424309 0.538118
vn 0.4665992 0.8808916 0.07946803
vn 0.1619824 0.7072635 0.6881424
vn 0.5510033 0.6361508 -0.5400996
vn 0.403093 0.6260788 -0.6674889
vn 0.3304597 0.01263466 -0.9437355
vn -0.3010108 0.238144 0.9234067
vn -0.2820685 0.1140838 0.9525871
vn 0.6929806 0.708577 0.1330289
vn 0.3292363 0.6200925 0.7121015
vn -0.205822 0.2639604 0.9423175
vn 0.7199512 0.5696293 -0.3964755
vn 0.5415884 0.1885044 -0.8192363
vn 0.7813883 0.612425 0.1198658
vn 0.7483909 0.5558 -0.361936
vn 0.5300799 0.3973721 -0.7490732
vn 0.6749442 0.4814785 -0.5591321
vn 0.7245622 0.5482251 -0.4176828
vn 0.5988626 0.7731915 0.208659
vn 0.6285023 0.6447285 0.4350977
vn 0.4944065 0.3550903 -0.7933935
vn 0.3048693 0.2288613 -0.9244876
vn 0.4181383 0.3515336 -0.8376065
vn 0.7214738 0.6434448 -0.2558407
vn 0.6599405 0.4678287 -0.5878901
vn 0.5329865 0.7872193 0.3101794
vn 0.8210865 0.5675643 0.06072601
vn -0.02416775 0.6791757 0.7335777
vn 0.2859301 0.5825267 0.7608591
vn -0.2526765 0.06868209 -0.96511
vn -0.05749767 0.3151993 -0.9472821
vn 0.20837 0.7486323 0.6293899
vn 0.06229382 0.7232689 0.6877512
vn 0.4306287 0.6776655 0.5960942
vn 0.3420357 0.0335498 -0.9390879
vn 0.403093 0.6260788 -0.6674889
vn 0.3849559 0.1160073 -0.9156153
vn 0.4539262 0.2483717 -0.8557233
vn 0.5510033 0.6361508 -0.5400996
vn 0.6382825 0.3578286 -0.681582
vn 0.233941 0.5903054 0.7725354
vn -0.2820685 0.1140838 0.9525871
vn -0.2272207 0.2421704 0.943252
vn 0.411302 0.6446159 0.6444384
vn 0.4900155 0.6311584 0.6012685
vn 0.3292363 0.6200925 0.7121015
vn -0.2272207 0.2421704 0.943252
vn 0.16753 0.5529359 0.816208
vn 0.01448122 0.4813664 0.8763998
vn -0.5743616 0.1174308 0.810135
vn -0.02416775 0.6791757 0.7335777
vn -0.3717025 0.15414 0.9154661
vn -0.323934 0.6188474 0.7156079
vn -0.06425036 0.6937765 0.7173186
vn -0.7447968 0.3401606 0.5740806
vn -0.6687649 0.2429173 0.7026696
vn -0.1147517 0.6073352 0.7861145
vn -0.5743616 0.1174308 0.810135
vn -0.6687649 0.2429173 0.7026696
vn -0.409697 0.5282212 0.7437276
vn 0.08210569 -0.8085777 -0.5826325
vn 0.2217645 -0.4896041 -0.8432724
vn -0.04374523 -0.6938282 -0.7188108
vn -0.3333824 -0.9334837 -0.1321531
vn -0.2114078 -0.9772872 0.01471301
vn -0.5320869 -0.6999279 0.4764288
vn -0.4396365 -0.628724 0.6414248
vn -0.4429341 -0.08870173 0.8921555
vn -0.6165332 -0.7450221 -0.2546148
vn -0.3192342 -0.54333 -0.7764549
vn 0.1949506 -0.2324442 -0.9528714
vn -0.7502388 -0.4989485 0.4338111
vn -0.6795102 -0.7172098 -0.1545182
vn -0.4507902 0.04609476 0.891439
vn -0.8697983 -0.2612521 0.4185669
vn -0.5743616 0.1174308 0.810135
vn -0.6071966 -0.1614622 0.7779731
vn -0.6687649 0.2429173 0.7026696
vn -0.9447384 -0.07403428 0.3193561
vn -0.8777155 -0.4401488 -0.1894319
vn -0.3192342 -0.54333 -0.7764549
vn -0.469872 -0.3367272 -0.8159872
vn -0.1165803 -0.3168465 -0.941285
vn -0.1696718 -0.1422563 -0.9751793
vn -0.7881869 -0.613445 0.04946278
vn -0.4842819 -0.2040861 -0.8507761
vn -0.9041694 -0.2452527 -0.3497552
vn -0.7447968 0.3401606 0.5740806
vn -0.9984779 0.04026543 0.0376908
vn -0.9536254 0.2936606 0.06604576
vn -0.8837595 -0.1076992 -0.455379
vn -0.9709873 0.1419838 -0.192417
vn -0.6385728 -0.1082444 -0.7619108
vn -0.04374523 -0.6938282 -0.7188108
vn 0.3139219 -0.1793705 -0.9323514
vn 0.3304597 0.01263466 -0.9437355
vn -0.3010108 0.238144 0.9234067
vn -0.4396365 -0.628724 0.6414248
vn -0.3755985 0.01205037 0.9267041
vn -0.3192342 -0.54333 -0.7764549
vn 0.248864 -0.07803573 -0.9653896
vn 0.2193061 -0.0650518 -0.973485
vn -0.5439188 -0.426366 0.7227478
vn -0.5320869 -0.6999279 0.4764288
vn -0.6940714 -0.3281998 0.6407415
vn -0.393819 -0.008244904 -0.919151
vn -0.8597242 0.192647 -0.4730345
vn -0.8837595 -0.1076992 -0.455379
vn -0.4842819 -0.2040861 -0.8507761
vn 0.04207852 -0.02774177 -0.9987291
vn 0.2123094 0.1437119 -0.9665773
vn -0.393819 -0.008244904 -0.919151
vn 0 1 0
vn 0 1 0
vn 0 1 0
vn 0 1 0
vn 0 1 0
vn 0 1 0
vn 0 1 0
vn 0 1 0
vn 0 1 0
vn 0 1 0
vn 0 1 0
vn 0 1 0
vn 0 1 0
vn -0.9884914 -0.1407019 0.05556654
vn -0.8362945 -0.1435597 0.5291523
vn -0.9632807 -0.1458254 0.2254444
vn -0.9697418 -0.1245834 -0.2099515
vn -0.9249284 -0.09536479 -0.3679852
vn -0.6997759 -0.04243645 -0.7131009
vn -0.7356731 -0.1363566 0.6634696
vn -0.4790758 -0.1111058 0.8707134
vn -0.3219504 -0.09282413 0.9421951
vn 0.06801725 -0.04120888 0.9968327
vn 0.3053725 -0.005832437 0.9522151
vn -0.5050805 -0.02589706 -0.8626837
vn 0.01857938 -0.01008315 -0.9997765
vn -0.1316581 -0.005844138 -0.9912781
vn 0.9922739 0.1218103 -0.02355383
vn 0.8354571 0.1027388 -0.5398667
vn 0.9609789 0.1101767 -0.2537332
vn 0.9337595 0.1117934 0.3399933
vn 0.8446775 0.1021929 0.5254299
vn 0.6887586 0.06467155 0.7221006
vn 0.7208381 0.08306206 -0.6881085
vn 0.4904031 0.05256345 -0.8699092
vn 0.358464 0.03126798 -0.9330198
vn 0.01857938 -0.01008315 -0.9997765
vn -0.1316581 -0.005844138 -0.9912781
vn 0.6119464 0.04519885 0.7896067
vn 0.3053725 -0.005832437 0.9522151
vn 0.06801725 -0.04120888 0.9968327
vn -0.1316581 -0.005844138 -0.9912781
vn -0.5050805 -0.02589706 -0.8626837
vn -0.6997759 -0.04243645 -0.7131009
vn 0 1 0
vn 0 1 0
vn 0 1 0
vn 0 1 0
vn 0 1 0
vn 0 1 0
vn 0 1 0
vn 0 1 0
vn 0 1 0
vn 0 1 0
vn 0 1 0
vn 0 1 0
vn 0 1 0
vn 0.5051688 0.1285574 -0.8533918
vn 0.00979304 0.06460334 -0.997863
vn 0.3681947 0.1093241 -0.923299
vn -0.1275944 0.07056969 -0.9893127
vn 0.7364087 0.1534657 -0.6589009
vn 0.8348114 0.1616743 -0.5262615
vn 0.967997 0.1591169 -0.1940708
vn 0.9883704 0.149372 0.02849528
vn 0.9146763 0.1194397 0.3861366
vn 0.844681 0.1021921 0.5254244
vn 0.6887595 0.0646698 0.7220998
vn 0.6119441 0.04519629 0.7896085
vn 0.305371 -0.005834728 0.9522156
vn 0.06801862 -0.04120944 0.9968325
vn -0.4959351 0.03862535 -0.8675001
vn -0.5303259 0.05689253 -0.8458828
vn -0.9884913 -0.1407019 0.05556953
vn -0.836297 -0.1435576 0.529149
vn -0.9632806 -0.145825 0.2254451
vn -0.9721979 -0.12555 -0.1976574
vn -0.9303288 -0.08675165 -0.3563175
vn -0.8798914 -0.06195013 -0.4711194
vn -0.7356765 -0.1363537 0.6634666
vn -0.4790758 -0.1111035 0.8707137
vn -0.3219447 -0.09282317 0.9421971
vn 0.06801862 -0.04120944 0.9968325
vn 0.305371 -0.005834728 0.9522156
vn -0.4959351 0.03862535 -0.8675001
vn -0.9303288 -0.08675165 -0.3563175
vn -0.7032532 -0.002210203 -0.710936
vn 0 1 0
vn 0 1 0
vn 0 1 0
vn 0 1 0
vn 0 1 0
vn 0 1 0
vn -0.6851763 -0.02468761 -0.7279588
vn -0.6835759 -0.01234478 -0.7297749
vn -0.6835759 -0.01234478 -0.7297749
vn -0.6818676 0 -0.7314757
vn 0.6640565 0.06294808 0.7450278
vn 0.9733068 0.08669871 0.2125023
vn 0.8668306 0.08637998 0.4910635
vn 0.9760028 0.06330086 0.2083546
vn 0.4257212 -0.009571562 -0.9048037
vn 0.4158225 -0.0586281 -0.9075541
vn 0.4158225 -0.0586281 -0.9075541
vn 0.4048792 -0.1075374 -0.9080245
vn -0.9458685 0 0.3245499
vn -0.829991 0 0.5577767
vn -0.9458686 0 0.3245499
vn -0.6423768 0 0.7663889
vn -0.1515692 0 0.9884467
vn 0.1513231 0.02233053 0.9882321
vn 0.6640565 0.06294808 0.7450278
vn 0.8668306 0.08637998 0.4910635
vn 0 1 0
vn 0 1 0
vn -0.001447009 0.999998 -0.001405308
vn 0 1 0
vn 0 1 0
vn 0 1 0
vn 0 1 0
vn 0 1 0
vn -0.01307359 0.9999127 0.001921766
vn -0.008683805 0.9999268 -0.008431586
vn 0.004390684 0.9999368 -0.01035248
vn 0 1 0
vn 0 1 0
vn -0.9884913 -0.1407022 0.05556922
vn -0.8362963 -0.1435591 0.5291495
vn -0.963281 -0.1458253 0.2254432
vn -0.9721982 -0.1255514 -0.1976553
vn -0.93033 -0.08675443 -0.3563142
vn -0.8798915 -0.06195258 -0.4711188
vn -0.7356751 -0.1363553 0.6634676
vn -0.4790748 -0.1111039 0.8707142
vn -0.3219456 -0.09282225 0.9421969
vn 0.1106948 -0.03507232 0.9932354
vn 0.3808544 0.009790341 0.9245831
vn 0.9883703 0.1493735 0.02849132
vn 0.8348132 0.1616767 -0.5262582
vn 0.9679965 0.159118 -0.1940732
vn 0.9050481 0.1168679 0.4089375
vn 0.8091922 0.0978083 0.5793457
vn 0.7364113 0.1534684 -0.6588974
vn 0.5051692 0.1285582 -0.8533914
vn 0.3681929 0.1093233 -0.9232997
vn 0.009794193 0.06460226 -0.997863
vn -0.1275919 0.07056838 -0.9893131
vn -0.4959331 0.0386235 -0.8675014
vn -0.5303249 0.05689042 -0.8458836
vn 0.6648879 0.06670082 0.7439591
vn 0.6428803 0.05752255 0.7638037
vn 0.3808544 0.009790341 0.9245831
vn 0.1106948 -0.03507232 0.9932354
vn -0.4959331 0.0386235 -0.8675014
vn -0.93033 -0.08675443 -0.3563142
vn -0.7032527 -0.00221254 -0.7109365
vn -0.1717333 0.9338033 0.3138777
vn -0.7159057 0.5311259 0.4531936
vn -0.2367326 0.9078135 0.3461682
vn 0.1206919 0.9775429 0.1727525
vn 0.3659647 0.9283892 0.06452446
vn 0.7028586 0.7012036 -0.1195963
vn 0.8597717 0.4593266 -0.2231856
vn 0.9352441 0.1346235 -0.327406
vn 0.9253322 -0.07391682 -0.3718826
vn 0.750428 -0.5178363 -0.4107351
vn 0.6459571 -0.6355413 -0.4228789
vn 0.1840383 -0.264127 0.9467666
vn 0.3640661 -0.3815249 0.8496439
vn 0.3902081 -0.2248743 0.8928432
vn 0.2767514 -0.1578145 0.9478941
vn 0.4337977 -0.1395978 0.8901303
vn 0.4418838 -0.335356 0.8320307
vn 0.4509302 -0.2093719 0.867655
vn 0.450933 -0.2093678 0.8676546
vn 0.4509314 -0.2093681 0.8676554
vn 0.4231118 -0.1675685 0.8904479
vn 0.3936315 -0.1589072 0.9054295
vn -0.8293849 -0.5119091 0.2237626
vn -0.9262446 -0.1382301 0.3506615
vn -0.9240476 0.001662519 0.3822738
vn -0.8780341 0.1994832 0.4350431
vn -0.9073861 0.1209687 0.4025134
vn -0.9240476 0.001662519 0.3822738
vn -0.8643396 0.2450215 0.4391826
vn -0.9074431 -0.1666441 0.3857161
vn -0.8098496 -0.5382261 0.2333588
vn -0.4039651 -0.9146002 -0.01784997
vn -0.5586345 -0.8251048 0.08443722
vn -0.2239572 -0.9666821 -0.1239709
vn 0.1971455 -0.9256261 -0.3230324
vn 0.3143544 -0.8802083 -0.3555487
vn 0.6459571 -0.6355413 -0.4228789
vn 0.750428 -0.5178363 -0.4107351
vn -0.8643396 0.2450215 0.4391826
vn -0.8609307 0.2377084 0.4497699
vn -0.6461927 0.595068 0.4778379
vn -0.1449935 0.9642294 0.2218975
vn -0.5778456 0.7344407 0.3559372
vn -0.2828685 0.9205506 0.2693918
vn -0.7030652 0.5962527 0.3875332
vn 0.1870502 0.97638 0.1081404
vn 0.3682477 0.928716 0.04336072
vn 0.6518978 0.7542644 -0.07819528
vn 0.7435961 0.6561683 -0.1284835
vn 0.9295016 0.2507299 -0.2704835
vn -0.8936377 0.2121231 0.395494
vn -0.933184 -0.1048195 0.3437739
vn 0.7801149 0.6050014 -0.1593551
vn 0.820821 0.5433043 -0.1762764
vn 0.3991114 -0.1765431 0.8997459
vn 0.5102031 -0.2337569 0.8276778
vn 0.3388958 -0.1802281 0.9233999
vn 0.1789607 -0.2153488 0.959999
vn 0.1146522 -0.170221 0.9787133
vn 0.1730041 -0.08777907 0.9810018
vn 0.5347973 -0.1541613 0.8307985
vn 0.463879 -0.1838905 0.8666029
vn 0.4528608 -0.2910721 0.8427301
vn 0.3472285 -0.1689956 0.9224278
vn 0.1631272 -0.09318498 0.9821945
vn 0.5919943 -0.7312507 -0.338844
vn 0.8239853 -0.4331518 -0.3652776
vn 0.7253582 -0.5870869 -0.3594225
vn 0.9487696 0.0341676 -0.3141159
vn 0.3017204 -0.9131738 -0.2740045
vn 0.1300383 -0.965759 -0.2244985
vn -0.1637172 -0.9789206 -0.1221104
vn -0.2940156 -0.9534089 -0.06757408
vn -0.5839545 -0.8090734 0.06631263
vn -0.7875915 -0.5851722 0.1930625
vn -0.933184 -0.1048195 0.3437739
vn -0.8936377 0.2121231 0.395494
vn -0.0314052 0.9663237 -0.2554058
vn 0.5381917 0.842432 -0.02565026
vn 0.1167193 0.8883969 -0.4439907
vn 0.6886042 0.7072624 -0.160013
vn -0.5248213 0.7032581 -0.4795735
vn -0.6547884 0.6689975 -0.3517024
vn -0.9781696 0.03188702 -0.2053477
vn 0.9225415 0.2381434 0.3036526
vn 0.9517763 0.1140815 0.2847932
vn 0.1350093 0.7085787 -0.6925957
vn 0.713042 0.6200919 -0.327196
vn 0.9417254 0.2639575 0.208518
vn -0.4289066 0.5949905 -0.6797245
vn -0.9633602 0.07388013 -0.257835
vn -0.9524876 0.1346125 -0.2732159
vn 0.1297818 0.6002882 -0.7891836
vn -0.3738145 0.4920963 -0.7861958
vn -0.8777575 0.2121611 -0.4295686
vn -0.3521503 0.4878834 -0.7987239
vn 0.236288 0.7340184 -0.6366985
vn 0.4300898 0.661251 -0.6146299
vn -0.7530833 0.2647502 -0.6023064
vn -0.7905548 0.2775998 -0.5458584
vn -0.8159014 0.3813052 -0.4346392
vn -0.2508723 0.6477862 -0.7193303
vn -0.5770916 0.6328096 -0.5162532
vn 0.3028395 0.7922007 -0.5298172
vn 0.7325274 0.6765769 -0.07514948
vn 0.7508897 0.6062173 -0.2620406
vn -0.02115844 0.7244509 -0.6890016
vn 0.6723821 0.7399262 0.02028687
vn 0.4326437 0.8447516 -0.314983
vn 0.8128128 0.3996671 0.4237942
vn 0.8187469 0.1550754 0.5528156
vn 0.8597139 0.5104504 0.01823485
vn 0.9143999 0.154139 0.3743179
vn -0.9627071 0.034101 -0.2683881
vn -0.6547884 0.6689975 -0.3517024
vn 0.7732039 0.5903038 -0.2317267
vn 0.9425988 0.2421691 0.2299168
vn 0.713042 0.6200919 -0.327196
vn 0.8034862 0.5786574 -0.1398765
vn 0.1297818 0.6002882 -0.7891836
vn 0.6456136 0.6446161 -0.4094546
vn 0.5972737 0.6442241 -0.477744
vn -0.8595785 0.2804007 -0.4272005
vn -0.4289066 0.5949905 -0.6797245
vn -0.9312655 0.1473312 -0.3332236
vn 0.5114582 0.7762453 0.3685835
vn 0.6723821 0.7399262 0.02028687
vn 0.5201875 0.3506744 0.7787377
vn 0.7192837 0.2564159 0.6456639
vn -0.8159014 0.3813052 -0.4346392
vn -0.8658783 0.48429 0.1253711
vn -0.9601129 0.08597048 0.2660682
vn -0.02604103 0.4375742 0.8988052
vn 0.5201875 0.3506744 0.7787377
vn 0.03744324 0.03478866 0.998693
vn -0.2296629 0.2865594 0.9301282
vn 0.03744324 0.03478866 0.998693
vn -0.4586678 -0.1176507 0.8807849
vn -0.3332493 -0.2957245 0.8952608
vn -0.8414416 -0.2790745 0.4627023
vn -0.7538465 -0.1584168 0.6376674
vn -0.8499645 -0.3220257 0.4169649
vn -0.9699171 0.09539057 -0.2239676
vn -0.2240824 -0.4404542 0.8693602
vn -0.7707049 -0.5239679 0.3625902
vn -0.9859148 0.003309953 -0.1672153
vn -0.9781696 0.03188702 -0.2053477
vn -0.1541995 -0.708437 0.688723
vn -0.691755 -0.7094338 0.1348278
vn -0.9748605 -0.2117176 -0.06944373
vn -0.9541097 -0.1791921 -0.2399268
vn -0.05933542 -0.9302181 0.362179
vn -0.5065535 -0.8622013 -0.003539375
vn -0.8581705 -0.4899537 -0.1532603
vn 0.06539245 -0.970439 0.2323186
vn 0.474906 -0.699927 0.5334476
vn 0.6401652 -0.6287229 0.4414704
vn 0.8908845 -0.08870295 0.4454848
vn 0.4316655 -0.4989478 0.7514758
vn 0.8901469 0.04609401 0.4533364
vn 0.3382088 -0.2712254 0.9011391
vn 0.8187469 0.1550754 0.5528156
vn 0.7762358 -0.1614617 0.6094164
vn 0.2544113 -0.1412499 0.9567254
vn 0.7192837 0.2564159 0.6456639
vn 0.5695899 0.08940232 0.8170524
vn 0.5201875 0.3506744 0.7787377
vn -0.8520245 -0.01235341 0.5233561
vn -0.4658416 0.353098 0.8113652
vn -0.4586678 -0.1176507 0.8807849
vn -0.8499645 -0.3220257 0.4169649
vn -0.9633602 0.07388013 -0.257835
vn -0.9312655 0.1473312 -0.3332236
vn 0.9225415 0.2381434 0.3036526
vn 0.6401652 -0.6287229 0.4414704
vn 0.9256258 0.01204858 0.3782482
vn 0.7211891 -0.4263658 0.545984
vn 0.474906 -0.699927 0.5334476
vn 0.6387561 -0.3281993 0.6958995
vn -0.8414416 -0.2790745 0.4627023
vn -0.9952044 -0.01002193 -0.09730137
vn -0.9859989 -0.1525988 0.06722953
vn -0.9150839 -0.02021897 0.4027565
vn -0.9982956 0.03258212 0.04841726
vn -0.9178033 0.1111409 -0.3811626
vn -0.8159014 0.3813052 -0.4346392
vn -0.04223176 0.9989445 0.01807054
vn -0.2343118 0.8831078 -0.4064707
vn -0.1058037 0.9870896 -0.1202488
vn -0.2989538 0.7743646 -0.5576614
vn 0.09072007 0.9404747 0.3275321
vn 0.1569336 0.8574243 0.4900973
vn 0.26406 0.6252653 0.7343812
vn 0.3030958 0.5024767 0.8097222
vn 0.3796946 0.050896 0.9237108
vn -0.395984 0.4043186 -0.8244532
vn -0.4046275 0.05582904 -0.9127758
vn -0.927476 -0.04202726 0.3715131
vn -0.817738 -0.0532426 0.5731228
vn -0.8806652 -0.07235494 0.468181
vn -0.9665142 -0.1046752 0.2342932
vn -0.7231258 -0.1769024 0.6676785
vn -0.6874183 -0.03761886 0.7252868
vn -0.9709636 -0.07668933 0.2266019
vn -0.9749733 0.03878471 0.2189128
vn -0.9194112 -0.04265882 0.3909772
vn -0.8265085 -0.193604 0.528584
vn -0.7697886 -0.01348242 0.6381565
vn -0.395984 0.4043186 -0.8244532
vn -0.3295011 -0.4646014 -0.8219334
vn -0.4046275 0.05582904 -0.9127758
vn -0.2478501 -0.697514 -0.6723426
vn -0.1258738 -0.901246 -0.4146221
vn -0.07531089 -0.9492112 -0.3054934
vn 0.04689606 -0.9985663 -0.02581094
vn 0.1172895 -0.9823675 0.145593
vn 0.2329188 -0.8653347 0.4437847
vn 0.2914825 -0.749187 0.5947745
vn 0.3330107 -0.6195484 0.7108191
vn 0.3833533 -0.1645514 0.908825
vn 0.3286261 0.4282402 0.8417928
vn 0.3030958 0.5024767 0.8097222
vn 0.3353203 0.3664734 0.8679042
vn 0.5278478 0.5816795 0.6188908
vn -0.06709408 0.2445204 0.96732
vn 0.6650351 0.4797312 0.5723516
vn -0.1099198 0.1793511 0.9776251
vn 0.730524 0.4714262 0.4940568
vn 0.1604864 0.3498634 0.9229516
vn 0.1687472 0.3118563 0.9350241
vn 0.6821104 0.3958433 0.6148443
vn 0.8621299 0.4497541 -0.2333524
vn 0.605969 0.5914288 0.5319903
vn 0.7253253 0.6593003 -0.1980564
vn 0.4810493 0.3707096 -0.7944596
vn 0.04923 0.2751042 0.9601532
vn 0.06118221 0.2793999 0.9582235
vn 0.7982074 0.4573788 0.3920072
vn 0.6448891 0.6097825 0.4607421
vn 0.7524477 0.6583376 0.02034848
vn 0.5278478 0.5816795 0.6188908
vn 0.8714563 0.4904669 0.002455865
vn 0.3874688 0.6052957 0.6953309
vn 0.7248843 0.6860905 -0.06182719
vn 0.3588958 0.6697229 0.6501269
vn 0.6221581 0.7786235 -0.08163873
vn 0.3646345 0.8392389 0.4033853
vn 0.5387484 0.3632973 -0.7601088
vn 0.4687878 0.4234382 -0.7752019
vn 0.4286812 0.8938176 -0.1316148
vn 0.4252314 0.8851647 0.188843
vn 0.4131142 0.6375775 -0.650255
vn 0.2939393 0.9263893 -0.2353774
vn 0.1760885 0.85074 0.4952114
vn 0.3646345 0.8392389 0.4033853
vn 0.3413908 0.4225229 -0.8395993
vn -0.02763192 -0.1762635 -0.9839551
vn 0.0432859 -0.2586846 -0.9649915
vn 0.3905399 0.3949339 -0.8315683
vn 0.5248415 0.3390467 -0.7807617
vn -0.08962532 -0.1143802 -0.9893858
vn -0.09672459 -0.01989761 -0.9951122
vn 0.7714702 0.6274305 -0.1056624
vn 0.5036632 0.2588368 -0.8242128
vn -0.1924185 -0.03791334 -0.9805803
vn 0.4115015 0.3619994 -0.8364347
vn -0.09737255 0.2178636 0.9711097
vn 0.1223731 0.6406199 0.7580442
vn 0.5036632 0.2588368 -0.8242128
vn 0.7158666 0.456869 -0.5280207
vn 0.8533729 0.3913686 -0.3443621
vn 0.3939704 0.475013 -0.7868608
vn -0.1788554 0.9475585 -0.2648465
vn 0.1840908 0.9828094 -0.01401354
vn -0.1540339 0.9855591 0.07033446
vn -0.4209559 0.9067243 -0.02543677
vn -0.403772 0.8540154 -0.3280638
vn -0.659805 0.3431243 -0.6685231
vn 0.7253253 0.6593003 -0.1980564
vn 0.4874223 0.8729737 0.01833758
vn -0.1788554 0.9475585 -0.2648465
vn 0.4578382 0.5465991 -0.7011517
vn 0.279928 0.4898677 -0.8256331
vn -0.1908635 0.6488237 -0.7366132
vn -0.09672459 -0.01989761 -0.9951122
vn 0.3939704 0.475013 -0.7868608
vn 0.109349 0.5101328 -0.8531162
vn -0.5619548 0.5432875 -0.623735
vn -0.1788554 0.9475585 -0.2648465
vn -0.7350823 0.2470225 -0.6313747
vn -0.6731144 -0.4140336 -0.6127751
vn -0.08962532 -0.1143802 -0.9893858
vn -0.792318 -0.2383578 -0.5616207
vn -0.1924185 -0.03791334 -0.9805803
vn -0.9704552 -0.2164633 0.1065857
vn -0.9069625 -0.4163205 0.06400109
vn -0.690217 -0.02653868 0.7231155
vn -0.6798038 -0.1634856 0.71494
vn 0.04923 0.2751042 0.9601532
vn -0.7350823 0.2470225 -0.6313747
vn -0.9884993 -0.1059912 -0.1078649
vn -0.7940065 0.0874572 -0.6015853
vn -0.8490576 0.00648 0.5282604
vn -0.1858501 0.2292711 0.9554552
vn -0.4745277 0.1272474 0.8709946
vn -0.02763192 -0.1762635 -0.9839551
vn -0.5355384 -0.5385694 -0.6504934
vn 0.0432859 -0.2586846 -0.9649915
vn -0.3588668 -0.7208314 -0.5929729
vn 0.1086311 -0.3657699 -0.9243439
vn -0.2543294 -0.7528988 -0.6070091
vn 0.0505283 -0.3697414 -0.9277598
vn -0.2726813 -0.7640851 -0.5846528
vn -0.3935121 -0.8418636 -0.3693423
vn -0.5892024 -0.8035743 -0.08431503
vn -0.3596805 -0.8506797 -0.383372
vn -0.6262187 -0.7589388 0.1784991
vn -0.7858022 -0.6132939 0.0799095
vn -0.5782488 -0.2834233 0.7650487
vn -0.1762897 0.1878347 0.9662505
vn -0.1846806 0.1791769 0.9663274
vn -0.1099198 0.1793511 0.9776251
vn -0.06709408 0.2445204 0.96732
vn -0.4402522 -0.3352257 0.8329476
vn -0.6355941 -0.7149115 0.2914133
vn -0.4598324 -0.4993509 0.7343043
vn -0.4121659 -0.3952526 0.8209109
vn -0.4419637 -0.5648254 0.696879
vn -0.4028827 -0.3263924 0.8550752
vn -0.2263913 0.04866757 0.9728199
vn -0.09737255 0.2178636 0.9711097
vn -0.1673886 0.07963242 0.9826697
vn -0.3775462 -0.1098878 -0.9194474
vn -0.7579754 0.3146152 -0.5713935
vn 0.1086311 -0.3657699 -0.9243439
vn 0.2490047 -0.07769959 -0.9653805
vn 0.2605933 -0.08839889 -0.9613931
vn 0.0432859 -0.2586846 -0.9649915
vn 0.0505283 -0.3697414 -0.9277598
vn 0.3223428 0.2271969 -0.9189541
vn 0.1086311 -0.3657699 -0.9243439
vn 0.2814682 0.6180565 0.7340176
vn -0.1673886 0.07963242 0.9826697
vn 0.3874688 0.6052957 0.6953309
vn -0.2263913 0.04866757 0.9728199
vn -0.1099198 0.1793511 0.9776251
vn 0.4292798 0.5605297 0.7081845
vn -0.0594235 0.3168934 0.9465978
vn -0.09737255 0.2178636 0.9711097
vn -0.2263913 0.04866757 0.9728199
vn -0.04141089 0.3162212 0.9477813
g Hut_1_0
f 3/3/3 2/2/2 1/1/1
f 4/4/4 2/2/2 3/3/3
f 2/2/2 5/5/5 1/1/1
f 1/1/1 5/5/5 6/6/6
f 5/5/5 7/7/7 6/6/6
f 6/6/6 7/7/7 8/8/8
f 7/7/7 9/9/9 8/8/8
f 8/8/8 9/9/9 10/10/10
f 9/9/9 11/11/11 10/10/10
f 10/10/10 11/11/11 12/12/12
f 13/13/13 4/4/4 3/3/3
f 14/14/14 4/4/4 13/13/13
f 14/14/14 15/15/15 4/4/4
f 16/16/16 15/15/15 14/14/14
f 2/2/2 17/17/17 5/5/5
f 18/18/18 17/17/17 2/2/2
f 5/5/5 19/19/19 7/7/7
f 17/17/17 19/19/19 5/5/5
f 7/7/7 20/20/20 9/9/9
f 19/19/19 20/20/20 7/7/7
f 9/9/9 21/21/21 11/11/11
f 20/20/20 21/21/21 9/9/9
f 22/22/22 14/14/14 13/13/13
f 23/23/23 14/14/14 22/22/22
f 23/23/23 16/16/16 14/14/14
f 24/24/24 23/23/23 22/22/22
f 25/25/25 23/23/23 24/24/24
f 26/26/26 25/25/25 24/24/24
f 27/27/27 25/25/25 26/26/26
f 28/28/28 27/27/27 26/26/26
f 29/29/29 27/27/27 28/28/28
f 30/30/30 29/29/29 28/28/28
f 29/29/29 31/31/31 27/27/27
f 32/32/32 31/31/31 29/29/29
f 27/27/27 33/33/33 25/25/25
f 31/31/31 33/33/33 27/27/27
f 25/25/25 34/34/34 23/23/23
f 33/33/33 34/34/34 25/25/25
f 34/34/34 16/16/16 23/23/23
f 32/32/32 35/35/35 31/31/31
f 36/36/36 35/35/35 32/32/32
f 31/31/31 37/37/37 33/33/33
f 35/35/35 37/37/37 31/31/31
f 33/33/33 38/38/38 34/34/34
f 37/37/37 38/38/38 33/33/33
f 34/34/34 39/39/39 16/16/16
f 38/38/38 39/39/39 34/34/34
f 39/39/39 40/40/40 16/16/16
f 16/16/16 40/40/40 15/15/15
f 42/42/42 30/30/30 41/41/41
f 43/43/43 30/30/30 42/42/42
f 44/44/44 42/42/42 41/41/41
f 45/45/45 42/42/42 44/44/44
f 46/46/46 45/45/45 44/44/44
f 47/47/47 45/45/45 46/46/46
f 48/48/48 47/47/47 46/46/46
f 49/49/49 47/47/47 48/48/48
f 50/50/50 49/49/49 48/48/48
f 51/51/51 49/49/49 50/50/50
f 52/52/52 51/51/51 50/50/50
f 53/53/53 51/51/51 52/52/52
f 54/54/54 53/53/53 52/52/52
f 55/55/55 53/53/53 54/54/54
f 55/55/55 54/54/54 56/56/56
f 56/56/56 54/54/54 57/57/57
f 58/58/58 56/56/56 57/57/57
f 59/59/59 56/56/56 58/58/58
f 60/60/60 59/59/59 58/58/58
f 61/61/61 59/59/59 60/60/60
f 62/62/62 61/61/61 60/60/60
f 63/63/63 61/61/61 62/62/62
f 64/64/64 63/63/63 62/62/62
f 65/65/65 63/63/63 64/64/64
f 64/64/64 66/66/66 65/65/65
f 65/65/65 66/66/66 67/67/67
f 55/55/55 68/68/68 53/53/53
f 69/69/69 68/68/68 55/55/55
f 70/70/70 55/55/55 56/56/56
f 69/69/69 55/55/55 70/70/70
f 56/56/56 59/59/59 70/70/70
f 71/71/71 69/69/69 70/70/70
f 71/71/71 70/70/70 72/72/72
f 72/72/72 70/70/70 73/73/73
f 70/70/70 59/59/59 73/73/73
f 74/74/74 72/72/72 73/73/73
f 59/59/59 74/74/74 73/73/73
f 61/61/61 74/74/74 59/59/59
f 75/75/75 72/72/72 74/74/74
f 76/76/76 69/69/69 71/71/71
f 69/69/69 77/77/77 68/68/68
f 76/76/76 77/77/77 69/69/69
f 78/78/78 68/68/68 77/77/77
f 76/76/76 79/79/79 77/77/77
f 77/77/77 79/79/79 80/80/80
f 74/74/74 81/81/81 75/75/75
f 82/82/82 81/81/81 74/74/74
f 82/82/82 83/83/83 81/81/81
f 84/84/84 83/83/83 82/82/82
f 63/63/63 84/84/84 82/82/82
f 65/65/65 84/84/84 63/63/63
f 61/61/61 82/82/82 74/74/74
f 63/63/63 82/82/82 61/61/61
f 79/79/79 76/76/76 85/85/85
f 85/85/85 76/76/76 71/71/71
f 86/86/86 77/77/77 80/80/80
f 78/78/78 77/77/77 86/86/86
f 79/79/79 85/85/85 87/87/87
f 79/79/79 87/87/87 80/80/80
f 87/87/87 85/85/85 88/88/88
f 88/88/88 85/85/85 71/71/71
f 80/80/80 87/87/87 89/89/89
f 80/80/80 90/90/90 86/86/86
f 89/89/89 90/90/90 80/80/80
f 91/91/91 86/86/86 90/90/90
f 92/92/92 81/81/81 83/83/83
f 93/93/93 81/81/81 92/92/92
f 93/93/93 92/92/92 94/94/94
f 95/95/95 94/94/94 92/92/92
f 96/96/96 94/94/94 95/95/95
f 99/99/99 98/98/98 97/97/97
f 100/100/100 98/98/98 99/99/99
f 97/97/97 98/98/98 101/101/101
f 101/101/101 98/98/98 102/102/102
f 103/103/103 101/101/101 102/102/102
f 104/104/104 101/101/101 103/103/103
f 105/105/105 104/104/104 103/103/103
f 106/106/106 104/104/104 105/105/105
f 107/107/107 106/106/106 105/105/105
f 108/108/108 106/106/106 107/107/107
f 109/109/109 108/108/108 107/107/107
f 110/110/110 108/108/108 109/109/109
f 110/110/110 109/109/109 111/111/111
f 111/111/111 109/109/109 112/112/112
f 113/113/113 111/111/111 112/112/112
f 114/114/114 111/111/111 113/113/113
f 115/115/115 113/113/113 112/112/112
f 116/116/116 113/113/113 115/115/115
f 112/112/112 117/117/117 115/115/115
f 109/109/109 117/117/117 112/112/112
f 118/118/118 109/109/109 107/107/107
f 117/117/117 109/109/109 118/118/118
f 119/119/119 107/107/107 105/105/105
f 118/118/118 107/107/107 119/119/119
f 105/105/105 103/103/103 119/119/119
f 119/119/119 103/103/103 120/120/120
f 103/103/103 102/102/102 120/120/120
f 120/120/120 102/102/102 121/121/121
f 102/102/102 122/122/122 121/121/121
f 98/98/98 122/122/122 102/102/102
f 123/123/123 116/116/116 115/115/115
f 124/124/124 116/116/116 123/123/123
f 125/125/125 124/124/124 123/123/123
f 123/123/123 126/126/126 125/125/125
f 127/127/127 126/126/126 123/123/123
f 115/115/115 127/127/127 123/123/123
f 117/117/117 127/127/127 115/115/115
f 126/126/126 127/127/127 128/128/128
f 128/128/128 127/127/127 129/129/129
f 129/129/129 117/117/117 118/118/118
f 127/127/127 117/117/117 129/129/129
f 128/128/128 129/129/129 130/130/130
f 130/130/130 129/129/129 131/131/131
f 119/119/119 120/120/120 131/131/131
f 132/132/132 124/124/124 125/125/125
f 131/131/131 133/133/133 130/130/130
f 131/131/131 120/120/120 133/133/133
f 120/120/120 121/121/121 133/133/133
f 130/130/130 133/133/133 134/134/134
f 133/133/133 135/135/135 134/134/134
f 133/133/133 121/121/121 135/135/135
f 134/134/134 135/135/135 136/136/136
f 129/129/129 118/118/118 131/131/131
f 131/131/131 118/118/118 119/119/119
f 135/135/135 137/137/137 136/136/136
f 121/121/121 137/137/137 135/135/135
f 122/122/122 137/137/137 121/121/121
f 137/137/137 138/138/138 136/136/136
f 136/136/136 138/138/138 139/139/139
f 142/142/142 141/141/141 140/140/140
f 143/143/143 141/141/141 142/142/142
f 143/143/143 144/144/144 141/141/141
f 145/145/145 144/144/144 143/143/143
f 145/145/145 146/146/146 144/144/144
f 147/147/147 146/146/146 145/145/145
f 12/12/12 143/143/143 142/142/142
f 11/11/11 143/143/143 12/12/12
f 11/11/11 145/145/145 143/143/143
f 21/21/21 145/145/145 11/11/11
f 21/21/21 147/147/147 145/145/145
f 148/148/148 147/147/147 21/21/21
f 20/20/20 148/148/148 21/21/21
f 149/149/149 148/148/148 20/20/20
f 19/19/19 149/149/149 20/20/20
f 150/150/150 149/149/149 19/19/19
f 17/17/17 150/150/150 19/19/19
f 151/151/151 150/150/150 17/17/17
f 151/151/151 17/17/17 152/152/152
f 152/152/152 17/17/17 153/153/153
f 18/18/18 153/153/153 17/17/17
f 154/154/154 152/152/152 153/153/153
f 157/157/157 156/156/156 155/155/155
f 51/51/51 158/158/158 49/49/49
f 159/159/159 158/158/158 51/51/51
f 158/158/158 160/160/160 49/49/49
f 49/49/49 160/160/160 47/47/47
f 160/160/160 161/161/161 47/47/47
f 47/47/47 161/161/161 45/45/45
f 161/161/161 162/162/162 45/45/45
f 45/45/45 162/162/162 42/42/42
f 162/162/162 43/43/43 42/42/42
f 163/163/163 43/43/43 162/162/162
f 159/159/159 164/164/164 158/158/158
f 165/165/165 164/164/164 159/159/159
f 158/158/158 166/166/166 160/160/160
f 164/164/164 166/166/166 158/158/158
f 160/160/160 167/167/167 161/161/161
f 166/166/166 167/167/167 160/160/160
f 161/161/161 168/168/168 162/162/162
f 167/167/167 168/168/168 161/161/161
f 168/168/168 163/163/163 162/162/162
f 169/169/169 163/163/163 168/168/168
f 165/165/165 170/170/170 164/164/164
f 171/171/171 170/170/170 165/165/165
f 164/164/164 172/172/172 166/166/166
f 170/170/170 172/172/172 164/164/164
f 166/166/166 173/173/173 167/167/167
f 172/172/172 173/173/173 166/166/166
f 167/167/167 174/174/174 168/168/168
f 173/173/173 174/174/174 167/167/167
f 168/168/168 174/174/174 169/169/169
f 169/169/169 174/174/174 175/175/175
f 176/176/176 175/175/175 174/174/174
f 177/177/177 175/175/175 176/176/176
f 140/140/140 100/100/100 99/99/99
f 141/141/141 100/100/100 140/140/140
f 180/180/180 179/179/179 178/178/178
f 181/181/181 179/179/179 180/180/180
f 179/179/179 182/182/182 178/178/178
f 178/178/178 182/182/182 183/183/183
f 182/182/182 184/184/184 183/183/183
f 183/183/183 184/184/184 185/185/185
f 186/186/186 178/178/178 183/183/183
f 185/185/185 186/186/186 183/183/183
f 187/187/187 178/178/178 186/186/186
f 188/188/188 186/186/186 185/185/185
f 188/188/188 185/185/185 189/189/189
f 189/189/189 185/185/185 190/190/190
f 191/191/191 181/181/181 180/180/180
f 192/192/192 191/191/191 180/180/180
f 178/178/178 192/192/192 180/180/180
f 187/187/187 192/192/192 178/178/178
f 193/193/193 191/191/191 192/192/192
f 191/191/191 193/193/193 194/194/194
f 195/195/195 191/191/191 194/194/194
f 194/194/194 196/196/196 195/195/195
f 197/197/197 196/196/196 194/194/194
f 198/198/198 196/196/196 197/197/197
f 199/199/199 196/196/196 198/198/198
f 200/200/200 199/199/199 198/198/198
f 201/201/201 199/199/199 200/200/200
f 202/202/202 201/201/201 200/200/200
f 203/203/203 201/201/201 202/202/202
f 204/204/204 191/191/191 195/195/195
f 205/205/205 203/203/203 202/202/202
f 206/206/206 203/203/203 205/205/205
f 207/207/207 206/206/206 205/205/205
f 208/208/208 206/206/206 207/207/207
f 194/194/194 193/193/193 209/209/209
f 209/209/209 197/197/197 194/194/194
f 210/210/210 197/197/197 209/209/209
f 210/210/210 198/198/198 197/197/197
f 211/211/211 198/198/198 210/210/210
f 211/211/211 200/200/200 198/198/198
f 212/212/212 200/200/200 211/211/211
f 212/212/212 202/202/202 200/200/200
f 213/213/213 202/202/202 212/212/212
f 213/213/213 205/205/205 202/202/202
f 214/214/214 205/205/205 213/213/213
f 207/207/207 215/215/215 208/208/208
f 208/208/208 215/215/215 216/216/216
f 217/217/217 216/216/216 215/215/215
f 205/205/205 218/218/218 207/207/207
f 214/214/214 218/218/218 205/205/205
f 207/207/207 219/219/219 215/215/215
f 218/218/218 219/219/219 207/207/207
f 219/219/219 220/220/220 215/215/215
f 220/220/220 217/217/217 215/215/215
f 221/221/221 220/220/220 219/219/219
f 222/222/222 220/220/220 221/221/221
f 223/223/223 220/220/220 222/222/222
f 223/223/223 224/224/224 220/220/220
f 224/224/224 217/217/217 220/220/220
f 225/225/225 224/224/224 223/223/223
f 226/226/226 225/225/225 223/223/223
f 227/227/227 225/225/225 226/226/226
f 228/228/228 227/227/227 226/226/226
f 229/229/229 228/228/228 226/226/226
f 223/223/223 229/229/229 226/226/226
f 222/222/222 229/229/229 223/223/223
f 230/230/230 228/228/228 229/229/229
f 230/230/230 189/189/189 228/228/228
f 228/228/228 189/189/189 190/190/190
f 190/190/190 231/231/231 228/228/228
f 231/231/231 227/227/227 228/228/228
f 232/232/232 231/231/231 190/190/190
f 185/185/185 232/232/232 190/190/190
f 184/184/184 232/232/232 185/185/185
f 233/233/233 222/222/222 221/221/221
f 230/230/230 234/234/234 189/189/189
f 234/234/234 188/188/188 189/189/189
f 235/235/235 188/188/188 234/234/234
f 235/235/235 236/236/236 188/188/188
f 188/188/188 236/236/236 186/186/186
f 236/236/236 187/187/187 186/186/186
f 237/237/237 187/187/187 236/236/236
f 237/237/237 238/238/238 187/187/187
f 187/187/187 238/238/238 192/192/192
f 238/238/238 193/193/193 192/192/192
f 239/239/239 193/193/193 238/238/238
f 193/193/193 239/239/239 209/209/209
f 209/209/209 239/239/239 240/240/240
f 240/240/240 210/210/210 209/209/209
f 241/241/241 210/210/210 240/240/240
f 241/241/241 211/211/211 210/210/210
f 242/242/242 211/211/211 241/241/241
f 242/242/242 212/212/212 211/211/211
f 243/243/243 212/212/212 242/242/242
f 243/243/243 213/213/213 212/212/212
f 244/244/244 213/213/213 243/243/243
f 244/244/244 214/214/214 213/213/213
f 245/245/245 214/214/214 244/244/244
f 245/245/245 246/246/246 214/214/214
f 214/214/214 246/246/246 218/218/218
f 246/246/246 247/247/247 218/218/218
f 218/218/218 247/247/247 219/219/219
f 247/247/247 221/221/221 219/219/219
f 233/233/233 221/221/221 247/247/247
f 248/248/248 222/222/222 233/233/233
f 248/248/248 249/249/249 222/222/222
f 222/222/222 249/249/249 229/229/229
f 249/249/249 230/230/230 229/229/229
f 250/250/250 230/230/230 249/249/249
f 250/250/250 234/234/234 230/230/230
f 204/204/204 181/181/181 191/191/191
f 253/253/253 252/252/252 251/251/251
f 254/254/254 252/252/252 253/253/253
f 255/255/255 251/251/251 252/252/252
f 256/256/256 251/251/251 255/255/255
f 255/255/255 252/252/252 257/257/257
f 257/257/257 252/252/252 258/258/258
f 254/254/254 258/258/258 252/252/252
f 259/259/259 258/258/258 254/254/254
f 259/259/259 260/260/260 258/258/258
f 261/261/261 260/260/260 259/259/259
f 261/261/261 262/262/262 260/260/260
f 263/263/263 262/262/262 261/261/261
f 263/263/263 264/264/264 262/262/262
f 265/265/265 264/264/264 263/263/263
f 265/265/265 266/266/266 264/264/264
f 267/267/267 266/266/266 265/265/265
f 267/267/267 268/268/268 266/266/266
f 269/269/269 268/268/268 267/267/267
f 270/270/270 258/258/258 260/260/260
f 257/257/257 258/258/258 270/270/270
f 271/271/271 260/260/260 262/262/262
f 270/270/270 260/260/260 271/271/271
f 272/272/272 262/262/262 264/264/264
f 271/271/271 262/262/262 272/272/272
f 273/273/273 264/264/264 266/266/266
f 272/272/272 264/264/264 273/273/273
f 274/274/274 266/266/266 268/268/268
f 273/273/273 266/266/266 274/274/274
f 274/274/274 268/268/268 275/275/275
f 275/275/275 268/268/268 276/276/276
f 269/269/269 276/276/276 268/268/268
f 277/277/277 276/276/276 269/269/269
f 277/277/277 278/278/278 276/276/276
f 279/279/279 278/278/278 277/277/277
f 279/279/279 280/280/280 278/278/278
f 281/281/281 280/280/280 279/279/279
f 281/281/281 282/282/282 280/280/280
f 283/283/283 282/282/282 281/281/281
f 283/283/283 284/284/284 282/282/282
f 285/285/285 284/284/284 283/283/283
f 285/285/285 286/286/286 284/284/284
f 287/287/287 286/286/286 285/285/285
f 287/287/287 288/288/288 286/286/286
f 289/289/289 288/288/288 287/287/287
f 289/289/289 290/290/290 288/288/288
f 291/291/291 290/290/290 289/289/289
f 292/292/292 278/278/278 280/280/280
f 293/293/293 278/278/278 292/292/292
f 293/293/293 276/276/276 278/278/278
f 275/275/275 276/276/276 293/293/293
f 294/294/294 282/282/282 284/284/284
f 295/295/295 282/282/282 294/294/294
f 292/292/292 280/280/280 295/295/295
f 295/295/295 280/280/280 282/282/282
f 296/296/296 286/286/286 288/288/288
f 297/297/297 286/286/286 296/296/296
f 294/294/294 284/284/284 297/297/297
f 297/297/297 284/284/284 286/286/286
f 298/298/298 288/288/288 290/290/290
f 298/298/298 290/290/290 299/299/299
f 296/296/296 288/288/288 298/298/298
f 299/299/299 290/290/290 300/300/300
f 291/291/291 300/300/300 290/290/290
f 301/301/301 300/300/300 291/291/291
f 299/299/299 300/300/300 302/302/302
f 302/302/302 300/300/300 303/303/303
f 301/301/301 303/303/303 300/300/300
f 304/304/304 303/303/303 301/301/301
f 304/304/304 305/305/305 303/303/303
f 306/306/306 305/305/305 304/304/304
f 306/306/306 307/307/307 305/305/305
f 308/308/308 307/307/307 306/306/306
f 308/308/308 251/251/251 307/307/307
f 253/253/253 251/251/251 308/308/308
f 309/309/309 303/303/303 305/305/305
f 302/302/302 303/303/303 309/309/309
f 310/310/310 305/305/305 307/307/307
f 309/309/309 305/305/305 310/310/310
f 256/256/256 307/307/307 251/251/251
f 310/310/310 307/307/307 256/256/256
f 313/313/313 312/312/312 311/311/311
f 314/314/314 312/312/312 313/313/313
f 314/314/314 315/315/315 312/312/312
f 316/316/316 315/315/315 314/314/314
f 316/316/316 317/317/317 315/315/315
f 318/318/318 317/317/317 316/316/316
f 318/318/318 319/319/319 317/317/317
f 320/320/320 319/319/319 318/318/318
f 320/320/320 321/321/321 319/319/319
f 322/322/322 321/321/321 320/320/320
f 313/313/313 311/311/311 323/323/323
f 323/323/323 311/311/311 324/324/324
f 323/323/323 324/324/324 325/325/325
f 325/325/325 324/324/324 326/326/326
f 325/325/325 326/326/326 327/327/327
f 327/327/327 326/326/326 328/328/328
f 327/327/327 328/328/328 329/329/329
f 329/329/329 328/328/328 330/330/330
f 329/329/329 330/330/330 331/331/331
f 331/331/331 330/330/330 332/332/332
f 322/322/322 333/333/333 321/321/321
f 334/334/334 333/333/333 322/322/322
f 331/331/331 332/332/332 335/335/335
f 335/335/335 332/332/332 336/336/336
f 335/335/335 336/336/336 337/337/337
f 337/337/337 336/336/336 338/338/338
f 337/337/337 338/338/338 339/339/339
f 339/339/339 338/338/338 340/340/340
f 343/343/343 342/342/342 341/341/341
f 342/342/342 344/344/344 341/341/341
f 341/341/341 344/344/344 345/345/345
f 344/344/344 346/346/346 345/345/345
f 345/345/345 346/346/346 347/347/347
f 346/346/346 348/348/348 347/347/347
f 347/347/347 348/348/348 349/349/349
f 348/348/348 350/350/350 349/349/349
f 349/349/349 350/350/350 351/351/351
f 350/350/350 352/352/352 351/351/351
f 351/351/351 352/352/352 353/353/353
f 352/352/352 354/354/354 353/353/353
f 353/353/353 354/354/354 355/355/355
f 354/354/354 356/356/356 355/355/355
f 355/355/355 356/356/356 357/357/357
f 356/356/356 358/358/358 357/357/357
f 357/357/357 358/358/358 359/359/359
f 360/360/360 359/359/359 358/358/358
f 363/363/363 362/362/362 361/361/361
f 363/363/363 361/361/361 364/364/364
f 365/365/365 362/362/362 363/363/363
f 366/366/366 363/363/363 364/364/364
f 366/366/366 364/364/364 367/367/367
f 367/367/367 364/364/364 368/368/368
f 364/364/364 369/369/369 368/368/368
f 364/364/364 361/361/361 369/369/369
f 368/368/368 369/369/369 370/370/370
f 368/368/368 370/370/370 371/371/371
f 371/371/371 370/370/370 372/372/372
f 371/371/371 372/372/372 373/373/373
f 373/373/373 372/372/372 374/374/374
f 373/373/373 374/374/374 375/375/375
f 375/375/375 374/374/374 376/376/376
f 377/377/377 373/373/373 375/375/375
f 377/377/377 375/375/375 378/378/378
f 378/378/378 375/375/375 379/379/379
f 375/375/375 376/376/376 379/379/379
f 379/379/379 376/376/376 380/380/380
f 379/379/379 380/380/380 381/381/381
f 381/381/381 380/380/380 382/382/382
f 381/381/381 382/382/382 383/383/383
f 383/383/383 382/382/382 384/384/384
f 385/385/385 381/381/381 383/383/383
f 385/385/385 383/383/383 386/386/386
f 386/386/386 383/383/383 387/387/387
f 383/383/383 384/384/384 387/387/387
f 387/387/387 384/384/384 388/388/388
f 387/387/387 388/388/388 389/389/389
f 389/389/389 388/388/388 390/390/390
f 391/391/391 387/387/387 389/389/389
f 386/386/386 387/387/387 391/391/391
f 392/392/392 381/381/381 385/385/385
f 392/392/392 379/379/379 381/381/381
f 378/378/378 379/379/379 392/392/392
f 389/389/389 390/390/390 393/393/393
f 393/393/393 390/390/390 394/394/394
f 393/393/393 394/394/394 395/395/395
f 395/395/395 394/394/394 396/396/396
f 395/395/395 396/396/396 397/397/397
f 397/397/397 396/396/396 398/398/398
f 397/397/397 398/398/398 399/399/399
f 399/399/399 398/398/398 400/400/400
f 399/399/399 400/400/400 401/401/401
f 401/401/401 400/400/400 402/402/402
f 401/401/401 402/402/402 403/403/403
f 403/403/403 402/402/402 404/404/404
f 403/403/403 404/404/404 405/405/405
f 405/405/405 404/404/404 406/406/406
f 405/405/405 406/406/406 407/407/407
f 407/407/407 406/406/406 408/408/408
f 407/407/407 408/408/408 365/365/365
f 365/365/365 408/408/408 362/362/362
f 411/411/411 410/410/410 409/409/409
f 412/412/412 410/410/410 411/411/411
f 411/411/411 409/409/409 413/413/413
f 413/413/413 409/409/409 414/414/414
f 413/413/413 414/414/414 415/415/415
f 415/415/415 414/414/414 416/416/416
f 412/412/412 417/417/417 410/410/410
f 418/418/418 417/417/417 412/412/412
f 418/418/418 419/419/419 417/417/417
f 420/420/420 419/419/419 418/418/418
f 420/420/420 421/421/421 419/419/419
f 422/422/422 421/421/421 420/420/420
f 425/425/425 424/424/424 423/423/423
f 426/426/426 424/424/424 425/425/425
f 426/426/426 427/427/427 424/424/424
f 428/428/428 427/427/427 426/426/426
f 425/425/425 423/423/423 429/429/429
f 429/429/429 423/423/423 430/430/430
f 429/429/429 430/430/430 431/431/431
f 431/431/431 430/430/430 432/432/432
f 428/428/428 433/433/433 427/427/427
f 434/434/434 433/433/433 428/428/428
f 434/434/434 435/435/435 433/433/433
f 436/436/436 435/435/435 434/434/434
f 436/436/436 437/437/437 435/435/435
f 438/438/438 437/437/437 436/436/436
f 431/431/431 432/432/432 439/439/439
f 439/439/439 432/432/432 440/440/440
f 439/439/439 440/440/440 441/441/441
f 441/441/441 440/440/440 442/442/442
f 441/441/441 442/442/442 443/443/443
f 443/443/443 442/442/442 444/444/444
f 447/447/447 446/446/446 445/445/445
f 448/448/448 446/446/446 447/447/447
f 448/448/448 449/449/449 446/446/446
f 450/450/450 449/449/449 448/448/448
f 450/450/450 451/451/451 449/449/449
f 452/452/452 451/451/451 450/450/450
f 452/452/452 453/453/453 451/451/451
f 454/454/454 453/453/453 452/452/452
f 454/454/454 455/455/455 453/453/453
f 456/456/456 455/455/455 454/454/454
f 456/456/456 457/457/457 455/455/455
f 458/458/458 457/457/457 456/456/456
f 458/458/458 459/459/459 457/457/457
f 460/460/460 459/459/459 458/458/458
f 460/460/460 461/461/461 459/459/459
f 462/462/462 461/461/461 460/460/460
f 462/462/462 463/463/463 461/461/461
f 464/464/464 463/463/463 462/462/462
f 464/464/464 465/465/465 463/463/463
f 466/466/466 465/465/465 464/464/464
f 466/466/466 467/467/467 465/465/465
f 468/468/468 467/467/467 466/466/466
f 468/468/468 469/469/469 467/467/467
f 470/470/470 469/469/469 468/468/468
f 470/470/470 471/471/471 469/469/469
f 472/472/472 471/471/471 470/470/470
f 472/472/472 473/473/473 471/471/471
f 474/474/474 473/473/473 472/472/472
f 474/474/474 475/475/475 473/473/473
f 476/476/476 475/475/475 474/474/474
f 476/476/476 477/477/477 475/475/475
f 478/478/478 477/477/477 476/476/476
f 478/478/478 479/479/479 477/477/477
f 480/480/480 479/479/479 478/478/478
f 480/480/480 481/481/481 479/479/479
f 482/482/482 481/481/481 480/480/480
f 482/482/482 483/483/483 481/481/481
f 484/484/484 483/483/483 482/482/482
f 484/484/484 445/445/445 483/483/483
f 447/447/447 445/445/445 484/484/484
f 485/485/485 447/447/447 484/484/484
f 486/486/486 447/447/447 485/485/485
f 486/486/486 448/448/448 447/447/447
f 487/487/487 448/448/448 486/486/486
f 487/487/487 450/450/450 448/448/448
f 488/488/488 450/450/450 487/487/487
f 488/488/488 452/452/452 450/450/450
f 489/489/489 452/452/452 488/488/488
f 489/489/489 454/454/454 452/452/452
f 490/490/490 454/454/454 489/489/489
f 490/490/490 456/456/456 454/454/454
f 491/491/491 456/456/456 490/490/490
f 491/491/491 458/458/458 456/456/456
f 492/492/492 458/458/458 491/491/491
f 492/492/492 460/460/460 458/458/458
f 493/493/493 460/460/460 492/492/492
f 493/493/493 462/462/462 460/460/460
f 494/494/494 462/462/462 493/493/493
f 494/494/494 464/464/464 462/462/462
f 495/495/495 464/464/464 494/494/494
f 495/495/495 466/466/466 464/464/464
f 496/496/496 466/466/466 495/495/495
f 496/496/496 468/468/468 466/466/466
f 497/497/497 468/468/468 496/496/496
f 497/497/497 470/470/470 468/468/468
f 498/498/498 470/470/470 497/497/497
f 498/498/498 472/472/472 470/470/470
f 499/499/499 472/472/472 498/498/498
f 499/499/499 474/474/474 472/472/472
f 500/500/500 474/474/474 499/499/499
f 500/500/500 476/476/476 474/474/474
f 501/501/501 476/476/476 500/500/500
f 501/501/501 478/478/478 476/476/476
f 502/502/502 478/478/478 501/501/501
f 502/502/502 480/480/480 478/478/478
f 503/503/503 480/480/480 502/502/502
f 503/503/503 482/482/482 480/480/480
f 504/504/504 482/482/482 503/503/503
f 504/504/504 484/484/484 482/482/482
f 485/485/485 484/484/484 504/504/504
f 505/505/505 373/373/373 377/377/377
f 505/505/505 371/371/371 373/373/373
f 506/506/506 371/371/371 505/505/505
f 506/506/506 368/368/368 371/371/371
f 367/367/367 368/368/368 506/506/506
f 507/507/507 363/363/363 366/366/366
f 510/510/510 509/509/509 508/508/508
f 511/511/511 509/509/509 510/510/510
f 511/511/511 512/512/512 509/509/509
f 513/513/513 512/512/512 511/511/511
f 513/513/513 514/514/514 512/512/512
f 515/515/515 514/514/514 513/513/513
f 515/515/515 516/516/516 514/514/514
f 517/517/517 516/516/516 515/515/515
f 518/518/518 511/511/511 510/510/510
f 519/519/519 511/511/511 518/518/518
f 519/519/519 513/513/513 511/511/511
f 520/520/520 517/517/517 515/515/515
f 521/521/521 517/517/517 520/520/520
f 522/522/522 515/515/515 513/513/513
f 520/520/520 515/515/515 522/522/522
f 522/522/522 513/513/513 519/519/519
f 523/523/523 519/519/519 518/518/518
f 524/524/524 519/519/519 523/523/523
f 524/524/524 522/522/522 519/519/519
f 525/525/525 521/521/521 520/520/520
f 526/526/526 521/521/521 525/525/525
f 527/527/527 520/520/520 522/522/522
f 525/525/525 520/520/520 527/527/527
f 527/527/527 522/522/522 524/524/524
f 528/528/528 524/524/524 523/523/523
f 529/529/529 524/524/524 528/528/528
f 529/529/529 527/527/527 524/524/524
f 530/530/530 526/526/526 525/525/525
f 531/531/531 526/526/526 530/530/530
f 532/532/532 525/525/525 527/527/527
f 530/530/530 525/525/525 532/532/532
f 532/532/532 527/527/527 529/529/529
f 533/533/533 531/531/531 530/530/530
f 534/534/534 531/531/531 533/533/533
f 535/535/535 530/530/530 532/532/532
f 533/533/533 530/530/530 535/535/535
f 536/536/536 532/532/532 529/529/529
f 535/535/535 532/532/532 536/536/536
f 533/533/533 535/535/535 537/537/537
f 535/535/535 536/536/536 538/538/538
f 534/534/534 533/533/533 539/539/539
f 534/534/534 540/540/540 531/531/531
f 541/541/541 540/540/540 534/534/534
f 534/534/534 542/542/542 541/541/541
f 540/540/540 543/543/543 531/531/531
f 531/531/531 543/543/543 526/526/526
f 543/543/543 544/544/544 526/526/526
f 526/526/526 544/544/544 521/521/521
f 547/547/547 546/546/546 545/545/545
f 550/550/550 549/549/549 548/548/548
f 553/553/553 552/552/552 551/551/551
f 556/556/556 555/555/555 554/554/554
f 559/559/559 558/558/558 557/557/557
f 560/560/560 558/558/558 559/559/559
f 559/559/559 557/557/557 561/561/561
f 561/561/561 557/557/557 562/562/562
f 561/561/561 562/562/562 563/563/563
f 563/563/563 562/562/562 564/564/564
f 563/563/563 564/564/564 565/565/565
f 565/565/565 564/564/564 566/566/566
f 567/567/567 560/560/560 559/559/559
f 568/568/568 560/560/560 567/567/567
f 569/569/569 559/559/559 561/561/561
f 567/567/567 559/559/559 569/569/569
f 570/570/570 561/561/561 563/563/563
f 569/569/569 561/561/561 570/570/570
f 571/571/571 563/563/563 565/565/565
f 570/570/570 563/563/563 571/571/571
f 572/572/572 568/568/568 567/567/567
f 573/573/573 568/568/568 572/572/572
f 574/574/574 567/567/567 569/569/569
f 572/572/572 567/567/567 574/574/574
f 575/575/575 569/569/569 570/570/570
f 574/574/574 569/569/569 575/575/575
f 576/576/576 573/573/573 572/572/572
f 577/577/577 573/573/573 576/576/576
f 578/578/578 572/572/572 574/574/574
f 576/576/576 572/572/572 578/578/578
f 579/579/579 574/574/574 575/575/575
f 578/578/578 574/574/574 579/579/579
f 580/580/580 577/577/577 576/576/576
f 581/581/581 577/577/577 580/580/580
f 582/582/582 576/576/576 578/578/578
f 583/583/583 576/576/576 582/582/582
f 584/584/584 578/578/578 579/579/579
f 585/585/585 578/578/578 584/584/584
f 581/581/581 586/586/586 577/577/577
f 587/587/587 586/586/586 581/581/581
f 590/590/590 589/589/589 588/588/588
f 591/591/591 589/589/589 590/590/590
f 590/590/590 588/588/588 592/592/592
f 592/592/592 588/588/588 593/593/593
f 592/592/592 593/593/593 594/594/594
f 594/594/594 593/593/593 595/595/595
f 591/591/591 596/596/596 589/589/589
f 597/597/597 596/596/596 591/591/591
f 598/598/598 591/591/591 590/590/590
f 599/599/599 591/591/591 598/598/598
f 600/600/600 590/590/590 592/592/592
f 598/598/598 590/590/590 600/600/600
f 601/601/601 592/592/592 594/594/594
f 600/600/600 592/592/592 601/601/601
f 602/602/602 599/599/599 598/598/598
f 603/603/603 599/599/599 602/602/602
f 604/604/604 598/598/598 600/600/600
f 602/602/602 598/598/598 604/604/604
f 605/605/605 600/600/600 601/601/601
f 604/604/604 600/600/600 605/605/605
f 606/606/606 603/603/603 602/602/602
f 607/607/607 603/603/603 606/606/606
f 608/608/608 602/602/602 604/604/604
f 606/606/606 602/602/602 608/608/608
f 609/609/609 604/604/604 605/605/605
f 608/608/608 604/604/604 609/609/609
f 610/610/610 607/607/607 606/606/606
f 611/611/611 607/607/607 610/610/610
f 612/612/612 606/606/606 608/608/608
f 610/610/610 606/606/606 612/612/612
f 613/613/613 608/608/608 609/609/609
f 614/614/614 608/608/608 613/613/613
f 617/617/617 616/616/616 615/615/615
f 618/618/618 616/616/616 617/617/617
f 617/617/617 615/615/615 619/619/619
f 619/619/619 615/615/615 620/620/620
f 619/619/619 620/620/620 621/621/621
f 621/621/621 620/620/620 622/622/622
f 621/621/621 622/622/622 623/623/623
f 623/623/623 622/622/622 624/624/624
f 625/625/625 618/618/618 617/617/617
f 626/626/626 618/618/618 625/625/625
f 627/627/627 617/617/617 619/619/619
f 625/625/625 617/617/617 627/627/627
f 628/628/628 619/619/619 621/621/621
f 627/627/627 619/619/619 628/628/628
f 629/629/629 621/621/621 623/623/623
f 628/628/628 621/621/621 629/629/629
f 630/630/630 626/626/626 625/625/625
f 631/631/631 626/626/626 630/630/630
f 632/632/632 625/625/625 627/627/627
f 630/630/630 625/625/625 632/632/632
f 633/633/633 627/627/627 628/628/628
f 632/632/632 627/627/627 633/633/633
f 634/634/634 628/628/628 629/629/629
f 633/633/633 628/628/628 634/634/634
f 635/635/635 631/631/631 630/630/630
f 636/636/636 631/631/631 635/635/635
f 637/637/637 630/630/630 632/632/632
f 635/635/635 630/630/630 637/637/637
f 638/638/638 632/632/632 633/633/633
f 637/637/637 632/632/632 638/638/638
f 639/639/639 633/633/633 634/634/634
f 638/638/638 633/633/633 639/639/639
f 640/640/640 636/636/636 635/635/635
f 641/641/641 636/636/636 640/640/640
f 642/642/642 635/635/635 637/637/637
f 640/640/640 635/635/635 642/642/642
f 643/643/643 637/637/637 638/638/638
f 642/642/642 637/637/637 643/643/643
f 644/644/644 638/638/638 639/639/639
f 643/643/643 638/638/638 644/644/644
f 642/642/642 643/643/643 645/645/645
f 642/642/642 646/646/646 640/640/640
f 643/643/643 644/644/644 647/647/647
f 639/639/639 634/634/634 648/648/648
f 649/649/649 639/639/639 648/648/648
f 644/644/644 639/639/639 649/649/649
f 644/644/644 649/649/649 650/650/650
f 648/648/648 634/634/634 651/651/651
f 634/634/634 629/629/629 651/651/651
f 651/651/651 629/629/629 652/652/652
f 629/629/629 623/623/623 652/652/652
f 652/652/652 623/623/623 653/653/653
f 656/656/656 655/655/655 654/654/654
f 659/659/659 658/658/658 657/657/657
f 661/661/661 658/658/658 660/660/660
f 664/664/664 663/663/663 662/662/662
f 667/667/667 666/666/666 665/665/665
f 668/668/668 666/666/666 667/667/667
f 668/668/668 669/669/669 666/666/666
f 670/670/670 669/669/669 668/668/668
f 670/670/670 671/671/671 669/669/669
f 672/672/672 671/671/671 670/670/670
f 672/672/672 673/673/673 671/671/671
f 674/674/674 673/673/673 672/672/672
f 675/675/675 668/668/668 667/667/667
f 676/676/676 668/668/668 675/675/675
f 676/676/676 670/670/670 668/668/668
f 677/677/677 674/674/674 672/672/672
f 678/678/678 674/674/674 677/677/677
f 679/679/679 672/672/672 670/670/670
f 677/677/677 672/672/672 679/679/679
f 679/679/679 670/670/670 676/676/676
f 680/680/680 676/676/676 675/675/675
f 681/681/681 676/676/676 680/680/680
f 681/681/681 679/679/679 676/676/676
f 682/682/682 678/678/678 677/677/677
f 683/683/683 678/678/678 682/682/682
f 684/684/684 677/677/677 679/679/679
f 682/682/682 677/677/677 684/684/684
f 684/684/684 679/679/679 681/681/681
f 685/685/685 681/681/681 680/680/680
f 686/686/686 681/681/681 685/685/685
f 686/686/686 684/684/684 681/681/681
f 687/687/687 683/683/683 682/682/682
f 688/688/688 683/683/683 687/687/687
f 689/689/689 682/682/682 684/684/684
f 687/687/687 682/682/682 689/689/689
f 689/689/689 684/684/684 686/686/686
f 690/690/690 686/686/686 685/685/685
f 691/691/691 686/686/686 690/690/690
f 691/691/691 689/689/689 686/686/686
f 692/692/692 688/688/688 687/687/687
f 693/693/693 688/688/688 692/692/692
f 694/694/694 687/687/687 689/689/689
f 692/692/692 687/687/687 694/694/694
f 694/694/694 689/689/689 691/691/691
f 693/693/693 692/692/692 695/695/695
f 692/692/692 694/694/694 696/696/696
f 694/694/694 691/691/691 697/697/697
f 691/691/691 690/690/690 698/698/698
f 693/693/693 699/699/699 688/688/688
f 700/700/700 699/699/699 693/693/693
f 693/693/693 701/701/701 700/700/700
f 704/704/704 703/703/703 702/702/702
f 707/707/707 706/706/706 705/705/705
f 710/710/710 709/709/709 708/708/708
f 713/713/713 712/712/712 711/711/711
f 716/716/716 715/715/715 714/714/714
f 717/717/717 716/716/716 714/714/714
f 718/718/718 716/716/716 717/717/717
f 717/717/717 714/714/714 719/719/719
f 719/719/719 714/714/714 720/720/720
f 714/714/714 721/721/721 720/720/720
f 720/720/720 721/721/721 722/722/722
f 720/720/720 722/722/722 723/723/723
f 723/723/723 722/722/722 724/724/724
f 723/723/723 724/724/724 725/725/725
f 725/725/725 724/724/724 726/726/726
f 727/727/727 720/720/720 723/723/723
f 719/719/719 720/720/720 727/727/727
f 728/728/728 723/723/723 725/725/725
f 727/727/727 723/723/723 728/728/728
f 729/729/729 718/718/718 717/717/717
f 730/730/730 718/718/718 729/729/729
f 731/731/731 717/717/717 719/719/719
f 729/729/729 717/717/717 731/731/731
f 732/732/732 719/719/719 727/727/727
f 731/731/731 719/719/719 732/732/732
f 733/733/733 727/727/727 728/728/728
f 732/732/732 727/727/727 733/733/733
f 734/734/734 730/730/730 729/729/729
f 735/735/735 730/730/730 734/734/734
f 736/736/736 729/729/729 731/731/731
f 734/734/734 729/729/729 736/736/736
f 737/737/737 731/731/731 732/732/732
f 736/736/736 731/731/731 737/737/737
f 738/738/738 732/732/732 733/733/733
f 737/737/737 732/732/732 738/738/738
f 739/739/739 735/735/735 734/734/734
f 740/740/740 735/735/735 739/739/739
f 741/741/741 734/734/734 736/736/736
f 742/742/742 734/734/734 741/741/741
f 743/743/743 736/736/736 737/737/737
f 744/744/744 736/736/736 743/743/743
f 747/747/747 746/746/746 745/745/745
f 749/749/749 746/746/746 748/748/748
f 749/749/749 750/750/750 746/746/746
f 751/751/751 750/750/750 749/749/749
f 751/751/751 752/752/752 750/750/750
f 753/753/753 752/752/752 751/751/751
f 754/754/754 749/749/749 748/748/748
f 755/755/755 749/749/749 754/754/754
f 755/755/755 751/751/751 749/749/749
f 756/756/756 753/753/753 751/751/751
f 756/756/756 751/751/751 755/755/755
f 757/757/757 753/753/753 756/756/756
f 758/758/758 755/755/755 754/754/754
f 759/759/759 755/755/755 758/758/758
f 759/759/759 756/756/756 755/755/755
f 758/758/758 754/754/754 760/760/760
f 760/760/760 754/754/754 761/761/761
f 754/754/754 762/762/762 761/761/761
f 761/761/761 762/762/762 763/763/763
f 762/762/762 764/764/764 763/763/763
f 763/763/763 764/764/764 765/765/765
f 766/766/766 757/757/757 756/756/756
f 766/766/766 756/756/756 759/759/759
f 767/767/767 757/757/757 766/766/766
f 768/768/768 759/759/759 758/758/758
f 769/769/769 759/759/759 768/768/768
f 769/769/769 766/766/766 759/759/759
f 770/770/770 758/758/758 760/760/760
f 768/768/768 758/758/758 770/770/770
f 771/771/771 767/767/767 766/766/766
f 771/771/771 766/766/766 769/769/769
f 772/772/772 767/767/767 771/771/771
f 773/773/773 769/769/769 768/768/768
f 774/774/774 769/769/769 773/773/773
f 774/774/774 771/771/771 769/769/769
f 775/775/775 768/768/768 770/770/770
f 773/773/773 768/768/768 775/775/775
f 776/776/776 772/772/772 771/771/771
f 776/776/776 771/771/771 774/774/774
f 777/777/777 772/772/772 776/776/776
f 777/777/777 778/778/778 772/772/772
f 779/779/779 778/778/778 777/777/777
f 779/779/779 777/777/777 780/780/780
f 777/777/777 776/776/776 781/781/781
f 776/776/776 774/774/774 782/782/782
f 774/774/774 773/773/773 783/783/783
f 784/784/784 773/773/773 775/775/775
f 778/778/778 785/785/785 772/772/772
f 772/772/772 785/785/785 767/767/767
f 779/779/779 787/787/787 786/786/786
f 786/786/786 789/789/789 788/788/788
f 792/792/792 791/791/791 790/790/790
f 795/795/795 794/794/794 793/793/793
f 795/795/795 793/793/793 796/796/796
f 796/796/796 793/793/793 797/797/797
f 796/796/796 797/797/797 798/798/798
f 798/798/798 797/797/797 799/799/799
f 798/798/798 799/799/799 800/800/800
f 800/800/800 799/799/799 801/801/801
f 802/802/802 795/795/795 796/796/796
f 803/803/803 795/795/795 802/802/802
f 803/803/803 804/804/804 795/795/795
f 805/805/805 804/804/804 803/803/803
f 806/806/806 796/796/796 798/798/798
f 802/802/802 796/796/796 806/806/806
f 807/807/807 798/798/798 800/800/800
f 806/806/806 798/798/798 807/807/807
f 808/808/808 805/805/805 803/803/803
f 809/809/809 805/805/805 808/808/808
f 810/810/810 803/803/803 802/802/802
f 808/808/808 803/803/803 810/810/810
f 811/811/811 802/802/802 806/806/806
f 810/810/810 802/802/802 811/811/811
f 812/812/812 806/806/806 807/807/807
f 811/811/811 806/806/806 812/812/812
f 813/813/813 809/809/809 808/808/808
f 814/814/814 809/809/809 813/813/813
f 815/815/815 808/808/808 810/810/810
f 813/813/813 808/808/808 815/815/815
f 816/816/816 810/810/810 811/811/811
f 815/815/815 810/810/810 816/816/816
f 817/817/817 814/814/814 813/813/813
f 818/818/818 814/814/814 817/817/817
f 819/819/819 813/813/813 815/815/815
f 817/817/817 813/813/813 819/819/819
f 820/820/820 815/815/815 816/816/816
f 819/819/819 815/815/815 820/820/820
f 763/763/763 765/765/765 821/821/821
f 824/824/824 823/823/823 822/822/822
f 825/825/825 823/823/823 824/824/824
f 825/825/825 826/826/826 823/823/823
f 827/827/827 826/826/826 825/825/825
f 827/827/827 828/828/828 826/826/826
f 829/829/829 828/828/828 827/827/827
f 829/829/829 830/830/830 828/828/828
f 831/831/831 830/830/830 829/829/829
f 832/832/832 825/825/825 824/824/824
f 833/833/833 825/825/825 832/832/832
f 833/833/833 827/827/827 825/825/825
f 834/834/834 831/831/831 829/829/829
f 835/835/835 831/831/831 834/834/834
f 836/836/836 829/829/829 827/827/827
f 834/834/834 829/829/829 836/836/836
f 836/836/836 827/827/827 833/833/833
f 837/837/837 833/833/833 832/832/832
f 838/838/838 833/833/833 837/837/837
f 838/838/838 836/836/836 833/833/833
f 839/839/839 835/835/835 834/834/834
f 840/840/840 835/835/835 839/839/839
f 841/841/841 834/834/834 836/836/836
f 839/839/839 834/834/834 841/841/841
f 841/841/841 836/836/836 838/838/838
f 842/842/842 838/838/838 837/837/837
f 843/843/843 838/838/838 842/842/842
f 843/843/843 841/841/841 838/838/838
f 844/844/844 840/840/840 839/839/839
f 845/845/845 840/840/840 844/844/844
f 846/846/846 839/839/839 841/841/841
f 844/844/844 839/839/839 846/846/846
f 846/846/846 841/841/841 843/843/843
f 847/847/847 843/843/843 842/842/842
f 848/848/848 843/843/843 847/847/847
f 848/848/848 846/846/846 843/843/843
f 849/849/849 844/844/844 846/846/846
f 849/849/849 846/846/846 848/848/848
f 850/850/850 844/844/844 849/849/849
f 853/853/853 852/852/852 851/851/851
f 854/854/854 852/852/852 853/853/853
f 853/853/853 851/851/851 855/855/855
f 855/855/855 851/851/851 856/856/856
f 855/855/855 856/856/856 857/857/857
f 857/857/857 856/856/856 858/858/858
f 859/859/859 854/854/854 853/853/853
f 860/860/860 854/854/854 859/859/859
f 861/861/861 853/853/853 855/855/855
f 859/859/859 853/853/853 861/861/861
f 862/862/862 855/855/855 857/857/857
f 861/861/861 855/855/855 862/862/862
f 863/863/863 860/860/860 859/859/859
f 864/864/864 860/860/860 863/863/863
f 865/865/865 859/859/859 861/861/861
f 863/863/863 859/859/859 865/865/865
f 865/865/865 861/861/861 866/866/866
f 866/866/866 861/861/861 867/867/867
f 866/866/866 867/867/867 868/868/868
f 869/869/869 864/864/864 863/863/863
f 870/870/870 864/864/864 869/869/869
f 871/871/871 863/863/863 865/865/865
f 869/869/869 863/863/863 871/871/871
f 872/872/872 865/865/865 866/866/866
f 871/871/871 865/865/865 872/872/872
f 873/873/873 866/866/866 868/868/868
f 872/872/872 866/866/866 873/873/873
f 874/874/874 870/870/870 869/869/869
f 875/875/875 870/870/870 874/874/874
f 876/876/876 869/869/869 871/871/871
f 877/877/877 869/869/869 876/876/876
f 878/878/878 871/871/871 872/872/872
f 879/879/879 871/871/871 878/878/878
f 880/880/880 872/872/872 873/873/873
f 878/878/878 872/872/872 880/880/880
f 880/880/880 881/881/881 878/878/878
f 880/880/880 873/873/873 882/882/882
f 880/880/880 882/882/882 883/883/883
f 882/882/882 873/873/873 884/884/884
f 879/879/879 886/886/886 885/885/885
f 889/889/889 888/888/888 887/887/887
f 887/887/887 888/888/888 890/890/890
f 893/893/893 892/892/892 891/891/891
f 896/896/896 895/895/895 894/894/894
f 899/899/899 898/898/898 897/897/897
f 902/902/902 901/901/901 900/900/900
f 901/901/901 904/904/904 903/903/903
f 907/907/907 906/906/906 905/905/905
f 831/831/831 908/908/908 830/830/830
f 909/909/909 908/908/908 831/831/831
f 912/912/912 911/911/911 910/910/910
f 913/913/913 911/911/911 912/912/912
f 912/912/912 910/910/910 914/914/914
f 915/915/915 913/913/913 912/912/912
f 916/916/916 912/912/912 914/914/914
f 915/915/915 912/912/912 916/916/916
f 916/916/916 914/914/914 917/917/917
f 918/918/918 915/915/915 916/916/916
f 919/919/919 916/916/916 917/917/917
f 918/918/918 916/916/916 919/919/919
f 919/919/919 917/917/917 920/920/920
f 920/920/920 917/917/917 921/921/921
f 917/917/917 922/922/922 921/921/921
f 917/917/917 923/923/923 922/922/922
f 923/923/923 924/924/924 922/922/922
f 921/921/921 922/922/922 925/925/925
f 922/922/922 926/926/926 925/925/925
f 922/922/922 927/927/927 926/926/926
f 925/925/925 926/926/926 928/928/928
f 929/929/929 918/918/918 919/919/919
f 930/930/930 918/918/918 929/929/929
f 930/930/930 931/931/931 918/918/918
f 932/932/932 919/919/919 920/920/920
f 929/929/929 919/919/919 932/932/932
f 933/933/933 930/930/930 929/929/929
f 934/934/934 930/930/930 933/933/933
f 934/934/934 935/935/935 930/930/930
f 935/935/935 936/936/936 930/930/930
f 937/937/937 929/929/929 932/932/932
f 933/933/933 929/929/929 937/937/937
f 938/938/938 934/934/934 933/933/933
f 939/939/939 934/934/934 938/938/938
f 939/939/939 940/940/940 934/934/934
f 940/940/940 941/941/941 934/934/934
f 942/942/942 940/940/940 939/939/939
f 943/943/943 933/933/933 937/937/937
f 944/944/944 939/939/939 938/938/938
f 945/945/945 939/939/939 944/944/944
f 945/945/945 942/942/942 939/939/939
f 944/944/944 946/946/946 945/945/945
f 946/946/946 947/947/947 945/945/945
f 947/947/947 948/948/948 945/945/945
f 936/936/936 950/950/950 949/949/949
f 953/953/953 952/952/952 951/951/951
f 955/955/955 913/913/913 954/954/954
f 956/956/956 955/955/955 954/954/954
f 957/957/957 955/955/955 956/956/956
f 959/959/959 957/957/957 958/958/958
f 961/961/961 957/957/957 960/960/960
f 962/962/962 961/961/961 960/960/960
f 965/965/965 964/964/964 963/963/963
f 966/966/966 965/965/965 963/963/963
f 967/967/967 965/965/965 966/966/966
f 968/968/968 967/967/967 966/966/966
f 969/969/969 967/967/967 968/968/968
f 969/969/969 968/968/968 970/970/970
f 973/973/973 972/972/972 971/971/971
f 976/976/976 975/975/975 974/974/974
f 977/977/977 975/975/975 976/976/976
f 976/976/976 978/978/978 977/977/977
f 981/981/981 980/980/980 979/979/979
f 984/984/984 983/983/983 982/982/982
f 987/987/987 986/986/986 985/985/985
f 989/989/989 986/986/986 988/988/988
f 990/990/990 989/989/989 988/988/988
f 993/993/993 992/992/992 991/991/991
f 991/991/991 992/992/992 994/994/994
f 991/991/991 994/994/994 995/995/995
f 995/995/995 994/994/994 996/996/996
f 995/995/995 996/996/996 997/997/997
f 997/997/997 996/996/996 998/998/998
f 999/999/999 991/991/991 995/995/995
f 1000/1000/1000 991/991/991 999/999/999
f 1000/1000/1000 1001/1001/1001 991/991/991
f 1002/1002/1002 1001/1001/1001 1000/1000/1000
f 1003/1003/1003 995/995/995 997/997/997
f 999/999/999 995/995/995 1003/1003/1003
f 1004/1004/1004 1002/1002/1002 1000/1000/1000
f 1005/1005/1005 1000/1000/1000 999/999/999
f 1004/1004/1004 1000/1000/1000 1005/1005/1005
f 1006/1006/1006 999/999/999 1003/1003/1003
f 1005/1005/1005 999/999/999 1006/1006/1006
f 1007/1007/1007 1004/1004/1004 1005/1005/1005
f 1008/1008/1008 1004/1004/1004 1007/1007/1007
f 1008/1008/1008 1009/1009/1009 1004/1004/1004
f 1009/1009/1009 1010/1010/1010 1004/1004/1004
f 1011/1011/1011 1005/1005/1005 1006/1006/1006
f 1007/1007/1007 1005/1005/1005 1011/1011/1011
f 1012/1012/1012 1008/1008/1008 1007/1007/1007
f 1013/1013/1013 1008/1008/1008 1012/1012/1012
f 1013/1013/1013 1014/1014/1014 1008/1008/1008
f 1014/1014/1014 1015/1015/1015 1008/1008/1008
f 1016/1016/1016 1007/1007/1007 1011/1011/1011
f 1012/1012/1012 1007/1007/1007 1016/1016/1016
f 1017/1017/1017 1013/1013/1013 1012/1012/1012
f 1018/1018/1018 1013/1013/1013 1017/1017/1017
f 1018/1018/1018 1019/1019/1019 1013/1013/1013
f 1019/1019/1019 1020/1020/1020 1013/1013/1013
f 1019/1019/1019 1021/1021/1021 1020/1020/1020
f 1022/1022/1022 1021/1021/1021 1019/1019/1019
f 1023/1023/1023 1022/1022/1022 1019/1019/1019
f 1023/1023/1023 1019/1019/1019 1018/1018/1018
f 1024/1024/1024 1012/1012/1012 1016/1016/1016
f 1017/1017/1017 1012/1012/1012 1024/1024/1024
f 1025/1025/1025 1017/1017/1017 1024/1024/1024
f 1026/1026/1026 1017/1017/1017 1025/1025/1025
f 1026/1026/1026 1018/1018/1018 1017/1017/1017
f 1027/1027/1027 1018/1018/1018 1026/1026/1026
f 1027/1027/1027 1023/1023/1023 1018/1018/1018
f 1027/1027/1027 1026/1026/1026 1028/1028/1028
f 1029/1029/1029 1023/1023/1023 1027/1027/1027
f 1021/1021/1021 1031/1031/1031 1030/1030/1030
f 1031/1031/1031 1033/1033/1033 1032/1032/1032
f 1033/1033/1033 1035/1035/1035 1034/1034/1034
f 1037/1037/1037 1033/1033/1033 1036/1036/1036
f 1039/1039/1039 1031/1031/1031 1038/1038/1038
f 1042/1042/1042 1041/1041/1041 1040/1040/1040
f 1045/1045/1045 1044/1044/1044 1043/1043/1043
f 1048/1048/1048 1047/1047/1047 1046/1046/1046
f 1051/1051/1051 1050/1050/1050 1049/1049/1049
f 1052/1052/1052 1050/1050/1050 1051/1051/1051
f 1051/1051/1051 1049/1049/1049 1053/1053/1053
f 1052/1052/1052 1054/1054/1054 1050/1050/1050
f 1055/1055/1055 1054/1054/1054 1052/1052/1052
f 1055/1055/1055 1056/1056/1056 1054/1054/1054
f 1057/1057/1057 1056/1056/1056 1055/1055/1055
f 1058/1058/1058 1052/1052/1052 1051/1051/1051
f 1059/1059/1059 1055/1055/1055 1052/1052/1052
f 1059/1059/1059 1052/1052/1052 1060/1060/1060
f 1061/1061/1061 1051/1051/1051 1053/1053/1053
f 1062/1062/1062 1051/1051/1051 1061/1061/1061
f 1053/1053/1053 1049/1049/1049 1063/1063/1063
f 1064/1064/1064 1057/1057/1057 1055/1055/1055
f 1064/1064/1064 1055/1055/1055 1059/1059/1059
f 1065/1065/1065 1057/1057/1057 1064/1064/1064
f 1066/1066/1066 1059/1059/1059 1060/1060/1060
f 1067/1067/1067 1064/1064/1064 1059/1059/1059
f 1067/1067/1067 1059/1059/1059 1068/1068/1068
f 1069/1069/1069 1062/1062/1062 1061/1061/1061
f 1070/1070/1070 1062/1062/1062 1069/1069/1069
f 1071/1071/1071 1065/1065/1065 1064/1064/1064
f 1071/1071/1071 1064/1064/1064 1067/1067/1067
f 1072/1072/1072 1065/1065/1065 1071/1071/1071
f 1073/1073/1073 1071/1071/1071 1067/1067/1067
f 1073/1073/1073 1067/1067/1067 1074/1074/1074
f 1075/1075/1075 1070/1070/1070 1069/1069/1069
f 1076/1076/1076 1072/1072/1072 1071/1071/1071
f 1076/1076/1076 1071/1071/1071 1073/1073/1073
f 1077/1077/1077 1072/1072/1072 1076/1076/1076
f 1078/1078/1078 1076/1076/1076 1073/1073/1073
f 1078/1078/1078 1073/1073/1073 1079/1079/1079
f 1079/1079/1079 1073/1073/1073 1080/1080/1080
f 1079/1079/1079 1080/1080/1080 1081/1081/1081
f 1081/1081/1081 1080/1080/1080 1082/1082/1082
f 1083/1083/1083 1077/1077/1077 1076/1076/1076
f 1083/1083/1083 1076/1076/1076 1078/1078/1078
f 1084/1084/1084 1077/1077/1077 1083/1083/1083
f 1085/1085/1085 1078/1078/1078 1079/1079/1079
f 1086/1086/1086 1078/1078/1078 1085/1085/1085
f 1086/1086/1086 1083/1083/1083 1078/1078/1078
f 1086/1086/1086 1085/1085/1085 1087/1087/1087
f 1088/1088/1088 1079/1079/1079 1081/1081/1081
f 1085/1085/1085 1079/1079/1079 1088/1088/1088
f 1089/1089/1089 1085/1085/1085 1088/1088/1088
f 1090/1090/1090 1084/1084/1084 1083/1083/1083
f 1090/1090/1090 1083/1083/1083 1086/1086/1086
f 1090/1090/1090 1086/1086/1086 1091/1091/1091
f 1092/1092/1092 1084/1084/1084 1090/1090/1090
f 1092/1092/1092 1090/1090/1090 1093/1093/1093
f 1080/1080/1080 1095/1095/1095 1094/1094/1094
f 1097/1097/1097 1096/1096/1096 1082/1082/1082
f 1099/1099/1099 1092/1092/1092 1098/1098/1098
f 1102/1102/1102 1101/1101/1101 1100/1100/1100
f 1105/1105/1105 1104/1104/1104 1103/1103/1103
f 1103/1103/1103 1106/1106/1106 1105/1105/1105
f 1105/1105/1105 1106/1106/1106 1107/1107/1107
f 1105/1105/1105 1107/1107/1107 1108/1108/1108
f 1108/1108/1108 1109/1109/1109 1105/1105/1105
f 1106/1106/1106 1110/1110/1110 1107/1107/1107
f 1106/1106/1106 1111/1111/1111 1110/1110/1110
f 1111/1111/1111 1112/1112/1112 1110/1110/1110
f 1110/1110/1110 1112/1112/1112 1113/1113/1113
f 1112/1112/1112 1114/1114/1114 1113/1113/1113
f 1113/1113/1113 1114/1114/1114 1115/1115/1115
f 1114/1114/1114 1116/1116/1116 1115/1115/1115
f 1113/1113/1113 1115/1115/1115 1117/1117/1117
f 1117/1117/1117 1115/1115/1115 1118/1118/1118
f 1115/1115/1115 1119/1119/1119 1118/1118/1118
f 1115/1115/1115 1120/1120/1120 1119/1119/1119
f 1118/1118/1118 1119/1119/1119 1121/1121/1121
f 1119/1119/1119 1122/1122/1122 1121/1121/1121
f 1119/1119/1119 1123/1123/1123 1122/1122/1122
f 1121/1121/1121 1122/1122/1122 1124/1124/1124
f 1121/1121/1121 1124/1124/1124 1125/1125/1125
f 1126/1126/1126 1121/1121/1121 1125/1125/1125
f 1118/1118/1118 1121/1121/1121 1127/1127/1127
f 1128/1128/1128 1118/1118/1118 1127/1127/1127
f 1117/1117/1117 1118/1118/1118 1129/1129/1129
f 1120/1120/1120 1130/1130/1130 1119/1119/1119
f 1132/1132/1132 1117/1117/1117 1131/1131/1131
f 1133/1133/1133 1117/1117/1117 1132/1132/1132
f 1134/1134/1134 1133/1133/1133 1132/1132/1132
f 1134/1134/1134 1132/1132/1132 1135/1135/1135
f 1135/1135/1135 1132/1132/1132 1136/1136/1136
f 1132/1132/1132 1137/1137/1137 1136/1136/1136
f 1107/1107/1107 1133/1133/1133 1134/1134/1134
f 1107/1107/1107 1110/1110/1110 1133/1133/1133
f 1110/1110/1110 1113/1113/1113 1133/1133/1133
f 1133/1133/1133 1113/1113/1113 1117/1117/1117
f 1108/1108/1108 1107/1107/1107 1134/1134/1134
f 1138/1138/1138 1134/1134/1134 1135/1135/1135
f 1108/1108/1108 1134/1134/1134 1138/1138/1138
f 1141/1141/1141 1140/1140/1140 1139/1139/1139
f 1144/1144/1144 1143/1143/1143 1142/1142/1142
f 1142/1142/1142 1143/1143/1143 1145/1145/1145
f 1146/1146/1146 1144/1144/1144 1142/1142/1142
f 1147/1147/1147 1144/1144/1144 1146/1146/1146
f 1148/1148/1148 1147/1147/1147 1146/1146/1146
f 1149/1149/1149 1147/1147/1147 1148/1148/1148
f 1152/1152/1152 1151/1151/1151 1150/1150/1150
f 1153/1153/1153 1111/1111/1111 1106/1106/1106
f 1103/1103/1103 1153/1153/1153 1106/1106/1106
f 1154/1154/1154 1153/1153/1153 1103/1103/1103
f 1157/1157/1157 1156/1156/1156 1155/1155/1155
f 1158/1158/1158 1156/1156/1156 1157/1157/1157
f 1157/1157/1157 1155/1155/1155 1159/1159/1159
f 1159/1159/1159 1155/1155/1155 1160/1160/1160
f 1161/1161/1161 1158/1158/1158 1157/1157/1157
f 1162/1162/1162 1157/1157/1157 1159/1159/1159
f 1161/1161/1161 1157/1157/1157 1162/1162/1162
f 1163/1163/1163 1161/1161/1161 1162/1162/1162
f 1164/1164/1164 1161/1161/1161 1163/1163/1163
f 1164/1164/1164 1165/1165/1165 1161/1161/1161
f 1165/1165/1165 1166/1166/1166 1161/1161/1161
f 1163/1163/1163 1162/1162/1162 1167/1167/1167
f 1167/1167/1167 1162/1162/1162 1168/1168/1168
f 1162/1162/1162 1169/1169/1169 1168/1168/1168
f 1170/1170/1170 1164/1164/1164 1163/1163/1163
f 1171/1171/1171 1164/1164/1164 1170/1170/1170
f 1171/1171/1171 1172/1172/1172 1164/1164/1164
f 1172/1172/1172 1173/1173/1173 1164/1164/1164
f 1174/1174/1174 1172/1172/1172 1171/1171/1171
f 1174/1174/1174 1175/1175/1175 1172/1172/1172
f 1175/1175/1175 1176/1176/1176 1172/1172/1172
f 1172/1172/1172 1176/1176/1176 1177/1177/1177
f 1176/1176/1176 1178/1178/1178 1177/1177/1177
f 1179/1179/1179 1163/1163/1163 1167/1167/1167
f 1170/1170/1170 1163/1163/1163 1179/1179/1179
f 1180/1180/1180 1175/1175/1175 1174/1174/1174
f 1181/1181/1181 1174/1174/1174 1171/1171/1171
f 1182/1182/1182 1174/1174/1174 1181/1181/1181
f 1182/1182/1182 1180/1180/1180 1174/1174/1174
f 1183/1183/1183 1182/1182/1182 1181/1181/1181
f 1184/1184/1184 1182/1182/1182 1183/1183/1183
f 1183/1183/1183 1181/1181/1181 1185/1185/1185
f 1185/1185/1185 1181/1181/1181 1186/1186/1186
f 1181/1181/1181 1171/1171/1171 1186/1186/1186
f 1186/1186/1186 1171/1171/1171 1170/1170/1170
f 1184/1184/1184 1187/1187/1187 1182/1182/1182
f 1187/1187/1187 1180/1180/1180 1182/1182/1182
f 1188/1188/1188 1187/1187/1187 1184/1184/1184
f 1189/1189/1189 1184/1184/1184 1183/1183/1183
f 1190/1190/1190 1184/1184/1184 1189/1189/1189
f 1190/1190/1190 1188/1188/1188 1184/1184/1184
f 1191/1191/1191 1183/1183/1183 1185/1185/1185
f 1192/1192/1192 1183/1183/1183 1191/1191/1191
f 1194/1194/1194 1193/1193/1193 1190/1190/1190
f 1195/1195/1195 1170/1170/1170 1179/1179/1179
f 1198/1198/1198 1197/1197/1197 1196/1196/1196
f 1201/1201/1201 1200/1200/1200 1199/1199/1199
f 1202/1202/1202 1201/1201/1201 1199/1199/1199
f 1205/1205/1205 1204/1204/1204 1203/1203/1203
f 1208/1208/1208 1207/1207/1207 1206/1206/1206
f 1209/1209/1209 1208/1208/1208 1206/1206/1206
f 1212/1212/1212 1211/1211/1211 1210/1210/1210
f 1213/1213/1213 1212/1212/1212 1210/1210/1210
f 1216/1216/1216 1215/1215/1215 1214/1214/1214
f 1219/1219/1219 1218/1218/1218 1217/1217/1217
f 1222/1222/1222 1221/1221/1221 1220/1220/1220
f 1225/1225/1225 1224/1224/1224 1223/1223/1223
f 1228/1228/1228 1227/1227/1227 1226/1226/1226
f 1231/1231/1231 1230/1230/1230 1229/1229/1229
f 1234/1234/1234 1233/1233/1233 1232/1232/1232
f 1237/1237/1237 1236/1236/1236 1235/1235/1235
f 1240/1240/1240 1239/1239/1239 1238/1238/1238
f 1241/1241/1241 1240/1240/1240 1238/1238/1238
f 1241/1241/1241 1238/1238/1238 1242/1242/1242
f 1242/1242/1242 1238/1238/1238 1243/1243/1243
f 1238/1238/1238 1244/1244/1244 1243/1243/1243
f 1243/1243/1243 1244/1244/1244 1245/1245/1245
f 1243/1243/1243 1245/1245/1245 1246/1246/1246
f 1246/1246/1246 1245/1245/1245 1247/1247/1247
f 1248/1248/1248 1243/1243/1243 1246/1246/1246
f 1242/1242/1242 1243/1243/1243 1249/1249/1249
f 1250/1250/1250 1241/1241/1241 1242/1242/1242
f 1251/1251/1251 1241/1241/1241 1250/1250/1250
f 1252/1252/1252 1242/1242/1242 1249/1249/1249
f 1250/1250/1250 1242/1242/1242 1252/1252/1252
f 1252/1252/1252 1249/1249/1249 1253/1253/1253
f 1254/1254/1254 1251/1251/1251 1250/1250/1250
f 1255/1255/1255 1251/1251/1251 1254/1254/1254
f 1256/1256/1256 1250/1250/1250 1252/1252/1252
f 1254/1254/1254 1250/1250/1250 1256/1256/1256
f 1257/1257/1257 1252/1252/1252 1253/1253/1253
f 1256/1256/1256 1252/1252/1252 1257/1257/1257
f 1257/1257/1257 1253/1253/1253 1258/1258/1258
f 1258/1258/1258 1253/1253/1253 1259/1259/1259
f 1253/1253/1253 1260/1260/1260 1259/1259/1259
f 1253/1253/1253 1261/1261/1261 1260/1260/1260
f 1261/1261/1261 1262/1262/1262 1260/1260/1260
f 1260/1260/1260 1262/1262/1262 1263/1263/1263
f 1262/1262/1262 1264/1264/1264 1263/1263/1263
f 1263/1263/1263 1264/1264/1264 1265/1265/1265
f 1263/1263/1263 1265/1265/1265 1266/1266/1266
f 1266/1266/1266 1265/1265/1265 1267/1267/1267
f 1268/1268/1268 1263/1263/1263 1266/1266/1266
f 1260/1260/1260 1263/1263/1263 1268/1268/1268
f 1259/1259/1259 1260/1260/1260 1268/1268/1268
f 1269/1269/1269 1255/1255/1255 1254/1254/1254
f 1270/1270/1270 1255/1255/1255 1269/1269/1269
f 1271/1271/1271 1270/1270/1270 1269/1269/1269
f 1272/1272/1272 1270/1270/1270 1271/1271/1271
f 1272/1272/1272 1273/1273/1273 1270/1270/1270
f 1274/1274/1274 1273/1273/1273 1272/1272/1272
f 1271/1271/1271 1269/1269/1269 1275/1275/1275
f 1275/1275/1275 1269/1269/1269 1276/1276/1276
f 1269/1269/1269 1254/1254/1254 1276/1276/1276
f 1276/1276/1276 1254/1254/1254 1256/1256/1256
f 1275/1275/1275 1276/1276/1276 1277/1277/1277
f 1278/1278/1278 1274/1274/1274 1272/1272/1272
f 1279/1279/1279 1274/1274/1274 1278/1278/1278
f 1280/1280/1280 1272/1272/1272 1271/1271/1271
f 1281/1281/1281 1272/1272/1272 1280/1280/1280
f 1282/1282/1282 1271/1271/1271 1275/1275/1275
f 1283/1283/1283 1271/1271/1271 1282/1282/1282
f 1284/1284/1284 1275/1275/1275 1277/1277/1277
f 1282/1282/1282 1275/1275/1275 1284/1284/1284
f 1277/1277/1277 1276/1276/1276 1285/1285/1285
f 1276/1276/1276 1256/1256/1256 1285/1285/1285
f 1285/1285/1285 1256/1256/1256 1257/1257/1257
f 1285/1285/1285 1257/1257/1257 1286/1286/1286
f 1286/1286/1286 1257/1257/1257 1258/1258/1258
f 1273/1273/1273 1287/1287/1287 1270/1270/1270
f 1290/1290/1290 1289/1289/1289 1288/1288/1288
f 1292/1292/1292 1289/1289/1289 1291/1291/1291
f 1293/1293/1293 1292/1292/1292 1291/1291/1291
f 1296/1296/1296 1295/1295/1295 1294/1294/1294
f 1298/1298/1298 1295/1295/1295 1297/1297/1297
f 1301/1301/1301 1300/1300/1300 1299/1299/1299
f 1304/1304/1304 1303/1303/1303 1302/1302/1302
f 1304/1304/1304 1302/1302/1302 1305/1305/1305
f 1305/1305/1305 1302/1302/1302 1306/1306/1306
f 1307/1307/1307 1304/1304/1304 1305/1305/1305
f 1308/1308/1308 1304/1304/1304 1307/1307/1307
f 1308/1308/1308 1309/1309/1309 1304/1304/1304
f 1310/1310/1310 1308/1308/1308 1307/1307/1307
f 1311/1311/1311 1308/1308/1308 1310/1310/1310
f 1311/1311/1311 1312/1312/1312 1308/1308/1308
f 1312/1312/1312 1313/1313/1313 1308/1308/1308
f 1312/1312/1312 1314/1314/1314 1313/1313/1313
f 1315/1315/1315 1314/1314/1314 1312/1312/1312
f 1316/1316/1316 1315/1315/1315 1312/1312/1312
f 1316/1316/1316 1312/1312/1312 1311/1311/1311
f 1317/1317/1317 1315/1315/1315 1316/1316/1316
f 1318/1318/1318 1317/1317/1317 1316/1316/1316
f 1319/1319/1319 1317/1317/1317 1318/1318/1318
f 1320/1320/1320 1316/1316/1316 1311/1311/1311
f 1321/1321/1321 1316/1316/1316 1320/1320/1320
f 1322/1322/1322 1311/1311/1311 1310/1310/1310
f 1320/1320/1320 1311/1311/1311 1322/1322/1322
f 1323/1323/1323 1319/1319/1319 1318/1318/1318
f 1324/1324/1324 1321/1321/1321 1320/1320/1320
f 1325/1325/1325 1320/1320/1320 1322/1322/1322
f 1324/1324/1324 1320/1320/1320 1325/1325/1325
f 1326/1326/1326 1324/1324/1324 1325/1325/1325
f 1327/1327/1327 1324/1324/1324 1326/1326/1326
f 1326/1326/1326 1328/1328/1328 1327/1327/1327
f 1327/1327/1327 1329/1329/1329 1324/1324/1324
f 1329/1329/1329 1330/1330/1330 1324/1324/1324
f 1332/1332/1332 1331/1331/1331 1323/1323/1323
f 1332/1332/1332 1333/1333/1333 1331/1331/1331
f 1334/1334/1334 1333/1333/1333 1332/1332/1332
f 1335/1335/1335 1334/1334/1334 1332/1332/1332
f 1336/1336/1336 1332/1332/1332 1323/1323/1323
f 1337/1337/1337 1332/1332/1332 1336/1336/1336
f 1338/1338/1338 1337/1337/1337 1336/1336/1336
f 1331/1331/1331 1340/1340/1340 1339/1339/1339
f 1342/1342/1342 1340/1340/1340 1341/1341/1341
f 1345/1345/1345 1344/1344/1344 1343/1343/1343
f 1346/1346/1346 1345/1345/1345 1343/1343/1343
f 1347/1347/1347 1345/1345/1345 1346/1346/1346
f 1350/1350/1350 1349/1349/1349 1348/1348/1348
f 1350/1350/1350 1348/1348/1348 1351/1351/1351
f 1354/1354/1354 1353/1353/1353 1352/1352/1352
f 1357/1357/1357 1356/1356/1356 1355/1355/1355
f 1355/1355/1355 1358/1358/1358 1357/1357/1357
f 1360/1360/1360 1359/1359/1359 1326/1326/1326
f 1363/1363/1363 1362/1362/1362 1361/1361/1361
f 1362/1362/1362 1365/1365/1365 1364/1364/1364
f 1368/1368/1368 1367/1367/1367 1366/1366/1366
f 1369/1369/1369 1367/1367/1367 1368/1368/1368
f 1370/1370/1370 1369/1369/1369 1368/1368/1368
f 1373/1373/1373 1372/1372/1372 1371/1371/1371
f 1371/1371/1371 1372/1372/1372 1374/1374/1374
f 1371/1371/1371 1374/1374/1374 1375/1375/1375
f 1375/1375/1375 1374/1374/1374 1376/1376/1376
f 1375/1375/1375 1376/1376/1376 1377/1377/1377
f 1377/1377/1377 1376/1376/1376 1378/1378/1378
f 1379/1379/1379 1373/1373/1373 1371/1371/1371
f 1380/1380/1380 1373/1373/1373 1379/1379/1379
f 1381/1381/1381 1371/1371/1371 1375/1375/1375
f 1379/1379/1379 1371/1371/1371 1381/1381/1381
f 1382/1382/1382 1375/1375/1375 1377/1377/1377
f 1381/1381/1381 1375/1375/1375 1382/1382/1382
f 1383/1383/1383 1380/1380/1380 1379/1379/1379
f 1384/1384/1384 1379/1379/1379 1381/1381/1381
f 1383/1383/1383 1379/1379/1379 1384/1384/1384
f 1385/1385/1385 1381/1381/1381 1382/1382/1382
f 1384/1384/1384 1381/1381/1381 1385/1385/1385
f 1386/1386/1386 1383/1383/1383 1384/1384/1384
f 1387/1387/1387 1383/1383/1383 1386/1386/1386
f 1388/1388/1388 1384/1384/1384 1385/1385/1385
f 1386/1386/1386 1384/1384/1384 1388/1388/1388
f 1389/1389/1389 1387/1387/1387 1386/1386/1386
f 1390/1390/1390 1386/1386/1386 1388/1388/1388
f 1389/1389/1389 1386/1386/1386 1390/1390/1390
f 1391/1391/1391 1389/1389/1389 1390/1390/1390
f 1392/1392/1392 1389/1389/1389 1391/1391/1391
f 1395/1395/1395 1394/1394/1394 1393/1393/1393
f 1398/1398/1398 1397/1397/1397 1396/1396/1396
f 1400/1400/1400 1397/1397/1397 1399/1399/1399
f 1403/1403/1403 1402/1402/1402 1401/1401/1401
f 1406/1406/1406 1405/1405/1405 1404/1404/1404
f 1407/1407/1407 1405/1405/1405 1406/1406/1406
f 1408/1408/1408 1407/1407/1407 1406/1406/1406
f 1409/1409/1409 1407/1407/1407 1408/1408/1408
f 1408/1408/1408 1406/1406/1406 1410/1410/1410
f 1410/1410/1410 1406/1406/1406 1411/1411/1411
f 1412/1412/1412 1409/1409/1409 1408/1408/1408
f 1413/1413/1413 1409/1409/1409 1412/1412/1412
f 1414/1414/1414 1408/1408/1408 1410/1410/1410
f 1412/1412/1412 1408/1408/1408 1414/1414/1414
f 1417/1417/1417 1416/1416/1416 1415/1415/1415
f 1419/1419/1419 1416/1416/1416 1418/1418/1418
f 1422/1422/1422 1421/1421/1421 1420/1420/1420
f 1421/1421/1421 1423/1423/1423 1420/1420/1420
f 1426/1426/1426 1425/1425/1425 1424/1424/1424
f 67/67/67 114/114/114 113/113/113
f 66/66/66 114/114/114 67/67/67
f 1429/1429/1429 1428/1428/1428 1427/1427/1427
f 1432/1432/1432 1431/1431/1431 1430/1430/1430
f 1433/1433/1433 1431/1431/1431 1432/1432/1432
f 1432/1432/1432 1430/1430/1430 1434/1434/1434
f 1435/1435/1435 1433/1433/1433 1432/1432/1432
f 1436/1436/1436 1432/1432/1432 1434/1434/1434
f 1437/1437/1437 1432/1432/1432 1436/1436/1436
f 1438/1438/1438 1437/1437/1437 1436/1436/1436
f 1439/1439/1439 1437/1437/1437 1438/1438/1438
f 1436/1436/1436 1434/1434/1434 1440/1440/1440
f 1441/1441/1441 1436/1436/1436 1440/1440/1440
f 1444/1444/1444 1443/1443/1443 1442/1442/1442
f 1447/1447/1447 1446/1446/1446 1445/1445/1445
f 1448/1448/1448 1447/1447/1447 1445/1445/1445
f 1451/1451/1451 1450/1450/1450 1449/1449/1449
f 1452/1452/1452 1451/1451/1451 1449/1449/1449
f 1454/1454/1454 1453/1453/1453 1452/1452/1452
f 1457/1457/1457 1456/1456/1456 1455/1455/1455
f 1460/1460/1460 1459/1459/1459 1458/1458/1458
f 1461/1461/1461 1460/1460/1460 1458/1458/1458
f 1462/1462/1462 1460/1460/1460 1461/1461/1461
f 1462/1462/1462 1463/1463/1463 1460/1460/1460
f 1463/1463/1463 1464/1464/1464 1460/1460/1460
f 1465/1465/1465 1462/1462/1462 1461/1461/1461
f 1465/1465/1465 1461/1461/1461 1466/1466/1466
f 1466/1466/1466 1461/1461/1461 1467/1467/1467
f 1468/1468/1468 1462/1462/1462 1465/1465/1465
f 1468/1468/1468 1469/1469/1469 1462/1462/1462
f 1470/1470/1470 1469/1469/1469 1468/1468/1468
f 1471/1471/1471 1465/1465/1465 1466/1466/1466
f 1472/1472/1472 1465/1465/1465 1471/1471/1471
f 1472/1472/1472 1468/1468/1468 1465/1465/1465
f 1471/1471/1471 1466/1466/1466 1473/1473/1473
f 1473/1473/1473 1466/1466/1466 1474/1474/1474
f 1466/1466/1466 1475/1475/1475 1474/1474/1474
f 1474/1474/1474 1475/1475/1475 1476/1476/1476
f 1477/1477/1477 1470/1470/1470 1468/1468/1468
f 1477/1477/1477 1468/1468/1468 1472/1472/1472
f 1478/1478/1478 1470/1470/1470 1477/1477/1477
f 1479/1479/1479 1472/1472/1472 1471/1471/1471
f 1480/1480/1480 1472/1472/1472 1479/1479/1479
f 1480/1480/1480 1477/1477/1477 1472/1472/1472
f 1481/1481/1481 1471/1471/1471 1473/1473/1473
f 1482/1482/1482 1471/1471/1471 1481/1481/1481
f 1483/1483/1483 1478/1478/1478 1477/1477/1477
f 1483/1483/1483 1477/1477/1477 1480/1480/1480
f 1484/1484/1484 1478/1478/1478 1483/1483/1483
f 1485/1485/1485 1483/1483/1483 1480/1480/1480
f 1485/1485/1485 1480/1480/1480 1486/1486/1486
f 1486/1486/1486 1480/1480/1480 1487/1487/1487
f 1485/1485/1485 1486/1486/1486 1488/1488/1488
f 1489/1489/1489 1483/1483/1483 1485/1485/1485
f 1489/1489/1489 1484/1484/1484 1483/1483/1483
f 1489/1489/1489 1485/1485/1485 1490/1490/1490
f 1491/1491/1491 1484/1484/1484 1489/1489/1489
f 1491/1491/1491 1489/1489/1489 1492/1492/1492
f 1491/1491/1491 1493/1493/1493 1484/1484/1484
f 1495/1495/1495 1494/1494/1494 1481/1481/1481
f 1495/1495/1495 1481/1481/1481 1496/1496/1496
f 1496/1496/1496 1497/1497/1497 1495/1495/1495
f 1498/1498/1498 1494/1494/1494 1495/1495/1495
f 1499/1499/1499 1498/1498/1498 1495/1495/1495
f 1501/1501/1501 1491/1491/1491 1500/1500/1500
f 1501/1501/1501 1503/1503/1503 1502/1502/1502
f 1506/1506/1506 1505/1505/1505 1504/1504/1504
f 1509/1509/1509 1508/1508/1508 1507/1507/1507
f 1512/1512/1512 1511/1511/1511 1510/1510/1510
f 1513/1513/1513 1512/1512/1512 1510/1510/1510
f 1513/1513/1513 1510/1510/1510 1514/1514/1514
f 1514/1514/1514 1510/1510/1510 1515/1515/1515
f 1510/1510/1510 1516/1516/1516 1515/1515/1515
f 1515/1515/1515 1516/1516/1516 1517/1517/1517
f 1515/1515/1515 1517/1517/1517 1518/1518/1518
f 1519/1519/1519 1515/1515/1515 1518/1518/1518
f 1514/1514/1514 1515/1515/1515 1520/1520/1520
f 1521/1521/1521 1513/1513/1513 1514/1514/1514
f 1522/1522/1522 1513/1513/1513 1521/1521/1521
f 1523/1523/1523 1514/1514/1514 1520/1520/1520
f 1521/1521/1521 1514/1514/1514 1524/1524/1524
f 1525/1525/1525 1522/1522/1522 1521/1521/1521
f 1526/1526/1526 1522/1522/1522 1525/1525/1525
f 1525/1525/1525 1521/1521/1521 1527/1527/1527
f 1528/1528/1528 1526/1526/1526 1525/1525/1525
f 1528/1528/1528 1525/1525/1525 1529/1529/1529
f 1529/1529/1529 1525/1525/1525 1530/1530/1530
f 1531/1531/1531 1526/1526/1526 1528/1528/1528
f 1531/1531/1531 1532/1532/1532 1526/1526/1526
f 1529/1529/1529 1530/1530/1530 1533/1533/1533
f 1533/1533/1533 1530/1530/1530 1534/1534/1534
f 1535/1535/1535 1531/1531/1531 1528/1528/1528
f 1536/1536/1536 1531/1531/1531 1535/1535/1535
f 1536/1536/1536 1537/1537/1537 1531/1531/1531
f 1537/1537/1537 1532/1532/1532 1531/1531/1531
f 1538/1538/1538 1537/1537/1537 1536/1536/1536
f 1539/1539/1539 1528/1528/1528 1529/1529/1529
f 1535/1535/1535 1528/1528/1528 1539/1539/1539
f 1540/1540/1540 1529/1529/1529 1533/1533/1533
f 1539/1539/1539 1529/1529/1529 1540/1540/1540
f 1541/1541/1541 1538/1538/1538 1536/1536/1536
f 1542/1542/1542 1535/1535/1535 1539/1539/1539
f 1542/1542/1542 1539/1539/1539 1543/1543/1543
f 1544/1544/1544 1535/1535/1535 1542/1542/1542
f 1545/1545/1545 1536/1536/1536 1535/1535/1535
f 1541/1541/1541 1536/1536/1536 1546/1546/1546
f 1532/1532/1532 1547/1547/1547 1526/1526/1526
f 1526/1526/1526 1547/1547/1547 1522/1522/1522
f 1547/1547/1547 1548/1548/1548 1522/1522/1522
f 1550/1550/1550 1517/1517/1517 1549/1549/1549
f 1553/1553/1553 1552/1552/1552 1551/1551/1551
f 1551/1551/1551 1552/1552/1552 1554/1554/1554
f 1555/1555/1555 1553/1553/1553 1551/1551/1551
f 1556/1556/1556 1553/1553/1553 1555/1555/1555
f 1557/1557/1557 1556/1556/1556 1555/1555/1555
f 1558/1558/1558 1556/1556/1556 1557/1557/1557
f 1557/1557/1557 1555/1555/1555 1559/1559/1559
f 1562/1562/1562 1561/1561/1561 1560/1560/1560
f 1565/1565/1565 1564/1564/1564 1563/1563/1563
f 1567/1567/1567 1566/1566/1566 1565/1565/1565
f 1570/1570/1570 1569/1569/1569 1568/1568/1568
f 1572/1572/1572 1571/1571/1571 1570/1570/1570
f 1575/1575/1575 1574/1574/1574 1573/1573/1573
f 1578/1578/1578 1577/1577/1577 1576/1576/1576
f 1581/1581/1581 1580/1580/1580 1579/1579/1579
f 1581/1581/1581 1582/1582/1582 1580/1580/1580
f 1583/1583/1583 1582/1582/1582 1581/1581/1581
f 1584/1584/1584 1581/1581/1581 1579/1579/1579
f 1585/1585/1585 1583/1583/1583 1581/1581/1581
f 1585/1585/1585 1581/1581/1581 1586/1586/1586
f 1587/1587/1587 1585/1585/1585 1586/1586/1586
f 1588/1588/1588 1585/1585/1585 1587/1587/1587
f 1589/1589/1589 1588/1588/1588 1587/1587/1587
f 1590/1590/1590 1588/1588/1588 1589/1589/1589
f 1591/1591/1591 1590/1590/1590 1589/1589/1589
f 1592/1592/1592 1590/1590/1590 1591/1591/1591
f 1593/1593/1593 1592/1592/1592 1591/1591/1591
f 1594/1594/1594 1592/1592/1592 1593/1593/1593
f 1595/1595/1595 1583/1583/1583 1585/1585/1585
f 1588/1588/1588 1595/1595/1595 1585/1585/1585
f 1596/1596/1596 1595/1595/1595 1588/1588/1588
f 1590/1590/1590 1596/1596/1596 1588/1588/1588
f 1599/1599/1599 1598/1598/1598 1597/1597/1597
f 1597/1597/1597 1598/1598/1598 1600/1600/1600
f 1597/1597/1597 1600/1600/1600 1601/1601/1601
f 1602/1602/1602 1599/1599/1599 1597/1597/1597
f 1602/1602/1602 1597/1597/1597 1603/1603/1603
f 1604/1604/1604 1602/1602/1602 1603/1603/1603
f 1605/1605/1605 1602/1602/1602 1604/1604/1604
f 1605/1605/1605 1606/1606/1606 1602/1602/1602
f 1606/1606/1606 1607/1607/1607 1602/1602/1602
f 1608/1608/1608 1606/1606/1606 1605/1605/1605
f 1609/1609/1609 1608/1608/1608 1605/1605/1605
f 1610/1610/1610 1608/1608/1608 1609/1609/1609
f 1611/1611/1611 1605/1605/1605 1604/1604/1604
f 1609/1609/1609 1605/1605/1605 1611/1611/1611
f 1611/1611/1611 1604/1604/1604 1612/1612/1612
f 1613/1613/1613 1610/1610/1610 1609/1609/1609
f 1614/1614/1614 1609/1609/1609 1611/1611/1611
f 1613/1613/1613 1609/1609/1609 1614/1614/1614
f 1615/1615/1615 1613/1613/1613 1614/1614/1614
f 1616/1616/1616 1611/1611/1611 1612/1612/1612
f 1614/1614/1614 1611/1611/1611 1616/1616/1616
f 1612/1612/1612 1604/1604/1604 1617/1617/1617
f 1616/1616/1616 1618/1618/1618 1614/1614/1614
f 1621/1621/1621 1620/1620/1620 1619/1619/1619
f 1623/1623/1623 1597/1597/1597 1622/1622/1622
f 1626/1626/1626 1625/1625/1625 1624/1624/1624
f 1627/1627/1627 1626/1626/1626 1624/1624/1624
f 1628/1628/1628 1626/1626/1626 1627/1627/1627
f 1627/1627/1627 1624/1624/1624 1629/1629/1629
f 1632/1632/1632 1631/1631/1631 1630/1630/1630
f 1633/1633/1633 1632/1632/1632 1630/1630/1630
f 1635/1635/1635 1632/1632/1632 1634/1634/1634
f 1637/1637/1637 1636/1636/1636 1632/1632/1632
f 1640/1640/1640 1639/1639/1639 1638/1638/1638
f 1642/1642/1642 1641/1641/1641 1639/1639/1639
f 1641/1641/1641 1643/1643/1643 1639/1639/1639
f 1643/1643/1643 1644/1644/1644 1639/1639/1639
f 1647/1647/1647 1646/1646/1646 1645/1645/1645
f 1650/1650/1650 1649/1649/1649 1648/1648/1648
f 1651/1651/1651 1649/1649/1649 1650/1650/1650
f 1650/1650/1650 1648/1648/1648 1652/1652/1652
f 1652/1652/1652 1648/1648/1648 1653/1653/1653
f 1652/1652/1652 1653/1653/1653 1654/1654/1654
f 1654/1654/1654 1653/1653/1653 1655/1655/1655
f 1654/1654/1654 1655/1655/1655 1656/1656/1656
f 1656/1656/1656 1655/1655/1655 1657/1657/1657
f 1658/1658/1658 1651/1651/1651 1650/1650/1650
f 1659/1659/1659 1650/1650/1650 1652/1652/1652
f 1658/1658/1658 1650/1650/1650 1659/1659/1659
f 1660/1660/1660 1652/1652/1652 1654/1654/1654
f 1659/1659/1659 1652/1652/1652 1660/1660/1660
f 1661/1661/1661 1654/1654/1654 1656/1656/1656
f 1660/1660/1660 1654/1654/1654 1661/1661/1661
f 1662/1662/1662 1658/1658/1658 1659/1659/1659
f 1663/1663/1663 1659/1659/1659 1660/1660/1660
f 1662/1662/1662 1659/1659/1659 1663/1663/1663
f 1664/1664/1664 1660/1660/1660 1661/1661/1661
f 1663/1663/1663 1660/1660/1660 1664/1664/1664
f 1665/1665/1665 1662/1662/1662 1663/1663/1663
f 1666/1666/1666 1663/1663/1663 1664/1664/1664
f 1665/1665/1665 1663/1663/1663 1666/1666/1666
f 1666/1666/1666 1664/1664/1664 1667/1667/1667
f 1668/1668/1668 1665/1665/1665 1666/1666/1666
f 1669/1669/1669 1665/1665/1665 1668/1668/1668
f 1669/1669/1669 1670/1670/1670 1665/1665/1665
f 1670/1670/1670 1671/1671/1671 1665/1665/1665
f 1672/1672/1672 1670/1670/1670 1669/1669/1669
f 1672/1672/1672 1673/1673/1673 1670/1670/1670
f 1673/1673/1673 1674/1674/1674 1670/1670/1670
f 1670/1670/1670 1674/1674/1674 1675/1675/1675
f 1676/1676/1676 1673/1673/1673 1672/1672/1672
f 1668/1668/1668 1666/1666/1666 1677/1677/1677
f 1677/1677/1677 1666/1666/1666 1667/1667/1667
f 1678/1678/1678 1676/1676/1676 1672/1672/1672
f 1679/1679/1679 1676/1676/1676 1678/1678/1678
f 1680/1680/1680 1672/1672/1672 1669/1669/1669
f 1681/1681/1681 1672/1672/1672 1680/1680/1680
f 1682/1682/1682 1669/1669/1669 1668/1668/1668
f 1680/1680/1680 1669/1669/1669 1682/1682/1682
f 1683/1683/1683 1668/1668/1668 1677/1677/1677
f 1682/1682/1682 1668/1668/1668 1684/1684/1684
f 1686/1686/1686 1685/1685/1685 1658/1658/1658
f 1689/1689/1689 1688/1688/1688 1687/1687/1687
f 1689/1689/1689 1687/1687/1687 1690/1690/1690
f 1693/1693/1693 1692/1692/1692 1691/1691/1691
f 1696/1696/1696 1695/1695/1695 1694/1694/1694
f 1697/1697/1697 1695/1695/1695 1696/1696/1696
f 1696/1696/1696 1698/1698/1698 1697/1697/1697
f 1697/1697/1697 1698/1698/1698 1699/1699/1699
f 1695/1695/1695 1700/1700/1700 1694/1694/1694
f 1694/1694/1694 1700/1700/1700 1701/1701/1701
f 1704/1704/1704 1703/1703/1703 1702/1702/1702
f 1705/1705/1705 1703/1703/1703 1704/1704/1704
f 1705/1705/1705 1706/1706/1706 1703/1703/1703
f 1703/1703/1703 1706/1706/1706 1707/1707/1707
f 1704/1704/1704 1702/1702/1702 1708/1708/1708
f 1708/1708/1708 1702/1702/1702 1709/1709/1709
f 1712/1712/1712 1711/1711/1711 1710/1710/1710
f 1710/1710/1710 1711/1711/1711 1713/1713/1713
f 1710/1710/1710 1714/1714/1714 1712/1712/1712
f 1712/1712/1712 1714/1714/1714 1715/1715/1715
f 1711/1711/1711 1716/1716/1716 1713/1713/1713
f 1713/1713/1713 1716/1716/1716 1717/1717/1717
f 1720/1720/1720 1719/1719/1719 1718/1718/1718
f 1718/1718/1718 1719/1719/1719 1721/1721/1721
f 1718/1718/1718 1722/1722/1722 1720/1720/1720
f 1720/1720/1720 1722/1722/1722 1723/1723/1723
f 1719/1719/1719 1724/1724/1724 1721/1721/1721
f 1721/1721/1721 1724/1724/1724 1725/1725/1725
f 1728/1728/1728 1727/1727/1727 1726/1726/1726
f 1729/1729/1729 1727/1727/1727 1728/1728/1728
f 1729/1729/1729 1730/1730/1730 1727/1727/1727
f 1731/1731/1731 1730/1730/1730 1729/1729/1729
f 1729/1729/1729 1728/1728/1728 1732/1732/1732
f 1732/1732/1732 1728/1728/1728 1733/1733/1733
f 1734/1734/1734 1732/1732/1732 1733/1733/1733
f 1735/1735/1735 1732/1732/1732 1734/1734/1734
f 1731/1731/1731 1736/1736/1736 1730/1730/1730
f 1737/1737/1737 1736/1736/1736 1731/1731/1731
f 1737/1737/1737 1738/1738/1738 1736/1736/1736
f 1739/1739/1739 1738/1738/1738 1737/1737/1737
f 1737/1737/1737 1740/1740/1740 1739/1739/1739
f 1739/1739/1739 1740/1740/1740 1741/1741/1741
f 1740/1740/1740 1742/1742/1742 1741/1741/1741
f 1741/1741/1741 1742/1742/1742 1743/1743/1743
f 1746/1746/1746 1745/1745/1745 1744/1744/1744
f 1747/1747/1747 1745/1745/1745 1746/1746/1746
f 1747/1747/1747 1748/1748/1748 1745/1745/1745
f 1749/1749/1749 1748/1748/1748 1747/1747/1747
f 1752/1752/1752 1751/1751/1751 1750/1750/1750
f 1751/1751/1751 1753/1753/1753 1750/1750/1750
f 1754/1754/1754 1753/1753/1753 1751/1751/1751
f 1755/1755/1755 1751/1751/1751 1752/1752/1752
f 1758/1758/1758 1757/1757/1757 1756/1756/1756
f 1756/1756/1756 1757/1757/1757 1759/1759/1759
f 1757/1757/1757 1760/1760/1760 1759/1759/1759
f 1759/1759/1759 1760/1760/1760 1761/1761/1761
f 1762/1762/1762 1759/1759/1759 1761/1761/1761
f 1763/1763/1763 1759/1759/1759 1762/1762/1762
f 1763/1763/1763 1756/1756/1756 1759/1759/1759
f 1764/1764/1764 1756/1756/1756 1763/1763/1763
f 1767/1767/1767 1766/1766/1766 1765/1765/1765
f 1768/1768/1768 1766/1766/1766 1767/1767/1767
f 1767/1767/1767 1769/1769/1769 1768/1768/1768
f 1768/1768/1768 1769/1769/1769 1770/1770/1770
f 1766/1766/1766 1771/1771/1771 1765/1765/1765
f 1765/1765/1765 1771/1771/1771 1772/1772/1772
f 1775/1775/1775 1774/1774/1774 1773/1773/1773
f 1776/1776/1776 1774/1774/1774 1775/1775/1775
f 1774/1774/1774 1777/1777/1777 1773/1773/1773
f 1773/1773/1773 1777/1777/1777 1778/1778/1778
f 1781/1781/1781 1780/1780/1780 1779/1779/1779
f 1782/1782/1782 1780/1780/1780 1781/1781/1781
f 1785/1785/1785 1784/1784/1784 1783/1783/1783
f 1786/1786/1786 1784/1784/1784 1785/1785/1785
f 1786/1786/1786 1787/1787/1787 1784/1784/1784
f 1788/1788/1788 1787/1787/1787 1786/1786/1786
f 1791/1791/1791 1790/1790/1790 1789/1789/1789
f 1792/1792/1792 1790/1790/1790 1791/1791/1791
f 1791/1791/1791 1789/1789/1789 1793/1793/1793
f 1793/1793/1793 1789/1789/1789 1794/1794/1794
f 1793/1793/1793 1794/1794/1794 1795/1795/1795
f 1795/1795/1795 1794/1794/1794 1796/1796/1796
f 1795/1795/1795 1796/1796/1796 1797/1797/1797
f 1797/1797/1797 1796/1796/1796 1798/1798/1798
f 1792/1792/1792 1799/1799/1799 1790/1790/1790
f 1800/1800/1800 1799/1799/1799 1792/1792/1792
f 1803/1803/1803 1802/1802/1802 1801/1801/1801
f 1803/1803/1803 1804/1804/1804 1802/1802/1802
f 1803/1803/1803 1805/1805/1805 1804/1804/1804
f 1803/1803/1803 1801/1801/1801 1806/1806/1806
f 1803/1803/1803 1807/1807/1807 1805/1805/1805
f 1803/1803/1803 1808/1808/1808 1807/1807/1807
f 1803/1803/1803 1809/1809/1809 1808/1808/1808
f 1803/1803/1803 1810/1810/1810 1809/1809/1809
f 1803/1803/1803 1811/1811/1811 1810/1810/1810
f 1803/1803/1803 1806/1806/1806 1811/1811/1811
f 1814/1814/1814 1813/1813/1813 1812/1812/1812
f 1815/1815/1815 1813/1813/1813 1814/1814/1814
f 1815/1815/1815 1816/1816/1816 1813/1813/1813
f 1817/1817/1817 1816/1816/1816 1815/1815/1815
f 1817/1817/1817 1818/1818/1818 1816/1816/1816
f 1819/1819/1819 1818/1818/1818 1817/1817/1817
f 1814/1814/1814 1812/1812/1812 1820/1820/1820
f 1820/1820/1820 1812/1812/1812 1821/1821/1821
f 1820/1820/1820 1821/1821/1821 1822/1822/1822
f 1822/1822/1822 1821/1821/1821 1823/1823/1823
f 1826/1826/1826 1825/1825/1825 1824/1824/1824
f 1827/1827/1827 1825/1825/1825 1826/1826/1826
f 1826/1826/1826 1824/1824/1824 1828/1828/1828
f 1828/1828/1828 1824/1824/1824 1829/1829/1829
f 1828/1828/1828 1829/1829/1829 1830/1830/1830
f 1830/1830/1830 1829/1829/1829 1831/1831/1831
f 1830/1830/1830 1831/1831/1831 1832/1832/1832
f 1832/1832/1832 1831/1831/1831 1833/1833/1833
f 1827/1827/1827 1834/1834/1834 1825/1825/1825
f 1835/1835/1835 1834/1834/1834 1827/1827/1827
f 1838/1838/1838 1837/1837/1837 1836/1836/1836
f 1838/1838/1838 1836/1836/1836 1839/1839/1839
f 1838/1838/1838 1840/1840/1840 1837/1837/1837
f 1838/1838/1838 1841/1841/1841 1840/1840/1840
f 1838/1838/1838 1842/1842/1842 1841/1841/1841
f 1838/1838/1838 1843/1843/1843 1842/1842/1842
f 1838/1838/1838 1844/1844/1844 1843/1843/1843
f 1838/1838/1838 1845/1845/1845 1844/1844/1844
f 1838/1838/1838 1846/1846/1846 1845/1845/1845
f 1838/1838/1838 1839/1839/1839 1846/1846/1846
f 1849/1849/1849 1848/1848/1848 1847/1847/1847
f 1850/1850/1850 1848/1848/1848 1849/1849/1849
f 1849/1849/1849 1847/1847/1847 1851/1851/1851
f 1851/1851/1851 1847/1847/1847 1852/1852/1852
f 1851/1851/1851 1852/1852/1852 1853/1853/1853
f 1853/1853/1853 1852/1852/1852 1854/1854/1854
f 1853/1853/1853 1854/1854/1854 1855/1855/1855
f 1855/1855/1855 1854/1854/1854 1856/1856/1856
f 1855/1855/1855 1856/1856/1856 1857/1857/1857
f 1857/1857/1857 1856/1856/1856 1858/1858/1858
f 1861/1861/1861 1860/1860/1860 1859/1859/1859
f 1862/1862/1862 1860/1860/1860 1861/1861/1861
f 1861/1861/1861 1859/1859/1859 1863/1863/1863
f 1863/1863/1863 1859/1859/1859 1864/1864/1864
f 1863/1863/1863 1864/1864/1864 1865/1865/1865
f 1865/1865/1865 1864/1864/1864 1866/1866/1866
f 1865/1865/1865 1866/1866/1866 1867/1867/1867
f 1867/1867/1867 1866/1866/1866 1868/1868/1868
f 1862/1862/1862 1869/1869/1869 1860/1860/1860
f 1870/1870/1870 1869/1869/1869 1862/1862/1862
f 1873/1873/1873 1872/1872/1872 1871/1871/1871
f 1873/1873/1873 1871/1871/1871 1874/1874/1874
f 1873/1873/1873 1874/1874/1874 1875/1875/1875
f 1873/1873/1873 1876/1876/1876 1872/1872/1872
f 1873/1873/1873 1877/1877/1877 1876/1876/1876
f 1873/1873/1873 1878/1878/1878 1877/1877/1877
f 1873/1873/1873 1879/1879/1879 1878/1878/1878
f 1873/1873/1873 1880/1880/1880 1879/1879/1879
f 1873/1873/1873 1881/1881/1881 1880/1880/1880
f 1873/1873/1873 1875/1875/1875 1881/1881/1881
f 1884/1884/1884 1883/1883/1883 1882/1882/1882
f 1885/1885/1885 1883/1883/1883 1884/1884/1884
f 1884/1884/1884 1882/1882/1882 1886/1886/1886
f 1886/1886/1886 1882/1882/1882 1887/1887/1887
f 1886/1886/1886 1887/1887/1887 1888/1888/1888
f 1888/1888/1888 1887/1887/1887 1889/1889/1889
f 1888/1888/1888 1889/1889/1889 1890/1890/1890
f 1890/1890/1890 1889/1889/1889 1891/1891/1891
f 1890/1890/1890 1891/1891/1891 1892/1892/1892
f 1892/1892/1892 1891/1891/1891 1893/1893/1893
f 1896/1896/1896 1895/1895/1895 1894/1894/1894
f 1898/1898/1898 1895/1895/1895 1897/1897/1897
f 1898/1898/1898 1899/1899/1899 1895/1895/1895
f 1901/1901/1901 1899/1899/1899 1900/1900/1900
f 1903/1903/1903 1901/1901/1901 1902/1902/1902
f 1903/1903/1903 1902/1902/1902 1904/1904/1904
f 1905/1905/1905 1901/1901/1901 1903/1903/1903
f 1906/1906/1906 1903/1903/1903 1904/1904/1904
f 1907/1907/1907 1903/1903/1903 1906/1906/1906
f 1907/1907/1907 1905/1905/1905 1903/1903/1903
f 1908/1908/1908 1905/1905/1905 1907/1907/1907
f 1909/1909/1909 1907/1907/1907 1906/1906/1906
f 1910/1910/1910 1907/1907/1907 1909/1909/1909
f 1910/1910/1910 1908/1908/1908 1907/1907/1907
f 1911/1911/1911 1908/1908/1908 1910/1910/1910
f 1912/1912/1912 1910/1910/1910 1909/1909/1909
f 1913/1913/1913 1910/1910/1910 1912/1912/1912
f 1913/1913/1913 1911/1911/1911 1910/1910/1910
f 1914/1914/1914 1911/1911/1911 1913/1913/1913
f 1915/1915/1915 1914/1914/1914 1913/1913/1913
f 1916/1916/1916 1914/1914/1914 1915/1915/1915
f 1915/1915/1915 1913/1913/1913 1917/1917/1917
f 1917/1917/1917 1913/1913/1913 1912/1912/1912
f 1916/1916/1916 1918/1918/1918 1914/1914/1914
f 1921/1921/1921 1920/1920/1920 1919/1919/1919
f 1919/1919/1919 1920/1920/1920 1922/1922/1922
f 1919/1919/1919 1922/1922/1922 1923/1923/1923
f 1923/1923/1923 1922/1922/1922 1924/1924/1924
f 1925/1925/1925 1919/1919/1919 1923/1923/1923
f 1926/1926/1926 1919/1919/1919 1925/1925/1925
f 1928/1928/1928 1927/1927/1927 1919/1919/1919
f 1930/1930/1930 1929/1929/1929 1925/1925/1925
f 1932/1932/1932 1931/1931/1931 1930/1930/1930
f 1932/1932/1932 1933/1933/1933 1931/1931/1931
f 1934/1934/1934 1933/1933/1933 1932/1932/1932
f 1935/1935/1935 1934/1934/1934 1932/1932/1932
f 1936/1936/1936 1934/1934/1934 1935/1935/1935
f 1937/1937/1937 1932/1932/1932 1930/1930/1930
f 1935/1935/1935 1932/1932/1932 1937/1937/1937
f 1938/1938/1938 1936/1936/1936 1935/1935/1935
f 1939/1939/1939 1936/1936/1936 1938/1938/1938
f 1940/1940/1940 1935/1935/1935 1937/1937/1937
f 1938/1938/1938 1935/1935/1935 1940/1940/1940
f 1941/1941/1941 1938/1938/1938 1940/1940/1940
f 1942/1942/1942 1938/1938/1938 1941/1941/1941
f 1942/1942/1942 1939/1939/1939 1938/1938/1938
f 1941/1941/1941 1943/1943/1943 1942/1942/1942
f 1943/1943/1943 1944/1944/1944 1942/1942/1942
f 1945/1945/1945 1939/1939/1939 1942/1942/1942
f 1946/1946/1946 1941/1941/1941 1940/1940/1940
f 1948/1948/1948 1947/1947/1947 1931/1931/1931
f 1951/1951/1951 1950/1950/1950 1949/1949/1949
f 1954/1954/1954 1953/1953/1953 1952/1952/1952
f 1957/1957/1957 1956/1956/1956 1955/1955/1955
f 1960/1960/1960 1959/1959/1959 1958/1958/1958
f 1962/1962/1962 1961/1961/1961 1958/1958/1958
f 1965/1965/1965 1964/1964/1964 1963/1963/1963
f 1968/1968/1968 1967/1967/1967 1966/1966/1966
f 1971/1971/1971 1970/1970/1970 1969/1969/1969
f 1974/1974/1974 1973/1973/1973 1972/1972/1972
f 1975/1975/1975 1973/1973/1973 1974/1974/1974
f 1974/1974/1974 1972/1972/1972 1976/1976/1976
f 1976/1976/1976 1972/1972/1972 1977/1977/1977
f 1978/1978/1978 1975/1975/1975 1974/1974/1974
f 1979/1979/1979 1975/1975/1975 1978/1978/1978
f 1978/1978/1978 1974/1974/1974 1980/1980/1980
f 1981/1981/1981 1979/1979/1979 1978/1978/1978
f 1982/1982/1982 1979/1979/1979 1981/1981/1981
f 1983/1983/1983 1978/1978/1978 1980/1980/1980
f 1981/1981/1981 1978/1978/1978 1983/1983/1983
f 1984/1984/1984 1982/1982/1982 1981/1981/1981
f 1985/1985/1985 1982/1982/1982 1984/1984/1984
f 1984/1984/1984 1981/1981/1981 1986/1986/1986
f 1986/1986/1986 1981/1981/1981 1987/1987/1987
f 1988/1988/1988 1985/1985/1985 1984/1984/1984
f 1989/1989/1989 1985/1985/1985 1988/1988/1988
f 1992/1992/1992 1991/1991/1991 1990/1990/1990
f 1990/1990/1990 1994/1994/1994 1993/1993/1993
f 1990/1990/1990 1993/1993/1993 1995/1995/1995
f 1995/1995/1995 1993/1993/1993 1996/1996/1996
f 1997/1997/1997 1990/1990/1990 1995/1995/1995
f 1998/1998/1998 1990/1990/1990 1997/1997/1997
f 2000/2000/2000 1999/1999/1999 1990/1990/1990
f 2002/2002/2002 2001/2001/2001 1997/1997/1997
f 2003/2003/2003 2001/2001/2001 2002/2002/2002
f 2004/2004/2004 2003/2003/2003 2002/2002/2002
f 2005/2005/2005 2003/2003/2003 2004/2004/2004
f 2005/2005/2005 2006/2006/2006 2003/2003/2003
f 2007/2007/2007 2005/2005/2005 2004/2004/2004
f 2008/2008/2008 2005/2005/2005 2007/2007/2007
f 2008/2008/2008 2009/2009/2009 2005/2005/2005
f 2010/2010/2010 2009/2009/2009 2008/2008/2008
f 2010/2010/2010 2011/2011/2011 2009/2009/2009
f 2012/2012/2012 2011/2011/2011 2010/2010/2010
f 2013/2013/2013 2012/2012/2012 2010/2010/2010
f 2014/2014/2014 2012/2012/2012 2013/2013/2013
f 2015/2015/2015 2010/2010/2010 2008/2008/2008
f 2013/2013/2013 2010/2010/2010 2015/2015/2015
f 2018/2018/2018 2017/2017/2017 2016/2016/2016
f 2021/2021/2021 2020/2020/2020 2019/2019/2019
f 2023/2023/2023 2022/2022/2022 2019/2019/2019
f 2024/2024/2024 2022/2022/2022 2023/2023/2023
f 2026/2026/2026 2024/2024/2024 2025/2025/2025
f 2029/2029/2029 2028/2028/2028 2027/2027/2027
f 2032/2032/2032 2031/2031/2031 2030/2030/2030
f 2033/2033/2033 2031/2031/2031 2032/2032/2032
f 2032/2032/2032 2030/2030/2030 2034/2034/2034
f 2034/2034/2034 2030/2030/2030 2035/2035/2035
f 2034/2034/2034 2035/2035/2035 2036/2036/2036
f 2033/2033/2033 2037/2037/2037 2031/2031/2031
f 2038/2038/2038 2037/2037/2037 2033/2033/2033
f 2039/2039/2039 2033/2033/2033 2032/2032/2032
f 2040/2040/2040 2033/2033/2033 2039/2039/2039
f 2040/2040/2040 2041/2041/2041 2033/2033/2033
f 2042/2042/2042 2032/2032/2032 2034/2034/2034
f 2039/2039/2039 2032/2032/2032 2042/2042/2042
f 2042/2042/2042 2034/2034/2034 2043/2043/2043
f 2044/2044/2044 2040/2040/2040 2039/2039/2039
f 2045/2045/2045 2039/2039/2039 2042/2042/2042
f 2044/2044/2044 2039/2039/2039 2045/2045/2045
f 2046/2046/2046 2042/2042/2042 2043/2043/2043
f 2045/2045/2045 2042/2042/2042 2047/2047/2047
f 2048/2048/2048 2044/2044/2044 2045/2045/2045
f 2049/2049/2049 2044/2044/2044 2048/2048/2048
f 2049/2049/2049 2050/2050/2050 2044/2044/2044
f 2051/2051/2051 2045/2045/2045 2047/2047/2047
f 2048/2048/2048 2045/2045/2045 2052/2052/2052
f 2053/2053/2053 2048/2048/2048 2052/2052/2052
f 2054/2054/2054 2048/2048/2048 2053/2053/2053
f 2054/2054/2054 2049/2049/2049 2048/2048/2048
f 2053/2053/2053 2055/2055/2055 2054/2054/2054
f 2056/2056/2056 2049/2049/2049 2054/2054/2054
f 2057/2057/2057 2056/2056/2056 2054/2054/2054
f 2056/2056/2056 2058/2058/2058 2049/2049/2049
f 2058/2058/2058 2059/2059/2059 2049/2049/2049
f 2053/2053/2053 2052/2052/2052 2060/2060/2060
f 2060/2060/2060 2061/2061/2061 2053/2053/2053
f 2063/2063/2063 2062/2062/2062 2056/2056/2056
f 2063/2063/2063 2056/2056/2056 2064/2064/2064
f 2067/2067/2067 2066/2066/2066 2065/2065/2065
f 2070/2070/2070 2069/2069/2069 2068/2068/2068
f 2073/2073/2073 2072/2072/2072 2071/2071/2071
f 2075/2075/2075 2074/2074/2074 2044/2044/2044
f 2078/2078/2078 2077/2077/2077 2076/2076/2076
f 2081/2081/2081 2080/2080/2080 2079/2079/2079
f 2080/2080/2080 2082/2082/2082 2079/2079/2079
f 2085/2085/2085 2084/2084/2084 2083/2083/2083
f 2085/2085/2085 2086/2086/2086 2084/2084/2084
f 2089/2089/2089 2088/2088/2088 2087/2087/2087
f 2090/2090/2090 2089/2089/2089 2087/2087/2087
f 2093/2093/2093 2092/2092/2092 2091/2091/2091
f 2093/2093/2093 2091/2091/2091 2094/2094/2094
f 2094/2094/2094 2091/2091/2091 2095/2095/2095
f 2094/2094/2094 2095/2095/2095 2096/2096/2096
f 2096/2096/2096 2095/2095/2095 2097/2097/2097
f 2096/2096/2096 2097/2097/2097 2098/2098/2098
f 2099/2099/2099 2093/2093/2093 2094/2094/2094
f 2100/2100/2100 2093/2093/2093 2099/2099/2099
f 2100/2100/2100 2101/2101/2101 2093/2093/2093
f 2102/2102/2102 2094/2094/2094 2096/2096/2096
f 2103/2103/2103 2094/2094/2094 2102/2102/2102
f 2102/2102/2102 2096/2096/2096 2104/2104/2104
f 2105/2105/2105 2103/2103/2103 2102/2102/2102
f 2105/2105/2105 2102/2102/2102 2106/2106/2106
f 2106/2106/2106 2102/2102/2102 2107/2107/2107
f 2108/2108/2108 2105/2105/2105 2106/2106/2106
f 2109/2109/2109 2105/2105/2105 2108/2108/2108
f 2109/2109/2109 2110/2110/2110 2105/2105/2105
f 2110/2110/2110 2111/2111/2111 2103/2103/2103
f 2112/2112/2112 2111/2111/2111 2110/2110/2110
f 2112/2112/2112 2113/2113/2113 2111/2111/2111
f 2114/2114/2114 2113/2113/2113 2112/2112/2112
f 2110/2110/2110 2115/2115/2115 2105/2105/2105
f 2116/2116/2116 2114/2114/2114 2112/2112/2112
f 2117/2117/2117 2112/2112/2112 2110/2110/2110
f 2116/2116/2116 2112/2112/2112 2117/2117/2117
f 2117/2117/2117 2110/2110/2110 2109/2109/2109
f 2118/2118/2118 2109/2109/2109 2108/2108/2108
f 2119/2119/2119 2109/2109/2109 2118/2118/2118
f 2119/2119/2119 2117/2117/2117 2109/2109/2109
f 2119/2119/2119 2118/2118/2118 2120/2120/2120
f 2121/2121/2121 2117/2117/2117 2119/2119/2119
f 2121/2121/2121 2116/2116/2116 2117/2117/2117
f 2121/2121/2121 2119/2119/2119 2122/2122/2122
f 2123/2123/2123 2116/2116/2116 2121/2121/2121
f 2126/2126/2126 2125/2125/2125 2124/2124/2124
f 2129/2129/2129 2128/2128/2128 2127/2127/2127
f 2132/2132/2132 2131/2131/2131 2130/2130/2130
f 2135/2135/2135 2134/2134/2134 2133/2133/2133
f 2138/2138/2138 2137/2137/2137 2136/2136/2136
f 2141/2141/2141 2140/2140/2140 2139/2139/2139
f 2142/2142/2142 2141/2141/2141 2139/2139/2139
f 2145/2145/2145 2144/2144/2144 2143/2143/2143
f 2145/2145/2145 2143/2143/2143 2146/2146/2146
f 2145/2145/2145 2146/2146/2146 2147/2147/2147
f 2145/2145/2145 2147/2147/2147 2148/2148/2148
f 2145/2145/2145 2148/2148/2148 2149/2149/2149
f 2145/2145/2145 2149/2149/2149 2150/2150/2150
f 2145/2145/2145 2150/2150/2150 2151/2151/2151
f 2145/2145/2145 2151/2151/2151 2152/2152/2152
f 2145/2145/2145 2152/2152/2152 2153/2153/2153
f 2145/2145/2145 2153/2153/2153 2154/2154/2154
f 2145/2145/2145 2154/2154/2154 2155/2155/2155
f 2145/2145/2145 2155/2155/2155 2144/2144/2144
f 2158/2158/2158 2157/2157/2157 2156/2156/2156
f 2158/2158/2158 2156/2156/2156 2159/2159/2159
f 2159/2159/2159 2156/2156/2156 2160/2160/2160
f 2159/2159/2159 2160/2160/2160 2161/2161/2161
f 2162/2162/2162 2157/2157/2157 2158/2158/2158
f 2162/2162/2162 2163/2163/2163 2157/2157/2157
f 2164/2164/2164 2163/2163/2163 2162/2162/2162
f 2164/2164/2164 2165/2165/2165 2163/2163/2163
f 2166/2166/2166 2165/2165/2165 2164/2164/2164
f 2161/2161/2161 2160/2160/2160 2167/2167/2167
f 2169/2169/2169 2167/2167/2167 2168/2168/2168
f 2172/2172/2172 2171/2171/2171 2170/2170/2170
f 2172/2172/2172 2170/2170/2170 2173/2173/2173
f 2173/2173/2173 2170/2170/2170 2174/2174/2174
f 2173/2173/2173 2174/2174/2174 2175/2175/2175
f 2176/2176/2176 2171/2171/2171 2172/2172/2172
f 2176/2176/2176 2177/2177/2177 2171/2171/2171
f 2178/2178/2178 2177/2177/2177 2176/2176/2176
f 2178/2178/2178 2179/2179/2179 2177/2177/2177
f 2180/2180/2180 2179/2179/2179 2178/2178/2178
f 2175/2175/2175 2174/2174/2174 2181/2181/2181
f 2175/2175/2175 2181/2181/2181 2182/2182/2182
f 2182/2182/2182 2181/2181/2181 2183/2183/2183
f 2186/2186/2186 2185/2185/2185 2184/2184/2184
f 2189/2189/2189 2188/2188/2188 2187/2187/2187
f 2189/2189/2189 2187/2187/2187 2190/2190/2190
f 2189/2189/2189 2190/2190/2190 2191/2191/2191
f 2189/2189/2189 2191/2191/2191 2192/2192/2192
f 2189/2189/2189 2192/2192/2192 2193/2193/2193
f 2189/2189/2189 2193/2193/2193 2194/2194/2194
f 2189/2189/2189 2194/2194/2194 2195/2195/2195
f 2189/2189/2189 2195/2195/2195 2196/2196/2196
f 2189/2189/2189 2196/2196/2196 2197/2197/2197
f 2189/2189/2189 2197/2197/2197 2198/2198/2198
f 2189/2189/2189 2198/2198/2198 2199/2199/2199
f 2189/2189/2189 2199/2199/2199 2188/2188/2188
f 2202/2202/2202 2201/2201/2201 2200/2200/2200
f 2203/2203/2203 2201/2201/2201 2202/2202/2202
f 2202/2202/2202 2200/2200/2200 2204/2204/2204
f 2204/2204/2204 2200/2200/2200 2205/2205/2205
f 2204/2204/2204 2205/2205/2205 2206/2206/2206
f 2206/2206/2206 2205/2205/2205 2207/2207/2207
f 2206/2206/2206 2207/2207/2207 2208/2208/2208
f 2208/2208/2208 2207/2207/2207 2209/2209/2209
f 2208/2208/2208 2209/2209/2209 2210/2210/2210
f 2210/2210/2210 2209/2209/2209 2211/2211/2211
f 2210/2210/2210 2211/2211/2211 2212/2212/2212
f 2212/2212/2212 2211/2211/2211 2213/2213/2213
f 2203/2203/2203 2214/2214/2214 2201/2201/2201
f 2215/2215/2215 2214/2214/2214 2203/2203/2203
f 2218/2218/2218 2217/2217/2217 2216/2216/2216
f 2218/2218/2218 2216/2216/2216 2219/2219/2219
f 2219/2219/2219 2216/2216/2216 2220/2220/2220
f 2219/2219/2219 2220/2220/2220 2221/2221/2221
f 2222/2222/2222 2217/2217/2217 2218/2218/2218
f 2222/2222/2222 2223/2223/2223 2217/2217/2217
f 2224/2224/2224 2223/2223/2223 2222/2222/2222
f 2224/2224/2224 2225/2225/2225 2223/2223/2223
f 2226/2226/2226 2225/2225/2225 2224/2224/2224
f 2229/2229/2229 2228/2228/2228 2227/2227/2227
f 2232/2232/2232 2231/2231/2231 2230/2230/2230
f 2233/2233/2233 2231/2231/2231 2232/2232/2232
f 2234/2234/2234 2230/2230/2230 2231/2231/2231
f 2235/2235/2235 2230/2230/2230 2234/2234/2234
f 2238/2238/2238 2237/2237/2237 2236/2236/2236
f 2239/2239/2239 2237/2237/2237 2238/2238/2238
f 2242/2242/2242 2241/2241/2241 2240/2240/2240
f 2243/2243/2243 2241/2241/2241 2242/2242/2242
f 2246/2246/2246 2245/2245/2245 2244/2244/2244
f 2247/2247/2247 2245/2245/2245 2246/2246/2246
f 2250/2250/2250 2249/2249/2249 2248/2248/2248
f 2251/2251/2251 2249/2249/2249 2250/2250/2250
f 2251/2251/2251 2252/2252/2252 2249/2249/2249
f 2253/2253/2253 2252/2252/2252 2251/2251/2251
f 2253/2253/2253 2254/2254/2254 2252/2252/2252
f 2255/2255/2255 2254/2254/2254 2253/2253/2253
f 2258/2258/2258 2257/2257/2257 2256/2256/2256
f 2258/2258/2258 2256/2256/2256 2259/2259/2259
f 2258/2258/2258 2259/2259/2259 2260/2260/2260
f 2258/2258/2258 2260/2260/2260 2261/2261/2261
f 2258/2258/2258 2261/2261/2261 2262/2262/2262
f 2258/2258/2258 2262/2262/2262 2263/2263/2263
f 2258/2258/2258 2263/2263/2263 2264/2264/2264
f 2258/2258/2258 2264/2264/2264 2265/2265/2265
f 2258/2258/2258 2265/2265/2265 2266/2266/2266
f 2258/2258/2258 2266/2266/2266 2267/2267/2267
f 2258/2258/2258 2267/2267/2267 2268/2268/2268
f 2258/2258/2258 2268/2268/2268 2257/2257/2257
f 2271/2271/2271 2270/2270/2270 2269/2269/2269
f 2271/2271/2271 2269/2269/2269 2272/2272/2272
f 2272/2272/2272 2269/2269/2269 2273/2273/2273
f 2272/2272/2272 2273/2273/2273 2274/2274/2274
f 2275/2275/2275 2270/2270/2270 2271/2271/2271
f 2275/2275/2275 2276/2276/2276 2270/2270/2270
f 2277/2277/2277 2276/2276/2276 2275/2275/2275
f 2277/2277/2277 2278/2278/2278 2276/2276/2276
f 2279/2279/2279 2278/2278/2278 2277/2277/2277
f 2282/2282/2282 2281/2281/2281 2280/2280/2280
f 2282/2282/2282 2280/2280/2280 2283/2283/2283
f 2283/2283/2283 2280/2280/2280 2284/2284/2284
f 2285/2285/2285 2281/2281/2281 2282/2282/2282
f 2285/2285/2285 2286/2286/2286 2281/2281/2281
f 2287/2287/2287 2286/2286/2286 2285/2285/2285
f 2287/2287/2287 2288/2288/2288 2286/2286/2286
f 2289/2289/2289 2288/2288/2288 2287/2287/2287
f 2289/2289/2289 2290/2290/2290 2288/2288/2288
f 2291/2291/2291 2290/2290/2290 2289/2289/2289
f 2283/2283/2283 2284/2284/2284 2292/2292/2292
f 2292/2292/2292 2284/2284/2284 2293/2293/2293
f 2292/2292/2292 2293/2293/2293 2294/2294/2294
f 2294/2294/2294 2293/2293/2293 2295/2295/2295
f 2298/2298/2298 2297/2297/2297 2296/2296/2296
f 2301/2301/2301 2300/2300/2300 2299/2299/2299
f 2301/2301/2301 2299/2299/2299 2302/2302/2302
f 2302/2302/2302 2299/2299/2299 2303/2303/2303
f 2302/2302/2302 2303/2303/2303 2304/2304/2304
f 2304/2304/2304 2303/2303/2303 2305/2305/2305
f 2304/2304/2304 2305/2305/2305 2306/2306/2306
f 2306/2306/2306 2305/2305/2305 2307/2307/2307
f 2306/2306/2306 2307/2307/2307 2308/2308/2308
f 2308/2308/2308 2307/2307/2307 2309/2309/2309
f 2312/2312/2312 2311/2311/2311 2310/2310/2310
f 2312/2312/2312 2310/2310/2310 2313/2313/2313
f 2312/2312/2312 2313/2313/2313 2314/2314/2314
f 2312/2312/2312 2315/2315/2315 2311/2311/2311
f 2312/2312/2312 2316/2316/2316 2315/2315/2315
f 2312/2312/2312 2317/2317/2317 2316/2316/2316
f 2312/2312/2312 2318/2318/2318 2317/2317/2317
f 2312/2312/2312 2319/2319/2319 2318/2318/2318
f 2312/2312/2312 2320/2320/2320 2319/2319/2319
f 2312/2312/2312 2314/2314/2314 2320/2320/2320
f 2323/2323/2323 2322/2322/2322 2321/2321/2321
f 2326/2326/2326 2325/2325/2325 2324/2324/2324
f 2327/2327/2327 2325/2325/2325 2326/2326/2326
f 2327/2327/2327 2328/2328/2328 2325/2325/2325
f 2331/2331/2331 2330/2330/2330 2329/2329/2329
f 2332/2332/2332 2330/2330/2330 2331/2331/2331
f 2332/2332/2332 2333/2333/2333 2330/2330/2330
f 2334/2334/2334 2333/2333/2333 2332/2332/2332
f 2334/2334/2334 2335/2335/2335 2333/2333/2333
f 2336/2336/2336 2335/2335/2335 2334/2334/2334
f 2339/2339/2339 2338/2338/2338 2337/2337/2337
f 2342/2342/2342 2341/2341/2341 2340/2340/2340
f 2343/2343/2343 2341/2341/2341 2342/2342/2342
f 2342/2342/2342 2340/2340/2340 2344/2344/2344
f 2344/2344/2344 2340/2340/2340 2345/2345/2345
f 2344/2344/2344 2345/2345/2345 2346/2346/2346
f 2346/2346/2346 2345/2345/2345 2347/2347/2347
f 2346/2346/2346 2347/2347/2347 2348/2348/2348
f 2343/2343/2343 2349/2349/2349 2341/2341/2341
f 2350/2350/2350 2349/2349/2349 2343/2343/2343
f 2352/2352/2352 2347/2347/2347 2351/2351/2351
f 2355/2355/2355 2354/2354/2354 2353/2353/2353
f 2355/2355/2355 2353/2353/2353 2356/2356/2356
f 2355/2355/2355 2356/2356/2356 2357/2357/2357
f 2355/2355/2355 2357/2357/2357 2358/2358/2358
f 2355/2355/2355 2359/2359/2359 2354/2354/2354
f 2355/2355/2355 2360/2360/2360 2359/2359/2359
f 2355/2355/2355 2361/2361/2361 2360/2360/2360
f 2355/2355/2355 2362/2362/2362 2361/2361/2361
f 2355/2355/2355 2363/2363/2363 2362/2362/2362
f 2355/2355/2355 2358/2358/2358 2363/2363/2363
f 2366/2366/2366 2365/2365/2365 2364/2364/2364
f 2367/2367/2367 2365/2365/2365 2366/2366/2366
f 2366/2366/2366 2364/2364/2364 2368/2368/2368
f 2368/2368/2368 2364/2364/2364 2369/2369/2369
f 2368/2368/2368 2369/2369/2369 2370/2370/2370
f 2370/2370/2370 2369/2369/2369 2371/2371/2371
f 2370/2370/2370 2371/2371/2371 2372/2372/2372
f 2372/2372/2372 2371/2371/2371 2373/2373/2373
f 2372/2372/2372 2373/2373/2373 2374/2374/2374
f 2374/2374/2374 2373/2373/2373 2375/2375/2375
f 2378/2378/2378 2377/2377/2377 2376/2376/2376
f 2379/2379/2379 2377/2377/2377 2378/2378/2378
f 2378/2378/2378 2376/2376/2376 2380/2380/2380
f 2380/2380/2380 2376/2376/2376 2381/2381/2381
f 2380/2380/2380 2381/2381/2381 2382/2382/2382
f 2379/2379/2379 2383/2383/2383 2377/2377/2377
f 2384/2384/2384 2383/2383/2383 2379/2379/2379
f 2385/2385/2385 2379/2379/2379 2378/2378/2378
f 2386/2386/2386 2379/2379/2379 2385/2385/2385
f 2386/2386/2386 2387/2387/2387 2379/2379/2379
f 2388/2388/2388 2378/2378/2378 2380/2380/2380
f 2385/2385/2385 2378/2378/2378 2388/2388/2388
f 2388/2388/2388 2380/2380/2380 2389/2389/2389
f 2389/2389/2389 2380/2380/2380 2390/2390/2390
f 2391/2391/2391 2386/2386/2386 2385/2385/2385
f 2392/2392/2392 2385/2385/2385 2388/2388/2388
f 2391/2391/2391 2385/2385/2385 2392/2392/2392
f 2392/2392/2392 2388/2388/2388 2393/2393/2393
f 2394/2394/2394 2391/2391/2391 2392/2392/2392
f 2395/2395/2395 2391/2391/2391 2394/2394/2394
f 2395/2395/2395 2396/2396/2396 2391/2391/2391
f 2394/2394/2394 2392/2392/2392 2397/2397/2397
f 2397/2397/2397 2392/2392/2392 2398/2398/2398
f 2399/2399/2399 2394/2394/2394 2397/2397/2397
f 2400/2400/2400 2394/2394/2394 2399/2399/2399
f 2400/2400/2400 2395/2395/2395 2394/2394/2394
f 2399/2399/2399 2401/2401/2401 2400/2400/2400
f 2402/2402/2402 2395/2395/2395 2400/2400/2400
f 2402/2402/2402 2403/2403/2403 2395/2395/2395
f 2403/2403/2403 2404/2404/2404 2395/2395/2395
f 2405/2405/2405 2402/2402/2402 2400/2400/2400
f 2406/2406/2406 2403/2403/2403 2402/2402/2402
f 2406/2406/2406 2402/2402/2402 2407/2407/2407
f 2406/2406/2406 2408/2408/2408 2403/2403/2403
f 2408/2408/2408 2409/2409/2409 2403/2403/2403
f 2403/2403/2403 2409/2409/2409 2410/2410/2410
f 2409/2409/2409 2411/2411/2411 2410/2410/2410
f 2390/2390/2390 2413/2413/2413 2412/2412/2412
f 2415/2415/2415 2384/2384/2384 2414/2414/2414
f 2417/2417/2417 2415/2415/2415 2416/2416/2416
f 2420/2420/2420 2419/2419/2419 2418/2418/2418
f 2423/2423/2423 2422/2422/2422 2421/2421/2421
f 2426/2426/2426 2425/2425/2425 2424/2424/2424
f 2426/2426/2426 2427/2427/2427 2425/2425/2425
f 2430/2430/2430 2429/2429/2429 2428/2428/2428
f 2433/2433/2433 2432/2432/2432 2431/2431/2431
f 2436/2436/2436 2435/2435/2435 2434/2434/2434
f 2436/2436/2436 2437/2437/2437 2435/2435/2435
f 2436/2436/2436 2438/2438/2438 2437/2437/2437
f 2439/2439/2439 2438/2438/2438 2436/2436/2436
f 2438/2438/2438 2440/2440/2440 2437/2437/2437
f 2438/2438/2438 2441/2441/2441 2440/2440/2440
f 2437/2437/2437 2440/2440/2440 2442/2442/2442
f 2440/2440/2440 2443/2443/2443 2442/2442/2442
f 2440/2440/2440 2444/2444/2444 2443/2443/2443
f 2444/2444/2444 2445/2445/2445 2443/2443/2443
f 2442/2442/2442 2443/2443/2443 2446/2446/2446
f 2443/2443/2443 2447/2447/2447 2446/2446/2446
f 2443/2443/2443 2448/2448/2448 2447/2447/2447
f 2445/2445/2445 2449/2449/2449 2447/2447/2447
f 2446/2446/2446 2447/2447/2447 2450/2450/2450
f 2447/2447/2447 2451/2451/2451 2450/2450/2450
f 2447/2447/2447 2452/2452/2452 2451/2451/2451
f 2450/2450/2450 2451/2451/2451 2453/2453/2453
f 2450/2450/2450 2453/2453/2453 2454/2454/2454
f 2454/2454/2454 2453/2453/2453 2455/2455/2455
f 2454/2454/2454 2455/2455/2455 2456/2456/2456
f 2457/2457/2457 2450/2450/2450 2454/2454/2454
f 2446/2446/2446 2450/2450/2450 2457/2457/2457
f 2457/2457/2457 2454/2454/2454 2458/2458/2458
f 2459/2459/2459 2446/2446/2446 2457/2457/2457
f 2442/2442/2442 2446/2446/2446 2459/2459/2459
f 2459/2459/2459 2457/2457/2457 2460/2460/2460
f 2460/2460/2460 2457/2457/2457 2461/2461/2461
f 2462/2462/2462 2442/2442/2442 2459/2459/2459
f 2437/2437/2437 2442/2442/2442 2462/2462/2462
f 2463/2463/2463 2459/2459/2459 2460/2460/2460
f 2462/2462/2462 2459/2459/2459 2464/2464/2464
f 2465/2465/2465 2462/2462/2462 2464/2464/2464
f 2435/2435/2435 2462/2462/2462 2465/2465/2465
f 2435/2435/2435 2437/2437/2437 2462/2462/2462
f 2468/2468/2468 2467/2467/2467 2466/2466/2466
f 2471/2471/2471 2470/2470/2470 2469/2469/2469
f 2474/2474/2474 2473/2473/2473 2472/2472/2472
f 2477/2477/2477 2476/2476/2476 2475/2475/2475
f 2480/2480/2480 2479/2479/2479 2478/2478/2478
f 2481/2481/2481 2480/2480/2480 2478/2478/2478
f 2484/2484/2484 2483/2483/2483 2482/2482/2482
f 2487/2487/2487 2486/2486/2486 2485/2485/2485
f 2488/2488/2488 2486/2486/2486 2487/2487/2487
f 2487/2487/2487 2485/2485/2485 2489/2489/2489
f 2489/2489/2489 2485/2485/2485 2490/2490/2490
f 2489/2489/2489 2490/2490/2490 2491/2491/2491
f 2491/2491/2491 2490/2490/2490 2492/2492/2492
f 2491/2491/2491 2492/2492/2492 2493/2493/2493
f 2488/2488/2488 2494/2494/2494 2486/2486/2486
f 2495/2495/2495 2494/2494/2494 2488/2488/2488
f 2498/2498/2498 2497/2497/2497 2496/2496/2496
f 2498/2498/2498 2496/2496/2496 2499/2499/2499
f 2498/2498/2498 2500/2500/2500 2497/2497/2497
f 2498/2498/2498 2501/2501/2501 2500/2500/2500
f 2498/2498/2498 2499/2499/2499 2502/2502/2502
f 2498/2498/2498 2502/2502/2502 2503/2503/2503
f 2498/2498/2498 2503/2503/2503 2504/2504/2504
f 2498/2498/2498 2504/2504/2504 2505/2505/2505
f 2498/2498/2498 2505/2505/2505 2506/2506/2506
f 2498/2498/2498 2506/2506/2506 2501/2501/2501
f 2509/2509/2509 2508/2508/2508 2507/2507/2507
f 2510/2510/2510 2508/2508/2508 2509/2509/2509
f 2510/2510/2510 2511/2511/2511 2508/2508/2508
f 2512/2512/2512 2511/2511/2511 2510/2510/2510
f 2512/2512/2512 2513/2513/2513 2511/2511/2511
f 2514/2514/2514 2513/2513/2513 2512/2512/2512
f 2514/2514/2514 2515/2515/2515 2513/2513/2513
f 2516/2516/2516 2515/2515/2515 2514/2514/2514
f 2516/2516/2516 2517/2517/2517 2515/2515/2515
f 2518/2518/2518 2517/2517/2517 2516/2516/2516
f 2521/2521/2521 2520/2520/2520 2519/2519/2519
f 2524/2524/2524 2523/2523/2523 2522/2522/2522
f 2523/2523/2523 2525/2525/2525 2522/2522/2522
f 2528/2528/2528 2527/2527/2527 2526/2526/2526
f 2529/2529/2529 2528/2528/2528 2526/2526/2526
f 2526/2526/2526 2531/2531/2531 2530/2530/2530
f 2532/2532/2532 2526/2526/2526 2530/2530/2530
f 2532/2532/2532 2530/2530/2530 2533/2533/2533
f 2535/2535/2535 2534/2534/2534 2529/2529/2529
f 2537/2537/2537 2536/2536/2536 2532/2532/2532
f 2540/2540/2540 2539/2539/2539 2538/2538/2538
f 2539/2539/2539 2541/2541/2541 2538/2538/2538
f 2538/2538/2538 2541/2541/2541 2542/2542/2542
f 2541/2541/2541 2543/2543/2543 2542/2542/2542
f 2542/2542/2542 2543/2543/2543 2544/2544/2544
f 2543/2543/2543 2545/2545/2545 2544/2544/2544
f 2542/2542/2542 2544/2544/2544 2546/2546/2546
f 2546/2546/2546 2544/2544/2544 2547/2547/2547
f 2544/2544/2544 2548/2548/2548 2547/2547/2547
f 2544/2544/2544 2549/2549/2549 2548/2548/2548
f 2547/2547/2547 2548/2548/2548 2550/2550/2550
f 2548/2548/2548 2551/2551/2551 2550/2550/2550
f 2548/2548/2548 2552/2552/2552 2551/2551/2551
f 2553/2553/2553 2552/2552/2552 2548/2548/2548
f 2550/2550/2550 2551/2551/2551 2554/2554/2554
f 2546/2546/2546 2547/2547/2547 2555/2555/2555
f 2555/2555/2555 2547/2547/2547 2556/2556/2556
f 2547/2547/2547 2557/2557/2557 2556/2556/2556
f 2558/2558/2558 2542/2542/2542 2546/2546/2546
f 2559/2559/2559 2546/2546/2546 2555/2555/2555
f 2558/2558/2558 2546/2546/2546 2559/2559/2559
f 2560/2560/2560 2558/2558/2558 2559/2559/2559
f 2562/2562/2562 2561/2561/2561 2558/2558/2558
f 2562/2562/2562 2558/2558/2558 2563/2563/2563
f 2563/2563/2563 2564/2564/2564 2562/2562/2562
f 2561/2561/2561 2542/2542/2542 2558/2558/2558
f 2566/2566/2566 2565/2565/2565 2552/2552/2552
f 2569/2569/2569 2568/2568/2568 2567/2567/2567
f 2570/2570/2570 2569/2569/2569 2567/2567/2567
f 2573/2573/2573 2572/2572/2572 2571/2571/2571
f 2574/2574/2574 2573/2573/2573 2571/2571/2571
f 2575/2575/2575 2574/2574/2574 2571/2571/2571
f 2576/2576/2576 2575/2575/2575 2571/2571/2571
f 2579/2579/2579 2578/2578/2578 2577/2577/2577
f 2580/2580/2580 2579/2579/2579 2577/2577/2577
f 2582/2582/2582 2579/2579/2579 2581/2581/2581
f 2585/2585/2585 2584/2584/2584 2583/2583/2583
f 2588/2588/2588 2587/2587/2587 2586/2586/2586
f 2591/2591/2591 2590/2590/2590 2589/2589/2589
f 2592/2592/2592 2590/2590/2590 2591/2591/2591
f 2591/2591/2591 2589/2589/2589 2593/2593/2593
f 2593/2593/2593 2589/2589/2589 2594/2594/2594
f 2593/2593/2593 2594/2594/2594 2595/2595/2595
f 2595/2595/2595 2594/2594/2594 2596/2596/2596
f 2595/2595/2595 2596/2596/2596 2597/2597/2597
f 2598/2598/2598 2592/2592/2592 2591/2591/2591
f 2599/2599/2599 2591/2591/2591 2593/2593/2593
f 2600/2600/2600 2591/2591/2591 2599/2599/2599
f 2601/2601/2601 2593/2593/2593 2595/2595/2595
f 2599/2599/2599 2593/2593/2593 2601/2601/2601
f 2602/2602/2602 2595/2595/2595 2597/2597/2597
f 2601/2601/2601 2595/2595/2595 2603/2603/2603
f 2590/2590/2590 2604/2604/2604 2589/2589/2589
f 2589/2589/2589 2604/2604/2604 2605/2605/2605
f 2589/2589/2589 2605/2605/2605 2594/2594/2594
f 2604/2604/2604 2606/2606/2606 2605/2605/2605
f 2605/2605/2605 2606/2606/2606 2607/2607/2607
f 2606/2606/2606 2608/2608/2608 2607/2607/2607
f 2607/2607/2607 2608/2608/2608 2609/2609/2609
f 2608/2608/2608 2610/2610/2610 2609/2609/2609
f 2609/2609/2609 2610/2610/2610 2611/2611/2611
f 2609/2609/2609 2611/2611/2611 2612/2612/2612
f 2613/2613/2613 2609/2609/2609 2612/2612/2612
f 2612/2612/2612 2611/2611/2611 2614/2614/2614
f 2607/2607/2607 2609/2609/2609 2615/2615/2615
f 2616/2616/2616 2607/2607/2607 2615/2615/2615
f 2605/2605/2605 2607/2607/2607 2616/2616/2616
f 2616/2616/2616 2615/2615/2615 2617/2617/2617
f 2594/2594/2594 2605/2605/2605 2616/2616/2616
f 2596/2596/2596 2616/2616/2616 2617/2617/2617
f 2594/2594/2594 2616/2616/2616 2596/2596/2596
f 2596/2596/2596 2617/2617/2617 2618/2618/2618
f 2619/2619/2619 2596/2596/2596 2618/2618/2618
f 2621/2621/2621 2617/2617/2617 2620/2620/2620
f 2617/2617/2617 2622/2622/2622 2620/2620/2620
f 2617/2617/2617 2623/2623/2623 2622/2622/2622
f 2623/2623/2623 2624/2624/2624 2622/2622/2622
f 2622/2622/2622 2624/2624/2624 2625/2625/2625
f 2624/2624/2624 2626/2626/2626 2625/2625/2625
f 2625/2625/2625 2626/2626/2626 2627/2627/2627
f 2625/2625/2625 2627/2627/2627 2628/2628/2628
f 2628/2628/2628 2627/2627/2627 2629/2629/2629
f 2630/2630/2630 2625/2625/2625 2628/2628/2628
f 2622/2622/2622 2625/2625/2625 2630/2630/2630
f 2620/2620/2620 2622/2622/2622 2630/2630/2630
f 2632/2632/2632 2631/2631/2631 2598/2598/2598
f 2635/2635/2635 2634/2634/2634 2633/2633/2633
f 2636/2636/2636 2635/2635/2635 2633/2633/2633
f 2639/2639/2639 2638/2638/2638 2637/2637/2637
f 2642/2642/2642 2641/2641/2641 2640/2640/2640
f 2641/2641/2641 2643/2643/2643 2640/2640/2640
f 2644/2644/2644 2641/2641/2641 2642/2642/2642
f 2645/2645/2645 2644/2644/2644 2642/2642/2642
f 2648/2648/2648 2647/2647/2647 2646/2646/2646
f 2649/2649/2649 2648/2648/2648 2646/2646/2646
