g hut_flag
v 530.6576 239.0165 -135.2094
v 545.1129 234.572 -131.4088
v 537.3396 236.4965 -132.6466
v 531.8991 230.8583 -130.0643
v 526.2867 234.063 -133.2462
v 495.5718 250.784 -145.9606
v 497.931 253.5871 -151.3148
v 457.0235 258.2277 -165.5201
v 455.4112 255.2815 -160.7512
v 494.1226 245.2338 -144.6966
v 454.8002 249.6414 -159.3966
v 526.2867 234.063 -133.2462
v 540.5945 238.9729 -137.4868
v 415.4419 249.7279 -179.393
v 414.3931 246.6438 -174.5471
v 547.0939 236.7875 -134.9462
v 552.9272 231.9231 -129.8634
v 377.2315 235.7924 -194.913
v 374.3198 231.6437 -190.994
v 377.8473 235.485 -197.9036
v 375.6638 234.3722 -197.8829
v 417.3954 248.5425 -184.7867
v 459.1231 256.7548 -171.3195
v 419.498 243.7787 -187.9014
v 460.0594 251.8049 -174.737
v 499.7717 252.0025 -157.7758
v 499.7487 246.9563 -160.8021
v 541.6581 237.3518 -142.8888
v 540.7855 232.5636 -145.9379
v 549.6719 231.4513 -140.453
v 553.413 232.47 -137.615
v 379.1467 229.7351 -203.8983
v 378.7921 235.1891 -199.8272
v 376.635 234.174 -200.9857
v 379.1397 235.5875 -198.343
v 547.0939 236.7875 -134.9462
v 380.5206 226.7825 -203.4931
v 419.8734 240.8686 -187.4939
v 381.489 224.1023 -202.4425
v 459.758 248.8033 -174.0876
v 552.9272 231.9231 -129.8634
v 547.0939 236.7875 -134.9462
v 553.4774 233.9549 -131.1651
v 377.2315 235.7924 -194.913
v 374.7374 234.8827 -195.9261
v 375.6638 234.3722 -197.8829
v 377.2315 235.7924 -194.913
v 374.7517 234.7163 -197.1161
v 374.7374 234.8827 -195.9261
v 549.6719 231.4513 -140.453
v 540.7855 232.5636 -145.9379
v 552.126 230.0378 -145.9188
v 499.0986 244.0469 -160.4999
v 540.7855 232.5636 -145.9379
v 499.7487 246.9563 -160.8021
v 459.758 248.8033 -174.0876
v 539.6864 229.8691 -145.7251
v 498.299 241.4045 -159.5393
v 499.0986 244.0469 -160.4999
v 459.2629 246.0803 -172.8238
v 459.758 248.8033 -174.0876
v 457.2202 243.1326 -167.6441
v 495.8485 238.6001 -153.8068
v 455.5495 244.6084 -162.2507
v 494.099 240.1868 -147.7213
v 454.8002 249.6414 -159.3966
v 494.1226 245.2338 -144.6966
v 539.6864 229.8691 -145.7251
v 538.4948 227.4145 -144.8426
v 536.1245 224.9201 -140.2466
v 535.0634 226.5417 -134.8423
v 526.2867 234.063 -133.2462
v 419.9696 238.2255 -186.4412
v 419.8734 240.8686 -187.4939
v 418.5332 235.1387 -181.2596
v 416.578 236.3285 -175.8636
v 414.8632 241.0949 -173.0845
v 414.3931 246.6438 -174.5471
v 374.3198 231.6437 -190.994
v 376.0002 226.197 -189.4106
v 381.489 224.1023 -202.4425
v 381.0708 220.8597 -197.5044
v 378.7965 221.7289 -192.1055
v 533.6986 226.577 -126.4036
v 537.973 231.8953 -127.2119
v 459.758 248.8033 -174.0876
v 499.7487 246.9563 -160.8021
v 460.0594 251.8049 -174.737
v 483.0965 281.1607 -138.1976
v 460.2341 302.7303 -139.6397
v 480.5291 283.5829 -141.6029
v 461.7023 301.3451 -143.4325
v 481.3515 282.8071 -143.2988
v 483.5077 280.7727 -141.0974
v 481.1898 282.9594 -144.7108
v 483.9605 280.3456 -144.2895
v 481.0787 283.0643 -146.3658
v 483.2357 281.0293 -147.2586
v 480.3325 283.7684 -147.851
v 481.901 282.2886 -150.0822
v 460.8513 302.1482 -149.8799
v 459.6863 303.1675 -153.3179
v 483.0965 281.1607 -138.1976
v 462.979 305.6398 -139.6397
v 460.2341 302.7303 -139.6397
v 485.8413 284.0702 -138.1977
v 480.3325 283.7684 -147.851
v 463.5959 305.0577 -149.9208
v 460.8513 302.1482 -149.8799
v 483.0773 286.678 -147.8679
v 464.4473 304.2545 -143.4325
v 462.979 305.6398 -139.6397
v 483.2742 286.4923 -141.6029
v 485.8413 284.0702 -138.1977
v 484.0963 285.7165 -143.2988
v 486.2527 283.6822 -141.0974
v 483.935 285.8689 -144.7108
v 486.7054 283.2551 -144.2895
v 483.8237 285.9738 -146.3658
v 485.9807 283.9388 -147.2585
v 483.0773 286.678 -147.8679
v 484.6458 285.1982 -150.1024
v 463.5959 305.0577 -149.9208
v 462.4378 306.0704 -153.3664
v 464.4473 304.2545 -143.4325
v 483.2742 286.4923 -141.6029
v 461.7023 301.3451 -143.4325
v 480.5291 283.5829 -141.6029
v 483.2742 286.4923 -141.6029
v 484.0963 285.7165 -143.2988
v 480.5291 283.5829 -141.6029
v 481.3515 282.8071 -143.2988
v 483.935 285.8689 -144.7108
v 481.1898 282.9594 -144.7108
v 483.8237 285.9738 -146.3658
v 481.0787 283.0643 -146.3658
v 483.0773 286.678 -147.8679
v 480.3325 283.7684 -147.851
v 462.4378 306.0704 -153.3664
v 484.6458 285.1982 -150.1024
v 459.6863 303.1675 -153.3179
v 481.901 282.2886 -150.0822
v 484.6458 285.1982 -150.1024
v 485.9807 283.9388 -147.2585
v 481.901 282.2886 -150.0822
v 483.2357 281.0293 -147.2586
v 486.7054 283.2551 -144.2895
v 483.9605 280.3456 -144.2895
v 486.2527 283.6822 -141.0974
v 483.5077 280.7727 -141.0974
v 485.8413 284.0702 -138.1977
v 483.0965 281.1607 -138.1976
v 492.6098 282.5503 -146.4603
v 493.2829 284.937 -146.9719
v 499.6633 273.7054 -144.907
v 503.6182 272.9635 -144.894
v 483.4576 286.9111 -147.031
v 499.4773 268.9645 -143.9231
v 501.398 267.3215 -143.6543
v 492.4059 269.9014 -143.8753
v 491.9765 267.2072 -143.3091
v 483.7711 277.5208 -145.1153
v 479.486 277.7987 -145.0215
v 485.7536 284.4666 -146.6164
v 493.2829 284.937 -146.9719
v 493.421 285.7356 -142.0174
v 503.6182 272.9635 -144.894
v 503.7578 273.7697 -139.9411
v 483.5927 287.7075 -142.0759
v 483.4576 286.9111 -147.031
v 503.7578 273.7697 -139.9411
v 493.421 285.7356 -142.0174
v 499.8014 274.5039 -139.9526
v 492.7449 283.3467 -141.5053
v 483.5927 287.7075 -142.0759
v 499.6168 269.7708 -138.9703
v 501.5312 268.1214 -138.7
v 479.6275 278.6023 -140.0682
v 485.8952 285.27 -141.6631
v 483.9109 278.3181 -140.1606
v 492.1162 268.0045 -138.3544
v 492.5391 270.7013 -138.921
v 499.6633 273.7054 -144.907
v 499.8014 274.5039 -139.9526
v 492.6098 282.5503 -146.4603
v 492.7449 283.3467 -141.5053
v 485.7536 284.4666 -146.6164
v 485.8952 285.27 -141.6631
v 499.6168 269.7708 -138.9703
v 499.4773 268.9645 -143.9231
v 492.4059 269.9014 -143.8753
v 492.5391 270.7013 -138.921
v 499.4773 268.9645 -143.9231
v 499.6168 269.7708 -138.9703
v 483.9109 278.3181 -140.1606
v 483.7711 277.5208 -145.1153
v 479.486 277.7987 -145.0215
v 492.1162 268.0045 -138.3544
v 479.6275 278.6023 -140.0682
v 491.9765 267.2072 -143.3091
v 501.5312 268.1214 -138.7
v 501.398 267.3215 -143.6543
v 501.398 267.3215 -143.6543
v 503.7578 273.7697 -139.9411
v 501.5312 268.1214 -138.7
v 503.6182 272.9635 -144.894
v 492.5391 270.7013 -138.921
v 501.5312 268.1214 -138.7
v 499.6168 269.7708 -138.9703
v 479.6275 278.6023 -140.0682
v 492.1162 268.0045 -138.3544
v 483.9109 278.3181 -140.1606
v 492.7449 283.3467 -141.5053
v 483.5927 287.7075 -142.0759
v 485.8952 285.27 -141.6631
v 485.7536 284.4666 -146.6164
v 485.8952 285.27 -141.6631
v 483.7711 277.5208 -145.1153
v 483.9109 278.3181 -140.1606
v 483.4576 286.9111 -147.031
v 479.6275 278.6023 -140.0682
v 483.5927 287.7075 -142.0759
v 479.486 277.7987 -145.0215
v 518.2413 250.839 -131.1817
v 499.6967 267.4407 -134.609
v 517.1369 251.0811 -135.0621
v 500.9194 266.145 -137.6526
v 497.6768 269.1968 -136.6889
v 499.7692 267.2228 -138.7131
v 496.499 270.3083 -140.5792
v 499.1925 267.7669 -140.2123
v 496.6745 270.1425 -144.2293
v 499.5225 267.4555 -141.2756
v 498.9434 268.002 -146.3158
v 500.1528 266.8609 -142.2506
v 518.414 249.8457 -141.9232
v 517.0261 251.1551 -139.6859
v 519.5786 248.7468 -139.4091
v 517.671 250.5465 -138.6805
v 517.8416 250.3858 -136.3955
v 520.2195 248.1421 -136.7835
v 517.7695 250.4537 -137.5719
v 519.7484 248.5867 -133.7304
v 517.0261 251.1551 -139.6859
v 502.8908 269.777 -142.251
v 500.1528 266.8609 -142.2506
v 519.7562 254.0785 -139.6867
v 502.2675 270.365 -141.2756
v 499.5225 267.4555 -141.2756
v 501.9375 270.6764 -140.2124
v 499.1925 267.7669 -140.2123
v 502.5037 270.1422 -138.7684
v 499.7692 267.2228 -138.7131
v 503.6436 269.0668 -137.9046
v 500.9194 266.145 -137.6526
v 502.8908 269.777 -142.251
v 501.6791 270.9202 -146.3163
v 502.2675 270.365 -141.2756
v 521.1432 252.7699 -141.924
v 519.7562 254.0785 -139.6867
v 522.3236 251.6563 -139.4091
v 520.4161 253.456 -138.6805
v 499.4194 273.0519 -144.2294
v 501.9375 270.6764 -140.2124
v 499.2439 273.2177 -140.5792
v 502.5037 270.1422 -138.7684
v 500.4116 272.1161 -136.7431
v 503.6436 269.0668 -137.9046
v 502.4209 270.3625 -134.8613
v 519.9302 253.9144 -135.4899
v 521.0345 253.6722 -131.6096
v 520.6572 253.2284 -136.626
v 522.9645 251.0517 -136.7835
v 520.5144 253.3631 -137.5719
v 522.5641 251.4294 -133.9607
v 503.6436 269.0668 -137.9046
v 519.9302 253.9144 -135.4899
v 500.9194 266.145 -137.6526
v 517.1369 251.0811 -135.0621
v 519.9302 253.9144 -135.4899
v 520.6572 253.2284 -136.626
v 517.1369 251.0811 -135.0621
v 517.1369 251.0811 -135.0621
v 517.8416 250.3858 -136.3955
v 520.5144 253.3631 -137.5719
v 517.7695 250.4537 -137.5719
v 520.4161 253.456 -138.6805
v 517.671 250.5465 -138.6805
v 519.7562 254.0785 -139.6867
v 517.0261 251.1551 -139.6859
v 518.2413 250.839 -131.1817
v 502.4209 270.3625 -134.8613
v 499.6967 267.4407 -134.609
v 521.0345 253.6722 -131.6096
v 519.7484 248.5867 -133.7304
v 522.5641 251.4294 -133.9607
v 520.2195 248.1421 -136.7835
v 522.9645 251.0517 -136.7835
v 519.5786 248.7468 -139.4091
v 522.3236 251.6563 -139.4091
v 518.414 249.8457 -141.9232
v 521.1432 252.7699 -141.924
v 501.6791 270.9202 -146.3163
v 521.1432 252.7699 -141.924
v 498.9434 268.002 -146.3158
v 518.414 249.8457 -141.9232
v 496.6745 270.1425 -144.2293
v 499.4194 273.0519 -144.2294
v 496.499 270.3083 -140.5792
v 499.2439 273.2177 -140.5792
v 497.6768 269.1968 -136.6889
v 500.4116 272.1161 -136.7431
v 499.6967 267.4407 -134.609
v 502.4209 270.3625 -134.8613
v 517.5565 247.3331 -145.7318
v 520.358 256.3636 -146.3531
v 517.084 248.6649 -144.0364
v 519.2682 255.1995 -144.7991
v 519.2372 259.7447 -142.2072
v 518.6993 257.859 -142.1781
v 514.8077 255.6238 -135.5391
v 515.5306 254.4721 -137.641
v 512.9763 246.8592 -136.7425
v 514.1418 248.2503 -138.324
v 514.863 244.7242 -141.7273
v 515.1487 246.081 -141.55
v 522.9977 253.449 -144.2944
v 524.0889 254.6135 -145.8512
v 520.815 246.9148 -143.5344
v 521.2906 245.5869 -145.2343
v 522.9667 257.9941 -141.7025
v 522.4328 256.1109 -141.6805
v 518.5414 253.8758 -135.0414
v 519.2614 252.7208 -137.1392
v 516.7069 245.1079 -136.2407
v 517.8724 246.5022 -137.8202
v 518.5936 242.976 -141.2235
v 518.883 244.3349 -141.0526
v 516.7069 245.1079 -136.2407
v 518.5936 242.976 -141.2235
v 512.9763 246.8592 -136.7425
v 514.863 244.7242 -141.7273
v 521.2906 245.5869 -145.2343
v 517.5565 247.3331 -145.7318
v 514.8077 255.6238 -135.5391
v 516.7069 245.1079 -136.2407
v 512.9763 246.8592 -136.7425
v 518.5414 253.8758 -135.0414
v 521.2906 245.5869 -145.2343
v 524.0889 254.6135 -145.8512
v 517.5565 247.3331 -145.7318
v 520.358 256.3636 -146.3531
v 524.0889 254.6135 -145.8512
v 522.9667 257.9941 -141.7025
v 520.358 256.3636 -146.3531
v 519.2372 259.7447 -142.2072
v 522.9667 257.9941 -141.7025
v 518.5414 253.8758 -135.0414
v 519.2372 259.7447 -142.2072
v 514.8077 255.6238 -135.5391
v 522.9977 253.449 -144.2944
v 520.815 246.9148 -143.5344
v 519.2682 255.1995 -144.7991
v 517.084 248.6649 -144.0364
v 518.6993 257.859 -142.1781
v 522.4328 256.1109 -141.6805
v 515.5306 254.4721 -137.641
v 522.4328 256.1109 -141.6805
v 518.6993 257.859 -142.1781
v 519.2614 252.7208 -137.1392
v 518.883 244.3349 -141.0526
v 517.8724 246.5022 -137.8202
v 515.1487 246.081 -141.55
v 514.1418 248.2503 -138.324
v 519.2614 252.7208 -137.1392
v 515.5306 254.4721 -137.641
v 517.084 248.6649 -144.0364
v 518.883 244.3349 -141.0526
v 515.1487 246.081 -141.55
v 520.815 246.9148 -143.5344
v 454.7292 309.04 -157.2023
v 462.8479 308.7537 -153.3119
v 456.1621 325.7409 -157.9325
v 456.1621 325.7409 -157.9325
v 462.8479 308.7537 -153.3119
v 464.2423 326.3493 -152.8913
v 466.0132 307.8694 -144.9565
v 467.9377 325.3371 -142.8927
v 461.6555 343.9341 -148.95
v 453.1358 343.8098 -153.8861
v 452.3987 383.6017 -136.8964
v 465.8954 343.049 -140.9886
v 452.3987 383.6017 -136.8964
v 463.4481 324.116 -133.2486
v 462.3855 341.9057 -133.1074
v 452.3987 383.6017 -136.8964
v 462.3855 341.9057 -133.1074
v 453.1866 341.3561 -129.3729
v 452.3987 383.6017 -136.8964
v 444.4892 348.1122 -151.0326
v 453.1358 343.8098 -153.8861
v 452.3987 383.6017 -136.8964
v 456.1621 325.7409 -157.9325
v 442.7446 341.0702 -142.1374
v 444.4892 348.1122 -151.0326
v 452.3987 383.6017 -136.8964
v 444.691 341.5399 -133.3045
v 442.7446 341.0702 -142.1374
v 452.3987 383.6017 -136.8964
v 441.6281 324.6597 -142.3371
v 443.688 323.6113 -134.105
v 453.1866 341.3561 -129.3729
v 452.3987 383.6017 -136.8964
v 453.4037 323.401 -129.6087
v 442.455 307.4254 -145.9873
v 446.2981 308.5342 -154.063
v 446.1175 325.881 -151.9811
v 445.6938 306.4934 -137.6316
v 453.8129 306.2613 -133.8015
v 444.4892 348.1122 -151.0326
v 463.4481 324.116 -133.2486
v 462.2451 306.8494 -136.8603
v 467.9377 325.3371 -142.8927
v 466.0132 307.8694 -144.9565
v 462.3855 341.9057 -133.1074
v 446.2981 308.5342 -154.063
v 454.7292 309.04 -157.2023
v 446.1175 325.881 -151.9811
v 456.1621 325.7409 -157.9325
v 444.4892 348.1122 -151.0326
v 458.3491 27.50417 -171.5265
v 454.4766 27.58795 -173.3186
v 453.8636 306.7534 -135.2497
v 446.745 306.9075 -138.5441
v 453.0038 27.99135 -177.3038
v 444.0376 307.6491 -145.8701
v 454.7934 28.47811 -181.1478
v 447.3269 308.5439 -152.9362
v 461.2231 307.2773 -137.9167
v 462.3527 27.78913 -172.9772
v 464.1421 28.27586 -176.8212
v 462.3527 27.78913 -172.9772
v 464.5126 308.172 -144.9828
v 461.2231 307.2773 -137.9167
v 461.8051 308.9136 -152.3087
v 462.6692 28.67926 -180.8064
v 454.6866 309.0675 -155.6031
v 458.7967 28.76304 -182.5986
v 447.3269 308.5439 -152.9362
v 454.7934 28.47811 -181.1478
v 454.6866 309.0675 -155.6031
v 461.8051 308.9136 -152.3087
v 454.7292 309.04 -157.2023
v 462.8479 308.7537 -153.3119
v 446.2981 308.5342 -154.063
v 447.3269 308.5439 -152.9362
v 442.455 307.4254 -145.9873
v 464.5126 308.172 -144.9828
v 466.0132 307.8694 -144.9565
v 461.2231 307.2773 -137.9167
v 462.2451 306.8494 -136.8603
v 453.8636 306.7534 -135.2497
v 453.8129 306.2613 -133.8015
v 446.745 306.9075 -138.5441
v 445.6938 306.4934 -137.6316
v 444.0376 307.6491 -145.8701
v 430.8482 268.91 -168.2977
v 451.1945 289.1754 -155.4664
v 430.8123 272.7224 -165.2195
v 447.1076 289.7149 -154.3289
v 428.83 272.8215 -164.7986
v 428.3888 269.9316 -167.0515
v 427.9706 273.6289 -164.0002
v 425.6814 271.0563 -165.6797
v 426.8903 274.5084 -163.1059
v 424.2346 273.0838 -163.7971
v 426.5253 275.8512 -161.961
v 423.4622 275.5648 -161.665
v 443.2902 293.4985 -150.6233
v 441.8745 296.1272 -148.3368
v 447.1076 289.7149 -154.3289
v 431.3401 270.2356 -162.1313
v 430.8123 272.7224 -165.2195
v 447.6357 287.2281 -151.2408
v 441.8745 296.1272 -148.3368
v 423.9758 273.0878 -158.5667
v 423.4622 275.5648 -161.665
v 442.3615 293.658 -145.228
v 425.6814 271.0563 -165.6797
v 428.9168 267.445 -163.9634
v 428.3888 269.9316 -167.0515
v 426.2094 268.5695 -162.5915
v 424.2346 273.0838 -163.7971
v 424.7625 270.597 -160.709
v 423.4622 275.5648 -161.665
v 423.9758 273.0878 -158.5667
v 431.3763 266.4233 -165.2096
v 430.8482 268.91 -168.2977
v 428.4985 271.1422 -160.9121
v 428.9168 267.445 -163.9634
v 426.2094 268.5695 -162.5915
v 429.3578 270.3349 -161.7105
v 431.3763 266.4233 -165.2096
v 431.3401 270.2356 -162.1313
v 451.7225 286.6886 -152.3783
v 447.6357 287.2281 -151.2408
v 427.4183 272.0216 -160.0177
v 424.7625 270.597 -160.709
v 427.0414 273.3725 -158.8643
v 423.9758 273.0878 -158.5667
v 443.789 291.0315 -147.5146
v 442.3615 293.658 -145.228
v 431.3763 266.4233 -165.2096
v 451.7225 286.6886 -152.3783
v 430.8482 268.91 -168.2977
v 451.1945 289.1754 -155.4664
v 427.0414 273.3725 -158.8643
v 443.789 291.0315 -147.5146
v 426.5253 275.8512 -161.961
v 443.2902 293.4985 -150.6233
v 429.3578 270.3349 -161.7105
v 428.4985 271.1422 -160.9121
v 428.83 272.8215 -164.7986
v 427.9706 273.6289 -164.0002
v 427.4183 272.0216 -160.0177
v 426.8903 274.5084 -163.1059
v 427.0414 273.3725 -158.8643
v 426.5253 275.8512 -161.961
v 430.8123 272.7224 -165.2195
v 431.3401 270.2356 -162.1313
v 421.8733 264.4209 -160.6033
v 422.5783 264.0122 -158.206
v 415.9322 259.5958 -165.5748
v 413.9258 256.1284 -165.2065
v 427.6178 272.6357 -158.9994
v 425.6107 270.4796 -160.6541
v 425.5325 275.4024 -168.5306
v 423.5773 271.6838 -167.6427
v 416.5252 265.7617 -173.6672
v 417.4627 265.5858 -171.0492
v 412.535 257.6336 -171.0459
v 414.0435 259.4102 -170.033
v 415.9322 259.5958 -165.5748
v 419.871 257.1073 -167.3821
v 421.8733 264.4209 -160.6033
v 425.8124 261.9347 -162.4134
v 425.6107 270.4796 -160.6541
v 429.5501 267.9883 -162.4558
v 418.584 256.3431 -172.1409
v 414.0435 259.4102 -170.033
v 419.871 257.1073 -167.3821
v 426.5171 261.5236 -160.0133
v 425.8124 261.9347 -162.4134
v 431.5569 270.1495 -160.8095
v 429.5501 267.9883 -162.4558
v 429.472 272.9113 -170.3323
v 427.5147 269.1936 -169.4508
v 421.0621 262.6937 -175.7834
v 422.0034 262.5237 -173.1647
v 417.0756 254.5715 -173.1614
v 418.584 256.3431 -172.1409
v 418.4664 253.0614 -167.3144
v 422.5783 264.0122 -158.206
v 426.5171 261.5236 -160.0133
v 413.9258 256.1284 -165.2065
v 418.4664 253.0614 -167.3144
v 431.5569 270.1495 -160.8095
v 427.6178 272.6357 -158.9994
v 412.535 257.6336 -171.0459
v 417.0756 254.5715 -173.1614
v 416.5252 265.7617 -173.6672
v 421.0621 262.6937 -175.7834
v 425.5325 275.4024 -168.5306
v 429.472 272.9113 -170.3323
v 425.5325 275.4024 -168.5306
v 429.472 272.9113 -170.3323
v 427.6178 272.6357 -158.9994
v 431.5569 270.1495 -160.8095
v 414.0435 259.4102 -170.033
v 422.0034 262.5237 -173.1647
v 418.584 256.3431 -172.1409
v 417.4627 265.5858 -171.0492
v 427.5147 269.1936 -169.4508
v 423.5773 271.6838 -167.6427
v 425.6107 270.4796 -160.6541
v 429.5501 267.9883 -162.4558
v 423.5773 271.6838 -167.6427
v 427.5147 269.1936 -169.4508
v 413.9258 256.1284 -165.2065
v 418.4664 253.0614 -167.3144
v 412.535 257.6336 -171.0459
v 417.0756 254.5715 -173.1614
v 400.4616 235.4136 -188.1035
v 420.3613 254.2639 -176.2468
v 398.2675 238.2177 -186.2202
v 416.9601 254.6622 -175.475
v 420.6776 256.9832 -174.251
v 417.2726 256.1501 -174.3368
v 418.396 260.4131 -171.3552
v 416.7392 257.3543 -173.2746
v 415.62 261.9922 -169.6055
v 415.0704 258.1532 -172.6044
v 412.0055 261.0374 -169.7533
v 413.7834 258.0753 -172.4459
v 390.8065 242.513 -181.7661
v 395.4162 240.7721 -183.7792
v 391.5163 240.3243 -183.6519
v 395.5324 239.7432 -184.6284
v 396.6373 238.2468 -185.9454
v 396.7612 235.3508 -188.3004
v 395.8629 238.8659 -185.3134
v 394.136 236.3938 -187.0085
v 412.0055 261.0374 -169.7533
v 391.3484 240.0402 -178.6693
v 390.8065 242.513 -181.7661
v 412.5418 258.5587 -166.66
v 415.62 261.9922 -169.6055
v 416.1479 259.5054 -166.5174
v 418.396 260.4131 -171.3552
v 418.924 257.9264 -168.2672
v 420.6776 256.9832 -174.251
v 421.1764 254.5309 -171.1301
v 420.3613 254.2639 -176.2468
v 420.724 251.9147 -173.0264
v 396.6373 238.2468 -185.9454
v 396.3909 236.3792 -182.2254
v 395.8629 238.8659 -185.3134
v 396.9341 235.8086 -182.7785
v 396.0604 237.2565 -181.5403
v 395.5324 239.7432 -184.6284
v 395.9575 238.2985 -180.6829
v 395.4162 240.7721 -183.7792
v 398.2675 238.2177 -186.2202
v 398.4271 235.8931 -182.967
v 416.9601 254.6622 -175.475
v 417.3231 252.3128 -172.2547
v 396.9341 235.8086 -182.7785
v 397.0583 232.9126 -185.1335
v 396.3909 236.3792 -182.2254
v 394.6642 233.9071 -183.9203
v 400.6209 233.0889 -184.8502
v 398.4271 235.8931 -182.967
v 420.724 251.9147 -173.0264
v 417.3231 252.3128 -172.2547
v 421.1764 254.5309 -171.1301
v 417.771 253.6985 -171.2152
v 418.924 257.9264 -168.2672
v 417.2671 254.8676 -170.1865
v 416.1479 259.5054 -166.5174
v 416.1977 255.0886 -169.8245
v 412.5418 258.5587 -166.66
v 414.917 255.0169 -169.662
v 391.3484 240.0402 -178.6693
v 395.9575 238.2985 -180.6829
v 392.0442 237.8376 -180.5638
v 396.0604 237.2565 -181.5403
v 394.6642 233.9071 -183.9203
v 397.0583 232.9126 -185.1335
v 394.136 236.3938 -187.0085
v 391.5163 240.3243 -183.6519
v 396.7612 235.3508 -188.3004
v 400.6209 233.0889 -184.8502
v 400.4616 235.4136 -188.1035
v 420.724 251.9147 -173.0264
v 420.3613 254.2639 -176.2468
v 392.0442 237.8376 -180.5638
v 390.8065 242.513 -181.7661
v 391.3484 240.0402 -178.6693
v 395.9575 238.2985 -180.6829
v 414.917 255.0169 -169.662
v 395.4162 240.7721 -183.7792
v 413.7834 258.0753 -172.4459
v 416.1977 255.0886 -169.8245
v 415.0704 258.1532 -172.6044
v 417.2671 254.8676 -170.1865
v 416.7392 257.3543 -173.2746
v 417.771 253.6985 -171.2152
v 417.2726 256.1501 -174.3368
v 417.3231 252.3128 -172.2547
v 416.9601 254.6622 -175.475
v 531.1476 239.6677 -134.6721
v 528.251 233.4129 -132.3767
v 528.0925 241.4253 -135.1518
v 526.7361 240.4483 -136.4756
v 527.9794 242.5674 -141.895
v 528.0925 241.4253 -135.1518
v 529.4672 243.9586 -141.8599
v 527.4955 240.6073 -148.0594
v 528.692 241.604 -149.2204
v 526.3354 238.1866 -149.8199
v 527.4145 238.4479 -151.6431
v 525.0485 235.6169 -150.834
v 525.6936 235.142 -152.759
v 522.0725 230.5207 -148.5897
v 522.3217 229.0055 -150.1036
v 526.7361 240.4483 -136.4756
v 531.3351 238.2101 -136.1907
v 527.9794 242.5674 -141.895
v 532.3798 240.4279 -141.6769
v 527.4955 240.6073 -148.0594
v 531.6459 238.5883 -147.8456
v 526.3354 238.1866 -149.8199
v 530.5699 236.0981 -149.5641
v 525.0485 235.6169 -150.834
v 529.4106 233.439 -150.5357
v 529.0395 233.0528 -134.2706
v 524.1282 235.4249 -134.6025
v 531.6459 238.5883 -147.8456
v 532.3798 240.4279 -141.6769
v 531.6044 240.3783 -148.7884
v 532.5263 242.4429 -141.2469
v 530.3055 237.1804 -151.3928
v 531.3351 238.2101 -136.1907
v 531.1476 239.6677 -134.6721
v 531.6044 240.3783 -148.7884
v 532.5263 242.4429 -141.2469
v 528.692 241.604 -149.2204
v 529.4672 243.9586 -141.8599
v 531.1476 239.6677 -134.6721
v 528.0925 241.4253 -135.1518
v 527.4145 238.4479 -151.6431
v 530.3055 237.1804 -151.3928
v 525.6936 235.142 -152.759
v 528.5748 233.5858 -152.4872
v 528.251 233.4129 -132.3767
v 524.9746 235.0464 -132.6958
v 525.6038 227.0548 -149.5087
v 528.5748 233.5858 -152.4872
v 522.3217 229.0055 -150.1036
v 525.6936 235.142 -152.759
v 524.4047 224.5645 -142.7206
v 525.6038 227.0548 -149.5087
v 520.8073 226.3441 -143.5683
v 522.3217 229.0055 -150.1036
v 521.8734 228.7009 -136.2989
v 524.4047 224.5645 -142.7206
v 520.8073 226.3441 -143.5683
v 525.4742 227.1932 -135.7026
v 521.8734 228.7009 -136.2989
v 524.9746 235.0464 -132.6958
v 521.8734 228.7009 -136.2989
v 528.251 233.4129 -132.3767
v 524.4047 224.5645 -142.7206
v 527.0146 228.0653 -148.2129
v 525.6038 227.0548 -149.5087
v 525.9841 225.8788 -142.7638
v 524.4047 224.5645 -142.7206
v 525.4742 227.1932 -135.7026
v 526.8238 227.947 -136.9905
v 528.251 233.4129 -132.3767
v 529.0395 233.0528 -134.2706
v 531.1476 239.6677 -134.6721
v 531.3351 238.2101 -136.1907
v 520.83 228.4038 -143.1651
v 527.0146 228.0653 -148.2129
v 525.9841 225.8788 -142.7638
v 522.0725 230.5207 -148.5897
v 521.6819 230.4366 -137.3718
v 526.8238 227.947 -136.9905
v 524.1282 235.4249 -134.6025
v 529.0395 233.0528 -134.2706
v 529.4106 233.439 -150.5357
v 525.0485 235.6169 -150.834
v 520.83 228.4038 -143.1651
v 521.6819 230.4366 -137.3718
v 520.8073 226.3441 -143.5683
v 521.8734 228.7009 -136.2989
v 522.0725 230.5207 -148.5897
v 522.3217 229.0055 -150.1036
v 520.8073 226.3441 -143.5683
v 524.1282 235.4249 -134.6025
v 521.8734 228.7009 -136.2989
v 524.9746 235.0464 -132.6958
v 524.1282 235.4249 -134.6025
v 526.7361 240.4483 -136.4756
v 524.9746 235.0464 -132.6958
v 524.9746 235.0464 -132.6958
v 528.0925 241.4253 -135.1518
v 529.4106 233.439 -150.5357
v 530.5699 236.0981 -149.5641
v 528.5748 233.5858 -152.4872
v 528.5748 233.5858 -152.4872
v 530.3055 237.1804 -151.3928
v 531.6459 238.5883 -147.8456
v 527.0146 228.0653 -148.2129
v 529.4106 233.439 -150.5357
v 525.6038 227.0548 -149.5087
v 525.6038 227.0548 -149.5087
v 528.5748 233.5858 -152.4872
v 399.2399 252.6247 -186.0885
v 394.0833 248.5969 -181.9612
v 397.8625 251.9758 -189.3055
v 397.8625 251.9758 -189.3055
v 392.401 247.8574 -185.1436
v 404.5252 250.2431 -192.9901
v 397.8625 251.9758 -189.3055
v 405.8564 251.1283 -189.9102
v 408.4494 243.9816 -193.8067
v 392.401 247.8574 -185.1436
v 397.7171 249.8996 -189.7737
v 397.8625 251.9758 -189.3055
v 393.3565 246.5456 -186.6023
v 392.401 247.8574 -185.1436
v 405.8564 251.1283 -189.9102
v 400.2158 250.8748 -185.4091
v 399.2399 252.6247 -186.0885
v 396.0074 247.6151 -181.9452
v 394.0833 248.5969 -181.9612
v 405.6414 249.5122 -188.5796
v 410.546 244.843 -191.5785
v 409.4583 244.2844 -189.8158
v 410.9355 240.6086 -190.7568
v 409.479 241.1413 -189.0975
v 409.7777 236.8158 -189.3078
v 408.8314 238.2973 -188.019
v 395.4267 241.6472 -180.1824
v 393.3312 241.2817 -179.8611
v 397.7171 249.8996 -189.7737
v 396.0074 247.6151 -181.9452
v 400.2158 250.8748 -185.4091
v 393.3565 246.5456 -186.6023
v 403.2085 248.6104 -192.7343
v 405.6414 249.5122 -188.5796
v 407.17 243.4297 -193.7381
v 409.4583 244.2844 -189.8158
v 407.1794 240.265 -193.1355
v 409.479 241.1413 -189.0975
v 410.546 244.843 -191.5785
v 405.8564 251.1283 -189.9102
v 408.4494 243.9816 -193.8067
v 409.3888 239.8639 -193.418
v 410.9355 240.6086 -190.7568
v 410.546 244.843 -191.5785
v 409.3888 239.8639 -193.418
v 407.1794 240.265 -193.1355
v 406.4951 237.3907 -192.2119
v 409.3888 239.8639 -193.418
v 408.3179 236.2473 -192.1963
v 401.5768 234.0337 -189.0488
v 402.5794 232.2798 -188.2891
v 396.0825 235.3277 -186.0878
v 395.9235 233.7592 -184.6448
v 409.7777 236.8158 -189.3078
v 410.9355 240.6086 -190.7568
v 408.3179 236.2473 -192.1963
v 409.3888 239.8639 -193.418
v 402.5794 232.2798 -188.2891
v 403.9844 232.9846 -184.7552
v 395.9235 233.7592 -184.6448
v 403.9844 232.9846 -184.7552
v 402.5794 232.2798 -188.2891
v 397.3921 234.878 -180.9786
v 391.6074 240.1383 -183.2251
v 397.3921 234.878 -180.9786
v 395.9235 233.7592 -184.6448
v 393.3312 241.2817 -179.8611
v 391.6074 240.1383 -183.2251
v 403.9844 232.9846 -184.7552
v 408.8314 238.2973 -188.019
v 409.7777 236.8158 -189.3078
v 404.1966 235.092 -184.2935
v 403.9844 232.9846 -184.7552
v 397.3921 234.878 -180.9786
v 404.1966 235.092 -184.2935
v 403.9844 232.9846 -184.7552
v 398.816 236.4591 -181.1532
v 404.1966 235.092 -184.2935
v 397.3921 234.878 -180.9786
v 401.5768 234.0337 -189.0488
v 404.1966 235.092 -184.2935
v 396.0825 235.3277 -186.0878
v 408.8314 238.2973 -188.019
v 406.4951 237.3907 -192.2119
v 398.816 236.4591 -181.1532
v 409.479 241.1413 -189.0975
v 407.1794 240.265 -193.1355
v 392.6784 240.5111 -185.0753
v 395.4267 241.6472 -180.1824
v 393.3565 246.5456 -186.6023
v 396.0074 247.6151 -181.9452
v 393.3312 241.2817 -179.8611
v 398.816 236.4591 -181.1532
v 397.3921 234.878 -180.9786
v 395.4267 241.6472 -180.1824
v 392.401 247.8574 -185.1436
v 393.3312 241.2817 -179.8611
v 391.6074 240.1383 -183.2251
v 394.0833 248.5969 -181.9612
v 396.0825 235.3277 -186.0878
v 392.6784 240.5111 -185.0753
v 395.9235 233.7592 -184.6448
v 391.6074 240.1383 -183.2251
v 391.6074 240.1383 -183.2251
v 393.3565 246.5456 -186.6023
v 392.401 247.8574 -185.1436
v 392.6784 240.5111 -185.0753
v 407.17 243.4297 -193.7381
v 407.1794 240.265 -193.1355
v 408.4494 243.9816 -193.8067
v 408.4494 243.9816 -193.8067
v 407.1794 240.265 -193.1355
v 409.3888 239.8639 -193.418
v 403.2085 248.6104 -192.7343
v 407.17 243.4297 -193.7381
v 404.5252 250.2431 -192.9901
v 397.8625 251.9758 -189.3055
v 397.7171 249.8996 -189.7737
v 408.4494 243.9816 -193.8067
v 413.9245 252.4167 -177.6766
v 412.8269 248.3889 -171.1635
v 410.7545 251.7679 -179.1588
v 410.7545 251.7679 -179.1588
v 409.4525 247.6494 -172.4169
v 413.2706 250.0351 -186.3448
v 413.9245 252.4167 -177.6766
v 410.7545 251.7679 -179.1588
v 416.3148 250.9203 -184.934
v 415.8311 243.7443 -189.2741
v 416.3148 250.9203 -184.934
v 413.2706 250.0351 -186.3448
v 418.7018 244.6351 -188.208
v 409.4525 247.6494 -172.4169
v 410.3343 249.6916 -179.4113
v 410.7545 251.7679 -179.1588
v 409.1937 246.3376 -174.1414
v 409.4525 247.6494 -172.4169
v 412.4587 248.4025 -185.277
v 410.7545 251.7679 -179.1588
v 413.2706 250.0351 -186.3448
v 409.1937 246.3376 -174.1414
v 414.2729 247.4072 -172.433
v 410.3343 249.6916 -179.4113
v 415.1049 250.6668 -177.8197
v 412.4587 248.4025 -185.277
v 417.0406 249.3042 -183.7982
v 414.7453 243.2218 -188.6643
v 419.0644 244.0765 -187.2625
v 415.1536 240.057 -188.221
v 419.5582 240.9333 -186.7405
v 416.3148 250.9203 -184.934
v 415.1049 250.6668 -177.8197
v 413.9245 252.4167 -177.6766
v 417.0406 249.3042 -183.7982
v 418.7018 244.6351 -188.208
v 419.0644 244.0765 -187.2625
v 414.2729 247.4072 -172.433
v 412.8269 248.3889 -171.1635
v 415.0136 241.4392 -170.7313
v 413.6646 241.0737 -169.0959
v 419.5582 240.9333 -186.7405
v 419.5397 240.4006 -188.2032
v 419.6411 236.6078 -187.0963
v 419.7935 238.0893 -185.5046
v 419.5397 240.4006 -188.2032
v 418.7018 244.6351 -188.208
v 419.5397 240.4006 -188.2032
v 418.7018 244.6351 -188.208
v 416.6135 239.6559 -189.9032
v 416.6135 239.6559 -189.9032
v 418.7018 244.6351 -188.208
v 415.8311 243.7443 -189.2741
v 415.1536 240.057 -188.221
v 415.2583 237.1827 -187.0763
v 416.6135 239.6559 -189.9032
v 416.6284 236.0393 -188.2787
v 415.8311 243.7443 -189.2741
v 413.6962 233.8257 -181.4412
v 414.9501 232.0718 -181.5422
v 411.5698 235.1197 -175.5731
v 412.4123 233.5513 -174.3909
v 414.7453 243.2218 -188.6643
v 415.8311 243.7443 -189.2741
v 409.7049 240.3032 -172.5508
v 412.4123 233.5513 -174.3909
v 410.1383 239.9302 -170.4573
v 409.1937 246.3376 -174.1414
v 410.1383 239.9302 -170.4573
v 409.4525 247.6494 -172.4169
v 412.4587 248.4025 -185.277
v 414.7453 243.2218 -188.6643
v 413.2706 250.0351 -186.3448
v 419.6411 236.6078 -187.0963
v 419.5397 240.4006 -188.2032
v 416.6284 236.0393 -188.2787
v 414.9501 232.0718 -181.5422
v 418.3517 232.7766 -179.8419
v 416.6284 236.0393 -188.2787
v 419.5397 240.4006 -188.2032
v 416.6135 239.6559 -189.9032
v 412.4123 233.5513 -174.3909
v 418.3517 232.7766 -179.8419
v 414.9501 232.0718 -181.5422
v 415.9494 234.67 -172.6342
v 410.1383 239.9302 -170.4573
v 415.9494 234.67 -172.6342
v 412.4123 233.5513 -174.3909
v 413.6646 241.0737 -169.0959
v 410.1383 239.9302 -170.4573
v 409.4525 247.6494 -172.4169
v 413.6646 241.0737 -169.0959
v 410.1383 239.9302 -170.4573
v 412.8269 248.3889 -171.1635
v 418.3517 232.7766 -179.8419
v 419.7935 238.0893 -185.5046
v 419.6411 236.6078 -187.0963
v 415.9494 234.67 -172.6342
v 418.8175 234.8839 -179.6388
v 418.3517 232.7766 -179.8419
v 416.8954 236.2511 -173.7128
v 415.9494 234.67 -172.6342
v 413.6646 241.0737 -169.0959
v 416.8954 236.2511 -173.7128
v 415.0136 241.4392 -170.7313
v 413.6962 233.8257 -181.4412
v 419.7935 238.0893 -185.5046
v 418.8175 234.8839 -179.6388
v 415.2583 237.1827 -187.0763
v 411.5698 235.1197 -175.5731
v 416.8954 236.2511 -173.7128
v 409.7049 240.3032 -172.5508
v 415.0136 241.4392 -170.7313
v 409.1937 246.3376 -174.1414
v 414.2729 247.4072 -172.433
v 419.5582 240.9333 -186.7405
v 415.1536 240.057 -188.221
v 413.2706 250.0351 -186.3448
v 414.7453 243.2218 -188.6643
v 415.8311 243.7443 -189.2741
vt 0.474839 0.935337
vt 0.490585 0.938347
vt 0.482191 0.937472
vt 0.477293 0.938942
vt 0.470974 0.936315
vt 0.436191 0.926581
vt 0.438227 0.921534
vt 0.394235 0.907504
vt 0.393067 0.911932
vt 0.435561 0.926722
vt 0.393446 0.912189
vt 0.470974 0.936315
vt 0.485257 0.932941
vt 0.351988 0.891151
vt 0.351502 0.895638
vt 0.49236 0.935128
vt 0.499103 0.939384
vt 0.314789 0.872177
vt 0.312644 0.875492
vt 0.315499 0.868991
vt 0.313457 0.868806
vt 0.354281 0.885241
vt 0.39672 0.901074
vt 0.357436 0.881044
vt 0.398597 0.89647
vt 0.440422 0.914388
vt 0.4412 0.910154
vt 0.486593 0.926936
vt 0.486336 0.922732
vt 0.495766 0.928224
vt 0.499539 0.931406
vt 0.318094 0.86167
vt 0.316551 0.866924
vt 0.314515 0.865526
vt 0.316829 0.868551
vt 0.49236 0.935128
vt 0.320157 0.861555
vt 0.358403 0.880912
vt 0.321734 0.862161
vt 0.398816 0.896552
vt 0.499103 0.939384
vt 0.49236 0.935128
vt 0.499412 0.938467
vt 0.314789 0.872177
vt 0.312377 0.870947
vt 0.313457 0.868806
vt 0.314789 0.872177
vt 0.312428 0.869672
vt 0.312377 0.870947
vt 0.495766 0.928224
vt 0.486336 0.922732
vt 0.498513 0.92222
vt 0.440978 0.909872
vt 0.486336 0.922732
vt 0.4412 0.910154
vt 0.398816 0.896552
vt 0.485557 0.922387
vt 0.440558 0.910336
vt 0.440978 0.909872
vt 0.398781 0.897337
vt 0.398816 0.896552
vt 0.397162 0.902185
vt 0.438435 0.915765
vt 0.395143 0.908149
vt 0.436348 0.922475
vt 0.393446 0.912189
vt 0.435561 0.926722
vt 0.485557 0.922387
vt 0.484651 0.922791
vt 0.482525 0.927051
vt 0.481196 0.933025
vt 0.470974 0.936315
vt 0.359023 0.881507
vt 0.358403 0.880912
vt 0.358125 0.886334
vt 0.355846 0.892212
vt 0.353104 0.896067
vt 0.351502 0.895638
vt 0.312644 0.875492
vt 0.315573 0.876116
vt 0.321734 0.862161
vt 0.321986 0.866702
vt 0.319438 0.872474
vt 0.479769 0.941823
vt 0.48349 0.942147
vt 0.398816 0.896552
vt 0.4412 0.910154
vt 0.398597 0.89647
vt 0.41789 0.94148
vt 0.389454 0.944814
vt 0.414726 0.938381
vt 0.391297 0.940406
vt 0.41574 0.936394
vt 0.418397 0.938295
vt 0.415541 0.934918
vt 0.418954 0.93479
vt 0.415404 0.933171
vt 0.418062 0.931768
vt 0.414483 0.931737
vt 0.416418 0.929026
vt 0.390229 0.933629
vt 0.38878 0.930143
vt 0.41789 0.94148
vt 0.391875 0.945479
vt 0.389454 0.944814
vt 0.420326 0.942134
vt 0.414483 0.931737
vt 0.39265 0.934234
vt 0.390229 0.933629
vt 0.416917 0.932361
vt 0.39372 0.941064
vt 0.391875 0.945479
vt 0.41716 0.939031
vt 0.420326 0.942134
vt 0.418175 0.937042
vt 0.420832 0.938944
vt 0.417976 0.935563
vt 0.42139 0.935434
vt 0.417838 0.933814
vt 0.420497 0.932409
vt 0.416917 0.932361
vt 0.418852 0.929642
vt 0.39265 0.934234
vt 0.391209 0.930735
vt 0.39372 0.941064
vt 0.41716 0.939031
vt 0.391297 0.940406
vt 0.414726 0.938381
vt 0.41716 0.939031
vt 0.418175 0.937042
vt 0.414726 0.938381
vt 0.41574 0.936394
vt 0.417976 0.935563
vt 0.415541 0.934918
vt 0.417838 0.933814
vt 0.415404 0.933171
vt 0.416917 0.932361
vt 0.414483 0.931737
vt 0.391209 0.930735
vt 0.418852 0.929642
vt 0.38878 0.930143
vt 0.416418 0.929026
vt 0.418852 0.929642
vt 0.420497 0.932409
vt 0.416418 0.929026
vt 0.418062 0.931768
vt 0.42139 0.935434
vt 0.418954 0.93479
vt 0.420832 0.938944
vt 0.418397 0.938295
vt 0.420326 0.942134
vt 0.41789 0.94148
vt 0.427824 0.932957
vt 0.428144 0.932936
vt 0.436811 0.932668
vt 0.441142 0.932519
vt 0.417284 0.933309
vt 0.437384 0.932675
vt 0.439689 0.932601
vt 0.429715 0.932931
vt 0.429705 0.932942
vt 0.419236 0.933285
vt 0.414616 0.933446
vt 0.420164 0.933213
vt 0.428144 0.932936
vt 0.428157 0.938418
vt 0.441142 0.932519
vt 0.441161 0.93797
vt 0.417291 0.938797
vt 0.417284 0.933309
vt 0.441161 0.93797
vt 0.428157 0.938418
vt 0.436829 0.938121
vt 0.427834 0.938433
vt 0.417291 0.938797
vt 0.437401 0.938116
vt 0.439701 0.938038
vt 0.414628 0.93891
vt 0.420178 0.938694
vt 0.419248 0.938748
vt 0.429722 0.938379
vt 0.429724 0.938375
vt 0.436811 0.932668
vt 0.436829 0.938121
vt 0.427824 0.932957
vt 0.427834 0.938433
vt 0.420164 0.933213
vt 0.420178 0.938694
vt 0.437401 0.938116
vt 0.437384 0.932675
vt 0.429715 0.932931
vt 0.429724 0.938375
vt 0.437384 0.932675
vt 0.437401 0.938116
vt 0.419248 0.938748
vt 0.419236 0.933285
vt 0.414616 0.933446
vt 0.429722 0.938379
vt 0.414628 0.93891
vt 0.429705 0.932942
vt 0.439701 0.938038
vt 0.439689 0.932601
vt 0.439689 0.932601
vt 0.441161 0.93797
vt 0.439701 0.938038
vt 0.441142 0.932519
vt 0.429724 0.938375
vt 0.439701 0.938038
vt 0.437401 0.938116
vt 0.414628 0.93891
vt 0.429722 0.938379
vt 0.419248 0.938748
vt 0.427834 0.938433
vt 0.417291 0.938797
vt 0.420178 0.938694
vt 0.420164 0.933213
vt 0.420178 0.938694
vt 0.419236 0.933285
vt 0.419248 0.938748
vt 0.417284 0.933309
vt 0.414628 0.93891
vt 0.417291 0.938797
vt 0.414616 0.933446
vt 0.460065 0.942162
vt 0.437863 0.942231
vt 0.458865 0.938127
vt 0.43937 0.938712
vt 0.435433 0.940413
vt 0.437975 0.937825
vt 0.433999 0.936525
vt 0.437275 0.936353
vt 0.434213 0.932608
vt 0.437676 0.935156
vt 0.436972 0.929923
vt 0.438441 0.93399
vt 0.460396 0.930631
vt 0.458737 0.933271
vt 0.461786 0.93304
vt 0.459508 0.934198
vt 0.459712 0.93657
vt 0.462551 0.935671
vt 0.459626 0.935346
vt 0.461989 0.938981
vt 0.458737 0.933271
vt 0.44088 0.93463
vt 0.438441 0.93399
vt 0.461176 0.933907
vt 0.440123 0.935797
vt 0.437676 0.935156
vt 0.439722 0.936996
vt 0.437275 0.936353
vt 0.44041 0.938413
vt 0.437975 0.937825
vt 0.441794 0.939092
vt 0.43937 0.938712
vt 0.44088 0.93463
vt 0.439408 0.930559
vt 0.440123 0.935797
vt 0.462835 0.931263
vt 0.461176 0.933907
vt 0.464244 0.933672
vt 0.461965 0.934833
vt 0.436658 0.933246
vt 0.439722 0.936996
vt 0.436444 0.937168
vt 0.44041 0.938413
vt 0.437866 0.941006
vt 0.441794 0.939092
vt 0.440286 0.942616
vt 0.461384 0.938299
vt 0.462585 0.942339
vt 0.462254 0.93695
vt 0.465009 0.936307
vt 0.462083 0.935982
vt 0.464532 0.939364
vt 0.441794 0.939092
vt 0.461384 0.938299
vt 0.43937 0.938712
vt 0.458865 0.938127
vt 0.461384 0.938299
vt 0.462254 0.93695
vt 0.458865 0.938127
vt 0.458865 0.938127
vt 0.459712 0.93657
vt 0.462083 0.935982
vt 0.459626 0.935346
vt 0.461965 0.934833
vt 0.459508 0.934198
vt 0.461176 0.933907
vt 0.458737 0.933271
vt 0.460065 0.942162
vt 0.440286 0.942616
vt 0.437863 0.942231
vt 0.462585 0.942339
vt 0.461989 0.938981
vt 0.464532 0.939364
vt 0.462551 0.935671
vt 0.465009 0.936307
vt 0.461786 0.93304
vt 0.464244 0.933672
vt 0.460396 0.930631
vt 0.462835 0.931263
vt 0.439408 0.930559
vt 0.462835 0.931263
vt 0.436972 0.929923
vt 0.460396 0.930631
vt 0.434213 0.932608
vt 0.436658 0.933246
vt 0.433999 0.936525
vt 0.436444 0.937168
vt 0.435433 0.940413
vt 0.437866 0.941006
vt 0.437863 0.942231
vt 0.440286 0.942616
vt 0.45987 0.926083
vt 0.461469 0.927365
vt 0.459173 0.928152
vt 0.460493 0.928755
vt 0.459776 0.93248
vt 0.459491 0.9321
vt 0.455719 0.938624
vt 0.456658 0.936152
vt 0.455125 0.935434
vt 0.456139 0.934074
vt 0.457432 0.929733
vt 0.457527 0.930211
vt 0.464689 0.92891
vt 0.465668 0.927518
vt 0.463359 0.928304
vt 0.464056 0.926233
vt 0.463982 0.932632
vt 0.463698 0.932245
vt 0.459925 0.938764
vt 0.460858 0.936298
vt 0.459311 0.93558
vt 0.460327 0.934223
vt 0.461611 0.929885
vt 0.461713 0.930357
vt 0.459311 0.93558
vt 0.461611 0.929885
vt 0.455125 0.935434
vt 0.457432 0.929733
vt 0.464056 0.926233
vt 0.45987 0.926083
vt 0.455719 0.938624
vt 0.459311 0.93558
vt 0.455125 0.935434
vt 0.459925 0.938764
vt 0.464056 0.926233
vt 0.465668 0.927518
vt 0.45987 0.926083
vt 0.461469 0.927365
vt 0.465668 0.927518
vt 0.463982 0.932632
vt 0.461469 0.927365
vt 0.459776 0.93248
vt 0.463982 0.932632
vt 0.459925 0.938764
vt 0.459776 0.93248
vt 0.455719 0.938624
vt 0.464689 0.92891
vt 0.463359 0.928304
vt 0.460493 0.928755
vt 0.459173 0.928152
vt 0.459491 0.9321
vt 0.463698 0.932245
vt 0.456658 0.936152
vt 0.463698 0.932245
vt 0.459491 0.9321
vt 0.460858 0.936298
vt 0.461713 0.930357
vt 0.460327 0.934223
vt 0.457527 0.930211
vt 0.456139 0.934074
vt 0.460858 0.936298
vt 0.456658 0.936152
vt 0.459173 0.928152
vt 0.461713 0.930357
vt 0.457527 0.930211
vt 0.463359 0.928304
vt 0.382305 0.927241
vt 0.39115 0.93139
vt 0.380643 0.930158
vt 0.380643 0.930158
vt 0.39115 0.93139
vt 0.389349 0.935799
vt 0.394742 0.940236
vt 0.393574 0.946482
vt 0.383133 0.944158
vt 0.373775 0.938694
vt 0.364872 0.967104
vt 0.387973 0.952717
vt 0.364872 0.967104
vt 0.388906 0.956719
vt 0.384331 0.961117
vt 0.364872 0.967104
vt 0.384331 0.961117
vt 0.374319 0.965093
vt 0.364872 0.967104
vt 0.363375 0.942834
vt 0.373775 0.938694
vt 0.364872 0.967104
vt 0.380643 0.930158
vt 0.362892 0.950985
vt 0.363375 0.942834
vt 0.364872 0.967104
vt 0.364937 0.960812
vt 0.362892 0.950985
vt 0.364872 0.967104
vt 0.364996 0.946932
vt 0.367453 0.955666
vt 0.374319 0.965093
vt 0.364872 0.967104
vt 0.378089 0.960519
vt 0.369333 0.93902
vt 0.373274 0.930528
vt 0.369651 0.936686
vt 0.37302 0.947847
vt 0.381846 0.951935
vt 0.363375 0.942834
vt 0.388906 0.956719
vt 0.390855 0.948763
vt 0.393574 0.946482
vt 0.394742 0.940236
vt 0.384331 0.961117
vt 0.373274 0.930528
vt 0.382305 0.927241
vt 0.369651 0.936686
vt 0.380643 0.930158
vt 0.363375 0.942834
vt 0.433291 0.858845
vt 0.429584 0.857149
vt 0.381806 0.950483
vt 0.374076 0.946955
vt 0.428118 0.853412
vt 0.371001 0.939198
vt 0.429754 0.849822
vt 0.374386 0.93175
vt 0.389669 0.947719
vt 0.43707 0.857508
vt 0.438707 0.853919
vt 0.43707 0.857508
vt 0.393061 0.940276
vt 0.389669 0.947719
vt 0.389991 0.932512
vt 0.437242 0.850181
vt 0.382254 0.928979
vt 0.433533 0.848484
vt 0.374386 0.93175
vt 0.429754 0.849822
vt 0.382254 0.928979
vt 0.389991 0.932512
vt 0.382305 0.927241
vt 0.39115 0.93139
vt 0.373274 0.930528
vt 0.374386 0.93175
vt 0.369333 0.93902
vt 0.393061 0.940276
vt 0.394742 0.940236
vt 0.389669 0.947719
vt 0.390855 0.948763
vt 0.381806 0.950483
vt 0.381846 0.951935
vt 0.374076 0.946955
vt 0.37302 0.947847
vt 0.371001 0.939198
vt 0.364477 0.906766
vt 0.382284 0.924762
vt 0.363688 0.910832
vt 0.377796 0.9261
vt 0.361559 0.911301
vt 0.361662 0.908302
vt 0.360484 0.91232
vt 0.35856 0.909995
vt 0.359158 0.913458
vt 0.356615 0.912422
vt 0.358501 0.914961
vt 0.355294 0.915216
vt 0.372965 0.930909
vt 0.37093 0.933951
vt 0.377796 0.9261
vt 0.364739 0.913596
vt 0.363688 0.910832
vt 0.378839 0.928867
vt 0.37093 0.933951
vt 0.356339 0.917991
vt 0.355294 0.915216
vt 0.371936 0.936744
vt 0.35856 0.909995
vt 0.362714 0.911065
vt 0.361662 0.908302
vt 0.359616 0.912757
vt 0.356615 0.912422
vt 0.357674 0.915184
vt 0.355294 0.915216
vt 0.356339 0.917991
vt 0.365525 0.90953
vt 0.364477 0.906766
vt 0.361539 0.915083
vt 0.362714 0.911065
vt 0.359616 0.912757
vt 0.362612 0.914064
vt 0.365525 0.90953
vt 0.364739 0.913596
vt 0.383321 0.92753
vt 0.378839 0.928867
vt 0.360215 0.916221
vt 0.357674 0.915184
vt 0.359545 0.917735
vt 0.356339 0.917991
vt 0.373981 0.933703
vt 0.371936 0.936744
vt 0.365525 0.90953
vt 0.383321 0.92753
vt 0.364477 0.906766
vt 0.382284 0.924762
vt 0.359545 0.917735
vt 0.373981 0.933703
vt 0.358501 0.914961
vt 0.372965 0.930909
vt 0.362612 0.914064
vt 0.361539 0.915083
vt 0.361559 0.911301
vt 0.360484 0.91232
vt 0.360215 0.916221
vt 0.359158 0.913458
vt 0.359545 0.917735
vt 0.358501 0.914961
vt 0.363688 0.910832
vt 0.364739 0.913596
vt 0.355841 0.913997
vt 0.35667 0.916453
vt 0.350519 0.907728
vt 0.3491 0.907403
vt 0.360306 0.917434
vt 0.3586 0.915218
vt 0.357533 0.907865
vt 0.356196 0.908037
vt 0.349899 0.90042
vt 0.350929 0.903161
vt 0.347325 0.901542
vt 0.348559 0.902975
vt 0.350519 0.907728
vt 0.355183 0.905306
vt 0.355841 0.913997
vt 0.360509 0.91156
vt 0.3586 0.915218
vt 0.363279 0.91278
vt 0.353977 0.900123
vt 0.348559 0.902975
vt 0.355183 0.905306
vt 0.361337 0.914015
vt 0.360509 0.91156
vt 0.364987 0.914983
vt 0.363279 0.91278
vt 0.362224 0.905429
vt 0.360879 0.9056
vt 0.355327 0.897554
vt 0.356358 0.900294
vt 0.352739 0.898687
vt 0.353977 0.900123
vt 0.354508 0.904549
vt 0.35667 0.916453
vt 0.361337 0.914015
vt 0.3491 0.907403
vt 0.354508 0.904549
vt 0.364987 0.914983
vt 0.360306 0.917434
vt 0.347325 0.901542
vt 0.352739 0.898687
vt 0.349899 0.90042
vt 0.355327 0.897554
vt 0.357533 0.907865
vt 0.362224 0.905429
vt 0.357533 0.907865
vt 0.362224 0.905429
vt 0.360306 0.917434
vt 0.364987 0.914983
vt 0.348559 0.902975
vt 0.356358 0.900294
vt 0.353977 0.900123
vt 0.350929 0.903161
vt 0.360879 0.9056
vt 0.356196 0.908037
vt 0.3586 0.915218
vt 0.363279 0.91278
vt 0.356196 0.908037
vt 0.360879 0.9056
vt 0.3491 0.907403
vt 0.354508 0.904549
vt 0.347325 0.901542
vt 0.352739 0.898687
vt 0.339169 0.879229
vt 0.356268 0.89537
vt 0.336295 0.881737
vt 0.352599 0.896264
vt 0.35606 0.898023
vt 0.35263 0.897765
vt 0.352961 0.90178
vt 0.351825 0.89913
vt 0.349704 0.903955
vt 0.3499 0.9
vt 0.346071 0.903603
vt 0.348555 0.900152
vt 0.327576 0.887239
vt 0.332777 0.884789
vt 0.328782 0.884835
vt 0.333113 0.883699
vt 0.334582 0.882031
vt 0.335311 0.879011
vt 0.333642 0.882812
vt 0.332348 0.880562
vt 0.346071 0.903603
vt 0.328665 0.890003
vt 0.327576 0.887239
vt 0.347144 0.906367
vt 0.349704 0.903955
vt 0.350766 0.906713
vt 0.352961 0.90178
vt 0.354019 0.904538
vt 0.35606 0.898023
vt 0.357075 0.900823
vt 0.356268 0.89537
vt 0.357117 0.898295
vt 0.334582 0.882031
vt 0.334711 0.885564
vt 0.333642 0.882812
vt 0.335397 0.884875
vt 0.334183 0.886452
vt 0.333113 0.883699
vt 0.333859 0.887552
vt 0.332777 0.884789
vt 0.336295 0.881737
vt 0.336942 0.884694
vt 0.352599 0.896264
vt 0.353452 0.899188
vt 0.335397 0.884875
vt 0.336125 0.881855
vt 0.334711 0.885564
vt 0.333418 0.883314
vt 0.339811 0.882185
vt 0.336942 0.884694
vt 0.357117 0.898295
vt 0.353452 0.899188
vt 0.357075 0.900823
vt 0.353647 0.900565
vt 0.354019 0.904538
vt 0.352882 0.901887
vt 0.350766 0.906713
vt 0.351708 0.902314
vt 0.347144 0.906367
vt 0.350371 0.902471
vt 0.328665 0.890003
vt 0.333859 0.887552
vt 0.329857 0.887587
vt 0.334183 0.886452
vt 0.333418 0.883314
vt 0.336125 0.881855
vt 0.332348 0.880562
vt 0.328782 0.884835
vt 0.335311 0.879011
vt 0.339811 0.882185
vt 0.339169 0.879229
vt 0.357117 0.898295
vt 0.356268 0.89537
vt 0.329857 0.887587
vt 0.327576 0.887239
vt 0.328665 0.890003
vt 0.333859 0.887552
vt 0.350371 0.902471
vt 0.332777 0.884789
vt 0.348555 0.900152
vt 0.351708 0.902314
vt 0.3499 0.9
vt 0.352882 0.901887
vt 0.351825 0.89913
vt 0.353647 0.900565
vt 0.35263 0.897765
vt 0.353452 0.899188
vt 0.352599 0.896264
vt 0.47526 0.936041
vt 0.473121 0.937083
vt 0.471805 0.935921
vt 0.470524 0.93432
vt 0.471522 0.929093
vt 0.471805 0.935921
vt 0.472883 0.929429
vt 0.471297 0.922209
vt 0.472408 0.921202
vt 0.470431 0.919854
vt 0.471523 0.918
vt 0.469455 0.918255
vt 0.470199 0.916142
vt 0.467085 0.919535
vt 0.467566 0.917639
vt 0.470524 0.93432
vt 0.475664 0.934134
vt 0.471522 0.929093
vt 0.476444 0.928863
vt 0.471297 0.922209
vt 0.475935 0.922007
vt 0.470431 0.919854
vt 0.475163 0.919684
vt 0.469455 0.918255
vt 0.474329 0.918112
vt 0.473996 0.935026
vt 0.46852 0.935193
vt 0.475935 0.922007
vt 0.476444 0.928863
vt 0.475638 0.921396
vt 0.476311 0.929746
vt 0.474732 0.917997
vt 0.475664 0.934134
vt 0.47526 0.936041
vt 0.475638 0.921396
vt 0.476311 0.929746
vt 0.472408 0.921202
vt 0.472883 0.929429
vt 0.47526 0.936041
vt 0.471805 0.935921
vt 0.471523 0.918
vt 0.474732 0.917997
vt 0.470199 0.916142
vt 0.473434 0.916103
vt 0.473121 0.937083
vt 0.469461 0.937105
vt 0.471268 0.917854
vt 0.473434 0.916103
vt 0.467566 0.917639
vt 0.470199 0.916142
vt 0.470377 0.924401
vt 0.471268 0.917854
vt 0.466374 0.923893
vt 0.467566 0.917639
vt 0.467142 0.931971
vt 0.470377 0.924401
vt 0.466374 0.923893
vt 0.471114 0.932269
vt 0.467142 0.931971
vt 0.469461 0.937105
vt 0.467142 0.931971
vt 0.473121 0.937083
vt 0.470377 0.924401
vt 0.472594 0.919415
vt 0.471268 0.917854
vt 0.471833 0.924633
vt 0.470377 0.924401
vt 0.471114 0.932269
vt 0.472412 0.931088
vt 0.473121 0.937083
vt 0.473996 0.935026
vt 0.47526 0.936041
vt 0.475664 0.934134
vt 0.466098 0.924748
vt 0.472594 0.919415
vt 0.471833 0.924633
vt 0.467085 0.919535
vt 0.46669 0.931224
vt 0.472412 0.931088
vt 0.46852 0.935193
vt 0.473996 0.935026
vt 0.474329 0.918112
vt 0.469455 0.918255
vt 0.466098 0.924748
vt 0.46669 0.931224
vt 0.466374 0.923893
vt 0.467142 0.931971
vt 0.467085 0.919535
vt 0.467566 0.917639
vt 0.466374 0.923893
vt 0.46852 0.935193
vt 0.467142 0.931971
vt 0.469461 0.937105
vt 0.46852 0.935193
vt 0.470524 0.93432
vt 0.469461 0.937105
vt 0.469461 0.937105
vt 0.471805 0.935921
vt 0.474329 0.918112
vt 0.475163 0.919684
vt 0.473434 0.916103
vt 0.473434 0.916103
vt 0.474732 0.917997
vt 0.475935 0.922007
vt 0.472594 0.919415
vt 0.474329 0.918112
vt 0.471268 0.917854
vt 0.471268 0.917854
vt 0.473434 0.916103
vt 0.334323 0.884665
vt 0.329737 0.888225
vt 0.333007 0.881148
vt 0.333007 0.881148
vt 0.328122 0.884732
vt 0.340387 0.876932
vt 0.333007 0.881148
vt 0.341607 0.880347
vt 0.345793 0.874882
vt 0.328122 0.884732
vt 0.333288 0.880254
vt 0.333007 0.881148
vt 0.329404 0.882943
vt 0.328122 0.884732
vt 0.341607 0.880347
vt 0.335717 0.88504
vt 0.334323 0.884665
vt 0.331967 0.888049
vt 0.329737 0.888225
vt 0.341713 0.881436
vt 0.347821 0.877386
vt 0.346792 0.879131
vt 0.349083 0.877441
vt 0.347448 0.879283
vt 0.348632 0.878236
vt 0.347343 0.879869
vt 0.332605 0.888732
vt 0.330484 0.888997
vt 0.333288 0.880254
vt 0.331967 0.888049
vt 0.335717 0.88504
vt 0.329404 0.882943
vt 0.339337 0.87689
vt 0.341713 0.881436
vt 0.344562 0.874849
vt 0.346792 0.879131
vt 0.345214 0.874882
vt 0.347448 0.879283
vt 0.347821 0.877386
vt 0.341607 0.880347
vt 0.345793 0.874882
vt 0.347611 0.87451
vt 0.349083 0.877441
vt 0.347821 0.877386
vt 0.347611 0.87451
vt 0.345214 0.874882
vt 0.34508 0.875305
vt 0.347611 0.87451
vt 0.347219 0.875105
vt 0.340617 0.877978
vt 0.342022 0.878438
vt 0.334606 0.881321
vt 0.334765 0.882528
vt 0.348632 0.878236
vt 0.349083 0.877441
vt 0.347219 0.875105
vt 0.347611 0.87451
vt 0.342022 0.878438
vt 0.343347 0.882264
vt 0.334765 0.882528
vt 0.343347 0.882264
vt 0.342022 0.878438
vt 0.336069 0.886577
vt 0.328916 0.885247
vt 0.336069 0.886577
vt 0.334765 0.882528
vt 0.330484 0.888997
vt 0.328916 0.885247
vt 0.343347 0.882264
vt 0.347343 0.879869
vt 0.348632 0.878236
vt 0.343141 0.883152
vt 0.343347 0.882264
vt 0.336069 0.886577
vt 0.343141 0.883152
vt 0.343347 0.882264
vt 0.337232 0.886702
vt 0.343141 0.883152
vt 0.336069 0.886577
vt 0.340617 0.877978
vt 0.343141 0.883152
vt 0.334606 0.881321
vt 0.347343 0.879869
vt 0.34508 0.875305
vt 0.337232 0.886702
vt 0.347448 0.879283
vt 0.345214 0.874882
vt 0.329961 0.883379
vt 0.332605 0.888732
vt 0.329404 0.882943
vt 0.331967 0.888049
vt 0.330484 0.888997
vt 0.337232 0.886702
vt 0.336069 0.886577
vt 0.332605 0.888732
vt 0.328122 0.884732
vt 0.330484 0.888997
vt 0.328916 0.885247
vt 0.329737 0.888225
vt 0.334606 0.881321
vt 0.329961 0.883379
vt 0.334765 0.882528
vt 0.328916 0.885247
vt 0.328916 0.885247
vt 0.329404 0.882943
vt 0.328122 0.884732
vt 0.329961 0.883379
vt 0.344562 0.874849
vt 0.345214 0.874882
vt 0.345793 0.874882
vt 0.345793 0.874882
vt 0.345214 0.874882
vt 0.347611 0.87451
vt 0.339337 0.87689
vt 0.344562 0.874849
vt 0.340387 0.876932
vt 0.333007 0.881148
vt 0.333288 0.880254
vt 0.345793 0.874882
vt 0.349848 0.893493
vt 0.349504 0.899547
vt 0.346638 0.891802
vt 0.346638 0.891802
vt 0.346104 0.898079
vt 0.34964 0.883891
vt 0.349848 0.893493
vt 0.346638 0.891802
vt 0.352668 0.885549
vt 0.353593 0.879596
vt 0.352668 0.885549
vt 0.34964 0.883891
vt 0.356431 0.880887
vt 0.346104 0.898079
vt 0.346617 0.891125
vt 0.346638 0.891802
vt 0.346098 0.896003
vt 0.346104 0.898079
vt 0.349114 0.884697
vt 0.346638 0.891802
vt 0.34964 0.883891
vt 0.346098 0.896003
vt 0.351223 0.898014
vt 0.346617 0.891125
vt 0.351445 0.892994
vt 0.349114 0.884697
vt 0.353756 0.88643
vt 0.352557 0.880136
vt 0.356922 0.881772
vt 0.353615 0.879994
vt 0.35806 0.881715
vt 0.352668 0.885549
vt 0.351445 0.892994
vt 0.349848 0.893493
vt 0.353756 0.88643
vt 0.356431 0.880887
vt 0.356922 0.881772
vt 0.351223 0.898014
vt 0.349504 0.899547
vt 0.353194 0.898604
vt 0.351852 0.900246
vt 0.35806 0.881715
vt 0.358145 0.880078
vt 0.358996 0.880511
vt 0.358865 0.882462
vt 0.358145 0.880078
vt 0.356431 0.880887
vt 0.358145 0.880078
vt 0.356431 0.880887
vt 0.355225 0.878154
vt 0.355225 0.878154
vt 0.356431 0.880887
vt 0.353593 0.879596
vt 0.353615 0.879994
vt 0.354296 0.880642
vt 0.355225 0.878154
vt 0.355956 0.879165
vt 0.353593 0.879596
vt 0.353327 0.88589
vt 0.354984 0.885444
vt 0.350846 0.892278
vt 0.35204 0.893205
vt 0.352557 0.880136
vt 0.353593 0.879596
vt 0.347854 0.896469
vt 0.35204 0.893205
vt 0.348384 0.898589
vt 0.346098 0.896003
vt 0.348384 0.898589
vt 0.346104 0.898079
vt 0.349114 0.884697
vt 0.352557 0.880136
vt 0.34964 0.883891
vt 0.358996 0.880511
vt 0.358145 0.880078
vt 0.355956 0.879165
vt 0.354984 0.885444
vt 0.358399 0.887357
vt 0.355956 0.879165
vt 0.358145 0.880078
vt 0.355225 0.878154
vt 0.35204 0.893205
vt 0.358399 0.887357
vt 0.354984 0.885444
vt 0.355516 0.895262
vt 0.348384 0.898589
vt 0.355516 0.895262
vt 0.35204 0.893205
vt 0.351852 0.900246
vt 0.348384 0.898589
vt 0.346104 0.898079
vt 0.351852 0.900246
vt 0.348384 0.898589
vt 0.349504 0.899547
vt 0.358399 0.887357
vt 0.358865 0.882462
vt 0.358996 0.880511
vt 0.355516 0.895262
vt 0.358473 0.88798
vt 0.358399 0.887357
vt 0.356193 0.894447
vt 0.355516 0.895262
vt 0.351852 0.900246
vt 0.356193 0.894447
vt 0.353194 0.898604
vt 0.353327 0.88589
vt 0.358865 0.882462
vt 0.358473 0.88798
vt 0.354296 0.880642
vt 0.350846 0.892278
vt 0.356193 0.894447
vt 0.347854 0.896469
vt 0.353194 0.898604
vt 0.346098 0.896003
vt 0.351223 0.898014
vt 0.35806 0.881715
vt 0.353615 0.879994
vt 0.34964 0.883891
vt 0.352557 0.880136
vt 0.353593 0.879596
vn 0.0104614 0.7263773 0.6872165
vn 0.1184055 0.8334868 0.5397035
vn -0.219528 0.6680635 0.7109843
vn -0.1826431 0.5322289 0.8266644
vn -0.1831797 0.4131033 0.8920711
vn -0.1198926 0.6505786 0.7499155
vn 0.1615924 0.9715585 0.1730954
vn -0.0887887 0.9890783 0.1176457
vn -0.3066313 0.6004475 0.7385391
vn -0.3787249 -0.144602 0.9141431
vn -0.3447918 -0.1380987 0.9284651
vn -0.2855729 0.1674302 0.9436182
vn 0.299013 0.9472182 0.1156235
vn -0.3038051 0.9468895 0.1053686
vn -0.4306578 0.5454319 0.7190534
vn 0.1215334 0.8803553 0.4584804
vn -0.03301715 0.7028672 0.7105543
vn -0.3744949 0.9249518 0.06494398
vn -0.4821319 0.4950031 0.7228559
vn -0.2859871 0.9268794 -0.243117
vn -0.2391605 0.9190637 -0.3132477
vn -0.06715974 0.8635805 -0.4997181
vn 0.1532521 0.8296057 -0.5369061
vn 0.2633134 0.2865756 -0.9211626
vn 0.3206502 0.1965948 -0.926571
vn 0.3632176 0.7785521 -0.5117905
vn 0.3718821 0.1436052 -0.9171048
vn 0.4870958 0.6109577 -0.624074
vn 0.4088495 0.3375244 -0.8478911
vn 0.455607 0.6308585 -0.6280444
vn 0.4860856 0.7365415 -0.4703482
vn 0.1866161 0.4709063 -0.8622191
vn -0.002685534 0.7698819 -0.6381807
vn 0.1421961 0.5980194 -0.7887669
vn -0.2214694 0.9369311 -0.2703912
vn 0.2392557 0.9252027 0.2945448
vn 0.3964934 -0.07714941 -0.9147901
vn 0.3894393 -0.2076874 -0.8973311
vn 0.4751528 -0.442269 -0.7606761
vn 0.323674 -0.3109436 -0.8936158
vn -0.03301715 0.7028672 0.7105543
vn -0.0006251768 0.7502182 0.66119
vn -0.2182722 0.5676812 0.7937855
vn -0.4235577 0.8935887 0.1486539
vn -0.3980787 0.9013392 0.1706487
vn -0.2391605 0.9190637 -0.3132477
vn -0.3511452 0.9362953 -0.006937046
vn -0.1560764 0.9454042 -0.2860966
vn -0.3980787 0.9013392 0.1706487
vn 0.455607 0.6308585 -0.6280444
vn 0.428639 0.6521418 -0.6252837
vn 0.215087 0.9645534 -0.1528866
vn 0.2616882 -0.2929456 -0.9196207
vn 0.4005258 0.1229661 -0.9079968
vn 0.3718821 0.1436052 -0.9171048
vn 0.323674 -0.3109436 -0.8936158
vn 0.2195289 -0.3301277 -0.9180537
vn 0.1076721 -0.6838928 -0.7215936
vn 0.2616882 -0.2929456 -0.9196207
vn 0.2736582 -0.6853758 -0.674812
vn 0.323674 -0.3109436 -0.8936158
vn 0.07875331 -0.9924241 -0.09429853
vn -0.164902 -0.9737598 -0.1568409
vn -0.1774729 -0.8015447 0.5709898
vn -0.3657084 -0.7672342 0.5268862
vn -0.3447918 -0.1380987 0.9284651
vn -0.3787249 -0.144602 0.9141431
vn 0.2195289 -0.3301277 -0.9180537
vn -0.01989959 -0.747138 -0.6643711
vn -0.2981772 -0.9523548 -0.06411446
vn -0.4251866 -0.7101231 0.5611964
vn -0.3934048 -0.2169701 0.8933961
vn 0.4287435 -0.6178013 -0.6591666
vn 0.3894393 -0.2076874 -0.8973311
vn 0.2986771 -0.9522923 -0.06270088
vn 0 -0.8058401 0.5921332
vn -0.3082258 -0.1888375 0.9323826
vn -0.4306578 0.5454319 0.7190534
vn -0.4821319 0.4950031 0.7228559
vn -0.2485239 -0.3480453 0.9039361
vn 0.4751528 -0.442269 -0.7606761
vn 0.4171699 -0.8870627 -0.1977096
vn 0.1253 -0.866741 0.4827629
vn -0.4261028 0.5887191 0.6869107
vn -0.6057469 0.5710447 0.5540565
vn 0.323674 -0.3109436 -0.8936158
vn 0.3718821 0.1436052 -0.9171048
vn 0.3206502 0.1965948 -0.926571
vn 0.6862393 0.7273758 0
vn 0.6862423 0.7273731 0
vn 0.6862373 0.7273777 1.062999E-05
vn 0.6862429 0.7273724 2.067178E-05
vn 0.6862568 0.7273592 -2.159795E-05
vn 0.6862558 0.7273602 -2.595789E-05
vn 0.686247 0.7273687 -1.706718E-05
vn 0.686226 0.7273884 1.176538E-05
vn 0.6862302 0.7273844 2.068602E-05
vn 0.6862364 0.7273786 0
vn 0.6862414 0.7273739 0
vn 0.6862053 0.7273864 -0.005613819
vn 0.6861795 0.7273837 -0.008418538
vn 0.6860636 0.7273467 -0.01683981
vn 0.03333683 -0.03144972 -0.9989492
vn 0.03333683 -0.03144972 -0.9989492
vn 0.03333961 -0.03144745 -0.9989492
vn 0.03333407 -0.03145198 -0.9989493
vn 0.2544064 -0.2484245 -0.9346457
vn 0.05031975 -0.05737842 -0.9970836
vn 0.04793721 -0.0592522 -0.9970914
vn 0.4561947 -0.4336838 -0.7770488
vn -0.6862404 -0.7273749 0
vn -0.6862413 -0.727374 -1.869143E-05
vn -0.6862587 -0.7273574 0
vn -0.6862534 -0.7273625 0
vn -0.6862291 -0.7273855 -2.755545E-05
vn -0.6862151 -0.7273988 -4.322661E-05
vn -0.6862255 -0.7273889 -2.741671E-05
vn -0.6862517 -0.7273642 1.568494E-05
vn -0.6862531 -0.727363 1.397993E-05
vn -0.6862534 -0.7273626 0
vn -0.6862509 -0.7273649 0
vn -0.6862095 -0.7273822 0.005612928
vn -0.6861778 -0.727385 0.00842229
vn -0.6860666 -0.727344 0.01682832
vn -0.05128698 0.04838791 0.997511
vn -0.05128675 0.04838827 0.997511
vn -0.05128675 0.04838827 0.997511
vn -0.05128651 0.04838863 0.997511
vn 0.6052294 -0.5710313 0.5546356
vn 0.6844339 -0.6457346 0.3384921
vn 0.605228 -0.5710124 0.5546566
vn 0.7246398 -0.6836688 0.08656967
vn 0.7207741 -0.6800351 -0.1343015
vn 0.7226904 -0.6818428 -0.1131766
vn 0.7030101 -0.6632614 -0.2566341
vn 0.6595008 -0.623311 -0.420169
vn 0.4561947 -0.4336838 -0.7770488
vn 0.2544064 -0.2484245 -0.9346457
vn -0.06902977 0.08203135 0.9942363
vn -0.2742356 0.2687676 0.923341
vn -0.0711835 0.07905576 0.9943255
vn -0.4714503 0.4486601 0.7592357
vn -0.2742356 0.2687676 0.923341
vn -0.6407386 0.6057546 0.4717154
vn -0.4714503 0.4486601 0.7592357
vn -0.6677473 0.6299796 0.396534
vn -0.7188396 0.678177 0.1527928
vn -0.7271997 0.6860672 -0.02219
vn -0.7139273 0.6735554 -0.1913922
vn -0.7139324 0.6735501 -0.1913916
vn -0.7139374 0.6735447 -0.191392
vn -0.7139567 0.6735326 -0.1913627
vn 0.03406857 0.1990375 0.9793996
vn 0.03455699 0.1998836 0.9792101
vn 0.03465521 0.2004105 0.9790989
vn 0.03466418 0.2008321 0.9790122
vn 0.0344378 0.1990799 0.979378
vn 0.03424776 0.2005892 0.9790766
vn 0.03385389 0.2001482 0.9791806
vn 0.03410748 0.1997548 0.979252
vn 0.0345697 0.1997907 0.9792286
vn 0.03492093 0.2002003 0.9791325
vn 0.03502759 0.2002143 0.9791257
vn 0.03449338 0.1995755 0.9792752
vn -0.4039191 -0.9013362 0.1563408
vn -0.6023808 -0.7851531 0.1437774
vn -0.7615639 -0.6360455 0.1243652
vn -0.7614321 -0.6360808 0.1249896
vn -0.1952042 -0.9674416 0.161096
vn -0.1953475 -0.9674584 0.160822
vn -0.03464502 -0.2008281 -0.9790137
vn -0.03454738 -0.1998706 -0.9792131
vn -0.03463702 -0.2004045 -0.9791008
vn -0.03405971 -0.1990107 -0.9794053
vn -0.03443649 -0.1990536 -0.9793834
vn -0.03424168 -0.2006056 -0.9790735
vn -0.03385644 -0.2001609 -0.9791779
vn -0.03502657 -0.2002113 -0.9791265
vn -0.03448925 -0.1995568 -0.9792792
vn -0.034918 -0.2002012 -0.9791324
vn -0.03456965 -0.1997873 -0.9792293
vn -0.03411663 -0.19977 -0.9792486
vn 0.9814538 0.1830512 -0.05692759
vn 0.9064897 0.4122084 -0.09143725
vn 0.6421041 0.7539207 -0.1389452
vn 0.4620973 0.873426 -0.153601
vn 0.2696582 0.9494296 -0.1608347
vn 0.2702266 0.9491246 -0.1616791
vn 0.9988373 -0.0434222 -0.02094349
vn 0.9988298 -0.04355267 -0.02103002
vn -0.5073112 -0.8484659 0.1508011
vn -0.3202759 -0.9337354 0.1598798
vn -0.1280196 -0.9784265 0.16215
vn -0.1274991 -0.9783774 0.1628549
vn -0.6664786 -0.7329223 0.1364966
vn -0.6663995 -0.7329491 0.1367382
vn 0.6516252 0.745701 -0.1389773
vn 0.4547881 0.8771154 -0.1543904
vn 0.6517583 0.7454756 -0.1395607
vn 0.2178396 0.9625761 -0.1612239
vn -0.0179339 0.9871775 -0.1586159
vn -0.01779382 0.9871346 -0.1588978
vn -0.9323663 0.3600331 -0.03269662
vn -0.9323663 0.3600331 -0.03269662
vn -0.9322782 0.3602259 -0.03308749
vn -0.9324544 0.3598403 -0.03230575
vn -0.03411663 -0.19977 -0.9792486
vn -0.03385644 -0.2001609 -0.9791779
vn -0.03424168 -0.2006056 -0.9790735
vn -0.03502657 -0.2002113 -0.9791265
vn -0.03456965 -0.1997873 -0.9792293
vn -0.034918 -0.2002012 -0.9791324
vn -0.03405971 -0.1990107 -0.9794053
vn -0.03443649 -0.1990536 -0.9793834
vn -0.03448925 -0.1995568 -0.9792792
vn -0.9623997 0.2711374 -0.01647424
vn -0.9623998 0.2711371 -0.01647338
vn -0.9623998 0.2711371 -0.01647338
vn -0.9624 0.2711367 -0.01647252
vn 0.9191374 -0.392133 0.03765671
vn 0.9191374 -0.392133 0.03765671
vn 0.9192058 -0.3919479 0.03791528
vn 0.9190691 -0.3923182 0.03739814
vn 0.6753898 0.7266562 -0.1257745
vn 0.6797287 0.7296901 -0.07430501
vn 0.6476812 0.7553915 -0.0994627
vn 0.6823475 0.7305632 -0.02606703
vn 0.6833829 0.7299251 -0.01404531
vn 0.685831 0.7277604 -0.0008073898
vn 0.6862559 0.7273602 0
vn 0.686266 0.7273506 -2.210342E-05
vn 0.686262 0.7273545 -2.575162E-05
vn 0.6862445 0.7273709 0
vn 0.6847121 0.7288133 0.0008689009
vn 0.6832168 0.730215 -0.0008781737
vn 0.683234 0.7301989 -0.0008738667
vn 0.6847574 0.7287691 -0.001699066
vn 0.6862491 0.7273666 4.30313E-05
vn 0.6862597 0.7273566 -1.236679E-05
vn 0.6801994 0.7290081 -0.07665552
vn 0.6862646 0.7273519 -4.563643E-05
vn 0.6862718 0.7273451 -4.67397E-05
vn 0.7133969 0.6997253 -0.03807155
vn 0.2513785 -0.2351004 -0.9389018
vn -0.1431332 0.1343662 -0.98054
vn -0.3741334 0.3521205 -0.857925
vn 0.41391 -0.388529 -0.8232397
vn -0.5935543 0.5591362 -0.5788438
vn -0.6345738 0.5986925 -0.488757
vn -0.7226797 0.681811 -0.1134355
vn -0.7117772 0.6731545 0.2005896
vn -0.5622517 0.5369279 0.6289527
vn -0.4674578 0.4706731 0.7482982
vn -0.2564006 0.2987472 0.9192436
vn -0.14306 0.2382923 0.9605991
vn -0.6832294 -0.7302033 0.0008835167
vn -0.6847166 -0.728809 -0.0008614762
vn -0.6862313 -0.7273835 0
vn -0.6832278 -0.7302047 0.0008808515
vn -0.6847467 -0.728779 0.001745066
vn -0.6862403 -0.7273749 0
vn -0.6862274 -0.7273871 -1.646241E-05
vn -0.6862364 -0.7273786 1.831195E-05
vn -0.6862488 -0.7273669 1.934938E-05
vn -0.6862572 -0.7273589 1.532311E-05
vn -0.6862494 -0.7273663 1.673738E-05
vn -0.6836417 -0.7296953 0.01337283
vn -0.6827265 -0.7302362 0.02528856
vn -0.6795911 -0.7298198 0.0742915
vn -0.6481317 -0.7550059 0.09945495
vn -0.6756702 -0.7263883 0.1258162
vn -0.6805657 -0.7286556 0.07675453
vn -0.6862177 -0.7273962 -3.144612E-05
vn -0.6862259 -0.7273885 -2.412976E-05
vn -0.7133478 -0.6997775 0.03802958
vn -0.2564006 0.2987472 0.9192436
vn 0.1986831 -0.07280085 0.9773562
vn -0.14306 0.2382923 0.9605991
vn 0.3231631 -0.1782537 0.9294037
vn 0.1986831 -0.07280085 0.9773562
vn 0.6800445 -0.6246623 0.3838443
vn 0.4371812 -0.3207677 0.8402266
vn 0.5890731 -0.5080977 0.6283548
vn 0.7178146 -0.6874132 0.1104781
vn 0.712406 -0.6884192 -0.1362231
vn 0.7230579 -0.6821765 -0.1087308
vn 0.6898462 -0.6508458 -0.317036
vn 0.6288889 -0.591571 -0.504522
vn 0.41391 -0.388529 -0.8232397
vn 0.2513785 -0.2351004 -0.9389018
vn -0.173213 0.04674963 -0.9837742
vn 0.159254 -0.2530724 -0.9542497
vn 0.3037467 -0.342319 -0.889132
vn -0.3767879 0.2569244 -0.8899555
vn -0.6111227 0.5402449 -0.5785018
vn -0.6704057 0.6253605 -0.39935
vn -0.7243005 0.6889258 -0.02774845
vn -0.7188336 0.6781823 0.1527972
vn -0.6686116 0.6308119 0.3937448
vn -0.6434268 0.6050191 0.4689924
vn -0.4859664 0.4559651 0.7456089
vn -0.3072253 0.2871282 0.9072872
vn 0.2461673 -0.2315285 0.9411675
vn -0.3072253 0.2871282 0.9072872
vn 0.05973473 -0.05597568 0.9966437
vn -0.4859664 0.4559651 0.7456089
vn 0.5634601 -0.5306581 0.6331782
vn 0.6806585 -0.6421655 0.3526011
vn 0.72467 -0.6836926 -0.08612622
vn 0.7055736 -0.666599 -0.2404406
vn 0.6118374 -0.5821911 -0.5354518
vn 0.5156454 -0.5142196 -0.6853378
vn 0.3037467 -0.342319 -0.889132
vn 0.159254 -0.2530724 -0.9542497
vn -0.8704156 0.2393906 -0.4301966
vn -0.8700427 0.2401636 -0.4305197
vn -0.8702592 0.2397792 -0.4302962
vn -0.8696097 0.240462 -0.4312273
vn -0.8696888 0.240795 -0.4308816
vn -0.8698851 0.2404029 -0.4307047
vn -0.8702473 0.2403438 -0.4300051
vn -0.8702267 0.240242 -0.4301039
vn -0.8700017 0.2402567 -0.4305504
vn -0.8698941 0.2398257 -0.4310079
vn -0.8699919 0.239206 -0.4311551
vn -0.8702376 0.2391991 -0.4306624
vn 0.8695859 -0.2404778 0.4312666
vn 0.8700411 -0.2401683 0.4305201
vn 0.8702608 -0.2397914 0.4302862
vn 0.8704234 -0.2393941 0.4301786
vn 0.8696706 -0.2408316 0.430898
vn 0.8698733 -0.2404339 0.4307112
vn 0.8702524 -0.2403631 0.4299842
vn 0.8702227 -0.2402461 0.4301095
vn 0.8699873 -0.2402719 0.4305712
vn 0.8698936 -0.2398168 0.4310139
vn 0.8700009 -0.2391827 0.4311496
vn 0.8702541 -0.2391778 0.4306411
vn -0.43843 -0.8743451 0.2080862
vn -0.4139304 -0.9065762 -0.08234851
vn -0.4381938 -0.8743847 0.2084166
vn -0.3459981 -0.8515244 -0.3939436
vn -0.1503688 -0.5549931 -0.8181515
vn -0.02762226 -0.3288921 -0.9439635
vn -0.1767425 -0.09726597 0.9794393
vn -0.1767425 -0.09726597 0.9794393
vn -0.1774208 -0.09737955 0.9793054
vn -0.1760641 -0.09715237 0.9795728
vn -0.1503688 -0.5549931 -0.8181515
vn 0.08810346 -0.09531543 -0.9915406
vn -0.02762226 -0.3288921 -0.9439635
vn 0.08851227 -0.09568107 -0.991469
vn 0.4218032 0.7553982 -0.5014535
vn 0.4220381 0.7552208 -0.5015231
vn 0.4220381 0.7552208 -0.5015231
vn 0.4222729 0.7550433 -0.5015926
vn 0.2599511 0.734516 0.6268266
vn 0.2601219 0.7344721 0.6268073
vn 0.2601219 0.7344721 0.6268073
vn 0.2602926 0.7344282 0.6267878
vn -0.3270529 -0.4605235 0.8251997
vn 0.0152622 0.3060893 0.9518805
vn -0.2024126 -0.1529771 0.9672782
vn 0.1019133 0.4688258 0.8773916
vn -0.4024118 -0.6841455 0.6082842
vn -0.4013568 -0.6836944 0.6094872
vn -0.111692 -0.4862489 -0.8666527
vn -0.2339916 -0.6936638 -0.681233
vn -0.2339889 -0.6936678 -0.68123
vn 0.0360436 -0.2039068 -0.9783266
vn 0.4309441 0.806034 -0.4057048
vn 0.3858634 0.6306093 -0.6733803
vn 0.4315349 0.8055292 -0.4060792
vn 0.2863313 0.3549376 -0.8899627
vn 0.0360436 -0.2039068 -0.9783266
vn -0.111692 -0.4862489 -0.8666527
vn 0.1019133 0.4688258 0.8773916
vn 0.1812512 0.6079721 0.7729928
vn 0.1813319 0.6079854 0.7729634
vn 0.0152622 0.3060893 0.9518805
vn -0.1590939 0.01389224 -0.9871656
vn 0.6665689 -0.05752375 -0.7432206
vn 0.03923184 0.0667718 -0.9969968
vn 0.3265791 0.09223288 -0.9406589
vn 0.6665689 -0.05752375 -0.7432206
vn 0.7672865 0.1046505 -0.6327082
vn 0.989073 -0.09775244 -0.1103591
vn 0.9997429 0.01106717 0.01978711
vn 0.7557164 0.2720981 -0.5956974
vn 0.2343888 0.3068782 -0.9224357
vn 0.4497712 0.3985568 -0.7992862
vn 0.9789222 0.1843837 0.08782871
vn 0.8720333 0.369827 -0.3206025
vn 0.6806056 -0.08268815 0.7279688
vn 0.6166087 0.1021078 0.7806202
vn 0.8691188 0.3096018 0.385719
vn 0.6166087 0.1021078 0.7806202
vn -0.1119822 0.06109877 0.9918301
vn 0.3348503 0.2322931 0.9131896
vn -0.2903423 0.1934812 -0.9371586
vn 0.2343888 0.3068782 -0.9224357
vn 0.186213 0.3887167 -0.9023436
vn 0.03923184 0.0667718 -0.9969968
vn -0.9935032 0.100849 -0.05273417
vn -0.9090352 0.05986194 -0.4123973
vn -0.9733175 0.2093541 0.09393591
vn -0.8306723 0.09678423 0.548285
vn -0.9935032 0.100849 -0.05273417
vn -0.8865631 0.2147029 0.4097664
vn -0.9945591 0.02922878 -0.09998941
vn -0.757382 -0.09096026 0.6466056
vn -0.1119822 0.06109877 0.9918301
vn -0.4368935 0.2227942 0.8714854
vn -0.03484703 -0.1241263 0.9916544
vn -0.9954101 -0.08071147 0.05142238
vn -0.7721183 0.06953283 -0.6316633
vn -0.7448675 0.02866966 -0.6665961
vn -0.6256659 -0.2252718 0.7468566
vn 0.09708743 -0.2343101 0.9673018
vn -0.9090352 0.05986194 -0.4123973
vn 0.6806056 -0.08268815 0.7279688
vn 0.7688394 -0.1818019 0.6130531
vn 0.9997429 0.01106717 0.01978711
vn 0.989073 -0.09775244 -0.1103591
vn 0.6166087 0.1021078 0.7806202
vn -0.7721183 0.06953283 -0.6316633
vn -0.1590939 0.01389224 -0.9871656
vn -0.7448675 0.02866966 -0.6665961
vn -0.2230233 0.02873337 -0.9743895
vn -0.6723084 0.1750035 -0.7192879
vn 0.09734917 -0.1266756 0.9871558
vn -0.6347513 -0.1127416 0.7644476
vn -0.1759348 -0.1295947 0.975834
vn -0.8202726 -0.09296732 0.5643669
vn -0.9947934 -0.04231533 0.09271173
vn -0.9838101 -0.01143975 -0.178849
vn -0.771799 0.04332764 -0.6343886
vn -0.5707603 0.0672189 -0.8183607
vn 0.5715387 -0.0998624 0.814476
vn 0.7724587 -0.0759721 0.6305044
vn 0.9952998 0.00964361 -0.09636051
vn 0.7724587 -0.0759721 0.6305044
vn 0.9843258 -0.02121823 0.1750789
vn 0.5715387 -0.0998624 0.814476
vn 0.8209142 0.06027861 -0.5678613
vn 0.6355243 0.08005126 -0.7679197
vn 0.1768658 0.09692189 -0.9794512
vn -0.09642689 0.09401593 -0.99089
vn -0.5707603 0.0672189 -0.8183607
vn -0.771799 0.04332764 -0.6343886
vn 0.03116359 -0.9995117 -0.002308931
vn -0.09533329 -0.995204 0.02192322
vn -0.01215651 -0.9991646 0.03901636
vn -0.1514348 -0.9884444 0.006724022
vn 0.07563534 -0.9964616 -0.03665426
vn 0.1013093 -0.9928999 -0.06233918
vn 0.1328753 -0.9856656 -0.1039584
vn -0.1902349 -0.9775398 -0.09070098
vn -0.191982 -0.9699469 -0.1494855
vn -0.1437038 -0.9574133 -0.250418
vn -0.09735291 -0.9525947 -0.2882459
vn 0.007208281 -0.9459993 -0.3240885
vn 0.06292866 -0.9475487 -0.313355
vn 0.1542902 -0.9517741 -0.2651801
vn 0.1624735 -0.9628865 -0.2155275
vn 0.1724128 -0.9757331 -0.1349768
vn -0.1327246 0.6219065 -0.771762
vn -0.1327151 0.6219013 -0.7717678
vn -0.1327284 0.6219004 -0.7717662
vn -0.1327142 0.6219004 -0.7717686
vn -0.1327038 0.6219119 -0.7717612
vn -0.1326899 0.6219154 -0.7717608
vn -0.1326824 0.6219065 -0.7717691
vn -0.1327087 0.6219003 -0.7717696
vn -0.1327163 0.6218984 -0.7717698
vn -0.1327315 0.6219007 -0.7717655
vn -0.1327293 0.6219051 -0.7717623
vn -0.1286851 0.6191998 -0.7746171
vn -0.1266631 0.6178429 -0.7760326
vn -0.120591 0.6137283 -0.7802535
vn -0.7667561 0.4295768 0.4770209
vn -0.7667561 0.4295768 0.4770209
vn -0.7667599 0.4295855 0.4770069
vn -0.7667522 0.4295682 0.4770348
vn -0.789686 0.4113945 0.4551381
vn -0.9271979 0.2045175 0.3138101
vn -0.9903357 -0.04136213 0.1323797
vn -0.7904254 0.4133166 0.452103
vn -0.6662893 -0.6323258 -0.39525
vn -0.5317465 -0.7017371 -0.474142
vn -0.5317475 -0.7017378 -0.4741401
vn -0.7846057 -0.5415146 -0.3019203
vn -0.9120024 -0.3813186 -0.1511547
vn -0.9413385 -0.322358 -0.09983529
vn -0.9903357 -0.04136213 0.1323797
vn -0.9271979 0.2045175 0.3138101
vn -0.5317453 -0.7017375 -0.474143
vn -0.5317388 -0.7017365 -0.4741514
vn 0.132771 -0.6219001 0.7717592
vn 0.1327656 -0.621897 0.7717625
vn 0.1327264 -0.6218997 0.7717671
vn 0.1327407 -0.6219009 0.7717637
vn 0.1327121 -0.6219063 0.7717642
vn 0.132703 -0.6219066 0.7717656
vn 0.1327162 -0.6219022 0.7717668
vn 0.1327054 -0.6218939 0.7717754
vn 0.1326997 -0.6218928 0.7717773
vn 0.1326861 -0.6218918 0.7717804
vn 0.1326958 -0.6218916 0.7717789
vn 0.1286782 -0.6191976 0.77462
vn 0.1266616 -0.6178391 0.7760359
vn 0.1206062 -0.6137423 0.7802401
vn 0.7510572 -0.4455663 -0.4872203
vn 0.7510571 -0.4455653 -0.4872214
vn 0.7510571 -0.4455653 -0.4872214
vn 0.751057 -0.4455643 -0.4872225
vn 0.9884996 0.01991847 -0.1499063
vn 0.7711018 -0.4304367 -0.4691762
vn 0.915875 -0.2267346 -0.3313072
vn 0.771199 -0.43258 -0.4670404
vn 0.3975128 0.7466916 0.5333248
vn 0.7732388 0.5519137 0.3122387
vn 0.6174607 0.6608698 0.4266068
vn 0.7598125 0.5636648 0.323986
vn 0.8444654 0.4784052 0.2408458
vn 0.921787 0.3631236 0.1358303
vn 0.9884996 0.01991847 -0.1499063
vn 0.915875 -0.2267346 -0.3313072
vn 0.1667154 0.7816932 0.6009673
vn 0.1667343 0.7816866 0.6009707
vn -0.7849148 0.5291381 0.3223688
vn -0.7752247 0.5267289 0.3486877
vn -0.7754225 0.5267782 0.3481732
vn -0.7947095 0.4971112 0.3483063
vn -0.8037639 0.4997921 0.3227561
vn -0.8039501 0.4998038 0.3222739
vn -0.7920716 0.5005961 0.3493225
vn -0.7757969 0.528046 0.3454078
vn -0.7757705 0.527768 0.3458917
vn -0.7880053 0.5270408 0.3182382
vn -0.8044832 0.4992005 0.3218784
vn -0.8045036 0.4995038 0.3213564
vn 0.3423392 0.8348998 -0.4309828
vn 0.2058533 0.7673631 -0.6072713
vn -0.0533146 0.5308113 -0.8458114
vn -0.1898152 0.3623668 -0.9125023
vn -0.310794 0.184625 -0.9323737
vn -0.3097661 0.184716 -0.9326977
vn 0.4488492 0.8595071 -0.2445033
vn 0.4674977 0.8525863 -0.2335434
vn 0.8385989 -0.4075448 -0.3614681
vn 0.7906785 -0.4633082 -0.4002163
vn 0.7849252 -0.529098 -0.3224092
vn 0.8037659 -0.4997861 -0.3227602
vn 0.8039525 -0.4997991 -0.3222752
vn 0.8056021 -0.5001358 -0.3175994
vn 0.80781 -0.4962036 -0.3181585
vn 0.807791 -0.4959332 -0.3186282
vn 0.8063717 -0.4956257 -0.3226759
vn 0.8044848 -0.4992098 -0.3218599
vn 0.850274 -0.4440712 -0.2825509
vn 0.8540722 -0.3756255 -0.3598142
vn 0.2302077 -0.3067139 0.9235426
vn 0.08700504 -0.4825089 0.8715591
vn -0.05151058 -0.6275693 0.7768548
vn -0.05643324 -0.6208969 0.7818583
vn 0.3509804 -0.1195001 0.9287263
vn 0.3511289 -0.1197551 0.9286373
vn -0.4558328 -0.06255379 -0.8878646
vn -0.4560825 -0.06256024 -0.8877358
vn -0.3417516 0.1357493 -0.9299344
vn -0.2046051 0.3385997 -0.9184155
vn -0.06170624 0.5109988 -0.8573638
vn -0.06755992 0.5123466 -0.8561172
vn 0.5673569 0.8157289 0.1126607
vn 0.5670915 0.8159188 0.1126219
vn 0.5670915 0.8159188 0.1126219
vn 0.5668261 0.8161086 0.1125831
vn 0.3862704 -0.06183884 0.9203104
vn 0.2845081 -0.2216629 0.9326954
vn 0.3860402 -0.06110393 0.920456
vn 0.1699912 -0.3835186 0.9077536
vn 0.05226047 -0.5226226 0.8509609
vn 0.05490504 -0.5283473 0.8472512
vn -0.5316088 -0.8469449 0.008738725
vn -0.5316156 -0.8469406 0.00874955
vn -0.5316156 -0.8469406 0.00874955
vn -0.5316222 -0.8469362 0.008760372
vn -0.5806799 -0.811052 -0.07074977
vn -0.5805201 -0.8111352 -0.07110578
vn -0.5805201 -0.8111352 -0.07110578
vn -0.5803602 -0.8112183 -0.07146177
vn -0.04250258 0.5542291 -0.8312783
vn -0.07775651 0.5899091 -0.8037171
vn -0.08708365 0.5507345 -0.8301253
vn -0.1152162 0.61327 -0.7814251
vn -0.1223779 0.602277 -0.7888511
vn -0.1525521 0.6026214 -0.7833105
vn -0.163695 0.5916206 -0.7894233
vn -0.1293352 0.6021439 -0.7878421
vn -0.1064438 0.6100068 -0.7852142
vn -0.0953958 0.6212533 -0.7777814
vn -0.1267365 0.6244968 -0.7706761
vn -0.1175158 0.6240565 -0.7724918
vn -0.1058049 0.6271575 -0.7716727
vn -0.09996046 0.6262604 -0.773179
vn -0.09978887 0.6210297 -0.7774087
vn -0.09081644 0.6097514 -0.7873725
vn -0.08057748 0.5801401 -0.8105213
vn -0.07853479 0.6269394 -0.7750996
vn -0.1120936 0.6140255 -0.7812859
vn -0.1026749 0.608184 -0.7871277
vn -0.5689074 0.5908682 0.5720308
vn -0.8931021 0.2620676 0.3656354
vn -0.9876556 -0.01908311 0.1554743
vn -0.3988491 0.6801978 0.6150205
vn 0.07044703 0.7832037 0.6177614
vn 0.3841377 0.7500848 0.5383409
vn 0.730493 0.5874916 0.3481862
vn 0.8158243 0.5103421 0.2719958
vn 0.9525161 0.2942219 0.07840065
vn 0.9910372 0.1270443 -0.04129164
vn 0.9446488 -0.1943088 -0.2643533
vn 0.856022 -0.377746 -0.3528944
vn 0.5995672 0.6661756 0.4435417
vn 0.8519519 0.4636612 0.243303
vn 0.9006641 0.4005064 0.1685196
vn 0.3509608 0.7649692 0.5400451
vn 0.9683553 0.2473067 0.03357751
vn 0.9800199 0.1986879 -0.009169585
vn 0.9729732 -0.06613957 -0.2212434
vn 0.8700587 -0.2347423 -0.4334674
vn -0.2115986 0.7834688 0.5842968
vn -0.5094112 0.678597 0.5291564
vn -0.841206 0.3978128 0.3662203
vn -0.9192052 0.2501784 0.3040929
vn 0.08013491 -0.5803895 0.8103866
vn 0.07855669 -0.6269255 0.7751086
vn 0.1121381 -0.6140342 0.7812726
vn 0.1027585 -0.6081927 0.78711
vn 0.04220302 -0.5544193 0.8311667
vn 0.08669688 -0.5510684 0.8299441
vn 0.07788424 -0.5897677 0.8038086
vn 0.1154547 -0.6139466 0.7808584
vn 0.1226235 -0.6027132 0.7884797
vn 0.1529799 -0.6033293 0.7826818
vn 0.1639165 -0.5915633 0.7894201
vn 0.1711048 -0.592007 0.78756
vn 0.1453708 -0.5909752 0.7934831
vn 0.1348835 -0.5908629 0.7954165
vn 0.1150514 -0.5969683 0.7939723
vn 0.1074759 -0.6075537 0.7869736
vn 0.09529378 -0.6221299 0.7770929
vn 0.09892254 -0.6276792 0.7721614
vn 0.09985979 -0.6208423 0.7775493
vn 0.09092179 -0.6096506 0.7874386
vn -0.7918423 -0.5346727 -0.2951455
vn -0.3364832 -0.7637967 -0.5508118
vn -0.666916 -0.6297305 -0.3983248
vn -0.9154053 -0.3752519 -0.1456674
vn -0.1345909 -0.7989366 -0.5861618
vn 0.3108291 -0.7578401 -0.5736406
vn 0.5459738 -0.6590714 -0.5172402
vn 0.856022 -0.377746 -0.3528944
vn 0.9446488 -0.1943088 -0.2643533
vn -0.9418963 -0.3218259 -0.0962269
vn -0.9876556 -0.01908311 0.1554743
vn -0.8931021 0.2620676 0.3656354
vn 0.9729732 -0.06613957 -0.2212434
vn 0.4946398 -0.5394456 -0.6814176
vn 0.8700587 -0.2347423 -0.4334674
vn 0.2159098 -0.6117771 -0.7609939
vn -0.1544801 -0.6948066 -0.7024099
vn -0.3187072 -0.7116174 -0.6261202
vn -0.6567543 -0.6190199 -0.4306834
vn -0.8476061 -0.4740945 -0.2383243
vn -0.9834248 -0.180545 0.01670236
vn -0.9932592 -0.04244488 0.1078644
vn -0.9192052 0.2501784 0.3040929
vn -0.841206 0.3978128 0.3662203
vn 0.282436 0.7181974 0.6359422
vn -0.05510109 0.105712 0.992869
vn -0.07030641 0.5974356 0.7988289
vn -0.7260317 0.6068209 0.3234912
vn -0.6778731 0.7345126 0.03129394
vn -0.7091371 0.6687449 0.2233938
vn -0.6939726 0.7172245 -0.06317373
vn -0.7184436 0.6646903 -0.2050013
vn -0.7422906 0.6153941 -0.2651313
vn -0.7551991 0.5600064 -0.3406863
vn -0.7535782 0.5422678 -0.3715716
vn -0.7987732 0.4670319 -0.379266
vn -0.8323177 0.3862298 -0.3975849
vn -0.9124324 0.226988 -0.340505
vn -0.9501839 0.129237 -0.2836342
vn -0.2001636 -0.5216426 -0.8293512
vn -0.3072191 -0.7086592 -0.6351523
vn -0.4212587 -0.8884258 -0.1823203
vn -0.4392362 -0.8955542 0.0710928
vn -0.3977615 -0.764535 0.5072198
vn -0.3453238 -0.6284052 0.6970354
vn -0.2500601 -0.4066385 0.8787009
vn -0.2232763 -0.3343802 0.9156078
vn -0.09795275 -0.06669216 0.9929538
vn 0.007000033 0.1550606 0.9878802
vn 0.02240077 -0.08816897 -0.9958537
vn 0.1439112 0.1565777 -0.9771249
vn 0.9649195 -0.1316972 -0.2271257
vn 0.9977743 -0.06237807 -0.02356807
vn 0.982039 -0.07381979 -0.1736377
vn 0.9947357 -0.0716339 0.0732759
vn 0.9263493 -0.2299879 -0.2982992
vn 0.9621363 -0.1436006 0.2316733
vn 0.9265836 -0.1946883 0.3217753
vn 0.3609508 0.6577743 -0.6610956
vn 0.4303581 0.9005014 -0.06236354
vn 0.4208525 0.7618139 -0.492466
vn 0.4313661 0.884065 0.1798679
vn 0.282436 0.7181974 0.6359422
vn 0.1889473 0.5338831 0.8241769
vn 0.2730772 0.4200883 -0.8654217
vn 0.230048 0.322144 -0.9183144
vn 0.09766717 0.02685855 -0.9948566
vn 0.2677221 -0.2279266 -0.9361486
vn -0.05510109 0.105712 0.992869
vn -0.3600497 0.04361895 0.9319128
vn -0.01723444 -0.7699613 -0.6378578
vn 0.01120277 -0.1887379 -0.9819636
vn -0.2028344 -0.5509357 -0.8095233
vn 0.09766717 0.02685855 -0.9948566
vn -0.1814497 -0.9824234 0.04382117
vn -0.2881393 -0.7356273 -0.6130483
vn -0.4354851 -0.884733 -0.1661331
vn -0.2028344 -0.5509357 -0.8095233
vn -0.6321626 -0.5862652 0.5066196
vn -0.4370693 -0.8916667 0.1179015
vn -0.785027 -0.6181479 -0.0403207
vn -0.3443062 -0.5481583 0.7622176
vn -0.4208704 -0.7097006 0.5649718
vn -0.3990893 -0.05856688 0.9150397
vn -0.7051987 -0.3908938 0.5915208
vn -0.05510109 0.105712 0.992869
vn 0.649577 -0.7585673 -0.0512393
vn 0.689678 -0.6778611 -0.2546538
vn 0.7378268 -0.5963151 -0.3162592
vn 0.6319495 -0.7724084 0.06344461
vn 0.4489307 -0.8809403 -0.1496853
vn 0.6609032 -0.6998574 0.2709363
vn 0.6970267 -0.6277075 0.346608
vn 0.785607 -0.4524532 0.4220282
vn 0.8450252 -0.3555841 0.3993648
vn 0.9265836 -0.1946883 0.3217753
vn 0.9621363 -0.1436006 0.2316733
vn 0.4253912 0.8898562 0.1649195
vn 0.3076858 0.7194544 0.6226676
vn 0.4424238 0.890012 -0.110181
vn 0.2123503 0.5458984 0.810495
vn 0.3935522 0.7210578 -0.5702564
vn 0.3251499 0.5594289 -0.7624414
vn 0.1439112 0.1565777 -0.9771249
vn 0.02240077 -0.08816897 -0.9958537
vn 0.007000033 0.1550606 0.9878802
vn -0.09795275 -0.06669216 0.9929538
vn -0.9957786 0.02621538 -0.08796473
vn -0.9659137 0.04924821 0.2541366
vn -0.9670378 -0.2240044 0.1210783
vn -0.9135559 -0.1300099 0.385374
vn -0.9124324 0.226988 -0.340505
vn -0.9501839 0.129237 -0.2836342
vn -0.9994524 0.005405804 0.03264398
vn -0.8423785 0.3069046 0.4429538
vn -0.8466186 -0.001596356 0.5321976
vn -0.6897582 0.1245229 0.7132515
vn -0.8423785 0.3069046 0.4429538
vn -0.7260317 0.6068209 0.3234912
vn -0.6479679 0.444199 0.6187285
vn -0.801678 0.4219888 0.423365
vn -0.590937 0.6622397 0.4606863
vn 0.8106507 -0.4291987 -0.3982887
vn 0.9062107 -0.2644497 -0.3299223
vn 0.774969 -0.2520436 -0.5795662
vn 0.8553904 -0.3661515 -0.3663883
vn 0.9263493 -0.2299879 -0.2982992
vn 0.9649195 -0.1316972 -0.2271257
vn 0.689678 -0.6778611 -0.2546538
vn 0.8106507 -0.4291987 -0.3982887
vn 0.5976576 -0.6076313 -0.5230581
vn 0.7378268 -0.5963151 -0.3162592
vn 0.8553904 -0.3661515 -0.3663883
vn -0.1467399 0.9756122 -0.1632432
vn -0.7172403 0.6633441 0.2134029
vn -0.5024557 0.8345019 -0.2261524
vn -0.3602477 0.9325686 -0.02318182
vn -0.895414 0.4398563 0.06899476
vn 0.3192514 0.8766155 -0.360033
vn -0.3602477 0.9325686 -0.02318182
vn 0.4550349 0.7261745 -0.5153772
vn 0.6631324 0.3985685 -0.6335602
vn -0.7536705 0.1410613 -0.6419366
vn -0.6059263 0.2316211 -0.7610552
vn -0.603833 0.4174054 -0.6790866
vn -0.8140566 0.06116941 -0.5775554
vn -0.7855217 0.352329 -0.5087435
vn 0.589699 0.4779542 0.6510106
vn 0.4488073 0.5127578 0.7318821
vn 0.3576463 0.518715 0.7765462
vn 0.2304508 0.4273128 0.8742403
vn 0.1636009 0.3530774 0.9211792
vn 0.6607189 0.4269087 0.6174137
vn 0.7544576 0.3209359 0.5725328
vn 0.7713678 0.242685 0.5882989
vn 0.7796679 0.1173691 0.6150954
vn 0.7828952 0.06590544 0.618653
vn 0.7580573 -0.04519445 0.6506202
vn 0.7405881 -0.125968 0.6600465
vn 0.1333254 0.1546027 0.9789394
vn 0.1510744 0.04473685 0.9875097
vn 0.3583036 -0.9335862 0.005934706
vn 0.6999702 -0.6700867 -0.2470334
vn 0.1313299 -0.9810799 0.1422483
vn 0.8182338 -0.4479313 -0.3603482
vn -0.286872 -0.8868331 0.3622589
vn -0.482993 -0.7534844 0.4460708
vn -0.7594107 -0.3820605 0.5266168
vn -0.8438706 -0.1387852 0.5182866
vn -0.8696443 0.1768916 0.4608994
vn -0.8632427 0.2623406 0.431265
vn 0.7224329 0.2186418 -0.6559622
vn 0.4550349 0.7261745 -0.5153772
vn 0.3318811 0.1775154 -0.9264682
vn 0.3901936 -0.1945027 -0.8999542
vn 0.8677508 -0.2678681 -0.418635
vn 0.7224329 0.2186418 -0.6559622
vn 0.8317302 -0.1036831 -0.5454123
vn -0.09715834 -0.1937684 -0.9762244
vn -0.1990433 -0.3238021 -0.9249508
vn 0.0622191 -0.156504 -0.9857156
vn -0.2194165 -0.4013293 -0.8892644
vn -0.3313587 -0.5032866 -0.7980626
vn -0.4077772 -0.5477221 -0.7305602
vn -0.5876392 -0.5162333 -0.6230437
vn -0.677857 -0.4587768 -0.5744855
vn 0.6625925 -0.7292745 -0.1706749
vn 0.8677508 -0.2678681 -0.418635
vn 0.771992 -0.5655419 -0.2901564
vn 0.8317302 -0.1036831 -0.5454123
vn 0.3384908 -0.9404125 0.0323777
vn 0.3113506 -0.8824082 0.3527274
vn -0.3082939 -0.8821156 0.3561276
vn 0.1245523 -0.9756767 0.1803933
vn 0.3384908 -0.9404125 0.0323777
vn -0.3083829 -0.6973605 0.646984
vn -0.8900941 -0.3809274 0.2502534
vn -0.5165057 -0.7219128 0.4605039
vn -0.5884358 -0.808502 -0.008238208
vn -0.8777161 -0.04219949 0.4773192
vn -0.8106795 -0.320827 0.4897641
vn 0.610243 -0.2149004 0.7625098
vn 0.7405881 -0.125968 0.6600465
vn 0.7580573 -0.04519445 0.6506202
vn 0.5255633 -0.2508643 0.8129269
vn 0.6586434 -0.4183245 0.6254547
vn 0.3515507 -0.1957996 0.9154642
vn 0.5255633 -0.2508643 0.8129269
vn 0.610243 -0.2149004 0.7625098
vn 0.2614905 -0.1427442 0.9545925
vn 0.5255633 -0.2508643 0.8129269
vn 0.2707957 -0.4319462 0.8602861
vn -0.3336153 0.9424314 -0.02288987
vn -0.1207266 0.9806508 -0.1541072
vn 0.3032759 0.8793077 -0.3672078
vn -0.6609537 0.720608 0.2094378
vn -0.7789849 0.5385383 0.3211837
vn 0.5142639 0.7275366 -0.454118
vn -0.8632427 0.2623406 0.431265
vn -0.8696443 0.1768916 0.4608994
vn 0.7971349 0.3110405 -0.5175228
vn 0.8661336 0.03963493 -0.4982385
vn 0.8182338 -0.4479313 -0.3603482
vn 0.6999702 -0.6700867 -0.2470334
vn 0.1510744 0.04473685 0.9875097
vn 0.2614905 -0.1427442 0.9545925
vn 0.3515507 -0.1957996 0.9154642
vn 0.1333254 0.1546027 0.9789394
vn -0.9307205 0.3474206 0.1142732
vn -0.8777161 -0.04219949 0.4773192
vn -0.9682496 -0.2357573 0.08313451
vn -0.7172403 0.6633441 0.2134029
vn -0.5876392 -0.5162333 -0.6230437
vn -0.8059647 -0.2797713 -0.521679
vn -0.7614491 -0.5435697 -0.3531676
vn -0.9026156 -0.2959458 -0.3125718
vn -0.9436133 -0.0781569 -0.3216915
vn -0.8140566 0.06116941 -0.5775554
vn -0.9471375 0.1933399 -0.256028
vn -0.8059647 -0.2797713 -0.521679
vn -0.09292846 -0.02985722 -0.9952251
vn -0.09715834 -0.1937684 -0.9762244
vn 0.2225349 0.09068245 -0.9706981
vn 0.2225349 0.09068245 -0.9706981
vn -0.09715834 -0.1937684 -0.9762244
vn 0.0622191 -0.156504 -0.9857156
vn -0.3598805 0.1549484 -0.9200419
vn -0.09292846 -0.02985722 -0.9952251
vn -0.2484102 0.1042816 -0.9630253
vn -0.5183327 0.2167268 -0.827261
vn -0.6059263 0.2316211 -0.7610552
vn 0.2225349 0.09068245 -0.9706981
vn -0.2181752 0.9756135 -0.02403846
vn -0.3928886 0.6633452 0.6368765
vn -0.5254195 0.8345036 0.1659458
vn -0.284155 0.9325705 0.2226392
vn -0.6219761 0.4398609 0.647818
vn 0.002767457 0.8728572 -0.4879679
vn -0.2181752 0.9756135 -0.02403846
vn -0.284155 0.9325705 0.2226392
vn 0.08818711 0.7063212 -0.7023769
vn -0.05899053 0.2611786 -0.9634863
vn 0.08818711 0.7063212 -0.7023769
vn -0.1568024 0.7546479 -0.6371182
vn 0.3171217 0.2722366 -0.9084718
vn -0.9897301 0.1410675 0.02311668
vn -0.9588588 0.2316168 -0.1641447
vn -0.902707 0.4173984 -0.1043964
vn -0.9918943 0.06118001 0.1113677
vn -0.9247792 0.3523331 0.1436833
vn -0.8812116 0.1549414 -0.4466086
vn -0.9376141 0.216717 -0.2718701
vn -0.7790225 0.1365062 -0.6119561
vn 0.3703561 -0.4479361 -0.8137503
vn 0.3576051 -0.6700911 -0.6504586
vn 0.2712261 -0.9335856 -0.2342101
vn 0.1926985 -0.9810811 0.01863646
vn 0.02727166 -0.8868365 0.4612778
vn -0.06320551 -0.7534872 0.6544175
vn -0.215749 -0.3820622 0.8985994
vn -0.2842973 -0.1387858 0.9486377
vn -0.3417445 0.1768893 0.9229955
vn -0.3567046 0.2623323 0.896629
vn 0.8743129 0.4768117 0.09070483
vn 0.8222284 0.512753 0.2470324
vn 0.7839695 0.5187182 0.341062
vn 0.900817 0.4341867 0.003275378
vn 0.8899068 0.2939945 -0.3487595
vn 0.9573147 0.2522262 -0.1411752
vn 0.7541499 0.4273209 0.498653
vn 0.7355421 0.3530889 0.5781921
vn 0.7514364 0.154613 0.6414344
vn 0.7703859 0.04473566 0.6360065
vn 0.9954832 0.06489465 -0.06929637
vn 0.8938292 0.02326188 -0.4478039
vn 0.9987479 -0.04498088 -0.02188965
vn 0.9920344 -0.1259637 -0.0008868376
vn 0.834612 -0.02780782 -0.5501359
vn 0.8112087 0.2918883 -0.5066969
vn 0.834612 -0.02780782 -0.5501359
vn 0.7227226 0.3469909 -0.5977201
vn 0.4510755 -0.01756247 -0.8923129
vn 0.4510755 -0.01756247 -0.8923129
vn 0.5212511 0.273276 -0.8084661
vn -0.05899053 0.2611786 -0.9634863
vn -0.6616822 -0.1672714 -0.7308877
vn -0.7645158 -0.3237981 -0.5573782
vn -0.7616012 -0.1953179 -0.6179113
vn -0.7559431 -0.4013219 -0.517195
vn -0.587289 -0.02076008 -0.809111
vn -0.7786985 -0.5032802 -0.3746168
vn -0.7907394 -0.5477241 -0.2733671
vn -0.8532981 -0.516235 -0.07337425
vn -0.8882544 -0.4587792 0.02293082
vn -0.6097617 0.002608991 -0.7925805
vn -0.1965829 0.2167694 -0.956225
vn -0.9486452 -0.2797724 0.1476467
vn -0.8032088 -0.5435713 0.2436923
vn -0.881471 -0.2959434 0.3680031
vn -0.9918943 0.06118001 0.1113677
vn -0.9181271 -0.07815541 0.3885026
vn -0.8770246 0.1933438 0.439825
vn -0.8812116 0.1549414 -0.4466086
vn -0.6097617 0.002608991 -0.7925805
vn -0.7790225 0.1365062 -0.6119561
vn 0.3886114 -0.6959945 -0.6037986
vn 0.6449035 -0.08468772 -0.7595574
vn 0.4447079 -0.5106995 -0.7358131
vn 0.2740543 -0.9404142 -0.2012843
vn 0.4671678 -0.8824092 0.05575112
vn 0.4447079 -0.5106995 -0.7358131
vn 0.834612 -0.02780782 -0.5501359
vn 0.4510755 -0.01756247 -0.8923129
vn 0.007216216 -0.8821152 0.4709784
vn 0.2130561 -0.9756756 0.0516161
vn 0.2740543 -0.9404142 -0.2012843
vn 0.2008511 -0.6973726 0.68799
vn -0.4972961 -0.3809319 0.779479
vn -0.07858973 -0.7219177 0.6875016
vn -0.4444242 -0.8085023 0.3857605
vn -0.3368371 -0.04220157 0.9406167
vn -0.2785437 -0.3208332 0.905251
vn -0.6181547 0.3474205 0.7051127
vn -0.3368371 -0.04220157 0.9406167
vn -0.6668885 -0.2357568 0.7068794
vn -0.3928886 0.6633452 0.6368765
vn 0.9630426 -0.2149143 0.1623604
vn 0.9920344 -0.1259637 -0.0008868376
vn 0.9987479 -0.04498088 -0.02188965
vn 0.8719345 -0.195832 0.4487539
vn 0.9334507 -0.2508953 0.2563618
vn 0.9078642 -0.4183355 0.02789287
vn 0.8308216 -0.1427628 0.5379166
vn 0.7749425 -0.4319716 0.4613726
vn 0.7703859 0.04473566 0.6360065
vn 0.8308216 -0.1427628 0.5379166
vn 0.7514364 0.154613 0.6414344
vn -0.2641046 0.9424306 0.2051177
vn -0.3535491 0.7206017 0.5964362
vn -0.1926892 0.9806514 -0.03454996
vn -0.3671716 0.5385299 0.7584
vn -0.01833532 0.8793058 -0.4759045
vn 0.08116587 0.7275363 -0.6812511
vn 0.249942 0.3110411 -0.9169419
vn 0.3142526 0.0396316 -0.9485118
vn 0.3703561 -0.4479361 -0.8137503
vn 0.3576051 -0.6700911 -0.6504586
vn -0.3567046 0.2623323 0.896629
vn -0.3417445 0.1768893 0.9229955
vn -0.589825 0.2592768 -0.7647758
vn -0.6097617 0.002608991 -0.7925805
vn -0.1965829 0.2167694 -0.956225
g hut_flag_0
f 3/3/3 2/2/2 1/1/1
f 3/3/3 1/1/1 4/4/4
f 4/4/4 1/1/1 5/5/5
f 6/6/6 5/5/5 1/1/1
f 6/6/6 1/1/1 7/7/7
f 8/8/8 6/6/6 7/7/7
f 9/9/9 6/6/6 8/8/8
f 9/9/9 10/10/10 6/6/6
f 11/11/11 10/10/10 9/9/9
f 10/10/10 12/12/12 6/6/6
f 7/7/7 1/1/1 13/13/13
f 2/2/2 13/13/13 1/1/1
f 14/14/14 9/9/9 8/8/8
f 15/15/15 9/9/9 14/14/14
f 15/15/15 11/11/11 9/9/9
f 16/16/16 13/13/13 2/2/2
f 17/17/17 16/16/16 2/2/2
f 18/18/18 15/15/15 14/14/14
f 19/19/19 15/15/15 18/18/18
f 18/18/18 14/14/14 20/20/20
f 21/21/21 18/18/18 20/20/20
f 20/20/20 14/14/14 22/22/22
f 14/14/14 8/8/8 22/22/22
f 22/22/22 8/8/8 23/23/23
f 22/22/22 23/23/23 24/24/24
f 24/24/24 23/23/23 25/25/25
f 23/23/23 26/26/26 25/25/25
f 25/25/25 26/26/26 27/27/27
f 26/26/26 28/28/28 27/27/27
f 26/26/26 13/13/13 28/28/28
f 27/27/27 28/28/28 29/29/29
f 30/30/30 29/29/29 28/28/28
f 31/31/31 30/30/30 28/28/28
f 32/32/32 22/22/22 24/24/24
f 33/33/33 22/22/22 32/32/32
f 34/34/34 33/33/33 32/32/32
f 35/35/35 22/22/22 33/33/33
f 20/20/20 22/22/22 35/35/35
f 23/23/23 7/7/7 26/26/26
f 8/8/8 7/7/7 23/23/23
f 7/7/7 13/13/13 26/26/26
f 13/13/13 31/31/31 28/28/28
f 36/36/36 31/31/31 13/13/13
f 32/32/32 24/24/24 37/37/37
f 37/37/37 24/24/24 38/38/38
f 37/37/37 38/38/38 39/39/39
f 24/24/24 25/25/25 38/38/38
f 38/38/38 25/25/25 40/40/40
f 43/43/43 42/42/42 41/41/41
f 45/45/45 19/19/19 44/44/44
f 48/48/48 47/47/47 46/46/46
f 49/49/49 18/18/18 48/48/48
f 52/52/52 51/51/51 50/50/50
f 55/55/55 54/54/54 53/53/53
f 56/56/56 55/55/55 53/53/53
f 53/53/53 54/54/54 57/57/57
f 60/60/60 59/59/59 58/58/58
f 61/61/61 59/59/59 60/60/60
f 60/60/60 58/58/58 62/62/62
f 62/62/62 58/58/58 63/63/63
f 62/62/62 63/63/63 64/64/64
f 64/64/64 63/63/63 65/65/65
f 64/64/64 65/65/65 66/66/66
f 66/66/66 65/65/65 67/67/67
f 59/59/59 68/68/68 58/58/58
f 58/58/58 68/68/68 69/69/69
f 58/58/58 69/69/69 63/63/63
f 63/63/63 69/69/69 70/70/70
f 63/63/63 70/70/70 65/65/65
f 65/65/65 70/70/70 71/71/71
f 65/65/65 71/71/71 67/67/67
f 67/67/67 71/71/71 72/72/72
f 73/73/73 61/61/61 60/60/60
f 74/74/74 61/61/61 73/73/73
f 75/75/75 60/60/60 62/62/62
f 73/73/73 60/60/60 75/75/75
f 76/76/76 62/62/62 64/64/64
f 75/75/75 62/62/62 76/76/76
f 77/77/77 64/64/64 66/66/66
f 76/76/76 64/64/64 77/77/77
f 77/77/77 66/66/66 78/78/78
f 79/79/79 77/77/77 78/78/78
f 80/80/80 77/77/77 79/79/79
f 80/80/80 76/76/76 77/77/77
f 81/81/81 74/74/74 73/73/73
f 82/82/82 73/73/73 75/75/75
f 81/81/81 73/73/73 82/82/82
f 83/83/83 75/75/75 76/76/76
f 82/82/82 75/75/75 83/83/83
f 83/83/83 76/76/76 80/80/80
f 84/84/84 3/3/3 4/4/4
f 85/85/85 3/3/3 84/84/84
f 88/88/88 87/87/87 86/86/86
f 91/91/91 90/90/90 89/89/89
f 92/92/92 90/90/90 91/91/91
f 91/91/91 89/89/89 93/93/93
f 93/93/93 89/89/89 94/94/94
f 93/93/93 94/94/94 95/95/95
f 95/95/95 94/94/94 96/96/96
f 95/95/95 96/96/96 97/97/97
f 97/97/97 96/96/96 98/98/98
f 97/97/97 98/98/98 99/99/99
f 99/99/99 98/98/98 100/100/100
f 99/99/99 100/100/100 101/101/101
f 101/101/101 100/100/100 102/102/102
f 105/105/105 104/104/104 103/103/103
f 103/103/103 104/104/104 106/106/106
f 109/109/109 108/108/108 107/107/107
f 107/107/107 108/108/108 110/110/110
f 113/113/113 112/112/112 111/111/111
f 114/114/114 112/112/112 113/113/113
f 115/115/115 114/114/114 113/113/113
f 116/116/116 114/114/114 115/115/115
f 117/117/117 116/116/116 115/115/115
f 118/118/118 116/116/116 117/117/117
f 119/119/119 118/118/118 117/117/117
f 120/120/120 118/118/118 119/119/119
f 121/121/121 120/120/120 119/119/119
f 122/122/122 120/120/120 121/121/121
f 123/123/123 122/122/122 121/121/121
f 124/124/124 122/122/122 123/123/123
f 127/127/127 126/126/126 125/125/125
f 128/128/128 126/126/126 127/127/127
f 131/131/131 130/130/130 129/129/129
f 132/132/132 130/130/130 131/131/131
f 132/132/132 133/133/133 130/130/130
f 134/134/134 133/133/133 132/132/132
f 134/134/134 135/135/135 133/133/133
f 136/136/136 135/135/135 134/134/134
f 136/136/136 137/137/137 135/135/135
f 138/138/138 137/137/137 136/136/136
f 141/141/141 140/140/140 139/139/139
f 142/142/142 140/140/140 141/141/141
f 145/145/145 144/144/144 143/143/143
f 146/146/146 144/144/144 145/145/145
f 146/146/146 147/147/147 144/144/144
f 148/148/148 147/147/147 146/146/146
f 148/148/148 149/149/149 147/147/147
f 150/150/150 149/149/149 148/148/148
f 150/150/150 151/151/151 149/149/149
f 152/152/152 151/151/151 150/150/150
f 155/155/155 154/154/154 153/153/153
f 156/156/156 154/154/154 155/155/155
f 154/154/154 157/157/157 153/153/153
f 158/158/158 156/156/156 155/155/155
f 159/159/159 156/156/156 158/158/158
f 160/160/160 159/159/159 158/158/158
f 161/161/161 159/159/159 160/160/160
f 162/162/162 161/161/161 160/160/160
f 163/163/163 161/161/161 162/162/162
f 164/164/164 163/163/163 162/162/162
f 157/157/157 163/163/163 164/164/164
f 153/153/153 157/157/157 164/164/164
f 167/167/167 166/166/166 165/165/165
f 168/168/168 166/166/166 167/167/167
f 166/166/166 169/169/169 165/165/165
f 165/165/165 169/169/169 170/170/170
f 173/173/173 172/172/172 171/171/171
f 174/174/174 172/172/172 173/173/173
f 174/174/174 175/175/175 172/172/172
f 173/173/173 171/171/171 176/176/176
f 176/176/176 171/171/171 177/177/177
f 179/179/179 178/178/178 175/175/175
f 180/180/180 178/178/178 179/179/179
f 182/182/182 177/177/177 181/181/181
f 182/182/182 181/181/181 180/180/180
f 185/185/185 184/184/184 183/183/183
f 186/186/186 184/184/184 185/185/185
f 187/187/187 186/186/186 185/185/185
f 188/188/188 186/186/186 187/187/187
f 184/184/184 189/189/189 183/183/183
f 183/183/183 189/189/189 190/190/190
f 193/193/193 192/192/192 191/191/191
f 194/194/194 192/192/192 193/193/193
f 192/192/192 195/195/195 191/191/191
f 191/191/191 195/195/195 196/196/196
f 199/199/199 198/198/198 197/197/197
f 197/197/197 198/198/198 200/200/200
f 198/198/198 201/201/201 200/200/200
f 200/200/200 201/201/201 202/202/202
f 205/205/205 204/204/204 203/203/203
f 203/203/203 204/204/204 206/206/206
f 209/209/209 208/208/208 207/207/207
f 212/212/212 211/211/211 210/210/210
f 215/215/215 214/214/214 213/213/213
f 218/218/218 217/217/217 216/216/216
f 219/219/219 217/217/217 218/218/218
f 222/222/222 221/221/221 220/220/220
f 220/220/220 221/221/221 223/223/223
f 226/226/226 225/225/225 224/224/224
f 227/227/227 225/225/225 226/226/226
f 227/227/227 228/228/228 225/225/225
f 229/229/229 228/228/228 227/227/227
f 229/229/229 230/230/230 228/228/228
f 231/231/231 230/230/230 229/229/229
f 231/231/231 232/232/232 230/230/230
f 233/233/233 232/232/232 231/231/231
f 233/233/233 234/234/234 232/232/232
f 235/235/235 234/234/234 233/233/233
f 235/235/235 236/236/236 234/234/234
f 237/237/237 236/236/236 235/235/235
f 237/237/237 238/238/238 236/236/236
f 239/239/239 238/238/238 237/237/237
f 226/226/226 224/224/224 240/240/240
f 239/239/239 241/241/241 238/238/238
f 242/242/242 241/241/241 239/239/239
f 242/242/242 243/243/243 241/241/241
f 240/240/240 243/243/243 242/242/242
f 240/240/240 224/224/224 243/243/243
f 246/246/246 245/245/245 244/244/244
f 244/244/244 245/245/245 247/247/247
f 246/246/246 248/248/248 245/245/245
f 249/249/249 248/248/248 246/246/246
f 249/249/249 250/250/250 248/248/248
f 251/251/251 250/250/250 249/249/249
f 251/251/251 252/252/252 250/250/250
f 253/253/253 252/252/252 251/251/251
f 253/253/253 254/254/254 252/252/252
f 255/255/255 254/254/254 253/253/253
f 258/258/258 257/257/257 256/256/256
f 257/257/257 259/259/259 256/256/256
f 256/256/256 259/259/259 260/260/260
f 259/259/259 261/261/261 260/260/260
f 260/260/260 261/261/261 262/262/262
f 263/263/263 257/257/257 258/258/258
f 264/264/264 263/263/263 258/258/258
f 265/265/265 263/263/263 264/264/264
f 266/266/266 265/265/265 264/264/264
f 267/267/267 265/265/265 266/266/266
f 268/268/268 267/267/267 266/266/266
f 269/269/269 267/267/267 268/268/268
f 270/270/270 269/269/269 268/268/268
f 271/271/271 269/269/269 270/270/270
f 272/272/272 271/271/271 270/270/270
f 261/261/261 273/273/273 262/262/262
f 262/262/262 273/273/273 274/274/274
f 274/274/274 275/275/275 272/272/272
f 273/273/273 275/275/275 274/274/274
f 275/275/275 271/271/271 272/272/272
f 278/278/278 277/277/277 276/276/276
f 279/279/279 277/277/277 278/278/278
f 282/282/282 281/281/281 280/280/280
f 284/284/284 281/281/281 283/283/283
f 284/284/284 285/285/285 281/281/281
f 286/286/286 285/285/285 284/284/284
f 286/286/286 287/287/287 285/285/285
f 288/288/288 287/287/287 286/286/286
f 288/288/288 289/289/289 287/287/287
f 290/290/290 289/289/289 288/288/288
f 293/293/293 292/292/292 291/291/291
f 291/291/291 292/292/292 294/294/294
f 291/291/291 294/294/294 295/295/295
f 295/295/295 294/294/294 296/296/296
f 295/295/295 296/296/296 297/297/297
f 297/297/297 296/296/296 298/298/298
f 297/297/297 298/298/298 299/299/299
f 299/299/299 298/298/298 300/300/300
f 299/299/299 300/300/300 301/301/301
f 301/301/301 300/300/300 302/302/302
f 305/305/305 304/304/304 303/303/303
f 306/306/306 304/304/304 305/305/305
f 305/305/305 303/303/303 307/307/307
f 307/307/307 303/303/303 308/308/308
f 307/307/307 308/308/308 309/309/309
f 309/309/309 308/308/308 310/310/310
f 309/309/309 310/310/310 311/311/311
f 311/311/311 310/310/310 312/312/312
f 311/311/311 312/312/312 313/313/313
f 313/313/313 312/312/312 314/314/314
f 317/317/317 316/316/316 315/315/315
f 318/318/318 316/316/316 317/317/317
f 318/318/318 319/319/319 316/316/316
f 320/320/320 319/319/319 318/318/318
f 320/320/320 321/321/321 319/319/319
f 322/322/322 321/321/321 320/320/320
f 322/322/322 323/323/323 321/321/321
f 324/324/324 323/323/323 322/322/322
f 324/324/324 325/325/325 323/323/323
f 326/326/326 325/325/325 324/324/324
f 326/326/326 315/315/315 325/325/325
f 317/317/317 315/315/315 326/326/326
f 329/329/329 328/328/328 327/327/327
f 330/330/330 328/328/328 329/329/329
f 328/328/328 331/331/331 327/327/327
f 327/327/327 331/331/331 332/332/332
f 331/331/331 333/333/333 332/332/332
f 332/332/332 333/333/333 334/334/334
f 333/333/333 335/335/335 334/334/334
f 334/334/334 335/335/335 336/336/336
f 335/335/335 337/337/337 336/336/336
f 336/336/336 337/337/337 338/338/338
f 338/338/338 330/330/330 329/329/329
f 337/337/337 330/330/330 338/338/338
f 341/341/341 340/340/340 339/339/339
f 342/342/342 340/340/340 341/341/341
f 342/342/342 343/343/343 340/340/340
f 344/344/344 343/343/343 342/342/342
f 347/347/347 346/346/346 345/345/345
f 345/345/345 346/346/346 348/348/348
f 351/351/351 350/350/350 349/349/349
f 352/352/352 350/350/350 351/351/351
f 355/355/355 354/354/354 353/353/353
f 356/356/356 354/354/354 355/355/355
f 359/359/359 358/358/358 357/357/357
f 360/360/360 358/358/358 359/359/359
f 363/363/363 362/362/362 361/361/361
f 364/364/364 362/362/362 363/363/363
f 363/363/363 361/361/361 365/365/365
f 365/365/365 361/361/361 366/366/366
f 369/369/369 368/368/368 367/367/367
f 367/367/367 368/368/368 370/370/370
f 373/373/373 372/372/372 371/371/371
f 374/374/374 372/372/372 373/373/373
f 374/374/374 375/375/375 372/372/372
f 376/376/376 375/375/375 374/374/374
f 379/379/379 378/378/378 377/377/377
f 377/377/377 378/378/378 380/380/380
f 383/383/383 382/382/382 381/381/381
f 386/386/386 385/385/385 384/384/384
f 386/386/386 387/387/387 385/385/385
f 388/388/388 387/387/387 386/386/386
f 389/389/389 388/388/388 386/386/386
f 389/389/389 386/386/386 390/390/390
f 390/390/390 386/386/386 384/384/384
f 391/391/391 389/389/389 390/390/390
f 392/392/392 388/388/388 389/389/389
f 393/393/393 392/392/392 389/389/389
f 392/392/392 394/394/394 388/388/388
f 395/395/395 394/394/394 392/392/392
f 396/396/396 395/395/395 392/392/392
f 399/399/399 398/398/398 397/397/397
f 402/402/402 401/401/401 400/400/400
f 401/401/401 403/403/403 400/400/400
f 406/406/406 405/405/405 404/404/404
f 409/409/409 408/408/408 407/407/407
f 408/408/408 410/410/410 407/407/407
f 407/407/407 410/410/410 411/411/411
f 407/407/407 411/411/411 412/412/412
f 413/413/413 407/407/407 412/412/412
f 412/412/412 411/411/411 414/414/414
f 410/410/410 415/415/415 411/411/411
f 410/410/410 416/416/416 415/415/415
f 417/417/417 416/416/416 410/410/410
f 408/408/408 417/417/417 410/410/410
f 411/411/411 415/415/415 418/418/418
f 411/411/411 418/418/418 414/414/414
f 414/414/414 418/418/418 419/419/419
f 420/420/420 417/417/417 408/408/408
f 414/414/414 419/419/419 421/421/421
f 421/421/421 419/419/419 422/422/422
f 421/421/421 422/422/422 423/423/423
f 423/423/423 422/422/422 424/424/424
f 425/425/425 414/414/414 421/421/421
f 412/412/412 414/414/414 425/425/425
f 428/428/428 427/427/427 426/426/426
f 429/429/429 427/427/427 428/428/428
f 430/430/430 429/429/429 428/428/428
f 433/433/433 432/432/432 431/431/431
f 434/434/434 432/432/432 433/433/433
f 434/434/434 435/435/435 432/432/432
f 436/436/436 435/435/435 434/434/434
f 436/436/436 437/437/437 435/435/435
f 438/438/438 437/437/437 436/436/436
f 433/433/433 431/431/431 439/439/439
f 439/439/439 431/431/431 440/440/440
f 443/443/443 442/442/442 441/441/441
f 444/444/444 442/442/442 443/443/443
f 443/443/443 441/441/441 445/445/445
f 445/445/445 441/441/441 446/446/446
f 445/445/445 446/446/446 447/447/447
f 447/447/447 446/446/446 448/448/448
f 447/447/447 448/448/448 449/449/449
f 449/449/449 448/448/448 450/450/450
f 453/453/453 452/452/452 451/451/451
f 454/454/454 452/452/452 453/453/453
f 453/453/453 451/451/451 455/455/455
f 455/455/455 451/451/451 456/456/456
f 455/455/455 456/456/456 457/457/457
f 454/454/454 458/458/458 452/452/452
f 459/459/459 458/458/458 454/454/454
f 459/459/459 460/460/460 458/458/458
f 461/461/461 460/460/460 459/459/459
f 461/461/461 462/462/462 460/460/460
f 463/463/463 462/462/462 461/461/461
f 463/463/463 464/464/464 462/462/462
f 465/465/465 464/464/464 463/463/463
f 465/465/465 466/466/466 464/464/464
f 457/457/457 456/456/456 466/466/466
f 457/457/457 466/466/466 465/465/465
f 469/469/469 468/468/468 467/467/467
f 470/470/470 468/468/468 469/469/469
f 469/469/469 467/467/467 471/471/471
f 471/471/471 467/467/467 472/472/472
f 471/471/471 472/472/472 473/473/473
f 473/473/473 472/472/472 474/474/474
f 473/473/473 474/474/474 475/475/475
f 475/475/475 474/474/474 476/476/476
f 475/475/475 476/476/476 477/477/477
f 477/477/477 476/476/476 478/478/478
f 477/477/477 478/478/478 479/479/479
f 479/479/479 478/478/478 480/480/480
f 483/483/483 482/482/482 481/481/481
f 481/481/481 482/482/482 484/484/484
f 487/487/487 486/486/486 485/485/485
f 485/485/485 486/486/486 488/488/488
f 491/491/491 490/490/490 489/489/489
f 489/489/489 490/490/490 492/492/492
f 489/489/489 492/492/492 493/493/493
f 493/493/493 492/492/492 494/494/494
f 493/493/493 494/494/494 495/495/495
f 495/495/495 494/494/494 496/496/496
f 491/491/491 497/497/497 490/490/490
f 498/498/498 497/497/497 491/491/491
f 501/501/501 500/500/500 499/499/499
f 499/499/499 500/500/500 502/502/502
f 500/500/500 503/503/503 502/502/502
f 502/502/502 503/503/503 504/504/504
f 503/503/503 505/505/505 504/504/504
f 504/504/504 505/505/505 506/506/506
f 507/507/507 501/501/501 499/499/499
f 508/508/508 501/501/501 507/507/507
f 509/509/509 508/508/508 507/507/507
f 510/510/510 508/508/508 509/509/509
f 511/511/511 510/510/510 509/509/509
f 512/512/512 510/510/510 511/511/511
f 515/515/515 514/514/514 513/513/513
f 516/516/516 514/514/514 515/515/515
f 519/519/519 518/518/518 517/517/517
f 520/520/520 518/518/518 519/519/519
f 523/523/523 522/522/522 521/521/521
f 524/524/524 522/522/522 523/523/523
f 524/524/524 525/525/525 522/522/522
f 526/526/526 525/525/525 524/524/524
f 526/526/526 527/527/527 525/525/525
f 528/528/528 527/527/527 526/526/526
f 523/523/523 521/521/521 529/529/529
f 529/529/529 521/521/521 530/530/530
f 533/533/533 532/532/532 531/531/531
f 534/534/534 532/532/532 533/533/533
f 532/532/532 535/535/535 531/531/531
f 531/531/531 535/535/535 536/536/536
f 535/535/535 537/537/537 536/536/536
f 536/536/536 537/537/537 538/538/538
f 537/537/537 539/539/539 538/538/538
f 538/538/538 539/539/539 540/540/540
f 539/539/539 541/541/541 540/540/540
f 540/540/540 541/541/541 542/542/542
f 541/541/541 534/534/534 542/542/542
f 542/542/542 534/534/534 533/533/533
f 545/545/545 544/544/544 543/543/543
f 546/546/546 544/544/544 545/545/545
f 547/547/547 546/546/546 545/545/545
f 548/548/548 546/546/546 547/547/547
f 544/544/544 549/549/549 543/543/543
f 543/543/543 549/549/549 550/550/550
f 553/553/553 552/552/552 551/551/551
f 553/553/553 554/554/554 552/552/552
f 555/555/555 554/554/554 553/553/553
f 555/555/555 556/556/556 554/554/554
f 557/557/557 556/556/556 555/555/555
f 557/557/557 558/558/558 556/556/556
f 559/559/559 558/558/558 557/557/557
f 559/559/559 560/560/560 558/558/558
f 561/561/561 560/560/560 559/559/559
f 561/561/561 562/562/562 560/560/560
f 551/551/551 552/552/552 562/562/562
f 551/551/551 562/562/562 561/561/561
f 565/565/565 564/564/564 563/563/563
f 566/566/566 564/564/564 565/565/565
f 564/564/564 567/567/567 563/563/563
f 563/563/563 567/567/567 568/568/568
f 571/571/571 570/570/570 569/569/569
f 572/572/572 570/570/570 571/571/571
f 573/573/573 572/572/572 571/571/571
f 574/574/574 572/572/572 573/573/573
f 577/577/577 576/576/576 575/575/575
f 578/578/578 576/576/576 577/577/577
f 581/581/581 580/580/580 579/579/579
f 579/579/579 580/580/580 582/582/582
f 580/580/580 583/583/583 582/582/582
f 582/582/582 583/583/583 584/584/584
f 587/587/587 586/586/586 585/585/585
f 588/588/588 586/586/586 587/587/587
f 591/591/591 590/590/590 589/589/589
f 592/592/592 590/590/590 591/591/591
f 595/595/595 594/594/594 593/593/593
f 596/596/596 594/594/594 595/595/595
f 596/596/596 597/597/597 594/594/594
f 598/598/598 597/597/597 596/596/596
f 598/598/598 599/599/599 597/597/597
f 600/600/600 599/599/599 598/598/598
f 600/600/600 601/601/601 599/599/599
f 602/602/602 601/601/601 600/600/600
f 602/602/602 603/603/603 601/601/601
f 604/604/604 603/603/603 602/602/602
f 604/604/604 605/605/605 603/603/603
f 606/606/606 605/605/605 604/604/604
f 606/606/606 607/607/607 605/605/605
f 608/608/608 607/607/607 606/606/606
f 595/595/595 593/593/593 609/609/609
f 609/609/609 593/593/593 610/610/610
f 609/609/609 610/610/610 611/611/611
f 611/611/611 610/610/610 612/612/612
f 608/608/608 612/612/612 607/607/607
f 611/611/611 612/612/612 608/608/608
f 615/615/615 614/614/614 613/613/613
f 613/613/613 614/614/614 616/616/616
f 613/613/613 616/616/616 617/617/617
f 617/617/617 616/616/616 618/618/618
f 617/617/617 618/618/618 619/619/619
f 619/619/619 618/618/618 620/620/620
f 619/619/619 620/620/620 621/621/621
f 621/621/621 620/620/620 622/622/622
f 621/621/621 622/622/622 623/623/623
f 623/623/623 622/622/622 624/624/624
f 627/627/627 626/626/626 625/625/625
f 625/625/625 626/626/626 628/628/628
f 627/627/627 629/629/629 626/626/626
f 630/630/630 629/629/629 627/627/627
f 630/630/630 631/631/631 629/629/629
f 632/632/632 631/631/631 630/630/630
f 625/625/625 628/628/628 633/633/633
f 633/633/633 628/628/628 634/634/634
f 633/633/633 634/634/634 635/635/635
f 635/635/635 634/634/634 636/636/636
f 639/639/639 638/638/638 637/637/637
f 640/640/640 638/638/638 639/639/639
f 638/638/638 641/641/641 637/637/637
f 637/637/637 641/641/641 642/642/642
f 641/641/641 643/643/643 642/642/642
f 642/642/642 643/643/643 644/644/644
f 643/643/643 645/645/645 644/644/644
f 644/644/644 645/645/645 646/646/646
f 645/645/645 647/647/647 646/646/646
f 646/646/646 647/647/647 648/648/648
f 647/647/647 649/649/649 648/648/648
f 648/648/648 649/649/649 650/650/650
f 649/649/649 651/651/651 650/650/650
f 650/650/650 651/651/651 652/652/652
f 651/651/651 653/653/653 652/652/652
f 652/652/652 653/653/653 654/654/654
f 653/653/653 655/655/655 654/654/654
f 654/654/654 655/655/655 656/656/656
f 655/655/655 640/640/640 656/656/656
f 656/656/656 640/640/640 639/639/639
f 659/659/659 658/658/658 657/657/657
f 659/659/659 657/657/657 660/660/660
f 661/661/661 658/658/658 659/659/659
f 661/661/661 662/662/662 658/658/658
f 663/663/663 662/662/662 661/661/661
f 663/663/663 664/664/664 662/662/662
f 665/665/665 664/664/664 663/663/663
f 660/660/660 657/657/657 666/666/666
f 660/660/660 666/666/666 667/667/667
f 667/667/667 666/666/666 668/668/668
f 671/671/671 670/670/670 669/669/669
f 672/672/672 670/670/670 671/671/671
f 672/672/672 673/673/673 670/670/670
f 674/674/674 673/673/673 672/672/672
f 674/674/674 675/675/675 673/673/673
f 676/676/676 675/675/675 674/674/674
f 676/676/676 677/677/677 675/675/675
f 678/678/678 677/677/677 676/676/676
f 678/678/678 679/679/679 677/677/677
f 680/680/680 679/679/679 678/678/678
f 683/683/683 682/682/682 681/681/681
f 686/686/686 685/685/685 684/684/684
f 687/687/687 685/685/685 686/686/686
f 687/687/687 688/688/688 685/685/685
f 689/689/689 688/688/688 687/687/687
f 689/689/689 690/690/690 688/688/688
f 691/691/691 690/690/690 689/689/689
f 691/691/691 692/692/692 690/690/690
f 693/693/693 692/692/692 691/691/691
f 693/693/693 694/694/694 692/692/692
f 695/695/695 694/694/694 693/693/693
f 698/698/698 697/697/697 696/696/696
f 699/699/699 697/697/697 698/698/698
f 700/700/700 699/699/699 698/698/698
f 701/701/701 699/699/699 700/700/700
f 702/702/702 701/701/701 700/700/700
f 703/703/703 701/701/701 702/702/702
f 704/704/704 703/703/703 702/702/702
f 705/705/705 703/703/703 704/704/704
f 697/697/697 706/706/706 696/696/696
f 696/696/696 706/706/706 707/707/707
f 710/710/710 709/709/709 708/708/708
f 711/711/711 709/709/709 710/710/710
f 710/710/710 708/708/708 712/712/712
f 711/711/711 713/713/713 709/709/709
f 714/714/714 713/713/713 711/711/711
f 717/717/717 716/716/716 715/715/715
f 718/718/718 716/716/716 717/717/717
f 718/718/718 719/719/719 716/716/716
f 720/720/720 719/719/719 718/718/718
f 717/717/717 715/715/715 721/721/721
f 721/721/721 715/715/715 722/722/722
f 721/721/721 722/722/722 723/723/723
f 723/723/723 722/722/722 724/724/724
f 726/726/726 725/725/725 720/720/720
f 729/729/729 728/728/728 727/727/727
f 730/730/730 728/728/728 729/729/729
f 733/733/733 732/732/732 731/731/731
f 734/734/734 732/732/732 733/733/733
f 737/737/737 736/736/736 735/735/735
f 739/739/739 736/736/736 738/738/738
f 741/741/741 738/738/738 740/740/740
f 740/740/740 738/738/738 742/742/742
f 745/745/745 744/744/744 743/743/743
f 747/747/747 744/744/744 746/746/746
f 743/743/743 746/746/746 748/748/748
f 748/748/748 746/746/746 749/749/749
f 748/748/748 749/749/749 750/750/750
f 750/750/750 749/749/749 751/751/751
f 750/750/750 751/751/751 752/752/752
f 752/752/752 751/751/751 753/753/753
f 756/756/756 755/755/755 754/754/754
f 754/754/754 755/755/755 757/757/757
f 758/758/758 756/756/756 754/754/754
f 759/759/759 756/756/756 758/758/758
f 760/760/760 759/759/759 758/758/758
f 761/761/761 759/759/759 760/760/760
f 755/755/755 762/762/762 757/757/757
f 757/757/757 762/762/762 763/763/763
f 766/766/766 765/765/765 764/764/764
f 767/767/767 765/765/765 766/766/766
f 769/769/769 764/764/764 768/768/768
f 770/770/770 764/764/764 769/769/769
f 772/772/772 771/771/771 765/765/765
f 773/773/773 771/771/771 772/772/772
f 776/776/776 775/775/775 774/774/774
f 778/778/778 775/775/775 777/777/777
f 781/781/781 780/780/780 779/779/779
f 783/783/783 780/780/780 782/782/782
f 783/783/783 784/784/784 780/780/780
f 787/787/787 786/786/786 785/785/785
f 789/789/789 786/786/786 788/788/788
f 792/792/792 791/791/791 790/790/790
f 794/794/794 791/791/791 793/793/793
f 796/796/796 790/790/790 795/795/795
f 795/795/795 790/790/790 797/797/797
f 795/795/795 797/797/797 798/798/798
f 801/801/801 800/800/800 799/799/799
f 803/803/803 800/800/800 802/802/802
f 806/806/806 805/805/805 804/804/804
f 806/806/806 807/807/807 805/805/805
f 808/808/808 807/807/807 806/806/806
f 804/804/804 805/805/805 809/809/809
f 804/804/804 809/809/809 810/810/810
f 810/810/810 809/809/809 811/811/811
f 810/810/810 811/811/811 812/812/812
f 812/812/812 811/811/811 813/813/813
f 812/812/812 813/813/813 814/814/814
f 814/814/814 813/813/813 815/815/815
f 808/808/808 816/816/816 807/807/807
f 817/817/817 816/816/816 808/808/808
f 820/820/820 819/819/819 818/818/818
f 818/818/818 819/819/819 821/821/821
f 822/822/822 820/820/820 818/818/818
f 823/823/823 820/820/820 822/822/822
f 824/824/824 823/823/823 822/822/822
f 825/825/825 823/823/823 824/824/824
f 826/826/826 825/825/825 824/824/824
f 827/827/827 825/825/825 826/826/826
f 830/830/830 829/829/829 828/828/828
f 830/830/830 828/828/828 831/831/831
f 834/834/834 833/833/833 832/832/832
f 837/837/837 836/836/836 835/835/835
f 838/838/838 836/836/836 837/837/837
f 838/838/838 839/839/839 836/836/836
f 840/840/840 839/839/839 838/838/838
f 840/840/840 841/841/841 839/839/839
f 842/842/842 841/841/841 840/840/840
f 845/845/845 844/844/844 843/843/843
f 846/846/846 844/844/844 845/845/845
f 845/845/845 843/843/843 847/847/847
f 847/847/847 843/843/843 848/848/848
f 851/851/851 850/850/850 849/849/849
f 849/849/849 850/850/850 852/852/852
f 855/855/855 854/854/854 853/853/853
f 857/857/857 854/854/854 856/856/856
f 860/860/860 859/859/859 858/858/858
f 862/862/862 859/859/859 861/861/861
f 865/865/865 864/864/864 863/863/863
f 868/868/868 867/867/867 866/866/866
f 871/871/871 870/870/870 869/869/869
f 870/870/870 872/872/872 869/869/869
f 869/869/869 872/872/872 873/873/873
f 874/874/874 870/870/870 871/871/871
f 872/872/872 875/875/875 873/873/873
f 873/873/873 875/875/875 876/876/876
f 877/877/877 874/874/874 871/871/871
f 878/878/878 874/874/874 877/877/877
f 879/879/879 878/878/878 877/877/877
f 880/880/880 878/878/878 879/879/879
f 883/883/883 882/882/882 881/881/881
f 881/881/881 882/882/882 884/884/884
f 887/887/887 886/886/886 885/885/885
f 885/885/885 886/886/886 888/888/888
f 891/891/891 890/890/890 889/889/889
f 892/892/892 890/890/890 891/891/891
f 895/895/895 894/894/894 893/893/893
f 893/893/893 894/894/894 896/896/896
f 899/899/899 898/898/898 897/897/897
f 902/902/902 901/901/901 900/900/900
f 905/905/905 904/904/904 903/903/903
f 905/905/905 903/903/903 906/906/906
f 906/906/906 903/903/903 907/907/907
f 908/908/908 904/904/904 905/905/905
f 911/911/911 910/910/910 909/909/909
f 913/913/913 910/910/910 912/912/912
f 916/916/916 915/915/915 914/914/914
f 914/914/914 915/915/915 917/917/917
f 920/920/920 919/919/919 918/918/918
f 918/918/918 919/919/919 921/921/921
f 924/924/924 923/923/923 922/922/922
f 926/926/926 923/923/923 925/925/925
f 928/928/928 927/927/927 923/923/923
f 929/929/929 927/927/927 928/928/928
f 932/932/932 931/931/931 930/930/930
f 933/933/933 931/931/931 932/932/932
f 934/934/934 933/933/933 932/932/932
f 935/935/935 933/933/933 934/934/934
f 936/936/936 935/935/935 934/934/934
f 937/937/937 935/935/935 936/936/936
f 938/938/938 937/937/937 936/936/936
f 939/939/939 937/937/937 938/938/938
f 942/942/942 941/941/941 940/940/940
f 940/940/940 941/941/941 943/943/943
f 940/940/940 943/943/943 944/944/944
f 944/944/944 943/943/943 945/945/945
f 942/942/942 946/946/946 941/941/941
f 947/947/947 946/946/946 942/942/942
f 947/947/947 948/948/948 946/946/946
f 949/949/949 948/948/948 947/947/947
f 951/951/951 945/945/945 950/950/950
f 951/951/951 950/950/950 952/952/952
f 952/952/952 950/950/950 953/953/953
f 955/955/955 945/945/945 954/954/954
f 958/958/958 957/957/957 956/956/956
f 961/961/961 960/960/960 959/959/959
f 964/964/964 963/963/963 962/962/962
f 965/965/965 963/963/963 964/964/964
f 964/964/964 962/962/962 966/966/966
f 965/965/965 967/967/967 963/963/963
f 968/968/968 967/967/967 965/965/965
f 968/968/968 969/969/969 967/967/967
f 970/970/970 969/969/969 968/968/968
f 972/972/972 962/962/962 971/971/971
f 974/974/974 973/973/973 969/969/969
f 975/975/975 973/973/973 974/974/974
f 977/977/977 976/976/976 973/973/973
f 978/978/978 976/976/976 977/977/977
f 981/981/981 980/980/980 979/979/979
f 984/984/984 983/983/983 982/982/982
f 984/984/984 982/982/982 985/985/985
f 985/985/985 982/982/982 986/986/986
f 989/989/989 988/988/988 987/987/987
f 992/992/992 991/991/991 990/990/990
f 990/990/990 991/991/991 993/993/993
f 996/996/996 995/995/995 994/994/994
f 998/998/998 995/995/995 997/997/997
f 1001/1001/1001 1000/1000/1000 999/999/999
f 999/999/999 1000/1000/1000 1002/1002/1002
f 1005/1005/1005 1004/1004/1004 1003/1003/1003
f 1003/1003/1003 1007/1007/1007 1006/1006/1006
f 1008/1008/1008 1004/1004/1004 1007/1007/1007
f 1010/1010/1010 1007/1007/1007 1009/1009/1009
f 1006/1006/1006 1012/1012/1012 1011/1011/1011
f 1011/1011/1011 1012/1012/1012 1013/1013/1013
f 1016/1016/1016 1015/1015/1015 1014/1014/1014
f 1014/1014/1014 1015/1015/1015 1017/1017/1017
f 1018/1018/1018 1016/1016/1016 1014/1014/1014
f 1019/1019/1019 1016/1016/1016 1018/1018/1018
f 1020/1020/1020 1019/1019/1019 1018/1018/1018
f 1021/1021/1021 1019/1019/1019 1020/1020/1020
f 1022/1022/1022 1021/1021/1021 1020/1020/1020
f 1023/1023/1023 1021/1021/1021 1022/1022/1022
f 1015/1015/1015 1024/1024/1024 1017/1017/1017
f 1017/1017/1017 1024/1024/1024 1025/1025/1025
f 1028/1028/1028 1027/1027/1027 1026/1026/1026
