g MoP_mill_mesh
v 1217.798 80.46564 -970.2213
v 1224.982 80.46252 -955.6741
v 1181.675 79.77116 -974.1011
v 1183.623 79.78655 -958.3815
v 1229.973 80.46034 -945.5673
v 1188.373 79.79464 -946.8026
v 1238.155 80.46201 -935.147
v 1194.814 79.79395 -930.9811
v 1248.45 80.78236 -927.2434
v 1206.204 79.78938 -915.5699
v 1265.253 81.24393 -926.0684
v 1219.276 79.83539 -904.9711
v 1179.266 79.76672 -947.8514
v 1186.559 79.6754 -930.2788
v 1276.695 80.8914 -918.967
v 1237.739 79.53423 -894.8692
v 1295.154 80.08311 -907.9559
v 1274.429 79.67039 -879.0049
v 1302.343 79.82957 -903.4254
v 1292.765 79.89503 -872.9913
v 1326.072 80.25274 -902.5474
v 1323.678 79.83112 -868.1073
v 1332.252 80.36295 -900.5117
v 1342.486 79.96893 -868.576
v 1356.961 80.45892 -901.5546
v 1370.908 79.90977 -871.4271
v 1370.533 80.45712 -904.9284
v 1388.889 79.85753 -874.5632
v 1292.252 79.62497 -865.9252
v 1345.397 79.81805 -861.4082
v 1373.181 79.68258 -863.9657
v 1383.059 80.45546 -907.4229
v 1401.37 79.98808 -881.3184
v 1403.347 80.44817 -909.9414
v 1420.85 80.12311 -893.5969
v 1417.153 80.40597 -916.0145
v 1443.134 79.85206 -901.2626
v 1447.101 80.1591 -935.7314
v 1464.429 79.7326 -929.3953
v 1460.657 79.13384 -961.22
v 1474.199 78.56483 -957.3297
v 1405.787 79.93364 -879.1156
v 1425.502 79.94135 -888.5242
v 1470.64 79.58517 -926.4559
v 1450.556 79.87115 -900.2307
v 1443.134 79.85206 -901.2626
v 1476.691 78.49159 -956.6122
v 1443.134 79.85206 -901.2626
v 1423.963 72.49252 -887.4189
v 1292.252 79.62497 -865.9252
v 1322.848 79.33958 -863.5652
v 1450.556 79.87115 -900.2307
v 1470.64 79.58517 -926.4559
v 1452.623 72.34823 -892.9591
v 1471.725 71.1722 -919.6613
v 1470.64 79.58517 -926.4559
v 1476.691 78.49159 -956.6122
v 1471.725 71.1722 -919.6613
v 1405.787 79.93364 -879.1156
v 1425.502 79.94135 -888.5242
v 1406.609 71.51379 -873.499
v 1426.905 71.51817 -883.8428
v 1401.826 71.55994 -877.0912
v 1405.787 79.93364 -879.1156
v 1406.609 71.51379 -873.499
v 1401.37 79.98808 -881.3184
v 1389.345 71.4294 -870.3361
v 1388.889 79.85753 -874.5632
v 1371.363 71.48164 -867.1999
v 1370.908 79.90977 -871.4271
v 1443.134 79.85206 -901.2626
v 1450.556 79.87115 -900.2307
v 1444.694 71.59681 -896.925
v 1444.694 71.59681 -896.925
v 1450.556 79.87115 -900.2307
v 1452.623 72.34823 -892.9591
v 1423.963 72.49252 -887.4189
v 1443.134 79.85206 -901.2626
v 1444.694 71.59681 -896.925
v 1425.502 79.94135 -888.5242
v 1420.85 80.12311 -893.5969
v 1426.905 71.51817 -883.8428
v 1423.963 72.49252 -887.4189
v 1373.181 79.68258 -863.9657
v 1370.908 79.90977 -871.4271
v 1373.637 71.25446 -859.7385
v 1371.363 71.48164 -867.1999
v 1292.252 79.62497 -865.9252
v 1322.848 79.33958 -863.5652
v 1293.088 71.23848 -861.6415
v 1323.88 71.23737 -858.4454
v 1322.848 79.33958 -863.5652
v 1323.678 79.83112 -868.1073
v 1323.88 71.23737 -858.4454
v 1325.61 70.64969 -864.3375
v 1323.678 79.83112 -868.1073
v 1342.486 79.96893 -868.576
v 1325.61 70.64969 -864.3375
v 1342.941 71.54079 -864.3489
v 1342.486 79.96893 -868.576
v 1345.397 79.81805 -861.4082
v 1342.941 71.54079 -864.3489
v 1345.852 71.38992 -857.1811
v 1345.397 79.81805 -861.4082
v 1373.181 79.68258 -863.9657
v 1345.852 71.38992 -857.1811
v 1373.637 71.25446 -859.7385
v 1471.725 71.1722 -919.6613
v 1476.691 78.49159 -956.6122
v 1477.146 70.06347 -952.3851
v 1179.266 79.76672 -947.8514
v 1186.559 79.6754 -930.2788
v 1179.817 71.99738 -939.5939
v 1186.642 71.53615 -923.7478
v 1194.814 79.79395 -930.9811
v 1186.642 71.53615 -923.7478
v 1195.584 71.76227 -924.236
v 1194.814 79.79395 -930.9811
v 1206.204 79.78938 -915.5699
v 1195.584 71.76227 -924.236
v 1204.522 71.37325 -910.5518
v 1206.204 79.78938 -915.5699
v 1204.522 71.37325 -910.5518
v 1217.151 71.41926 -899.8824
v 1236.731 71.67603 -888.6188
v 1274.056 71.71554 -873.17
v 1292.765 79.89503 -872.9913
v 1292.765 79.89503 -872.9913
v 1293.221 71.46689 -868.7641
v 1292.765 79.89503 -872.9913
v 1292.252 79.62497 -865.9252
v 1293.221 71.46689 -868.7641
v 1293.088 71.23848 -861.6415
v 1181.675 79.77116 -974.1011
v 1183.623 79.78655 -958.3815
v 1182.13 71.34303 -969.874
v 1182.468 71.35844 -954.2163
v 1188.373 79.79464 -946.8026
v 1186.544 71.17232 -942.7202
v 1381.224 364.5843 -1011
v 1366.459 357.0238 -992.2428
v 1344.851 365.2553 -1040.464
v 1334.411 358.5298 -1020.495
v 1307.206 393.6324 -1059.089
v 1306.458 372.2374 -1037.34
v 1279.229 396.3724 -1080.859
v 1280.319 374.0207 -1057.991
v 1252.889 402.2668 -1105.716
v 1253.979 379.915 -1082.849
v 1211.375 78.69646 -898.5885
v 1216.97 78.92809 -895.0948
v 1206.506 71.87411 -892.024
v 1212.189 72.28684 -887.5405
v 1224.377 79.90944 -902.4919
v 1218.627 79.78481 -905.6108
v 1207.264 64.12547 -889.4542
v 1212.947 64.53822 -884.9706
v 1224.377 79.90944 -902.4919
v 1223.177 71.67435 -896.5413
v 1216.97 78.92809 -895.0948
v 1212.189 72.28684 -887.5405
v 1212.947 64.53822 -884.9706
v 1224.643 64.53332 -895.1696
v 1234.098 75.16153 -885.5667
v 1237.413 75.5192 -891.7056
v 1263.689 75.31126 -873.0006
v 1268.53 75.59216 -878.5472
v 1221.488 75.53254 -900.5414
v 1216.669 75.25053 -894.9861
v 1263.547 69.5919 -870.6924
v 1234.098 75.16153 -885.5667
v 1263.689 75.31126 -873.0006
v 1233.955 69.44217 -883.2584
v 1216.669 75.25053 -894.9861
v 1216.526 69.53116 -892.678
v 1259.886 68.75188 -865.6804
v 1233.955 69.44217 -883.2584
v 1263.547 69.5919 -870.6924
v 1230.295 68.60216 -878.2463
v 1216.526 69.53116 -892.678
v 1212.866 68.69115 -887.6658
v 1260.112 63.86338 -863.6868
v 1230.295 68.60216 -878.2463
v 1259.886 68.75188 -865.6804
v 1230.52 63.71365 -876.2526
v 1212.866 68.69115 -887.6658
v 1213.091 63.80264 -885.6722
v 1259.834 79.32796 -874.2806
v 1267.449 79.19753 -871.1231
v 1255.611 72.63512 -866.0531
v 1263.399 72.57606 -862.7662
v 1275.312 72.79803 -873.5952
v 1273.837 80.23766 -878.9707
v 1266.371 80.42966 -882.0163
v 1257.297 67.71985 -862.7841
v 1265.264 67.48885 -859.3275
v 1276.584 68.17167 -871.2755
v 1243.199 390.2004 -1086.055
v 1248.567 384.6395 -1086.239
v 1281.93 389.2393 -1054.602
v 1289.092 383.2174 -1054.219
v 1273.614 392.1628 -1051.439
v 1237.069 393.4786 -1082.674
v 1266.372 391.2044 -1045.579
v 1237.069 393.4786 -1082.674
v 1273.614 392.1628 -1051.439
v 1231.817 393.5959 -1077.003
v 1262.145 386.6213 -1038.592
v 1228.851 390.5208 -1070.56
v 1262.388 378.4741 -1031.538
v 1228.851 390.5208 -1070.56
v 1262.145 386.6213 -1038.592
v 1229.289 383.91 -1064.261
v 1281.93 389.2393 -1054.602
v 1289.092 383.2174 -1054.219
v 1280.214 368.6175 -1035.67
v 1273.614 392.1628 -1051.439
v 1266.372 391.2044 -1045.579
v 1262.145 386.6213 -1038.592
v 1262.388 378.4741 -1031.538
v 1293.879 375.4891 -1051.527
v 1297.816 367.8144 -1048.808
v 1248.567 384.6395 -1086.239
v 1252.43 378.0644 -1084.31
v 1289.092 383.2174 -1054.219
v 1293.879 375.4891 -1051.527
v 1297.816 367.8144 -1048.808
v 1257.032 371.2418 -1080.631
v 1280.089 379.2865 -1051.819
v 1284.27 374.954 -1051.962
v 1320.284 385.557 -1026.134
v 1327.995 379.961 -1027.037
v 1312.124 388.6644 -1022.652
v 1275.312 381.8405 -1049.185
v 1305.219 388.1635 -1015.957
v 1271.221 381.9318 -1044.767
v 1301.883 384.3442 -1007.838
v 1268.91 379.536 -1039.747
v 1302.609 375.0263 -998.3561
v 1269.252 374.3857 -1034.84
v 1320.284 385.557 -1026.134
v 1327.995 379.961 -1027.037
v 1319.06 365.5766 -1006.048
v 1312.124 388.6644 -1022.652
v 1305.219 388.1635 -1015.957
v 1301.883 384.3442 -1007.838
v 1302.609 375.0263 -998.3561
v 1333.866 371.2054 -1023.942
v 1338.31 363.1983 -1019.178
v 1284.27 374.954 -1051.962
v 1287.281 369.8315 -1050.459
v 1327.995 379.961 -1027.037
v 1333.866 371.2054 -1023.942
v 1338.31 363.1983 -1019.178
v 1290.866 364.5161 -1047.593
v 1321.439 371.7394 -1024.133
v 1325.621 367.407 -1024.276
v 1368.07 379.5491 -996.6799
v 1375.925 373.5137 -997.856
v 1360.34 382.4408 -993.2139
v 1316.663 374.2934 -1021.499
v 1354.861 381.4329 -987.4312
v 1312.571 374.3847 -1017.081
v 1350.255 377.7498 -979.0144
v 1354.861 381.4329 -987.4312
v 1310.261 371.989 -1012.061
v 1351.381 368.4079 -969.5955
v 1310.261 371.989 -1012.061
v 1350.255 377.7498 -979.0144
v 1310.602 366.8387 -1007.154
v 1368.07 379.5491 -996.6799
v 1375.925 373.5137 -997.856
v 1370.119 369.905 -989.1055
v 1374.046 366.8873 -989.6937
v 1382.156 363.6194 -995.3915
v 1377.161 361.9402 -988.4614
v 1379.867 357.735 -987.1074
v 1387.568 355.2091 -992.6834
v 1366.254 371.3508 -987.3726
v 1360.34 382.4408 -993.2139
v 1363.514 370.8469 -984.4811
v 1354.861 381.4329 -987.4312
v 1361.211 369.0053 -980.2728
v 1350.255 377.7498 -979.0144
v 1361.774 364.3344 -975.5634
v 1351.381 368.4079 -969.5955
v 1325.621 367.407 -1024.276
v 1328.631 362.2844 -1022.774
v 1375.925 373.5137 -997.856
v 1382.156 363.6194 -995.3915
v 1387.568 355.2091 -992.6834
v 1332.216 356.9691 -1019.907
v 1277.986 405.4947 -1108.086
v 1283.353 399.9338 -1108.27
v 1316.716 404.5336 -1076.632
v 1323.878 398.5117 -1076.25
v 1308.401 407.4571 -1073.47
v 1271.855 408.7729 -1104.705
v 1301.159 406.4987 -1067.61
v 1271.855 408.7729 -1104.705
v 1308.401 407.4571 -1073.47
v 1266.603 408.8901 -1099.034
v 1296.931 401.9156 -1060.623
v 1263.638 405.815 -1092.591
v 1297.175 393.7683 -1053.569
v 1263.638 405.815 -1092.591
v 1296.931 401.9156 -1060.623
v 1264.076 399.2043 -1086.292
v 1316.716 404.5336 -1076.632
v 1323.878 398.5117 -1076.25
v 1315 383.9118 -1057.701
v 1308.401 407.4571 -1073.47
v 1301.159 406.4987 -1067.61
v 1296.931 401.9156 -1060.623
v 1297.175 393.7683 -1053.569
v 1328.666 390.7834 -1073.557
v 1332.603 383.1087 -1070.839
v 1283.353 399.9338 -1108.27
v 1287.217 393.3587 -1106.341
v 1323.878 398.5117 -1076.25
v 1328.666 390.7834 -1073.557
v 1332.603 383.1087 -1070.839
v 1291.819 386.5361 -1102.662
v 1310.939 397.5015 -1083.001
v 1314.897 391.1415 -1084.912
v 1362.534 385.4879 -1052.765
v 1370.441 378.8284 -1053.819
v 1352.7 389.0938 -1047.665
v 1306.387 401.3211 -1078.057
v 1346.677 388.6385 -1040.509
v 1306.387 401.3211 -1078.057
v 1352.7 389.0938 -1047.665
v 1302.46 401.5769 -1071.403
v 1343.009 383.9467 -1033.282
v 1300.211 398.2004 -1064.822
v 1362.534 385.4879 -1052.765
v 1370.441 378.8284 -1053.819
v 1361.474 353.2044 -1035.662
v 1352.7 389.0938 -1047.665
v 1346.677 388.6385 -1040.509
v 1343.009 383.9467 -1033.282
v 1344.363 363.5012 -1025.468
v 1373.943 370.0528 -1053.035
v 1376.646 361.4803 -1052.036
v 1300.464 390.7858 -1059.481
v 1300.211 398.2004 -1064.822
v 1344.363 363.5012 -1025.468
v 1344.363 363.5012 -1025.468
v 1300.211 398.2004 -1064.822
v 1343.009 383.9467 -1033.282
v 1314.897 391.1415 -1084.912
v 1317.606 383.7653 -1084.551
v 1370.441 378.8284 -1053.819
v 1373.943 370.0528 -1053.035
v 1376.646 361.4803 -1052.036
v 1321.308 375.7627 -1082.675
v 1303.967 402.0644 -1122.621
v 1309.334 396.5034 -1122.805
v 1342.697 401.1032 -1091.168
v 1349.859 395.0814 -1090.785
v 1334.382 404.0267 -1088.005
v 1297.836 405.3426 -1119.24
v 1327.14 403.0684 -1082.145
v 1297.836 405.3426 -1119.24
v 1334.382 404.0267 -1088.005
v 1292.584 405.4598 -1113.569
v 1322.912 398.4853 -1075.158
v 1289.619 402.3847 -1107.126
v 1323.156 390.338 -1068.104
v 1289.619 402.3847 -1107.126
v 1322.912 398.4853 -1075.158
v 1290.057 395.774 -1100.827
v 1342.697 401.1032 -1091.168
v 1349.859 395.0814 -1090.785
v 1340.981 380.4815 -1072.236
v 1334.382 404.0267 -1088.005
v 1327.14 403.0684 -1082.145
v 1322.912 398.4853 -1075.158
v 1323.156 390.338 -1068.104
v 1354.647 387.3531 -1088.093
v 1358.584 379.6784 -1085.375
v 1309.334 396.5034 -1122.805
v 1313.198 389.9283 -1120.876
v 1349.859 395.0814 -1090.785
v 1354.647 387.3531 -1088.093
v 1358.584 379.6784 -1085.375
v 1317.8 383.1058 -1117.197
v 1326.374 398.035 -1135.932
v 1331.742 392.474 -1136.116
v 1365.105 397.0739 -1104.478
v 1372.267 391.052 -1104.095
v 1356.789 399.9973 -1101.316
v 1320.244 401.3132 -1132.551
v 1349.547 399.039 -1095.456
v 1320.244 401.3132 -1132.551
v 1356.789 399.9973 -1101.316
v 1314.992 401.4304 -1126.88
v 1345.32 394.4559 -1088.469
v 1312.026 398.3553 -1120.437
v 1345.563 386.3086 -1081.415
v 1312.026 398.3553 -1120.437
v 1345.32 394.4559 -1088.469
v 1312.464 391.7445 -1114.138
v 1365.105 397.0739 -1104.478
v 1372.267 391.052 -1104.095
v 1363.389 376.4521 -1085.547
v 1356.789 399.9973 -1101.316
v 1349.547 399.039 -1095.456
v 1345.32 394.4559 -1088.469
v 1345.563 386.3086 -1081.415
v 1377.054 383.3237 -1101.403
v 1380.991 375.649 -1098.685
v 1331.742 392.474 -1136.116
v 1335.605 385.8989 -1134.187
v 1372.267 391.052 -1104.095
v 1377.054 383.3237 -1101.403
v 1380.991 375.649 -1098.685
v 1340.208 379.0764 -1130.507
v 1150.91 295.274 -1093.868
v 1149.68 289.2665 -1088.502
v 1121.436 265.1051 -1105.241
v 1120.275 258.1635 -1098.305
v 1150.402 281.9281 -1084.979
v 1121.802 249.9335 -1093.89
v 1123.886 242.78 -1090.856
v 1151.719 274.6409 -1083.218
v 1127.353 260.8235 -1113.007
v 1150.91 295.274 -1093.868
v 1121.436 265.1051 -1105.241
v 1156.571 291.5489 -1098.08
v 1156.571 291.5489 -1098.08
v 1127.353 260.8235 -1113.007
v 1162.233 281.111 -1099.5
v 1134.148 249.8495 -1111.135
v 1196.773 372.2196 -1082.054
v 1196.576 366.6994 -1076.645
v 1168.266 331.4832 -1086.317
v 1167.046 324.455 -1080.249
v 1174.624 331.9193 -1097.88
v 1201.277 371.6429 -1092.922
v 1198.132 359.9106 -1072.989
v 1168.685 316.0663 -1076.146
v 1170.914 308.101 -1072.489
v 1199.276 351.4342 -1070.142
v 1201.277 371.6429 -1092.922
v 1174.624 331.9193 -1097.88
v 1211.093 360.2617 -1096.22
v 1184.44 320.5381 -1101.177
v 1178.124 330.6107 -1084.929
v 1176.877 324.8321 -1079.947
v 1143.036 291.7749 -1097.572
v 1141.927 285.2685 -1090.928
v 1177.402 317.7122 -1076.643
v 1143.136 276.9393 -1086.563
v 1144.906 268.9293 -1082.755
v 1177.425 309.009 -1074.294
v 1148.75 288.0945 -1102.757
v 1178.124 330.6107 -1084.929
v 1143.036 291.7749 -1097.572
v 1183.722 327.0219 -1088.268
v 1189.107 316.7154 -1090.496
v 1154.134 277.788 -1104.984
v 1160.984 291.5326 -1114.181
v 1159.754 285.5251 -1108.814
v 1131.51 261.3636 -1125.553
v 1130.349 254.4221 -1118.617
v 1160.476 278.1867 -1105.292
v 1131.877 246.1921 -1114.203
v 1133.96 239.0386 -1111.169
v 1161.793 270.8995 -1103.531
v 1137.427 257.0821 -1133.319
v 1160.984 291.5326 -1114.181
v 1131.51 261.3636 -1125.553
v 1166.645 287.8075 -1118.392
v 1166.645 287.8075 -1118.392
v 1137.427 257.0821 -1133.319
v 1172.307 277.3696 -1119.813
v 1144.222 246.1081 -1131.448
v 1206.847 368.4782 -1102.367
v 1206.65 362.958 -1096.958
v 1178.34 327.7418 -1106.629
v 1177.12 320.7136 -1100.561
v 1184.698 328.1779 -1118.192
v 1211.351 367.9015 -1113.235
v 1208.206 356.1692 -1093.301
v 1178.759 312.3249 -1096.458
v 1180.988 304.3595 -1092.801
v 1209.35 347.6927 -1090.454
v 1211.351 367.9015 -1113.235
v 1184.698 328.1779 -1118.192
v 1221.167 356.5203 -1116.533
v 1194.514 316.7967 -1121.49
v 1188.198 326.8693 -1105.241
v 1186.951 321.0907 -1100.259
v 1153.11 288.0335 -1117.884
v 1152.002 281.5271 -1111.24
v 1187.476 313.9708 -1096.956
v 1153.211 273.1979 -1106.875
v 1154.98 265.1878 -1103.068
v 1187.499 305.2676 -1094.607
v 1158.824 284.3531 -1123.069
v 1188.198 326.8693 -1105.241
v 1153.11 288.0335 -1117.884
v 1193.796 323.2805 -1108.581
v 1193.796 323.2805 -1108.581
v 1158.824 284.3531 -1123.069
v 1199.181 312.974 -1110.808
v 1164.209 274.0466 -1125.297
v 1428.031 369.1565 -978.6492
v 1423.784 376.7172 -1004.007
v 1430.939 375.8911 -1004.644
v 1351.842 370.37 -994.6957
v 1355.456 365.59 -995.305
v 1398.944 369.5469 -966.9485
v 1405.995 362.7351 -968.7841
v 1391.614 373.0095 -963.1517
v 1347.406 373.2174 -991.7828
v 1386.024 372.1107 -957.4583
v 1343.335 373.3694 -987.3469
v 1380.954 368.198 -949.4196
v 1386.024 372.1107 -957.4583
v 1340.721 370.7852 -982.5762
v 1380.868 357.8887 -940.9956
v 1340.721 370.7852 -982.5762
v 1380.954 368.198 -949.4196
v 1339.313 359.2943 -975.6604
v 1398.944 369.5469 -966.9485
v 1405.995 362.7351 -968.7841
v 1399.744 359.0107 -960.3969
v 1403.27 355.6048 -961.3148
v 1410.94 351.9484 -967.3728
v 1405.742 350.2115 -960.6091
v 1407.899 345.589 -959.7048
v 1415.255 342.7035 -965.5641
v 1396.079 360.742 -958.4985
v 1391.614 373.0095 -963.1517
v 1393.283 360.2926 -955.6517
v 1386.024 372.1107 -957.4583
v 1390.749 358.3362 -951.6324
v 1380.954 368.198 -949.4196
v 1390.706 353.1816 -947.4205
v 1380.868 357.8887 -940.9956
v 1355.456 365.59 -995.305
v 1357.8 360.0092 -994.3472
v 1405.995 362.7351 -968.7841
v 1410.94 351.9484 -967.3728
v 1415.255 342.7035 -965.5641
v 1360.685 354.0298 -992.056
v 1433.535 339.1051 -1104.803
v 1438.77 334.8316 -1106.05
v 1479.327 346.8958 -1076.62
v 1487.246 341.1389 -1078.642
v 1469.918 352.0098 -1067.858
v 1418.032 343.4336 -1093.616
v 1464.908 350.6972 -1060.836
v 1418.032 343.4336 -1093.616
v 1469.918 352.0098 -1067.858
v 1414.149 343.347 -1088.029
v 1461.047 346.6774 -1050.898
v 1412.379 340.808 -1082.062
v 1463.273 337.1489 -1040.416
v 1412.379 340.808 -1082.062
v 1461.047 346.6774 -1050.898
v 1413.341 335.6112 -1076.448
v 1479.327 346.8958 -1076.62
v 1487.246 341.1389 -1078.642
v 1482.256 337.1443 -1068.269
v 1486.216 334.2657 -1069.28
v 1495.355 329.9864 -1079.466
v 1489.568 329.3908 -1068.186
v 1492.499 325.2415 -1066.908
v 1499.813 323.0903 -1073.898
v 1476.611 340.9752 -1061.796
v 1469.918 352.0098 -1067.858
v 1474.123 340.3175 -1058.297
v 1464.908 350.6972 -1060.836
v 1472.213 338.3058 -1053.344
v 1461.047 346.6774 -1050.898
v 1473.287 333.5448 -1048.074
v 1463.273 337.1489 -1040.416
v 1495.355 329.9864 -1079.466
v 1443.105 329.6834 -1105.429
v 1499.813 323.0903 -1073.898
v 1448.253 324.3182 -1103.374
v 1438.77 334.8316 -1106.05
v 1443.105 329.6834 -1105.429
v 1487.246 341.1389 -1078.642
v 1487.246 341.1389 -1078.642
v 1443.105 329.6834 -1105.429
v 1495.355 329.9864 -1079.466
v 1362.759 372.9535 -1054.906
v 1366.941 368.621 -1055.049
v 1407.096 381.0674 -1020.202
v 1414.95 375.032 -1021.378
v 1399.366 383.959 -1016.736
v 1352.231 375.343 -1047.923
v 1393.887 382.9512 -1010.953
v 1348.14 375.4344 -1043.505
v 1393.887 382.9512 -1010.953
v 1389.281 379.268 -1002.537
v 1393.887 382.9512 -1010.953
v 1345.829 373.0386 -1038.485
v 1390.407 369.9262 -993.1177
v 1345.829 373.0386 -1038.485
v 1389.281 379.268 -1002.537
v 1346.171 367.8883 -1033.578
v 1407.096 381.0674 -1020.202
v 1414.95 375.032 -1021.378
v 1409.144 371.4233 -1012.628
v 1413.071 368.4055 -1013.216
v 1421.181 365.1377 -1018.914
v 1416.187 363.4584 -1011.984
v 1418.893 359.2533 -1010.63
v 1426.593 356.7274 -1016.206
v 1405.279 372.8691 -1010.895
v 1399.366 383.959 -1016.736
v 1402.54 372.3652 -1008.003
v 1393.887 382.9512 -1010.953
v 1400.237 370.5236 -1003.795
v 1393.887 382.9512 -1010.953
v 1389.281 379.268 -1002.537
v 1400.8 365.8527 -999.0855
v 1390.407 369.9262 -993.1177
v 1366.941 368.621 -1055.049
v 1369.951 363.4984 -1053.547
v 1414.95 375.032 -1021.378
v 1421.181 365.1377 -1018.914
v 1426.593 356.7274 -1016.206
v 1373.536 358.1831 -1050.68
v 1389.311 367.2603 -1077.186
v 1393.599 363.0654 -1077.732
v 1441.107 368.9752 -1050.551
v 1449.027 363.2182 -1052.572
v 1431.701 374.0889 -1041.791
v 1389.311 367.2603 -1077.186
v 1441.107 368.9752 -1050.551
v 1382.795 372.1487 -1069.591
v 1426.725 372.7736 -1034.794
v 1382.795 372.1487 -1069.591
v 1431.701 374.0889 -1041.791
v 1379.061 372.0075 -1064.231
v 1422.906 368.7502 -1024.888
v 1377.225 369.4226 -1058.358
v 1425.053 359.2282 -1014.346
v 1377.225 369.4226 -1058.358
v 1422.906 368.7502 -1024.888
v 1378.108 364.171 -1052.855
v 1441.107 368.9752 -1050.551
v 1449.027 363.2182 -1052.572
v 1444.037 359.2236 -1042.2
v 1447.996 356.3451 -1043.21
v 1457.135 352.0658 -1053.397
v 1451.349 351.4701 -1042.117
v 1454.28 347.3208 -1040.839
v 1461.594 345.1696 -1047.829
v 1438.391 363.0545 -1035.727
v 1431.701 374.0889 -1041.791
v 1441.107 368.9752 -1050.551
v 1457.135 352.0658 -1053.397
v 1396.873 358.0054 -1076.325
v 1461.594 345.1696 -1047.829
v 1400.833 352.7387 -1073.392
v 1426.725 372.7736 -1034.794
v 1431.701 374.0889 -1041.791
v 1435.903 362.3969 -1032.228
v 1433.994 360.3851 -1027.275
v 1422.906 368.7502 -1024.888
v 1435.067 355.6241 -1022.005
v 1425.053 359.2282 -1014.346
v 1438.391 363.0545 -1035.727
v 1393.599 363.0654 -1077.732
v 1396.873 358.0054 -1076.325
v 1449.027 363.2182 -1052.572
v 1449.027 363.2182 -1052.572
v 1396.873 358.0054 -1076.325
v 1457.135 352.0658 -1053.397
v 1349.501 397.041 -1101.534
v 1353.459 390.6809 -1103.445
v 1391.938 385.1035 -1076.848
v 1399.845 378.444 -1077.902
v 1382.104 388.7094 -1071.748
v 1344.949 400.8605 -1096.589
v 1349.501 397.041 -1101.534
v 1382.104 388.7094 -1071.748
v 1376.081 388.2541 -1064.592
v 1344.949 400.8605 -1096.589
v 1382.104 388.7094 -1071.748
v 1331.48 402.0241 -1088.469
v 1372.413 383.5622 -1057.365
v 1329.231 398.6476 -1081.889
v 1391.938 385.1035 -1076.848
v 1399.845 378.444 -1077.902
v 1390.878 352.82 -1059.745
v 1382.104 388.7094 -1071.748
v 1403.347 369.6684 -1077.118
v 1406.05 361.0959 -1076.119
v 1376.081 388.2541 -1064.592
v 1382.104 388.7094 -1071.748
v 1390.878 352.82 -1059.745
v 1372.413 383.5622 -1057.365
v 1373.766 363.1168 -1049.551
v 1324.915 391.2344 -1076.887
v 1329.231 398.6476 -1081.889
v 1373.766 363.1168 -1049.551
v 1373.766 363.1168 -1049.551
v 1329.231 398.6476 -1081.889
v 1372.413 383.5622 -1057.365
v 1353.459 390.6809 -1103.445
v 1359.01 383.2513 -1099.38
v 1399.845 378.444 -1077.902
v 1403.347 369.6684 -1077.118
v 1406.05 361.0959 -1076.119
v 1362.711 375.2487 -1097.504
v 1372.719 369.6062 -1007.711
v 1376.126 364.7209 -1008.604
v 1419.712 368.2115 -981.9261
v 1426.367 361.1866 -984.3455
v 1413.981 371.7128 -978.6591
v 1368.663 372.6061 -1004.421
v 1410.27 370.7838 -973.8546
v 1368.663 372.6061 -1004.421
v 1413.981 371.7128 -978.6591
v 1365.046 372.9169 -999.6155
v 1406.002 367.0769 -965.4261
v 1410.27 370.7838 -973.8546
v 1362.836 370.4554 -994.5824
v 1406.453 356.8597 -956.902
v 1362.836 370.4554 -994.5824
v 1406.002 367.0769 -965.4261
v 1361.795 359.079 -987.4172
v 1419.712 368.2115 -981.9261
v 1426.367 361.1866 -984.3455
v 1420.858 357.7238 -975.3481
v 1424.185 354.2113 -976.5577
v 1431.133 350.2804 -983.2796
v 1426.568 348.7582 -976.0249
v 1428.678 344.0865 -975.2737
v 1435.353 340.9369 -981.7772
v 1417.756 359.5182 -973.4628
v 1413.981 371.7128 -978.6591
v 1415.932 359.0477 -971.0945
v 1413.981 371.7128 -978.6591
v 1410.27 370.7838 -973.8546
v 1414.741 357.02 -967.8852
v 1406.002 367.0769 -965.4261
v 1415.493 351.814 -964.1841
v 1406.453 356.8597 -956.902
v 1376.126 364.7209 -1008.604
v 1378.402 359.0866 -1007.806
v 1426.367 361.1866 -984.3455
v 1431.133 350.2804 -983.2796
v 1435.353 340.9369 -981.7772
v 1381.333 353.0522 -1005.727
v 1392.289 370.5994 -1027.337
v 1397.409 367.4049 -1032.039
v 1441.613 367.1531 -1002.839
v 1434.17 368.9636 -995.7626
v 1388.234 373.5994 -1024.047
v 1441.613 367.1531 -1002.839
v 1397.409 367.4049 -1032.039
v 1448.268 360.1281 -1005.258
v 1430.459 368.0345 -990.9581
v 1388.234 373.5994 -1024.047
v 1434.17 368.9636 -995.7626
v 1384.616 373.9102 -1019.241
v 1426.191 364.3276 -982.5298
v 1382.406 371.4486 -1014.208
v 1426.642 354.1105 -974.0056
v 1382.406 371.4486 -1014.208
v 1426.191 364.3276 -982.5298
v 1381.365 360.0722 -1007.043
v 1441.613 367.1531 -1002.839
v 1448.268 360.1281 -1005.258
v 1441.047 354.9746 -992.4518
v 1444.374 351.4621 -993.6614
v 1453.034 349.222 -1004.192
v 1446.757 346.009 -993.1285
v 1450.579 343.028 -996.1863
v 1457.254 339.8784 -1002.69
v 1437.945 356.7689 -990.5663
v 1434.17 368.9636 -995.7626
v 1436.121 356.2985 -988.1981
v 1430.459 368.0345 -990.9581
v 1434.93 354.2708 -984.9888
v 1426.191 364.3276 -982.5298
v 1435.682 349.0648 -981.2878
v 1426.642 354.1105 -974.0056
v 1397.409 367.4049 -1032.039
v 1399.684 361.7707 -1031.24
v 1448.268 360.1281 -1005.258
v 1453.034 349.222 -1004.192
v 1457.254 339.8784 -1002.69
v 1402.615 355.7362 -1029.162
v 1426.412 362.5742 -1047.519
v 1430.15 358.9169 -1047.995
v 1464.129 342.6347 -1026.503
v 1470.88 337.6154 -1028.149
v 1458.824 343.567 -1021.031
v 1423.544 363.3102 -1043
v 1454.635 342.4202 -1015.045
v 1420.289 363.187 -1038.327
v 1451.44 338.9123 -1006.511
v 1418.689 360.9334 -1033.206
v 1453.428 330.6103 -997.4099
v 1419.458 356.3547 -1028.409
v 1460.835 331.6192 -1008.385
v 1462.353 333.3732 -1012.59
v 1461.959 327.4682 -1003.934
v 1464.418 333.9467 -1015.561
v 1466.428 334.1328 -1019.027
v 1470.88 337.6154 -1028.149
v 1469.799 331.6231 -1019.845
v 1477.749 327.8921 -1028.713
v 1472.659 327.3728 -1018.844
v 1475.197 323.7552 -1017.717
v 1481.574 321.8796 -1023.811
v 1470.88 337.6154 -1028.149
v 1433.004 354.5052 -1046.768
v 1477.749 327.8921 -1028.713
v 1477.749 327.8921 -1028.713
v 1433.004 354.5052 -1046.768
v 1481.574 321.8796 -1023.811
v 1481.574 321.8796 -1023.811
v 1433.004 354.5052 -1046.768
v 1436.458 349.9134 -1044.212
v 1430.15 358.9169 -1047.995
v 1433.004 354.5052 -1046.768
v 1470.88 337.6154 -1028.149
v 1195.343 234.4626 -1052.316
v 1187.638 208.7896 -1073.41
v 1195.174 248.4537 -1064.66
v 1186.535 231.6188 -1089.707
v 1207.547 264.143 -1046.951
v 1206.452 251.2654 -1037.008
v 1222.398 276.6817 -1033.215
v 1221.052 267.2588 -1023.12
v 1242.247 290.0311 -1021.278
v 1242.107 275.7835 -1011.127
v 1266.894 302.471 -1011.827
v 1268.421 288.2499 -1000.414
v 1283.912 306.8859 -1008.398
v 1285.502 292.2563 -997.3843
v 1303.513 298.2923 -996.0485
v 1301.852 313.3738 -1006.64
v 1337.9 315.7959 -1011.257
v 1342.394 300.9036 -1001.502
v 1374.642 313.3803 -1026.095
v 1379.491 294.8591 -1014.077
v 1407.402 306.3412 -1044.819
v 1413.475 288.7004 -1033.205
v 1427.251 287.0499 -1076.446
v 1434.124 271.4141 -1065.679
v 1207.547 264.143 -1046.951
v 1195.174 248.4537 -1064.66
v 1216.722 260.9852 -1052.911
v 1206.135 245.9367 -1070.273
v 1186.535 231.6188 -1089.707
v 1231.088 273.2563 -1040.338
v 1222.398 276.6817 -1033.215
v 1251.219 284.752 -1030.407
v 1242.247 290.0311 -1021.278
v 1271.55 295.6824 -1022.62
v 1266.894 302.471 -1011.827
v 1286.515 299.1341 -1019.359
v 1283.912 306.8859 -1008.398
v 1301.852 313.3738 -1006.64
v 1302.229 304.5785 -1017.782
v 1333.708 308.7394 -1021.618
v 1337.9 315.7959 -1011.257
v 1368.006 305.3232 -1034.969
v 1374.642 313.3803 -1026.095
v 1397.499 298.0419 -1052.943
v 1407.402 306.3412 -1044.819
v 1415.885 278.9126 -1083.821
v 1427.251 287.0499 -1076.446
v 1216.722 260.9852 -1052.911
v 1206.135 245.9367 -1070.273
v 1208.289 305.1292 -1077.481
v 1200.513 281.2914 -1091.426
v 1198.521 230.4486 -1089.05
v 1192.992 265.3528 -1109.868
v 1227.187 329.1559 -1073.088
v 1231.088 273.2563 -1040.338
v 1244.194 340.4408 -1064.655
v 1251.219 284.752 -1030.407
v 1266.932 335.1975 -1043.186
v 1271.55 295.6824 -1022.62
v 1281.039 338.1393 -1041.642
v 1286.515 299.1341 -1019.359
v 1302.229 304.5785 -1017.782
v 1296.322 341.3263 -1039.968
v 1334.745 326.6436 -1030.995
v 1333.708 308.7394 -1021.618
v 1363.226 322.7887 -1044.404
v 1368.006 305.3232 -1034.969
v 1395.252 314.0986 -1061.113
v 1397.499 298.0419 -1052.943
v 1414.693 296.2876 -1094.215
v 1415.885 278.9126 -1083.821
v 1242.107 275.7835 -1011.127
v 1223.157 266.4226 -1025.148
v 1221.052 267.2588 -1023.12
v 1243.781 274.7738 -1013.503
v 1268.421 288.2499 -1000.414
v 1269.573 287.1559 -1003.008
v 1285.502 292.2563 -997.3843
v 1286.205 291.0869 -1000.058
v 1209.005 250.6868 -1038.618
v 1206.452 251.2654 -1037.008
v 1198.109 234.1445 -1053.598
v 1195.343 234.4626 -1052.316
v 1190.238 209.8416 -1069.651
v 1303.729 297.041 -998.8073
v 1303.513 298.2923 -996.0485
v 1342.394 300.9036 -1001.502
v 1341.679 299.5546 -1004.137
v 1379.491 294.8591 -1014.077
v 1378.157 293.4893 -1016.481
v 1413.475 288.7004 -1033.205
v 1411.376 287.5141 -1034.927
v 1434.124 271.4141 -1065.679
v 1431.449 270.4046 -1066.82
v 1198.521 230.4486 -1089.05
v 1217.798 80.46564 -970.2213
v 1218.153 80.94135 -999.4904
v 1198.109 234.1445 -1053.598
v 1190.238 209.8416 -1069.651
v 1209.005 250.6868 -1038.618
v 1231.255 80.45979 -942.9708
v 1246.033 80.46452 -926.2151
v 1243.365 102.1506 -937.7524
v 1223.157 266.4226 -1025.148
v 1243.781 274.7738 -1013.503
v 1265.437 115.867 -930.0305
v 1269.573 287.1559 -1003.008
v 1276.41 112.0244 -923.8981
v 1286.22 99.29469 -915.887
v 1299.525 80.46239 -904.3282
v 1283.265 80.46561 -908.2772
v 1286.205 291.0869 -1000.058
v 1317.859 80.46148 -901.5822
v 1303.729 297.041 -998.8073
v 1337.722 80.46049 -898.6074
v 1341.679 299.5546 -1004.137
v 1378.261 80.45718 -901.7568
v 1378.157 293.4893 -1016.481
v 1412.43 80.44489 -912.9047
v 1411.376 287.5141 -1034.927
v 1447.101 80.1591 -935.7314
v 1431.449 270.4046 -1066.82
v 1465.531 80.17519 -978.2208
v 1195.343 234.4626 -1052.316
v 1190.238 209.8416 -1069.651
v 1187.638 208.7896 -1073.41
v 1427.251 287.0499 -1076.446
v 1431.449 270.4046 -1066.82
v 1434.124 271.4141 -1065.679
v 1223.427 287.7834 -1048.095
v 1211.959 348.4239 -1047.843
v 1234.409 292.5683 -1040.909
v 1223.37 355.4659 -1042.408
v 1234.409 292.5683 -1040.909
v 1223.37 355.4659 -1042.408
v 1242.259 289.4401 -1046.209
v 1231.22 352.3376 -1047.709
v 1213.493 85.06142 -938.1687
v 1217.564 85.06142 -935.8568
v 1204.693 137.6289 -959.7941
v 1208.21 137.6289 -957.7965
v 1200.086 137.6289 -960.2281
v 1208.161 85.06142 -938.6712
v 1195.853 137.6289 -958.961
v 1203.262 85.06142 -937.2045
v 1193.337 137.6289 -956.3948
v 1200.35 85.06144 -934.2345
v 1219.081 85.06142 -932.4693
v 1209.521 137.6289 -954.8698
v 1200.35 85.06144 -930.704
v 1200.35 85.06144 -934.2345
v 1193.337 137.6289 -953.3446
v 1193.337 137.6289 -956.3948
v 1195.853 137.6289 -950.7785
v 1203.262 85.06142 -927.734
v 1200.086 137.6289 -949.5114
v 1208.161 85.06142 -926.2675
v 1204.693 137.6289 -949.9456
v 1213.493 85.06142 -926.7698
v 1208.21 137.6289 -951.943
v 1217.564 85.06142 -929.0818
v 1209.521 137.6289 -954.8698
v 1219.081 85.06142 -932.4693
v 1292.428 170.6665 -910.5057
v 1204.999 145.1188 -954.4922
v 1309.806 154.0264 -945.0094
v 1224.592 131.9201 -983.2837
v 1204.999 145.1188 -954.4922
v 1292.428 170.6665 -910.5057
v 1206.674 132.6942 -947.6566
v 1294.104 158.2419 -903.67
v 1292.428 170.6665 -910.5057
v 1309.806 154.0264 -945.0094
v 1294.104 158.2419 -903.67
v 1310.963 145.4447 -940.288
v 1195.883 122.2218 -967.1828
v 1187.184 137.8455 -976.9475
v 1224.531 119.4547 -972.1437
v 1221.851 139.6852 -986.4066
v 1183.834 143.9567 -986.2608
v 1217.278 148.6291 -994.8797
v 1182.717 145.7382 -992.4822
v 1213.761 149.7561 -1001.018
v 1182.717 145.7382 -992.4822
v 1184.143 139.2409 -998.5238
v 1213.761 149.7561 -1001.018
v 1211.06 142.1018 -1006.352
v 1204.38 148.5256 -960.1588
v 1207.897 144.9187 -955.1546
v 1196.549 146.803 -951.4189
v 1198.15 151.5251 -961.9988
v 1191.411 153.0253 -960.4796
v 1186.303 152.55 -956.0839
v 1184.449 150.2501 -950.207
v 1185.453 147.1706 -944.0594
v 1190.437 144.1216 -940.8898
v 1198.392 141.0997 -941.1843
v 1204.667 139.9283 -943.6132
v 1210.721 138.6162 -947.126
v 1204.38 148.5256 -960.1588
v 1198.15 151.5251 -961.9988
v 1192.411 135.2384 -972.4635
v 1186.18 138.2379 -974.3035
v 1191.411 153.0253 -960.4796
v 1179.442 139.7381 -972.7843
v 1186.303 152.55 -956.0839
v 1174.334 139.2628 -968.3885
v 1184.449 150.2501 -950.207
v 1172.48 136.9629 -962.5117
v 1185.453 147.1706 -944.0594
v 1173.484 133.8833 -956.3643
v 1190.437 144.1216 -940.8898
v 1178.468 130.8344 -953.1945
v 1190.437 144.1216 -940.8898
v 1198.392 141.0997 -941.1843
v 1178.468 130.8344 -953.1945
v 1186.423 127.8125 -953.4891
v 1204.667 139.9283 -943.6132
v 1192.698 126.641 -955.918
v 1210.721 138.6162 -947.126
v 1198.751 125.329 -959.4308
v 1210.721 138.6162 -947.126
v 1207.897 144.9187 -955.1546
v 1198.751 125.329 -959.4308
v 1195.928 131.6315 -967.4594
v 1204.38 148.5256 -960.1588
v 1192.411 135.2384 -972.4635
v 1214.399 147.9123 -951.6491
v 1210.379 154.198 -956.2254
v 1220.529 149.6066 -948.8079
v 1216.381 160.9638 -955.4626
v 1207.494 155.4121 -958.317
v 1212.346 165.0049 -958.775
v 1205.912 156.0845 -959.6215
v 1206.766 166.6371 -963.7432
v 1202.379 154.3344 -960.9109
v 1199.186 163.4148 -965.5381
v 1199.395 150.3355 -961.5294
v 1194.404 155.0668 -965.8918
v 1196.788 141.4999 -961.1771
v 1190.073 139.8893 -963.9931
v 1206.766 166.6371 -963.7432
v 1199.186 163.4148 -965.5381
v 1224.884 165.4046 -984.6927
v 1224.884 165.4046 -984.6927
v 1199.186 163.4148 -965.5381
v 1219.97 149.6029 -989.4083
v 1194.404 155.0668 -965.8918
v 1216.895 135.5708 -990.1351
v 1190.073 139.8893 -963.9931
v 1206.144 130.0384 -982.0046
v 1212.346 165.0049 -958.775
v 1206.766 166.6371 -963.7432
v 1231.922 165.7248 -980.3588
v 1224.884 165.4046 -984.6927
v 1235.62 161.1633 -975.2775
v 1216.381 160.9638 -955.4626
v 1235.741 141.304 -968.6237
v 1220.529 149.6066 -948.8079
v 1252.814 161.0922 -932.2984
v 1247.428 172.5536 -939.2948
v 1260.461 163.2628 -928.9637
v 1255.731 180.302 -937.9111
v 1244.48 175.2625 -941.8952
v 1250.89 188.2751 -942.6927
v 1240.892 175.3463 -944.2764
v 1242.836 189.9451 -948.1105
v 1233.193 173.1608 -947.6339
v 1229.072 185.5869 -953.895
v 1230.429 170.8646 -948.9081
v 1222.091 176.9536 -955.5665
v 1228.788 166.411 -948.8071
v 1218.281 163.8803 -953.6017
v 1226.912 151.3762 -946.1839
v 1220.532 149.5751 -948.7923
v 1242.836 189.9451 -948.1105
v 1229.072 185.5869 -953.895
v 1257.994 189.6347 -966.9123
v 1244.875 177.7305 -974.0429
v 1268.344 188.2678 -960.4289
v 1250.89 188.2751 -942.6927
v 1275.333 180.5782 -954.651
v 1255.731 180.302 -937.9111
v 1239.841 167.7357 -975.4564
v 1222.091 176.9536 -955.5665
v 1218.281 163.8803 -953.6017
v 1235.62 161.1633 -975.2775
v 1279.326 157.3131 -943.4991
v 1260.461 163.2628 -928.9637
v 1218.281 163.8803 -953.6017
v 1220.532 149.5751 -948.7923
v 1235.62 161.1633 -975.2775
v 1235.741 141.304 -968.6237
v 1170.027 132.0723 -959.726
v 1164.37 139.1775 -961.5351
v 1194.539 128.7251 -975.8063
v 1193.475 136.7504 -981.4642
v 1195.186 123.8417 -972.3633
v 1176.818 127.4879 -959.3444
v 1159.552 143.104 -967.2962
v 1191.55 138.5338 -984.4324
v 1158.886 147.1436 -972.9716
v 1190.033 141.5004 -987.2429
v 1160.325 144.7778 -980.3046
v 1188.703 142.8401 -990.0174
v 1160.325 144.7778 -980.3046
v 1168.606 136.4214 -984.9894
v 1188.703 142.8401 -990.0174
v 1187.697 135.2327 -992.5318
v 1347.306 353.5874 -1001.438
v 1345.059 329.0763 -982.9052
v 1319.067 356.1438 -1015.871
v 1320.603 331.4578 -995.5385
v 1290.652 360.2919 -1031.649
v 1293.337 335.9363 -1011.075
v 1262.137 365.3602 -1048.204
v 1264.821 341.0046 -1027.63
v 1233.127 374.9081 -1068.543
v 1235.811 350.5525 -1047.969
v 1364.687 351.1781 -990.3893
v 1355.326 329.4863 -977.2245
v 1320.603 331.4578 -995.5385
v 1345.059 329.0763 -982.9052
v 1333.232 315.6402 -1010.853
v 1357.688 313.2588 -998.2198
v 1355.326 329.4863 -977.2245
v 1305.967 320.1188 -1026.39
v 1293.337 335.9363 -1011.075
v 1277.451 325.187 -1042.945
v 1264.821 341.0046 -1027.63
v 1248.441 334.7349 -1063.284
v 1235.811 350.5525 -1047.969
v 1367.955 313.6688 -992.5392
v 1201.607 359.8157 -1049.697
v 1199.887 363.8661 -1056.463
v 1218.933 369.1451 -1040.835
v 1217.664 373.5414 -1046.9
v 1221.605 375.0427 -1054.741
v 1203.439 363.6328 -1062.153
v 1225.214 357.6572 -1039.489
v 1209.105 347.715 -1047.163
v 1233.491 368.1328 -1062.812
v 1217.664 373.5414 -1046.9
v 1221.605 375.0427 -1054.741
v 1234.526 364.4713 -1059.585
v 1233.487 371.8611 -1068.651
v 1214.006 386.0672 -1054.226
v 1231.818 380.2913 -1075.073
v 1208.349 396.4832 -1056.015
v 1229.814 393.3888 -1086.158
v 1202.99 407.5575 -1061.741
v 1218.933 369.1451 -1040.835
v 1235.987 359.3012 -1055.03
v 1236.297 353.2406 -1046.973
v 1228.702 398.0331 -1089.709
v 1201.698 413.5776 -1065.252
v 1227.554 402.8289 -1093.375
v 1203.18 416.4707 -1070.927
v 1226.341 407.8942 -1097.247
v 1208.212 418.2554 -1080.836
v 1225.214 357.6572 -1039.489
v 1221.605 375.0427 -1054.741
v 1203.439 363.6328 -1062.153
v 1214.006 386.0672 -1054.226
v 1193.345 375.6322 -1062.872
v 1208.349 396.4832 -1056.015
v 1188.397 382.1839 -1067.214
v 1202.99 407.5575 -1061.741
v 1183.704 393.772 -1073.165
v 1201.698 413.5776 -1065.252
v 1182.27 401.1047 -1076.263
v 1203.18 416.4707 -1070.927
v 1183.552 405.0901 -1081.625
v 1208.212 418.2554 -1080.836
v 1187.708 409.9273 -1092.316
v 1226.341 407.8942 -1097.247
v 1203.892 395.3812 -1110.329
v 1163.594 268.227 -1069
v 1146.768 249.3897 -1076.643
v 1161.512 291.9402 -1090.413
v 1142.078 269.9793 -1099.081
v 1180.769 317.3641 -1084.704
v 1182.01 293.0519 -1063.942
v 1199.824 346.7328 -1082.363
v 1201.065 322.4207 -1061.601
v 1218.773 378.1706 -1081.789
v 1220.015 353.8584 -1061.027
v 1128.929 254.4679 -1104.433
v 1138.204 242.0235 -1082.279
v 1138.204 242.0235 -1082.279
v 1146.768 249.3897 -1076.643
v 1176.885 221.4336 -1113.293
v 1185.448 228.7997 -1107.658
v 1163.594 268.227 -1069
v 1202.274 247.637 -1100.015
v 1182.01 293.0519 -1063.942
v 1220.69 272.462 -1094.956
v 1201.065 322.4207 -1061.601
v 1239.746 301.8307 -1092.615
v 1220.015 353.8584 -1061.027
v 1258.695 333.2685 -1092.042
v 1206.815 319.6672 -1016.121
v 1209.318 317.6849 -1011.648
v 1200.341 308.1701 -1014.765
v 1203.192 319.6616 -1020.358
v 1199.077 317.6691 -1023.629
v 1195.18 314.034 -1025.367
v 1192.175 309.3851 -1025.272
v 1190.583 304.526 -1023.361
v 1190.677 300.2972 -1019.963
v 1192.443 297.4295 -1015.666
v 1195.574 296.419 -1011.214
v 1199.529 297.4404 -1007.375
v 1203.625 300.317 -1004.815
v 1207.153 304.5516 -1003.975
v 1209.503 309.4118 -1005.001
v 1210.269 314.0573 -1007.715
v 1206.815 319.6672 -1016.121
v 1203.192 319.6616 -1020.358
v 1244.832 294.4335 -1048.584
v 1247.335 292.4512 -1044.111
v 1209.318 317.6849 -1011.648
v 1241.209 294.4279 -1052.822
v 1199.077 317.6691 -1023.629
v 1237.094 292.4353 -1056.092
v 1195.18 314.034 -1025.367
v 1233.197 288.8004 -1057.831
v 1192.175 309.3851 -1025.272
v 1230.192 284.1514 -1057.736
v 1248.286 288.8236 -1040.178
v 1210.269 314.0573 -1007.715
v 1247.52 284.1781 -1037.464
v 1209.503 309.4118 -1005.001
v 1195.574 296.419 -1011.214
v 1199.529 297.4404 -1007.375
v 1233.591 271.1853 -1043.677
v 1230.459 272.1958 -1048.129
v 1237.546 272.2067 -1039.838
v 1203.625 300.317 -1004.815
v 1192.443 297.4295 -1015.666
v 1228.694 275.0635 -1052.426
v 1190.677 300.2972 -1019.963
v 1228.599 279.2924 -1055.824
v 1190.583 304.526 -1023.361
v 1230.192 284.1514 -1057.736
v 1192.175 309.3851 -1025.272
v 1241.642 275.0833 -1037.278
v 1207.153 304.5516 -1003.975
v 1245.17 279.3179 -1036.438
v 1209.503 309.4118 -1005.001
v 1247.52 284.1781 -1037.464
v 1214.742 85.06144 -940.0528
v 1220.158 85.06144 -936.9766
v 1209.458 85.06144 -932.4693
v 1207.648 85.06144 -940.7214
v 1201.128 85.06144 -938.7699
v 1197.254 85.06144 -934.8182
v 1197.254 85.06144 -930.1205
v 1201.128 85.06144 -926.1688
v 1207.648 85.06144 -924.2173
v 1214.742 85.06144 -924.8859
v 1220.158 85.06144 -927.9621
v 1222.177 85.06144 -932.4693
v 1201.609 80.84018 -921.4241
v 1197.796 80.7337 -925.1226
v 1197.254 85.06144 -930.1205
v 1207.18 80.9265 -919.9154
v 1214.297 80.91153 -920.538
v 1220.158 85.06144 -927.9621
v 1220.158 80.7337 -922.9642
v 1214.742 85.06144 -940.0528
v 1220.158 80.7337 -931.9786
v 1220.158 85.06144 -936.9766
v 1214.742 80.7337 -935.0549
v 1207.648 85.06144 -940.7214
v 1207.648 80.7337 -935.7234
v 1201.128 85.06144 -938.7699
v 1201.128 80.7337 -933.772
v 1197.254 85.06144 -934.8182
v 1197.254 80.7337 -929.8201
v 1222.177 80.7337 -927.4714
v 1222.177 85.06144 -932.4693
v 1197.796 80.7337 -925.1226
v 1197.254 80.7337 -929.8201
v 1197.254 85.06144 -930.1205
v 1197.254 80.7337 -929.8201
v 1197.254 85.06144 -934.8182
v 1222.177 85.06144 -932.4693
v 1220.158 80.7337 -922.9642
v 1220.158 85.06144 -927.9621
v 1222.177 80.7337 -927.4714
v 1209.105 347.715 -1047.163
v 1225.214 357.6572 -1039.489
v 1220.505 343.0091 -1057.163
v 1236.297 353.2406 -1046.973
v 1313.94 83.92497 -895.665
v 1318.937 83.92497 -892.1218
v 1307.113 83.92497 -887.2819
v 1307.113 83.92497 -896.9619
v 1300.287 83.92497 -895.665
v 1295.289 83.92497 -892.1218
v 1293.46 83.92497 -887.2819
v 1295.289 83.92497 -882.442
v 1300.287 83.92497 -878.8989
v 1307.113 83.92497 -877.602
v 1313.94 83.92497 -878.8989
v 1318.937 83.92497 -882.442
v 1320.767 83.92497 -887.2819
v 1300.781 79.62598 -873.4058
v 1295.612 79.62598 -877.0706
v 1295.289 83.92497 -882.442
v 1307.842 79.62598 -872.0643
v 1314.904 79.62598 -873.4058
v 1320.073 79.62598 -877.0706
v 1320.767 83.92497 -887.2819
v 1321.965 79.62598 -882.0768
v 1313.94 83.92497 -895.665
v 1320.073 79.62598 -887.0831
v 1318.937 83.92497 -892.1218
v 1314.904 79.62598 -890.7479
v 1307.113 83.92497 -896.9619
v 1307.842 79.62598 -892.0895
v 1300.287 83.92497 -895.665
v 1300.781 79.62598 -890.7479
v 1295.289 83.92497 -892.1218
v 1295.612 79.62598 -887.0831
v 1293.46 83.92497 -887.2819
v 1293.72 79.62598 -882.0768
v 1321.965 79.62598 -882.0768
v 1320.767 83.92497 -887.2819
v 1295.289 83.92497 -882.442
v 1293.72 79.62598 -882.0768
v 1293.46 83.92497 -887.2819
v 1295.612 79.62598 -877.0706
v 1321.609 178.3815 -885.8477
v 1318.561 182.9667 -889.3552
v 1327.749 184.0756 -887.8569
v 1320.47 192.493 -892.9028
v 1314.713 183.9369 -890.9736
v 1314.834 191.8495 -895.894
v 1309.562 182.1689 -891.6505
v 1307.371 187.9685 -897.0978
v 1306.117 178.3552 -890.6561
v 1300.984 180.8394 -895.8806
v 1302.736 172.4921 -887.9679
v 1297.046 174.8002 -893.077
v 1327.749 184.0756 -887.8569
v 1320.47 192.493 -892.9028
v 1331.57 163.2391 -912.1348
v 1324.641 175.8745 -918.6539
v 1314.834 191.8495 -895.894
v 1319.355 178.1276 -921.5994
v 1307.371 187.9685 -897.0978
v 1310.602 176.4567 -920.3519
v 1306.879 169.4845 -917.2786
v 1300.984 180.8394 -895.8806
v 1297.046 174.8002 -893.077
v 1303.848 159.1589 -911.4688
v 1325.453 173.307 -911.5146
v 1322.898 177.9425 -913.749
v 1333.16 178.6551 -910.6078
v 1329.395 182.5521 -914.4387
v 1321.46 180.409 -915.1982
v 1324.769 189.834 -919.1695
v 1317.612 181.3792 -916.8166
v 1318.424 190.1522 -922.4299
v 1312.045 179.1549 -917.1082
v 1310.178 185.5701 -923.1267
v 1307.942 175.0493 -915.8494
v 1303.054 177.5275 -920.5519
v 1306.362 169.1561 -913.2188
v 1300.157 165.8775 -914.6934
v 1305.614 163.3992 -910.4698
v 1300.101 162.5429 -912.5814
v 1333.16 178.6551 -910.6078
v 1329.395 182.5521 -914.4387
v 1335.982 158.5547 -933.8686
v 1334.469 160.6815 -937.9778
v 1324.769 189.834 -919.1695
v 1329.675 168.9611 -941.8644
v 1318.424 190.1522 -922.4299
v 1323.053 172.7959 -945.3572
v 1310.178 185.5701 -923.1267
v 1323.053 172.7959 -945.3572
v 1310.178 185.5701 -923.1267
v 1313.49 173.6078 -945.981
v 1303.054 177.5275 -920.5519
v 1300.157 165.8775 -914.6934
v 1309.407 167.0622 -943.1868
v 1310.178 185.5701 -923.1267
v 1306.747 156.6013 -937.3118
v 1300.101 162.5429 -912.5814
v 1310.178 185.5701 -923.1267
v 1309.407 167.0622 -943.1868
v 1313.49 173.6078 -945.981
v 1306.747 156.6013 -937.3118
v 1300.101 162.5429 -912.5814
v 1307.833 147.8651 -930.8326
v 1283.648 169.5267 -917.0427
v 1282.524 174.9739 -918.1682
v 1296.301 172.7309 -913.158
v 1290.761 180.2646 -915.3339
v 1279.383 178.3175 -920.1934
v 1285.246 189.8046 -919.4305
v 1275.831 179.465 -922.7181
v 1278.023 192.0949 -925.6729
v 1271.374 177.311 -925.139
v 1269.29 188.1263 -930.9728
v 1268.271 171.2562 -925.6752
v 1262.552 178.0852 -932.7524
v 1266.772 166.832 -925.7984
v 1258.427 164.2505 -931.6171
v 1265.939 162.871 -925.6313
v 1257.895 160.1281 -930.5994
v 1278.023 192.0949 -925.6729
v 1269.29 188.1263 -930.9728
v 1291.826 180.3902 -951.6505
v 1299.579 174.9198 -946.3405
v 1285.246 189.8046 -919.4305
v 1305.498 164.884 -943.4376
v 1290.761 180.2646 -915.3339
v 1307.809 161.2287 -939.3904
v 1296.301 172.7309 -913.158
v 1291.826 180.3902 -951.6505
v 1269.29 188.1263 -930.9728
v 1282.154 181.735 -955.301
v 1262.552 178.0852 -932.7524
v 1258.427 164.2505 -931.6171
v 1277.482 174.1978 -955.9955
v 1269.29 188.1263 -930.9728
v 1282.154 181.735 -955.301
v 1273.51 161.5826 -954.394
v 1257.895 160.1281 -930.5994
v 1273.51 161.5826 -954.394
v 1257.895 160.1281 -930.5994
v 1273.06 150.4438 -950.3763
v 1301.645 165.9233 -904.7765
v 1299.832 164.5456 -898.8911
v 1293.222 174.2771 -902.4565
v 1301.201 169.5393 -910.0402
v 1298.619 174.4247 -913.2718
v 1294.59 179.2708 -913.6054
v 1290.195 182.7787 -910.9518
v 1286.611 184.0086 -906.0218
v 1284.798 182.631 -900.1365
v 1285.242 179.0151 -894.8727
v 1287.824 174.1294 -891.6411
v 1291.853 169.2834 -891.3074
v 1296.248 165.7755 -893.9611
v 1294.59 179.2708 -913.6054
v 1290.195 182.7787 -910.9518
v 1278.282 165.2137 -921.9822
v 1273.888 168.7216 -919.3286
v 1286.611 184.0086 -906.0218
v 1270.303 169.9515 -914.3986
v 1284.798 182.631 -900.1365
v 1268.49 168.5739 -908.5132
v 1285.242 179.0151 -894.8727
v 1268.934 164.958 -903.2495
v 1287.824 174.1294 -891.6411
v 1271.516 160.0723 -900.0179
v 1291.853 169.2834 -891.3074
v 1275.545 155.2264 -899.6843
v 1291.853 169.2834 -891.3074
v 1296.248 165.7755 -893.9611
v 1275.545 155.2264 -899.6843
v 1279.94 151.7184 -902.3378
v 1299.832 164.5456 -898.8911
v 1283.524 150.4886 -907.2678
v 1301.645 165.9233 -904.7765
v 1285.337 151.8662 -913.1532
v 1301.201 169.5393 -910.0402
v 1284.893 155.4822 -918.4169
v 1298.619 174.4247 -913.2718
v 1282.311 160.3677 -921.6486
v 1294.59 179.2708 -913.6054
v 1278.282 165.2137 -921.9822
v 1312.401 83.92497 -893.7747
v 1316.271 83.92497 -891.0305
v 1295.711 166.8011 -908.8328
v 1299.581 166.8011 -906.0886
v 1290.423 166.8011 -909.8372
v 1307.113 83.92497 -894.7791
v 1285.136 166.8011 -908.8328
v 1301.826 83.92497 -893.7747
v 1281.265 166.8011 -906.0886
v 1297.955 83.92497 -891.0305
v 1279.849 166.8011 -902.34
v 1296.539 83.92497 -887.2819
v 1317.688 83.92497 -887.2819
v 1300.998 166.8011 -902.34
v 1297.955 83.92497 -883.5334
v 1296.539 83.92497 -887.2819
v 1281.265 166.8011 -898.5917
v 1279.849 166.8011 -902.34
v 1285.136 166.8011 -895.8474
v 1301.826 83.92497 -880.7892
v 1290.423 166.8011 -894.8429
v 1307.113 83.92497 -879.7848
v 1295.711 166.8011 -895.8474
v 1312.401 83.92497 -880.7892
v 1299.581 166.8011 -898.5915
v 1316.271 83.92497 -883.5334
v 1300.998 166.8011 -902.34
v 1317.688 83.92497 -887.2819
v 1281.689 110.0988 -913.1641
v 1283.493 103.5553 -908.1732
v 1274.448 104.1003 -913.0219
v 1276.573 99.95286 -909.3685
v 1272.291 106.7367 -915.7432
v 1278.628 115.5843 -918.1165
v 1269.088 110.0772 -919.4307
v 1273.412 119.3107 -923.0501
v 1264.347 112.451 -923.2762
v 1265.568 121.2773 -928.1881
v 1257.434 112.544 -926.7795
v 1256.021 121.6399 -933.1719
v 1250.193 110.7386 -929.2658
v 1245.892 117.7325 -935.7849
v 1245.053 107.1736 -929.6022
v 1239.503 110.9896 -935.4152
v 1242.26 100.2446 -926.6559
v 1234.911 102.4506 -931.701
v 1242.925 92.77924 -921.6492
v 1234.673 92.38644 -925.5156
v 1244.789 87.46207 -917.3923
v 1236.067 86.61433 -921.209
v 1249.142 80.57206 -910.9138
v 1239.494 80.1805 -915.4767
v 1265.568 121.2773 -928.1881
v 1256.021 121.6399 -933.1719
v 1270.167 117.901 -933.11
v 1278.012 115.9341 -927.9719
v 1260.621 118.264 -938.0937
v 1245.892 117.7325 -935.7849
v 1250.595 114.4007 -940.6787
v 1239.503 110.9896 -935.4152
v 1244.202 107.5733 -940.2548
v 1234.911 102.4506 -931.701
v 1239.507 98.98923 -936.5676
v 1273.412 119.3107 -923.0501
v 1283.228 112.2083 -923.0384
v 1278.628 115.5843 -918.1165
v 1286.288 106.7229 -918.0862
v 1281.689 110.0988 -913.1641
v 1288.093 100.1802 -913.0961
v 1283.493 103.5553 -908.1732
v 1289.122 95.12849 -909.4311
v 1284.523 98.50372 -904.5078
v 1289.15 88.87858 -905.5095
v 1284.552 92.25588 -900.5872
v 1286.759 80.06123 -901.1786
v 1282.162 83.43945 -896.2567
v 1236.067 86.61433 -921.209
v 1239.494 80.1805 -915.4767
v 1240.667 83.2374 -926.1307
v 1239.273 89.00866 -930.4367
v 1234.673 92.38644 -925.5156
v 1244.094 76.80385 -920.3984
v 1239.507 98.98923 -936.5676
v 1234.911 102.4506 -931.701
v 1244.789 87.46207 -917.3923
v 1242.925 92.77924 -921.6492
v 1258.516 83.23453 -930.4897
v 1262.87 76.34495 -924.0114
v 1249.142 80.57206 -910.9138
v 1256.652 88.5508 -934.746
v 1242.26 100.2446 -926.6559
v 1256.022 96.01112 -939.7322
v 1245.053 107.1736 -929.6022
v 1258.832 102.9154 -942.6537
v 1250.193 110.7386 -929.2658
v 1263.939 106.4863 -942.3378
v 1257.434 112.544 -926.7795
v 1271.163 108.3175 -939.8768
v 1262.87 76.34495 -924.0114
v 1258.516 83.23453 -930.4897
v 1288.215 78.49341 -912.7201
v 1290.724 86.17246 -916.2819
v 1256.652 88.5508 -934.746
v 1290.96 92.03256 -919.8323
v 1290.3 95.72684 -922.4669
v 1288.176 99.87369 -926.1199
v 1286.019 102.5103 -928.841
v 1282.816 105.8503 -932.5282
v 1278.075 108.224 -936.3742
v 1271.163 108.3175 -939.8768
v 1263.939 106.4863 -942.3378
v 1258.832 102.9154 -942.6537
v 1256.022 96.01112 -939.7322
v 1290.724 86.17246 -916.2819
v 1274.49 82.72292 -899.6227
v 1288.215 78.49341 -912.7201
v 1276.998 90.4015 -903.1844
v 1290.96 92.03256 -919.8323
v 1277.234 96.25924 -906.734
v 1290.3 95.72684 -922.4669
v 1276.573 99.95286 -909.3685
v 1288.176 99.87369 -926.1199
v 1274.448 104.1003 -913.0219
v 1286.019 102.5103 -928.841
v 1272.291 106.7367 -915.7432
v 1282.816 105.8503 -932.5282
v 1269.088 110.0772 -919.4307
v 1276.998 90.4015 -903.1844
v 1282.162 83.43945 -896.2567
v 1274.49 82.72292 -899.6227
v 1284.552 92.25588 -900.5872
v 1277.234 96.25924 -906.734
v 1284.523 98.50372 -904.5078
v 1257.434 112.544 -926.7795
v 1264.347 112.451 -923.2762
v 1271.163 108.3175 -939.8768
v 1278.075 108.224 -936.3742
v 1269.088 110.0772 -919.4307
v 1282.816 105.8503 -932.5282
v 1270.951 82.35908 -898.408
v 1247.14 82.35908 -908.5439
v 1275.021 82.35908 -903.7235
v 1251.276 82.35908 -913.9457
v 1271.817 80.29729 -897.0312
v 1275.887 80.29729 -902.3467
v 1247.14 82.35908 -908.5439
v 1270.951 82.35908 -898.408
v 1247.015 80.32931 -907.0716
v 1247.015 80.32931 -907.0716
v 1270.951 82.35908 -898.408
v 1271.817 80.29729 -897.0312
v 1255.124 214.0129 -978.7409
v 1252.855 217.8156 -976.7695
v 1254.318 213.9582 -980.0516
v 1251.502 217.3527 -979.0268
v 1252.701 212.4907 -980.7517
v 1249.501 216.2447 -979.8098
v 1249.695 219.1797 -975.1363
v 1254.01 215.9945 -970.1219
v 1251.506 217.5027 -968.7504
v 1256.874 212.1043 -966.5001
v 1254.688 212.4917 -965.0247
v 1261.459 205.6223 -965.0546
v 1259.556 205.496 -963.3898
v 1264.533 200.7989 -966.5609
v 1263.202 199.905 -964.571
v 1246.733 219.1339 -975.0507
v 1246.733 219.1339 -975.0507
v 1248.932 217.5442 -968.2604
v 1252.518 211.4273 -964.2987
v 1257.688 204.4925 -962.3693
v 1261.334 198.9009 -963.4133
v 1246.672 216.6832 -967.9109
v 1250.479 210.2924 -963.7883
v 1255.792 203.2022 -961.9529
v 1259.157 197.6651 -962.9515
v 1249.819 209.2486 -963.6705
v 1246.142 214.943 -968.0337
v 1246.672 216.6832 -967.9109
v 1245.834 212.3415 -968.6602
v 1245.019 213.781 -973.2018
v 1244.417 216.1971 -973.946
v 1246.672 216.6832 -967.9109
v 1244.652 218.0078 -974.6735
v 1249.318 207.5019 -964.2088
v 1255.013 202.2327 -962.1597
v 1247.711 214.4649 -979.407
v 1247.156 213.2985 -978.3673
v 1247.156 213.2985 -978.3673
v 1246.214 211.9374 -976.4988
v 1246.733 219.1339 -975.0507
v 1248.932 217.5442 -968.2604
v 1244.652 218.0078 -974.6735
v 1246.672 216.6832 -967.9109
v 1261.334 198.9009 -963.4133
v 1265.406 195.199 -966.764
v 1263.877 193.9099 -965.4738
v 1263.202 199.905 -964.571
v 1265.91 196.2092 -968.4645
v 1265.406 195.199 -966.764
v 1246.924 210.0529 -973.5333
v 1245.834 212.3415 -968.6602
v 1246.682 209.2855 -971.3321
v 1249.318 207.5019 -964.2088
v 1249.544 204.8226 -965.4126
v 1249.501 216.2447 -979.8098
v 1244.652 218.0078 -974.6735
v 1247.711 214.4649 -979.407
v 1246.733 219.1339 -975.0507
v 1244.652 218.0078 -974.6735
v 1249.501 216.2447 -979.8098
v 1264.533 200.7989 -966.5609
v 1265.91 196.2092 -968.4645
v 1263.202 199.905 -964.571
v 1267.105 198.0373 -970.1689
v 1263.202 199.905 -964.571
v 1265.406 195.199 -966.764
v 1261.334 198.9009 -963.4133
v 1261.334 198.9009 -963.4133
v 1263.877 193.9099 -965.4738
v 1259.157 197.6651 -962.9515
v 1261.735 192.6591 -964.974
v 1258.265 196.533 -963.2545
v 1255.013 202.2327 -962.1597
v 1254.014 201.1111 -963.2192
v 1249.318 207.5019 -964.2088
v 1249.544 204.8226 -965.4126
v 1253.791 200.0985 -964.9963
v 1256.832 195.741 -964.563
v 1255.792 203.2022 -961.9529
v 1260.411 191.8118 -965.5095
v 1258.571 191.4445 -966.7813
v 1255.942 195.6393 -966.4642
v 1257.504 191.7143 -968.4766
v 1252.701 212.4907 -980.7517
v 1249.501 216.2447 -979.8098
v 1250.729 211.2472 -980.2983
v 1247.711 214.4649 -979.407
v 1250.127 210.1509 -979.0568
v 1247.156 213.2985 -978.3673
v 1249.603 208.8348 -977.1455
v 1246.214 211.9374 -976.4988
v 1250.201 207.2726 -974.9636
v 1246.924 210.0529 -973.5333
v 1245.019 213.781 -973.2018
v 1245.834 212.3415 -968.6602
v 1244.417 216.1971 -973.946
v 1247.156 213.2985 -978.3673
v 1244.652 218.0078 -974.6735
v 1247.711 214.4649 -979.407
v 1249.318 207.5019 -964.2088
v 1246.682 209.2855 -971.3321
v 1260.114 211.6532 -970.2904
v 1257.144 214.4486 -972.7946
v 1262.733 206.6038 -968.0618
v 1265.006 201.6461 -968.5101
v 1267.105 198.0373 -970.1689
v 1249.668 237.5492 -999.9865
v 1248.62 239.5175 -998.4655
v 1247.725 237.7063 -1001.799
v 1246.559 239.8968 -1000.106
v 1248.559 242.0564 -997.5515
v 1246.491 242.7226 -999.0889
v 1245.49 236.82 -1002.941
v 1243.996 239.6265 -1000.772
v 1249.708 238.5753 -996.2266
v 1250.874 236.3847 -997.9194
v 1249.572 237.2862 -993.9021
v 1251.066 234.4797 -996.0709
v 1243.91 243.2468 -999.4689
v 1243.476 235.0935 -1003.151
v 1241.52 238.7686 -1000.311
v 1241.406 243.5093 -998.6049
v 1245.251 246.8515 -999.3296
v 1243.163 248.2296 -998.4224
v 1247.2 252.3752 -999.2732
v 1242.143 232.9222 -1002.382
v 1239.696 237.5193 -998.8295
v 1239.554 243.4495 -996.6946
v 1241.751 249.3542 -996.4664
v 1245.874 254.6083 -998.6931
v 1245.271 256.6409 -997.084
v 1250.339 253.5359 -1002.439
v 1250.728 255.992 -1001.49
v 1254.114 252.9062 -1005.717
v 1255.45 255.2045 -1005.592
v 1238.943 236.1651 -996.6656
v 1238.778 243.0814 -994.1757
v 1241.34 249.968 -993.9095
v 1245.531 258.0075 -994.8152
v 1251.809 257.7096 -999.7691
v 1257.317 256.7911 -1004.552
v 1239.433 235.0161 -994.3156
v 1239.255 242.4894 -991.6252
v 1242.024 249.9304 -991.3376
v 1245.531 258.0075 -994.8152
v 1246.593 258.3948 -992.4059
v 1253.336 258.2952 -997.6689
v 1246.593 258.3948 -992.4059
v 1259.287 257.3027 -1002.837
v 1241.055 234.3356 -992.3177
v 1240.876 241.8088 -989.6274
v 1243.645 249.2498 -989.3399
v 1246.593 258.3948 -992.4059
v 1248.214 257.7142 -990.408
v 1254.957 257.6148 -995.6712
v 1248.214 257.7142 -990.408
v 1246.593 258.3948 -992.4059
v 1260.908 256.6222 -1000.84
v 1243.271 241.1958 -988.64
v 1245.833 248.0824 -988.374
v 1248.214 257.7142 -990.408
v 1250.023 256.1217 -989.2795
v 1248.214 257.7142 -990.408
v 1256.302 255.8239 -994.2335
v 1261.81 254.9054 -999.0167
v 1248.086 246.6954 -988.6611
v 1245.889 240.7906 -988.8892
v 1251.606 253.9819 -989.2788
v 1257.063 253.3331 -993.6852
v 1261.785 252.5455 -997.7864
v 1245.531 258.0075 -994.8152
v 1251.809 257.7096 -999.7691
v 1246.593 258.3948 -992.4059
v 1248.559 242.0564 -997.5515
v 1249.5 244.5845 -997.4538
v 1246.491 242.7226 -999.0889
v 1247.538 245.5361 -998.9802
v 1250.714 249.2827 -997.0817
v 1248.947 250.4532 -998.6917
v 1250.687 244.2146 -995.1006
v 1249.64 241.4011 -995.2093
v 1250.827 244.5113 -992.4595
v 1249.486 240.9065 -992.5988
v 1249.889 245.4066 -990.1355
v 1248.132 240.6862 -990.3179
v 1248.086 246.6954 -988.6611
v 1245.889 240.7906 -988.8892
v 1248.245 235.9455 -992.0245
v 1246.031 234.8605 -991.0242
v 1250.202 232.2704 -994.8644
v 1248.478 230.2632 -994.5765
v 1243.435 234.2794 -991.1299
v 1246.29 228.9178 -995.2732
v 1241.055 234.3356 -992.3177
v 1244.139 228.5423 -996.7946
v 1239.433 235.0161 -994.3156
v 1242.517 229.2228 -998.7924
v 1238.943 236.1651 -996.6656
v 1241.797 230.8035 -1000.809
v 1239.696 237.5193 -998.8295
v 1242.143 232.9222 -1002.382
v 1240.876 241.8088 -989.6274
v 1243.271 241.1958 -988.64
v 1251.066 234.4797 -996.0709
v 1249.572 237.2862 -993.9021
v 1249.708 238.5753 -996.2266
v 1248.62 239.5175 -998.4655
v 1250.714 249.2827 -997.0817
v 1253.343 247.4263 -999.6047
v 1248.947 250.4532 -998.6917
v 1251.816 248.699 -1001.374
v 1255.365 247.0892 -1001.361
v 1254.066 248.3238 -1003.328
v 1247.2 252.3752 -999.2732
v 1250.731 250.9038 -1002.397
v 1247.2 252.3752 -999.2732
v 1253.614 250.423 -1004.901
v 1250.339 253.5359 -1002.439
v 1245.874 254.6083 -998.6931
v 1247.2 252.3752 -999.2732
v 1254.114 252.9062 -1005.717
v 1254.964 247.3774 -997.4946
v 1252.096 249.1317 -994.8122
v 1257.214 247.0022 -999.4488
v 1259.19 248.0827 -998.0304
v 1256.307 248.5635 -995.5267
v 1260.84 250.0833 -997.4306
v 1257.064 250.713 -994.1518
v 1261.785 252.5455 -997.7864
v 1257.063 253.3331 -993.6852
v 1252.599 251.7853 -990.4061
v 1251.606 253.9819 -989.2788
v 1252.776 250.0349 -992.403
v 1252.776 250.0349 -992.403
v 1252.776 250.0349 -992.403
v 1252.776 250.0349 -992.403
v 1252.096 249.1317 -994.8122
v 1243.163 248.2296 -998.4224
v 1247.2 252.3752 -999.2732
v 1245.874 254.6083 -998.6931
v 1243.91 243.2468 -999.4689
v 1245.251 246.8515 -999.3296
v 1247.2 252.3752 -999.2732
v 1217.858 229.1207 -1010.933
v 1216.685 230.7029 -1010.277
v 1216.671 227.7149 -1010.035
v 1215.365 229.4757 -1009.306
v 1215.266 232.1878 -1010.579
v 1213.786 231.1283 -1009.642
v 1213.926 233.2352 -1011.77
v 1212.295 232.294 -1010.967
v 1211.329 235.247 -1013.564
v 1209.59 234.3475 -1012.965
v 1216.264 226.3696 -1008.547
v 1214.591 228.6256 -1007.612
v 1212.567 230.7428 -1008.043
v 1210.657 232.2364 -1009.741
v 1207.654 234.4057 -1012.305
v 1216.729 225.3931 -1006.809
v 1214.538 228.3473 -1005.585
v 1211.889 231.1198 -1006.149
v 1209.387 233.0755 -1008.372
v 1207.654 234.4057 -1012.305
v 1205.963 235.4082 -1011.733
v 1217.96 225.0092 -1005.22
v 1215.22 228.7046 -1003.688
v 1211.905 232.1727 -1004.393
v 1208.776 234.6192 -1007.174
v 1204.905 237.1251 -1011.382
v 1206.954 233.0341 -1015.495
v 1208.799 232.2047 -1015.18
v 1207.654 234.4057 -1012.305
v 1209.278 230.6868 -1017.676
v 1211.219 231.0845 -1017.161
v 1210.845 232.2693 -1015.213
v 1212.959 232.1485 -1017.335
v 1212.623 233.2129 -1015.585
v 1209.59 234.3475 -1012.965
v 1211.329 235.247 -1013.564
v 1207.654 234.4057 -1012.305
v 1207.654 234.4057 -1012.305
v 1207.581 231.0464 -1018.764
v 1205.733 234.5674 -1016.085
v 1206.517 232.081 -1020.174
v 1205.415 236.4532 -1016.815
v 1204.723 239.1634 -1011.331
v 1206.33 233.5535 -1021.583
v 1213.726 234.8196 -1016.211
v 1212.471 236.8979 -1013.964
v 1214.099 233.6348 -1018.159
v 1214.38 235.2031 -1019.445
v 1213.901 236.721 -1016.949
v 1212.756 238.9221 -1014.073
v 1212.471 236.8979 -1013.964
v 1219.675 225.3057 -1004.143
v 1216.479 229.6156 -1002.356
v 1212.614 233.6605 -1003.179
v 1221.482 226.2147 -1003.825
v 1218.029 230.8716 -1001.895
v 1211.905 232.1727 -1004.393
v 1208.776 234.6192 -1007.174
v 1212.614 233.6605 -1003.179
v 1208.964 236.5137 -1006.422
v 1204.905 237.1251 -1011.382
v 1204.723 239.1634 -1011.331
v 1205.733 234.5674 -1016.085
v 1213.852 235.2422 -1002.784
v 1218.029 230.8716 -1001.895
v 1216.479 229.6156 -1002.356
v 1209.908 238.3251 -1006.288
v 1204.723 239.1634 -1011.331
v 1205.458 241.0559 -1011.593
v 1219.512 232.1849 -1002.409
v 1215.335 236.5555 -1003.298
v 1211.391 239.6384 -1006.802
v 1205.458 241.0559 -1011.593
v 1206.941 242.3692 -1012.107
v 1220.59 233.2547 -1003.781
v 1223.786 228.9447 -1005.568
v 1222.965 227.528 -1004.339
v 1221.482 226.2147 -1003.825
v 1216.725 237.2996 -1004.604
v 1213.075 240.1527 -1007.847
v 1206.941 242.3692 -1012.107
v 1208.834 242.8025 -1012.756
v 1223.757 230.1403 -1007.229
v 1221.016 233.8357 -1005.697
v 1217.702 237.3039 -1006.402
v 1214.572 239.7502 -1009.183
v 1210.702 242.2562 -1013.391
v 1209.526 240.0922 -1018.24
v 1207.557 239.5731 -1018.031
v 1206.941 242.3692 -1012.107
v 1208.545 236.4399 -1023.184
v 1207.061 235.1266 -1022.669
v 1206.074 238.2598 -1017.517
v 1206.33 233.5535 -1021.583
v 1205.415 236.4532 -1016.815
v 1205.458 241.0559 -1011.593
v 1206.941 242.3692 -1012.107
v 1205.458 241.0559 -1011.593
v 1210.44 237.1925 -1023.008
v 1211.53 239.6984 -1018.094
v 1212.314 237.2121 -1022.183
v 1215.541 238.5232 -1010.505
v 1212.117 240.8559 -1013.866
v 1213.109 238.4818 -1017.628
v 1213.735 236.4941 -1020.897
v 1215.759 236.7527 -1011.509
v 1217.669 235.2592 -1009.811
v 1218.042 236.5676 -1008.282
v 1220.692 233.795 -1007.718
v 1222.883 230.841 -1008.942
v 1221.366 230.886 -1010.316
v 1219.693 233.142 -1009.38
v 1212.756 238.9221 -1014.073
v 1212.756 238.9221 -1014.073
v 1213.901 236.721 -1016.949
v 1214.38 235.2031 -1019.445
v 1219.552 230.2652 -1011.034
v 1218.246 232.026 -1010.304
v 1217.858 229.1207 -1010.933
v 1216.685 230.7029 -1010.277
v 1212.471 236.8979 -1013.964
v 1213.726 234.8196 -1016.211
v 1204.723 239.1634 -1011.331
v 1205.458 241.0559 -1011.593
v 1219.693 233.142 -1009.38
v 1217.669 235.2592 -1009.811
v 1218.246 232.026 -1010.304
v 1216.667 233.6786 -1010.64
v 1215.759 236.7527 -1011.509
v 1215.176 234.8442 -1011.965
v 1212.756 238.9221 -1014.073
v 1212.471 236.8979 -1013.964
v 1212.756 238.9221 -1014.073
v 1238.067 229.5688 -992.1456
v 1239.335 227.5855 -990.3057
v 1234.098 222.1951 -991.1924
v 1236.421 230.6625 -993.8312
v 1234.514 230.9589 -995.2972
v 1232.542 230.4317 -996.3937
v 1230.716 229.1395 -997
v 1229.216 227.2087 -997.0564
v 1228.188 224.8281 -996.5574
v 1227.732 222.2307 -995.5522
v 1227.894 219.6713 -994.1385
v 1228.657 217.3997 -992.4552
v 1229.974 215.5974 -990.6284
v 1231.775 214.3396 -988.7426
v 1233.861 213.6904 -986.9927
v 1236.011 213.6349 -985.5475
v 1237.965 214.3597 -984.6495
v 1239.531 215.8379 -984.3967
v 1240.503 218.0886 -984.9103
v 1240.71 221.1449 -986.2914
v 1240.242 224.5945 -988.2657
v 1238.067 229.5688 -992.1456
v 1236.421 230.6625 -993.8312
v 1240.897 228.5535 -994.359
v 1242.166 226.5703 -992.5194
v 1239.335 227.5855 -990.3057
v 1239.251 229.6473 -996.0444
v 1234.514 230.9589 -995.2972
v 1237.344 229.9437 -997.5107
v 1232.542 230.4317 -996.3937
v 1235.372 229.4166 -998.6074
v 1230.716 229.1395 -997
v 1233.547 228.1246 -999.2136
v 1229.216 227.2087 -997.0564
v 1243.072 223.5794 -990.4796
v 1240.242 224.5945 -988.2657
v 1243.54 220.1297 -988.505
v 1240.71 221.1449 -986.2914
v 1243.334 217.0735 -987.1238
v 1240.503 218.0886 -984.9103
v 1232.046 226.1935 -999.2701
v 1228.188 224.8281 -996.5574
v 1231.018 223.8128 -998.7708
v 1233.861 213.6904 -986.9927
v 1236.011 213.6349 -985.5475
v 1236.692 212.6754 -989.2061
v 1234.606 213.3243 -990.9558
v 1231.775 214.3396 -988.7426
v 1232.804 214.5822 -992.8421
v 1229.974 215.5974 -990.6284
v 1231.489 216.3845 -994.6688
v 1228.657 217.3997 -992.4552
v 1230.725 218.6559 -996.3519
v 1227.894 219.6713 -994.1385
v 1230.563 221.2156 -997.7656
v 1227.732 222.2307 -995.5522
v 1231.018 223.8128 -998.7708
v 1228.188 224.8281 -996.5574
v 1238.841 212.6196 -987.7612
v 1237.965 214.3597 -984.6495
v 1240.795 213.3446 -986.8634
v 1239.531 215.8379 -984.3967
v 1242.361 214.8229 -986.6102
v 1240.503 218.0886 -984.9103
v 1243.334 217.0735 -987.1238
v 1253.53 225.1863 -981.0505
v 1254.66 223.8591 -983.3546
v 1240.633 219.6567 -987.7313
v 1241.762 218.3299 -990.0353
v 1252.42 232.0156 -985.3563
v 1253.53 225.1863 -981.0505
v 1239.522 226.4863 -992.037
v 1240.633 219.6567 -987.7313
v 1241.314 224.4639 -994.257
v 1252.42 232.0156 -985.3563
v 1239.522 226.4863 -992.037
v 1254.211 229.9936 -987.576
v 1239.393 216.2985 -986.7786
v 1241.05 214.7053 -988.5274
v 1242.732 198.4826 -979.424
v 1244.39 196.8892 -981.173
v 1233.443 213.8564 -989.4462
v 1239.393 216.2985 -986.7786
v 1236.468 196.1852 -982.3119
v 1242.732 198.4826 -979.424
v 1235.1 212.2651 -991.1957
v 1233.443 213.8564 -989.4462
v 1238.125 194.5939 -984.0619
v 1236.468 196.1852 -982.3119
v 1230.365 216.6367 -992.2064
v 1231.494 215.31 -994.5106
v 1217.438 211.0449 -998.8571
v 1218.568 209.7182 -1001.161
v 1229.375 222.9729 -996.1467
v 1230.365 216.6367 -992.2064
v 1216.478 217.4435 -1002.828
v 1217.438 211.0449 -998.8571
v 1218.269 215.4214 -1005.047
v 1229.375 222.9729 -996.1467
v 1216.478 217.4435 -1002.828
v 1231.166 220.951 -998.3666
v 1233.536 243.0337 -1003.589
v 1235.193 241.4406 -1005.338
v 1236.468 228.823 -995.451
v 1238.126 227.2299 -997.2001
v 1228.514 240.7676 -1005.879
v 1233.536 243.0337 -1003.589
v 1231.446 226.5569 -997.7412
v 1236.468 228.823 -995.451
v 1230.171 239.1762 -1007.628
v 1228.514 240.7676 -1005.879
v 1233.103 224.9653 -999.491
v 1231.446 226.5569 -997.7412
v 1215.704 249.8544 -1014.853
v 1236.802 258.7481 -1004.168
v 1222.341 240.3179 -1006.49
v 1237.007 247.0314 -999.7078
v 1215.186 223.0441 -1004.087
v 1207.146 225.8892 -1011.275
v 1218.506 206.5943 -994.9753
v 1212.369 202.1566 -997.0109
v 1232.582 197.3326 -981.9573
v 1232.231 186.8996 -978.348
v 1248.785 203.7892 -973.9192
v 1256.249 193.7737 -964.8809
v 1253.168 219.3385 -977.0389
v 1267.011 217.028 -967.4249
v 1249.521 236.5112 -986.7933
v 1259.727 246.2571 -984.2462
v 1248.785 203.7892 -973.9192
v 1232.582 197.3326 -981.9573
v 1251.05 201.334 -975.926
v 1234.83 194.8653 -983.97
v 1255.437 216.873 -979.0383
v 1253.168 219.3385 -977.0389
v 1218.506 206.5943 -994.9753
v 1220.757 204.117 -996.9821
v 1215.186 223.0441 -1004.087
v 1217.446 220.5642 -1006.087
v 1251.05 201.334 -975.926
v 1251.785 234.0229 -988.7865
v 1255.437 216.873 -979.0383
v 1239.259 244.5396 -1001.708
v 1234.83 194.8653 -983.97
v 1224.59 237.8345 -1008.495
v 1220.757 204.117 -996.9821
v 1217.446 220.5642 -1006.087
v 1222.341 240.3179 -1006.49
v 1237.007 247.0314 -999.7078
v 1224.59 237.8345 -1008.495
v 1239.259 244.5396 -1001.708
v 1217.446 220.5642 -1006.087
v 1215.186 223.0441 -1004.087
v 1249.521 236.5112 -986.7933
v 1251.785 234.0229 -988.7865
v 1253.168 219.3385 -977.0389
v 1255.437 216.873 -979.0383
v 1236.802 258.7481 -1004.168
v 1215.704 249.8544 -1014.853
v 1241.517 257.3253 -1009.465
v 1221.026 248.3993 -1021.947
v 1264.442 244.8342 -989.543
v 1259.727 246.2571 -984.2462
v 1271.418 209.3407 -970.9029
v 1267.011 217.028 -967.4249
v 1215.704 249.8544 -1014.853
v 1207.146 225.8892 -1011.275
v 1221.026 248.3993 -1021.947
v 1221.026 248.3993 -1021.947
v 1207.146 225.8892 -1011.275
v 1211.861 224.4665 -1016.572
v 1207.146 225.8892 -1011.275
v 1212.369 202.1566 -997.0109
v 1211.861 224.4665 -1016.572
v 1217.083 200.7338 -1002.308
v 1232.231 186.8996 -978.348
v 1236.946 185.4769 -983.6448
v 1256.249 193.7737 -964.8809
v 1260.964 192.351 -970.1777
v 1267.011 217.028 -967.4249
v 1271.418 209.3407 -970.9029
v 1226 199.0061 -991.4244
v 1225.127 200.0739 -990.6658
v 1227.232 198.7913 -990.2025
v 1226.217 199.8725 -989.279
v 1224.18 200.5026 -990.1447
v 1225.148 200.3098 -988.6696
v 1223.402 200.2545 -990.025
v 1224.282 200.0344 -988.5371
v 1221.86 199.7379 -989.334
v 1222.694 199.426 -987.8856
v 1228.552 199.2746 -989.4058
v 1227.146 200.3916 -988.0082
v 1225.692 200.7379 -987.0697
v 1224.579 200.3761 -986.8931
v 1222.745 199.2169 -986.1327
v 1229.516 200.0201 -989.0847
v 1227.696 201.497 -987.1346
v 1225.662 201.6251 -985.6645
v 1224.226 200.672 -985.0139
v 1222.062 198.9708 -984.2964
v 1229.919 200.8944 -989.3283
v 1227.708 202.8654 -986.8428
v 1225.072 202.5594 -984.5942
v 1222.062 198.9708 -984.2964
v 1223.393 200.5984 -983.0809
v 1220.981 198.6421 -982.6531
v 1221.967 200.7244 -982.1082
v 1219.078 198.9293 -982.3274
v 1221.86 199.7379 -989.334
v 1223.19 198.6139 -991.3825
v 1222.694 199.426 -987.8856
v 1224.011 198.1218 -989.984
v 1223.652 197.2133 -992.2658
v 1224.525 196.5631 -990.967
v 1222.745 199.2169 -986.1327
v 1224.054 197.4777 -988.4169
v 1224.712 195.4807 -989.6762
v 1222.062 198.9708 -984.2964
v 1221.778 198.8411 -992.2921
v 1220.449 200.1157 -990.1718
v 1220.099 198.7516 -992.5044
v 1220.757 196.7544 -993.7637
v 1219.399 195.7504 -993.6198
v 1218.537 198.3655 -991.9706
v 1218.529 194.5005 -992.876
v 1217.451 197.7718 -990.8132
v 1217.191 200.5964 -989.3351
v 1216.04 200.46 -987.7568
v 1219.279 202.2983 -990.0767
v 1218.319 202.5403 -988.3329
v 1215.625 200.1756 -985.8937
v 1218.002 202.4158 -986.2186
v 1220.5 204.035 -989.2872
v 1220.74 204.6499 -987.6933
v 1218.709 201.8959 -984.0721
v 1221.575 204.9131 -986.2148
v 1220.223 201.2033 -982.4919
v 1217.245 199.3762 -982.9136
v 1222.831 204.4553 -984.9177
v 1221.967 200.7244 -982.1082
v 1224.079 203.5146 -984.2585
v 1226.247 205.1784 -988.1157
v 1227.147 204.112 -987.1865
v 1225.072 202.5594 -984.5942
v 1223.393 200.5984 -983.0809
v 1221.967 200.7244 -982.1082
v 1228.968 202.5484 -991.2023
v 1229.701 201.7601 -990.0747
v 1227.708 202.8654 -986.8428
v 1225.072 202.5594 -984.5942
v 1229.919 200.8944 -989.3283
v 1219.078 198.9293 -982.3274
v 1221.967 200.7244 -982.1082
v 1227.818 202.9189 -992.3908
v 1225.097 205.5489 -989.3041
v 1226.514 202.7864 -993.3684
v 1223.96 205.1383 -990.4802
v 1225.426 202.3417 -993.9722
v 1223.21 204.3005 -991.4778
v 1224.744 201.5555 -994.0145
v 1222.909 202.9926 -992.0349
v 1220.86 203.0817 -990.5362
v 1221.702 201.9236 -991.0924
v 1220.587 201.5568 -990.912
v 1218.784 200.4762 -990.2096
v 1221.702 201.9236 -991.0924
v 1218.784 200.4762 -990.2096
v 1225.072 202.5594 -984.5942
v 1224.226 200.672 -985.0139
v 1223.393 200.5984 -983.0809
v 1222.062 198.9708 -984.2964
v 1223.308 196.829 -987.04
v 1220.981 198.6421 -982.6531
v 1224.054 197.4777 -988.4169
v 1224.712 195.4807 -989.6762
v 1224.17 194.2139 -988.6891
v 1221.944 196.3245 -986.1691
v 1220.981 198.6421 -982.6531
v 1223.022 193.0532 -988.2321
v 1220.275 196.0795 -986.0036
v 1219.078 198.9293 -982.3274
v 1220.981 198.6421 -982.6531
v 1221.533 192.2643 -988.4096
v 1217.245 199.3762 -982.9136
v 1218.683 196.1504 -986.5812
v 1220.042 192.0281 -989.1808
v 1216.036 199.7954 -984.1627
v 1217.533 196.5208 -987.7698
v 1218.892 192.3985 -990.3695
v 1217.088 197.1059 -989.2972
v 1215.625 200.1756 -985.8937
v 1218.346 193.2907 -991.7031
v 1217.451 197.7718 -990.8132
v 1216.04 200.46 -987.7568
v 1215.625 200.1756 -985.8937
v 1218.529 194.5005 -992.876
v 1223.393 200.5984 -983.0809
v 1220.981 198.6421 -982.6531
v 1221.967 200.7244 -982.1082
v 1216.036 199.7954 -984.1627
v 1215.625 200.1756 -985.8937
v 1222.029 200.7034 -990.808
v 1218.784 200.4762 -990.2096
v 1220.449 200.1157 -990.1718
v 1222.895 200.979 -990.941
v 1220.587 201.5568 -990.912
v 1222.895 200.979 -990.941
v 1221.702 201.9236 -991.0924
v 1222.895 200.979 -990.941
v 1223.968 200.5514 -991.5574
v 1224.999 199.5107 -992.5107
v 1223.178 201.6318 -992.071
v 1221.702 201.9236 -991.0924
v 1224.591 200.5352 -993.4838
v 1222.909 202.9926 -992.0349
v 1224.744 201.5555 -994.0145
v 1220.86 203.0817 -990.5362
v 1221.702 201.9236 -991.0924
v 1221.702 201.9236 -991.0924
v 1222.895 200.979 -990.941
v 1222.292 197.2824 -993.2751
v 1359.63 132.1467 -919.4226
v 1372.143 119.8997 -915.7485
v 1361.112 124.4475 -916.7755
v 1367.919 117.0532 -914.3312
v 1350.759 126.0728 -916.2638
v 1347.99 133.3 -918.7032
v 1344.37 118.5423 -912.4396
v 1340.594 124.0026 -914.237
v 1347.356 102.5937 -907.5673
v 1376.805 99.37434 -907.9522
v 1369.813 103.3831 -908.6767
v 1371.165 89.88268 -903.7374
v 1342.561 98.84221 -904.5002
v 1354.118 98.17286 -905.2419
v 1355.258 89.58426 -901.7948
v 1366.051 97.22495 -906.288
v 1372.143 119.8997 -915.7485
v 1359.63 132.1467 -919.4226
v 1373.284 117.8391 -918.6833
v 1360.77 130.0861 -922.3575
v 1347.99 133.3 -918.7032
v 1349.13 131.2393 -921.638
v 1340.594 124.0026 -914.237
v 1341.735 121.9419 -917.1719
v 1377.945 97.31371 -910.887
v 1376.805 99.37434 -907.9522
v 1342.561 98.84221 -904.5002
v 1343.702 96.78158 -907.4351
v 1366.051 97.22495 -906.288
v 1354.118 98.17286 -905.2419
v 1366.572 95.51791 -908.1799
v 1354.639 96.46583 -907.1338
v 1347.356 102.5937 -907.5673
v 1347.286 101.641 -909.0914
v 1370.333 101.676 -910.5685
v 1369.813 103.3831 -908.6767
v 1368.44 115.3461 -916.223
v 1367.919 117.0532 -914.3312
v 1366.572 95.51791 -908.1799
v 1368.44 115.3461 -916.223
v 1370.333 101.676 -910.5685
v 1361.633 122.7405 -918.6673
v 1354.639 96.46583 -907.1338
v 1351.28 124.3657 -918.1556
v 1347.286 101.641 -909.0914
v 1344.891 116.8353 -914.3314
v 1342.561 98.84221 -904.5002
v 1355.258 89.58426 -901.7948
v 1343.702 96.78158 -907.4351
v 1356.399 87.52363 -904.7297
v 1371.165 89.88268 -903.7374
v 1372.305 87.82204 -906.6722
v 1376.805 99.37434 -907.9522
v 1377.945 97.31371 -910.887
v 1361.112 124.4475 -916.7755
v 1367.919 117.0532 -914.3312
v 1361.633 122.7405 -918.6673
v 1368.44 115.3461 -916.223
v 1351.28 124.3657 -918.1556
v 1350.759 126.0728 -916.2638
v 1344.891 116.8353 -914.3314
v 1344.37 118.5423 -912.4396
v 1347.286 101.641 -909.0914
v 1347.356 102.5937 -907.5673
vt 0.24045 0.455053
vt 0.255171 0.484868
vt 0.166196 0.447347
vt 0.170192 0.479548
vt 0.265399 0.505581
vt 0.179926 0.503269
vt 0.282169 0.526936
vt 0.193123 0.535685
vt 0.303388 0.543034
vt 0.216457 0.567261
vt 0.337917 0.545395
vt 0.243256 0.588963
vt 0.16126 0.50113
vt 0.176172 0.537161
vt 0.361304 0.559996
vt 0.280974 0.609746
vt 0.398823 0.582774
vt 0.356192 0.642209
vt 0.413446 0.592132
vt 0.393851 0.65447
vt 0.462253 0.593808
vt 0.457161 0.664493
vt 0.474967 0.597947
vt 0.495758 0.663497
vt 0.52565 0.595782
vt 0.553966 0.657671
vt 0.553464 0.588868
vt 0.590782 0.651259
vt 0.392687 0.669017
vt 0.501653 0.678222
vt 0.558513 0.673017
vt 0.579134 0.583757
vt 0.616421 0.637383
vt 0.620709 0.578597
vt 0.656408 0.612186
vt 0.64898 0.566164
vt 0.701921 0.596556
vt 0.710219 0.525836
vt 0.745485 0.538953
vt 0.73742 0.473956
vt 0.764829 0.482117
vt 0.625444 0.641911
vt 0.665843 0.622631
vt 0.758125 0.545021
vt 0.717138 0.598665
vt 0.701921 0.596556
vt 0.76989 0.483611
vt 0.701921 0.596556
vt 0.658743 0.626956
vt 0.392687 0.669017
vt 0.455243 0.673926
vt 0.717138 0.598665
vt 0.758125 0.545021
vt 0.7172 0.61568
vt 0.755542 0.561503
vt 0.758125 0.545021
vt 0.76989 0.483611
vt 0.755542 0.561503
vt 0.625444 0.641911
vt 0.665843 0.622631
vt 0.622796 0.655644
vt 0.664234 0.634525
vt 0.613054 0.648298
vt 0.625444 0.641911
vt 0.622796 0.655644
vt 0.616421 0.637383
vt 0.587508 0.662123
vt 0.590782 0.651259
vt 0.550824 0.668512
vt 0.553966 0.657671
vt 0.701921 0.596556
vt 0.717138 0.598665
vt 0.700595 0.607794
vt 0.700595 0.607794
vt 0.717138 0.598665
vt 0.7172 0.61568
vt 0.658743 0.626956
vt 0.701921 0.596556
vt 0.700595 0.607794
vt 0.665843 0.622631
vt 0.656408 0.612186
vt 0.664234 0.634525
vt 0.658743 0.626956
vt 0.558513 0.673017
vt 0.553966 0.657671
vt 0.555355 0.683802
vt 0.550824 0.668512
vt 0.392687 0.669017
vt 0.455243 0.673926
vt 0.390919 0.679922
vt 0.453776 0.686446
vt 0.455243 0.673926
vt 0.457161 0.664493
vt 0.453776 0.686446
vt 0.457048 0.674569
vt 0.457161 0.664493
vt 0.495758 0.663497
vt 0.457048 0.674569
vt 0.492825 0.674318
vt 0.495758 0.663497
vt 0.501653 0.678222
vt 0.492825 0.674318
vt 0.498699 0.688989
vt 0.501653 0.678222
vt 0.558513 0.673017
vt 0.498699 0.688989
vt 0.555355 0.683802
vt 0.755542 0.561503
vt 0.76989 0.483611
vt 0.765973 0.495072
vt 0.16126 0.50113
vt 0.176172 0.537161
vt 0.159932 0.52055
vt 0.173721 0.55305
vt 0.193123 0.535685
vt 0.173721 0.55305
vt 0.192051 0.551983
vt 0.193123 0.535685
vt 0.216457 0.567261
vt 0.192051 0.551983
vt 0.210169 0.580039
vt 0.216457 0.567261
vt 0.210169 0.580039
vt 0.235966 0.601807
vt 0.276033 0.624731
vt 0.352258 0.656263
vt 0.393851 0.65447
vt 0.393851 0.65447
vt 0.391285 0.665323
vt 0.393851 0.65447
vt 0.392687 0.669017
vt 0.391285 0.665323
vt 0.390919 0.679922
vt 0.166196 0.447347
vt 0.170192 0.479548
vt 0.164448 0.458945
vt 0.165142 0.490904
vt 0.179926 0.503269
vt 0.173404 0.514433
vt 0.735284 0.246584
vt 0.696127 0.293963
vt 0.650807 0.177468
vt 0.622495 0.227512
vt 0.578958 0.118003
vt 0.565081 0.181042
vt 0.514214 0.064834
vt 0.504802 0.131674
vt 0.454799 0.002202
vt 0.446012 0.069925
vt 0.226675 0.602367
vt 0.238214 0.609456
vt 0.21439 0.617723
vt 0.226136 0.626764
vt 0.253735 0.594021
vt 0.241909 0.587667
vt 0.213318 0.625112
vt 0.225025 0.634124
vt 0.253735 0.594021
vt 0.24836 0.608555
vt 0.238214 0.609456
vt 0.226136 0.626764
vt 0.225025 0.634124
vt 0.248831 0.613365
vt 0.271922 0.630007
vt 0.278832 0.617353
vt 0.332489 0.655662
vt 0.342499 0.644244
vt 0.246269 0.59928
vt 0.236315 0.610721
vt 0.329977 0.661875
vt 0.271922 0.630007
vt 0.332489 0.655662
vt 0.269558 0.636282
vt 0.236315 0.610721
vt 0.234038 0.617043
vt 0.322187 0.672314
vt 0.269558 0.636282
vt 0.329977 0.661875
vt 0.26179 0.64673
vt 0.234038 0.617043
vt 0.226283 0.627498
vt 0.320773 0.677619
vt 0.26179 0.64673
vt 0.322187 0.672314
vt 0.260502 0.652088
vt 0.226283 0.627498
vt 0.225068 0.632896
vt 0.326157 0.651979
vt 0.341706 0.658481
vt 0.314948 0.670557
vt 0.330833 0.677286
vt 0.355253 0.655109
vt 0.355206 0.642126
vt 0.339982 0.635832
vt 0.316514 0.678481
vt 0.332663 0.685585
vt 0.356007 0.661056
vt 0.425742 0.056237
vt 0.43564 0.059136
vt 0.516746 0.131106
vt 0.530366 0.135392
vt 0.498659 0.136936
vt 0.41286 0.062266
vt 0.481027 0.151328
vt 0.41286 0.062266
vt 0.498659 0.136936
vt 0.400486 0.07562
vt 0.468661 0.170346
vt 0.39199 0.092666
vt 0.465043 0.19133
vt 0.39199 0.092666
vt 0.468661 0.170346
vt 0.389863 0.111347
vt 0.516746 0.131106
vt 0.530366 0.135392
vt 0.501695 0.186878
vt 0.498659 0.136936
vt 0.481027 0.151328
vt 0.468661 0.170346
vt 0.465043 0.19133
vt 0.537394 0.146019
vt 0.542412 0.156596
vt 0.43564 0.059136
vt 0.441442 0.067585
vt 0.530366 0.135392
vt 0.537394 0.146019
vt 0.542412 0.156596
vt 0.448812 0.080223
vt 0.507063 0.143229
vt 0.514565 0.145293
vt 0.605185 0.200297
vt 0.620061 0.201121
vt 0.587732 0.206872
vt 0.497186 0.148009
vt 0.571143 0.222941
vt 0.487605 0.158357
vt 0.561119 0.244047
vt 0.480919 0.171468
vt 0.557617 0.270986
vt 0.479046 0.185755
vt 0.605185 0.200297
vt 0.620061 0.201121
vt 0.590787 0.257648
vt 0.587732 0.206872
vt 0.571143 0.222941
vt 0.561119 0.244047
vt 0.557617 0.270986
vt 0.628669 0.212958
vt 0.634322 0.228206
vt 0.514565 0.145293
vt 0.51887 0.151633
vt 0.620061 0.201121
vt 0.628669 0.212958
vt 0.634322 0.228206
vt 0.524391 0.161228
vt 0.599885 0.212235
vt 0.607163 0.214145
vt 0.714023 0.2727
vt 0.72861 0.2729
vt 0.697665 0.279436
vt 0.590161 0.217083
vt 0.684141 0.293535
vt 0.580619 0.227396
vt 0.67104 0.315073
vt 0.684141 0.293535
vt 0.573849 0.240378
vt 0.667969 0.341466
vt 0.573849 0.240378
vt 0.67104 0.315073
vt 0.571749 0.254439
vt 0.714023 0.2727
vt 0.72861 0.2729
vt 0.71272 0.295138
vt 0.719991 0.295205
vt 0.736838 0.283472
vt 0.724123 0.300432
vt 0.727754 0.305569
vt 0.744039 0.293802
vt 0.704584 0.298503
vt 0.697665 0.279436
vt 0.697855 0.305512
vt 0.684141 0.293535
vt 0.69132 0.316224
vt 0.67104 0.315073
vt 0.689742 0.329391
vt 0.667969 0.341466
vt 0.607163 0.214145
vt 0.61122 0.22029
vt 0.72861 0.2729
vt 0.736838 0.283472
vt 0.744039 0.293802
vt 0.616483 0.229673
vt 0.516216 -0.005481
vt 0.525939 -0.00239
vt 0.607869 0.069988
vt 0.621319 0.074489
vt 0.589776 0.075772
vt 0.503383 0.000492
vt 0.571967 0.090304
vt 0.503383 0.000492
vt 0.589776 0.075772
vt 0.49092 0.013945
vt 0.5593 0.109605
vt 0.482221 0.031216
vt 0.555289 0.130993
vt 0.482221 0.031216
vt 0.5593 0.109605
vt 0.479782 0.05024
vt 0.607869 0.069988
vt 0.621319 0.074489
vt 0.591779 0.1268
vt 0.589776 0.075772
vt 0.571967 0.090304
vt 0.5593 0.109605
vt 0.555289 0.130993
vt 0.628054 0.085428
vt 0.632767 0.096314
vt 0.525939 -0.00239
vt 0.531491 0.006324
vt 0.621319 0.074489
vt 0.628054 0.085428
vt 0.632767 0.096314
vt 0.538613 0.019263
vt 0.590031 0.059076
vt 0.595715 0.058373
vt 0.704754 0.137548
vt 0.719137 0.138784
vt 0.683813 0.147571
vt 0.58143 0.068523
vt 0.669307 0.164722
vt 0.58143 0.068523
vt 0.683813 0.147571
vt 0.572246 0.084183
vt 0.657782 0.184308
vt 0.564983 0.101785
vt 0.704754 0.137548
vt 0.719137 0.138784
vt 0.682196 0.195016
vt 0.683813 0.147571
vt 0.669307 0.164722
vt 0.657782 0.184308
vt 0.648617 0.213382
vt 0.721761 0.145486
vt 0.72263 0.152519
vt 0.561394 0.1187
vt 0.564983 0.101785
vt 0.648617 0.213382
vt 0.648617 0.213382
vt 0.564983 0.101785
vt 0.657782 0.184308
vt 0.595715 0.058373
vt 0.597833 0.063635
vt 0.719137 0.138784
vt 0.721761 0.145486
vt 0.72263 0.152519
vt 0.601902 0.072783
vt 0.576108 -0.037853
vt 0.585649 -0.034677
vt 0.667576 0.037503
vt 0.680826 0.042093
vt 0.649601 0.043231
vt 0.563395 -0.031942
vt 0.631793 0.057753
vt 0.563395 -0.031942
vt 0.649601 0.043231
vt 0.550956 -0.018514
vt 0.619012 0.077095
vt 0.54218 -0.001224
vt 0.614767 0.098578
vt 0.54218 -0.001224
vt 0.619012 0.077095
vt 0.539549 0.017874
vt 0.667576 0.037503
vt 0.680826 0.042093
vt 0.650908 0.094549
vt 0.649601 0.043231
vt 0.631793 0.057753
vt 0.619012 0.077095
vt 0.614767 0.098578
vt 0.687322 0.053138
vt 0.691803 0.064127
vt 0.585649 -0.034677
vt 0.590998 -0.025873
vt 0.680826 0.042093
vt 0.687322 0.053138
vt 0.691803 0.064127
vt 0.597908 -0.012848
vt 0.626957 -0.066811
vt 0.63634 -0.063561
vt 0.718218 0.008408
vt 0.731291 0.013076
vt 0.700353 0.014082
vt 0.614352 -0.060959
vt 0.682557 0.028589
vt 0.614352 -0.060959
vt 0.700353 0.014082
vt 0.601942 -0.04756
vt 0.669686 0.047959
vt 0.593105 -0.030259
vt 0.665246 0.069516
vt 0.593105 -0.030259
vt 0.669686 0.047959
vt 0.590313 -0.011104
vt 0.718218 0.008408
vt 0.731291 0.013076
vt 0.701071 0.065636
vt 0.700353 0.014082
vt 0.682557 0.028589
vt 0.669686 0.047959
vt 0.665246 0.069516
vt 0.737582 0.024209
vt 0.741866 0.035286
vt 0.63634 -0.063561
vt 0.641514 -0.054682
vt 0.731291 0.013076
vt 0.737582 0.024209
vt 0.741866 0.035286
vt 0.648241 -0.041585
vt 0.172451 0.093089
vt 0.167561 0.108503
vt 0.096321 0.084337
vt 0.091573 0.103549
vt 0.166615 0.12041
vt 0.092403 0.117749
vt 0.094782 0.128237
vt 0.167022 0.128271
vt 0.108122 0.06945
vt 0.172451 0.093089
vt 0.096321 0.084337
vt 0.18389 0.085669
vt 0.18389 0.085669
vt 0.108122 0.06945
vt 0.192857 0.088293
vt 0.119658 0.079685
vt 0.308159 0.076318
vt 0.305309 0.092178
vt 0.225358 0.089927
vt 0.219863 0.107791
vt 0.240131 0.06312
vt 0.318455 0.051207
vt 0.306012 0.104592
vt 0.220409 0.121802
vt 0.222451 0.134459
vt 0.305032 0.115993
vt 0.318455 0.051207
vt 0.240131 0.06312
vt 0.336344 0.050295
vt 0.258106 0.06216
vt 0.247651 0.093608
vt 0.242513 0.108273
vt 0.15347 0.086688
vt 0.148745 0.105238
vt 0.240923 0.119763
vt 0.148617 0.119557
vt 0.149848 0.13235
vt 0.23759 0.129865
vt 0.165058 0.077077
vt 0.247651 0.093608
vt 0.15347 0.086688
vt 0.25906 0.087982
vt 0.267224 0.088723
vt 0.173527 0.077857
vt 0.193828 0.049399
vt 0.188886 0.06491
vt 0.117531 0.041274
vt 0.112722 0.060591
vt 0.187868 0.076945
vt 0.113471 0.07493
vt 0.115777 0.085541
vt 0.188203 0.08494
vt 0.129269 0.026499
vt 0.193828 0.049399
vt 0.117531 0.041274
vt 0.205209 0.042069
vt 0.205209 0.042069
vt 0.129269 0.026499
vt 0.214056 0.044901
vt 0.140678 0.036934
vt 0.330092 0.031015
vt 0.327188 0.046968
vt 0.247011 0.045484
vt 0.241453 0.063466
vt 0.261762 0.018716
vt 0.340363 0.005963
vt 0.327817 0.059509
vt 0.241912 0.077629
vt 0.243869 0.09043
vt 0.32675 0.071074
vt 0.340363 0.005963
vt 0.261762 0.018716
vt 0.358098 0.005303
vt 0.279587 0.017999
vt 0.269255 0.049177
vt 0.264066 0.063938
vt 0.174845 0.043082
vt 0.170063 0.061732
vt 0.262406 0.075559
vt 0.169853 0.076194
vt 0.171002 0.089127
vt 0.25899 0.085825
vt 0.186376 0.033562
vt 0.269255 0.049177
vt 0.174845 0.043082
vt 0.280606 0.043637
vt 0.280606 0.043637
vt 0.186376 0.033562
vt 0.28865 0.044595
vt 0.194728 0.03455
vt 0.847689 0.31995
vt 0.843012 0.256889
vt 0.859226 0.255806
vt 0.670244 0.281833
vt 0.675766 0.282723
vt 0.779921 0.347139
vt 0.791852 0.345932
vt 0.76505 0.354466
vt 0.661589 0.287277
vt 0.751365 0.368205
vt 0.652141 0.2976
vt 0.736973 0.388726
vt 0.751365 0.368205
vt 0.644466 0.31
vt 0.730178 0.41275
vt 0.644466 0.31
vt 0.736973 0.388726
vt 0.634352 0.331479
vt 0.779921 0.347139
vt 0.791852 0.345932
vt 0.77482 0.36713
vt 0.780774 0.366495
vt 0.796155 0.354051
vt 0.782952 0.370498
vt 0.784899 0.374604
vt 0.799984 0.362327
vt 0.767425 0.370788
vt 0.76505 0.354466
vt 0.760621 0.377615
vt 0.751365 0.368205
vt 0.753451 0.387817
vt 0.736973 0.388726
vt 0.75002 0.399804
vt 0.730178 0.41275
vt 0.675766 0.282723
vt 0.677819 0.287642
vt 0.791852 0.345932
vt 0.796155 0.354051
vt 0.799984 0.362327
vt 0.680871 0.295819
vt 0.839728 0.042973
vt 0.848855 0.042631
vt 0.951014 0.103543
vt 0.965039 0.102126
vt 0.932984 0.120966
vt 0.806883 0.066243
vt 0.920411 0.137975
vt 0.806883 0.066243
vt 0.932984 0.120966
vt 0.797858 0.079196
vt 0.908565 0.16317
vt 0.79209 0.094422
vt 0.90687 0.192398
vt 0.79209 0.094422
vt 0.908565 0.16317
vt 0.790876 0.110285
vt 0.951014 0.103543
vt 0.965039 0.102126
vt 0.95058 0.128262
vt 0.95757 0.127522
vt 0.975389 0.106497
vt 0.961669 0.132708
vt 0.965322 0.137898
vt 0.980462 0.123077
vt 0.940381 0.14108
vt 0.932984 0.120966
vt 0.934161 0.149508
vt 0.920411 0.137975
vt 0.928296 0.162008
vt 0.908565 0.16317
vt 0.927317 0.176665
vt 0.90687 0.192398
vt 0.975389 0.106497
vt 0.855278 0.047096
vt 0.980462 0.123077
vt 0.863377 0.054943
vt 0.848855 0.042631
vt 0.855278 0.047096
vt 0.965039 0.102126
vt 0.965039 0.102126
vt 0.855278 0.047096
vt 0.975389 0.106497
vt 0.697403 0.139499
vt 0.704479 0.141564
vt 0.806795 0.216618
vt 0.821118 0.216985
vt 0.790556 0.223279
vt 0.674201 0.154553
vt 0.776977 0.237417
vt 0.664659 0.164869
vt 0.776977 0.237417
vt 0.763697 0.259073
vt 0.776977 0.237417
vt 0.657786 0.17793
vt 0.7602 0.28574
vt 0.657786 0.17793
vt 0.763697 0.259073
vt 0.655473 0.192155
vt 0.806795 0.216618
vt 0.821118 0.216985
vt 0.805052 0.239337
vt 0.812193 0.239486
vt 0.828905 0.227834
vt 0.816105 0.244852
vt 0.81955 0.250107
vt 0.835735 0.2384
vt 0.796976 0.242666
vt 0.790556 0.223279
vt 0.790219 0.249693
vt 0.776977 0.237417
vt 0.783596 0.260464
vt 0.776977 0.237417
vt 0.763697 0.259073
vt 0.781806 0.273768
vt 0.7602 0.28574
vt 0.704479 0.141564
vt 0.708295 0.147894
vt 0.821118 0.216985
vt 0.828905 0.227834
vt 0.835735 0.2384
vt 0.71331 0.15747
vt 0.755896 0.090591
vt 0.763167 0.091734
vt 0.878144 0.151888
vt 0.892525 0.150319
vt 0.859742 0.169616
vt 0.755896 0.090591
vt 0.878144 0.151888
vt 0.743828 0.105551
vt 0.847157 0.186721
vt 0.743828 0.105551
vt 0.859742 0.169616
vt 0.734992 0.118184
vt 0.835425 0.21202
vt 0.729038 0.133382
vt 0.833871 0.241469
vt 0.729038 0.133382
vt 0.835425 0.21202
vt 0.727747 0.149138
vt 0.878144 0.151888
vt 0.892525 0.150319
vt 0.878051 0.176643
vt 0.885218 0.175827
vt 0.903377 0.154477
vt 0.889531 0.180954
vt 0.893368 0.186103
vt 0.908745 0.171074
vt 0.867607 0.189689
vt 0.859742 0.169616
vt 0.878144 0.151888
vt 0.903377 0.154477
vt 0.767481 0.097915
vt 0.908745 0.171074
vt 0.773232 0.107719
vt 0.847157 0.186721
vt 0.859742 0.169616
vt 0.861343 0.198192
vt 0.855487 0.210779
vt 0.835425 0.21202
vt 0.854665 0.225481
vt 0.833871 0.241469
vt 0.867607 0.189689
vt 0.763167 0.091734
vt 0.767481 0.097915
vt 0.892525 0.150319
vt 0.892525 0.150319
vt 0.767481 0.097915
vt 0.903377 0.154477
vt 0.6812 0.01541
vt 0.686596 0.014845
vt 0.773821 0.080995
vt 0.787974 0.082416
vt 0.753006 0.090915
vt 0.672775 0.024772
vt 0.6812 0.01541
vt 0.753006 0.090915
vt 0.738488 0.108076
vt 0.672775 0.024772
vt 0.753006 0.090915
vt 0.641483 0.043352
vt 0.726805 0.127789
vt 0.634103 0.061026
vt 0.773821 0.080995
vt 0.787974 0.082416
vt 0.750186 0.139338
vt 0.753006 0.090915
vt 0.790303 0.089359
vt 0.790885 0.096625
vt 0.738488 0.108076
vt 0.753006 0.090915
vt 0.750186 0.139338
vt 0.726805 0.127789
vt 0.716954 0.157421
vt 0.619455 0.077292
vt 0.634103 0.061026
vt 0.716954 0.157421
vt 0.716954 0.157421
vt 0.634103 0.061026
vt 0.726805 0.127789
vt 0.686596 0.014845
vt 0.695041 0.029018
vt 0.787974 0.082416
vt 0.790303 0.089359
vt 0.790885 0.096625
vt 0.698727 0.038299
vt 0.718614 0.251757
vt 0.723475 0.252105
vt 0.827585 0.31273
vt 0.838279 0.310378
vt 0.816575 0.318735
vt 0.711018 0.257965
vt 0.807255 0.330415
vt 0.711018 0.257965
vt 0.816575 0.318735
vt 0.702738 0.26907
vt 0.794774 0.351812
vt 0.807255 0.330415
vt 0.696024 0.282057
vt 0.789003 0.376201
vt 0.696024 0.282057
vt 0.794774 0.351812
vt 0.686547 0.304216
vt 0.827585 0.31273
vt 0.838279 0.310378
vt 0.82308 0.332924
vt 0.828417 0.331717
vt 0.841839 0.317932
vt 0.830221 0.335435
vt 0.831917 0.339285
vt 0.845173 0.3257
vt 0.817083 0.336492
vt 0.816575 0.318735
vt 0.81252 0.342217
vt 0.816575 0.318735
vt 0.807255 0.330415
vt 0.80838 0.350596
vt 0.794774 0.351812
vt 0.806624 0.361506
vt 0.789003 0.376201
vt 0.723475 0.252105
vt 0.725202 0.256762
vt 0.838279 0.310378
vt 0.841839 0.317932
vt 0.845173 0.3257
vt 0.728187 0.264559
vt 0.765047 0.205329
vt 0.774913 0.196006
vt 0.878029 0.264364
vt 0.861913 0.28002
vt 0.757515 0.211471
vt 0.878029 0.264364
vt 0.774913 0.196006
vt 0.888546 0.262179
vt 0.852585 0.291701
vt 0.757515 0.211471
vt 0.861913 0.28002
vt 0.749238 0.222575
vt 0.840039 0.31314
vt 0.742465 0.235624
vt 0.834051 0.337688
vt 0.742465 0.235624
vt 0.840039 0.31314
vt 0.732726 0.25805
vt 0.878029 0.264364
vt 0.888546 0.262179
vt 0.868101 0.294452
vt 0.873354 0.293313
vt 0.891838 0.269984
vt 0.875038 0.297127
vt 0.881771 0.291469
vt 0.894945 0.277963
vt 0.862152 0.297982
vt 0.861913 0.28002
vt 0.857585 0.303709
vt 0.852585 0.291701
vt 0.853406 0.312114
vt 0.840039 0.31314
vt 0.851538 0.323107
vt 0.834051 0.337688
vt 0.774913 0.196006
vt 0.776501 0.200822
vt 0.888546 0.262179
vt 0.891838 0.269984
vt 0.894945 0.277963
vt 0.77934 0.208794
vt 0.839341 0.162452
vt 0.845518 0.163319
vt 0.912778 0.221658
vt 0.924726 0.22041
vt 0.901196 0.233825
vt 0.833163 0.172594
vt 0.890706 0.24822
vt 0.825487 0.183557
vt 0.88086 0.269619
vt 0.820218 0.196681
vt 0.87961 0.294507
vt 0.818894 0.210225
vt 0.897328 0.268828
vt 0.90206 0.258316
vt 0.896969 0.281026
vt 0.907217 0.251205
vt 0.911972 0.243146
vt 0.924726 0.22041
vt 0.917917 0.242506
vt 0.933467 0.224018
vt 0.921425 0.246898
vt 0.924638 0.251253
vt 0.937867 0.238237
vt 0.924726 0.22041
vt 0.849097 0.168545
vt 0.933467 0.224018
vt 0.933467 0.224018
vt 0.849097 0.168545
vt 0.937867 0.238237
vt 0.937867 0.238237
vt 0.849097 0.168545
vt 0.853923 0.176924
vt 0.845518 0.163319
vt 0.849097 0.168545
vt 0.924726 0.22041
vt 0.249009 0.217169
vt 0.22267 0.183707
vt 0.25398 0.18309
vt 0.228629 0.136607
vt 0.287575 0.214536
vt 0.279999 0.24282
vt 0.325884 0.239064
vt 0.318916 0.266088
vt 0.376258 0.259447
vt 0.369586 0.288902
vt 0.437703 0.274886
vt 0.434343 0.307236
vt 0.478457 0.280578
vt 0.474756 0.312242
vt 0.518471 0.312522
vt 0.522562 0.281517
vt 0.605998 0.269851
vt 0.607824 0.298994
vt 0.688285 0.237221
vt 0.68816 0.273391
vt 0.75839 0.198193
vt 0.760963 0.233244
vt 0.7909 0.136823
vt 0.79625 0.169144
vt 0.287575 0.214536
vt 0.25398 0.18309
vt 0.306685 0.202849
vt 0.277191 0.171975
vt 0.228629 0.136607
vt 0.343851 0.224804
vt 0.325884 0.239064
vt 0.394043 0.241456
vt 0.376258 0.259447
vt 0.44496 0.253715
vt 0.437703 0.274886
vt 0.480469 0.259427
vt 0.478457 0.280578
vt 0.522562 0.281517
vt 0.518829 0.260388
vt 0.592505 0.249674
vt 0.605998 0.269851
vt 0.668396 0.22105
vt 0.688285 0.237221
vt 0.730765 0.184044
vt 0.75839 0.198193
vt 0.760222 0.124632
vt 0.7909 0.136823
vt 0.306685 0.202849
vt 0.277191 0.171975
vt 0.306081 0.124741
vt 0.278762 0.106299
vt 0.25445 0.138654
vt 0.255667 0.073899
vt 0.359619 0.121592
vt 0.343851 0.224804
vt 0.403948 0.134779
vt 0.394043 0.241456
vt 0.453781 0.187038
vt 0.44496 0.253715
vt 0.487744 0.189058
vt 0.480469 0.259427
vt 0.518829 0.260388
vt 0.524646 0.191254
vt 0.60492 0.219417
vt 0.592505 0.249674
vt 0.667876 0.190693
vt 0.668396 0.22105
vt 0.735657 0.157115
vt 0.730765 0.184044
vt 0.768511 0.091741
vt 0.760222 0.124632
vt 0.369586 0.288902
vt 0.323256 0.261965
vt 0.318916 0.266088
vt 0.37288 0.284053
vt 0.434343 0.307236
vt 0.436412 0.301899
vt 0.474756 0.312242
vt 0.475758 0.306748
vt 0.285413 0.239537
vt 0.279999 0.24282
vt 0.254957 0.214511
vt 0.249009 0.217169
vt 0.228695 0.191345
vt 0.51831 0.306857
vt 0.518471 0.312522
vt 0.607824 0.298994
vt 0.60545 0.293654
vt 0.68816 0.273391
vt 0.684333 0.268615
vt 0.760963 0.233244
vt 0.755495 0.229951
vt 0.79625 0.169144
vt 0.789634 0.167118
vt 0.25445 0.138654
vt 0.24045 0.455053
vt 0.241344 0.394889
vt 0.254957 0.214511
vt 0.228695 0.191345
vt 0.285413 0.239537
vt 0.268027 0.510903
vt 0.298314 0.545241
vt 0.301223 0.512206
vt 0.323256 0.261965
vt 0.37288 0.284053
vt 0.352507 0.522428
vt 0.436412 0.301899
vt 0.37429 0.536864
vt 0.38886 0.558576
vt 0.407941 0.590097
vt 0.374619 0.582003
vt 0.475758 0.306748
vt 0.445516 0.595725
vt 0.51831 0.306857
vt 0.486222 0.601822
vt 0.60545 0.293654
vt 0.569301 0.595368
vt 0.684333 0.268615
vt 0.639321 0.572525
vt 0.755495 0.229951
vt 0.710219 0.525836
vt 0.789634 0.167118
vt 0.747995 0.438763
vt 0.249009 0.217169
vt 0.228695 0.191345
vt 0.22267 0.183707
vt 0.7909 0.136823
vt 0.789634 0.167118
vt 0.79625 0.169144
vt 0.332917 0.200201
vt 0.33311 0.169306
vt 0.35973 0.213982
vt 0.362736 0.178159
vt 0.35973 0.213982
vt 0.362736 0.178159
vt 0.37602 0.203608
vt 0.379518 0.167523
vt 0.233224 0.519259
vt 0.241583 0.524007
vt 0.233469 0.456435
vt 0.240859 0.460632
vt 0.223792 0.455523
vt 0.222276 0.518227
vt 0.214899 0.458185
vt 0.212215 0.521239
vt 0.209613 0.463576
vt 0.206235 0.527338
vt 0.244699 0.530963
vt 0.243613 0.46678
vt 0.206235 0.534588
vt 0.206235 0.527338
vt 0.209613 0.469985
vt 0.209613 0.463576
vt 0.214899 0.475376
vt 0.212215 0.540686
vt 0.223792 0.478038
vt 0.222276 0.543698
vt 0.233469 0.477126
vt 0.233224 0.542666
vt 0.240859 0.472929
vt 0.241583 0.537919
vt 0.243613 0.46678
vt 0.244699 0.530963
vt 0.432459 0.549493
vt 0.236794 0.464917
vt 0.461791 0.481801
vt 0.273141 0.40925
vt 0.236794 0.464917
vt 0.432459 0.549493
vt 0.235868 0.483644
vt 0.430444 0.567967
vt 0.432459 0.549493
vt 0.461791 0.481801
vt 0.430444 0.567967
vt 0.460296 0.494745
vt 0.209631 0.446502
vt 0.196761 0.420316
vt 0.268391 0.437158
vt 0.270283 0.399737
vt 0.191789 0.398402
vt 0.263979 0.378404
vt 0.190038 0.384598
vt 0.25697 0.364994
vt 0.190038 0.384598
vt 0.190841 0.374432
vt 0.25697 0.364994
vt 0.24847 0.356823
vt 0.236713 0.451741
vt 0.242832 0.463592
vt 0.219576 0.4708
vt 0.224624 0.446763
vt 0.210902 0.449429
vt 0.199936 0.458897
vt 0.195228 0.472139
vt 0.196295 0.486196
vt 0.205755 0.493931
vt 0.221453 0.494346
vt 0.234237 0.489638
vt 0.246491 0.482707
vt 0.236713 0.451741
vt 0.224624 0.446763
vt 0.206843 0.430702
vt 0.194784 0.425726
vt 0.210902 0.449429
vt 0.181124 0.428362
vt 0.199936 0.458897
vt 0.170227 0.43778
vt 0.195228 0.472139
vt 0.165577 0.450966
vt 0.196295 0.486196
vt 0.166678 0.464969
vt 0.205755 0.493931
vt 0.176123 0.472687
vt 0.205755 0.493931
vt 0.221453 0.494346
vt 0.176123 0.472687
vt 0.191768 0.473128
vt 0.234237 0.489638
vt 0.204494 0.468459
vt 0.246491 0.482707
vt 0.216694 0.461579
vt 0.246491 0.482707
vt 0.242832 0.463592
vt 0.216694 0.461579
vt 0.212973 0.442517
vt 0.236713 0.451741
vt 0.206843 0.430702
vt 0.257637 0.469922
vt 0.251453 0.458005
vt 0.27121 0.475322
vt 0.266685 0.457178
vt 0.24579 0.453138
vt 0.259623 0.44867
vt 0.242685 0.450131
vt 0.248357 0.437499
vt 0.234572 0.448039
vt 0.231065 0.43488
vt 0.226832 0.448188
vt 0.217953 0.437227
vt 0.218217 0.452135
vt 0.203531 0.446793
vt 0.248357 0.437499
vt 0.231065 0.43488
vt 0.286437 0.3934
vt 0.286437 0.3934
vt 0.231065 0.43488
vt 0.270027 0.389575
vt 0.217953 0.437227
vt 0.258349 0.393486
vt 0.203531 0.446793
vt 0.233812 0.41264
vt 0.259623 0.44867
vt 0.248357 0.437499
vt 0.301532 0.402494
vt 0.286437 0.3934
vt 0.307602 0.415042
vt 0.266685 0.457178
vt 0.300117 0.436536
vt 0.27121 0.475322
vt 0.344072 0.506304
vt 0.337295 0.487459
vt 0.361209 0.512651
vt 0.358248 0.487699
vt 0.332105 0.480954
vt 0.351199 0.474614
vt 0.324474 0.475838
vt 0.334578 0.462365
vt 0.307162 0.469449
vt 0.303255 0.451535
vt 0.300363 0.467554
vt 0.28493 0.451129
vt 0.295132 0.469364
vt 0.271817 0.460077
vt 0.285364 0.480245
vt 0.271203 0.475366
vt 0.334578 0.462365
vt 0.303255 0.451535
vt 0.367041 0.422054
vt 0.333954 0.411331
vt 0.388701 0.436507
vt 0.351199 0.474614
vt 0.400336 0.451757
vt 0.358248 0.487699
vt 0.319179 0.412153
vt 0.28493 0.451129
vt 0.271817 0.460077
vt 0.307602 0.415042
vt 0.398713 0.48385
vt 0.361209 0.512651
vt 0.271817 0.460077
vt 0.271203 0.475366
vt 0.307602 0.415042
vt 0.300118 0.436536
vt 0.158842 0.458565
vt 0.14925 0.452219
vt 0.209059 0.426105
vt 0.209599 0.411241
vt 0.208731 0.4351
vt 0.171568 0.460994
vt 0.140362 0.438668
vt 0.20617 0.404328
vt 0.140237 0.425209
vt 0.204002 0.39728
vt 0.142522 0.410638
vt 0.201663 0.390921
vt 0.142522 0.410638
vt 0.157265 0.403963
vt 0.201663 0.390921
vt 0.196947 0.388587
vt 0.649547 0.274252
vt 0.62996 0.328498
vt 0.585445 0.239469
vt 0.575179 0.298407
vt 0.521626 0.200642
vt 0.514916 0.260553
vt 0.457779 0.159344
vt 0.451802 0.219886
vt 0.394591 0.106429
vt 0.389332 0.167876
vt 0.688409 0.301033
vt 0.653753 0.341345
vt 0.575179 0.298407
vt 0.62996 0.328498
vt 0.59527 0.270845
vt 0.649616 0.30074
vt 0.653753 0.341345
vt 0.535506 0.233218
vt 0.514916 0.260553
vt 0.472919 0.192793
vt 0.451802 0.219886
vt 0.411021 0.141054
vt 0.389332 0.167876
vt 0.673234 0.313485
vt 0.314061 0.158873
vt 0.311811 0.140889
vt 0.358654 0.174519
vt 0.357697 0.157937
vt 0.367629 0.138725
vt 0.319995 0.127747
vt 0.368029 0.183781
vt 0.326192 0.171259
vt 0.392221 0.123688
vt 0.357697 0.157937
vt 0.367629 0.138725
vt 0.392902 0.13327
vt 0.393982 0.107918
vt 0.35485 0.133778
vt 0.394086 0.087988
vt 0.346257 0.123659
vt 0.395646 0.054074
vt 0.338586 0.103669
vt 0.358654 0.174519
vt 0.39386 0.146739
vt 0.391722 0.168746
vt 0.395252 0.042845
vt 0.338256 0.091759
vt 0.394842 0.031194
vt 0.343131 0.076461
vt 0.394407 0.018829
vt 0.356012 0.051647
vt 0.368029 0.183781
vt 0.367629 0.138725
vt 0.319995 0.127747
vt 0.35485 0.133778
vt 0.301599 0.11932
vt 0.346257 0.123659
vt 0.292789 0.105382
vt 0.338586 0.103669
vt 0.286675 0.084601
vt 0.338256 0.091759
vt 0.286419 0.072914
vt 0.343131 0.076461
vt 0.291187 0.057768
vt 0.356012 0.051647
vt 0.303201 0.029324
vt 0.394407 0.018829
vt 0.335193 -0.004392
vt 0.191262 0.16338
vt 0.147393 0.156144
vt 0.195166 0.102728
vt 0.143898 0.095376
vt 0.248467 0.101568
vt 0.241792 0.161805
vt 0.304291 0.09035
vt 0.296873 0.151563
vt 0.362431 0.073444
vt 0.354215 0.135791
vt 0.109592 0.091977
vt 0.126076 0.147521
vt 0.126076 0.147521
vt 0.147393 0.156144
vt 0.203833 0.090436
vt 0.225211 0.098786
vt 0.191262 0.16338
vt 0.26934 0.105453
vt 0.241792 0.161805
vt 0.320288 0.103222
vt 0.296873 0.151563
vt 0.375925 0.092265
vt 0.354215 0.135791
vt 0.433893 0.075754
vt 0.597319 0.746018
vt 0.60219 0.757181
vt 0.577774 0.75464
vt 0.589044 0.736344
vt 0.57882 0.729856
vt 0.568442 0.727684
vt 0.559719 0.730183
vt 0.554152 0.736893
vt 0.552678 0.746632
vt 0.555526 0.757715
vt 0.562195 0.768249
vt 0.571543 0.776443
vt 0.581982 0.780895
vt 0.59173 0.780831
vt 0.599106 0.776235
vt 0.602816 0.767874
vt 0.597319 0.746018
vt 0.589044 0.736344
vt 0.672538 0.684861
vt 0.677281 0.695948
vt 0.60219 0.757181
vt 0.664362 0.675302
vt 0.57882 0.729856
vt 0.654189 0.668949
vt 0.568442 0.727684
vt 0.643805 0.666906
vt 0.559719 0.730183
vt 0.635021 0.669509
vt 0.677771 0.706619
vt 0.602816 0.767874
vt 0.673942 0.715014
vt 0.599106 0.776235
vt 0.562195 0.768249
vt 0.571543 0.776443
vt 0.637012 0.707494
vt 0.630457 0.697055
vt 0.646286 0.715562
vt 0.581982 0.780895
vt 0.555526 0.757715
vt 0.627743 0.686021
vt 0.552678 0.746632
vt 0.629348 0.676278
vt 0.554152 0.736893
vt 0.635021 0.669509
vt 0.559719 0.730183
vt 0.656702 0.71988
vt 0.59173 0.780831
vt 0.666483 0.719695
vt 0.599106 0.776235
vt 0.673942 0.715014
vt 0.235788 0.51539
vt 0.24691 0.521707
vt 0.224938 0.530963
vt 0.221221 0.514017
vt 0.207834 0.518025
vt 0.199877 0.526139
vt 0.199877 0.535786
vt 0.207834 0.543901
vt 0.221221 0.547908
vt 0.235788 0.546535
vt 0.24691 0.540218
vt 0.251057 0.530963
vt 0.207397 0.554944
vt 0.199546 0.547396
vt 0.199877 0.535786
vt 0.218845 0.55801
vt 0.233428 0.556739
vt 0.24691 0.540218
vt 0.24538 0.55182
vt 0.235788 0.51539
vt 0.24538 0.533344
vt 0.24691 0.521707
vt 0.234279 0.527038
vt 0.221221 0.514017
vt 0.219738 0.525668
vt 0.207834 0.518025
vt 0.206376 0.529668
vt 0.199877 0.526139
vt 0.198434 0.537768
vt 0.249519 0.542582
vt 0.251057 0.530963
vt 0.199546 0.547396
vt 0.198434 0.537768
vt 0.199877 0.535786
vt 0.198434 0.537768
vt 0.199877 0.526139
vt 0.251057 0.530963
vt 0.24538 0.55182
vt 0.24691 0.540218
vt 0.249519 0.542582
vt 0.326192 0.171259
vt 0.368029 0.183781
vt 0.350463 0.150669
vt 0.391722 0.168746
vt 0.438992 0.606864
vt 0.44925 0.614136
vt 0.424981 0.62407
vt 0.424981 0.604202
vt 0.41097 0.606864
vt 0.400712 0.614136
vt 0.396958 0.62407
vt 0.400712 0.634004
vt 0.41097 0.641276
vt 0.424981 0.643938
vt 0.438992 0.641276
vt 0.44925 0.634004
vt 0.453004 0.62407
vt 0.410162 0.653692
vt 0.399572 0.646184
vt 0.400712 0.634004
vt 0.424628 0.65644
vt 0.439094 0.653692
vt 0.449684 0.646184
vt 0.453004 0.62407
vt 0.45356 0.635927
vt 0.438992 0.606864
vt 0.449684 0.625671
vt 0.44925 0.614136
vt 0.439094 0.618163
vt 0.424981 0.604202
vt 0.424628 0.615415
vt 0.41097 0.606864
vt 0.410162 0.618163
vt 0.400712 0.614136
vt 0.399572 0.625671
vt 0.396958 0.62407
vt 0.395695 0.635927
vt 0.45356 0.635927
vt 0.453004 0.62407
vt 0.400712 0.634004
vt 0.395695 0.635927
vt 0.396958 0.62407
vt 0.399572 0.646184
vt 0.498368 0.599746
vt 0.494046 0.590845
vt 0.514285 0.59372
vt 0.502754 0.580285
vt 0.486261 0.587078
vt 0.490312 0.574048
vt 0.47438 0.58617
vt 0.472417 0.57268
vt 0.465217 0.589468
vt 0.455385 0.57752
vt 0.455274 0.59699
vt 0.444185 0.585382
vt 0.514285 0.59372
vt 0.502754 0.580285
vt 0.512291 0.548417
vt 0.503641 0.5304
vt 0.490312 0.574048
vt 0.493425 0.523352
vt 0.472417 0.57268
vt 0.473917 0.526577
vt 0.462717 0.535442
vt 0.455385 0.57752
vt 0.444185 0.585382
vt 0.451521 0.551139
vt 0.504135 0.546488
vt 0.500913 0.540204
vt 0.523214 0.546691
vt 0.517068 0.537213
vt 0.499027 0.536292
vt 0.510707 0.524634
vt 0.491253 0.532506
vt 0.497216 0.517516
vt 0.478276 0.532618
vt 0.47731 0.517572
vt 0.467573 0.536664
vt 0.45828 0.525793
vt 0.461463 0.544199
vt 0.446747 0.542124
vt 0.457215 0.551903
vt 0.445111 0.547692
vt 0.523214 0.546691
vt 0.517068 0.537213
vt 0.519383 0.503837
vt 0.517208 0.49439
vt 0.510707 0.524634
vt 0.511033 0.483241
vt 0.497216 0.517516
vt 0.498766 0.474438
vt 0.47731 0.517572
vt 0.498766 0.474438
vt 0.47731 0.517572
vt 0.478745 0.472817
vt 0.45828 0.525793
vt 0.446747 0.542124
vt 0.466976 0.481094
vt 0.47731 0.517572
vt 0.456498 0.497207
vt 0.445111 0.547692
vt 0.47731 0.517572
vt 0.466976 0.481094
vt 0.478745 0.472817
vt 0.456498 0.497207
vt 0.445111 0.547692
vt 0.454802 0.513869
vt 0.413237 0.535931
vt 0.413247 0.531736
vt 0.441653 0.543167
vt 0.433231 0.53605
vt 0.40801 0.526296
vt 0.425709 0.524083
vt 0.400915 0.520509
vt 0.411197 0.509875
vt 0.390444 0.516057
vt 0.390672 0.499848
vt 0.38121 0.516955
vt 0.371909 0.499511
vt 0.376134 0.51818
vt 0.357299 0.506677
vt 0.372685 0.519863
vt 0.354458 0.510237
vt 0.411197 0.509875
vt 0.390672 0.499848
vt 0.435569 0.45825
vt 0.449651 0.471581
vt 0.425709 0.524083
vt 0.457651 0.481327
vt 0.433231 0.53605
vt 0.460877 0.491202
vt 0.441653 0.543167
vt 0.435569 0.45825
vt 0.390672 0.499848
vt 0.415458 0.449939
vt 0.371909 0.499511
vt 0.357299 0.506677
vt 0.402138 0.451224
vt 0.390672 0.499848
vt 0.415458 0.449939
vt 0.388216 0.459223
vt 0.354458 0.510237
vt 0.388216 0.459223
vt 0.354458 0.510237
vt 0.38251 0.471713
vt 0.449934 0.563206
vt 0.445449 0.576153
vt 0.435782 0.565514
vt 0.450643 0.550848
vt 0.447374 0.542373
vt 0.440976 0.540076
vt 0.433158 0.544612
vt 0.426029 0.554784
vt 0.421524 0.567841
vt 0.420856 0.580244
vt 0.424191 0.588653
vt 0.43061 0.59084
vt 0.438385 0.586259
vt 0.440976 0.540076
vt 0.433158 0.544612
vt 0.399925 0.526839
vt 0.392092 0.531326
vt 0.426029 0.554784
vt 0.384985 0.541427
vt 0.421524 0.567841
vt 0.380532 0.55441
vt 0.420856 0.580244
vt 0.379935 0.566758
vt 0.424191 0.588653
vt 0.383338 0.575144
vt 0.43061 0.59084
vt 0.389804 0.577346
vt 0.43061 0.59084
vt 0.438385 0.586259
vt 0.389804 0.577346
vt 0.397595 0.572814
vt 0.445449 0.576153
vt 0.404637 0.562778
vt 0.449934 0.563206
vt 0.409069 0.549904
vt 0.450643 0.550848
vt 0.409709 0.537601
vt 0.447374 0.542373
vt 0.406371 0.52915
vt 0.440976 0.540076
vt 0.399925 0.526839
vt 0.435833 0.610744
vt 0.443777 0.616376
vt 0.437705 0.554296
vt 0.445943 0.560136
vt 0.426453 0.552159
vt 0.424981 0.608682
vt 0.415201 0.554296
vt 0.414129 0.610744
vt 0.406964 0.560137
vt 0.406185 0.616376
vt 0.403949 0.568114
vt 0.403277 0.62407
vt 0.446685 0.62407
vt 0.448958 0.568114
vt 0.406185 0.631764
vt 0.403277 0.62407
vt 0.406964 0.576091
vt 0.403949 0.568114
vt 0.415201 0.581932
vt 0.414129 0.637396
vt 0.426453 0.584069
vt 0.424981 0.639458
vt 0.437705 0.581932
vt 0.435833 0.637396
vt 0.445943 0.576092
vt 0.443777 0.631764
vt 0.448958 0.568114
vt 0.446685 0.62407
vt 0.3836 0.562979
vt 0.384612 0.575319
vt 0.366112 0.565116
vt 0.368811 0.573934
vt 0.36272 0.558667
vt 0.379527 0.550981
vt 0.357435 0.549977
vt 0.370211 0.539527
vt 0.348548 0.541242
vt 0.354662 0.528181
vt 0.33422 0.533932
vt 0.334892 0.517666
vt 0.31847 0.529349
vt 0.312244 0.513509
vt 0.306429 0.5298
vt 0.296371 0.516498
vt 0.298008 0.538114
vt 0.283638 0.526975
vt 0.29656 0.55079
vt 0.279414 0.542948
vt 0.298392 0.56119
vt 0.280152 0.553606
vt 0.304726 0.576568
vt 0.284807 0.567334
vt 0.354662 0.528181
vt 0.334892 0.517666
vt 0.362871 0.519024
vt 0.378391 0.530362
vt 0.343134 0.508523
vt 0.312244 0.513509
vt 0.320734 0.504431
vt 0.296371 0.516498
vt 0.304818 0.507583
vt 0.283638 0.526975
vt 0.291846 0.518036
vt 0.370211 0.539527
vt 0.38768 0.541813
vt 0.379527 0.550981
vt 0.391727 0.553814
vt 0.3836 0.562979
vt 0.392715 0.56616
vt 0.384612 0.575319
vt 0.392722 0.575258
vt 0.384639 0.58441
vt 0.39017 0.585198
vt 0.382107 0.594337
vt 0.381613 0.596668
vt 0.37357 0.605788
vt 0.280152 0.553606
vt 0.284807 0.567334
vt 0.288346 0.544549
vt 0.28763 0.533885
vt 0.279414 0.542948
vt 0.292973 0.558282
vt 0.291846 0.518036
vt 0.283638 0.526975
vt 0.298392 0.56119
vt 0.29656 0.55079
vt 0.320844 0.553376
vt 0.32452 0.562349
vt 0.304726 0.576568
vt 0.319787 0.547307
vt 0.298008 0.538114
vt 0.320686 0.539932
vt 0.306429 0.5298
vt 0.325621 0.535108
vt 0.31847 0.529349
vt 0.332604 0.534811
vt 0.33422 0.533932
vt 0.341767 0.537442
vt 0.32452 0.562349
vt 0.320844 0.553376
vt 0.355283 0.575463
vt 0.360108 0.569879
vt 0.319787 0.547307
vt 0.361795 0.564593
vt 0.361888 0.560769
vt 0.360324 0.555624
vt 0.358354 0.551862
vt 0.355283 0.546793
vt 0.350111 0.541699
vt 0.341767 0.537442
vt 0.332604 0.534811
vt 0.325621 0.535108
vt 0.320686 0.539932
vt 0.360108 0.569879
vt 0.357539 0.599088
vt 0.355283 0.575463
vt 0.365794 0.589533
vt 0.361795 0.564593
vt 0.368666 0.580483
vt 0.361888 0.560769
vt 0.368811 0.573934
vt 0.360324 0.555624
vt 0.366112 0.565116
vt 0.358354 0.551862
vt 0.36272 0.558667
vt 0.355283 0.546793
vt 0.357435 0.549977
vt 0.365794 0.589533
vt 0.37357 0.605788
vt 0.357539 0.599088
vt 0.382107 0.594337
vt 0.368666 0.580483
vt 0.384639 0.58441
vt 0.33422 0.533932
vt 0.348548 0.541242
vt 0.341767 0.537442
vt 0.350111 0.541699
vt 0.357435 0.549977
vt 0.355283 0.546793
vt 0.350135 0.601685
vt 0.301298 0.580895
vt 0.358482 0.590782
vt 0.309781 0.569816
vt 0.351091 0.605099
vt 0.359431 0.594206
vt 0.301298 0.580895
vt 0.350135 0.601685
vt 0.300276 0.584514
vt 0.300276 0.584514
vt 0.350135 0.601685
vt 0.351091 0.605099
vt 0.371276 0.386918
vt 0.367979 0.389677
vt 0.3695 0.38409
vt 0.364834 0.384949
vt 0.365354 0.383162
vt 0.360002 0.383693
vt 0.36168 0.392687
vt 0.369707 0.404873
vt 0.364906 0.407263
vt 0.374254 0.414272
vt 0.369673 0.417326
vt 0.381388 0.419921
vt 0.377211 0.423574
vt 0.385939 0.418524
vt 0.382675 0.423167
vt 0.355207 0.392892
vt 0.355207 0.392892
vt 0.359319 0.408314
vt 0.364502 0.419315
vt 0.372735 0.426169
vt 0.378207 0.426051
vt 0.354034 0.409413
vt 0.359592 0.420862
vt 0.368079 0.427563
vt 0.372975 0.427519
vt 0.357717 0.421521
vt 0.352143 0.409829
vt 0.354034 0.409413
vt 0.350376 0.409487
vt 0.34921 0.399051
vt 0.34892 0.396471
vt 0.354034 0.409413
vt 0.350197 0.394165
vt 0.35589 0.421028
vt 0.365978 0.427487
vt 0.355352 0.385287
vt 0.353651 0.388017
vt 0.353651 0.388017
vt 0.35103 0.392622
vt 0.355207 0.392892
vt 0.359319 0.408314
vt 0.350197 0.394165
vt 0.354034 0.409413
vt 0.378207 0.426051
vt 0.385388 0.420241
vt 0.381534 0.423515
vt 0.382675 0.423167
vt 0.386914 0.416186
vt 0.385388 0.420241
vt 0.351775 0.399809
vt 0.350376 0.409487
vt 0.350928 0.404887
vt 0.35589 0.421028
vt 0.355246 0.419454
vt 0.360002 0.383693
vt 0.350197 0.394165
vt 0.355352 0.385287
vt 0.355207 0.392892
vt 0.350197 0.394165
vt 0.360002 0.383693
vt 0.385939 0.418524
vt 0.386914 0.416186
vt 0.382675 0.423167
vt 0.390288 0.411801
vt 0.382675 0.423167
vt 0.385388 0.420241
vt 0.378207 0.426051
vt 0.378207 0.426051
vt 0.381534 0.423515
vt 0.372975 0.427519
vt 0.376382 0.425069
vt 0.370565 0.427297
vt 0.365978 0.427487
vt 0.363342 0.425625
vt 0.35589 0.421028
vt 0.355246 0.419454
vt 0.362429 0.422173
vt 0.367137 0.424778
vt 0.368079 0.427563
vt 0.373168 0.42424
vt 0.369052 0.421643
vt 0.365177 0.420718
vt 0.366872 0.417892
vt 0.365354 0.383162
vt 0.360002 0.383693
vt 0.360542 0.384648
vt 0.355352 0.385287
vt 0.358767 0.387784
vt 0.353651 0.388017
vt 0.357073 0.392457
vt 0.35103 0.392622
vt 0.357707 0.397808
vt 0.351775 0.399809
vt 0.34921 0.399051
vt 0.350376 0.409487
vt 0.34892 0.396471
vt 0.353651 0.388017
vt 0.350197 0.394165
vt 0.355352 0.385287
vt 0.35589 0.421028
vt 0.350928 0.404887
vt 0.381093 0.406217
vt 0.375854 0.399671
vt 0.384573 0.413026
vt 0.387329 0.413983
vt 0.390288 0.411801
vt 0.369552 0.330658
vt 0.368105 0.333151
vt 0.365351 0.326607
vt 0.363736 0.329378
vt 0.369078 0.334066
vt 0.364814 0.330391
vt 0.360059 0.324484
vt 0.357983 0.32803
vt 0.370086 0.33848
vt 0.371694 0.335701
vt 0.369227 0.34414
vt 0.371286 0.340576
vt 0.359354 0.329327
vt 0.354894 0.324773
vt 0.352169 0.329416
vt 0.353951 0.331116
vt 0.363874 0.328066
vt 0.359861 0.329468
vt 0.370592 0.325777
vt 0.351043 0.327404
vt 0.347627 0.333213
vt 0.349845 0.335351
vt 0.35723 0.333299
vt 0.368635 0.326083
vt 0.368191 0.328758
vt 0.378049 0.318261
vt 0.379999 0.319277
vt 0.386125 0.311284
vt 0.390112 0.310539
vt 0.345398 0.338549
vt 0.347977 0.341059
vt 0.356587 0.338684
vt 0.369366 0.333193
vt 0.383161 0.322335
vt 0.394963 0.312135
vt 0.345987 0.3442
vt 0.348775 0.34693
vt 0.358081 0.344384
vt 0.369366 0.333193
vt 0.371893 0.338369
vt 0.386808 0.326737
vt 0.371893 0.338369
vt 0.399562 0.315711
vt 0.349257 0.348873
vt 0.352055 0.351619
vt 0.361369 0.349089
vt 0.371893 0.338369
vt 0.375189 0.343095
vt 0.3901 0.331466
vt 0.375189 0.343095
vt 0.371893 0.338369
vt 0.402848 0.320441
vt 0.357062 0.354052
vt 0.365693 0.351719
vt 0.375189 0.343095
vt 0.378496 0.346282
vt 0.375189 0.343095
vt 0.392277 0.335432
vt 0.404065 0.325236
vt 0.370061 0.351675
vt 0.36265 0.353674
vt 0.381052 0.347201
vt 0.392842 0.337726
vt 0.402938 0.328992
vt 0.369366 0.333193
vt 0.383161 0.322335
vt 0.371893 0.338369
vt 0.369078 0.334066
vt 0.372255 0.333187
vt 0.364814 0.330391
vt 0.368346 0.329409
vt 0.376999 0.331971
vt 0.373611 0.327904
vt 0.374709 0.338534
vt 0.371171 0.339504
vt 0.375149 0.344229
vt 0.370616 0.345462
vt 0.373472 0.34897
vt 0.367541 0.350575
vt 0.370061 0.351675
vt 0.36265 0.353674
vt 0.365731 0.348834
vt 0.360401 0.351489
vt 0.36843 0.344165
vt 0.363785 0.345648
vt 0.354457 0.351502
vt 0.358416 0.344694
vt 0.349257 0.348873
vt 0.353548 0.341524
vt 0.345987 0.3442
vt 0.350289 0.336861
vt 0.345398 0.338549
vt 0.349383 0.331766
vt 0.347627 0.333213
vt 0.351043 0.327404
vt 0.352055 0.351619
vt 0.357062 0.354052
vt 0.371286 0.340576
vt 0.369227 0.34414
vt 0.370086 0.33848
vt 0.368105 0.333151
vt 0.376999 0.331971
vt 0.381985 0.327208
vt 0.373611 0.327904
vt 0.379175 0.322744
vt 0.386298 0.323479
vt 0.383979 0.318593
vt 0.370592 0.325777
vt 0.377754 0.319515
vt 0.370592 0.325777
vt 0.383914 0.314193
vt 0.378049 0.318261
vt 0.368635 0.326083
vt 0.370592 0.325777
vt 0.386125 0.311284
vt 0.385541 0.331887
vt 0.379985 0.33705
vt 0.39034 0.327737
vt 0.395186 0.330397
vt 0.389035 0.335718
vt 0.399732 0.330852
vt 0.39167 0.337826
vt 0.402938 0.328992
vt 0.392842 0.337726
vt 0.382275 0.345648
vt 0.381052 0.347201
vt 0.381889 0.341984
vt 0.381889 0.341984
vt 0.381889 0.341984
vt 0.381889 0.341984
vt 0.379985 0.33705
vt 0.359861 0.329468
vt 0.370592 0.325777
vt 0.368635 0.326083
vt 0.359354 0.329327
vt 0.363874 0.328066
vt 0.370592 0.325777
vt 0.296269 0.310331
vt 0.294333 0.31107
vt 0.293111 0.312913
vt 0.290954 0.313737
vt 0.291816 0.309754
vt 0.288152 0.312275
vt 0.289295 0.306681
vt 0.285346 0.308857
vt 0.284396 0.30185
vt 0.280225 0.303564
vt 0.291684 0.316756
vt 0.288921 0.317816
vt 0.285329 0.315947
vt 0.281733 0.311571
vt 0.275999 0.304989
vt 0.292313 0.32098
vt 0.288696 0.322373
vt 0.283991 0.319931
vt 0.279278 0.314202
vt 0.275999 0.304989
vt 0.272681 0.305798
vt 0.29485 0.324619
vt 0.290329 0.326369
vt 0.284444 0.323319
vt 0.278545 0.316151
vt 0.271028 0.305807
vt 0.273929 0.2986
vt 0.277649 0.29966
vt 0.275999 0.304989
vt 0.278102 0.29487
vt 0.28251 0.295821
vt 0.282158 0.299561
vt 0.286744 0.294962
vt 0.28643 0.298324
vt 0.280225 0.303564
vt 0.284396 0.30185
vt 0.275999 0.304989
vt 0.275999 0.304989
vt 0.274526 0.292327
vt 0.271848 0.296621
vt 0.272598 0.288771
vt 0.271886 0.294173
vt 0.271422 0.305012
vt 0.272761 0.285016
vt 0.289487 0.296231
vt 0.28756 0.300236
vt 0.289835 0.292488
vt 0.291075 0.288962
vt 0.29063 0.293759
vt 0.288991 0.299092
vt 0.28756 0.300236
vt 0.298716 0.326844
vt 0.293449 0.32889
vt 0.286587 0.325336
vt 0.303029 0.327146
vt 0.297344 0.329359
vt 0.284444 0.323319
vt 0.278545 0.316151
vt 0.286587 0.325336
vt 0.279703 0.316971
vt 0.271028 0.305807
vt 0.271422 0.305012
vt 0.271848 0.296621
vt 0.289931 0.325516
vt 0.297344 0.329359
vt 0.293449 0.32889
vt 0.282492 0.316471
vt 0.271422 0.305012
vt 0.27378 0.303593
vt 0.301123 0.327664
vt 0.293713 0.323816
vt 0.286275 0.314762
vt 0.27378 0.303593
vt 0.277562 0.301875
vt 0.303919 0.324191
vt 0.309174 0.322151
vt 0.306804 0.325454
vt 0.303029 0.327146
vt 0.297064 0.320621
vt 0.290183 0.312237
vt 0.277562 0.301875
vt 0.281902 0.300252
vt 0.309595 0.317993
vt 0.305088 0.319736
vt 0.299212 0.316668
vt 0.293316 0.309476
vt 0.285798 0.299099
vt 0.282353 0.289401
vt 0.277816 0.290094
vt 0.277562 0.301875
vt 0.278755 0.280192
vt 0.274982 0.281918
vt 0.274039 0.291817
vt 0.272761 0.285016
vt 0.271886 0.294173
vt 0.27378 0.303593
vt 0.277562 0.301875
vt 0.27378 0.303593
vt 0.283215 0.280234
vt 0.286603 0.289899
vt 0.287338 0.282039
vt 0.294954 0.307114
vt 0.288356 0.298681
vt 0.289591 0.291473
vt 0.290175 0.28519
vt 0.294723 0.305693
vt 0.298318 0.310083
vt 0.299664 0.312863
vt 0.304361 0.31532
vt 0.307966 0.313933
vt 0.30466 0.310905
vt 0.301904 0.311961
vt 0.288991 0.299092
vt 0.288991 0.299092
vt 0.29063 0.293759
vt 0.291075 0.288962
vt 0.300438 0.309605
vt 0.298284 0.310428
vt 0.296269 0.310331
vt 0.294333 0.31107
vt 0.28756 0.300236
vt 0.289487 0.296231
vt 0.271422 0.305012
vt 0.27378 0.303593
vt 0.301904 0.311961
vt 0.298318 0.310083
vt 0.298284 0.310428
vt 0.295484 0.308961
vt 0.294723 0.305693
vt 0.292679 0.305538
vt 0.288991 0.299092
vt 0.28756 0.300236
vt 0.288991 0.299092
vt 0.340692 0.351265
vt 0.342633 0.356125
vt 0.328942 0.356443
vt 0.337547 0.347111
vt 0.333493 0.343774
vt 0.328954 0.341597
vt 0.324422 0.34082
vt 0.320343 0.341519
vt 0.317121 0.343621
vt 0.315066 0.346916
vt 0.314377 0.351076
vt 0.315116 0.355694
vt 0.317247 0.360419
vt 0.320652 0.365041
vt 0.32492 0.369112
vt 0.32957 0.372276
vt 0.334117 0.373931
vt 0.338138 0.373878
vt 0.341194 0.371838
vt 0.342926 0.367571
vt 0.343355 0.361833
vt 0.340692 0.351265
vt 0.337547 0.347111
vt 0.346459 0.346849
vt 0.348394 0.35171
vt 0.342633 0.356125
vt 0.343318 0.342696
vt 0.333493 0.343774
vt 0.339268 0.339359
vt 0.328954 0.341597
vt 0.334729 0.337183
vt 0.324422 0.34082
vt 0.330195 0.336409
vt 0.320343 0.341519
vt 0.349108 0.357421
vt 0.343355 0.361833
vt 0.348671 0.363164
vt 0.342926 0.367571
vt 0.346932 0.367436
vt 0.341194 0.371838
vt 0.326114 0.337112
vt 0.317121 0.343621
vt 0.322886 0.339219
vt 0.32492 0.369112
vt 0.32957 0.372276
vt 0.330654 0.36472
vt 0.326389 0.36065
vt 0.320652 0.365041
vt 0.322989 0.356027
vt 0.317247 0.360419
vt 0.320864 0.3513
vt 0.315116 0.355694
vt 0.320131 0.346681
vt 0.314377 0.351076
vt 0.320826 0.342517
vt 0.315066 0.346916
vt 0.322886 0.339219
vt 0.317121 0.343621
vt 0.335301 0.367882
vt 0.334117 0.373931
vt 0.339848 0.369535
vt 0.338138 0.373878
vt 0.34387 0.369479
vt 0.341194 0.371838
vt 0.346932 0.367436
vt 0.372639 0.377351
vt 0.374529 0.372862
vt 0.342134 0.365046
vt 0.344039 0.360576
vt 0.37318 0.365112
vt 0.372639 0.377351
vt 0.342579 0.3528
vt 0.342134 0.365046
vt 0.345642 0.348801
vt 0.37318 0.365112
vt 0.342579 0.3528
vt 0.376222 0.361092
vt 0.33803 0.368506
vt 0.34097 0.365358
vt 0.337872 0.39165
vt 0.340789 0.38851
vt 0.324081 0.363711
vt 0.33803 0.368506
vt 0.323414 0.386335
vt 0.337872 0.39165
vt 0.327028 0.360567
vt 0.324081 0.363711
vt 0.326338 0.383199
vt 0.323414 0.386335
vt 0.318522 0.356554
vt 0.320437 0.352094
vt 0.288184 0.34444
vt 0.290114 0.340001
vt 0.318954 0.345304
vt 0.318522 0.356554
vt 0.288616 0.333092
vt 0.288184 0.34444
vt 0.291714 0.329127
vt 0.318954 0.345304
vt 0.288616 0.333092
vt 0.322033 0.341318
vt 0.336408 0.320344
vt 0.339386 0.317192
vt 0.336879 0.344345
vt 0.339838 0.341196
vt 0.324404 0.316297
vt 0.336408 0.320344
vt 0.324953 0.340299
vt 0.336879 0.344345
vt 0.327387 0.313149
vt 0.324404 0.316297
vt 0.327916 0.337154
vt 0.324953 0.340299
vt 0.299885 0.292452
vt 0.350324 0.312117
vt 0.310635 0.315151
vt 0.345756 0.327152
vt 0.288012 0.327941
vt 0.271567 0.311004
vt 0.288752 0.354721
vt 0.273742 0.352161
vt 0.315498 0.386642
vt 0.310558 0.398541
vt 0.353168 0.401447
vt 0.365045 0.424844
vt 0.369316 0.388478
vt 0.398455 0.410335
vt 0.368777 0.360083
vt 0.395552 0.361601
vt 0.353168 0.401447
vt 0.315498 0.386642
vt 0.357029 0.398076
vt 0.319349 0.383289
vt 0.373193 0.385118
vt 0.369316 0.388478
vt 0.288752 0.354721
vt 0.292651 0.351407
vt 0.288012 0.327941
vt 0.291959 0.324649
vt 0.357029 0.398076
vt 0.372664 0.356752
vt 0.373193 0.385118
vt 0.349659 0.32383
vt 0.319349 0.383289
vt 0.314565 0.311837
vt 0.292651 0.351407
vt 0.291959 0.324649
vt 0.310635 0.315151
vt 0.345756 0.327152
vt 0.314565 0.311837
vt 0.349659 0.32383
vt 0.291959 0.324649
vt 0.288012 0.327941
vt 0.368777 0.360083
vt 0.372664 0.356752
vt 0.369316 0.388478
vt 0.373193 0.385118
vt 0.350324 0.312117
vt 0.299885 0.292452
vt 0.360166 0.301005
vt 0.311049 0.277444
vt 0.405308 0.35052
vt 0.395552 0.361601
vt 0.404609 0.405797
vt 0.398455 0.410335
vt 0.299885 0.292452
vt 0.271567 0.311004
vt 0.311049 0.277444
vt 0.311049 0.277444
vt 0.271567 0.311004
vt 0.281312 0.300059
vt 0.271567 0.311004
vt 0.273742 0.352161
vt 0.281312 0.300059
vt 0.283382 0.341307
vt 0.310558 0.398541
vt 0.320109 0.387732
vt 0.365045 0.424844
vt 0.374591 0.413985
vt 0.398455 0.410335
vt 0.404609 0.405797
vt 0.301963 0.365532
vt 0.3005 0.366733
vt 0.304536 0.368258
vt 0.302774 0.369811
vt 0.298625 0.367683
vt 0.300639 0.370949
vt 0.296846 0.368044
vt 0.29866 0.371347
vt 0.293312 0.369747
vt 0.294989 0.373002
vt 0.307578 0.369781
vt 0.304989 0.372345
vt 0.301984 0.374232
vt 0.299436 0.37476
vt 0.295016 0.376872
vt 0.309959 0.37017
vt 0.306619 0.373783
vt 0.302273 0.376909
vt 0.29879 0.3787
vt 0.293445 0.380936
vt 0.311181 0.369287
vt 0.307192 0.373858
vt 0.301368 0.378845
vt 0.293445 0.380936
vt 0.296961 0.382907
vt 0.290983 0.384616
vt 0.29393 0.384958
vt 0.286985 0.385204
vt 0.293312 0.369747
vt 0.295739 0.365783
vt 0.294989 0.373002
vt 0.297318 0.369002
vt 0.296183 0.36445
vt 0.297811 0.367517
vt 0.295016 0.376872
vt 0.297156 0.372646
vt 0.297787 0.370741
vt 0.293445 0.380936
vt 0.29278 0.363726
vt 0.290411 0.367783
vt 0.28912 0.363304
vt 0.289759 0.361407
vt 0.286439 0.36213
vt 0.285598 0.364615
vt 0.284077 0.364245
vt 0.283023 0.367356
vt 0.283561 0.369394
vt 0.281021 0.37286
vt 0.288739 0.367096
vt 0.286758 0.370768
vt 0.280013 0.377
vt 0.286023 0.375391
vt 0.292063 0.368093
vt 0.292824 0.371292
vt 0.28735 0.380242
vt 0.294735 0.374385
vt 0.29035 0.383937
vt 0.283202 0.383759
vt 0.297273 0.377379
vt 0.29393 0.384958
vt 0.299601 0.379186
vt 0.304956 0.370162
vt 0.306477 0.372608
vt 0.301368 0.378845
vt 0.296961 0.382907
vt 0.29393 0.384958
vt 0.309789 0.36456
vt 0.311057 0.367321
vt 0.307192 0.373858
vt 0.301368 0.378845
vt 0.311181 0.369287
vt 0.286985 0.385204
vt 0.29393 0.384958
vt 0.30745 0.361837
vt 0.302613 0.367436
vt 0.304577 0.359777
vt 0.299988 0.365059
vt 0.302047 0.358655
vt 0.298032 0.363243
vt 0.300262 0.358888
vt 0.296863 0.362576
vt 0.292465 0.365781
vt 0.293829 0.365053
vt 0.291275 0.365594
vt 0.286955 0.367554
vt 0.293829 0.365053
vt 0.286955 0.367554
vt 0.301368 0.378845
vt 0.29879 0.3787
vt 0.296961 0.382907
vt 0.293445 0.380936
vt 0.29529 0.375879
vt 0.290983 0.384616
vt 0.297156 0.372646
vt 0.297787 0.370741
vt 0.296119 0.373382
vt 0.292151 0.377961
vt 0.290983 0.384616
vt 0.293191 0.374836
vt 0.288456 0.378417
vt 0.286985 0.385204
vt 0.290983 0.384616
vt 0.289675 0.374773
vt 0.283202 0.383759
vt 0.285051 0.377143
vt 0.286375 0.373209
vt 0.280754 0.380893
vt 0.282715 0.37443
vt 0.284043 0.3705
vt 0.281983 0.370898
vt 0.280013 0.377
vt 0.283214 0.367266
vt 0.283023 0.367356
vt 0.281021 0.37286
vt 0.280013 0.377
vt 0.284077 0.364245
vt 0.296961 0.382907
vt 0.290983 0.384616
vt 0.29393 0.384958
vt 0.280754 0.380893
vt 0.280013 0.377
vt 0.294055 0.366168
vt 0.286955 0.367554
vt 0.290411 0.367783
vt 0.296035 0.365768
vt 0.291275 0.365594
vt 0.296035 0.365768
vt 0.293829 0.365053
vt 0.296035 0.365768
vt 0.298185 0.364611
vt 0.3 0.362979
vt 0.296906 0.363058
vt 0.293829 0.365053
vt 0.299526 0.360456
vt 0.296863 0.362576
vt 0.300262 0.358888
vt 0.292465 0.365781
vt 0.293829 0.365053
vt 0.293829 0.365053
vt 0.296035 0.365768
vt 0.293277 0.362244
vt 0.556244 0.543007
vt 0.576274 0.55456
vt 0.555526 0.550989
vt 0.566049 0.558401
vt 0.53469 0.551547
vt 0.53241 0.544147
vt 0.51773 0.561879
vt 0.512456 0.556431
vt 0.516347 0.576862
vt 0.57567 0.577034
vt 0.5632 0.574329
vt 0.559352 0.588547
vt 0.504669 0.584325
vt 0.528222 0.582992
vt 0.526479 0.592632
vt 0.552402 0.581115
vt 0.576274 0.55456
vt 0.556244 0.543007
vt 0.577614 0.549092
vt 0.557609 0.53752
vt 0.53241 0.544147
vt 0.533797 0.538656
vt 0.512456 0.556431
vt 0.513856 0.550951
vt 0.576998 0.571594
vt 0.57567 0.577034
vt 0.504669 0.584325
vt 0.50606 0.57888
vt 0.552402 0.581115
vt 0.528222 0.582992
vt 0.552643 0.577721
vt 0.528481 0.579596
vt 0.516347 0.576862
vt 0.51575 0.573997
vt 0.563434 0.570931
vt 0.5632 0.574329
vt 0.566283 0.554995
vt 0.566049 0.558401
vt 0.552643 0.577721
vt 0.566283 0.554995
vt 0.563434 0.570931
vt 0.555768 0.547578
vt 0.528481 0.579596
vt 0.534948 0.548133
vt 0.51575 0.573997
vt 0.517999 0.558468
vt 0.504669 0.584325
vt 0.526479 0.592632
vt 0.50606 0.57888
vt 0.527846 0.587201
vt 0.559352 0.588547
vt 0.56069 0.583119
vt 0.57567 0.577034
vt 0.576998 0.571594
vt 0.555526 0.550989
vt 0.566049 0.558401
vt 0.555768 0.547578
vt 0.566283 0.554995
vt 0.534948 0.548133
vt 0.53469 0.551547
vt 0.517999 0.558468
vt 0.51773 0.561879
vt 0.51575 0.573997
vt 0.516347 0.576862
vn -0.02032102 0.9997409 0.01024994
vn -0.01787786 0.9998183 0.006622321
vn -0.01836609 0.9998154 0.005652648
vn -0.01649615 0.9998505 0.005184593
vn -0.01648453 0.999823 0.009065886
vn -0.01265058 0.9998988 0.006518162
vn -0.01612116 0.9998701 0.0002021155
vn 0.002258706 0.9704935 0.2411166
vn -0.02108826 0.9997652 -0.004984817
vn -0.1684445 0.9669981 0.1911571
vn -0.01733872 0.999602 0.02225222
vn -0.2872175 0.8651902 0.4110378
vn -0.008331972 0.999947 0.006065276
vn 0.02423869 0.8992732 0.4367154
vn -0.002340173 0.9984792 0.05508059
vn -0.2086312 0.8828455 0.4207813
vn 0.005248501 0.999423 0.03355614
vn -0.1660364 0.8892018 0.426324
vn -0.003303712 0.9999835 0.004698208
vn -0.0627501 0.9827762 0.17382
vn -0.0129287 0.9999033 0.005111089
vn -0.006236944 0.9993079 0.03667482
vn -0.01055038 0.999861 0.01290738
vn -0.0006293752 0.9998723 0.01596829
vn 0.00153322 0.9998803 0.01539504
vn 0.00503106 0.9998006 0.0193256
vn 0.004517495 0.9998503 0.01670366
vn 0.002937708 0.9998448 0.0173714
vn -0.001482028 0.9973395 0.07288061
vn 0.005747209 0.9997005 0.02378539
vn 0.007466054 0.9995756 0.02816093
vn 0.001815119 0.9998477 0.01735946
vn 0.002245082 0.9998535 0.01697104
vn 0.004581364 0.9998828 0.01461081
vn 0.05088923 0.9893712 0.1362168
vn 0.01296719 0.9998591 0.01066555
vn 0.1256612 0.9518764 0.2795361
vn 0.0228846 0.999738 -0.0002569757
vn 0.02652563 0.9995894 -0.01083748
vn 0.04095941 0.9988809 -0.02364732
vn 0.04131206 0.9987724 -0.02732859
vn 0.1402385 0.9443066 0.297688
vn 0.2868459 0.7609389 0.5819719
vn 0.3229414 0.9240487 0.2045557
vn 0.06813889 0.9360682 0.3451571
vn 0.06309542 0.9861251 0.153546
vn 0.03761196 0.9988809 -0.02867617
vn 0.09088261 0.9151769 0.3926723
vn 0.3177207 0.5813676 0.7490429
vn -0.02544107 0.9201699 0.3906919
vn -0.05607293 0.7280173 0.6832617
vn 0.1524482 0.9037863 0.3999124
vn 0.4669517 0.8580855 0.2136476
vn 0.6731201 0.5599934 0.4830286
vn 0.908336 0.3058112 0.2853162
vn 0.7868356 0.4758337 0.3930294
vn 0.9649835 0.2003037 0.1693674
vn 0.908336 0.3058112 0.2853162
vn -0.1373124 0.8119305 0.5673748
vn 0.2868459 0.7609389 0.5819719
vn 0.08027309 0.5434171 0.835616
vn 0.3942758 0.4957294 0.773821
vn -0.191442 0.4600657 0.8670002
vn -0.2129333 0.4970228 0.8412062
vn 0.08027309 0.5434171 0.835616
vn 0.1627554 0.449363 0.8783983
vn 0.3398461 0.4362594 0.8331761
vn 0.2480052 0.4450027 0.8605034
vn 0.1547413 0.4495994 0.8797247
vn 0.1547412 0.4495996 0.8797246
vn 0.174164 0.5495221 0.8171245
vn 0.03363656 0.6215415 0.7826588
vn -0.05393142 0.5322297 0.8448805
vn -0.05393142 0.5322297 0.8448805
vn -0.1490444 0.8738627 0.462763
vn -0.4092698 0.5734697 0.7096695
vn 0.3177207 0.5813676 0.7490429
vn 0.1068446 0.8808255 0.4612272
vn -0.05393142 0.5322297 0.8448805
vn 0.7094694 -0.2483921 -0.6595108
vn 0.7134914 -0.2429411 -0.6571984
vn 0.7134914 -0.2429411 -0.6571984
vn 0.7174768 -0.2374775 -0.6548523
vn 0.9514089 -0.0954043 -0.2927785
vn 0.9514121 -0.09539368 -0.2927714
vn 0.9514121 -0.09539368 -0.2927714
vn 0.9514153 -0.09538306 -0.2927643
vn -0.03621444 0.8216393 0.5688562
vn -0.05607293 0.7280173 0.6832617
vn -0.07631245 0.4869549 0.8700869
vn -0.08790681 0.5240925 0.8471124
vn 0.9481263 0.2471062 0.1999878
vn 0.9369042 0.2706991 0.221207
vn 0.9369042 0.2706991 0.221207
vn 0.9246207 0.2939854 0.2421756
vn 0.02020471 0.3833754 0.9233716
vn -0.001103473 0.4156604 0.9095191
vn -0.001103473 0.4156604 0.9095191
vn -0.0224098 0.4472438 0.8941314
vn -0.9165474 0.1385875 0.375146
vn -0.9165469 0.1385869 0.3751473
vn -0.9165469 0.1385869 0.3751473
vn -0.9165465 0.1385863 0.3751487
vn 0.08401616 0.4503619 0.8888844
vn 0.08401522 0.4503641 0.8888834
vn 0.08401522 0.4503641 0.8888834
vn 0.08401427 0.4503664 0.8888823
vn 0.908336 0.3058112 0.2853162
vn 0.9649835 0.2003037 0.1693674
vn 0.9786309 0.1319914 0.1576699
vn -0.8729028 0.3249274 0.3639547
vn -0.8730606 0.3123988 0.3743957
vn -0.8730606 0.3123988 0.3743957
vn -0.8729863 0.2997871 0.3847372
vn -0.1034554 0.9483556 0.2998645
vn 0.04134862 0.6348731 0.7715092
vn -0.529475 0.5367104 0.6569613
vn -0.2394846 0.6034269 0.7606071
vn -0.6816344 0.4509734 0.5761924
vn -0.529475 0.5367104 0.6569613
vn -0.6168237 0.4981566 0.6094002
vn -0.4088913 0.8471246 0.3393934
vn -0.6168237 0.4981566 0.6094002
vn -0.451065 0.5608737 0.6942342
vn -0.3451334 0.59646 0.7246506
vn -0.2585585 0.529617 0.8078696
vn -0.09213643 0.9434751 0.3183795
vn -0.2297573 0.5073755 0.830531
vn -0.1968554 0.4310253 0.880605
vn -0.9929146 -0.09164086 -0.0756489
vn -0.9936801 -0.1010447 -0.04888633
vn -0.9936801 -0.1010447 -0.04888633
vn -0.9936455 -0.1103672 -0.02208439
vn -0.9923752 0.008031043 0.1229919
vn -0.9729723 0.1541923 0.1719003
vn -0.9943781 0.07731793 0.07234705
vn -0.9341592 0.2659093 0.2379894
vn -0.8842218 0.3194729 0.3407181
vn -0.8850047 0.3388506 0.3192916
vn -0.1793267 0.9532856 0.2430811
vn -0.17158 0.9554929 0.2399866
vn 0.0107827 0.9442204 0.3291377
vn 0.04880882 0.8689726 0.4924472
vn -0.04324911 0.7700068 0.6365681
vn -0.3230452 0.6745228 0.6638228
vn -0.446379 0.6343842 0.6311122
vn -0.4572373 0.6249989 0.632701
vn -0.4572365 0.6249998 0.6327007
vn -0.457232 0.6250034 0.6327003
vn -0.1754277 0.9566965 0.2322864
vn -0.2930947 0.8872198 0.3562815
vn -0.4892731 0.620638 0.6127155
vn -0.5808907 0.4192447 0.6977103
vn -0.07174306 0.9949503 0.07019249
vn -0.06737412 0.9941435 0.08449547
vn -0.6163399 0.1929666 0.7634717
vn -0.6163438 0.1929699 0.7634677
vn 0.6215906 0.3972484 0.6751436
vn 0.6182964 0.3358253 0.7105848
vn 0.6111544 0.3850486 0.6915402
vn 0.6077034 0.337493 0.7188846
vn 0.6236843 0.2856537 0.7276124
vn 0.6329974 0.269344 0.7257879
vn -0.02119957 0.9988675 0.04259327
vn -0.02191651 0.9988814 0.0419007
vn -0.02077581 0.9989719 0.04029124
vn -0.01734089 0.9992204 0.03546869
vn -0.0196942 0.9989513 0.04133344
vn -0.01519011 0.9991794 0.03754637
vn -0.3667809 0.3560043 0.8594956
vn -0.3931617 0.3525156 0.8492094
vn -0.3667859 0.3559891 0.8594998
vn -0.4192458 0.3487335 0.838223
vn -0.4449686 0.3446644 0.8265648
vn -0.4449743 0.3446516 0.826567
vn -0.057638 0.9906156 0.12393
vn -0.05866401 0.9906481 0.1231863
vn -0.05763768 0.9906156 0.1239295
vn -0.05968945 0.9906791 0.122442
vn -0.06071487 0.9907085 0.1216976
vn -0.060714 0.9907087 0.1216967
vn -0.3695447 0.3362414 0.8662439
vn -0.3964586 0.3309544 0.8563235
vn -0.3695448 0.3362407 0.8662441
vn -0.4230575 0.3253814 0.845665
vn -0.4492739 0.3195358 0.834296
vn -0.4492737 0.3195361 0.8342959
vn -0.09112434 0.9593394 0.267141
vn 0.1683045 0.8190122 0.5485369
vn -0.2679284 0.7045999 0.6570794
vn 0.04638441 0.6220949 0.7815667
vn 0.5918973 0.5230504 0.6132502
vn 0.208935 0.9317668 0.2969122
vn -0.02389446 0.9923483 0.1211356
vn -0.3477578 0.4338937 0.8311442
vn 0.3022032 0.5670303 0.766257
vn 0.6226171 0.4808066 0.6173921
vn 0.3731347 0.8251439 -0.4241558
vn 0.5714 0.4276525 -0.7004393
vn 0.4490104 0.7160946 -0.5344138
vn 0.6014959 0.2829731 -0.7470803
vn 0.1671306 0.9723333 -0.1632035
vn 0.1037055 0.9923672 -0.066728
vn 0.1424053 0.8991817 0.4137548
vn 0.1037055 0.9923672 -0.066728
vn 0.3267998 0.9234886 0.2009249
vn -0.1591805 0.9530402 0.2576357
vn -0.02674662 0.7913884 0.6107281
vn -0.4494135 0.6988645 0.5564314
vn -0.5408521 0.5514985 0.6350814
vn -0.4494135 0.6988645 0.5564314
vn -0.3669127 0.8015794 0.4720653
vn -0.5307657 0.565941 0.6308714
vn 0.456466 0.5807945 0.6740301
vn 0.4786033 0.5639507 0.6729774
vn 0.4798018 0.5662299 0.6702043
vn 0.3198496 0.7869222 0.5276833
vn 0.1424053 0.8991817 0.4137548
vn 0.1195619 0.8150557 0.566912
vn 0.4754224 0.5839241 0.658032
vn 0.5163118 0.5284014 0.6739541
vn 0.5289301 0.5112445 0.6773936
vn 0.5714 0.4276525 -0.7004393
vn 0.6195124 0.07021175 -0.7818406
vn 0.6014959 0.2829731 -0.7470803
vn 0.6214389 0.07801332 -0.7795689
vn 0.6182039 0.01542812 -0.7858664
vn 0.6145629 -0.01083188 -0.7887934
vn 0.2672321 0.7577422 -0.5953266
vn 0.4375128 0.3689488 -0.8200362
vn 0.3196815 0.6638467 -0.6761001
vn 0.4629783 0.226615 -0.8569112
vn 0.06911273 0.9371926 -0.341897
vn -0.01288815 0.974202 -0.2253095
vn -0.2082477 0.977613 0.0300931
vn -0.2905215 0.9466806 0.1392593
vn -0.4775505 0.7955492 0.3728901
vn -0.5677775 0.666397 0.4832635
vn -0.6344417 0.5187488 0.5730473
vn -0.6405222 0.5070696 0.5767252
vn 0.5009308 0.5981483 0.6255292
vn 0.5187062 0.586082 0.6224563
vn 0.5374344 0.5997134 0.5928811
vn 0.5173154 0.5966489 0.6135104
vn 0.5698422 0.5969616 0.5647271
vn 0.5974834 0.5978457 0.53441
vn 0.5946224 0.5957519 0.5399109
vn 0.5106965 0.6034906 0.6123628
vn 0.4891234 0.6302606 0.6029344
vn 0.4375128 0.3689488 -0.8200362
vn 0.4981048 -0.07322805 -0.8640193
vn 0.4629783 0.226615 -0.8569112
vn 0.4943046 -0.10455 -0.8629787
vn 0.4979622 -0.1748153 -0.8493959
vn 0.5078306 -0.1176868 -0.8533803
vn 0.2442998 0.7463389 -0.619109
vn 0.4119866 0.3454272 -0.8431768
vn 0.2967977 0.6482497 -0.7012015
vn 0.4300544 0.2241239 -0.8745409
vn 0.03894439 0.9408246 -0.3366491
vn -0.03549361 0.9764276 -0.2129069
vn -0.1992006 0.9790618 0.04191935
vn -0.2577637 0.9569001 0.1337918
vn 0.08385373 0.8323863 0.5478153
vn 0.2013592 0.9107745 0.3604779
vn -0.5211681 0.6832564 0.5114142
vn -0.5805382 0.5417669 0.6078356
vn -0.5211681 0.6832564 0.5114142
vn -0.4310521 0.817209 0.3825748
vn -0.5809437 0.5409665 0.6081609
vn 0.5161819 0.5941339 0.6168964
vn 0.5680861 0.5700694 0.5935478
vn 0.5288771 0.5908368 0.6092626
vn 0.5941389 0.5520993 0.5849662
vn 0.6083828 0.5503678 0.5718092
vn 0.6083819 0.5503643 0.5718135
vn 0.5969837 0.5669436 0.5676138
vn 0.596987 0.5669411 0.5676129
vn 0.5112255 0.5978289 0.6174537
vn 0.5190209 0.5982983 0.610456
vn 0.5352716 0.6024972 0.5920147
vn 0.3632293 0.756143 0.5443456
vn 0.5543046 0.6135707 0.5623854
vn 0.2294357 0.8383312 0.4945301
vn 0.5589031 0.6212127 0.5492924
vn 0.5589056 0.6212139 0.5492885
vn 0.4119866 0.3454272 -0.8431768
vn 0.4523712 -0.02624845 -0.8914434
vn 0.4300544 0.2241239 -0.8745409
vn 0.4544642 0.03516572 -0.8900707
vn 0.4441407 -0.09099372 -0.8913243
vn 0.4287122 -0.1874398 -0.8837829
vn 0.3731362 0.8251426 -0.4241569
vn 0.5713998 0.4276525 -0.7004396
vn 0.4490111 0.7160942 -0.5344139
vn 0.6014954 0.2829718 -0.7470813
vn 0.1671306 0.9723333 -0.1632034
vn 0.1037046 0.9923673 -0.06672722
vn 0.1424073 0.8991816 0.4137542
vn 0.1037046 0.9923673 -0.06672722
vn 0.3267997 0.9234886 0.2009248
vn -0.1591798 0.9530405 0.2576346
vn -0.0267469 0.7913882 0.6107286
vn -0.4494174 0.6988614 0.5564323
vn -0.5408568 0.551493 0.6350821
vn -0.4494174 0.6988614 0.5564323
vn -0.3669127 0.80158 0.4720642
vn -0.5307738 0.5659309 0.6308736
vn 0.4564657 0.5807923 0.6740321
vn 0.4786028 0.563951 0.6729774
vn 0.4798017 0.5662287 0.6702055
vn 0.3198499 0.7869223 0.527683
vn 0.1424073 0.8991816 0.4137542
vn 0.1195619 0.8150553 0.5669125
vn 0.4754234 0.5839238 0.6580316
vn 0.5163087 0.5284013 0.6739566
vn 0.5289316 0.511238 0.6773973
vn 0.5713998 0.4276525 -0.7004396
vn 0.6195123 0.07020624 -0.7818411
vn 0.6014954 0.2829718 -0.7470813
vn 0.6214391 0.07800201 -0.7795699
vn 0.6182043 0.01542395 -0.7858661
vn 0.6145641 -0.01083008 -0.7887925
vn 0.4287314 0.8208557 -0.3773398
vn 0.5153936 0.4556805 -0.725758
vn 0.4505677 0.7497771 -0.4845853
vn 0.5164171 0.3214968 -0.7936959
vn 0.2887036 0.9544263 -0.07563534
vn 0.2657381 0.9640342 -0.00462976
vn 0.3772771 0.8081059 0.452357
vn 0.2657381 0.9640342 -0.00462976
vn 0.4861515 0.8315755 0.2685868
vn 0.0293523 0.9332061 0.3581409
vn 0.1631459 0.6521798 0.7403006
vn -0.2869643 0.6177564 0.7321396
vn 0.490928 0.3951923 0.7764102
vn 0.5300752 0.3588823 0.7682601
vn 0.6091862 0.3518766 0.7106863
vn 0.5080506 0.6425614 0.5735847
vn 0.3772771 0.8081059 0.452357
vn 0.3355731 0.6896105 0.6417383
vn 0.200075 0.4916362 0.8475045
vn 0.6173606 0.2950498 0.7292541
vn 0.6282383 0.2825222 0.7249123
vn -0.2630351 0.5579739 0.787069
vn -0.2869643 0.6177564 0.7321396
vn -0.05876829 0.4436576 0.8942674
vn -0.3925124 0.4254123 0.8154497
vn -0.2869643 0.6177564 0.7321396
vn -0.2321709 0.7333819 0.6389425
vn 0.5153936 0.4556805 -0.725758
vn 0.5010381 0.08733325 -0.8610073
vn 0.5164171 0.3214968 -0.7936959
vn 0.5030165 0.09132051 -0.8594388
vn 0.4932495 0.03882783 -0.8690209
vn 0.4885139 0.02151075 -0.8722909
vn 0.3731375 0.8251408 -0.4241593
vn 0.5713991 0.427653 -0.7004398
vn 0.4490118 0.7160919 -0.5344163
vn 0.6014946 0.2829761 -0.7470802
vn 0.1671332 0.9723324 -0.1632062
vn 0.1037063 0.992367 -0.06672905
vn 0.1424082 0.8991814 0.4137544
vn 0.1037063 0.992367 -0.06672905
vn 0.3268052 0.9234873 0.2009216
vn -0.1591828 0.9530396 0.2576363
vn -0.0267478 0.7913872 0.6107298
vn -0.4494178 0.6988618 0.5564312
vn -0.5408558 0.5514963 0.6350802
vn -0.4494178 0.6988618 0.5564312
vn -0.3669155 0.8015783 0.4720649
vn -0.5307689 0.5659395 0.63087
vn 0.4564677 0.5807938 0.6740296
vn 0.478595 0.5639561 0.6729786
vn 0.4798028 0.5662277 0.6702055
vn 0.3198569 0.7869213 0.5276803
vn 0.1424082 0.8991814 0.4137544
vn 0.1195617 0.8150544 0.5669137
vn 0.4754256 0.5839218 0.6580318
vn 0.5163069 0.5283995 0.6739592
vn 0.5289343 0.5112301 0.6774012
vn 0.5713991 0.427653 -0.7004398
vn 0.6195118 0.07021435 -0.7818407
vn 0.6014946 0.2829761 -0.7470802
vn 0.6214389 0.0780134 -0.7795689
vn 0.6182037 0.01542942 -0.7858664
vn 0.6145626 -0.01083192 -0.7887937
vn 0.3731375 0.8251404 -0.4241601
vn 0.5713983 0.4276559 -0.7004387
vn 0.4490124 0.7160907 -0.5344175
vn 0.6014946 0.28298 -0.7470788
vn 0.1671314 0.9723328 -0.1632054
vn 0.1037055 0.9923671 -0.06672868
vn 0.1424048 0.899181 0.4137564
vn 0.1037055 0.9923671 -0.06672868
vn 0.3268018 0.923488 0.2009241
vn -0.1591815 0.9530395 0.2576371
vn -0.02674831 0.7913871 0.6107299
vn -0.4494163 0.698862 0.5564323
vn -0.5408536 0.5514979 0.6350808
vn -0.4494163 0.698862 0.5564323
vn -0.366914 0.8015782 0.4720663
vn -0.5307671 0.5659403 0.6308708
vn 0.4564695 0.5807926 0.6740294
vn 0.4785962 0.5639558 0.6729781
vn 0.4798007 0.5662284 0.6702064
vn 0.3198507 0.786921 0.5276846
vn 0.1424048 0.899181 0.4137564
vn 0.1195602 0.8150544 0.5669143
vn 0.4754224 0.5839241 0.658032
vn 0.5163063 0.5284004 0.6739591
vn 0.5289343 0.5112301 0.6774012
vn 0.5713983 0.4276559 -0.7004387
vn 0.6195124 0.07021496 -0.7818403
vn 0.6014946 0.28298 -0.7470788
vn 0.6214403 0.07801483 -0.7795677
vn 0.6182041 0.01542247 -0.7858664
vn 0.6145617 -0.01084697 -0.7887942
vn -0.7200506 0.5384486 0.4377216
vn -0.6864779 0.4736293 0.5517459
vn -0.7203006 0.5426129 0.4321324
vn -0.6375488 0.3933918 0.6624004
vn -0.5185055 0.2422722 0.8200343
vn -0.5378233 0.2571345 0.8028873
vn -0.4556768 0.1777106 0.8722257
vn -0.4110548 0.1432747 0.9002813
vn -0.0133615 0.4138309 -0.9102557
vn -0.3053163 0.6133999 -0.7283697
vn -0.4002655 0.6387393 -0.6571146
vn 0.007831103 0.43093 -0.9023514
vn 0.007831103 0.43093 -0.9023514
vn -0.0133615 0.4138309 -0.9102557
vn 0.2805093 0.149016 -0.9482134
vn 0.336357 0.04787392 -0.9405168
vn -0.8131582 0.5738259 -0.0974556
vn -0.6966069 0.4354843 0.5701687
vn -0.8134701 0.5532227 0.1794741
vn -0.6201766 0.3734601 0.6898613
vn -0.486109 0.4252785 -0.763437
vn -0.4954553 0.4268368 -0.7565278
vn -0.489085 0.2718753 0.8287821
vn -0.4958188 0.2736667 0.8241786
vn -0.4510449 0.2452418 0.8581463
vn -0.4305649 0.234612 0.8715338
vn -0.4954553 0.4268368 -0.7565278
vn -0.486109 0.4252785 -0.763437
vn -0.1049717 0.1921965 -0.9757261
vn -0.1049766 0.1922027 -0.9757244
vn -0.7359054 0.5261642 0.4261389
vn -0.700539 0.4672008 0.5394149
vn -0.7370342 0.5328711 0.415727
vn -0.6495936 0.3934801 0.6505396
vn -0.5521765 0.2755938 0.7868603
vn -0.5633337 0.2847271 0.7756196
vn -0.5188026 0.2429022 0.8196599
vn -0.4956256 0.2250562 0.8388713
vn -0.08224897 0.4042092 -0.910961
vn -0.2658452 0.5231949 -0.8096873
vn -0.3364353 0.5522844 -0.7627537
vn -0.04474046 0.3835204 -0.922448
vn 0.1053614 0.2623509 -0.9592033
vn 0.1053583 0.2623549 -0.9592025
vn -0.7200521 0.5384464 0.4377218
vn -0.6864794 0.4736306 0.5517427
vn -0.7203022 0.5426142 0.4321279
vn -0.6375503 0.3933941 0.6623976
vn -0.5185056 0.2422724 0.8200341
vn -0.5378233 0.2571345 0.8028873
vn -0.4556769 0.1777105 0.8722256
vn -0.4110549 0.1432747 0.9002813
vn -0.01336269 0.4138312 -0.9102556
vn -0.3053185 0.6134002 -0.7283685
vn -0.4002694 0.6387398 -0.6571116
vn 0.007830908 0.4309298 -0.9023514
vn 0.007830908 0.4309298 -0.9023514
vn -0.01336269 0.4138312 -0.9102556
vn 0.2805092 0.149016 -0.9482135
vn 0.336357 0.04787396 -0.9405168
vn -0.8131583 0.5738257 -0.09745525
vn -0.6966072 0.4354844 0.5701681
vn -0.8134704 0.5532226 0.1794736
vn -0.6201769 0.3734604 0.6898608
vn -0.4861092 0.4252786 -0.763437
vn -0.4954552 0.4268368 -0.756528
vn -0.4890846 0.271875 0.8287824
vn -0.4958184 0.2736664 0.8241788
vn -0.4510441 0.2452412 0.8581468
vn -0.430564 0.2346115 0.8715343
vn -0.4954552 0.4268368 -0.756528
vn -0.4861092 0.4252786 -0.763437
vn -0.1049715 0.1921964 -0.9757261
vn -0.1049765 0.1922028 -0.9757244
vn -0.7359056 0.5261641 0.4261387
vn -0.7005382 0.4671994 0.5394173
vn -0.7370346 0.5328714 0.4157261
vn -0.649592 0.3934786 0.650542
vn -0.5521757 0.2755936 0.7868609
vn -0.5633322 0.2847273 0.7756205
vn -0.5188045 0.2429049 0.8196579
vn -0.4956314 0.2250617 0.8388662
vn -0.08224893 0.4042091 -0.9109611
vn -0.2658446 0.5231944 -0.8096879
vn -0.3364356 0.5522842 -0.7627538
vn -0.04473998 0.3835201 -0.9224483
vn -0.04473998 0.3835201 -0.9224483
vn -0.08224893 0.4042091 -0.9109611
vn 0.1053608 0.2623514 -0.9592032
vn 0.1053578 0.2623554 -0.9592025
vn 0.1337028 0.9556152 0.2625324
vn 0.1337028 0.9556152 0.2625324
vn 0.1337028 0.9556152 0.2625324
vn 0.3379686 0.768844 -0.5428224
vn 0.4558187 0.3748624 -0.8072841
vn 0.3783206 0.6737761 -0.6347435
vn 0.4588791 0.2560222 -0.8508129
vn 0.1568806 0.9578313 -0.240723
vn 0.08680782 0.9897416 -0.1134728
vn -0.076584 0.986964 0.1415521
vn -0.1379009 0.9630905 0.2311709
vn 0.1835804 0.7562385 0.628014
vn 0.3108335 0.8379315 0.4486125
vn -0.4515496 0.668402 0.5910515
vn -0.5326595 0.5127427 0.6733267
vn -0.4515496 0.668402 0.5910515
vn -0.3284053 0.8216022 0.4659613
vn -0.5529383 0.4783427 0.6822371
vn 0.5827124 0.4605873 0.6695563
vn 0.6313624 0.4327525 0.6435112
vn 0.5949464 0.4565262 0.6615306
vn 0.6550279 0.4126527 0.6329741
vn 0.6690094 0.4105065 0.6196054
vn 0.6690083 0.4105023 0.6196094
vn 0.6597732 0.4287016 0.6171826
vn 0.6597759 0.428699 0.6171814
vn 0.5782396 0.4647934 0.6705267
vn 0.5860715 0.4649933 0.6635521
vn 0.6028175 0.4689835 0.6454963
vn 0.4513806 0.6467508 0.6147919
vn 0.623226 0.4805406 0.6169845
vn 0.3290431 0.7494531 0.5745005
vn 0.6287944 0.4888277 0.6047025
vn 0.6288013 0.4888309 0.6046926
vn 0.4558187 0.3748624 -0.8072841
vn 0.4500912 0.007786765 -0.8929487
vn 0.4588791 0.2560222 -0.8508129
vn 0.4597712 0.06802256 -0.8854284
vn 0.4339016 -0.05512763 -0.8992721
vn 0.4066012 -0.1492039 -0.9013399
vn 0.1555941 0.8475491 -0.5073962
vn 0.3684005 0.5266059 -0.7661379
vn 0.252327 0.7430431 -0.6198533
vn 0.3948647 0.4394243 -0.8068385
vn -0.02378056 0.9695749 -0.2436372
vn -0.09593013 0.9881021 -0.1202154
vn 0.223259 0.9157478 0.334008
vn -0.09593013 0.9881021 -0.1202154
vn 0.3457705 0.9277493 0.140442
vn -0.2329194 0.9574888 0.1701875
vn 0.1390324 0.8484724 0.5106512
vn -0.4328323 0.7208796 0.5412844
vn -0.481442 0.5979148 0.6408677
vn -0.4328323 0.7208796 0.5412844
vn -0.364265 0.8338345 0.4147663
vn -0.4795725 0.601513 0.6388992
vn 0.6844342 0.5965534 0.4191348
vn 0.6388323 0.584943 0.4997349
vn 0.6509548 0.5970544 0.4688113
vn 0.6816474 0.5706033 0.4580051
vn 0.6859098 0.6010461 0.4102091
vn 0.7027148 0.5938283 0.3918671
vn 0.6421067 0.6573822 0.3943953
vn 0.5885109 0.7029357 0.3994199
vn 0.6797804 0.6008782 0.4205284
vn 0.4528736 0.7932302 0.4070522
vn 0.5762294 0.6367079 0.5124088
vn 0.223259 0.9157478 0.334008
vn 0.5907542 0.6466886 0.482497
vn 0.2704219 0.851905 0.4484752
vn 0.5934297 0.6540015 0.4691729
vn 0.5937497 0.654164 0.4685411
vn 0.4449969 -0.01914842 -0.8953274
vn 0.4616857 0.1002318 -0.8813626
vn 0.4700564 -0.13119 -0.8728322
vn 0.4936441 0.1452947 -0.8574409
vn 0.3684005 0.5266059 -0.7661379
vn 0.4616857 0.1002318 -0.8813626
vn 0.3948647 0.4394243 -0.8068385
vn 0.3948647 0.4394243 -0.8068385
vn 0.4616857 0.1002318 -0.8813626
vn 0.4449969 -0.01914842 -0.8953274
vn 0.2322819 0.8301002 -0.5069306
vn 0.4922858 0.4169631 -0.7640657
vn 0.3524092 0.6977703 -0.623638
vn 0.5191981 0.2995147 -0.8004525
vn -0.001807281 0.9707544 -0.2400681
vn -0.08383805 0.9874106 -0.134132
vn 0.1197361 0.9489257 0.2918959
vn -0.2570431 0.9570044 0.1344303
vn -0.1978182 0.9792844 0.04324421
vn 0.08383253 0.8323892 0.5478141
vn 0.2020347 0.9104062 0.3610301
vn -0.5212153 0.6832224 0.5114115
vn -0.5807043 0.5416753 0.6077585
vn -0.5212153 0.6832224 0.5114115
vn -0.4311014 0.8171909 0.3825578
vn -0.581093 0.5408898 0.6080865
vn 0.5161816 0.5941364 0.6168943
vn 0.5680882 0.5700664 0.5935487
vn 0.5288817 0.5908346 0.6092609
vn 0.594138 0.5520989 0.5849675
vn 0.6083797 0.5503687 0.5718114
vn 0.6083781 0.5503678 0.5718141
vn 0.5969852 0.56694 0.5676158
vn 0.5969892 0.5669369 0.5676147
vn 0.5112179 0.5978315 0.6174576
vn 0.5190153 0.5982989 0.6104602
vn 0.53527 0.6024961 0.5920172
vn 0.3632038 0.7561628 0.5443352
vn 0.5543108 0.6135703 0.5623796
vn 0.2602071 0.8531992 0.4520434
vn 0.2294488 0.838329 0.4945278
vn 0.5589052 0.6212136 0.5492894
vn 0.5589038 0.621213 0.5492914
vn 0.4922858 0.4169631 -0.7640657
vn 0.5550697 0.05978474 -0.8296525
vn 0.5191981 0.2995147 -0.8004525
vn 0.5536402 0.1169833 -0.8244983
vn 0.5506267 0.002734816 -0.8347471
vn 0.541164 -0.08608589 -0.836499
vn 0.2567348 0.8016007 -0.5399292
vn 0.385555 0.408595 -0.8272832
vn 0.2938918 0.7172291 -0.6318306
vn 0.3775083 0.3500575 -0.8572906
vn 0.2635127 0.9613127 -0.08024364
vn 0.2567348 0.8016007 -0.5399292
vn 0.448488 0.7868522 -0.4239365
vn 0.02416078 0.9949008 -0.09792127
vn 0.2635889 0.8962985 0.3566089
vn 0.02416078 0.9949008 -0.09792127
vn 0.4006742 0.904329 0.1471369
vn -0.1532841 0.9639129 0.2176601
vn 0.1687506 0.8401027 0.5155101
vn -0.3981896 0.7288467 0.5569807
vn -0.4657492 0.6045924 0.6461776
vn -0.3981896 0.7288467 0.5569807
vn -0.3070776 0.8444524 0.438866
vn -0.4684466 0.6003967 0.6481371
vn 0.6844549 0.5965315 0.419132
vn 0.6388375 0.5849341 0.4997388
vn 0.6509624 0.5970453 0.4688123
vn 0.6816493 0.5705985 0.4580081
vn 0.6859066 0.6010487 0.4102104
vn 0.7027085 0.5938364 0.3918659
vn 0.6421044 0.6573853 0.3943937
vn 0.5885127 0.7029353 0.399418
vn 0.6798056 0.6008513 0.4205261
vn 0.4006742 0.904329 0.1471369
vn 0.6125398 0.7511269 0.2461776
vn 0.3461938 -0.09167401 -0.9336733
vn 0.3667491 -0.1033296 -0.9245637
vn 0.3113896 -0.3715783 -0.8746235
vn 0.3509083 -0.240028 -0.9051242
vn 0.2635889 0.8962985 0.3566089
vn 0.4671672 0.780096 0.416179
vn 0.576494 0.6365556 0.5123004
vn 0.5914582 0.6463286 0.4821169
vn 0.2979083 0.8391269 0.4551007
vn 0.5940278 0.6534097 0.4692404
vn 0.5940279 0.6534098 0.4692403
vn 0.6798056 0.6008513 0.4205261
vn 0.385555 0.408595 -0.8272832
vn 0.3667491 -0.1033296 -0.9245637
vn 0.3775083 0.3500575 -0.8572906
vn 0.3775083 0.3500575 -0.8572906
vn 0.3667491 -0.1033296 -0.9245637
vn 0.3461938 -0.09167401 -0.9336733
vn 0.4536831 0.8213042 -0.3458773
vn 0.5288845 0.3779793 -0.7598768
vn 0.4683885 0.7559645 -0.4573071
vn 0.5047986 0.2256482 -0.8332235
vn 0.4559554 0.8791463 0.1385873
vn 0.2822143 0.9580296 0.05034123
vn 0.4536831 0.8213042 -0.3458773
vn 0.3190351 0.9469216 -0.03944636
vn 0.3903466 0.7862559 0.4789899
vn 0.2822143 0.9580296 0.05034123
vn 0.5003818 0.8159801 0.2894727
vn 0.07240063 0.9119931 0.4037655
vn 0.2213805 0.6331563 0.7416899
vn -0.158262 0.6338764 0.7570692
vn 0.4909263 0.3951924 0.7764112
vn 0.5300794 0.3588816 0.7682576
vn 0.6091867 0.3518749 0.7106867
vn 0.5159964 0.6317211 0.5785121
vn 0.6173697 0.2950425 0.7292492
vn 0.6282541 0.282507 0.7249045
vn 0.3903466 0.7862559 0.4789899
vn 0.4885788 0.7603871 0.4279046
vn 0.6091867 0.3518749 0.7106867
vn 0.3709203 0.6697568 0.643307
vn 0.2803279 0.4951558 0.8223363
vn -0.1020668 0.5965753 0.7960404
vn -0.158262 0.6338764 0.7570692
vn 0.04841924 0.4546396 0.8893585
vn -0.2497817 0.4616164 0.851187
vn -0.158262 0.6338764 0.7570692
vn -0.1325385 0.729237 0.6713025
vn 0.5288845 0.3779793 -0.7598768
vn 0.456734 -0.001002783 -0.8896028
vn 0.5047986 0.2256482 -0.8332235
vn 0.4658925 0.07588031 -0.8815817
vn 0.4497257 0.0173077 -0.8929991
vn 0.4407864 -0.006490501 -0.8975885
vn 0.33797 0.7447136 -0.5754806
vn 0.4329391 0.3788063 -0.8179666
vn 0.3734438 0.6530758 -0.6588108
vn 0.432914 0.2606788 -0.8629206
vn 0.1681351 0.950036 -0.2629871
vn 0.09295902 0.9893041 -0.11241
vn -0.05078868 0.9866311 0.1548534
vn 0.09295902 0.9893041 -0.11241
vn 0.3320448 0.9425101 -0.03769496
vn -0.09052544 0.9683121 0.2327589
vn 0.2634814 0.7570001 0.5979367
vn 0.3658316 0.8318083 0.4174472
vn -0.374147 0.6867335 0.6232265
vn -0.4510863 0.5342461 0.7149141
vn -0.374147 0.6867335 0.6232265
vn -0.2609869 0.8338773 0.4863481
vn -0.4713332 0.5005102 0.7261782
vn 0.6516312 0.4534224 0.6080994
vn 0.7020215 0.4213736 0.5741168
vn 0.6663792 0.4470622 0.5967196
vn 0.7240083 0.4005119 0.5616067
vn 0.7365715 0.3978344 0.5469828
vn 0.7365706 0.3978297 0.5469875
vn 0.7276394 0.4162516 0.5452299
vn 0.7276419 0.4162487 0.5452285
vn 0.644332 0.458821 0.6118165
vn 0.5241029 0.6559974 0.543124
vn 0.6702818 0.460372 0.5820481
vn 0.6505262 0.4591062 0.60501
vn 0.523521 0.639978 0.5624534
vn 0.694764 0.4691001 0.5452045
vn 0.4028824 0.7456174 0.5307924
vn 0.6984878 0.4777103 0.53283
vn 0.6972306 0.4771061 0.5350133
vn 0.4329391 0.3788063 -0.8179666
vn 0.4205748 0.01666537 -0.9071047
vn 0.432914 0.2606788 -0.8629206
vn 0.4308121 0.07502383 -0.8993177
vn 0.4040448 -0.04257675 -0.9137478
vn 0.3766634 -0.1328382 -0.9167762
vn 0.2332235 0.9283175 -0.28954
vn 0.3432701 0.7868484 -0.5128696
vn 0.2777238 0.8780628 -0.3897119
vn 0.1526968 0.9818838 -0.1121957
vn 0.1483553 0.9868651 -0.06393832
vn 0.2777238 0.8780628 -0.3897119
vn 0.4198017 0.5885261 -0.690944
vn 0.476653 0.283415 -0.8321525
vn 0.388164 0.8153405 0.4295913
vn 0.1483553 0.9868651 -0.06393832
vn 0.4785546 0.8296157 0.2876166
vn -0.04072692 0.9645004 0.2609218
vn 0.2806183 0.748928 0.6003001
vn -0.3528652 0.6890543 0.633001
vn -0.442447 0.5368454 0.7183577
vn -0.3528652 0.6890543 0.633001
vn -0.2256328 0.8346851 0.502385
vn -0.4658001 0.501723 0.7289062
vn 0.6655183 0.4637605 0.5848175
vn 0.7087097 0.4299953 0.5593162
vn 0.6712258 0.4626981 0.5791082
vn 0.7308936 0.4058385 0.5487163
vn 0.7436896 0.3948204 0.5394837
vn 0.7472678 0.3907926 0.537468
vn 0.7349985 0.4083111 0.5413496
vn 0.7276381 0.4162492 0.5452334
vn 0.6561342 0.4652407 0.5941707
vn 0.541077 0.6463054 0.5380754
vn 0.6702825 0.4603693 0.5820494
vn 0.388164 0.8153405 0.4295913
vn 0.6947601 0.4690984 0.545211
vn 0.4181062 0.7353637 0.5333174
vn 0.6984898 0.4777122 0.5328256
vn 0.6972331 0.4771083 0.535008
vn 0.4740713 0.365732 -0.8009348
vn 0.4553203 0.03487314 -0.8896444
vn 0.476653 0.283415 -0.8321525
vn 0.4676927 0.09399939 -0.8788787
vn 0.4368186 -0.02402441 -0.8992288
vn 0.4058383 -0.1151811 -0.9066579
vn 0.4897811 0.870915 -0.04026943
vn 0.5894539 0.5628285 -0.579455
vn 0.6192887 0.765449 0.1748409
vn 0.7514419 0.6553415 -0.07656768
vn 0.4848267 0.7876342 0.3802309
vn 0.3539174 0.9000809 0.2541591
vn 0.447463 0.7796127 0.4381564
vn 0.2677301 0.8812041 0.3896149
vn 0.3773001 0.7674552 0.5183213
vn 0.02008554 0.7845671 0.6197186
vn 0.1555134 0.7422652 0.6518113
vn -0.09439177 0.7125672 0.6952252
vn 0.5972726 0.6455 0.4760202
vn 0.5820366 0.6342387 0.5088957
vn 0.5984052 0.6542138 0.46251
vn 0.6282799 0.6115474 0.4809098
vn 0.6251349 0.6038755 0.4945108
vn 0.6547732 0.6773756 0.3353125
vn 0.6837831 0.5657551 0.4608273
vn 0.6872805 0.5977599 0.4127088
vn 0.7037286 0.5911676 0.3940645
vn 0.6425445 0.6560475 0.3959019
vn 0.5893043 0.7015588 0.4006694
vn 0.5651965 0.4696684 -0.6782068
vn 0.4252867 0.03806548 -0.9042578
vn 0.5450807 0.4269411 -0.7215319
vn -0.09696571 -0.665258 -0.74029
vn 0.1955553 -0.3551079 -0.9141424
vn 0.04340652 -0.5308973 -0.8463238
vn 0.04340652 -0.5308973 -0.8463238
vn 0.3124954 -0.1605895 -0.9362466
vn 0.1816518 -0.3705224 -0.9108873
vn 0.5894539 0.5628285 -0.579455
vn 0.3124954 -0.1605895 -0.9362466
vn 0.5651965 0.4696684 -0.6782068
vn -0.9178993 0.1295824 0.3750589
vn -0.9349747 0.003593662 0.3546962
vn -0.9460651 0.1927776 0.2603798
vn -0.9609457 0.1285214 0.2450829
vn -0.8595045 0.3470301 0.3752628
vn -0.8385448 0.4030316 0.3666172
vn -0.7623767 0.4946256 0.4172857
vn -0.6994806 0.5192674 0.4910074
vn -0.5918096 0.5260844 0.6107346
vn -0.5370139 0.4933432 0.6842723
vn -0.4495137 0.5288882 0.7198714
vn -0.3666846 0.5497779 0.7505242
vn -0.2730867 0.5590166 0.7828946
vn -0.2590551 0.5627875 0.7849591
vn -0.09538396 0.5677874 0.8176304
vn -0.1045216 0.5638327 0.8192484
vn 0.1612064 0.5802709 0.7983096
vn 0.255347 0.5783756 0.7747772
vn 0.3948498 0.5745746 0.7169084
vn 0.4407219 0.5768132 0.6877869
vn 0.6299734 0.5568863 0.5413051
vn 0.7396771 0.5444486 0.3955418
vn 0.8344913 0.4925292 0.2470616
vn 0.8168411 0.5244665 0.2402195
vn -0.1353057 0.7902151 -0.5977061
vn -0.1117818 0.8045917 -0.5832129
vn -0.1276373 0.7835889 -0.6080273
vn -0.03404956 0.7963353 -0.6038963
vn 0.01361413 0.7984138 -0.6019552
vn -0.1489109 0.7936577 -0.5898584
vn -0.1586548 0.79332 -0.5877687
vn -0.1669521 0.7803508 -0.6026438
vn -0.1717586 0.7808073 -0.6006989
vn -0.1426767 0.7993062 -0.5837406
vn -0.1136898 0.8108047 -0.5741693
vn -0.1465779 0.7945487 -0.589243
vn -0.1552968 0.7887908 -0.5947202
vn -0.1814023 0.7885911 -0.5875518
vn -0.1901544 0.7674525 -0.6122564
vn -0.1404824 0.8197945 -0.5551591
vn -0.1425739 0.8266774 -0.5443135
vn -0.1566963 0.8086556 -0.5670295
vn -0.1733385 0.7889057 -0.5895604
vn -0.1704383 0.7872379 -0.5926274
vn -0.1747098 0.786357 -0.5925529
vn -0.1766225 0.7866295 -0.5916236
vn -0.1788439 0.7860634 -0.5917087
vn -0.7536516 0.2348305 0.6138924
vn -0.9165072 0.0736459 0.3931804
vn -0.8186689 0.1653106 0.5499578
vn -0.9342298 0.06162331 0.351308
vn -0.9397762 0.05259905 0.3377188
vn -0.9397557 0.0526009 0.3377758
vn -0.6477815 0.3271168 0.6880217
vn -0.6476328 0.3481491 0.6777639
vn -0.5884804 0.3717048 0.7180016
vn -0.5544897 0.3661452 0.7473145
vn -0.4326684 0.392901 0.811435
vn -0.3263009 0.4158975 0.8488563
vn -0.2284176 0.4553681 0.860503
vn -0.2655828 0.4498451 0.8527046
vn -0.09917814 0.483073 0.8699449
vn -0.09892795 0.5026091 0.8588349
vn 0.1629838 0.4684758 0.8683126
vn 0.283258 0.4666215 0.8378718
vn 0.4323661 0.4785038 0.7642602
vn 0.469166 0.4924861 0.7330353
vn 0.665015 0.4332283 0.6083324
vn 0.7972035 0.3507479 0.4913678
vn 0.8876431 0.2903619 0.3574628
vn 0.8912829 0.2762571 0.3595787
vn 0.132275 -0.8723398 0.4706661
vn 0.1585651 -0.8476842 0.5062497
vn 0.1988055 -0.8009345 0.5647836
vn 0.1757372 -0.8645968 0.4707321
vn 0.1847816 -0.8657305 0.4651521
vn 0.1641491 -0.8821863 0.4413643
vn 0.1975727 -0.8804684 0.430976
vn 0.1981401 -0.8778334 0.4360605
vn 0.2447308 -0.7457268 0.619676
vn 0.2254061 -0.7375425 0.6365715
vn 0.2456537 -0.687948 0.6829214
vn 0.2501077 -0.664201 0.7044739
vn 0.2823726 -0.5907159 0.7558573
vn 0.1903549 -0.8839747 0.4270289
vn 0.1906296 -0.8883115 0.4178075
vn 0.0824596 -0.8974389 0.4333636
vn 0.04922932 -0.8883852 0.4564515
vn 0.04084503 -0.8844109 0.4649183
vn 0.07322586 -0.8788146 0.4715113
vn 0.09091076 -0.8741346 0.4770995
vn 0.09264607 -0.8617079 0.4988747
vn 0.08608684 -0.8550546 0.511342
vn 0.09947953 -0.8494002 0.5182887
vn 0.1087907 0.7447546 -0.6584111
vn -0.9495327 0.04860405 0.3098792
vn -0.9775859 -0.05624917 0.2028836
vn -0.9543167 0.01218513 0.2985482
vn -0.8499882 -0.1214877 0.5126019
vn -0.8158571 0.1936033 0.5448806
vn -0.8148795 0.1993092 0.5442859
vn -0.756149 0.2380351 0.6095721
vn -0.6684748 0.2810751 0.6885769
vn -0.6829138 0.2758551 0.6764117
vn -0.5172048 0.3451093 0.7831978
vn -0.4470007 0.359559 0.8190896
vn -0.3067975 0.3830381 0.8712962
vn -0.2835401 0.3855562 0.8780384
vn -0.2167608 0.3948388 0.8928141
vn -0.2047208 0.3953992 0.8954043
vn -0.2167592 0.3948408 0.8928136
vn -0.1940724 0.3941978 0.8983006
vn -0.1561819 0.3975 0.9042129
vn -0.07907733 0.4099102 0.9086916
vn 0.01058212 0.4225729 0.9062672
vn 0.1748599 0.4392329 0.8811915
vn 0.2347058 0.4472786 0.8630499
vn 0.3764258 0.4498202 0.809917
vn 0.4249466 0.4501305 0.785368
vn 0.6411012 0.4183184 0.6434276
vn 0.7687423 0.379227 0.5149972
vn 0.8674251 0.3287309 0.37351
vn 0.8659277 0.3301405 0.3757344
vn -0.9178993 0.1295824 0.3750589
vn -0.8499882 -0.1214877 0.5126019
vn -0.9349747 0.003593662 0.3546962
vn 0.4757442 -0.3473731 -0.8080838
vn 0.4757442 -0.3473731 -0.8080838
vn 0.4757442 -0.3473731 -0.8080838
vn -0.5136513 -0.1006635 0.8520735
vn -0.4601726 -0.07512522 0.8846453
vn -0.4601726 -0.07512522 0.8846453
vn -0.4045896 -0.04924334 0.9131716
vn 0.5884405 0.1223335 0.7992323
vn 0.5884372 0.1223324 0.7992349
vn 0.5884372 0.1223324 0.7992349
vn 0.588434 0.1223313 0.7992375
vn 0.2211187 -0.3391418 -0.9143792
vn 0.6545464 -0.18904 -0.7320061
vn 0.3532509 -0.3047324 -0.8845066
vn 0.8077211 -0.09884939 -0.5812189
vn -0.02981394 -0.3831672 -0.9231978
vn -0.148175 -0.3946306 -0.9068136
vn -0.4067063 -0.3977128 -0.8224443
vn -0.5441382 -0.3851763 -0.7453542
vn -0.8296667 -0.3071899 -0.4661412
vn -0.9461945 -0.2244828 -0.2330737
vn 0.9812648 0.1115154 -0.1571101
vn 0.9635323 0.2320356 0.1332847
vn -0.8631592 0.09817093 0.4952964
vn -0.9461945 -0.2244828 -0.2330737
vn -0.9685879 -0.02255542 0.2476462
vn -0.8296667 -0.3071899 -0.4661412
vn -0.5719118 0.2604037 0.7778862
vn -0.4239399 0.3128465 0.8499423
vn -0.1524477 0.3799942 0.9123399
vn -0.03289544 0.399954 0.9159447
vn 0.2095547 0.4236128 0.8812713
vn 0.3322904 0.4265085 0.8412334
vn 0.6102276 0.404759 0.6810231
vn 0.754653 0.3699478 0.5418833
vn 0.9635323 0.2320356 0.1332847
vn 0.9812648 0.1115154 -0.1571101
vn -0.03532466 0.8930849 -0.4484991
vn -0.03608155 0.8959033 -0.4427814
vn -0.03608155 0.8959033 -0.4427814
vn -0.03683695 0.8986849 -0.4370453
vn -0.5013077 0.3642255 0.784876
vn -0.5013077 0.3642254 0.7848762
vn -0.5013077 0.3642254 0.7848762
vn -0.5013075 0.3642252 0.7848762
vn 0.9030903 0.2939896 0.3130464
vn 0.9030911 0.2939866 0.313047
vn 0.9030911 0.2939866 0.313047
vn 0.9030918 0.2939835 0.3130476
vn 0.1926001 0.5949491 0.7803466
vn 0.1609297 0.6862959 0.7092952
vn 0.1888321 0.5887591 0.7859423
vn 0.1231255 0.7221239 0.6807182
vn 0.04063262 0.8565959 0.5143854
vn -0.01535778 0.9096325 0.41513
vn -0.06338584 0.9659144 0.2509814
vn -0.06642289 0.973937 0.2168752
vn -0.2816479 0.6195231 -0.7327112
vn -0.2808081 0.6164724 -0.7356009
vn -0.2808081 0.6164724 -0.7356009
vn -0.2799632 0.6134103 -0.7384771
vn 0.2845973 0.8595758 0.4244217
vn 0.2934223 0.8313027 0.4720586
vn 0.3053609 0.8549915 0.4192186
vn 0.2870804 0.8578163 0.4263051
vn 0.2870743 0.8578185 0.4263048
vn 0.2870774 0.8578197 0.4263003
vn 0.2876894 0.8661617 0.4086547
vn 0.2878101 0.8745612 0.3902667
vn 0.3123261 0.8613483 0.4006638
vn 0.3285214 0.8489664 0.4139199
vn 0.3541295 0.8531387 0.3830752
vn 0.3472541 0.8299909 0.4364971
vn 0.6875214 0.05146227 -0.7243383
vn 0.2890598 0.4971956 -0.8180715
vn 0.5664933 0.2240805 -0.7930153
vn 0.1384771 0.6028818 -0.785721
vn -0.1596293 0.7443151 -0.6484701
vn -0.3071668 0.7806822 -0.5442278
vn -0.5641016 0.7741361 -0.2872326
vn -0.6719886 0.7285162 -0.1330236
vn -0.7944367 0.5926497 0.1328031
vn -0.8221653 0.5139337 0.2447783
vn -0.8131275 0.24238 0.5292218
vn -0.7304858 0.02605472 0.6824307
vn -0.4824186 -0.320396 0.8152415
vn -0.3385215 -0.4568475 0.822614
vn -0.4824186 -0.320396 0.8152415
vn -0.08526557 -0.6345553 0.7681597
vn -0.3385215 -0.4568475 0.822614
vn 0.01980801 -0.6888762 0.7246084
vn 0.148133 -0.7404991 0.6555287
vn 0.1732088 -0.7486499 0.639939
vn 0.1980991 -0.756092 0.6237642
vn 0.1980985 -0.7560915 0.6237648
vn 0.8201132 -0.2731428 -0.5027995
vn 0.8077161 -0.2216755 -0.54631
vn 0.8201157 -0.2731451 -0.5027941
vn 0.7914377 -0.1689138 -0.5874474
vn 0.6875214 0.05146227 -0.7243383
vn 0.5664933 0.2240805 -0.7930153
vn -0.4684915 0.3042121 0.82944
vn -0.465086 0.3132991 0.8279725
vn -0.4653163 0.3104096 0.828931
vn -0.4559278 0.2999467 0.8379509
vn -0.4775716 0.2959604 0.827244
vn -0.5130498 0.3030536 0.8030806
vn -0.5222479 0.3326617 0.7852346
vn -0.4644596 0.3415236 0.8170918
vn -0.4412779 0.3098671 0.8421736
vn -0.4490738 0.2742479 0.8503652
vn -0.5111503 0.2284252 0.8285815
vn -0.4853745 0.2233984 0.8452839
vn -0.4809476 0.2112179 0.8509268
vn -0.4227941 0.230312 0.876471
vn -0.05901663 0.9953354 -0.07631793
vn -0.517154 0.5860948 -0.6237344
vn -0.3277443 0.850861 -0.4106327
vn -0.4670285 0.6883216 -0.5550656
vn -0.517154 0.5860948 -0.6237344
vn -0.6031113 0.3145187 -0.7330312
vn -0.6432822 0.2187298 -0.7337202
vn -0.6643332 0.172394 -0.7272839
vn -0.6739151 0.1686394 -0.7193046
vn -0.6597288 0.2311418 -0.7150743
vn 0.3417577 0.8751926 0.3424026
vn -0.05901663 0.9953354 -0.07631793
vn 0.1949236 0.9646916 0.1771296
vn -0.1594566 0.9677875 -0.1948355
vn 0.5481799 0.6422472 0.53574
vn 0.6660315 0.5335545 0.5212692
vn 0.751175 0.3769906 0.5418618
vn 0.7734113 0.5061361 0.3816558
vn -0.4516689 0.3005192 0.8400497
vn -0.4437289 0.3145071 0.8391602
vn -0.4449579 0.31006 0.8401638
vn -0.4348003 0.3018465 0.8484323
vn -0.4631252 0.2975749 0.8348439
vn -0.4808373 0.2836214 0.8296712
vn -0.4889626 0.2901846 0.8226229
vn -0.4635828 0.2816139 0.8401099
vn -0.4840383 0.2617324 0.8349869
vn -0.4987089 0.2466969 0.8309212
vn -0.5206167 0.2222982 0.8243433
vn -0.4867482 0.2353512 0.8412406
vn -0.4711398 0.2253726 0.8527805
vn -0.4408159 0.2320354 0.8670876
vn -0.4350482 0.2179585 0.8736288
vn -0.4229486 0.2282693 0.8769307
vn -0.001360182 0.9999878 -0.004743202
vn -0.4512179 0.6971277 -0.5571495
vn -0.1726448 0.9527652 -0.2498643
vn -0.5083266 0.5888933 -0.628338
vn 0.2347292 0.9469993 0.2193046
vn 0.3746414 0.834498 0.4040505
vn 0.5195094 0.6228047 0.5849994
vn 0.5690656 0.5269338 0.6312727
vn -0.6421877 0.3740323 -0.6691
vn -0.6238858 0.3286425 -0.7090561
vn -0.7561305 0.0755368 -0.6500469
vn -0.7960939 -0.02751257 -0.6045473
vn 0.6039316 0.4619807 0.6494925
vn 0.623371 0.4921022 0.6076546
vn -0.7561305 0.0755368 -0.6500469
vn -0.7900451 -0.2503151 -0.5596169
vn -0.7960939 -0.02751257 -0.6045473
vn -0.8156528 -0.1882597 -0.5470545
vn 0.5023207 0.6228055 0.5998226
vn 0.4526607 0.6840145 0.5720335
vn 0.5074247 0.5492342 0.6639744
vn 0.3858757 0.7967312 0.4651014
vn 0.5001563 0.649482 0.5727277
vn 0.4773697 0.7458194 0.46462
vn 0.3345192 0.8544381 0.3975327
vn 0.3620413 0.8043246 0.4711563
vn 0.2987458 0.9110655 0.2840964
vn 0.2219571 0.9488916 0.2243652
vn 0.1162115 0.9928122 0.0286123
vn 0.1839398 0.9167767 0.3545233
vn -0.3023682 0.2202925 -0.9273859
vn -0.3158289 0.2783551 -0.907067
vn -0.3158289 0.2783551 -0.907067
vn -0.3280372 0.3353138 -0.8831513
vn -0.3516337 0.5848954 0.7309248
vn -0.3589692 0.5890664 0.7239764
vn -0.3248031 0.5891792 0.7398451
vn -0.3248018 0.5891795 0.7398455
vn -0.3248004 0.5891804 0.7398453
vn -0.3248005 0.5891806 0.7398451
vn -0.3248023 0.58918 0.7398449
vn -0.3248012 0.5891809 0.7398446
vn -0.3248008 0.5891814 0.7398443
vn -0.3247978 0.5891836 0.7398438
vn -0.3926332 0.5881174 0.7070764
vn -0.4069013 0.5958214 0.6924076
vn -0.3823164 -0.7819444 0.4923384
vn -0.3245798 -0.7788253 0.53673
vn -0.3638918 -0.7813913 0.5069619
vn -0.3036523 -0.7767215 0.5518142
vn -0.2825364 -0.774099 0.5665191
vn -0.4040361 -0.7820382 0.4745221
vn -0.407544 -0.7819955 0.4715833
vn -0.44676 -0.780356 0.4375501
vn -0.4815502 -0.7770151 0.4054097
vn -0.5151799 -0.7719359 0.3724306
vn -0.5151803 -0.7719356 0.3724307
vn -0.2825359 -0.7740991 0.5665193
vn -0.5063879 0.1602204 0.8472902
vn -0.5658144 0.8014554 0.193709
vn -0.5815418 0.3898153 0.71404
vn -0.5658326 0.7823461 0.2603227
vn -0.4390489 0.8806048 -0.1782445
vn -0.4183478 0.8585761 -0.2963649
vn -0.1413269 -0.4904162 0.8599527
vn -0.1163089 -0.4818639 0.8684925
vn 0.6568501 0.6137135 0.4380681
vn 0.6535316 0.6280103 0.4224921
vn 0.6783524 0.5761667 0.4559276
vn 0.6659598 0.6178731 0.4180077
vn 0.6997565 0.5416979 0.4657297
vn 0.7231787 0.4858877 0.490842
vn 0.725194 0.4966437 0.4769054
vn 0.7184534 0.5171238 0.4651964
vn 0.7109849 0.5331829 0.4584935
vn 0.7119753 0.5171802 0.4749904
vn 0.6672803 0.5731775 0.4756099
vn 0.6912495 0.5841395 0.4253881
vn 0.6614119 0.5097664 0.5501568
vn 0.717867 0.5028569 0.4814581
vn 0.720903 0.5028425 0.4769153
vn 0.7168227 0.5250736 0.4587622
vn 0.7162822 0.5261871 0.4583306
vn 0.7164414 0.5250731 0.4593583
vn 0.7159304 0.526594 0.4584131
vn 0.6169223 0.4155716 0.6683616
vn -0.2494099 -0.2160686 0.9439857
vn -0.272221 -0.2040401 0.9403528
vn -0.3054763 -0.1501083 0.9402934
vn -0.4120584 -0.03550356 0.9104654
vn -0.4992951 0.07914532 0.8628097
vn -0.5683856 0.1479234 0.8093556
vn -0.5958821 0.201034 0.7775024
vn -0.601979 0.2237167 0.7665325
vn -0.649556 0.4473431 0.6147854
vn -0.6396478 0.5924965 0.4896926
vn -0.5768579 0.7972856 0.1776814
vn -0.5264862 0.8326564 0.1717427
vn -0.3456911 0.9257577 -0.1532001
vn -0.1986457 0.9076714 -0.3696927
vn -0.03518866 0.7962066 -0.6040007
vn -0.04318667 0.7579436 -0.6508889
vn -0.7237788 0.4263695 0.5425434
vn -0.7237819 0.4263714 0.5425377
vn -0.7237808 0.4263694 0.5425407
vn -0.723784 0.4263709 0.5425352
vn -0.7237799 0.426369 0.5425423
vn -0.7237811 0.4263686 0.542541
vn -0.7237818 0.4263683 0.5425403
vn -0.7237813 0.4263684 0.5425409
vn -0.7237808 0.4263685 0.5425415
vn -0.7237796 0.4263687 0.542543
vn -0.7237818 0.4263733 0.5425364
vn -0.7237815 0.426374 0.5425363
vn 0.165892 -0.7135948 0.6806337
vn 0.2120657 -0.6713365 0.7101657
vn 0.1658914 -0.7135952 0.6806335
vn 0.25744 -0.6256347 0.7364143
vn 0.3338695 -0.5383329 0.7737758
vn 0.3655361 -0.4979058 0.7864307
vn 0.4174016 -0.4254166 0.8029923
vn 0.4381355 -0.3939708 0.8079754
vn 0.4686728 -0.344694 0.8133461
vn 0.4789482 -0.3272362 0.8145705
vn 0.4890217 -0.3096513 0.8154593
vn 0.4890227 -0.3096507 0.8154589
vn -0.6788856 0.4506117 0.5797098
vn -0.6788816 0.4506115 0.5797145
vn -0.6788848 0.4506117 0.5797107
vn -0.6788851 0.4506149 0.5797079
vn -0.678884 0.450613 0.5797106
vn -0.6788883 0.4506102 0.5797079
vn -0.6788885 0.4506093 0.5797082
vn -0.6788877 0.450617 0.5797033
vn -0.6788834 0.4506134 0.5797111
vn -0.6788858 0.4506059 0.5797139
vn -0.6788885 0.4506107 0.5797072
vn -0.6788818 0.4506124 0.5797137
vn -0.6788846 0.4506078 0.5797139
vn -0.6788845 0.4506125 0.5797105
vn -0.6788802 0.4506156 0.5797131
vn -0.6788826 0.4506106 0.5797142
vn 0.5076565 0.8584788 -0.07279395
vn 0.2514696 0.8844773 -0.3930178
vn 0.428152 0.8843556 -0.1860139
vn 0.6344914 0.7573647 0.1543351
vn 0.6811816 0.68122 0.2681997
vn 0.1546148 0.8595638 -0.4870774
vn -0.04168864 0.764604 -0.6431506
vn -0.1411256 0.694733 -0.705287
vn -0.3284629 0.5197461 -0.7886546
vn -0.4162158 0.4142526 -0.8094191
vn -0.5654858 0.1827288 -0.8042611
vn -0.6264477 0.05635709 -0.7774234
vn 0.730788 0.4911971 0.4739983
vn 0.7333432 0.3770195 0.565742
vn 0.6934301 0.1339103 0.7079709
vn 0.6513231 0.005103533 0.7587833
vn -0.3870267 -0.8905565 0.2389966
vn -0.1067445 -0.8417154 0.5292645
vn -0.2969072 -0.8905789 0.344551
vn -0.5426074 -0.8398072 0.01735142
vn -0.006826775 -0.7933724 0.6086984
vn 0.1885341 -0.6560797 0.7307628
vn -0.607549 -0.7881022 -0.09889001
vn -0.6985661 -0.6395166 -0.3209732
vn -0.7240466 -0.5419863 -0.4266233
vn -0.7290217 -0.319665 -0.6052617
vn -0.708518 -0.1948719 -0.6782531
vn -0.6264477 0.05635709 -0.7774234
vn -0.5654858 0.1827288 -0.8042611
vn 0.2839596 -0.5669699 0.7732477
vn 0.4560047 -0.3600564 0.8138913
vn 0.5322784 -0.24181 0.8113
vn 0.6513231 0.005103533 0.7587833
vn 0.6934301 0.1339103 0.7079709
vn 0 1 0
vn 0 1 0
vn 0 1 0
vn 0 1 0
vn 0 1 0
vn 0 1 0
vn -0.2140552 0.9540063 0.2098862
vn -0.3009288 0.8648129 0.4019212
vn -0.0701498 0.8965868 0.4372769
vn 0.1092687 0.8886723 0.4453334
vn 0.1788091 0.9192771 0.3506519
vn 0 1 0
vn -0.3280936 0.687107 0.648258
vn -0.7803884 0.4263393 0.4574154
vn -0.6925366 0.6975531 0.1838823
vn -0.02173904 0.7228469 0.6906663
vn 0.241926 0.7051699 0.6664888
vn 0.3363839 0.863298 0.3762477
vn 0.6790762 0.5549353 0.4805229
vn 0.2552941 -0.7309237 -0.6329103
vn 0.5293907 -0.6413528 -0.5553485
vn 0.6952059 -0.5434033 -0.4705332
vn 0.1587341 -0.7463908 -0.6463004
vn -0.02321506 -0.7557744 -0.6544205
vn -0.1084529 -0.7515191 -0.6507358
vn -0.3187804 -0.7165353 -0.6204484
vn -0.4418916 -0.6781616 -0.5872211
vn -0.7853891 -0.4679513 -0.4051979
vn -0.8818296 -0.3564963 -0.3086855
vn 0.8252529 -0.426947 -0.3696945
vn 0.8252556 -0.4269428 -0.3696932
vn -0.7803884 0.4263393 0.4574154
vn -0.9983388 0.003989118 0.05747847
vn -0.9434859 0.2169726 0.2505143
vn -0.9588173 -0.2335424 -0.1616396
vn -0.7853891 -0.4679513 -0.4051979
vn 0.8252485 0.4269507 0.3697
vn 0.6790762 0.5549353 0.4805229
vn 0.5176498 0.6299235 0.578995
vn 0.8252485 0.4269507 0.3697
vn -0.1163089 -0.4818639 0.8684925
vn -0.1413269 -0.4904162 0.8599527
vn 0.1527174 -0.7805047 0.6062093
vn 0.1064465 -0.7793022 0.6175414
vn 0 1 0
vn 0 1 0
vn 0 1 0
vn 0 1 0
vn 0 1 0
vn 0 1 0
vn 0 1 0
vn -0.1482763 0.9665788 0.2091398
vn -0.203871 0.9000305 0.3852035
vn -0.02565461 0.9207856 0.3892246
vn 0.127957 0.9214822 0.366739
vn 0.3331002 0.8953406 0.2956509
vn 0.4351169 0.8852283 0.164451
vn -0.2186519 0.7587941 0.613533
vn -0.5953791 0.6094323 0.5235609
vn -0.5141144 0.8051471 0.2956761
vn 0.03701893 0.791725 0.609755
vn 0.2906583 0.7775921 0.5575556
vn 0.6572383 0.6500821 0.3813543
vn 0.6372901 0.7682503 0.06043826
vn 0.984207 0.08927249 -0.1528628
vn 0.3473973 -0.6711497 -0.6548842
vn 0.6464577 -0.5023193 -0.574254
vn 0.8136043 -0.3388603 -0.4724634
vn 0.2378867 -0.7076404 -0.6653231
vn 0.04384795 -0.7458669 -0.6646503
vn -0.0398933 -0.7522105 -0.6577142
vn -0.2203857 -0.7452039 -0.6293659
vn -0.3167721 -0.7296298 -0.6060493
vn -0.5746008 -0.6404386 -0.5095806
vn -0.7243926 -0.5466835 -0.4199911
vn -0.8417671 -0.4361328 -0.3181452
vn -0.8417675 -0.436133 -0.3181438
vn 0.984207 0.08927249 -0.1528628
vn 0.9269206 0.3648162 0.08790576
vn -0.7570571 0.4871285 0.4353967
vn -0.87688 0.3482043 0.331414
vn -0.8768802 0.3482043 0.3314135
vn -0.5953791 0.6094323 0.5235609
vn -0.1980323 0.5091004 0.8376157
vn -0.2224837 0.4241465 0.8778387
vn -0.1961518 0.443884 0.874352
vn -0.3100852 0.4155314 0.8550911
vn -0.3388814 0.4591001 0.8212104
vn -0.3803379 0.5109091 0.7709183
vn -0.3590399 0.5341049 0.7653904
vn -0.4184816 0.5415064 0.7291393
vn -0.429527 0.5508904 0.7155601
vn -0.4309762 0.5640401 0.7043567
vn -0.415293 0.5783995 0.7021293
vn -0.3963521 0.586428 0.7064044
vn 0.8031813 0.5086434 -0.3101313
vn 0.6817576 0.6444854 -0.3461868
vn 0.8548073 0.4695774 -0.2209105
vn 0.5740107 0.7401106 -0.3503542
vn 0.1277018 0.8699499 -0.4763187
vn -0.01765605 0.88698 -0.4614701
vn -0.5736429 0.6791583 -0.4579059
vn -0.61917 0.6661439 -0.4157895
vn -0.8539163 0.329788 -0.4025753
vn -0.7711999 0.4493634 -0.4509138
vn -0.8901607 0.2052942 -0.4067776
vn -0.9209964 0.05325936 -0.3859135
vn -0.298792 0.2757014 0.9136258
vn -0.2610256 0.4043667 0.8765576
vn -0.2934569 0.4011323 0.8677418
vn -0.227665 0.4573564 0.8596475
vn -0.2155472 0.4328815 0.8753016
vn -0.2739868 0.4732448 0.8372398
vn -0.2917893 0.5053248 0.8120996
vn -0.3354533 0.5460808 0.7676372
vn -0.3320029 0.5649369 0.7553942
vn -0.377137 0.5772322 0.7242725
vn -0.4126358 0.5419961 0.732101
vn -0.4389097 0.5104052 0.7394896
vn -0.4466923 0.4620851 0.7661222
vn -0.4113874 0.4749586 0.7779298
vn -0.39811 0.4679493 0.7890068
vn -0.3763901 0.5001684 0.7798475
vn 0.8183454 0.4802479 -0.3157097
vn 0.8760379 0.4273013 -0.2235424
vn 0.8734165 0.4279293 -0.2324222
vn 0.8954032 0.4060269 -0.1827437
vn 0.7494123 0.5594295 -0.3541467
vn 0.6429371 0.6429487 -0.4162319
vn 0.2214533 0.7790377 -0.5865652
vn 0.1342432 0.8359296 -0.5321659
vn -0.5088339 0.6948512 -0.5082026
vn 0.1342432 0.8359296 -0.5321659
vn -0.3528194 0.762473 -0.5423591
vn 0.1046418 0.8872608 -0.449242
vn -0.8701512 0.306433 -0.3859219
vn -0.9596752 0.008091311 -0.2809951
vn -0.89495 0.2709525 -0.3544704
vn -0.5088339 0.6948512 -0.5082026
vn -0.9637064 -0.1073248 -0.2444409
vn -0.9579645 -0.1947648 -0.2106431
vn -0.6734438 0.5619278 -0.4803234
vn -0.89495 0.2709525 -0.3544704
vn -0.8576756 0.3939212 -0.3304825
vn -0.9637064 -0.1073248 -0.2444409
vn -0.9579645 -0.1947648 -0.2106431
vn -0.9463642 -0.2599707 -0.1918598
vn -0.3205118 0.1277777 0.9385868
vn -0.3574336 0.1032138 0.9282177
vn -0.3299104 0.07542472 0.9409943
vn -0.3873179 0.110461 0.915305
vn -0.4479412 0.173141 0.8771378
vn -0.5045328 0.2143573 0.8363597
vn -0.5522557 0.2569137 0.7931008
vn -0.574886 0.2839383 0.7673885
vn -0.597267 0.2792412 0.7518619
vn -0.6116587 0.2765242 0.7412206
vn -0.6343703 0.2465772 0.7326486
vn -0.6220219 0.2390795 0.745607
vn -0.6203008 0.2014298 0.7580587
vn -0.5913892 0.2225428 0.77507
vn -0.5847785 0.2125106 0.7828622
vn -0.570502 0.2655706 0.7771742
vn 0.3359677 0.9051577 -0.2604134
vn -0.3671076 0.8085402 -0.4598856
vn 0.2376684 0.9427639 -0.2339014
vn 0.6534683 0.755794 -0.04188779
vn 0.7407246 0.6714532 0.02185177
vn 0.8199195 0.5585495 0.1255165
vn 0.8062281 0.5825116 0.1033272
vn 0.7931963 0.6030108 0.08495587
vn 0.7915146 0.6056701 0.08165982
vn 0.2376684 0.9427639 -0.2339014
vn 0.03698359 0.9485162 -0.3145618
vn 0.1924739 0.9693199 -0.1528812
vn -0.750749 0.3736856 -0.5447339
vn -0.8224903 0.1180809 -0.5563871
vn -0.7610168 0.3571213 -0.5415881
vn -0.5271757 0.6707278 -0.5217375
vn -0.7121348 0.4879563 -0.5047401
vn -0.8300991 -0.002807985 -0.5576087
vn -0.829431 -0.09642898 -0.5502234
vn -0.8300991 -0.002807985 -0.5576087
vn -0.829431 -0.09642898 -0.5502234
vn -0.8199903 -0.164613 -0.5481958
vn 0.7050416 0.6108896 0.3601809
vn 0.7050415 0.610885 0.3601888
vn 0.7050439 0.6108861 0.3601825
vn 0.7050455 0.6108876 0.3601767
vn 0.7050423 0.610889 0.3601806
vn 0.7050478 0.6108862 0.3601745
vn 0.7050493 0.6108811 0.3601801
vn 0.7050412 0.6108867 0.3601865
vn 0.705043 0.6108881 0.3601809
vn 0.7050462 0.6108815 0.3601854
vn 0.7050407 0.6108856 0.3601893
vn 0.7050408 0.6108894 0.3601827
vn 0.7050461 0.6108831 0.360183
vn 0.1947713 0.3254317 -0.9252883
vn -0.1794246 0.6488223 -0.739484
vn 0.068942 0.4504587 -0.8901314
vn -0.3018999 0.7215441 -0.6230814
vn -0.5051 0.7913018 -0.344551
vn -0.5862725 0.7891822 -0.1829648
vn -0.6862139 0.7143465 0.1371839
vn -0.7063043 0.6431909 0.2957022
vn -0.684132 0.4530812 0.57156
vn -0.6425352 0.3346492 0.6893175
vn -0.5076531 0.07761247 0.8580587
vn -0.4138162 -0.06119111 0.9083017
vn -0.194781 -0.3254229 0.9252893
vn -0.06894967 -0.4504521 0.8901342
vn -0.194781 -0.3254229 0.9252893
vn 0.1794224 -0.6488204 0.7394862
vn -0.06894967 -0.4504521 0.8901342
vn 0.3019008 -0.721543 0.6230824
vn 0.5050995 -0.7913011 0.3445534
vn 0.586271 -0.7891822 0.1829695
vn 0.6862151 -0.7143443 -0.1371902
vn 0.7063059 -0.6431801 -0.2957219
vn 0.6841285 -0.453068 -0.5715747
vn 0.6425381 -0.3346552 -0.6893118
vn 0.5076609 -0.07762539 -0.8580528
vn 0.4138158 0.06119116 -0.9083018
vn 0.1947713 0.3254317 -0.9252883
vn 0.068942 0.4504587 -0.8901314
vn 0.3228254 -0.1058742 -0.9405181
vn 0.7246185 0.0207701 -0.6888372
vn 0.4567989 -0.06914786 -0.8868784
vn 0.846358 0.07462609 -0.5273604
vn 0.06338911 -0.166036 -0.9840803
vn -0.06096678 -0.1903072 -0.9798297
vn -0.3140986 -0.2305884 -0.9209621
vn -0.4421608 -0.2457751 -0.8626056
vn -0.7004088 -0.2617029 -0.6640325
vn -0.8206911 -0.2579121 -0.5098506
vn -0.9690586 -0.2166454 -0.1182809
vn -0.9766069 -0.1736246 0.1268602
vn 0.9766091 0.1736297 -0.1268365
vn 0.9690585 0.2166456 0.1182813
vn -0.7246162 -0.02076756 0.6888397
vn -0.9766069 -0.1736246 0.1268602
vn -0.8463461 -0.07461887 0.5273806
vn -0.9690586 -0.2166454 -0.1182809
vn -0.4568116 0.06914587 0.8868721
vn -0.3228324 0.1058733 0.9405159
vn -0.06338945 0.1660364 0.9840801
vn 0.06097401 0.190309 0.9798289
vn 0.3140961 0.2305889 0.9209628
vn 0.4421517 0.2457752 0.8626102
vn 0.7004076 0.2617035 0.6640334
vn 0.8207002 0.2579116 0.509836
vn 0.9690585 0.2166456 0.1182813
vn 0.9766091 0.1736297 -0.1268365
vn -0.3891183 0.4882208 0.7811705
vn -0.3891155 0.4882265 0.7811684
vn -0.3891623 0.4883331 0.7810783
vn -0.3889931 0.4880498 0.7813398
vn -0.3892098 0.4882513 0.781106
vn -0.3893769 0.4883766 0.7809442
vn -0.3893728 0.4884305 0.7809126
vn -0.3892359 0.4884379 0.7809762
vn -0.389122 0.4884299 0.781038
vn -0.3891585 0.4884465 0.7810093
vn -0.3893909 0.4883552 0.7809507
vn -0.389584 0.4882638 0.7809116
vn -0.3897766 0.4881944 0.7808588
vn -0.4130431 0.4843959 0.7712043
vn -0.4304164 0.486949 0.7600147
vn -0.4227683 0.5010485 0.7551274
vn -0.3993831 0.5052541 0.7649911
vn -0.3815632 0.5026933 0.775699
vn -0.3891223 0.4888898 0.78075
vn -0.3891499 0.4887784 0.780806
vn -0.3892 0.4885876 0.7809005
vn -0.389202 0.4885308 0.780935
vn -0.3891971 0.4884832 0.7809672
vn -0.3891521 0.4885488 0.7809486
vn 0.3377423 0.8931379 -0.2970432
vn 0.1182829 0.866963 -0.4841325
vn 0.2879088 0.8937451 -0.3439889
vn 0.4579126 0.8724822 -0.1705604
vn -0.006195099 0.8220106 -0.5694383
vn -0.2563329 0.6663723 -0.7001725
vn -0.3813381 0.547826 -0.7446259
vn -0.5697567 0.3049563 -0.7631376
vn -0.639246 0.1863668 -0.7460778
vn -0.7429948 -0.05779539 -0.6667972
vn -0.7763956 -0.1830965 -0.6030635
vn 0.5255009 0.8460979 -0.08925868
vn 0.6433735 0.7614662 0.07899252
vn 0.6926909 0.7018818 0.1659556
vn 0.7497586 0.5927575 0.2941099
vn 0.7644309 0.5492086 0.3376616
vn 0.7788308 0.4897205 0.3919139
vn 0.7814173 0.4756479 0.4039135
vn 0.7889441 0.4179192 0.4504561
vn 0.7917382 0.3730116 0.4837489
vn 0.7877186 0.2555239 0.5605417
vn 0.7777085 0.1816395 0.6018111
vn 0.7621536 0.1069674 0.6384981
vn 0.7621798 0.1069737 0.6384658
vn -0.768907 -0.5332675 -0.3527149
vn -0.7366574 -0.6241908 -0.2602338
vn -0.7544249 -0.5801367 -0.3070578
vn -0.787991 -0.4273422 -0.4432254
vn -0.7917704 -0.3677954 -0.4876742
vn -0.7366437 -0.6242058 -0.2602365
vn -0.7763956 -0.1830965 -0.6030635
vn -0.7429948 -0.05779539 -0.6667972
vn 0.6024903 0.6844214 0.410576
vn 0.6576129 0.5541149 0.5103941
vn 0.6219164 0.6453722 0.4435254
vn 0.5813281 0.7213287 0.3764873
vn 0.5813286 0.7213193 0.3765045
vn 0.6729958 0.5003892 0.5446901
vn 0.7034747 0.3126923 0.6382374
vn 0.705375 0.1687555 0.6884533
vn 0.6370243 -0.2123726 0.7410114
vn 0.5366991 -0.4512131 0.7129943
vn 0.3122514 -0.7561322 0.5751201
vn 0.2056699 -0.8466648 0.4907736
vn 0.02573445 -0.9428777 0.3321438
vn -0.04329813 -0.9631564 0.2654335
vn -0.3893313 0.4883486 0.7809845
vn -0.3891237 0.4887646 0.7808278
vn -0.3891597 0.488766 0.7808089
vn -0.3890264 0.488915 0.780782
vn -0.3893081 0.4885131 0.7808932
vn -0.389114 0.4882685 0.7811428
vn -0.3891833 0.4881445 0.7811859
vn -0.3891371 0.488304 0.7811092
vn -0.3891922 0.4883586 0.7810476
vn -0.3891931 0.4884979 0.78096
vn -0.3891405 0.4883772 0.7810616
vn -0.3894868 0.4885777 0.7807636
vn -0.3898973 0.488752 0.7804495
vn -0.3897376 0.488793 0.7805037
vn -0.3894706 0.4888174 0.7806216
vn -0.7076182 -0.182548 -0.6826072
vn -0.702623 -0.097387 -0.7048665
vn -0.7026262 -0.09736867 -0.7048659
vn -0.7070738 -0.266994 -0.6547983
vn -0.6938109 -0.4024959 -0.5971795
vn -0.6840478 -0.4551702 -0.5699989
vn -0.6535547 -0.5662438 -0.5022293
vn -0.6314942 -0.6237715 -0.4605696
vn -0.5869659 -0.711976 -0.3854364
vn -0.5662508 -0.7447413 -0.3531579
vn -0.5355319 -0.7865497 -0.3074821
vn -0.5267124 -0.7972956 -0.2947778
vn -0.474933 -0.8512777 -0.2230802
vn -0.4283875 -0.8889309 -0.1621295
vn -0.3884818 0.4889974 0.7810014
vn -0.3884432 0.4890354 0.780997
vn -0.3883264 0.4891244 0.7809994
vn -0.3886883 0.4887596 0.7810476
vn -0.388797 0.4883843 0.7812284
vn -0.3889111 0.4880047 0.7814087
vn 0.02573445 -0.9428777 0.3321438
vn -0.2051676 -0.9736884 0.09918217
vn -0.04329813 -0.9631564 0.2654335
vn -0.295632 -0.9553006 -0.001560634
vn -0.4283875 -0.8889309 -0.1621295
vn -0.474933 -0.8512777 -0.2230802
vn 0.1256496 0.8597872 0.4949528
vn -0.1194309 0.9523786 0.2805551
vn 0.3574345 0.8929409 0.2736734
vn 0 1 0
vn 0.6383357 0.5946869 0.4887484
vn 0.6383513 0.5946686 0.4887503
vn -0.1194309 0.9523786 0.2805551
vn -0.007240196 0.7777331 0.6285529
vn -0.3324294 0.4958355 0.8022705
vn -0.3324294 0.4958355 0.8022705
vn -0.3324294 0.4958355 0.8022705
vn -0.3402237 0.4191115 0.8417798
vn 0.7039743 0.6092547 -0.3650053
vn 0.5685507 0.7927302 -0.2198384
vn 0.478909 0.5757929 -0.6626527
vn 0.1528598 0.722696 -0.6740507
vn -0.0009659281 0.257282 -0.9663359
vn -0.2848889 0.4098354 -0.8665294
vn 0.2564 0.9647309 -0.05960983
vn 0.5465263 0.8105165 0.2106467
vn 0.3265086 0.8669377 0.3765784
vn 0.5906086 0.649518 0.4788611
vn 0.3249811 0.5684138 0.7558393
vn 0.6906512 0.436869 0.5763214
vn 0.4725026 0.3261119 0.8187749
vn 0.802553 0.2185956 0.5550898
vn 0.6777649 0.1215357 0.7251647
vn -0.1286588 0.9903886 -0.05076938
vn -0.1960048 0.9666453 -0.1648601
vn -0.09993616 0.8042755 0.5857934
vn 0.05739006 0.444744 0.8938171
vn 0.2524008 0.2079467 0.9450142
vn 0.418112 -0.04248551 0.9074014
vn -0.2929854 0.5745116 0.7642617
vn -0.1953838 0.3069102 0.9314673
vn 0.016257 0.03391839 0.9992924
vn 0.1525026 -0.2022646 0.967384
vn -0.4974253 0.06714666 0.8649043
vn -0.8393735 0.1083671 0.5326431
vn -0.5600134 0.5004153 0.6602799
vn -0.9466321 -0.1754751 0.2703629
vn -0.9745376 -0.2160627 -0.05994479
vn -0.9963243 -0.02049077 -0.08317532
vn -0.7681003 0.4330164 0.4717188
vn -0.7830468 0.6072208 0.1346128
vn -0.7445164 -0.2463648 0.6204835
vn -0.3013755 -0.2082421 0.9304881
vn -0.677272 -0.08163174 -0.7311901
vn -0.7832682 -0.2888344 -0.550514
vn -0.7832682 -0.2888344 -0.550514
vn -0.8052745 -0.4712817 -0.3597588
vn -0.1960048 0.9666453 -0.1648601
vn -0.09993616 0.8042755 0.5857934
vn -0.6162476 0.7830869 0.083748
vn -0.5600134 0.5004153 0.6602799
vn 0.418112 -0.04248551 0.9074014
vn 0.7255428 0.04301668 0.6868312
vn 0.4390824 -0.1393366 0.8875765
vn 0.6777649 0.1215357 0.7251647
vn 0.8516242 0.08431976 0.5173262
vn 0.7255428 0.04301668 0.6868312
vn -0.8884341 -0.4423109 -0.122662
vn -0.9466321 -0.1754751 0.2703629
vn -0.9560596 -0.2668711 0.1213662
vn -0.7445164 -0.2463648 0.6204835
vn -0.7800077 -0.3990158 0.4820521
vn -0.2848889 0.4098354 -0.8665294
vn -0.6764341 0.3427396 -0.6518946
vn -0.677272 -0.08163174 -0.7311901
vn -0.3010769 0.8781615 -0.3717323
vn -0.6567674 0.6876325 -0.3095452
vn -0.2848889 0.4098354 -0.8665294
vn 0.802553 0.2185956 0.5550898
vn 0.8516242 0.08431976 0.5173262
vn 0.6777649 0.1215357 0.7251647
vn 0.8603979 0.1766058 0.478044
vn 0.6777649 0.1215357 0.7251647
vn 0.7255428 0.04301668 0.6868312
vn 0.418112 -0.04248551 0.9074014
vn 0.418112 -0.04248551 0.9074014
vn 0.4390824 -0.1393366 0.8875765
vn 0.1525026 -0.2022646 0.967384
vn 0.1232766 -0.3347799 0.9341977
vn -0.2233657 -0.4081797 0.8851537
vn -0.3013755 -0.2082421 0.9304881
vn -0.6050403 -0.4384147 0.6646192
vn -0.7445164 -0.2463648 0.6204835
vn -0.7800077 -0.3990158 0.4820521
vn -0.7481705 -0.5306294 0.3983382
vn -0.6159138 -0.5224877 0.5896243
vn 0.016257 0.03391839 0.9992924
vn -0.2905425 -0.5189413 0.8039185
vn -0.6630252 -0.5359361 0.5226569
vn -0.7681543 -0.5066278 0.3914937
vn -0.7630377 -0.5083173 0.3992332
vn -0.0009659281 0.257282 -0.9663359
vn -0.2848889 0.4098354 -0.8665294
vn -0.3939542 -0.1185762 -0.9114493
vn -0.677272 -0.08163174 -0.7311901
vn -0.6262177 -0.4352045 -0.646876
vn -0.7832682 -0.2888344 -0.550514
vn -0.6500415 -0.5696397 -0.5029481
vn -0.8052745 -0.4712817 -0.3597588
vn -0.6817293 -0.675306 -0.2814377
vn -0.8884341 -0.4423109 -0.122662
vn -0.9745376 -0.2160627 -0.05994479
vn -0.9466321 -0.1754751 0.2703629
vn -0.9963243 -0.02049077 -0.08317532
vn -0.7832682 -0.2888344 -0.550514
vn -0.8241051 0.3545396 -0.4417605
vn -0.677272 -0.08163174 -0.7311901
vn -0.7445164 -0.2463648 0.6204835
vn -0.9560596 -0.2668711 0.1213662
vn 0.5996978 0.7116943 0.3658606
vn 0.6375362 0.7702245 0.01737225
vn 0.7235134 0.4962185 0.4798911
vn 0.8419332 0.3628419 0.3993672
vn 0.8603979 0.1766058 0.478044
vn 0.7377207 0.6123616 -0.2842211
vn 0.7642625 0.4417759 -0.4698264
vn 0.4062133 0.6842706 -0.605611
vn 0.3942628 0.5022534 -0.7696093
vn 0.7750123 -0.008470367 -0.6318892
vn 0.4003499 0.1029309 -0.9105631
vn -0.02126383 0.6042093 -0.7965419
vn -0.06533211 0.4469069 -0.8921916
vn 0.9581699 0.2794556 -0.06176591
vn 0.9084411 0.4056525 0.1008998
vn 0.9314981 0.05373171 0.3597558
vn 0.8762254 0.1026976 0.4708314
vn -0.06547134 0.1900414 -0.9795907
vn -0.4530558 0.3814526 -0.8057507
vn -0.5086561 0.2895919 -0.8108055
vn -0.5149787 0.2333788 -0.824822
vn -0.06932356 0.06038662 -0.9957649
vn -0.5176415 0.2054155 -0.8305731
vn -0.3907995 -0.150196 -0.9081393
vn -0.7802498 0.06528551 -0.6220514
vn -0.8359578 0.0668378 -0.5447084
vn -0.8468938 0.2239715 -0.4822942
vn -0.8250756 0.3336528 -0.4559891
vn -0.6232918 0.1266722 -0.7716616
vn -0.6840797 0.4964905 -0.5343521
vn -0.6250515 0.1464415 -0.7667238
vn -0.4674677 0.602103 -0.6472604
vn -0.6190621 0.2174951 -0.7546244
vn -0.4329445 0.6509717 -0.6235343
vn -0.9731455 -0.1714608 -0.1535868
vn -0.9861004 0.1636104 -0.02894325
vn -0.9170609 0.3984255 0.016017
vn -0.6284525 0.7635739 -0.1483324
vn -0.2237283 0.9004019 -0.3731247
vn -0.1489828 0.9251308 -0.349195
vn -0.887202 -0.3714062 0.2737338
vn -0.8993721 0.06514848 0.4323027
vn -0.7982265 0.3753282 0.4711296
vn -0.7247334 0.6737856 -0.1441339
vn -0.6332674 0.6594071 0.4051601
vn 0.06463278 0.9975689 -0.02605364
vn -0.2401688 0.9695575 0.04771733
vn 0.1624547 0.9867131 -0.002423286
vn -0.5966409 -0.4862739 0.638402
vn -0.6053224 -0.04873016 0.7944874
vn -0.5091304 0.2653693 0.8187585
vn -0.7088472 0.4510526 0.5422981
vn -0.41739 0.3260758 0.84821
vn 0.3465401 0.8819861 0.3193907
vn 0.2449044 0.9231544 0.2963239
vn -0.006286291 0.9991565 -0.04058143
vn 0.4363397 0.8319774 0.3426682
vn -0.1722785 -0.1509742 0.9734099
vn -0.1100531 0.09086262 0.9897637
vn -0.235637 0.4913465 0.838483
vn 0.2438846 0.4356113 0.8664659
vn 0.02981138 0.768477 0.6391826
vn 0.5635146 0.5704882 0.5974903
vn 0.6167488 0.4899095 0.6161248
vn 0.3223079 -0.1071624 0.9405497
vn 0.2989943 -0.2179915 0.9290221
vn 0.5176282 0.05640666 0.8537443
vn 0.6490189 0.1106085 0.7526886
vn 0.6579807 0.02653012 0.7525672
vn -0.4366722 0.8273355 -0.3533176
vn -0.2237283 0.9004019 -0.3731247
vn -0.006286291 0.9991565 -0.04058143
vn 0.7750123 -0.008470367 -0.6318892
vn 0.7209726 -0.191535 -0.6659675
vn 0.4003499 0.1029309 -0.9105631
vn 0.37824 -0.07047864 -0.9230207
vn 0.6902254 -0.1332436 -0.7112209
vn 0.3482367 -0.06641922 -0.9350507
vn 0.9148455 -0.2982497 -0.2722221
vn 0.9710764 -0.1178963 -0.2076316
vn 0.9153897 -0.3422033 0.2120344
vn 0.943785 -0.1996272 0.2634749
vn 0.6972751 -0.2721641 0.6631244
vn 0.7011323 -0.2354098 0.6730496
vn 0.3223079 -0.1071624 0.9405497
vn 0.2989943 -0.2179915 0.9290221
vn 0.6922321 -0.1834662 0.6979648
vn 0.2956614 -0.3791328 0.8768367
vn 0.6361414 -0.2303319 0.7363908
vn 0.2433691 -0.5086186 0.8258804
vn -0.1691955 -0.4888276 0.8558157
vn -0.1994477 -0.6634554 0.7211432
vn -0.5966409 -0.4862739 0.638402
vn -0.5885509 -0.6667101 0.4572805
vn -0.887202 -0.3714062 0.2737338
vn -0.8463781 -0.5240369 0.09502248
vn -0.9731455 -0.1714608 -0.1535868
vn -0.9192106 -0.2627746 -0.2932601
vn -0.8359578 0.0668378 -0.5447084
vn -0.7802498 0.06528551 -0.6220514
vn -0.6053224 -0.04873016 0.7944874
vn -0.1722785 -0.1509742 0.9734099
vn 0.8762254 0.1026976 0.4708314
vn 0.9314981 0.05373171 0.3597558
vn 0.9581699 0.2794556 -0.06176591
vn 0.7642625 0.4417759 -0.4698264
vn -0.446055 -0.8814449 0.155209
vn -0.3680962 -0.9297661 0.006346122
vn -0.610473 -0.7840505 -0.1121942
vn -0.566581 -0.7493902 -0.3426374
vn -0.3077366 -0.9352794 -0.1747873
vn -0.5414386 -0.68129 -0.492634
vn -0.7020239 -0.5124242 -0.4945543
vn -0.6630516 -0.3659116 -0.6530476
vn -0.5957605 -0.288861 -0.7494189
vn -0.6568598 -0.2674501 -0.7049862
vn -0.6250515 0.1464415 -0.7667238
vn -0.6232918 0.1266722 -0.7716616
vn -0.471035 -0.2658038 -0.8411149
vn -0.6190621 0.2174951 -0.7546244
vn -0.08647697 -0.9435651 0.3196978
vn -0.1627637 -0.916335 0.3658389
vn -0.00760567 -0.9836221 0.1800819
vn 0.2988657 -0.8127009 0.5001965
vn 0.251703 -0.7745848 0.5802276
vn 0.5422633 -0.4484521 0.7105219
vn 0.5396846 -0.393189 0.7444078
vn 0.6579807 0.02653012 0.7525672
vn 0.6490189 0.1106085 0.7526886
vn 0.6717514 -0.3117198 0.6719976
vn 0.5176282 0.05640666 0.8537443
vn 0.7984917 -0.4947119 0.3430323
vn 0.5816821 -0.6603175 0.4750017
vn 0.2389021 -0.7671865 0.5952736
vn 0.9486375 -0.3109241 0.05842205
vn 0.8933071 -0.2213913 -0.3911373
vn -0.5176415 0.2054155 -0.8305731
vn -0.3907995 -0.150196 -0.9081393
vn -0.6232918 0.1266722 -0.7716616
vn -0.06547134 0.1900414 -0.9795907
vn -0.06932356 0.06038662 -0.9957649
vn -0.2884316 -0.02956026 -0.9570441
vn -0.3352896 0.1377592 -0.931989
vn -0.2474386 -0.09791717 -0.9639431
vn -0.6411228 -0.1647206 -0.7495523
vn -0.5507774 -0.3923968 -0.7366608
vn 0.07975047 -0.4402499 -0.8943265
vn -0.2609357 -0.694099 -0.6709241
vn 0.2016312 -0.5604866 -0.8032432
vn -0.1270285 -0.7860199 -0.6050094
vn 0.1239133 -0.5790888 -0.8057925
vn -0.1464797 -0.7994764 -0.5825643
vn -0.8083559 -0.4350476 -0.3966034
vn -0.7267368 -0.5964479 -0.3407397
vn -0.5406688 -0.7882681 -0.2937867
vn -0.438103 -0.8610704 -0.2581152
vn -0.4329816 -0.9011453 -0.02154216
vn -0.7906204 -0.6096908 0.05653661
vn -0.7361826 -0.6638216 0.1318182
vn -0.6960403 -0.702297 0.1493545
vn -0.675456 -0.7202747 0.1579982
vn -0.3528172 -0.9278507 0.1208845
vn -0.6284593 -0.7199427 0.2944849
vn -0.5833043 -0.6398923 0.5002938
vn -0.5782874 -0.5797168 0.5740314
vn -0.6931586 -0.456233 0.5580165
vn -0.7681535 -0.3806133 0.5148531
vn -0.879733 -0.3550377 0.3162563
vn -0.6441284 -0.7070239 0.2919178
vn -0.183526 -0.841741 0.5077305
vn -0.2617764 -0.9329112 0.2472848
vn -0.283356 -0.8425379 0.4580823
vn 0.189033 -0.8224868 0.5364531
vn 0.2911964 -0.7246857 0.6245279
vn 0.6100206 -0.6196921 0.4938184
vn 0.6473844 -0.4670144 0.6023213
vn 0.3868334 -0.5439693 0.744619
vn 0.6299552 -0.3263661 0.7047281
vn -0.0171879 -0.7736301 0.6334043
vn -0.2575324 -0.8817814 0.3951436
vn -0.6976618 -0.6636627 0.2698514
vn -0.9259374 -0.3736753 0.05483283
vn -0.9453682 -0.325574 0.01675076
vn -0.9849728 0.03894968 -0.1682597
vn -0.9449404 0.1130768 0.3070851
vn -0.9682518 0.08266891 -0.2359117
vn 0.8817538 -0.1534245 0.4460619
vn 0.8457324 -0.1124395 0.5216265
vn 0.8958741 -0.2820769 0.3432815
vn 0.9857666 0.1238484 0.1136906
vn 0.9640751 0.2040874 0.1700216
vn 0.958272 0.2186788 0.1841043
vn 0.8457324 -0.1124395 0.5216265
vn -0.2403431 -0.5183881 0.8206759
vn -0.2881905 -0.3629217 0.8861343
vn -0.5321535 -0.1053377 0.8400694
vn 0.1497493 -0.2817885 0.9477185
vn 0.06915592 -0.06245292 0.995649
vn -0.6931586 -0.456233 0.5580165
vn -0.7681535 -0.3806133 0.5148531
vn -0.5321535 -0.1053377 0.8400694
vn -0.6881193 0.04992773 0.7238777
vn -0.879733 -0.3550377 0.3162563
vn -0.9449404 0.1130768 0.3070851
vn -0.9259374 -0.3736753 0.05483283
vn -0.2482459 0.2704871 0.930167
vn 0.06915592 -0.06245292 0.995649
vn -0.2881905 -0.3629217 0.8861343
vn -0.4578415 0.4589852 0.7613894
vn -0.9047186 0.06170968 0.4215166
vn -0.6584018 0.5534008 0.5101517
vn 0.4111966 0.2525527 0.8758621
vn 0.09339516 0.5842685 0.8061685
vn -0.1266776 0.7609542 0.6363186
vn -0.4615745 0.5693837 0.6802582
vn -0.1318479 0.8282636 0.5446057
vn 0.6580109 0.5092893 0.5546585
vn 0.745581 0.3078839 0.5910301
vn 0.5017911 0.01360522 0.8648818
vn 0.1497493 -0.2817885 0.9477185
vn 0.4129694 0.7634178 0.4966382
vn 0.2380608 0.8955402 0.3759454
vn -0.2048412 0.9217547 0.3292544
vn 0.03878076 0.995892 -0.08182273
vn 0.8242202 0.5380893 0.1764113
vn 0.7532011 0.6489587 0.1074275
vn 0.6367804 0.7674646 0.07422177
vn 0.5560708 0.8307625 0.0248749
vn 0.4619265 0.8576747 -0.225872
vn -0.04863451 0.8687834 -0.4927983
vn -0.49747 0.7293214 -0.4696956
vn -0.4086971 0.9111898 -0.0519593
vn -0.4117852 0.7414254 -0.5298313
vn -0.77411 0.464031 -0.4306146
vn -0.8298535 0.4328726 -0.3520859
vn -0.9682518 0.08266891 -0.2359117
vn -0.9849728 0.03894968 -0.1682597
vn -0.8978269 0.4380723 -0.04471648
vn -0.5802 0.7116114 -0.3962035
vn -0.8639899 0.4097863 -0.2925689
vn 0.04707125 0.8574531 -0.5124047
vn 0.4304832 0.8132591 -0.3915275
vn 0.5051793 0.776971 -0.3756459
vn 0.7412873 0.5707319 -0.3532114
vn 0.7680948 0.5569419 -0.3159843
vn 0.8120273 0.563857 -0.1505882
vn 0.8476233 0.5097014 -0.1474429
vn 0.7222586 0.1758601 -0.6688915
vn 0.631068 0.2892998 -0.719763
vn 0.7152076 0.5965338 -0.3641779
vn 0.6767216 0.6403301 -0.3633527
vn 0.7085732 0.6445276 -0.2872423
vn 0.4235065 0.5966452 -0.6816573
vn 0.4462881 0.4854813 -0.7517545
vn 0.8534986 0.2050161 -0.4790707
vn 0.9573524 0.2136477 -0.1945022
vn 0.9640751 0.2040874 0.1700216
vn 0.9857666 0.1238484 0.1136906
vn 0.04548031 0.4111509 -0.9104319
vn 0.1129898 0.2191368 -0.9691297
vn -0.3352896 0.1377592 -0.931989
vn -0.2474386 -0.09791717 -0.9639431
vn 0.8457324 -0.1124395 0.5216265
vn 0.8817538 -0.1534245 0.4460619
vn -0.9985995 -0.009286735 0.05208576
vn -0.8639899 0.4097863 -0.2925689
vn 0.4462881 0.4854813 -0.7517545
vn 0.631068 0.2892998 -0.719763
vn 0.1129898 0.2191368 -0.9691297
vn 0.402059 -0.08497654 -0.9116619
vn 0.7222586 0.1758601 -0.6688915
vn 0.5097163 -0.2312116 -0.828692
vn 0.8534986 0.2050161 -0.4790707
vn 0.3932435 -0.3049743 -0.8673813
vn 0.65316 0.05968592 -0.754864
vn -0.5224811 0.3798597 0.763361
vn -0.5164983 0.3751727 0.769724
vn -0.5162843 0.3856439 0.7646759
vn -0.5255334 0.3811712 0.7606071
vn -0.525255 0.3812162 0.7607769
vn -0.5242135 0.3816559 0.7612745
vn -0.5225827 0.3826485 0.7618972
vn -0.5211846 0.3839118 0.7622194
vn -0.5201738 0.3853214 0.7621985
vn -0.5195524 0.3869158 0.7618145
vn -0.5194337 0.3884494 0.7611148
vn -0.5198596 0.3896538 0.7602078
vn -0.5207449 0.3904671 0.759184
vn -0.5193142 0.3906229 0.7600832
vn -0.5116448 0.3918662 0.764631
vn -0.5033082 0.3945212 0.7687873
vn -0.4998922 0.3963755 0.7700611
vn -0.5010757 0.3949755 0.7700114
vn -0.5066456 0.3878034 0.7700121
vn -0.5119821 0.377598 0.771553
vn -0.5136728 0.3721953 0.7730529
vn 0.5288042 0.7882932 0.3145788
vn 0.3775737 0.9240997 0.05897287
vn 0.4848098 0.8429299 0.2332994
vn 0.5896186 0.6742744 0.4446391
vn 0.6095071 0.6188362 0.4955227
vn 0.3135185 0.9489625 -0.03429759
vn 0.1648158 0.9593211 -0.2292134
vn 0.0790952 0.9405859 -0.3302152
vn -0.09659434 0.8521497 -0.5143059
vn -0.1865365 0.7806478 -0.5964841
vn -0.3448961 0.6044132 -0.7181445
vn -0.4140815 0.5016851 -0.7595055
vn -0.5209041 0.2946154 -0.8011621
vn 0.6336406 0.522364 0.5706447
vn 0.6402406 0.4834369 0.5969764
vn 0.6500193 0.3890145 0.6527959
vn 0.6520621 0.332733 0.6812516
vn 0.6431167 0.1607246 0.7487112
vn 0.6247323 0.0418686 0.7797158
vn -0.5608527 0.1921535 -0.8053082
vn -0.6158322 0.0007813609 -0.787877
vn -0.632977 -0.08785816 -0.769169
vn -0.271352 -0.9580398 0.09234574
vn -0.08769454 -0.9432059 0.3204254
vn -0.2224866 -0.962251 0.1567565
vn -0.3623703 -0.9313287 -0.03625744
vn -0.4045678 -0.9089752 -0.1004434
vn -0.4819636 -0.8459088 -0.2283629
vn -0.5169121 -0.8046961 -0.2920035
vn -0.5750328 -0.7074167 -0.4109733
vn -0.5983346 -0.6515211 -0.466386
vn -0.6319948 -0.5305875 -0.5648536
vn -0.6427056 -0.4658618 -0.608196
vn -0.6521387 -0.3262979 -0.6842842
vn -0.6505542 -0.2512288 -0.7167031
vn -0.632977 -0.08785816 -0.769169
vn -0.6158322 0.0007813609 -0.787877
vn 0.0002760785 -0.9088376 0.4171501
vn 0.1931313 -0.7746546 0.6021716
vn 0.2970251 -0.665359 0.6848894
vn 0.4727201 -0.3972042 0.7866159
vn 0.5440308 -0.2376774 0.8046986
vn 0.6247323 0.0418686 0.7797158
vn 0.6431167 0.1607246 0.7487112
vn 0.08775505 -0.8439845 0.5291399
vn 0.08777145 -0.8440041 0.5291062
vn 0.08777145 -0.8440041 0.5291062
vn 0.08778784 -0.8440235 0.5290723
vn -0.5486827 0.3802016 0.7445765
vn -0.5486835 0.380199 0.7445772
vn -0.5486835 0.380199 0.7445772
vn -0.5486842 0.3801966 0.7445778
vn 0.02276687 0.7481334 -0.6631577
vn 0.02276687 0.7481334 -0.6631577
vn 0.02276292 0.7481359 -0.6631548
vn 0.02277081 0.7481308 -0.6631604
vn 0.8177563 0.3438286 0.4615804
vn 0.8177341 0.3438427 0.4616095
vn 0.8177341 0.3438427 0.4616095
vn 0.8177118 0.3438566 0.4616386
vn -0.4810747 0.2561578 0.8384214
vn -0.4808221 0.2561535 0.8385676
vn -0.4808221 0.2561535 0.8385676
vn -0.4805694 0.2561492 0.8387137
vn -0.8168064 -0.3306411 -0.472762
vn -0.8168322 -0.3306359 -0.4727209
vn -0.8168322 -0.3306359 -0.4727209
vn -0.8168581 -0.3306306 -0.4726798
vn 0.09177282 -0.8428448 0.5302739
vn 0.09174833 -0.8428156 0.5303245
vn 0.09174833 -0.8428156 0.5303245
vn 0.09172384 -0.8427865 0.530375
vn -0.5484523 0.3781244 0.7458029
vn -0.548162 0.3791398 0.7455007
vn -0.548162 0.3791398 0.7455007
vn -0.5478713 0.3801548 0.7451976
vn 0.02274871 0.7481593 -0.663129
vn 0.02274871 0.7481593 -0.663129
vn 0.02278389 0.7481365 -0.6631535
vn 0.02271353 0.7481822 -0.6631045
vn 0.8188105 0.403044 0.4087845
vn 0.8187845 0.4030655 0.4088154
vn 0.8187845 0.4030655 0.4088154
vn 0.8187585 0.403087 0.4088462
vn -0.5136728 0.3440577 0.78598
vn -0.5136958 0.3440556 0.7859659
vn -0.5136958 0.3440556 0.7859659
vn -0.5137188 0.3440535 0.7859517
vn -0.8188151 -0.4030433 -0.4087762
vn -0.8188326 -0.4030368 -0.4087474
vn -0.8188326 -0.4030368 -0.4087474
vn -0.8188502 -0.4030303 -0.4087186
vn -0.5410203 0.3203125 0.7776226
vn -0.5241988 0.3033452 0.795737
vn -0.5216315 0.3143096 0.7931646
vn -0.5206988 0.310969 0.7950919
vn -0.5545257 0.3162664 0.7697251
vn -0.552061 0.3260258 0.7674216
vn -0.5322832 0.3339685 0.7779073
vn -0.516363 0.3298488 0.7902969
vn -0.5166141 0.3098665 0.7981808
vn -0.5241606 0.3012675 0.796551
vn -0.5281079 0.3061967 0.7920515
vn -0.5238358 0.3146662 0.7915689
vn -0.511925 0.3257096 0.7948875
vn -0.5036601 0.3323647 0.7974084
vn -0.5094469 0.3391038 0.7908682
vn -0.5214754 0.3211862 0.790508
vn -0.4504834 0.27687 -0.8487683
vn 0.2988834 0.7521819 -0.5872743
vn -0.1741356 0.5213723 -0.8353728
vn 0.5000119 0.7730471 -0.3903668
vn -0.728247 -0.1221947 -0.6743327
vn -0.7866653 -0.2738573 -0.5533172
vn 0.7485147 0.6627344 0.02255918
vn 0.8061527 0.5427244 0.2357292
vn 0.777151 0.2364256 0.5832146
vn 0.693679 0.05126385 0.7184578
vn -0.5419058 0.3199764 0.7771444
vn -0.5520192 0.3159935 0.7716365
vn -0.5665969 0.3126744 0.7623665
vn -0.5249848 0.3251795 0.7865425
vn -0.5177004 0.3283535 0.7900445
vn -0.5198143 0.3282873 0.7886828
vn -0.5216422 0.3281943 0.7875138
vn -0.5277553 0.3275824 0.7836862
vn 0.3994075 -0.3280223 0.8560812
vn -0.2957381 -0.7467601 0.5957252
vn 0.172629 -0.5184441 0.8375051
vn -0.5353266 -0.7678149 0.351974
vn 0.693679 0.05126385 0.7184578
vn 0.777151 0.2364256 0.5832146
vn -0.7678596 -0.636042 -0.07643405
vn -0.8074854 -0.5317211 -0.2554211
vn -0.7866653 -0.2738573 -0.5533172
vn -0.728247 -0.1221947 -0.6743327
vn 0.2223943 0.9728947 -0.06337825
vn -0.427305 0.7498927 -0.505046
vn 0.009256123 0.9747943 -0.2229136
vn -0.552182 0.6318889 -0.5438855
vn 0.5421544 0.7961578 0.2687029
vn 0.7183288 0.6123342 0.3302279
vn 0.7369422 0.2263958 0.6369154
vn 0.7226468 -0.02175175 0.6908751
vn -0.427305 0.7498927 -0.505046
vn -0.7732416 -0.05585398 -0.6316468
vn -0.6376953 0.464008 -0.6148506
vn -0.7470183 0.1540169 -0.6467167
vn -0.7732416 -0.05585398 -0.6316468
vn -0.7530156 -0.2820189 -0.594502
vn -0.7732416 -0.05585398 -0.6316468
vn -0.6616526 -0.6194114 -0.4225462
vn -0.7530156 -0.2820189 -0.594502
vn -0.5778703 -0.7542354 -0.3117611
vn -0.310602 -0.9503033 -0.02121563
vn -0.1096243 -0.9800714 0.1656585
vn 0.324134 -0.8008204 0.503611
vn 0.4389875 -0.5251982 0.7290109
vn 0.7226468 -0.02175175 0.6908751
vn 0.7369422 0.2263958 0.6369154
vn -0.5758235 -0.7502211 0.3249547
vn -0.470468 -0.8550039 0.218239
vn -0.4222505 -0.766746 0.4835341
vn -0.2882929 -0.8820835 0.3725799
vn -0.09999198 -0.964829 -0.2431187
vn 0.05870976 -0.9959152 0.06860043
vn 0.1645751 -0.8845256 -0.4364969
vn 0.2928889 -0.9527238 -0.08082961
vn 0.1631925 -0.9170595 -0.3638268
vn 0.3794904 -0.9185647 -0.1105705
vn -0.03443148 -0.7545376 0.6553529
vn 0.06613725 -0.8119506 0.5799674
vn 0.2645424 -0.8822407 0.3894468
vn 0.4710014 -0.8614396 0.1899458
vn 0.5820148 -0.8087056 0.08517136
vn 0.4021686 -0.4984017 0.7680209
vn 0.4880169 -0.4626418 0.7401364
vn 0.5382176 -0.5872208 0.6045606
vn 0.6713315 -0.6664097 0.3243643
vn 0.779976 -0.5199147 0.3483191
vn 0.7700887 0.07660022 0.6333213
vn 0.74182 0.1238028 0.6590719
vn 0.6812066 -0.03839779 0.7310835
vn 0.8360313 -0.4088399 0.3659259
vn 0.6755527 -0.6032032 0.4239981
vn 0.4840889 -0.5678189 0.6657624
vn 0.1923974 0.1557332 0.968881
vn -0.101719 -0.4536997 0.8853304
vn 0.4196417 0.878556 -0.228123
vn 0.5808147 0.7258809 -0.3684444
vn 0.6380543 0.7681986 -0.05251329
vn 0.8407898 0.5363113 -0.07377437
vn 0.7354308 0.5179765 -0.4368546
vn 0.9382594 0.3420077 -0.05196285
vn 0.8694723 0.4515727 0.2002496
vn 0.9413932 0.1911247 0.2779393
vn 0.9319763 0.08499009 0.3524156
vn 0.8555227 -0.3216078 0.40577
vn 0.2481059 0.7629161 -0.5969945
vn 0.2066707 0.8731474 -0.4414758
vn -0.1536463 0.6486406 -0.7454249
vn -0.07931044 0.5128891 -0.8547833
vn -0.5224783 0.3248836 -0.7883319
vn -0.5906964 0.3803291 -0.7116371
vn -0.8445328 0.05734428 -0.5324245
vn -0.8886148 0.03226375 -0.4575181
vn -0.6081907 0.3663403 -0.7042009
vn -0.865088 0.3376257 -0.3709873
vn -0.5188907 0.5007647 -0.692811
vn -0.6406369 0.7199628 -0.2669044
vn -0.8301317 0.5574813 -0.009794144
vn -0.6220505 0.7722772 0.1290001
vn -0.5652727 0.7095263 -0.4207603
vn -0.481881 0.8743985 -0.05672651
vn -0.4980628 0.712357 0.4944501
vn -0.2988974 0.9131008 0.2773215
vn -0.2705776 0.523214 0.8081056
vn -0.4066467 0.4650923 0.786338
vn 0.01680567 0.818882 0.5737157
vn 0.1163242 0.2751277 0.9543445
vn 0.4191326 0.5208633 0.7436594
vn 0.4507154 0.87778 0.1623513
vn 0.6678362 0.6103143 0.4260413
vn 0.6812066 -0.03839779 0.7310835
vn 0.6486838 -0.1262878 0.750507
vn 0.1923974 0.1557332 0.968881
vn 0.6611316 0.7488825 -0.04560689
vn 0.7890062 0.5642179 0.2431614
vn 0.74182 0.1238028 0.6590719
vn 0.6193658 0.05157378 0.7834067
vn 0.7700887 0.07660022 0.6333213
vn -0.1074139 0.0176353 0.994058
vn 0.1923974 0.1557332 0.968881
vn 0.4402833 0.8369481 -0.325067
vn 0.1548337 0.9779333 -0.1402604
vn 0.1696858 0.8277251 -0.5348626
vn -0.1204634 0.9093275 -0.3982613
vn -0.1630016 0.6960068 -0.6992891
vn -0.4114985 0.670738 -0.6170734
vn -0.6142309 0.2449463 -0.7501478
vn -0.6488679 0.1971751 -0.7349098
vn -0.5500078 0.3705025 -0.7484781
vn -0.3939219 -0.05813672 -0.9173034
vn -0.2644976 -0.002256369 -0.9643837
vn -0.2564405 0.2762692 -0.9262362
vn -0.3338192 0.1003239 -0.9372832
vn -0.266553 0.6128578 -0.7438782
vn 0.6872145 -0.1425334 0.7123345
vn 0.6713315 -0.6664097 0.3243643
vn 0.6948811 -0.3617486 0.6215128
vn 0.8360313 -0.4088399 0.3659259
vn 0.8057109 -0.1968541 0.5586398
vn 0.5738513 -0.4828932 0.6614445
vn 0.9413932 0.1911247 0.2779393
vn 0.9319763 0.08499009 0.3524156
vn 0.7051108 -0.1971015 0.6811532
vn 0.3645642 -0.5773416 0.7305954
vn 0.4840889 -0.5678189 0.6657624
vn 0.3090602 -0.4323205 0.8471015
vn -0.0721036 -0.6764451 0.7329551
vn -0.02568372 -0.7143546 0.6993124
vn 0.3875538 -0.6311842 0.6718695
vn -0.1522735 -0.5626376 0.8125588
vn -0.4134093 -0.7663046 0.4918028
vn -0.4766015 -0.6644939 0.5755858
vn -0.5701094 -0.56444 0.596978
vn -0.7120429 -0.6416469 0.2851039
vn -0.7941985 -0.5378823 0.2827213
vn -0.8604937 -0.4426923 0.2521393
vn -0.9511974 -0.2958813 -0.0876222
vn -0.9158465 -0.4006122 -0.02711296
vn -0.9631802 -0.2207527 -0.1534669
vn -0.8886148 0.03226375 -0.4575181
vn -0.865088 0.3376257 -0.3709873
vn -0.9966249 0.06916934 -0.04420892
vn -0.8445328 0.05734428 -0.5324245
vn 0.6948811 -0.3617486 0.6215128
vn 0.4840889 -0.5678189 0.6657624
vn 0.272417 -0.1051213 0.9564196
vn -0.5729525 0.6841516 0.4512893
vn -0.6760004 0.7335981 0.06969391
vn 0.001803493 -0.6024106 -0.7981844
vn -0.2554739 -0.2638991 -0.9301023
vn 0.008374573 -0.7669951 -0.6415984
vn -0.2604205 -0.7637415 -0.5906608
vn -0.2644976 -0.002256369 -0.9643837
vn -0.1498459 -0.5412531 -0.8274002
vn -0.4439823 -0.1924843 -0.8751169
vn -0.3149474 -0.907613 -0.2775729
vn -0.6000574 -0.7931522 -0.1041189
vn -0.7271305 -0.6812029 -0.08511075
vn -0.7085912 -0.3766036 -0.5967147
vn -0.4533453 -0.3251828 -0.8299001
vn -0.7884436 -0.3117315 -0.5302643
vn -0.6488679 0.1971751 -0.7349098
vn -0.6142309 0.2449463 -0.7501478
vn -0.5500078 0.3705025 -0.7484781
vn -0.4439823 -0.1924843 -0.8751169
vn -0.4585969 -0.4491437 -0.7667847
vn -0.2604205 -0.7637415 -0.5906608
vn 0.3725362 0.5798237 -0.7245833
vn 0.08059519 0.3413987 0.9364567
vn 0.05947197 0.3556036 0.9327428
vn 0.07136687 0.3468579 0.9351986
vn 0.08690509 0.3761663 0.9224675
vn 0.1065905 0.3505273 0.9304671
vn 0.1046998 0.3601036 0.9270186
vn 0.05915099 0.3393372 0.9388031
vn 0.1113804 0.3431233 0.9326633
vn 0.1092844 0.4113968 0.9048809
vn 0.1003044 0.3710232 0.9231906
vn 0.08869431 0.3642534 0.9270667
vn 0.07947522 0.3627852 0.9284775
vn 0.1508058 0.4403825 0.8850542
vn 0.09289387 0.444236 0.8910808
vn 0.0987947 0.3846277 0.9177696
vn 0.08149029 0.3734401 0.9240681
vn 0.9029001 0.4267853 0.05124312
vn 0.5289659 0.7774346 -0.34028
vn 0.8231139 0.5628612 -0.07530418
vn 0.2898059 0.8326163 -0.4719772
vn -0.2495561 0.744239 -0.6195401
vn -0.5517125 0.5664572 -0.6121598
vn -0.8660394 0.1831672 -0.4652156
vn -0.9316056 0.001960862 -0.3634656
vn 0.9494408 0.1032485 0.2964825
vn 0.9063697 -0.08711742 0.413406
vn -0.9149485 -0.396054 -0.07752778
vn -0.787553 -0.604742 0.118522
vn -0.6042412 0.5017059 -0.6190184
vn 0.207167 0.7540033 -0.6233464
vn -0.3019775 0.6649526 -0.6831161
vn 0.413713 0.7290192 -0.5453188
vn 0.7678968 0.5273465 -0.3636483
vn 0.9165969 0.3602883 -0.1733275
vn -0.9105561 0.1493987 -0.3854448
vn -0.9683478 -0.01958336 -0.2488355
vn -0.9436906 -0.3287584 0.03696065
vn -0.8632368 -0.4693001 0.1859558
vn 0.04916747 0.374807 0.9257982
vn 0.01841156 0.3743375 0.9271098
vn -0.03178416 0.3782703 0.9251493
vn 0.09454763 0.3735346 0.9227853
vn 0.07575478 0.3735811 0.924499
vn 0.089069 0.3634091 0.9273621
vn 0.08128435 0.3569023 0.9305986
vn 0.1501686 0.3434025 0.9271052
vn -0.9149485 -0.396054 -0.07752778
vn -0.3995519 -0.8160338 0.4176686
vn -0.787553 -0.604742 0.118522
vn -0.1528477 -0.8357548 0.5274007
vn 0.3681912 -0.6875615 0.625855
vn 0.6392874 -0.4900892 0.5925573
vn 0.9063697 -0.08711742 0.413406
vn 0.9494408 0.1032485 0.2964825
vn -0.328016 -0.7444764 0.5815156
vn -0.8632368 -0.4693001 0.1859558
vn -0.5643376 -0.6841317 0.4620463
vn -0.9436906 -0.3287584 0.03696065
vn 0.2173652 -0.6941659 0.6862113
vn 0.5300462 -0.5518507 0.6438261
vn 0.886483 -0.1948325 0.4197477
vn 0.9830488 -0.01343204 0.1828514
vn 0.9165969 0.3602883 -0.1733275
vn 0.7678968 0.5273465 -0.3636483
g MoP_mill_mesh_0
f 3/3/3 2/2/2 1/1/1
f 4/4/4 2/2/2 3/3/3
f 4/4/4 5/5/5 2/2/2
f 6/6/6 5/5/5 4/4/4
f 6/6/6 7/7/7 5/5/5
f 8/8/8 7/7/7 6/6/6
f 8/8/8 9/9/9 7/7/7
f 10/10/10 9/9/9 8/8/8
f 10/10/10 11/11/11 9/9/9
f 12/12/12 11/11/11 10/10/10
f 13/13/13 8/8/8 6/6/6
f 14/14/14 8/8/8 13/13/13
f 12/12/12 15/15/15 11/11/11
f 16/16/16 15/15/15 12/12/12
f 16/16/16 17/17/17 15/15/15
f 18/18/18 17/17/17 16/16/16
f 18/18/18 19/19/19 17/17/17
f 20/20/20 19/19/19 18/18/18
f 20/20/20 21/21/21 19/19/19
f 22/22/22 21/21/21 20/20/20
f 22/22/22 23/23/23 21/21/21
f 24/24/24 23/23/23 22/22/22
f 23/23/23 24/24/24 25/25/25
f 25/25/25 24/24/24 26/26/26
f 25/25/25 26/26/26 27/27/27
f 27/27/27 26/26/26 28/28/28
f 29/29/29 22/22/22 20/20/20
f 24/24/24 30/30/30 26/26/26
f 26/26/26 30/30/30 31/31/31
f 27/27/27 28/28/28 32/32/32
f 32/32/32 28/28/28 33/33/33
f 33/33/33 34/34/34 32/32/32
f 35/35/35 34/34/34 33/33/33
f 35/35/35 36/36/36 34/34/34
f 37/37/37 36/36/36 35/35/35
f 37/37/37 38/38/38 36/36/36
f 39/39/39 38/38/38 37/37/37
f 39/39/39 40/40/40 38/38/38
f 41/41/41 40/40/40 39/39/39
f 42/42/42 35/35/35 33/33/33
f 43/43/43 35/35/35 42/42/42
f 44/44/44 41/41/41 39/39/39
f 44/44/44 39/39/39 45/45/45
f 45/45/45 39/39/39 46/46/46
f 47/47/47 41/41/41 44/44/44
f 49/49/49 48/48/48 35/35/35
f 51/51/51 22/22/22 50/50/50
f 54/54/54 53/53/53 52/52/52
f 55/55/55 53/53/53 54/54/54
f 58/58/58 57/57/57 56/56/56
f 61/61/61 60/60/60 59/59/59
f 62/62/62 60/60/60 61/61/61
f 65/65/65 64/64/64 63/63/63
f 63/63/63 64/64/64 66/66/66
f 63/63/63 66/66/66 67/67/67
f 67/67/67 66/66/66 68/68/68
f 67/67/67 68/68/68 69/69/69
f 69/69/69 68/68/68 70/70/70
f 73/73/73 72/72/72 71/71/71
f 76/76/76 75/75/75 74/74/74
f 79/79/79 78/78/78 77/77/77
f 82/82/82 81/81/81 80/80/80
f 83/83/83 81/81/81 82/82/82
f 86/86/86 85/85/85 84/84/84
f 87/87/87 85/85/85 86/86/86
f 90/90/90 89/89/89 88/88/88
f 91/91/91 89/89/89 90/90/90
f 94/94/94 93/93/93 92/92/92
f 95/95/95 93/93/93 94/94/94
f 98/98/98 97/97/97 96/96/96
f 99/99/99 97/97/97 98/98/98
f 102/102/102 101/101/101 100/100/100
f 103/103/103 101/101/101 102/102/102
f 106/106/106 105/105/105 104/104/104
f 107/107/107 105/105/105 106/106/106
f 110/110/110 109/109/109 108/108/108
f 113/113/113 112/112/112 111/111/111
f 114/114/114 112/112/112 113/113/113
f 116/116/116 115/115/115 14/14/14
f 117/117/117 115/115/115 116/116/116
f 120/120/120 119/119/119 118/118/118
f 121/121/121 119/119/119 120/120/120
f 123/123/123 12/12/12 122/122/122
f 124/124/124 12/12/12 123/123/123
f 124/124/124 16/16/16 12/12/12
f 125/125/125 16/16/16 124/124/124
f 125/125/125 18/18/18 16/16/16
f 126/126/126 18/18/18 125/125/125
f 126/126/126 127/127/127 18/18/18
f 129/129/129 128/128/128 126/126/126
f 132/132/132 131/131/131 130/130/130
f 133/133/133 131/131/131 132/132/132
f 136/136/136 135/135/135 134/134/134
f 137/137/137 135/135/135 136/136/136
f 137/137/137 138/138/138 135/135/135
f 139/139/139 138/138/138 137/137/137
f 142/142/142 141/141/141 140/140/140
f 143/143/143 141/141/141 142/142/142
f 144/144/144 143/143/143 142/142/142
f 145/145/145 143/143/143 144/144/144
f 146/146/146 145/145/145 144/144/144
f 147/147/147 145/145/145 146/146/146
f 148/148/148 147/147/147 146/146/146
f 149/149/149 147/147/147 148/148/148
f 152/152/152 151/151/151 150/150/150
f 153/153/153 151/151/151 152/152/152
f 151/151/151 154/154/154 150/150/150
f 150/150/150 154/154/154 155/155/155
f 156/156/156 153/153/153 152/152/152
f 157/157/157 153/153/153 156/156/156
f 160/160/160 159/159/159 158/158/158
f 161/161/161 159/159/159 160/160/160
f 162/162/162 159/159/159 161/161/161
f 163/163/163 159/159/159 162/162/162
f 166/166/166 165/165/165 164/164/164
f 167/167/167 165/165/165 166/166/166
f 165/165/165 168/168/168 164/164/164
f 164/164/164 168/168/168 169/169/169
f 172/172/172 171/171/171 170/170/170
f 170/170/170 171/171/171 173/173/173
f 171/171/171 174/174/174 173/173/173
f 173/173/173 174/174/174 175/175/175
f 178/178/178 177/177/177 176/176/176
f 176/176/176 177/177/177 179/179/179
f 177/177/177 180/180/180 179/179/179
f 179/179/179 180/180/180 181/181/181
f 184/184/184 183/183/183 182/182/182
f 182/182/182 183/183/183 185/185/185
f 183/183/183 186/186/186 185/185/185
f 185/185/185 186/186/186 187/187/187
f 190/190/190 189/189/189 188/188/188
f 191/191/191 189/189/189 190/190/190
f 191/191/191 192/192/192 189/189/189
f 189/189/189 192/192/192 193/193/193
f 189/189/189 193/193/193 188/188/188
f 188/188/188 193/193/193 194/194/194
f 195/195/195 191/191/191 190/190/190
f 196/196/196 191/191/191 195/195/195
f 196/196/196 192/192/192 191/191/191
f 197/197/197 192/192/192 196/196/196
f 200/200/200 199/199/199 198/198/198
f 201/201/201 199/199/199 200/200/200
f 200/200/200 198/198/198 202/202/202
f 202/202/202 198/198/198 203/203/203
f 206/206/206 205/205/205 204/204/204
f 204/204/204 205/205/205 207/207/207
f 204/204/204 207/207/207 208/208/208
f 208/208/208 207/207/207 209/209/209
f 212/212/212 211/211/211 210/210/210
f 210/210/210 211/211/211 213/213/213
f 216/216/216 215/215/215 214/214/214
f 216/216/216 214/214/214 217/217/217
f 216/216/216 217/217/217 218/218/218
f 216/216/216 218/218/218 219/219/219
f 216/216/216 219/219/219 220/220/220
f 216/216/216 221/221/221 215/215/215
f 222/222/222 221/221/221 216/216/216
f 225/225/225 224/224/224 223/223/223
f 226/226/226 224/224/224 225/225/225
f 227/227/227 224/224/224 226/226/226
f 228/228/228 224/224/224 227/227/227
f 231/231/231 230/230/230 229/229/229
f 232/232/232 230/230/230 231/231/231
f 231/231/231 229/229/229 233/233/233
f 233/233/233 229/229/229 234/234/234
f 233/233/233 234/234/234 235/235/235
f 235/235/235 234/234/234 236/236/236
f 235/235/235 236/236/236 237/237/237
f 237/237/237 236/236/236 238/238/238
f 237/237/237 238/238/238 239/239/239
f 239/239/239 238/238/238 240/240/240
f 243/243/243 242/242/242 241/241/241
f 243/243/243 241/241/241 244/244/244
f 243/243/243 244/244/244 245/245/245
f 243/243/243 245/245/245 246/246/246
f 243/243/243 246/246/246 247/247/247
f 243/243/243 248/248/248 242/242/242
f 249/249/249 248/248/248 243/243/243
f 252/252/252 251/251/251 250/250/250
f 253/253/253 251/251/251 252/252/252
f 254/254/254 251/251/251 253/253/253
f 255/255/255 251/251/251 254/254/254
f 258/258/258 257/257/257 256/256/256
f 259/259/259 257/257/257 258/258/258
f 258/258/258 256/256/256 260/260/260
f 260/260/260 256/256/256 261/261/261
f 260/260/260 261/261/261 262/262/262
f 262/262/262 261/261/261 263/263/263
f 265/265/265 263/263/263 264/264/264
f 264/264/264 263/263/263 266/266/266
f 269/269/269 268/268/268 267/267/267
f 267/267/267 268/268/268 270/270/270
f 273/273/273 272/272/272 271/271/271
f 274/274/274 272/272/272 273/273/273
f 274/274/274 275/275/275 272/272/272
f 276/276/276 275/275/275 274/274/274
f 277/277/277 275/275/275 276/276/276
f 278/278/278 275/275/275 277/277/277
f 273/273/273 271/271/271 279/279/279
f 279/279/279 271/271/271 280/280/280
f 279/279/279 280/280/280 281/281/281
f 281/281/281 280/280/280 282/282/282
f 281/281/281 282/282/282 283/283/283
f 283/283/283 282/282/282 284/284/284
f 283/283/283 284/284/284 285/285/285
f 285/285/285 284/284/284 286/286/286
f 289/289/289 288/288/288 287/287/287
f 290/290/290 288/288/288 289/289/289
f 291/291/291 288/288/288 290/290/290
f 292/292/292 288/288/288 291/291/291
f 295/295/295 294/294/294 293/293/293
f 296/296/296 294/294/294 295/295/295
f 295/295/295 293/293/293 297/297/297
f 297/297/297 293/293/293 298/298/298
f 301/301/301 300/300/300 299/299/299
f 299/299/299 300/300/300 302/302/302
f 299/299/299 302/302/302 303/303/303
f 303/303/303 302/302/302 304/304/304
f 307/307/307 306/306/306 305/305/305
f 305/305/305 306/306/306 308/308/308
f 311/311/311 310/310/310 309/309/309
f 311/311/311 309/309/309 312/312/312
f 311/311/311 312/312/312 313/313/313
f 311/311/311 313/313/313 314/314/314
f 311/311/311 314/314/314 315/315/315
f 311/311/311 316/316/316 310/310/310
f 317/317/317 316/316/316 311/311/311
f 320/320/320 319/319/319 318/318/318
f 321/321/321 319/319/319 320/320/320
f 322/322/322 319/319/319 321/321/321
f 323/323/323 319/319/319 322/322/322
f 326/326/326 325/325/325 324/324/324
f 327/327/327 325/325/325 326/326/326
f 326/326/326 324/324/324 328/328/328
f 328/328/328 324/324/324 329/329/329
f 332/332/332 331/331/331 330/330/330
f 330/330/330 331/331/331 333/333/333
f 330/330/330 333/333/333 334/334/334
f 334/334/334 333/333/333 335/335/335
f 338/338/338 337/337/337 336/336/336
f 338/338/338 336/336/336 339/339/339
f 338/338/338 339/339/339 340/340/340
f 338/338/338 340/340/340 341/341/341
f 338/338/338 341/341/341 342/342/342
f 338/338/338 343/343/343 337/337/337
f 344/344/344 343/343/343 338/338/338
f 347/347/347 346/346/346 345/345/345
f 350/350/350 349/349/349 348/348/348
f 353/353/353 352/352/352 351/351/351
f 354/354/354 352/352/352 353/353/353
f 355/355/355 352/352/352 354/354/354
f 356/356/356 352/352/352 355/355/355
f 359/359/359 358/358/358 357/357/357
f 360/360/360 358/358/358 359/359/359
f 359/359/359 357/357/357 361/361/361
f 361/361/361 357/357/357 362/362/362
f 365/365/365 364/364/364 363/363/363
f 363/363/363 364/364/364 366/366/366
f 363/363/363 366/366/366 367/367/367
f 367/367/367 366/366/366 368/368/368
f 371/371/371 370/370/370 369/369/369
f 369/369/369 370/370/370 372/372/372
f 375/375/375 374/374/374 373/373/373
f 375/375/375 373/373/373 376/376/376
f 375/375/375 376/376/376 377/377/377
f 375/375/375 377/377/377 378/378/378
f 375/375/375 378/378/378 379/379/379
f 375/375/375 380/380/380 374/374/374
f 381/381/381 380/380/380 375/375/375
f 384/384/384 383/383/383 382/382/382
f 385/385/385 383/383/383 384/384/384
f 386/386/386 383/383/383 385/385/385
f 387/387/387 383/383/383 386/386/386
f 390/390/390 389/389/389 388/388/388
f 391/391/391 389/389/389 390/390/390
f 390/390/390 388/388/388 392/392/392
f 392/392/392 388/388/388 393/393/393
f 396/396/396 395/395/395 394/394/394
f 394/394/394 395/395/395 397/397/397
f 394/394/394 397/397/397 398/398/398
f 398/398/398 397/397/397 399/399/399
f 402/402/402 401/401/401 400/400/400
f 400/400/400 401/401/401 403/403/403
f 406/406/406 405/405/405 404/404/404
f 406/406/406 404/404/404 407/407/407
f 406/406/406 407/407/407 408/408/408
f 406/406/406 408/408/408 409/409/409
f 406/406/406 409/409/409 410/410/410
f 406/406/406 411/411/411 405/405/405
f 412/412/412 411/411/411 406/406/406
f 415/415/415 414/414/414 413/413/413
f 416/416/416 414/414/414 415/415/415
f 417/417/417 414/414/414 416/416/416
f 418/418/418 414/414/414 417/417/417
f 421/421/421 420/420/420 419/419/419
f 422/422/422 420/420/420 421/421/421
f 422/422/422 423/423/423 420/420/420
f 424/424/424 423/423/423 422/422/422
f 425/425/425 423/423/423 424/424/424
f 426/426/426 423/423/423 425/425/425
f 429/429/429 428/428/428 427/427/427
f 427/427/427 428/428/428 430/430/430
f 433/433/433 432/432/432 431/431/431
f 434/434/434 432/432/432 433/433/433
f 437/437/437 436/436/436 435/435/435
f 438/438/438 436/436/436 437/437/437
f 437/437/437 435/435/435 439/439/439
f 439/439/439 435/435/435 440/440/440
f 438/438/438 441/441/441 436/436/436
f 442/442/442 441/441/441 438/438/438
f 443/443/443 441/441/441 442/442/442
f 444/444/444 441/441/441 443/443/443
f 447/447/447 446/446/446 445/445/445
f 448/448/448 446/446/446 447/447/447
f 451/451/451 450/450/450 449/449/449
f 452/452/452 450/450/450 451/451/451
f 452/452/452 453/453/453 450/450/450
f 454/454/454 453/453/453 452/452/452
f 455/455/455 453/453/453 454/454/454
f 456/456/456 453/453/453 455/455/455
f 459/459/459 458/458/458 457/457/457
f 457/457/457 458/458/458 460/460/460
f 461/461/461 457/457/457 460/460/460
f 462/462/462 457/457/457 461/461/461
f 465/465/465 464/464/464 463/463/463
f 466/466/466 464/464/464 465/465/465
f 466/466/466 467/467/467 464/464/464
f 468/468/468 467/467/467 466/466/466
f 469/469/469 467/467/467 468/468/468
f 470/470/470 467/467/467 469/469/469
f 473/473/473 472/472/472 471/471/471
f 471/471/471 472/472/472 474/474/474
f 477/477/477 476/476/476 475/475/475
f 478/478/478 476/476/476 477/477/477
f 481/481/481 480/480/480 479/479/479
f 482/482/482 480/480/480 481/481/481
f 481/481/481 479/479/479 483/483/483
f 483/483/483 479/479/479 484/484/484
f 482/482/482 485/485/485 480/480/480
f 486/486/486 485/485/485 482/482/482
f 487/487/487 485/485/485 486/486/486
f 488/488/488 485/485/485 487/487/487
f 491/491/491 490/490/490 489/489/489
f 492/492/492 490/490/490 491/491/491
f 495/495/495 494/494/494 493/493/493
f 496/496/496 494/494/494 495/495/495
f 496/496/496 497/497/497 494/494/494
f 498/498/498 497/497/497 496/496/496
f 499/499/499 497/497/497 498/498/498
f 500/500/500 497/497/497 499/499/499
f 503/503/503 502/502/502 501/501/501
f 501/501/501 502/502/502 504/504/504
f 507/507/507 506/506/506 505/505/505
f 508/508/508 506/506/506 507/507/507
f 511/511/511 510/510/510 509/509/509
f 514/514/514 513/513/513 512/512/512
f 515/515/515 513/513/513 514/514/514
f 514/514/514 512/512/512 516/516/516
f 516/516/516 512/512/512 517/517/517
f 516/516/516 517/517/517 518/518/518
f 518/518/518 517/517/517 519/519/519
f 521/521/521 519/519/519 520/520/520
f 520/520/520 519/519/519 522/522/522
f 525/525/525 524/524/524 523/523/523
f 523/523/523 524/524/524 526/526/526
f 529/529/529 528/528/528 527/527/527
f 530/530/530 528/528/528 529/529/529
f 530/530/530 531/531/531 528/528/528
f 532/532/532 531/531/531 530/530/530
f 533/533/533 531/531/531 532/532/532
f 534/534/534 531/531/531 533/533/533
f 529/529/529 527/527/527 535/535/535
f 535/535/535 527/527/527 536/536/536
f 535/535/535 536/536/536 537/537/537
f 537/537/537 536/536/536 538/538/538
f 537/537/537 538/538/538 539/539/539
f 539/539/539 538/538/538 540/540/540
f 539/539/539 540/540/540 541/541/541
f 541/541/541 540/540/540 542/542/542
f 545/545/545 544/544/544 543/543/543
f 546/546/546 544/544/544 545/545/545
f 547/547/547 544/544/544 546/546/546
f 548/548/548 544/544/544 547/547/547
f 551/551/551 550/550/550 549/549/549
f 552/552/552 550/550/550 551/551/551
f 551/551/551 549/549/549 553/553/553
f 553/553/553 549/549/549 554/554/554
f 557/557/557 556/556/556 555/555/555
f 555/555/555 556/556/556 558/558/558
f 555/555/555 558/558/558 559/559/559
f 559/559/559 558/558/558 560/560/560
f 563/563/563 562/562/562 561/561/561
f 561/561/561 562/562/562 564/564/564
f 567/567/567 566/566/566 565/565/565
f 568/568/568 566/566/566 567/567/567
f 568/568/568 569/569/569 566/566/566
f 570/570/570 569/569/569 568/568/568
f 571/571/571 569/569/569 570/570/570
f 572/572/572 569/569/569 571/571/571
f 567/567/567 565/565/565 573/573/573
f 573/573/573 565/565/565 574/574/574
f 573/573/573 574/574/574 575/575/575
f 575/575/575 574/574/574 576/576/576
f 575/575/575 576/576/576 577/577/577
f 577/577/577 576/576/576 578/578/578
f 577/577/577 578/578/578 579/579/579
f 579/579/579 578/578/578 580/580/580
f 583/583/583 582/582/582 581/581/581
f 584/584/584 582/582/582 583/583/583
f 587/587/587 586/586/586 585/585/585
f 590/590/590 589/589/589 588/588/588
f 593/593/593 592/592/592 591/591/591
f 594/594/594 592/592/592 593/593/593
f 593/593/593 591/591/591 595/595/595
f 595/595/595 591/591/591 596/596/596
f 595/595/595 596/596/596 597/597/597
f 599/599/599 596/596/596 598/598/598
f 601/601/601 598/598/598 600/600/600
f 600/600/600 598/598/598 602/602/602
f 605/605/605 604/604/604 603/603/603
f 603/603/603 604/604/604 606/606/606
f 609/609/609 608/608/608 607/607/607
f 610/610/610 608/608/608 609/609/609
f 610/610/610 611/611/611 608/608/608
f 612/612/612 611/611/611 610/610/610
f 613/613/613 611/611/611 612/612/612
f 614/614/614 611/611/611 613/613/613
f 609/609/609 607/607/607 615/615/615
f 615/615/615 607/607/607 616/616/616
f 615/615/615 616/616/616 617/617/617
f 617/617/617 616/616/616 618/618/618
f 617/617/617 620/620/620 619/619/619
f 619/619/619 620/620/620 621/621/621
f 619/619/619 621/621/621 622/622/622
f 622/622/622 621/621/621 623/623/623
f 626/626/626 625/625/625 624/624/624
f 627/627/627 625/625/625 626/626/626
f 628/628/628 625/625/625 627/627/627
f 629/629/629 625/625/625 628/628/628
f 632/632/632 631/631/631 630/630/630
f 633/633/633 631/631/631 632/632/632
f 636/636/636 635/635/635 634/634/634
f 634/634/634 635/635/635 637/637/637
f 640/640/640 639/639/639 638/638/638
f 638/638/638 639/639/639 641/641/641
f 638/638/638 641/641/641 642/642/642
f 642/642/642 641/641/641 643/643/643
f 646/646/646 645/645/645 644/644/644
f 644/644/644 645/645/645 647/647/647
f 650/650/650 649/649/649 648/648/648
f 651/651/651 649/649/649 650/650/650
f 651/651/651 652/652/652 649/649/649
f 653/653/653 652/652/652 651/651/651
f 654/654/654 652/652/652 653/653/653
f 655/655/655 652/652/652 654/654/654
f 650/650/650 648/648/648 656/656/656
f 656/656/656 658/658/658 657/657/657
f 661/661/661 660/660/660 659/659/659
f 662/662/662 660/660/660 661/661/661
f 665/665/665 664/664/664 663/663/663
f 665/665/665 663/663/663 666/666/666
f 666/666/666 663/663/663 667/667/667
f 666/666/666 667/667/667 668/668/668
f 668/668/668 667/667/667 669/669/669
f 670/670/670 664/664/664 665/665/665
f 673/673/673 672/672/672 671/671/671
f 676/676/676 675/675/675 674/674/674
f 679/679/679 678/678/678 677/677/677
f 680/680/680 678/678/678 679/679/679
f 679/679/679 677/677/677 681/681/681
f 684/684/684 683/683/683 682/682/682
f 687/687/687 686/686/686 685/685/685
f 685/685/685 686/686/686 688/688/688
f 685/685/685 688/688/688 689/689/689
f 689/689/689 688/688/688 690/690/690
f 693/693/693 692/692/692 691/691/691
f 693/693/693 691/691/691 694/694/694
f 693/693/693 695/695/695 692/692/692
f 696/696/696 695/695/695 693/693/693
f 699/699/699 698/698/698 697/697/697
f 699/699/699 697/697/697 700/700/700
f 699/699/699 700/700/700 701/701/701
f 704/704/704 703/703/703 702/702/702
f 707/707/707 706/706/706 705/705/705
f 710/710/710 709/709/709 708/708/708
f 711/711/711 709/709/709 710/710/710
f 712/712/712 709/709/709 711/711/711
f 713/713/713 709/709/709 712/712/712
f 716/716/716 715/715/715 714/714/714
f 717/717/717 715/715/715 716/716/716
f 716/716/716 714/714/714 718/718/718
f 718/718/718 714/714/714 719/719/719
f 722/722/722 721/721/721 720/720/720
f 720/720/720 721/721/721 723/723/723
f 725/725/725 723/723/723 724/724/724
f 724/724/724 723/723/723 726/726/726
f 729/729/729 728/728/728 727/727/727
f 727/727/727 728/728/728 730/730/730
f 733/733/733 732/732/732 731/731/731
f 734/734/734 732/732/732 733/733/733
f 734/734/734 735/735/735 732/732/732
f 736/736/736 735/735/735 734/734/734
f 737/737/737 735/735/735 736/736/736
f 738/738/738 735/735/735 737/737/737
f 733/733/733 731/731/731 739/739/739
f 739/739/739 731/731/731 740/740/740
f 739/739/739 742/742/742 741/741/741
f 741/741/741 742/742/742 743/743/743
f 741/741/741 743/743/743 744/744/744
f 744/744/744 743/743/743 745/745/745
f 744/744/744 745/745/745 746/746/746
f 746/746/746 745/745/745 747/747/747
f 750/750/750 749/749/749 748/748/748
f 751/751/751 749/749/749 750/750/750
f 752/752/752 749/749/749 751/751/751
f 753/753/753 749/749/749 752/752/752
f 756/756/756 755/755/755 754/754/754
f 756/756/756 754/754/754 757/757/757
f 757/757/757 754/754/754 758/758/758
f 761/761/761 760/760/760 759/759/759
f 764/764/764 763/763/763 762/762/762
f 762/762/762 763/763/763 765/765/765
f 762/762/762 765/765/765 766/766/766
f 766/766/766 765/765/765 767/767/767
f 770/770/770 769/769/769 768/768/768
f 768/768/768 769/769/769 771/771/771
f 774/774/774 773/773/773 772/772/772
f 775/775/775 773/773/773 774/774/774
f 775/775/775 776/776/776 773/773/773
f 777/777/777 776/776/776 775/775/775
f 778/778/778 776/776/776 777/777/777
f 779/779/779 776/776/776 778/778/778
f 774/774/774 772/772/772 780/780/780
f 780/780/780 772/772/772 781/781/781
f 780/780/780 781/781/781 782/782/782
f 782/782/782 781/781/781 783/783/783
f 782/782/782 783/783/783 784/784/784
f 784/784/784 783/783/783 785/785/785
f 784/784/784 785/785/785 786/786/786
f 786/786/786 785/785/785 787/787/787
f 790/790/790 789/789/789 788/788/788
f 791/791/791 789/789/789 790/790/790
f 792/792/792 789/789/789 791/791/791
f 793/793/793 789/789/789 792/792/792
f 796/796/796 795/795/795 794/794/794
f 797/797/797 795/795/795 796/796/796
f 796/796/796 794/794/794 798/798/798
f 798/798/798 794/794/794 799/799/799
f 798/798/798 799/799/799 800/800/800
f 800/800/800 799/799/799 801/801/801
f 800/800/800 801/801/801 802/802/802
f 802/802/802 801/801/801 803/803/803
f 802/802/802 803/803/803 804/804/804
f 804/804/804 803/803/803 805/805/805
f 806/806/806 800/800/800 802/802/802
f 807/807/807 800/800/800 806/806/806
f 807/807/807 798/798/798 800/800/800
f 808/808/808 802/802/802 804/804/804
f 806/806/806 802/802/802 808/808/808
f 809/809/809 796/796/796 798/798/798
f 809/809/809 798/798/798 807/807/807
f 810/810/810 796/796/796 809/809/809
f 810/810/810 811/811/811 796/796/796
f 812/812/812 811/811/811 810/810/810
f 812/812/812 813/813/813 811/811/811
f 814/814/814 813/813/813 812/812/812
f 815/815/815 813/813/813 814/814/814
f 816/816/816 813/813/813 815/815/815
f 819/819/819 818/818/818 817/817/817
f 822/822/822 821/821/821 820/820/820
f 825/825/825 824/824/824 823/823/823
f 828/828/828 827/827/827 826/826/826
f 831/831/831 830/830/830 829/829/829
f 832/832/832 830/830/830 831/831/831
f 831/831/831 829/829/829 833/833/833
f 833/833/833 829/829/829 834/834/834
f 833/833/833 834/834/834 835/835/835
f 835/835/835 834/834/834 836/836/836
f 835/835/835 836/836/836 837/837/837
f 837/837/837 836/836/836 838/838/838
f 837/837/837 838/838/838 839/839/839
f 839/839/839 838/838/838 840/840/840
f 839/839/839 840/840/840 841/841/841
f 841/841/841 840/840/840 842/842/842
f 843/843/843 841/841/841 842/842/842
f 844/844/844 841/841/841 843/843/843
f 844/844/844 843/843/843 845/845/845
f 845/845/845 843/843/843 846/846/846
f 845/845/845 846/846/846 847/847/847
f 847/847/847 846/846/846 848/848/848
f 847/847/847 848/848/848 849/849/849
f 849/849/849 848/848/848 850/850/850
f 849/849/849 850/850/850 851/851/851
f 851/851/851 850/850/850 852/852/852
f 855/855/855 854/854/854 853/853/853
f 856/856/856 854/854/854 855/855/855
f 856/856/856 857/857/857 854/854/854
f 855/855/855 853/853/853 858/858/858
f 858/858/858 853/853/853 859/859/859
f 858/858/858 859/859/859 860/860/860
f 860/860/860 859/859/859 861/861/861
f 860/860/860 861/861/861 862/862/862
f 862/862/862 861/861/861 863/863/863
f 862/862/862 863/863/863 864/864/864
f 864/864/864 863/863/863 865/865/865
f 866/866/866 864/864/864 865/865/865
f 867/867/867 864/864/864 866/866/866
f 867/867/867 866/866/866 868/868/868
f 868/868/868 866/866/866 869/869/869
f 868/868/868 869/869/869 870/870/870
f 870/870/870 869/869/869 871/871/871
f 870/870/870 871/871/871 872/872/872
f 872/872/872 871/871/871 873/873/873
f 872/872/872 873/873/873 874/874/874
f 874/874/874 873/873/873 875/875/875
f 878/878/878 877/877/877 876/876/876
f 879/879/879 877/877/877 878/878/878
f 879/879/879 880/880/880 877/877/877
f 881/881/881 880/880/880 879/879/879
f 878/878/878 876/876/876 882/882/882
f 882/882/882 876/876/876 883/883/883
f 882/882/882 883/883/883 884/884/884
f 884/884/884 883/883/883 885/885/885
f 884/884/884 885/885/885 886/886/886
f 886/886/886 885/885/885 887/887/887
f 886/886/886 887/887/887 888/888/888
f 888/888/888 887/887/887 889/889/889
f 890/890/890 888/888/888 889/889/889
f 891/891/891 888/888/888 890/890/890
f 891/891/891 890/890/890 892/892/892
f 892/892/892 890/890/890 893/893/893
f 892/892/892 893/893/893 894/894/894
f 894/894/894 893/893/893 895/895/895
f 894/894/894 895/895/895 896/896/896
f 896/896/896 895/895/895 897/897/897
f 896/896/896 897/897/897 898/898/898
f 898/898/898 897/897/897 899/899/899
f 902/902/902 901/901/901 900/900/900
f 900/900/900 901/901/901 903/903/903
f 900/900/900 903/903/903 904/904/904
f 904/904/904 903/903/903 905/905/905
f 904/904/904 905/905/905 906/906/906
f 906/906/906 905/905/905 907/907/907
f 902/902/902 908/908/908 901/901/901
f 909/909/909 908/908/908 902/902/902
f 909/909/909 910/910/910 908/908/908
f 911/911/911 910/910/910 909/909/909
f 911/911/911 912/912/912 910/910/910
f 913/913/913 906/906/906 907/907/907
f 914/914/914 906/906/906 913/913/913
f 914/914/914 913/913/913 915/915/915
f 915/915/915 913/913/913 916/916/916
f 915/915/915 916/916/916 917/917/917
f 917/917/917 916/916/916 918/918/918
f 917/917/917 918/918/918 919/919/919
f 919/919/919 918/918/918 920/920/920
f 919/919/919 920/920/920 921/921/921
f 921/921/921 920/920/920 922/922/922
f 923/923/923 857/857/857 856/856/856
f 926/926/926 925/925/925 924/924/924
f 927/927/927 925/925/925 926/926/926
f 926/926/926 924/924/924 928/928/928
f 928/928/928 924/924/924 929/929/929
f 929/929/929 930/930/930 928/928/928
f 931/931/931 928/928/928 930/930/930
f 932/932/932 928/928/928 931/931/931
f 932/932/932 931/931/931 933/933/933
f 933/933/933 931/931/931 934/934/934
f 933/933/933 934/934/934 935/935/935
f 934/934/934 936/936/936 935/935/935
f 936/936/936 937/937/937 935/935/935
f 938/938/938 935/935/935 937/937/937
f 937/937/937 939/939/939 938/938/938
f 935/935/935 938/938/938 940/940/940
f 940/940/940 938/938/938 941/941/941
f 940/940/940 941/941/941 942/942/942
f 942/942/942 941/941/941 943/943/943
f 942/942/942 943/943/943 944/944/944
f 944/944/944 943/943/943 945/945/945
f 944/944/944 945/945/945 946/946/946
f 946/946/946 945/945/945 947/947/947
f 946/946/946 947/947/947 948/948/948
f 948/948/948 947/947/947 949/949/949
f 948/948/948 949/949/949 950/950/950
f 950/950/950 949/949/949 951/951/951
f 954/954/954 953/953/953 952/952/952
f 957/957/957 956/956/956 955/955/955
f 960/960/960 959/959/959 958/958/958
f 961/961/961 959/959/959 960/960/960
f 964/964/964 963/963/963 962/962/962
f 965/965/965 963/963/963 964/964/964
f 968/968/968 967/967/967 966/966/966
f 969/969/969 967/967/967 968/968/968
f 968/968/968 966/966/966 970/970/970
f 970/970/970 966/966/966 971/971/971
f 970/970/970 971/971/971 972/972/972
f 972/972/972 971/971/971 973/973/973
f 972/972/972 973/973/973 974/974/974
f 974/974/974 973/973/973 975/975/975
f 969/969/969 976/976/976 967/967/967
f 977/977/977 976/976/976 969/969/969
f 980/980/980 979/979/979 978/978/978
f 981/981/981 979/979/979 980/980/980
f 980/980/980 978/978/978 982/982/982
f 982/982/982 978/978/978 983/983/983
f 982/982/982 983/983/983 984/984/984
f 984/984/984 983/983/983 985/985/985
f 984/984/984 985/985/985 986/986/986
f 986/986/986 985/985/985 987/987/987
f 986/986/986 987/987/987 988/988/988
f 988/988/988 987/987/987 989/989/989
f 988/988/988 989/989/989 990/990/990
f 990/990/990 989/989/989 991/991/991
f 994/994/994 993/993/993 992/992/992
f 995/995/995 993/993/993 994/994/994
f 998/998/998 997/997/997 996/996/996
f 999/999/999 997/997/997 998/998/998
f 1002/1002/1002 1001/1001/1001 1000/1000/1000
f 1003/1003/1003 1001/1001/1001 1002/1002/1002
f 1006/1006/1006 1005/1005/1005 1004/1004/1004
f 1007/1007/1007 1005/1005/1005 1006/1006/1006
f 1007/1007/1007 1008/1008/1008 1005/1005/1005
f 1009/1009/1009 1008/1008/1008 1007/1007/1007
f 1009/1009/1009 1010/1010/1010 1008/1008/1008
f 1011/1011/1011 1010/1010/1010 1009/1009/1009
f 1014/1014/1014 1013/1013/1013 1012/1012/1012
f 1015/1015/1015 1013/1013/1013 1014/1014/1014
f 1018/1018/1018 1017/1017/1017 1016/1016/1016
f 1018/1018/1018 1016/1016/1016 1019/1019/1019
f 1018/1018/1018 1019/1019/1019 1020/1020/1020
f 1018/1018/1018 1020/1020/1020 1021/1021/1021
f 1018/1018/1018 1021/1021/1021 1022/1022/1022
f 1018/1018/1018 1022/1022/1022 1023/1023/1023
f 1018/1018/1018 1023/1023/1023 1024/1024/1024
f 1018/1018/1018 1024/1024/1024 1025/1025/1025
f 1018/1018/1018 1025/1025/1025 1026/1026/1026
f 1018/1018/1018 1026/1026/1026 1027/1027/1027
f 1018/1018/1018 1027/1027/1027 1017/1017/1017
f 1030/1030/1030 1029/1029/1029 1028/1028/1028
f 1031/1031/1031 1029/1029/1029 1030/1030/1030
f 1031/1031/1031 1032/1032/1032 1029/1029/1029
f 1033/1033/1033 1032/1032/1032 1031/1031/1031
f 1033/1033/1033 1034/1034/1034 1032/1032/1032
f 1035/1035/1035 1034/1034/1034 1033/1033/1033
f 1035/1035/1035 1036/1036/1036 1034/1034/1034
f 1037/1037/1037 1036/1036/1036 1035/1035/1035
f 1037/1037/1037 1038/1038/1038 1036/1036/1036
f 1039/1039/1039 1038/1038/1038 1037/1037/1037
f 1039/1039/1039 1040/1040/1040 1038/1038/1038
f 1041/1041/1041 1040/1040/1040 1039/1039/1039
f 1044/1044/1044 1043/1043/1043 1042/1042/1042
f 1045/1045/1045 1043/1043/1043 1044/1044/1044
f 1045/1045/1045 1046/1046/1046 1043/1043/1043
f 1047/1047/1047 1046/1046/1046 1045/1045/1045
f 1047/1047/1047 1048/1048/1048 1046/1046/1046
f 1049/1049/1049 1048/1048/1048 1047/1047/1047
f 1052/1052/1052 1051/1051/1051 1050/1050/1050
f 1053/1053/1053 1051/1051/1051 1052/1052/1052
f 1053/1053/1053 1054/1054/1054 1051/1051/1051
f 1055/1055/1055 1054/1054/1054 1053/1053/1053
f 1058/1058/1058 1057/1057/1057 1056/1056/1056
f 1059/1059/1059 1057/1057/1057 1058/1058/1058
f 1059/1059/1059 1060/1060/1060 1057/1057/1057
f 1061/1061/1061 1060/1060/1060 1059/1059/1059
f 1061/1061/1061 1062/1062/1062 1060/1060/1060
f 1063/1063/1063 1062/1062/1062 1061/1061/1061
f 1063/1063/1063 1064/1064/1064 1062/1062/1062
f 1065/1065/1065 1064/1064/1064 1063/1063/1063
f 1065/1065/1065 1066/1066/1066 1064/1064/1064
f 1067/1067/1067 1066/1066/1066 1065/1065/1065
f 1067/1067/1067 1068/1068/1068 1066/1066/1066
f 1069/1069/1069 1068/1068/1068 1067/1067/1067
f 1072/1072/1072 1071/1071/1071 1070/1070/1070
f 1075/1075/1075 1074/1074/1074 1073/1073/1073
f 1075/1075/1075 1076/1076/1076 1074/1074/1074
f 1077/1077/1077 1076/1076/1076 1075/1075/1075
f 1077/1077/1077 1078/1078/1078 1076/1076/1076
f 1079/1079/1079 1078/1078/1078 1077/1077/1077
f 1082/1082/1082 1081/1081/1081 1080/1080/1080
f 1083/1083/1083 1081/1081/1081 1082/1082/1082
f 1082/1082/1082 1080/1080/1080 1084/1084/1084
f 1084/1084/1084 1080/1080/1080 1085/1085/1085
f 1084/1084/1084 1085/1085/1085 1086/1086/1086
f 1086/1086/1086 1085/1085/1085 1087/1087/1087
f 1090/1090/1090 1089/1089/1089 1088/1088/1088
f 1091/1091/1091 1089/1089/1089 1090/1090/1090
f 1091/1091/1091 1092/1092/1092 1089/1089/1089
f 1093/1093/1093 1092/1092/1092 1091/1091/1091
f 1093/1093/1093 1094/1094/1094 1092/1092/1092
f 1095/1095/1095 1094/1094/1094 1093/1093/1093
f 1095/1095/1095 1096/1096/1096 1094/1094/1094
f 1097/1097/1097 1096/1096/1096 1095/1095/1095
f 1097/1097/1097 1098/1098/1098 1096/1096/1096
f 1099/1099/1099 1098/1098/1098 1097/1097/1097
f 1099/1099/1099 1100/1100/1100 1098/1098/1098
f 1101/1101/1101 1100/1100/1100 1099/1099/1099
f 1101/1101/1101 1102/1102/1102 1100/1100/1100
f 1103/1103/1103 1102/1102/1102 1101/1101/1101
f 1106/1106/1106 1105/1105/1105 1104/1104/1104
f 1107/1107/1107 1105/1105/1105 1106/1106/1106
f 1106/1106/1106 1104/1104/1104 1108/1108/1108
f 1108/1108/1108 1104/1104/1104 1109/1109/1109
f 1108/1108/1108 1109/1109/1109 1110/1110/1110
f 1110/1110/1110 1109/1109/1109 1111/1111/1111
f 1107/1107/1107 1112/1112/1112 1105/1105/1105
f 1105/1105/1105 1112/1112/1112 1113/1113/1113
f 1112/1112/1112 1114/1114/1114 1113/1113/1113
f 1115/1115/1115 1114/1114/1114 1112/1112/1112
f 1110/1110/1110 1111/1111/1111 1116/1116/1116
f 1116/1116/1116 1111/1111/1111 1117/1117/1117
f 1120/1120/1120 1119/1119/1119 1118/1118/1118
f 1121/1121/1121 1119/1119/1119 1120/1120/1120
f 1124/1124/1124 1123/1123/1123 1122/1122/1122
f 1125/1125/1125 1123/1123/1123 1124/1124/1124
f 1124/1124/1124 1122/1122/1122 1126/1126/1126
f 1126/1126/1126 1122/1122/1122 1127/1127/1127
f 1125/1125/1125 1128/1128/1128 1123/1123/1123
f 1129/1129/1129 1128/1128/1128 1125/1125/1125
f 1129/1129/1129 1130/1130/1130 1128/1128/1128
f 1131/1131/1131 1130/1130/1130 1129/1129/1129
f 1131/1131/1131 1132/1132/1132 1130/1130/1130
f 1133/1133/1133 1132/1132/1132 1131/1131/1131
f 1136/1136/1136 1135/1135/1135 1134/1134/1134
f 1137/1137/1137 1135/1135/1135 1136/1136/1136
f 1140/1140/1140 1139/1139/1139 1138/1138/1138
f 1141/1141/1141 1139/1139/1139 1140/1140/1140
f 1142/1142/1142 1141/1141/1141 1140/1140/1140
f 1143/1143/1143 1141/1141/1141 1142/1142/1142
f 1144/1144/1144 1143/1143/1143 1142/1142/1142
f 1145/1145/1145 1143/1143/1143 1144/1144/1144
f 1146/1146/1146 1145/1145/1145 1144/1144/1144
f 1147/1147/1147 1145/1145/1145 1146/1146/1146
f 1138/1138/1138 1139/1139/1139 1148/1148/1148
f 1148/1148/1148 1139/1139/1139 1149/1149/1149
f 1152/1152/1152 1151/1151/1151 1150/1150/1150
f 1153/1153/1153 1151/1151/1151 1152/1152/1152
f 1153/1153/1153 1154/1154/1154 1151/1151/1151
f 1152/1152/1152 1150/1150/1150 1155/1155/1155
f 1155/1155/1155 1150/1150/1150 1156/1156/1156
f 1155/1155/1155 1156/1156/1156 1157/1157/1157
f 1157/1157/1157 1156/1156/1156 1158/1158/1158
f 1157/1157/1157 1158/1158/1158 1159/1159/1159
f 1159/1159/1159 1158/1158/1158 1160/1160/1160
f 1161/1161/1161 1154/1154/1154 1153/1153/1153
f 1164/1164/1164 1163/1163/1163 1162/1162/1162
f 1165/1165/1165 1163/1163/1163 1164/1164/1164
f 1166/1166/1166 1163/1163/1163 1165/1165/1165
f 1167/1167/1167 1163/1163/1163 1166/1166/1166
f 1164/1164/1164 1162/1162/1162 1168/1168/1168
f 1168/1168/1168 1162/1162/1162 1169/1169/1169
f 1172/1172/1172 1171/1171/1171 1170/1170/1170
f 1170/1170/1170 1171/1171/1171 1173/1173/1173
f 1174/1174/1174 1172/1172/1172 1170/1170/1170
f 1175/1175/1175 1172/1172/1172 1174/1174/1174
f 1176/1176/1176 1175/1175/1175 1174/1174/1174
f 1177/1177/1177 1175/1175/1175 1176/1176/1176
f 1178/1178/1178 1177/1177/1177 1176/1176/1176
f 1179/1179/1179 1177/1177/1177 1178/1178/1178
f 1171/1171/1171 1180/1180/1180 1173/1173/1173
f 1173/1173/1173 1180/1180/1180 1181/1181/1181
f 1181/1181/1181 1180/1180/1180 1182/1182/1182
f 1183/1183/1183 1179/1179/1179 1178/1178/1178
f 1184/1184/1184 1179/1179/1179 1183/1183/1183
f 1185/1185/1185 1184/1184/1184 1183/1183/1183
f 1186/1186/1186 1184/1184/1184 1185/1185/1185
f 1187/1187/1187 1186/1186/1186 1185/1185/1185
f 1188/1188/1188 1186/1186/1186 1187/1187/1187
f 1182/1182/1182 1180/1180/1180 1189/1189/1189
f 1192/1192/1192 1191/1191/1191 1190/1190/1190
f 1193/1193/1193 1191/1191/1191 1192/1192/1192
f 1194/1194/1194 1193/1193/1193 1192/1192/1192
f 1195/1195/1195 1193/1193/1193 1194/1194/1194
f 1196/1196/1196 1195/1195/1195 1194/1194/1194
f 1197/1197/1197 1195/1195/1195 1196/1196/1196
f 1198/1198/1198 1197/1197/1197 1196/1196/1196
f 1199/1199/1199 1197/1197/1197 1198/1198/1198
f 1200/1200/1200 1199/1199/1199 1198/1198/1198
f 1201/1201/1201 1199/1199/1199 1200/1200/1200
f 1202/1202/1202 1201/1201/1201 1200/1200/1200
f 1203/1203/1203 1201/1201/1201 1202/1202/1202
f 1204/1204/1204 1203/1203/1203 1202/1202/1202
f 1205/1205/1205 1203/1203/1203 1204/1204/1204
f 1208/1208/1208 1207/1207/1207 1206/1206/1206
f 1209/1209/1209 1207/1207/1207 1208/1208/1208
f 1208/1208/1208 1206/1206/1206 1210/1210/1210
f 1210/1210/1210 1206/1206/1206 1211/1211/1211
f 1210/1210/1210 1211/1211/1211 1212/1212/1212
f 1212/1212/1212 1211/1211/1211 1213/1213/1213
f 1212/1212/1212 1213/1213/1213 1214/1214/1214
f 1214/1214/1214 1213/1213/1213 1215/1215/1215
f 1216/1216/1216 1207/1207/1207 1209/1209/1209
f 1217/1217/1217 1207/1207/1207 1216/1216/1216
f 1220/1220/1220 1219/1219/1219 1218/1218/1218
f 1221/1221/1221 1219/1219/1219 1220/1220/1220
f 1221/1221/1221 1222/1222/1222 1219/1219/1219
f 1223/1223/1223 1222/1222/1222 1221/1221/1221
f 1223/1223/1223 1224/1224/1224 1222/1222/1222
f 1225/1225/1225 1224/1224/1224 1223/1223/1223
f 1225/1225/1225 1226/1226/1226 1224/1224/1224
f 1227/1227/1227 1226/1226/1226 1225/1225/1225
f 1227/1227/1227 1228/1228/1228 1226/1226/1226
f 1229/1229/1229 1228/1228/1228 1227/1227/1227
f 1232/1232/1232 1231/1231/1231 1230/1230/1230
f 1232/1232/1232 1230/1230/1230 1233/1233/1233
f 1232/1232/1232 1233/1233/1233 1234/1234/1234
f 1232/1232/1232 1234/1234/1234 1235/1235/1235
f 1232/1232/1232 1235/1235/1235 1236/1236/1236
f 1232/1232/1232 1236/1236/1236 1237/1237/1237
f 1232/1232/1232 1237/1237/1237 1238/1238/1238
f 1232/1232/1232 1238/1238/1238 1239/1239/1239
f 1232/1232/1232 1239/1239/1239 1240/1240/1240
f 1232/1232/1232 1240/1240/1240 1241/1241/1241
f 1232/1232/1232 1241/1241/1241 1242/1242/1242
f 1232/1232/1232 1242/1242/1242 1243/1243/1243
f 1232/1232/1232 1243/1243/1243 1244/1244/1244
f 1232/1232/1232 1244/1244/1244 1245/1245/1245
f 1232/1232/1232 1245/1245/1245 1231/1231/1231
f 1248/1248/1248 1247/1247/1247 1246/1246/1246
f 1248/1248/1248 1246/1246/1246 1249/1249/1249
f 1249/1249/1249 1246/1246/1246 1250/1250/1250
f 1251/1251/1251 1247/1247/1247 1248/1248/1248
f 1251/1251/1251 1252/1252/1252 1247/1247/1247
f 1253/1253/1253 1252/1252/1252 1251/1251/1251
f 1253/1253/1253 1254/1254/1254 1252/1252/1252
f 1255/1255/1255 1254/1254/1254 1253/1253/1253
f 1255/1255/1255 1256/1256/1256 1254/1254/1254
f 1257/1257/1257 1256/1256/1256 1255/1255/1255
f 1249/1249/1249 1250/1250/1250 1258/1258/1258
f 1258/1258/1258 1250/1250/1250 1259/1259/1259
f 1258/1258/1258 1259/1259/1259 1260/1260/1260
f 1260/1260/1260 1259/1259/1259 1261/1261/1261
f 1264/1264/1264 1263/1263/1263 1262/1262/1262
f 1264/1264/1264 1262/1262/1262 1265/1265/1265
f 1266/1266/1266 1263/1263/1263 1264/1264/1264
f 1266/1266/1266 1267/1267/1267 1263/1263/1263
f 1265/1265/1265 1262/1262/1262 1268/1268/1268
f 1265/1265/1265 1268/1268/1268 1269/1269/1269
f 1269/1269/1269 1268/1268/1268 1270/1270/1270
f 1269/1269/1269 1270/1270/1270 1271/1271/1271
f 1271/1271/1271 1270/1270/1270 1272/1272/1272
f 1271/1271/1271 1272/1272/1272 1273/1273/1273
f 1273/1273/1273 1272/1272/1272 1274/1274/1274
f 1275/1275/1275 1267/1267/1267 1266/1266/1266
f 1275/1275/1275 1276/1276/1276 1267/1267/1267
f 1277/1277/1277 1276/1276/1276 1275/1275/1275
f 1277/1277/1277 1278/1278/1278 1276/1276/1276
f 1279/1279/1279 1278/1278/1278 1277/1277/1277
f 1282/1282/1282 1281/1281/1281 1280/1280/1280
f 1282/1282/1282 1280/1280/1280 1283/1283/1283
f 1282/1282/1282 1283/1283/1283 1284/1284/1284
f 1282/1282/1282 1284/1284/1284 1285/1285/1285
f 1282/1282/1282 1285/1285/1285 1286/1286/1286
f 1282/1282/1282 1286/1286/1286 1287/1287/1287
f 1282/1282/1282 1287/1287/1287 1288/1288/1288
f 1282/1282/1282 1288/1288/1288 1289/1289/1289
f 1282/1282/1282 1289/1289/1289 1290/1290/1290
f 1282/1282/1282 1290/1290/1290 1291/1291/1291
f 1282/1282/1282 1291/1291/1291 1281/1281/1281
f 1287/1287/1287 1292/1292/1292 1288/1288/1288
f 1287/1287/1287 1293/1293/1293 1292/1292/1292
f 1294/1294/1294 1293/1293/1293 1287/1287/1287
f 1288/1288/1288 1292/1292/1292 1295/1295/1295
f 1288/1288/1288 1295/1295/1295 1289/1289/1289
f 1289/1289/1289 1295/1295/1295 1296/1296/1296
f 1289/1289/1289 1296/1296/1296 1297/1297/1297
f 1297/1297/1297 1296/1296/1296 1298/1298/1298
f 1301/1301/1301 1300/1300/1300 1299/1299/1299
f 1299/1299/1299 1300/1300/1300 1302/1302/1302
f 1299/1299/1299 1302/1302/1302 1303/1303/1303
f 1303/1303/1303 1302/1302/1302 1304/1304/1304
f 1303/1303/1303 1304/1304/1304 1305/1305/1305
f 1305/1305/1305 1304/1304/1304 1306/1306/1306
f 1305/1305/1305 1306/1306/1306 1307/1307/1307
f 1307/1307/1307 1306/1306/1306 1308/1308/1308
f 1301/1301/1301 1309/1309/1309 1300/1300/1300
f 1310/1310/1310 1309/1309/1309 1301/1301/1301
f 1313/1313/1313 1312/1312/1312 1311/1311/1311
f 1315/1315/1315 1314/1314/1314 1313/1313/1313
f 1318/1318/1318 1317/1317/1317 1316/1316/1316
f 1316/1316/1316 1317/1317/1317 1319/1319/1319
f 1322/1322/1322 1321/1321/1321 1320/1320/1320
f 1323/1323/1323 1321/1321/1321 1322/1322/1322
f 1326/1326/1326 1325/1325/1325 1324/1324/1324
f 1326/1326/1326 1324/1324/1324 1327/1327/1327
f 1326/1326/1326 1327/1327/1327 1328/1328/1328
f 1326/1326/1326 1328/1328/1328 1329/1329/1329
f 1326/1326/1326 1329/1329/1329 1330/1330/1330
f 1326/1326/1326 1330/1330/1330 1331/1331/1331
f 1326/1326/1326 1331/1331/1331 1332/1332/1332
f 1326/1326/1326 1332/1332/1332 1333/1333/1333
f 1326/1326/1326 1333/1333/1333 1334/1334/1334
f 1326/1326/1326 1334/1334/1334 1335/1335/1335
f 1326/1326/1326 1335/1335/1335 1336/1336/1336
f 1326/1326/1326 1336/1336/1336 1325/1325/1325
f 1332/1332/1332 1337/1337/1337 1333/1333/1333
f 1332/1332/1332 1338/1338/1338 1337/1337/1337
f 1339/1339/1339 1338/1338/1338 1332/1332/1332
f 1333/1333/1333 1337/1337/1337 1340/1340/1340
f 1333/1333/1333 1340/1340/1340 1334/1334/1334
f 1334/1334/1334 1340/1340/1340 1341/1341/1341
f 1334/1334/1334 1341/1341/1341 1335/1335/1335
f 1335/1335/1335 1341/1341/1341 1342/1342/1342
f 1335/1335/1335 1342/1342/1342 1343/1343/1343
f 1343/1343/1343 1342/1342/1342 1344/1344/1344
f 1347/1347/1347 1346/1346/1346 1345/1345/1345
f 1345/1345/1345 1346/1346/1346 1348/1348/1348
f 1345/1345/1345 1348/1348/1348 1349/1349/1349
f 1349/1349/1349 1348/1348/1348 1350/1350/1350
f 1349/1349/1349 1350/1350/1350 1351/1351/1351
f 1351/1351/1351 1350/1350/1350 1352/1352/1352
f 1351/1351/1351 1352/1352/1352 1353/1353/1353
f 1353/1353/1353 1352/1352/1352 1354/1354/1354
f 1353/1353/1353 1354/1354/1354 1355/1355/1355
f 1355/1355/1355 1354/1354/1354 1356/1356/1356
f 1347/1347/1347 1357/1357/1357 1346/1346/1346
f 1358/1358/1358 1357/1357/1357 1347/1347/1347
f 1361/1361/1361 1360/1360/1360 1359/1359/1359
f 1359/1359/1359 1360/1360/1360 1362/1362/1362
f 1365/1365/1365 1364/1364/1364 1363/1363/1363
f 1366/1366/1366 1364/1364/1364 1365/1365/1365
f 1366/1366/1366 1367/1367/1367 1364/1364/1364
f 1368/1368/1368 1367/1367/1367 1366/1366/1366
f 1368/1368/1368 1369/1369/1369 1367/1367/1367
f 1370/1370/1370 1369/1369/1369 1368/1368/1368
f 1370/1370/1370 1371/1371/1371 1369/1369/1369
f 1372/1372/1372 1371/1371/1371 1370/1370/1370
f 1372/1372/1372 1373/1373/1373 1371/1371/1371
f 1374/1374/1374 1373/1373/1373 1372/1372/1372
f 1377/1377/1377 1376/1376/1376 1375/1375/1375
f 1378/1378/1378 1376/1376/1376 1377/1377/1377
f 1378/1378/1378 1379/1379/1379 1376/1376/1376
f 1380/1380/1380 1379/1379/1379 1378/1378/1378
f 1380/1380/1380 1381/1381/1381 1379/1379/1379
f 1382/1382/1382 1381/1381/1381 1380/1380/1380
f 1382/1382/1382 1383/1383/1383 1381/1381/1381
f 1381/1381/1381 1383/1383/1383 1384/1384/1384
f 1383/1383/1383 1385/1385/1385 1384/1384/1384
f 1386/1386/1386 1385/1385/1385 1383/1383/1383
f 1389/1389/1389 1388/1388/1388 1387/1387/1387
f 1390/1390/1390 1388/1388/1388 1389/1389/1389
f 1390/1390/1390 1391/1391/1391 1388/1388/1388
f 1392/1392/1392 1391/1391/1391 1390/1390/1390
f 1392/1392/1392 1393/1393/1393 1391/1391/1391
f 1394/1394/1394 1393/1393/1393 1392/1392/1392
f 1394/1394/1394 1395/1395/1395 1393/1393/1393
f 1396/1396/1396 1395/1395/1395 1394/1394/1394
f 1396/1396/1396 1397/1397/1397 1395/1395/1395
f 1398/1398/1398 1397/1397/1397 1396/1396/1396
f 1398/1398/1398 1399/1399/1399 1397/1397/1397
f 1400/1400/1400 1399/1399/1399 1398/1398/1398
f 1400/1400/1400 1401/1401/1401 1399/1399/1399
f 1402/1402/1402 1401/1401/1401 1400/1400/1400
f 1405/1405/1405 1404/1404/1404 1403/1403/1403
f 1406/1406/1406 1404/1404/1404 1405/1405/1405
f 1406/1406/1406 1407/1407/1407 1404/1404/1404
f 1408/1408/1408 1407/1407/1407 1406/1406/1406
f 1408/1408/1408 1409/1409/1409 1407/1407/1407
f 1410/1410/1410 1409/1409/1409 1408/1408/1408
f 1410/1410/1410 1411/1411/1411 1409/1409/1409
f 1414/1414/1414 1413/1413/1413 1412/1412/1412
f 1417/1417/1417 1416/1416/1416 1415/1415/1415
f 1418/1418/1418 1417/1417/1417 1415/1415/1415
f 1419/1419/1419 1416/1416/1416 1417/1417/1417
f 1419/1419/1419 1420/1420/1420 1416/1416/1416
f 1423/1423/1423 1422/1422/1422 1421/1421/1421
f 1426/1426/1426 1425/1425/1425 1424/1424/1424
f 1429/1429/1429 1428/1428/1428 1427/1427/1427
f 1430/1430/1430 1428/1428/1428 1429/1429/1429
f 1430/1430/1430 1431/1431/1431 1428/1428/1428
f 1432/1432/1432 1431/1431/1431 1430/1430/1430
f 1432/1432/1432 1433/1433/1433 1431/1431/1431
f 1434/1434/1434 1433/1433/1433 1432/1432/1432
f 1434/1434/1434 1435/1435/1435 1433/1433/1433
f 1436/1436/1436 1435/1435/1435 1434/1434/1434
f 1436/1436/1436 1437/1437/1437 1435/1435/1435
f 1438/1438/1438 1437/1437/1437 1436/1436/1436
f 1438/1438/1438 1439/1439/1439 1437/1437/1437
f 1440/1440/1440 1439/1439/1439 1438/1438/1438
f 1440/1440/1440 1441/1441/1441 1439/1439/1439
f 1442/1442/1442 1441/1441/1441 1440/1440/1440
f 1445/1445/1445 1444/1444/1444 1443/1443/1443
f 1445/1445/1445 1443/1443/1443 1446/1446/1446
f 1446/1446/1446 1443/1443/1443 1447/1447/1447
f 1446/1446/1446 1447/1447/1447 1448/1448/1448
f 1448/1448/1448 1447/1447/1447 1449/1449/1449
f 1448/1448/1448 1449/1449/1449 1450/1450/1450
f 1450/1450/1450 1449/1449/1449 1451/1451/1451
f 1454/1454/1454 1453/1453/1453 1452/1452/1452
f 1457/1457/1457 1456/1456/1456 1455/1455/1455
f 1458/1458/1458 1457/1457/1457 1455/1455/1455
f 1459/1459/1459 1457/1457/1457 1458/1458/1458
f 1460/1460/1460 1456/1456/1456 1457/1457/1457
f 1460/1460/1460 1461/1461/1461 1456/1456/1456
f 1464/1464/1464 1463/1463/1463 1462/1462/1462
f 1467/1467/1467 1466/1466/1466 1465/1465/1465
f 1467/1467/1467 1465/1465/1465 1468/1468/1468
f 1467/1467/1467 1468/1468/1468 1469/1469/1469
f 1467/1467/1467 1469/1469/1469 1470/1470/1470
f 1467/1467/1467 1470/1470/1470 1471/1471/1471
f 1467/1467/1467 1471/1471/1471 1472/1472/1472
f 1467/1467/1467 1472/1472/1472 1473/1473/1473
f 1467/1467/1467 1473/1473/1473 1474/1474/1474
f 1467/1467/1467 1474/1474/1474 1475/1475/1475
f 1467/1467/1467 1475/1475/1475 1476/1476/1476
f 1467/1467/1467 1476/1476/1476 1477/1477/1477
f 1467/1467/1467 1477/1477/1477 1466/1466/1466
f 1480/1480/1480 1479/1479/1479 1478/1478/1478
f 1481/1481/1481 1479/1479/1479 1480/1480/1480
f 1481/1481/1481 1482/1482/1482 1479/1479/1479
f 1483/1483/1483 1482/1482/1482 1481/1481/1481
f 1483/1483/1483 1484/1484/1484 1482/1482/1482
f 1485/1485/1485 1484/1484/1484 1483/1483/1483
f 1485/1485/1485 1486/1486/1486 1484/1484/1484
f 1487/1487/1487 1486/1486/1486 1485/1485/1485
f 1487/1487/1487 1488/1488/1488 1486/1486/1486
f 1489/1489/1489 1488/1488/1488 1487/1487/1487
f 1489/1489/1489 1490/1490/1490 1488/1488/1488
f 1491/1491/1491 1490/1490/1490 1489/1489/1489
f 1494/1494/1494 1493/1493/1493 1492/1492/1492
f 1495/1495/1495 1493/1493/1493 1494/1494/1494
f 1495/1495/1495 1496/1496/1496 1493/1493/1493
f 1497/1497/1497 1496/1496/1496 1495/1495/1495
f 1497/1497/1497 1498/1498/1498 1496/1496/1496
f 1499/1499/1499 1498/1498/1498 1497/1497/1497
f 1499/1499/1499 1500/1500/1500 1498/1498/1498
f 1501/1501/1501 1500/1500/1500 1499/1499/1499
f 1501/1501/1501 1502/1502/1502 1500/1500/1500
f 1503/1503/1503 1502/1502/1502 1501/1501/1501
f 1503/1503/1503 1504/1504/1504 1502/1502/1502
f 1505/1505/1505 1504/1504/1504 1503/1503/1503
f 1508/1508/1508 1507/1507/1507 1506/1506/1506
f 1509/1509/1509 1507/1507/1507 1508/1508/1508
f 1508/1508/1508 1506/1506/1506 1510/1510/1510
f 1510/1510/1510 1506/1506/1506 1511/1511/1511
f 1510/1510/1510 1511/1511/1511 1512/1512/1512
f 1512/1512/1512 1511/1511/1511 1513/1513/1513
f 1512/1512/1512 1513/1513/1513 1514/1514/1514
f 1514/1514/1514 1513/1513/1513 1515/1515/1515
f 1514/1514/1514 1515/1515/1515 1516/1516/1516
f 1516/1516/1516 1515/1515/1515 1517/1517/1517
f 1509/1509/1509 1518/1518/1518 1507/1507/1507
f 1519/1519/1519 1518/1518/1518 1509/1509/1509
f 1522/1522/1522 1521/1521/1521 1520/1520/1520
f 1523/1523/1523 1521/1521/1521 1522/1522/1522
f 1522/1522/1522 1520/1520/1520 1524/1524/1524
f 1524/1524/1524 1520/1520/1520 1525/1525/1525
f 1524/1524/1524 1525/1525/1525 1526/1526/1526
f 1526/1526/1526 1525/1525/1525 1527/1527/1527
f 1526/1526/1526 1527/1527/1527 1528/1528/1528
f 1528/1528/1528 1527/1527/1527 1529/1529/1529
f 1528/1528/1528 1529/1529/1529 1530/1530/1530
f 1530/1530/1530 1529/1529/1529 1531/1531/1531
f 1530/1530/1530 1531/1531/1531 1532/1532/1532
f 1532/1532/1532 1531/1531/1531 1533/1533/1533
f 1536/1536/1536 1535/1535/1535 1534/1534/1534
f 1537/1537/1537 1535/1535/1535 1536/1536/1536
f 1536/1536/1536 1534/1534/1534 1538/1538/1538
f 1538/1538/1538 1534/1534/1534 1539/1539/1539
f 1538/1538/1538 1539/1539/1539 1540/1540/1540
f 1540/1540/1540 1539/1539/1539 1541/1541/1541
f 1540/1540/1540 1541/1541/1541 1542/1542/1542
f 1542/1542/1542 1541/1541/1541 1543/1543/1543
f 1542/1542/1542 1543/1543/1543 1544/1544/1544
f 1544/1544/1544 1543/1543/1543 1545/1545/1545
f 1544/1544/1544 1545/1545/1545 1546/1546/1546
f 1546/1546/1546 1545/1545/1545 1547/1547/1547
f 1546/1546/1546 1547/1547/1547 1548/1548/1548
f 1548/1548/1548 1547/1547/1547 1549/1549/1549
f 1548/1548/1548 1549/1549/1549 1550/1550/1550
f 1550/1550/1550 1549/1549/1549 1551/1551/1551
f 1550/1550/1550 1551/1551/1551 1552/1552/1552
f 1552/1552/1552 1551/1551/1551 1553/1553/1553
f 1552/1552/1552 1553/1553/1553 1554/1554/1554
f 1554/1554/1554 1553/1553/1553 1555/1555/1555
f 1554/1554/1554 1555/1555/1555 1556/1556/1556
f 1556/1556/1556 1555/1555/1555 1557/1557/1557
f 1560/1560/1560 1559/1559/1559 1558/1558/1558
f 1560/1560/1560 1558/1558/1558 1561/1561/1561
f 1562/1562/1562 1559/1559/1559 1560/1560/1560
f 1562/1562/1562 1563/1563/1563 1559/1559/1559
f 1564/1564/1564 1563/1563/1563 1562/1562/1562
f 1564/1564/1564 1565/1565/1565 1563/1563/1563
f 1566/1566/1566 1565/1565/1565 1564/1564/1564
f 1566/1566/1566 1567/1567/1567 1565/1565/1565
f 1568/1568/1568 1567/1567/1567 1566/1566/1566
f 1561/1561/1561 1558/1558/1558 1569/1569/1569
f 1561/1561/1561 1569/1569/1569 1570/1570/1570
f 1570/1570/1570 1569/1569/1569 1571/1571/1571
f 1570/1570/1570 1571/1571/1571 1572/1572/1572
f 1572/1572/1572 1571/1571/1571 1573/1573/1573
f 1572/1572/1572 1573/1573/1573 1574/1574/1574
f 1574/1574/1574 1573/1573/1573 1575/1575/1575
f 1574/1574/1574 1575/1575/1575 1576/1576/1576
f 1576/1576/1576 1575/1575/1575 1577/1577/1577
f 1576/1576/1576 1577/1577/1577 1578/1578/1578
f 1578/1578/1578 1577/1577/1577 1579/1579/1579
f 1578/1578/1578 1579/1579/1579 1580/1580/1580
f 1580/1580/1580 1579/1579/1579 1581/1581/1581
f 1584/1584/1584 1583/1583/1583 1582/1582/1582
f 1584/1584/1584 1582/1582/1582 1585/1585/1585
f 1585/1585/1585 1582/1582/1582 1586/1586/1586
f 1587/1587/1587 1583/1583/1583 1584/1584/1584
f 1585/1585/1585 1586/1586/1586 1588/1588/1588
f 1588/1588/1588 1586/1586/1586 1589/1589/1589
f 1592/1592/1592 1591/1591/1591 1590/1590/1590
f 1592/1592/1592 1590/1590/1590 1593/1593/1593
f 1593/1593/1593 1590/1590/1590 1594/1594/1594
f 1595/1595/1595 1591/1591/1591 1592/1592/1592
f 1595/1595/1595 1596/1596/1596 1591/1591/1591
f 1597/1597/1597 1596/1596/1596 1595/1595/1595
f 1597/1597/1597 1598/1598/1598 1596/1596/1596
f 1599/1599/1599 1598/1598/1598 1597/1597/1597
f 1599/1599/1599 1600/1600/1600 1598/1598/1598
f 1601/1601/1601 1600/1600/1600 1599/1599/1599
f 1601/1601/1601 1602/1602/1602 1600/1600/1600
f 1603/1603/1603 1602/1602/1602 1601/1601/1601
f 1606/1606/1606 1605/1605/1605 1604/1604/1604
f 1607/1607/1607 1605/1605/1605 1606/1606/1606
f 1607/1607/1607 1608/1608/1608 1605/1605/1605
f 1609/1609/1609 1608/1608/1608 1607/1607/1607
f 1609/1609/1609 1610/1610/1610 1608/1608/1608
f 1611/1611/1611 1608/1608/1608 1610/1610/1610
f 1612/1612/1612 1608/1608/1608 1611/1611/1611
f 1613/1613/1613 1608/1608/1608 1612/1612/1612
f 1614/1614/1614 1608/1608/1608 1613/1613/1613
f 1615/1615/1615 1608/1608/1608 1614/1614/1614
f 1616/1616/1616 1608/1608/1608 1615/1615/1615
f 1617/1617/1617 1608/1608/1608 1616/1616/1616
f 1618/1618/1618 1608/1608/1608 1617/1617/1617
f 1621/1621/1621 1620/1620/1620 1619/1619/1619
f 1619/1619/1619 1620/1620/1620 1622/1622/1622
f 1619/1619/1619 1622/1622/1622 1623/1623/1623
f 1623/1623/1623 1622/1622/1622 1624/1624/1624
f 1623/1623/1623 1624/1624/1624 1625/1625/1625
f 1625/1625/1625 1624/1624/1624 1626/1626/1626
f 1625/1625/1625 1626/1626/1626 1627/1627/1627
f 1627/1627/1627 1626/1626/1626 1628/1628/1628
f 1627/1627/1627 1628/1628/1628 1629/1629/1629
f 1629/1629/1629 1628/1628/1628 1630/1630/1630
f 1629/1629/1629 1630/1630/1630 1631/1631/1631
f 1631/1631/1631 1630/1630/1630 1632/1632/1632
f 1635/1635/1635 1634/1634/1634 1633/1633/1633
f 1633/1633/1633 1634/1634/1634 1636/1636/1636
f 1633/1633/1633 1636/1636/1636 1637/1637/1637
f 1637/1637/1637 1636/1636/1636 1638/1638/1638
f 1637/1637/1637 1638/1638/1638 1537/1537/1537
f 1537/1537/1537 1638/1638/1638 1535/1535/1535
f 1641/1641/1641 1640/1640/1640 1639/1639/1639
f 1642/1642/1642 1640/1640/1640 1641/1641/1641
f 1642/1642/1642 1643/1643/1643 1640/1640/1640
f 1644/1644/1644 1643/1643/1643 1642/1642/1642
f 1647/1647/1647 1646/1646/1646 1645/1645/1645
f 1648/1648/1648 1646/1646/1646 1647/1647/1647
f 1649/1649/1649 1647/1647/1647 1645/1645/1645
f 1650/1650/1650 1647/1647/1647 1649/1649/1649
f 1653/1653/1653 1652/1652/1652 1651/1651/1651
f 1656/1656/1656 1655/1655/1655 1654/1654/1654
f 1659/1659/1659 1658/1658/1658 1657/1657/1657
f 1660/1660/1660 1658/1658/1658 1659/1659/1659
f 1661/1661/1661 1660/1660/1660 1659/1659/1659
f 1662/1662/1662 1660/1660/1660 1661/1661/1661
f 1663/1663/1663 1658/1658/1658 1660/1660/1660
f 1663/1663/1663 1664/1664/1664 1658/1658/1658
f 1665/1665/1665 1664/1664/1664 1663/1663/1663
f 1665/1665/1665 1666/1666/1666 1664/1664/1664
f 1667/1667/1667 1666/1666/1666 1665/1665/1665
f 1667/1667/1667 1668/1668/1668 1666/1666/1666
f 1669/1669/1669 1668/1668/1668 1667/1667/1667
f 1669/1669/1669 1670/1670/1670 1668/1668/1668
f 1671/1671/1671 1670/1670/1670 1669/1669/1669
f 1672/1672/1672 1665/1665/1665 1663/1663/1663
f 1660/1660/1660 1673/1673/1673 1663/1663/1663
f 1662/1662/1662 1673/1673/1673 1660/1660/1660
f 1674/1674/1674 1665/1665/1665 1672/1672/1672
f 1674/1674/1674 1667/1667/1667 1665/1665/1665
f 1675/1675/1675 1667/1667/1667 1674/1674/1674
f 1675/1675/1675 1669/1669/1669 1667/1667/1667
f 1676/1676/1676 1669/1669/1669 1675/1675/1675
f 1676/1676/1676 1671/1671/1671 1669/1669/1669
f 1677/1677/1677 1671/1671/1671 1676/1676/1676
f 1678/1678/1678 1675/1675/1675 1674/1674/1674
f 1679/1679/1679 1675/1675/1675 1678/1678/1678
f 1679/1679/1679 1676/1676/1676 1675/1675/1675
f 1680/1680/1680 1676/1676/1676 1679/1679/1679
f 1680/1680/1680 1677/1677/1677 1676/1676/1676
f 1681/1681/1681 1677/1677/1677 1680/1680/1680
f 1682/1682/1682 1680/1680/1680 1679/1679/1679
f 1682/1682/1682 1679/1679/1679 1683/1683/1683
f 1683/1683/1683 1679/1679/1679 1684/1684/1684
f 1685/1685/1685 1682/1682/1682 1683/1683/1683
f 1685/1685/1685 1683/1683/1683 1686/1686/1686
f 1686/1686/1686 1683/1683/1683 1687/1687/1687
f 1683/1683/1683 1688/1688/1688 1687/1687/1687
f 1687/1687/1687 1688/1688/1688 1689/1689/1689
f 1690/1690/1690 1682/1682/1682 1685/1685/1685
f 1690/1690/1690 1691/1691/1691 1682/1682/1682
f 1691/1691/1691 1680/1680/1680 1682/1682/1682
f 1693/1693/1693 1687/1687/1687 1692/1692/1692
f 1695/1695/1695 1686/1686/1686 1694/1694/1694
f 1698/1698/1698 1697/1697/1697 1696/1696/1696
f 1699/1699/1699 1697/1697/1697 1698/1698/1698
f 1702/1702/1702 1701/1701/1701 1700/1700/1700
f 1705/1705/1705 1704/1704/1704 1703/1703/1703
f 1708/1708/1708 1707/1707/1707 1706/1706/1706
f 1710/1710/1710 1709/1709/1709 1708/1708/1708
f 1713/1713/1713 1712/1712/1712 1711/1711/1711
f 1716/1716/1716 1715/1715/1715 1714/1714/1714
f 1719/1719/1719 1718/1718/1718 1717/1717/1717
f 1720/1720/1720 1717/1717/1717 1718/1718/1718
f 1723/1723/1723 1722/1722/1722 1721/1721/1721
f 1726/1726/1726 1725/1725/1725 1724/1724/1724
f 1727/1727/1727 1725/1725/1725 1726/1726/1726
f 1728/1728/1728 1727/1727/1727 1726/1726/1726
f 1728/1728/1728 1726/1726/1726 1729/1729/1729
f 1730/1730/1730 1728/1728/1728 1729/1729/1729
f 1730/1730/1730 1729/1729/1729 1731/1731/1731
f 1732/1732/1732 1730/1730/1730 1731/1731/1731
f 1733/1733/1733 1730/1730/1730 1732/1732/1732
f 1733/1733/1733 1734/1734/1734 1730/1730/1730
f 1734/1734/1734 1728/1728/1728 1730/1730/1730
f 1729/1729/1729 1726/1726/1726 1735/1735/1735
f 1734/1734/1734 1736/1736/1736 1728/1728/1728
f 1736/1736/1736 1727/1727/1727 1728/1728/1728
f 1737/1737/1737 1736/1736/1736 1734/1734/1734
f 1738/1738/1738 1734/1734/1734 1733/1733/1733
f 1738/1738/1738 1737/1737/1737 1734/1734/1734
f 1739/1739/1739 1737/1737/1737 1738/1738/1738
f 1742/1742/1742 1741/1741/1741 1740/1740/1740
f 1743/1743/1743 1741/1741/1741 1742/1742/1742
f 1744/1744/1744 1743/1743/1743 1742/1742/1742
f 1745/1745/1745 1743/1743/1743 1744/1744/1744
f 1746/1746/1746 1745/1745/1745 1744/1744/1744
f 1747/1747/1747 1745/1745/1745 1746/1746/1746
f 1748/1748/1748 1747/1747/1747 1746/1746/1746
f 1749/1749/1749 1747/1747/1747 1748/1748/1748
f 1747/1747/1747 1749/1749/1749 1750/1750/1750
f 1749/1749/1749 1751/1751/1751 1750/1750/1750
f 1753/1753/1753 1750/1750/1750 1752/1752/1752
f 1755/1755/1755 1752/1752/1752 1754/1754/1754
f 1757/1757/1757 1756/1756/1756 1751/1751/1751
f 1758/1758/1758 1664/1664/1664 1666/1666/1666
f 1759/1759/1759 1664/1664/1664 1758/1758/1758
f 1758/1758/1758 1666/1666/1666 1760/1760/1760
f 1760/1760/1760 1666/1666/1666 1668/1668/1668
f 1760/1760/1760 1668/1668/1668 1761/1761/1761
f 1761/1761/1761 1668/1668/1668 1670/1670/1670
f 1761/1761/1761 1670/1670/1670 1762/1762/1762
f 1759/1759/1759 1658/1658/1658 1664/1664/1664
f 1657/1657/1657 1658/1658/1658 1759/1759/1759
f 1765/1765/1765 1764/1764/1764 1763/1763/1763
f 1766/1766/1766 1764/1764/1764 1765/1765/1765
f 1766/1766/1766 1767/1767/1767 1764/1764/1764
f 1768/1768/1768 1767/1767/1767 1766/1766/1766
f 1769/1769/1769 1766/1766/1766 1765/1765/1765
f 1770/1770/1770 1766/1766/1766 1769/1769/1769
f 1770/1770/1770 1768/1768/1768 1766/1766/1766
f 1764/1764/1764 1771/1771/1771 1763/1763/1763
f 1763/1763/1763 1771/1771/1771 1772/1772/1772
f 1771/1771/1771 1773/1773/1773 1772/1772/1772
f 1772/1772/1772 1773/1773/1773 1774/1774/1774
f 1775/1775/1775 1768/1768/1768 1770/1770/1770
f 1776/1776/1776 1770/1770/1770 1769/1769/1769
f 1777/1777/1777 1770/1770/1770 1776/1776/1776
f 1777/1777/1777 1775/1775/1775 1770/1770/1770
f 1778/1778/1778 1775/1775/1775 1777/1777/1777
f 1778/1778/1778 1779/1779/1779 1775/1775/1775
f 1780/1780/1780 1779/1779/1779 1778/1778/1778
f 1780/1780/1780 1781/1781/1781 1779/1779/1779
f 1782/1782/1782 1777/1777/1777 1776/1776/1776
f 1783/1783/1783 1777/1777/1777 1782/1782/1782
f 1783/1783/1783 1778/1778/1778 1777/1777/1777
f 1784/1784/1784 1778/1778/1778 1783/1783/1783
f 1784/1784/1784 1780/1780/1780 1778/1778/1778
f 1785/1785/1785 1780/1780/1780 1784/1784/1784
f 1785/1785/1785 1786/1786/1786 1780/1780/1780
f 1787/1787/1787 1786/1786/1786 1785/1785/1785
f 1787/1787/1787 1788/1788/1788 1786/1786/1786
f 1789/1789/1789 1788/1788/1788 1787/1787/1787
f 1789/1789/1789 1790/1790/1790 1788/1788/1788
f 1791/1791/1791 1790/1790/1790 1789/1789/1789
f 1792/1792/1792 1784/1784/1784 1783/1783/1783
f 1793/1793/1793 1784/1784/1784 1792/1792/1792
f 1793/1793/1793 1785/1785/1785 1784/1784/1784
f 1794/1794/1794 1785/1785/1785 1793/1793/1793
f 1794/1794/1794 1787/1787/1787 1785/1785/1785
f 1795/1795/1795 1787/1787/1787 1794/1794/1794
f 1795/1795/1795 1789/1789/1789 1787/1787/1787
f 1796/1796/1796 1789/1789/1789 1795/1795/1795
f 1796/1796/1796 1791/1791/1791 1789/1789/1789
f 1797/1797/1797 1791/1791/1791 1796/1796/1796
f 1798/1798/1798 1793/1793/1793 1792/1792/1792
f 1799/1799/1799 1793/1793/1793 1798/1798/1798
f 1799/1799/1799 1794/1794/1794 1793/1793/1793
f 1800/1800/1800 1794/1794/1794 1799/1799/1799
f 1800/1800/1800 1801/1801/1801 1794/1794/1794
f 1802/1802/1802 1801/1801/1801 1800/1800/1800
f 1803/1803/1803 1797/1797/1797 1796/1796/1796
f 1803/1803/1803 1796/1796/1796 1804/1804/1804
f 1805/1805/1805 1797/1797/1797 1803/1803/1803
f 1806/1806/1806 1799/1799/1799 1798/1798/1798
f 1807/1807/1807 1799/1799/1799 1806/1806/1806
f 1807/1807/1807 1800/1800/1800 1799/1799/1799
f 1808/1808/1808 1800/1800/1800 1807/1807/1807
f 1808/1808/1808 1809/1809/1809 1800/1800/1800
f 1810/1810/1810 1809/1809/1809 1808/1808/1808
f 1811/1811/1811 1805/1805/1805 1803/1803/1803
f 1811/1811/1811 1803/1803/1803 1812/1812/1812
f 1812/1812/1812 1803/1803/1803 1813/1813/1813
f 1814/1814/1814 1805/1805/1805 1811/1811/1811
f 1815/1815/1815 1808/1808/1808 1807/1807/1807
f 1816/1816/1816 1808/1808/1808 1815/1815/1815
f 1816/1816/1816 1817/1817/1817 1808/1808/1808
f 1818/1818/1818 1817/1817/1817 1816/1816/1816
f 1818/1818/1818 1811/1811/1811 1819/1819/1819
f 1820/1820/1820 1811/1811/1811 1818/1818/1818
f 1820/1820/1820 1814/1814/1814 1811/1811/1811
f 1821/1821/1821 1814/1814/1814 1820/1820/1820
f 1822/1822/1822 1818/1818/1818 1816/1816/1816
f 1822/1822/1822 1816/1816/1816 1823/1823/1823
f 1823/1823/1823 1816/1816/1816 1815/1815/1815
f 1824/1824/1824 1818/1818/1818 1822/1822/1822
f 1824/1824/1824 1820/1820/1820 1818/1818/1818
f 1825/1825/1825 1820/1820/1820 1824/1824/1824
f 1825/1825/1825 1821/1821/1821 1820/1820/1820
f 1826/1826/1826 1821/1821/1821 1825/1825/1825
f 1829/1829/1829 1828/1828/1828 1827/1827/1827
f 1832/1832/1832 1831/1831/1831 1830/1830/1830
f 1833/1833/1833 1831/1831/1831 1832/1832/1832
f 1833/1833/1833 1834/1834/1834 1831/1831/1831
f 1835/1835/1835 1834/1834/1834 1833/1833/1833
f 1831/1831/1831 1836/1836/1836 1830/1830/1830
f 1830/1830/1830 1836/1836/1836 1837/1837/1837
f 1836/1836/1836 1838/1838/1838 1837/1837/1837
f 1837/1837/1837 1838/1838/1838 1839/1839/1839
f 1838/1838/1838 1840/1840/1840 1839/1839/1839
f 1839/1839/1839 1840/1840/1840 1841/1841/1841
f 1840/1840/1840 1842/1842/1842 1841/1841/1841
f 1841/1841/1841 1842/1842/1842 1843/1843/1843
f 1841/1841/1841 1843/1843/1843 1844/1844/1844
f 1844/1844/1844 1843/1843/1843 1845/1845/1845
f 1844/1844/1844 1845/1845/1845 1846/1846/1846
f 1846/1846/1846 1845/1845/1845 1847/1847/1847
f 1845/1845/1845 1848/1848/1848 1847/1847/1847
f 1847/1847/1847 1848/1848/1848 1849/1849/1849
f 1848/1848/1848 1850/1850/1850 1849/1849/1849
f 1849/1849/1849 1850/1850/1850 1851/1851/1851
f 1850/1850/1850 1852/1852/1852 1851/1851/1851
f 1851/1851/1851 1852/1852/1852 1853/1853/1853
f 1852/1852/1852 1854/1854/1854 1853/1853/1853
f 1853/1853/1853 1854/1854/1854 1855/1855/1855
f 1854/1854/1854 1856/1856/1856 1855/1855/1855
f 1855/1855/1855 1856/1856/1856 1857/1857/1857
f 1848/1848/1848 1858/1858/1858 1850/1850/1850
f 1859/1859/1859 1858/1858/1858 1848/1848/1848
f 1845/1845/1845 1859/1859/1859 1848/1848/1848
f 1843/1843/1843 1859/1859/1859 1845/1845/1845
f 1860/1860/1860 1844/1844/1844 1846/1846/1846
f 1861/1861/1861 1844/1844/1844 1860/1860/1860
f 1861/1861/1861 1841/1841/1841 1844/1844/1844
f 1839/1839/1839 1841/1841/1841 1861/1861/1861
f 1862/1862/1862 1839/1839/1839 1861/1861/1861
f 1837/1837/1837 1839/1839/1839 1862/1862/1862
f 1863/1863/1863 1837/1837/1837 1862/1862/1862
f 1830/1830/1830 1837/1837/1837 1863/1863/1863
f 1866/1866/1866 1865/1865/1865 1864/1864/1864
f 1867/1867/1867 1865/1865/1865 1866/1866/1866
f 1867/1867/1867 1868/1868/1868 1865/1865/1865
f 1869/1869/1869 1868/1868/1868 1867/1867/1867
f 1870/1870/1870 1867/1867/1867 1866/1866/1866
f 1871/1871/1871 1869/1869/1869 1867/1867/1867
f 1871/1871/1871 1867/1867/1867 1872/1872/1872
f 1873/1873/1873 1869/1869/1869 1871/1871/1871
f 1874/1874/1874 1873/1873/1873 1871/1871/1871
f 1874/1874/1874 1871/1871/1871 1875/1875/1875
f 1875/1875/1875 1871/1871/1871 1876/1876/1876
f 1877/1877/1877 1873/1873/1873 1874/1874/1874
f 1865/1865/1865 1878/1878/1878 1864/1864/1864
f 1864/1864/1864 1878/1878/1878 1879/1879/1879
f 1865/1865/1865 1880/1880/1880 1878/1878/1878
f 1868/1868/1868 1880/1880/1880 1865/1865/1865
f 1880/1880/1880 1881/1881/1881 1878/1878/1878
f 1878/1878/1878 1881/1881/1881 1882/1882/1882
f 1878/1878/1878 1882/1882/1882 1879/1879/1879
f 1881/1881/1881 1883/1883/1883 1882/1882/1882
f 1882/1882/1882 1883/1883/1883 1884/1884/1884
f 1883/1883/1883 1885/1885/1885 1884/1884/1884
f 1884/1884/1884 1885/1885/1885 1886/1886/1886
f 1884/1884/1884 1886/1886/1886 1887/1887/1887
f 1887/1887/1887 1886/1886/1886 1888/1888/1888
f 1887/1887/1887 1888/1888/1888 1840/1840/1840
f 1840/1840/1840 1888/1888/1888 1842/1842/1842
f 1838/1838/1838 1887/1887/1887 1840/1840/1840
f 1889/1889/1889 1887/1887/1887 1838/1838/1838
f 1890/1890/1890 1884/1884/1884 1887/1887/1887
f 1882/1882/1882 1884/1884/1884 1890/1890/1890
f 1836/1836/1836 1889/1889/1889 1838/1838/1838
f 1879/1879/1879 1882/1882/1882 1891/1891/1891
f 1893/1893/1893 1892/1892/1892 1836/1836/1836
f 1831/1831/1831 1893/1893/1893 1836/1836/1836
f 1834/1834/1834 1893/1893/1893 1831/1831/1831
f 1896/1896/1896 1895/1895/1895 1894/1894/1894
f 1897/1897/1897 1833/1833/1833 1832/1832/1832
f 1898/1898/1898 1833/1833/1833 1897/1897/1897
f 1898/1898/1898 1835/1835/1835 1833/1833/1833
f 1899/1899/1899 1835/1835/1835 1898/1898/1898
f 1902/1902/1902 1901/1901/1901 1900/1900/1900
f 1903/1903/1903 1901/1901/1901 1902/1902/1902
f 1903/1903/1903 1904/1904/1904 1901/1901/1901
f 1905/1905/1905 1904/1904/1904 1903/1903/1903
f 1905/1905/1905 1906/1906/1906 1904/1904/1904
f 1907/1907/1907 1906/1906/1906 1905/1905/1905
f 1907/1907/1907 1908/1908/1908 1906/1906/1906
f 1909/1909/1909 1908/1908/1908 1907/1907/1907
f 1910/1910/1910 1903/1903/1903 1902/1902/1902
f 1911/1911/1911 1903/1903/1903 1910/1910/1910
f 1911/1911/1911 1905/1905/1905 1903/1903/1903
f 1912/1912/1912 1905/1905/1905 1911/1911/1911
f 1912/1912/1912 1907/1907/1907 1905/1905/1905
f 1913/1913/1913 1907/1907/1907 1912/1912/1912
f 1913/1913/1913 1909/1909/1909 1907/1907/1907
f 1914/1914/1914 1909/1909/1909 1913/1913/1913
f 1915/1915/1915 1911/1911/1911 1910/1910/1910
f 1916/1916/1916 1911/1911/1911 1915/1915/1915
f 1916/1916/1916 1912/1912/1912 1911/1911/1911
f 1917/1917/1917 1912/1912/1912 1916/1916/1916
f 1917/1917/1917 1913/1913/1913 1912/1912/1912
f 1918/1918/1918 1913/1913/1913 1917/1917/1917
f 1918/1918/1918 1919/1919/1919 1913/1913/1913
f 1920/1920/1920 1919/1919/1919 1918/1918/1918
f 1921/1921/1921 1916/1916/1916 1915/1915/1915
f 1922/1922/1922 1916/1916/1916 1921/1921/1921
f 1922/1922/1922 1917/1917/1917 1916/1916/1916
f 1923/1923/1923 1917/1917/1917 1922/1922/1922
f 1923/1923/1923 1918/1918/1918 1917/1917/1917
f 1924/1924/1924 1918/1918/1918 1923/1923/1923
f 1924/1924/1924 1920/1920/1920 1918/1918/1918
f 1925/1925/1925 1920/1920/1920 1924/1924/1924
f 1925/1925/1925 1926/1926/1926 1920/1920/1920
f 1926/1926/1926 1927/1927/1927 1920/1920/1920
f 1920/1920/1920 1927/1927/1927 1928/1928/1928
f 1926/1926/1926 1929/1929/1929 1927/1927/1927
f 1929/1929/1929 1930/1930/1930 1927/1927/1927
f 1927/1927/1927 1930/1930/1930 1931/1931/1931
f 1930/1930/1930 1932/1932/1932 1931/1931/1931
f 1931/1931/1931 1932/1932/1932 1933/1933/1933
f 1931/1931/1931 1933/1933/1933 1934/1934/1934
f 1934/1934/1934 1933/1933/1933 1935/1935/1935
f 1936/1936/1936 1931/1931/1931 1934/1934/1934
f 1927/1927/1927 1931/1931/1931 1937/1937/1937
f 1938/1938/1938 1929/1929/1929 1926/1926/1926
f 1939/1939/1939 1926/1926/1926 1925/1925/1925
f 1939/1939/1939 1938/1938/1938 1926/1926/1926
f 1940/1940/1940 1938/1938/1938 1939/1939/1939
f 1941/1941/1941 1940/1940/1940 1939/1939/1939
f 1941/1941/1941 1939/1939/1939 1942/1942/1942
f 1943/1943/1943 1940/1940/1940 1941/1941/1941
f 1933/1933/1933 1944/1944/1944 1935/1935/1935
f 1935/1935/1935 1944/1944/1944 1945/1945/1945
f 1933/1933/1933 1946/1946/1946 1944/1944/1944
f 1932/1932/1932 1946/1946/1946 1933/1933/1933
f 1946/1946/1946 1947/1947/1947 1944/1944/1944
f 1944/1944/1944 1947/1947/1947 1948/1948/1948
f 1950/1950/1950 1948/1948/1948 1949/1949/1949
f 1951/1951/1951 1922/1922/1922 1921/1921/1921
f 1952/1952/1952 1922/1922/1922 1951/1951/1951
f 1952/1952/1952 1923/1923/1923 1922/1922/1922
f 1953/1953/1953 1923/1923/1923 1952/1952/1952
f 1954/1954/1954 1952/1952/1952 1951/1951/1951
f 1955/1955/1955 1952/1952/1952 1954/1954/1954
f 1958/1958/1958 1957/1957/1957 1956/1956/1956
f 1959/1959/1959 1957/1957/1957 1958/1958/1958
f 1959/1959/1959 1960/1960/1960 1957/1957/1957
f 1961/1961/1961 1960/1960/1960 1959/1959/1959
f 1961/1961/1961 1962/1962/1962 1960/1960/1960
f 1963/1963/1963 1959/1959/1959 1958/1958/1958
f 1963/1963/1963 1958/1958/1958 1964/1964/1964
f 1964/1964/1964 1958/1958/1958 1965/1965/1965
f 1966/1966/1966 1959/1959/1959 1963/1963/1963
f 1966/1966/1966 1967/1967/1967 1959/1959/1959
f 1968/1968/1968 1967/1967/1967 1966/1966/1966
f 1969/1969/1969 1963/1963/1963 1964/1964/1964
f 1970/1970/1970 1963/1963/1963 1969/1969/1969
f 1970/1970/1970 1966/1966/1966 1963/1963/1963
f 1971/1971/1971 1966/1966/1966 1970/1970/1970
f 1971/1971/1971 1972/1972/1972 1966/1966/1966
f 1973/1973/1973 1972/1972/1972 1971/1971/1971
f 1974/1974/1974 1970/1970/1970 1969/1969/1969
f 1974/1974/1974 1969/1969/1969 1975/1975/1975
f 1975/1975/1975 1969/1969/1969 1976/1976/1976
f 1969/1969/1969 1964/1964/1964 1976/1976/1976
f 1976/1976/1976 1964/1964/1964 1977/1977/1977
f 1978/1978/1978 1970/1970/1970 1974/1974/1974
f 1978/1978/1978 1971/1971/1971 1970/1970/1970
f 1979/1979/1979 1971/1971/1971 1978/1978/1978
f 1979/1979/1979 1980/1980/1980 1971/1971/1971
f 1981/1981/1981 1980/1980/1980 1979/1979/1979
f 1982/1982/1982 1974/1974/1974 1975/1975/1975
f 1983/1983/1983 1974/1974/1974 1982/1982/1982
f 1983/1983/1983 1978/1978/1978 1974/1974/1974
f 1984/1984/1984 1978/1978/1978 1983/1983/1983
f 1984/1984/1984 1979/1979/1979 1978/1978/1978
f 1985/1985/1985 1979/1979/1979 1984/1984/1984
f 1985/1985/1985 1981/1981/1981 1979/1979/1979
f 1986/1986/1986 1981/1981/1981 1985/1985/1985
f 1986/1986/1986 1987/1987/1987 1981/1981/1981
f 1987/1987/1987 1988/1988/1988 1981/1981/1981
f 1981/1981/1981 1988/1988/1988 1989/1989/1989
f 1987/1987/1987 1990/1990/1990 1988/1988/1988
f 1990/1990/1990 1991/1991/1991 1988/1988/1988
f 1988/1988/1988 1991/1991/1991 1992/1992/1992
f 1991/1991/1991 1993/1993/1993 1992/1992/1992
f 1992/1992/1992 1993/1993/1993 1994/1994/1994
f 1992/1992/1992 1994/1994/1994 1995/1995/1995
f 1988/1988/1988 1992/1992/1992 1996/1996/1996
f 1996/1996/1996 1992/1992/1992 1997/1997/1997
f 1998/1998/1998 1990/1990/1990 1987/1987/1987
f 1999/1999/1999 1987/1987/1987 1986/1986/1986
f 1999/1999/1999 1998/1998/1998 1987/1987/1987
f 2000/2000/2000 1998/1998/1998 1999/1999/1999
f 2001/2001/2001 1986/1986/1986 1985/1985/1985
f 2002/2002/2002 1986/1986/1986 2001/2001/2001
f 2002/2002/2002 1999/1999/1999 1986/1986/1986
f 2003/2003/2003 1999/1999/1999 2002/2002/2002
f 2003/2003/2003 2000/2000/2000 1999/1999/1999
f 2004/2004/2004 2000/2000/2000 2003/2003/2003
f 2005/2005/2005 2002/2002/2002 2001/2001/2001
f 2005/2005/2005 2001/2001/2001 2006/2006/2006
f 2006/2006/2006 2001/2001/2001 2007/2007/2007
f 2001/2001/2001 1985/1985/1985 2007/2007/2007
f 2007/2007/2007 1985/1985/1985 1984/1984/1984
f 2007/2007/2007 1984/1984/1984 2008/2008/2008
f 2008/2008/2008 1984/1984/1984 1983/1983/1983
f 2008/2008/2008 1983/1983/1983 2009/2009/2009
f 2009/2009/2009 1983/1983/1983 1982/1982/1982
f 2010/2010/2010 2008/2008/2008 2009/2009/2009
f 2011/2011/2011 2008/2008/2008 2010/2010/2010
f 2011/2011/2011 2007/2007/2007 2008/2008/2008
f 2006/2006/2006 2007/2007/2007 2011/2011/2011
f 2012/2012/2012 2002/2002/2002 2005/2005/2005
f 2013/2013/2013 2003/2003/2003 2002/2002/2002
f 2014/2014/2014 2003/2003/2003 2013/2013/2013
f 2014/2014/2014 2004/2004/2004 2003/2003/2003
f 2015/2015/2015 2004/2004/2004 2014/2014/2014
f 2016/2016/2016 2011/2011/2011 2010/2010/2010
f 2017/2017/2017 2011/2011/2011 2016/2016/2016
f 2018/2018/2018 2017/2017/2017 2016/2016/2016
f 2019/2019/2019 2017/2017/2017 2018/2018/2018
f 2021/2021/2021 2014/2014/2014 2020/2020/2020
f 2023/2023/2023 1994/1994/1994 2022/2022/2022
f 2026/2026/2026 2025/2025/2025 2024/2024/2024
f 2027/2027/2027 2025/2025/2025 2026/2026/2026
f 2027/2027/2027 2028/2028/2028 2025/2025/2025
f 2029/2029/2029 2028/2028/2028 2027/2027/2027
f 2029/2029/2029 2030/2030/2030 2028/2028/2028
f 1904/1904/1904 2029/2029/2029 2027/2027/2027
f 1904/1904/1904 2027/2027/2027 1901/1901/1901
f 1901/1901/1901 2027/2027/2027 2026/2026/2026
f 1906/1906/1906 2029/2029/2029 1904/1904/1904
f 1906/1906/1906 2031/2031/2031 2029/2029/2029
f 2031/2031/2031 2032/2032/2032 2029/2029/2029
f 1908/1908/1908 2031/2031/2031 1906/1906/1906
f 2035/2035/2035 2034/2034/2034 2033/2033/2033
f 2035/2035/2035 2033/2033/2033 2036/2036/2036
f 2035/2035/2035 2036/2036/2036 2037/2037/2037
f 2035/2035/2035 2037/2037/2037 2038/2038/2038
f 2035/2035/2035 2038/2038/2038 2039/2039/2039
f 2035/2035/2035 2039/2039/2039 2040/2040/2040
f 2035/2035/2035 2040/2040/2040 2041/2041/2041
f 2035/2035/2035 2041/2041/2041 2042/2042/2042
f 2035/2035/2035 2042/2042/2042 2043/2043/2043
f 2035/2035/2035 2043/2043/2043 2044/2044/2044
f 2035/2035/2035 2044/2044/2044 2045/2045/2045
f 2035/2035/2035 2045/2045/2045 2046/2046/2046
f 2035/2035/2035 2046/2046/2046 2047/2047/2047
f 2035/2035/2035 2047/2047/2047 2048/2048/2048
f 2035/2035/2035 2048/2048/2048 2049/2049/2049
f 2035/2035/2035 2049/2049/2049 2050/2050/2050
f 2035/2035/2035 2050/2050/2050 2051/2051/2051
f 2035/2035/2035 2051/2051/2051 2052/2052/2052
f 2035/2035/2035 2052/2052/2052 2053/2053/2053
f 2035/2035/2035 2053/2053/2053 2034/2034/2034
f 2056/2056/2056 2055/2055/2055 2054/2054/2054
f 2056/2056/2056 2054/2054/2054 2057/2057/2057
f 2057/2057/2057 2054/2054/2054 2058/2058/2058
f 2059/2059/2059 2055/2055/2055 2056/2056/2056
f 2059/2059/2059 2060/2060/2060 2055/2055/2055
f 2061/2061/2061 2060/2060/2060 2059/2059/2059
f 2061/2061/2061 2062/2062/2062 2060/2060/2060
f 2063/2063/2063 2062/2062/2062 2061/2061/2061
f 2063/2063/2063 2064/2064/2064 2062/2062/2062
f 2065/2065/2065 2064/2064/2064 2063/2063/2063
f 2065/2065/2065 2066/2066/2066 2064/2064/2064
f 2057/2057/2057 2058/2058/2058 2067/2067/2067
f 2067/2067/2067 2058/2058/2058 2068/2068/2068
f 2067/2067/2067 2068/2068/2068 2069/2069/2069
f 2069/2069/2069 2068/2068/2068 2070/2070/2070
f 2069/2069/2069 2070/2070/2070 2071/2071/2071
f 2071/2071/2071 2070/2070/2070 2072/2072/2072
f 2073/2073/2073 2066/2066/2066 2065/2065/2065
f 2073/2073/2073 2074/2074/2074 2066/2066/2066
f 2075/2075/2075 2074/2074/2074 2073/2073/2073
f 2078/2078/2078 2077/2077/2077 2076/2076/2076
f 2078/2078/2078 2076/2076/2076 2079/2079/2079
f 2079/2079/2079 2076/2076/2076 2080/2080/2080
f 2079/2079/2079 2080/2080/2080 2081/2081/2081
f 2081/2081/2081 2080/2080/2080 2082/2082/2082
f 2081/2081/2081 2082/2082/2082 2083/2083/2083
f 2083/2083/2083 2082/2082/2082 2084/2084/2084
f 2083/2083/2083 2084/2084/2084 2085/2085/2085
f 2085/2085/2085 2084/2084/2084 2086/2086/2086
f 2085/2085/2085 2086/2086/2086 2087/2087/2087
f 2087/2087/2087 2086/2086/2086 2088/2088/2088
f 2087/2087/2087 2088/2088/2088 2089/2089/2089
f 2089/2089/2089 2088/2088/2088 2090/2090/2090
f 2091/2091/2091 2077/2077/2077 2078/2078/2078
f 2091/2091/2091 2092/2092/2092 2077/2077/2077
f 2093/2093/2093 2092/2092/2092 2091/2091/2091
f 2093/2093/2093 2094/2094/2094 2092/2092/2092
f 2095/2095/2095 2094/2094/2094 2093/2093/2093
f 2095/2095/2095 2096/2096/2096 2094/2094/2094
f 2097/2097/2097 2096/2096/2096 2095/2095/2095
f 2100/2100/2100 2099/2099/2099 2098/2098/2098
f 2101/2101/2101 2099/2099/2099 2100/2100/2100
f 2104/2104/2104 2103/2103/2103 2102/2102/2102
f 2105/2105/2105 2103/2103/2103 2104/2104/2104
f 2108/2108/2108 2107/2107/2107 2106/2106/2106
f 2106/2106/2106 2107/2107/2107 2109/2109/2109
f 2112/2112/2112 2111/2111/2111 2110/2110/2110
f 2113/2113/2113 2111/2111/2111 2112/2112/2112
f 2116/2116/2116 2115/2115/2115 2114/2114/2114
f 2117/2117/2117 2115/2115/2115 2116/2116/2116
f 2120/2120/2120 2119/2119/2119 2118/2118/2118
f 2121/2121/2121 2119/2119/2119 2120/2120/2120
f 2124/2124/2124 2123/2123/2123 2122/2122/2122
f 2125/2125/2125 2123/2123/2123 2124/2124/2124
f 2128/2128/2128 2127/2127/2127 2126/2126/2126
f 2129/2129/2129 2127/2127/2127 2128/2128/2128
f 2132/2132/2132 2131/2131/2131 2130/2130/2130
f 2130/2130/2130 2131/2131/2131 2133/2133/2133
f 2136/2136/2136 2135/2135/2135 2134/2134/2134
f 2137/2137/2137 2135/2135/2135 2136/2136/2136
f 2140/2140/2140 2139/2139/2139 2138/2138/2138
f 2141/2141/2141 2139/2139/2139 2140/2140/2140
f 2144/2144/2144 2143/2143/2143 2142/2142/2142
f 2145/2145/2145 2143/2143/2143 2144/2144/2144
f 2148/2148/2148 2147/2147/2147 2146/2146/2146
f 2149/2149/2149 2147/2147/2147 2148/2148/2148
f 2148/2148/2148 2146/2146/2146 2150/2150/2150
f 2150/2150/2150 2146/2146/2146 2151/2151/2151
f 2150/2150/2150 2151/2151/2151 2152/2152/2152
f 2152/2152/2152 2151/2151/2151 2153/2153/2153
f 2152/2152/2152 2153/2153/2153 2154/2154/2154
f 2154/2154/2154 2153/2153/2153 2155/2155/2155
f 2154/2154/2154 2155/2155/2155 2156/2156/2156
f 2156/2156/2156 2155/2155/2155 2157/2157/2157
f 2156/2156/2156 2157/2157/2157 2158/2158/2158
f 2158/2158/2158 2157/2157/2157 2159/2159/2159
f 2158/2158/2158 2159/2159/2159 2160/2160/2160
f 2160/2160/2160 2159/2159/2159 2161/2161/2161
f 2149/2149/2149 2161/2161/2161 2147/2147/2147
f 2160/2160/2160 2161/2161/2161 2149/2149/2149
f 2164/2164/2164 2163/2163/2163 2162/2162/2162
f 2165/2165/2165 2163/2163/2163 2164/2164/2164
f 2164/2164/2164 2162/2162/2162 2166/2166/2166
f 2166/2166/2166 2162/2162/2162 2167/2167/2167
f 2165/2165/2165 2168/2168/2168 2163/2163/2163
f 2169/2169/2169 2168/2168/2168 2165/2165/2165
f 2169/2169/2169 2170/2170/2170 2168/2168/2168
f 2171/2171/2171 2170/2170/2170 2169/2169/2169
f 2174/2174/2174 2173/2173/2173 2172/2172/2172
f 2175/2175/2175 2172/2172/2172 2173/2173/2173
f 2176/2176/2176 2172/2172/2172 2175/2175/2175
f 2177/2177/2177 2176/2176/2176 2175/2175/2175
f 2178/2178/2178 2176/2176/2176 2177/2177/2177
f 2179/2179/2179 2178/2178/2178 2177/2177/2177
f 2182/2182/2182 2181/2181/2181 2180/2180/2180
f 2183/2183/2183 2181/2181/2181 2182/2182/2182
f 2182/2182/2182 2180/2180/2180 2184/2184/2184
f 2184/2184/2184 2180/2180/2180 2185/2185/2185
f 2183/2183/2183 2186/2186/2186 2181/2181/2181
f 2187/2187/2187 2186/2186/2186 2183/2183/2183
f 2187/2187/2187 2188/2188/2188 2186/2186/2186
f 2189/2189/2189 2188/2188/2188 2187/2187/2187
f 2192/2192/2192 2191/2191/2191 2190/2190/2190
f 2193/2193/2193 2191/2191/2191 2192/2192/2192
f 2192/2192/2192 2190/2190/2190 2194/2194/2194
f 2194/2194/2194 2190/2190/2190 2195/2195/2195
f 2194/2194/2194 2195/2195/2195 2196/2196/2196
f 2196/2196/2196 2195/2195/2195 2197/2197/2197
f 2200/2200/2200 2199/2199/2199 2198/2198/2198
f 2203/2203/2203 2202/2202/2202 2201/2201/2201
f 2206/2206/2206 2205/2205/2205 2204/2204/2204
f 2207/2207/2207 2205/2205/2205 2206/2206/2206
f 2207/2207/2207 2208/2208/2208 2205/2205/2205
f 2209/2209/2209 2208/2208/2208 2207/2207/2207
f 2209/2209/2209 2210/2210/2210 2208/2208/2208
f 2211/2211/2211 2210/2210/2210 2209/2209/2209
f 2211/2211/2211 2212/2212/2212 2210/2210/2210
f 2213/2213/2213 2212/2212/2212 2211/2211/2211
f 2216/2216/2216 2215/2215/2215 2214/2214/2214
f 2217/2217/2217 2215/2215/2215 2216/2216/2216
f 2217/2217/2217 2218/2218/2218 2215/2215/2215
f 2219/2219/2219 2218/2218/2218 2217/2217/2217
f 2219/2219/2219 2220/2220/2220 2218/2218/2218
f 2221/2221/2221 2220/2220/2220 2219/2219/2219
f 2221/2221/2221 2222/2222/2222 2220/2220/2220
f 2223/2223/2223 2222/2222/2222 2221/2221/2221
f 2224/2224/2224 2217/2217/2217 2216/2216/2216
f 2225/2225/2225 2217/2217/2217 2224/2224/2224
f 2225/2225/2225 2219/2219/2219 2217/2217/2217
f 2226/2226/2226 2219/2219/2219 2225/2225/2225
f 2226/2226/2226 2221/2221/2221 2219/2219/2219
f 2227/2227/2227 2221/2221/2221 2226/2226/2226
f 2227/2227/2227 2223/2223/2223 2221/2221/2221
f 2228/2228/2228 2223/2223/2223 2227/2227/2227
f 2229/2229/2229 2225/2225/2225 2224/2224/2224
f 2230/2230/2230 2225/2225/2225 2229/2229/2229
f 2230/2230/2230 2226/2226/2226 2225/2225/2225
f 2231/2231/2231 2226/2226/2226 2230/2230/2230
f 2231/2231/2231 2227/2227/2227 2226/2226/2226
f 2232/2232/2232 2227/2227/2227 2231/2231/2231
f 2232/2232/2232 2228/2228/2228 2227/2227/2227
f 2233/2233/2233 2228/2228/2228 2232/2232/2232
f 2234/2234/2234 2230/2230/2230 2229/2229/2229
f 2235/2235/2235 2230/2230/2230 2234/2234/2234
f 2235/2235/2235 2231/2231/2231 2230/2230/2230
f 2236/2236/2236 2231/2231/2231 2235/2235/2235
f 2236/2236/2236 2232/2232/2232 2231/2231/2231
f 2238/2238/2238 2237/2237/2237 2232/2232/2232
f 2239/2239/2239 2237/2237/2237 2238/2238/2238
f 2241/2241/2241 2239/2239/2239 2240/2240/2240
f 2244/2244/2244 2243/2243/2243 2242/2242/2242
f 2245/2245/2245 2243/2243/2243 2244/2244/2244
f 2245/2245/2245 2246/2246/2246 2243/2243/2243
f 2247/2247/2247 2246/2246/2246 2245/2245/2245
f 2248/2248/2248 2245/2245/2245 2244/2244/2244
f 2249/2249/2249 2247/2247/2247 2245/2245/2245
f 2249/2249/2249 2245/2245/2245 2248/2248/2248
f 2250/2250/2250 2247/2247/2247 2249/2249/2249
f 2251/2251/2251 2249/2249/2249 2248/2248/2248
f 2243/2243/2243 2252/2252/2252 2242/2242/2242
f 2242/2242/2242 2252/2252/2252 2253/2253/2253
f 2252/2252/2252 2254/2254/2254 2253/2253/2253
f 2252/2252/2252 2255/2255/2255 2254/2254/2254
f 2255/2255/2255 2256/2256/2256 2254/2254/2254
f 2254/2254/2254 2256/2256/2256 2257/2257/2257
f 2256/2256/2256 2258/2258/2258 2257/2257/2257
f 2257/2257/2257 2258/2258/2258 2259/2259/2259
f 2257/2257/2257 2259/2259/2259 2260/2260/2260
f 2260/2260/2260 2259/2259/2259 2261/2261/2261
f 2260/2260/2260 2261/2261/2261 2262/2262/2262
f 2262/2262/2262 2261/2261/2261 2263/2263/2263
f 2261/2261/2261 2264/2264/2264 2263/2263/2263
f 2263/2263/2263 2264/2264/2264 2265/2265/2265
f 2263/2263/2263 2265/2265/2265 2266/2266/2266
f 2266/2266/2266 2265/2265/2265 2267/2267/2267
f 2265/2265/2265 2268/2268/2268 2267/2267/2267
f 2267/2267/2267 2268/2268/2268 2269/2269/2269
f 2268/2268/2268 2270/2270/2270 2269/2269/2269
f 2268/2268/2268 2271/2271/2271 2270/2270/2270
f 2269/2269/2269 2270/2270/2270 2272/2272/2272
f 2270/2270/2270 2273/2273/2273 2272/2272/2272
f 2272/2272/2272 2273/2273/2273 2274/2274/2274
f 2272/2272/2272 2274/2274/2274 2275/2275/2275
f 2275/2275/2275 2274/2274/2274 2276/2276/2276
f 2274/2274/2274 2277/2277/2277 2276/2276/2276
f 2274/2274/2274 2278/2278/2278 2277/2277/2277
f 2279/2279/2279 2278/2278/2278 2274/2274/2274
f 2275/2275/2275 2276/2276/2276 2280/2280/2280
f 2280/2280/2280 2276/2276/2276 2281/2281/2281
f 2276/2276/2276 2282/2282/2282 2281/2281/2281
f 2276/2276/2276 2283/2283/2283 2282/2282/2282
f 2281/2281/2281 2282/2282/2282 2284/2284/2284
f 2271/2271/2271 2285/2285/2285 2270/2270/2270
f 2270/2270/2270 2285/2285/2285 2286/2286/2286
f 2287/2287/2287 2275/2275/2275 2280/2280/2280
f 2288/2288/2288 2275/2275/2275 2287/2287/2287
f 2288/2288/2288 2272/2272/2272 2275/2275/2275
f 2269/2269/2269 2272/2272/2272 2288/2288/2288
f 2289/2289/2289 2288/2288/2288 2287/2287/2287
f 2290/2290/2290 2288/2288/2288 2289/2289/2289
f 2290/2290/2290 2269/2269/2269 2288/2288/2288
f 2267/2267/2267 2269/2269/2269 2290/2290/2290
f 2291/2291/2291 2290/2290/2290 2289/2289/2289
f 2292/2292/2292 2290/2290/2290 2291/2291/2291
f 2292/2292/2292 2267/2267/2267 2290/2290/2290
f 2266/2266/2266 2267/2267/2267 2292/2292/2292
f 2293/2293/2293 2292/2292/2292 2291/2291/2291
f 2294/2294/2294 2292/2292/2292 2293/2293/2293
f 2294/2294/2294 2266/2266/2266 2292/2292/2292
f 2295/2295/2295 2266/2266/2266 2294/2294/2294
f 2295/2295/2295 2263/2263/2263 2266/2266/2266
f 2262/2262/2262 2263/2263/2263 2295/2295/2295
f 2296/2296/2296 2262/2262/2262 2295/2295/2295
f 2297/2297/2297 2260/2260/2260 2262/2262/2262
f 2298/2298/2298 2260/2260/2260 2297/2297/2297
f 2297/2297/2297 2262/2262/2262 2299/2299/2299
f 2300/2300/2300 2257/2257/2257 2260/2260/2260
f 2254/2254/2254 2257/2257/2257 2300/2300/2300
f 2253/2253/2253 2254/2254/2254 2300/2300/2300
f 2303/2303/2303 2302/2302/2302 2301/2301/2301
f 2306/2306/2306 2305/2305/2305 2304/2304/2304
f 2305/2305/2305 2307/2307/2307 2304/2304/2304
f 2305/2305/2305 2308/2308/2308 2307/2307/2307
f 2309/2309/2309 2308/2308/2308 2305/2305/2305
f 2310/2310/2310 2309/2309/2309 2305/2305/2305
f 2310/2310/2310 2305/2305/2305 2311/2311/2311
f 2312/2312/2312 2309/2309/2309 2310/2310/2310
f 2313/2313/2313 2312/2312/2312 2310/2310/2310
f 2313/2313/2313 2310/2310/2310 2314/2314/2314
f 2314/2314/2314 2310/2310/2310 2315/2315/2315
f 2316/2316/2316 2312/2312/2312 2313/2313/2313
f 2317/2317/2317 2313/2313/2313 2314/2314/2314
f 2318/2318/2318 2313/2313/2313 2317/2317/2317
f 2318/2318/2318 2316/2316/2316 2313/2313/2313
f 2319/2319/2319 2316/2316/2316 2318/2318/2318
f 2320/2320/2320 2318/2318/2318 2317/2317/2317
f 2321/2321/2321 2318/2318/2318 2320/2320/2320
f 2321/2321/2321 2319/2319/2319 2318/2318/2318
f 2322/2322/2322 2319/2319/2319 2321/2321/2321
f 2323/2323/2323 2322/2322/2322 2321/2321/2321
f 2323/2323/2323 2321/2321/2321 2324/2324/2324
f 2324/2324/2324 2321/2321/2321 2320/2320/2320
f 2325/2325/2325 2322/2322/2322 2323/2323/2323
f 2326/2326/2326 2325/2325/2325 2323/2323/2323
f 2326/2326/2326 2323/2323/2323 2327/2327/2327
f 2327/2327/2327 2323/2323/2323 2328/2328/2328
f 2329/2329/2329 2325/2325/2325 2326/2326/2326
f 2332/2332/2332 2331/2331/2331 2330/2330/2330
f 2265/2265/2265 2333/2333/2333 2268/2268/2268
f 2333/2333/2333 2271/2271/2271 2268/2268/2268
f 2334/2334/2334 2333/2333/2333 2265/2265/2265
f 2337/2337/2337 2336/2336/2336 2335/2335/2335
f 2220/2220/2220 2337/2337/2337 2335/2335/2335
f 2220/2220/2220 2335/2335/2335 2218/2218/2218
f 2218/2218/2218 2335/2335/2335 2338/2338/2338
f 2335/2335/2335 2336/2336/2336 2339/2339/2339
f 2335/2335/2335 2339/2339/2339 2340/2340/2340
f 2340/2340/2340 2339/2339/2339 2341/2341/2341
f 2222/2222/2222 2337/2337/2337 2220/2220/2220
f 2218/2218/2218 2342/2342/2342 2215/2215/2215
f 2215/2215/2215 2342/2342/2342 2343/2343/2343
f 2215/2215/2215 2343/2343/2343 2214/2214/2214
f 2214/2214/2214 2343/2343/2343 2344/2344/2344
f 2343/2343/2343 2345/2345/2345 2344/2344/2344
f 2343/2343/2343 2346/2346/2346 2345/2345/2345
f 2344/2344/2344 2345/2345/2345 2347/2347/2347
f 2345/2345/2345 2348/2348/2348 2347/2347/2347
f 2347/2347/2347 2348/2348/2348 2349/2349/2349
f 2345/2345/2345 2350/2350/2350 2348/2348/2348
f 2351/2351/2351 2350/2350/2350 2345/2345/2345
f 2353/2353/2353 2352/2352/2352 2343/2343/2343
f 2354/2354/2354 2255/2255/2255 2252/2252/2252
f 2243/2243/2243 2354/2354/2354 2252/2252/2252
f 2246/2246/2246 2354/2354/2354 2243/2243/2243
f 2357/2357/2357 2356/2356/2356 2355/2355/2355
f 2358/2358/2358 2356/2356/2356 2357/2357/2357
f 2357/2357/2357 2355/2355/2355 2359/2359/2359
f 2359/2359/2359 2355/2355/2355 2360/2360/2360
f 2359/2359/2359 2360/2360/2360 2361/2361/2361
f 2361/2361/2361 2360/2360/2360 2362/2362/2362
f 2361/2361/2361 2362/2362/2362 2363/2363/2363
f 2358/2358/2358 2364/2364/2364 2356/2356/2356
f 2365/2365/2365 2364/2364/2364 2358/2358/2358
f 2365/2365/2365 2366/2366/2366 2364/2364/2364
f 2363/2363/2363 2362/2362/2362 2367/2367/2367
f 2363/2363/2363 2367/2367/2367 2368/2368/2368
f 2368/2368/2368 2367/2367/2367 2369/2369/2369
f 2368/2368/2368 2369/2369/2369 2370/2370/2370
f 2370/2370/2370 2369/2369/2369 2366/2366/2366
f 2370/2370/2370 2366/2366/2366 2365/2365/2365
f 2373/2373/2373 2372/2372/2372 2371/2371/2371
f 2374/2374/2374 2372/2372/2372 2373/2373/2373
f 2374/2374/2374 2375/2375/2375 2372/2372/2372
f 2376/2376/2376 2375/2375/2375 2374/2374/2374
f 2376/2376/2376 2377/2377/2377 2375/2375/2375
f 2378/2378/2378 2377/2377/2377 2376/2376/2376
f 2373/2373/2373 2371/2371/2371 2379/2379/2379
f 2379/2379/2379 2371/2371/2371 2380/2380/2380
f 2378/2378/2378 2381/2381/2381 2377/2377/2377
f 2382/2382/2382 2381/2381/2381 2378/2378/2378
f 2385/2385/2385 2384/2384/2384 2383/2383/2383
f 2386/2386/2386 2384/2384/2384 2385/2385/2385
f 2386/2386/2386 2387/2387/2387 2384/2384/2384
f 2388/2388/2388 2387/2387/2387 2386/2386/2386
f 2385/2385/2385 2383/2383/2383 2389/2389/2389
f 2389/2389/2389 2383/2383/2383 2390/2390/2390
f 2389/2389/2389 2390/2390/2390 2391/2391/2391
f 2391/2391/2391 2390/2390/2390 2392/2392/2392
f 2395/2395/2395 2394/2394/2394 2393/2393/2393
f 2396/2396/2396 2393/2393/2393 2394/2394/2394
f 2397/2397/2397 2393/2393/2393 2396/2396/2396
f 2398/2398/2398 2397/2397/2397 2396/2396/2396
f 2399/2399/2399 2397/2397/2397 2398/2398/2398
f 2400/2400/2400 2399/2399/2399 2398/2398/2398
f 2403/2403/2403 2402/2402/2402 2401/2401/2401
f 2404/2404/2404 2402/2402/2402 2403/2403/2403
f 2404/2404/2404 2405/2405/2405 2402/2402/2402
f 2406/2406/2406 2405/2405/2405 2404/2404/2404
f 2406/2406/2406 2407/2407/2407 2405/2405/2405
f 2408/2408/2408 2407/2407/2407 2406/2406/2406
f 2411/2411/2411 2410/2410/2410 2409/2409/2409
f 2412/2412/2412 2410/2410/2410 2411/2411/2411
f 2411/2411/2411 2409/2409/2409 2413/2413/2413
f 2413/2413/2413 2409/2409/2409 2414/2414/2414
f 2413/2413/2413 2414/2414/2414 2415/2415/2415
f 2415/2415/2415 2414/2414/2414 2416/2416/2416
f 2415/2415/2415 2416/2416/2416 2417/2417/2417
f 2417/2417/2417 2416/2416/2416 2418/2418/2418
