g NAX_SpiderNest_EggCluster5_1
v 140.8216 82.56137 -397.5339
v 143.3597 51.71149 -394.8773
v 167.7181 62.05182 -377.5648
v 167.7181 62.05182 -377.5648
v 185.776 95.91009 -357.2649
v 167.1216 91.45185 -385.3958
v 188.4851 63.99788 -348.7906
v 182.7214 96.47945 -322.1221
v 187.4471 64.71625 -322.0635
v 160.1295 92.2087 -295.3633
v 165.961 60.65452 -296.6143
v 159.1084 121.5229 -386.382
v 130.0683 113.4906 -394.0985
v 140.8216 82.56137 -397.5339
v 151.5027 122.9405 -298.8801
v 126.6297 84.72912 -287.2092
v 119.6425 115.827 -291.1252
v 172.9888 127.0023 -324.3293
v 175.8939 126.4608 -357.752
v 140.9249 149.8418 -306.8206
v 113.823 143.7907 -300.2239
v 159.2021 153.2969 -328.469
v 161.6734 152.8363 -356.9001
v 147.3947 148.6359 -381.2542
v 122.8447 141.716 -387.0439
v 134.1322 169.4031 -372.4866
v 116.0624 164.9127 -377.9671
v 129.4316 170.2792 -318.4075
v 109.741 165.8828 -313.6147
v 143.2059 172.6456 -336.0091
v 141.0756 171.6889 -353.9573
v 120.6191 181.7916 -360.9376
v 113.1555 174.5329 -363.2027
v 118.1479 182.2522 -332.5065
v 108.0735 178.7449 -329.9433
v 98.02092 161.1248 -325.9111
v 95.10941 137.3001 -315.5215
v 105.5677 177.6098 -333.3843
v 102.7071 171.017 -343.9869
v 95.14093 158.5945 -342.2316
v 125.1292 183.572 -340.7755
v 126.0731 183.396 -351.6352
v 108.7361 182.1855 -347.6502
v 108.2545 171.0181 -363.9284
v 110.5494 162.6825 -374.0436
v 102.2304 160.6294 -369.6852
v 110.5873 139.6613 -383.4256
v 102.8679 137.5427 -376.0818
v 115.254 110.1418 -390.2704
v 99.33057 158.5313 -349.076
v 102.7071 171.017 -343.9869
v 99.20132 170.7292 -350.7505
v 102.8034 172.2216 -360.683
v 102.2304 160.6294 -369.6852
v 102.8034 172.2216 -360.683
v 126.6297 84.72912 -287.2092
v 165.961 60.65452 -296.6143
v 134.1007 53.54102 -288.8594
v 99.20132 170.7292 -350.7505
v 108.7361 182.1855 -347.6502
v 108.2545 171.0181 -363.9284
v 108.7361 182.1855 -347.6502
v 102.8034 172.2216 -360.683
v 140.8216 82.56137 -397.5339
v 167.7181 62.05182 -377.5648
v 167.1216 91.45185 -385.3958
v 127.5756 48.00336 -392.2561
v 111.1646 76.70075 -383.2293
v 119.7914 45.9689 -379.7124
v 121.9051 78.7706 -391.7209
v 97.59615 41.09266 -360.8608
v 87.86361 71.61547 -363.068
v 83.89462 72.13313 -331.3944
v 93.77667 41.58245 -330.9073
v 105.3493 46.18603 -302.8295
v 96.33107 76.99083 -301.8433
v 126.6297 84.72912 -287.2092
v 134.1007 53.54102 -288.8594
v 115.254 110.1418 -390.2704
v 105.3332 108.2549 -381.9782
v 87.6254 104.8088 -357.9189
v 79.31841 103.8685 -333.1731
v 90.89104 108.4721 -305.0953
v 119.6425 115.827 -291.1252
v 102.8679 137.5427 -376.0818
v 110.5873 139.6613 -383.4256
v 93.44725 134.4222 -353.7905
v 88.32481 133.6212 -338.5017
v 95.10941 137.3001 -315.5215
v 102.2304 160.6294 -369.6852
v 99.33057 158.5313 -349.076
v 95.14093 158.5945 -342.2316
v 98.02092 161.1248 -325.9111
v 119.6425 115.827 -291.1252
v 113.823 143.7907 -300.2239
v 109.741 165.8828 -313.6147
v 102.8034 172.2216 -360.683
v 102.2304 160.6294 -369.6852
v 99.33057 158.5313 -349.076
v 102.8034 172.2216 -360.683
v 99.20132 170.7292 -350.7505
v 102.7071 171.017 -343.9869
v 99.33057 158.5313 -349.076
v 165.961 60.65452 -296.6143
v 126.6297 84.72912 -287.2092
v 160.1295 92.2087 -295.3633
v 111.1646 76.70075 -383.2293
v 87.6254 104.8088 -357.9189
v 87.86361 71.61547 -363.068
v 95.10941 137.3001 -315.5215
v 119.6425 115.827 -291.1252
v 90.89104 108.4721 -305.0953
v 99.33057 158.5313 -349.076
v 88.32481 133.6212 -338.5017
v 93.44725 134.4222 -353.7905
v 130.0683 113.4906 -394.0985
v 140.8216 82.56137 -397.5339
v 143.3597 51.71149 -394.8773
v 121.9051 78.7706 -391.7209
v 127.5756 48.00336 -392.2561
v 143.3597 51.71149 -394.8773
v 115.8642 183.1162 -342.7975
v 115.6672 184.3933 -350.1132
v 117.621 184.1771 -343.0458
v 113.1566 181.8882 -349.0018
v 122.1812 186.8977 -347.2236
v 121.0534 186.9885 -350.4072
v 122.0531 183.5176 -337.5396
v 121.0909 181.4009 -334.4796
v 124.5702 186.1933 -343.2708
v 128.1457 188.2925 -351.5951
v 121.5863 187.3059 -354.4874
v 115.1126 184.0438 -355.8559
v 123.1895 187.0443 -357.4845
v 119.6231 183.7269 -362.3731
v 113.5759 180.1643 -357.492
v 117.9556 177.5617 -364.4777
v 125.6098 187.3118 -359.7843
v 125.438 180.7101 -368.2405
v 125.438 180.7101 -368.2405
v 129.0575 187.3485 -360.3686
v 131.9704 186.7197 -359.1966
v 129.3548 177.7827 -368.006
v 125.438 180.7101 -368.2405
v 135.4837 176.4901 -365.2168
v 139.0247 177.9 -359.7417
v 139.7535 171.8247 -359.7065
v 134.6804 168.8751 -367.1874
v 134.5237 186.2751 -355.7785
v 142.3577 172.6058 -354.2664
v 141.4179 178.5062 -354.2823
v 140.2021 178.8372 -346.1233
v 141.8796 171.6998 -344.0115
v 135.6771 184.9967 -348.8983
v 135.7477 185.8301 -352.9662
v 134.0921 185.0137 -346.2787
v 138.9798 178.0994 -339.7397
v 131.255 185.1606 -342.6679
v 135.0894 180.2273 -335.3124
v 140.0976 174.3575 -338.7871
v 136.933 175.4484 -333.3032
v 129.7609 179.0618 -330.9284
v 129.1684 180.958 -332.5984
v 127.8681 185.4604 -342.2074
v 124.4111 171.7701 -369.8451
v 125.438 180.7101 -368.2405
v 129.0793 170.3226 -370.5785
v 124.4111 171.7701 -369.8451
v 137.9207 172.4084 -359.9488
v 139.8428 165.4216 -371.5064
v 141.2038 172.2372 -360.3831
v 134.3002 165.6959 -370.0504
v 150.1561 163.7608 -370.2799
v 151.9186 165.6141 -364.8928
v 144.3803 173.0192 -350.2708
v 140.1216 172.2704 -347.7896
v 152.9779 166.3294 -360.4864
v 160.2459 158.2546 -368.0689
v 152.2104 159.2247 -375.3715
v 142.0923 157.4789 -379.5862
v 146.9293 150.7776 -384.8775
v 137.28 153.0653 -381.8353
v 154.2314 155.6589 -377.4666
v 157.3646 152.7348 -378.0526
v 161.082 150.7359 -376.4907
v 148.3716 142.6426 -385.3835
v 156.8803 135.9318 -383.1558
v 163.7242 149.35 -373.3716
v 162.3876 135.6201 -376.7642
v 167.3131 138.3902 -369.1595
v 167.1983 130.7668 -367.4474
v 160.7234 129.4537 -377.7245
v 165.9194 149.5444 -369.0714
v 166.956 150.7352 -364.616
v 170.269 135.2136 -358.3094
v 169.9966 142.3347 -360.1632
v 169.8334 145.5839 -351.3091
v 167.9478 140.4546 -345.4822
v 166.2482 153.2044 -360.2127
v 162.9954 147.5421 -341.4074
v 165.253 152.2536 -346.9048
v 155.7187 156.4894 -337.2925
v 160.8499 159.7698 -344.5738
v 161.3311 160.851 -355.356
v 164.5043 156.4645 -357.3254
v 157.0806 163.874 -356.2182
v 152.8071 166.7354 -341.1979
v 149.0665 171.242 -343.169
v 149.0998 164.7529 -336.7747
v 145.0647 169.9182 -339.7828
v 155.3595 165.3137 -357.6161
v 142.9761 136.971 -385.9658
v 155.4319 131.084 -384.2365
v 140.2218 143.368 -384.9652
v 135.5447 165.4829 -319.4977
v 140.223 167.1477 -318.8885
v 140.6264 160.0886 -311.5902
v 136.4739 158.2617 -312.6889
v 148.3086 167.4547 -316.674
v 149.2369 165.6217 -313.2241
v 142.5179 155.3049 -305.0296
v 137.5436 148.7733 -304.4704
v 151.3523 162.1828 -308.9974
v 158.4249 163.5913 -316.0503
v 149.3971 169.1157 -321.667
v 141.096 170.794 -326.6682
v 151.8364 168.6996 -324.8142
v 146.7467 170.7164 -334.2835
v 138.7632 170.469 -328.7961
v 156.1522 166.9214 -325.3391
v 154.8964 163.0604 -335.0031
v 146.7467 170.7164 -334.2835
v 161.092 164.1728 -324.6215
v 159.7498 157.0212 -337.9095
v 152.5177 160.7362 -337.3496
v 146.7467 170.7164 -334.2835
v 155.8927 152.0398 -339.4544
v 163.9973 161.5847 -323.5033
v 166.4168 150.8756 -333.9612
v 170.1178 148.5031 -327.7584
v 166.0447 158.877 -320.2163
v 166.655 157.1233 -317.5935
v 172.1965 145.789 -319.2682
v 165.3043 155.5325 -313.9502
v 172.1965 145.789 -319.2682
v 170.4144 143.8989 -312.6823
v 162.8017 155.9756 -311.5855
v 170.4144 143.8989 -312.6823
v 160.9995 131.7183 -301.9584
v 156.1587 143.5638 -298.4354
v 158.6788 157.0517 -308.2931
v 156.1587 143.5638 -298.4354
v 154.6926 159.2932 -307.9884
v 145.6977 146.5328 -299.0144
v 146.7467 170.7164 -334.2835
v 143.6102 169.8281 -337.2828
v 152.5177 160.7362 -337.3496
v 160.9995 131.7183 -301.9584
v 161.5266 125.7194 -313.9682
v 159.1581 124.2064 -303.0818
v 172.1965 145.789 -319.2682
v 164.585 139.7686 -329.5657
v 165.6712 134.4765 -324.7867
v 156.1587 143.5638 -298.4354
v 151.0202 128.6931 -300.4485
v 141.2959 140.4635 -300.1774
v 145.6977 146.5328 -299.0144
v 137.5436 148.7733 -304.4704
v 151.0202 128.6931 -300.4485
v 160.9995 131.7183 -301.9584
v 159.1581 124.2064 -303.0818
v 156.1587 143.5638 -298.4354
v 161.5266 125.7194 -313.9682
v 160.9995 131.7183 -301.9584
v 170.4144 143.8989 -312.6823
v 170.4144 143.8989 -312.6823
v 165.6712 134.4765 -324.7867
v 172.1965 145.789 -319.2682
v 164.585 139.7686 -329.5657
v 172.1965 145.789 -319.2682
v 170.1178 148.5031 -327.7584
v 161.3989 146.1529 -337.1423
v 166.4168 150.8756 -333.9612
v 161.3989 146.1529 -337.1423
v 102.519 167.1437 -326.1756
v 108.0179 172.6357 -319.3435
v 105.9042 166.1782 -320.0639
v 105.4457 177.121 -326.4151
v 111.0684 165.7159 -314.1558
v 103.614 172.4763 -335.4706
v 105.4457 177.121 -326.4151
v 105.3588 180.3926 -333.0745
v 105.3588 180.3926 -333.0745
v 106.9076 178.1373 -342.8613
v 129.4778 165.5142 -313.6847
v 123.017 161.399 -310.3421
v 122.2995 163.899 -311.1092
v 131.7722 159.5418 -314.2831
v 135.658 161.6861 -319.9367
v 134.1603 167.8374 -317.952
v 124.8463 173.6648 -318.4887
v 120.7295 173.612 -317.904
v 128.3698 174.5285 -322.5103
v 121.1498 180.5031 -325.8897
v 130.3101 176.0192 -324.9763
v 137.8735 162.312 -326.0197
v 137.9615 170.2667 -326.2346
v 137.9615 170.2667 -326.2346
v 138.5578 167.9764 -335.6859
v 130.4397 178.5619 -328.6609
v 128.9829 180.2253 -331.2367
v 139.0911 172.6716 -332.0427
v 136.2822 174.6711 -340.6881
v 125.9144 182.2375 -334.3556
v 131.8484 176.1628 -346.9747
v 122.3053 183.3377 -335.2773
v 123.7916 179.0078 -350.2206
v 117.5927 183.8812 -334.7499
v 117.5858 184.7323 -344.406
v 114.2092 182.6251 -332.8616
v 108.9926 183.1307 -339.5643
v 117.5858 184.7323 -344.406
v 105.3588 180.3926 -333.0745
v 112.1635 181.3246 -329.7021
v 111.94 178.0685 -325.8349
v 105.4457 177.121 -326.4151
v 108.0179 172.6357 -319.3435
v 113.5954 176.3278 -322.6781
v 116.7611 173.7163 -319.1167
v 113.6932 168.4249 -314.7514
v 111.0684 165.7159 -314.1558
v 106.9076 178.1373 -342.8613
v 117.5858 184.7323 -344.406
v 105.3588 180.3926 -333.0745
v 137.9615 170.2667 -326.2346
v 139.0911 172.6716 -332.0427
v 136.2822 174.6711 -340.6881
v 139.0911 172.6716 -332.0427
v 136.2822 174.6711 -340.6881
v 135.4817 169.4051 -341.5718
v 131.8484 176.1628 -346.9747
v 129.4221 170.3209 -350.1668
v 130.4397 178.5619 -328.6609
v 139.0911 172.6716 -332.0427
v 137.9615 170.2667 -326.2346
v 131.8484 176.1628 -346.9747
v 122.647 173.1311 -352.8052
v 129.4221 170.3209 -350.1668
v 123.7916 179.0078 -350.2206
v 123.7916 179.0078 -350.2206
v 116.2477 182.1141 -347.5599
v 122.647 173.1311 -352.8052
v 116.2477 182.1141 -347.5599
v 123.7916 179.0078 -350.2206
v 117.5858 184.7323 -344.406
v 117.5858 184.7323 -344.406
v 123.7916 179.0078 -350.2206
v 106.9076 178.1373 -342.8613
v 116.2477 182.1141 -347.5599
v 117.5858 184.7323 -344.406
v 112.1635 181.3246 -329.7021
v 105.4457 177.121 -326.4151
v 105.3588 180.3926 -333.0745
v 96.51446 171.0086 -322.0407
v 103.6591 174.0268 -318.3904
v 101.3175 165.6509 -317.4758
v 101.2603 176.5247 -320.6554
v 91.69678 163.3229 -325.4595
v 97.32832 155.4007 -322.1335
v 88.52269 157.0713 -332.3531
v 95.7299 149.0278 -329.3475
v 88.1016 155.3595 -336.6176
v 96.19083 143.455 -335.9329
v 88.1016 155.3595 -336.6176
v 97.86019 147.6749 -343.3038
v 90.39294 155.9484 -340.9727
v 100.6771 154.4675 -347.3536
v 94.12408 159.4097 -343.6955
v 97.08061 165.571 -345.7047
v 88.1016 155.3595 -336.6176
v 89.75792 160.8554 -335.8943
v 88.52269 157.0713 -332.3531
v 91.69678 163.3229 -325.4595
v 90.75443 163.4428 -332.706
v 91.60078 166.7047 -329.0515
v 108.5398 181.5499 -323.2662
v 110.4581 182.187 -326.8018
v 112.7291 180.9582 -320.7107
v 115.3661 181.7892 -326.6246
v 102.5752 178.1541 -328.4555
v 103.6591 174.0268 -318.3904
v 114.0354 179.2386 -336.4739
v 107.5562 180.3701 -333.8669
v 101.149 177.0348 -331.9066
v 93.03336 168.0375 -333.3812
v 100.8458 178.1493 -326.5918
v 108.5398 181.5499 -323.2662
v 96.2132 174.3504 -326.3039
v 101.2603 176.5247 -320.6554
v 108.5398 181.5499 -323.2662
v 96.51446 171.0086 -322.0407
v 94.77355 171.0201 -326.8755
v 91.60078 166.7047 -329.0515
v 103.0044 175.9287 -339.2175
v 113.9212 173.4564 -343.7015
v 99.44147 172.9879 -335.4527
v 97.5144 169.2757 -337.9881
v 110.3555 169.7128 -346.1992
v 94.67866 165.8664 -339.0243
v 99.32035 169.8773 -345.5209
v 93.31248 163.8102 -339.6016
v 97.08061 165.571 -345.7047
v 99.32035 169.8773 -345.5209
v 94.12408 159.4097 -343.6955
v 91.81263 162.0081 -339.1812
v 90.42958 160.9937 -338.0314
v 90.39294 155.9484 -340.9727
v 88.1016 155.3595 -336.6176
v 89.75792 160.8554 -335.8943
v 90.75443 163.4428 -332.706
v 88.52269 157.0713 -332.3531
v 91.69678 163.3229 -325.4595
v 108.5398 181.5499 -323.2662
v 103.6591 174.0268 -318.3904
v 101.2603 176.5247 -320.6554
v 110.3555 169.7128 -346.1992
v 103.0044 175.9287 -339.2175
v 100.3311 171.88 -344.5931
v 109.0487 166.4674 -348.5343
v 99.32035 169.8773 -345.5209
v 105.573 163.5656 -348.8726
v 103.0044 175.9287 -339.2175
v 100.3311 171.88 -344.5931
v 99.32035 169.8773 -345.5209
v 97.08061 165.571 -345.7047
v 105.573 163.5656 -348.8726
v 99.32035 169.8773 -345.5209
v 100.6771 154.4675 -347.3536
v 94.1689 170.4972 -355.5849
v 99.61409 172.6304 -348.0479
v 95.57776 164.8511 -348.2384
v 99.48277 175.1383 -351.6649
v 98.41938 172.9926 -360.0591
v 95.93453 170.077 -361.5143
v 108.0947 178.6862 -350.5169
v 103.1481 176.0208 -357.942
v 108.0947 178.6862 -350.5169
v 99.06132 166.32 -368.8473
v 105.7582 175.5319 -358.9145
v 108.0947 178.6862 -350.5169
v 106.5284 174.1868 -363.1635
v 94.91467 165.782 -365.1909
v 113.7006 176.2838 -361.7934
v 112.0236 178.5734 -353.0971
v 108.0947 178.6862 -350.5169
v 109.8809 177.8317 -345.6801
v 99.61409 172.6304 -348.0479
v 115.9336 177.4951 -350.297
v 120.5323 173.8931 -360.9741
v 112.4547 171.8758 -369.5865
v 123.9204 167.2791 -368.2904
v 106.5953 169.9908 -367.6143
v 105.9066 166.2878 -371.1602
v 121.836 163.7871 -372.6703
v 112.8618 167.5789 -376.4105
v 112.8618 167.5789 -376.4105
v 112.2387 165.6344 -377.8611
v 103.5759 163.2098 -373.6715
v 102.4272 161.3099 -374.9544
v 109.7093 161.6993 -379.1752
v 112.2387 165.6344 -377.8611
v 118.4134 158.0844 -377.8402
v 104.8742 156.33 -378.6147
v 111.7382 150.0435 -378.766
v 100.5882 159.8095 -375.2988
v 99.43324 153.8214 -377.7829
v 98.53175 159.1622 -374.8516
v 96.60828 159.4024 -373.0359
v 94.68874 154.1425 -374.5694
v 95.90928 162.2192 -369.3052
v 92.6779 156.322 -370.0383
v 94.68874 154.1425 -374.5694
v 91.09363 163.137 -361.5973
v 121.836 163.7871 -372.6703
v 112.8618 167.5789 -376.4105
v 112.2387 165.6344 -377.8611
v 121.6233 160.4795 -375.6895
v 118.4134 158.0844 -377.8402
v 105.9066 166.2878 -371.1602
v 112.2387 165.6344 -377.8611
v 112.8618 167.5789 -376.4105
v 121.836 163.7871 -372.6703
v 112.2387 165.6344 -377.8611
v 121.6233 160.4795 -375.6895
v 99.43324 153.8214 -377.7829
v 98.85816 141.3535 -369.3842
v 105.6276 144.2996 -376.0483
v 94.68874 154.1425 -374.5694
v 104.8742 156.33 -378.6147
v 111.7382 150.0435 -378.766
v 98.85816 141.3535 -369.3842
v 94.68874 154.1425 -374.5694
v 95.35472 147.7608 -363.0235
v 92.6779 156.322 -370.0383
v 93.31928 154.7392 -354.9396
v 91.09363 163.137 -361.5973
v 95.57776 164.8511 -348.2384
v 94.1689 170.4972 -355.5849
v 114.7319 160.0764 -378.4473
v 115.0302 150.0082 -391.9613
v 118.5241 162.0512 -384.2247
v 127.1548 169.2887 -377.3609
v 127.1548 169.2887 -377.3609
v 125.5151 169.7812 -372.723
v 115.0302 150.0082 -391.9613
v 114.7319 160.0764 -378.4473
v 110.5293 144.4556 -380.3732
v 123.9541 150.116 -392.1112
v 118.5241 162.0512 -384.2247
v 115.0302 150.0082 -391.9613
v 122.3766 146.577 -394.5417
v 129.465 140.2 -396.9588
v 127.0447 153.9083 -387.7166
v 118.5241 162.0512 -384.2247
v 127.1548 169.2887 -377.3609
v 132.2141 166.2722 -377.7769
v 129.6779 152.9793 -386.6376
v 133.0251 150.2882 -388.4524
v 123.3052 140.8394 -397.2499
v 138.1542 152.7373 -382.8655
v 142.2704 150.586 -375.873
v 132.9118 165.7259 -373.4828
v 127.1548 169.2887 -377.3609
v 125.5151 169.7812 -372.723
v 145.3553 140.4269 -380.2713
v 141.128 145.8445 -387.9365
v 135.4217 144.3958 -390.9333
v 136.6542 139.3278 -393.41
v 141.9504 137.9688 -391.4953
v 135.9478 135.2808 -396.5003
v 141.7619 135.0911 -392.6227
v 146.4389 131.7407 -386.0875
v 145.1337 134.8191 -383.1194
v 135.5649 132.8336 -397.9999
v 141.2383 130.626 -394.6332
v 134.0271 131.046 -399.435
v 139.5942 126.0662 -397.9903
v 146.5132 127.5335 -387.9211
v 143.2281 119.4354 -391.2452
v 133.9214 122.9204 -401.3598
v 131.912 130.4238 -400.6061
v 127.5396 124.9433 -402.4589
v 129.1172 131.3823 -400.7273
v 126.3698 135.6724 -398.9218
v 123.0425 129.078 -400.8223
v 127.5396 124.9433 -402.4589
v 117.5169 138.6227 -396.7787
v 117.5169 138.6227 -396.7787
v 117.5169 138.6227 -396.7787
v 133.9214 122.9204 -401.3598
v 124.5768 113.0371 -391.9919
v 137.2062 111.9282 -391.4075
v 127.5396 124.9433 -402.4589
v 143.2281 119.4354 -391.2452
v 139.5942 126.0662 -397.9903
v 124.5768 113.0371 -391.9919
v 127.5396 124.9433 -402.4589
v 117.7011 118.4897 -389.0667
v 123.0425 129.078 -400.8223
v 110.0759 130.0893 -383.3011
v 117.5169 138.6227 -396.7787
v 110.5293 144.4556 -380.3732
v 110.5293 144.4556 -380.3732
v 117.5169 138.6227 -396.7787
v 115.0302 150.0082 -391.9613
v 139.9305 125.5342 -390.404
v 138.1739 120.0343 -396.0415
v 141.7168 125.7927 -391.4118
v 135.6238 119.7122 -393.3568
v 146.3428 119.6142 -398.5038
v 147.6808 122.0572 -396.5916
v 147.1964 129.3622 -384.7503
v 148.0504 128.0067 -388.2436
v 150.2978 124.6665 -393.733
v 153.3928 118.7947 -400.2466
v 146.6091 116.4307 -401.1166
v 138.9545 113.2158 -399.9568
v 147.9875 113.7048 -402.6304
v 142.6121 107.746 -403.3384
v 150.2543 111.7814 -404.1732
v 148.8176 100.5051 -404.0172
v 153.6512 111.0341 -404.5366
v 156.6027 111.3791 -403.3438
v 159.3595 113.6886 -401.0056
v 164.3676 104.7755 -396.1592
v 160.1269 98.02067 -399.398
v 160.7502 115.6177 -399.0182
v 165.9442 109.8551 -393.7896
v 160.9179 118.4554 -395.9906
v 165.3102 116.789 -389.3537
v 166.5873 106.3966 -388.9601
v 166.7708 114.2626 -382.3039
v 164.4943 121.6642 -385.0693
v 165.487 120.1936 -381.4622
v 162.7652 125.5525 -379.1927
v 161.0285 126.8209 -384.2571
v 155.9624 130.1715 -380.7816
v 155.352 129.9526 -383.2944
v 156.9483 123.9958 -392.5345
v 153.6204 124.8306 -392.5173
v 159.5197 120.7317 -394.4947
v 164.6454 96.88235 -385.091
v 164.6454 96.88235 -385.091
v 160.1269 98.02067 -399.398
v 158.7189 89.37843 -390.5134
v 164.3676 104.7755 -396.1592
v 150.3774 88.09 -393.3584
v 152.862 97.16501 -402.1812
v 144.1909 93.89326 -396.4565
v 148.8176 100.5051 -404.0172
v 140.4984 102.6309 -399.519
v 142.6121 107.746 -403.3384
v 137.1172 109.7849 -397.7339
v 138.9545 113.2158 -399.9568
v 135.6238 119.7122 -393.3568
v 153.6512 111.0341 -404.5366
v 152.862 97.16501 -402.1812
v 158.1775 134.8176 -377.1684
v 157.3431 130.4104 -383.8763
v 160.2042 134.4518 -377.3473
v 153.9399 130.95 -382.4832
v 165.2091 127.1923 -383.015
v 166.3041 128.9661 -380.3561
v 163.1787 135.7197 -368.5902
v 164.9554 134.225 -371.6528
v 168.1422 130.4249 -376.3159
v 171.6945 123.9794 -382.0011
v 165.5455 124.1754 -385.8109
v 157.5351 123.839 -388.2593
v 160.3733 117.5046 -390.8194
v 166.5091 121.1717 -387.1036
v 168.4915 118.6064 -387.9448
v 153.9663 121.2285 -387.5262
v 171.3062 116.7184 -387.0829
v 163.6931 108.5583 -390.2367
v 167.067 102.2853 -388.1173
v 173.4259 115.9762 -384.8006
v 171.8547 100.6992 -382.5897
v 175.509 117.1163 -381.2282
v 174.9619 106.9093 -376.3773
v 171.8547 100.6992 -382.5897
v 176.4573 118.389 -378.5663
v 176.888 111.0563 -372.7724
v 176.2085 120.9206 -375.2835
v 176.6377 117.673 -367.8415
v 175.0956 123.5112 -374.0897
v 175.6557 122.4307 -363.4609
v 173.0951 127.4293 -372.7649
v 173.9654 128.4592 -363.2085
v 172.9181 126.5528 -358.1545
v 169.2283 133.3046 -361.4614
v 169.698 133.3684 -364.0129
v 174.5251 120.6283 -360.0503
v 170.5121 129.3822 -373.8994
v 174.1278 114.6445 -361.3035
v 174.3264 107.491 -368.7196
v 174.3264 107.491 -368.7196
v 176.6377 117.673 -367.8415
v 176.888 111.0563 -372.7724
v 174.9619 106.9093 -376.3773
v 172.1294 103.3547 -372.2806
v 171.8547 100.6992 -382.5897
v 171.8547 100.6992 -382.5897
v 165.9613 96.2082 -379.77
v 167.067 102.2853 -388.1173
v 162.4465 96.52781 -385.3156
v 167.067 102.2853 -388.1173
v 165.9613 96.2082 -379.77
v 171.8547 100.6992 -382.5897
v 157.685 103.0303 -386.126
v 167.067 102.2853 -388.1173
v 163.6931 108.5583 -390.2367
v 155.3727 113.3818 -389.0261
v 160.3733 117.5046 -390.8194
v 167.067 102.2853 -388.1173
v 157.685 103.0303 -386.126
v 162.4465 96.52781 -385.3156
v 155.3727 113.3818 -389.0261
v 179.0193 104.7978 -361.1399
v 182.4285 106.7604 -370.192
v 185.4407 105.7397 -365.6423
v 175.1696 108.3696 -365.1099
v 188.3679 104.0474 -369.5043
v 186.2102 104.6025 -372.3079
v 183.9193 100.4545 -357.4742
v 188.0775 102.0328 -363.0013
v 189.7046 102.0092 -367.5408
v 190.1168 100.8507 -375.3358
v 190.1168 100.8507 -375.3358
v 185.1279 104.2378 -375.3684
v 179.788 105.5956 -374.3359
v 184.2235 102.4776 -377.5755
v 177.8493 102.2146 -378.5147
v 171.5984 98.97943 -376.6695
v 171.8335 104.9623 -370.8554
v 184.6575 100.6794 -379.7798
v 190.1168 100.8507 -375.3358
v 176.3141 96.64389 -380.7791
v 185.5221 97.28753 -381.0788
v 170.8454 93.76279 -380.3066
v 176.3171 91.41206 -381.4979
v 185.5221 97.28753 -381.0788
v 171.4852 87.44962 -380.906
v 192.121 95.25294 -365.5255
v 190.9606 99.38474 -366.0313
v 188.3981 96.51109 -360.3873
v 189.8762 91.0726 -361.0042
v 185.5026 93.34468 -356.9322
v 187.4317 88.65553 -357.3238
v 191.6983 92.0292 -367.8793
v 190.1168 100.8507 -375.3358
v 190.1906 91.25175 -371.0192
v 189.4306 91.74495 -375.0761
v 190.1168 100.8507 -375.3358
v 190.1168 100.8507 -375.3358
v 187.9541 92.46194 -377.9025
v 186.1501 95.32049 -380.0108
v 185.5221 97.28753 -381.0788
v 184.6575 100.6794 -379.7798
v 185.5221 97.28753 -381.0788
v 190.1168 100.8507 -375.3358
v 186.1678 83.56358 -360.9296
v 187.4317 88.65553 -357.3238
v 187.4748 86.53722 -362.1227
v 189.8762 91.0726 -361.0042
v 191.6983 92.0292 -367.8793
v 192.121 95.25294 -365.5255
v 186.1331 84.50459 -367.0907
v 183.03 78.75549 -362.6521
v 179.9577 77.88929 -369.4967
v 184.1212 83.12907 -370.7831
v 190.1906 91.25175 -371.0192
v 189.4306 91.74495 -375.0761
v 180.0476 83.50604 -375.4923
v 176.3048 77.92546 -373.2238
v 172.6585 81.58561 -378.8253
v 178.3707 86.37392 -379.2282
v 187.9541 92.46194 -377.9025
v 186.1501 95.32049 -380.0108
v 171.4852 87.44962 -380.906
v 176.3171 91.41206 -381.4979
v 185.5221 97.28753 -381.0788
v 174.2038 136.2614 -344.8258
v 170.6305 128.7766 -338.729
v 167.4729 132.4626 -342.3857
v 177.3916 132.1366 -341.0513
v 176.7094 123.1307 -335.8271
v 181.366 127.0014 -339.5236
v 182.7048 131.085 -344.0993
v 181.0683 132.0739 -347.1272
v 174.2038 136.2614 -344.8258
v 184.0806 128.8158 -342.4398
v 186.2753 130.151 -349.9014
v 180.7254 132.4656 -350.3521
v 180.7193 131.3229 -353.0875
v 172.1594 135.5559 -351.7035
v 174.2038 136.2614 -344.8258
v 172.2607 131.7148 -358.9545
v 185.6092 126.1198 -341.3725
v 187.6047 122.2967 -341.6469
v 188.4364 119.9103 -344.7654
v 185.5882 116.6237 -339.0567
v 182.7576 121.2781 -337.4859
v 180.0879 116.7634 -335.8012
v 183.1236 112.8223 -336.8573
v 181.9944 130.3773 -355.4875
v 186.2753 130.151 -349.9014
v 186.2753 130.151 -349.9014
v 187.8034 119.8648 -348.2773
v 187.756 121.4172 -352.1332
v 186.2753 130.151 -349.9014
v 186.7328 122.6835 -354.9673
v 184.7443 125.6839 -356.6743
v 183.8843 127.7401 -357.335
v 179.3396 115.7042 -360.1914
v 176.6225 120.7528 -361.5627
v 183.8843 127.7401 -357.335
v 175.2242 125.44 -359.5719
v 170.6225 121.6428 -361.2565
v 172.8625 116.017 -363.246
v 174.9776 110.0977 -362.4846
v 166.7316 127.0355 -359.6472
v 181.9944 130.3773 -355.4875
v 183.8843 127.7401 -357.335
v 172.2607 131.7148 -358.9545
v 166.7316 127.0355 -359.6472
v 172.1594 135.5559 -351.7035
v 174.2038 136.2614 -344.8258
v 167.4729 132.4626 -342.3857
v 164.0667 132.5256 -350.6489
v 166.7316 127.0355 -359.6472
v 180.7193 131.3229 -353.0875
v 175.2242 125.44 -359.5719
v 181.9944 130.3773 -355.4875
v 175.2242 125.44 -359.5719
v 183.8843 127.7401 -357.335
v 181.9944 130.3773 -355.4875
v 172.1594 135.5559 -351.7035
v 166.7316 127.0355 -359.6472
v 172.2607 131.7148 -358.9545
v 180.8912 112.1824 -357.0003
v 174.9776 110.0977 -362.4846
v 178.2269 105.6146 -357.2489
v 183.8484 108.9152 -341.8308
v 183.1236 112.8223 -336.8573
v 184.6115 112.2904 -341.8595
v 184.795 111.6481 -347.3519
v 185.5882 116.6237 -339.0567
v 184.6115 112.2904 -341.8595
v 183.1236 112.8223 -336.8573
v 188.4364 119.9103 -344.7654
v 184.795 111.6481 -347.3519
v 187.8034 119.8648 -348.2773
v 183.934 111.1205 -351.6592
v 180.9801 105.0947 -352.846
v 182.3549 104.3798 -345.4543
v 187.756 121.4172 -352.1332
v 183.8484 108.9152 -341.8308
v 178.2269 105.6146 -357.2489
v 180.8912 112.1824 -357.0003
v 186.7328 122.6835 -354.9673
v 179.3396 115.7042 -360.1914
v 174.9776 110.0977 -362.4846
v 175.2242 125.44 -359.5719
v 180.7193 131.3229 -353.0875
v 172.2607 131.7148 -358.9545
v 130.0931 151.7069 -305.5046
v 129.9297 141.6887 -303.7357
v 126.5484 149.3806 -309.7532
v 127.0592 139.443 -308.2098
v 136.7036 149.5672 -296.627
v 130.7363 134.6017 -300.256
v 127.8342 126.6131 -306.884
v 138.1206 144.7641 -294.1148
v 133.9333 123.642 -299.1378
v 141.5449 141.8605 -293.2789
v 145.8069 140.2097 -292.7664
v 131.9863 116.8368 -306.5992
v 143.8919 121.9514 -294.7062
v 143.8999 105.8995 -309.0964
v 143.8919 121.9514 -294.7062
v 150.8631 140.8628 -293.9428
v 152.5235 111.2713 -302.7619
v 160.6272 129.4324 -298.673
v 143.8919 121.9514 -294.7062
v 143.8919 121.9514 -294.7062
v 152.5235 111.2713 -302.7619
v 143.8999 105.8995 -309.0964
v 153.2374 103.3213 -309.6964
v 152.5235 111.2713 -302.7619
v 158.5313 109.0917 -316.596
v 153.2374 103.3213 -309.6964
v 160.6272 129.4324 -298.673
v 160.6272 129.4324 -298.673
v 163.1531 130.392 -308.6973
v 163.1531 130.392 -308.6973
v 160.6272 129.4324 -298.673
v 163.8837 134.0233 -302.0086
v 160.6272 129.4324 -298.673
v 150.8631 140.8628 -293.9428
v 153.9969 141.6108 -294.8291
v 162.1884 143.622 -314.3752
v 160.6082 138.9675 -322.8671
v 162.2321 134.5687 -313.4264
v 164.0923 139.5323 -308.5921
v 153.7471 151.0758 -299.8232
v 155.218 147.3696 -297.6647
v 163.1531 130.392 -308.6973
v 163.8837 134.0233 -302.0086
v 155.3678 144.683 -296.2514
v 153.9969 141.6108 -294.8291
v 160.6272 129.4324 -298.673
v 146.3926 149.8547 -295.1821
v 150.8631 140.8628 -293.9428
v 151.4404 153.8746 -300.5635
v 154.8786 145.1814 -324.0555
v 156.5012 150.6018 -317.2933
v 148.86 153.2179 -318.4489
v 149.6012 155.2777 -313.5892
v 146.5265 156.2684 -302.1465
v 142.0203 157.2938 -302.9631
v 140.0409 161.9093 -312.5323
v 140.0409 161.9093 -312.5323
v 138.6933 156.2561 -301.3953
v 140.0409 161.9093 -312.5323
v 136.5198 152.5739 -298.8687
v 130.0931 151.7069 -305.5046
v 132.4624 158.4443 -309.2089
v 140.0409 161.9093 -312.5323
v 131.16 158.4564 -312.5415
v 126.5484 149.3806 -309.7532
v 136.7036 149.5672 -296.627
v 138.1206 144.7641 -294.1148
v 141.5449 141.8605 -293.2789
v 145.8069 140.2097 -292.7664
v 140.0409 161.9093 -312.5323
v 131.16 158.4564 -312.5415
v 138.455 161.4904 -317.4275
v 148.86 153.2179 -318.4489
v 140.0409 161.9093 -312.5323
v 138.455 161.4904 -317.4275
vt 0.141698 0.332402
vt 0.16188 0.332738
vt 0.198942 0.36423
vt 0.198942 0.36423
vt 0.213918 0.405209
vt 0.183306 0.354989
vt 0.234073 0.414525
vt 0.208257 0.467224
vt 0.231927 0.461106
vt 0.171252 0.515306
vt 0.196578 0.504481
vt 0.153716 0.357801
vt 0.106355 0.34288
vt 0.141698 0.332402
vt 0.142432 0.52299
vt 0.118705 0.53514
vt 0.089579 0.5352
vt 0.17593 0.47033
vt 0.18109 0.409659
vt 0.108965 0.514689
vt 0.063544 0.525225
vt 0.14007 0.476356
vt 0.142931 0.419385
vt 0.118276 0.371245
vt 0.07792 0.359733
vt 0.082753 0.390564
vt 0.052484 0.379849
vt 0.076716 0.498144
vt 0.043456 0.505906
vt 0.100457 0.466593
vt 0.096445 0.431719
vt 0.052521 0.418363
vt 0.04276 0.411818
vt 0.049227 0.474938
vt 0.032874 0.4789
vt 0.024984 0.482589
vt 0.033662 0.496342
vt 0.02897 0.472384
vt 0.027655 0.451746
vt 0.021261 0.452524
vt 0.061233 0.460075
vt 0.063063 0.440166
vt 0.03205 0.447225
vt 0.035763 0.409484
vt 0.043772 0.386595
vt 0.030059 0.394649
vt 0.057066 0.365909
vt 0.044425 0.378745
vt 0.081909 0.349176
vt 0.028882 0.440123
vt 0.027655 0.451746
vt 0.021091 0.438316
vt 0.025693 0.417299
vt 0.030059 0.394649
vt 0.025693 0.417299
vt 0.118705 0.53514
vt 0.196578 0.504481
vt 0.14749 0.524048
vt 0.021091 0.438316
vt 0.03205 0.447225
vt 0.035763 0.409484
vt 0.03205 0.447225
vt 0.025693 0.417299
vt 0.141698 0.332402
vt 0.198942 0.36423
vt 0.183306 0.354989
vt 0.136501 0.33675
vt 0.092919 0.356575
vt 0.124121 0.358098
vt 0.110584 0.342037
vt 0.088446 0.389818
vt 0.05503 0.390962
vt 0.050835 0.455308
vt 0.084622 0.450491
vt 0.102113 0.499759
vt 0.069856 0.507854
vt 0.118705 0.53514
vt 0.14749 0.524048
vt 0.081909 0.349176
vt 0.06538 0.363579
vt 0.036942 0.408453
vt 0.024851 0.458197
vt 0.042693 0.508805
vt 0.089579 0.5352
vt 0.044425 0.378745
vt 0.057066 0.365909
vt 0.031327 0.424122
vt 0.023644 0.454424
vt 0.033662 0.496342
vt 0.030059 0.394649
vt 0.028882 0.440123
vt 0.021261 0.452524
vt 0.024984 0.482589
vt 0.089579 0.5352
vt 0.063544 0.525225
vt 0.043456 0.505906
vt 0.025693 0.417299
vt 0.030059 0.394649
vt 0.028882 0.440123
vt 0.025693 0.417299
vt 0.021091 0.438316
vt 0.027655 0.451746
vt 0.028882 0.440123
vt 0.196578 0.504481
vt 0.118705 0.53514
vt 0.171252 0.515306
vt 0.092919 0.356575
vt 0.036942 0.408453
vt 0.05503 0.390962
vt 0.033662 0.496342
vt 0.089579 0.5352
vt 0.042693 0.508805
vt 0.028882 0.440123
vt 0.023644 0.454424
vt 0.031327 0.424122
vt 0.106355 0.34288
vt 0.141698 0.332402
vt 0.16188 0.332738
vt 0.110584 0.342037
vt 0.136501 0.33675
vt 0.16188 0.332738
vt 0.044543 0.456284
vt 0.043433 0.443142
vt 0.047137 0.456039
vt 0.040311 0.444695
vt 0.0539 0.448918
vt 0.05178 0.4431
vt 0.055635 0.465987
vt 0.055106 0.471156
vt 0.058688 0.456025
vt 0.064025 0.441172
vt 0.052004 0.433978
vt 0.041852 0.43025
vt 0.054709 0.427277
vt 0.049447 0.41572
vt 0.041058 0.425752
vt 0.049612 0.409619
vt 0.058832 0.422635
vt 0.061092 0.402217
vt 0.061092 0.402217
vt 0.065051 0.421329
vt 0.070857 0.423671
vt 0.069885 0.401994
vt 0.061092 0.402217
vt 0.082122 0.407799
vt 0.088303 0.419596
vt 0.093172 0.418907
vt 0.084541 0.40159
vt 0.076326 0.431457
vt 0.098313 0.431466
vt 0.093099 0.431981
vt 0.0915 0.449368
vt 0.098571 0.451834
vt 0.079725 0.445482
vt 0.079113 0.437394
vt 0.076813 0.450283
vt 0.089684 0.46088
vt 0.071532 0.456925
vt 0.08137 0.469395
vt 0.093833 0.461874
vt 0.087448 0.472091
vt 0.072301 0.477166
vt 0.07013 0.474505
vt 0.065156 0.457828
vt 0.064007 0.396653
vt 0.061092 0.402217
vt 0.073208 0.394701
vt 0.064007 0.396653
vt 0.089349 0.418103
vt 0.095365 0.391664
vt 0.095561 0.41769
vt 0.085197 0.394501
vt 0.115003 0.393605
vt 0.11766 0.405133
vt 0.102388 0.440688
vt 0.09505 0.445064
vt 0.119608 0.414513
vt 0.13628 0.396663
vt 0.121208 0.383608
vt 0.103854 0.375691
vt 0.116271 0.365054
vt 0.097598 0.37091
vt 0.126803 0.379226
vt 0.134043 0.377686
vt 0.141823 0.380176
vt 0.123284 0.362861
vt 0.14215 0.365804
vt 0.147326 0.385571
vt 0.152184 0.377209
vt 0.159562 0.391304
vt 0.163335 0.393082
vt 0.152446 0.374493
vt 0.151181 0.393356
vt 0.152419 0.401596
vt 0.166519 0.410207
vt 0.162316 0.40814
vt 0.161188 0.427255
vt 0.16082 0.437773
vt 0.150369 0.411588
vt 0.149147 0.449368
vt 0.150538 0.439825
vt 0.132054 0.461049
vt 0.139569 0.44851
vt 0.138379 0.424744
vt 0.146032 0.419047
vt 0.128812 0.423061
vt 0.121195 0.455983
vt 0.111909 0.453278
vt 0.115552 0.463623
vt 0.105361 0.459181
vt 0.124613 0.419915
vt 0.116668 0.36093
vt 0.142126 0.363109
vt 0.108239 0.363727
vt 0.090539 0.495137
vt 0.098104 0.496599
vt 0.102766 0.508314
vt 0.096264 0.505928
vt 0.112625 0.500689
vt 0.115322 0.506558
vt 0.108834 0.519131
vt 0.103458 0.51869
vt 0.121049 0.513473
vt 0.133108 0.500989
vt 0.113686 0.491967
vt 0.097652 0.483221
vt 0.118351 0.486156
vt 0.107978 0.469346
vt 0.093589 0.479281
vt 0.12717 0.484831
vt 0.126996 0.4665
vt 0.107978 0.469346
vt 0.137632 0.485561
vt 0.139058 0.460038
vt 0.123952 0.461784
vt 0.107978 0.469346
vt 0.134771 0.456272
vt 0.144295 0.487049
vt 0.153127 0.462184
vt 0.160718 0.471889
vt 0.148883 0.490722
vt 0.150566 0.494025
vt 0.165672 0.48598
vt 0.149405 0.501573
vt 0.165672 0.48598
vt 0.163681 0.498106
vt 0.145138 0.507427
vt 0.163681 0.498106
vt 0.15378 0.516485
vt 0.139801 0.52839
vt 0.137104 0.513617
vt 0.139801 0.52839
vt 0.128677 0.514663
vt 0.119375 0.528017
vt 0.107978 0.469346
vt 0.102766 0.463711
vt 0.123952 0.461784
vt 0.15378 0.516485
vt 0.157513 0.492686
vt 0.154399 0.512739
vt 0.165672 0.48598
vt 0.155612 0.467627
vt 0.160217 0.47477
vt 0.139801 0.52839
vt 0.138521 0.521463
vt 0.114766 0.524564
vt 0.119375 0.528017
vt 0.103458 0.51869
vt 0.138521 0.521463
vt 0.15378 0.516485
vt 0.154399 0.512739
vt 0.139801 0.52839
vt 0.157513 0.492686
vt 0.15378 0.516485
vt 0.163681 0.498106
vt 0.163681 0.498106
vt 0.160217 0.47477
vt 0.165672 0.48598
vt 0.155612 0.467627
vt 0.165672 0.48598
vt 0.160718 0.471889
vt 0.147173 0.457267
vt 0.153127 0.462184
vt 0.147173 0.457267
vt 0.029599 0.483358
vt 0.036371 0.496946
vt 0.036315 0.494257
vt 0.029037 0.485003
vt 0.045963 0.504887
vt 0.028444 0.46754
vt 0.029037 0.485003
vt 0.026938 0.473518
vt 0.026938 0.473518
vt 0.031104 0.455188
vt 0.079506 0.505698
vt 0.070124 0.510863
vt 0.067396 0.51002
vt 0.087036 0.503319
vt 0.092873 0.493535
vt 0.086699 0.498448
vt 0.066431 0.498724
vt 0.05896 0.499778
vt 0.072358 0.491579
vt 0.055735 0.486673
vt 0.075044 0.487397
vt 0.09654 0.482638
vt 0.092244 0.4839
vt 0.092244 0.4839
vt 0.094613 0.466245
vt 0.073827 0.481204
vt 0.070212 0.476843
vt 0.092948 0.473823
vt 0.086701 0.45847
vt 0.063442 0.471553
vt 0.077769 0.447297
vt 0.056201 0.470091
vt 0.061428 0.441917
vt 0.047258 0.471166
vt 0.046747 0.453658
vt 0.041803 0.474365
vt 0.03196 0.462204
vt 0.046747 0.453658
vt 0.026938 0.473518
vt 0.038827 0.479875
vt 0.040333 0.486261
vt 0.029037 0.485003
vt 0.036371 0.496946
vt 0.044374 0.491655
vt 0.051669 0.497591
vt 0.049158 0.504393
vt 0.045963 0.504887
vt 0.031104 0.455188
vt 0.046747 0.453658
vt 0.026938 0.473518
vt 0.092244 0.4839
vt 0.092948 0.473823
vt 0.086701 0.45847
vt 0.092948 0.473823
vt 0.086701 0.45847
vt 0.088217 0.455826
vt 0.077769 0.447297
vt 0.076675 0.440366
vt 0.073827 0.481204
vt 0.092948 0.473823
vt 0.092244 0.4839
vt 0.077769 0.447297
vt 0.062419 0.435153
vt 0.076675 0.440366
vt 0.061428 0.441917
vt 0.061428 0.441917
vt 0.045832 0.447376
vt 0.062419 0.435153
vt 0.045832 0.447376
vt 0.061428 0.441917
vt 0.046747 0.453658
vt 0.046747 0.453658
vt 0.061428 0.441917
vt 0.031104 0.455188
vt 0.045832 0.447376
vt 0.046747 0.453658
vt 0.038827 0.479875
vt 0.029037 0.485003
vt 0.026938 0.473518
vt 0.016389 0.491688
vt 0.02761 0.498981
vt 0.028296 0.498844
vt 0.021753 0.495387
vt 0.012215 0.483864
vt 0.027098 0.488236
vt 0.010188 0.470099
vt 0.027948 0.473905
vt 0.010445 0.462047
vt 0.03203 0.46094
vt 0.010445 0.462047
vt 0.032577 0.44849
vt 0.014237 0.454289
vt 0.033696 0.442473
vt 0.018938 0.450031
vt 0.02065 0.447572
vt 0.010445 0.462047
vt 0.010171 0.464445
vt 0.010188 0.470099
vt 0.012215 0.483864
vt 0.010434 0.470744
vt 0.010023 0.478042
vt 0.032068 0.491691
vt 0.035199 0.48536
vt 0.040076 0.496237
vt 0.04441 0.4856
vt 0.023184 0.481494
vt 0.02761 0.498981
vt 0.043473 0.467072
vt 0.030968 0.472066
vt 0.021246 0.474964
vt 0.01183 0.470446
vt 0.020029 0.484896
vt 0.032068 0.491691
vt 0.013846 0.484626
vt 0.021753 0.495387
vt 0.032068 0.491691
vt 0.016389 0.491688
vt 0.013214 0.482891
vt 0.010023 0.478042
vt 0.025289 0.461401
vt 0.046645 0.45274
vt 0.020541 0.467675
vt 0.01924 0.462318
vt 0.042339 0.447469
vt 0.016113 0.45976
vt 0.022168 0.448734
vt 0.014856 0.458307
vt 0.02065 0.447572
vt 0.022168 0.448734
vt 0.018938 0.450031
vt 0.013208 0.458715
vt 0.011305 0.4606
vt 0.014237 0.454289
vt 0.010445 0.462047
vt 0.010171 0.464445
vt 0.010434 0.470744
vt 0.010188 0.470099
vt 0.012215 0.483864
vt 0.032068 0.491691
vt 0.02761 0.498981
vt 0.021753 0.495387
vt 0.042339 0.447469
vt 0.025289 0.461401
vt 0.022819 0.45081
vt 0.041858 0.442604
vt 0.022168 0.448734
vt 0.037243 0.441441
vt 0.025289 0.461401
vt 0.022819 0.45081
vt 0.022168 0.448734
vt 0.02065 0.447572
vt 0.037243 0.441441
vt 0.022168 0.448734
vt 0.033696 0.442473
vt 0.011382 0.427408
vt 0.021068 0.444663
vt 0.018349 0.442835
vt 0.019 0.437538
vt 0.017147 0.418264
vt 0.014107 0.414329
vt 0.032947 0.441315
vt 0.024479 0.424211
vt 0.032947 0.441315
vt 0.02114 0.39769
vt 0.029413 0.421999
vt 0.032947 0.441315
vt 0.030982 0.412121
vt 0.01426 0.405231
vt 0.042949 0.415357
vt 0.039754 0.435277
vt 0.032947 0.441315
vt 0.036713 0.449982
vt 0.021068 0.444663
vt 0.047959 0.441489
vt 0.056956 0.416899
vt 0.042117 0.396965
vt 0.065826 0.399117
vt 0.03287 0.401168
vt 0.033245 0.392444
vt 0.063608 0.389273
vt 0.045127 0.383121
vt 0.045127 0.383121
vt 0.045124 0.380162
vt 0.030818 0.387359
vt 0.029849 0.384713
vt 0.04282 0.377128
vt 0.045124 0.380162
vt 0.060667 0.37895
vt 0.037186 0.37726
vt 0.05321 0.375959
vt 0.027397 0.383838
vt 0.028815 0.378352
vt 0.024053 0.384539
vt 0.020429 0.387867
vt 0.020056 0.38421
vt 0.017683 0.395662
vt 0.015136 0.392768
vt 0.020056 0.38421
vt 0.009276 0.412412
vt 0.063608 0.389273
vt 0.045127 0.383121
vt 0.045124 0.380162
vt 0.065111 0.383242
vt 0.060667 0.37895
vt 0.033245 0.392444
vt 0.045124 0.380162
vt 0.045127 0.383121
vt 0.063608 0.389273
vt 0.045124 0.380162
vt 0.065111 0.383242
vt 0.028815 0.378352
vt 0.035032 0.391401
vt 0.045501 0.379913
vt 0.020056 0.38421
vt 0.037186 0.37726
vt 0.05321 0.375959
vt 0.035032 0.391401
vt 0.020056 0.38421
vt 0.025935 0.406748
vt 0.015136 0.392768
vt 0.019159 0.425569
vt 0.009276 0.412412
vt 0.018349 0.442835
vt 0.011382 0.427408
vt 0.052859 0.378179
vt 0.059167 0.352158
vt 0.058596 0.368031
vt 0.070127 0.381679
vt 0.070127 0.381679
vt 0.066864 0.390198
vt 0.059167 0.352158
vt 0.052859 0.378179
vt 0.054229 0.372159
vt 0.075198 0.351904
vt 0.058596 0.368031
vt 0.059167 0.352158
vt 0.074349 0.346989
vt 0.090655 0.341694
vt 0.078641 0.360422
vt 0.058596 0.368031
vt 0.070127 0.381679
vt 0.081035 0.38042
vt 0.083919 0.362225
vt 0.091461 0.358529
vt 0.079237 0.341266
vt 0.099358 0.368997
vt 0.107972 0.381265
vt 0.08261 0.388127
vt 0.070127 0.381679
vt 0.066864 0.390198
vt 0.119064 0.371694
vt 0.108513 0.358768
vt 0.099041 0.353153
vt 0.104042 0.347936
vt 0.114287 0.351166
vt 0.104991 0.341793
vt 0.11551 0.348711
vt 0.12569 0.3599
vt 0.121698 0.365694
vt 0.105642 0.338749
vt 0.11699 0.344448
vt 0.103866 0.335922
vt 0.116515 0.337784
vt 0.128078 0.355976
vt 0.126548 0.348829
vt 0.1081 0.331324
vt 0.100424 0.333739
vt 0.095619 0.329651
vt 0.0949 0.333659
vt 0.087612 0.337511
vt 0.085312 0.33316
vt 0.095619 0.329651
vt 0.07009 0.341785
vt 0.07009 0.341785
vt 0.07009 0.341785
vt 0.1081 0.331324
vt 0.096856 0.346552
vt 0.11986 0.347425
vt 0.095619 0.329651
vt 0.126548 0.348829
vt 0.116515 0.337784
vt 0.096856 0.346552
vt 0.095619 0.329651
vt 0.081648 0.352562
vt 0.085312 0.33316
vt 0.061572 0.364626
vt 0.07009 0.341785
vt 0.054229 0.372159
vt 0.054229 0.372159
vt 0.07009 0.341785
vt 0.059167 0.352158
vt 0.117402 0.351241
vt 0.117232 0.340381
vt 0.12045 0.349482
vt 0.112867 0.345112
vt 0.131995 0.335938
vt 0.133079 0.339696
vt 0.12832 0.361922
vt 0.13057 0.355472
vt 0.136358 0.345174
vt 0.144971 0.33272
vt 0.134157 0.330839
vt 0.122273 0.332444
vt 0.138045 0.327767
vt 0.131663 0.325684
vt 0.143079 0.324763
vt 0.146431 0.323487
vt 0.149493 0.324015
vt 0.154547 0.326178
vt 0.158239 0.330649
vt 0.171698 0.337967
vt 0.167662 0.33129
vt 0.159709 0.334452
vt 0.171892 0.342897
vt 0.158534 0.340242
vt 0.167206 0.351796
vt 0.174797 0.350938
vt 0.171099 0.363933
vt 0.163235 0.360161
vt 0.165763 0.366355
vt 0.158132 0.371246
vt 0.15437 0.362408
vt 0.143558 0.369143
vt 0.142582 0.364617
vt 0.148571 0.347211
vt 0.142197 0.347366
vt 0.154861 0.343237
vt 0.176205 0.356342
vt 0.176205 0.356342
vt 0.167662 0.33129
vt 0.169588 0.345689
vt 0.171698 0.337967
vt 0.155599 0.340506
vt 0.155295 0.326266
vt 0.141721 0.335889
vt 0.146431 0.323487
vt 0.130627 0.331725
vt 0.131663 0.325684
vt 0.120847 0.335897
vt 0.122273 0.332444
vt 0.112867 0.345112
vt 0.149493 0.324015
vt 0.155295 0.326266
vt 0.145064 0.376354
vt 0.1459 0.363648
vt 0.148888 0.375975
vt 0.139529 0.366224
vt 0.16164 0.364683
vt 0.162673 0.369712
vt 0.153549 0.391873
vt 0.157516 0.386136
vt 0.1652 0.377167
vt 0.174871 0.365989
vt 0.163806 0.359227
vt 0.1497 0.35481
vt 0.158059 0.349298
vt 0.167078 0.356463
vt 0.171927 0.354576
vt 0.144712 0.355719
vt 0.177899 0.355821
vt 0.168568 0.349
vt 0.177737 0.351814
vt 0.182044 0.359764
vt 0.186992 0.361334
vt 0.185166 0.366289
vt 0.189357 0.373283
vt 0.186992 0.361334
vt 0.186207 0.371223
vt 0.19068 0.380335
vt 0.184477 0.37747
vt 0.186891 0.390179
vt 0.181174 0.380018
vt 0.182724 0.398779
vt 0.175597 0.383023
vt 0.176622 0.400264
vt 0.175732 0.408957
vt 0.165647 0.404227
vt 0.166455 0.399671
vt 0.181629 0.404543
vt 0.169977 0.381317
vt 0.183967 0.401283
vt 0.187939 0.386932
vt 0.187939 0.386932
vt 0.186891 0.390179
vt 0.19068 0.380335
vt 0.189357 0.373283
vt 0.186139 0.379959
vt 0.186992 0.361334
vt 0.186992 0.361334
vt 0.178865 0.365614
vt 0.177737 0.351814
vt 0.172511 0.355893
vt 0.177737 0.351814
vt 0.178865 0.365614
vt 0.186992 0.361334
vt 0.160782 0.355444
vt 0.177737 0.351814
vt 0.168568 0.349
vt 0.151323 0.351866
vt 0.158059 0.349298
vt 0.177737 0.351814
vt 0.160782 0.355444
vt 0.172511 0.355893
vt 0.151323 0.351866
vt 0.197594 0.399891
vt 0.202645 0.384206
vt 0.208482 0.392087
vt 0.188989 0.393469
vt 0.214493 0.384978
vt 0.210405 0.380112
vt 0.208407 0.405622
vt 0.214971 0.396133
vt 0.217856 0.388112
vt 0.219151 0.374162
vt 0.219151 0.374162
vt 0.208672 0.374643
vt 0.198554 0.376686
vt 0.207944 0.370464
vt 0.196816 0.368764
vt 0.187404 0.371512
vt 0.184805 0.382739
vt 0.209599 0.366291
vt 0.219151 0.374162
vt 0.196886 0.363904
vt 0.212795 0.363475
vt 0.188696 0.364292
vt 0.199492 0.361835
vt 0.212795 0.363475
vt 0.192974 0.362269
vt 0.225414 0.39055
vt 0.221357 0.390343
vt 0.218243 0.399811
vt 0.223494 0.397807
vt 0.214695 0.405354
vt 0.220374 0.403863
vt 0.226234 0.385878
vt 0.219151 0.374162
vt 0.22396 0.380231
vt 0.222384 0.373178
vt 0.219151 0.374162
vt 0.219151 0.374162
vt 0.219439 0.36832
vt 0.214866 0.365053
vt 0.212795 0.363475
vt 0.209599 0.366291
vt 0.212795 0.363475
vt 0.219151 0.374162
vt 0.220631 0.396678
vt 0.220374 0.403863
vt 0.22148 0.395083
vt 0.223494 0.397807
vt 0.226234 0.385878
vt 0.225414 0.39055
vt 0.220114 0.386036
vt 0.217473 0.392863
vt 0.212523 0.380756
vt 0.217257 0.379344
vt 0.22396 0.380231
vt 0.222384 0.373178
vt 0.209936 0.371153
vt 0.206121 0.374247
vt 0.19794 0.365018
vt 0.205588 0.365048
vt 0.219439 0.36832
vt 0.214866 0.365053
vt 0.192974 0.362269
vt 0.199492 0.361835
vt 0.212795 0.363475
vt 0.173222 0.435149
vt 0.170892 0.445226
vt 0.163933 0.441187
vt 0.18086 0.440542
vt 0.184245 0.448149
vt 0.190583 0.442297
vt 0.190901 0.434892
vt 0.18747 0.429659
vt 0.173222 0.435149
vt 0.194511 0.437432
vt 0.197759 0.424344
vt 0.186657 0.423961
vt 0.187229 0.41886
vt 0.169874 0.422544
vt 0.173222 0.435149
vt 0.171897 0.408435
vt 0.198602 0.438829
vt 0.20408 0.43762
vt 0.206754 0.431622
vt 0.203329 0.44116
vt 0.195958 0.444839
vt 0.193484 0.446973
vt 0.200853 0.444346
vt 0.189991 0.414398
vt 0.197759 0.424344
vt 0.197759 0.424344
vt 0.20565 0.425364
vt 0.20479 0.41878
vt 0.197759 0.424344
vt 0.202333 0.413957
vt 0.197279 0.411445
vt 0.194705 0.410629
vt 0.192688 0.403441
vt 0.1853 0.401872
vt 0.194705 0.410629
vt 0.180417 0.406233
vt 0.174161 0.402571
vt 0.181022 0.398067
vt 0.187777 0.398412
vt 0.164439 0.406377
vt 0.189991 0.414398
vt 0.194705 0.410629
vt 0.171897 0.408435
vt 0.164439 0.406377
vt 0.169874 0.422544
vt 0.173222 0.435149
vt 0.163933 0.441187
vt 0.157849 0.426545
vt 0.164439 0.406377
vt 0.187229 0.41886
vt 0.180417 0.406233
vt 0.189991 0.414398
vt 0.180417 0.406233
vt 0.194705 0.410629
vt 0.189991 0.414398
vt 0.169874 0.422544
vt 0.164439 0.406377
vt 0.171897 0.408435
vt 0.197213 0.408494
vt 0.187777 0.398412
vt 0.195784 0.406912
vt 0.204087 0.434795
vt 0.200853 0.444346
vt 0.203758 0.435372
vt 0.204403 0.425512
vt 0.203329 0.44116
vt 0.203758 0.435372
vt 0.200853 0.444346
vt 0.206754 0.431622
vt 0.204403 0.425512
vt 0.20565 0.425364
vt 0.20314 0.417779
vt 0.200913 0.414608
vt 0.203699 0.427549
vt 0.20479 0.41878
vt 0.204087 0.434795
vt 0.195784 0.406912
vt 0.197213 0.408494
vt 0.202333 0.413957
vt 0.192688 0.403441
vt 0.187777 0.398412
vt 0.180417 0.406233
vt 0.187229 0.41886
vt 0.171897 0.408435
vt 0.088392 0.517475
vt 0.093676 0.518444
vt 0.083301 0.509301
vt 0.089768 0.509918
vt 0.101506 0.533007
vt 0.099038 0.523116
vt 0.09824 0.509517
vt 0.106705 0.536434
vt 0.110741 0.522686
vt 0.114452 0.537272
vt 0.123004 0.537814
vt 0.110963 0.507925
vt 0.129398 0.530207
vt 0.137928 0.501178
vt 0.129398 0.530207
vt 0.131732 0.535851
vt 0.149765 0.511692
vt 0.154302 0.521817
vt 0.129398 0.530207
vt 0.129398 0.530207
vt 0.149765 0.511692
vt 0.137928 0.501178
vt 0.154772 0.496541
vt 0.149765 0.511692
vt 0.16079 0.484448
vt 0.154772 0.496541
vt 0.154302 0.521817
vt 0.154302 0.521817
vt 0.158224 0.503837
vt 0.158224 0.503837
vt 0.154302 0.521817
vt 0.157445 0.516043
vt 0.154302 0.521817
vt 0.131732 0.535851
vt 0.13696 0.534429
vt 0.14989 0.497573
vt 0.149709 0.481923
vt 0.154474 0.496533
vt 0.155336 0.506679
vt 0.13142 0.527585
vt 0.136068 0.530637
vt 0.158224 0.503837
vt 0.157445 0.516043
vt 0.137779 0.532571
vt 0.13696 0.534429
vt 0.154302 0.521817
vt 0.118817 0.535678
vt 0.131732 0.535851
vt 0.125739 0.52688
vt 0.136632 0.482652
vt 0.136643 0.495966
vt 0.121436 0.494434
vt 0.121652 0.503654
vt 0.115552 0.524559
vt 0.106837 0.523312
vt 0.100694 0.507004
vt 0.100694 0.507004
vt 0.101394 0.525914
vt 0.100694 0.507004
vt 0.099509 0.529647
vt 0.088392 0.517475
vt 0.088901 0.512266
vt 0.100694 0.507004
vt 0.086537 0.506237
vt 0.083301 0.509301
vt 0.101506 0.533007
vt 0.106705 0.536434
vt 0.114452 0.537272
vt 0.123004 0.537814
vt 0.100694 0.507004
vt 0.086537 0.506237
vt 0.098052 0.498041
vt 0.121436 0.494434
vt 0.100694 0.507004
vt 0.098052 0.498041
vn 0.1822834 -0.02617719 -0.9828975
vn 0.05484379 -0.05031629 -0.9972263
vn 0.6921192 -0.1154536 -0.7124897
vn 0.6921192 -0.1154536 -0.7124897
vn 0.9424108 0.1474796 -0.3001858
vn 0.5758438 0.02289982 -0.8172389
vn 0.9849002 0.05953099 -0.1625657
vn 0.9005668 0.2157081 0.3774247
vn 0.8733374 0.1308005 0.4692258
vn 0.5572736 0.1412215 0.8182315
vn 0.4253777 0.04277068 0.9040046
vn 0.6026225 0.2507402 -0.7576116
vn 0.0144145 0.1412296 -0.9898719
vn 0.1822834 -0.02617719 -0.9828975
vn 0.4610546 0.2904473 0.838492
vn -0.1080948 0.01106986 0.994079
vn -0.1931722 0.2377019 0.9519361
vn 0.8414836 0.393365 0.3703636
vn 0.8808042 0.4119558 -0.233402
vn 0.419807 0.5031972 0.7553506
vn -0.2174555 0.3945548 0.8927708
vn 0.7756709 0.5627563 0.2857272
vn 0.7568525 0.6221381 -0.200296
vn 0.4988312 0.4835957 -0.7192376
vn -0.1658597 0.2894869 -0.9427025
vn 0.3615992 0.6770915 -0.6409315
vn -0.3321787 0.556633 -0.7614572
vn 0.2577807 0.7154883 0.649327
vn -0.3939243 0.5879216 0.706521
vn 0.6057602 0.7607667 0.2329994
vn 0.6212184 0.7526657 -0.2181332
vn -0.1450323 0.8569886 -0.494506
vn -0.4974382 0.6804736 -0.5380621
vn -0.0355845 0.9110467 0.4107646
vn -0.5192087 0.7638184 0.3834106
vn -0.8668064 0.4159827 0.2749639
vn -0.7931809 0.283282 0.5390876
vn -0.8094909 0.5747772 0.1198156
vn -0.9025475 0.425835 0.06381661
vn -0.9075536 0.3617155 -0.2133269
vn 0.3047265 0.9411768 0.1460409
vn 0.3059843 0.9368824 -0.1691892
vn -0.4699125 0.8750225 -0.116266
vn -0.3615353 0.6973741 -0.6188388
vn -0.5000768 0.4661408 -0.7298191
vn -0.7641778 0.3446134 -0.5452284
vn -0.5182966 0.221742 -0.8259534
vn -0.797618 0.1160856 -0.5918866
vn -0.5016387 0.04417677 -0.8639485
vn -0.9257352 0.2020338 -0.3196822
vn -0.8726346 0.4879346 -0.02070393
vn -0.9380375 0.3350149 0.08860347
vn -0.7321863 0.5062165 -0.4556842
vn -0.7031933 0.3712302 -0.6063887
vn -0.6188232 0.5828843 -0.5265964
vn -0.1080948 0.01106986 0.994079
vn 0.4253777 0.04277068 0.9040046
vn -0.0883925 -0.07373201 0.993353
vn -0.9380375 0.3350149 0.08860347
vn -0.4966637 0.8654698 -0.06547702
vn -0.3615353 0.6973741 -0.6188388
vn -0.4255856 0.8894313 -0.1667002
vn -0.4271116 0.7373302 -0.5233735
vn 0.1822834 -0.02617719 -0.9828975
vn 0.6921192 -0.1154536 -0.7124897
vn 0.5758438 0.02289982 -0.8172389
vn -0.553264 -0.1399892 -0.8211589
vn -0.670288 -0.1361177 -0.7295107
vn -0.7013091 -0.27226 -0.6588172
vn -0.372355 -0.05296868 -0.9265777
vn -0.8293944 -0.3005074 -0.4709566
vn -0.8729684 -0.1183216 -0.4732085
vn -0.9737965 -0.2122136 0.08176749
vn -0.9414154 -0.3021244 0.1498597
vn -0.6788016 -0.2224206 0.6998268
vn -0.7542402 -0.133007 0.6429858
vn -0.1080948 0.01106986 0.994079
vn -0.0883925 -0.07373201 0.993353
vn -0.5016387 0.04417677 -0.8639485
vn -0.7273571 -0.0153085 -0.6860883
vn -0.8996629 0.07442354 -0.430195
vn -0.9885883 0.07530635 0.1304688
vn -0.686626 0.1139436 0.7180262
vn -0.1931722 0.2377019 0.9519361
vn -0.797618 0.1160856 -0.5918866
vn -0.5182966 0.221742 -0.8259534
vn -0.9331669 0.2149215 -0.2881115
vn -0.9594234 0.2539783 -0.1224821
vn -0.7931809 0.283282 0.5390876
vn -0.7641778 0.3446134 -0.5452284
vn -0.9584434 0.1878352 -0.214719
vn -0.9075536 0.3617155 -0.2133269
vn -0.8668064 0.4159827 0.2749639
vn -0.1931722 0.2377019 0.9519361
vn -0.2174555 0.3945548 0.8927708
vn -0.3939243 0.5879216 0.706521
vn -0.9379371 0.2630094 -0.2260527
vn -0.8213382 0.2887627 -0.4919549
vn -0.9584434 0.1878352 -0.214719
vn -0.8389745 0.3782094 -0.3912535
vn -0.9380375 0.3350149 0.08860347
vn -0.8936139 0.4135112 0.174535
vn -0.9754455 0.1463914 -0.1645469
vn 0.4253777 0.04277068 0.9040046
vn -0.1080948 0.01106986 0.994079
vn 0.5572736 0.1412215 0.8182315
vn -0.670288 -0.1361177 -0.7295107
vn -0.8996629 0.07442354 -0.430195
vn -0.8729684 -0.1183216 -0.4732085
vn -0.7931809 0.283282 0.5390876
vn -0.1931722 0.2377019 0.9519361
vn -0.686626 0.1139436 0.7180262
vn -0.9584434 0.1878352 -0.214719
vn -0.9594234 0.2539783 -0.1224821
vn -0.9331669 0.2149215 -0.2881115
vn 0.0144145 0.1412296 -0.9898719
vn 0.1822834 -0.02617719 -0.9828975
vn 0.05484379 -0.05031629 -0.9972263
vn -0.372355 -0.05296868 -0.9265777
vn -0.553264 -0.1399892 -0.8211589
vn 0.05484379 -0.05031629 -0.9972263
vn -0.5062614 0.8097516 0.2966507
vn -0.516223 0.851288 0.09392916
vn -0.3707136 0.8865148 0.2768809
vn -0.7738865 0.6331633 0.0142773
vn -0.2673614 0.9448198 0.1892973
vn -0.3010814 0.9499756 0.08304567
vn -0.1843974 0.8782626 0.4411942
vn -0.218725 0.7737359 0.5945521
vn -0.08240673 0.9435524 0.3208083
vn 0.09890981 0.9917938 0.081006
vn -0.3113154 0.9474735 -0.07332654
vn -0.6223324 0.7526734 -0.2149074
vn -0.287559 0.9315188 -0.2226713
vn -0.5148043 0.6678696 -0.5375192
vn -0.7913014 0.4441038 -0.4202545
vn -0.5926335 0.3375648 -0.7313245
vn -0.1879982 0.9168431 -0.3522151
vn -0.2601691 0.5071299 -0.8216638
vn -0.1362988 0.5389665 -0.8312266
vn 0.2124929 0.8509977 -0.4802599
vn 0.4783349 0.7505835 -0.4558729
vn 0.3262709 0.4269309 -0.8433726
vn 0.08692517 0.618989 -0.7805745
vn 0.6430336 0.295233 -0.7066436
vn 0.8044837 0.350535 -0.4795115
vn 0.8453873 0.08804417 -0.5268477
vn 0.6901777 0.1121881 -0.7148905
vn 0.5795701 0.7807228 -0.2336031
vn 0.9712265 0.1689059 -0.1678988
vn 0.8714045 0.4767395 -0.1156445
vn 0.867604 0.458443 0.1925962
vn 0.9478754 0.2835334 0.1453996
vn 0.6020874 0.770521 0.209256
vn 0.5784005 0.8151674 0.03090343
vn 0.5179794 0.8059024 0.286738
vn 0.7832307 0.5500853 0.2897514
vn 0.3481292 0.8792021 0.325284
vn 0.5908733 0.6340962 0.4987893
vn 0.8519214 0.388401 0.3512472
vn 0.6639231 0.4926634 0.5625734
vn 0.2499465 0.6255876 0.7390311
vn 0.1061932 0.8280667 0.5504803
vn 0.09365238 0.9239658 0.3708319
vn -0.1330853 0.2410749 -0.9613383
vn -0.1362988 0.5389665 -0.8312266
vn 0.3255504 0.2636182 -0.9080321
vn -0.1330853 0.2410749 -0.9613383
vn -0.06027905 0.9565585 -0.2852405
vn 0.02370554 0.7997293 -0.5998925
vn 0.2468689 0.9061139 -0.3435311
vn -0.1636318 0.7275127 -0.6662958
vn 0.318415 0.7886449 -0.5259764
vn 0.4707666 0.8152248 -0.3373238
vn 0.2339165 0.9712573 -0.04407013
vn -0.0751155 0.976223 0.2033381
vn 0.5160933 0.8290243 -0.2153287
vn 0.6589332 0.6699062 -0.3421007
vn 0.3466773 0.7011551 -0.6230541
vn -0.002467709 0.688225 -0.7254931
vn 0.1519922 0.4359316 -0.8870524
vn -0.2057899 0.4831745 -0.8509952
vn 0.4536849 0.6234584 -0.6367649
vn 0.5126772 0.4614322 -0.7240458
vn 0.6572022 0.3148725 -0.6847923
vn 0.2653615 0.1252543 -0.9559784
vn 0.5467432 0.04004268 -0.8363423
vn 0.8209456 0.2702307 -0.5030146
vn 0.8082772 -0.02740974 -0.5881637
vn 0.9138728 0.008760842 -0.4059062
vn 0.8913099 -0.1184451 -0.4376501
vn 0.7889274 -0.1117847 -0.6042331
vn 0.8777071 0.3084154 -0.3667563
vn 0.8795299 0.4248994 -0.2142142
vn 0.9953142 -0.04611175 -0.08498981
vn 0.971501 0.1648506 -0.1703233
vn 0.9461652 0.2555403 0.1986722
vn 0.9224568 0.0879639 0.3759465
vn 0.8784382 0.4659987 -0.1057894
vn 0.7941442 0.276247 0.5413156
vn 0.8408428 0.3977532 0.367118
vn 0.6803675 0.3580302 0.6394641
vn 0.7456717 0.581992 0.3244365
vn 0.7440234 0.6680667 -0.01077149
vn 0.8346123 0.5506104 -0.01583031
vn 0.6607425 0.7502579 -0.02307425
vn 0.6507391 0.6140952 0.446571
vn 0.4129234 0.8646241 0.2862158
vn 0.4589982 0.580713 0.6723787
vn 0.1549752 0.8441882 0.5131558
vn 0.6009062 0.7884713 -0.1312432
vn 0.1214206 0.07087349 -0.9900677
vn 0.516152 0.03653818 -0.8557173
vn -0.1099144 0.1419311 -0.9837552
vn -0.3902988 0.7604816 0.5189745
vn -0.2212074 0.838674 0.4976878
vn -0.362371 0.6848765 0.6321641
vn -0.4907829 0.5818393 0.648533
vn -0.02132522 0.8813183 0.4720417
vn -0.06991133 0.8184126 0.5703623
vn -0.2879535 0.5858534 0.7575346
vn -0.5114727 0.3712012 0.7749873
vn 0.16203 0.6926449 0.7028437
vn 0.485496 0.7829061 0.3890394
vn 0.1516362 0.9517977 0.2666226
vn -0.09582648 0.9744041 0.2033565
vn 0.372739 0.9279234 -0.004860491
vn 0.2553512 0.9407872 -0.222969
vn -0.2137255 0.9762882 0.03439036
vn 0.4336613 0.8966016 -0.08968497
vn 0.4626341 0.7142468 -0.5251869
vn 0.2871441 0.8926668 -0.3474109
vn 0.5977641 0.7852369 -0.1614964
vn 0.5114229 0.4776971 -0.7143192
vn 0.2972379 0.4588592 -0.8373159
vn 0.3954817 0.7540661 -0.5243839
vn 0.3363031 0.09341662 -0.9371092
vn 0.7589859 0.6368743 -0.1353939
vn 0.7175235 0.1497936 -0.6802366
vn 0.9391604 0.09320403 -0.3305916
vn 0.7936962 0.5976101 0.1136154
vn 0.8129861 0.5222668 0.2574706
vn 0.999964 -0.007726911 -0.003529611
vn 0.7185612 0.4852372 0.4982114
vn 0.9562998 0.1868448 0.2248994
vn 0.9095265 -0.06942794 0.4098066
vn 0.6544279 0.4173355 0.6305197
vn 0.8089319 0.1682405 0.5633154
vn 0.6896674 -0.1262878 0.713029
vn 0.4589805 0.2993908 0.8364819
vn 0.5087926 0.5644794 0.6499947
vn 0.3079604 0.1840375 0.9334294
vn 0.2425674 0.5854875 0.7735409
vn -0.1950712 0.3363856 0.9212991
vn 0.2871441 0.8926668 -0.3474109
vn 0.2176579 0.8501709 -0.4794105
vn 0.2972379 0.4588592 -0.8373159
vn 0.8693599 -0.07160985 0.4889637
vn 0.9130717 -0.3828051 0.1405717
vn 0.9507397 -0.2586237 0.1709028
vn 0.9488682 -0.2186805 -0.2276574
vn 0.8064494 -0.3516132 -0.4754026
vn 0.8955429 -0.4221412 -0.1407118
vn 0.2030047 0.1801548 0.9624621
vn 0.1060858 -0.1670404 0.9802262
vn -0.2377504 -0.006914986 0.9713017
vn -0.1950712 0.3363856 0.9212991
vn -0.5114727 0.3712012 0.7749873
vn 0.1060858 -0.1670404 0.9802262
vn 0.594845 -0.08979013 0.7988098
vn 0.2038665 -0.1934946 0.9596866
vn 0.3079604 0.1840375 0.9334294
vn 0.9130717 -0.3828051 0.1405717
vn 0.6896674 -0.1262878 0.713029
vn 0.9095265 -0.06942794 0.4098066
vn 0.9445214 -0.272448 0.1834433
vn 0.8955429 -0.4221412 -0.1407118
vn 0.999964 -0.007726911 -0.003529611
vn 0.8064494 -0.3516132 -0.4754026
vn 0.9488682 -0.2186805 -0.2276574
vn 0.9391604 0.09320403 -0.3305916
vn 0.6678717 -0.217535 -0.7117766
vn 0.7175235 0.1497936 -0.6802366
vn 0.6678717 -0.217535 -0.7117766
vn -0.9010204 0.2592905 0.3477509
vn -0.4970638 0.5441914 0.6758574
vn -0.7908806 0.1941315 0.5803627
vn -0.6656265 0.6068529 0.4343626
vn -0.3770548 0.3260444 0.8669053
vn -0.9684594 0.2483841 -0.01979566
vn -0.8544155 0.4329138 0.2873322
vn -0.8609565 0.5083504 0.01827007
vn -0.9365048 0.3289665 -0.1214071
vn -0.7257671 0.5645395 -0.3931376
vn 0.4688958 0.3798069 0.797423
vn 0.1561751 0.2258535 0.961561
vn 0.01029975 0.4571406 0.8893347
vn 0.6078408 0.155484 0.7786875
vn 0.812932 0.09537762 0.5744952
vn 0.6857112 0.3939794 0.6120298
vn 0.2577622 0.6770123 0.6893569
vn -0.04663402 0.6775466 0.734
vn 0.3519911 0.7035782 0.6173167
vn 0.0813657 0.8553866 0.5115596
vn 0.4167646 0.7120182 0.5650994
vn 0.9588782 0.0355972 0.2815765
vn 0.8694419 0.3374371 0.3608422
vn 0.8055054 0.4381048 0.3990305
vn 0.9877651 -0.03813903 -0.151214
vn 0.4936555 0.7695103 0.4051645
vn 0.4792004 0.8603009 0.1739238
vn 0.756822 0.6492741 0.07525617
vn 0.7097478 0.691869 -0.1325721
vn 0.395762 0.917703 0.03454542
vn 0.4763852 0.7082257 -0.5210311
vn 0.3122206 0.9499938 0.005471245
vn 0.3064156 0.7120856 -0.6316988
vn -0.04150916 0.9731313 0.226478
vn 0.02682097 0.9703485 -0.2402173
vn -0.1771682 0.9387726 0.2954952
vn -0.4271127 0.9017539 -0.06644343
vn -0.06800359 0.9428992 -0.3260624
vn -0.4439319 0.8778317 0.1798224
vn -0.2023117 0.8650053 0.4591687
vn -0.189252 0.7871544 0.5870023
vn -0.4052668 0.7195213 0.5639574
vn -0.4970638 0.5441914 0.6758574
vn -0.1604609 0.7547606 0.6360729
vn -0.1772105 0.7186816 0.6723788
vn -0.1680075 0.5945351 0.7863215
vn -0.3770548 0.3260444 0.8669053
vn -0.7257671 0.5645395 -0.3931376
vn -0.2879987 0.8507298 -0.4396768
vn -0.6896445 0.7161012 0.1076551
vn 0.9540272 0.1292107 0.270438
vn 0.9702286 0.2263966 0.08602902
vn 0.8281235 0.4763229 -0.2955131
vn 0.8608105 0.501203 0.08832251
vn 0.8925108 0.01050685 -0.4509035
vn 0.8379751 -0.03469894 -0.5446042
vn 0.6554823 0.1343296 -0.7431679
vn 0.6565804 0.132984 -0.7424401
vn 0.4936555 0.7695103 0.4051645
vn 0.8608105 0.501203 0.08832251
vn 0.8694419 0.3374371 0.3608422
vn 0.6255947 0.5208123 -0.5808492
vn 0.2601192 0.3434715 -0.9024219
vn 0.6565804 0.132984 -0.7424401
vn 0.3064156 0.7120856 -0.6316988
vn 0.216665 0.6518582 -0.7267305
vn -0.2093431 0.6860551 -0.6967812
vn 0.2601192 0.3434715 -0.9024219
vn -0.2093431 0.6860551 -0.6967812
vn 0.3064156 0.7120856 -0.6316988
vn -0.06800359 0.9428992 -0.3260624
vn 0.1758579 0.967778 -0.180221
vn 0.4108467 0.7483538 -0.5207413
vn -0.7257671 0.5645395 -0.3931376
vn -0.2093431 0.6860551 -0.6967812
vn -0.2077644 0.9171815 -0.3400176
vn -0.2023117 0.8650053 0.4591687
vn -0.6656265 0.6068529 0.4343626
vn -0.5979654 0.782136 0.1752161
vn -0.7284064 0.3127437 0.6096029
vn -0.3861887 0.4471236 0.8068078
vn -0.6019056 0.06392054 0.7960048
vn -0.5329983 0.636687 0.5572633
vn -0.8662221 0.1421955 0.4789986
vn -0.7051452 -0.2813712 0.6508459
vn -0.9527673 -0.0623694 0.2972282
vn -0.7570761 -0.5081704 0.4106076
vn -0.9056712 -0.4199255 -0.05849857
vn -0.8249421 -0.5632583 -0.04701587
vn -0.9640305 -0.2128936 -0.1591271
vn -0.6772726 -0.444284 -0.5864415
vn -0.7381003 -0.0589625 -0.6721096
vn -0.4853081 -0.08879104 -0.8698231
vn -0.7028287 0.2183841 -0.6770082
vn -0.6612371 0.2727146 -0.6988507
vn -0.9640305 -0.2128936 -0.1591271
vn -0.9212456 0.3713863 -0.1156661
vn -0.9527673 -0.0623694 0.2972282
vn -0.8662221 0.1421955 0.4789986
vn -0.9437931 0.3304184 0.008861284
vn -0.9115941 0.4038795 0.07666662
vn -0.3050419 0.9058999 0.2937595
vn -0.1129331 0.9922544 -0.05174338
vn -0.08067175 0.9258574 0.3691613
vn 0.08234591 0.9955385 -0.04606688
vn -0.5023056 0.8520767 -0.1471542
vn -0.3861887 0.4471236 0.8068078
vn -0.007295351 0.8956702 -0.4446591
vn -0.3089116 0.9146619 -0.2607052
vn -0.6474119 0.7363764 -0.1964881
vn -0.7588985 0.5893917 -0.2769306
vn -0.531292 0.8377749 -0.1259445
vn -0.3286641 0.9287884 0.171266
vn -0.8018698 0.5766397 0.1564974
vn -0.5329983 0.636687 0.5572633
vn -0.3050419 0.9058999 0.2937595
vn -0.7284064 0.3127437 0.6096029
vn -0.8748522 0.4361198 0.2107917
vn -0.9115941 0.4038795 0.07666662
vn -0.423408 0.7709691 -0.4757439
vn -0.119621 0.7171105 -0.6866174
vn -0.7054421 0.6113273 -0.3586509
vn -0.7430204 0.6177592 -0.2574768
vn -0.03150867 0.6785424 -0.733885
vn -0.7387944 0.5909641 -0.323951
vn -0.815901 0.5407294 -0.2047371
vn -0.7569438 0.4841946 -0.4388526
vn -0.6612371 0.2727146 -0.6988507
vn -0.5799406 0.4977922 -0.6448812
vn -0.7028287 0.2183841 -0.6770082
vn -0.7314253 0.4660518 -0.4978079
vn -0.8210903 0.384125 -0.4222067
vn -0.7381003 -0.0589625 -0.6721096
vn -0.9314701 -0.04171375 -0.3614187
vn -0.9212456 0.3713863 -0.1156661
vn -0.9437931 0.3304184 0.008861284
vn -0.9527673 -0.0623694 0.2972282
vn -0.8662221 0.1421955 0.4789986
vn -0.29558 0.8655991 0.4041915
vn -0.3861887 0.4471236 0.8068078
vn -0.5329983 0.636687 0.5572633
vn -0.03150867 0.6785424 -0.733885
vn -0.35755 0.7732036 -0.5237502
vn -0.01512017 0.6200969 -0.7843795
vn -0.09757506 0.4603488 -0.8823593
vn -0.3880327 0.3892381 -0.8354186
vn -0.2764871 0.1832839 -0.9433779
vn -0.4899897 0.7514433 -0.4418631
vn -0.8148933 0.5661277 -0.1242909
vn -0.7544097 0.499092 -0.4263485
vn -0.6612371 0.2727146 -0.6988507
vn -0.2764871 0.1832839 -0.9433779
vn -0.5170134 0.439575 -0.7344868
vn -0.4853081 -0.08879104 -0.8698231
vn -0.8209643 0.5637712 0.09044194
vn -0.6235128 0.6445167 0.4425268
vn -0.9118338 0.1876645 0.3651593
vn -0.5519971 0.8252734 0.1192598
vn -0.507658 0.7873982 -0.3496962
vn -0.6618118 0.6244555 -0.4148017
vn -0.2793211 0.9514163 0.1295641
vn -0.2370218 0.8909407 -0.3873571
vn -0.2284742 0.9725716 0.04363547
vn -0.3920284 0.6735728 -0.6265887
vn -0.20097 0.8998763 -0.3870837
vn -0.1865806 0.9804003 -0.06326825
vn -0.3231237 0.804261 -0.4987536
vn -0.6746435 0.5179186 -0.5259434
vn 0.02479593 0.9296194 -0.3676861
vn 0.1082794 0.9878372 -0.1115937
vn -0.2284742 0.9725716 0.04363547
vn -0.07250518 0.9748186 0.2108827
vn -0.6235128 0.6445167 0.4425268
vn 0.2686513 0.9632283 -0.004214895
vn 0.3597386 0.8666344 -0.3457354
vn 0.004903087 0.8044727 -0.5939693
vn 0.3542633 0.7130535 -0.6050225
vn -0.3278438 0.6846132 -0.6510171
vn -0.3988825 0.6989667 -0.593581
vn 0.4582242 0.6073537 -0.6489623
vn 0.1919158 0.729977 -0.6559741
vn -0.209202 0.7921007 -0.5734206
vn -0.1802351 0.6057637 -0.7749617
vn -0.3739912 0.6694853 -0.6418101
vn -0.3634386 0.5619581 -0.7430447
vn -0.1953881 0.3092093 -0.9307056
vn 0.01218889 0.5550001 -0.8317609
vn 0.2488573 0.1579048 -0.9555815
vn -0.2457089 0.1391951 -0.9592975
vn -0.04596313 -0.09205431 -0.9946926
vn -0.3218484 0.5138592 -0.7952121
vn -0.4132075 0.007343366 -0.9106073
vn -0.465685 0.4798948 -0.7435311
vn -0.6520053 0.4890982 -0.579372
vn -0.6419789 0.1973308 -0.7408938
vn -0.6954832 0.4810855 -0.5337228
vn -0.9451336 0.07263061 -0.3185078
vn -0.8063245 -0.01219719 -0.5913475
vn -0.9401881 0.2936664 -0.1726453
vn 0.4582242 0.6073537 -0.6489623
vn 0.5102383 0.5960977 -0.619939
vn 0.2342523 0.4397206 -0.8670477
vn 0.4268618 0.4455999 -0.7869115
vn 0.2488573 0.1579048 -0.9555815
vn -0.3988825 0.6989667 -0.593581
vn -0.3457296 0.5681012 -0.7468146
vn -0.5247042 0.6649246 -0.5315644
vn 0.4582242 0.6073537 -0.6489623
vn 0.1178875 0.5218393 -0.8448587
vn 0.4268618 0.4455999 -0.7869115
vn -0.4132075 0.007343366 -0.9106073
vn -0.6905708 -0.4546483 -0.5625005
vn -0.2691595 -0.3071781 -0.9127951
vn -0.8063245 -0.01219719 -0.5913475
vn -0.2457089 0.1391951 -0.9592975
vn -0.04596313 -0.09205431 -0.9946926
vn -0.6905708 -0.4546483 -0.5625005
vn -0.863867 -0.2333662 -0.4464011
vn -0.9260256 -0.3617557 -0.1077471
vn -0.9451336 0.07263061 -0.3185078
vn -0.9764164 -0.1815772 0.1167932
vn -0.9401881 0.2936664 -0.1726453
vn -0.9118338 0.1876645 0.3651593
vn -0.8209643 0.5637712 0.09044194
vn -0.7506313 0.6086888 -0.2570029
vn -0.56565 0.4309788 -0.7030628
vn -0.5321975 0.6856791 -0.4965985
vn -0.5730519 0.7958329 -0.1956055
vn -0.2042714 0.7825937 -0.588065
vn -0.5559813 0.7827275 -0.2796828
vn -0.9110953 0.2419136 -0.3337414
vn -0.7506313 0.6086888 -0.2570029
vn -0.9299551 0.1188593 -0.3479309
vn 0.1574462 0.5686759 -0.8073527
vn -0.2201985 0.7032196 -0.6760139
vn -0.2732562 0.5291897 -0.803299
vn -0.02932487 0.4581676 -0.888382
vn 0.2761686 0.47369 -0.8362706
vn 0.3424388 0.5446054 -0.7655982
vn 0.1535789 0.5749267 -0.8036621
vn 0.2155824 0.8739596 -0.4355671
vn 0.6045712 0.6116002 -0.5103323
vn 0.3433093 0.5756396 -0.742144
vn 0.3338086 0.6066532 -0.7214872
vn -0.05425296 0.3520946 -0.9343908
vn 0.5991511 0.5712698 -0.5609533
vn 0.8387918 0.4797321 -0.2574595
vn 0.6317255 0.7750965 0.01217455
vn 0.4116303 0.8027022 -0.4315433
vn 0.485477 0.8706564 0.0791806
vn 0.902116 0.3183663 -0.2912552
vn 0.5991657 0.4963178 -0.628227
vn 0.3848187 0.5219064 -0.7612675
vn 0.3974983 0.4760287 -0.7844691
vn 0.7520512 0.3394891 -0.5649478
vn 0.4597586 0.4236411 -0.7804809
vn 0.6763402 0.2522705 -0.692043
vn 0.8581128 0.264235 -0.4402523
vn 0.9201583 0.316319 -0.2307616
vn 0.4774473 0.33908 -0.8105978
vn 0.6993177 0.2289606 -0.6771498
vn 0.438666 0.295678 -0.8486146
vn 0.6763647 0.04862979 -0.7349599
vn 0.8253379 0.08999857 -0.5574206
vn 0.686199 -0.3141188 -0.6560947
vn 0.3462689 -0.2539513 -0.9031094
vn 0.2600465 0.2779726 -0.92472
vn 0.04660867 0.004400705 -0.9989035
vn 0.02017419 0.3245597 -0.94565
vn -0.05992106 0.3245291 -0.9439758
vn -0.4776642 0.01256564 -0.8784527
vn -0.2085406 -0.1609078 -0.9646863
vn -0.4347641 0.2199225 -0.8732778
vn -0.5310313 0.1859497 -0.8266973
vn -0.4347641 0.2199225 -0.8732778
vn 0.3462689 -0.2539513 -0.9031094
vn -0.2506491 -0.6100233 -0.7516958
vn 0.2910059 -0.5928761 -0.7508751
vn -0.2085406 -0.1609078 -0.9646863
vn 0.686199 -0.3141188 -0.6560947
vn 0.6763647 0.04862979 -0.7349599
vn -0.2506491 -0.6100233 -0.7516958
vn -0.3959745 -0.3407781 -0.8526866
vn -0.682355 -0.3624798 -0.6348229
vn -0.4776642 0.01256564 -0.8784527
vn -0.8398179 -0.1136698 -0.5308344
vn -0.5310313 0.1859497 -0.8266973
vn -0.9299551 0.1188593 -0.3479309
vn -0.9299551 0.1188593 -0.3479309
vn -0.6759647 0.1039631 -0.7295638
vn -0.9110953 0.2419136 -0.3337414
vn -0.4365589 0.7839357 -0.4414308
vn -0.4167273 0.5900261 -0.6915255
vn -0.1922624 0.8080189 -0.5569028
vn -0.7371524 0.3667209 -0.5675579
vn -0.1619375 0.6481197 -0.7441216
vn -0.09772393 0.7105228 -0.6968553
vn -0.1192131 0.9541683 -0.2745013
vn 0.01575887 0.891183 -0.4533702
vn 0.04164831 0.8069328 -0.5891731
vn 0.1535939 0.6276212 -0.7632173
vn -0.1950931 0.5058103 -0.8402944
vn -0.5557337 0.2630475 -0.7886482
vn -0.2076407 0.4176473 -0.8845655
vn -0.4771985 0.02119039 -0.87854
vn -0.1278801 0.2852201 -0.9498927
vn -0.212761 -0.3024139 -0.9291278
vn 0.2184769 0.07771784 -0.9727423
vn 0.4847413 0.1475865 -0.8621161
vn 0.5977232 0.2423574 -0.7641922
vn 0.8441784 -0.1522928 -0.5139743
vn 0.5889617 -0.4130658 -0.6946228
vn 0.6190959 0.4445879 -0.64735
vn 0.8917481 0.1510682 -0.4265718
vn 0.6527306 0.5620794 -0.5079466
vn 0.9005775 0.3465803 -0.2623781
vn 0.9829416 -0.057146 -0.174815
vn 0.9685891 0.200809 -0.1466665
vn 0.8330043 0.4844515 -0.2672276
vn 0.9286762 0.3537888 -0.1113278
vn 0.7688509 0.6367353 -0.0586222
vn 0.5986391 0.7551798 -0.2670855
vn 0.3310566 0.9398393 -0.08428349
vn 0.1849605 0.9149795 -0.3586113
vn 0.4130915 0.7405449 -0.5300459
vn 0.1648931 0.8249587 -0.5406048
vn 0.5760182 0.6526191 -0.4922308
vn 0.8836095 -0.376775 -0.2779836
vn 0.8836095 -0.376775 -0.2779836
vn 0.5889617 -0.4130658 -0.6946228
vn 0.6185129 -0.6099914 -0.4953306
vn 0.8441784 -0.1522928 -0.5139743
vn 0.1423699 -0.7096241 -0.6900466
vn 0.1120783 -0.5116379 -0.8518597
vn -0.3275931 -0.5987108 -0.7309092
vn -0.212761 -0.3024139 -0.9291278
vn -0.5940652 -0.3446464 -0.7268462
vn -0.4771985 0.02119039 -0.87854
vn -0.7748064 -0.04564918 -0.6305481
vn -0.5557337 0.2630475 -0.7886482
vn -0.7371524 0.3667209 -0.5675579
vn 0.2184769 0.07771784 -0.9727423
vn 0.1120783 -0.5116379 -0.8518597
vn 0.05784358 0.8966756 -0.4388927
vn 0.089561 0.7201913 -0.6879705
vn 0.3220904 0.8356201 -0.4449684
vn -0.2749893 0.614869 -0.7391325
vn 0.3412815 0.6625021 -0.6667967
vn 0.4312254 0.71408 -0.551484
vn 0.3108964 0.9406247 -0.1362668
vn 0.4816077 0.8379576 -0.256673
vn 0.5346295 0.7528996 -0.3838144
vn 0.6474937 0.5494001 -0.5281208
vn 0.3198322 0.5475531 -0.7732354
vn -0.05604905 0.501085 -0.8635811
vn 0.01239848 0.2459097 -0.9692134
vn 0.3467468 0.4890446 -0.8003762
vn 0.3797384 0.3321416 -0.8634123
vn -0.4088647 0.2436237 -0.8794755
vn 0.5771111 0.1401314 -0.8045533
vn 0.05968047 -0.1485638 -0.9871002
vn 0.3864349 -0.4173874 -0.8224693
vn 0.8236597 -0.0006127701 -0.5670841
vn 0.7968832 -0.457591 -0.3944458
vn 0.9064296 0.03250414 -0.4211043
vn 0.9192687 -0.3740433 -0.1226243
vn 0.7937199 -0.5398812 -0.2802444
vn 0.9383683 0.2117092 -0.2732107
vn 0.9863812 -0.1636689 -0.01626903
vn 0.9448891 0.3068172 -0.114227
vn 0.9856066 0.01265596 0.1685804
vn 0.9010863 0.4182184 -0.1146161
vn 0.9729756 0.1655624 0.1609589
vn 0.8055486 0.5586889 -0.197378
vn 0.8574741 0.5014246 0.1153751
vn 0.8778709 0.3262055 0.3506177
vn 0.6099832 0.7645652 0.2082319
vn 0.5932736 0.7986083 -0.1012478
vn 0.9481935 0.006290122 0.317631
vn 0.6247914 0.7253225 -0.2890379
vn 0.9494771 -0.1501556 0.2755842
vn 0.8993502 -0.3824731 0.2118571
vn 0.8993502 -0.3824731 0.2118571
vn 0.9856066 0.01265596 0.1685804
vn 0.9863812 -0.1636689 -0.01626903
vn 0.9192687 -0.3740433 -0.1226243
vn 0.7806806 -0.6103271 0.1343086
vn 0.7937199 -0.5398812 -0.2802444
vn 0.7730889 -0.6148273 -0.1559516
vn 0.5630774 -0.7805367 -0.2714891
vn 0.4831032 -0.4251916 -0.7653911
vn 0.5980434 -0.6835641 -0.4184307
vn 0.3864349 -0.4173874 -0.8224693
vn 0.5630774 -0.7805367 -0.2714891
vn 0.7937199 -0.5398812 -0.2802444
vn -0.2529691 -0.3394073 -0.9059854
vn 0.3864349 -0.4173874 -0.8224693
vn 0.05968047 -0.1485638 -0.9871002
vn -0.3222089 -0.1244961 -0.9384466
vn 0.01239848 0.2459097 -0.9692134
vn 0.3342791 -0.3539199 -0.8734977
vn -0.2529691 -0.3394073 -0.9059854
vn -0.2205171 -0.2779933 -0.9349288
vn -0.3222089 -0.1244961 -0.9384466
vn 0.2431718 0.8914408 0.382362
vn 0.275362 0.9577574 -0.08292549
vn 0.4528644 0.8379968 0.304426
vn 0.07406336 0.9899794 -0.1202308
vn 0.6122914 0.7882126 -0.0618069
vn 0.4757184 0.8470383 -0.2371037
vn 0.5474871 0.5328321 0.6452503
vn 0.715329 0.5279375 0.4578061
vn 0.8026462 0.5786702 0.1445679
vn 0.8479671 0.338528 -0.4078609
vn 0.8327001 0.3784396 -0.4042202
vn 0.3268378 0.8282089 -0.455244
vn -0.1168981 0.8560554 -0.5034918
vn 0.2084348 0.7467892 -0.6315543
vn -0.1976251 0.6715473 -0.7141209
vn -0.4278641 0.6227983 -0.6550226
vn -0.2977074 0.7894796 -0.5367422
vn 0.1920257 0.5742046 -0.7958739
vn 0.8074218 0.4159961 -0.4183506
vn -0.1979965 0.3467947 -0.9168047
vn 0.2079811 0.1410792 -0.9679052
vn -0.2417756 0.2684163 -0.9324684
vn 0.05918389 -0.1211388 -0.9908696
vn 0.3518545 0.1003877 -0.9306561
vn 0.0591137 -0.1955664 -0.9789072
vn 0.9698803 0.09686734 0.2234927
vn 0.8892429 0.3765565 0.2597158
vn 0.7560458 0.2338675 0.6113107
vn 0.8826002 -0.135591 0.4501466
vn 0.6971777 0.186891 0.6921091
vn 0.9020104 -0.2164073 0.3735573
vn 0.9253553 -0.3719756 -0.0731547
vn 0.899003 0.1862137 -0.3963811
vn 0.8718888 -0.4181407 -0.2548891
vn 0.8592966 -0.3616153 -0.3617234
vn 0.8962907 0.2623347 -0.357552
vn 0.8479671 0.338528 -0.4078609
vn 0.6449562 -0.4097066 -0.6451139
vn 0.5211124 -0.2424092 -0.8183396
vn 0.4519076 0.02770538 -0.8916344
vn 0.1920257 0.5742046 -0.7958739
vn 0.3518545 0.1003877 -0.9306561
vn 0.8479671 0.338528 -0.4078609
vn 0.9007239 -0.4343885 0.00168785
vn 0.9020104 -0.2164073 0.3735573
vn 0.8740503 -0.4751748 0.1012169
vn 0.8826002 -0.135591 0.4501466
vn 0.9253553 -0.3719756 -0.0731547
vn 0.9698803 0.09686734 0.2234927
vn 0.8079833 -0.5716746 -0.1426575
vn 0.8043872 -0.5681823 -0.1735799
vn 0.675104 -0.6242328 -0.3931513
vn 0.6907733 -0.6231925 -0.3666924
vn 0.8718888 -0.4181407 -0.2548891
vn 0.8592966 -0.3616153 -0.3617234
vn 0.514994 -0.6030555 -0.6091841
vn 0.5118524 -0.5951347 -0.6195334
vn 0.3735133 -0.5042067 -0.7786292
vn 0.3235408 -0.4306111 -0.8425528
vn 0.6449562 -0.4097066 -0.6451139
vn 0.5211124 -0.2424092 -0.8183396
vn 0.0591137 -0.1955664 -0.9789072
vn 0.05918389 -0.1211388 -0.9908696
vn 0.3518545 0.1003877 -0.9306561
vn 0.1086986 0.8840382 0.4546
vn -0.0371907 0.6045355 0.7957096
vn -0.3247077 0.8835013 0.3376247
vn 0.2897589 0.7003497 0.652342
vn 0.251419 0.3862719 0.8874584
vn 0.3825622 0.5102586 0.7702482
vn 0.4505789 0.7962425 0.4037035
vn 0.4352938 0.8888771 0.1428876
vn 0.2980019 0.8725868 0.3870235
vn 0.5634796 0.6290162 0.5355645
vn 0.8049188 0.5881859 -0.07837819
vn 0.412663 0.8961722 -0.1630485
vn 0.2960357 0.8322369 -0.4687692
vn -0.1064804 0.9528758 -0.2840593
vn 0.2789491 0.9580071 0.06640612
vn 0.107352 0.6086079 -0.7861755
vn 0.64856 0.457177 0.6085712
vn 0.8553042 0.1926461 0.4809805
vn 0.983447 -0.1652177 0.07439827
vn 0.7837253 -0.1087951 0.611505
vn 0.4811366 0.229649 0.8460312
vn 0.4444887 0.1173357 0.8880664
vn 0.8365456 -0.158093 0.5245933
vn 0.1732439 0.8357064 -0.5211348
vn 0.7498356 0.6568935 -0.07897749
vn 0.8877351 0.4508486 -0.09306919
vn 0.9792285 -0.1630523 -0.1205221
vn 0.9497637 -0.1396369 -0.2800902
vn 0.8593034 0.5100297 -0.03830853
vn 0.8386363 -0.02822535 -0.54396
vn 0.7137511 0.1102893 -0.6916615
vn 0.5974919 0.3735209 -0.7095671
vn 0.5757571 -0.09329884 -0.8122802
vn 0.2791702 0.1953851 -0.9401535
vn 0.4925518 0.4359619 -0.7532131
vn 0.07995588 0.4582214 -0.8852345
vn 0.02789385 0.3534699 -0.9350299
vn 0.2946166 0.1219999 -0.9477959
vn 0.6284235 -0.1728366 -0.7584269
vn -0.2296605 0.5384352 -0.8107673
vn 0.1732439 0.8357064 -0.5211348
vn 0.4925518 0.4359619 -0.7532131
vn 0.3398974 0.473073 -0.8128172
vn -0.09107137 0.4292311 -0.8985915
vn -0.1064804 0.9528758 -0.2840593
vn -0.08167711 0.9125478 0.400731
vn -0.3247077 0.8835013 0.3376247
vn -0.3672315 0.9026638 -0.2243637
vn -0.2296605 0.5384352 -0.8107673
vn 0.2288891 0.8948191 -0.3832866
vn -0.004053265 0.4683782 -0.8835189
vn 0.1732439 0.8357064 -0.5211348
vn 0.07995588 0.4582214 -0.8852345
vn 0.3532672 0.4602363 -0.8144844
vn 0.1732439 0.8357064 -0.5211348
vn -0.1064804 0.9528758 -0.2840593
vn -0.3081601 0.6564217 -0.688584
vn -0.1258302 0.8759208 -0.4657568
vn 0.7586234 -0.3016365 -0.5774998
vn 0.6284235 -0.1728366 -0.7584269
vn 0.7696119 -0.2847884 -0.5714833
vn 0.9603524 -0.2505851 0.1221901
vn 0.8365456 -0.158093 0.5245933
vn 0.9253026 -0.3234609 0.1979604
vn 0.9333308 -0.3519497 -0.07088785
vn 0.7837253 -0.1087951 0.611505
vn 0.9253026 -0.3234609 0.1979604
vn 0.8365456 -0.158093 0.5245933
vn 0.983447 -0.1652177 0.07439827
vn 0.9333308 -0.3519497 -0.07088785
vn 0.9792285 -0.1630523 -0.1205221
vn 0.8752407 -0.3456242 -0.338375
vn 0.8854327 -0.3601646 -0.2937523
vn 0.9351242 -0.33998 -0.09978215
vn 0.9497637 -0.1396369 -0.2800902
vn 0.9603524 -0.2505851 0.1221901
vn 0.7696119 -0.2847884 -0.5714833
vn 0.7586234 -0.3016365 -0.5774998
vn 0.8386363 -0.02822535 -0.54396
vn 0.5757571 -0.09329884 -0.8122802
vn 0.6284235 -0.1728366 -0.7584269
vn 0.142715 0.3760932 -0.9155251
vn 0.4086154 0.7973166 -0.4442069
vn 0.3398974 0.473073 -0.8128172
vn -0.7207503 0.4023823 0.5644532
vn -0.8090013 0.1204274 0.5753382
vn -0.8315766 0.2959435 0.4699977
vn -0.8776146 0.05524676 0.4761727
vn -0.5426832 0.3537195 0.761825
vn -0.7478 -0.02450473 0.6634717
vn -0.8481534 -0.1734183 0.5005617
vn -0.4677386 0.1626533 0.8687719
vn -0.5553083 -0.2586973 0.790385
vn -0.2457984 -0.005471753 0.9693055
vn -0.0427969 0.01432546 0.9989811
vn -0.5564258 -0.5335675 0.6369429
vn -0.2437993 -0.449526 0.8593534
vn -0.2287848 -0.6487608 0.7257872
vn -0.1153907 -0.4283873 0.8961971
vn 0.2727368 -0.0506703 0.9607535
vn 0.3881572 -0.4870796 0.7823603
vn 0.5076906 -0.2049558 0.8368055
vn 0.0561887 -0.2944234 0.9540218
vn -0.1153907 -0.4283873 0.8961971
vn 0.1011621 -0.4836644 0.8693877
vn -0.2287848 -0.6487608 0.7257872
vn -0.1341415 -0.6582074 0.7407895
vn 0.6217268 -0.3332343 0.7088094
vn 0.8716726 -0.3420013 0.3510301
vn 0.8608277 -0.2884127 0.4192775
vn 0.6962614 -0.2889847 0.6570449
vn 0.7833698 -0.2765484 0.5566442
vn 0.9684248 -0.2489049 0.01413519
vn 0.9684248 -0.2489049 0.01413519
vn 0.8600121 -0.2957484 0.4158269
vn 0.8864197 0.007859483 0.4628157
vn 0.631239 -0.2329063 0.7397919
vn 0.2727368 -0.0506703 0.9607535
vn 0.4238791 0.1204988 0.8976672
vn 0.8935444 0.3930974 -0.2169168
vn 0.8984212 0.2925324 -0.3275119
vn 0.9644493 -0.04653139 -0.2601392
vn 0.9628481 0.2493387 0.1037009
vn 0.6864835 0.6188073 0.381861
vn 0.6269999 0.4797112 0.6137982
vn 0.9684248 -0.2489049 0.01413519
vn 0.8864197 0.007859483 0.4628157
vn 0.6169437 0.330449 0.7142716
vn 0.4238791 0.1204988 0.8976672
vn 0.6962614 -0.2889847 0.6570449
vn 0.1199223 0.49387 0.8612265
vn 0.2727368 -0.0506703 0.9607535
vn 0.4987027 0.7948721 0.34565
vn 0.6156763 0.5707172 -0.5433456
vn 0.633852 0.7344435 -0.2425372
vn 0.447732 0.7821374 -0.4333558
vn 0.4565387 0.8849002 -0.0923261
vn 0.2258359 0.9019158 0.3681657
vn 0.1825145 0.8828609 0.4327181
vn 0.3654807 0.9251085 -0.1029473
vn 0.1062359 0.988509 0.1075354
vn -0.2605266 0.7597036 0.5957989
vn 0.02800417 0.9796742 0.1986311
vn -0.3984335 0.5958564 0.6972847
vn -0.7207503 0.4023823 0.5644532
vn -0.5821944 0.708456 0.3989233
vn -0.09489759 0.9545135 0.2826627
vn -0.5343975 0.8270768 0.1742508
vn -0.8315766 0.2959435 0.4699977
vn -0.5426832 0.3537195 0.761825
vn -0.4677386 0.1626533 0.8687719
vn -0.2457984 -0.005471753 0.9693055
vn -0.0427969 0.01432546 0.9989811
vn 0.01011046 0.985098 0.1716962
vn -0.5343975 0.8270768 0.1742508
vn -0.3621463 0.9313614 0.0376307
vn 0.447732 0.7821374 -0.4333558
vn 0.4407369 0.8975471 0.01265444
vn 0.586142 0.7688057 -0.2556857
g NAX_SpiderNest_EggCluster5_1_0
f 3/3/3 2/2/2 1/1/1
f 6/6/6 5/5/5 4/4/4
f 7/7/7 4/4/4 5/5/5
f 5/5/5 8/8/8 7/7/7
f 9/9/9 7/7/7 8/8/8
f 8/8/8 10/10/10 9/9/9
f 11/11/11 9/9/9 10/10/10
f 12/12/12 5/5/5 6/6/6
f 12/12/12 6/6/6 13/13/13
f 6/6/6 14/14/14 13/13/13
f 10/10/10 8/8/8 15/15/15
f 15/15/15 16/16/16 10/10/10
f 16/16/16 15/15/15 17/17/17
f 18/18/18 15/15/15 8/8/8
f 8/8/8 5/5/5 18/18/18
f 19/19/19 18/18/18 5/5/5
f 12/12/12 19/19/19 5/5/5
f 20/20/20 17/17/17 15/15/15
f 15/15/15 18/18/18 20/20/20
f 17/17/17 20/20/20 21/21/21
f 22/22/22 20/20/20 18/18/18
f 18/18/18 19/19/19 22/22/22
f 23/23/23 22/22/22 19/19/19
f 24/24/24 23/23/23 19/19/19
f 24/24/24 19/19/19 12/12/12
f 12/12/12 13/13/13 24/24/24
f 25/25/25 24/24/24 13/13/13
f 24/24/24 25/25/25 26/26/26
f 27/27/27 26/26/26 25/25/25
f 28/28/28 21/21/21 20/20/20
f 28/28/28 29/29/29 21/21/21
f 28/28/28 20/20/20 30/30/30
f 22/22/22 30/30/30 20/20/20
f 22/22/22 23/23/23 30/30/30
f 31/31/31 30/30/30 23/23/23
f 23/23/23 24/24/24 31/31/31
f 26/26/26 31/31/31 24/24/24
f 26/26/26 27/27/27 32/32/32
f 33/33/33 32/32/32 27/27/27
f 28/28/28 34/34/34 29/29/29
f 35/35/35 29/29/29 34/34/34
f 35/35/35 36/36/36 29/29/29
f 36/36/36 37/37/37 29/29/29
f 35/35/35 38/38/38 36/36/36
f 38/38/38 39/39/39 36/36/36
f 40/40/40 36/36/36 39/39/39
f 41/41/41 28/28/28 30/30/30
f 34/34/34 28/28/28 41/41/41
f 30/30/30 31/31/31 41/41/41
f 42/42/42 41/41/41 31/31/31
f 31/31/31 26/26/26 42/42/42
f 32/32/32 42/42/42 26/26/26
f 43/43/43 32/32/32 33/33/33
f 43/43/43 39/39/39 38/38/38
f 43/43/43 38/38/38 35/35/35
f 43/43/43 35/35/35 34/34/34
f 43/43/43 34/34/34 41/41/41
f 43/43/43 41/41/41 42/42/42
f 43/43/43 42/42/42 32/32/32
f 43/43/43 33/33/33 44/44/44
f 44/44/44 33/33/33 45/45/45
f 45/45/45 46/46/46 44/44/44
f 45/45/45 47/47/47 46/46/46
f 47/47/47 48/48/48 46/46/46
f 25/25/25 47/47/47 45/45/45
f 47/47/47 25/25/25 49/49/49
f 13/13/13 49/49/49 25/25/25
f 45/45/45 27/27/27 25/25/25
f 27/27/27 45/45/45 33/33/33
f 40/40/40 51/51/51 50/50/50
f 43/43/43 53/53/53 52/52/52
f 55/55/55 44/44/44 54/54/54
f 58/58/58 57/57/57 56/56/56
f 60/60/60 59/59/59 39/39/39
f 63/63/63 62/62/62 61/61/61
f 66/66/66 65/65/65 64/64/64
f 69/69/69 68/68/68 67/67/67
f 70/70/70 67/67/67 68/68/68
f 69/69/69 71/71/71 68/68/68
f 72/72/72 68/68/68 71/71/71
f 72/72/72 71/71/71 73/73/73
f 74/74/74 73/73/73 71/71/71
f 74/74/74 75/75/75 73/73/73
f 76/76/76 73/73/73 75/75/75
f 77/77/77 76/76/76 75/75/75
f 77/77/77 75/75/75 78/78/78
f 70/70/70 68/68/68 79/79/79
f 80/80/80 79/79/79 68/68/68
f 80/80/80 68/68/68 81/81/81
f 72/72/72 73/73/73 81/81/81
f 82/82/82 81/81/81 73/73/73
f 73/73/73 76/76/76 82/82/82
f 83/83/83 82/82/82 76/76/76
f 76/76/76 77/77/77 83/83/83
f 84/84/84 83/83/83 77/77/77
f 79/79/79 80/80/80 85/85/85
f 80/80/80 81/81/81 85/85/85
f 86/86/86 79/79/79 85/85/85
f 87/87/87 85/85/85 81/81/81
f 82/82/82 88/88/88 81/81/81
f 87/87/87 81/81/81 88/88/88
f 88/88/88 82/82/82 89/89/89
f 83/83/83 89/89/89 82/82/82
f 85/85/85 87/87/87 90/90/90
f 91/91/91 90/90/90 87/87/87
f 92/92/92 91/91/91 88/88/88
f 92/92/92 88/88/88 93/93/93
f 89/89/89 93/93/93 88/88/88
f 95/95/95 89/89/89 94/94/94
f 95/95/95 96/96/96 89/89/89
f 98/98/98 91/91/91 97/97/97
f 101/101/101 100/100/100 99/99/99
f 101/101/101 103/103/103 102/102/102
f 106/106/106 105/105/105 104/104/104
f 109/109/109 108/108/108 107/107/107
f 112/112/112 111/111/111 110/110/110
f 115/115/115 114/114/114 113/113/113
f 117/117/117 70/70/70 116/116/116
f 79/79/79 116/116/116 70/70/70
f 117/117/117 118/118/118 70/70/70
f 121/121/121 120/120/120 119/119/119
f 124/124/124 123/123/123 122/122/122
f 125/125/125 122/122/122 123/123/123
f 126/126/126 123/123/123 124/124/124
f 127/127/127 123/123/123 126/126/126
f 124/124/124 122/122/122 128/128/128
f 129/129/129 128/128/128 122/122/122
f 126/126/126 124/124/124 130/130/130
f 128/128/128 130/130/130 124/124/124
f 130/130/130 131/131/131 126/126/126
f 131/131/131 127/127/127 126/126/126
f 127/127/127 131/131/131 132/132/132
f 132/132/132 123/123/123 127/127/127
f 125/125/125 123/123/123 133/133/133
f 133/133/133 123/123/123 132/132/132
f 132/132/132 134/134/134 133/133/133
f 131/131/131 134/134/134 132/132/132
f 135/135/135 133/133/133 134/134/134
f 133/133/133 135/135/135 136/136/136
f 125/125/125 133/133/133 136/136/136
f 137/137/137 136/136/136 135/135/135
f 134/134/134 131/131/131 138/138/138
f 134/134/134 138/138/138 135/135/135
f 139/139/139 137/137/137 135/135/135
f 138/138/138 140/140/140 135/135/135
f 138/138/138 141/141/141 140/140/140
f 131/131/131 141/141/141 138/138/138
f 141/141/141 131/131/131 142/142/142
f 141/141/141 142/142/142 143/143/143
f 143/143/143 144/144/144 141/141/141
f 145/145/145 143/143/143 142/142/142
f 146/146/146 145/145/145 142/142/142
f 145/145/145 146/146/146 147/147/147
f 145/145/145 147/147/147 148/148/148
f 142/142/142 149/149/149 146/146/146
f 147/147/147 146/146/146 150/150/150
f 151/151/151 150/150/150 146/146/146
f 146/146/146 149/149/149 151/151/151
f 151/151/151 152/152/152 150/150/150
f 153/153/153 150/150/150 152/152/152
f 152/152/152 151/151/151 154/154/154
f 155/155/155 154/154/154 151/151/151
f 155/155/155 151/151/151 149/149/149
f 149/149/149 131/131/131 155/155/155
f 131/131/131 149/149/149 142/142/142
f 131/131/131 154/154/154 155/155/155
f 154/154/154 131/131/131 156/156/156
f 156/156/156 152/152/152 154/154/154
f 152/152/152 157/157/157 153/153/153
f 152/152/152 156/156/156 157/157/157
f 156/156/156 158/158/158 157/157/157
f 131/131/131 158/158/158 156/156/156
f 159/159/159 157/157/157 158/158/158
f 157/157/157 159/159/159 160/160/160
f 157/157/157 160/160/160 153/153/153
f 161/161/161 160/160/160 159/159/159
f 161/161/161 159/159/159 162/162/162
f 162/162/162 159/159/159 163/163/163
f 163/163/163 159/159/159 158/158/158
f 163/163/163 158/158/158 164/164/164
f 164/164/164 158/158/158 131/131/131
f 128/128/128 163/163/163 164/164/164
f 130/130/130 128/128/128 164/164/164
f 131/131/131 130/130/130 164/164/164
f 129/129/129 163/163/163 128/128/128
f 163/163/163 129/129/129 162/162/162
f 166/166/166 143/143/143 165/165/165
f 167/167/167 165/165/165 143/143/143
f 143/143/143 145/145/145 167/167/167
f 148/148/148 167/167/167 145/145/145
f 137/137/137 139/139/139 168/168/168
f 171/171/171 170/170/170 169/169/169
f 172/172/172 169/169/169 170/170/170
f 170/170/170 171/171/171 173/173/173
f 174/174/174 173/173/173 171/171/171
f 171/171/171 169/169/169 175/175/175
f 176/176/176 175/175/175 169/169/169
f 174/174/174 171/171/171 177/177/177
f 175/175/175 177/177/177 171/171/171
f 177/177/177 178/178/178 174/174/174
f 178/178/178 173/173/173 174/174/174
f 173/173/173 178/178/178 179/179/179
f 170/170/170 180/180/180 172/172/172
f 170/170/170 173/173/173 180/180/180
f 179/179/179 180/180/180 173/173/173
f 179/179/179 181/181/181 180/180/180
f 180/180/180 181/181/181 182/182/182
f 180/180/180 182/182/182 172/172/172
f 179/179/179 183/183/183 181/181/181
f 178/178/178 183/183/183 179/179/179
f 183/183/183 178/178/178 184/184/184
f 184/184/184 181/181/181 183/183/183
f 178/178/178 185/185/185 184/184/184
f 184/184/184 185/185/185 186/186/186
f 181/181/181 184/184/184 186/186/186
f 187/187/187 186/186/186 185/185/185
f 185/185/185 178/178/178 188/188/188
f 188/188/188 189/189/189 185/185/185
f 187/187/187 185/185/185 189/189/189
f 190/190/190 189/189/189 188/188/188
f 191/191/191 189/189/189 190/190/190
f 189/189/189 191/191/191 192/192/192
f 189/189/189 192/192/192 187/187/187
f 188/188/188 193/193/193 190/190/190
f 178/178/178 193/193/193 188/188/188
f 193/193/193 178/178/178 194/194/194
f 191/191/191 190/190/190 195/195/195
f 196/196/196 195/195/195 190/190/190
f 194/194/194 196/196/196 193/193/193
f 190/190/190 193/193/193 196/196/196
f 196/196/196 197/197/197 195/195/195
f 198/198/198 195/195/195 197/197/197
f 194/194/194 199/199/199 196/196/196
f 197/197/197 196/196/196 199/199/199
f 178/178/178 199/199/199 194/194/194
f 198/198/198 197/197/197 200/200/200
f 201/201/201 200/200/200 197/197/197
f 200/200/200 201/201/201 202/202/202
f 203/203/203 202/202/202 201/201/201
f 203/203/203 201/201/201 204/204/204
f 205/205/205 204/204/204 201/201/201
f 205/205/205 197/197/197 199/199/199
f 201/201/201 197/197/197 205/205/205
f 199/199/199 178/178/178 205/205/205
f 178/178/178 204/204/204 205/205/205
f 204/204/204 178/178/178 206/206/206
f 204/204/204 206/206/206 203/203/203
f 203/203/203 207/207/207 202/202/202
f 207/207/207 203/203/203 206/206/206
f 208/208/208 207/207/207 206/206/206
f 207/207/207 208/208/208 209/209/209
f 209/209/209 202/202/202 207/207/207
f 210/210/210 209/209/209 208/208/208
f 206/206/206 211/211/211 208/208/208
f 206/206/206 178/178/178 211/211/211
f 175/175/175 208/208/208 211/211/211
f 211/211/211 177/177/177 175/175/175
f 178/178/178 177/177/177 211/211/211
f 176/176/176 208/208/208 175/175/175
f 208/208/208 176/176/176 210/210/210
f 213/213/213 212/212/212 187/187/187
f 213/213/213 187/187/187 192/192/192
f 186/186/186 187/187/187 212/212/212
f 214/214/214 186/186/186 212/212/212
f 214/214/214 181/181/181 186/186/186
f 214/214/214 182/182/182 181/181/181
f 217/217/217 216/216/216 215/215/215
f 217/217/217 215/215/215 218/218/218
f 216/216/216 217/217/217 219/219/219
f 220/220/220 219/219/219 217/217/217
f 217/217/217 218/218/218 221/221/221
f 221/221/221 220/220/220 217/217/217
f 222/222/222 221/221/221 218/218/218
f 220/220/220 221/221/221 223/223/223
f 223/223/223 224/224/224 220/220/220
f 224/224/224 219/219/219 220/220/220
f 219/219/219 224/224/224 225/225/225
f 219/219/219 225/225/225 216/216/216
f 216/216/216 226/226/226 215/215/215
f 226/226/226 216/216/216 225/225/225
f 225/225/225 227/227/227 226/226/226
f 224/224/224 227/227/227 225/225/225
f 228/228/228 226/226/226 227/227/227
f 226/226/226 228/228/228 229/229/229
f 229/229/229 215/215/215 226/226/226
f 227/227/227 224/224/224 230/230/230
f 230/230/230 231/231/231 227/227/227
f 232/232/232 227/227/227 231/231/231
f 230/230/230 233/233/233 231/231/231
f 224/224/224 233/233/233 230/230/230
f 234/234/234 231/231/231 233/233/233
f 231/231/231 234/234/234 235/235/235
f 231/231/231 235/235/235 236/236/236
f 237/237/237 235/235/235 234/234/234
f 233/233/233 224/224/224 238/238/238
f 238/238/238 234/234/234 233/233/233
f 237/237/237 234/234/234 239/239/239
f 239/239/239 234/234/234 238/238/238
f 240/240/240 239/239/239 238/238/238
f 241/241/241 240/240/240 238/238/238
f 241/241/241 242/242/242 240/240/240
f 241/241/241 224/224/224 242/242/242
f 224/224/224 241/241/241 238/238/238
f 243/243/243 240/240/240 242/242/242
f 224/224/224 244/244/244 242/242/242
f 242/242/242 244/244/244 245/245/245
f 246/246/246 245/245/245 244/244/244
f 244/244/244 224/224/224 247/247/247
f 244/244/244 247/247/247 248/248/248
f 248/248/248 247/247/247 249/249/249
f 247/247/247 250/250/250 249/249/249
f 224/224/224 251/251/251 247/247/247
f 247/247/247 251/251/251 252/252/252
f 253/253/253 251/251/251 224/224/224
f 251/251/251 253/253/253 252/252/252
f 254/254/254 252/252/252 253/253/253
f 221/221/221 254/254/254 253/253/253
f 223/223/223 221/221/221 253/253/253
f 224/224/224 223/223/223 253/253/253
f 221/221/221 222/222/222 254/254/254
f 256/256/256 229/229/229 255/255/255
f 256/256/256 255/255/255 257/257/257
f 260/260/260 259/259/259 258/258/258
f 263/263/263 262/262/262 261/261/261
f 266/266/266 265/265/265 264/264/264
f 266/266/266 264/264/264 267/267/267
f 268/268/268 266/266/266 267/267/267
f 271/271/271 270/270/270 269/269/269
f 272/272/272 269/269/269 270/270/270
f 275/275/275 274/274/274 273/273/273
f 273/273/273 277/277/277 276/276/276
f 278/278/278 276/276/276 277/277/277
f 281/281/281 280/280/280 279/279/279
f 279/279/279 282/282/282 281/281/281
f 283/283/283 281/281/281 282/282/282
f 237/237/237 239/239/239 284/284/284
f 287/287/287 286/286/286 285/285/285
f 288/288/288 285/285/285 286/286/286
f 289/289/289 286/286/286 287/287/287
f 285/285/285 291/291/291 290/290/290
f 292/292/292 290/290/290 291/291/291
f 294/294/294 290/290/290 293/293/293
f 297/297/297 296/296/296 295/295/295
f 298/298/298 295/295/295 296/296/296
f 298/298/298 299/299/299 295/295/295
f 300/300/300 295/295/295 299/299/299
f 295/295/295 301/301/301 297/297/297
f 301/301/301 302/302/302 297/297/297
f 301/301/301 295/295/295 303/303/303
f 300/300/300 303/303/303 295/295/295
f 302/302/302 301/301/301 304/304/304
f 304/304/304 301/301/301 303/303/303
f 305/305/305 304/304/304 303/303/303
f 303/303/303 300/300/300 305/305/305
f 299/299/299 306/306/306 300/300/300
f 307/307/307 300/300/300 306/306/306
f 308/308/308 305/305/305 300/300/300
f 306/306/306 309/309/309 307/307/307
f 310/310/310 305/305/305 308/308/308
f 304/304/304 305/305/305 310/310/310
f 311/311/311 304/304/304 310/310/310
f 310/310/310 312/312/312 311/311/311
f 313/313/313 311/311/311 312/312/312
f 311/311/311 313/313/313 314/314/314
f 304/304/304 311/311/311 314/314/314
f 315/315/315 314/314/314 313/313/313
f 316/316/316 304/304/304 314/314/314
f 314/314/314 315/315/315 316/316/316
f 317/317/317 316/316/316 315/315/315
f 304/304/304 316/316/316 318/318/318
f 318/318/318 316/316/316 319/319/319
f 320/320/320 304/304/304 318/318/318
f 320/320/320 318/318/318 321/321/321
f 318/318/318 322/322/322 321/321/321
f 321/321/321 323/323/323 320/320/320
f 324/324/324 320/320/320 323/323/323
f 304/304/304 320/320/320 324/324/324
f 325/325/325 304/304/304 324/324/324
f 324/324/324 326/326/326 325/325/325
f 326/326/326 327/327/327 325/325/325
f 328/328/328 325/325/325 327/327/327
f 304/304/304 325/325/325 328/328/328
f 329/329/329 304/304/304 328/328/328
f 328/328/328 327/327/327 330/330/330
f 329/329/329 328/328/328 330/330/330
f 330/330/330 327/327/327 331/331/331
f 329/329/329 330/330/330 302/302/302
f 304/304/304 329/329/329 302/302/302
f 302/302/302 330/330/330 297/297/297
f 330/330/330 331/331/331 297/297/297
f 297/297/297 331/331/331 296/296/296
f 321/321/321 333/333/333 332/332/332
f 321/321/321 332/332/332 334/334/334
f 336/336/336 335/335/335 309/309/309
f 338/338/338 309/309/309 337/337/337
f 340/340/340 339/339/339 309/309/309
f 339/339/339 340/340/340 341/341/341
f 341/341/341 340/340/340 342/342/342
f 345/345/345 344/344/344 343/343/343
f 348/348/348 347/347/347 346/346/346
f 349/349/349 346/346/346 347/347/347
f 352/352/352 351/351/351 350/350/350
f 355/355/355 354/354/354 353/353/353
f 357/357/357 356/356/356 316/316/316
f 360/360/360 359/359/359 358/358/358
f 363/363/363 362/362/362 361/361/361
f 366/366/366 365/365/365 364/364/364
f 367/367/367 364/364/364 365/365/365
f 364/364/364 368/368/368 366/366/366
f 369/369/369 366/366/366 368/368/368
f 368/368/368 370/370/370 369/369/369
f 371/371/371 369/369/369 370/370/370
f 372/372/372 371/371/371 370/370/370
f 371/371/371 372/372/372 373/373/373
f 375/375/375 373/373/373 374/374/374
f 376/376/376 375/375/375 374/374/374
f 375/375/375 376/376/376 377/377/377
f 378/378/378 377/377/377 376/376/376
f 378/378/378 379/379/379 377/377/377
f 382/382/382 381/381/381 380/380/380
f 385/385/385 384/384/384 383/383/383
f 388/388/388 387/387/387 386/386/386
f 387/387/387 388/388/388 389/389/389
f 390/390/390 386/386/386 387/387/387
f 388/388/388 386/386/386 391/391/391
f 387/387/387 389/389/389 392/392/392
f 393/393/393 387/387/387 392/392/392
f 390/390/390 387/387/387 393/393/393
f 394/394/394 390/390/390 393/393/393
f 394/394/394 395/395/395 390/390/390
f 395/395/395 396/396/396 390/390/390
f 390/390/390 396/396/396 397/397/397
f 396/396/396 395/395/395 398/398/398
f 398/398/398 399/399/399 396/396/396
f 400/400/400 396/396/396 399/399/399
f 401/401/401 399/399/399 398/398/398
f 402/402/402 401/401/401 398/398/398
f 395/395/395 402/402/402 398/398/398
f 402/402/402 395/395/395 403/403/403
f 393/393/393 392/392/392 404/404/404
f 393/393/393 404/404/404 394/394/394
f 392/392/392 405/405/405 404/404/404
f 406/406/406 394/394/394 404/404/404
f 395/395/395 394/394/394 406/406/406
f 407/407/407 395/395/395 406/406/406
f 406/406/406 404/404/404 407/407/407
f 405/405/405 408/408/408 404/404/404
f 395/395/395 407/407/407 409/409/409
f 409/409/409 407/407/407 410/410/410
f 411/411/411 395/395/395 409/409/409
f 409/409/409 412/412/412 411/411/411
f 412/412/412 409/409/409 413/413/413
f 412/412/412 414/414/414 411/411/411
f 415/415/415 411/411/411 414/414/414
f 415/415/415 414/414/414 416/416/416
f 416/416/416 395/395/395 415/415/415
f 395/395/395 411/411/411 415/415/415
f 417/417/417 416/416/416 414/414/414
f 417/417/417 418/418/418 416/416/416
f 419/419/419 416/416/416 418/418/418
f 395/395/395 416/416/416 419/419/419
f 420/420/420 395/395/395 419/419/419
f 419/419/419 421/421/421 420/420/420
f 421/421/421 422/422/422 420/420/420
f 395/395/395 420/420/420 403/403/403
f 403/403/403 422/422/422 402/402/402
f 401/401/401 402/402/402 422/422/422
f 425/425/425 424/424/424 423/423/423
f 428/428/428 427/427/427 426/426/426
f 426/426/426 429/429/429 428/428/428
f 430/430/430 428/428/428 429/429/429
f 431/431/431 430/430/430 429/429/429
f 433/433/433 407/407/407 432/432/432
f 433/433/433 434/434/434 407/407/407
f 437/437/437 436/436/436 435/435/435
f 436/436/436 438/438/438 435/435/435
f 441/441/441 440/440/440 439/439/439
f 442/442/442 439/439/439 440/440/440
f 439/439/439 442/442/442 443/443/443
f 443/443/443 444/444/444 439/439/439
f 442/442/442 440/440/440 445/445/445
f 443/443/443 442/442/442 446/446/446
f 447/447/447 446/446/446 442/442/442
f 446/446/446 448/448/448 443/443/443
f 448/448/448 444/444/444 443/443/443
f 448/448/448 446/446/446 449/449/449
f 446/446/446 450/450/450 449/449/449
f 451/451/451 448/448/448 449/449/449
f 444/444/444 448/448/448 452/452/452
f 451/451/451 449/449/449 453/453/453
f 453/453/453 449/449/449 454/454/454
f 454/454/454 449/449/449 455/455/455
f 455/455/455 456/456/456 454/454/454
f 456/456/456 455/455/455 457/457/457
f 458/458/458 454/454/454 456/456/456
f 454/454/454 458/458/458 459/459/459
f 453/453/453 454/454/454 459/459/459
f 460/460/460 453/453/453 459/459/459
f 453/453/453 460/460/460 451/451/451
f 460/460/460 459/459/459 461/461/461
f 462/462/462 451/451/451 460/460/460
f 448/448/448 451/451/451 462/462/462
f 463/463/463 448/448/448 462/462/462
f 462/462/462 460/460/460 463/463/463
f 464/464/464 460/460/460 461/461/461
f 465/465/465 460/460/460 464/464/464
f 466/466/466 463/463/463 460/460/460
f 468/468/468 463/463/463 467/467/467
f 448/448/448 463/463/463 468/468/468
f 469/469/469 448/448/448 468/468/468
f 468/468/468 470/470/470 469/469/469
f 470/470/470 468/468/468 471/471/471
f 471/471/471 472/472/472 470/470/470
f 470/470/470 473/473/473 469/469/469
f 473/473/473 470/470/470 474/474/474
f 472/472/472 474/474/474 470/470/470
f 475/475/475 469/469/469 473/473/473
f 448/448/448 469/469/469 475/475/475
f 475/475/475 473/473/473 476/476/476
f 477/477/477 475/475/475 476/476/476
f 477/477/477 448/448/448 475/475/475
f 448/448/448 477/477/477 478/478/478
f 478/478/478 477/477/477 479/479/479
f 476/476/476 479/479/479 477/477/477
f 480/480/480 448/448/448 478/478/478
f 478/478/478 481/481/481 480/480/480
f 481/481/481 478/478/478 482/482/482
f 481/481/481 483/483/483 480/480/480
f 452/452/452 480/480/480 483/483/483
f 448/448/448 480/480/480 452/452/452
f 452/452/452 483/483/483 444/444/444
f 439/439/439 444/444/444 483/483/483
f 486/486/486 485/485/485 484/484/484
f 488/488/488 486/486/486 487/487/487
f 491/491/491 490/490/490 489/489/489
f 494/494/494 493/493/493 492/492/492
f 497/497/497 496/496/496 495/495/495
f 498/498/498 495/495/495 496/496/496
f 495/495/495 499/499/499 497/497/497
f 497/497/497 499/499/499 500/500/500
f 503/503/503 502/502/502 501/501/501
f 504/504/504 502/502/502 503/503/503
f 503/503/503 505/505/505 504/504/504
f 506/506/506 504/504/504 505/505/505
f 506/506/506 505/505/505 507/507/507
f 508/508/508 506/506/506 507/507/507
f 511/511/511 510/510/510 509/509/509
f 511/511/511 509/509/509 512/512/512
f 514/514/514 513/513/513 509/509/509
f 517/517/517 516/516/516 515/515/515
f 520/520/520 519/519/519 518/518/518
f 521/521/521 520/520/520 518/518/518
f 522/522/522 521/521/521 518/518/518
f 523/523/523 522/522/522 518/518/518
f 518/518/518 524/524/524 523/523/523
f 525/525/525 523/523/523 524/524/524
f 525/525/525 526/526/526 523/523/523
f 527/527/527 523/523/523 526/526/526
f 522/522/522 523/523/523 527/527/527
f 528/528/528 522/522/522 527/527/527
f 521/521/521 522/522/522 529/529/529
f 527/527/527 526/526/526 530/530/530
f 528/528/528 527/527/527 530/530/530
f 530/530/530 526/526/526 531/531/531
f 532/532/532 531/531/531 526/526/526
f 526/526/526 533/533/533 532/532/532
f 534/534/534 532/532/532 533/533/533
f 531/531/531 535/535/535 530/530/530
f 536/536/536 530/530/530 535/535/535
f 536/536/536 537/537/537 530/530/530
f 528/528/528 530/530/530 537/537/537
f 522/522/522 528/528/528 537/537/537
f 538/538/538 522/522/522 537/537/537
f 537/537/537 536/536/536 538/538/538
f 536/536/536 535/535/535 539/539/539
f 539/539/539 538/538/538 536/536/536
f 538/538/538 539/539/539 540/540/540
f 522/522/522 538/538/538 540/540/540
f 541/541/541 540/540/540 539/539/539
f 541/541/541 539/539/539 542/542/542
f 543/543/543 542/542/542 539/539/539
f 543/543/543 539/539/539 535/535/535
f 544/544/544 522/522/522 540/540/540
f 540/540/540 541/541/541 544/544/544
f 541/541/541 542/542/542 545/545/545
f 545/545/545 544/544/544 541/541/541
f 546/546/546 544/544/544 545/545/545
f 522/522/522 544/544/544 546/546/546
f 546/546/546 545/545/545 547/547/547
f 545/545/545 548/548/548 547/547/547
f 548/548/548 545/545/545 542/542/542
f 549/549/549 547/547/547 548/548/548
f 546/546/546 547/547/547 550/550/550
f 551/551/551 546/546/546 550/550/550
f 551/551/551 522/522/522 546/546/546
f 550/550/550 552/552/552 551/551/551
f 553/553/553 551/551/551 552/552/552
f 522/522/522 551/551/551 553/553/553
f 554/554/554 522/522/522 553/553/553
f 553/553/553 555/555/555 554/554/554
f 555/555/555 553/553/553 556/556/556
f 555/555/555 557/557/557 554/554/554
f 529/529/529 554/554/554 558/558/558
f 522/522/522 554/554/554 529/529/529
f 529/529/529 558/558/558 521/521/521
f 520/520/520 521/521/521 559/559/559
f 562/562/562 561/561/561 560/560/560
f 563/563/563 560/560/560 561/561/561
f 562/562/562 560/560/560 564/564/564
f 565/565/565 564/564/564 560/560/560
f 568/568/568 567/567/567 566/566/566
f 567/567/567 568/568/568 569/569/569
f 568/568/568 570/570/570 569/569/569
f 571/571/571 569/569/569 570/570/570
f 571/571/571 570/570/570 572/572/572
f 575/575/575 574/574/574 573/573/573
f 578/578/578 577/577/577 576/576/576
f 579/579/579 576/576/576 577/577/577
f 577/577/577 578/578/578 580/580/580
f 581/581/581 580/580/580 578/578/578
f 578/578/578 576/576/576 582/582/582
f 583/583/583 578/578/578 582/582/582
f 581/581/581 578/578/578 584/584/584
f 583/583/583 584/584/584 578/578/578
f 584/584/584 585/585/585 581/581/581
f 585/585/585 580/580/580 581/581/581
f 580/580/580 585/585/585 586/586/586
f 580/580/580 586/586/586 577/577/577
f 577/577/577 587/587/587 579/579/579
f 577/577/577 586/586/586 587/587/587
f 586/586/586 588/588/588 587/587/587
f 585/585/585 588/588/588 586/586/586
f 589/589/589 587/587/587 588/588/588
f 588/588/588 585/585/585 590/590/590
f 590/590/590 589/589/589 588/588/588
f 589/589/589 590/590/590 591/591/591
f 590/590/590 592/592/592 591/591/591
f 585/585/585 592/592/592 590/590/590
f 592/592/592 585/585/585 593/593/593
f 585/585/585 594/594/594 593/593/593
f 593/593/593 594/594/594 595/595/595
f 595/595/595 596/596/596 593/593/593
f 593/593/593 596/596/596 592/592/592
f 594/594/594 585/585/585 597/597/597
f 595/595/595 594/594/594 598/598/598
f 597/597/597 598/598/598 594/594/594
f 597/597/597 599/599/599 598/598/598
f 585/585/585 599/599/599 597/597/597
f 600/600/600 598/598/598 599/599/599
f 598/598/598 600/600/600 601/601/601
f 598/598/598 601/601/601 595/595/595
f 602/602/602 601/601/601 600/600/600
f 603/603/603 602/602/602 600/600/600
f 604/604/604 602/602/602 603/603/603
f 604/604/604 603/603/603 605/605/605
f 606/606/606 605/605/605 603/603/603
f 606/606/606 607/607/607 605/605/605
f 607/607/607 606/606/606 608/608/608
f 608/608/608 606/606/606 609/609/609
f 606/606/606 603/603/603 609/609/609
f 608/608/608 609/609/609 610/610/610
f 611/611/611 609/609/609 603/603/603
f 611/611/611 600/600/600 599/599/599
f 600/600/600 611/611/611 603/603/603
f 610/610/610 609/609/609 585/585/585
f 599/599/599 585/585/585 611/611/611
f 585/585/585 609/609/609 611/611/611
f 583/583/583 608/608/608 610/610/610
f 610/610/610 584/584/584 583/583/583
f 585/585/585 584/584/584 610/610/610
f 582/582/582 608/608/608 583/583/583
f 608/608/608 582/582/582 607/607/607
f 612/612/612 595/595/595 601/601/601
f 615/615/615 614/614/614 613/613/613
f 616/616/616 613/613/613 614/614/614
f 615/615/615 617/617/617 614/614/614
f 618/618/618 614/614/614 617/617/617
f 617/617/617 619/619/619 618/618/618
f 620/620/620 618/618/618 619/619/619
f 621/621/621 620/620/620 619/619/619
f 621/621/621 622/622/622 620/620/620
f 621/621/621 623/623/623 622/622/622
f 624/624/624 622/622/622 623/623/623
f 624/624/624 623/623/623 625/625/625
f 618/618/618 620/620/620 626/626/626
f 627/627/627 592/592/592 596/596/596
f 630/630/630 629/629/629 628/628/628
f 631/631/631 628/628/628 629/629/629
f 629/629/629 630/630/630 632/632/632
f 633/633/633 632/632/632 630/630/630
f 630/630/630 628/628/628 634/634/634
f 635/635/635 630/630/630 634/634/634
f 633/633/633 630/630/630 636/636/636
f 635/635/635 636/636/636 630/630/630
f 636/636/636 637/637/637 633/633/633
f 637/637/637 632/632/632 633/633/633
f 632/632/632 637/637/637 638/638/638
f 629/629/629 639/639/639 631/631/631
f 638/638/638 639/639/639 632/632/632
f 629/629/629 632/632/632 639/639/639
f 638/638/638 640/640/640 639/639/639
f 638/638/638 641/641/641 640/640/640
f 637/637/637 641/641/641 638/638/638
f 641/641/641 637/637/637 642/642/642
f 642/642/642 640/640/640 641/641/641
f 639/639/639 643/643/643 631/631/631
f 639/639/639 640/640/640 643/643/643
f 637/637/637 644/644/644 642/642/642
f 642/642/642 644/644/644 645/645/645
f 640/640/640 642/642/642 645/645/645
f 646/646/646 645/645/645 644/644/644
f 644/644/644 637/637/637 647/647/647
f 644/644/644 647/647/647 646/646/646
f 646/646/646 647/647/647 648/648/648
f 637/637/637 649/649/649 647/647/647
f 647/647/647 649/649/649 650/650/650
f 647/647/647 650/650/650 651/651/651
f 649/649/649 637/637/637 652/652/652
f 650/650/650 649/649/649 653/653/653
f 652/652/652 653/653/653 649/649/649
f 652/652/652 654/654/654 653/653/653
f 655/655/655 653/653/653 654/654/654
f 656/656/656 655/655/655 654/654/654
f 654/654/654 637/637/637 656/656/656
f 637/637/637 654/654/654 652/652/652
f 655/655/655 656/656/656 657/657/657
f 656/656/656 658/658/658 657/657/657
f 637/637/637 658/658/658 656/656/656
f 659/659/659 657/657/657 658/658/658
f 659/659/659 660/660/660 657/657/657
f 659/659/659 661/661/661 660/660/660
f 662/662/662 661/661/661 659/659/659
f 659/659/659 658/658/658 662/662/662
f 663/663/663 657/657/657 660/660/660
f 664/664/664 662/662/662 658/658/658
f 664/664/664 658/658/658 637/637/637
f 657/657/657 665/665/665 655/655/655
f 663/663/663 665/665/665 657/657/657
f 665/665/665 666/666/666 655/655/655
f 664/664/664 635/635/635 662/662/662
f 664/664/664 636/636/636 635/635/635
f 637/637/637 636/636/636 664/664/664
f 634/634/634 662/662/662 635/635/635
f 662/662/662 634/634/634 661/661/661
f 669/669/669 668/668/668 667/667/667
f 669/669/669 667/667/667 670/670/670
f 671/671/671 670/670/670 667/667/667
f 670/670/670 671/671/671 672/672/672
f 674/674/674 673/673/673 671/671/671
f 676/676/676 675/675/675 674/674/674
f 679/679/679 678/678/678 677/677/677
f 682/682/682 681/681/681 680/680/680
f 682/682/682 680/680/680 683/683/683
f 683/683/683 684/684/684 682/682/682
f 687/687/687 686/686/686 685/685/685
f 688/688/688 643/643/643 640/640/640
f 691/691/691 690/690/690 689/689/689
f 692/692/692 689/689/689 690/690/690
f 693/693/693 690/690/690 691/691/691
f 690/690/690 693/693/693 694/694/694
f 695/695/695 691/691/691 689/689/689
f 696/696/696 691/691/691 695/695/695
f 693/693/693 691/691/691 697/697/697
f 696/696/696 697/697/697 691/691/691
f 697/697/697 698/698/698 693/693/693
f 699/699/699 694/694/694 693/693/693
f 694/694/694 699/699/699 700/700/700
f 690/690/690 694/694/694 700/700/700
f 692/692/692 690/690/690 701/701/701
f 690/690/690 700/700/700 701/701/701
f 700/700/700 702/702/702 701/701/701
f 699/699/699 702/702/702 700/700/700
f 703/703/703 701/701/701 702/702/702
f 703/703/703 704/704/704 701/701/701
f 705/705/705 701/701/701 704/704/704
f 692/692/692 701/701/701 705/705/705
f 702/702/702 706/706/706 703/703/703
f 702/702/702 707/707/707 706/706/706
f 704/704/704 703/703/703 708/708/708
f 703/703/703 706/706/706 708/708/708
f 706/706/706 709/709/709 708/708/708
f 704/704/704 708/708/708 710/710/710
f 708/708/708 711/711/711 710/710/710
f 711/711/711 708/708/708 712/712/712
f 713/713/713 710/710/710 711/711/711
f 715/715/715 714/714/714 698/698/698
f 716/716/716 714/714/714 715/715/715
f 696/696/696 716/716/716 715/715/715
f 715/715/715 697/697/697 696/696/696
f 716/716/716 717/717/717 714/714/714
f 718/718/718 717/717/717 716/716/716
f 718/718/718 719/719/719 717/717/717
f 695/695/695 718/718/718 716/716/716
f 696/696/696 695/695/695 716/716/716
f 698/698/698 697/697/697 715/715/715
f 698/698/698 714/714/714 720/720/720
f 722/722/722 721/721/721 720/720/720
f 724/724/724 722/722/722 723/723/723
f 726/726/726 725/725/725 723/723/723
f 725/725/725 726/726/726 727/727/727
f 728/728/728 725/725/725 727/727/727
f 731/731/731 730/730/730 729/729/729
f 734/734/734 733/733/733 732/732/732
f 735/735/735 733/733/733 734/734/734
f 734/734/734 736/736/736 735/735/735
f 737/737/737 735/735/735 736/736/736
f 734/734/734 732/732/732 738/738/738
f 738/738/738 736/736/736 734/734/734
f 739/739/739 738/738/738 732/732/732
f 739/739/739 740/740/740 738/738/738
f 741/741/741 738/738/738 740/740/740
f 738/738/738 741/741/741 742/742/742
f 736/736/736 738/738/738 742/742/742
f 743/743/743 742/742/742 741/741/741
f 741/741/741 740/740/740 744/744/744
f 745/745/745 744/744/744 740/740/740
f 745/745/745 746/746/746 744/744/744
f 747/747/747 744/744/744 746/746/746
f 744/744/744 747/747/747 748/748/748
f 743/743/743 741/741/741 748/748/748
f 744/744/744 748/748/748 741/741/741
f 749/749/749 748/748/748 747/747/747
f 750/750/750 747/747/747 746/746/746
f 750/750/750 751/751/751 747/747/747
f 751/751/751 749/749/749 747/747/747
f 749/749/749 751/751/751 752/752/752
f 755/755/755 754/754/754 753/753/753
f 756/756/756 753/753/753 754/754/754
f 754/754/754 757/757/757 756/756/756
f 758/758/758 756/756/756 757/757/757
f 759/759/759 756/756/756 758/758/758
f 759/759/759 760/760/760 756/756/756
f 761/761/761 756/756/756 760/760/760
f 762/762/762 759/759/759 758/758/758
f 762/762/762 763/763/763 759/759/759
f 763/763/763 760/760/760 759/759/759
f 760/760/760 763/763/763 764/764/764
f 764/764/764 761/761/761 760/760/760
f 763/763/763 765/765/765 764/764/764
f 764/764/764 765/765/765 766/766/766
f 767/767/767 764/764/764 766/766/766
f 768/768/768 766/766/766 765/765/765
f 762/762/762 758/758/758 769/769/769
f 763/763/763 762/762/762 769/769/769
f 769/769/769 770/770/770 763/763/763
f 763/763/763 770/770/770 771/771/771
f 772/772/772 771/771/771 770/770/770
f 773/773/773 772/772/772 770/770/770
f 773/773/773 770/770/770 769/769/769
f 758/758/758 773/773/773 769/769/769
f 774/774/774 772/772/772 773/773/773
f 772/772/772 774/774/774 775/775/775
f 757/757/757 774/774/774 773/773/773
f 758/758/758 757/757/757 773/773/773
f 765/765/765 777/777/777 776/776/776
f 779/779/779 778/778/778 771/771/771
f 781/781/781 779/779/779 780/780/780
f 782/782/782 763/763/763 780/780/780
f 763/763/763 782/782/782 783/783/783
f 784/784/784 763/763/763 783/783/783
f 783/783/783 782/782/782 785/785/785
f 786/786/786 783/783/783 785/785/785
f 783/783/783 786/786/786 787/787/787
f 786/786/786 788/788/788 787/787/787
f 788/788/788 786/786/786 789/789/789
f 790/790/790 789/789/789 786/786/786
f 790/790/790 786/786/786 785/785/785
f 790/790/790 785/785/785 791/791/791
f 792/792/792 788/788/788 789/789/789
f 763/763/763 794/794/794 793/793/793
f 796/796/796 795/795/795 788/788/788
f 799/799/799 798/798/798 797/797/797
f 799/799/799 797/797/797 800/800/800
f 800/800/800 797/797/797 801/801/801
f 804/804/804 803/803/803 802/802/802
f 807/807/807 806/806/806 805/805/805
f 810/810/810 809/809/809 808/808/808
f 813/813/813 812/812/812 811/811/811
f 816/816/816 815/815/815 814/814/814
f 816/816/816 814/814/814 817/817/817
f 820/820/820 819/819/819 818/818/818
f 821/821/821 818/818/818 819/819/819
f 822/822/822 821/821/821 819/819/819
f 823/823/823 821/821/821 822/822/822
f 822/822/822 824/824/824 823/823/823
f 824/824/824 822/822/822 825/825/825
f 826/826/826 825/825/825 822/822/822
f 827/827/827 823/823/823 824/824/824
f 826/826/826 822/822/822 828/828/828
f 825/825/825 829/829/829 824/824/824
f 830/830/830 824/824/824 829/829/829
f 830/830/830 827/827/827 824/824/824
f 831/831/831 827/827/827 830/830/830
f 830/830/830 832/832/832 831/831/831
f 832/832/832 830/830/830 833/833/833
f 836/836/836 835/835/835 834/834/834
f 839/839/839 838/838/838 837/837/837
f 838/838/838 839/839/839 840/840/840
f 841/841/841 837/837/837 838/838/838
f 838/838/838 840/840/840 842/842/842
f 843/843/843 842/842/842 840/840/840
f 841/841/841 838/838/838 844/844/844
f 842/842/842 844/844/844 838/838/838
f 845/845/845 842/842/842 843/843/843
f 842/842/842 845/845/845 846/846/846
f 844/844/844 842/842/842 846/846/846
f 847/847/847 846/846/846 845/845/845
f 845/845/845 843/843/843 848/848/848
f 848/848/848 849/849/849 845/845/845
f 848/848/848 850/850/850 849/849/849
f 851/851/851 847/847/847 845/845/845
f 852/852/852 847/847/847 851/851/851
f 854/854/854 852/852/852 853/853/853
f 853/853/853 852/852/852 855/855/855
f 858/858/858 857/857/857 856/856/856
f 859/859/859 857/857/857 858/858/858
f 862/862/862 861/861/861 860/860/860
f 860/860/860 861/861/861 863/863/863
f 861/861/861 865/865/865 864/864/864
f 868/868/868 867/867/867 866/866/866
f 871/871/871 870/870/870 869/869/869
f 874/874/874 873/873/873 872/872/872
f 875/875/875 874/874/874 872/872/872
f 872/872/872 876/876/876 875/875/875
f 877/877/877 875/875/875 876/876/876
f 874/874/874 875/875/875 878/878/878
f 879/879/879 878/878/878 875/875/875
f 879/879/879 875/875/875 880/880/880
f 880/880/880 875/875/875 877/877/877
f 880/880/880 881/881/881 879/879/879
f 882/882/882 879/879/879 881/881/881
f 877/877/877 883/883/883 880/880/880
f 883/883/883 877/877/877 876/876/876
f 883/883/883 881/881/881 880/880/880
f 881/881/881 883/883/883 884/884/884
f 885/885/885 883/883/883 876/876/876
f 886/886/886 872/872/872 873/873/873
f 872/872/872 886/886/886 887/887/887
f 876/876/876 887/887/887 885/885/885
f 872/872/872 887/887/887 876/876/876
f 886/886/886 888/888/888 887/887/887
f 889/889/889 887/887/887 888/888/888
f 887/887/887 889/889/889 885/885/885
f 890/890/890 885/885/885 889/889/889
f 883/883/883 885/885/885 890/890/890
f 891/891/891 883/883/883 890/890/890
f 890/890/890 889/889/889 891/891/891
f 889/889/889 888/888/888 892/892/892
f 893/893/893 891/891/891 889/889/889
f 883/883/883 891/891/891 894/894/894
f 894/894/894 891/891/891 895/895/895
f 896/896/896 883/883/883 894/894/894
f 896/896/896 894/894/894 897/897/897
f 898/898/898 897/897/897 894/894/894
f 894/894/894 899/899/899 898/898/898
f 898/898/898 899/899/899 900/900/900
f 898/898/898 900/900/900 901/901/901
f 897/897/897 898/898/898 901/901/901
f 902/902/902 896/896/896 897/897/897
f 883/883/883 896/896/896 902/902/902
f 903/903/903 883/883/883 902/902/902
f 883/883/883 903/903/903 904/904/904
f 904/904/904 905/905/905 883/883/883
f 883/883/883 905/905/905 884/884/884
f 908/908/908 907/907/907 906/906/906
f 911/911/911 910/910/910 909/909/909
