g polySurface27
v 353.9911 244.6487 -1064.144
v 355.7607 234.2703 -1058.337
v 328.2866 225.8691 -1042.795
v 345.3314 255.3768 -1067.593
v 332.8884 258.3515 -1064.79
v 324.2148 254.6888 -1059.254
v 317.4976 249.6356 -1053.581
v 311.5891 242.5205 -1046.924
v 308.4029 237.2494 -1042.434
v 305.6281 231.5013 -1037.803
v 305.1006 224.2367 -1033.074
v 306.4222 216.7951 -1028.925
v 310.3411 209.9888 -1026.147
v 316.3435 204.3586 -1024.887
v 324.8481 200.972 -1025.963
v 333.8607 199.7551 -1028.582
v 341.4957 202.6697 -1033.264
v 347.4949 207.6219 -1038.606
v 349.9851 263.4333 -1074.363
v 361.6642 250.2546 -1070.518
v 365.7368 237.3208 -1063.98
v 306.2108 247.8839 -1048.254
v 313.5673 258.2936 -1057.511
v 322.6313 265.8964 -1065.655
v 334.4155 269.1301 -1072.089
v 336.0284 189.5995 -1023.055
v 323.5109 191.2897 -1019.417
v 318.0707 180.438 -1019.2
v 306.4387 185.4665 -1018.001
v 311.8847 196.3279 -1018.202
v 298.7866 193.6888 -1020.432
v 304.2749 204.6206 -1020.52
v 293.1798 202.6167 -1023.993
v 298.6909 213.5865 -1024.02
v 290.4878 212.2444 -1029.043
v 296.0113 223.2348 -1029.037
v 330.5882 178.7478 -1022.839
v 346.6326 193.6478 -1029.558
v 341.1934 182.7976 -1029.339
v 296.0113 223.2348 -1029.037
v 298.0204 233.3923 -1036.128
v 301.9403 240.9483 -1042.316
v 365.7368 237.3208 -1063.98
v 361.6642 250.2546 -1070.518
v 360.2613 226.4102 -1063.859
v 356.1159 239.2228 -1070.59
v 349.9851 263.4333 -1074.363
v 344.4179 252.37 -1074.486
v 334.4155 269.1301 -1072.089
v 328.8942 258.1431 -1072.089
v 322.6313 265.8964 -1065.655
v 317.1345 254.9505 -1065.59
v 361.3372 214.6999 -1056.749
v 366.7615 225.5251 -1057.008
v 359.0384 206.2578 -1050.537
v 364.4424 217.0493 -1050.85
v 356.1665 197.3227 -1043.949
v 361.5874 208.1423 -1044.216
v 349.5356 189.6922 -1036.732
v 354.9649 200.5258 -1036.977
v 341.1934 182.7976 -1029.339
v 346.6326 193.6478 -1029.558
v 298.0204 233.3923 -1036.128
v 296.0113 223.2348 -1029.037
v 292.4691 222.3555 -1036.208
v 296.4004 229.9305 -1042.366
v 301.9403 240.9483 -1042.316
v 290.4878 212.2444 -1029.043
v 300.7177 236.9441 -1048.179
v 306.2108 247.8839 -1048.254
v 308.0729 247.3517 -1057.439
v 313.5673 258.2936 -1057.511
v 317.1345 254.9505 -1065.59
v 322.6313 265.8964 -1065.655
v 346.6326 193.6478 -1029.558
v 354.9649 200.5258 -1036.977
v 352.2631 213.1058 -1043.818
v 354.3188 219.5188 -1048.594
v 355.9885 225.6214 -1053.028
v 361.5874 208.1423 -1044.216
v 364.4424 217.0493 -1050.85
v 366.7615 225.5251 -1057.008
v 397.9527 329.5034 -1039.746
v 387.4344 336.0675 -1044.579
v 404.5661 333.4588 -1047.946
v 393.8373 343.2989 -1057.184
v 375.767 339.2086 -1044.291
v 379.1909 348.8204 -1059.048
v 363.3326 339.8781 -1040.186
v 361.8697 350.9432 -1055.032
v 356.3476 339.5705 -1036.925
v 350.0973 349.1808 -1047.8
v 346.5425 337.148 -1029.57
v 338.0394 343.5478 -1035.89
v 336.7475 329.9534 -1015.561
v 327.6901 336.0408 -1020.382
v 338.0394 343.5478 -1035.89
v 327.6901 336.0408 -1020.382
v 307.0246 292.5453 -1104.192
v 298.0214 285.1379 -1095.226
v 316.5877 302.6154 -1116.721
v 350.0973 349.1808 -1047.8
v 328.6468 307.1769 -1122.708
v 361.8697 350.9432 -1055.032
v 339.5705 306.0356 -1127.252
v 379.1909 348.8204 -1059.048
v 354.7627 292.6181 -1127.71
v 393.8373 343.2989 -1057.184
v 365.8946 279.6861 -1116.372
v 404.5661 333.4588 -1047.946
v 257.128 136.5574 -901.7645
v 196.0119 136.5574 -886.1776
v 250.6279 136.5574 -961.9603
v 214.3486 136.5574 -954.1718
v 303.8118 136.5574 -915.0122
v 290.8817 136.5573 -973.4745
v 342.4551 136.5574 -928.5893
v 323.5229 136.5574 -982.2169
v 380.3292 136.5574 -943.4698
v 352.6484 136.5573 -994.2145
v 425.2953 136.5574 -965.1285
v 392.9169 136.5574 -1011.35
v 474.4092 136.5574 -992.0815
v 427.7631 136.5574 -1030.503
v 257.128 136.5574 -901.7645
v 195.8496 123.4835 -880.4006
v 196.0119 136.5574 -886.1776
v 256.3543 123.4836 -895.7739
v 303.8118 136.5574 -915.0122
v 302.7491 123.4836 -908.9202
v 342.4551 136.5574 -928.5893
v 341.07 123.4836 -922.3847
v 380.3292 136.5574 -943.4698
v 378.5999 123.4836 -937.1448
v 425.2953 136.5574 -965.1285
v 423.2984 123.4835 -958.71
v 474.4092 136.5574 -992.0815
v 471.8007 123.4836 -985.4493
v 250.6279 136.5574 -961.9603
v 214.3486 136.5574 -954.1718
v 250.1133 178.7887 -987.7597
v 213.756 178.7888 -980.9605
v 290.3668 178.7887 -999.2742
v 290.8817 136.5573 -973.4745
v 323.3039 178.7887 -1009.849
v 323.5229 136.5574 -982.2169
v 352.1336 178.7888 -1020.014
v 352.6484 136.5573 -994.2145
v 323.5229 136.5574 -982.2169
v 352.1336 178.7888 -1020.014
v 392.402 178.7887 -1037.15
v 392.9169 136.5574 -1011.35
v 430.1683 178.7887 -1057.145
v 427.7631 136.5574 -1030.503
v 250.1133 178.7887 -987.7597
v 213.756 178.7888 -980.9605
v 251.8331 178.8281 -981.3376
v 215.4761 178.8281 -974.5385
v 292.0869 178.8282 -992.8514
v 290.3668 178.7887 -999.2742
v 325.024 178.8281 -1003.427
v 323.3039 178.7887 -1009.849
v 353.8535 178.8281 -1013.592
v 352.1336 178.7888 -1020.014
v 394.122 178.828 -1030.727
v 392.402 178.7887 -1037.15
v 431.8883 178.8282 -1050.722
v 430.1683 178.7887 -1057.145
v 251.8331 178.8281 -981.3376
v 215.4761 178.8281 -974.5385
v 252.3181 190.3874 -986.85
v 216.4362 190.3875 -978.5297
v 292.8802 190.3875 -997.2504
v 292.0869 178.8282 -992.8514
v 325.024 190.3875 -1006.46
v 325.024 178.8281 -1003.427
v 354.7633 190.3876 -1017.792
v 353.8535 178.8281 -1013.592
v 394.5453 190.3875 -1035.732
v 394.122 178.828 -1030.727
v 433.0273 190.3875 -1054.973
v 431.8883 178.8282 -1050.722
v 252.3181 190.3874 -986.85
v 216.4362 190.3875 -978.5297
v 246.9878 190.3875 -1002.711
v 287.2282 190.3254 -1013.76
v 292.8802 190.3875 -997.2504
v 319.6937 190.3874 -1022.321
v 325.024 190.3875 -1006.46
v 346.9401 190.404 -1033.071
v 354.7633 190.3876 -1017.792
v 387.0396 190.5301 -1049.643
v 246.9878 190.3875 -1002.711
v 217.8255 190.1608 -998.0058
v 394.5453 190.3875 -1035.732
v 387.0396 190.5301 -1049.643
v 424.2643 190.7572 -1066.129
v 433.0273 190.3875 -1054.973
v 387.0396 190.5301 -1049.643
v 436.2221 255.2249 -1111.568
v 387.0396 190.5301 -1049.643
v 393.3331 255.2249 -1091.895
v 346.9401 190.404 -1033.071
v 349.1808 255.225 -1073.503
v 319.6937 190.3874 -1022.321
v 321.9344 255.225 -1062.754
v 246.9878 190.3875 -1002.711
v 217.8255 190.1608 -998.0058
v 249.2285 255.2249 -1043.144
v 249.2285 255.2249 -1043.144
v 217.8255 190.1608 -998.0058
v 215.4415 255.2249 -1036.049
v 287.2282 190.3254 -1013.76
v 246.9878 190.3875 -1002.711
v 289.4688 255.225 -1054.193
v 249.2285 255.2249 -1043.144
v 321.9344 255.225 -1062.754
v 319.6937 190.3874 -1022.321
v 492.8975 301.2694 -1078.838
v 405.8611 300.9012 -1036.653
v 497.2772 316.688 -1090.189
v 409.7977 316.7822 -1047.813
v 397.7076 310.2267 -1040.047
v 399.9071 323.8352 -1049.27
v 385.8199 316.9568 -1040.642
v 388.0577 332.2851 -1051.015
v 375.493 321.0894 -1039.954
v 377.1748 335.5478 -1049.376
v 363.5165 324.161 -1037.854
v 365.1151 339.1633 -1047.56
v 353.5055 337.1208 -1041.093
v 352.2355 324.0625 -1032.703
v 340.9789 334.917 -1034.116
v 339.7448 320.7722 -1025.095
v 330.5513 327.2625 -1025.091
v 328.9323 314.1796 -1016.575
v 317.7876 317.8933 -1014.044
v 314.6973 302.4857 -1003.548
v 260.8454 302.85 -990.6353
v 261.9103 317.8629 -1000.102
v 209.6684 301.389 -983.3779
v 209.2984 317.868 -992.7663
v 409.7977 316.7822 -1047.813
v 451.6754 262.0879 -1150.692
v 497.2772 316.688 -1090.189
v 373.2216 262.0879 -1112.081
v 362.6847 269.0195 -1113.006
v 399.9071 323.8352 -1049.27
v 350.061 277.3237 -1114.115
v 388.0577 332.2851 -1051.015
v 341.0901 280.4497 -1113.177
v 377.1748 335.5478 -1049.376
v 331.149 283.9136 -1112.139
v 365.1151 339.1633 -1047.56
v 320.3468 280.661 -1105.255
v 353.5055 337.1208 -1041.093
v 308.6913 277.1515 -1097.827
v 340.9789 334.917 -1034.116
v 299.6938 270.3784 -1090.114
v 330.5513 327.2625 -1025.091
v 288.6805 262.0878 -1080.674
v 317.7876 317.8933 -1014.044
v 261.9103 317.8629 -1000.102
v 238.3719 262.088 -1066.88
v 209.2984 317.868 -992.7663
v 204.5851 262.0878 -1059.786
v 197.9418 291.2224 -1051.482
v 201.1791 290.5163 -1007.46
v 196.7247 302.3384 -1039.361
v 198.9816 304.5304 -1002.079
v 195.9157 308.9467 -1033.659
v 196.6623 319.6407 -995.8351
v 191.9181 328.688 -1047.548
v 195.2282 311.391 -1040.962
v 193.6224 318.5256 -1045.289
v 194.7248 332.383 -989.9167
v 189.5552 341.9785 -1045.931
v 192.7859 344.925 -984.8834
v 187.4503 355.5589 -1041.997
v 190.2733 358.1428 -980.8049
v 185.6032 368.4945 -1035.475
v 188.2025 372.1056 -979.0065
v 184.5351 377.8947 -1025.907
v 185.5732 378.9124 -1004.565
v 186.3657 382.2797 -980.9809
v 184.6897 385.525 -998.5271
v 184.9848 388.5029 -985.5311
v 184.5745 388.5794 -991.9288
v 184.0726 383.8264 -1016.148
v 184.6519 382.7921 -1009.112
v 190.2733 358.1428 -980.8049
v 192.7859 344.925 -984.8834
v 168.3778 347.6436 -986.2348
v 170.4682 334.4462 -989.2687
v 194.7248 332.383 -989.9167
v 172.4232 321.4465 -994.0864
v 166.0955 361.7574 -983.9918
v 196.6623 319.6407 -995.8351
v 174.1713 309.3297 -999.8812
v 198.9816 304.5304 -1002.079
v 176.5321 293.5761 -1005.868
v 201.1791 290.5163 -1007.46
v 178.8322 278.49 -1010.907
v 202.6901 278.9398 -1012.561
v 180.4025 267.4858 -1016.476
v 201.361 204.0437 -1137.446
v 202.6901 278.9398 -1012.561
v 197.8955 285.8895 -1068.389
v 197.3179 283.3124 -1086.329
v 197.5169 278.3442 -1097.818
v 204.1424 241.0539 -1160.127
v 204.1424 241.0539 -1160.127
v 197.5169 278.3442 -1097.818
v 169.9684 233.9669 -1156.05
v 171.1189 269.0577 -1102.605
v 197.3179 283.3124 -1086.329
v 172.5906 277.6362 -1088.214
v 197.8955 285.8895 -1068.389
v 173.5329 279.8115 -1070.522
v 197.9418 291.2224 -1051.482
v 169.6255 281.2873 -1057.012
v 196.7247 302.3384 -1039.361
v 169.6599 291.6669 -1045.265
v 195.9157 308.9467 -1033.659
v 173.8086 298.5986 -1038.644
v 195.9157 308.9467 -1033.659
v 195.2282 311.391 -1040.962
v 173.8086 298.5986 -1038.644
v 173.1212 301.0427 -1045.947
v 193.6224 318.5256 -1045.289
v 171.5154 308.1774 -1050.274
v 191.9181 328.688 -1047.548
v 169.8112 318.3398 -1052.533
v 189.5552 341.9785 -1045.931
v 167.4482 331.6303 -1050.916
v 187.4503 355.5589 -1041.997
v 185.6032 368.4945 -1035.475
v 163.1865 345.6519 -1046.952
v 161.254 358.0097 -1040.859
v 167.4482 331.6303 -1050.916
v 189.5552 341.9785 -1045.931
v 184.5351 377.8947 -1025.907
v 159.7373 367.5542 -1031.202
v 184.0726 383.8264 -1016.148
v 160.2295 373.4624 -1021.696
v 184.6519 382.7921 -1009.112
v 160.892 372.4455 -1014.342
v 185.5732 378.9124 -1004.565
v 163.4662 368.5643 -1009.55
v 185.5732 378.9124 -1004.565
v 184.6897 385.525 -998.5271
v 163.4662 368.5643 -1009.55
v 162.5827 375.1768 -1003.512
v 184.5745 388.5794 -991.9288
v 162.4675 378.2312 -996.9141
v 184.9848 388.5029 -985.5311
v 162.8778 378.1547 -990.5163
v 186.3657 382.2797 -980.9809
v 164.2587 371.9315 -985.9662
v 188.2025 372.1056 -979.0065
v 166.0955 361.7574 -983.9918
v 190.2733 358.1428 -980.8049
v 490.8529 210.2759 -1020.632
v 487.5876 195.4827 -1014.746
v 485.3186 205.5113 -1022.642
v 481.5255 190.114 -1016.86
v 493.33 200.5685 -1012.744
v 496.8777 216.4389 -1019.02
v 500.6645 207.0641 -1010.187
v 503.2751 221.1831 -1016.246
v 509.3076 214.2512 -1006.898
v 511.0021 223.1297 -1011.304
v 481.481 158.5892 -999.3301
v 494.1452 172.2634 -995.1363
v 505.4359 188.3804 -995.0018
v 514.1013 217.4783 -1005.781
v 511.5076 200.0088 -996.5747
v 504.6335 228.6564 -1019.919
v 509.8889 228.7396 -1016.069
v 498.9646 223.5953 -1021.425
v 492.7082 216.9254 -1022.94
v 515.9099 207.9002 -998.6582
v 516.3787 216.6604 -1003.412
v 478.776 158.5863 -1000.647
v 471.2449 128.9124 -989.6952
v 473.6652 158.2042 -1004.875
v 466.0226 128.7306 -994.1389
v 468.9227 157.7867 -1009.088
v 460.5741 128.5617 -998.7863
v 462.7196 157.2988 -1014.33
v 476.7499 185.4495 -1019.027
v 468.2896 182.3119 -1024.789
v 455.7145 128.4371 -1002.947
v 454.5869 156.7319 -1020.868
v 447.573 128.3197 -1009.972
v 448.458 156.256 -1026.018
v 441.5038 128.1675 -1015.171
v 443.6981 155.9419 -1029.763
v 438.3738 128.0892 -1017.852
v 438.6683 155.5372 -1034.056
v 434.4933 127.9919 -1021.176
v 426.664 154.6894 -1043.755
v 426.0164 127.7798 -1028.437
v 449.6968 196.3875 -1048.639
v 456.3601 190.7923 -1040.09
v 461.121 185.3777 -1032.421
v 442.053 192.7204 -1053.556
v 424.3379 179.1264 -1060.205
v 485.3186 205.5113 -1022.642
v 476.7499 185.4495 -1019.027
v 492.7082 216.9254 -1022.94
v 485.3186 205.5113 -1022.642
v 495.3941 211.6018 -1030.936
v 487.0723 200.9448 -1031.219
v 501.2002 218.2717 -1029.438
v 498.9646 223.5953 -1021.425
v 507.0061 222.9081 -1027.377
v 504.6335 228.6564 -1019.919
v 511.688 222.7344 -1023.819
v 509.8889 228.7396 -1016.069
v 513.9355 217.5585 -1021.384
v 511.0021 223.1297 -1011.304
v 514.4974 208.9275 -1017.077
v 509.3076 214.2512 -1006.898
v 485.3186 205.5113 -1022.642
v 476.7499 185.4495 -1019.027
v 487.0723 200.9448 -1031.219
v 476.7499 185.4495 -1019.027
v 477.6021 179.0417 -1030.561
v 476.7499 185.4495 -1019.027
v 468.2896 182.3119 -1024.789
v 477.6021 179.0417 -1030.561
v 477.6021 179.0417 -1030.561
v 468.2896 182.3119 -1024.789
v 469.9233 175.5934 -1034.682
v 461.121 185.3777 -1032.421
v 462.9937 178.2186 -1041.986
v 456.3601 190.7923 -1040.09
v 458.499 183.9285 -1050.976
v 449.6968 196.3875 -1048.639
v 452.3185 189.5656 -1057.905
v 442.053 192.7204 -1053.556
v 444.265 186.6742 -1063.337
v 424.3379 179.1264 -1060.205
v 427.4145 173.8027 -1069.752
v 471.2449 128.9124 -989.6952
v 481.481 158.5892 -999.3301
v 479.5136 133.8963 -996.6937
v 485.8072 153.6837 -1005.833
v 511.5076 200.0088 -996.5747
v 515.9099 207.9002 -998.6582
v 516.2635 193.3182 -1006.488
v 508.5125 183.0568 -1004.548
v 505.4359 188.3804 -995.0018
v 497.6915 166.5911 -1004.259
v 494.1452 172.2634 -995.1363
v 485.8072 153.6837 -1005.833
v 481.481 158.5892 -999.3301
v 516.2635 193.3182 -1006.488
v 515.9099 207.9002 -998.6582
v 518.7274 202.0099 -1008.163
v 516.3787 216.6604 -1003.412
v 519.5539 210.9028 -1013.518
v 514.1013 217.4783 -1005.781
v 519.5539 210.9028 -1013.518
v 519.5539 210.9028 -1013.518
v 514.1013 217.4783 -1005.781
v 516.9322 211.1482 -1015.017
v 509.3076 214.2512 -1006.898
v 514.4974 208.9275 -1017.077
v 526.0116 338.489 -1115.476
v 531.4346 340.4588 -1116.639
v 521.2397 318.2809 -1082.438
v 534.8923 325.9632 -1086.399
v 507.8666 309.3679 -1082.983
v 515.6485 333.252 -1113.941
v 491.9411 299.8086 -1081.541
v 474.0103 309.3017 -1121.394
v 544.7797 334.086 -1094.78
v 544.9306 342.6879 -1110.513
v 317.1792 322.1312 -1011.144
v 312.7272 324.5088 -1013.545
v 325.3211 326.7278 -1018.403
v 319.686 331.6892 -1023.984
v 304.5215 326.2864 -1014.578
v 307.6473 335.2794 -1026.779
v 295.779 326.3571 -1013.304
v 295.601 336.001 -1025.837
v 287.7522 325.6893 -1011.18
v 283.1093 334.2209 -1021.567
v 279.3057 322.8782 -1006.199
v 271.9694 329.9695 -1014.289
v 272.1154 318.7181 -999.6576
v 265.9916 324.529 -1006.269
v 271.9694 329.9695 -1014.289
v 265.9916 324.529 -1006.269
v 257.4676 278.5592 -1081.345
v 251.2095 273.6549 -1073.98
v 265.4371 285.7294 -1091.929
v 283.1093 334.2209 -1021.567
v 275.4064 287.054 -1096.595
v 295.601 336.001 -1025.837
v 284.3986 284.7641 -1096.203
v 307.6473 335.2794 -1026.779
v 292.2412 283.2713 -1092.916
v 319.686 331.6892 -1023.984
v 301.164 274.0197 -1082.26
v 325.3211 326.7278 -1018.403
v 257.9239 321.291 -997.7357
v 254.1199 323.5352 -1000.767
v 265.8719 326.1277 -1003.545
v 260.3542 330.7701 -1009.505
v 245.0791 324.5545 -1002.096
v 247.8529 332.8742 -1012.37
v 236.5357 324.1546 -1001.85
v 236.3371 332.6515 -1012.673
v 228.7655 322.5287 -1000.082
v 223.6161 330.5313 -1010.106
v 221.4458 320.7168 -997.7897
v 216.1847 327.1163 -1006.003
v 214.7076 317.2284 -993.6326
v 205.595 321.7505 -999.9364
v 216.1847 327.1163 -1006.003
v 205.595 321.7505 -999.9364
v 212.488 274.6371 -1062.671
v 207.0105 269.1598 -1055.965
v 220.7331 282.5932 -1072.452
v 223.6161 330.5313 -1010.106
v 230.9225 284.7487 -1076.253
v 236.3371 332.6515 -1012.673
v 239.9996 283.1247 -1075.146
v 247.8529 332.8742 -1012.37
v 247.6367 282.1511 -1071.238
v 260.3542 330.7701 -1009.505
v 256.3301 273.3716 -1060.009
v 265.8719 326.1277 -1003.545
v 447.6178 318.1415 -1063.868
v 442.9481 323.538 -1067.121
v 454.4567 324.3389 -1075.89
v 448.3178 330.0295 -1080.068
v 435.1567 327.2511 -1066.762
v 436.6004 335.3475 -1079.842
v 427.7797 329.7106 -1064.593
v 425.6699 337.9682 -1076.093
v 419.7785 331.0582 -1060.613
v 414.4501 338.4585 -1068.864
v 413.5717 328.4863 -1053.158
v 405.0544 335.5455 -1058.349
v 411.085 325.535 -1046.862
v 402.7461 332.2267 -1051.036
v 405.0544 335.5455 -1058.349
v 402.7461 332.2267 -1051.036
v 366.3928 286.2059 -1116.837
v 363.7214 283.4525 -1110.109
v 372.2462 292.0005 -1129.45
v 414.4501 338.4585 -1068.864
v 380.7307 291.7761 -1136.583
v 425.6699 337.9682 -1076.093
v 389.0947 288.1743 -1138.407
v 436.6004 335.3475 -1079.842
v 397.2315 285.561 -1137.18
v 448.3178 330.0295 -1080.068
v 407.2302 275.1888 -1128.742
v 454.4567 324.3389 -1075.89
v 497.5045 316.1496 -1091.563
v 488.5697 316.342 -1084.679
v 502.3336 318.7746 -1100.398
v 495.6706 324.2899 -1102.889
v 483.3952 320.6118 -1085.759
v 484.8094 329.5471 -1101.203
v 478.0551 324.2209 -1084.907
v 475.2227 332.1369 -1096.387
v 470.8086 327.3476 -1081.534
v 465.6757 332.7246 -1088.683
v 465.2568 327.8083 -1076.029
v 457.6017 333.6283 -1079.64
v 460.5801 326.8533 -1069.088
v 453.8405 331.6431 -1071.471
v 457.6017 333.6283 -1079.64
v 453.8405 331.6431 -1071.471
v 408.3169 285.9937 -1131.579
v 406.0771 283.7273 -1124.52
v 413.4019 290.8073 -1144.917
v 465.6757 332.7246 -1088.683
v 421.1576 289.6396 -1152.753
v 475.2227 332.1369 -1096.387
v 429.0307 285.3287 -1155.138
v 484.8094 329.5471 -1101.203
v 437.0307 282.1423 -1154.513
v 495.6706 324.2899 -1102.889
v 502.3336 318.7746 -1100.398
v 495.6706 324.2899 -1102.889
v 446.9674 271.37 -1146.515
v 446.9674 271.37 -1146.515
v 495.6706 324.2899 -1102.889
v 437.0307 282.1423 -1154.513
v 249.7002 286.7197 -1060.922
v 246.292 288.3178 -1062.836
v 256.2567 292.9468 -1069.435
v 250.5529 297.6165 -1073.975
v 237.2801 289.9142 -1063.719
v 239.9118 298.9916 -1075.247
v 228.7543 290.0946 -1063.021
v 228.2097 297.739 -1073.428
v 220.9992 289.0317 -1060.813
v 217.4493 294.5065 -1069.032
v 216.9572 285.5652 -1056.327
v 210.0234 292.1808 -1064.299
v 213.7585 281.2008 -1050.9
v 204.6407 286.1923 -1056.831
v 210.0234 292.1808 -1064.299
v 204.6407 286.1923 -1056.831
v 205.135 241.0446 -1120.417
v 200.9435 236.4504 -1113.133
v 213.3532 248.2226 -1130.803
v 217.4493 294.5065 -1069.032
v 220.2021 249.6087 -1134.41
v 228.2097 297.739 -1073.428
v 227.3802 247.5937 -1135.833
v 239.9118 298.9916 -1075.247
v 228.2097 297.739 -1073.428
v 227.3802 247.5937 -1135.833
v 250.5529 297.6165 -1073.975
v 239.9118 298.9916 -1075.247
v 237.371 240.6805 -1126.233
v 241.3786 235.4839 -1120.15
v 256.2567 292.9468 -1069.435
v 237.371 240.6805 -1126.233
v 239.9118 298.9916 -1075.247
v 227.3802 247.5937 -1135.833
v 298.8119 295.2746 -1070.249
v 295.8477 298.0393 -1073.471
v 304.2295 304.4415 -1081.004
v 300.1787 309.4175 -1086.222
v 286.9174 300.2969 -1075.205
v 289.9475 310.8326 -1087.647
v 277.334 299.8854 -1073.912
v 277.1893 309.6634 -1085.593
v 270.1109 297.5866 -1070.14
v 266.9482 305.5464 -1080.593
v 266.0688 294.1201 -1065.654
v 259.1351 300.7357 -1073.626
v 262.8701 289.7557 -1060.228
v 253.7523 294.7472 -1066.159
v 259.1351 300.7357 -1073.626
v 253.7523 294.7472 -1066.159
v 243.257 249.2257 -1131.055
v 241.0431 243.2513 -1120.628
v 251.4753 256.4037 -1141.441
v 266.9482 305.5464 -1080.593
v 261.5672 257.7899 -1145.817
v 277.1893 309.6634 -1085.593
v 270.5635 255.5832 -1145.143
v 289.9475 310.8326 -1087.647
v 277.1893 309.6634 -1085.593
v 270.5635 255.5832 -1145.143
v 300.1787 309.4175 -1086.222
v 289.9475 310.8326 -1087.647
v 279.1881 248.8616 -1136.951
v 283.1957 243.6651 -1130.868
v 304.2295 304.4415 -1081.004
v 279.1881 248.8616 -1136.951
v 289.9475 310.8326 -1087.647
v 270.5635 255.5832 -1145.143
v 370.1141 302.7052 -1099.726
v 359.3368 308.4488 -1105.012
v 376.5699 306.3301 -1108.199
v 365.452 315.0086 -1118.117
v 347.5462 311.1053 -1104.94
v 350.5886 319.7543 -1120.361
v 335.0867 311.5443 -1100.88
v 333.1853 321.428 -1116.49
v 328.1147 311.1792 -1097.597
v 321.4842 319.6993 -1109.135
v 318.4068 308.8851 -1090.074
v 309.6526 314.442 -1096.833
v 310.741 302.7334 -1076.782
v 303.1904 309.4814 -1084.137
v 309.6526 314.442 -1096.833
v 303.1904 309.4814 -1084.137
v 285.336 258.227 -1162.237
v 277.7016 251.38 -1152.965
v 290.8781 266.7583 -1174.798
v 321.4842 319.6993 -1109.135
v 301.7047 269.5163 -1181.947
v 333.1853 321.428 -1116.49
v 312.9468 270.4803 -1185.225
v 350.5886 319.7543 -1120.361
v 328.6942 257.7207 -1184.723
v 365.452 315.0086 -1118.117
v 340.3418 246.1312 -1172.486
v 376.5699 306.3301 -1108.199
v 140.929 108.9834 -961.0739
v 142.5995 99.05388 -969.7084
v 201.1358 149.7444 -989.1133
v 202.8949 133.2069 -999.4843
v 201.9843 156.3476 -978.9717
v 142.1007 111.5681 -954.4377
v 203.7716 160.7607 -970.691
v 144.2802 114.8542 -943.8708
v 207.4353 159.4127 -963.4169
v 147.1221 115.9138 -935.0806
v 209.3669 155.5835 -956.6994
v 153.4833 114.3163 -925.3174
v 216.8297 142.5774 -949.772
v 161.2116 108.545 -920.5179
v 127.4831 92.0624 -1006.621
v 128.8088 83.30746 -1017.126
v 187.696 132.368 -1034.78
v 189.1041 117.4605 -1046.902
v 188.4403 140.0745 -1023.742
v 128.5567 95.29504 -999.2076
v 190.2276 144.4876 -1015.461
v 130.7361 98.58115 -988.6406
v 193.8913 143.1397 -1008.187
v 133.5781 99.64076 -979.8504
v 195.8229 139.3104 -1001.469
v 139.9393 98.04331 -970.0873
v 203.2857 126.3044 -994.5419
v 147.6676 92.27194 -965.2878
v 115.6877 81.51629 -1052.859
v 117.0134 72.76135 -1063.364
v 175.9006 121.8219 -1081.018
v 177.3087 106.9144 -1093.139
v 176.6449 129.5284 -1069.979
v 116.7613 84.74892 -1045.445
v 118.9407 88.03504 -1034.878
v 116.7613 84.74892 -1045.445
v 178.4322 133.9415 -1061.698
v 182.0959 132.5936 -1054.424
v 121.7827 89.09465 -1026.088
v 184.0275 128.7643 -1047.707
v 128.1439 87.49719 -1016.325
v 191.4903 115.7583 -1040.779
v 135.8722 81.72583 -1011.525
v 178.4322 133.9415 -1061.698
v 116.7613 84.74892 -1045.445
v 176.6449 129.5284 -1069.979
v 430.4864 146.7529 -1063.043
v 452.9209 133.1869 -1074.962
v 439.654 158.1855 -1057.237
v 461.3151 142.0777 -1069.822
v 445.5115 161.3492 -1050.979
v 465.8869 143.802 -1064.51
v 451.9665 163.8208 -1043.02
v 472.9111 145.7132 -1055.895
v 456.3167 162.8012 -1035.47
v 478.0031 145.5967 -1048.116
v 459.8878 159.1145 -1026.886
v 481.5208 142.5563 -1037.338
v 458.9396 149.4926 -1018.428
v 480.0976 135.8943 -1029.065
v 398.9091 125.1834 -1095.596
v 419.0551 113.144 -1105.822
v 407.303 138.6112 -1093.277
v 427.8875 123.4838 -1104.307
v 413.4124 144.682 -1089.501
v 434.2148 126.8659 -1101.991
v 420.0883 148.5312 -1082.308
v 440.8018 130.9117 -1094.109
v 424.8866 148.7419 -1074.967
v 446.0059 132.3118 -1086.201
v 429.1466 146.3939 -1066.228
v 450.584 130.6336 -1075.731
v 429.3068 137.8737 -1056.616
v 450.0573 124.9914 -1066.634
v 295.5645 60.81788 -924.6437
v 300.8421 60.66935 -920.6978
v 299.9068 104.0108 -945.1615
v 305.1253 104.6834 -941.2478
v 294.6982 103.9228 -945.9445
v 290.3287 60.8551 -925.334
v 288.568 104.6467 -944.5038
v 284.2103 60.97464 -923.7009
v 282.682 106.4343 -940.0121
v 278.3723 61.5901 -918.9687
v 281.6605 107.4968 -936.1351
v 277.4221 61.22684 -914.8668
v 282.6348 109.1112 -930.652
v 278.4717 61.54387 -909.2354
v 290.3287 60.8551 -925.334
v 284.2103 60.97464 -923.7009
v 290.4379 60.713 -927.0327
v 283.4591 60.83731 -925.241
v 278.3723 61.5901 -918.9687
v 276.9902 61.53714 -920.0824
v 296.5328 60.70129 -926.0546
v 295.5645 60.81788 -924.6437
v 302.4383 60.64594 -921.3467
v 300.8421 60.66935 -920.6978
v 277.4221 61.22684 -914.8668
v 275.8077 61.09445 -914.8169
v 278.4717 61.54387 -909.2354
v 277.0857 61.66236 -908.322
v 282.5563 61.52043 -905.8344
v 281.7984 61.56609 -904.3522
v 288.5989 61.5031 -904.3473
v 288.7002 61.52441 -902.6714
v 278.9757 52.87502 -898.1592
v 288.3701 52.40366 -896.8605
v 295.5877 61.36768 -904.515
v 295.7584 52.54001 -898.5566
v 273.118 52.86722 -903.5837
v 277.0857 61.66236 -908.322
v 294.6262 61.39066 -905.9261
v 295.5877 61.36768 -904.515
v 299.7751 61.17255 -909.9016
v 295.5877 61.36768 -904.515
v 301.3676 61.03777 -909.2418
v 301.6768 60.90731 -916.2219
v 303.5014 61.05373 -916.4294
v 301.3676 61.03777 -909.2418
v 283.4591 60.83731 -925.241
v 289.4116 52.61681 -925.2542
v 290.4379 60.713 -927.0327
v 281.3954 52.68953 -923.0424
v 276.9902 61.53714 -920.0824
v 274.1755 53.24194 -916.7424
v 296.5523 52.52926 -924.1131
v 296.5328 60.70129 -926.0546
v 303.2315 52.16369 -918.84
v 302.4383 60.64594 -921.3467
v 275.8077 61.09445 -914.8169
v 272.7275 52.39224 -910.4532
v 303.5014 61.05373 -916.4294
v 302.8895 52.16441 -904.3336
v 301.3676 61.03777 -909.2418
v 304.5893 52.46625 -912.4573
v 302.4383 60.64594 -921.3467
v 303.2315 52.16369 -918.84
v 302.8895 52.16441 -904.3336
v 295.7584 52.54001 -898.5566
v 301.3676 61.03777 -909.2418
v 295.5877 61.36768 -904.515
v 273.118 52.86722 -903.5837
v 272.7275 52.39224 -910.4532
v 277.0857 61.66236 -908.322
v 275.8077 61.09445 -914.8169
v 282.5563 61.52043 -905.8344
v 278.4717 61.54387 -909.2354
v 286.6605 109.9089 -927.2832
v 282.6348 109.1112 -930.652
v 292.6758 110.017 -925.7037
v 288.5989 61.5031 -904.3473
v 298.7149 109.3001 -927.0897
v 294.6262 61.39066 -905.9261
v 303.9119 107.9099 -930.8244
v 299.7751 61.17255 -909.9016
v 305.8845 106.2189 -936.9203
v 301.6768 60.90731 -916.2219
v 305.1253 104.6834 -941.2478
v 300.8421 60.66935 -920.6978
v 234.836 60.81791 -914.6967
v 240.1137 60.66932 -910.7509
v 239.1784 104.0108 -935.2147
v 244.3968 104.6834 -931.301
v 233.9698 103.9229 -935.9977
v 229.6002 60.85527 -915.3872
v 227.8395 104.6467 -934.5569
v 223.4818 60.97464 -913.754
v 221.9534 106.4343 -930.0653
v 217.6438 61.59014 -909.0216
v 220.932 107.4968 -926.1881
v 216.6936 61.22684 -904.9197
v 221.9064 109.1112 -920.705
v 217.743 61.54394 -899.2883
v 229.6002 60.85527 -915.3872
v 223.4818 60.97464 -913.754
v 229.7093 60.71298 -917.0859
v 222.7307 60.83738 -915.2938
v 217.6438 61.59014 -909.0216
v 216.2618 61.53714 -910.1355
v 216.6936 61.22684 -904.9197
v 215.0793 61.09445 -904.87
v 217.743 61.54394 -899.2883
v 216.3572 61.66241 -898.3751
v 221.8279 61.52036 -895.8875
v 221.0699 61.56618 -894.4052
v 227.8704 61.5031 -894.4005
v 227.9716 61.52439 -892.7245
v 218.2473 52.87506 -888.2122
v 212.3895 52.86717 -893.637
v 216.3572 61.66241 -898.3751
v 227.6415 52.40364 -886.9137
v 234.8591 61.36768 -894.5679
v 235.03 52.54001 -888.6096
v 233.8976 61.39068 -895.9792
v 234.8591 61.36768 -894.5679
v 239.0466 61.17267 -899.9547
v 234.8591 61.36768 -894.5679
v 240.639 61.03775 -899.2949
v 240.9483 60.90736 -906.2751
v 240.639 61.03775 -899.2949
v 242.773 61.05365 -906.4824
v 240.1137 60.66932 -910.7509
v 241.7099 60.64586 -911.3998
v 234.836 60.81791 -914.6967
v 235.8044 60.70125 -916.1077
v 222.7307 60.83738 -915.2938
v 228.683 52.61676 -915.3073
v 229.7093 60.71298 -917.0859
v 220.6671 52.68962 -913.0955
v 216.2618 61.53714 -910.1355
v 213.447 53.24203 -906.7955
v 235.8237 52.5294 -914.1663
v 235.8044 60.70125 -916.1077
v 242.5032 52.16369 -908.8931
v 241.7099 60.64586 -911.3998
v 215.0793 61.09445 -904.87
v 211.999 52.39219 -900.5063
v 216.3572 61.66241 -898.3751
v 211.999 52.39219 -900.5063
v 215.0793 61.09445 -904.87
v 212.3895 52.86717 -893.637
v 240.639 61.03775 -899.2949
v 235.03 52.54001 -888.6096
v 234.8591 61.36768 -894.5679
v 242.161 52.16438 -894.3867
v 242.773 61.05365 -906.4824
v 242.161 52.16438 -894.3867
v 240.639 61.03775 -899.2949
v 243.8607 52.46632 -902.5105
v 241.7099 60.64586 -911.3998
v 242.5032 52.16369 -908.8931
v 221.8279 61.52036 -895.8875
v 217.743 61.54394 -899.2883
v 225.9319 109.9091 -917.3363
v 221.9064 109.1112 -920.705
v 231.9472 110.0169 -915.757
v 227.8704 61.5031 -894.4005
v 237.9864 109.3001 -917.1427
v 233.8976 61.39068 -895.9792
v 243.1834 107.9099 -920.8775
v 239.0466 61.17267 -899.9547
v 245.1562 106.219 -926.9732
v 240.9483 60.90736 -906.2751
v 244.3968 104.6834 -931.301
v 240.1137 60.66932 -910.7509
v 208.8279 136.6398 -934.3766
v 210.8817 197.5374 -962.9734
v 214.5019 136.8498 -955.0584
v 216.8635 193.2184 -983.7864
v 207.8497 196.1345 -950.5875
v 205.9908 136.5348 -924.0361
v 205.0393 188.5614 -936.4054
v 203.1538 136.4298 -913.6955
v 202.9359 181.748 -922.9415
v 200.7636 136.3413 -904.9829
v 199.5612 177.571 -910.9805
v 198.3734 136.2529 -896.2704
v 197.6509 179.7658 -905.8639
v 196.8753 141.7675 -891.58
v 196.9304 192.0007 -907.578
v 196.1264 144.525 -889.2355
v 195.2772 205.829 -905.7681
v 192.8296 148.699 -881.8918
v 192.539 221.4214 -899.7739
v 191.362 160.0106 -875.3158
v 189.9945 228.9879 -892.1471
v 189.3903 168.9059 -870.9332
v 188.0855 229.4063 -884.5984
v 187.4187 177.8012 -866.5515
v 187.5618 224.3231 -879.7516
v 185.2657 188.6724 -863.1628
v 186.4435 229.2564 -875.0594
v 184.4755 202.0513 -861.9841
v 185.3211 229.7738 -869.8527
v 183.8175 217.2886 -863.0572
v 184.5939 227.3387 -867.2955
v 183.7087 223.5119 -864.6119
v 216.8635 193.2184 -983.7864
v 210.8817 197.5374 -962.9734
v 199.5427 192.0292 -987.704
v 193.7585 196.6767 -967.5826
v 207.8497 196.1345 -950.5875
v 190.5008 195.2111 -955.3652
v 205.0393 188.5614 -936.4054
v 187.7783 188.1196 -941.9323
v 202.9359 181.748 -922.9415
v 185.3947 181.457 -928.4077
v 199.5612 177.571 -910.9805
v 183.2592 177.1738 -912.8594
v 197.6509 179.7658 -905.8639
v 183.2592 177.1738 -912.8594
v 208.8279 136.6398 -934.3766
v 214.5019 136.8498 -955.0584
v 193.0898 135.2885 -938.7081
v 198.7639 135.4984 -959.3896
v 190.2527 135.1835 -928.3674
v 205.9908 136.5348 -924.0361
v 187.4156 135.0783 -918.0268
v 203.1538 136.4298 -913.6955
v 185.0255 134.99 -909.3144
v 200.7636 136.3413 -904.9829
v 182.6353 134.9014 -900.6021
v 198.3734 136.2529 -896.2704
v 181.1373 140.4161 -895.9116
v 196.8753 141.7675 -891.58
v 180.3883 143.1735 -893.567
v 196.1264 144.525 -889.2355
v 177.0916 147.3477 -886.2233
v 192.8296 148.699 -881.8918
v 175.624 158.6592 -879.6472
v 191.362 160.0106 -875.3158
v 173.6524 167.5546 -875.2648
v 189.3903 168.9059 -870.9332
v 171.6806 176.4498 -870.8831
v 187.4187 177.8012 -866.5515
v 169.5277 187.3209 -867.4945
v 185.2657 188.6724 -863.1628
v 168.7374 200.7002 -866.3156
v 184.4755 202.0513 -861.9841
v 195.2772 205.829 -905.7681
v 192.539 221.4214 -899.7739
v 179.6025 204.7942 -909.1847
v 176.6544 219.1021 -902.8567
v 181.0628 190.6594 -910.1683
v 196.9304 192.0007 -907.578
v 189.9945 228.9879 -892.1471
v 174.5499 226.5586 -895.9529
v 188.0855 229.4063 -884.5984
v 172.8204 227.993 -888.9406
v 171.6638 226.574 -884.5616
v 187.5618 224.3231 -879.7516
v 171.9324 221.207 -882.2219
v 187.5618 224.3231 -879.7516
v 186.4435 229.2564 -875.0594
v 171.9324 221.207 -882.2219
v 171.7052 227.1303 -878.7689
v 185.3211 229.7738 -869.8527
v 169.8605 228.5286 -874.5554
v 184.5939 227.3387 -867.2955
v 169.8605 228.5286 -874.5554
v 169.8605 228.5286 -874.5554
v 168.8923 225.9334 -872.0375
v 183.7087 223.5119 -864.6119
v 168.5231 222.1352 -869.2816
v 183.8175 217.2886 -863.0572
v 168.0794 215.9373 -867.3885
v 184.4755 202.0513 -861.9841
v 168.7374 200.7002 -866.3156
v 183.2592 177.1738 -912.8594
v 197.6509 179.7658 -905.8639
v 181.5729 180.4362 -910.405
v 197.6509 179.7658 -905.8639
v 196.9304 192.0007 -907.578
v 181.5729 180.4362 -910.405
v 181.0628 190.6594 -910.1683
v 231.8981 198.9553 -1009.344
v 233.1961 199.3446 -1006.639
v 234.144 272.7635 -1048.096
v 234.144 272.7635 -1048.096
v 235.737 273.5864 -1045.335
v 234.1392 199.6275 -1004.674
v 236.8944 274.1843 -1043.329
v 221.636 273.2099 -1048.744
v 231.8981 198.9553 -1009.344
v 234.144 272.7635 -1048.096
v 218.0902 199.5037 -1010.497
v 231.8981 198.9553 -1009.344
v 221.636 273.2099 -1048.744
v 213.6656 273.9337 -1047.046
v 210.1353 199.6231 -1008.572
v 206.0126 275.7213 -1041.75
v 202.5447 200.2386 -1002.993
v 204.6848 276.7838 -1037.18
v 201.3093 199.8754 -998.1575
v 205.9514 278.3983 -1030.716
v 202.674 200.1926 -991.5186
v 218.0902 199.5037 -1010.497
v 210.1353 199.6231 -1008.572
v 218.232 199.3617 -1012.5
v 209.1586 199.4859 -1010.387
v 202.5447 200.2386 -1002.993
v 200.7478 200.1856 -1004.306
v 233.1428 198.4768 -1011.666
v 201.3093 199.8754 -998.1575
v 199.2104 199.7429 -998.0987
v 202.674 200.1926 -991.5186
v 231.8981 198.9553 -1009.344
v 237.1928 198.2515 -1009.186
v 233.1961 199.3446 -1006.639
v 234.1392 199.6275 -1004.674
v 237.8803 198.6648 -1006.563
v 238.1268 199.7024 -999.9994
v 235.0387 199.9953 -999.2076
v 232.8733 199.6862 -991.5262
v 199.2104 199.7429 -998.0987
v 200.6935 200.4761 -990.109
v 207.9082 200.1887 -987.4658
v 206.0316 200.5465 -985.2386
v 216.004 199.7739 -986.8087
v 215.9727 200.1729 -983.7809
v 203.3295 191.5235 -978.4613
v 215.3839 191.0119 -977.4175
v 215.9727 200.1729 -983.7809
v 224.9278 200.0163 -985.9537
v 206.0316 200.5465 -985.2386
v 215.9727 200.1729 -983.7809
v 223.7584 200.0393 -988.6818
v 224.9278 200.0163 -985.9537
v 230.6313 199.603 -992.956
v 224.9278 200.0163 -985.9537
v 232.8733 199.6862 -991.5262
v 232.8733 199.6862 -991.5262
v 209.1586 199.4859 -1010.387
v 216.8975 191.2654 -1010.403
v 218.232 199.3617 -1012.5
v 206.4755 191.3382 -1007.795
v 200.7478 200.1856 -1004.306
v 197.0884 191.8905 -1000.369
v 233.1682 190.3049 -1009.378
v 233.1428 198.4768 -1011.666
v 237.8007 189.9 -1006.512
v 237.1928 198.2515 -1009.186
v 200.6935 200.4761 -990.109
v 195.2056 191.0407 -992.9545
v 199.2104 199.7429 -998.0987
v 197.1283 191.7329 -984.0257
v 197.0884 191.8905 -1000.369
v 199.2104 199.7429 -998.0987
v 200.7478 200.1856 -1004.306
v 206.0316 200.5465 -985.2386
v 197.1283 191.7329 -984.0257
v 200.6935 200.4761 -990.109
v 203.3295 191.5235 -978.4613
v 206.0316 200.5465 -985.2386
v 224.4737 191.1074 -979.9081
v 215.3839 191.0119 -977.4175
v 224.9278 200.0163 -985.9537
v 232.8733 199.6862 -991.5262
v 224.4737 191.1074 -979.9081
v 224.9278 200.0163 -985.9537
v 236.0206 190.4976 -986.819
v 224.4737 191.1074 -979.9081
v 232.8733 199.6862 -991.5262
v 238.1268 199.7024 -999.9994
v 236.0206 190.4976 -986.819
v 232.8733 199.6862 -991.5262
v 240.1061 191.3113 -993.2867
v 237.8803 198.6648 -1006.563
v 238.1268 199.7024 -999.9994
v 238.9118 190.1826 -1003.608
v 237.1928 198.2515 -1009.186
v 237.8007 189.9 -1006.512
v 216.004 199.7739 -986.8087
v 207.9082 200.1887 -987.4658
v 219.0064 279.304 -1024.882
v 211.1855 279.196 -1026.744
v 202.674 200.1926 -991.5186
v 205.9514 278.3983 -1030.716
v 226.8582 278.5871 -1026.516
v 223.7584 200.0393 -988.6818
v 234.6325 277.1238 -1030.785
v 230.6313 199.603 -992.956
v 236.4818 275.8723 -1037.424
v 235.0387 199.9953 -999.2076
v 236.8944 274.1843 -1043.329
v 234.1392 199.6275 -1004.674
v 252.2525 135.1131 -895.1169
v 245.5901 141.9794 -896.7117
v 260.9418 144.1827 -898.7543
v 251.9265 156.4911 -903.769
v 236.9901 146.9415 -897.2365
v 241.1855 162.0104 -904.3122
v 228.6944 146.7444 -895.5975
v 241.1855 162.0104 -904.3122
v 230.4588 162.6372 -902.8289
v 222.6767 145.3255 -893.6085
v 230.4588 162.6372 -902.8289
v 222.6767 145.3255 -893.6085
v 219.4855 158.7049 -899.4835
v 215.7986 142.519 -890.8616
v 208.6677 150.98 -893.6688
v 208.7409 133.8408 -885.63
v 201.138 144.4683 -890.1449
v 208.6677 150.98 -893.6688
v 201.138 144.4683 -890.1449
v 215.5225 156.0415 -935.988
v 208.2227 143.9659 -930.8791
v 223.9893 164.9973 -940.1826
v 219.4855 158.7049 -899.4835
v 234.6005 168.6103 -944.1094
v 230.4588 162.6372 -902.8289
v 243.8337 166.3061 -944.5956
v 230.4588 162.6372 -902.8289
v 241.1855 162.0104 -904.3122
v 230.4588 162.6372 -902.8289
v 253.545 161.5104 -942.4471
v 241.1855 162.0104 -904.3122
v 251.9265 156.4911 -903.769
v 259.1813 143.9658 -940.2479
v 251.9265 156.4911 -903.769
v 260.9418 144.1827 -898.7543
v 255.675 151.2889 -932.3046
v 253.2471 160.0627 -931.3954
v 264.7511 171.7433 -937.4131
v 260.4242 181.3883 -940.7386
v 244.3023 165.3253 -932.2019
v 250.138 186.4726 -940.9143
v 234.1481 167.346 -930.8974
v 239.5096 189.1679 -940.3456
v 227.2131 164.7841 -929.4913
v 229.1989 186.079 -937.9018
v 219.6644 159.6575 -927.0676
v 216.7113 177.6153 -932.9791
v 207.3175 143.7504 -923.5844
v 208.4828 164.5363 -927.4891
v 250.138 186.4726 -940.9143
v 239.5096 189.1679 -940.3456
v 243.5613 166.1601 -979.8241
v 234.4786 165.9645 -979.0959
v 229.1989 186.079 -937.9018
v 224.5563 163.6917 -975.2234
v 216.7113 177.6153 -932.9791
v 216.7312 155.4172 -969.787
v 208.4828 164.5363 -927.4891
v 252.7809 160.871 -978.8301
v 260.4242 181.3883 -940.7386
v 259.4823 158.6823 -975.431
v 264.7511 171.7433 -937.4131
v 216.7312 155.4172 -969.787
v 208.4828 164.5363 -927.4891
v 212.2468 145.6911 -963.6696
v 223.9261 53.29094 -874.7807
v 198.2485 53.29096 -882.7921
v 153.2563 53.29098 -1076.921
v 132.8712 53.29103 -1069.794
v 185.4098 53.29096 -1088.161
v 256.0794 53.29086 -886.0219
v 218.7089 53.29084 -1099.803
v 293.7001 53.29082 -884.163
v 236.0589 53.29098 -1105.869
v 310.8857 53.29097 -890.6216
v 299.0925 53.29091 -1127.906
v 373.3221 53.29095 -914.0862
v 398.6025 53.29096 -923.5869
v 324.6147 53.29096 -1136.829
v 346.2939 53.29091 -1144.408
v 413.2711 53.29089 -952.8297
v 366.701 53.29105 -1151.542
v 433.6785 53.29094 -959.9642
v 381.0547 53.29091 -1156.561
v 441.7879 53.29101 -982.8431
v 314.5075 53.39899 -885.7491
v 307.7312 49.04886 -887.197
v 373.095 53.35931 -911.4698
v 337.1245 53.4003 -884.1082
v 365.7801 53.40163 -896.7535
v 313.3723 49.04897 -883.0248
v 307.7312 49.04886 -887.197
v 337.1245 53.4003 -884.1082
v 335.9894 49.0504 -881.3837
v 223.9261 53.29094 -874.7807
v 195.4833 40.76428 -874.4081
v 198.2485 53.29096 -882.7921
v 223.4226 40.76431 -867.1877
v 256.0794 53.29086 -886.0219
v 223.4226 40.76431 -867.1877
v 223.9261 53.29094 -874.7807
v 255.5758 40.76431 -878.4285
v 195.4833 40.76428 -874.4081
v 130.1061 40.76431 -1061.41
v 198.2485 53.29096 -882.7921
v 132.8712 53.29103 -1069.794
v 293.7001 53.29082 -884.163
v 255.5758 40.76431 -878.4285
v 256.0794 53.29086 -886.0219
v 290.2722 40.42502 -876.5068
v 292.2145 44.57811 -878.9064
v 305.0638 44.40076 -870.789
v 303.2817 40.2477 -867.19
v 335.2954 44.57817 -869.0792
v 334.4957 40.42503 -864.9655
v 378.7603 44.59712 -886.4163
v 379.7477 40.42511 -883.3632
v 334.7241 44.56503 -873.9927
v 308.5556 44.417 -875.1353
v 292.2145 44.57811 -878.9064
v 297.6998 44.56499 -881.7631
v 378.7603 44.59712 -886.4163
v 372.3198 44.58079 -889.0767
v 334.7241 44.56503 -873.9927
v 380.8902 44.56493 -907.246
v 386.3878 44.57814 -907.2365
v 380.4489 44.56498 -913.8726
v 385.9778 44.57808 -916.1402
v 413.2711 53.29089 -952.8297
v 397.4597 40.76426 -919.2446
v 398.6025 53.29096 -923.5869
v 412.7676 40.76423 -945.2365
v 433.6785 53.29094 -959.9642
v 433.1746 40.76421 -952.3713
v 441.7879 53.29101 -982.8431
v 442.8854 40.76431 -975.8097
v 313.3723 49.04897 -883.0248
v 299.3361 49.05127 -884.2302
v 307.7312 49.04886 -887.197
v 310.1617 49.05104 -877.629
v 335.9894 49.0504 -881.3837
v 336.3087 49.05126 -876.5153
v 366.4612 49.05176 -894.2563
v 372.3126 49.05133 -890.9145
v 374.2302 49.05212 -909.1995
v 379.2819 49.05128 -908.1638
v 374.0601 49.05191 -912.9236
v 378.9842 49.05128 -914.797
v 310.1617 49.05104 -877.629
v 297.6998 44.56499 -881.7631
v 299.3361 49.05127 -884.2302
v 308.5556 44.417 -875.1353
v 386.3878 44.57814 -907.2365
v 379.7477 40.42511 -883.3632
v 378.7603 44.59712 -886.4163
v 387.5304 40.42501 -906.7792
v 385.9778 44.57808 -916.1402
v 386.7018 40.42503 -914.93
v 372.3198 44.58079 -889.0767
v 334.7241 44.56503 -873.9927
v 372.3126 49.05133 -890.9145
v 336.3087 49.05126 -876.5153
v 379.2819 49.05128 -908.1638
v 380.8902 44.56493 -907.246
v 378.9842 49.05128 -914.797
v 380.4489 44.56498 -913.8726
v 334.7241 44.56503 -873.9927
v 308.5556 44.417 -875.1353
v 336.3087 49.05126 -876.5153
v 336.3087 49.05126 -876.5153
v 308.5556 44.417 -875.1353
v 310.1617 49.05104 -877.629
v 378.9842 49.05128 -914.797
v 385.9778 44.57808 -916.1402
v 380.4489 44.56498 -913.8726
v 398.6025 53.29095 -923.5869
v 373.3221 53.29095 -914.0862
v 374.0601 49.05191 -912.9236
v 386.7018 40.42503 -914.93
v 397.4596 40.76426 -919.2446
v 366.4612 49.05176 -894.2563
v 335.9894 49.0504 -881.3837
v 365.7801 53.40163 -896.7535
v 365.7801 53.40163 -896.7535
v 335.9894 49.0504 -881.3837
v 337.1245 53.4003 -884.1082
v 374.2302 49.05212 -909.1995
v 366.4612 49.05176 -894.2563
v 373.095 53.35931 -911.4698
v 365.7801 53.40163 -896.7535
v 373.3221 53.29095 -914.0862
v 374.0601 49.05191 -912.9236
v 382.1522 40.76421 -1149.527
v 442.8854 40.76431 -975.8097
v 381.0547 53.29091 -1156.561
v 441.7879 53.29101 -982.8431
v 381.9455 60.81791 -954.4844
v 387.2231 60.66932 -950.5387
v 386.2879 104.0108 -975.0021
v 391.5062 104.6834 -971.0883
v 381.0793 103.9229 -975.7853
v 376.7097 60.85524 -955.1749
v 374.9489 104.6467 -974.3446
v 370.5913 60.97471 -953.5416
v 369.0629 106.4343 -969.8528
v 364.7532 61.59014 -948.8093
v 388.0578 60.90741 -946.0627
v 368.0416 107.4968 -965.9759
v 363.8031 61.22677 -944.7075
v 369.0157 109.1112 -960.4927
v 376.7097 60.85524 -955.1749
v 370.5913 60.97471 -953.5416
v 376.8186 60.71302 -956.8735
v 369.8401 60.83727 -955.0817
v 364.7532 61.59014 -948.8093
v 363.3712 61.537 -949.9231
v 382.914 60.70125 -955.8954
v 381.9455 60.81791 -954.4844
v 388.8194 60.64579 -951.1874
v 363.8031 61.22677 -944.7075
v 362.1886 61.09449 -944.6577
v 364.8525 61.54391 -939.076
v 363.4666 61.66234 -938.1627
v 368.9375 61.52029 -935.6754
v 368.1794 61.56614 -934.1929
v 374.98 61.5031 -934.1881
v 375.0811 61.52439 -932.5121
v 365.3567 52.87506 -927.9999
v 359.4989 52.8671 -933.4245
v 363.4666 61.66234 -938.1627
v 374.7511 52.40366 -926.7014
v 381.9685 61.36768 -934.3555
v 382.1395 52.54011 -928.3974
v 381.0072 61.39066 -935.7668
v 381.9685 61.36768 -934.3555
v 386.1559 61.1726 -939.7423
v 381.9685 61.36768 -934.3555
v 387.7485 61.03785 -939.0825
v 388.0578 60.90741 -946.0627
v 387.7485 61.03785 -939.0825
v 389.8824 61.05368 -946.2702
v 387.2231 60.66932 -950.5387
v 369.8401 60.83727 -955.0817
v 375.7923 52.61681 -955.095
v 376.8186 60.71302 -956.8735
v 367.7766 52.68959 -952.8831
v 363.3712 61.537 -949.9231
v 360.5565 53.24197 -946.583
v 382.9333 52.52931 -953.9539
v 382.914 60.70125 -955.8954
v 389.6127 52.16367 -948.6806
v 388.8194 60.64579 -951.1874
v 364.8525 61.54391 -939.076
v 363.8031 61.22677 -944.7075
v 369.0157 109.1112 -960.4927
v 373.0413 109.9088 -957.1242
v 368.9375 61.52029 -935.6754
v 379.0566 110.017 -955.5443
v 374.98 61.5031 -934.1881
v 385.0959 109.3001 -956.9304
v 381.0072 61.39066 -935.7668
v 390.2928 107.9098 -960.6653
v 386.1559 61.1726 -939.7423
v 392.2657 106.2189 -966.7612
v 388.0578 60.90741 -946.0627
v 391.5062 104.6834 -971.0883
v 363.4666 61.66234 -938.1627
v 359.1085 52.39222 -940.294
v 362.1886 61.09449 -944.6577
v 360.5565 53.24197 -946.583
v 363.3712 61.537 -949.9231
v 359.4989 52.8671 -933.4245
v 387.7485 61.03785 -939.0825
v 382.1395 52.54011 -928.3974
v 381.9685 61.36768 -934.3555
v 389.2706 52.16438 -934.1746
v 389.8824 61.05368 -946.2702
v 389.2706 52.16438 -934.1746
v 387.7485 61.03785 -939.0825
v 390.9703 52.46637 -942.298
v 388.8194 60.64579 -951.1874
v 389.6127 52.16367 -948.6806
v 421.5192 60.81798 -983.6745
v 425.7336 60.6693 -980.5207
v 424.9866 104.0108 -1000.073
v 429.1538 104.6835 -996.9456
v 420.8274 103.9229 -1000.699
v 417.3383 60.85515 -984.2264
v 415.9323 104.6466 -999.548
v 412.4528 60.97471 -982.9211
v 411.2322 106.4343 -995.9578
v 407.7909 61.59012 -979.1385
v 410.4167 107.4967 -992.8591
v 407.0321 61.2268 -975.8602
v 411.1947 109.1112 -988.4767
v 407.8703 61.54391 -971.3592
v 426.3998 60.90738 -976.9434
v 417.3383 60.85515 -984.2264
v 412.4528 60.97471 -982.9211
v 417.4254 60.71298 -985.5838
v 411.8528 60.83727 -984.1517
v 407.7909 61.59012 -979.1385
v 406.6874 61.53712 -980.0289
v 422.2924 60.70123 -984.802
v 421.5192 60.81798 -983.6745
v 427.0082 60.64591 -981.0394
v 407.0321 61.2268 -975.8602
v 405.743 61.09443 -975.8203
v 407.8703 61.54391 -971.3592
v 406.7636 61.66234 -970.6293
v 411.132 61.52036 -968.6409
v 410.5267 61.56606 -967.4564
v 425.7336 60.6693 -980.5207
v 427.857 61.05375 -977.1092
v 426.3998 60.90738 -976.9434
v 426.153 61.0378 -971.3643
v 424.8816 61.17265 -971.8917
v 421.5376 61.36763 -967.5864
v 415.9572 61.50317 -967.4526
v 410.5267 61.56606 -967.4564
v 416.0379 61.52436 -966.1127
v 420.7699 61.39064 -968.7142
v 421.5376 61.36763 -967.5864
v 411.8528 60.83727 -984.1517
v 416.606 52.61683 -984.1625
v 417.4254 60.71298 -985.5838
v 410.2051 52.68959 -982.3945
v 406.6874 61.53712 -980.0289
v 404.4396 53.24203 -977.3593
v 422.3079 52.52938 -983.2507
v 422.2924 60.70123 -984.802
v 427.6415 52.16381 -979.0357
v 427.0082 60.64591 -981.0394
v 405.743 61.09443 -975.8203
v 403.2834 52.39214 -972.3327
v 406.7636 61.66234 -970.6293
v 403.2834 52.39214 -972.3327
v 405.743 61.09443 -975.8203
v 403.5952 52.86722 -966.8421
v 410.5267 61.56606 -967.4564
v 408.2728 52.87499 -962.5067
v 416.0379 61.52436 -966.1127
v 408.2728 52.87499 -962.5067
v 410.5267 61.56606 -967.4564
v 415.7742 52.40361 -961.4686
v 408.2728 52.87499 -962.5067
v 416.0379 61.52436 -966.1127
v 421.5376 61.36763 -967.5864
v 421.6743 52.54011 -962.8241
v 415.7742 52.40361 -961.4686
v 421.5376 61.36763 -967.5864
v 426.153 61.0378 -971.3643
v 421.6743 52.54011 -962.8241
v 421.5376 61.36763 -967.5864
v 427.3685 52.16429 -967.4416
v 427.857 61.05375 -977.1092
v 428.7258 52.46634 -973.9346
v 427.0082 60.64591 -981.0394
v 427.6415 52.16381 -979.0357
v 411.132 61.52036 -968.6409
v 407.8703 61.54391 -971.3592
v 414.4092 109.9088 -985.7843
v 411.1947 109.1112 -988.4767
v 419.2125 110.017 -984.5217
v 415.9572 61.50317 -967.4526
v 424.0349 109.3002 -985.6293
v 420.7699 61.39064 -968.7142
v 428.1846 107.9099 -988.6145
v 424.8816 61.17265 -971.8917
v 429.7599 106.2189 -993.4865
v 426.3998 60.90738 -976.9434
v 429.1538 104.6835 -996.9456
v 430.253 198.9554 -1075.398
v 436.8552 198.2304 -1071.965
v 445.8717 275.8087 -1107.576
v 451.0899 276.4814 -1104.096
v 440.663 275.7207 -1108.271
v 425.0172 198.9927 -1076.012
v 434.5328 276.4445 -1106.991
v 418.8987 199.1121 -1074.56
v 428.6468 278.2322 -1102.998
v 413.0609 199.7276 -1070.353
v 427.6253 279.2947 -1099.552
v 437.6314 199.045 -1067.479
v 451.8494 278.0168 -1100.25
v 412.1106 199.3644 -1066.708
v 425.0172 198.9927 -1076.012
v 418.8987 199.1121 -1074.56
v 425.1262 198.8506 -1077.522
v 418.1476 198.9748 -1075.929
v 431.2213 198.8388 -1076.652
v 413.0609 199.7276 -1070.353
v 411.6787 199.6747 -1071.344
v 412.1106 199.3644 -1066.708
v 408.9466 199.3527 -1065.963
v 412.9898 199.6815 -1061.417
v 410.5519 199.8 -1060.034
v 417.2448 199.6577 -1058.679
v 415.8228 199.7037 -1056.542
v 423.334 199.6405 -1058.123
v 430.253 198.9554 -1075.398
v 438.4515 198.207 -1072.542
v 436.8552 198.2304 -1071.965
v 439.3445 199.1911 -1066.622
v 437.6314 199.045 -1067.479
v 436.8406 199.1752 -1060.363
v 415.8228 199.7037 -1056.542
v 423.3886 199.6618 -1055.867
v 429.2637 199.5282 -1059.375
v 430.3839 199.5052 -1057.727
v 435.1936 199.3102 -1062.142
v 436.8406 199.1752 -1060.363
v 418.1476 198.9748 -1075.929
v 424.0998 190.7544 -1075.941
v 425.1262 198.8506 -1077.522
v 416.084 190.8271 -1073.975
v 411.6787 199.6747 -1071.344
v 409.3315 191.5039 -1067.536
v 431.2406 190.6668 -1074.927
v 431.2213 198.8388 -1076.652
v 439.2447 189.7248 -1070.313
v 438.4515 198.207 -1072.542
v 408.9466 199.3527 -1065.963
v 405.4126 190.5296 -1062.076
v 412.9898 199.6815 -1061.417
v 412.1106 199.3644 -1066.708
v 428.5997 280.9092 -1094.678
v 427.6253 279.2947 -1099.552
v 432.6253 281.707 -1091.683
v 417.2448 199.6577 -1058.679
v 438.6405 281.8148 -1090.28
v 423.334 199.6405 -1058.123
v 444.6799 281.0979 -1091.511
v 429.2637 199.5282 -1059.375
v 449.8768 279.7078 -1094.831
v 435.1936 199.3102 -1062.142
v 451.8494 278.0168 -1100.25
v 437.6314 199.045 -1067.479
v 415.8228 199.7037 -1056.542
v 406.7328 191.0802 -1055.502
v 410.5519 199.8 -1060.034
v 413.6642 191.0126 -1051.856
v 415.8228 199.7037 -1056.542
v 406.7328 191.0802 -1055.502
v 405.4126 190.5296 -1062.076
v 410.5519 199.8 -1060.034
v 408.9466 199.3527 -1065.963
v 423.3886 199.6618 -1055.867
v 413.6642 191.0126 -1051.856
v 415.8228 199.7037 -1056.542
v 423.0008 190.4769 -1051.141
v 430.3839 199.5052 -1057.727
v 430.9972 190.6475 -1052.246
v 423.0008 190.4769 -1051.141
v 430.3839 199.5052 -1057.727
v 436.8406 199.1752 -1060.363
v 439.0314 190.2442 -1056.327
v 430.9972 190.6475 -1052.246
v 436.8406 199.1752 -1060.363
v 439.3445 199.1911 -1066.622
v 441.9799 190.6037 -1063.328
v 438.4515 198.207 -1072.542
v 439.2447 189.7248 -1070.313
v 318.0687 137.5226 -912.9346
v 308.6835 146.4439 -914.0706
v 323.1544 150.1041 -920.0303
v 312.7264 159.9204 -921.2501
v 300.0107 150.8053 -913.4012
v 302.2438 166.536 -921.0362
v 291.8699 151.2211 -911.1447
v 292.0875 168.8402 -919.011
v 282.8483 149.6595 -907.7479
v 282.7938 166.0308 -914.9805
v 277.1227 144.803 -903.8806
v 271.9705 156.0863 -907.332
v 271.5205 137.1129 -898.7957
v 260.9418 144.1828 -898.7543
v 271.9705 156.0863 -907.332
v 260.9418 144.1828 -898.7543
v 265.3139 156.0415 -946.7119
v 272.7723 164.9974 -952.5129
v 282.7938 166.0308 -914.9805
v 282.3854 168.6103 -958.4798
v 292.0875 168.8402 -919.011
v 291.3355 166.306 -960.8001
v 302.2438 166.536 -921.0362
v 301.2802 161.5104 -960.6343
v 312.7264 159.9204 -921.2501
v 312.279 149.874 -958.8389
v 259.1813 143.9658 -940.2479
v 323.1544 150.1041 -920.0303
v 311.8869 152.0064 -945.7518
v 303.9654 159.4211 -946.751
v 317.7784 167.8904 -950.7561
v 311.48 180.0645 -954.2977
v 296.1174 163.6478 -946.3761
v 301.4629 186.4885 -954.2693
v 286.2808 166.5471 -944.8567
v 290.721 190.1097 -952.8096
v 279.5121 164.3255 -941.9666
v 281.0682 186.662 -948.5649
v 272.9763 160.503 -938.4415
v 269.5868 177.7157 -941.3967
v 266.1655 153.6431 -933.5097
v 264.7511 171.7433 -937.4131
v 301.4629 186.4885 -954.2693
v 290.721 190.1097 -952.8096
v 289.0686 166.1774 -991.7349
v 279.8995 167.9222 -990.4011
v 281.0682 186.662 -948.5649
v 269.8096 167.1026 -985.7064
v 269.5868 177.7157 -941.3967
v 261.9197 159.1046 -979.3259
v 264.7511 171.7433 -937.4131
v 257.153 147.8522 -971.1588
v 299.5114 162.1246 -991.0948
v 311.48 180.0645 -954.2977
v 304.093 154.5464 -988.0143
v 317.7784 167.8904 -950.7561
v 380.1294 137.5225 -939.0353
v 372.0547 150.7281 -939.9882
v 388.7424 149.4852 -947.982
v 379.3588 166.3495 -948.4666
v 363.9376 156.2697 -938.6865
v 367.7269 175.7574 -946.7888
v 354.8885 158.5573 -935.1855
v 355.663 177.9687 -943.0538
v 347.4091 156.517 -931.3746
v 343.8541 173.3006 -936.4673
v 338.5498 149.3684 -925.3179
v 334.2141 166.3302 -928.5582
v 330.2678 136.0433 -918.6745
v 323.1544 150.1041 -920.0303
v 367.7269 175.7574 -946.7888
v 355.663 177.9687 -943.0538
v 350.6522 167.9362 -978.3363
v 339.9986 169.8862 -975.656
v 343.8541 173.3006 -936.4673
v 359.4536 162.4283 -979.634
v 379.3588 166.3495 -948.4666
v 365.0559 150.8378 -980.3118
v 388.7424 149.4852 -947.982
v 328.4659 165.6371 -971.3674
v 334.2141 166.3302 -928.5582
v 319.2598 156.7151 -964.4536
v 323.1544 150.1041 -920.0303
v 312.1411 144.759 -956.8047
v 367.0189 152.3007 -971.3569
v 359.4932 163.8925 -969.3915
v 373.7699 168.4346 -977.9131
v 364.8921 181.3505 -976.6007
v 351.4371 168.2329 -967.704
v 355.0299 187.8289 -975.0513
v 344.01 167.3072 -963.9639
v 344.7766 191.6357 -971.6988
v 334.5665 165.1961 -960.8164
v 335.2322 187.2148 -967.4435
v 328.2823 161.055 -957.1029
v 324.5126 178.2678 -959.5541
v 321.3733 155.7126 -951.0543
v 317.7784 167.8904 -950.7561
v 355.0299 187.8289 -975.0513
v 344.7766 191.6357 -971.6988
v 339.7376 170.926 -1009.935
v 328.6231 174.2302 -1007.989
v 335.2322 187.2148 -967.4435
v 347.6432 163.0631 -1010.491
v 364.8921 181.3505 -976.6007
v 353.2167 157.2762 -1005.411
v 373.7699 168.4346 -977.9131
v 318.8496 171.0179 -1002.848
v 324.5126 178.2678 -959.5541
v 309.955 165.5988 -995.9535
v 317.7784 167.8904 -950.7561
v 304.093 154.5465 -988.0142
v 420.4902 157.5671 -962.4962
v 412.7054 157.0763 -959.3841
v 421.0609 177.0095 -970.3455
v 409.2148 173.8601 -964.5209
v 403.3933 151.7331 -953.8762
v 398.4678 166.2491 -957.362
v 395.406 136.6025 -946.9003
v 388.7423 149.4852 -947.9824
v 430.2354 163.6711 -974.3806
v 427.3842 153.4257 -964.8112
v 439.0602 150.5549 -975.5101
v 432.6453 140.6393 -966.9258
v 398.4678 166.2491 -957.362
v 388.7423 149.4852 -947.9824
v 374.4985 157.2746 -984.4516
v 367.2844 145.3185 -976.8929
v 383.7907 166.1966 -991.2492
v 409.2148 173.8601 -964.5209
v 395.3766 170.4456 -995.3928
v 421.0609 177.0095 -970.3455
v 430.2354 163.6711 -974.3806
v 421.0609 177.0095 -970.3455
v 406.063 168.4956 -997.9388
v 414.8798 162.9875 -999.1261
v 439.0602 150.5549 -975.5101
v 406.063 168.4956 -997.9388
v 421.0609 177.0095 -970.3455
v 395.3766 170.4456 -995.3928
v 414.3601 156.1184 -995.4961
v 408.8786 161.9534 -995.7582
v 417.7541 167.463 -998.8522
v 412.6408 178.3338 -1000.625
v 400.2041 166.2655 -993.2874
v 403.6115 182.1818 -998.5335
v 392.5984 165.1542 -989.9502
v 395.018 182.7637 -995.4365
v 383.7849 163.6985 -985.3793
v 385.7857 180.674 -990.3888
v 377.9616 157.7624 -980.7008
v 376.6149 173.9788 -983.8314
v 374.34 150.7814 -977.0539
v 371.7646 168.237 -978.9473
v 403.6115 182.1818 -998.5335
v 395.018 182.7637 -995.4365
v 383.2164 171.2356 -1025.342
v 371.8139 173.603 -1022.559
v 385.7857 180.674 -990.3888
v 391.2093 162.9189 -1025.635
v 412.6408 178.3338 -1000.625
v 397.4191 156.6322 -1020.421
v 417.7541 167.463 -998.8522
v 364.2563 170.2925 -1018.6
v 376.6149 173.9788 -983.8314
v 356.5508 164.7779 -1012.647
v 371.7646 168.237 -978.9473
v 349.9621 153.2227 -1008.146
v 466.1585 150.9709 -990.8814
v 459.8515 155.5462 -987.0178
v 466.9978 166.6703 -998.9609
v 457.0158 168.2779 -993.1581
v 452.3239 152.6232 -980.0612
v 447.216 167.3427 -984.0757
v 477.9919 161.8514 -999.7683
v 472.2136 147.1742 -992.7811
v 484.056 153.599 -998.336
v 479.2485 141.9631 -990.9166
v 446.5424 138.9793 -975.9809
v 439.0602 150.5549 -975.5101
v 477.9919 161.8514 -999.7683
v 466.9978 166.6703 -998.9609
v 444.457 157.8538 -1023.87
v 438.079 165.4583 -1022.5
v 457.0158 168.2779 -993.1581
v 427.8798 166.9213 -1016.341
v 447.216 167.3427 -984.0757
v 418.7068 164.9765 -1008.133
v 450.5326 145.4204 -1023.661
v 484.056 153.599 -998.336
v 452.3239 152.6232 -980.0612
v 446.5424 138.9793 -975.9809
v 447.216 167.3427 -984.0757
v 447.216 167.3427 -984.0757
v 439.0602 150.5549 -975.5101
v 418.7068 164.9765 -1008.133
v 411.2902 145.3183 -997.7993
v 456.3605 158.0503 -1014.948
v 450.0168 162.2399 -1014.222
v 459.5226 172.2828 -1020.356
v 454.2762 182.7255 -1020.991
v 443.3539 165.9479 -1014.328
v 444.6821 187.042 -1020.597
v 435.0797 166.1403 -1010.307
v 435.4826 188.2403 -1016.392
v 429.8211 165.9291 -1006.088
v 426.6772 185.3614 -1011.66
v 425.8731 165.5537 -1002.272
v 420.3687 177.0744 -1006.272
v 444.6821 187.042 -1020.597
v 435.4826 188.2403 -1016.392
v 418.7022 166.573 -1043.705
v 407.8839 170.2773 -1040.092
v 426.6772 185.3614 -1011.66
v 400.6902 168.7334 -1035.627
v 420.3687 177.0744 -1006.272
v 393.8401 163.4508 -1028.527
v 425.2247 160.0269 -1045.019
v 454.2762 182.7255 -1020.991
v 420.3687 177.0744 -1006.272
v 416.2887 168.7923 -999.7039
v 387.7532 152.0906 -1022.953
v 459.5226 172.2828 -1020.356
v 454.2762 182.7255 -1020.991
v 431.2401 155.6927 -1040.503
v 425.8731 165.5537 -1002.272
v 420.1677 151.9189 -997.0009
v 420.3687 177.0744 -1006.272
v 420.3687 177.0744 -1006.272
v 420.1677 151.9189 -997.0009
v 416.2887 168.7923 -999.7039
v 431.2401 155.6927 -1040.503
v 454.2762 182.7255 -1020.991
v 425.2247 160.0269 -1045.019
v 292.2145 44.57811 -878.9064
v 293.7001 53.29082 -884.163
v 297.6998 44.56499 -881.7631
v 299.3361 49.05127 -884.2302
v 307.7312 49.04886 -887.197
v 310.8857 53.29097 -890.6216
vt 0.537852 0.294483
vt 0.546012 0.31107
vt 0.493829 0.346407
vt 0.515265 0.28243
vt 0.488251 0.28682
vt 0.472097 0.299921
vt 0.460685 0.313887
vt 0.451974 0.330716
vt 0.44799 0.342211
vt 0.445093 0.354139
vt 0.447502 0.366846
vt 0.453721 0.378368
vt 0.464838 0.386785
vt 0.479536 0.39162
vt 0.498172 0.390835
vt 0.516813 0.38607
vt 0.530874 0.375466
vt 0.540801 0.36265
vt 0.521221 0.264656
vt 0.551142 0.278807
vt 0.56506 0.29817
vt 0.438354 0.325611
vt 0.448428 0.301861
vt 0.463488 0.281504
vt 0.486362 0.266646
vt 0.525605 0.401242
vt 0.499835 0.407842
vt 0.493836 0.412556
vt 0.468378 0.41297
vt 0.474272 0.408274
vt 0.449259 0.404857
vt 0.455133 0.400302
vt 0.43377 0.394125
vt 0.439618 0.389606
vt 0.423698 0.380012
vt 0.429536 0.37546
vt 0.519486 0.405985
vt 0.545071 0.386602
vt 0.538846 0.391429
vt 0.429536 0.37546
vt 0.428673 0.356744
vt 0.432987 0.340838
vt 0.56506 0.29817
vt 0.551142 0.278807
vt 0.558563 0.303367
vt 0.54458 0.283791
vt 0.521221 0.264656
vt 0.514748 0.269654
vt 0.486362 0.266646
vt 0.48011 0.271864
vt 0.463488 0.281504
vt 0.457393 0.286754
vt 0.565716 0.322992
vt 0.572145 0.317683
vt 0.564634 0.339199
vt 0.571007 0.333896
vt 0.562618 0.356244
vt 0.568977 0.351125
vt 0.552559 0.37387
vt 0.558858 0.368895
vt 0.538846 0.391429
vt 0.545071 0.386602
vt 0.428673 0.356744
vt 0.429536 0.37546
vt 0.422778 0.361281
vt 0.427064 0.345525
vt 0.432987 0.340838
vt 0.423698 0.380012
vt 0.432442 0.330611
vt 0.438354 0.325611
vt 0.442435 0.307
vt 0.448428 0.301861
vt 0.457393 0.286754
vt 0.463488 0.281504
vt 0.545071 0.386602
vt 0.558858 0.368895
vt 0.548059 0.349812
vt 0.54946 0.337389
vt 0.55022 0.325724
vt 0.568977 0.351125
vt 0.571007 0.333896
vt 0.572145 0.317683
vt 0.575693 0.153655
vt 0.550334 0.140135
vt 0.588118 0.134215
vt 0.560852 0.109503
vt 0.523921 0.13921
vt 0.52686 0.102682
vt 0.49695 0.147684
vt 0.488541 0.110254
vt 0.482119 0.154825
vt 0.464026 0.126727
vt 0.462281 0.171747
vt 0.440879 0.15512
vt 0.44488 0.205052
vt 0.422471 0.191938
vt 0.440879 0.15512
vt 0.422471 0.191938
vt 0.400766 0.036063
vt 0.385703 0.058701
vt 0.415777 0.004316
vt 0.464026 0.126727
vt 0.438936 -0.010824
vt 0.488541 0.110254
vt 0.462545 -0.019778
vt 0.52686 0.102682
vt 0.500809 -0.013281
vt 0.560852 0.109503
vt 0.529917 0.017449
vt 0.588118 0.134215
vt 0.504257 0.963382
vt 0.381503 0.94986
vt 0.5338 0.848573
vt 0.46194 0.837863
vt 0.598947 0.971252
vt 0.615511 0.855192
vt 0.679127 0.972981
vt 0.68136 0.861648
vt 0.758795 0.97179
vt 0.743007 0.859717
vt 0.856129 0.963061
vt 0.828616 0.856043
vt 0.964713 0.947484
vt 0.905676 0.844936
vt 0.504257 0.963382
vt 0.382585 0.965944
vt 0.381503 0.94986
vt 0.503374 0.979359
vt 0.598947 0.971252
vt 0.596924 0.987171
vt 0.679127 0.972981
vt 0.675979 0.988874
vt 0.758795 0.97179
vt 0.75448 0.987674
vt 0.856129 0.963061
vt 0.850704 0.978982
vt 0.964713 0.947484
vt 0.957403 0.963465
vt 0.382151 0.543577
vt 0.311116 0.558826
vt 0.360029 0.477929
vt 0.287488 0.491494
vt 0.440343 0.454955
vt 0.460969 0.521031
vt 0.50606 0.433856
vt 0.524881 0.503914
vt 0.563582 0.413574
vt 0.581909 0.480422
vt 0.524881 0.503914
vt 0.563582 0.413574
vt 0.643927 0.379385
vt 0.660755 0.446871
vt 0.719279 0.33949
vt 0.728984 0.409369
vt 0.360029 0.477929
vt 0.287488 0.491494
vt 0.36344 0.490728
vt 0.290898 0.504294
vt 0.443757 0.467755
vt 0.440343 0.454955
vt 0.509475 0.446654
vt 0.50606 0.433856
vt 0.566997 0.426372
vt 0.563582 0.413574
vt 0.647343 0.392183
vt 0.643927 0.379385
vt 0.722697 0.352288
vt 0.719279 0.33949
vt 0.36344 0.490728
vt 0.290898 0.504294
vt 0.35851 0.475496
vt 0.286542 0.492184
vt 0.439865 0.454636
vt 0.443757 0.467755
vt 0.504336 0.436165
vt 0.509475 0.446654
vt 0.563984 0.413437
vt 0.566997 0.426372
vt 0.643775 0.377453
vt 0.647343 0.392183
vt 0.720958 0.338861
vt 0.722697 0.352288
vt 0.35851 0.475496
vt 0.286542 0.492184
vt 0.347819 0.443684
vt 0.428559 0.421547
vt 0.439865 0.454636
vt 0.493645 0.404352
vt 0.504336 0.436165
vt 0.548286 0.382784
vt 0.563984 0.413437
vt 0.628664 0.349491
vt 0.347819 0.443684
vt 0.289452 0.453206
vt 0.643775 0.377453
vt 0.628664 0.349491
vt 0.70325 0.316324
vt 0.720958 0.338861
vt 0.628664 0.349491
vt 0.704254 0.1932
vt 0.628664 0.349491
vt 0.615633 0.23385
vt 0.548286 0.382784
vt 0.524401 0.271853
vt 0.493645 0.404352
vt 0.468102 0.294066
vt 0.347819 0.443684
vt 0.289452 0.453206
vt 0.31787 0.334586
vt 0.31787 0.334586
vt 0.289452 0.453206
vt 0.248056 0.349245
vt 0.428559 0.421547
vt 0.347819 0.443684
vt 0.401018 0.311755
vt 0.31787 0.334586
vt 0.468102 0.294066
vt 0.493645 0.404352
vt 0.785073 0.145678
vt 0.60201 0.234652
vt 0.789301 0.11371
vt 0.603756 0.203525
vt 0.580908 0.223109
vt 0.579775 0.196997
vt 0.552831 0.218649
vt 0.550829 0.189118
vt 0.529067 0.218135
vt 0.526092 0.191007
vt 0.50219 0.221132
vt 0.498589 0.193107
vt 0.474686 0.207965
vt 0.478229 0.232141
vt 0.448949 0.223964
vt 0.453256 0.249858
vt 0.433004 0.246957
vt 0.43356 0.270949
vt 0.410589 0.274743
vt 0.409341 0.303639
vt 0.295712 0.330684
vt 0.289527 0.304234
vt 0.188791 0.346577
vt 0.177894 0.319796
vt 0.603756 0.203525
vt 0.746788 0.067813
vt 0.789301 0.11371
vt 0.569924 0.127964
vt 0.52545 0.090987
vt 0.579775 0.196997
vt 0.495489 0.084292
vt 0.550829 0.189118
vt 0.475356 0.084582
vt 0.526092 0.191007
vt 0.452976 0.084904
vt 0.498589 0.193107
vt 0.432014 0.100985
vt 0.474686 0.207965
vt 0.409469 0.118282
vt 0.448949 0.223964
vt 0.396686 0.137869
vt 0.433004 0.246957
vt 0.390856 0.192976
vt 0.410589 0.274743
vt 0.289527 0.304234
vt 0.281422 0.212538
vt 0.177894 0.319796
vt 0.201777 0.204609
vt 0.144849 0.197271
vt 0.152063 0.289804
vt 0.135417 0.217474
vt 0.13881 0.295047
vt 0.129582 0.226409
vt 0.124427 0.301714
vt 0.108559 0.187487
vt 0.126593 0.20982
vt 0.11868 0.197235
vt 0.112175 0.308808
vt 0.094883 0.184406
vt 0.099899 0.314174
vt 0.081396 0.186145
vt 0.085783 0.317247
vt 0.068725 0.193859
vt 0.071944 0.315069
vt 0.060015 0.210074
vt 0.061589 0.25622
vt 0.061022 0.306272
vt 0.055125 0.266354
vt 0.053722 0.293507
vt 0.052769 0.279423
vt 0.05494 0.228537
vt 0.056919 0.244444
vt 0.085783 0.317247
vt 0.099899 0.314174
vt 0.045586 0.310088
vt 0.058969 0.309301
vt 0.112175 0.308808
vt 0.071765 0.304648
vt 0.030981 0.30877
vt 0.124427 0.301714
vt 0.083393 0.297607
vt 0.13881 0.295047
vt 0.098496 0.291817
vt 0.152063 0.289804
vt 0.112832 0.2878
vt 0.162245 0.284162
vt 0.122938 0.280983
vt 0.185758 0.188512
vt 0.162245 0.284162
vt 0.148021 0.164473
vt 0.14839 0.128293
vt 0.151831 0.106883
vt 0.179463 0.01585
vt 0.179463 0.01585
vt 0.151831 0.106883
vt 0.122051 0.010532
vt 0.102718 0.10173
vt 0.14839 0.128293
vt 0.100373 0.12724
vt 0.148021 0.164473
vt 0.100961 0.163003
vt 0.144849 0.197271
vt 0.09188 0.190451
vt 0.135417 0.217474
vt 0.085311 0.210087
vt 0.129582 0.226409
vt 0.089562 0.220734
vt 0.129582 0.226409
vt 0.126593 0.20982
vt 0.089562 0.220734
vt 0.086542 0.204219
vt 0.11868 0.197235
vt 0.078531 0.191677
vt 0.108559 0.187487
vt 0.068265 0.18195
vt 0.094883 0.184406
vt 0.0544 0.178849
vt 0.081396 0.186145
vt 0.068725 0.193859
vt 0.035775 0.180391
vt 0.023094 0.187389
vt 0.0544 0.178849
vt 0.094883 0.184406
vt 0.060015 0.210074
vt 0.013142 0.203612
vt 0.05494 0.228537
vt 0.010054 0.221422
vt 0.056919 0.244444
vt 0.012215 0.237936
vt 0.061589 0.25622
vt 0.020541 0.250198
vt 0.061589 0.25622
vt 0.055125 0.266354
vt 0.020541 0.250198
vt 0.013977 0.260261
vt 0.052769 0.279423
vt 0.01157 0.273255
vt 0.053722 0.293507
vt 0.012521 0.287267
vt 0.061022 0.306272
vt 0.01991 0.299986
vt 0.071944 0.315069
vt 0.030981 0.30877
vt 0.085783 0.317247
vt 0.830989 0.399736
vt 0.828859 0.417535
vt 0.821247 0.397607
vt 0.818313 0.415414
vt 0.838897 0.419555
vt 0.841351 0.400498
vt 0.851785 0.422147
vt 0.852947 0.404207
vt 0.867205 0.425966
vt 0.868107 0.413475
vt 0.827699 0.46236
vt 0.848816 0.465629
vt 0.866755 0.459899
vt 0.876015 0.426958
vt 0.875681 0.452348
vt 0.853521 0.393665
vt 0.864223 0.401489
vt 0.843462 0.392678
vt 0.832742 0.392342
vt 0.882363 0.445124
vt 0.880869 0.43209
vt 0.822352 0.459757
vt 0.816404 0.491963
vt 0.812362 0.45154
vt 0.806268 0.483356
vt 0.803115 0.443368
vt 0.795688 0.474348
vt 0.791007 0.433194
vt 0.810175 0.412916
vt 0.794232 0.402642
vt 0.786245 0.466275
vt 0.775117 0.420494
vt 0.770398 0.452612
vt 0.763163 0.410505
vt 0.758607 0.442527
vt 0.753865 0.403232
vt 0.752526 0.437326
vt 0.744066 0.394915
vt 0.744989 0.430879
vt 0.720654 0.376108
vt 0.728525 0.416797
vt 0.752383 0.349014
vt 0.767623 0.368545
vt 0.778921 0.386142
vt 0.738265 0.340704
vt 0.707527 0.333238
vt 0.821247 0.397607
vt 0.810175 0.412916
vt 0.832742 0.392342
vt 0.821247 0.397607
vt 0.839785 0.37833
vt 0.826174 0.382173
vt 0.849585 0.37859
vt 0.843462 0.392678
vt 0.860036 0.380845
vt 0.853521 0.393665
vt 0.869616 0.388161
vt 0.864223 0.401489
vt 0.875656 0.395241
vt 0.868107 0.413475
vt 0.87922 0.407475
vt 0.867205 0.425966
vt 0.821247 0.397607
vt 0.810175 0.412916
vt 0.826174 0.382173
vt 0.810175 0.412916
vt 0.813843 0.392428
vt 0.810175 0.412916
vt 0.794232 0.402642
vt 0.813843 0.392428
vt 0.813843 0.392428
vt 0.794232 0.402642
vt 0.799595 0.385608
vt 0.778921 0.386142
vt 0.784954 0.369971
vt 0.767623 0.368545
vt 0.774144 0.349625
vt 0.752383 0.349014
vt 0.759922 0.333337
vt 0.738265 0.340704
vt 0.744753 0.323709
vt 0.707527 0.333238
vt 0.715527 0.316518
vt 0.816404 0.491963
vt 0.827699 0.46236
vt 0.831089 0.476523
vt 0.837685 0.451336
vt 0.875681 0.452348
vt 0.882363 0.445124
vt 0.887101 0.434975
vt 0.874406 0.442806
vt 0.866755 0.459899
vt 0.857487 0.449618
vt 0.848816 0.465629
vt 0.837685 0.451336
vt 0.827699 0.46236
vt 0.887101 0.434975
vt 0.882363 0.445124
vt 0.889677 0.428221
vt 0.880869 0.43209
vt 0.888904 0.413883
vt 0.876015 0.426958
vt 0.888904 0.413883
vt 0.888904 0.413883
vt 0.876015 0.426958
vt 0.883528 0.410751
vt 0.867205 0.425966
vt 0.87922 0.407475
vt 0.843692 0.047903
vt 0.854726 0.044295
vt 0.839634 0.129319
vt 0.866384 0.116869
vt 0.814057 0.132785
vt 0.823125 0.054135
vt 0.783537 0.140735
vt 0.742536 0.051654
vt 0.885157 0.09464
vt 0.88304 0.056183
vt 0.407135 0.218007
vt 0.396441 0.211826
vt 0.422128 0.200469
vt 0.407578 0.186264
vt 0.37804 0.20882
vt 0.379973 0.178605
vt 0.359378 0.211501
vt 0.353809 0.180281
vt 0.34264 0.216328
vt 0.328057 0.190251
vt 0.326201 0.228188
vt 0.306628 0.207758
vt 0.313224 0.243921
vt 0.296952 0.227305
vt 0.306628 0.207758
vt 0.296952 0.227305
vt 0.304608 0.090998
vt 0.294292 0.108749
vt 0.317311 0.065284
vt 0.328057 0.190251
vt 0.337433 0.054846
vt 0.353809 0.180281
vt 0.357441 0.056853
vt 0.379973 0.178605
vt 0.374595 0.064487
vt 0.407578 0.186264
vt 0.397903 0.091362
vt 0.422128 0.200469
vt 0.281632 0.246881
vt 0.272256 0.239454
vt 0.295793 0.232394
vt 0.28138 0.217605
vt 0.252424 0.236175
vt 0.253454 0.210532
vt 0.234476 0.236875
vt 0.228977 0.209986
vt 0.218919 0.241352
vt 0.203092 0.216431
vt 0.204457 0.247017
vt 0.18934 0.226717
vt 0.192283 0.25735
vt 0.170134 0.242003
vt 0.18934 0.226717
vt 0.170134 0.242003
vt 0.213256 0.131775
vt 0.205127 0.148301
vt 0.225741 0.107533
vt 0.203092 0.216431
vt 0.245756 0.09853
vt 0.228977 0.209986
vt 0.265639 0.101649
vt 0.253454 0.210532
vt 0.282124 0.110284
vt 0.28138 0.217605
vt 0.305087 0.137912
vt 0.295793 0.232394
vt 0.685967 0.107916
vt 0.673992 0.098282
vt 0.698179 0.079211
vt 0.682954 0.067347
vt 0.655959 0.097159
vt 0.655853 0.065037
vt 0.63925 0.100534
vt 0.6314 0.071687
vt 0.621624 0.108347
vt 0.607158 0.086922
vt 0.609441 0.125542
vt 0.588271 0.110924
vt 0.60537 0.14041
vt 0.584755 0.128219
vt 0.588271 0.110924
vt 0.584755 0.128219
vt 0.528058 0.01298
vt 0.523707 0.028505
vt 0.537736 -0.016586
vt 0.607158 0.086922
vt 0.555615 -0.031409
vt 0.6314 0.071687
vt 0.574673 -0.033207
vt 0.655853 0.065037
vt 0.592781 -0.029179
vt 0.682954 0.067347
vt 0.617857 -0.005872
vt 0.698179 0.079211
vt 0.792478 0.0502
vt 0.773472 0.064694
vt 0.801872 0.030057
vt 0.785913 0.021775
vt 0.761046 0.060166
vt 0.760999 0.022503
vt 0.748446 0.060083
vt 0.739629 0.031378
vt 0.73191 0.065625
vt 0.719019 0.047523
vt 0.71991 0.077119
vt 0.701429 0.066373
vt 0.710291 0.092406
vt 0.694135 0.084862
vt 0.701429 0.066373
vt 0.694135 0.084862
vt 0.615769 -0.017715
vt 0.612009 -0.001727
vt 0.624469 -0.048323
vt 0.719019 0.047523
vt 0.641174 -0.064064
vt 0.739629 0.031378
vt 0.659314 -0.066568
vt 0.760999 0.022503
vt 0.677223 -0.063432
vt 0.785913 0.021775
vt 0.801872 0.030057
vt 0.785913 0.021775
vt 0.701864 -0.040684
vt 0.701864 -0.040684
vt 0.785913 0.021775
vt 0.677223 -0.063432
vt 0.283871 0.129599
vt 0.275843 0.12482
vt 0.294115 0.108728
vt 0.279518 0.096869
vt 0.256072 0.122193
vt 0.256364 0.093504
vt 0.238116 0.123568
vt 0.232494 0.097957
vt 0.222505 0.128707
vt 0.211814 0.1088
vt 0.216103 0.139758
vt 0.197637 0.119871
vt 0.212015 0.153158
vt 0.189989 0.138403
vt 0.197637 0.119871
vt 0.189989 0.138403
vt 0.217751 0.029473
vt 0.211849 0.046731
vt 0.230451 0.004403
vt 0.211814 0.1088
vt 0.243725 -0.003747
vt 0.232494 0.097957
vt 0.259607 -0.005587
vt 0.256364 0.093504
vt 0.232494 0.097957
vt 0.259607 -0.005587
vt 0.279518 0.096869
vt 0.256364 0.093504
vt 0.283923 0.017761
vt 0.29495 0.0329
vt 0.294115 0.108728
vt 0.283923 0.017761
vt 0.256364 0.093504
vt 0.259607 -0.005587
vt 0.382141 0.105865
vt 0.37448 0.097717
vt 0.388805 0.078616
vt 0.377672 0.065033
vt 0.354513 0.092934
vt 0.355297 0.061283
vt 0.334571 0.095862
vt 0.328956 0.066235
vt 0.320634 0.104943
vt 0.309596 0.078916
vt 0.314045 0.116077
vt 0.295812 0.096036
vt 0.309738 0.129581
vt 0.287854 0.11471
vt 0.295812 0.096036
vt 0.287854 0.11471
vt 0.291304 0.003351
vt 0.290033 0.027892
vt 0.304298 -0.021902
vt 0.309596 0.078916
vt 0.324358 -0.031686
vt 0.328956 0.066235
vt 0.344072 -0.02908
vt 0.355297 0.061283
vt 0.328956 0.066235
vt 0.344072 -0.02908
vt 0.377672 0.065033
vt 0.355297 0.061283
vt 0.365304 -0.008564
vt 0.376177 0.006695
vt 0.388805 0.078616
vt 0.365304 -0.008564
vt 0.355297 0.061283
vt 0.344072 -0.02908
vt 0.528484 0.040066
vt 0.503133 0.025848
vt 0.540476 0.020261
vt 0.513048 -0.005462
vt 0.476968 0.024569
vt 0.4793 -0.012867
vt 0.450403 0.03292
vt 0.441513 -0.005576
vt 0.435835 0.040059
vt 0.417519 0.011003
vt 0.41646 0.057173
vt 0.395109 0.039938
vt 0.403402 0.088382
vt 0.384003 0.069406
vt 0.395109 0.039938
vt 0.384003 0.069406
vt 0.373157 -0.0658
vt 0.360952 -0.042855
vt 0.380249 -0.096683
vt 0.417519 0.011003
vt 0.401291 -0.113125
vt 0.441513 -0.005576
vt 0.424131 -0.120497
vt 0.4793 -0.012867
vt 0.462838 -0.111887
vt 0.513048 -0.005462
vt 0.492151 -0.079989
vt 0.540476 0.020261
vt 0.183298 0.554263
vt 0.192162 0.540803
vt 0.278175 0.485731
vt 0.290467 0.471314
vt 0.27628 0.503399
vt 0.184089 0.566285
vt 0.277422 0.51824
vt 0.186436 0.585739
vt 0.285399 0.533092
vt 0.191345 0.602469
vt 0.291271 0.547646
vt 0.204588 0.621879
vt 0.312839 0.565517
vt 0.222777 0.632842
vt 0.16707 0.472186
vt 0.174612 0.455177
vt 0.261207 0.402634
vt 0.271978 0.384887
vt 0.258471 0.42126
vt 0.167277 0.485297
vt 0.25957 0.435833
vt 0.169583 0.504498
vt 0.2675 0.450626
vt 0.174449 0.521072
vt 0.27336 0.465215
vt 0.18761 0.540402
vt 0.294876 0.48343
vt 0.205714 0.551491
vt 0.152923 0.408301
vt 0.160493 0.391688
vt 0.246332 0.337574
vt 0.257165 0.320467
vt 0.242956 0.349289
vt 0.152512 0.414702
vt 0.153003 0.419442
vt 0.152512 0.414702
vt 0.242235 0.349374
vt 0.250139 0.36415
vt 0.157839 0.435902
vt 0.256001 0.378817
vt 0.170952 0.455202
vt 0.277516 0.39744
vt 0.189014 0.466453
vt 0.242235 0.349374
vt 0.152512 0.414702
vt 0.242956 0.349289
vt 0.730889 0.341387
vt 0.779305 0.323756
vt 0.745131 0.348033
vt 0.792975 0.330044
vt 0.755672 0.359093
vt 0.801421 0.339745
vt 0.767651 0.373839
vt 0.814645 0.355877
vt 0.776599 0.389211
vt 0.82469 0.371217
vt 0.784838 0.407668
vt 0.832495 0.393612
vt 0.785994 0.428092
vt 0.831649 0.412442
vt 0.676585 0.28695
vt 0.719919 0.272408
vt 0.688194 0.285547
vt 0.733608 0.270741
vt 0.698036 0.290266
vt 0.744816 0.273741
vt 0.70982 0.302717
vt 0.756349 0.287325
vt 0.719193 0.317076
vt 0.766065 0.302163
vt 0.728375 0.335274
vt 0.775543 0.323339
vt 0.731565 0.357698
vt 0.776293 0.343454
vt 0.532536 0.715569
vt 0.542597 0.723086
vt 0.52232 0.663724
vt 0.532104 0.671075
vt 0.512305 0.66224
vt 0.5226 0.71425
vt 0.500151 0.664799
vt 0.510956 0.717312
vt 0.487981 0.672932
vt 0.499626 0.72611
vt 0.485528 0.680106
vt 0.497984 0.733982
vt 0.486683 0.69023
vt 0.499834 0.744569
vt 0.5226 0.71425
vt 0.510956 0.717312
vt 0.522868 0.711072
vt 0.509592 0.714432
vt 0.499626 0.72611
vt 0.497029 0.724013
vt 0.53442 0.712928
vt 0.532536 0.715569
vt 0.545631 0.721863
vt 0.542597 0.723086
vt 0.497984 0.733982
vt 0.494982 0.734112
vt 0.499834 0.744569
vt 0.497155 0.746269
vt 0.507586 0.751021
vt 0.506129 0.753818
vt 0.519045 0.753844
vt 0.519228 0.757015
vt 0.504558 0.76778
vt 0.522497 0.770351
vt 0.532347 0.753562
vt 0.536388 0.767115
vt 0.4935 0.757539
vt 0.497155 0.746269
vt 0.530515 0.750881
vt 0.532347 0.753562
vt 0.540365 0.743405
vt 0.532347 0.753562
vt 0.543439 0.744691
vt 0.544079 0.731501
vt 0.547475 0.731068
vt 0.543439 0.744691
vt 0.509592 0.714432
vt 0.524373 0.716689
vt 0.522868 0.711072
vt 0.509207 0.720845
vt 0.497029 0.724013
vt 0.495333 0.732591
vt 0.537891 0.718868
vt 0.53442 0.712928
vt 0.550653 0.728923
vt 0.545631 0.721863
vt 0.494982 0.734112
vt 0.492971 0.744694
vt 0.547475 0.731068
vt 0.550007 0.756305
vt 0.543439 0.744691
vt 0.553091 0.74089
vt 0.545631 0.721863
vt 0.550653 0.728923
vt 0.550007 0.756305
vt 0.536388 0.767115
vt 0.543439 0.744691
vt 0.532347 0.753562
vt 0.4935 0.757539
vt 0.492971 0.744694
vt 0.497155 0.746269
vt 0.494982 0.734112
vt 0.507586 0.751021
vt 0.499834 0.744569
vt 0.494113 0.696514
vt 0.486683 0.69023
vt 0.505706 0.699539
vt 0.519045 0.753844
vt 0.517708 0.697066
vt 0.530515 0.750881
vt 0.528365 0.690251
vt 0.540365 0.743405
vt 0.532909 0.678971
vt 0.544079 0.731501
vt 0.532104 0.671075
vt 0.542597 0.723086
vt 0.417477 0.734415
vt 0.427546 0.74193
vt 0.405098 0.682924
vt 0.414847 0.69028
vt 0.395087 0.681439
vt 0.407539 0.733097
vt 0.382896 0.684005
vt 0.39589 0.736159
vt 0.370635 0.692152
vt 0.384529 0.744962
vt 0.368127 0.699335
vt 0.382905 0.752831
vt 0.3692 0.709473
vt 0.384739 0.763421
vt 0.407539 0.733097
vt 0.39589 0.736159
vt 0.407814 0.729917
vt 0.394532 0.733278
vt 0.384529 0.744962
vt 0.381935 0.742865
vt 0.382905 0.752831
vt 0.37991 0.75296
vt 0.384739 0.763421
vt 0.382055 0.765121
vt 0.392492 0.769872
vt 0.391034 0.77267
vt 0.403953 0.772695
vt 0.404134 0.775866
vt 0.389888 0.786562
vt 0.378831 0.77632
vt 0.382055 0.765121
vt 0.40785 0.78913
vt 0.417262 0.772412
vt 0.421735 0.785894
vt 0.415428 0.769732
vt 0.417262 0.772412
vt 0.425288 0.762254
vt 0.417262 0.772412
vt 0.428369 0.763539
vt 0.429016 0.750347
vt 0.428369 0.763539
vt 0.432405 0.749916
vt 0.427546 0.74193
vt 0.430581 0.740707
vt 0.417477 0.734415
vt 0.419367 0.731773
vt 0.394532 0.733278
vt 0.409716 0.735469
vt 0.407814 0.729917
vt 0.394546 0.739626
vt 0.381935 0.742865
vt 0.380646 0.751376
vt 0.423238 0.737647
vt 0.419367 0.731773
vt 0.436018 0.747699
vt 0.430581 0.740707
vt 0.37991 0.75296
vt 0.378325 0.763472
vt 0.382055 0.765121
vt 0.378325 0.763472
vt 0.37991 0.75296
vt 0.378831 0.77632
vt 0.428369 0.763539
vt 0.421735 0.785894
vt 0.417262 0.772412
vt 0.435372 0.775082
vt 0.432405 0.749916
vt 0.435372 0.775082
vt 0.428369 0.763539
vt 0.438441 0.759669
vt 0.430581 0.740707
vt 0.436018 0.747699
vt 0.392492 0.769872
vt 0.384739 0.763421
vt 0.376589 0.715763
vt 0.3692 0.709473
vt 0.388177 0.718789
vt 0.403953 0.772695
vt 0.400215 0.716311
vt 0.415428 0.769732
vt 0.410944 0.709484
vt 0.425288 0.762254
vt 0.415574 0.69819
vt 0.429016 0.750347
vt 0.414847 0.69028
vt 0.427546 0.74193
vt 0.300263 0.597561
vt 0.271453 0.520899
vt 0.311264 0.556996
vt 0.285854 0.480605
vt 0.266133 0.546296
vt 0.294763 0.617839
vt 0.264698 0.57726
vt 0.289264 0.638116
vt 0.264264 0.606346
vt 0.284631 0.655199
vt 0.259841 0.63148
vt 0.279999 0.672281
vt 0.25481 0.641044
vt 0.2741 0.67998
vt 0.246511 0.634013
vt 0.27114 0.683842
vt 0.235324 0.63354
vt 0.262387 0.697176
vt 0.220762 0.641043
vt 0.253276 0.707198
vt 0.211139 0.654353
vt 0.244422 0.713584
vt 0.206995 0.669643
vt 0.235497 0.720019
vt 0.208929 0.680963
vt 0.225007 0.724013
vt 0.203731 0.689161
vt 0.215704 0.72295
vt 0.201132 0.69965
vt 0.205461 0.716819
vt 0.201095 0.705527
vt 0.201562 0.712017
vt 0.285854 0.480605
vt 0.271453 0.520899
vt 0.251738 0.473177
vt 0.237488 0.511929
vt 0.266133 0.546296
vt 0.231773 0.537003
vt 0.264698 0.57726
vt 0.230358 0.566329
vt 0.264264 0.606346
vt 0.229384 0.595516
vt 0.259841 0.63148
vt 0.227559 0.627852
vt 0.25481 0.641044
vt 0.227559 0.627852
vt 0.300263 0.597561
vt 0.311264 0.556996
vt 0.270176 0.589497
vt 0.281167 0.548956
vt 0.264681 0.609764
vt 0.294763 0.617839
vt 0.259186 0.630029
vt 0.289264 0.638116
vt 0.254557 0.647102
vt 0.284631 0.655199
vt 0.249929 0.664174
vt 0.279999 0.672281
vt 0.243961 0.671848
vt 0.2741 0.67998
vt 0.240965 0.675699
vt 0.27114 0.683842
vt 0.232162 0.68901
vt 0.262387 0.697176
vt 0.222904 0.698985
vt 0.253276 0.707198
vt 0.213934 0.705333
vt 0.244422 0.713584
vt 0.204893 0.711731
vt 0.235497 0.720019
vt 0.194259 0.715682
vt 0.225007 0.724013
vt 0.184774 0.714569
vt 0.215704 0.72295
vt 0.235324 0.63354
vt 0.220762 0.641043
vt 0.204272 0.626952
vt 0.189835 0.635467
vt 0.215437 0.629214
vt 0.246511 0.634013
vt 0.211139 0.654353
vt 0.181078 0.647302
vt 0.206995 0.669643
vt 0.176683 0.661186
vt 0.175184 0.670525
vt 0.208929 0.680963
vt 0.178973 0.676808
vt 0.208929 0.680963
vt 0.203731 0.689161
vt 0.178973 0.676808
vt 0.174931 0.682182
vt 0.201132 0.69965
vt 0.170318 0.69039
vt 0.201095 0.705527
vt 0.170318 0.69039
vt 0.170318 0.69039
vt 0.169922 0.696238
vt 0.201562 0.712017
vt 0.171476 0.702879
vt 0.205461 0.716819
vt 0.174321 0.708384
vt 0.215704 0.72295
vt 0.184774 0.714569
vt 0.227559 0.627852
vt 0.25481 0.641044
vt 0.222334 0.631781
vt 0.25481 0.641044
vt 0.246511 0.634013
vt 0.222334 0.631781
vt 0.215437 0.629214
vt 0.312984 0.427038
vt 0.315389 0.432333
vt 0.276766 0.3164
vt 0.276766 0.3164
vt 0.279616 0.321778
vt 0.317137 0.436181
vt 0.281688 0.325688
vt 0.250448 0.314846
vt 0.312984 0.427038
vt 0.276766 0.3164
vt 0.284881 0.424501
vt 0.312984 0.427038
vt 0.250448 0.314846
vt 0.233411 0.318054
vt 0.268793 0.428331
vt 0.216386 0.328285
vt 0.253159 0.439331
vt 0.212977 0.337344
vt 0.250874 0.449211
vt 0.21465 0.350122
vt 0.253445 0.462464
vt 0.284881 0.424501
vt 0.268793 0.428331
vt 0.285244 0.420523
vt 0.266903 0.424729
vt 0.253159 0.439331
vt 0.249568 0.436705
vt 0.315746 0.422551
vt 0.250874 0.449211
vt 0.246722 0.44938
vt 0.253445 0.462464
vt 0.312984 0.427038
vt 0.324018 0.427631
vt 0.315389 0.432333
vt 0.317137 0.436181
vt 0.325183 0.43275
vt 0.325129 0.445567
vt 0.318753 0.447049
vt 0.314556 0.462639
vt 0.246722 0.44938
vt 0.249295 0.465198
vt 0.263992 0.470631
vt 0.260011 0.474985
vt 0.280531 0.472109
vt 0.280248 0.47806
vt 0.259621 0.491911
vt 0.28409 0.49419
vt 0.280248 0.47806
vt 0.298374 0.473741
vt 0.260011 0.474985
vt 0.280248 0.47806
vt 0.296006 0.468237
vt 0.298374 0.473741
vt 0.310085 0.459791
vt 0.298374 0.473741
vt 0.314556 0.462639
vt 0.314556 0.462639
vt 0.266903 0.424729
vt 0.286989 0.427914
vt 0.285244 0.420523
vt 0.266037 0.433118
vt 0.249568 0.436705
vt 0.24689 0.44781
vt 0.320145 0.430345
vt 0.315746 0.422551
vt 0.329649 0.436249
vt 0.324018 0.427631
vt 0.249295 0.465198
vt 0.243591 0.463008
vt 0.246722 0.44938
vt 0.247059 0.480668
vt 0.24689 0.44781
vt 0.246722 0.44938
vt 0.249568 0.436705
vt 0.260011 0.474985
vt 0.247059 0.480668
vt 0.249295 0.465198
vt 0.259621 0.491911
vt 0.260011 0.474985
vt 0.302276 0.489159
vt 0.28409 0.49419
vt 0.298374 0.473741
vt 0.314556 0.462639
vt 0.302276 0.489159
vt 0.298374 0.473741
vt 0.325764 0.475518
vt 0.302276 0.489159
vt 0.314556 0.462639
vt 0.325129 0.445567
vt 0.325764 0.475518
vt 0.314556 0.462639
vt 0.333533 0.46224
vt 0.325183 0.43275
vt 0.325129 0.445567
vt 0.331729 0.441963
vt 0.324018 0.427631
vt 0.329649 0.436249
vt 0.280531 0.472109
vt 0.263992 0.470631
vt 0.241386 0.361912
vt 0.225107 0.358068
vt 0.253445 0.462464
vt 0.21465 0.350122
vt 0.258211 0.358811
vt 0.296006 0.468237
vt 0.275291 0.350542
vt 0.310085 0.459791
vt 0.279866 0.337243
vt 0.318753 0.447049
vt 0.281688 0.325688
vt 0.317137 0.436181
vt 0.386038 0.674849
vt 0.369599 0.669851
vt 0.398664 0.665233
vt 0.374858 0.651905
vt 0.350211 0.667455
vt 0.350833 0.649258
vt 0.333995 0.670733
vt 0.350833 0.649258
vt 0.329266 0.652017
vt 0.322895 0.675032
vt 0.329266 0.652017
vt 0.322895 0.675032
vt 0.309608 0.659749
vt 0.310845 0.681188
vt 0.29235 0.673369
vt 0.301564 0.693747
vt 0.281018 0.682071
vt 0.29235 0.673369
vt 0.281018 0.682071
vt 0.303184 0.588399
vt 0.295205 0.602186
vt 0.31521 0.577274
vt 0.309608 0.659749
vt 0.334381 0.568323
vt 0.329266 0.652017
vt 0.353894 0.568102
vt 0.329266 0.652017
vt 0.350833 0.649258
vt 0.329266 0.652017
vt 0.375558 0.5739
vt 0.350833 0.649258
vt 0.374858 0.651905
vt 0.39531 0.583781
vt 0.374858 0.651905
vt 0.398664 0.665233
vt 0.384829 0.59714
vt 0.37569 0.596228
vt 0.39272 0.580628
vt 0.379299 0.570905
vt 0.355322 0.592997
vt 0.35615 0.568905
vt 0.334138 0.594957
vt 0.33346 0.569166
vt 0.321714 0.59854
vt 0.314436 0.575063
vt 0.309459 0.604915
vt 0.294017 0.587599
vt 0.293541 0.61658
vt 0.284711 0.602586
vt 0.35615 0.568905
vt 0.33346 0.569166
vt 0.353428 0.498257
vt 0.335509 0.499771
vt 0.314436 0.575063
vt 0.317021 0.508248
vt 0.294017 0.587599
vt 0.305901 0.52186
vt 0.284711 0.602586
vt 0.374364 0.502093
vt 0.379299 0.570905
vt 0.388706 0.509582
vt 0.39272 0.580628
vt 0.305901 0.52186
vt 0.284711 0.602586
vt 0.302201 0.537196
vt 0.400413 0.811825
vt 0.351919 0.796696
vt 0.266948 0.43007
vt 0.228449 0.443529
vt 0.327672 0.408841
vt 0.461136 0.790596
vt 0.39056 0.386855
vt 0.532186 0.794107
vt 0.423326 0.375399
vt 0.564642 0.781909
vt 0.542369 0.333781
vt 0.682557 0.737594
vt 0.730301 0.719651
vt 0.59057 0.316929
vt 0.631513 0.302615
vt 0.758004 0.664425
vt 0.670053 0.289142
vt 0.796544 0.65095
vt 0.697161 0.279664
vt 0.81186 0.607742
vt 0.571438 0.791084
vt 0.560421 0.789419
vt 0.682104 0.742517
vt 0.614153 0.794183
vt 0.668274 0.7703
vt 0.571055 0.797284
vt 0.560421 0.789419
vt 0.614153 0.794183
vt 0.613692 0.800378
vt 0.400413 0.811825
vt 0.352932 0.815469
vt 0.351919 0.796696
vt 0.405417 0.829033
vt 0.461136 0.790596
vt 0.405417 0.829033
vt 0.400413 0.811825
vt 0.465818 0.807917
vt 0.352932 0.815469
vt 0.230118 0.464178
vt 0.351919 0.796696
vt 0.228449 0.443529
vt 0.532186 0.794107
vt 0.465818 0.807917
vt 0.461136 0.790596
vt 0.531139 0.811606
vt 0.533048 0.806113
vt 0.557298 0.821428
vt 0.555647 0.829146
vt 0.614109 0.824604
vt 0.614203 0.833284
vt 0.695885 0.791978
vt 0.699199 0.798728
vt 0.613039 0.815362
vt 0.563861 0.813247
vt 0.533048 0.806113
vt 0.543375 0.800741
vt 0.695885 0.791978
vt 0.683772 0.786976
vt 0.613039 0.815362
vt 0.699904 0.752793
vt 0.710244 0.752808
vt 0.699074 0.740325
vt 0.709472 0.736055
vt 0.758004 0.664425
vt 0.732354 0.731242
vt 0.730301 0.719651
vt 0.76111 0.682415
vt 0.796544 0.65095
vt 0.799446 0.669012
vt 0.81186 0.607742
vt 0.817688 0.624982
vt 0.571055 0.797284
vt 0.544594 0.795011
vt 0.560421 0.789419
vt 0.565002 0.807456
vt 0.613692 0.800378
vt 0.614293 0.809555
vt 0.671136 0.77611
vt 0.682167 0.78241
vt 0.685781 0.74794
vt 0.695305 0.749893
vt 0.685461 0.740919
vt 0.694744 0.737388
vt 0.565002 0.807456
vt 0.543375 0.800741
vt 0.544594 0.795011
vt 0.563861 0.813247
vt 0.710244 0.752808
vt 0.699199 0.798728
vt 0.695885 0.791978
vt 0.713817 0.754746
vt 0.709472 0.736055
vt 0.712261 0.739437
vt 0.683772 0.786976
vt 0.613039 0.815362
vt 0.682167 0.78241
vt 0.614293 0.809555
vt 0.695305 0.749893
vt 0.699904 0.752793
vt 0.694744 0.737388
vt 0.699074 0.740325
vt 0.613039 0.815362
vt 0.563861 0.813247
vt 0.614293 0.809555
vt 0.614293 0.809555
vt 0.563861 0.813247
vt 0.565002 0.807456
vt 0.694744 0.737388
vt 0.709472 0.736055
vt 0.699074 0.740325
vt 0.730301 0.719651
vt 0.682557 0.737594
vt 0.685461 0.740919
vt 0.712261 0.739437
vt 0.732354 0.731242
vt 0.671136 0.77611
vt 0.613692 0.800378
vt 0.668274 0.7703
vt 0.668274 0.7703
vt 0.613692 0.800378
vt 0.614153 0.794183
vt 0.685781 0.74794
vt 0.671136 0.77611
vt 0.682104 0.742517
vt 0.668274 0.7703
vt 0.682557 0.737594
vt 0.685461 0.740919
vt 0.703598 0.298645
vt 0.817688 0.624982
vt 0.697161 0.279664
vt 0.81186 0.607742
vt 0.696197 0.659031
vt 0.706248 0.666552
vt 0.689059 0.606123
vt 0.698891 0.613458
vt 0.679038 0.604641
vt 0.686264 0.657712
vt 0.666936 0.607183
vt 0.674628 0.66077
vt 0.654896 0.61527
vt 0.663341 0.669554
vt 0.707747 0.674961
vt 0.65252 0.622417
vt 0.661674 0.677435
vt 0.653793 0.632501
vt 0.686264 0.657712
vt 0.674628 0.66077
vt 0.686521 0.654536
vt 0.673255 0.657894
vt 0.663341 0.669554
vt 0.660741 0.667458
vt 0.698073 0.656393
vt 0.696197 0.659031
vt 0.70928 0.665329
vt 0.661674 0.677435
vt 0.658663 0.677568
vt 0.663546 0.688014
vt 0.660876 0.689711
vt 0.671296 0.694466
vt 0.669843 0.697263
vt 0.682754 0.697289
vt 0.682938 0.70046
vt 0.667665 0.711433
vt 0.656608 0.701193
vt 0.660876 0.689711
vt 0.685572 0.714016
vt 0.696047 0.697011
vt 0.699472 0.710776
vt 0.694217 0.69433
vt 0.696047 0.697011
vt 0.704051 0.686859
vt 0.696047 0.697011
vt 0.707115 0.688149
vt 0.707747 0.674961
vt 0.707115 0.688149
vt 0.711153 0.674524
vt 0.706248 0.666552
vt 0.673255 0.657894
vt 0.687462 0.660349
vt 0.686521 0.654536
vt 0.672302 0.664503
vt 0.660741 0.667458
vt 0.658467 0.676236
vt 0.700975 0.66253
vt 0.698073 0.656393
vt 0.713711 0.672593
vt 0.70928 0.665329
vt 0.663546 0.688014
vt 0.661674 0.677435
vt 0.653793 0.632501
vt 0.661281 0.638764
vt 0.671296 0.694466
vt 0.672882 0.641787
vt 0.682754 0.697289
vt 0.684832 0.639332
vt 0.694217 0.69433
vt 0.695387 0.632552
vt 0.704051 0.686859
vt 0.699808 0.621314
vt 0.707747 0.674961
vt 0.698891 0.613458
vt 0.660876 0.689711
vt 0.656045 0.688358
vt 0.658663 0.677568
vt 0.658467 0.676236
vt 0.660741 0.667458
vt 0.656608 0.701193
vt 0.707115 0.688149
vt 0.699472 0.710776
vt 0.696047 0.697011
vt 0.713065 0.699976
vt 0.711153 0.674524
vt 0.713065 0.699976
vt 0.707115 0.688149
vt 0.71617 0.684554
vt 0.70928 0.665329
vt 0.713711 0.672593
vt 0.771175 0.603726
vt 0.779207 0.60975
vt 0.763758 0.557729
vt 0.771582 0.563531
vt 0.755759 0.556552
vt 0.763242 0.602669
vt 0.746066 0.55852
vt 0.753946 0.605103
vt 0.73638 0.564828
vt 0.744909 0.612072
vt 0.73444 0.570446
vt 0.743591 0.618401
vt 0.73539 0.578364
vt 0.745074 0.62683
vt 0.780394 0.616451
vt 0.763242 0.602669
vt 0.753946 0.605103
vt 0.763453 0.600144
vt 0.752854 0.602816
vt 0.744909 0.612072
vt 0.742835 0.610401
vt 0.772677 0.601628
vt 0.771175 0.603726
vt 0.781629 0.608775
vt 0.743591 0.618401
vt 0.741193 0.618519
vt 0.745074 0.62683
vt 0.742938 0.628176
vt 0.751264 0.631989
vt 0.750102 0.63422
vt 0.779207 0.60975
vt 0.783109 0.61609
vt 0.780394 0.616451
vt 0.779885 0.62698
vt 0.777433 0.625939
vt 0.771034 0.634036
vt 0.760414 0.634247
vt 0.750102 0.63422
vt 0.76056 0.636779
vt 0.769571 0.631891
vt 0.771034 0.634036
vt 0.752854 0.602816
vt 0.764519 0.605469
vt 0.763453 0.600144
vt 0.752411 0.608783
vt 0.742835 0.610401
vt 0.741341 0.618114
vt 0.775312 0.607219
vt 0.772677 0.601628
vt 0.785497 0.615293
vt 0.781629 0.608775
vt 0.741193 0.618519
vt 0.739441 0.627874
vt 0.742938 0.628176
vt 0.739441 0.627874
vt 0.741193 0.618519
vt 0.739871 0.638093
vt 0.750102 0.63422
vt 0.748701 0.646276
vt 0.76056 0.636779
vt 0.748701 0.646276
vt 0.750102 0.63422
vt 0.763018 0.648381
vt 0.748701 0.646276
vt 0.76056 0.636779
vt 0.771034 0.634036
vt 0.774113 0.64578
vt 0.763018 0.648381
vt 0.771034 0.634036
vt 0.779885 0.62698
vt 0.774113 0.64578
vt 0.771034 0.634036
vt 0.784981 0.637179
vt 0.783109 0.61609
vt 0.787449 0.624827
vt 0.781629 0.608775
vt 0.785497 0.615293
vt 0.751264 0.631989
vt 0.745074 0.62683
vt 0.741338 0.5833
vt 0.73539 0.578364
vt 0.750597 0.585707
vt 0.760414 0.634247
vt 0.760168 0.583808
vt 0.769571 0.631891
vt 0.768653 0.57851
vt 0.777433 0.625939
vt 0.772252 0.569678
vt 0.780394 0.616451
vt 0.771582 0.563531
vt 0.71237 0.294038
vt 0.725916 0.301276
vt 0.716754 0.190913
vt 0.727399 0.197826
vt 0.70592 0.189507
vt 0.701815 0.292785
vt 0.692858 0.191805
vt 0.689451 0.295654
vt 0.679891 0.19922
vt 0.677468 0.30385
vt 0.67735 0.205876
vt 0.727196 0.309944
vt 0.728432 0.20507
vt 0.675689 0.311355
vt 0.701815 0.292785
vt 0.689451 0.295654
vt 0.702085 0.289809
vt 0.687989 0.29296
vt 0.714361 0.291566
vt 0.677468 0.30385
vt 0.674704 0.301879
vt 0.675689 0.311355
vt 0.669322 0.31286
vt 0.677342 0.32187
vt 0.672388 0.324605
vt 0.685921 0.327395
vt 0.68304 0.33168
vt 0.698192 0.328523
vt 0.71237 0.294038
vt 0.729138 0.300126
vt 0.725916 0.301276
vt 0.730595 0.311603
vt 0.727196 0.309944
vt 0.725558 0.324215
vt 0.68304 0.33168
vt 0.698294 0.333056
vt 0.710175 0.32605
vt 0.712439 0.329378
vt 0.722194 0.320573
vt 0.725558 0.324215
vt 0.687989 0.29296
vt 0.702921 0.296642
vt 0.702085 0.289809
vt 0.686814 0.300553
vt 0.674704 0.301879
vt 0.673017 0.313172
vt 0.717276 0.298716
vt 0.714361 0.291566
vt 0.733655 0.308388
vt 0.729138 0.300126
vt 0.669322 0.31286
vt 0.665518 0.324554
vt 0.677342 0.32187
vt 0.675689 0.311355
vt 0.678767 0.215244
vt 0.67735 0.205876
vt 0.686883 0.221104
vt 0.685921 0.327395
vt 0.699427 0.223987
vt 0.698192 0.328523
vt 0.712327 0.221771
vt 0.710175 0.32605
vt 0.7237 0.215532
vt 0.722194 0.320573
vt 0.728432 0.20507
vt 0.727196 0.309944
vt 0.68304 0.33168
vt 0.667961 0.337504
vt 0.672388 0.324605
vt 0.681892 0.344846
vt 0.68304 0.33168
vt 0.667961 0.337504
vt 0.665518 0.324554
vt 0.672388 0.324605
vt 0.669322 0.31286
vt 0.698294 0.333056
vt 0.681892 0.344846
vt 0.68304 0.33168
vt 0.700815 0.34651
vt 0.712439 0.329378
vt 0.716794 0.34422
vt 0.700815 0.34651
vt 0.712439 0.329378
vt 0.725558 0.324215
vt 0.733049 0.336208
vt 0.716794 0.34422
vt 0.725558 0.324215
vt 0.730595 0.311603
vt 0.73884 0.32201
vt 0.729138 0.300126
vt 0.733655 0.308388
vt 0.513784 0.639292
vt 0.491456 0.634486
vt 0.518333 0.621682
vt 0.493436 0.616344
vt 0.472427 0.634536
vt 0.469679 0.614776
vt 0.456195 0.638862
vt 0.448449 0.618102
vt 0.439146 0.646003
vt 0.431324 0.626942
vt 0.430161 0.654988
vt 0.414647 0.644982
vt 0.422797 0.667101
vt 0.398664 0.665233
vt 0.414647 0.644982
vt 0.398664 0.665233
vt 0.401522 0.56722
vt 0.411943 0.552825
vt 0.431324 0.626942
vt 0.429287 0.539781
vt 0.448449 0.618102
vt 0.448141 0.535951
vt 0.469679 0.614776
vt 0.470066 0.537892
vt 0.493436 0.616344
vt 0.497012 0.545313
vt 0.39531 0.583781
vt 0.518333 0.621682
vt 0.495296 0.570408
vt 0.47633 0.566054
vt 0.499902 0.555359
vt 0.481889 0.544265
vt 0.458858 0.56543
vt 0.458902 0.54216
vt 0.437998 0.567506
vt 0.435668 0.543864
vt 0.425628 0.573952
vt 0.417985 0.553524
vt 0.414513 0.582148
vt 0.39941 0.57078
vt 0.404366 0.594037
vt 0.39272 0.580628
vt 0.458902 0.54216
vt 0.435668 0.543864
vt 0.443704 0.474621
vt 0.424679 0.476632
vt 0.417985 0.553524
vt 0.405044 0.486249
vt 0.39941 0.57078
vt 0.393319 0.501732
vt 0.39272 0.580628
vt 0.389427 0.521737
vt 0.466282 0.477363
vt 0.481889 0.544265
vt 0.478786 0.486182
vt 0.499902 0.555359
vt 0.635352 0.588165
vt 0.614414 0.582173
vt 0.64776 0.566822
vt 0.622769 0.560408
vt 0.596213 0.582998
vt 0.595917 0.560669
vt 0.577407 0.5892
vt 0.570964 0.567393
vt 0.563464 0.597364
vt 0.549391 0.582015
vt 0.548967 0.611488
vt 0.533205 0.599914
vt 0.538304 0.628481
vt 0.518333 0.621682
vt 0.595917 0.560669
vt 0.570964 0.567393
vt 0.565154 0.500582
vt 0.543172 0.505219
vt 0.549391 0.582015
vt 0.584867 0.499953
vt 0.622769 0.560408
vt 0.60058 0.502683
vt 0.64776 0.566822
vt 0.522101 0.515216
vt 0.533205 0.599914
vt 0.50777 0.531953
vt 0.518333 0.621682
vt 0.498998 0.550997
vt 0.60387 0.519828
vt 0.584352 0.519736
vt 0.610858 0.501246
vt 0.587996 0.499282
vt 0.566589 0.521591
vt 0.565591 0.500074
vt 0.55223 0.529333
vt 0.543418 0.505442
vt 0.53439 0.536292
vt 0.526197 0.51553
vt 0.523722 0.545035
vt 0.508703 0.534382
vt 0.512383 0.558751
vt 0.499902 0.555359
vt 0.565591 0.500074
vt 0.543418 0.505442
vt 0.54221 0.436701
vt 0.51867 0.439311
vt 0.526197 0.51553
vt 0.561211 0.438595
vt 0.587996 0.499282
vt 0.574626 0.450828
vt 0.610858 0.501246
vt 0.50064 0.450756
vt 0.508703 0.534382
vt 0.485402 0.466464
vt 0.499902 0.555359
vt 0.478786 0.486182
vt 0.707463 0.535534
vt 0.692252 0.541848
vt 0.70174 0.513295
vt 0.679275 0.525988
vt 0.675797 0.554481
vt 0.660721 0.542791
vt 0.665612 0.57305
vt 0.64776 0.56682
vt 0.724634 0.509925
vt 0.722509 0.532356
vt 0.746494 0.512242
vt 0.737183 0.53249
vt 0.660721 0.542791
vt 0.64776 0.56682
vt 0.616681 0.492246
vt 0.607142 0.511328
vt 0.631622 0.475577
vt 0.679275 0.525988
vt 0.653012 0.465791
vt 0.70174 0.513295
vt 0.724634 0.509925
vt 0.70174 0.513295
vt 0.674969 0.461454
vt 0.694447 0.461139
vt 0.746494 0.512242
vt 0.674969 0.461454
vt 0.70174 0.513295
vt 0.653012 0.465791
vt 0.695862 0.470842
vt 0.682932 0.468191
vt 0.698555 0.460023
vt 0.684473 0.45243
vt 0.66416 0.471508
vt 0.665029 0.455159
vt 0.649489 0.478533
vt 0.647635 0.46113
vt 0.632571 0.488119
vt 0.629994 0.47199
vt 0.623336 0.499486
vt 0.614328 0.487502
vt 0.618896 0.509122
vt 0.606954 0.499263
vt 0.665029 0.455159
vt 0.647635 0.46113
vt 0.628535 0.405946
vt 0.604919 0.410546
vt 0.629994 0.47199
vt 0.647579 0.408647
vt 0.684473 0.45243
vt 0.662212 0.421415
vt 0.698555 0.460023
vt 0.591214 0.419719
vt 0.614328 0.487502
vt 0.578158 0.433668
vt 0.606954 0.499263
vt 0.569861 0.446944
vt 0.799755 0.481809
vt 0.785891 0.487792
vt 0.796555 0.460102
vt 0.776232 0.471028
vt 0.771965 0.502553
vt 0.757079 0.489399
vt 0.819822 0.460287
vt 0.812834 0.479432
vt 0.834255 0.466157
vt 0.828209 0.484959
vt 0.764977 0.515296
vt 0.746494 0.512242
vt 0.819822 0.460287
vt 0.796555 0.460102
vt 0.754736 0.414126
vt 0.739577 0.413866
vt 0.776232 0.471028
vt 0.718843 0.425515
vt 0.757079 0.489399
vt 0.701326 0.442543
vt 0.770744 0.419362
vt 0.834255 0.466157
vt 0.771965 0.502553
vt 0.764977 0.515296
vt 0.757079 0.489399
vt 0.757079 0.489399
vt 0.746494 0.512242
vt 0.701326 0.442543
vt 0.693641 0.470234
vt 0.778201 0.431685
vt 0.764302 0.431519
vt 0.779932 0.41545
vt 0.766093 0.410066
vt 0.749876 0.429886
vt 0.745463 0.409141
vt 0.733397 0.437788
vt 0.726626 0.417092
vt 0.723037 0.446238
vt 0.709999 0.427694
vt 0.715336 0.453948
vt 0.700337 0.441647
vt 0.745463 0.409141
vt 0.726626 0.417092
vt 0.700752 0.37135
vt 0.677935 0.377007
vt 0.709999 0.427694
vt 0.66421 0.386508
vt 0.700337 0.441647
vt 0.652591 0.402708
vt 0.715969 0.371433
vt 0.766093 0.410066
vt 0.700337 0.441647
vt 0.695171 0.457838
vt 0.644832 0.418177
vt 0.779932 0.41545
vt 0.766093 0.410066
vt 0.729346 0.382123
vt 0.715336 0.453948
vt 0.708798 0.469404
vt 0.700337 0.441647
vt 0.700337 0.441647
vt 0.708798 0.469404
vt 0.695171 0.457838
vt 0.729346 0.382123
vt 0.766093 0.410066
vt 0.715969 0.371433
vt 0.533048 0.806113
vt 0.532186 0.794107
vt 0.543375 0.800741
vt 0.544594 0.795011
vt 0.560421 0.789419
vt 0.564642 0.781909
vn 0.3031526 0.5042976 0.8085682
vn 0.3032269 0.5042359 0.8085788
vn 0.3032201 0.5045462 0.8083876
vn 0.3028984 0.504515 0.8085278
vn 0.3028354 0.5045733 0.808515
vn 0.3030498 0.5045402 0.8084553
vn 0.3032062 0.5045408 0.8083962
vn 0.3033895 0.5046625 0.8082516
vn 0.3035594 0.504733 0.8081437
vn 0.3034517 0.5044726 0.8083467
vn 0.3034132 0.5044135 0.8083981
vn 0.3033815 0.5045478 0.8083261
vn 0.3034323 0.5045055 0.8083335
vn 0.3033566 0.5045241 0.8083503
vn 0.3031184 0.5046507 0.8083606
vn 0.303088 0.5046594 0.8083665
vn 0.3031176 0.5046667 0.8083509
vn 0.3031617 0.5046798 0.8083263
vn 0.3028356 0.5045468 0.8085315
vn 0.3030849 0.5043696 0.8085486
vn 0.3032459 0.504217 0.8085835
vn 0.3034963 0.5047398 0.8081631
vn 0.3032139 0.5045478 0.8083891
vn 0.3031043 0.5045449 0.808432
vn 0.3028825 0.5045612 0.8085048
vn 0.3602521 0.1816152 0.9150051
vn 0.2377162 0.2362188 0.942174
vn 0.2068328 -0.08427806 0.9747396
vn -0.001828919 0.01987213 0.9998009
vn 0.1104205 0.2998619 0.9475707
vn -0.2332324 0.1281931 0.9639342
vn 0.01420951 0.3469227 0.937786
vn -0.396003 0.2028502 0.8955632
vn -0.08811785 0.4063872 0.9094419
vn -0.6569468 0.3305846 0.6775947
vn -0.2631807 0.5330947 0.8040808
vn 0.4806827 -0.2240331 0.8477932
vn 0.5309592 0.1108657 0.8401136
vn 0.7138211 -0.3450931 0.6094015
vn 0.1013791 0.4809068 0.8708909
vn 0.3034391 0.5044097 0.8083907
vn 0.3035091 0.5046625 0.8082066
vn 0.6098369 -0.3168752 -0.7264221
vn 0.4172068 -0.2088093 -0.8844982
vn 0.5663913 -0.288229 -0.7720912
vn 0.3207731 -0.1537367 -0.9345959
vn 0.1031406 -0.04236504 -0.9937642
vn -0.01119272 0.01298071 -0.9998531
vn -0.2612456 0.1350907 -0.9557726
vn -0.3982674 0.1984483 -0.8955452
vn -0.616109 0.3068033 -0.7254526
vn -0.7037615 0.3496163 -0.6184563
vn 0.7419369 -0.3822229 -0.5508497
vn 0.8072018 -0.4148918 -0.4198691
vn 0.8609915 -0.4382539 -0.2581227
vn 0.8655291 -0.4401168 -0.2390743
vn 0.8930762 -0.4485555 -0.03482487
vn 0.8843943 -0.439495 0.1571327
vn 0.8233722 -0.4033269 0.3992314
vn 0.7981664 -0.3900841 0.4590914
vn 0.7138211 -0.3450931 0.6094015
vn 0.6490397 -0.3114506 0.6940793
vn -0.888231 0.4458948 0.1105604
vn -0.7604405 0.3811653 0.5257788
vn -0.8679754 0.4355465 0.238575
vn -0.8921064 0.448866 -0.05162911
vn -0.8902599 0.4473666 -0.08544254
vn -0.6569468 0.3305846 0.6775947
vn -0.884056 0.4435529 -0.147329
vn -0.880348 0.4408651 -0.175001
vn -0.851624 0.4256005 -0.3059423
vn -0.8174618 0.4079241 -0.4066375
vn -0.7037615 0.3496163 -0.6184563
vn -0.616109 0.3068033 -0.7254526
vn 0.4510507 0.2114367 0.8670916
vn 0.3031675 0.5046785 0.8083249
vn 0.3031789 0.5047117 0.8082999
vn 0.3031911 0.504639 0.8083407
vn 0.3031848 0.5043806 0.8085042
vn 0.3031888 0.5047318 0.8082835
vn 0.303185 0.5045562 0.8083947
vn 0.3031919 0.5043309 0.8085327
vn 0.2318697 0.7897324 0.5679429
vn 0.2302625 0.7894979 0.568922
vn 0.2319566 0.7889541 0.5689881
vn 0.228329 0.7900627 0.5689172
vn 0.2276742 0.790729 0.5682538
vn 0.228218 0.7909468 0.5677322
vn 0.229478 0.7908177 0.5674039
vn 0.2293991 0.7911046 0.5670359
vn 0.2298448 0.7910409 0.5669442
vn 0.2145835 0.7953906 0.56684
vn 0.203789 0.8013801 0.5623701
vn 0.2086256 0.8040895 0.5567005
vn 0.2209354 0.8041785 0.5518011
vn 0.244263 0.7988423 0.549715
vn -0.7057622 0.688104 -0.1685603
vn -0.7253609 0.6676445 -0.1676373
vn -0.7451913 0.6505817 -0.1464013
vn -0.7216455 0.6709912 -0.1702903
vn -0.6252587 0.7474799 -0.2243329
vn -0.4772062 0.8208804 -0.313735
vn -0.3203405 0.8562467 -0.4052452
vn -0.1665882 0.8657231 -0.471987
vn 0.1251541 0.8013672 -0.5849333
vn 0.2791882 0.7220674 -0.6329871
vn 0.5659538 0.4976029 -0.6573337
vn 0.6589568 0.381815 -0.6480689
vn 0.775162 0.2129268 -0.5947992
vn 0.7509478 0.2418685 -0.6144728
vn 0 1 0
vn 0 1 0
vn 0.1070919 0.906381 0.4086625
vn 0.1261202 0.7680834 0.627807
vn 0 1 0
vn 0.1376683 0.8707939 0.4719803
vn 0 1 0
vn 0.1139294 0.9229389 0.3677008
vn 0 1 0
vn 0 1 0
vn 0 1 0
vn 0 1 0
vn 0 1 0
vn 0 1 0
vn 0.2350101 0.3922779 0.8893191
vn 0.2268513 0.3929408 0.8911431
vn 0.2274314 0.3912183 0.8917529
vn 0.2428002 0.3925529 0.8871021
vn 0.2695971 0.3882721 0.8812277
vn 0.2879898 0.3851265 0.8767778
vn 0.3173844 0.3789405 0.8692936
vn 0.3284514 0.3760652 0.8664263
vn 0.3617579 0.3670729 0.8569649
vn 0.3842993 0.3597432 0.8502346
vn 0.4220364 0.3474047 0.837374
vn 0.4387609 0.3389546 0.8322251
vn 0.4545479 0.3323748 0.8263856
vn 0.4559821 0.3286017 0.8271041
vn 0.1070919 0.906381 0.4086625
vn 0.1261202 0.7680834 0.627807
vn 0.1909859 0.5182161 0.8336524
vn 0.1558062 0.5306695 0.8331352
vn 0.2458166 0.5075094 0.8258381
vn 0.1376683 0.8707939 0.4719803
vn 0.2551681 0.5224035 0.8136238
vn 0.1592509 0.8717639 0.4633215
vn 0.3182624 0.5049675 0.8023197
vn 0.3374118 0.493745 0.8014794
vn 0.277776 0.5193532 0.8081539
vn 0.3182624 0.5049675 0.8023197
vn 0.3642322 0.4887446 0.7927569
vn 0.3929207 0.4794801 0.7846734
vn 0.4186028 0.4720635 0.7758399
vn 0.4264117 0.4651151 0.7757841
vn 0.001451269 -0.9999825 0.005748958
vn 0.001089603 -0.9999825 0.005829796
vn 0.00126997 -0.9999825 0.005784263
vn 0.001089521 -0.9999825 0.005821506
vn 0.001693286 -0.9999824 0.005691851
vn 0.00175388 -0.9999824 0.005674
vn 0.001867207 -0.9999824 0.00563432
vn 0.001919492 -0.9999825 0.005608721
vn 0.002094255 -0.9999824 0.005559649
vn 0.002216298 -0.9999822 0.005528542
vn 0.002507151 -0.999982 0.00545449
vn 0.00267858 -0.9999818 0.005418685
vn 0.002848106 -0.9999815 0.005376413
vn 0.002851063 -0.9999815 0.005385015
vn 0.21806 0.3866509 0.8960753
vn 0.1915232 0.3614635 0.9125037
vn 0.203258 0.3783654 0.9030646
vn 0.2152928 0.302693 0.9284535
vn 0.249036 0.3560583 0.9006684
vn 0.2724683 0.2996311 0.9143207
vn 0.3013213 0.2698437 0.9145435
vn 0.3200333 0.2609205 0.9107684
vn 0.3525975 0.2756477 0.8942558
vn 0.3592246 0.3158616 0.8781738
vn 0.3932398 0.331139 0.857735
vn 0.4124416 0.3254535 0.8508654
vn 0.4354054 0.308487 0.8457292
vn 0.4507018 0.2686613 0.8512867
vn 0.0001769076 0.9999992 -0.001306072
vn -0.004879503 0.9999691 -0.006164975
vn 0.1113396 0.8713319 0.4778955
vn 0.1274465 0.8695401 0.4771346
vn -0.001183188 0.9999971 -0.002101836
vn 0.05951346 0.9715271 0.2293324
vn -6.619649E-05 1 0.0003591858
vn -0.0008082704 0.999999 0.001098979
vn 0.0006105203 0.9999927 0.003786519
vn 7.656348E-05 0.9999746 0.007128151
vn 0.03415626 0.9727347 0.2293918
vn 0.07034209 0.8754493 0.4781635
vn 0.004782578 0.999886 0.01431699
vn 0.1560659 0.9150645 0.3718874
vn 0.135548 0.9401375 0.312679
vn 0.01189053 0.9996464 0.02378186
vn 0.2403724 0.7970099 0.5540724
vn 0.3570118 0.4898762 0.7953389
vn 0.3483483 0.4910327 0.7984612
vn 0.3436857 0.4892161 0.8015907
vn 0.3283437 0.4923868 0.806068
vn 0.3244367 0.4924814 0.8075909
vn 0.2858173 0.4999684 0.8175207
vn 0.2525501 0.5055751 0.8249924
vn 0.1113396 0.8713319 0.4778955
vn 0.1134275 0.7647637 0.6342481
vn 0.1793428 0.5112012 0.8405412
vn 0.1793428 0.5112012 0.8405412
vn 0.1549277 0.5115541 0.8451685
vn 0.1777755 0.5015611 0.8466595
vn 0.1274465 0.8695401 0.4771346
vn 0.1348273 0.8091311 0.5719514
vn 0.2252378 0.5096973 0.8303472
vn 0.1793428 0.5112012 0.8405412
vn 0.2525501 0.5055751 0.8249924
vn 0.1643583 0.8664901 0.4713611
vn 0.382185 0.4749882 0.792667
vn 0.3396098 0.4859791 0.8052885
vn 0.3843658 0.4696203 0.794808
vn 0.2945132 0.4997106 0.8145866
vn 0.2484509 0.51539 0.8201496
vn 0.2487619 0.5162115 0.8195384
vn 0.2531935 0.515825 0.8184239
vn 0.2610625 0.5116665 0.818562
vn 0.2691165 0.5066755 0.8190582
vn 0.2736256 0.5023015 0.8202575
vn 0.317654 0.4911464 0.8110926
vn 0.3179852 0.4908884 0.811119
vn 0.3612883 0.4789663 0.8000388
vn 0.3612648 0.4788719 0.8001059
vn 0.3548932 0.4805372 0.8019568
vn 0.3481667 0.4818334 0.8041247
vn 0.3422801 0.48291 0.806004
vn 0.3427532 0.4818595 0.8064314
vn 0.2749576 0.5006565 0.8208175
vn 0.2734839 0.5034534 0.8195982
vn 0.1717442 0.5204754 0.8364266
vn 0.1444188 0.5105041 0.8476608
vn 0.1124852 0.5093834 0.8531563
vn 0.120151 0.4934679 0.8614252
vn 0.1028179 0.7270868 -0.6788029
vn -0.2601593 0.8046668 -0.5336933
vn -0.2574253 0.8058618 -0.5332157
vn 0.08871998 0.733057 -0.6743562
vn 0.4412536 0.5390017 -0.7174765
vn 0.4549308 0.5233743 -0.720498
vn 0.3576385 0.5895544 -0.7242377
vn 0.2536911 0.6503493 -0.7160214
vn 0.1499902 0.7027352 -0.6954612
vn 0.132417 0.7137238 -0.6877967
vn -0.07249391 0.7742924 -0.628662
vn -0.2714131 0.7937794 -0.5442878
vn -0.4633738 0.7731379 -0.4330619
vn -0.4362826 0.7720624 -0.462144
vn -0.5449762 0.7428655 -0.3887824
vn -0.6177038 0.7122964 -0.3332804
vn -0.7064411 0.6639894 -0.2450695
vn -0.7052132 0.6644918 -0.247235
vn -0.457098 0.7689348 -0.4469906
vn -0.4523457 0.7710481 -0.4481833
vn -0.133223 0.7849492 -0.6050673
vn -0.1275155 0.7773589 -0.6159974
vn -0.1092465 0.7731457 -0.6247487
vn -0.1319909 0.766432 -0.6286179
vn 0.9821529 0.1758451 -0.06673934
vn 0.9822242 0.1742954 -0.06969108
vn 0.9809428 0.1813514 -0.06973473
vn 0.9811183 0.1802753 -0.07005479
vn 0.9831892 0.1726726 -0.05935627
vn 0.9832569 0.1705339 -0.06421905
vn 0.9837338 0.1643385 -0.07252969
vn 0.9839479 0.153896 -0.09034748
vn 0.980392 0.1318581 -0.1464407
vn 0.9821694 0.1782626 -0.05971343
vn 0.9825661 0.1759416 -0.06006999
vn 0.9814191 0.1828551 -0.0581429
vn 0.9821343 0.1798197 -0.05546947
vn 0.9832141 0.1743437 -0.05379771
vn 0.9850919 0.1631342 -0.05460069
vn 0.9847434 0.1647421 -0.05604085
vn 0.9839929 0.1691838 -0.0559888
vn 0.9835114 0.1716577 -0.05691088
vn 0.9827838 0.1749482 -0.05940709
vn 0.9825593 0.1757275 -0.06080252
vn 0.9833615 0.1709344 -0.06149308
vn 0.9837188 0.1690223 -0.06106304
vn 0.9841564 0.1681773 -0.05614819
vn 0.9842343 0.167641 -0.05638583
vn -0.131294 -0.2127952 0.9682356
vn -0.05802283 -0.3065486 0.9500849
vn -0.1074042 -0.2416669 0.964397
vn -0.0305397 -0.3197528 0.9470087
vn 0.007656113 -0.3796323 0.9251058
vn 0.02111203 -0.3977108 0.9172679
vn -0.1967784 -0.0651707 0.9782797
vn 0.0253666 -0.408376 0.9124613
vn 0.0187041 -0.387367 0.9217358
vn 0.01294673 -0.3634824 0.931511
vn 0.01766184 -0.3411399 0.9398467
vn 0.03651072 -0.3550978 0.9341159
vn 0.05465274 -0.3842384 0.9216148
vn 0.07066113 -0.4185744 0.9054294
vn 0.07032131 -0.4424327 0.8940405
vn 0.998334 0.05761862 -0.003078053
vn 0.9864569 0.1493353 -0.06783601
vn 0.9907067 0.1225362 -0.05903418
vn 0.9974418 0.06697873 -0.02497416
vn 0.9983665 0.02399714 0.05185093
vn 0.9939015 -0.007264755 0.1100315
vn -0.2325088 0.8234623 -0.5175418
vn -0.2229305 0.8473281 -0.4820137
vn -0.2123591 0.8230566 -0.526765
vn -0.198249 0.857923 -0.473989
vn -0.2071282 0.9163258 -0.3427023
vn -0.2045236 0.9467955 -0.2484924
vn -0.2178449 0.9595825 -0.1781714
vn -0.2447376 0.9494664 -0.196512
vn -0.2136614 0.8921514 -0.3980134
vn -0.1945905 0.829259 -0.5238932
vn -0.1203145 0.7052459 -0.6986793
vn -0.146139 0.7097879 -0.6890896
vn -0.1443359 0.6934361 -0.7059132
vn -0.1990004 0.7365528 -0.6464432
vn 0.4599058 -0.8281252 -0.3204609
vn 0.4559734 -0.7263054 -0.5143625
vn 0.4599071 -0.8281265 -0.3204557
vn 0.4282125 -0.5815794 -0.6916643
vn 0.3533767 -0.3339377 -0.8738482
vn 0.3223024 -0.2484773 -0.9134442
vn 0.2461175 -0.05972977 -0.9673978
vn 0.2000964 0.04406764 -0.9787847
vn 0.1284448 0.1941216 -0.9725322
vn 0.1027638 0.2430997 -0.9645424
vn 0.05147839 0.3450925 -0.9371559
vn -0.04707913 0.5376359 -0.8418618
vn 0.0271741 0.396639 -0.9175724
vn -0.09329185 0.6199282 -0.7790928
vn 0.1027638 0.2430997 -0.9645424
vn 0.1284448 0.1941216 -0.9725322
vn -0.1739305 0.7440833 -0.6450489
vn -0.2070359 0.788815 -0.5787115
vn -0.3191618 0.898878 -0.3002566
vn -0.3853246 0.9206998 -0.06194175
vn -0.4374741 0.835745 0.3318835
vn -0.4410099 0.7328673 0.5180885
vn -0.4246586 0.6119664 0.6672048
vn -0.4270121 0.5767213 0.6964576
vn -0.1406862 0.6572543 -0.7404216
vn -0.2018386 0.7401847 -0.6413953
vn -0.1406898 0.6572569 -0.7404187
vn -0.2600234 0.8092616 -0.5267671
vn -0.3598855 0.8953001 -0.2625262
vn -0.4005462 0.9094552 -0.1115968
vn -0.459581 0.8316147 0.3117729
vn -0.4487549 0.6784892 0.5816111
vn -0.3665926 0.3724137 0.8525949
vn -0.3246496 0.2547271 0.9108878
vn -0.2378868 0.04068834 0.9704403
vn -0.1967784 -0.0651707 0.9782797
vn -0.131294 -0.2127952 0.9682356
vn -0.6002026 0.4065565 0.6888168
vn -0.6002197 0.4065496 0.6888061
vn -0.6189244 0.4051744 0.6728792
vn -0.6363689 0.4060621 0.6558568
vn -0.5687419 0.4013536 0.7179469
vn -0.6001993 0.4065602 0.6888176
vn -0.6072786 0.4038948 0.6841649
vn -0.5828667 0.4266824 0.6915264
vn -0.5648814 0.4212783 0.7095305
vn -0.5461836 0.4627554 0.6982412
vn -0.516319 0.3983154 0.7581289
vn -0.6137927 0.4065699 0.6767269
vn -0.5738629 0.4223133 0.7016643
vn -0.5482425 0.4340642 0.7148556
vn -0.5700213 0.4476929 0.6889462
vn -0.5525075 0.4596592 0.6953049
vn -0.5200172 0.4906111 0.6992017
vn -0.5926819 0.4185433 0.6881494
vn -0.6001863 0.406552 0.6888337
vn -0.5313035 0.4386477 0.7247791
vn -0.5818017 0.4117366 0.7014127
vn -0.5250004 0.4037874 0.7492199
vn -0.5371327 0.4086577 0.7378938
vn -0.6092244 0.4060066 0.6811785
vn -0.6086134 0.4082284 0.6803964
vn -0.6242483 0.4105029 0.6646814
vn -0.6009279 0.4137492 0.683884
vn -0.5993491 0.4162292 0.6837645
vn -0.7479233 0.4367951 0.4998209
vn -0.5908234 0.4177202 0.6902446
vn -0.59458 0.4143859 0.6890277
vn -0.5926384 0.4145275 0.6906133
vn -0.6007357 0.4118317 0.6852089
vn -0.5965548 0.4139657 0.6875716
vn -0.5925021 0.4122154 0.6921124
vn -0.5910972 0.4120559 0.6934076
vn -0.6033342 0.40929 0.6844484
vn -0.6042127 0.4106153 0.6828778
vn -0.5962027 0.4107513 0.6898013
vn -0.5900784 0.4131533 0.6936223
vn -0.600195 0.4065633 0.6888195
vn -0.6004829 0.4102936 0.6863523
vn -0.5855694 0.416304 0.6955568
vn -0.5971619 0.4142884 0.68685
vn -0.5983501 0.4130918 0.6865366
vn -0.5814297 0.4155235 0.6994854
vn -0.741593 0.4272279 0.5172195
vn -0.8183193 0.439938 0.369876
vn -0.6006114 0.5639495 -0.5667689
vn -0.7751192 0.4458529 -0.4476666
vn -0.6572608 0.5408466 -0.5248744
vn -0.8331407 0.4211429 -0.3584902
vn -0.4841033 0.6546038 -0.5806358
vn -0.4406129 0.6704105 -0.597001
vn -0.1407764 0.7783895 -0.6117941
vn 0.124587 0.7988249 -0.5885209
vn 0.6076011 0.6951345 -0.3841991
vn 0.82998 0.5300761 -0.1736447
vn 0.9580263 0.2750605 0.08079109
vn 0.9531945 0.1665085 0.2523789
vn 0.9426752 0.1029872 0.3174226
vn 0.8992111 0.04439906 0.4352565
vn -0.8475741 0.4911079 -0.2010751
vn -0.8875759 0.4266636 0.1736875
vn -0.8331407 0.4211429 -0.3584902
vn -0.8183193 0.439938 0.369876
vn -0.544736 0.6857489 -0.4827124
vn 0.006214141 0.8743359 -0.4852814
vn 0.212726 0.8408608 -0.4976952
vn -0.02885092 0.8490502 -0.5275239
vn -0.3582578 0.7859981 -0.5038435
vn 0.212726 0.8408608 -0.4976952
vn 0.4418546 0.7703851 -0.4596426
vn 0.7276827 0.6131172 -0.3075146
vn 0.8015596 0.5497033 -0.2352201
vn 0.8361807 0.5176455 -0.1812314
vn 0.8105377 0.554457 -0.1886956
vn 0.5701725 0.7296074 -0.377593
vn 0.2986735 0.8220754 -0.4847537
vn -0.1126186 0.818294 -0.5636595
vn -0.237624 0.8029262 -0.5466667
vn -0.3706064 0.7527276 -0.5441067
vn -0.3709462 0.7550743 -0.5406123
vn 0.6344396 0.03191094 0.7723134
vn 0.6615217 -0.1988849 0.7230725
vn 0.740343 0.01277464 0.672108
vn 0.6324078 -0.4168999 0.6528819
vn 0.7610055 -0.3513581 0.5453606
vn 0.9048148 -0.1329467 0.4045186
vn 0.7998456 -0.2944894 0.5229943
vn 0.7452127 -0.4136957 0.5229855
vn 0.7412844 -0.4380874 0.5085047
vn 0.6583595 -0.5144355 0.5494714
vn 0.5504881 -0.5559062 0.6228411
vn 0.6324078 -0.4168999 0.6528819
vn 0.6615217 -0.1988849 0.7230725
vn 0.7998456 -0.2944894 0.5229943
vn 0.9048148 -0.1329467 0.4045186
vn 0.9546432 -0.012269 0.2974992
vn 0.9334045 0.3481078 0.08704695
vn 0.872928 0.4878351 -0.003665768
vn 0.2028715 0.8501785 -0.485839
vn 0.7315187 0.6568798 -0.1827275
vn 0.4551851 0.8107064 -0.368187
vn 0.2028715 0.8501785 -0.485839
vn -0.09377062 0.820256 -0.564258
vn -0.3037265 0.759338 -0.5754616
vn -0.2606393 0.7945274 -0.5484464
vn -0.3521721 0.8071775 0.4737501
vn -0.301153 0.8382469 0.4545867
vn -0.3589878 0.8213899 0.4432226
vn -0.3295873 0.8361209 0.4384907
vn -0.4215735 0.7753353 0.4702457
vn -0.4168407 0.7739952 0.4766291
vn -0.4635412 0.7637759 0.4491946
vn -0.5088658 0.7572951 0.4093406
vn -0.3291179 0.8334379 0.4439175
vn -0.3401197 0.8264812 0.4486062
vn 0.09472295 0.7896053 0.6062599
vn 0.09472699 0.7896035 0.6062616
vn 0.09472299 0.7896051 0.60626
vn 0.09472983 0.7896029 0.606262
vn 0.09473082 0.7896028 0.606262
vn 0.09472647 0.7896049 0.6062598
vn 0.09472773 0.7896057 0.6062586
vn 0.09472896 0.7896068 0.606257
vn 0.09473018 0.7896069 0.6062567
vn 0.09472951 0.7896069 0.6062569
vn 0.09472957 0.7896058 0.6062582
vn 0.09472879 0.7896051 0.6062593
vn 0.0947266 0.7896048 0.60626
vn 0.09472327 0.789605 0.6062602
vn -0.7285492 0.6198345 -0.291584
vn -0.7894781 0.5592899 -0.2528222
vn -0.7950442 0.5532169 -0.248708
vn -0.76948 0.579864 -0.2676905
vn -0.5760142 0.724436 -0.378682
vn -0.3874291 0.8027286 -0.453349
vn -0.1358928 0.8310744 -0.5393037
vn -0.02046521 0.8203132 -0.5715484
vn 0.207997 0.76313 -0.6118577
vn 0.2528131 0.739238 -0.6241897
vn 0.553861 0.5630625 -0.6133503
vn 0.6923043 0.4263772 -0.582166
vn 0.8137406 0.2626164 -0.5185159
vn 0.790298 0.2910375 -0.5391904
vn -0.02763564 0.7864845 0.6169914
vn -0.01906913 0.7790931 0.6266181
vn -0.02545663 0.7823354 0.622337
vn -0.0140757 0.7764745 0.6299914
vn -0.01246913 0.7768983 0.6295025
vn -0.0208554 0.7813946 0.6236886
vn -0.02461974 0.7838364 0.6204791
vn -0.0197783 0.7842292 0.6201559
vn -0.0087369 0.7828975 0.6220894
vn -0.006418294 0.7819641 0.6232903
vn -0.01202315 0.7825321 0.6224941
vn -0.02624768 0.7828522 0.6216538
vn -0.0308719 0.7825522 0.6218191
vn -0.04099688 0.782855 0.6208521
vn -0.6785538 0.5752004 -0.4568473
vn -0.7357001 0.5003008 -0.4565571
vn -0.7700476 0.4793074 -0.4210597
vn -0.8438001 0.3804888 -0.3784567
vn -0.6083137 0.6340482 -0.4774279
vn -0.3986795 0.7392846 -0.5426905
vn -0.1376671 0.7924479 -0.5942004
vn -0.01129034 0.7940701 -0.6077213
vn 0.2055824 0.7607799 -0.615589
vn 0.2245544 0.7467844 -0.6260098
vn 0.5353202 0.6119782 -0.5821639
vn 0.6829702 0.4942082 -0.5378754
vn 0.8313131 0.3331623 -0.4448834
vn 0.8075361 0.3566972 -0.4697367
vn 0.4003017 0.7016676 0.5894244
vn 0.3787877 0.742065 0.5530456
vn 0.376548 0.7368636 0.5614656
vn 0.3655369 0.7657182 0.5292054
vn 0.3827866 0.7615305 0.5230162
vn 0.3751735 0.7734537 0.5108956
vn 0.3804764 0.7765054 0.5022721
vn 0.36273 0.789997 0.4942991
vn 0.3421994 0.7939332 0.5025632
vn 0.3282911 0.7946414 0.5106563
vn 0.3266596 0.7916842 0.5162653
vn 0.3575148 0.7876578 0.5017753
vn 0.3681672 0.7880203 0.493434
vn 0.3903995 0.7857469 0.4797813
vn -0.7077193 0.700045 -0.09523795
vn -0.7795876 0.6262507 -0.00729356
vn -0.7719598 0.6352955 -0.02185917
vn -0.7590282 0.6500984 -0.03533119
vn -0.5559201 0.7934808 -0.2476711
vn -0.3771553 0.8446071 -0.3799905
vn -0.1459782 0.8329235 -0.5337871
vn -0.03963268 0.8030998 -0.594525
vn 0.1509099 0.7140741 -0.6836113
vn 0.1874145 0.6840502 -0.7049475
vn 0.4479399 0.4679537 -0.7618197
vn 0.5689445 0.3124638 -0.7607027
vn 0.6783797 0.1330637 -0.7225614
vn 0.6546075 0.1644562 -0.7378638
vn 0.3566202 0.8242434 0.4398238
vn 0.4271081 0.7656475 0.4810018
vn 0.3966932 0.7888386 0.4694338
vn 0.4544132 0.7419158 0.4930207
vn 0.4921771 0.7263637 0.4797474
vn 0.4747755 0.7512608 0.4584708
vn 0.498716 0.7518876 0.4312162
vn 0.4366739 0.802471 0.4066401
vn 0.4290327 0.8217661 0.3750086
vn 0.4123113 0.8398936 0.3529563
vn 0.4346494 0.826006 0.3588789
vn 0.4429051 0.813471 0.3769616
vn 0.4311307 0.8096801 0.3981764
vn 0.4344586 0.8086776 0.3965933
vn -0.5610502 0.8116916 -0.1624177
vn -0.672326 0.7384528 -0.05162721
vn -0.6794002 0.7328988 -0.03570255
vn -0.7090309 0.705176 0.00144448
vn -0.441747 0.8567308 -0.2662181
vn -0.2843042 0.8763624 -0.3887931
vn -0.1274731 0.8468156 -0.5163855
vn -0.058973 0.8160366 -0.5749838
vn 0.1310864 0.7069089 -0.6950511
vn 0.1385243 0.6874766 -0.7128724
vn 0.3997636 0.4403354 -0.803924
vn 0.4721016 0.3163284 -0.8228344
vn 0.5007136 0.2276607 -0.8351386
vn 0.4721016 0.3163284 -0.8228344
vn 0.5788128 0.1308512 -0.8048937
vn 0.5788128 0.1308512 -0.8048937
vn 0.4721016 0.3163284 -0.8228344
vn 0.3997636 0.4403354 -0.803924
vn 0.03216729 0.79474 0.606097
vn 0.06328397 0.7656553 0.6401306
vn 0.06033401 0.772038 0.6327062
vn 0.06145882 0.7613907 0.6453736
vn 0.05457257 0.7707416 0.6348065
vn 0.03341531 0.7886768 0.6138992
vn 0.04359776 0.7966268 0.602897
vn 0.01436263 0.813964 0.5807378
vn -0.009361205 0.8182712 0.5747562
vn 0.009094226 0.8210034 0.5708508
vn 0.02030348 0.8035685 0.594866
vn 0.04665182 0.7882587 0.613573
vn 0.0136163 0.7752491 0.6315088
vn 0.01360936 0.7752483 0.63151
vn -0.7561603 0.5306314 -0.3829515
vn -0.8751068 0.3913448 -0.2846706
vn -0.859165 0.4120063 -0.3034575
vn -0.88583 0.3750616 -0.2731924
vn -0.6083735 0.645151 -0.4622359
vn -0.4631367 0.7235634 -0.5118207
vn -0.2636812 0.7740185 -0.5756453
vn -0.1770037 0.7785232 -0.602139
vn 0.2515911 0.7217826 -0.6447728
vn -0.002796445 0.7202787 -0.6936792
vn -0.1770037 0.7785232 -0.602139
vn -0.04235549 0.7790928 -0.6254762
vn 0.648838 0.4183545 -0.6356011
vn 0.2796064 0.6707013 -0.6870079
vn 0.658933 0.4468367 -0.6050985
vn 0.8191206 0.2593074 -0.511665
vn 0.7381349 0.328813 -0.5891001
vn 0.658933 0.4468367 -0.6050985
vn 0.4977631 0.5585072 -0.6635523
vn 0.4649796 0.6406804 -0.6110013
vn 0.003029691 0.7602968 0.6495687
vn 0.03281076 0.7451538 0.6660851
vn 0.02176574 0.7497047 0.6614144
vn 0.03679851 0.7454091 0.6655909
vn 0.04187349 0.7509618 0.6590167
vn 0.03457749 0.7611544 0.6476484
vn 0.05967319 0.7622548 0.6445205
vn 0.03418324 0.7753327 0.6306272
vn 0.02069228 0.784803 0.6193998
vn 0.009042914 0.7932122 0.6088783
vn 0.02052764 0.7874143 0.6160823
vn 0.02753972 0.7808799 0.6240738
vn 0.01361177 0.7752458 0.6315131
vn 0.01361509 0.7752462 0.6315125
vn -0.783079 0.5595438 -0.2714737
vn -0.9108366 0.3924302 -0.1279658
vn -0.878984 0.4440386 -0.1738304
vn -0.9586651 0.2813711 -0.04232813
vn -0.630834 0.6700845 -0.3911972
vn -0.5250418 0.717401 -0.4578941
vn -0.2234386 0.7729625 -0.5938048
vn -0.164018 0.7579093 -0.6314045
vn 0.3044378 0.6508672 -0.695478
vn 0.009339772 0.6793742 -0.7337326
vn -0.164018 0.7579093 -0.6314045
vn 0.02621241 0.7385786 -0.6736576
vn 0.693777 0.3035124 -0.6531107
vn 0.292355 0.6074125 -0.738633
vn 0.6601034 0.3621187 -0.6581287
vn 0.8556828 0.1206786 -0.5032331
vn 0.8416149 0.1372844 -0.5223384
vn 0.6601034 0.3621187 -0.6581287
vn 0.5114459 0.4788687 -0.713518
vn 0.5293717 0.5421333 -0.6525773
vn 0.1971281 0.8380745 0.508696
vn 0.1955314 0.8378456 0.5096884
vn 0.1972456 0.8373804 0.5097924
vn 0.1935768 0.8383268 0.5096433
vn 0.1928954 0.8389145 0.508934
vn 0.1934307 0.8391162 0.5083981
vn 0.1946957 0.8390164 0.5080797
vn 0.1946057 0.8392715 0.5076928
vn 0.1950523 0.8392208 0.5076054
vn 0.1796205 0.842901 0.5072024
vn 0.1693497 0.8483756 0.501577
vn 0.200076 0.848199 0.4904367
vn 0.2256329 0.8465633 0.4820999
vn 0.2861274 0.8341271 0.471554
vn -0.7821637 0.594342 -0.1870228
vn -0.7920766 0.5774553 -0.1978889
vn -0.825324 0.542464 -0.1567585
vn -0.7808962 0.5890049 -0.2080245
vn -0.6824309 0.6802042 -0.2676013
vn -0.5014687 0.7746481 -0.3852913
vn -0.3672706 0.8043426 -0.4670602
vn -0.2281358 0.8179607 -0.5281044
vn 0.06708087 0.7665116 -0.6387176
vn 0.2495866 0.6852745 -0.6841823
vn 0.5456451 0.4719846 -0.6924608
vn 0.6434497 0.3612216 -0.6749011
vn 0.7665988 0.2017314 -0.6096152
vn 0.7412204 0.2281116 -0.6313141
vn -0.6434533 0.643787 -0.4141328
vn -0.5941695 0.4246263 -0.6831215
vn -0.617837 0.5157872 -0.5934989
vn -0.5756891 0.389594 -0.7188871
vn -0.6400437 0.7186764 -0.2717502
vn -0.6396721 0.7477013 -0.1782198
vn -0.6024799 0.7980892 0.008459688
vn -0.5623291 0.8181177 0.1202891
vn -0.451752 0.8249606 0.3396468
vn -0.4317181 0.8334923 0.3448333
vn -0.2132652 0.7488993 0.6274294
vn -0.1004914 0.6998327 0.7072028
vn 0.05422724 0.581102 0.8120221
vn 0.007192498 0.6450599 0.7640982
vn -0.640678 0.6557189 -0.3994552
vn -0.6107121 0.5172957 -0.5995298
vn -0.6215677 0.5665705 -0.5409729
vn -0.590962 0.4745918 -0.652324
vn -0.6414905 0.7071133 -0.2974568
vn -0.64179 0.7419833 -0.1938204
vn -0.6024799 0.7980891 0.008459381
vn -0.5623289 0.8181177 0.12029
vn -0.451751 0.8249604 0.339649
vn -0.4317175 0.8334922 0.3448344
vn -0.213265 0.7488995 0.6274292
vn -0.1004912 0.6998326 0.7072029
vn 0.05422776 0.5811012 0.8120226
vn 0.007195048 0.6450567 0.7641008
vn -0.6406782 0.6557194 -0.399454
vn -0.6107119 0.5172942 -0.5995312
vn -0.6215677 0.5665701 -0.5409732
vn -0.5909611 0.474589 -0.6523268
vn -0.6414905 0.707114 -0.2974553
vn -0.6417899 0.7419837 -0.1938196
vn -0.5623292 0.8181176 0.1202894
vn -0.6417899 0.7419837 -0.1938196
vn -0.6024801 0.7980891 0.008459175
vn -0.4517507 0.8249602 0.3396499
vn -0.4317167 0.8334919 0.3448362
vn -0.2132646 0.7488989 0.6274302
vn -0.1004929 0.6998339 0.7072014
vn 0.05422509 0.5811039 0.8120209
vn 0.00719203 0.6450596 0.7640985
vn -0.6024801 0.7980891 0.008459175
vn -0.6417899 0.7419837 -0.1938196
vn -0.6414905 0.707114 -0.2974553
vn -0.1267696 0.5280818 -0.839678
vn -0.1003403 0.539493 -0.83599
vn 0.008040029 0.6312599 -0.7755297
vn 0.1620248 0.7216178 -0.6730644
vn 0.2943555 0.78163 -0.5499175
vn 0.3464347 0.786375 -0.5114658
vn 0.4316526 0.8027822 -0.4113597
vn 0.4778041 0.8113235 -0.3368346
vn 0.5685058 0.8081896 -0.1537228
vn 0.5878524 0.8055932 -0.07381867
vn 0.6660838 0.7062401 0.2399109
vn 0.6601065 0.6294031 0.4100136
vn 0.6393757 0.5080224 0.5771585
vn 0.6293333 0.5488408 0.5501942
vn -0.2671795 0.3237931 -0.9076195
vn -0.253323 0.3308841 -0.9090341
vn -0.183523 0.4102396 -0.8933212
vn -0.09494819 0.4936199 -0.8644791
vn 0.07141574 0.6306074 -0.7728093
vn 0.1787925 0.6927933 -0.6986207
vn 0.3452278 0.770614 -0.5356976
vn 0.3972511 0.7932494 -0.4614616
vn 0.5029362 0.8178729 -0.2795339
vn 0.5265781 0.8258415 -0.2017458
vn 0.6264248 0.7714784 0.1114145
vn 0.6349527 0.7162749 0.2894572
vn 0.6323553 0.6151428 0.4708781
vn 0.6173247 0.6520422 0.4401717
vn 0.2711467 -0.4360026 -0.8581265
vn 0.7425846 -0.3434641 -0.5749788
vn 0.4319037 -0.4199606 -0.7981806
vn 0.8997825 -0.2519205 -0.3562689
vn 0.0004298374 -0.4308088 -0.9024432
vn -0.1298203 -0.4168447 -0.8996595
vn -0.385774 -0.3655341 -0.8470911
vn -0.5108442 -0.3268006 -0.795135
vn -0.7778299 -0.2050012 -0.5941002
vn -0.8991359 -0.1128033 -0.4228831
vn -0.9923812 0.03765121 -0.1173111
vn -0.9945633 0.1009502 0.02555122
vn -0.908798 0.2362206 0.3439273
vn -0.7742689 0.313075 0.5499926
vn 0.00959111 0.9968271 -0.07901672
vn 0.005432476 0.9959139 -0.09014466
vn 0.002602661 0.9964461 -0.08419289
vn 0.01809416 0.9955376 -0.09261502
vn -0.01106801 0.99907 -0.04167348
vn -0.04560482 0.9988627 0.01390677
vn 0.02671322 0.9973577 -0.06755769
vn 0.02815241 0.9989474 -0.03621609
vn 0.01684534 0.9991041 -0.03882365
vn -0.02743679 0.999015 -0.0348771
vn -0.08486759 0.9959202 0.03066436
vn -0.04612011 0.9986866 -0.0223144
vn -0.002747467 0.9980691 -0.06205298
vn -0.1140726 0.9848838 0.1303508
vn 0.03060633 0.9990442 -0.03120568
vn -0.2264669 0.902665 0.3659354
vn 0.01121024 0.9997814 -0.01764968
vn 0.001242695 0.8885419 0.4587936
vn -0.2801616 0.5965014 0.7521274
vn 0.1077789 0.5411299 0.8340036
vn 0.2146861 0.8689193 0.4459698
vn 0.4504396 0.506556 0.7351906
vn -0.6986982 0.5640783 0.4400416
vn -0.449417 0.8839797 0.1288577
vn 0.0246616 0.9996709 -0.007067198
vn 0.1228062 0.9193437 0.3737992
vn 0.06717643 0.9977411 -0.0001816306
vn 0.2146861 0.8689193 0.4459698
vn 0.2844698 0.9078827 0.3079383
vn -0.02551415 0.9993669 -0.02479659
vn -0.0614036 0.9970444 -0.04617324
vn 0.02775542 0.9996029 -0.00487759
vn -0.3868545 -0.1422733 -0.9110993
vn -0.1221867 -0.2027702 -0.9715734
vn 0.01934277 -0.2159962 -0.9762027
vn -0.5274543 -0.1083339 -0.8426481
vn -0.7919836 0.04098834 -0.6091649
vn -0.9055495 0.1451878 -0.3986233
vn 0.3109315 -0.2197215 -0.9246859
vn 0.4696267 -0.1993753 -0.8600583
vn 0.7753633 -0.1145419 -0.6210408
vn 0.9060029 -0.04090773 -0.4212898
vn -0.9510865 0.2985232 -0.07948775
vn -0.9339699 0.3572904 -0.006619238
vn 0.977766 0.1887018 0.09146095
vn 0.8481354 0.3459649 0.4012167
vn 0.7105386 0.4285677 0.5580902
vn 0.9929838 0.09272194 -0.07338784
vn 0.9060029 -0.04090773 -0.4212898
vn 0.7753633 -0.1145419 -0.6210408
vn 0.8481354 0.3459649 0.4012167
vn 0.4504396 0.506556 0.7351906
vn 0.5235558 0.7613323 0.3824427
vn 0.2944048 0.7027709 0.6476409
vn -0.6986982 0.5640783 0.4400416
vn -0.9339699 0.3572904 -0.006619238
vn -0.8244681 0.4907289 0.2818465
vn -0.9510865 0.2985232 -0.07948775
vn -0.3563378 0.4029244 0.8430156
vn -0.7742689 0.313075 0.5499926
vn -0.5007756 0.3877091 0.7738898
vn -0.908798 0.2362206 0.3439273
vn -0.07053357 0.4076777 0.9103976
vn 0.09353792 0.394842 0.913975
vn 0.3733122 0.3477178 0.8600758
vn 0.4898992 0.3176876 0.8118334
vn 0.7514815 0.2122678 0.6246743
vn 0.8749544 0.1307286 0.4662239
vn 0.9873412 -0.01927494 0.1574348
vn 0.9954374 -0.09539712 -0.00194388
vn 0.8997825 -0.2519205 -0.3562689
vn 0.7425846 -0.3434641 -0.5749788
vn 0.2711437 -0.4360057 -0.858126
vn 0.7425867 -0.3434627 -0.5749768
vn 0.4318999 -0.4199629 -0.7981815
vn 0.8997803 -0.2519214 -0.3562738
vn 0.0004296462 -0.4308109 -0.9024421
vn -0.12982 -0.4168452 -0.8996592
vn -0.3857717 -0.3655346 -0.8470919
vn -0.5108427 -0.3268027 -0.7951351
vn -0.7778344 -0.2050018 -0.5940943
vn -0.8991415 -0.1128014 -0.4228716
vn -0.9923822 0.0376539 -0.1173022
vn -0.9945643 0.1009449 0.02553435
vn -0.9088046 0.2362184 0.3439114
vn -0.7742652 0.3130789 0.5499955
vn 0.009589562 0.9968207 -0.07909846
vn 0.005424549 0.9959117 -0.09016887
vn 0.002595304 0.9964404 -0.08426033
vn 0.01810143 0.9955385 -0.09260359
vn -0.01108095 0.99907 -0.04166949
vn -0.0456282 0.9988617 0.01390391
vn -0.08488763 0.9959187 0.03065868
vn -0.04612913 0.998686 -0.02232147
vn -0.00274979 0.9980692 -0.06205146
vn -0.1140619 0.9848869 0.1303367
vn 0.03063295 0.9990417 -0.0312594
vn -0.2264586 0.9026772 0.3659105
vn 0.01121947 0.9997808 -0.01767451
vn 0.00125049 0.8885367 0.458804
vn -0.2801579 0.5964993 0.7521304
vn -0.6987097 0.5640665 0.4400384
vn -0.4494141 0.8839832 0.1288438
vn 0.1077741 0.5411268 0.8340063
vn 0.2146899 0.8689103 0.4459856
vn 0.450439 0.5065596 0.7351884
vn 0.02466104 0.999671 -0.007050378
vn 0.1228109 0.9193339 0.3738215
vn 0.06722229 0.997738 -0.0001473645
vn 0.2146899 0.8689103 0.4459856
vn 0.2845162 0.907864 0.3079505
vn -0.02544039 0.9993687 -0.02479788
vn 0.02782641 0.9996011 -0.00484563
vn -0.06134748 0.9970476 -0.04618125
vn -0.02739673 0.9990153 -0.03489558
vn 0.01687098 0.999103 -0.03884068
vn 0.02817919 0.9989459 -0.03623787
vn 0.02673965 0.9973534 -0.06761003
vn -0.3868618 -0.1422573 -0.9110986
vn -0.1222088 -0.2027651 -0.9715716
vn 0.01932141 -0.2160005 -0.9762021
vn -0.5274467 -0.1083156 -0.8426552
vn -0.79198 0.04100065 -0.6091688
vn -0.90555 0.1451986 -0.3986183
vn 0.3109246 -0.2197244 -0.9246875
vn 0.4696234 -0.199376 -0.86006
vn 0.7753651 -0.1145442 -0.6210383
vn 0.9060073 -0.04091175 -0.4212804
vn -0.9510838 0.2985313 -0.07948959
vn -0.9339691 0.3572924 -0.006624526
vn -0.8244747 0.4907208 0.2818414
vn -0.9339691 0.3572924 -0.006624526
vn -0.9510838 0.2985313 -0.07948959
vn -0.6987097 0.5640665 0.4400384
vn 0.5235758 0.7613139 0.3824522
vn 0.450439 0.5065596 0.7351884
vn 0.2944099 0.7027596 0.6476511
vn 0.8481362 0.3459629 0.4012161
vn 0.9777665 0.1886964 0.09146769
vn 0.8481362 0.3459629 0.4012161
vn 0.7105368 0.4285731 0.5580881
vn 0.9929854 0.09271248 -0.07337828
vn 0.9060073 -0.04091175 -0.4212804
vn 0.7753651 -0.1145442 -0.6210383
vn -0.3563033 0.4029259 0.8430295
vn -0.7742652 0.3130789 0.5499955
vn -0.5007478 0.3877135 0.7739056
vn -0.9088046 0.2362184 0.3439114
vn -0.07053472 0.4076778 0.9103976
vn 0.09351783 0.3948447 0.913976
vn 0.3732938 0.3477221 0.860082
vn 0.4898962 0.317688 0.811835
vn 0.7514752 0.212271 0.6246808
vn 0.8749468 0.1307332 0.4662371
vn 0.9873411 -0.01927787 0.1574356
vn 0.995437 -0.09540212 -0.001951425
vn 0.8997803 -0.2519214 -0.3562738
vn 0.7425867 -0.3434627 -0.5749768
vn 0.9621262 0.08748117 0.2581862
vn 0.9626364 0.08852994 0.2559173
vn 0.961016 0.09136321 0.2609615
vn 0.96196 0.09098054 0.2575956
vn 0.9655828 0.08113146 0.2471183
vn 0.9640327 0.08033381 0.2533521
vn 0.9725875 0.06451754 0.2234077
vn 0.9702324 0.0598417 0.2346659
vn 0.9680066 0.0565438 0.2444707
vn 0.9594232 0.0652354 0.2743196
vn 0.9536821 0.07417045 0.2915292
vn 0.9598534 0.07305749 0.2708212
vn 0.9537902 0.08422875 0.2884263
vn 0.9627132 0.07947263 0.2585872
vn 0.9601994 0.08440959 0.2662557
vn 0.9562529 0.08738171 0.2791859
vn 0.9528527 0.0863951 0.2908738
vn 0.9636961 0.07290173 0.2568563
vn 0.9736723 0.06273245 0.2191501
vn 0.9732403 0.06774888 0.2195757
vn 0.9651639 0.07909924 0.2494033
vn 0.9630754 0.07987826 0.2571096
vn 0.9735867 0.06514256 0.2188271
vn 0.966966 0.06936099 0.2452871
vn 0.9733649 0.05246943 0.2231766
vn 0.9671725 0.05202275 0.248739
vn 0.9768705 0.03247827 0.2113505
vn 0.966421 0.04358189 0.2532413
vn 0.9558625 0.05342295 0.288917
vn 0.9207581 0.08880592 0.3798921
vn 0.9080175 0.1012835 0.4065043
vn 0.8678182 0.1346607 0.4782867
vn -0.019942 0.97779 -0.2086365
vn -0.0284505 0.9931278 -0.1135235
vn -0.004584974 0.9765164 -0.2153941
vn -0.04864512 0.9987637 -0.01023
vn -0.1092228 0.9708608 0.2133064
vn -0.1385144 0.9342769 0.328543
vn -0.1629274 0.8865413 0.4330117
vn -0.1552729 0.8913932 0.4258035
vn -0.1380087 0.9139252 0.3816991
vn -0.10276 0.9397196 0.3261401
vn -0.04937898 0.9969587 0.0602909
vn -0.01645762 0.9975443 -0.06807543
vn 0.129684 0.8127803 -0.5679527
vn 0.07394177 0.9463696 -0.3145111
vn 0.08214626 -0.9965429 0.01241937
vn 0.08214998 -0.9965425 0.01241867
vn 0.08214866 -0.9965426 0.01242013
vn 0.08215199 -0.9965424 0.01242131
vn 0.08214669 -0.9965429 0.01241491
vn 0.08215022 -0.9965426 0.01241574
vn 0.08215348 -0.9965423 0.0124204
vn 0.08215393 -0.9965422 0.01242504
vn 0.08215238 -0.9965424 0.01242042
vn 0.08215294 -0.9965423 0.01241925
vn 0.006984671 -0.9615306 0.2746091
vn -0.0752316 -0.8410286 0.5357343
vn -0.1450189 -0.6635736 0.7339207
vn -0.1450284 -0.6635302 0.7339581
vn -0.116669 -0.7452971 0.6564453
vn -0.08630177 -0.8179473 0.5687831
vn -0.102351 -0.7813323 0.6156656
vn -0.1476997 -0.6550313 0.7410254
vn -0.1902541 -0.4973278 0.8464445
vn -0.1936096 -0.482768 0.8540786
vn -0.1969147 -0.4680559 0.8614802
vn -0.1969207 -0.4680376 0.8614889
vn -0.2064793 -0.423143 0.8822224
vn -0.2155339 -0.377082 0.900752
vn -0.2361766 -0.2549979 0.9376549
vn -0.2469236 -0.1777342 0.9525961
vn -0.2612224 -0.04800386 0.9640843
vn -0.2656818 0.004111018 0.964052
vn 0.1771844 0.2066573 -0.9622362
vn 0.1076938 0.5143467 -0.8507935
vn 0.166255 0.3004157 -0.9392069
vn 0.07232448 0.6163979 -0.7841063
vn 0.1710443 0.08864808 -0.9812672
vn 0.1918182 0.01947258 -0.9812374
vn -0.01150852 0.8454779 -0.5338863
vn -0.03347987 0.933068 -0.3581385
vn -0.1205912 0.9754537 0.1842492
vn -0.1004498 0.9945061 0.02945351
vn -0.1779693 0.721496 0.6691564
vn -0.1708629 0.5459382 0.8202179
vn -0.2179533 0.3808205 0.8985945
vn -0.02196768 0.6864038 -0.7268889
vn 0.003119966 0.7876122 -0.6161633
vn 0.06066597 0.6002645 -0.7974974
vn 0.01730417 0.8849682 -0.4653298
vn -0.1276827 0.9890771 0.07364584
vn -0.1347576 0.9734008 0.1852872
vn -0.2643994 0.6858601 0.6780037
vn -0.1864928 0.9120111 0.3653167
vn -0.2547235 0.7281849 0.6362882
vn -0.2764983 0.6339278 0.7222772
vn -0.2962132 0.4752326 0.8284997
vn -0.2939374 0.3738964 0.8796603
vn -0.2853632 0.1946168 0.9384521
vn -0.2738068 0.1379071 0.9518464
vn -0.2656818 0.004111018 0.964052
vn -0.2612224 -0.04800386 0.9640843
vn 0.129684 0.8127803 -0.5679527
vn 0.2006288 0.5667064 -0.7991195
vn 0.2336053 0.2038559 -0.9507216
vn 0.2710677 0.2954195 -0.9161056
vn 0.1918182 0.01947258 -0.9812374
vn 0.2336053 0.2038559 -0.9507216
vn 0.1710443 0.08864808 -0.9812672
vn 0.544585 -0.4008225 -0.7367283
vn 0.8825807 -0.2402334 -0.4041525
vn 0.8792872 -0.2427467 -0.4097902
vn 0.6754544 -0.3592849 -0.6439531
vn 0.8757097 -0.2467048 -0.4150534
vn 0.9226679 -0.2034651 -0.3275451
vn 0.9767952 -0.1216754 -0.1762559
vn -0.04717633 -0.4595894 -0.8868776
vn 0.04240276 -0.4637132 -0.8849701
vn 0.5151242 -0.4114191 -0.7519185
vn -0.1301207 -0.4515014 -0.8827316
vn 0.3688531 -0.4395447 -0.818992
vn -0.04717633 -0.4595894 -0.8868776
vn -0.349492 -0.4178715 -0.8385933
vn -0.4671823 -0.3882958 -0.7943344
vn -0.744598 -0.2781375 -0.6068059
vn -0.8785356 -0.1857568 -0.440079
vn -0.9926433 -0.0171111 -0.1198608
vn -0.9975795 0.06029254 0.03464081
vn -0.8988972 0.2266513 0.3749839
vn -0.752673 0.319066 0.5759168
vn 0.03812631 0.9938629 -0.1038414
vn 0.004188172 0.9970593 -0.07651852
vn 0.01905782 0.997348 -0.07024082
vn 0.01394322 0.9968065 -0.07862847
vn -0.008524537 0.9993396 -0.03532133
vn -0.03513091 0.9993128 0.01181805
vn 0.08374863 0.9887807 -0.1236883
vn -0.06543073 0.997517 0.02605223
vn -0.2598185 0.9656038 0.01018095
vn 0.02628694 0.9966085 -0.07797785
vn 0.1077957 0.979578 -0.1697267
vn 0.1392068 0.9732074 -0.1829995
vn 0.134946 0.9695572 -0.2043242
vn 0.1328885 0.97824 -0.1593336
vn 0.1608264 0.9710938 -0.1763853
vn 0.3978029 0.9002516 0.1769179
vn 0.04461228 0.9989868 0.005918625
vn 0.3437523 0.8616067 0.3734546
vn -0.01911213 0.9994375 -0.02755763
vn -0.08740284 0.9931451 0.07761212
vn 0.06965168 0.9925241 -0.1002224
vn -0.1844652 0.9312471 0.3142472
vn 0.01684211 0.9921945 -0.1235573
vn 0.01470395 0.9096746 0.4150614
vn -0.2254186 0.6152712 0.7553991
vn 0.1264528 0.5581108 0.8200744
vn 0.02342532 0.7499056 0.66113
vn 0.1964208 0.8774368 0.437634
vn -0.09988071 0.9668111 0.2351599
vn -0.02290712 0.9893284 0.143891
vn 0.002125741 0.9988222 -0.04847379
vn 0.1126199 0.9290437 0.3524123
vn 0.0004640396 0.9998701 -0.01611174
vn 0.07661887 0.9761844 0.2029621
vn 0.01992881 0.9997202 0.01274658
vn 0.1424419 0.967632 0.2083231
vn -0.3571145 -0.1681052 -0.9188089
vn -0.1402196 -0.2318207 -0.9625994
vn -0.04739895 -0.2474929 -0.9677297
vn -0.4924364 -0.1294248 -0.8606716
vn -0.765114 0.05464415 -0.6415721
vn -0.8860018 0.1875554 -0.4240565
vn 0.1984703 -0.259706 -0.9450727
vn 0.3535819 -0.2508475 -0.9011411
vn 0.6788598 -0.1789875 -0.7121186
vn 0.8530844 -0.08839693 -0.5142303
vn -0.7901762 0.5380113 0.2935395
vn -0.9066384 0.4212328 0.02386736
vn -0.6778463 0.7324465 -0.06361166
vn -0.6675357 0.5848638 0.4607934
vn -0.8860018 0.1875554 -0.4240565
vn -0.9240331 0.3695573 -0.09793032
vn -0.765114 0.05464415 -0.6415721
vn -0.1844652 0.9312471 0.3142472
vn -0.6675357 0.5848638 0.4607934
vn -0.4119762 0.9045029 0.1102273
vn -0.2254186 0.6152712 0.7553991
vn -0.2333666 0.8838425 0.4054165
vn 0.4031375 0.5137681 0.7573126
vn 0.1264528 0.5581108 0.8200744
vn 0.2331876 0.813239 0.5331659
vn 0.5024359 0.6758055 0.5393005
vn 0.4031375 0.5137681 0.7573126
vn 0.3192289 0.5233288 0.7900758
vn 0.6321224 0.5299336 0.5653244
vn 0.4031375 0.5137681 0.7573126
vn 0.4068727 0.7918056 0.4555201
vn 0.5439273 0.8269219 0.1426301
vn 0.6321224 0.5299336 0.5653244
vn 0.5024359 0.6758055 0.5393005
vn 0.950299 0.2913224 0.1098313
vn 0.9841733 0.09535813 -0.1493645
vn 0.8456197 0.4317221 0.3139159
vn 0.9690523 0.02015598 -0.2460313
vn 0.8530844 -0.08839693 -0.5142303
vn 0.6788598 -0.1789875 -0.7121186
vn 0.1243995 0.4252425 0.8964896
vn -0.2838213 0.4316938 0.8562043
vn -0.01452686 0.4368379 0.899423
vn -0.46624 0.4100981 0.7838621
vn -0.752673 0.319066 0.5759168
vn -0.8988972 0.2266513 0.3749839
vn 0.3104839 0.4019268 0.8614259
vn 0.4080635 0.382716 0.8288622
vn 0.7044167 0.2819102 0.6514014
vn 0.7896774 0.245603 0.5622178
vn 0.9441937 0.1236155 0.3053152
vn 0.9835291 0.06006814 0.1704765
vn 0.9767952 -0.1216754 -0.1762559
vn 0.9226679 -0.2034651 -0.3275451
vn 0.0831463 0.3012939 0.9498993
vn 0.1017602 0.3642273 0.925734
vn 0.07234454 0.3587055 0.9306431
vn 0.2266537 0.5682918 0.7909946
vn 0.1609104 0.3796386 0.9110337
vn 0.3036481 0.669421 0.6779921
vn 0.1751166 0.387307 0.905167
vn 0.2709359 0.7568598 0.5947747
vn 0.1807491 0.7150522 0.6753001
vn 0.1686862 0.4137995 0.8946033
vn 0.197602 0.5901012 0.7827732
vn 0.1686862 0.4137995 0.8946033
vn 0.1552894 0.4294737 0.8896278
vn 0.163443 0.4284747 0.8886484
vn 0.1231126 0.4267043 0.8959725
vn 0.1014659 0.4228039 0.9005229
vn 0.05617368 0.4241664 0.9038404
vn -0.6534715 0.7569407 0.003970758
vn -0.7806931 0.6185727 -0.08880378
vn -0.7659529 0.6388811 -0.07174291
vn -0.8731963 0.4611979 -0.157559
vn -0.53815 0.8413935 0.04951329
vn -0.3849695 0.9177957 0.09720904
vn -0.1176019 0.9841338 0.1328552
vn 0.004640821 0.9914861 0.1301297
vn 0.2485225 0.9593447 0.1337696
vn 0.09514029 0.7954938 0.5984463
vn 0.3029697 0.8843552 0.3551413
vn 0.06580493 0.8600294 0.5059834
vn 0.6485378 0.7515393 0.1207784
vn 0.2709359 0.7568598 0.5947747
vn 0.5285607 0.6048557 0.5956283
vn 0.8912073 0.4530782 0.02167346
vn 0.7771155 0.6262903 0.062064
vn 0.813405 0.5804847 -0.03754569
vn 0.4401945 0.02881027 0.8974401
vn 0.2320365 0.2588339 0.9376376
vn 0.3381616 0.2108504 0.9171634
vn 0.1304627 0.3564245 0.9251708
vn 0.1554514 0.3440401 0.9259974
vn 0.1595494 0.344918 0.9249733
vn 0.1234289 0.3614637 0.9241804
vn 0.09948012 0.3695604 0.9238663
vn 0.06974746 0.3690108 0.9268044
vn 0.1032036 0.349979 0.9310552
vn 0.02845634 0.3311374 0.9431534
vn 0.1375085 0.2647491 0.9544629
vn 0.1341051 0.2301905 0.963861
vn 0.370784 0.1513447 0.9163046
vn 0.3563609 0.7983226 -0.4854769
vn -0.07521492 0.8683224 -0.4902641
vn 0.2085371 0.8417107 -0.4980316
vn -0.2604194 0.8424756 -0.4716106
vn -0.4478222 0.7906097 -0.4176022
vn -0.601694 0.7022886 -0.3804669
vn -0.7638503 0.5639779 -0.3137861
vn -0.8657984 0.4169797 -0.2766243
vn -0.8996508 0.3563556 -0.252268
vn 0.4516106 0.7489588 -0.4848799
vn 0.6311877 0.6446313 -0.4313383
vn 0.7376873 0.5555543 -0.3836363
vn 0.91404 0.3275777 -0.2392149
vn -0.8657984 0.4169797 -0.2766243
vn -0.8996508 0.3563556 -0.252268
vn -0.9300727 0.2771678 -0.2411281
vn -0.1037216 0.9253101 0.3647507
vn -0.09008349 0.9531611 0.2887365
vn 0 1 0
vn 0 1 0
vn 0 1 0
vn -0.01164508 0.971752 0.2357165
vn 0 1 0
vn -0.03007323 0.8720655 0.4884641
vn 0 1 0
vn -0.1173671 0.9899247 0.07920854
vn 0 1 0
vn -0.004431978 0.9999286 -0.01110461
vn 0 1 0
vn 0 1 0
vn 0 1 0
vn 0 1 0
vn 0 1 0
vn 0 1 0
vn 0 1 0
vn 0 1 0
vn -0.2135059 0.9114826 0.3515888
vn -0.3849983 0.8360334 0.3909277
vn -0.004285329 0.9999331 -0.01074764
vn -0.03517049 0.8784291 0.4765767
vn 0.192253 0.8693406 0.4552865
vn -0.1181664 0.885725 0.4489184
vn -0.1022825 0.7433801 0.6610026
vn 0.0561693 0.8128061 0.57982
vn 0.124366 0.8694055 0.4781915
vn -0.03281676 0.8822846 0.4695708
vn -0.4801413 0.5371009 0.6935323
vn -0.4775769 0.8123011 0.3347944
vn 0.1239784 0.5107137 0.8507649
vn 0.1802248 0.5045741 0.8443483
vn 0.1239784 0.5107137 0.8507649
vn -0.05857078 0.5424204 0.8380631
vn 0.06874873 0.5151455 0.8543411
vn -0.4801413 0.5371009 0.6935323
vn -0.8674361 0.3944449 0.3032623
vn -0.7129345 0.4918724 0.4997859
vn -0.8674373 0.3944415 0.303263
vn 0.1360713 0.7144281 0.6863505
vn 0.06874873 0.5151455 0.8543411
vn 0.1032469 0.8691213 0.4837028
vn -0.2446349 0.5971521 0.763913
vn -0.01428647 0.8315483 0.5552688
vn -0.1638365 0.9128243 0.3740448
vn -0.1746182 0.7001382 0.6923258
vn 0.03171579 0.9187673 0.3935236
vn 0.1781512 0.6640381 0.726165
vn 0.2739549 0.9010617 0.3362094
vn 0.7369968 0.4729574 0.482853
vn -0.01481071 0.9710518 0.2384091
vn -0.106285 0.9239893 0.3673518
vn -0.1370247 0.8867387 0.4414962
vn -0.3208806 0.7789826 0.5387223
vn 0.12705 0.9397593 0.3173497
vn -0.001571141 0.9999962 -0.002275085
vn -0.004267671 0.9999894 -0.001764866
vn -0.00220781 0.999997 -0.001118204
vn -0.002376897 0.999997 -0.0005077617
vn -0.002365441 0.9999973 0.0001336988
vn -0.002327658 0.9999973 9.988562E-05
vn 0.7188717 0.2949189 0.6294811
vn 0.8658269 0.1693866 0.4707992
vn 0.8914202 0.07367358 0.447149
vn 0.4949611 0.435773 0.7517415
vn 0.5508964 0.4162938 0.7233344
vn 0.762619 0.3385301 0.5511892
vn 0.9836708 0.1228429 0.1315345
vn 0.9941497 0.02862474 -0.1041494
vn -0.1181664 0.885725 0.4489184
vn -0.1618256 0.9504558 0.2654171
vn -0.3849983 0.8360334 0.3909277
vn -0.1964071 0.9252738 0.3244885
vn 0.06267231 0.9257233 0.3729726
vn -0.01128011 0.9707736 0.2397321
vn 0.0927785 0.9711565 0.2196527
vn 7.59623E-05 1 6.13629E-05
vn 0.0001258654 1 1.41087E-05
vn 0.0001524424 1 0
vn 0.00015203 1 -3.535155E-05
vn 0.0001254628 1 0
vn -0.1740293 0.8790654 0.4437993
vn -0.03432084 0.6767194 0.7354406
vn 0.04006576 0.8031115 0.5944802
vn -0.09683891 0.8726772 0.4785986
vn 0.9240817 0.3299198 0.1929404
vn 0.7369968 0.4729574 0.482853
vn 0.5069095 0.5970068 0.6217923
vn 0.9709563 0.2331685 0.05363032
vn 0.9767223 0.2019133 -0.07241898
vn 0.9847218 0.142478 -0.1001147
vn 0.7488379 0.3177167 0.5816337
vn 0.2218775 0.415125 0.8822933
vn 0.5773194 0.3137191 0.7538452
vn 0.09101696 0.4578665 0.8843495
vn 0.9227798 0.2956156 0.2471616
vn 0.9336292 0.3444097 0.0985821
vn 0.9480326 0.3137469 -0.05288735
vn 0.9524858 0.2979065 -0.06342284
vn 0.1532896 0.7697251 0.619698
vn -0.09683891 0.8726772 0.4785986
vn 0.05278899 0.8567463 0.5130295
vn 0.09101696 0.4578665 0.8843495
vn -0.17399 0.5181461 0.837408
vn -0.3082606 0.5355007 0.786266
vn 0.3452545 0.2927409 0.8916849
vn 0.3392355 0.2949277 0.8932732
vn 0.361392 0.2999118 0.882864
vn 0.3354944 0.2903892 0.8961684
vn 0.3373073 0.3009217 0.8920033
vn 0.338869 0.3032383 0.8906258
vn 0.3306561 0.2969133 0.8958288
vn 0.3499878 0.2781432 0.8945082
vn 0.3934022 0.8602979 0.3242258
vn 0.124366 0.8694055 0.4781915
vn 0.4468115 0.6704136 0.5923724
vn 0.5362461 0.4541641 0.7114599
vn 0.2177895 0.5012161 0.8374665
vn 0.08313624 0.5132865 0.8541811
vn 0.940792 0.3023605 0.1532598
vn 0.6869325 0.4556357 0.5661448
vn 0.8772753 0.3692322 0.3066851
vn 0.5362461 0.4541641 0.7114599
vn 0.9739881 0.2260937 0.0151256
vn 0.9861988 0.1593128 -0.04507055
vn 0.9390448 -0.1020545 -0.3282982
vn 0.9941497 0.02862474 -0.1041494
vn 0.9390445 -0.1020569 -0.3282984
vn 0.9836708 0.1228429 0.1315345
vn 0.2711438 -0.4360018 -0.8581279
vn 0.7425937 -0.343456 -0.5749718
vn 0.4319136 -0.419956 -0.7981777
vn 0.8997788 -0.2519204 -0.3562784
vn 0.0004374639 -0.4308082 -0.9024433
vn -0.1298218 -0.4168445 -0.8996593
vn -0.3857747 -0.365535 -0.8470904
vn -0.5108466 -0.3268021 -0.7951328
vn -0.7778349 -0.2049998 -0.5940942
vn -0.8991455 -0.1127947 -0.4228648
vn 0.9954368 -0.09540249 -0.001954685
vn -0.9923822 0.03765631 -0.1173013
vn -0.9945645 0.1009427 0.02553123
vn -0.9088069 0.2362152 0.3439079
vn 0.00959655 0.9968226 -0.07907409
vn 0.005395337 0.9959084 -0.09020705
vn 0.002589502 0.9964402 -0.08426201
vn 0.01804478 0.9955328 -0.09267618
vn -0.01115856 0.9990672 -0.04171443
vn -0.04565227 0.998861 0.01387744
vn 0.0267406 0.9973543 -0.06759714
vn 0.02818934 0.9989451 -0.03625025
vn 0.01689612 0.9991018 -0.03886074
vn -0.08486504 0.995921 0.03064479
vn -0.0460792 0.9986883 -0.02232745
vn -0.002736152 0.9980699 -0.06204079
vn -0.114069 0.9848845 0.1303489
vn 0.03062638 0.999042 -0.03125836
vn -0.2264572 0.9026781 0.3659087
vn 0.01121626 0.9997808 -0.01768014
vn 0.001244796 0.8885367 0.4588038
vn -0.2801566 0.5964951 0.7521341
vn -0.6987023 0.564069 0.440047
vn -0.449417 0.8839794 0.128859
vn 0.1077697 0.5411222 0.8340099
vn 0.2146735 0.8689197 0.4459752
vn 0.4504403 0.5065477 0.7351959
vn 0.02466182 0.9996709 -0.007058247
vn 0.1227921 0.9193434 0.3738046
vn 0.06716005 0.9977422 -0.0001813131
vn 0.2146735 0.8689197 0.4459752
vn 0.2844795 0.9078797 0.3079381
vn -0.02547185 0.9993678 -0.02480663
vn 0.02776591 0.9996026 -0.004877556
vn -0.06133003 0.997048 -0.0461963
vn -0.02737231 0.9990152 -0.03492115
vn -0.3868689 -0.1422697 -0.9110938
vn -0.1222019 -0.2027663 -0.9715722
vn 0.01933318 -0.2159973 -0.9762025
vn -0.5274623 -0.108336 -0.8426427
vn -0.7919806 0.0409769 -0.6091697
vn -0.9055459 0.1451706 -0.3986377
vn 0.3109288 -0.2197295 -0.924685
vn 0.4696224 -0.1993883 -0.8600577
vn 0.7753654 -0.1145523 -0.6210365
vn 0.9060094 -0.04090742 -0.4212761
vn -0.7742511 0.3130836 0.5500126
vn -0.9945645 0.1009427 0.02553123
vn -0.9088069 0.2362152 0.3439079
vn -0.5007533 0.3877129 0.7739024
vn -0.3563368 0.4029223 0.843017
vn -0.07056332 0.4076768 0.9103958
vn 0.09352597 0.3948414 0.9139766
vn 0.3733205 0.3477154 0.8600731
vn 0.4899123 0.3176844 0.8118267
vn 0.7514837 0.2122676 0.6246716
vn 0.8749441 0.1307372 0.4662409
vn 0.987341 -0.01927684 0.1574363
vn 0.9954368 -0.09540249 -0.001954685
vn 0.8997788 -0.2519204 -0.3562784
vn -0.8244705 0.4907207 0.2818539
vn -0.9339731 0.3572818 -0.006623836
vn -0.951089 0.2985106 -0.07950562
vn -0.9055459 0.1451706 -0.3986377
vn -0.7919806 0.0409769 -0.6091697
vn -0.6987023 0.564069 0.440047
vn 0.523552 0.7613345 0.3824434
vn 0.4504403 0.5065477 0.7351959
vn 0.2943885 0.702772 0.6476474
vn 0.848137 0.3459616 0.401216
vn 0.9777637 0.1887097 0.09147057
vn 0.848137 0.3459616 0.401216
vn 0.7105434 0.428561 0.5580891
vn 0.9929842 0.09273189 -0.07337075
vn 0.9060094 -0.04090742 -0.4212761
vn 0.7753654 -0.1145523 -0.6210365
vn 0.2806551 -0.3610884 -0.8892962
vn 0.7565264 -0.28135 -0.5903473
vn 0.4460237 -0.3469015 -0.8250589
vn 0.9087614 -0.2047332 -0.3636442
vn 0.001052567 -0.3565223 -0.9342863
vn -0.1336368 -0.3442037 -0.9293358
vn -0.394348 -0.2997425 -0.8687025
vn -0.5200866 -0.2666874 -0.811411
vn -0.7827646 -0.1656953 -0.5998539
vn -0.9004129 -0.0910669 -0.425398
vn -0.9926843 0.03019936 -0.1169012
vn -0.9963852 0.08089271 0.02594026
vn -0.9170267 0.1914605 0.3498642
vn -0.7866873 0.2553485 0.5620678
vn 0.9970695 -0.07646374 -0.002371672
vn 0.01199672 0.9950365 -0.09878356
vn 0.006734774 0.9936166 -0.1126088
vn 0.003244108 0.9944447 -0.1052111
vn 0.02255636 0.9930339 -0.1156502
vn -0.01388179 0.9985412 -0.05217837
vn -0.05707115 0.9982192 0.01735912
vn 0.03344197 0.9958616 -0.08450619
vn 0.03525912 0.9983495 -0.04533143
vn 0.02111009 0.998598 -0.04854108
vn -0.1060483 0.9936252 0.03824612
vn -0.05771372 0.9979426 -0.02792065
vn -0.003434897 0.9969838 -0.07753292
vn 0.04466273 0.9967931 -0.06639884
vn 0.03829514 0.9985044 -0.03901886
vn -0.03725628 0.9767139 0.2112866
vn -0.03428744 0.9984612 -0.04358388
vn -0.07673924 0.9953806 -0.05769254
vn -0.03189736 0.9990096 -0.03102173
vn 0.03479628 0.999376 -0.006067565
vn 0.0840242 0.9964637 -0.0001928577
vn 0.09892704 0.9643133 0.2455873
vn 0.01404015 0.9996586 -0.02203459
vn 0.0212578 0.9995247 -0.02232343
vn -0.03842283 0.9746755 0.2202984
vn 0.03089304 0.9994841 -0.008791587
vn 0.05593165 0.9984156 0.006168807
vn -0.3880751 -0.114247 -0.9145193
vn -0.1229111 -0.1632998 -0.9788903
vn 0.01986371 -0.174114 -0.9845251
vn -0.5284323 -0.08688967 -0.8445173
vn -0.7933649 0.03332459 -0.6078334
vn -0.9096572 0.1169535 -0.3985542
vn 0.3135372 -0.1771394 -0.9329073
vn 0.4729593 -0.1605044 -0.8663416
vn 0.776867 -0.09194674 -0.6229153
vn 0.9060429 -0.03290896 -0.4219044
vn -0.9668086 0.2428649 -0.07935945
vn -0.9561646 0.292776 -0.005607868
vn -0.8607069 0.4117165 0.2994547
vn -0.9561646 0.292776 -0.005607868
vn -0.9668086 0.2428649 -0.07935945
vn -0.7394802 0.4798492 0.4721373
vn -0.4547229 0.5178572 0.7246041
vn -0.3011676 0.5108639 0.8051808
vn 0.002297317 0.8658001 0.5003847
vn -0.3011676 0.5108639 0.8051808
vn -0.2992297 0.8198401 0.4881841
vn 0.1139553 0.4573922 0.8819335
vn -0.3011676 0.5108639 0.8051808
vn -0.01615235 0.479672 0.8772991
vn 0.3514132 0.4389311 0.8269512
vn 0.4716335 0.4253485 0.7724251
vn 0.1139553 0.4573922 0.8819335
vn 0.3182462 0.6454726 0.6943229
vn 0.7335811 0.3550141 0.5795031
vn 0.4716335 0.4253485 0.7724251
vn 0.3514132 0.4389311 0.8269512
vn 0.8652188 0.2839359 0.4132518
vn 0.983904 0.1523379 0.09341415
vn 0.994576 0.07445493 -0.07263006
vn 0.9060429 -0.03290896 -0.4219044
vn 0.776867 -0.09194674 -0.6229153
vn -0.3669893 0.3319204 0.8689922
vn -0.7866873 0.2553485 0.5620678
vn -0.5146953 0.3186578 0.7959561
vn -0.9170267 0.1914605 0.3498642
vn -0.07344346 0.3361061 0.9389563
vn 0.0958036 0.3249077 0.9408808
vn 0.380995 0.284359 0.8797629
vn 0.4984922 0.2588488 0.8273469
vn 0.756644 0.1715697 0.6309149
vn 0.8768333 0.1054394 0.4690906
vn 0.9874775 -0.01550972 0.1569955
vn 0.9970695 -0.07646374 -0.002371672
vn 0.9087614 -0.2047332 -0.3636442
vn 0.2060936 -0.4137236 -0.8867685
vn 0.6893951 -0.3832112 -0.6147224
vn 0.356949 -0.4166451 -0.8360587
vn 0.8877012 -0.3032525 -0.3464456
vn 0.0003434686 -0.3871562 -0.9220141
vn -0.1182538 -0.3640984 -0.9238226
vn -0.3551823 -0.2997159 -0.8854467
vn -0.4760151 -0.2563393 -0.8412489
vn -0.7466729 -0.1237503 -0.653579
vn -0.8833133 -0.02046893 -0.4683361
vn -0.9805325 0.1312377 -0.1460563
vn 0.9863881 -0.1514474 0.06404695
vn 0.9703023 -0.08212009 0.2275294
vn -0.9813493 0.192147 0.005749527
vn 0.009582235 0.9959996 -0.08884259
vn 0.005408659 0.9948404 -0.1013074
vn 0.002587954 0.9955081 -0.09464062
vn 0.01807305 0.994406 -0.1040674
vn 0.04292244 0.9970587 -0.0634951
vn -0.0110761 0.9988407 -0.0468448
vn -0.01502483 0.999804 0.01289586
vn -0.03244453 0.999082 0.02797432
vn -9.483848E-05 0.9997429 -0.02267148
vn 0.005446371 0.9983954 -0.05636395
vn -0.1089743 0.981189 0.1593512
vn 0.01849673 0.9996259 -0.02014943
vn -0.1145378 0.9766975 0.1815026
vn 0.009257033 0.9998773 -0.01263832
vn 0.05578223 0.9984378 0.003212909
vn 0.03620672 0.9990829 -0.02285759
vn 0.005605245 0.9969844 -0.07739865
vn -0.03629217 0.9919261 -0.1215132
vn 0.008160878 0.9973909 -0.07172775
vn 0.02605067 0.9996501 -0.004597231
vn -0.1855054 0.9274301 0.3247479
vn 0.01511137 0.9998624 -0.006841532
vn 0.02392157 0.999693 -0.006442739
vn 0.1289761 0.9187088 0.3732819
vn 0.0609271 0.9981413 0.001367272
vn 0.1177226 0.9697142 0.2139994
vn -0.3528457 -0.1279297 -0.9268948
vn -0.1094822 -0.1812841 -0.9773176
vn 0.0171206 -0.1929325 -0.9810627
vn -0.5158895 -0.1197201 -0.8482483
vn -0.7381457 -0.04568822 -0.6730926
vn -0.8105759 -0.003899706 -0.5856206
vn 0.2529584 -0.199972 -0.946585
vn 0.3674605 -0.1917014 -0.9100678
vn 0.6637332 -0.1310022 -0.7364079
vn 0.8591552 0.01224622 -0.5115684
vn -0.9334052 0.2028012 -0.2960175
vn -0.9321083 0.352368 -0.0837298
vn -0.7296189 0.372292 0.5736331
vn -0.9813493 0.192147 0.005749527
vn -0.8891039 0.3096115 0.3370978
vn -0.9805325 0.1312377 -0.1460563
vn -0.4424907 0.4070364 0.7990766
vn -0.2686103 0.3994774 0.8765079
vn -0.02469714 0.3712251 0.9282144
vn 0.1157264 0.3437581 0.9319001
vn 0.3365135 0.2888903 0.8962706
vn 0.3992613 0.2738537 0.8749826
vn 0.6801103 0.1616789 0.7150593
vn 0.8074281 0.09159133 0.5828129
vn 0.9703023 -0.08212009 0.2275294
vn 0.9863881 -0.1514474 0.06404695
vn -0.1716106 0.8798819 0.4431226
vn -0.6156973 0.5442752 0.5698081
vn -0.4272881 0.8854378 0.1828239
vn -0.1735448 0.4925832 0.8527861
vn -0.2563986 0.7158548 0.6494703
vn -0.6156973 0.5442752 0.5698081
vn -0.9321083 0.352368 -0.0837298
vn -0.7766467 0.5129687 0.365627
vn -0.9334052 0.2028012 -0.2960175
vn 0.04170005 0.4655503 0.8840385
vn -0.1735448 0.4925832 0.8527861
vn -0.3126517 0.5278115 0.7897239
vn 0.1020398 0.4780548 0.8723826
vn 0.2323498 0.494924 0.8372955
vn 0.293997 0.5038861 0.8121973
vn 0.1020398 0.4780548 0.8723826
vn 0.1554773 0.861682 0.4830433
vn 0.4199896 0.7853321 0.4548209
vn 0.7380599 0.4264328 0.5228983
vn 0.293997 0.5038861 0.8121973
vn 0.572478 0.4689905 0.6725451
vn 0.9204499 0.3436756 0.1861699
vn 0.9735806 0.2198975 -0.06152993
vn 0.8591552 0.01224622 -0.5115684
vn 0.6637332 -0.1310022 -0.7364079
vn 0.2644163 0.390451 0.8818346
vn 0.2644146 0.39046 0.881831
vn 0.2866 0.3458813 0.8934353
vn 0.2644151 0.3904637 0.8818293
vn 0.2644057 0.3904653 0.8818314
vn 0.264406 0.3904596 0.8818338
vn 0.2644129 0.3904535 0.8818344
vn 0.2644207 0.3904503 0.8818334
vn 0.2644269 0.3904541 0.8818299
vn 0.2644139 0.390463 0.8818299
vn 0.2644114 0.3904661 0.8818293
vn 0.2644027 0.3904698 0.8818303
vn 0.2644044 0.3904695 0.8818299
vn 0.2644101 0.3904687 0.8818285
vn -0.6752326 0.7266715 0.1265288
vn -0.7955142 0.6011342 0.07612317
vn -0.7721854 0.6287764 0.09148757
vn -0.5636604 0.8186544 0.1099637
vn -0.4056046 0.9097614 0.08842599
vn -0.120833 0.9924877 0.01917042
vn 0.06080512 0.9978895 -0.02278992
vn 0.2934847 0.9522837 -0.08380024
vn 0.3942104 0.9132019 -0.1032491
vn 0.5705136 0.8084388 -0.1447094
vn 0.6516042 0.7397114 -0.1680444
vn 0.7065859 0.681488 -0.1905531
vn -0.8833684 0.4673678 0.03503658
vn 0.6842047 0.7024867 -0.1958991
vn 0.1201036 0.2575183 0.9587801
vn 0.131152 0.2831322 0.9500712
vn 0.3026793 0.2627534 0.9161583
vn 0.1524053 0.2914449 0.9443689
vn 0.2003404 0.2759103 0.940073
vn 0.2093602 0.2760073 0.9380769
vn 0.2513566 0.2658555 0.9306668
vn 0.2812784 0.2584887 0.9241569
vn 0.3231834 0.2479126 0.9132862
vn 0.3472353 0.2404827 0.9064192
vn 0.3780411 0.2347934 0.8955204
vn 0.4099465 0.2276114 0.8832536
vn 0.4242761 0.2269196 0.8766398
vn 0.3381616 0.2108504 0.9171634
vn 0.3382343 0.782914 -0.5221525
vn -0.05409653 0.8712388 -0.4878694
vn 0.2106519 0.8226399 -0.5280998
vn -0.2116073 0.8752042 -0.4350172
vn -0.4677764 0.8263813 -0.3134951
vn -0.583432 0.7730333 -0.2490515
vn -0.7501781 0.6439258 -0.1503077
vn -0.8428603 0.5272738 -0.1075581
vn -0.8774799 0.4723494 -0.08315817
vn -0.9313679 0.361163 -0.04598987
vn 0.5713199 0.6402836 -0.5134494
vn 0.7434927 0.4744013 -0.4713407
vn 0.8434622 0.3229873 -0.4292443
vn 0.8485927 0.3154832 -0.424689
vn 0.4283374 0.3228038 0.8439934
vn 0.4056017 0.3005561 0.8632226
vn 0.4306282 0.2942492 0.8532155
vn 0.3848169 0.2914045 0.8757849
vn 0.3762412 0.296777 0.877705
vn 0.369719 0.3069293 0.8769848
vn 0.3649107 0.3216196 0.8737282
vn 0.3462715 0.3404622 0.8741748
vn 0.3448668 0.3387801 0.8753827
vn 0.3882647 0.3202133 0.8641261
vn 0.3777813 0.2926849 0.8784173
vn 0.3771123 0.264682 0.8875415
vn 0.3242764 0.2550191 0.9109392
vn 0.2866 0.3458813 0.8934353
vn 0.3586627 0.84748 -0.3913293
vn -0.06818989 0.9751446 -0.2108159
vn 0.2111847 0.9166179 -0.3394299
vn -0.2222755 0.9664629 -0.1286198
vn -0.4357124 0.9000397 -0.009130098
vn 0.5860602 0.6560615 -0.4755175
vn 0.6890522 0.5184796 -0.5063457
vn 0.7491851 0.3972732 -0.529996
vn 0.7470723 0.4004441 -0.5305916
vn -0.531706 0.8463607 0.0310202
vn -0.6695312 0.7360497 0.0997935
vn -0.750481 0.6476985 0.131396
vn -0.7884312 0.5945893 0.157607
vn -0.8015637 0.5771556 0.1561638
vn 0.4688624 0.1570221 0.869202
vn 0.4181678 0.2160027 0.8823143
vn 0.4584697 0.188394 0.868512
vn 0.3698331 0.2565867 0.8929652
vn 0.3567566 0.267588 0.8950539
vn 0.3745782 0.2671051 0.8878886
vn 0.3484533 0.2702742 0.8975145
vn 0.3067629 0.2749481 0.9112081
vn 0.2969368 0.2716829 0.9154326
vn 0.3663776 0.2503954 0.8961415
vn 0.449059 0.2385751 0.8610621
vn 0.5537429 0.2125428 0.8051051
vn 0.6023296 0.2067202 0.7710161
vn 0.3026793 0.2627534 0.9161583
vn 0.3780962 0.7451175 -0.5494026
vn -0.05409833 0.9090961 -0.4130588
vn 0.3080025 0.796697 -0.520008
vn -0.2530276 0.9142461 -0.3164349
vn -0.5207801 0.8399568 -0.1525141
vn 0.5992181 0.5536757 -0.5782567
vn 0.6086991 0.5067458 -0.6104867
vn 0.701387 0.3808645 -0.6024935
vn 0.5997757 0.4775071 -0.6420717
vn -0.5453503 0.8310803 -0.1090813
vn -0.676074 0.7368336 7.997862E-05
vn -0.7431309 0.6669688 0.05393653
vn -0.8158199 0.5672674 0.1124529
vn -0.8394855 0.5303208 0.1184225
vn 0.5222235 0.3735237 0.7666568
vn 0.3327445 0.3408468 0.8792636
vn 0.4576846 0.3198821 0.8295784
vn 0.3397785 0.3356469 0.8785737
vn 0.3050564 0.3236347 0.8956568
vn 0.323659 0.3018428 0.8967361
vn 0.3099071 0.2877636 0.9061731
vn 0.382591 0.2720631 0.8829529
vn 0.6308221 0.3867864 0.6726512
vn 0.6375787 0.3578519 0.6822282
vn 0.6051865 0.2724148 0.7480238
vn 0.6880974 0.1663134 0.7063015
vn -0.5815486 0.7616923 0.2857026
vn -0.6677606 0.6306152 0.3954999
vn -0.6395519 0.6855316 0.3478789
vn -0.6555405 0.6444262 0.3936769
vn -0.4629677 0.8706539 0.1662011
vn -0.3551923 0.9308919 0.08531401
vn -0.1699978 0.9804525 -0.09906355
vn -0.08426912 0.9816872 -0.1708478
vn 0.6148127 0.6551116 -0.4391289
vn 0.377942 0.806688 -0.4543286
vn 0.4117909 0.8150591 -0.4075624
vn 0.6080625 0.6878835 -0.3963285
vn 0.7178854 0.5226104 -0.4599119
vn 0.4117909 0.8150591 -0.4075624
vn 0.172004 0.9321944 -0.3184782
vn -0.1699978 0.9804525 -0.09906355
vn 0.1934748 0.2246479 0.9550397
vn 0.2446063 0.2195261 0.9444448
vn 0.1879881 0.2329804 0.9541387
vn 0.2846889 0.2232366 0.9322648
vn 0.3447285 0.2155711 0.9136145
vn 0.3407636 0.2307605 0.9113889
vn 0.3767163 0.2243638 0.8987468
vn 0.3994496 0.2203646 0.8898761
vn 0.4469755 0.2062763 0.8704384
vn 0.4618431 0.2023316 0.8635756
vn 0.4741546 0.2012397 0.8571348
vn 0.509775 0.1945393 0.8380238
vn 0.5312715 0.1891743 0.825811
vn 0.5899497 0.1725996 0.7887767
vn 0.2347599 0.7918228 -0.5638302
vn -0.07894296 0.9567429 -0.2800195
vn 0.2057524 0.850486 -0.4840862
vn -0.2021155 0.9635658 -0.1751865
vn -0.4100213 0.9120644 -0.004602301
vn 0.5098808 0.5102957 -0.692546
vn 0.5588003 0.3901388 -0.7318019
vn 0.6881207 0.1624314 -0.7071818
vn 0.6632652 0.1940919 -0.7227777
vn -0.4940554 0.8673724 0.05978616
vn -0.5733079 0.8073245 0.1398043
vn -0.6607275 0.7217834 0.2060772
vn -0.7165921 0.648439 0.2569491
vn -0.7767745 0.5572156 0.2934827
vn 0.4533262 0.3391233 0.8243123
vn 0.5527081 0.4179089 0.7210172
vn 0.4772674 0.4126235 0.7758593
vn 0.5343196 0.4428747 0.7199754
vn 0.3940601 0.395015 0.8298674
vn 0.3673834 0.3153875 0.874963
vn 0.310032 0.340589 0.8876256
vn 0.2726029 0.3628887 0.8910665
vn 0.1910289 0.4164178 0.888878
vn 0.1364748 0.4919069 0.859885
vn 0.2336341 0.2617083 0.9364421
vn 0.6051865 0.2724148 0.7480238
vn 0.4842319 0.4506993 -0.7499264
vn 0.3151599 0.8196777 -0.4783332
vn 0.4696295 0.5463865 -0.6934768
vn 0.2345097 0.9114012 -0.3381616
vn 0.02255779 0.9962432 -0.08361039
vn -0.05100813 0.9986376 -0.01099989
vn -0.2776732 0.9264604 0.2541036
vn -0.4630112 0.7573105 0.4605448
vn 0.5429313 0.2557703 -0.7998796
vn 0.541228 0.2588529 -0.8000421
vn 0.3940601 0.395015 0.8298674
vn 0.2336341 0.2617083 0.9364421
vn 0.1446212 0.4248435 0.8936402
vn -0.2181384 0.8416153 0.4940641
vn -0.5708352 0.557628 0.6026592
vn -0.4630112 0.7573105 0.4605448
vn -0.5867071 0.5390266 0.6043385
vn 0.2912655 0.2825602 0.9139607
vn 0.2609177 0.2661485 0.9279478
vn 0.3185868 0.2559243 0.9126912
vn 0.2175133 0.2626822 0.9400457
vn 0.2468605 0.2651232 0.9320781
vn 0.3430372 0.2477273 0.9060667
vn 0.4913711 0.2228155 0.8419666
vn 0.4723708 0.2497725 0.8452688
vn 0.5476241 0.2752771 0.7901459
vn 0.4195634 0.3495905 0.837707
vn 0.3138749 0.3682098 0.8751595
vn 0.3095667 0.3528304 0.8829944
vn 0.1393859 0.6480761 -0.7487116
vn -0.1735629 0.85683 -0.4855084
vn 0.07997938 0.7173529 -0.6921042
vn -0.2442171 0.8917264 -0.3810276
vn -0.4982283 0.8643647 -0.0681343
vn -0.5387155 0.8413442 0.04388005
vn -0.6305349 0.7311745 0.2604027
vn -0.6384346 0.7001006 0.319782
vn 0.4064916 0.380155 -0.8308108
vn 0.4609124 0.2763678 -0.8433152
vn -0.5153283 0.7084846 0.4821682
vn -0.6757703 0.6104119 0.4131971
vn -0.6907126 0.5812091 0.4302466
vn 0.490673 0.1948527 -0.8492776
vn 0.4609124 0.2763678 -0.8433152
vn 0.5575048 0.1180267 -0.821741
vn 0.3138749 0.3682098 0.8751595
vn 0.3570968 0.3204883 0.8773648
vn 0.06901705 0.4893121 0.8693736
vn 0.3095667 0.3528304 0.8829944
vn 0.3570968 0.3204883 0.8773648
vn 0.6357777 0.2624369 0.7258881
vn 0.5575048 0.1180267 -0.821741
vn 0.4609124 0.2763678 -0.8433152
vn 0.4064916 0.380155 -0.8308108
vn -0.02711209 0.547868 0.8361254
vn 0.1720981 0.4656747 0.8680607
vn -0.0421367 0.5156977 0.8557338
vn 0.05912302 0.4723275 0.879438
vn 0.04544747 0.5033092 0.8629104
vn 0.3153923 0.4429706 0.8392287
g polySurface27_0
f 3/3/3 2/2/2 1/1/1
f 3/3/3 1/1/1 4/4/4
f 3/3/3 4/4/4 5/5/5
f 3/3/3 5/5/5 6/6/6
f 3/3/3 6/6/6 7/7/7
f 3/3/3 7/7/7 8/8/8
f 3/3/3 8/8/8 9/9/9
f 3/3/3 9/9/9 10/10/10
f 3/3/3 10/10/10 11/11/11
f 3/3/3 11/11/11 12/12/12
f 3/3/3 12/12/12 13/13/13
f 3/3/3 13/13/13 14/14/14
f 3/3/3 14/14/14 15/15/15
f 3/3/3 15/15/15 16/16/16
f 3/3/3 16/16/16 17/17/17
f 3/3/3 17/17/17 18/18/18
f 4/4/4 19/19/19 5/5/5
f 4/4/4 20/20/20 19/19/19
f 1/1/1 20/20/20 4/4/4
f 1/1/1 21/21/21 20/20/20
f 8/8/8 22/22/22 9/9/9
f 8/8/8 23/23/23 22/22/22
f 7/7/7 23/23/23 8/8/8
f 7/7/7 24/24/24 23/23/23
f 6/6/6 24/24/24 7/7/7
f 6/6/6 25/25/25 24/24/24
f 5/5/5 19/19/19 25/25/25
f 5/5/5 25/25/25 6/6/6
f 16/16/16 26/26/26 17/17/17
f 16/16/16 27/27/27 26/26/26
f 28/28/28 26/26/26 27/27/27
f 28/28/28 27/27/27 29/29/29
f 29/29/29 27/27/27 30/30/30
f 29/29/29 30/30/30 31/31/31
f 31/31/31 30/30/30 32/32/32
f 31/31/31 32/32/32 33/33/33
f 33/33/33 32/32/32 34/34/34
f 33/33/33 34/34/34 35/35/35
f 35/35/35 34/34/34 36/36/36
f 37/37/37 26/26/26 28/28/28
f 37/37/37 38/38/38 26/26/26
f 39/39/39 38/38/38 37/37/37
f 13/13/13 34/34/34 32/32/32
f 12/12/12 34/34/34 13/13/13
f 12/12/12 40/40/40 34/34/34
f 11/11/11 40/40/40 12/12/12
f 11/11/11 41/41/41 40/40/40
f 10/10/10 41/41/41 11/11/11
f 10/10/10 42/42/42 41/41/41
f 9/9/9 42/42/42 10/10/10
f 9/9/9 22/22/22 42/42/42
f 13/13/13 32/32/32 14/14/14
f 14/14/14 32/32/32 30/30/30
f 14/14/14 30/30/30 15/15/15
f 15/15/15 30/30/30 27/27/27
f 15/15/15 27/27/27 16/16/16
f 45/45/45 44/44/44 43/43/43
f 46/46/46 44/44/44 45/45/45
f 46/46/46 47/47/47 44/44/44
f 48/48/48 47/47/47 46/46/46
f 48/48/48 49/49/49 47/47/47
f 50/50/50 49/49/49 48/48/48
f 50/50/50 51/51/51 49/49/49
f 52/52/52 51/51/51 50/50/50
f 45/45/45 43/43/43 53/53/53
f 53/53/53 43/43/43 54/54/54
f 53/53/53 54/54/54 55/55/55
f 55/55/55 54/54/54 56/56/56
f 55/55/55 56/56/56 57/57/57
f 57/57/57 56/56/56 58/58/58
f 57/57/57 58/58/58 59/59/59
f 59/59/59 58/58/58 60/60/60
f 59/59/59 60/60/60 61/61/61
f 61/61/61 60/60/60 62/62/62
f 65/65/65 64/64/64 63/63/63
f 65/65/65 63/63/63 66/66/66
f 66/66/66 63/63/63 67/67/67
f 68/68/68 64/64/64 65/65/65
f 66/66/66 67/67/67 69/69/69
f 69/69/69 67/67/67 70/70/70
f 69/69/69 70/70/70 71/71/71
f 71/71/71 70/70/70 72/72/72
f 71/71/71 72/72/72 73/73/73
f 73/73/73 72/72/72 74/74/74
f 17/17/17 26/26/26 75/75/75
f 17/17/17 75/75/75 18/18/18
f 18/18/18 75/75/75 76/76/76
f 18/18/18 76/76/76 77/77/77
f 3/3/3 18/18/18 77/77/77
f 3/3/3 77/77/77 78/78/78
f 3/3/3 78/78/78 79/79/79
f 3/3/3 79/79/79 2/2/2
f 77/77/77 76/76/76 80/80/80
f 77/77/77 80/80/80 78/78/78
f 78/78/78 80/80/80 81/81/81
f 78/78/78 81/81/81 79/79/79
f 79/79/79 81/81/81 82/82/82
f 79/79/79 82/82/82 2/2/2
f 2/2/2 82/82/82 21/21/21
f 2/2/2 21/21/21 1/1/1
f 85/85/85 84/84/84 83/83/83
f 86/86/86 84/84/84 85/85/85
f 86/86/86 87/87/87 84/84/84
f 88/88/88 87/87/87 86/86/86
f 88/88/88 89/89/89 87/87/87
f 90/90/90 89/89/89 88/88/88
f 90/90/90 91/91/91 89/89/89
f 92/92/92 91/91/91 90/90/90
f 92/92/92 93/93/93 91/91/91
f 94/94/94 93/93/93 92/92/92
f 94/94/94 95/95/95 93/93/93
f 96/96/96 95/95/95 94/94/94
f 99/99/99 98/98/98 97/97/97
f 100/100/100 98/98/98 99/99/99
f 99/99/99 97/97/97 101/101/101
f 101/101/101 97/97/97 102/102/102
f 101/101/101 102/102/102 103/103/103
f 103/103/103 102/102/102 104/104/104
f 103/103/103 104/104/104 105/105/105
f 105/105/105 104/104/104 106/106/106
f 105/105/105 106/106/106 107/107/107
f 107/107/107 106/106/106 108/108/108
f 107/107/107 108/108/108 109/109/109
f 109/109/109 108/108/108 110/110/110
f 113/113/113 112/112/112 111/111/111
f 114/114/114 112/112/112 113/113/113
f 115/115/115 113/113/113 111/111/111
f 116/116/116 113/113/113 115/115/115
f 117/117/117 116/116/116 115/115/115
f 118/118/118 116/116/116 117/117/117
f 119/119/119 118/118/118 117/117/117
f 120/120/120 118/118/118 119/119/119
f 121/121/121 120/120/120 119/119/119
f 122/122/122 120/120/120 121/121/121
f 123/123/123 122/122/122 121/121/121
f 124/124/124 122/122/122 123/123/123
f 127/127/127 126/126/126 125/125/125
f 125/125/125 126/126/126 128/128/128
f 125/125/125 128/128/128 129/129/129
f 129/129/129 128/128/128 130/130/130
f 129/129/129 130/130/130 131/131/131
f 131/131/131 130/130/130 132/132/132
f 131/131/131 132/132/132 133/133/133
f 133/133/133 132/132/132 134/134/134
f 133/133/133 134/134/134 135/135/135
f 135/135/135 134/134/134 136/136/136
f 135/135/135 136/136/136 137/137/137
f 137/137/137 136/136/136 138/138/138
f 141/141/141 140/140/140 139/139/139
f 142/142/142 140/140/140 141/141/141
f 141/141/141 139/139/139 143/143/143
f 143/143/143 139/139/139 144/144/144
f 143/143/143 144/144/144 145/145/145
f 145/145/145 144/144/144 146/146/146
f 145/145/145 146/146/146 147/147/147
f 150/150/150 149/149/149 148/148/148
f 150/150/150 148/148/148 151/151/151
f 151/151/151 148/148/148 152/152/152
f 151/151/151 152/152/152 153/153/153
f 153/153/153 152/152/152 154/154/154
f 157/157/157 156/156/156 155/155/155
f 158/158/158 156/156/156 157/157/157
f 157/157/157 155/155/155 159/159/159
f 159/159/159 155/155/155 160/160/160
f 159/159/159 160/160/160 161/161/161
f 161/161/161 160/160/160 162/162/162
f 161/161/161 162/162/162 163/163/163
f 163/163/163 162/162/162 164/164/164
f 163/163/163 164/164/164 165/165/165
f 165/165/165 164/164/164 166/166/166
f 165/165/165 166/166/166 167/167/167
f 167/167/167 166/166/166 168/168/168
f 171/171/171 170/170/170 169/169/169
f 172/172/172 170/170/170 171/171/171
f 171/171/171 169/169/169 173/173/173
f 173/173/173 169/169/169 174/174/174
f 173/173/173 174/174/174 175/175/175
f 175/175/175 174/174/174 176/176/176
f 175/175/175 176/176/176 177/177/177
f 177/177/177 176/176/176 178/178/178
f 177/177/177 178/178/178 179/179/179
f 179/179/179 178/178/178 180/180/180
f 179/179/179 180/180/180 181/181/181
f 181/181/181 180/180/180 182/182/182
f 185/185/185 184/184/184 183/183/183
f 185/185/185 183/183/183 186/186/186
f 186/186/186 183/183/183 187/187/187
f 186/186/186 187/187/187 188/188/188
f 188/188/188 187/187/187 189/189/189
f 188/188/188 189/189/189 190/190/190
f 190/190/190 189/189/189 191/191/191
f 190/190/190 191/191/191 192/192/192
f 194/194/194 184/184/184 193/193/193
f 196/196/196 191/191/191 195/195/195
f 196/196/196 195/195/195 197/197/197
f 197/197/197 195/195/195 198/198/198
f 200/200/200 199/199/199 197/197/197
f 202/202/202 201/201/201 200/200/200
f 202/202/202 203/203/203 199/199/199
f 204/204/204 203/203/203 202/202/202
f 204/204/204 205/205/205 203/203/203
f 206/206/206 205/205/205 204/204/204
f 209/209/209 208/208/208 207/207/207
f 212/212/212 211/211/211 210/210/210
f 215/215/215 214/214/214 213/213/213
f 216/216/216 214/214/214 215/215/215
f 215/215/215 213/213/213 217/217/217
f 217/217/217 213/213/213 218/218/218
f 221/221/221 220/220/220 219/219/219
f 222/222/222 220/220/220 221/221/221
f 220/220/220 222/222/222 223/223/223
f 223/223/223 222/222/222 224/224/224
f 223/223/223 224/224/224 225/225/225
f 225/225/225 224/224/224 226/226/226
f 225/225/225 226/226/226 227/227/227
f 227/227/227 226/226/226 228/228/228
f 227/227/227 228/228/228 229/229/229
f 229/229/229 228/228/228 230/230/230
f 231/231/231 229/229/229 230/230/230
f 232/232/232 229/229/229 231/231/231
f 233/233/233 232/232/232 231/231/231
f 234/234/234 232/232/232 233/233/233
f 235/235/235 234/234/234 233/233/233
f 236/236/236 234/234/234 235/235/235
f 237/237/237 236/236/236 235/235/235
f 238/238/238 236/236/236 237/237/237
f 237/237/237 239/239/239 238/238/238
f 240/240/240 239/239/239 237/237/237
f 240/240/240 241/241/241 239/239/239
f 242/242/242 241/241/241 240/240/240
f 245/245/245 244/244/244 243/243/243
f 243/243/243 244/244/244 246/246/246
f 247/247/247 243/243/243 246/246/246
f 248/248/248 243/243/243 247/247/247
f 249/249/249 248/248/248 247/247/247
f 250/250/250 248/248/248 249/249/249
f 251/251/251 250/250/250 249/249/249
f 252/252/252 250/250/250 251/251/251
f 253/253/253 252/252/252 251/251/251
f 254/254/254 252/252/252 253/253/253
f 255/255/255 254/254/254 253/253/253
f 256/256/256 254/254/254 255/255/255
f 257/257/257 256/256/256 255/255/255
f 258/258/258 256/256/256 257/257/257
f 259/259/259 258/258/258 257/257/257
f 260/260/260 258/258/258 259/259/259
f 261/261/261 260/260/260 259/259/259
f 262/262/262 260/260/260 261/261/261
f 262/262/262 261/261/261 263/263/263
f 263/263/263 261/261/261 264/264/264
f 263/263/263 264/264/264 265/265/265
f 265/265/265 264/264/264 266/266/266
f 269/269/269 268/268/268 267/267/267
f 270/270/270 268/268/268 269/269/269
f 271/271/271 270/270/270 269/269/269
f 272/272/272 270/270/270 271/271/271
f 273/273/273 272/272/272 271/271/271
f 274/274/274 273/273/273 271/271/271
f 275/275/275 273/273/273 274/274/274
f 276/276/276 272/272/272 273/273/273
f 277/277/277 276/276/276 273/273/273
f 278/278/278 276/276/276 277/277/277
f 279/279/279 278/278/278 277/277/277
f 280/280/280 278/278/278 279/279/279
f 281/281/281 280/280/280 279/279/279
f 282/282/282 280/280/280 281/281/281
f 281/281/281 283/283/283 282/282/282
f 284/284/284 282/282/282 283/283/283
f 285/285/285 282/282/282 284/284/284
f 284/284/284 286/286/286 285/285/285
f 287/287/287 285/285/285 286/286/286
f 288/288/288 287/287/287 286/286/286
f 289/289/289 284/284/284 283/283/283
f 290/290/290 284/284/284 289/289/289
f 293/293/293 292/292/292 291/291/291
f 294/294/294 292/292/292 293/293/293
f 294/294/294 295/295/295 292/292/292
f 296/296/296 295/295/295 294/294/294
f 293/293/293 291/291/291 297/297/297
f 296/296/296 298/298/298 295/295/295
f 299/299/299 298/298/298 296/296/296
f 299/299/299 300/300/300 298/298/298
f 301/301/301 300/300/300 299/299/299
f 301/301/301 302/302/302 300/300/300
f 303/303/303 302/302/302 301/301/301
f 303/303/303 304/304/304 302/302/302
f 305/305/305 304/304/304 303/303/303
f 308/308/308 307/307/307 306/306/306
f 267/267/267 307/307/307 308/308/308
f 309/309/309 308/308/308 306/306/306
f 268/268/268 307/307/307 267/267/267
f 310/310/310 309/309/309 306/306/306
f 311/311/311 310/310/310 306/306/306
f 314/314/314 313/313/313 312/312/312
f 315/315/315 313/313/313 314/314/314
f 315/315/315 316/316/316 313/313/313
f 317/317/317 316/316/316 315/315/315
f 317/317/317 318/318/318 316/316/316
f 319/319/319 318/318/318 317/317/317
f 319/319/319 320/320/320 318/318/318
f 321/321/321 320/320/320 319/319/319
f 321/321/321 322/322/322 320/320/320
f 323/323/323 322/322/322 321/321/321
f 323/323/323 324/324/324 322/322/322
f 325/325/325 324/324/324 323/323/323
f 328/328/328 327/327/327 326/326/326
f 329/329/329 327/327/327 328/328/328
f 329/329/329 330/330/330 327/327/327
f 331/331/331 330/330/330 329/329/329
f 331/331/331 332/332/332 330/330/330
f 333/333/333 332/332/332 331/331/331
f 333/333/333 334/334/334 332/332/332
f 335/335/335 334/334/334 333/333/333
f 338/338/338 337/337/337 336/336/336
f 339/339/339 337/337/337 338/338/338
f 338/338/338 336/336/336 340/340/340
f 340/340/340 336/336/336 341/341/341
f 339/339/339 342/342/342 337/337/337
f 343/343/343 342/342/342 339/339/339
f 343/343/343 344/344/344 342/342/342
f 345/345/345 344/344/344 343/343/343
f 345/345/345 346/346/346 344/344/344
f 347/347/347 346/346/346 345/345/345
f 347/347/347 348/348/348 346/346/346
f 349/349/349 348/348/348 347/347/347
f 352/352/352 351/351/351 350/350/350
f 353/353/353 351/351/351 352/352/352
f 353/353/353 354/354/354 351/351/351
f 355/355/355 354/354/354 353/353/353
f 355/355/355 356/356/356 354/354/354
f 357/357/357 356/356/356 355/355/355
f 357/357/357 358/358/358 356/356/356
f 359/359/359 358/358/358 357/357/357
f 359/359/359 360/360/360 358/358/358
f 361/361/361 360/360/360 359/359/359
f 361/361/361 362/362/362 360/360/360
f 365/365/365 364/364/364 363/363/363
f 365/365/365 364/364/364 363/363/363
f 366/366/366 364/364/364 365/365/365
f 366/366/366 364/364/364 365/365/365
f 367/367/367 363/363/363 364/364/364
f 367/367/367 363/363/363 364/364/364
f 368/368/368 363/363/363 367/367/367
f 368/368/368 363/363/363 367/367/367
f 369/369/369 368/368/368 367/367/367
f 369/369/369 368/368/368 367/367/367
f 370/370/370 368/368/368 369/369/369
f 370/370/370 368/368/368 369/369/369
f 371/371/371 370/370/370 369/369/369
f 371/371/371 370/370/370 369/369/369
f 372/372/372 370/370/370 371/371/371
f 372/372/372 370/370/370 371/371/371
f 373/373/373 369/369/369 367/367/367
f 373/373/373 369/369/369 367/367/367
f 374/374/374 369/369/369 373/373/373
f 374/374/374 371/371/371 369/369/369
f 374/374/374 369/369/369 373/373/373
f 374/374/374 371/371/371 369/369/369
f 375/375/375 371/371/371 374/374/374
f 375/375/375 371/371/371 374/374/374
f 375/375/375 376/376/376 371/371/371
f 375/375/375 376/376/376 371/371/371
f 377/377/377 376/376/376 375/375/375
f 377/377/377 376/376/376 375/375/375
f 372/372/372 378/378/378 370/370/370
f 372/372/372 378/378/378 370/370/370
f 379/379/379 378/378/378 372/372/372
f 379/379/379 378/378/378 372/372/372
f 370/370/370 380/380/380 368/368/368
f 378/378/378 380/380/380 370/370/370
f 370/370/370 380/380/380 368/368/368
f 378/378/378 380/380/380 370/370/370
f 380/380/380 381/381/381 368/368/368
f 380/380/380 381/381/381 368/368/368
f 368/368/368 381/381/381 363/363/363
f 368/368/368 381/381/381 363/363/363
f 381/381/381 365/365/365 363/363/363
f 381/381/381 365/365/365 363/363/363
f 382/382/382 376/376/376 377/377/377
f 382/382/382 376/376/376 377/377/377
f 383/383/383 376/376/376 382/382/382
f 383/383/383 376/376/376 382/382/382
f 385/385/385 373/373/373 384/384/384
f 385/385/385 373/373/373 384/384/384
f 386/386/386 385/385/385 384/384/384
f 386/386/386 385/385/385 384/384/384
f 387/387/387 385/385/385 386/386/386
f 387/387/387 385/385/385 386/386/386
f 388/388/388 387/387/387 386/386/386
f 388/388/388 387/387/387 386/386/386
f 389/389/389 387/387/387 388/388/388
f 389/389/389 387/387/387 388/388/388
f 390/390/390 389/389/389 388/388/388
f 390/390/390 389/389/389 388/388/388
f 391/391/391 390/390/390 388/388/388
f 391/391/391 390/390/390 388/388/388
f 392/392/392 390/390/390 391/391/391
f 392/392/392 390/390/390 391/391/391
f 393/393/393 389/389/389 390/390/390
f 393/393/393 389/389/389 390/390/390
f 394/394/394 393/393/393 390/390/390
f 394/394/394 393/393/393 390/390/390
f 392/392/392 394/394/394 390/390/390
f 392/392/392 394/394/394 390/390/390
f 395/395/395 393/393/393 394/394/394
f 395/395/395 393/393/393 394/394/394
f 396/396/396 395/395/395 394/394/394
f 396/396/396 395/395/395 394/394/394
f 397/397/397 395/395/395 396/396/396
f 397/397/397 395/395/395 396/396/396
f 398/398/398 397/397/397 396/396/396
f 398/398/398 397/397/397 396/396/396
f 399/399/399 397/397/397 398/398/398
f 399/399/399 397/397/397 398/398/398
f 400/400/400 399/399/399 398/398/398
f 400/400/400 399/399/399 398/398/398
f 401/401/401 399/399/399 400/400/400
f 401/401/401 399/399/399 400/400/400
f 402/402/402 401/401/401 400/400/400
f 402/402/402 401/401/401 400/400/400
f 403/403/403 401/401/401 402/402/402
f 403/403/403 401/401/401 402/402/402
f 404/404/404 400/400/400 398/398/398
f 404/404/404 400/400/400 398/398/398
f 404/404/404 398/398/398 405/405/405
f 404/404/404 398/398/398 405/405/405
f 405/405/405 398/398/398 396/396/396
f 405/405/405 398/398/398 396/396/396
f 405/405/405 396/396/396 406/406/406
f 405/405/405 396/396/396 406/406/406
f 406/406/406 396/396/396 394/394/394
f 406/406/406 396/396/396 394/394/394
f 406/406/406 394/394/394 392/392/392
f 406/406/406 394/394/394 392/392/392
f 407/407/407 400/400/400 404/404/404
f 407/407/407 400/400/400 404/404/404
f 407/407/407 402/402/402 400/400/400
f 407/407/407 402/402/402 400/400/400
f 408/408/408 402/402/402 407/407/407
f 408/408/408 402/402/402 407/407/407
f 410/410/410 366/366/366 409/409/409
f 410/410/410 366/366/366 409/409/409
f 410/410/410 388/388/388 366/366/366
f 410/410/410 388/388/388 366/366/366
f 366/366/366 388/388/388 386/386/386
f 366/366/366 388/388/388 386/386/386
f 366/366/366 386/386/386 364/364/364
f 366/366/366 386/386/386 364/364/364
f 364/364/364 386/386/386 384/384/384
f 364/364/364 386/386/386 384/384/384
f 384/384/384 367/367/367 364/364/364
f 384/384/384 367/367/367 364/364/364
f 373/373/373 367/367/367 384/384/384
f 373/373/373 367/367/367 384/384/384
f 413/413/413 412/412/412 411/411/411
f 413/413/413 412/412/412 411/411/411
f 414/414/414 412/412/412 413/413/413
f 414/414/414 412/412/412 413/413/413
f 413/413/413 411/411/411 415/415/415
f 413/413/413 411/411/411 415/415/415
f 415/415/415 411/411/411 416/416/416
f 415/415/415 411/411/411 416/416/416
f 415/415/415 416/416/416 417/417/417
f 415/415/415 416/416/416 417/417/417
f 417/417/417 416/416/416 418/418/418
f 417/417/417 416/416/416 418/418/418
f 417/417/417 418/418/418 419/419/419
f 417/417/417 418/418/418 419/419/419
f 419/419/419 418/418/418 420/420/420
f 419/419/419 418/418/418 420/420/420
f 419/419/419 420/420/420 421/421/421
f 419/419/419 420/420/420 421/421/421
f 421/421/421 420/420/420 422/422/422
f 421/421/421 420/420/420 422/422/422
f 421/421/421 422/422/422 423/423/423
f 421/421/421 422/422/422 423/423/423
f 423/423/423 422/422/422 424/424/424
f 423/423/423 422/422/422 424/424/424
f 427/427/427 426/426/426 425/425/425
f 427/427/427 426/426/426 425/425/425
f 429/429/429 428/428/428 427/427/427
f 429/429/429 428/428/428 427/427/427
f 432/432/432 431/431/431 430/430/430
f 432/432/432 431/431/431 430/430/430
f 435/435/435 434/434/434 433/433/433
f 435/435/435 434/434/434 433/433/433
f 435/435/435 436/436/436 434/434/434
f 435/435/435 436/436/436 434/434/434
f 437/437/437 436/436/436 435/435/435
f 437/437/437 436/436/436 435/435/435
f 437/437/437 438/438/438 436/436/436
f 437/437/437 438/438/438 436/436/436
f 439/439/439 438/438/438 437/437/437
f 439/439/439 438/438/438 437/437/437
f 439/439/439 440/440/440 438/438/438
f 439/439/439 440/440/440 438/438/438
f 441/441/441 440/440/440 439/439/439
f 441/441/441 440/440/440 439/439/439
f 441/441/441 442/442/442 440/440/440
f 441/441/441 442/442/442 440/440/440
f 443/443/443 442/442/442 441/441/441
f 443/443/443 442/442/442 441/441/441
f 443/443/443 444/444/444 442/442/442
f 443/443/443 444/444/444 442/442/442
f 445/445/445 444/444/444 443/443/443
f 445/445/445 444/444/444 443/443/443
f 448/448/448 447/447/447 446/446/446
f 448/448/448 447/447/447 446/446/446
f 449/449/449 447/447/447 448/448/448
f 449/449/449 447/447/447 448/448/448
f 452/452/452 451/451/451 450/450/450
f 452/452/452 451/451/451 450/450/450
f 452/452/452 450/450/450 453/453/453
f 452/452/452 450/450/450 453/453/453
f 453/453/453 450/450/450 454/454/454
f 453/453/453 450/450/450 454/454/454
f 453/453/453 454/454/454 455/455/455
f 453/453/453 454/454/454 455/455/455
f 455/455/455 454/454/454 456/456/456
f 455/455/455 454/454/454 456/456/456
f 455/455/455 456/456/456 457/457/457
f 455/455/455 456/456/456 457/457/457
f 457/457/457 456/456/456 458/458/458
f 457/457/457 456/456/456 458/458/458
f 461/461/461 460/460/460 459/459/459
f 461/461/461 460/460/460 459/459/459
f 461/461/461 462/462/462 460/460/460
f 461/461/461 462/462/462 460/460/460
f 463/463/463 462/462/462 461/461/461
f 463/463/463 462/462/462 461/461/461
f 465/465/465 464/464/464 462/462/462
f 465/465/465 464/464/464 462/462/462
f 468/468/468 467/467/467 466/466/466
f 468/468/468 467/467/467 466/466/466
f 468/468/468 469/469/469 467/467/467
f 468/468/468 469/469/469 467/467/467
f 470/470/470 469/469/469 468/468/468
f 470/470/470 469/469/469 468/468/468
f 473/473/473 472/472/472 471/471/471
f 474/474/474 472/472/472 473/473/473
f 473/473/473 471/471/471 475/475/475
f 475/475/475 471/471/471 476/476/476
f 475/475/475 476/476/476 477/477/477
f 477/477/477 476/476/476 478/478/478
f 479/479/479 472/472/472 474/474/474
f 480/480/480 472/472/472 479/479/479
f 483/483/483 482/482/482 481/481/481
f 484/484/484 482/482/482 483/483/483
f 484/484/484 485/485/485 482/482/482
f 486/486/486 485/485/485 484/484/484
f 486/486/486 487/487/487 485/485/485
f 488/488/488 487/487/487 486/486/486
f 488/488/488 489/489/489 487/487/487
f 490/490/490 489/489/489 488/488/488
f 490/490/490 491/491/491 489/489/489
f 492/492/492 491/491/491 490/490/490
f 492/492/492 493/493/493 491/491/491
f 494/494/494 493/493/493 492/492/492
f 497/497/497 496/496/496 495/495/495
f 498/498/498 496/496/496 497/497/497
f 497/497/497 495/495/495 499/499/499
f 499/499/499 495/495/495 500/500/500
f 499/499/499 500/500/500 501/501/501
f 501/501/501 500/500/500 502/502/502
f 501/501/501 502/502/502 503/503/503
f 503/503/503 502/502/502 504/504/504
f 503/503/503 504/504/504 505/505/505
f 505/505/505 504/504/504 506/506/506
f 505/505/505 506/506/506 507/507/507
f 507/507/507 506/506/506 508/508/508
f 511/511/511 510/510/510 509/509/509
f 512/512/512 510/510/510 511/511/511
f 512/512/512 513/513/513 510/510/510
f 514/514/514 513/513/513 512/512/512
f 514/514/514 515/515/515 513/513/513
f 516/516/516 515/515/515 514/514/514
f 516/516/516 517/517/517 515/515/515
f 518/518/518 517/517/517 516/516/516
f 518/518/518 519/519/519 517/517/517
f 520/520/520 519/519/519 518/518/518
f 520/520/520 521/521/521 519/519/519
f 522/522/522 521/521/521 520/520/520
f 525/525/525 524/524/524 523/523/523
f 526/526/526 524/524/524 525/525/525
f 525/525/525 523/523/523 527/527/527
f 527/527/527 523/523/523 528/528/528
f 527/527/527 528/528/528 529/529/529
f 529/529/529 528/528/528 530/530/530
f 529/529/529 530/530/530 531/531/531
f 531/531/531 530/530/530 532/532/532
f 531/531/531 532/532/532 533/533/533
f 533/533/533 532/532/532 534/534/534
f 533/533/533 534/534/534 535/535/535
f 535/535/535 534/534/534 536/536/536
f 539/539/539 538/538/538 537/537/537
f 540/540/540 538/538/538 539/539/539
f 540/540/540 541/541/541 538/538/538
f 542/542/542 541/541/541 540/540/540
f 542/542/542 543/543/543 541/541/541
f 544/544/544 543/543/543 542/542/542
f 544/544/544 545/545/545 543/543/543
f 546/546/546 545/545/545 544/544/544
f 546/546/546 547/547/547 545/545/545
f 548/548/548 547/547/547 546/546/546
f 548/548/548 549/549/549 547/547/547
f 550/550/550 549/549/549 548/548/548
f 553/553/553 552/552/552 551/551/551
f 554/554/554 552/552/552 553/553/553
f 553/553/553 551/551/551 555/555/555
f 555/555/555 551/551/551 556/556/556
f 555/555/555 556/556/556 557/557/557
f 557/557/557 556/556/556 558/558/558
f 557/557/557 558/558/558 559/559/559
f 559/559/559 558/558/558 560/560/560
f 559/559/559 560/560/560 561/561/561
f 561/561/561 560/560/560 562/562/562
f 561/561/561 562/562/562 563/563/563
f 563/563/563 562/562/562 564/564/564
f 567/567/567 566/566/566 565/565/565
f 568/568/568 566/566/566 567/567/567
f 568/568/568 569/569/569 566/566/566
f 570/570/570 569/569/569 568/568/568
f 570/570/570 571/571/571 569/569/569
f 572/572/572 571/571/571 570/570/570
f 572/572/572 573/573/573 571/571/571
f 574/574/574 573/573/573 572/572/572
f 574/574/574 575/575/575 573/573/573
f 576/576/576 575/575/575 574/574/574
f 576/576/576 577/577/577 575/575/575
f 578/578/578 577/577/577 576/576/576
f 581/581/581 580/580/580 579/579/579
f 582/582/582 580/580/580 581/581/581
f 581/581/581 579/579/579 583/583/583
f 583/583/583 579/579/579 584/584/584
f 583/583/583 584/584/584 585/585/585
f 585/585/585 584/584/584 586/586/586
f 585/585/585 586/586/586 587/587/587
f 587/587/587 586/586/586 588/588/588
f 587/587/587 588/588/588 589/589/589
f 589/589/589 588/588/588 590/590/590
f 593/593/593 592/592/592 591/591/591
f 596/596/596 595/595/595 594/594/594
f 599/599/599 598/598/598 597/597/597
f 600/600/600 598/598/598 599/599/599
f 600/600/600 601/601/601 598/598/598
f 602/602/602 601/601/601 600/600/600
f 602/602/602 603/603/603 601/601/601
f 604/604/604 603/603/603 602/602/602
f 604/604/604 605/605/605 603/603/603
f 606/606/606 605/605/605 604/604/604
f 606/606/606 607/607/607 605/605/605
f 608/608/608 607/607/607 606/606/606
f 608/608/608 609/609/609 607/607/607
f 610/610/610 609/609/609 608/608/608
f 613/613/613 612/612/612 611/611/611
f 614/614/614 612/612/612 613/613/613
f 613/613/613 611/611/611 615/615/615
f 615/615/615 611/611/611 616/616/616
f 615/615/615 616/616/616 617/617/617
f 617/617/617 616/616/616 618/618/618
f 617/617/617 618/618/618 619/619/619
f 622/622/622 621/621/621 620/620/620
f 625/625/625 624/624/624 623/623/623
f 625/625/625 623/623/623 626/626/626
f 626/626/626 623/623/623 627/627/627
f 630/630/630 629/629/629 628/628/628
f 633/633/633 632/632/632 631/631/631
f 634/634/634 632/632/632 633/633/633
f 634/634/634 635/635/635 632/632/632
f 636/636/636 635/635/635 634/634/634
f 636/636/636 637/637/637 635/635/635
f 638/638/638 637/637/637 636/636/636
f 638/638/638 639/639/639 637/637/637
f 640/640/640 639/639/639 638/638/638
f 640/640/640 641/641/641 639/639/639
f 642/642/642 641/641/641 640/640/640
f 642/642/642 643/643/643 641/641/641
f 644/644/644 643/643/643 642/642/642
f 647/647/647 646/646/646 645/645/645
f 648/648/648 646/646/646 647/647/647
f 647/647/647 645/645/645 649/649/649
f 649/649/649 645/645/645 650/650/650
f 649/649/649 650/650/650 651/651/651
f 651/651/651 650/650/650 652/652/652
f 651/651/651 652/652/652 653/653/653
f 656/656/656 655/655/655 654/654/654
f 659/659/659 658/658/658 657/657/657
f 659/659/659 657/657/657 660/660/660
f 660/660/660 657/657/657 661/661/661
f 664/664/664 663/663/663 662/662/662
f 667/667/667 666/666/666 665/665/665
f 668/668/668 666/666/666 667/667/667
f 668/668/668 669/669/669 666/666/666
f 670/670/670 669/669/669 668/668/668
f 670/670/670 671/671/671 669/669/669
f 672/672/672 671/671/671 670/670/670
f 672/672/672 673/673/673 671/671/671
f 674/674/674 673/673/673 672/672/672
f 674/674/674 675/675/675 673/673/673
f 676/676/676 675/675/675 674/674/674
f 676/676/676 677/677/677 675/675/675
f 678/678/678 677/677/677 676/676/676
f 681/681/681 680/680/680 679/679/679
f 682/682/682 680/680/680 681/681/681
f 681/681/681 679/679/679 683/683/683
f 683/683/683 679/679/679 684/684/684
f 683/683/683 684/684/684 685/685/685
f 685/685/685 684/684/684 686/686/686
f 685/685/685 686/686/686 687/687/687
f 687/687/687 686/686/686 688/688/688
f 687/687/687 688/688/688 689/689/689
f 689/689/689 688/688/688 690/690/690
f 689/689/689 690/690/690 691/691/691
f 691/691/691 690/690/690 692/692/692
f 695/695/695 694/694/694 693/693/693
f 696/696/696 694/694/694 695/695/695
f 695/695/695 693/693/693 697/697/697
f 697/697/697 693/693/693 698/698/698
f 697/697/697 698/698/698 699/699/699
f 699/699/699 698/698/698 700/700/700
f 699/699/699 700/700/700 701/701/701
f 701/701/701 700/700/700 702/702/702
f 701/701/701 702/702/702 703/703/703
f 703/703/703 702/702/702 704/704/704
f 703/703/703 704/704/704 705/705/705
f 705/705/705 704/704/704 706/706/706
f 709/709/709 708/708/708 707/707/707
f 710/710/710 708/708/708 709/709/709
f 709/709/709 707/707/707 711/711/711
f 711/711/711 707/707/707 712/712/712
f 711/711/711 712/712/712 713/713/713
f 713/713/713 712/712/712 714/714/714
f 713/713/713 714/714/714 715/715/715
f 715/715/715 714/714/714 716/716/716
f 715/715/715 716/716/716 717/717/717
f 717/717/717 716/716/716 718/718/718
f 717/717/717 718/718/718 719/719/719
f 719/719/719 718/718/718 720/720/720
f 723/723/723 722/722/722 721/721/721
f 724/724/724 722/722/722 723/723/723
f 723/723/723 721/721/721 725/725/725
f 725/725/725 721/721/721 726/726/726
f 729/729/729 728/728/728 727/727/727
f 729/729/729 727/727/727 730/730/730
f 730/730/730 727/727/727 731/731/731
f 730/730/730 731/731/731 732/732/732
f 732/732/732 731/731/731 733/733/733
f 732/732/732 733/733/733 734/734/734
f 734/734/734 733/733/733 735/735/735
f 738/738/738 737/737/737 736/736/736
f 741/741/741 740/740/740 739/739/739
f 742/742/742 740/740/740 741/741/741
f 743/743/743 742/742/742 741/741/741
f 744/744/744 742/742/742 743/743/743
f 745/745/745 744/744/744 743/743/743
f 746/746/746 744/744/744 745/745/745
f 747/747/747 746/746/746 745/745/745
f 748/748/748 746/746/746 747/747/747
f 749/749/749 748/748/748 747/747/747
f 750/750/750 748/748/748 749/749/749
f 751/751/751 750/750/750 749/749/749
f 752/752/752 750/750/750 751/751/751
f 755/755/755 754/754/754 753/753/753
f 756/756/756 754/754/754 755/755/755
f 757/757/757 756/756/756 755/755/755
f 758/758/758 756/756/756 757/757/757
f 759/759/759 758/758/758 757/757/757
f 760/760/760 758/758/758 759/759/759
f 761/761/761 760/760/760 759/759/759
f 762/762/762 760/760/760 761/761/761
f 763/763/763 762/762/762 761/761/761
f 764/764/764 762/762/762 763/763/763
f 765/765/765 764/764/764 763/763/763
f 766/766/766 764/764/764 765/765/765
f 769/769/769 768/768/768 767/767/767
f 770/770/770 768/768/768 769/769/769
f 769/769/769 767/767/767 771/771/771
f 771/771/771 767/767/767 772/772/772
f 771/771/771 772/772/772 773/773/773
f 773/773/773 772/772/772 774/774/774
f 773/773/773 774/774/774 775/775/775
f 775/775/775 774/774/774 776/776/776
f 775/775/775 776/776/776 777/777/777
f 777/777/777 776/776/776 778/778/778
f 777/777/777 778/778/778 779/779/779
f 779/779/779 778/778/778 780/780/780
f 783/783/783 782/782/782 781/781/781
f 784/784/784 782/782/782 783/783/783
f 784/784/784 785/785/785 782/782/782
f 786/786/786 785/785/785 784/784/784
f 783/783/783 781/781/781 787/787/787
f 787/787/787 781/781/781 788/788/788
f 787/787/787 788/788/788 789/789/789
f 789/789/789 788/788/788 790/790/790
f 786/786/786 791/791/791 785/785/785
f 792/792/792 791/791/791 786/786/786
f 792/792/792 793/793/793 791/791/791
f 794/794/794 793/793/793 792/792/792
f 794/794/794 795/795/795 793/793/793
f 796/796/796 795/795/795 794/794/794
f 796/796/796 797/797/797 795/795/795
f 798/798/798 797/797/797 796/796/796
f 796/796/796 799/799/799 798/798/798
f 798/798/798 799/799/799 800/800/800
f 798/798/798 800/800/800 801/801/801
f 801/801/801 800/800/800 802/802/802
f 796/796/796 803/803/803 799/799/799
f 804/804/804 803/803/803 796/796/796
f 798/798/798 805/805/805 797/797/797
f 806/806/806 805/805/805 798/798/798
f 806/806/806 807/807/807 805/805/805
f 809/809/809 807/807/807 808/808/808
f 809/809/809 810/810/810 807/807/807
f 811/811/811 790/790/790 810/810/810
f 811/811/811 810/810/810 812/812/812
f 789/789/789 790/790/790 811/811/811
f 815/815/815 814/814/814 813/813/813
f 813/813/813 814/814/814 816/816/816
f 813/813/813 816/816/816 817/817/817
f 817/817/817 816/816/816 818/818/818
f 815/815/815 819/819/819 814/814/814
f 820/820/820 819/819/819 815/815/815
f 820/820/820 821/821/821 819/819/819
f 822/822/822 821/821/821 820/820/820
f 817/817/817 818/818/818 823/823/823
f 823/823/823 818/818/818 824/824/824
f 827/827/827 826/826/826 825/825/825
f 825/825/825 826/826/826 828/828/828
f 825/825/825 828/828/828 829/829/829
f 829/829/829 828/828/828 830/830/830
f 833/833/833 832/832/832 831/831/831
f 834/834/834 832/832/832 833/833/833
f 837/837/837 836/836/836 835/835/835
f 838/838/838 836/836/836 837/837/837
f 841/841/841 840/840/840 839/839/839
f 842/842/842 840/840/840 841/841/841
f 841/841/841 839/839/839 843/843/843
f 843/843/843 839/839/839 844/844/844
f 843/843/843 844/844/844 845/845/845
f 845/845/845 844/844/844 846/846/846
f 845/845/845 846/846/846 847/847/847
f 847/847/847 846/846/846 848/848/848
f 847/847/847 848/848/848 849/849/849
f 849/849/849 848/848/848 850/850/850
f 849/849/849 850/850/850 851/851/851
f 851/851/851 850/850/850 852/852/852
f 855/855/855 854/854/854 853/853/853
f 856/856/856 854/854/854 855/855/855
f 855/855/855 853/853/853 857/857/857
f 857/857/857 853/853/853 858/858/858
f 857/857/857 858/858/858 859/859/859
f 859/859/859 858/858/858 860/860/860
f 859/859/859 860/860/860 861/861/861
f 861/861/861 860/860/860 862/862/862
f 861/861/861 862/862/862 863/863/863
f 863/863/863 862/862/862 864/864/864
f 863/863/863 864/864/864 865/865/865
f 865/865/865 864/864/864 866/866/866
f 869/869/869 868/868/868 867/867/867
f 870/870/870 868/868/868 869/869/869
f 870/870/870 871/871/871 868/868/868
f 872/872/872 871/871/871 870/870/870
f 872/872/872 873/873/873 871/871/871
f 874/874/874 873/873/873 872/872/872
f 874/874/874 875/875/875 873/873/873
f 876/876/876 875/875/875 874/874/874
f 876/876/876 877/877/877 875/875/875
f 878/878/878 877/877/877 876/876/876
f 878/878/878 879/879/879 877/877/877
f 880/880/880 879/879/879 878/878/878
f 878/878/878 881/881/881 880/880/880
f 878/878/878 882/882/882 881/881/881
f 883/883/883 882/882/882 878/878/878
f 880/880/880 881/881/881 884/884/884
f 880/880/880 884/884/884 885/885/885
f 885/885/885 884/884/884 886/886/886
f 880/880/880 887/887/887 879/879/879
f 888/888/888 887/887/887 880/880/880
f 888/888/888 889/889/889 887/887/887
f 891/891/891 889/889/889 890/890/890
f 891/891/891 892/892/892 889/889/889
f 894/894/894 892/892/892 893/893/893
f 894/894/894 895/895/895 892/892/892
f 896/896/896 895/895/895 894/894/894
f 896/896/896 897/897/897 895/895/895
f 898/898/898 897/897/897 896/896/896
f 898/898/898 867/867/867 897/897/897
f 869/869/869 867/867/867 898/898/898
f 901/901/901 900/900/900 899/899/899
f 899/899/899 900/900/900 902/902/902
f 899/899/899 902/902/902 903/903/903
f 903/903/903 902/902/902 904/904/904
f 901/901/901 905/905/905 900/900/900
f 906/906/906 905/905/905 901/901/901
f 906/906/906 907/907/907 905/905/905
f 908/908/908 907/907/907 906/906/906
f 903/903/903 904/904/904 909/909/909
f 909/909/909 904/904/904 910/910/910
f 913/913/913 912/912/912 911/911/911
f 911/911/911 912/912/912 914/914/914
f 917/917/917 916/916/916 915/915/915
f 915/915/915 916/916/916 918/918/918
f 921/921/921 920/920/920 919/919/919
f 919/919/919 920/920/920 922/922/922
f 919/919/919 922/922/922 923/923/923
f 923/923/923 922/922/922 924/924/924
f 927/927/927 926/926/926 925/925/925
f 928/928/928 926/926/926 927/927/927
f 927/927/927 925/925/925 929/929/929
f 929/929/929 925/925/925 930/930/930
f 929/929/929 930/930/930 931/931/931
f 931/931/931 930/930/930 932/932/932
f 931/931/931 932/932/932 933/933/933
f 933/933/933 932/932/932 934/934/934
f 933/933/933 934/934/934 935/935/935
f 935/935/935 934/934/934 936/936/936
f 935/935/935 936/936/936 937/937/937
f 937/937/937 936/936/936 938/938/938
f 941/941/941 940/940/940 939/939/939
f 942/942/942 940/940/940 941/941/941
f 940/940/940 943/943/943 939/939/939
f 939/939/939 943/943/943 944/944/944
f 943/943/943 945/945/945 944/944/944
f 944/944/944 945/945/945 946/946/946
f 945/945/945 947/947/947 946/946/946
f 946/946/946 947/947/947 948/948/948
f 947/947/947 949/949/949 948/948/948
f 948/948/948 949/949/949 950/950/950
f 951/951/951 950/950/950 949/949/949
f 952/952/952 950/950/950 951/951/951
f 953/953/953 952/952/952 951/951/951
f 954/954/954 952/952/952 953/953/953
f 955/955/955 954/954/954 953/953/953
f 956/956/956 954/954/954 955/955/955
f 957/957/957 956/956/956 955/955/955
f 958/958/958 956/956/956 957/957/957
f 959/959/959 958/958/958 957/957/957
f 960/960/960 958/958/958 959/959/959
f 961/961/961 960/960/960 959/959/959
f 962/962/962 960/960/960 961/961/961
f 963/963/963 962/962/962 961/961/961
f 964/964/964 962/962/962 963/963/963
f 965/965/965 964/964/964 963/963/963
f 966/966/966 964/964/964 965/965/965
f 967/967/967 966/966/966 965/965/965
f 968/968/968 966/966/966 967/967/967
f 969/969/969 968/968/968 967/967/967
f 970/970/970 968/968/968 969/969/969
f 973/973/973 972/972/972 971/971/971
f 974/974/974 972/972/972 973/973/973
f 974/974/974 975/975/975 972/972/972
f 976/976/976 975/975/975 974/974/974
f 976/976/976 977/977/977 975/975/975
f 978/978/978 977/977/977 976/976/976
f 978/978/978 979/979/979 977/977/977
f 980/980/980 979/979/979 978/978/978
f 980/980/980 981/981/981 979/979/979
f 982/982/982 981/981/981 980/980/980
f 984/984/984 983/983/983 981/981/981
f 987/987/987 986/986/986 985/985/985
f 988/988/988 986/986/986 987/987/987
f 987/987/987 985/985/985 989/989/989
f 989/989/989 985/985/985 990/990/990
f 989/989/989 990/990/990 991/991/991
f 991/991/991 990/990/990 992/992/992
f 991/991/991 992/992/992 993/993/993
f 993/993/993 992/992/992 994/994/994
f 993/993/993 994/994/994 995/995/995
f 995/995/995 994/994/994 996/996/996
f 995/995/995 996/996/996 997/997/997
f 997/997/997 996/996/996 998/998/998
f 997/997/997 998/998/998 999/999/999
f 999/999/999 998/998/998 1000/1000/1000
f 999/999/999 1000/1000/1000 1001/1001/1001
f 1001/1001/1001 1000/1000/1000 1002/1002/1002
f 1001/1001/1001 1002/1002/1002 1003/1003/1003
f 1003/1003/1003 1002/1002/1002 1004/1004/1004
f 1003/1003/1003 1004/1004/1004 1005/1005/1005
f 1005/1005/1005 1004/1004/1004 1006/1006/1006
f 1005/1005/1005 1006/1006/1006 1007/1007/1007
f 1007/1007/1007 1006/1006/1006 1008/1008/1008
f 1007/1007/1007 1008/1008/1008 1009/1009/1009
f 1009/1009/1009 1008/1008/1008 1010/1010/1010
f 1009/1009/1009 1010/1010/1010 1011/1011/1011
f 1011/1011/1011 1010/1010/1010 1012/1012/1012
f 1015/1015/1015 1014/1014/1014 1013/1013/1013
f 1016/1016/1016 1014/1014/1014 1015/1015/1015
f 1015/1015/1015 1013/1013/1013 1017/1017/1017
f 1017/1017/1017 1013/1013/1013 1018/1018/1018
f 1016/1016/1016 1019/1019/1019 1014/1014/1014
f 1020/1020/1020 1019/1019/1019 1016/1016/1016
f 1020/1020/1020 1021/1021/1021 1019/1019/1019
f 1022/1022/1022 1021/1021/1021 1020/1020/1020
f 1022/1022/1022 1023/1023/1023 1021/1021/1021
f 1023/1023/1023 1024/1024/1024 1021/1021/1021
f 1025/1025/1025 1024/1024/1024 1023/1023/1023
f 1028/1028/1028 1027/1027/1027 1026/1026/1026
f 1029/1029/1029 1027/1027/1027 1028/1028/1028
f 1029/1029/1029 1030/1030/1030 1027/1027/1027
f 1031/1031/1031 1030/1030/1030 1029/1029/1029
f 1033/1033/1033 1032/1032/1032 1030/1030/1030
f 1035/1035/1035 1032/1032/1032 1034/1034/1034
f 1035/1035/1035 1036/1036/1036 1032/1032/1032
f 1037/1037/1037 1036/1036/1036 1035/1035/1035
f 1037/1037/1037 1038/1038/1038 1036/1036/1036
f 1039/1039/1039 1038/1038/1038 1037/1037/1037
f 1039/1039/1039 1040/1040/1040 1038/1038/1038
f 1041/1041/1041 1040/1040/1040 1039/1039/1039
f 1044/1044/1044 1043/1043/1043 1042/1042/1042
f 1047/1047/1047 1046/1046/1046 1045/1045/1045
f 1048/1048/1048 1046/1046/1046 1047/1047/1047
f 1051/1051/1051 1050/1050/1050 1049/1049/1049
f 1053/1053/1053 1050/1050/1050 1052/1052/1052
f 1053/1053/1053 1054/1054/1054 1050/1050/1050
f 1055/1055/1055 1054/1054/1054 1053/1053/1053
f 1058/1058/1058 1057/1057/1057 1056/1056/1056
f 1061/1061/1061 1060/1060/1060 1059/1059/1059
f 1061/1061/1061 1059/1059/1059 1062/1062/1062
f 1062/1062/1062 1059/1059/1059 1063/1063/1063
f 1062/1062/1062 1063/1063/1063 1064/1064/1064
f 1064/1064/1064 1063/1063/1063 1065/1065/1065
f 1064/1064/1064 1065/1065/1065 1066/1066/1066
f 1066/1066/1066 1065/1065/1065 1067/1067/1067
f 1066/1066/1066 1067/1067/1067 1068/1068/1068
f 1068/1068/1068 1067/1067/1067 1069/1069/1069
f 1072/1072/1072 1071/1071/1071 1070/1070/1070
f 1073/1073/1073 1071/1071/1071 1072/1072/1072
f 1073/1073/1073 1074/1074/1074 1071/1071/1071
f 1075/1075/1075 1074/1074/1074 1073/1073/1073
f 1072/1072/1072 1070/1070/1070 1076/1076/1076
f 1075/1075/1075 1077/1077/1077 1074/1074/1074
f 1078/1078/1078 1077/1077/1077 1075/1075/1075
f 1078/1078/1078 1079/1079/1079 1077/1077/1077
f 1076/1076/1076 1070/1070/1070 1080/1080/1080
f 1076/1076/1076 1080/1080/1080 1081/1081/1081
f 1081/1081/1081 1080/1080/1080 1082/1082/1082
f 1083/1083/1083 1081/1081/1081 1082/1082/1082
f 1084/1084/1084 1081/1081/1081 1083/1083/1083
f 1084/1084/1084 1083/1083/1083 1085/1085/1085
f 1085/1085/1085 1083/1083/1083 1086/1086/1086
f 1085/1085/1085 1086/1086/1086 1087/1087/1087
f 1089/1089/1089 1079/1079/1079 1088/1088/1088
f 1089/1089/1089 1090/1090/1090 1079/1079/1079
f 1091/1091/1091 1090/1090/1090 1089/1089/1089
f 1091/1091/1091 1092/1092/1092 1090/1090/1090
f 1091/1091/1091 1094/1094/1094 1093/1093/1093
f 1096/1096/1096 1094/1094/1094 1095/1095/1095
f 1096/1096/1096 1095/1095/1095 1097/1097/1097
f 1099/1099/1099 1092/1092/1092 1098/1098/1098
f 1099/1099/1099 1100/1100/1100 1092/1092/1092
f 1101/1101/1101 1100/1100/1100 1093/1093/1093
f 1101/1101/1101 1102/1102/1102 1100/1100/1100
f 1104/1104/1104 1102/1102/1102 1103/1103/1103
f 1105/1105/1105 1086/1086/1086 1102/1102/1102
f 1108/1108/1108 1107/1107/1107 1106/1106/1106
f 1106/1106/1106 1107/1107/1107 1109/1109/1109
f 1106/1106/1106 1109/1109/1109 1110/1110/1110
f 1110/1110/1110 1109/1109/1109 1111/1111/1111
f 1108/1108/1108 1112/1112/1112 1107/1107/1107
f 1113/1113/1113 1112/1112/1112 1108/1108/1108
f 1113/1113/1113 1114/1114/1114 1112/1112/1112
f 1115/1115/1115 1114/1114/1114 1113/1113/1113
f 1118/1118/1118 1117/1117/1117 1116/1116/1116
f 1116/1116/1116 1117/1117/1117 1119/1119/1119
f 1121/1121/1121 1120/1120/1120 1117/1117/1117
f 1122/1122/1122 1120/1120/1120 1121/1121/1121
f 1125/1125/1125 1124/1124/1124 1123/1123/1123
f 1127/1127/1127 1124/1124/1124 1126/1126/1126
f 1130/1130/1130 1129/1129/1129 1128/1128/1128
f 1133/1133/1133 1132/1132/1132 1131/1131/1131
f 1136/1136/1136 1135/1135/1135 1134/1134/1134
f 1139/1139/1139 1138/1138/1138 1137/1137/1137
f 1137/1137/1137 1138/1138/1138 1140/1140/1140
f 1142/1142/1142 1140/1140/1140 1141/1141/1141
f 1141/1141/1141 1140/1140/1140 1143/1143/1143
f 1141/1141/1141 1143/1143/1143 1144/1144/1144
f 1144/1144/1144 1143/1143/1143 1145/1145/1145
f 1148/1148/1148 1147/1147/1147 1146/1146/1146
f 1149/1149/1149 1147/1147/1147 1148/1148/1148
f 1149/1149/1149 1150/1150/1150 1147/1147/1147
f 1151/1151/1151 1150/1150/1150 1149/1149/1149
f 1148/1148/1148 1146/1146/1146 1152/1152/1152
f 1152/1152/1152 1146/1146/1146 1153/1153/1153
f 1152/1152/1152 1153/1153/1153 1154/1154/1154
f 1154/1154/1154 1153/1153/1153 1155/1155/1155
f 1154/1154/1154 1155/1155/1155 1156/1156/1156
f 1156/1156/1156 1155/1155/1155 1157/1157/1157
f 1156/1156/1156 1157/1157/1157 1158/1158/1158
f 1158/1158/1158 1157/1157/1157 1159/1159/1159
f 1162/1162/1162 1161/1161/1161 1160/1160/1160
f 1163/1163/1163 1161/1161/1161 1162/1162/1162
f 1163/1163/1163 1164/1164/1164 1161/1161/1161
f 1165/1165/1165 1164/1164/1164 1163/1163/1163
f 1165/1165/1165 1166/1166/1166 1164/1164/1164
f 1168/1168/1168 1166/1166/1166 1167/1167/1167
f 1170/1170/1170 1169/1169/1169 1166/1166/1166
f 1172/1172/1172 1171/1171/1171 1168/1168/1168
f 1172/1172/1172 1173/1173/1173 1171/1171/1171
f 1174/1174/1174 1173/1173/1173 1172/1172/1172
f 1174/1174/1174 1175/1175/1175 1173/1173/1173
f 1176/1176/1176 1175/1175/1175 1174/1174/1174
f 1179/1179/1179 1178/1178/1178 1177/1177/1177
f 1180/1180/1180 1178/1178/1178 1179/1179/1179
f 1179/1179/1179 1177/1177/1177 1181/1181/1181
f 1181/1181/1181 1177/1177/1177 1182/1182/1182
f 1181/1181/1181 1182/1182/1182 1183/1183/1183
f 1183/1183/1183 1182/1182/1182 1184/1184/1184
f 1183/1183/1183 1186/1186/1186 1185/1185/1185
f 1185/1185/1185 1188/1188/1188 1187/1187/1187
f 1185/1185/1185 1190/1190/1190 1189/1189/1189
f 1189/1189/1189 1190/1190/1190 1191/1191/1191
f 1189/1189/1189 1193/1193/1193 1192/1192/1192
f 1192/1192/1192 1193/1193/1193 1194/1194/1194
f 1197/1197/1197 1196/1196/1196 1195/1195/1195
f 1198/1198/1198 1196/1196/1196 1197/1197/1197
f 1198/1198/1198 1199/1199/1199 1196/1196/1196
f 1200/1200/1200 1199/1199/1199 1198/1198/1198
f 1200/1200/1200 1201/1201/1201 1199/1199/1199
f 1202/1202/1202 1201/1201/1201 1200/1200/1200
f 1202/1202/1202 1203/1203/1203 1201/1201/1201
f 1204/1204/1204 1203/1203/1203 1202/1202/1202
f 1204/1204/1204 1205/1205/1205 1203/1203/1203
f 1206/1206/1206 1205/1205/1205 1204/1204/1204
f 1206/1206/1206 1207/1207/1207 1205/1205/1205
f 1208/1208/1208 1207/1207/1207 1206/1206/1206
f 1211/1211/1211 1210/1210/1210 1209/1209/1209
f 1212/1212/1212 1210/1210/1210 1211/1211/1211
f 1212/1212/1212 1213/1213/1213 1210/1210/1210
f 1214/1214/1214 1213/1213/1213 1212/1212/1212
f 1214/1214/1214 1215/1215/1215 1213/1213/1213
f 1216/1216/1216 1215/1215/1215 1214/1214/1214
f 1216/1216/1216 1217/1217/1217 1215/1215/1215
f 1211/1211/1211 1209/1209/1209 1218/1218/1218
f 1218/1218/1218 1209/1209/1209 1219/1219/1219
f 1218/1218/1218 1219/1219/1219 1220/1220/1220
f 1220/1220/1220 1219/1219/1219 1221/1221/1221
f 1224/1224/1224 1223/1223/1223 1222/1222/1222
f 1227/1227/1227 1226/1226/1226 1225/1225/1225
f 1228/1228/1228 1226/1226/1226 1227/1227/1227
f 1227/1227/1227 1225/1225/1225 1229/1229/1229
f 1229/1229/1229 1225/1225/1225 1230/1230/1230
f 1229/1229/1229 1230/1230/1230 1231/1231/1231
f 1231/1231/1231 1230/1230/1230 1232/1232/1232
f 1231/1231/1231 1232/1232/1232 1233/1233/1233
f 1233/1233/1233 1232/1232/1232 1234/1234/1234
f 1233/1233/1233 1234/1234/1234 1235/1235/1235
f 1235/1235/1235 1234/1234/1234 1236/1236/1236
f 1237/1237/1237 1235/1235/1235 1236/1236/1236
f 1238/1238/1238 1235/1235/1235 1237/1237/1237
f 1238/1238/1238 1237/1237/1237 1239/1239/1239
f 1239/1239/1239 1237/1237/1237 1240/1240/1240
f 1239/1239/1239 1240/1240/1240 1241/1241/1241
f 1241/1241/1241 1240/1240/1240 1242/1242/1242
f 1241/1241/1241 1242/1242/1242 1243/1243/1243
f 1243/1243/1243 1242/1242/1242 1244/1244/1244
f 1245/1245/1245 1236/1236/1236 1234/1234/1234
f 1234/1234/1234 1246/1246/1246 1245/1245/1245
f 1247/1247/1247 1236/1236/1236 1245/1245/1245
f 1248/1248/1248 1247/1247/1247 1245/1245/1245
f 1249/1249/1249 1247/1247/1247 1248/1248/1248
f 1245/1245/1245 1251/1251/1251 1250/1250/1250
f 1245/1245/1245 1250/1250/1250 1252/1252/1252
f 1252/1252/1252 1250/1250/1250 1253/1253/1253
f 1256/1256/1256 1255/1255/1255 1254/1254/1254
f 1254/1254/1254 1255/1255/1255 1257/1257/1257
f 1260/1260/1260 1259/1259/1259 1258/1258/1258
f 1258/1258/1258 1259/1259/1259 1261/1261/1261
f 1264/1264/1264 1263/1263/1263 1262/1262/1262
f 1265/1265/1265 1263/1263/1263 1264/1264/1264
f 1268/1268/1268 1267/1267/1267 1266/1266/1266
f 1266/1266/1266 1267/1267/1267 1269/1269/1269
f 1266/1266/1266 1269/1269/1269 1270/1270/1270
f 1270/1270/1270 1269/1269/1269 1271/1271/1271
f 1271/1271/1271 1269/1269/1269 1272/1272/1272
f 1271/1271/1271 1272/1272/1272 1273/1273/1273
f 1273/1273/1273 1272/1272/1272 1274/1274/1274
f 1273/1273/1273 1274/1274/1274 1275/1275/1275
f 1275/1275/1275 1274/1274/1274 1276/1276/1276
f 1277/1277/1277 1271/1271/1271 1273/1273/1273
f 1278/1278/1278 1271/1271/1271 1277/1277/1277
f 1278/1278/1278 1279/1279/1279 1271/1271/1271
f 1280/1280/1280 1279/1279/1279 1278/1278/1278
f 1282/1282/1282 1273/1273/1273 1281/1281/1281
f 1283/1283/1283 1273/1273/1273 1282/1282/1282
f 1282/1282/1282 1281/1281/1281 1284/1284/1284
f 1284/1284/1284 1281/1281/1281 1285/1285/1285
f 1284/1284/1284 1285/1285/1285 1286/1286/1286
f 1286/1286/1286 1285/1285/1285 1287/1287/1287
f 1290/1290/1290 1289/1289/1289 1288/1288/1288
f 1288/1288/1288 1289/1289/1289 1291/1291/1291
f 1288/1288/1288 1291/1291/1291 1292/1292/1292
f 1292/1292/1292 1291/1291/1291 1293/1293/1293
f 1292/1292/1292 1293/1293/1293 1294/1294/1294
f 1294/1294/1294 1293/1293/1293 1295/1295/1295
f 1298/1298/1298 1297/1297/1297 1296/1296/1296
f 1296/1296/1296 1297/1297/1297 1299/1299/1299
f 1296/1296/1296 1299/1299/1299 1300/1300/1300
f 1300/1300/1300 1299/1299/1299 1301/1301/1301
f 1300/1300/1300 1301/1301/1301 1302/1302/1302
f 1302/1302/1302 1301/1301/1301 1303/1303/1303
f 1302/1302/1302 1303/1303/1303 1304/1304/1304
f 1304/1304/1304 1303/1303/1303 1305/1305/1305
f 1304/1304/1304 1305/1305/1305 1306/1306/1306
f 1306/1306/1306 1305/1305/1305 1307/1307/1307
f 1310/1310/1310 1309/1309/1309 1308/1308/1308
f 1308/1308/1308 1309/1309/1309 1311/1311/1311
f 1314/1314/1314 1313/1313/1313 1312/1312/1312
f 1312/1312/1312 1313/1313/1313 1315/1315/1315
f 1312/1312/1312 1315/1315/1315 1316/1316/1316
f 1316/1316/1316 1315/1315/1315 1317/1317/1317
f 1320/1320/1320 1319/1319/1319 1318/1318/1318
f 1321/1321/1321 1319/1319/1319 1320/1320/1320
f 1320/1320/1320 1318/1318/1318 1322/1322/1322
f 1322/1322/1322 1318/1318/1318 1323/1323/1323
f 1322/1322/1322 1323/1323/1323 1324/1324/1324
f 1324/1324/1324 1323/1323/1323 1325/1325/1325
f 1328/1328/1328 1327/1327/1327 1326/1326/1326
f 1331/1331/1331 1330/1330/1330 1329/1329/1329
f 1334/1334/1334 1333/1333/1333 1332/1332/1332
f 1332/1332/1332 1333/1333/1333 1335/1335/1335
f 1336/1336/1336 1332/1332/1332 1335/1335/1335
f 1337/1337/1337 1332/1332/1332 1336/1336/1336
f 1333/1333/1333 1338/1338/1338 1335/1335/1335
f 1335/1335/1335 1338/1338/1338 1339/1339/1339
f 1342/1342/1342 1341/1341/1341 1340/1340/1340
f 1345/1345/1345 1344/1344/1344 1343/1343/1343
f 1348/1348/1348 1347/1347/1347 1346/1346/1346
f 1349/1349/1349 1347/1347/1347 1348/1348/1348
f 1348/1348/1348 1346/1346/1346 1350/1350/1350
f 1350/1350/1350 1346/1346/1346 1351/1351/1351
f 1354/1354/1354 1353/1353/1353 1352/1352/1352
f 1355/1355/1355 1353/1353/1353 1354/1354/1354
f 1358/1358/1358 1357/1357/1357 1356/1356/1356
f 1359/1359/1359 1357/1357/1357 1358/1358/1358
f 1358/1358/1358 1356/1356/1356 1360/1360/1360
f 1360/1360/1360 1356/1356/1356 1361/1361/1361
f 1360/1360/1360 1361/1361/1361 1362/1362/1362
f 1362/1362/1362 1361/1361/1361 1363/1363/1363
f 1362/1362/1362 1363/1363/1363 1364/1364/1364
f 1364/1364/1364 1363/1363/1363 1365/1365/1365
f 1359/1359/1359 1366/1366/1366 1357/1357/1357
f 1364/1364/1364 1365/1365/1365 1367/1367/1367
f 1367/1367/1367 1365/1365/1365 1368/1368/1368
f 1367/1367/1367 1368/1368/1368 1369/1369/1369
f 1372/1372/1372 1371/1371/1371 1370/1370/1370
f 1373/1373/1373 1371/1371/1371 1372/1372/1372
f 1373/1373/1373 1374/1374/1374 1371/1371/1371
f 1375/1375/1375 1374/1374/1374 1373/1373/1373
f 1372/1372/1372 1370/1370/1370 1376/1376/1376
f 1376/1376/1376 1370/1370/1370 1377/1377/1377
f 1376/1376/1376 1377/1377/1377 1378/1378/1378
f 1375/1375/1375 1379/1379/1379 1374/1374/1374
f 1380/1380/1380 1379/1379/1379 1375/1375/1375
f 1380/1380/1380 1381/1381/1381 1379/1379/1379
f 1382/1382/1382 1381/1381/1381 1380/1380/1380
f 1382/1382/1382 1383/1383/1383 1381/1381/1381
f 1384/1384/1384 1383/1383/1383 1382/1382/1382
f 1384/1384/1384 1385/1385/1385 1383/1383/1383
f 1386/1386/1386 1385/1385/1385 1384/1384/1384
f 1384/1384/1384 1387/1387/1387 1386/1386/1386
f 1384/1384/1384 1388/1388/1388 1387/1387/1387
f 1389/1389/1389 1388/1388/1388 1384/1384/1384
f 1386/1386/1386 1387/1387/1387 1390/1390/1390
f 1386/1386/1386 1390/1390/1390 1391/1391/1391
f 1391/1391/1391 1390/1390/1390 1392/1392/1392
f 1386/1386/1386 1393/1393/1393 1385/1385/1385
f 1394/1394/1394 1393/1393/1393 1386/1386/1386
f 1394/1394/1394 1395/1395/1395 1393/1393/1393
f 1397/1397/1397 1395/1395/1395 1396/1396/1396
f 1397/1397/1397 1398/1398/1398 1395/1395/1395
f 1400/1400/1400 1398/1398/1398 1399/1399/1399
f 1400/1400/1400 1401/1401/1401 1398/1398/1398
f 1378/1378/1378 1401/1401/1401 1400/1400/1400
f 1378/1378/1378 1377/1377/1377 1401/1401/1401
f 1404/1404/1404 1403/1403/1403 1402/1402/1402
f 1402/1402/1402 1403/1403/1403 1405/1405/1405
f 1402/1402/1402 1405/1405/1405 1406/1406/1406
f 1406/1406/1406 1405/1405/1405 1407/1407/1407
f 1404/1404/1404 1408/1408/1408 1403/1403/1403
f 1409/1409/1409 1408/1408/1408 1404/1404/1404
f 1409/1409/1409 1410/1410/1410 1408/1408/1408
f 1411/1411/1411 1410/1410/1410 1409/1409/1409
f 1414/1414/1414 1413/1413/1413 1412/1412/1412
f 1414/1414/1414 1412/1412/1412 1415/1415/1415
f 1415/1415/1415 1412/1412/1412 1416/1416/1416
f 1415/1415/1415 1416/1416/1416 1417/1417/1417
f 1417/1417/1417 1416/1416/1416 1418/1418/1418
f 1417/1417/1417 1418/1418/1418 1419/1419/1419
f 1419/1419/1419 1418/1418/1418 1420/1420/1420
f 1419/1419/1419 1420/1420/1420 1421/1421/1421
f 1421/1421/1421 1420/1420/1420 1422/1422/1422
f 1421/1421/1421 1422/1422/1422 1423/1423/1423
f 1423/1423/1423 1422/1422/1422 1424/1424/1424
f 1423/1423/1423 1424/1424/1424 1425/1425/1425
f 1428/1428/1428 1427/1427/1427 1426/1426/1426
f 1428/1428/1428 1429/1429/1429 1427/1427/1427
f 1430/1430/1430 1429/1429/1429 1428/1428/1428
f 1426/1426/1426 1427/1427/1427 1431/1431/1431
f 1434/1434/1434 1433/1433/1433 1432/1432/1432
f 1432/1432/1432 1433/1433/1433 1435/1435/1435
f 1438/1438/1438 1437/1437/1437 1436/1436/1436
f 1436/1436/1436 1437/1437/1437 1439/1439/1439
f 1436/1436/1436 1439/1439/1439 1440/1440/1440
f 1440/1440/1440 1439/1439/1439 1441/1441/1441
f 1444/1444/1444 1443/1443/1443 1442/1442/1442
f 1445/1445/1445 1443/1443/1443 1444/1444/1444
f 1444/1444/1444 1442/1442/1442 1446/1446/1446
f 1446/1446/1446 1442/1442/1442 1447/1447/1447
f 1446/1446/1446 1447/1447/1447 1448/1448/1448
f 1448/1448/1448 1447/1447/1447 1449/1449/1449
f 1448/1448/1448 1449/1449/1449 1450/1450/1450
f 1450/1450/1450 1449/1449/1449 1451/1451/1451
f 1450/1450/1450 1451/1451/1451 1452/1452/1452
f 1452/1452/1452 1451/1451/1451 1453/1453/1453
f 1452/1452/1452 1453/1453/1453 1454/1454/1454
f 1454/1454/1454 1453/1453/1453 1455/1455/1455
f 1445/1445/1445 1456/1456/1456 1443/1443/1443
f 1459/1459/1459 1458/1458/1458 1457/1457/1457
f 1460/1460/1460 1458/1458/1458 1459/1459/1459
f 1460/1460/1460 1461/1461/1461 1458/1458/1458
f 1462/1462/1462 1461/1461/1461 1460/1460/1460
f 1459/1459/1459 1457/1457/1457 1463/1463/1463
f 1463/1463/1463 1457/1457/1457 1464/1464/1464
f 1463/1463/1463 1464/1464/1464 1465/1465/1465
f 1462/1462/1462 1466/1466/1466 1461/1461/1461
f 1467/1467/1467 1466/1466/1466 1462/1462/1462
f 1467/1467/1467 1468/1468/1468 1466/1466/1466
f 1469/1469/1469 1468/1468/1468 1467/1467/1467
f 1469/1469/1469 1470/1470/1470 1468/1468/1468
f 1471/1471/1471 1470/1470/1470 1469/1469/1469
f 1465/1465/1465 1464/1464/1464 1472/1472/1472
f 1465/1465/1465 1472/1472/1472 1473/1473/1473
f 1473/1473/1473 1472/1472/1472 1474/1474/1474
f 1473/1473/1473 1474/1474/1474 1475/1475/1475
f 1475/1475/1475 1474/1474/1474 1476/1476/1476
f 1475/1475/1475 1476/1476/1476 1477/1477/1477
f 1479/1479/1479 1478/1478/1478 1470/1470/1470
f 1480/1480/1480 1478/1478/1478 1471/1471/1471
f 1480/1480/1480 1481/1481/1481 1478/1478/1478
f 1482/1482/1482 1481/1481/1481 1480/1480/1480
f 1482/1482/1482 1476/1476/1476 1481/1481/1481
f 1485/1485/1485 1484/1484/1484 1483/1483/1483
f 1483/1483/1483 1484/1484/1484 1486/1486/1486
f 1483/1483/1483 1486/1486/1486 1487/1487/1487
f 1487/1487/1487 1486/1486/1486 1488/1488/1488
f 1485/1485/1485 1489/1489/1489 1484/1484/1484
f 1490/1490/1490 1489/1489/1489 1485/1485/1485
f 1490/1490/1490 1491/1491/1491 1489/1489/1489
f 1492/1492/1492 1491/1491/1491 1490/1490/1490
f 1487/1487/1487 1488/1488/1488 1493/1493/1493
f 1493/1493/1493 1488/1488/1488 1494/1494/1494
f 1497/1497/1497 1496/1496/1496 1495/1495/1495
f 1495/1495/1495 1496/1496/1496 1498/1498/1498
f 1495/1495/1495 1498/1498/1498 1499/1499/1499
f 1499/1499/1499 1498/1498/1498 1500/1500/1500
f 1503/1503/1503 1502/1502/1502 1501/1501/1501
f 1506/1506/1506 1505/1505/1505 1504/1504/1504
f 1506/1506/1506 1504/1504/1504 1507/1507/1507
f 1510/1510/1510 1509/1509/1509 1508/1508/1508
f 1513/1513/1513 1512/1512/1512 1511/1511/1511
f 1511/1511/1511 1512/1512/1512 1514/1514/1514
f 1511/1511/1511 1514/1514/1514 1515/1515/1515
f 1515/1515/1515 1514/1514/1514 1516/1516/1516
f 1515/1515/1515 1516/1516/1516 1517/1517/1517
f 1517/1517/1517 1516/1516/1516 1518/1518/1518
f 1521/1521/1521 1520/1520/1520 1519/1519/1519
f 1522/1522/1522 1520/1520/1520 1521/1521/1521
f 1521/1521/1521 1519/1519/1519 1523/1523/1523
f 1523/1523/1523 1519/1519/1519 1524/1524/1524
f 1523/1523/1523 1524/1524/1524 1525/1525/1525
f 1525/1525/1525 1524/1524/1524 1526/1526/1526
f 1525/1525/1525 1526/1526/1526 1527/1527/1527
f 1527/1527/1527 1526/1526/1526 1528/1528/1528
f 1527/1527/1527 1528/1528/1528 1529/1529/1529
f 1529/1529/1529 1528/1528/1528 1530/1530/1530
f 1529/1529/1529 1530/1530/1530 1531/1531/1531
f 1534/1534/1534 1533/1533/1533 1532/1532/1532
f 1535/1535/1535 1533/1533/1533 1534/1534/1534
f 1534/1534/1534 1532/1532/1532 1536/1536/1536
f 1536/1536/1536 1532/1532/1532 1537/1537/1537
f 1536/1536/1536 1537/1537/1537 1538/1538/1538
f 1538/1538/1538 1537/1537/1537 1539/1539/1539
f 1538/1538/1538 1539/1539/1539 1540/1540/1540
f 1540/1540/1540 1539/1539/1539 1541/1541/1541
f 1540/1540/1540 1541/1541/1541 1542/1542/1542
f 1535/1535/1535 1543/1543/1543 1533/1533/1533
f 1544/1544/1544 1543/1543/1543 1535/1535/1535
f 1542/1542/1542 1541/1541/1541 1545/1545/1545
f 1548/1548/1548 1547/1547/1547 1546/1546/1546
f 1549/1549/1549 1547/1547/1547 1548/1548/1548
f 1548/1548/1548 1546/1546/1546 1550/1550/1550
f 1549/1549/1549 1551/1551/1551 1547/1547/1547
f 1552/1552/1552 1551/1551/1551 1549/1549/1549
f 1552/1552/1552 1553/1553/1553 1551/1551/1551
f 1554/1554/1554 1553/1553/1553 1552/1552/1552
f 1554/1554/1554 1555/1555/1555 1553/1553/1553
f 1556/1556/1556 1555/1555/1555 1554/1554/1554
f 1556/1556/1556 1557/1557/1557 1555/1555/1555
f 1558/1558/1558 1557/1557/1557 1556/1556/1556
f 1558/1558/1558 1559/1559/1559 1557/1557/1557
f 1550/1550/1550 1546/1546/1546 1560/1560/1560
f 1550/1550/1550 1560/1560/1560 1561/1561/1561
f 1561/1561/1561 1560/1560/1560 1562/1562/1562
f 1561/1561/1561 1562/1562/1562 1563/1563/1563
f 1563/1563/1563 1562/1562/1562 1564/1564/1564
f 1563/1563/1563 1564/1564/1564 1565/1565/1565
f 1567/1567/1567 1559/1559/1559 1566/1566/1566
f 1567/1567/1567 1568/1568/1568 1559/1559/1559
f 1569/1569/1569 1568/1568/1568 1567/1567/1567
f 1569/1569/1569 1570/1570/1570 1568/1568/1568
f 1571/1571/1571 1570/1570/1570 1569/1569/1569
f 1571/1571/1571 1564/1564/1564 1570/1570/1570
f 1574/1574/1574 1573/1573/1573 1572/1572/1572
f 1572/1572/1572 1573/1573/1573 1575/1575/1575
f 1572/1572/1572 1575/1575/1575 1576/1576/1576
f 1576/1576/1576 1575/1575/1575 1577/1577/1577
f 1574/1574/1574 1578/1578/1578 1573/1573/1573
f 1579/1579/1579 1578/1578/1578 1574/1574/1574
f 1579/1579/1579 1580/1580/1580 1578/1578/1578
f 1581/1581/1581 1580/1580/1580 1579/1579/1579
f 1576/1576/1576 1577/1577/1577 1582/1582/1582
f 1582/1582/1582 1577/1577/1577 1583/1583/1583
f 1586/1586/1586 1585/1585/1585 1584/1584/1584
f 1587/1587/1587 1585/1585/1585 1586/1586/1586
f 1586/1586/1586 1584/1584/1584 1588/1588/1588
f 1588/1588/1588 1584/1584/1584 1589/1589/1589
f 1588/1588/1588 1589/1589/1589 1590/1590/1590
f 1590/1590/1590 1589/1589/1589 1591/1591/1591
f 1590/1590/1590 1591/1591/1591 1592/1592/1592
f 1592/1592/1592 1591/1591/1591 1593/1593/1593
f 1592/1592/1592 1593/1593/1593 1594/1594/1594
f 1594/1594/1594 1593/1593/1593 1595/1595/1595
f 1594/1594/1594 1595/1595/1595 1596/1596/1596
f 1596/1596/1596 1595/1595/1595 1597/1597/1597
f 1600/1600/1600 1599/1599/1599 1598/1598/1598
f 1602/1602/1602 1599/1599/1599 1601/1601/1601
f 1605/1605/1605 1604/1604/1604 1603/1603/1603
f 1606/1606/1606 1604/1604/1604 1605/1605/1605
f 1609/1609/1609 1608/1608/1608 1607/1607/1607
f 1607/1607/1607 1608/1608/1608 1610/1610/1610
f 1607/1607/1607 1610/1610/1610 1611/1611/1611
f 1614/1614/1614 1613/1613/1613 1612/1612/1612
f 1614/1614/1614 1612/1612/1612 1615/1615/1615
f 1618/1618/1618 1617/1617/1617 1616/1616/1616
f 1618/1618/1618 1616/1616/1616 1619/1619/1619
f 1619/1619/1619 1616/1616/1616 1620/1620/1620
f 1619/1619/1619 1620/1620/1620 1621/1621/1621
f 1621/1621/1621 1620/1620/1620 1622/1622/1622
f 1625/1625/1625 1624/1624/1624 1623/1623/1623
f 1626/1626/1626 1624/1624/1624 1625/1625/1625
f 1626/1626/1626 1627/1627/1627 1624/1624/1624
f 1628/1628/1628 1627/1627/1627 1626/1626/1626
f 1628/1628/1628 1629/1629/1629 1627/1627/1627
f 1630/1630/1630 1629/1629/1629 1628/1628/1628
f 1630/1630/1630 1631/1631/1631 1629/1629/1629
f 1632/1632/1632 1631/1631/1631 1630/1630/1630
f 1632/1632/1632 1633/1633/1633 1631/1631/1631
f 1634/1634/1634 1633/1633/1633 1632/1632/1632
f 1634/1634/1634 1635/1635/1635 1633/1633/1633
f 1636/1636/1636 1635/1635/1635 1634/1634/1634
f 1639/1639/1639 1638/1638/1638 1637/1637/1637
f 1639/1639/1639 1637/1637/1637 1640/1640/1640
f 1640/1640/1640 1637/1637/1637 1641/1641/1641
f 1640/1640/1640 1641/1641/1641 1642/1642/1642
f 1642/1642/1642 1641/1641/1641 1643/1643/1643
f 1642/1642/1642 1643/1643/1643 1644/1644/1644
f 1644/1644/1644 1643/1643/1643 1645/1645/1645
f 1644/1644/1644 1645/1645/1645 1646/1646/1646
f 1646/1646/1646 1645/1645/1645 1647/1647/1647
f 1646/1646/1646 1647/1647/1647 1648/1648/1648
f 1649/1649/1649 1638/1638/1638 1639/1639/1639
f 1648/1648/1648 1647/1647/1647 1650/1650/1650
f 1653/1653/1653 1652/1652/1652 1651/1651/1651
f 1654/1654/1654 1652/1652/1652 1653/1653/1653
f 1654/1654/1654 1655/1655/1655 1652/1652/1652
f 1656/1656/1656 1655/1655/1655 1654/1654/1654
f 1656/1656/1656 1657/1657/1657 1655/1655/1655
f 1658/1658/1658 1657/1657/1657 1656/1656/1656
f 1658/1658/1658 1659/1659/1659 1657/1657/1657
f 1660/1660/1660 1659/1659/1659 1658/1658/1658
f 1660/1660/1660 1661/1661/1661 1659/1659/1659
f 1662/1662/1662 1661/1661/1661 1660/1660/1660
f 1662/1662/1662 1663/1663/1663 1661/1661/1661
f 1664/1664/1664 1663/1663/1663 1662/1662/1662
f 1667/1667/1667 1666/1666/1666 1665/1665/1665
f 1668/1668/1668 1666/1666/1666 1667/1667/1667
f 1668/1668/1668 1669/1669/1669 1666/1666/1666
f 1670/1670/1670 1669/1669/1669 1668/1668/1668
f 1670/1670/1670 1671/1671/1671 1669/1669/1669
f 1672/1672/1672 1671/1671/1671 1670/1670/1670
f 1672/1672/1672 1673/1673/1673 1671/1671/1671
f 1674/1674/1674 1673/1673/1673 1672/1672/1672
f 1667/1667/1667 1665/1665/1665 1675/1675/1675
f 1675/1675/1675 1665/1665/1665 1676/1676/1676
f 1675/1675/1675 1676/1676/1676 1677/1677/1677
f 1677/1677/1677 1676/1676/1676 1678/1678/1678
f 1681/1681/1681 1680/1680/1680 1679/1679/1679
f 1682/1682/1682 1680/1680/1680 1681/1681/1681
f 1682/1682/1682 1683/1683/1683 1680/1680/1680
f 1684/1684/1684 1683/1683/1683 1682/1682/1682
f 1684/1684/1684 1685/1685/1685 1683/1683/1683
f 1686/1686/1686 1685/1685/1685 1684/1684/1684
f 1686/1686/1686 1687/1687/1687 1685/1685/1685
f 1688/1688/1688 1687/1687/1687 1686/1686/1686
f 1688/1688/1688 1689/1689/1689 1687/1687/1687
f 1690/1690/1690 1689/1689/1689 1688/1688/1688
f 1690/1690/1690 1691/1691/1691 1689/1689/1689
f 1692/1692/1692 1691/1691/1691 1690/1690/1690
f 1695/1695/1695 1694/1694/1694 1693/1693/1693
f 1696/1696/1696 1694/1694/1694 1695/1695/1695
f 1696/1696/1696 1697/1697/1697 1694/1694/1694
f 1695/1695/1695 1693/1693/1693 1698/1698/1698
f 1698/1698/1698 1693/1693/1693 1699/1699/1699
f 1698/1698/1698 1699/1699/1699 1700/1700/1700
f 1700/1700/1700 1699/1699/1699 1701/1701/1701
f 1702/1702/1702 1697/1697/1697 1696/1696/1696
f 1702/1702/1702 1703/1703/1703 1697/1697/1697
f 1704/1704/1704 1703/1703/1703 1702/1702/1702
f 1704/1704/1704 1705/1705/1705 1703/1703/1703
f 1706/1706/1706 1705/1705/1705 1704/1704/1704
f 1709/1709/1709 1708/1708/1708 1707/1707/1707
f 1710/1710/1710 1708/1708/1708 1709/1709/1709
f 1710/1710/1710 1711/1711/1711 1708/1708/1708
f 1712/1712/1712 1711/1711/1711 1710/1710/1710
f 1712/1712/1712 1713/1713/1713 1711/1711/1711
f 1714/1714/1714 1713/1713/1713 1712/1712/1712
f 1714/1714/1714 1715/1715/1715 1713/1713/1713
f 1716/1716/1716 1715/1715/1715 1714/1714/1714
f 1716/1716/1716 1717/1717/1717 1715/1715/1715
f 1718/1718/1718 1717/1717/1717 1716/1716/1716
f 1718/1718/1718 1719/1719/1719 1717/1717/1717
f 1720/1720/1720 1719/1719/1719 1718/1718/1718
f 1723/1723/1723 1722/1722/1722 1721/1721/1721
f 1724/1724/1724 1722/1722/1722 1723/1723/1723
f 1724/1724/1724 1725/1725/1725 1722/1722/1722
f 1723/1723/1723 1721/1721/1721 1726/1726/1726
f 1726/1726/1726 1721/1721/1721 1727/1727/1727
f 1726/1726/1726 1727/1727/1727 1728/1728/1728
f 1728/1728/1728 1727/1727/1727 1729/1729/1729
f 1730/1730/1730 1725/1725/1725 1724/1724/1724
f 1730/1730/1730 1731/1731/1731 1725/1725/1725
f 1732/1732/1732 1731/1731/1731 1730/1730/1730
f 1732/1732/1732 1733/1733/1733 1731/1731/1731
f 1734/1734/1734 1733/1733/1733 1732/1732/1732
f 1737/1737/1737 1736/1736/1736 1735/1735/1735
f 1738/1738/1738 1736/1736/1736 1737/1737/1737
f 1738/1738/1738 1739/1739/1739 1736/1736/1736
f 1740/1740/1740 1739/1739/1739 1738/1738/1738
f 1740/1740/1740 1741/1741/1741 1739/1739/1739
f 1742/1742/1742 1741/1741/1741 1740/1740/1740
f 1737/1737/1737 1735/1735/1735 1743/1743/1743
f 1743/1743/1743 1735/1735/1735 1744/1744/1744
f 1743/1743/1743 1744/1744/1744 1745/1745/1745
f 1745/1745/1745 1744/1744/1744 1746/1746/1746
f 1749/1749/1749 1748/1748/1748 1747/1747/1747
f 1750/1750/1750 1748/1748/1748 1749/1749/1749
f 1749/1749/1749 1747/1747/1747 1751/1751/1751
f 1751/1751/1751 1747/1747/1747 1752/1752/1752
f 1751/1751/1751 1752/1752/1752 1753/1753/1753
f 1753/1753/1753 1752/1752/1752 1754/1754/1754
f 1757/1757/1757 1756/1756/1756 1755/1755/1755
f 1757/1757/1757 1755/1755/1755 1758/1758/1758
f 1758/1758/1758 1755/1755/1755 1759/1759/1759
f 1762/1762/1762 1761/1761/1761 1760/1760/1760
f 1765/1765/1765 1764/1764/1764 1763/1763/1763
f 1766/1766/1766 1764/1764/1764 1765/1765/1765
f 1766/1766/1766 1767/1767/1767 1764/1764/1764
f 1768/1768/1768 1767/1767/1767 1766/1766/1766
f 1768/1768/1768 1769/1769/1769 1767/1767/1767
f 1770/1770/1770 1769/1769/1769 1768/1768/1768
f 1770/1770/1770 1771/1771/1771 1769/1769/1769
f 1772/1772/1772 1771/1771/1771 1770/1770/1770
f 1772/1772/1772 1773/1773/1773 1771/1771/1771
f 1774/1774/1774 1773/1773/1773 1772/1772/1772
f 1774/1774/1774 1775/1775/1775 1773/1773/1773
f 1776/1776/1776 1775/1775/1775 1774/1774/1774
f 1779/1779/1779 1778/1778/1778 1777/1777/1777
f 1780/1780/1780 1778/1778/1778 1779/1779/1779
f 1780/1780/1780 1781/1781/1781 1778/1778/1778
f 1779/1779/1779 1777/1777/1777 1782/1782/1782
f 1782/1782/1782 1777/1777/1777 1783/1783/1783
f 1782/1782/1782 1783/1783/1783 1784/1784/1784
f 1784/1784/1784 1783/1783/1783 1785/1785/1785
f 1786/1786/1786 1781/1781/1781 1780/1780/1780
f 1786/1786/1786 1787/1787/1787 1781/1781/1781
f 1788/1788/1788 1787/1787/1787 1786/1786/1786
f 1788/1788/1788 1789/1789/1789 1787/1787/1787
f 1790/1790/1790 1789/1789/1789 1788/1788/1788
f 1793/1793/1793 1792/1792/1792 1791/1791/1791
f 1794/1794/1794 1792/1792/1792 1793/1793/1793
f 1794/1794/1794 1795/1795/1795 1792/1792/1792
f 1796/1796/1796 1795/1795/1795 1794/1794/1794
f 1793/1793/1793 1791/1791/1791 1797/1797/1797
f 1797/1797/1797 1791/1791/1791 1798/1798/1798
f 1797/1797/1797 1798/1798/1798 1799/1799/1799
f 1799/1799/1799 1798/1798/1798 1800/1800/1800
f 1802/1802/1802 1801/1801/1801 1796/1796/1796
f 1805/1805/1805 1804/1804/1804 1803/1803/1803
f 1806/1806/1806 1804/1804/1804 1805/1805/1805
f 1806/1806/1806 1807/1807/1807 1804/1804/1804
f 1808/1808/1808 1807/1807/1807 1806/1806/1806
f 1808/1808/1808 1809/1809/1809 1807/1807/1807
f 1810/1810/1810 1809/1809/1809 1808/1808/1808
f 1805/1805/1805 1803/1803/1803 1811/1811/1811
f 1811/1811/1811 1803/1803/1803 1812/1812/1812
f 1815/1815/1815 1814/1814/1814 1813/1813/1813
f 1818/1818/1818 1817/1817/1817 1816/1816/1816
f 1819/1819/1819 1817/1817/1817 1818/1818/1818
f 1822/1822/1822 1821/1821/1821 1820/1820/1820
f 1823/1823/1823 1821/1821/1821 1822/1822/1822
f 1823/1823/1823 1824/1824/1824 1821/1821/1821
f 1825/1825/1825 1824/1824/1824 1823/1823/1823
f 1825/1825/1825 1826/1826/1826 1824/1824/1824
f 1827/1827/1827 1826/1826/1826 1825/1825/1825
f 1827/1827/1827 1828/1828/1828 1826/1826/1826
f 1829/1829/1829 1828/1828/1828 1827/1827/1827
f 1829/1829/1829 1830/1830/1830 1828/1828/1828
f 1831/1831/1831 1830/1830/1830 1829/1829/1829
f 1834/1834/1834 1833/1833/1833 1832/1832/1832
f 1835/1835/1835 1833/1833/1833 1834/1834/1834
f 1835/1835/1835 1836/1836/1836 1833/1833/1833
f 1837/1837/1837 1836/1836/1836 1835/1835/1835
f 1837/1837/1837 1838/1838/1838 1836/1836/1836
f 1839/1839/1839 1838/1838/1838 1837/1837/1837
f 1834/1834/1834 1832/1832/1832 1840/1840/1840
f 1840/1840/1840 1832/1832/1832 1841/1841/1841
f 1839/1839/1839 1843/1843/1843 1842/1842/1842
f 1844/1844/1844 1843/1843/1843 1839/1839/1839
f 1847/1847/1847 1846/1846/1846 1845/1845/1845
f 1850/1850/1850 1849/1849/1849 1848/1848/1848
f 1853/1853/1853 1852/1852/1852 1851/1851/1851
f 1856/1856/1856 1855/1855/1855 1854/1854/1854
f 1859/1859/1859 1858/1858/1858 1857/1857/1857
f 1860/1860/1860 1858/1858/1858 1859/1859/1859
f 1861/1861/1861 1858/1858/1858 1860/1860/1860
f 1862/1862/1862 1858/1858/1858 1861/1861/1861
