g BRM_Head_Base
v 1437.888 116.671 -965.7054
v 1467.99 116.671 -912.1357
v 1420.939 116.671 -944.8738
v 1449.041 111.8689 -898.153
v 1389.529 116.671 -983.3083
v 1408.148 116.6709 -999.3968
v 1456.526 112.6543 -856.7487
v 1488.405 116.671 -929.1456
v 1491.835 113.5092 -874.0611
v 1481.132 113.5092 -868.4107
v 1456.526 112.6543 -856.7487
v 1481.354 120.0022 -839.3813
v 1453.387 116.671 -836.0927
v 1492.379 120.0022 -840.696
v 1493.767 116.671 -1034.999
v 1496.793 116.671 -1081.687
v 1476.357 119.8754 -808.4239
v 1488.151 120.0022 -812.2413
v 1447.198 116.671 -804.0862
v 1483.981 117.2241 -802.8428
v 1476.357 119.8754 -808.4239
v 1472.435 106.8023 -795.8451
v 1460.046 101.3026 -796.4301
v 1420.939 116.671 -944.8738
v 1449.041 111.8689 -898.153
v 1417.877 95.20013 -939.6428
v 1388.42 94.45508 -980.8193
v 1389.529 116.671 -983.3083
v 1387.517 114.7186 -985.9281
v 1385.533 156.1824 -1002.237
v 1392.441 157.1389 -997.524
v 1383.171 190.7029 -1016.084
v 1387.563 199.4273 -1013.12
v 1377.879 196.9196 -1034.419
v 1375.067 215.9237 -1039.258
v 1417.877 95.20013 -939.6428
v 1449.041 111.8689 -898.153
v 1441.578 95.20013 -891.5175
v 1456.526 112.6543 -856.7487
v 1446.902 95.20013 -857.8834
v 1453.387 116.671 -836.0927
v 1453.387 116.671 -836.0927
v 1446.166 95.20013 -829.3206
v 1436.859 95.20011 -800.0043
v 1447.198 116.671 -804.0862
v 1436.859 95.20011 -800.0043
v 1447.198 116.671 -804.0862
v 1447.859 103.6327 -795.1426
v 1436.859 95.20011 -800.0043
v 1447.198 116.671 -804.0862
v 1460.046 101.3026 -796.4301
v 1447.859 103.6327 -795.1426
v 1476.357 119.8754 -808.4239
v 1460.046 101.3026 -796.4301
v 1447.198 116.671 -804.0862
v 1184.717 121.0305 -1044.425
v 1250.791 121.0305 -1052.872
v 1193.281 93.60726 -1028.904
v 1259.356 93.60726 -1037.351
v 1140.555 93.60726 -1005.221
v 1131.99 121.0305 -1020.742
v 1179.39 121.0305 -1061.858
v 1122.487 121.0305 -1034.177
v 1251.252 121.0305 -1070.76
v 1250.791 121.0305 -1052.872
v 1285.684 121.0305 -1046.571
v 1253.305 111.7683 -1138.812
v 1169.414 117.1067 -1094.37
v 1317.496 111.7683 -1157.085
v 1287.929 121.0305 -1065.571
v 1128.12 121.0305 -1084.498
v 1095.294 121.0305 -1057.933
v 1107.104 93.60726 -976.4865
v 1097.759 121.0305 -994.9553
v 1076.291 121.0305 -971.8896
v 1084.587 93.60726 -952.1828
v 1073.824 121.0305 -997.22
v 1091.286 121.0305 -1012.966
v 1086.766 121.0305 -1046.758
v 1250.791 121.0305 -1052.872
v 1285.684 121.0305 -1046.571
v 1259.356 93.60726 -1037.351
v 1294.249 93.60726 -1031.05
v 1285.684 121.0305 -1046.571
v 1287.929 121.0305 -1065.571
v 1282.752 157.9578 -1050.49
v 1284.997 157.9578 -1069.49
v 1281.547 205.3904 -1061.98
v 1283.792 205.3904 -1080.979
v 1294.706 220.7988 -1065.631
v 1296.948 224.8693 -1081.637
v 1294.706 220.7988 -1065.631
v 1296.948 224.8693 -1081.637
v 1308.904 217.1322 -1061.883
v 1296.087 214.6802 -1061.511
v 1308.797 207.7814 -1056.158
v 1332.122 211.012 -1046.866
v 1319.594 225.5719 -1075.705
v 1296.948 224.8693 -1081.637
v 1337.406 219.1363 -1061.668
v 1353.237 215.6064 -1037.259
v 1364.874 223.7128 -1059.13
v 1375.067 215.9237 -1039.258
v 1381.271 222.8577 -1053.747
v 1387.563 199.4273 -1013.12
v 1332.234 195.6147 -1041.768
v 1355.062 203.9141 -1033.068
v 1377.879 196.9196 -1034.419
v 1337.176 223.4094 -1072.295
v 1319.364 229.8451 -1086.331
v 1296.718 229.1425 -1092.263
v 1387.563 199.4273 -1013.12
v 1381.271 222.8577 -1053.747
v 1400.739 199.4273 -1029.381
v 1400.739 199.4273 -1029.381
v 1392.441 157.1389 -997.524
v 1387.563 199.4273 -1013.12
v 1408.611 157.139 -1013.69
v 1400.739 199.4273 -1029.381
v 1389.529 116.671 -983.3083
v 1408.148 116.6709 -999.3968
v 1381.271 222.8577 -1053.747
v 1417.428 220.5949 -1038.955
v 1400.739 199.4273 -1029.381
v 1418.509 194.9263 -1021.103
v 1419.06 168.7811 -1006.614
v 1432.181 201.9792 -1009.816
v 1431.998 197.4145 -1007.365
v 1431.194 177.3188 -996.5768
v 1418.452 130.8731 -993.0593
v 1408.148 116.6709 -999.3968
v 1408.611 157.139 -1013.69
v 1400.739 199.4273 -1029.381
v 1436.91 127.4862 -970.9734
v 1418.397 127.4507 -991.8356
v 1418.224 116.6711 -987.9812
v 1437.888 116.671 -965.7054
v 1437.101 125.3741 -969.9444
v 1439.165 125.1483 -967.5862
v 1439.448 127.0242 -968.0024
v 1436.91 127.4862 -970.9734
v 1448.906 189.7819 -981.9258
v 1433.507 178.9463 -994.6637
v 1440.224 206.0003 -1008.723
v 1404.827 234.8976 -1046.367
v 1381.271 222.8577 -1053.747
v 1448.806 240.5241 -1038.123
v 1434.54 221.939 -1030.765
v 1440.381 224.6723 -1029.059
v 1432.181 201.9792 -1009.816
v 1440.516 212.2296 -1014.659
v 1448.806 240.5241 -1038.123
v 1404.827 234.8976 -1046.367
v 1438.748 254.2434 -1058.892
v 1462.527 235.9758 -1042.199
v 1469.635 240.2267 -1059.425
v 1443.812 255.0042 -1071.079
v 1480.196 232.855 -1047.363
v 1480.601 252.0621 -1065.683
v 1471.036 274.9135 -1087.654
v 1500.256 243.1936 -1038.367
v 1476.924 229.6205 -1039.866
v 1460.338 234.6671 -1036.895
v 1450.426 238.3144 -1034.778
v 1443.363 226.0682 -1028.188
v 1465.527 218.3549 -1013.754
v 1465.527 218.3549 -1013.754
v 1485.107 230.1394 -1006.251
v 1443.812 255.0042 -1071.079
v 1471.036 274.9135 -1087.654
v 1469.635 240.2267 -1059.425
v 1433.476 273.1194 -1083.952
v 1443.812 255.0042 -1071.079
v 1454.157 286.7526 -1098.139
v 1428.121 282.5056 -1090.622
v 1471.036 274.9135 -1087.654
v 1481.545 253.7875 -1082.458
v 1480.601 252.0621 -1065.683
v 1482.304 255.1754 -1095.951
v 1480.358 271.2903 -1123.476
v 1493.716 242.8183 -1068.121
v 1500.256 243.1936 -1038.367
v 1471.036 274.9135 -1087.654
v 1464.243 284.9741 -1134.747
v 1454.157 286.7526 -1098.139
v 1457.739 284.9424 -1135.51
v 1448.908 290.4338 -1101.399
v 1428.121 282.5056 -1090.622
v 1431.9 285.2478 -1101.131
v 1444.826 289.8853 -1105.911
v 1444.826 289.8853 -1105.911
v 1432.181 201.9792 -1009.816
v 1440.516 212.2296 -1014.659
v 1431.998 197.4145 -1007.365
v 1440.224 206.0003 -1008.723
v 1433.476 273.1194 -1083.952
v 1443.812 255.0042 -1071.079
v 1428.343 268.0916 -1084.302
v 1428.121 282.5056 -1090.622
v 1421.963 288.3435 -1105.086
v 1426.505 288.2365 -1100.015
v 1427.471 293.6418 -1103.659
v 1423.979 293.7239 -1107.557
v 1426.143 300.126 -1113.984
v 1420.939 299.7779 -1117.716
v 1410.002 296.0742 -1126.103
v 1422.344 302.754 -1123.735
v 1405.915 307.651 -1157.097
v 1422.344 302.754 -1123.735
v 1418.209 313.7329 -1156.45
v 1435.448 299.2182 -1112.816
v 1431.617 293.2806 -1104.517
v 1441.552 294.909 -1108.191
v 1426.505 288.2365 -1100.015
v 1431.9 285.2478 -1101.131
v 1426.505 288.2365 -1100.015
v 1445.462 294.8597 -1121.391
v 1444.826 289.8853 -1105.911
v 1449.914 289.8209 -1123.086
v 1457.739 284.9424 -1135.51
v 1447.77 292.782 -1133.545
v 1441.991 291.9216 -1128.511
v 1440.286 296.4814 -1124.369
v 1441.991 291.9216 -1128.511
v 1422.344 302.754 -1123.735
v 1422.344 302.754 -1123.735
v 1431.9 285.2478 -1101.131
v 1428.121 282.5056 -1090.622
v 1441.991 291.9216 -1128.511
v 1418.209 313.7329 -1156.45
v 1418.209 313.7329 -1156.45
v 1433.368 303.7023 -1159.664
v 1449.191 291.5201 -1140.207
v 1443.175 296.3003 -1159.568
v 1422.344 302.754 -1123.735
v 1441.991 291.9216 -1128.511
v 1428.343 268.0916 -1084.302
v 1443.812 255.0042 -1071.079
v 1436.388 252.4924 -1071.166
v 1443.812 255.0042 -1071.079
v 1438.748 254.2434 -1058.892
v 1404.827 234.8976 -1046.367
v 1428.121 282.5056 -1090.622
v 1428.343 268.0916 -1084.302
v 1423.328 267.4483 -1094.766
v 1413.727 281.7147 -1100.784
v 1428.121 282.5056 -1090.622
v 1421.963 288.3435 -1105.086
v 1428.121 282.5056 -1090.622
v 1413.727 281.7147 -1100.784
v 1444.826 289.8853 -1105.911
v 1431.9 285.2478 -1101.131
v 1441.552 294.909 -1108.191
v 1294.249 93.60726 -1031.05
v 1285.684 121.0305 -1046.571
v 1293.47 118.6643 -1046.046
v 1285.684 121.0305 -1046.571
v 1282.752 157.9578 -1050.49
v 1293.47 118.6643 -1046.046
v 1288.695 158.3915 -1049.788
v 1281.547 205.3904 -1061.98
v 1289.113 202.0567 -1058.843
v 1294.706 220.7988 -1065.631
v 1289.113 202.0567 -1058.843
v 1294.706 220.7988 -1065.631
v 1296.087 214.6802 -1061.511
v 1112.413 112.1168 -1015.828
v 1105.746 148.6757 -1031.983
v 1133.133 124.371 -1003.395
v 1127.007 160.5065 -1018.559
v 1133.046 61.61994 -983.4767
v 1150.505 75.86418 -967.1905
v 1124.404 175.863 -1025.003
v 1097.518 162.0533 -1042.317
v 1101.24 146.1679 -1034.828
v 1153.935 153.0389 -1033.831
v 1133.133 124.371 -1003.395
v 1127.007 160.5065 -1018.559
v 1157.04 117.0576 -1016.069
v 1150.505 75.86418 -967.1905
v 1171.701 68.39092 -981.0606
v 1154.016 167.9735 -1041.734
v 1124.404 175.863 -1025.003
v 1155.76 152.7412 -1034.982
v 1154.016 167.9735 -1041.734
v 1124.404 175.863 -1025.003
v 1143.105 167.0509 -1041.49
v 1124.877 172.0269 -1031.273
v 1097.518 162.0533 -1042.317
v 1125.947 159.8921 -1051.042
v 1126.338 156.2218 -1057.032
v 1108.24 163.3545 -1041.92
v 1143.105 167.0509 -1041.49
v 1124.877 172.0269 -1031.273
v 1140.99 177.8466 -1044.188
v 1122.761 182.8225 -1033.971
v 1124.877 172.0269 -1031.273
v 1108.24 163.3545 -1041.92
v 1122.761 182.8225 -1033.971
v 1106.125 174.1502 -1044.617
v 1125.947 159.8921 -1051.042
v 1143.105 167.0509 -1041.49
v 1123.832 170.6876 -1053.739
v 1140.99 177.8466 -1044.188
v 1108.24 163.3545 -1041.92
v 1125.947 159.8921 -1051.042
v 1106.125 174.1502 -1044.617
v 1123.832 170.6876 -1053.739
v 1124.1 192.0489 -1061.657
v 1121.641 192.7199 -1060.279
v 1121.786 191.0834 -1062.945
v 1119.398 191.5504 -1061.715
v 1122.478 185.8731 -1033.551
v 1147.104 179.1507 -1047.353
v 1100.793 174.3565 -1046.928
v 1122.478 185.8731 -1033.551
v 1121.786 191.0834 -1062.945
v 1147.104 179.1507 -1047.353
v 1124.1 192.0489 -1061.657
v 1123.924 169.4788 -1060.258
v 1119.398 191.5504 -1061.715
v 1123.924 169.4788 -1060.258
v 1121.786 191.0834 -1062.945
v 1100.793 174.3565 -1046.928
v 1123.924 169.4788 -1060.258
v 1147.104 179.1507 -1047.353
v 1122.767 184.4725 -1032.694
v 1122.478 185.8731 -1033.551
v 1146.632 177.958 -1046.07
v 1123.924 169.4788 -1060.258
v 1146.632 177.958 -1046.07
v 1147.104 179.1507 -1047.353
v 1124.168 168.5853 -1058.575
v 1100.793 174.3565 -1046.928
v 1124.168 168.5853 -1058.575
v 1123.924 169.4788 -1060.258
v 1101.778 173.3183 -1045.627
v 1122.767 184.4725 -1032.694
v 1101.778 173.3183 -1045.627
v 1122.478 185.8731 -1033.551
v 1100.793 174.3565 -1046.928
v 1215.094 278.7231 -1159.6
v 1174.825 330.0992 -1157.967
v 1188.46 265.1114 -1175.9
v 1187.999 252.9558 -1182.34
v 1149.832 254.4222 -1161.421
v 1157.493 266.3982 -1157.612
v 1253.914 295.4118 -1138.839
v 1106.542 256.8871 -1132.749
v 1118.25 268.029 -1134.437
v 1225.256 268.5735 -1164.678
v 1263.745 289.2905 -1139.044
v 1157.493 266.3982 -1157.612
v 1188.46 265.1114 -1175.9
v 1174.825 330.0992 -1157.967
v 1118.25 268.029 -1134.437
v 1197.772 301.4569 -1096.51
v 1118.25 268.029 -1134.437
v 1174.825 330.0992 -1157.967
v 1253.914 295.4118 -1138.839
v 1106.542 256.8871 -1132.749
v 1201.821 296.4024 -1085.665
v 1201.821 296.4024 -1085.665
v 1201.821 296.4024 -1085.665
v 1263.745 289.2905 -1139.044
v 1205.221 267.2924 -1068.231
v 1257.471 243.5728 -1116.119
v 1106.542 256.8871 -1132.749
v 1201.821 296.4024 -1085.665
v 1128.59 236.1188 -1109.671
v 1205.221 267.2924 -1068.231
v 1164.543 246.9129 -1095.073
v 1204.861 264.8237 -1074.993
v 1179.846 171.3863 -1069.761
v 1224.502 171.6826 -1057.292
v 1138.25 234.2212 -1116.584
v 1148.58 171.1582 -1088.534
v 1177.162 169.2818 -1066.936
v 1224.502 171.6826 -1057.292
v 1143.87 168.8216 -1087.109
v 1204.861 264.8237 -1074.993
v 1251.802 240.5167 -1122.384
v 1224.502 171.6826 -1057.292
v 1224.502 171.6826 -1057.292
v 1251.802 240.5167 -1122.384
v 1267.617 176.7465 -1101.794
v 1177.162 169.2818 -1066.936
v 1224.502 171.6826 -1057.292
v 1225.522 169.8798 -1049.804
v 1224.502 171.6826 -1057.292
v 1267.617 176.7465 -1101.794
v 1225.522 169.8798 -1049.804
v 1225.522 169.8798 -1049.804
v 1267.617 176.7465 -1101.794
v 1272.916 178.0091 -1098.716
v 1177.162 169.2818 -1066.936
v 1225.522 169.8798 -1049.804
v 1180.518 146.3145 -1058.781
v 1230.521 147.0079 -1041.474
v 1225.522 169.8798 -1049.804
v 1272.916 178.0091 -1098.716
v 1230.521 147.0079 -1041.474
v 1230.521 147.0079 -1041.474
v 1272.916 178.0091 -1098.716
v 1276.506 149.9282 -1091.844
v 1180.518 146.3145 -1058.781
v 1230.521 147.0079 -1041.474
v 1177.566 143.4573 -1051.899
v 1231.478 143.7652 -1032.654
v 1145.96 145.7808 -1079.089
v 1143.87 168.8216 -1087.109
v 1177.162 169.2818 -1066.936
v 1140.001 143.2203 -1073.697
v 1230.521 147.0079 -1041.474
v 1276.506 149.9282 -1091.844
v 1231.478 143.7652 -1032.654
v 1231.478 143.7652 -1032.654
v 1276.506 149.9282 -1091.844
v 1281.111 150.3311 -1087.888
v 1177.566 143.4573 -1051.899
v 1231.478 143.7652 -1032.654
v 1182.577 120.8524 -1043.049
v 1238.981 120.8967 -1020.328
v 1140.001 143.2203 -1073.697
v 1231.478 143.7652 -1032.654
v 1281.111 150.3311 -1087.888
v 1238.981 120.8967 -1020.328
v 1284.741 121.8423 -1082.386
v 1140.001 143.2203 -1073.697
v 1182.577 120.8524 -1043.049
v 1143.093 120.8183 -1067.523
v 1342.751 258.457 -1069.13
v 1328.903 257.1517 -1073.913
v 1351.11 282.357 -1089.659
v 1330.823 279.6451 -1097.162
v 1320.978 249.8906 -1066.473
v 1345.491 252.3686 -1056.392
v 1323.962 245.0976 -1056.442
v 1335.082 245.8637 -1052.471
v 1336.314 229.8827 -1047.677
v 1325.2 228.887 -1055.123
v 1323.962 245.0976 -1056.442
v 1352.899 247.06 -1056.897
v 1350.877 253.8606 -1069.963
v 1364.82 247.9376 -1058.533
v 1361.098 253.4816 -1071.939
v 1348.304 238.4712 -1052.415
v 1363.328 236.4661 -1054.059
v 1389.3 243.5499 -1052.797
v 1387.228 249.8407 -1065.658
v 1392.882 232.8497 -1042.799
v 1400.481 232.7029 -1041.41
v 1408.44 271.6591 -1062.968
v 1408.44 271.6591 -1062.968
v 1360.06 265.6567 -1076.929
v 1365.649 265.9099 -1078.096
v 1357.692 277.478 -1085.884
v 1365.649 265.9099 -1078.096
v 1328.903 257.1517 -1073.913
v 1320.978 249.8906 -1066.473
v 1326.069 252.9769 -1079.736
v 1327.99 279.1447 -1099.475
v 1320.978 249.8906 -1066.473
v 1317.174 245.8816 -1072.734
v 1327.807 254.363 -1089.675
v 1310.808 246.2105 -1079.316
v 1310.556 246.6146 -1082.022
v 1314.163 247.9086 -1093.817
v 1325.325 254.6751 -1100.216
v 1308.613 249.2488 -1084.866
v 1327.807 254.363 -1089.675
v 1326.069 252.9769 -1079.736
v 1317.174 245.8816 -1072.734
v 1327.807 254.363 -1089.675
v 1320.978 249.8906 -1066.473
v 1323.962 245.0976 -1056.442
v 1321.071 234.0524 -1067.344
v 1325.2 228.887 -1055.123
v 1317.174 245.8816 -1072.734
v 1320.978 249.8906 -1066.473
v 1321.071 234.0524 -1067.344
v 1313.556 231.5369 -1075.141
v 1310.808 246.2105 -1079.316
v 1317.174 245.8816 -1072.734
v 1400.481 232.7029 -1041.41
v 1408.44 271.6591 -1062.968
v 1421.512 256.7513 -1054.491
v 1421.512 256.7513 -1054.491
v 1408.44 271.6591 -1062.968
v 1436.388 252.4924 -1071.166
v 1408.44 271.6591 -1062.968
v 1428.343 268.0916 -1084.302
v 1408.44 271.6591 -1062.968
v 1408.452 271.7074 -1078.09
v 1428.343 268.0916 -1084.302
v 1423.328 267.4483 -1094.766
v 1408.452 271.7074 -1078.09
v 1413.727 281.7146 -1100.784
v 1398.275 279.0153 -1082.076
v 1386.916 274.4062 -1076.961
v 1380.475 283.6488 -1080.615
v 1408.44 271.6591 -1062.968
v 1395.869 258.7429 -1070.719
v 1408.452 271.7074 -1078.09
v 1387.228 249.8407 -1065.658
v 1387.228 249.8407 -1065.658
v 1384.968 258.3235 -1072.49
v 1395.869 258.7429 -1070.719
v 1387.228 249.8407 -1065.658
v 1376.1 257.7836 -1071.345
v 1384.968 258.3235 -1072.49
v 1361.098 253.4816 -1071.939
v 1368.854 259.248 -1075.219
v 1365.649 265.9099 -1078.096
v 1395.869 258.7429 -1070.719
v 1384.968 258.3235 -1072.49
v 1387.593 268.1783 -1074.019
v 1408.452 271.7074 -1078.09
v 1386.916 274.4062 -1076.961
v 1365.649 265.9099 -1078.096
v 1357.692 277.478 -1085.884
v 1366.185 278.4131 -1082.822
v 1376.1 257.7836 -1071.345
v 1368.854 259.248 -1075.219
v 1376.787 252.2168 -1077.746
v 1385.655 252.7568 -1078.891
v 1384.968 258.3235 -1072.49
v 1376.787 252.2168 -1077.746
v 1371.336 253.9106 -1082.35
v 1376.787 252.2168 -1077.746
v 1371.336 253.9106 -1082.35
v 1385.655 252.7568 -1078.891
v 1387.593 268.1783 -1074.019
v 1384.968 258.3235 -1072.49
v 1387.236 259.3741 -1081.072
v 1385.655 252.7568 -1078.891
v 1385.589 265.7199 -1083.535
v 1386.916 274.4062 -1076.961
v 1381.993 277.3259 -1090.649
v 1385.655 252.7568 -1078.891
v 1371.336 253.9106 -1082.35
v 1387.236 259.3741 -1081.072
v 1369.616 260.0902 -1085.413
v 1385.589 265.7199 -1083.535
v 1366.344 276.6341 -1089.695
v 1381.993 277.3259 -1090.649
v 1380.475 283.6488 -1080.615
v 1386.916 274.4062 -1076.961
v 1381.993 277.3259 -1090.649
v 1371.336 253.9106 -1082.35
v 1365.649 265.9099 -1078.096
v 1369.616 260.0902 -1085.413
v 1368.854 259.248 -1075.219
v 1365.649 265.9099 -1078.096
v 1365.649 265.9099 -1078.096
v 1366.185 278.4131 -1082.822
v 1369.616 260.0902 -1085.413
v 1366.344 276.6341 -1089.695
v 1327.99 279.1447 -1099.475
v 1327.99 279.1447 -1099.475
v 1326.069 252.9769 -1079.736
v 1327.807 254.363 -1089.675
v 1330.517 273.099 -1105.763
v 1330.517 273.099 -1105.763
v 1327.807 254.363 -1089.675
v 1325.325 254.6751 -1100.216
v 1325.325 254.6751 -1100.216
v 1312.367 268.3648 -1128.045
v 1308.494 253.3815 -1116.431
v 1320.811 248.3336 -1100.213
v 1327.807 254.363 -1089.675
v 1310.556 246.6146 -1082.022
v 1308.613 249.2488 -1084.866
v 1307.585 246.0235 -1081.737
v 1308.613 249.2488 -1084.866
v 1305.659 245.1973 -1100.523
v 1314.163 247.9086 -1093.817
v 1320.811 248.3336 -1100.213
v 1325.325 254.6751 -1100.216
v 1298.388 245.3411 -1092.227
v 1305.659 245.1973 -1100.523
v 1307.585 246.0235 -1081.737
v 1298.388 245.3411 -1092.227
v 1307.949 233.7661 -1079.057
v 1298.388 245.3411 -1092.227
v 1297.371 230.327 -1084.915
v 1294.071 251.9523 -1101.18
v 1289.475 236.0927 -1098.226
v 1287.457 262.0793 -1114.895
v 1276.928 244.9299 -1118.011
v 1311.258 236.6492 -1078.095
v 1310.556 246.6146 -1082.022
v 1310.556 246.6146 -1082.022
v 1313.556 231.5369 -1075.141
v 1320.811 248.3336 -1100.213
v 1311.603 245.8548 -1108.198
v 1305.659 245.1973 -1100.523
v 1308.494 253.3815 -1116.431
v 1299.667 264.8225 -1128.401
v 1294.071 251.9523 -1101.18
v 1287.457 262.0793 -1114.895
v 1301.359 253.3865 -1110.22
v 1298.388 245.3411 -1092.227
v 1308.494 253.3815 -1116.431
v 1305.659 245.1973 -1100.523
v 1298.388 245.3411 -1092.227
v 1308.494 253.3815 -1116.431
v 1320.811 248.3336 -1100.213
v 1311.603 245.8548 -1108.198
v 1308.494 253.3815 -1116.431
v 1299.667 264.8225 -1128.401
v 1312.367 268.3648 -1128.045
v 1299.667 264.8225 -1128.401
v 1287.457 262.0793 -1114.895
v 1297.619 249.1081 -1137.547
v 1276.928 244.9299 -1118.011
v 1310.808 246.2105 -1079.316
v 1313.556 231.5369 -1075.141
v 1310.556 246.6146 -1082.022
v 1402.14 313.0361 -1090.44
v 1343.176 295.6177 -1082.028
v 1394.172 325.659 -1098.721
v 1339.797 300.9702 -1085.539
v 1346.932 289.6688 -1078.125
v 1408.158 294.79 -1077.961
v 1408.158 294.79 -1077.961
v 1402.14 313.0361 -1090.44
v 1419.88 283.7688 -1094.98
v 1402.14 313.0361 -1090.44
v 1416.403 301.5943 -1106.093
v 1402.14 313.0361 -1090.44
v 1394.172 325.659 -1098.721
v 1416.403 301.5943 -1106.093
v 1403.436 319.0247 -1116.867
v 1394.172 325.659 -1098.721
v 1339.797 300.9702 -1085.539
v 1403.436 319.0247 -1116.867
v 1344.21 294.3684 -1099.83
v 1339.612 285.1976 -1087.505
v 1344.028 285.8296 -1096.944
v 1345.418 286.9196 -1087.15
v 1349.053 287.3545 -1094.683
v 1334.299 283.2534 -1091.12
v 1338.077 284.0242 -1099.62
v 1339.612 285.1976 -1087.505
v 1345.418 286.9196 -1087.15
v 1337.837 280.3564 -1085.111
v 1343.643 280.8713 -1084.104
v 1356.36 280.7278 -1086.011
v 1351.561 277.29 -1084.114
v 1338.566 271.64 -1083.22
v 1344.371 271.4328 -1081.273
v 1332.525 279.0049 -1089.498
v 1334.299 283.2534 -1091.12
v 1339.612 285.1976 -1087.505
v 1330.723 274.3136 -1096.219
v 1333.256 271.1435 -1088.719
v 1338.077 284.0242 -1099.62
v 1329.128 276.309 -1100.94
v 1334.299 283.2534 -1091.12
v 1345.418 286.9196 -1087.15
v 1349.053 287.3545 -1094.683
v 1356.36 280.7278 -1086.011
v 1305.242 243.9015 -1134.409
v 1314.66 227.8024 -1162.61
v 1305.316 260.6796 -1143.885
v 1314.66 244.6184 -1172.003
v 1325.5 275.5367 -1120.514
v 1325.358 258.8002 -1110.944
v 1341.001 289.4881 -1097.631
v 1340.042 271.412 -1087.693
v 1373.079 291.8256 -1090.273
v 1373.049 280.6339 -1082.444
v 1407.038 285.0601 -1102.202
v 1406.972 268.2812 -1092.726
v 1429.494 268.7476 -1131.083
v 1429.494 251.9315 -1121.69
v 1310.167 276.5533 -1153.99
v 1318.374 261.5888 -1179.88
v 1328.771 290.4834 -1131.977
v 1341.199 304.1599 -1106.68
v 1372.794 306.106 -1102.99
v 1404.796 299.7249 -1114.245
v 1425.75 284.2094 -1141.712
v 1318.171 290.5231 -1163.19
v 1325.966 277.5047 -1186.136
v 1328.747 304.6749 -1140.816
v 1344.322 315.2939 -1121.601
v 1372.453 316.9033 -1118.555
v 1400.514 311.2153 -1128.584
v 1418.691 297.3016 -1153.22
v 1328.673 302.8968 -1170.961
v 1336.621 290.6617 -1189.678
v 1332.335 315.2445 -1151.199
v 1349.6 322.1827 -1138.765
v 1372.251 323.4908 -1136.284
v 1394.281 318.4814 -1145.029
v 1408.834 306.7135 -1164.774
v 1339.964 307.5748 -1176.195
v 1345.419 297.4569 -1190.006
v 1344.221 316.0501 -1163.415
v 1356.474 320.9262 -1154.867
v 1372.33 321.6097 -1152.956
v 1387.778 317.4636 -1158.694
v 1398.67 309.2306 -1171.372
v 1354.998 307.5139 -1181.394
v 1355.966 303.1243 -1189.237
v 1358.012 311.3827 -1174.451
v 1364.345 313.8255 -1170.044
v 1372.484 314.3175 -1169.104
v 1380.626 312.7113 -1171.925
v 1386.87 309.3923 -1177.819
v 1372.412 307.2346 -1186.54
v 1330.526 294.6693 -1090.986
v 1329.454 289.7426 -1088.713
v 1316.839 288.2502 -1113.733
v 1313.093 284.463 -1113.838
v 1326.939 285.1856 -1088.545
v 1308.78 277.4898 -1110.692
v 1291.388 273.9948 -1132.146
v 1297.712 280.7912 -1136.505
v 1306.234 288.2054 -1138.205
v 1287.247 273.1627 -1137.253
v 1294.051 279.9171 -1141.901
v 1303.547 287.1435 -1143.501
v 1294.051 279.9171 -1141.901
v 1326.373 279.9088 -1125.668
v 1330.526 294.6693 -1090.986
v 1316.839 288.2502 -1113.733
v 1340.097 283.5819 -1100.192
v 1306.234 288.2054 -1138.205
v 1313.937 280.411 -1150.439
v 1303.547 287.1435 -1143.501
v 1309.602 273.8261 -1153.655
v 1303.784 267.7618 -1156.74
v 1296.98 261.0075 -1152.092
v 1294.051 279.9171 -1141.901
v 1287.247 273.1627 -1137.253
v 1303.784 267.7618 -1156.74
v 1303.547 287.1435 -1143.501
v 1291.587 253.9032 -1152.665
v 1316.81 288.2204 -1186.051
v 1312.244 250.5905 -1151.48
v 1330.82 284.9386 -1186.238
v 1291.587 253.9032 -1152.665
v 1306.811 268.9492 -1188.62
v 1316.81 288.2204 -1186.051
v 1284.244 247.8554 -1166.339
v 1278.533 231.4138 -1139.269
v 1284.796 237.5383 -1128.278
v 1279.852 186.6327 -1106.434
v 1283.407 192.9492 -1102.167
v 1284.414 120.0797 -1080.891
v 1306.811 268.9492 -1188.62
v 1291.587 253.9032 -1152.665
v 1291.587 253.9032 -1152.665
v 1312.244 250.5905 -1151.48
v 1284.796 237.5383 -1128.278
v 1313.424 232.3009 -1133.689
v 1284.267 192.979 -1101.989
v 1346.031 214.513 -1093.007
v 1328.389 119.8 -1065.627
v 1284.414 120.0797 -1080.891
v 1283.407 192.9492 -1102.167
v 1284.796 237.5383 -1128.278
v 1279.852 186.6327 -1106.434
v 1284.414 120.0797 -1080.891
v 1262.962 192.3827 -1107.417
v 1278.533 231.4138 -1139.269
v 1262.962 192.3827 -1107.417
v 1284.414 120.0797 -1080.891
v 1262.085 120.0797 -1081.466
v 1262.962 192.3827 -1107.417
v 1262.085 120.0797 -1081.466
v 1246.236 179.1861 -1121.833
v 1244.227 119.0183 -1110.101
v 1266.554 245.4392 -1142.77
v 1251.761 228.2109 -1147.865
v 1274.225 265.1839 -1170.845
v 1260.204 246.3463 -1172.22
v 1278.533 231.4138 -1139.269
v 1262.962 192.3827 -1107.417
v 1266.554 245.4392 -1142.77
v 1284.244 247.8554 -1166.339
v 1274.225 265.1839 -1170.845
v 1448.806 240.5241 -1038.123
v 1443.363 226.0682 -1028.188
v 1440.381 224.6723 -1029.059
v 1442.205 211.7608 -1012.721
v 1440.516 212.2296 -1014.659
v 1440.224 206.0003 -1008.723
v 1431.998 197.4145 -1007.365
v 1440.224 206.0003 -1008.723
v 1433.507 178.9463 -994.6637
v 1431.194 177.3188 -996.5768
v 1436.91 127.4862 -970.9734
v 1448.906 189.7819 -981.9258
v 1440.224 206.0003 -1008.723
v 1456.777 211.1359 -1000.875
v 1456.777 211.1359 -1000.875
v 1440.224 206.0003 -1008.723
v 1442.205 211.7608 -1012.721
v 1456.204 229.612 -1023.098
v 1443.363 226.0682 -1028.188
v 1450.426 238.3144 -1034.778
v 1456.204 229.612 -1023.098
v 1443.363 226.0682 -1028.188
v 1460.338 234.6671 -1036.895
v 1476.924 229.6205 -1039.866
v 1456.204 229.612 -1023.098
v 1476.924 229.6205 -1039.866
v 1465.527 218.3549 -1013.754
v 1437.101 125.3741 -969.9444
v 1418.397 127.4507 -991.8356
v 1436.91 127.4862 -970.9734
v 1560.333 112.8579 -905.5702
v 1459.222 112.8579 -858.1188
v 1556.621 143.3502 -918.8406
v 1459.824 143.3502 -866.8463
v 1556.621 143.3502 -918.8406
v 1459.824 143.3502 -866.8463
v 1548.597 143.3502 -921.6005
v 1458.27 143.3502 -879.413
v 1548.597 143.3502 -921.6005
v 1458.27 143.3502 -879.413
v 1545.276 180.091 -941.834
v 1464.132 180.091 -902.3388
v 1459.222 112.8579 -858.1188
v 1422.638 112.8579 -933.0704
v 1459.824 143.3502 -866.8463
v 1418.926 143.3502 -946.3408
v 1459.824 143.3502 -866.8463
v 1418.926 143.3502 -946.3408
v 1458.27 143.3502 -879.413
v 1426.95 143.3502 -943.5804
v 1458.27 143.3502 -879.413
v 1426.95 143.3502 -943.5804
v 1464.132 180.091 -902.3388
v 1423.629 180.091 -963.8136
v 1548.219 180.9014 -919.3146
v 1465.189 181.4545 -882.3475
v 1553.359 220.2192 -929.4259
v 1467.426 219.8076 -889.8553
v 1465.189 181.4545 -882.3475
v 1417.649 180.2326 -975.164
v 1467.426 219.8076 -889.8553
v 1409.69 219.4298 -994.4529
v 1553.359 220.2192 -929.4259
v 1467.426 219.8076 -889.8553
v 1525.488 220.1103 -944.6997
v 1473.569 220.1007 -923.0426
v 1409.69 219.4298 -994.4529
v 1444.467 220.1251 -977.9467
v 1507.081 221.5281 -993.0845
v 1506.347 223.0191 -1017.16
v 1525.488 220.1103 -944.6997
v 1473.569 220.1007 -923.0426
v 1529.302 268.4087 -969.6622
v 1473.213 268.507 -942.6077
v 1473.569 220.1007 -923.0426
v 1444.467 220.1251 -977.9467
v 1473.213 268.507 -942.6077
v 1436.643 268.507 -997.6069
v 1506.347 223.0191 -1017.16
v 1525.488 220.1103 -944.6997
v 1507.081 221.5281 -993.0845
v 1549.834 268.3568 -954.2805
v 1472.604 268.8766 -918.7694
v 1552.822 299.0404 -961.468
v 1473.415 299.0404 -928.6693
v 1472.604 268.8766 -918.7694
v 1427.737 268.2528 -1002.016
v 1473.415 299.0404 -928.6693
v 1422.599 299.0404 -1016.523
v 1422.599 299.0404 -1016.523
v 1427.737 268.2528 -1002.016
v 1499.949 299.0404 -1032.537
v 1505.087 268.2528 -1018.031
v 1499.949 299.0404 -1032.537
v 1505.087 268.2528 -1018.031
v 1552.822 299.0404 -961.468
v 1549.834 268.3568 -954.2805
v 1552.822 299.0404 -961.468
v 1473.415 299.0404 -928.6693
v 1543.153 299.0404 -968.0231
v 1478.591 299.0404 -942.8819
v 1422.599 299.0404 -1016.523
v 1436.084 299.0404 -1012.799
v 1499.949 299.0404 -1032.537
v 1496.75 299.0404 -1025.725
v 1483.067 337.5124 -1001.88
v 1543.153 299.0404 -968.0231
v 1496.75 299.0404 -1025.725
v 1543.153 299.0404 -968.0231
v 1483.067 337.5124 -1001.88
v 1496.75 299.0404 -1025.725
v 1483.067 337.5124 -1001.88
v 1436.084 299.0404 -1012.799
v 1543.863 144.4223 -901.3063
v 1536.147 138.2353 -890.1499
v 1525.903 141.8525 -900.5639
v 1549.185 139.5468 -889.4683
v 1538.037 124.1943 -879.8073
v 1555.195 124.1889 -877.2112
v 1555.854 141.2658 -896.0931
v 1560.631 124.1088 -882.252
v 1564.515 134.2435 -907.4751
v 1561.063 139.2244 -911.2852
v 1552.715 144.4223 -908.9825
v 1557.907 144.4853 -914.671
v 1564.472 124.3279 -896.6373
v 1530.863 144.4223 -907.293
v 1550.111 144.5782 -920.9565
v 1534.633 124.3279 -896.057
v 1536.147 138.2353 -890.1499
v 1538.037 124.1943 -879.8073
v 1525.903 141.8525 -900.5639
v 1525.903 141.8525 -900.5639
v 1534.633 124.3279 -896.057
v 1530.863 144.4223 -907.293
v 1519.741 144.4223 -890.9434
v 1512.712 140.224 -885.0007
v 1514.962 143.9048 -895.7714
v 1521.131 141.114 -882.2466
v 1513.045 130.787 -879.4448
v 1521.81 130.787 -875.2745
v 1530.374 142.2722 -883.7938
v 1529.777 130.787 -878.6216
v 1526.898 144.4223 -894.4049
v 1530.374 142.2722 -883.7938
v 1524.783 144.4223 -901.2523
v 1534.909 140.8952 -894.1688
v 1530.374 142.2722 -883.7938
v 1536.597 137.5154 -891.4006
v 1530.374 142.2722 -883.7938
v 1536.597 137.5154 -891.4006
v 1529.777 130.787 -878.6216
v 1535.703 130.787 -882.8882
v 1534.909 140.8952 -894.1688
v 1524.783 144.4223 -901.2523
v 1532.354 144.4223 -896.7531
v 1514.962 143.9048 -895.7714
v 1512.712 140.224 -885.0007
v 1512.765 130.787 -889.1382
v 1513.045 130.787 -879.4448
v 1487.487 144.4223 -873.3976
v 1474.54 138.6816 -863.6057
v 1480.221 143.6807 -877.3674
v 1488.404 139.8985 -861.0137
v 1474.18 125.7775 -855.6016
v 1488.396 125.7775 -851.0131
v 1504.384 141.4822 -864.7986
v 1503.946 125.7775 -855.0574
v 1500.24 144.4223 -879.6119
v 1504.384 141.4822 -864.7986
v 1499.38 142.4598 -883.9737
v 1513.826 139.5994 -880.6043
v 1504.384 141.4822 -864.7986
v 1516.237 134.9778 -876.8699
v 1503.946 125.7775 -855.0574
v 1513.297 125.7775 -864.3727
v 1504.384 141.4822 -864.7986
v 1513.826 139.5994 -880.6043
v 1516.237 134.9778 -876.8699
v 1500.24 144.4223 -879.6119
v 1513.826 139.5994 -880.6043
v 1499.38 142.4598 -883.9737
v 1509.912 144.4223 -883.9275
v 1480.221 143.6807 -877.3674
v 1474.54 138.6816 -863.6057
v 1475.321 125.7775 -869.6168
v 1474.18 125.7775 -855.6016
v 1496.793 116.671 -1081.687
v 1408.148 116.6709 -999.3968
v 1317.496 111.7683 -1157.085
v 1287.929 121.0305 -1065.571
v 1427.334 51.91384 -839.6985
v 1435.492 51.91384 -842.4193
v 1433.643 55.6359 -834.1305
v 1423.655 51.91384 -836.3083
v 1427.334 51.91384 -839.6985
v 1422.439 51.91384 -832.1133
v 1423.655 51.91384 -836.3083
v 1421.861 51.91384 -827.1633
v 1424.708 51.91384 -823.1827
v 1430.152 51.91384 -817.6965
v 1437.05 52.14274 -816.9078
v 1429.438 30.93608 -809.7969
v 1440.537 30.82074 -803.3611
v 1435.492 51.91384 -842.4193
v 1439.52 51.91384 -840.4907
v 1433.643 55.6359 -834.1305
v 1444.617 51.91384 -838.3729
v 1448.12 51.91384 -834.3679
v 1446.522 30.93608 -844.924
v 1438.463 30.93608 -846.0745
v 1435.492 51.91384 -842.4193
v 1448.12 51.91384 -834.3679
v 1448.817 51.91384 -830.4866
v 1448.398 51.91384 -826.7572
v 1445.992 51.91384 -823.3684
v 1442.575 52.14274 -818.0912
v 1453.037 30.93608 -816.9736
v 1447.349 30.82074 -809.6617
v 1442.575 52.14274 -818.0912
v 1456.607 30.93608 -822.0028
v 1457.229 30.93608 -827.5375
v 1456.196 30.93608 -833.2973
v 1448.12 51.91384 -834.3679
v 1437.05 52.14274 -816.9078
v 1440.537 30.82074 -803.3611
v 1440.537 30.82074 -803.3611
v 1442.575 52.14274 -818.0912
v 1437.05 52.14274 -816.9078
v 1442.575 52.14274 -818.0912
v 1430.152 51.91384 -817.6965
v 1421.861 51.91384 -827.1633
v 1419.021 30.93608 -821.5703
v 1422.439 51.91384 -832.1133
v 1421.45 30.93608 -816.6981
v 1422.439 51.91384 -832.1133
v 1418.084 30.93608 -829.9514
v 1423.655 51.91384 -836.3083
v 1419.889 30.93608 -836.1771
v 1424.708 51.91384 -823.1827
v 1421.45 30.93608 -816.6981
v 1421.861 51.91384 -827.1633
v 1430.152 51.91384 -817.6965
v 1429.438 30.93608 -809.7969
v 1448.12 51.91384 -834.3679
v 1450.997 30.93608 -839.2409
v 1456.196 30.93608 -833.2973
v 1444.617 51.91384 -838.3729
v 1446.522 30.93608 -844.924
v 1435.492 51.91384 -842.4193
v 1425.348 30.93608 -841.2082
v 1438.463 30.93608 -846.0745
v 1427.334 51.91384 -839.6985
v 1427.334 51.91384 -839.6985
v 1419.889 30.93608 -836.1771
v 1423.655 51.91384 -836.3083
v 1396.643 59.40488 -863.5312
v 1395.251 55.61087 -866.4653
v 1398.191 55.61087 -869.3353
v 1393.453 55.61087 -864.6404
v 1391.447 55.61087 -862.5027
v 1389.124 26.8144 -862.2092
v 1385.97 26.8144 -858.848
v 1390.812 55.61087 -859.4937
v 1396.643 59.40488 -863.5312
v 1384.972 26.8144 -854.1167
v 1392.137 55.61087 -856.8323
v 1396.643 59.40488 -863.5312
v 1387.055 26.8144 -849.9319
v 1395.012 55.61087 -855.6436
v 1396.643 59.40488 -863.5312
v 1398.274 55.61087 -855.5596
v 1401.394 55.61087 -856.0593
v 1403.788 55.61087 -857.8857
v 1405.117 55.61087 -859.0561
v 1391.576 26.8144 -848.0629
v 1396.705 26.8144 -847.9308
v 1401.611 26.8144 -848.7165
v 1405.374 26.8144 -851.5883
v 1405.117 55.61087 -859.0561
v 1407.465 26.8144 -853.4285
v 1396.643 59.40488 -863.5312
v 1398.191 55.61087 -869.3353
v 1402.258 55.61087 -868.0364
v 1396.643 59.40488 -863.5312
v 1402.258 55.61087 -868.0364
v 1403.505 55.61087 -865.4565
v 1404.965 55.61087 -863.2238
v 1405.347 55.61087 -861.0984
v 1405.117 55.61087 -859.0561
v 1405.117 55.61087 -859.0561
v 1405.347 55.61087 -861.0984
v 1407.465 26.8144 -853.4285
v 1407.826 26.8144 -856.6398
v 1404.965 55.61087 -863.2238
v 1407.226 26.8144 -859.9818
v 1403.505 55.61087 -865.4565
v 1404.93 26.8144 -863.4923
v 1402.258 55.61087 -868.0364
v 1402.969 26.8144 -867.5488
v 1391.952 26.8144 -865.0784
v 1396.574 26.8144 -869.5912
v 1398.191 55.61087 -869.3353
v 1402.969 26.8144 -867.5488
v 1398.191 55.61087 -869.3353
v 1396.574 26.8144 -869.5912
v 1402.258 55.61087 -868.0364
v 1392.75 62.17059 -851.8165
v 1402.99 62.17059 -856.249
v 1399.059 65.89265 -846.2485
v 1407.018 62.17059 -854.3204
v 1389.071 62.17059 -848.4264
v 1387.855 62.17059 -844.2313
v 1387.276 62.17059 -839.2813
v 1390.124 62.17059 -835.3007
v 1410.033 62.17059 -850.4909
v 1413.536 62.17059 -846.4859
v 1414.233 62.17059 -842.6047
v 1413.813 62.17059 -838.8752
v 1411.408 62.17059 -835.4864
v 1407.016 62.17059 -833.4029
v 1401.491 62.17059 -832.2197
v 1395.379 62.17059 -832.3774
v 1382.641 55.61087 -834.7233
v 1383.5 55.61087 -842.0695
v 1386.866 55.61087 -828.8161
v 1394.665 55.61087 -824.4778
v 1403.736 55.61087 -824.2437
v 1411.935 55.61087 -825.9996
v 1418.453 55.61087 -829.0917
v 1422.023 55.61087 -834.1208
v 1422.645 55.61087 -839.6555
v 1421.612 55.61087 -845.4153
v 1382.665 26.43246 -842.4802
v 1384.926 26.43246 -850.2815
v 1385.305 55.61087 -848.2951
v 1390.764 55.61087 -853.3262
v 1405.961 55.61087 -859.9042
v 1411.938 55.61087 -857.042
v 1416.413 55.61087 -851.3589
v 1410.811 26.43246 -864.8288
v 1391.767 26.43246 -856.5859
v 1418.3 26.43246 -861.2422
v 1381.588 26.43246 -833.2748
v 1386.883 26.43246 -825.8725
v 1396.656 26.43246 -820.4362
v 1408.023 26.43246 -820.1428
v 1418.296 26.43246 -822.3433
v 1426.464 26.43246 -826.2178
v 1430.938 26.43246 -832.5198
v 1431.718 26.43246 -839.4553
v 1430.422 26.43246 -846.6729
v 1421.612 55.61087 -845.4153
v 1416.413 55.61087 -851.3589
v 1430.422 26.43246 -846.6729
v 1423.908 26.43246 -854.1207
v 1411.938 55.61087 -857.042
v 1418.3 26.43246 -861.2422
v 1358.407 59.40488 -850.3845
v 1355.88 55.61087 -853.9215
v 1358.884 55.61087 -855.6202
v 1358.407 59.40488 -850.3845
v 1358.884 55.61087 -855.6202
v 1363.267 55.61087 -854.6852
v 1358.407 59.40488 -850.3845
v 1354.798 55.61087 -851.4827
v 1355.88 55.61087 -853.9215
v 1358.407 59.40488 -850.3845
v 1353.59 55.61087 -849.2772
v 1354.798 55.61087 -851.4827
v 1358.184 21.89863 -854.1153
v 1356.286 21.89863 -850.6486
v 1352.946 55.61087 -846.0048
v 1355.274 21.89863 -845.5048
v 1359.885 21.89863 -857.9489
v 1355.88 55.61087 -853.9215
v 1364.607 21.89863 -860.6189
v 1355.88 55.61087 -853.9215
v 1358.884 55.61087 -855.6202
v 1358.407 59.40488 -850.3845
v 1352.946 55.61087 -846.0048
v 1353.59 55.61087 -849.2772
v 1358.407 59.40488 -850.3845
v 1354.75 55.61087 -844.5112
v 1352.946 55.61087 -846.0048
v 1358.407 59.40488 -850.3845
v 1363.267 55.61087 -854.6852
v 1366.463 55.61087 -852.3333
v 1358.407 59.40488 -850.3845
v 1366.463 55.61087 -852.3333
v 1366.729 55.61087 -850.0771
v 1367.111 55.61087 -847.9517
v 1366.508 55.61087 -845.1622
v 1377.538 21.89863 -848.565
v 1376.939 21.89863 -851.9059
v 1366.463 55.61087 -852.3333
v 1376.52 21.89863 -855.4525
v 1376.592 21.89863 -844.1802
v 1366.508 55.61087 -845.1622
v 1366.463 55.61087 -852.3333
v 1363.267 55.61087 -854.6852
v 1371.497 21.89863 -859.1491
v 1358.884 55.61087 -855.6202
v 1364.607 21.89863 -860.6189
v 1362.996 55.61087 -842.8845
v 1358.407 59.40488 -850.3845
v 1366.508 55.61087 -845.1622
v 1358.992 55.61087 -843.2177
v 1358.407 59.40488 -850.3845
v 1362.996 55.61087 -842.8845
v 1358.992 55.61087 -843.2177
v 1354.75 55.61087 -844.5112
v 1358.407 59.40488 -850.3845
v 1354.75 55.61087 -844.5112
v 1358.992 55.61087 -843.2177
v 1358.109 21.89863 -843.157
v 1364.777 21.89863 -841.124
v 1358.992 55.61087 -843.2177
v 1362.996 55.61087 -842.8845
v 1364.777 21.89863 -841.124
v 1371.071 21.89863 -840.6001
v 1352.946 55.61087 -846.0048
v 1354.75 55.61087 -844.5112
v 1355.274 21.89863 -845.5048
v 1358.109 21.89863 -843.157
v 1362.996 55.61087 -842.8845
v 1366.508 55.61087 -845.1622
v 1371.071 21.89863 -840.6001
v 1376.592 21.89863 -844.1802
v 1441.023 68.29246 -893.2155
v 1457.063 67.31477 -864.9598
v 1431.256 62.66241 -890.4358
v 1439.426 56.44643 -862.6089
v 1470.732 95.41 -878.662
v 1467.783 95.41 -901.081
v 1458.87 67.93668 -811.5692
v 1474.444 95.41 -814.3611
v 1472.221 95.41 -790.9168
v 1456.029 68.138 -791.6567
v 1442.01 56.44643 -815.2687
v 1440.294 56.44643 -859.8613
v 1442.01 56.44643 -815.2687
v 1432.762 44.57853 -860.4866
v 1442.01 56.44643 -815.2687
v 1441.75 44.3844 -811.2921
v 1420.473 56.44643 -887.3667
v 1420.764 56.44643 -891.7031
v 1388.807 35.37986 -872.6805
v 1425.318 32.12631 -859.6924
v 1377.521 33.03264 -886.8921
v 1424.009 56.44643 -895.7891
v 1425.484 56.44643 -905.063
v 1375.871 32.81473 -900.7322
v 1429.445 56.44643 -914.3394
v 1379.058 32.52101 -921.6494
v 1430.675 62.33373 -895.8984
v 1442.887 68.45238 -909.6271
v 1431.339 61.50676 -907.6422
v 1436.183 60.68695 -917.1265
v 1443.275 68.67093 -920.2348
v 1462.701 95.41 -939.7214
v 1465.509 95.41 -918.3746
v 1429.445 56.44643 -914.3394
v 1332.765 16.55791 -888.0432
v 1343.483 16.5579 -905.2067
v 1332.765 16.55791 -888.0432
v 1436.886 68.83096 -931.02
v 1443.275 68.67093 -920.2348
v 1436.756 68.45641 -930.4064
v 1424.906 56.44643 -917.2845
v 1436.558 68.44979 -930.679
v 1410.734 56.44643 -939.2345
v 1421.077 67.93219 -951.9874
v 1456.933 95.41 -951.8174
v 1446.09 95.41 -974.5581
v 1438.701 95.53059 -995.4814
v 1405.058 67.83071 -969.8509
v 1397.35 67.83071 -977.9756
v 1389.794 61.71413 -971.1721
v 1396.036 61.93238 -964.0437
v 1426.926 95.41 -1005.08
v 1396.832 64.92577 -959.6318
v 1408.536 63.90482 -947.8839
v 1429.445 56.44643 -914.3394
v 1390.683 56.44643 -958.3585
v 1390.683 56.44643 -958.3585
v 1383.286 56.44643 -965.3129
v 1377.595 66.22559 -978.7907
v 1368.179 56.44643 -966.4119
v 1367.005 48.00568 -964.4587
v 1383.999 43.25799 -962.7637
v 1356.737 48.59366 -969.4855
v 1357.518 56.44643 -971.1215
v 1346.31 47.16042 -976.3197
v 1349.322 56.44643 -979.4125
v 1311.539 47.54287 -988.2261
v 1357.961 61.24803 -991.0518
v 1310.391 56.44643 -995.9883
v 1311.539 47.54287 -988.2261
v 1316.797 61.50916 -1011.76
v 1369.805 67.83071 -1007.009
v 1324.795 67.83071 -1031.454
v 1306.062 66.26225 -1003.741
v 1393.807 95.41 -1039.988
v 1339.688 95.41 -1069.38
v 1298.135 67.83071 -1036.466
v 1307.103 95.41 -1075.424
v 1279.135 95.41 -1080.611
v 1275.255 67.83071 -1040.768
v 1268.477 60.47623 -1017.056
v 1224.18 67.83071 -1033.18
v 1218.076 95.41 -1072.579
v 1177.091 67.83071 -1015.737
v 1185.763 61.68256 -999.1485
v 1227.559 61.80177 -1016.891
v 1230.792 55.5541 -1001.355
v 1264.455 55.36429 -1004.932
v 1162.487 95.41 -1046.073
v 1233.229 50.70463 -985.8976
v 1204.232 53.38827 -973.0027
v 1194.471 55.8192 -984.0407
v 1268.762 44.38722 -996.616
v 1223.143 48.53348 -971.8438
v 1236.512 47.59902 -978.0903
v 1188.672 56.44643 -978.5134
v 1191.37 53.73801 -978.5821
v 1213.152 39.80822 -955.6127
v 1196.067 54.76051 -973.1656
v 1235.622 42.13394 -971.079
v 1271.204 37.24097 -987.4327
v 1273.26 31.78193 -978.6921
v 1254.427 21.84235 -933.9709
v 1268.333 21.07764 -942.1992
v 1285.283 16.5579 -946.8786
v 1272.188 16.55789 -936.6575
v 1267.685 16.55788 -924.5981
v 1267.685 16.55788 -924.5981
v 1240.897 21.25411 -929.7032
v 1235.624 21.56752 -923.5521
v 1270.532 16.55793 -910.1995
v 1231.815 22.06215 -916.9351
v 1286.231 16.55791 -886.9578
v 1226.977 21.90225 -908.0898
v 1292.602 13.91182 -857.6013
v 1223.088 20.44555 -881.4736
v 1209.012 35.34947 -942.9093
v 1194.281 56.44643 -957.0952
v 1195.776 56.44643 -968.5439
v 1196.067 54.76051 -973.1656
v 1183.367 56.44643 -946.0605
v 1201.668 32.81778 -937.8649
v 1171.203 56.82116 -940.0233
v 1194.716 31.22374 -931.5375
v 1167.85 61.15845 -945.4163
v 1150.625 56.3465 -938.9026
v 1148.153 55.65604 -937.968
v 1175.548 61.42538 -952.2133
v 1186.515 61.61999 -966.9476
v 1187.622 58.96683 -972.879
v 1178.11 69.09863 -977.5174
v 1165.393 76.64671 -962.174
v 1170.078 76.33636 -986.4663
v 1159.603 78.46718 -959.1303
v 1147.954 56.88174 -939.3854
v 1145.531 71.76431 -956.5955
v 1159.603 78.46718 -959.1303
v 1129.076 57.7178 -945.3071
v 1128.257 55.53617 -943.0117
v 1183.612 65.82355 -986.9664
v 1172.187 73.66624 -992.3671
v 1442.01 56.44643 -815.2687
v 1456.029 68.138 -791.6567
v 1438.065 56.44643 -796.987
v 1442.01 56.44643 -815.2687
v 1438.065 56.44643 -796.987
v 1438.263 46.21486 -791.7466
v 1434.271 32.95545 -809.7302
v 1425.318 32.12631 -859.6924
v 1431.294 33.54025 -787.3864
v 1424.906 56.44643 -917.2845
v 1443.275 68.67093 -920.2348
v 1436.183 60.68695 -917.1265
v 1390.683 56.44643 -958.3585
v 1383.999 43.25799 -962.7637
v 1383.286 56.44643 -965.3129
v 1386.065 43.49989 -952.8687
v 1383.999 43.25799 -962.7637
v 1390.683 56.44643 -958.3585
v 1391.606 56.44643 -953.72
v 1384.192 45.60239 -943.6133
v 1400.183 56.44643 -939.9528
v 1382.087 32.34882 -948.1402
v 1375.13 32.34882 -931.2608
v 1343.483 16.5579 -905.2067
v 1344.062 16.55792 -915.5724
v 1382.087 32.34882 -948.1402
v 1384.641 31.36991 -960.4659
v 1344.062 16.55792 -915.5724
v 1334.905 16.5579 -932.7818
v 1365.632 32.34882 -961.8596
v 1384.641 31.36991 -960.4659
v 1355.066 31.78937 -965.9844
v 1365.632 32.34882 -961.8596
v 1321.626 16.55792 -947.2922
v 1310.071 47.51065 -986.3402
v 1311.539 47.54287 -988.2261
v 1308.051 56.44643 -993.0357
v 1292.148 46.65395 -980.3635
v 1294.998 67.73895 -1005.647
v 1297.11 56.29129 -985.5301
v 1299.166 68.12566 -1011.266
v 1298.135 67.83071 -1036.466
v 1292.992 69.77976 -1019.019
v 1284.213 69.25011 -1023.194
v 1283.871 67.22209 -1007.663
v 1297.11 56.29129 -985.5301
v 1279.011 54.77195 -990.6276
v 1268.477 60.47623 -1017.056
v 1264.455 55.36429 -1004.932
v 1298.135 67.83071 -1036.466
v 1284.213 69.25011 -1023.194
v 1298.135 67.83071 -1036.466
v 1268.477 60.47623 -1017.056
v 1284.213 69.25011 -1023.194
v 1308.051 56.44643 -993.0357
v 1292.148 46.65395 -980.3635
v 1297.11 56.29129 -985.5301
v 1292.148 46.65395 -980.3635
v 1279.581 46.543 -985.8841
v 1297.11 56.29129 -985.5301
v 1279.011 54.77195 -990.6276
v 1275.162 46.8426 -991.1578
v 1268.762 44.38722 -996.616
v 1264.455 55.36429 -1004.932
v 1271.204 37.24097 -987.4327
v 1271.204 37.24097 -987.4327
v 1280.173 38.17758 -980.8497
v 1284.213 69.25011 -1023.194
v 1268.477 60.47623 -1017.056
v 1298.135 67.83071 -1036.466
v 1188.672 56.44643 -978.5134
v 1194.471 55.8192 -984.0407
v 1191.37 53.73801 -978.5821
v 1191.37 53.73801 -978.5821
v 1196.067 54.76051 -973.1656
v 1188.672 56.44643 -978.5134
v 1191.37 53.73801 -978.5821
v 1196.067 54.76051 -973.1656
v 1171.203 56.82116 -940.0233
v 1194.716 31.22374 -931.5375
v 1148.153 55.65604 -937.968
v 1148.153 55.65604 -937.968
v 1194.716 31.22374 -931.5375
v 1183.316 31.22374 -922.7784
v 1175.048 31.22374 -914.7875
v 1135.178 51.82654 -930.2078
v 1120.854 51.65827 -922.3642
v 1112.54 55.62197 -925.9048
v 1118.37 55.31099 -935.198
v 1170.191 31.22374 -899.6392
v 1194.716 31.22374 -931.5375
v 1128.257 55.53617 -943.0117
v 1148.153 55.65604 -937.968
v 1118.37 55.31099 -935.198
v 1170.078 76.33636 -986.4663
v 1165.393 76.64671 -962.174
v 1157.508 67.83071 -1000.471
v 1157.508 67.83071 -1000.471
v 1165.393 76.64671 -962.174
v 1145.522 76.37172 -979.2128
v 1159.603 78.46718 -959.1303
v 1159.603 78.46718 -959.1303
v 1145.531 71.76431 -956.5955
v 1141.374 76.37172 -975.9792
v 1117.809 95.41 -1003.685
v 1157.508 67.83071 -1000.471
v 1134.69 66.42947 -961.0361
v 1124.931 66.96487 -959.0323
v 1099.403 95.41 -986.9484
v 1081.893 95.41 -971.0258
v 1113.113 67.83071 -946.8508
v 1081.286 95.41 -962.4509
v 1108.191 67.83071 -938.3995
v 1103.225 67.83071 -929.8718
v 1111.83 57.31417 -926.2073
v 1117.207 57.7473 -935.5638
v 1126.014 58.1326 -943.5803
v 1129.076 57.7178 -945.3071
v 1129.076 57.7178 -945.3071
v 1112.54 55.62197 -925.9048
v 1118.37 55.31099 -935.198
v 1136.003 95.41 -1020.947
v 1157.508 67.83071 -1000.471
v 1164.384 67.83071 -1005.831
v 1144.613 95.41 -1029.115
v 1177.091 67.83071 -1015.737
v 1157.508 67.83071 -1000.471
v 1172.187 73.66624 -992.3671
v 1170.078 76.33636 -986.4663
v 1164.384 67.83071 -1005.831
v 1177.091 67.83071 -1015.737
v 1118.37 55.31099 -935.198
v 1126.014 58.1326 -943.5803
v 1128.257 55.53617 -943.0117
v 1129.076 57.7178 -945.3071
v 1374.917 67.83071 -1001.62
v 1366.451 66.06243 -985.7501
v 1388.621 67.83071 -987.1762
v 1434.271 32.95545 -809.7302
v 1425.318 32.12631 -859.6924
v 1381.456 36.21731 -837.7664
v 1431.294 33.54025 -787.3864
v 1373.673 36.6885 -816.6186
v 1329.028 19.62073 -864.2916
v 1321.938 16.55794 -882.8202
v 1299.411 16.55794 -882.7775
v 1300.482 15.54468 -853.4219
v 1327.295 21.10118 -839.1995
v 1328.369 23.23095 -899.5734
v 1323.689 23.23095 -896.277
v 1325.374 23.23095 -902.6138
v 1321.443 23.23095 -899.8448
v 1302.616 23.23095 -896.9375
v 1303.742 23.23095 -900.3997
v 1295.382 23.23095 -899.7159
v 1297.666 23.23095 -902.7335
v 1281.598 23.23095 -921.696
v 1286.087 23.23095 -921.1968
v 1280.646 23.23095 -926.8411
v 1285.287 23.23095 -925.5187
v 1284.152 23.23095 -934.8807
v 1288.232 23.23095 -932.2719
v 1291.807 23.23095 -942.7258
v 1294.663 23.23095 -938.8619
v 1308.647 23.23095 -943.5579
v 1308.808 23.23095 -939.5608
v 1321.992 23.23095 -941.3657
v 1320.014 23.23095 -937.3867
v 1329.912 23.23095 -932.0527
v 1326.671 23.23095 -929.8964
v 1336.2 23.23095 -919.9907
v 1331.952 23.23095 -919.7644
v 1337.068 23.23095 -912.5455
v 1332.682 23.23095 -913.5104
v 1307.76 16.55791 -948.9988
v 1321.626 16.55792 -947.2922
v 1321.992 23.23095 -941.3657
v 1343.483 16.5579 -905.2067
v 1344.062 16.55792 -915.5724
v 1344.062 16.55792 -915.5724
v 1332.765 16.55791 -888.0432
v 1343.483 16.5579 -905.2067
v 1334.905 16.5579 -932.7818
v 1321.992 23.23095 -941.3657
v 1321.992 23.23095 -941.3657
v 1321.626 16.55792 -947.2922
v 1285.283 16.5579 -946.8786
v 1285.283 16.5579 -946.8786
v 1272.188 16.55789 -936.6575
v 1267.685 16.55788 -924.5981
v 1424.906 56.44643 -917.2845
v 1436.183 60.68695 -917.1265
v 1355.066 31.78937 -965.9844
v 1321.626 16.55792 -947.2922
v 1340.866 31.40152 -968.7624
v 1313.497 32.34882 -974.9797
v 1307.76 16.55791 -948.9988
v 1290.863 32.34882 -971.7108
v 1285.283 16.5579 -946.8786
v 1291.615 40.72237 -976.7758
v 1280.173 38.17758 -980.8497
v 1292.148 46.65395 -980.3635
v 1278.749 32.09583 -977.4327
v 1285.283 16.5579 -946.8786
v 1273.26 31.78193 -978.6921
v 1271.204 37.24097 -987.4327
v 1271.204 37.24097 -987.4327
v 1312.215 39.55395 -980.8157
v 1344.397 40.31503 -975.481
v 1355.066 31.78937 -965.9844
v 1312.215 39.55395 -980.8157
v 1332.682 23.23095 -913.5104
v 1325.374 23.23095 -902.6138
v 1333.198 -4.914982 -905.1472
v 1325.89 -4.914982 -894.2506
v 1321.443 23.23095 -899.8448
v 1321.959 -4.914982 -891.4817
v 1303.742 23.23095 -900.3997
v 1304.258 -4.914982 -892.0366
v 1297.666 23.23095 -902.7335
v 1298.182 -4.914982 -894.3703
v 1286.087 23.23095 -921.1968
v 1286.603 -4.914982 -912.8337
v 1285.287 23.23095 -925.5187
v 1285.803 -4.914982 -917.1555
v 1298.182 -4.914982 -894.3703
v 1333.198 -4.914982 -905.1472
v 1325.89 -4.914982 -894.2506
v 1321.959 -4.914982 -891.4817
v 1304.258 -4.914982 -892.0366
v 1332.468 -4.914982 -911.4012
v 1286.603 -4.914982 -912.8337
v 1285.803 -4.914982 -917.1555
v 1327.187 -4.914982 -921.5332
v 1288.748 -4.914982 -923.9088
v 1320.53 -4.914982 -929.0236
v 1295.179 -4.914982 -930.4987
v 1309.324 -4.914982 -931.1976
v 1285.287 23.23095 -925.5187
v 1288.232 23.23095 -932.2719
v 1285.803 -4.914982 -917.1555
v 1288.748 -4.914982 -923.9088
v 1294.663 23.23095 -938.8619
v 1295.179 -4.914982 -930.4987
v 1308.808 23.23095 -939.5608
v 1309.324 -4.914982 -931.1976
v 1320.014 23.23095 -937.3867
v 1320.53 -4.914982 -929.0236
v 1326.671 23.23095 -929.8964
v 1327.187 -4.914982 -921.5332
v 1331.952 23.23095 -919.7644
v 1332.468 -4.914982 -911.4012
v 1332.682 23.23095 -913.5104
v 1333.198 -4.914982 -905.1472
v 1271.204 37.24097 -987.4327
v 1271.204 37.24097 -987.4327
v 1311.539 47.54287 -988.2261
v 1346.31 47.16042 -976.3197
v 1312.215 39.55395 -980.8157
v 1312.215 39.55395 -980.8157
v 1344.397 40.31503 -975.481
v 1352.081 41.13124 -967.7121
v 1355.066 31.78937 -965.9844
v 1365.803 40.79848 -962.2335
v 1365.632 32.34882 -961.8596
v 1355.066 31.78937 -965.9844
v 1384.641 31.36991 -960.4659
v 1365.632 32.34882 -961.8596
v 1383.999 43.25799 -962.7637
v 1382.087 32.34882 -948.1402
v 1384.641 31.36991 -960.4659
v 1216.05 58.26076 -980.2148
v 1214.285 55.61087 -982.6852
v 1216.383 55.61087 -983.8719
v 1215.272 52.70811 -985.4749
v 1219.842 52.45595 -985.0098
v 1219.444 55.61087 -983.2188
v 1216.05 58.26076 -980.2148
v 1223.339 51.76005 -983.0434
v 1221.676 55.61087 -981.5762
v 1216.05 58.26076 -980.2148
v 1223.836 51.07029 -980.8716
v 1221.862 55.61087 -980.0003
v 1216.05 58.26076 -980.2148
v 1222.129 55.61087 -978.5158
v 1224.437 50.42154 -978.8392
v 1212.373 52.16341 -983.5134
v 1213.23 55.61087 -981.1977
v 1216.05 58.26076 -980.2148
v 1211.042 51.49839 -981.2841
v 1212.685 55.61087 -979.4416
v 1216.05 58.26076 -980.2148
v 1210.495 50.72124 -978.7543
v 1212.926 55.61087 -977.241
v 1216.05 58.26076 -980.2148
v 1211.161 49.75781 -975.719
v 1213.495 55.61087 -976.1129
v 1216.05 58.26076 -980.2148
v 1212.155 49.26895 -974.228
v 1216.458 55.61087 -975.2095
v 1216.05 58.26076 -980.2148
v 1216.616 48.90587 -973.3995
v 1219.255 55.61087 -974.9767
v 1216.05 58.26076 -980.2148
v 1220.739 48.83528 -973.4823
v 1221.708 55.61087 -976.5676
v 1216.05 58.26076 -980.2148
v 1224.099 49.56144 -976.0595
v 1216.05 58.26076 -980.2148
v 1425.877 204.4936 -1007.659
v 1426.532 224.9654 -1025.887
v 1432.181 201.9792 -1009.816
v 1432.181 201.9792 -1009.816
v 1426.532 224.9654 -1025.887
v 1434.54 221.9391 -1030.765
v 1426.532 224.9654 -1025.887
v 1413.729 220.2935 -1033.105
v 1434.54 221.9391 -1030.765
v 1434.54 221.9391 -1030.765
v 1413.729 220.2935 -1033.105
v 1417.428 220.5948 -1038.955
v 1426.532 224.9654 -1025.887
v 1425.877 204.4936 -1007.659
v 1424.357 222.6165 -1025.985
v 1415.482 218.8007 -1030.172
v 1413.729 220.2935 -1033.105
v 1416.288 202.7601 -1014.423
v 1414.665 200.7488 -1013.957
v 1424.206 205.4044 -1009.975
v 1425.877 204.4936 -1007.659
v 1424.206 205.4044 -1009.975
v 1416.288 202.7601 -1014.423
v 1430.127 199.0575 -1016.742
v 1422.21 196.4131 -1021.19
v 1416.288 202.7601 -1014.423
v 1415.482 218.8007 -1030.172
v 1422.21 196.4131 -1021.19
v 1421.404 212.4536 -1036.939
v 1424.357 222.6165 -1025.985
v 1424.206 205.4044 -1009.975
v 1430.279 216.2696 -1032.752
v 1430.127 199.0575 -1016.742
v 1430.279 216.2696 -1032.752
v 1430.127 199.0575 -1016.742
v 1421.404 212.4536 -1036.939
v 1422.21 196.4131 -1021.19
vt 0.685114 0.460289
vt 0.742779 0.556994
vt 0.655051 0.499246
vt 0.706356 0.584718
vt 0.595704 0.430327
vt 0.62905 0.399979
vt 0.722379 0.659878
vt 0.779372 0.524873
vt 0.786582 0.626357
vt 0.767269 0.637197
vt 0.722379 0.659878
vt 0.772431 0.688931
vt 0.719618 0.696972
vt 0.792593 0.685998
vt 0.7842 0.330727
vt 0.787541 0.245067
vt 0.764662 0.745976
vt 0.78618 0.738393
vt 0.709792 0.75589
vt 0.777517 0.756333
vt 0.764662 0.745976
vt 0.751338 0.771516
vt 0.725958 0.771984
vt 0.655051 0.499246
vt 0.706356 0.584718
vt 0.639679 0.515054
vt 0.582816 0.43792
vt 0.595704 0.430327
vt 0.591026 0.42625
vt 0.608194 0.384142
vt 0.618877 0.390548
vt 0.619149 0.345395
vt 0.628899 0.346448
vt 0.608296 0.307451
vt 0.611666 0.290966
vt 0.639679 0.515054
vt 0.706356 0.584718
vt 0.68495 0.601301
vt 0.722379 0.659878
vt 0.696186 0.662104
vt 0.719618 0.696972
vt 0.719618 0.696972
vt 0.696186 0.713985
vt 0.680663 0.767633
vt 0.709792 0.75589
vt 0.680663 0.767633
vt 0.709792 0.75589
vt 0.704984 0.774498
vt 0.680663 0.767633
vt 0.709792 0.75589
vt 0.725958 0.771984
vt 0.704984 0.774498
vt 0.764662 0.745976
vt 0.725958 0.771984
vt 0.709792 0.75589
vt 0.218919 0.326456
vt 0.339773 0.307832
vt 0.22737 0.364078
vt 0.346831 0.345669
vt 0.132833 0.409499
vt 0.123278 0.372407
vt 0.208319 0.294715
vt 0.105203 0.348202
vt 0.339773 0.274983
vt 0.339773 0.307832
vt 0.404103 0.317746
vt 0.337191 0.154054
vt 0.187398 0.237101
vt 0.453664 0.117631
vt 0.407325 0.282773
vt 0.113163 0.255592
vt 0.054178 0.305892
vt 0.073497 0.463185
vt 0.061677 0.421347
vt 0.023372 0.46469
vt 0.037137 0.506382
vt 0.017669 0.418321
vt 0.048949 0.388601
vt 0.039057 0.326803
vt 0.339773 0.307832
vt 0.404103 0.317746
vt 0.346831 0.345669
vt 0.414936 0.354339
vt 0.404103 0.317746
vt 0.407325 0.282773
vt 0.41221 0.296784
vt 0.415483 0.261254
vt 0.427571 0.256444
vt 0.430913 0.22017
vt 0.458673 0.242461
vt 0.463903 0.209938
vt 0.458673 0.242461
vt 0.463903 0.209938
vt 0.484532 0.250459
vt 0.459029 0.252814
vt 0.480716 0.265221
vt 0.527022 0.280496
vt 0.507872 0.219911
vt 0.463903 0.209938
vt 0.539901 0.248526
vt 0.569874 0.29599
vt 0.594831 0.250251
vt 0.611666 0.290966
vt 0.626149 0.26012
vt 0.628899 0.346448
vt 0.520818 0.296252
vt 0.568251 0.308442
vt 0.608296 0.307451
vt 0.548874 0.232291
vt 0.511584 0.208122
vt 0.466644 0.198146
vt 0.628899 0.346448
vt 0.626149 0.26012
vt 0.653119 0.314933
vt 0.653119 0.314933
vt 0.618877 0.390548
vt 0.628899 0.346448
vt 0.648238 0.359642
vt 0.653119 0.314933
vt 0.595704 0.430327
vt 0.62905 0.399979
vt 0.626149 0.26012
vt 0.695077 0.287608
vt 0.653119 0.314933
vt 0.684993 0.331463
vt 0.673745 0.368236
vt 0.715082 0.349603
vt 0.712523 0.355876
vt 0.681916 0.369314
vt 0.65505 0.406193
vt 0.62905 0.399979
vt 0.648238 0.359642
vt 0.653119 0.314933
vt 0.673546 0.444304
vt 0.653362 0.40962
vt 0.648046 0.420414
vt 0.685114 0.460289
vt 0.684914 0.447426
vt 0.691685 0.45399
vt 0.689743 0.447502
vt 0.673546 0.444304
vt 0.681792 0.372004
vt 0.669703 0.361697
vt 0.732211 0.348413
vt 0.677783 0.26822
vt 0.626149 0.26012
vt 0.764299 0.274624
vt 0.728982 0.301933
vt 0.740959 0.301604
vt 0.715082 0.349603
vt 0.73588 0.335319
vt 0.764299 0.274624
vt 0.677783 0.26822
vt 0.753055 0.234181
vt 0.788479 0.268916
vt 0.805129 0.237569
vt 0.762714 0.209886
vt 0.820773 0.257679
vt 0.832865 0.21982
vt 0.826401 0.167149
vt 0.871135 0.269259
vt 0.813296 0.274787
vt 0.783353 0.278568
vt 0.76611 0.281138
vt 0.740729 0.295695
vt 0.787253 0.334371
vt 0.787253 0.334371
vt 0.831852 0.343382
vt 0.762714 0.209886
vt 0.826401 0.167149
vt 0.805129 0.237569
vt 0.751845 0.17714
vt 0.762714 0.209886
vt 0.799504 0.141808
vt 0.746142 0.159959
vt 0.826401 0.167149
vt 0.834864 0.186399
vt 0.832865 0.21982
vt 0.836475 0.159477
vt 0.840753 0.098124
vt 0.856771 0.21501
vt 0.871135 0.269259
vt 0.826401 0.167149
vt 0.816518 0.069926
vt 0.799504 0.141808
vt 0.803631 0.068767
vt 0.791081 0.133873
vt 0.746142 0.159959
vt 0.754575 0.137751
vt 0.782466 0.125423
vt 0.782466 0.125423
vt 0.715082 0.349603
vt 0.73588 0.335319
vt 0.712523 0.355876
vt 0.732211 0.348413
vt 0.751845 0.17714
vt 0.762714 0.209886
vt 0.739017 0.179007
vt 0.746142 0.159959
vt 0.736461 0.128962
vt 0.745633 0.138802
vt 0.750347 0.128946
vt 0.743278 0.121364
vt 0.750791 0.105358
vt 0.740071 0.098385
vt 0.715916 0.08416
vt 0.7442 0.084854
vt 0.71246 0.016713
vt 0.7442 0.084854
vt 0.740369 0.014088
vt 0.768822 0.107652
vt 0.758314 0.12721
vt 0.778724 0.118634
vt 0.745633 0.138802
vt 0.754575 0.137751
vt 0.745633 0.138802
vt 0.785772 0.0923
vt 0.782466 0.125423
vt 0.791615 0.091238
vt 0.803631 0.068767
vt 0.788535 0.069159
vt 0.776863 0.079855
vt 0.776282 0.085846
vt 0.776863 0.079855
vt 0.7442 0.084854
vt 0.7442 0.084854
vt 0.754575 0.137751
vt 0.746142 0.159959
vt 0.776863 0.079855
vt 0.740369 0.014088
vt 0.740369 0.014088
vt 0.76482 0.012321
vt 0.790285 0.056548
vt 0.78011 0.01599
vt 0.7442 0.084854
vt 0.776863 0.079855
vt 0.739017 0.179007
vt 0.762714 0.209886
vt 0.746898 0.211189
vt 0.762714 0.209886
vt 0.753055 0.234181
vt 0.677783 0.26822
vt 0.746142 0.159959
vt 0.739017 0.179007
vt 0.728325 0.159074
vt 0.716838 0.141042
vt 0.746142 0.159959
vt 0.736461 0.128962
vt 0.746142 0.159959
vt 0.716838 0.141042
vt 0.782466 0.125423
vt 0.754575 0.137751
vt 0.778724 0.118634
vt 0.414936 0.354339
vt 0.404103 0.317746
vt 0.419791 0.319209
vt 0.404103 0.317746
vt 0.41221 0.296784
vt 0.419791 0.319209
vt 0.423489 0.297642
vt 0.427571 0.256444
vt 0.440805 0.263394
vt 0.458673 0.242461
vt 0.440805 0.263394
vt 0.458673 0.242461
vt 0.459029 0.252814
vt 0.085522 0.385372
vt 0.080926 0.343153
vt 0.127027 0.403081
vt 0.124014 0.362892
vt 0.112551 0.45902
vt 0.148134 0.483235
vt 0.122705 0.34543
vt 0.068184 0.319388
vt 0.071851 0.338995
vt 0.171505 0.335828
vt 0.127027 0.403081
vt 0.124014 0.362892
vt 0.168408 0.381153
vt 0.148134 0.483235
vt 0.183652 0.459532
vt 0.175357 0.315538
vt 0.122705 0.34543
vt 0.174763 0.333707
vt 0.175357 0.315538
vt 0.122705 0.34543
vt 0.154694 0.316868
vt 0.12232 0.335041
vt 0.068184 0.319388
vt 0.12032 0.302548
vt 0.119844 0.292765
vt 0.088538 0.319129
vt 0.154694 0.316868
vt 0.12232 0.335041
vt 0.15347 0.307825
vt 0.120941 0.326065
vt 0.12232 0.335041
vt 0.088538 0.319129
vt 0.120941 0.326065
vt 0.087005 0.310112
vt 0.12032 0.302548
vt 0.154694 0.316868
vt 0.118939 0.293467
vt 0.15347 0.307825
vt 0.088538 0.319129
vt 0.12032 0.302548
vt 0.087005 0.310112
vt 0.118939 0.293467
vt 0.124468 0.270144
vt 0.120053 0.272604
vt 0.119782 0.268207
vt 0.115442 0.270463
vt 0.121198 0.325729
vt 0.165169 0.301075
vt 0.07693 0.305951
vt 0.121198 0.325729
vt 0.119782 0.268207
vt 0.165169 0.301075
vt 0.124468 0.270144
vt 0.118493 0.281715
vt 0.115442 0.270463
vt 0.118493 0.281715
vt 0.119782 0.268207
vt 0.07693 0.305951
vt 0.118493 0.281715
vt 0.165169 0.301075
vt 0.12143 0.327855
vt 0.121198 0.325729
vt 0.164019 0.30397
vt 0.118493 0.281715
vt 0.164019 0.30397
vt 0.165169 0.301075
vt 0.118809 0.285204
vt 0.07693 0.305951
vt 0.118809 0.285204
vt 0.118493 0.281715
vt 0.078599 0.308742
vt 0.12143 0.327855
vt 0.078599 0.308742
vt 0.121198 0.325729
vt 0.07693 0.305951
vt 0.236709 0.660748
vt 0.174388 0.638649
vt 0.179011 0.637289
vt 0.173836 0.631194
vt 0.101105 0.673027
vt 0.11978 0.673939
vt 0.320696 0.691136
vt 0.018944 0.729781
vt 0.044619 0.720446
vt 0.25276 0.65557
vt 0.337696 0.693356
vt 0.11978 0.673939
vt 0.179011 0.637289
vt 0.174388 0.638649
vt 0.044619 0.720446
vt 0.213676 0.77504
vt 0.044619 0.720446
vt 0.174388 0.638649
vt 0.320696 0.691136
vt 0.018944 0.729781
vt 0.220502 0.798736
vt 0.220502 0.798736
vt 0.220502 0.798736
vt 0.337696 0.693356
vt 0.217806 0.845916
vt 0.308621 0.760886
vt 0.018944 0.729781
vt 0.220502 0.798736
vt 0.057413 0.783216
vt 0.217806 0.845916
vt 0.131604 0.805057
vt 0.215966 0.833604
vt 0.138564 0.884366
vt 0.223007 0.905477
vt 0.075186 0.770275
vt 0.078963 0.850767
vt 0.133048 0.890631
vt 0.223007 0.905477
vt 0.069577 0.854633
vt 0.215966 0.833604
vt 0.296181 0.750486
vt 0.223007 0.905477
vt 0.223007 0.905477
vt 0.296181 0.750486
vt 0.303585 0.817754
vt 0.133048 0.890631
vt 0.223007 0.905477
vt 0.22468 0.920166
vt 0.223007 0.905477
vt 0.303585 0.817754
vt 0.22468 0.920166
vt 0.22468 0.920166
vt 0.303585 0.817754
vt 0.314167 0.822742
vt 0.133048 0.890631
vt 0.22468 0.920166
vt 0.132986 0.91464
vt 0.226802 0.944101
vt 0.22468 0.920166
vt 0.314167 0.822742
vt 0.226802 0.944101
vt 0.226802 0.944101
vt 0.314167 0.822742
vt 0.310797 0.847231
vt 0.132986 0.91464
vt 0.226802 0.944101
vt 0.127015 0.928627
vt 0.227922 0.961599
vt 0.067769 0.878831
vt 0.069577 0.854633
vt 0.133048 0.890631
vt 0.056313 0.890124
vt 0.226802 0.944101
vt 0.310797 0.847231
vt 0.227922 0.961599
vt 0.227922 0.961599
vt 0.310797 0.847231
vt 0.319692 0.854196
vt 0.127015 0.928627
vt 0.227922 0.961599
vt 0.130186 0.953067
vt 0.234773 0.992077
vt 0.056313 0.890124
vt 0.227922 0.961599
vt 0.319692 0.854196
vt 0.234773 0.992077
vt 0.316156 0.875665
vt 0.056313 0.890124
vt 0.130186 0.953067
vt 0.056569 0.910036
vt 0.567743 0.217241
vt 0.539923 0.209186
vt 0.59437 0.165833
vt 0.552766 0.153354
vt 0.521645 0.227207
vt 0.570892 0.244509
vt 0.525819 0.248549
vt 0.547905 0.255368
vt 0.543343 0.271138
vt 0.521151 0.257771
vt 0.525819 0.248549
vt 0.582774 0.245398
vt 0.58138 0.217214
vt 0.606229 0.241258
vt 0.600979 0.213024
vt 0.570117 0.257886
vt 0.598109 0.254795
vt 0.651812 0.252996
vt 0.650289 0.2255
vt 0.653905 0.276523
vt 0.668542 0.278882
vt 0.703011 0.220216
vt 0.703011 0.220216
vt 0.604544 0.197969
vt 0.615537 0.195294
vt 0.605162 0.175183
vt 0.615537 0.195294
vt 0.539923 0.209186
vt 0.521645 0.227207
vt 0.532242 0.199837
vt 0.546844 0.149181
vt 0.521645 0.227207
vt 0.512196 0.216985
vt 0.535746 0.179801
vt 0.499672 0.204401
vt 0.499221 0.19899
vt 0.506187 0.175357
vt 0.530527 0.159274
vt 0.496444 0.192402
vt 0.535746 0.179801
vt 0.532242 0.199837
vt 0.512196 0.216985
vt 0.535746 0.179801
vt 0.521645 0.227207
vt 0.525819 0.248549
vt 0.514847 0.232283
vt 0.521151 0.257771
vt 0.512196 0.216985
vt 0.521645 0.227207
vt 0.514847 0.232283
vt 0.498895 0.218709
vt 0.499672 0.204401
vt 0.512196 0.216985
vt 0.668542 0.278882
vt 0.703011 0.220216
vt 0.721078 0.242544
vt 0.721078 0.242544
vt 0.703011 0.220216
vt 0.746898 0.211189
vt 0.703011 0.220216
vt 0.739017 0.179007
vt 0.703011 0.220216
vt 0.702296 0.190542
vt 0.739017 0.179007
vt 0.728326 0.159074
vt 0.702296 0.190542
vt 0.716838 0.141042
vt 0.68594 0.179912
vt 0.661499 0.19263
vt 0.653345 0.181572
vt 0.703011 0.220216
vt 0.671339 0.211351
vt 0.702296 0.190542
vt 0.650289 0.2255
vt 0.650289 0.2255
vt 0.649791 0.208631
vt 0.671339 0.211351
vt 0.650289 0.2255
vt 0.632299 0.211544
vt 0.649791 0.208631
vt 0.600979 0.213024
vt 0.618698 0.203712
vt 0.615537 0.195294
vt 0.671339 0.211351
vt 0.649791 0.208631
vt 0.659808 0.201153
vt 0.702296 0.190542
vt 0.661499 0.19263
vt 0.615537 0.195294
vt 0.605162 0.175183
vt 0.622474 0.180345
vt 0.632299 0.211544
vt 0.618698 0.203712
vt 0.630579 0.201504
vt 0.648026 0.198595
vt 0.649791 0.208631
vt 0.630579 0.201504
vt 0.620576 0.192072
vt 0.630579 0.201504
vt 0.620576 0.192072
vt 0.648026 0.198595
vt 0.659808 0.201153
vt 0.649791 0.208631
vt 0.654308 0.191322
vt 0.648026 0.198595
vt 0.654164 0.183738
vt 0.661499 0.19263
vt 0.652618 0.164654
vt 0.648026 0.198595
vt 0.620576 0.192072
vt 0.654308 0.191322
vt 0.620082 0.183419
vt 0.654164 0.183738
vt 0.621562 0.167643
vt 0.652618 0.164654
vt 0.653345 0.181572
vt 0.661499 0.19263
vt 0.652618 0.164654
vt 0.620576 0.192072
vt 0.615537 0.195294
vt 0.620082 0.183419
vt 0.618698 0.203712
vt 0.615537 0.195294
vt 0.615537 0.195294
vt 0.622474 0.180345
vt 0.620082 0.183419
vt 0.621562 0.167643
vt 0.546844 0.149181
vt 0.546844 0.149181
vt 0.532242 0.199837
vt 0.535746 0.179801
vt 0.54872 0.139557
vt 0.54872 0.139557
vt 0.535746 0.179801
vt 0.530527 0.159274
vt 0.530527 0.159274
vt 0.509899 0.099087
vt 0.496409 0.129181
vt 0.518951 0.162424
vt 0.535746 0.179801
vt 0.499221 0.19899
vt 0.496444 0.192402
vt 0.493222 0.199951
vt 0.496444 0.192402
vt 0.488201 0.164015
vt 0.506187 0.175357
vt 0.518951 0.162424
vt 0.530527 0.159274
vt 0.474588 0.180387
vt 0.488201 0.164015
vt 0.493222 0.199951
vt 0.474588 0.180387
vt 0.488846 0.210479
vt 0.474588 0.180387
vt 0.466744 0.20122
vt 0.468528 0.160219
vt 0.453232 0.173398
vt 0.459175 0.129094
vt 0.431557 0.131693
vt 0.496503 0.210918
vt 0.499221 0.19899
vt 0.499221 0.19899
vt 0.498895 0.218709
vt 0.518951 0.162424
vt 0.499618 0.148543
vt 0.488201 0.164015
vt 0.496409 0.129181
vt 0.483503 0.100769
vt 0.468528 0.160219
vt 0.459175 0.129094
vt 0.482849 0.141615
vt 0.474588 0.180387
vt 0.496409 0.129181
vt 0.488201 0.164015
vt 0.474588 0.180387
vt 0.496409 0.129181
vt 0.518951 0.162424
vt 0.499618 0.148543
vt 0.496409 0.129181
vt 0.483503 0.100769
vt 0.509899 0.099087
vt 0.483503 0.100769
vt 0.459175 0.129094
vt 0.472412 0.090765
vt 0.431557 0.131693
vt 0.499672 0.204401
vt 0.498895 0.218709
vt 0.499221 0.19899
vt 0.969262 0.053536
vt 0.843443 0.081506
vt 0.955742 0.025944
vt 0.839122 0.072218
vt 0.84822 0.091776
vt 0.970414 0.089312
vt 0.970414 0.089312
vt 0.969262 0.053536
vt 0.993634 0.05687
vt 0.969262 0.053536
vt 0.99394 0.02517
vt 0.969262 0.053536
vt 0.955742 0.025944
vt 0.99394 0.02517
vt 0.97309 -0.005004
vt 0.955742 0.025944
vt 0.839122 0.072218
vt 0.97309 -0.005004
vt 0.843983 0.04676
vt 0.573163 0.169346
vt 0.581696 0.150203
vt 0.585459 0.168955
vt 0.592462 0.153691
vt 0.561591 0.16339
vt 0.568969 0.146079
vt 0.573163 0.169346
vt 0.585459 0.168955
vt 0.567512 0.176387
vt 0.579236 0.177839
vt 0.60411 0.173506
vt 0.593108 0.179057
vt 0.564974 0.184043
vt 0.576355 0.187662
vt 0.556208 0.168646
vt 0.561591 0.16339
vt 0.573163 0.169346
vt 0.550163 0.157706
vt 0.554055 0.173756
vt 0.568969 0.146079
vt 0.547707 0.14758
vt 0.561591 0.16339
vt 0.585459 0.168955
vt 0.592462 0.153691
vt 0.60411 0.173506
vt 0.485154 0.099013
vt 0.495095 0.052102
vt 0.491981 0.072303
vt 0.501825 0.025377
vt 0.539238 0.109679
vt 0.531897 0.136454
vt 0.577423 0.147269
vt 0.567535 0.175303
vt 0.642386 0.159084
vt 0.637102 0.179726
vt 0.70537 0.136991
vt 0.696856 0.163504
vt 0.739268 0.087045
vt 0.730666 0.113595
vt 0.507969 0.044094
vt 0.51605 0.000933
vt 0.551957 0.079493
vt 0.584362 0.122245
vt 0.648425 0.127021
vt 0.708157 0.10613
vt 0.739811 0.058534
vt 0.529423 0.018283
vt 0.537725 -0.020318
vt 0.558072 0.054679
vt 0.595225 0.086763
vt 0.652484 0.090592
vt 0.705072 0.071997
vt 0.732431 0.029298
vt 0.555548 -0.004352
vt 0.564628 -0.03512
vt 0.569696 0.028197
vt 0.608306 0.048533
vt 0.654569 0.051653
vt 0.695663 0.035628
vt 0.717375 0.001771
vt 0.579977 -0.017929
vt 0.585264 -0.040025
vt 0.593237 0.002707
vt 0.620637 0.016544
vt 0.652891 0.01919
vt 0.681391 0.00914
vt 0.698128 -0.012244
vt 0.609649 -0.02903
vt 0.609011 -0.042229
vt 0.617936 -0.017492
vt 0.632041 -0.010365
vt 0.648612 -0.009177
vt 0.663912 -0.014345
vt 0.674344 -0.024589
vt 0.643951 -0.040025
vt 0.957143 0.224238
vt 0.952842 0.231097
vt 0.925954 0.183003
vt 0.916851 0.18483
vt 0.945776 0.233677
vt 0.905425 0.194613
vt 0.868666 0.155055
vt 0.88378 0.142761
vt 0.903736 0.135217
vt 0.859932 0.145657
vt 0.875924 0.132767
vt 0.897691 0.125437
vt 0.875924 0.132767
vt 0.939442 0.163548
vt 0.957143 0.224238
vt 0.925954 0.183003
vt 0.969769 0.21124
vt 0.903736 0.135217
vt 0.91269 0.115639
vt 0.897691 0.125437
vt 0.903438 0.111908
vt 0.889061 0.109383
vt 0.873118 0.122274
vt 0.875924 0.132767
vt 0.859932 0.145657
vt 0.889061 0.109383
vt 0.897691 0.125437
vt 0.286923 0.042367
vt 0.349517 -0.042523
vt 0.325729 0.04531
vt 0.375671 -0.041792
vt 0.286923 0.042367
vt 0.321207 -0.036484
vt 0.349517 -0.042523
vt 0.269493 0.019263
vt 0.253214 0.08008
vt 0.268282 0.098015
vt 0.239928 0.163268
vt 0.249286 0.168394
vt 0.224792 0.238264
vt 0.321207 -0.036484
vt 0.286923 0.042367
vt 0.286923 0.042367
vt 0.325729 0.04531
vt 0.268282 0.098015
vt 0.321051 0.088669
vt 0.250934 0.168677
vt 0.377849 0.173295
vt 0.306067 0.264293
vt 0.224792 0.238264
vt 0.249286 0.168394
vt 0.268282 0.098015
vt 0.239928 0.163268
vt 0.224792 0.238264
vt 0.210116 0.159702
vt 0.253214 0.08008
vt 0.210116 0.159702
vt 0.224792 0.238264
vt 0.183804 0.238264
vt 0.210116 0.159702
vt 0.183804 0.238264
vt 0.173092 0.139176
vt 0.149339 0.187021
vt 0.235411 0.067058
vt 0.200046 0.066427
vt 0.256768 0.001959
vt 0.221986 0.00984
vt 0.253214 0.08008
vt 0.210116 0.159702
vt 0.235411 0.067058
vt 0.269493 0.019263
vt 0.256768 0.001959
vt 0.764299 0.274624
vt 0.740729 0.295695
vt 0.740959 0.301604
vt 0.727282 0.33785
vt 0.73588 0.335319
vt 0.732211 0.348413
vt 0.712523 0.355876
vt 0.732211 0.348413
vt 0.669703 0.361697
vt 0.681916 0.369314
vt 0.673546 0.444304
vt 0.681792 0.372004
vt 0.732211 0.348413
vt 0.732872 0.340499
vt 0.732872 0.340499
vt 0.732211 0.348413
vt 0.727282 0.33785
vt 0.763076 0.278688
vt 0.740729 0.295695
vt 0.76611 0.281138
vt 0.763076 0.278688
vt 0.740729 0.295695
vt 0.783353 0.278568
vt 0.813296 0.274787
vt 0.763076 0.278688
vt 0.813296 0.274787
vt 0.787253 0.334371
vt 0.684914 0.447426
vt 0.653362 0.40962
vt 0.673546 0.444304
vt 0.993745 0.66598
vt 0.811072 0.757519
vt 1.004153 0.633498
vt 0.827366 0.734209
vt 1.004153 0.633498
vt 0.827366 0.734209
vt 0.989156 0.628768
vt 0.823819 0.711238
vt 0.989156 0.628768
vt 0.823819 0.711238
vt 1.003787 0.580361
vt 0.852955 0.658641
vt 0.727348 0.657201
vt 0.656914 0.521856
vt 0.743641 0.633891
vt 0.664009 0.4888
vt 0.743641 0.633891
vt 0.664009 0.4888
vt 0.740095 0.61092
vt 0.679006 0.493531
vt 0.740095 0.61092
vt 0.679006 0.493531
vt 0.769231 0.558322
vt 0.690007 0.444565
vt 0.927183 0.522057
vt 0.772844 0.596271
vt 0.960728 0.490904
vt 0.797805 0.571072
vt 0.772844 0.596271
vt 0.678158 0.425086
vt 0.797805 0.571072
vt 0.681855 0.373687
vt 0.960728 0.490904
vt 0.797805 0.571072
vt 0.906507 0.46305
vt 0.808101 0.507107
vt 0.681855 0.373687
vt 0.74965 0.403345
vt 0.869692 0.370748
vt 0.83062 0.328589
vt 0.906507 0.46305
vt 0.808101 0.507107
vt 0.942635 0.398222
vt 0.834241 0.453986
vt 0.808101 0.507107
vt 0.74965 0.403345
vt 0.834241 0.453986
vt 0.759866 0.348144
vt 0.83062 0.328589
vt 0.906507 0.46305
vt 0.869692 0.370748
vt 0.965959 0.918062
vt 0.816851 0.99132
vt 0.991886 0.892979
vt 0.835903 0.96216
vt 0.816851 0.99132
vt 0.724451 0.830799
vt 0.835903 0.96216
vt 0.730516 0.790327
vt 0.730516 0.790327
vt 0.724451 0.830799
vt 0.883274 0.754576
vt 0.875074 0.795547
vt 0.883274 0.754576
vt 0.875074 0.795547
vt 0.991886 0.892979
vt 0.965959 0.918062
vt 0.991886 0.892979
vt 0.835903 0.96216
vt 0.972354 0.880458
vt 0.845452 0.933677
vt 0.730516 0.790327
vt 0.757481 0.797032
vt 0.883274 0.754576
vt 0.877271 0.768266
vt 0.875249 0.800867
vt 0.972354 0.880458
vt 0.877271 0.768266
vt 0.972354 0.880458
vt 0.875249 0.800867
vt 0.877271 0.768266
vt 0.875249 0.800867
vt 0.757481 0.797032
vt 0.898253 0.565991
vt 0.880924 0.588616
vt 0.863539 0.568901
vt 0.905824 0.588922
vt 0.876876 0.611082
vt 0.908525 0.615042
vt 0.91886 0.575904
vt 0.918228 0.605541
vt 0.930166 0.556308
vt 0.926565 0.548089
vt 0.914294 0.55134
vt 0.923683 0.540531
vt 0.924735 0.57887
vt 0.873871 0.555515
vt 0.908988 0.529226
vt 0.869927 0.581349
vt 0.880924 0.588616
vt 0.876876 0.611082
vt 0.863539 0.568901
vt 0.863539 0.568901
vt 0.869927 0.581349
vt 0.873871 0.555515
vt 0.854036 0.586351
vt 0.838951 0.598754
vt 0.844676 0.577783
vt 0.855162 0.603227
vt 0.834598 0.611328
vt 0.850949 0.618596
vt 0.872856 0.599633
vt 0.865472 0.612051
vt 0.867137 0.579593
vt 0.872856 0.599633
vt 0.862889 0.567002
vt 0.879968 0.58056
vt 0.872856 0.599633
vt 0.881281 0.586466
vt 0.872856 0.599633
vt 0.881281 0.586466
vt 0.865472 0.612051
vt 0.876188 0.603907
vt 0.879968 0.58056
vt 0.862889 0.567002
vt 0.877138 0.57498
vt 0.844676 0.577783
vt 0.838951 0.598754
vt 0.833624 0.593478
vt 0.834598 0.611328
vt 0.79509 0.620412
vt 0.768533 0.640516
vt 0.781037 0.613582
vt 0.794943 0.644368
vt 0.761502 0.65823
vt 0.78786 0.665995
vt 0.825197 0.636234
vt 0.816261 0.657821
vt 0.81843 0.608285
vt 0.825197 0.636234
vt 0.815554 0.600731
vt 0.840874 0.606989
vt 0.825197 0.636234
vt 0.842932 0.614906
vt 0.816261 0.657821
vt 0.833016 0.640249
vt 0.825197 0.636234
vt 0.840874 0.606989
vt 0.842932 0.614906
vt 0.81843 0.608285
vt 0.840874 0.606989
vt 0.815554 0.600731
vt 0.836152 0.599824
vt 0.781037 0.613582
vt 0.768533 0.640516
vt 0.762935 0.632405
vt 0.761502 0.65823
vt 0.471039 0.285761
vt 0.460133 0.296421
vt 0.448194 0.276839
vt 0.444764 0.28847
vt 0.641487 0.704722
vt 0.655905 0.699497
vt 0.654701 0.713638
vt 0.635084 0.710935
vt 0.641487 0.704722
vt 0.633109 0.718469
vt 0.635084 0.710935
vt 0.632305 0.72732
vt 0.637563 0.734285
vt 0.64752 0.743816
vt 0.65996 0.744863
vt 0.637115 0.761577
vt 0.656971 0.772465
vt 0.655905 0.699497
vt 0.663173 0.702751
vt 0.654701 0.713638
vt 0.672358 0.706292
vt 0.678787 0.713271
vt 0.665709 0.698716
vt 0.651413 0.69705
vt 0.655905 0.699497
vt 0.678787 0.713271
vt 0.680207 0.720158
vt 0.67963 0.726826
vt 0.675498 0.732977
vt 0.669755 0.7425
vt 0.678496 0.747818
vt 0.668723 0.76102
vt 0.669755 0.7425
vt 0.684576 0.738768
vt 0.685424 0.728958
vt 0.683335 0.718825
vt 0.678787 0.713271
vt 0.65996 0.744863
vt 0.656971 0.772465
vt 0.656971 0.772465
vt 0.669755 0.7425
vt 0.65996 0.744863
vt 0.669755 0.7425
vt 0.64752 0.743816
vt 0.632305 0.72732
vt 0.618167 0.741243
vt 0.633109 0.718469
vt 0.622683 0.749743
vt 0.633109 0.718469
vt 0.61613 0.726473
vt 0.635084 0.710935
vt 0.619036 0.715388
vt 0.637563 0.734285
vt 0.622683 0.749743
vt 0.632305 0.72732
vt 0.64752 0.743816
vt 0.637115 0.761577
vt 0.678787 0.713271
vt 0.673877 0.708557
vt 0.683335 0.718825
vt 0.672358 0.706292
vt 0.665709 0.698716
vt 0.655905 0.699497
vt 0.628456 0.706247
vt 0.651413 0.69705
vt 0.641487 0.704722
vt 0.641487 0.704722
vt 0.619036 0.715388
vt 0.635084 0.710935
vt 0.588922 0.662035
vt 0.584657 0.657677
vt 0.589774 0.652418
vt 0.58153 0.661018
vt 0.578047 0.664927
vt 0.561756 0.671641
vt 0.556344 0.677715
vt 0.577052 0.670328
vt 0.588922 0.662035
vt 0.554798 0.686108
vt 0.57954 0.675019
vt 0.588922 0.662035
vt 0.558663 0.693397
vt 0.584728 0.677009
vt 0.588922 0.662035
vt 0.590556 0.677009
vt 0.596104 0.675974
vt 0.600293 0.672603
vt 0.602613 0.670452
vt 0.566725 0.69649
vt 0.575781 0.69649
vt 0.584402 0.69488
vt 0.590911 0.689642
vt 0.602613 0.670452
vt 0.594516 0.686301
vt 0.588922 0.662035
vt 0.589774 0.652418
vt 0.597095 0.65455
vt 0.588922 0.662035
vt 0.597095 0.65455
vt 0.59944 0.659098
vt 0.60215 0.663018
vt 0.602929 0.666795
vt 0.602613 0.670452
vt 0.602613 0.670452
vt 0.602929 0.666795
vt 0.594516 0.686301
vt 0.595007 0.680618
vt 0.60215 0.663018
vt 0.593796 0.674749
vt 0.59944 0.659098
vt 0.589586 0.668659
vt 0.597095 0.65455
vt 0.585941 0.661591
vt 0.566615 0.666451
vt 0.574566 0.658278
vt 0.589774 0.652418
vt 0.585941 0.661591
vt 0.589774 0.652418
vt 0.574566 0.658278
vt 0.597095 0.65455
vt 0.583694 0.68259
vt 0.601823 0.674182
vt 0.596875 0.691509
vt 0.609122 0.67745
vt 0.577264 0.688829
vt 0.575281 0.696395
vt 0.574473 0.705284
vt 0.579753 0.712279
vt 0.614697 0.684166
vt 0.621153 0.691175
vt 0.622579 0.698091
vt 0.622 0.704787
vt 0.61785 0.710965
vt 0.610082 0.714898
vt 0.600247 0.717271
vt 0.589297 0.71727
vt 0.563602 0.714929
vt 0.564798 0.701774
vt 0.571418 0.725282
vt 0.585541 0.732669
vt 0.601748 0.73267
vt 0.616305 0.729158
vt 0.627801 0.723338
vt 0.633943 0.714194
vt 0.6348 0.704284
vt 0.632689 0.694048
vt 0.551099 0.706819
vt 0.554733 0.692954
vt 0.567734 0.690576
vt 0.57725 0.681342
vt 0.604081 0.668899
vt 0.614884 0.673734
vt 0.623134 0.683675
vt 0.599736 0.666115
vt 0.566516 0.681521
vt 0.613111 0.672102
vt 0.549618 0.723107
vt 0.559294 0.735925
vt 0.576782 0.745071
vt 0.596847 0.745073
vt 0.614871 0.740724
vt 0.629105 0.733518
vt 0.63671 0.722197
vt 0.637771 0.709927
vt 0.635157 0.697253
vt 0.632689 0.694048
vt 0.623134 0.683675
vt 0.635157 0.697253
vt 0.623327 0.68441
vt 0.614884 0.673734
vt 0.613111 0.672102
vt 0.521152 0.687305
vt 0.51494 0.681883
vt 0.520225 0.678712
vt 0.521152 0.687305
vt 0.520225 0.678712
vt 0.528094 0.68018
vt 0.521152 0.687305
vt 0.51312 0.686287
vt 0.51494 0.681883
vt 0.521152 0.687305
vt 0.511065 0.69028
vt 0.51312 0.686287
vt 0.505596 0.688321
vt 0.50241 0.694511
vt 0.510066 0.696152
vt 0.500863 0.703615
vt 0.508418 0.681493
vt 0.51494 0.681883
vt 0.516612 0.676578
vt 0.51494 0.681883
vt 0.520225 0.678712
vt 0.521152 0.687305
vt 0.510066 0.696152
vt 0.511065 0.69028
vt 0.521152 0.687305
vt 0.513355 0.698736
vt 0.510066 0.696152
vt 0.521152 0.687305
vt 0.528094 0.68018
vt 0.533908 0.684232
vt 0.521152 0.687305
vt 0.533908 0.684232
vt 0.534487 0.688248
vt 0.535266 0.692025
vt 0.534319 0.697033
vt 0.539928 0.697216
vt 0.53872 0.691361
vt 0.533908 0.684232
vt 0.537822 0.685135
vt 0.53846 0.70498
vt 0.534319 0.697033
vt 0.533908 0.684232
vt 0.528094 0.68018
vt 0.52881 0.678853
vt 0.520225 0.678712
vt 0.516612 0.676578
vt 0.528153 0.701261
vt 0.521152 0.687305
vt 0.534319 0.697033
vt 0.520989 0.700851
vt 0.521152 0.687305
vt 0.528153 0.701261
vt 0.520989 0.700851
vt 0.513355 0.698736
vt 0.521152 0.687305
vt 0.513355 0.698736
vt 0.520989 0.700851
vt 0.50596 0.70762
vt 0.517795 0.710897
vt 0.520989 0.700851
vt 0.528153 0.701261
vt 0.517795 0.710897
vt 0.528901 0.711535
vt 0.510066 0.696152
vt 0.513355 0.698736
vt 0.500863 0.703615
vt 0.50596 0.70762
vt 0.528153 0.701261
vt 0.534319 0.697033
vt 0.528901 0.711535
vt 0.53846 0.70498
vt 0.660516 0.612702
vt 0.69278 0.657609
vt 0.651077 0.611559
vt 0.664094 0.662351
vt 0.728016 0.631145
vt 0.721615 0.590585
vt 0.69879 0.753203
vt 0.748321 0.739778
vt 0.745381 0.78244
vt 0.685469 0.781115
vt 0.670885 0.746784
vt 0.66577 0.667219
vt 0.670885 0.746784
vt 0.646859 0.66897
vt 0.670885 0.746784
vt 0.664994 0.756026
vt 0.629104 0.619005
vt 0.629424 0.611246
vt 0.564303 0.651321
vt 0.628092 0.673332
vt 0.542709 0.627207
vt 0.635031 0.603799
vt 0.637241 0.587168
vt 0.53907 0.602853
vt 0.643888 0.570418
vt 0.543634 0.565785
vt 0.649633 0.601883
vt 0.663179 0.58312
vt 0.649899 0.581033
vt 0.657754 0.564045
vt 0.663488 0.564004
vt 0.710582 0.520677
vt 0.716677 0.559298
vt 0.643888 0.570418
vt 0.457302 0.630933
vt 0.475359 0.600292
vt 0.457302 0.630933
vt 0.651594 0.544896
vt 0.663488 0.564004
vt 0.651215 0.546104
vt 0.635645 0.565367
vt 0.650844 0.545626
vt 0.609324 0.526815
vt 0.617876 0.514841
vt 0.699546 0.498989
vt 0.678799 0.458214
vt 0.677193 0.410723
vt 0.588259 0.483554
vt 0.574051 0.46933
vt 0.572704 0.469181
vt 0.5843 0.48159
vt 0.653145 0.395783
vt 0.587226 0.488589
vt 0.608294 0.509391
vt 0.643888 0.570418
vt 0.572634 0.493581
vt 0.572634 0.493581
vt 0.559102 0.4815
vt 0.552409 0.454745
vt 0.53207 0.480232
vt 0.526621 0.486207
vt 0.55496 0.489801
vt 0.50835 0.47756
vt 0.512812 0.472311
vt 0.488914 0.466295
vt 0.497793 0.45788
vt 0.426643 0.446588
vt 0.514621 0.43521
vt 0.427498 0.430066
vt 0.426643 0.446588
vt 0.440096 0.399962
vt 0.537801 0.403983
vt 0.455901 0.362196
vt 0.42299 0.413293
vt 0.591391 0.333961
vt 0.491774 0.283134
vt 0.416862 0.362337
vt 0.432338 0.273687
vt 0.381326 0.265579
vt 0.368829 0.355674
vt 0.353022 0.393049
vt 0.278655 0.370522
vt 0.270858 0.283012
vt 0.19609 0.404
vt 0.206202 0.42852
vt 0.280233 0.394797
vt 0.28481 0.424421
vt 0.344682 0.416548
vt 0.171185 0.333729
vt 0.288373 0.453369
vt 0.238069 0.476894
vt 0.220833 0.456924
vt 0.349086 0.434592
vt 0.270393 0.479503
vt 0.293617 0.468046
vt 0.210907 0.466875
vt 0.214968 0.467429
vt 0.250797 0.511272
vt 0.223883 0.476578
vt 0.290666 0.482141
vt 0.351464 0.452947
vt 0.353684 0.469938
vt 0.319257 0.552427
vt 0.343119 0.537509
vt 0.371214 0.529707
vt 0.348669 0.548258
vt 0.341302 0.56965
vt 0.341302 0.56965
vt 0.295446 0.560704
vt 0.286537 0.571693
vt 0.346956 0.59482
vt 0.28028 0.583395
vt 0.375591 0.634946
vt 0.272114 0.599229
vt 0.387202 0.686771
vt 0.266042 0.646591
vt 0.24275 0.53518
vt 0.22191 0.50487
vt 0.224053 0.484354
vt 0.223883 0.476578
vt 0.202924 0.525081
vt 0.229263 0.545108
vt 0.181576 0.536323
vt 0.216813 0.557025
vt 0.176479 0.525664
vt 0.14475 0.539398
vt 0.140208 0.541364
vt 0.190012 0.513072
vt 0.209016 0.48614
vt 0.209987 0.47625
vt 0.195513 0.465385
vt 0.175381 0.491351
vt 0.182609 0.447476
vt 0.165568 0.49658
vt 0.14009 0.538516
vt 0.138649 0.503703
vt 0.165568 0.49658
vt 0.106291 0.528579
vt 0.104425 0.533305
vt 0.204053 0.449164
vt 0.185415 0.437581
vt 0.670885 0.746784
vt 0.685469 0.781115
vt 0.66468 0.779617
vt 0.670885 0.746784
vt 0.66468 0.779617
vt 0.660537 0.790626
vt 0.646573 0.761126
vt 0.628092 0.673332
vt 0.642588 0.800693
vt 0.635645 0.565367
vt 0.663488 0.564004
vt 0.657754 0.564045
vt 0.572634 0.493581
vt 0.55496 0.489801
vt 0.559102 0.4815
vt 0.559184 0.507216
vt 0.55496 0.489801
vt 0.572634 0.493581
vt 0.574495 0.501823
vt 0.557158 0.523174
vt 0.590447 0.526017
vt 0.547713 0.518844
vt 0.536179 0.54901
vt 0.475359 0.600292
vt 0.475906 0.582053
vt 0.547713 0.518844
vt 0.551264 0.497206
vt 0.475906 0.582053
vt 0.459038 0.55223
vt 0.517991 0.495332
vt 0.551264 0.497206
vt 0.498897 0.488678
vt 0.517991 0.495332
vt 0.435051 0.527336
vt 0.424105 0.450021
vt 0.426643 0.446588
vt 0.423454 0.435447
vt 0.392186 0.461732
vt 0.403591 0.409913
vt 0.404204 0.449402
vt 0.410949 0.399511
vt 0.416862 0.362337
vt 0.400101 0.385334
vt 0.383956 0.378418
vt 0.38335 0.406976
vt 0.404204 0.449402
vt 0.371123 0.441597
vt 0.353022 0.393049
vt 0.344682 0.416548
vt 0.416862 0.362337
vt 0.383956 0.378418
vt 0.416862 0.362337
vt 0.353022 0.393049
vt 0.383956 0.378418
vt 0.423454 0.435447
vt 0.392186 0.461732
vt 0.404204 0.449402
vt 0.392186 0.461732
vt 0.369541 0.452521
vt 0.404204 0.449402
vt 0.371123 0.441597
vt 0.36154 0.443251
vt 0.349086 0.434592
vt 0.344682 0.416548
vt 0.351464 0.452947
vt 0.351464 0.452947
vt 0.367974 0.463926
vt 0.383956 0.378418
vt 0.353022 0.393049
vt 0.416862 0.362337
vt 0.210907 0.466875
vt 0.220833 0.456924
vt 0.214968 0.467429
vt 0.214968 0.467429
vt 0.223883 0.476578
vt 0.210907 0.466875
vt 0.214968 0.467429
vt 0.223883 0.476578
vt 0.181576 0.536323
vt 0.216813 0.557025
vt 0.140208 0.541364
vt 0.140208 0.541364
vt 0.216813 0.557025
vt 0.197062 0.573026
vt 0.182811 0.587527
vt 0.116486 0.556807
vt 0.091275 0.571489
vt 0.077169 0.564548
vt 0.08708 0.547769
vt 0.174915 0.614524
vt 0.216813 0.557025
vt 0.104425 0.533305
vt 0.140208 0.541364
vt 0.08708 0.547769
vt 0.182609 0.447476
vt 0.175381 0.491351
vt 0.157137 0.425525
vt 0.157137 0.425525
vt 0.175381 0.491351
vt 0.138731 0.461667
vt 0.165568 0.49658
vt 0.165568 0.49658
vt 0.138649 0.503703
vt 0.131411 0.467682
vt 0.093192 0.416152
vt 0.157137 0.425525
vt 0.117677 0.497744
vt 0.100392 0.501637
vt 0.067336 0.451912
vt 0.037422 0.478248
vt 0.079948 0.523798
vt 0.016619 0.493842
vt 0.071506 0.539191
vt 0.062988 0.554723
vt 0.076261 0.563607
vt 0.085535 0.546529
vt 0.100994 0.531694
vt 0.106291 0.528579
vt 0.106291 0.528579
vt 0.077169 0.564548
vt 0.08708 0.547769
vt 0.124283 0.380579
vt 0.157137 0.425525
vt 0.169228 0.415589
vt 0.139531 0.365349
vt 0.19609 0.404
vt 0.157137 0.425525
vt 0.185415 0.437581
vt 0.182609 0.447476
vt 0.169228 0.415589
vt 0.19609 0.404
vt 0.08708 0.547769
vt 0.100994 0.531694
vt 0.104425 0.533305
vt 0.106291 0.528579
vt 0.547224 0.413416
vt 0.532036 0.44283
vt 0.557962 0.453223
vt 0.646573 0.761126
vt 0.628092 0.673332
vt 0.553227 0.713314
vt 0.642588 0.800693
vt 0.5406 0.751042
vt 0.452948 0.672198
vt 0.438516 0.6406
vt 0.398937 0.641694
vt 0.401792 0.693426
vt 0.451586 0.716138
vt 0.45153 0.609316
vt 0.443434 0.615336
vt 0.446116 0.604096
vt 0.439316 0.609152
vt 0.406277 0.615129
vt 0.408104 0.608978
vt 0.393407 0.610562
vt 0.397293 0.605142
vt 0.368126 0.572463
vt 0.376057 0.573139
vt 0.366214 0.563441
vt 0.374451 0.56556
vt 0.372026 0.549118
vt 0.379333 0.553529
vt 0.385158 0.534949
vt 0.390364 0.541627
vt 0.414788 0.532719
vt 0.415253 0.539754
vt 0.4384 0.535976
vt 0.435095 0.543076
vt 0.452775 0.552024
vt 0.447162 0.55597
vt 0.4644 0.57299
vt 0.456927 0.573581
vt 0.466268 0.586068
vt 0.458496 0.584567
vt 0.41061 0.524965
vt 0.435051 0.527336
vt 0.4384 0.535976
vt 0.475359 0.600292
vt 0.475906 0.582053
vt 0.475906 0.582053
vt 0.457302 0.630933
vt 0.475359 0.600292
vt 0.459038 0.55223
vt 0.4384 0.535976
vt 0.4384 0.535976
vt 0.435051 0.527336
vt 0.371214 0.529707
vt 0.371214 0.529707
vt 0.348669 0.548258
vt 0.341302 0.56965
vt 0.635645 0.565367
vt 0.657754 0.564045
vt 0.498897 0.488678
vt 0.435051 0.527336
vt 0.473517 0.484524
vt 0.425198 0.474505
vt 0.41061 0.524965
vt 0.385321 0.481316
vt 0.371214 0.529707
vt 0.38933 0.46988
vt 0.367974 0.463926
vt 0.392186 0.461732
vt 0.363553 0.471823
vt 0.371214 0.529707
vt 0.353684 0.469938
vt 0.351464 0.452947
vt 0.351464 0.452947
vt 0.425275 0.462116
vt 0.482891 0.469885
vt 0.498897 0.488678
vt 0.425275 0.462116
vt 0.458496 0.584567
vt 0.446116 0.604096
vt 0.449352 0.605901
vt 0.437112 0.625208
vt 0.439316 0.609152
vt 0.430389 0.630208
vt 0.408104 0.608978
vt 0.399532 0.630035
vt 0.397293 0.605142
vt 0.388844 0.626243
vt 0.376057 0.573139
vt 0.367849 0.594603
vt 0.374451 0.56556
vt 0.366262 0.587111
vt 0.388844 0.626243
vt 0.449352 0.605901
vt 0.437112 0.625208
vt 0.430389 0.630208
vt 0.399532 0.630035
vt 0.4478 0.595041
vt 0.367849 0.594603
vt 0.366262 0.587111
vt 0.438147 0.57763
vt 0.371089 0.575216
vt 0.426217 0.564882
vt 0.381994 0.56345
vt 0.4066 0.561598
vt 0.374451 0.56556
vt 0.379333 0.553529
vt 0.366262 0.587111
vt 0.371089 0.575216
vt 0.390364 0.541627
vt 0.381994 0.56345
vt 0.415253 0.539754
vt 0.4066 0.561598
vt 0.435095 0.543076
vt 0.426217 0.564882
vt 0.447162 0.55597
vt 0.438147 0.57763
vt 0.456927 0.573581
vt 0.4478 0.595041
vt 0.458496 0.584567
vt 0.449352 0.605901
vt 0.351464 0.452947
vt 0.351464 0.452947
vt 0.426643 0.446588
vt 0.488914 0.466295
vt 0.425275 0.462116
vt 0.425275 0.462116
vt 0.482891 0.469885
vt 0.4972 0.483083
vt 0.498897 0.488678
vt 0.52167 0.492274
vt 0.517991 0.495332
vt 0.498897 0.488678
vt 0.551264 0.497206
vt 0.517991 0.495332
vt 0.55496 0.489801
vt 0.547713 0.518844
vt 0.551264 0.497206
vt 0.260266 0.462036
vt 0.256213 0.458496
vt 0.259904 0.456281
vt 0.256988 0.454344
vt 0.265083 0.45504
vt 0.2654 0.457306
vt 0.260266 0.462036
vt 0.2712 0.458593
vt 0.269461 0.460136
vt 0.260266 0.462036
vt 0.271977 0.462647
vt 0.269865 0.462941
vt 0.260266 0.462036
vt 0.270409 0.46558
vt 0.272946 0.466433
vt 0.251748 0.458138
vt 0.254398 0.4612
vt 0.260266 0.462036
vt 0.249284 0.462372
vt 0.253506 0.464361
vt 0.260266 0.462036
vt 0.248199 0.467135
vt 0.254037 0.468279
vt 0.260266 0.462036
vt 0.249242 0.472796
vt 0.255106 0.470267
vt 0.260266 0.462036
vt 0.250937 0.475548
vt 0.260437 0.471743
vt 0.260266 0.462036
vt 0.258813 0.476925
vt 0.265441 0.47203
vt 0.260266 0.462036
vt 0.266128 0.476609
vt 0.269748 0.469077
vt 0.260266 0.462036
vt 0.272212 0.471653
vt 0.260266 0.462036
vt 0.704496 0.353094
vt 0.715447 0.310509
vt 0.715082 0.349603
vt 0.715082 0.349603
vt 0.715447 0.310509
vt 0.728982 0.301933
vt 0.715447 0.310509
vt 0.688125 0.299118
vt 0.728982 0.301933
vt 0.728982 0.301933
vt 0.688125 0.299118
vt 0.695077 0.287608
vt 0.715447 0.310509
vt 0.704496 0.353094
vt 0.710045 0.311338
vt 0.690866 0.305235
vt 0.688125 0.299118
vt 0.685045 0.341337
vt 0.680972 0.343046
vt 0.701668 0.348433
vt 0.704496 0.353094
vt 0.701668 0.348433
vt 0.685045 0.341337
vt 0.709338 0.337627
vt 0.692752 0.330563
vt 0.685045 0.341337
vt 0.690866 0.305235
vt 0.692752 0.330563
vt 0.698612 0.294486
vt 0.710045 0.311338
vt 0.701668 0.348433
vt 0.71775 0.300554
vt 0.709338 0.337627
vt 0.71775 0.300554
vt 0.709338 0.337627
vt 0.698612 0.294486
vt 0.692752 0.330563
vn 0 1 0
vn -0.03908828 0.9977049 0.05529131
vn -0.04027907 0.9975102 0.05788876
vn -0.5564913 0.8058712 0.2022104
vn 0 1 0
vn 0.01177497 0.9997467 -0.01917963
vn -0.5039406 0.8626751 -0.04284424
vn 0.01512532 0.9997208 0.01815363
vn -0.007165396 0.9996824 -0.02416007
vn -0.04625553 0.9940552 -0.09856354
vn -0.1279283 0.9882735 -0.08336604
vn -0.08948594 0.9895099 -0.1134126
vn -0.5678499 0.8036686 -0.1779417
vn -0.03428909 0.9942312 -0.1016295
vn 0 1 0
vn -0.009407181 0.9999044 -0.01013306
vn -0.1084021 0.9526139 0.2842107
vn 0.04171355 0.9859695 0.1616294
vn -0.2982332 0.9357241 0.1883541
vn -0.07526598 0.8569313 0.5099055
vn -0.08393691 0.9182696 0.3869566
vn -0.2904809 0.7072756 0.6445015
vn -0.02574817 0.6080136 0.793509
vn -0.7958235 0.2011029 0.571159
vn -0.8409877 0.406503 0.3570643
vn -0.8037776 0.3342715 0.4921423
vn -0.7971951 0.1543256 0.583664
vn -0.7598231 0.1740228 0.6264063
vn -0.8317896 0.1341331 0.5386412
vn -0.6682271 0.2532977 0.699509
vn -0.6302149 0.2471567 0.7360318
vn -0.7488543 0.254963 0.611728
vn -0.8609045 0.1510917 0.4858136
vn -0.9068068 0.147373 0.3949461
vn -0.9086934 -0.0283893 0.4164976
vn -0.8037776 0.3342715 0.4921423
vn -0.6407617 0.713763 0.2827842
vn -0.8486689 0.4785474 0.2252852
vn -0.5826672 0.8102567 -0.06311233
vn -0.9030117 0.4280279 -0.03690599
vn -0.7427896 0.644511 -0.1812982
vn -0.9163815 0.357085 -0.1809287
vn -0.949662 0.2684408 -0.1614986
vn -0.9203719 0.3117907 -0.2360129
vn -0.5237297 0.841089 0.1351903
vn -0.9174739 0.3911124 0.07261428
vn -0.4002204 0.6015356 0.6913599
vn -0.2338621 0.5418887 0.8072578
vn -0.8456223 0.4590062 0.2724631
vn -0.1388306 0.8254774 0.5470952
vn -0.02574817 0.6080136 0.793509
vn -0.2338621 0.5418887 0.8072578
vn -0.1085522 0.7506635 0.6517059
vn -0.02574817 0.6080136 0.793509
vn -0.1258619 0.531038 0.8379483
vn 0.1521877 0.8774458 0.4548931
vn 0.01351567 0.8031124 0.5956742
vn 0.1885992 0.5276689 0.8282486
vn -0.07026793 0.4746325 0.8773748
vn 0.4158666 0.5428378 0.7296453
vn 0.2607421 0.8841415 0.3876949
vn 0.005502191 0.9987714 -0.04924792
vn 0 1 0
vn -0.005987163 0.9985967 -0.05261818
vn 0.06243819 0.870383 0.4884004
vn 0.03710386 0.9463484 0.3210111
vn -0.01857313 0.9912942 -0.1303494
vn 0.03035714 0.9911877 -0.1289394
vn 0.008455118 0.9965833 -0.08216029
vn 0.03046328 0.9978881 -0.05736943
vn 0.03055724 0.9971346 -0.06920185
vn 0 1 0
vn 0.5585285 0.5733657 0.5994145
vn 0.1993291 0.9547154 0.2208763
vn 0.4420066 0.7975996 0.4104449
vn 0.5980457 0.5790923 0.5540701
vn 0 1 0
vn 0 1 0
vn 0 1 0
vn 0.01968248 0.4971117 0.8674634
vn -0.06506143 0.3859769 0.9202114
vn -0.07026793 0.4746325 0.8773748
vn -0.03042399 0.4851217 0.8739172
vn -0.9889761 -0.09094249 -0.1168581
vn -0.9889765 -0.09094497 -0.1168521
vn -0.9900276 -0.0785005 -0.1169743
vn -0.9909242 -0.06604198 -0.1170805
vn -0.9755913 0.1869058 -0.1152728
vn -0.9131396 0.402586 -0.06403629
vn -0.7589453 0.5953063 0.2638417
vn -0.3292719 0.8865601 0.3249478
vn -0.1563098 0.629449 0.7611579
vn -0.05528109 0.9293174 0.3651207
vn -0.1025947 0.7560453 0.6464284
vn -0.2099152 0.50481 0.8373187
vn -0.2862538 0.4388254 0.8517576
vn -0.3043544 0.6619224 0.6850015
vn -0.05176259 0.9073548 0.4171665
vn -0.2272731 0.9199609 0.3194042
vn -0.1364807 0.9202268 0.3668183
vn -0.2461123 0.6857735 0.6849406
vn -0.08267422 0.9370561 0.3392502
vn 0.06537694 0.7272043 0.6833007
vn -0.02499548 0.7446138 0.6670273
vn 0.4852865 0.7018655 0.5214229
vn -0.4195572 0.2707971 0.8663952
vn -0.07048086 0.2958761 0.9526226
vn 0.1373218 0.2634725 0.9548429
vn 0.04189809 0.9272919 0.371987
vn -0.0703137 0.9249678 0.3734843
vn -0.1260872 0.9194382 0.3724718
vn 0.4852865 0.7018655 0.5214229
vn 0.0680592 0.8375127 0.5421629
vn 0.2081549 0.5870177 0.7823566
vn 0.6478149 0.5074408 0.5681899
vn 0.6997277 0.2900301 0.6528888
vn 0.4852865 0.7018655 0.5214229
vn 0.6636415 0.2715084 0.6970388
vn 0.2081549 0.5870177 0.7823566
vn 0.6639225 0.2228445 0.7138258
vn 0.6328123 0.2514216 0.7323496
vn -0.02499548 0.7446138 0.6670273
vn -0.3027664 0.439034 0.8459205
vn -0.06320783 0.566069 0.8219311
vn -0.415008 0.4626753 0.78339
vn -0.6684338 0.3010356 0.6801278
vn -0.5149376 0.5196509 0.681764
vn -0.5533376 0.4534393 0.6987205
vn -0.7243396 0.2877567 0.6265207
vn -0.7240515 0.2435193 0.6453276
vn -0.7241059 0.2411234 0.6461658
vn -0.689687 0.1951228 0.6973228
vn -0.3749478 0.4458439 0.812796
vn -0.7199026 0.2494604 0.6476956
vn -0.7264118 0.24348 0.6426846
vn -0.7275536 0.2412975 0.6422159
vn -0.7228295 0.2470675 0.6453488
vn -0.7195569 0.2504251 0.6477077
vn -0.7159701 0.2523244 0.6509371
vn -0.7159681 0.2523261 0.6509386
vn -0.7199026 0.2494604 0.6476956
vn -0.6765447 0.4163213 0.6074241
vn -0.670128 0.3657337 0.6458848
vn -0.530198 0.5775759 0.6207224
vn -0.2770227 0.4255783 0.8614765
vn -0.1608198 0.6888235 0.7068658
vn -0.1995413 0.7116048 0.6736482
vn -0.4474618 0.6206275 0.6438941
vn -0.4766246 0.6461875 0.5960459
vn -0.3722659 0.5709814 0.7317092
vn -0.4269041 0.614372 0.663551
vn -0.1995413 0.7116048 0.6736482
vn -0.374804 0.6024415 0.7046887
vn 0.02825123 0.9611968 0.274413
vn 0.3461078 0.8676463 0.3569305
vn 0.09065957 0.8202885 0.564719
vn -0.01203419 0.8207182 0.5712065
vn -0.1002978 0.8729185 0.477445
vn -0.3791066 0.6250567 0.6823359
vn -0.03563919 0.6400571 0.7675003
vn -0.5426776 0.8017763 0.2503111
vn 0.01465891 0.9238862 0.3823862
vn 0.3415555 0.847997 0.4052663
vn 0.05944509 0.8337067 0.5489985
vn -0.4563001 0.6360409 0.622288
vn -0.2402669 0.9291841 0.2808714
vn -0.5215255 0.8451692 0.1170471
vn -0.5379932 0.8384449 0.08702569
vn -0.08853963 0.7615795 0.6419948
vn 0.1859044 0.776867 0.6015955
vn 0.09065957 0.8202885 0.564719
vn -0.127055 0.5480308 0.8267522
vn -0.0315349 0.6627569 0.7481704
vn 0.2483868 0.8735481 0.4185903
vn -0.2173026 0.7054625 0.6746126
vn 0.7803615 0.6143795 0.1165071
vn 0.8013217 0.5888315 0.105646
vn 0.6958867 0.7176193 0.02764332
vn 0.8841832 0.4449367 0.1423068
vn 0.7695873 0.623629 0.1371951
vn 0.5750517 0.8180733 -0.008467053
vn 0.5545206 0.8215933 -0.1322551
vn 0.5649015 0.7125912 0.4160531
vn 0.3973562 0.9164457 0.0472809
vn 0.2483868 0.8735481 0.4185903
vn 0.4228961 0.9057889 0.02655534
vn 0.02413615 0.9822322 0.1861111
vn -0.1463296 0.7797796 0.6087129
vn 0.02238573 0.8989166 0.4375476
vn -0.04221294 0.9419687 0.3330361
vn 0.4665419 0.8712564 0.1524823
vn -0.2382817 0.6071029 0.7580554
vn -0.4269041 0.614372 0.663551
vn -0.5533376 0.4534393 0.6987205
vn -0.530198 0.5775759 0.6207224
vn -0.127055 0.5480308 0.8267522
vn -0.140937 0.5520383 0.8218215
vn -0.5091462 0.3878674 0.7683288
vn -0.4170365 0.6113195 0.6725838
vn -0.5797756 0.6025482 0.5484486
vn -0.3539152 0.6205769 0.6997346
vn -0.2539696 0.6989567 0.66855
vn -0.5811754 0.6010476 0.5486138
vn -0.1535468 0.9253765 0.3465571
vn -0.4751782 0.7611324 0.4414557
vn -0.5754261 0.6873279 0.4432438
vn -0.299119 0.9021614 0.310858
vn -0.4645734 0.8141652 0.3482909
vn -0.1656847 0.9363881 0.3093959
vn 0.1243879 0.9230076 0.3641216
vn 0.2267572 0.9276958 0.2965836
vn 0.2370557 0.5783303 0.7806014
vn 0.3927899 0.6921936 0.6054618
vn -0.01868362 0.6700721 0.7420609
vn 0.3394582 0.5262372 0.7796426
vn 0.3851731 0.5796595 0.7180784
vn 0.6213295 0.7834994 -0.008853196
vn 0.5642527 0.7622201 0.317237
vn 0.6049983 0.7944928 -0.0525193
vn 0.4228961 0.9057889 0.02655534
vn 0.4479905 0.8776339 0.1704799
vn 0.3699267 0.9268117 -0.06460925
vn 0.3676578 0.8668225 -0.3368181
vn 0.3823889 0.9005882 -0.2066873
vn 0.3925194 0.9110488 -0.1261694
vn -0.1149542 0.9788097 0.1694615
vn 0.1407462 0.759358 0.6352683
vn 0.008773874 0.8416274 0.5399874
vn 0.2905782 0.9042899 0.3127685
vn 0.2476633 0.925727 0.2858193
vn 0.4534007 0.8587081 0.2388477
vn 0.5943397 0.8041351 0.01127096
vn 0.6122746 0.79064 -0.00287421
vn 0.602354 0.7981675 0.009906701
vn 0.07471544 0.9936562 0.08405209
vn 0.3699267 0.9268117 -0.06460925
vn -0.5091462 0.3878674 0.7683288
vn -0.08853963 0.7615795 0.6419948
vn -0.3816967 0.8868563 0.2603717
vn -0.02968704 0.8687383 0.494381
vn 0.02825123 0.9611968 0.274413
vn -0.3817574 0.8704973 0.3106373
vn -0.6123455 0.4247606 0.6667919
vn -0.5091462 0.3878674 0.7683288
vn -0.7634877 0.06624581 0.6424158
vn -0.5387242 0.4198422 0.7304168
vn -0.5030528 0.4811296 0.7179499
vn -0.5797756 0.6025482 0.5484486
vn -0.3178684 0.6679932 0.6728631
vn -0.5387242 0.4198422 0.7304168
vn 0.5018671 0.7700793 0.3938367
vn 0.1407462 0.759358 0.6352683
vn 0.3927899 0.6921936 0.6054618
vn -0.03042399 0.4851217 0.8739172
vn -0.05058154 0.6968699 0.7154117
vn -0.02051182 0.237777 0.9711031
vn -0.06506143 0.3859769 0.9202114
vn -0.09671072 0.1375628 0.9857604
vn -0.02051182 0.237777 0.9711031
vn -0.1856432 0.1693559 0.9679128
vn -0.2125982 0.2727086 0.9383134
vn -0.3262873 0.3388586 0.8824463
vn -0.1563098 0.629449 0.7611579
vn -0.3262873 0.3388586 0.8824463
vn -0.4397447 0.7090418 0.551257
vn -0.2099152 0.50481 0.8373187
vn -0.5989795 0.2365885 0.765016
vn -0.603587 0.221167 0.7660078
vn -0.6409936 0.224047 0.7341186
vn -0.6050561 0.2186788 0.765563
vn -0.6792896 0.222886 0.6992049
vn -0.7508101 0.2007843 0.6292613
vn -0.6051781 0.2187945 0.7654334
vn -0.6052417 0.2189712 0.7653327
vn -0.6051828 0.2190305 0.7653624
vn 0.5312622 0.4005055 0.7465627
vn 0.5247022 0.4840783 0.7002541
vn 0.532146 0.3996507 0.7463913
vn 0.5397807 0.5449518 0.6416106
vn 0.5429049 0.6049848 0.5824497
vn 0.5785415 0.5839393 0.5694775
vn 0.5329037 0.3963484 0.7476106
vn 0.529245 0.4030257 0.7466391
vn 0.5357735 0.3926846 0.7474928
vn -0.07914923 0.8499786 -0.5208375
vn -0.08047415 0.8440865 -0.5301338
vn -0.07636081 0.8502787 -0.5207641
vn -0.07964764 0.8420818 -0.5334364
vn -0.08741947 0.8449214 -0.5276987
vn -0.08654249 0.8526496 -0.515266
vn -0.08691274 0.8504904 -0.5187604
vn -0.09026054 0.8446407 -0.5276693
vn 0.5274864 0.301777 0.7941592
vn 0.5274874 0.3017747 0.7941594
vn 0.5274874 0.3017747 0.7941594
vn 0.5274884 0.3017723 0.7941596
vn -0.5703726 0.09216993 0.8161983
vn -0.5703608 0.09215718 0.816208
vn -0.5703608 0.09215718 0.816208
vn -0.570349 0.09214443 0.8162178
vn 0.5181794 -0.1103677 -0.8481209
vn 0.5181796 -0.1103668 -0.8481209
vn 0.5181796 -0.1103668 -0.8481209
vn 0.5181798 -0.1103659 -0.8481209
vn -0.4826017 -0.3001122 -0.8228173
vn -0.4826099 -0.3001285 -0.8228065
vn -0.4826099 -0.3001285 -0.8228065
vn -0.4826181 -0.3001447 -0.8227958
vn 0.2469595 0.9685276 -0.03107066
vn -0.2129451 0.9730077 -0.08894068
vn -0.08359566 0.8472266 -0.524613
vn -0.3695765 0.9140608 -0.167051
vn 0.2016323 0.9004541 0.3853919
vn 0.4916368 0.6773186 0.547296
vn -0.6117146 0.6756887 0.4114
vn -0.2622272 0.8091316 0.5258735
vn 0.199956 -0.1014477 -0.9745388
vn 0.5554255 -0.2927874 -0.7783175
vn 0.5037394 -0.05742101 -0.8619452
vn 0.3405009 -0.4926855 -0.8008246
vn -0.4973042 -0.1582838 -0.8530151
vn -0.2682021 -0.3645706 -0.8917152
vn 0.199956 -0.1014477 -0.9745388
vn -0.4737238 -0.6642619 -0.578223
vn -0.5039122 -0.4162578 -0.7568369
vn 0.4916368 0.6773186 0.547296
vn 0.5211028 0.5210842 0.6759609
vn 0.4388707 0.81026 0.3884215
vn 0.5210992 0.5211049 0.6759476
vn 0.3557059 -0.6821101 -0.6389046
vn 0.546262 -0.7042878 -0.4534054
vn 0.5554255 -0.2927874 -0.7783175
vn -0.09121493 -0.8873764 -0.4519325
vn -0.4737238 -0.6642619 -0.578223
vn -0.09121493 -0.8873764 -0.4519325
vn -0.07570325 -0.6473637 -0.7584124
vn -0.3933012 -0.840387 -0.3729128
vn -0.6137254 0.3158694 0.7235798
vn -0.6142563 0.318134 0.7221357
vn -0.6312257 0.5059555 0.5878463
vn -0.6117146 0.6756887 0.4114
vn 0.2716213 0.4437176 -0.8540121
vn -0.07862554 0.2450937 -0.9663059
vn -0.1479172 0.4020219 -0.9036033
vn 0.009777343 0.504091 -0.8635952
vn -0.4313029 0.4890728 -0.7581461
vn -0.4751309 0.3364846 -0.8130368
vn 0.2730891 0.4594826 -0.8451617
vn -0.4585859 0.4431972 -0.7702436
vn -0.4847642 0.2491975 -0.8383938
vn 0.2059836 0.542873 -0.8141619
vn 0.2865293 0.4878891 -0.8245394
vn -0.4751309 0.3364846 -0.8130368
vn -0.1479172 0.4020219 -0.9036033
vn -0.07862554 0.2450937 -0.9663059
vn -0.4847642 0.2491975 -0.8383938
vn -0.2126072 0.8477104 0.485989
vn -0.5309435 0.6599392 0.5315819
vn -0.1160517 0.8829775 0.4548435
vn 0.3767602 0.8563528 0.3531451
vn -0.5405792 0.5573319 0.6302025
vn -0.3674049 0.6477304 0.6674271
vn 0.2514115 0.7977154 0.5481263
vn 0.486571 0.728009 0.4829611
vn 0.6199499 0.4974318 0.6068144
vn 0.666308 0.3488464 0.6590446
vn 0.7124932 0.2339606 0.6615255
vn -0.5405792 0.5573319 0.6302025
vn -0.5475219 0.4669617 0.6943821
vn -0.5394582 0.3504426 0.7656205
vn -0.5547109 0.3788621 0.7407829
vn -0.5847119 0.1487875 0.79748
vn -0.388153 0.1547886 0.908503
vn -0.427266 0.44766 0.7855217
vn 0.09162874 0.5360314 0.8392107
vn -0.5829092 0.2008191 0.78733
vn -0.3668633 0.7129229 0.5976222
vn -0.2941373 0.7360803 0.6096466
vn 0.05824259 0.7848724 0.6169142
vn -0.4586387 0.4687009 0.7549635
vn 0.7498182 0.2726859 0.6028391
vn 0.6992174 0.3248893 0.6368217
vn 0.6992174 0.3248893 0.6368217
vn 0.2682719 0.6375096 0.7222269
vn 0.6992174 0.3248893 0.6368217
vn 0.424901 0.7561471 0.4976953
vn -0.2352551 0.8119027 0.5342931
vn -0.04486806 0.9442966 0.3260227
vn -0.2001783 0.821559 0.5338255
vn 0.1423201 0.879949 0.4532493
vn 0.2158954 0.9175861 0.3338038
vn 0.1239333 0.9413624 0.3138109
vn -0.06676812 0.987374 0.1436476
vn -0.05001807 0.9946062 0.09086671
vn -0.2092967 0.9770165 -0.04042
vn -0.2941373 0.7360803 0.6096466
vn -0.03352117 0.5667375 0.8232163
vn -0.3645833 0.5322402 0.7640676
vn 0.01525379 0.7405343 0.6718455
vn 0.02993496 0.5717345 0.8198923
vn 0.6709237 0.3187462 0.6695239
vn 0.2069757 0.7334665 0.6474473
vn 0.5821422 0.5578737 0.5915129
vn 0.6709237 0.3187462 0.6695239
vn 0.5453808 0.6449981 0.5352916
vn -0.3645833 0.5322402 0.7640676
vn 0.07639308 0.7959157 0.6005682
vn -0.2651674 0.786652 0.5575526
vn -0.006667078 0.7937152 0.608253
vn -0.3161268 0.7909427 0.5239023
vn -0.4586387 0.4687009 0.7549635
vn -0.3278568 0.6652827 0.6707525
vn -0.3750463 0.6715686 0.6390116
vn 0.3118378 0.7845017 0.536017
vn 0.3467757 0.8527681 0.3905551
vn 0.1755045 0.9192514 0.3523848
vn 0.01307565 0.9720793 0.234288
vn 0.08757074 0.9817453 0.1688416
vn -0.1063823 0.994069 0.02257514
vn -0.2651674 0.786652 0.5575526
vn -0.2922237 0.5659323 0.7709254
vn -0.4239174 0.2555256 0.8689077
vn -0.3498333 0.3529454 0.8677824
vn -0.4449723 0.5040665 0.7402138
vn 0.268718 0.8492203 0.4545499
vn 0.7051534 0.3737334 0.6025628
vn 0.7051534 0.3737334 0.6025628
vn 0.7849322 0.2124184 0.5820308
vn -0.5056565 0.1904581 0.8414494
vn -0.4239174 0.2555256 0.8689077
vn -0.5202082 0.1594375 0.8390251
vn 0.1132548 0.8227037 0.5570746
vn -0.5665674 0.6831175 0.4608164
vn -0.07877195 0.6458101 0.7594237
vn -0.4486455 0.6605217 0.6020202
vn -0.4730413 0.8384811 0.2705208
vn 0.0603361 0.6706213 0.739342
vn -0.3216782 0.6021205 0.7307352
vn -0.2700715 0.3590945 0.8933715
vn -0.08240598 0.2826709 0.9556707
vn -0.6685879 0.07270447 0.7400704
vn -0.678475 0.3838796 0.6263452
vn 0.3186266 0.7075875 0.6307116
vn 0.1481884 0.7165342 0.6816297
vn 0.04996561 0.7026537 0.7097755
vn 0.03384073 0.6808571 0.731634
vn 0.171926 0.3467391 0.9220701
vn -0.07097451 0.4604346 0.8848518
vn -0.2109738 0.7058222 0.6762433
vn -0.3044688 0.7240751 0.6188812
vn -0.1660086 0.6430216 0.7476392
vn -0.1542937 0.5566298 0.8163067
vn -0.3842416 0.7609606 0.5227785
vn -0.5567182 0.6820742 0.4741726
vn 0.09095304 0.5001634 0.8611412
vn 0.211768 0.4282469 0.878498
vn -0.1033501 0.5387932 0.8360746
vn 0.3684413 0.448107 0.8145251
vn -0.5665674 0.6831175 0.4608164
vn -0.6757833 0.6491641 0.349146
vn -0.8525848 0.5219085 -0.02665784
vn -0.9740158 0.2033761 0.09965684
vn -0.6038001 0.7412963 0.2930962
vn -0.531378 0.8437916 0.07518761
vn -0.4664515 0.864409 0.1876704
vn -0.3007304 0.9245281 0.2341132
vn -0.2298359 0.720946 0.6537677
vn -0.3731102 0.891748 -0.2560747
vn -0.7611363 0.586342 0.2772625
vn -0.3407011 0.9369692 -0.07753339
vn -0.523709 0.8472468 0.08889121
vn -0.8525848 0.5219085 -0.02665784
vn -0.7357145 0.5865964 0.3385688
vn -0.6751009 0.7309673 0.09962791
vn -0.9060242 0.3865931 0.1722376
vn -0.8294325 -0.006817444 0.5585653
vn -0.889291 -0.008589984 0.4572613
vn -0.6685879 0.07270447 0.7400704
vn -0.8106182 0.2451547 0.5317871
vn -0.9398774 0.2279768 0.2542775
vn -0.889291 -0.008589984 0.4572613
vn -0.775499 0.07538457 0.6268321
vn -0.9110555 -0.0542959 0.4086928
vn -0.7672607 0.03325043 0.6404729
vn -0.1542937 0.5566298 0.8163067
vn 0.04254067 0.7222486 0.6903241
vn 0.3222951 0.6654481 0.673279
vn 0.3222951 0.6654481 0.673279
vn 0.3787955 0.8003128 0.4647724
vn 0.5955933 0.6997105 0.3945552
vn 0.2405909 0.7839085 0.5723664
vn 0.3239539 0.9393818 0.1123198
vn -0.01678048 0.9784201 0.2059429
vn 0.1552443 0.9380472 0.3097849
vn 0.3239539 0.9393818 0.1123198
vn 0.4381596 0.8835865 0.1652002
vn 0.2780663 0.78961 0.5469873
vn 0.4493215 0.7909309 0.4153773
vn 0.2546336 0.7249352 0.6400239
vn 0.1377688 0.5034014 0.8529987
vn 0.2423706 0.7295023 0.6395959
vn -0.5203673 0.8067039 0.2800834
vn -0.5950317 0.7466456 0.2974181
vn -0.1478135 0.9879789 -0.04526347
vn -0.4259056 0.781415 0.4560648
vn -0.3044688 0.7240751 0.6188812
vn -0.08761241 0.4895037 0.8675888
vn -0.4040453 0.638 0.6555176
vn -0.1944513 0.6789879 0.7079294
vn -0.1090869 0.5941612 0.7969144
vn -0.08761241 0.4895037 0.8675888
vn 0.03384073 0.6808571 0.731634
vn -0.08111141 0.5730571 0.8154916
vn 0.005673442 0.4553696 0.8902844
vn -0.07120263 0.4099113 0.9093421
vn -0.08761241 0.4895037 0.8675888
vn 0.01488878 0.35124 0.936167
vn 0.2936739 0.6084631 0.7372438
vn 0.1377688 0.5034014 0.8529987
vn 0.005673442 0.4553696 0.8902844
vn -0.1033501 0.5387932 0.8360746
vn -0.351723 0.3441648 0.8705409
vn 0.06282497 0.7563881 -0.6510992
vn 0.6685716 0.665069 -0.3327087
vn 0.3020826 0.7713733 -0.5601155
vn -0.1301613 0.741173 -0.6585746
vn -0.1301464 0.7411851 -0.658564
vn 0.2444836 0.9018342 -0.3562623
vn 0.6877111 0.723931 0.05456465
vn 0.3031654 0.9529009 -0.008399785
vn 0.04531744 0.8015743 0.5961753
vn -0.1123329 0.7051112 0.7001424
vn -0.9967793 0.01914387 0.07787591
vn -0.9554618 0.1851369 -0.2298197
vn -0.9943488 0.07465626 -0.07547738
vn -0.9600353 0.1518493 -0.2351039
vn -0.9625461 -0.08684721 0.2568323
vn -0.9460099 -0.2102217 0.2467223
vn -0.9136852 -0.3103514 0.2624146
vn -0.1123329 0.7051112 0.7001424
vn -0.1479499 0.6029766 0.7839197
vn -0.2052525 0.3470849 0.9150976
vn -0.2036331 0.3020067 0.9313031
vn -0.127079 0.3536978 0.926687
vn -0.08107196 0.3776211 0.9224042
vn 0.02836778 0.5287749 0.8482879
vn -0.8391539 -0.5083571 0.1933746
vn -0.9460099 -0.2102217 0.2467223
vn -0.9136852 -0.3103514 0.2624146
vn 0.8361945 0.545108 -0.06030061
vn 0.8122519 0.4313197 0.3926961
vn 0.9539108 0.2240664 0.1996206
vn 0.6685716 0.665069 -0.3327087
vn 0.9289401 0.3075705 0.2060838
vn 0.7132483 0.4482551 0.5388361
vn 0.9690056 0.1541459 0.1930472
vn 0.9539108 0.2240664 0.1996206
vn 0.9819193 0.1875221 -0.0258861
vn -0.7781575 0.4620934 0.4253712
vn -0.9969655 0.03362493 -0.07020781
vn -0.8525848 0.5219085 -0.02665784
vn -0.963277 0.2603303 -0.06576872
vn -0.9600864 0.2179727 0.1752773
vn -0.9600864 0.2179727 0.1752773
vn -0.7294005 0.6840698 0.004821
vn -0.7611363 0.586342 0.2772625
vn -0.7078019 0.5531719 0.4393373
vn -0.5336796 0.5522951 0.6404345
vn -0.5318502 0.5347323 0.6566558
vn -0.5632744 0.6960428 0.4452486
vn -0.3590217 0.8929041 0.2717089
vn -0.1815378 0.6603395 0.7286945
vn -0.2359141 0.9146898 0.3281571
vn -0.3989557 0.4450718 0.801714
vn -0.2603312 0.9417782 0.2127943
vn 0.1098402 0.9872746 0.1149953
vn -0.3731102 0.891748 -0.2560747
vn -0.3763625 0.8741608 -0.3069108
vn -0.7672486 0.6330352 -0.1029365
vn 0.01733304 0.9432305 0.3316864
vn 0.03024825 0.9984683 0.04632533
vn -0.3989557 0.4450718 0.801714
vn -0.4995664 0.6702473 0.5488188
vn -0.5819281 0.2384704 0.7774905
vn -0.669001 0.3877881 0.6340804
vn -0.6742495 0.3572085 0.6463666
vn -0.7347863 0.3300535 0.5925823
vn -0.7344881 0.3272148 0.594523
vn -0.7290658 0.3285487 0.6004323
vn -0.7219239 0.3330334 0.6065596
vn -0.2791317 0.2931217 0.9144207
vn -0.1284214 0.5483061 0.8263584
vn -0.1815378 0.6603395 0.7286945
vn -0.6329911 0.1502714 0.7594345
vn -0.5040393 0.861178 -0.06570362
vn 0.1790296 0.9587479 0.2207958
vn 0.1685129 0.9704702 0.1726003
vn 0.2987616 0.7690548 0.5650629
vn 0.244768 0.7947252 0.5554281
vn 0.3679898 0.8144231 0.4486629
vn 0.320241 0.8293027 0.4579331
vn 0.4191434 0.7890846 0.4490705
vn 0.01733304 0.9432305 0.3316864
vn 0.2987616 0.7690548 0.5650629
vn 0.1098402 0.9872746 0.1149953
vn 0.2410068 0.9406292 0.2390239
vn -0.5318502 0.5347323 0.6566558
vn -0.6468416 0.4347515 0.6265677
vn -0.6570973 0.4161056 0.6285532
vn -0.1250277 0.7356925 0.6656761
vn 0.244768 0.7947252 0.5554281
vn -0.5336796 0.5522951 0.6404345
vn -0.7141872 0.4192919 -0.5604739
vn -0.6808274 0.4608391 -0.569299
vn -0.6808274 0.4608391 -0.569299
vn -0.6454818 0.5010421 -0.5764635
vn -0.9110555 -0.0542959 0.4086928
vn -0.8596753 -0.01116181 0.5107189
vn -0.9839829 -0.165154 0.06709455
vn 0.1866945 0.5586454 0.8081216
vn -0.03646475 0.5319916 0.845964
vn -0.03646724 0.5319958 0.8459614
vn -0.03647246 0.5320022 0.8459571
vn -0.04246902 0.5424988 0.8389823
vn -0.04846998 0.5529081 0.8318312
vn 0.8402131 0.4663592 0.2766784
vn 0.80354 0.5070656 0.311782
vn 0.8238453 0.4448732 0.351236
vn 0.4381896 0.603397 0.6662597
vn 0.7761896 0.5702567 0.2689556
vn 0.80354 0.5070656 0.311782
vn 0.7494696 0.6351273 0.1868387
vn 0.7761896 0.5702567 0.2689556
vn 0.7485447 0.6468882 0.1456591
vn -0.4555407 0.7355257 -0.5014823
vn -0.4534705 0.7422326 -0.4934116
vn -0.4534705 0.7422326 -0.4934116
vn -0.4513485 0.7488547 -0.4852847
vn -0.4303755 0.8866758 0.1690649
vn -0.2783553 0.9584798 -0.06192678
vn -0.0314393 0.9983941 0.04712558
vn 0.1050488 0.9886119 0.1077563
vn -0.6273304 0.7612484 0.1641876
vn -0.4593719 0.8794833 -0.1244447
vn -0.4117234 0.52079 0.747838
vn 0.05597819 0.6144466 0.78697
vn -0.4285983 0.4010643 0.8095992
vn -0.04381111 0.3334535 0.941748
vn 0.2696763 0.5776069 0.7704836
vn 0.139229 0.3051734 0.9420639
vn -0.4809723 0.1447141 0.8647101
vn -0.08468547 0.280305 0.9561681
vn -0.8392276 0.2002105 0.5055817
vn -0.6960992 0.6883191 0.2041145
vn -0.3950595 0.8381206 0.3761409
vn -0.9606873 0.1628505 0.224855
vn -0.8598356 -0.02944034 0.5097214
vn -0.4593719 0.8794833 -0.1244447
vn -0.8569268 0.5070306 0.09271707
vn -0.8097349 0.5051455 0.2985921
vn -0.06743806 0.8339989 0.5476293
vn 0.1050488 0.9886119 0.1077563
vn 0.2696763 0.5776069 0.7704836
vn -0.9444161 0.1666981 0.2833546
vn -0.9606038 -0.1344925 -0.2432119
vn -0.9778703 0.1929927 0.08076712
vn -0.9513351 -0.005820543 -0.3081031
vn -0.8462397 0.329448 0.4187388
vn -0.8509215 0.2736433 0.4483881
vn -0.584244 0.4486897 0.6762666
vn -0.4961457 0.4662569 0.7324233
vn 0.06742475 0.6067375 0.7920375
vn 0.1754322 0.5382408 0.8243302
vn 0.6287859 0.4828391 0.6095037
vn 0.7114483 0.3434935 0.6130691
vn 0.8261061 0.3348652 0.4532261
vn 0.8280196 0.2734167 0.489517
vn -0.9522914 0.303772 -0.02938818
vn -0.901785 0.1773696 -0.3941113
vn -0.8391297 0.4058551 0.3621366
vn -0.5688771 0.6224673 0.5375066
vn 0.1033078 0.7268839 0.6789457
vn 0.5983874 0.6401932 0.4817522
vn 0.799105 0.5027885 0.3295982
vn -0.881889 0.4120781 -0.2290488
vn -0.7944174 0.3466453 -0.4987366
vn -0.7984661 0.5189121 0.3052575
vn -0.4885009 0.7850047 0.3809653
vn 0.1119381 0.8832427 0.4553593
vn 0.5365022 0.7898285 0.2972141
vn 0.7336743 0.6559922 0.1771896
vn -0.6542059 0.6058183 -0.4527678
vn -0.5785933 0.5409606 -0.6104028
vn -0.59914 0.797846 -0.0668812
vn -0.2986425 0.9496275 0.09497594
vn 0.08437103 0.9900123 0.1129469
vn 0.3884335 0.9214548 0.006341512
vn 0.5849867 0.8098853 -0.04331571
vn -0.3426023 0.7647794 -0.545652
vn -0.3672895 0.7186315 -0.5904804
vn -0.2450306 0.8830287 -0.4002752
vn -0.09780087 0.9507214 -0.294217
vn 0.04975748 0.9650283 -0.25738
vn 0.2039194 0.9375547 -0.2817947
vn 0.3314114 0.8956526 -0.2966022
vn -0.2012296 0.8407044 -0.5027155
vn -0.2616686 0.8280936 -0.4957726
vn -0.1019164 0.8887538 -0.4469113
vn -0.03651554 0.9083557 -0.4166011
vn 0.01637647 0.9162002 -0.4003861
vn 0.08299914 0.9158162 -0.3929274
vn 0.1489885 0.9070945 -0.3936774
vn -0.02981242 0.9080482 -0.4178034
vn -0.839044 0.3675795 0.4011116
vn -0.7785081 0.5003697 0.3788868
vn -0.7099794 0.6200334 0.3338979
vn -0.6902007 0.6255114 0.3638109
vn -0.7504971 0.5292969 0.3957258
vn -0.6850861 0.6060585 0.4041661
vn -0.6144079 0.703573 0.3570545
vn -0.6049216 0.7381036 0.2987862
vn -0.596614 0.7696784 0.2272595
vn -0.5751914 0.7591825 0.3046256
vn -0.58868 0.7749129 0.2301434
vn -0.6063135 0.7238773 -0.3292199
vn -0.7152207 0.6460301 -0.2666541
vn 0.440771 0.8421388 -0.3106816
vn 0.3912455 0.8289741 -0.3996608
vn 0.3752298 0.8733257 -0.3106521
vn 0.5140905 0.7653251 -0.3872833
vn 0.4374908 0.8599672 -0.2627892
vn 0.228987 0.8273842 -0.5128357
vn -0.1368454 0.6653142 -0.7339144
vn -0.1744979 0.5456349 -0.8196542
vn -0.4647402 0.4480186 -0.7637382
vn -0.7030172 0.2498871 -0.6658253
vn -0.6879595 0.4947667 -0.5309591
vn -0.7030172 0.2498871 -0.6658254
vn -0.4647402 0.4480186 -0.7637382
vn -0.25427 0.7588788 -0.5995413
vn 0.08190386 0.7467788 0.6600099
vn 0.1145646 0.6645158 0.73844
vn 0.1462041 0.7108072 0.6880244
vn 0.1636429 0.6565834 0.7362874
vn -0.8005097 0.5974047 0.04787433
vn -0.7813752 0.6199641 -0.07139541
vn -0.8654494 0.4716049 -0.1690745
vn -0.7407932 0.6635803 0.1043383
vn -0.8512144 0.4679309 0.2376444
vn -0.7669252 0.4274761 0.4786335
vn -0.8825592 0.2111457 0.4201269
vn -0.5928568 0.3202955 0.7388719
vn -0.374676 0.2711564 0.8866184
vn -0.7813752 0.6199641 -0.07139541
vn -0.6839769 0.7092375 0.1707563
vn -0.1903428 0.8411991 0.5061163
vn 0.1462041 0.7108072 0.6880244
vn 0.1051494 0.6424764 0.7590571
vn 0.05662389 0.6681342 0.741883
vn -0.1819514 0.4459375 0.8763752
vn -0.3026228 0.5405937 0.78497
vn -0.2786945 0.2873095 0.9163966
vn -0.2857067 0.2954502 0.9116364
vn -0.5928568 0.3202955 0.7388719
vn -0.3872502 0.6254922 0.6773454
vn 0.1123841 0.4789984 0.8705919
vn -0.1201605 0.3124837 0.9422927
vn -0.1774656 0.4578465 0.8711387
vn 0.3763928 0.5883471 0.7156647
vn -0.1774656 0.4578465 0.8711387
vn -0.2857067 0.2954502 0.9116364
vn -0.5865288 0.2579691 0.7677473
vn -0.2899693 0.4299327 0.8550296
vn -0.5865288 0.2579691 0.7677473
vn -0.7615509 0.2941701 0.5774983
vn -0.8434857 0.1298055 0.5212317
vn -0.7518189 0.4757631 0.4565279
vn -0.7699434 0.5424713 0.3360241
vn -0.7850227 0.5914433 0.1842121
vn -0.7976828 0.5822644 0.1570683
vn 0.3763928 0.5883471 0.7156647
vn 0.1412272 0.4551385 0.8791495
vn 0.5434849 0.5606397 0.6247457
vn 0.6239201 0.5766829 0.5274093
vn 0.6560355 0.5212362 0.5458298
vn -0.1995413 0.7116048 0.6736482
vn -0.4563001 0.6360409 0.622288
vn -0.4766246 0.6461875 0.5960459
vn -0.4733126 0.6496842 0.5948828
vn -0.4269041 0.614372 0.663551
vn -0.530198 0.5775759 0.6207224
vn -0.5533376 0.4534393 0.6987205
vn -0.530198 0.5775759 0.6207224
vn -0.670128 0.3657337 0.6458848
vn -0.7243396 0.2877567 0.6265207
vn -0.7199026 0.2494604 0.6476956
vn -0.6765447 0.4163213 0.6074241
vn -0.530198 0.5775759 0.6207224
vn -0.4689998 0.6554942 0.5919178
vn -0.4689998 0.6554942 0.5919178
vn -0.530198 0.5775759 0.6207224
vn -0.4733126 0.6496842 0.5948828
vn -0.03065899 0.8102769 0.5852447
vn -0.4563001 0.6360409 0.622288
vn 0.05944509 0.8337067 0.5489985
vn -0.03065899 0.8102769 0.5852447
vn -0.4563001 0.6360409 0.622288
vn 0.3415555 0.847997 0.4052663
vn 0.01465891 0.9238862 0.3823862
vn -0.03065899 0.8102769 0.5852447
vn 0.01465891 0.9238862 0.3823862
vn -0.0546664 0.9252771 0.3753318
vn -0.7195569 0.2504251 0.6477077
vn -0.7264118 0.24348 0.6426846
vn -0.7199026 0.2494604 0.6476956
vn 0.388044 0.407094 0.8268594
vn 0.425827 0.3229463 0.8452083
vn 0.425827 0.3229463 0.8452083
vn 0.4598436 0.235942 0.8560813
vn 0 1 0
vn 0 1 0
vn 0 1 0
vn 0 1 0
vn 0.3727835 0.4732519 0.7981635
vn 0.3828681 0.4571664 0.8027521
vn 0.3828681 0.4571664 0.8027521
vn 0.3928066 0.4409066 0.8070344
vn -0.8895746 0.1418528 0.4342059
vn -0.8879175 0.1162136 0.4450808
vn -0.8879175 0.1162136 0.4450808
vn -0.8855693 0.09048387 0.4556091
vn 0 1 0
vn 0 1 0
vn 0 1 0
vn 0 1 0
vn -0.8294125 0.384944 0.4048372
vn -0.8264018 0.3050775 0.4732735
vn -0.8264018 0.3050775 0.4732735
vn -0.8142419 0.2218333 0.53647
vn 0.4011886 0.1785902 0.8984171
vn 0.407049 0.1651762 0.8983474
vn 0.407049 0.1651762 0.8983474
vn 0.412822 0.1517268 0.8980851
vn -0.8820838 0.1395252 0.4499567
vn -0.8788652 0.09977101 0.4665207
vn -0.8788652 0.09977101 0.4665207
vn -0.8740075 0.05983076 0.4822147
vn -0.01732178 0.9995502 0.02448009
vn -0.005825147 0.9999686 0.005372615
vn -0.0309048 0.9990494 0.03074267
vn -0.01335766 0.9998608 0.009997059
vn -0.02196277 0.9995258 0.0215811
vn -0.02428488 0.9996641 0.009057024
vn -0.04558117 0.9980155 0.04344425
vn -0.04844841 0.9971208 0.0583331
vn 0.3514548 0.407794 0.8427239
vn 0.3802315 0.3765622 0.8447633
vn 0.3802315 0.3765622 0.8447633
vn 0.4083208 0.3446496 0.8452756
vn -0.8691152 0.1798393 0.4607564
vn -0.8511358 0.1352085 0.5072342
vn -0.8511358 0.1352085 0.5072342
vn -0.829347 0.08997262 0.551442
vn -0.04844841 0.9971208 0.0583331
vn -0.0309048 0.9990494 0.03074267
vn -0.04558117 0.9980155 0.04344425
vn 0.4126617 0.1694624 0.894982
vn 0.3902249 0.2257721 0.8926094
vn 0.3902249 0.2257721 0.8926094
vn 0.3663522 0.2812511 0.886952
vn -0.867058 0.1762488 0.4659902
vn -0.8654462 0.1337971 0.4828057
vn -0.8654462 0.1337971 0.4828057
vn -0.8620277 0.0910661 0.4986132
vn -0.1816791 -0.4437934 -0.8775193
vn -0.1816809 -0.4437905 -0.8775205
vn -0.1816809 -0.4437905 -0.8775205
vn -0.1816826 -0.4437874 -0.8775216
vn 0.7937493 -0.1457653 -0.5905206
vn 0.7976167 -0.1777326 -0.5763842
vn 0.7976167 -0.1777326 -0.5763842
vn 0.8004975 -0.2094802 -0.5615351
vn 0 1 0
vn 0 1 0
vn 0.1935036 0.9810855 0.005240961
vn -0.09232115 0.9748474 0.2028527
vn 0 1 0
vn -0.1700499 0.9799973 0.1033847
vn 0 1 0
vn 0.1777203 0.9736472 -0.1429224
vn -0.2358361 0.8221068 0.5181909
vn 0.05504451 0.9884277 0.1413536
vn 0.1085668 0.9399558 -0.3235683
vn 0.1777203 0.9736472 -0.1429224
vn 0.2605098 0.5738614 -0.7764135
vn 0.2605098 0.5738614 -0.7764135
vn 0.2605098 0.5738614 -0.7764135
vn -0.1839698 0.4697202 -0.863434
vn -0.02248219 0.9583849 0.2845926
vn -0.1113209 0.8166995 0.566224
vn -0.118667 0.929906 0.3481281
vn 0.05905859 0.8250543 0.5619587
vn -0.1106537 0.5856473 0.8029776
vn 0.3007831 0.652862 0.6951984
vn 0.5501306 0.7551585 0.3564996
vn 0.7876337 0.4725783 0.3953516
vn 0.8432509 0.4752122 0.2511996
vn 0.6291785 0.7333308 0.257605
vn 0.199658 0.9650456 0.1697754
vn 0.3030069 0.9088669 0.2866143
vn 0.9287923 0.2715879 0.2521604
vn -0.04184223 0.994512 0.09589163
vn 0.001353208 0.9999181 0.0127232
vn -0.8902613 -0.09247112 0.4459641
vn -0.8902613 -0.09247112 0.4459641
vn -0.9785368 0.01942511 0.2051542
vn -0.7322757 -0.1971266 0.6518537
vn -0.6155751 -0.4694308 -0.6330104
vn -0.6155751 -0.4694308 -0.6330104
vn -0.6155751 -0.4694308 -0.6330104
vn -0.1126247 0.9675634 0.2261345
vn -0.3094371 0.8043878 0.5071577
vn -0.1429294 0.9878126 0.06162431
vn -0.1383026 0.7832298 0.6061547
vn -0.3452867 0.487906 0.8017011
vn 0.0198481 0.5023808 0.8644186
vn 0.4558926 0.7070498 0.5405945
vn 0.5625117 0.441992 0.69873
vn 0.1380023 0.9877198 0.07324556
vn 0.348278 0.7856687 0.5112994
vn 0.1843477 0.9812096 -0.05695344
vn 0.5439909 0.8366297 0.06422496
vn 0.4558926 0.7070498 0.5405945
vn 0.7029042 0.5193878 0.4859651
vn 0.5503229 0.601996 0.5785719
vn 0.7029042 0.5193878 0.4859651
vn 0.5625117 0.441992 0.69873
vn 0.4238479 0.6883857 0.5886238
vn -0.494427 0.2515425 0.8320266
vn -0.494427 0.2515425 0.8320266
vn -0.494427 0.2515425 0.8320266
vn -0.9809611 0.07329252 -0.1798427
vn -0.9967212 0.02768659 -0.0760278
vn -0.9967212 0.02768659 -0.0760278
vn -0.9994185 -0.0182822 0.02878352
vn -0.06817042 0.9748297 0.2122733
vn -0.2035746 0.8405903 0.5019614
vn -0.1238078 0.9885802 -0.08591184
vn -0.06354484 0.8028336 0.5928071
vn -0.2279477 0.5401003 0.8101429
vn 0.03291167 0.5595256 0.8281593
vn 0.3943895 0.7465528 0.535832
vn 0.5348714 0.4973632 0.683039
vn 0.1056765 0.9929175 -0.0542879
vn 0.2975816 0.8087664 0.5072891
vn 0.09839917 0.9001196 -0.4243846
vn 0.4733087 0.8808903 -0.003321446
vn 0.4734937 0.6601485 0.5831019
vn 0.6852441 0.5290493 0.500547
vn 0.5348714 0.4973632 0.683039
vn 0.5681268 0.5932366 0.5703528
vn 0.3943895 0.7465528 0.535832
vn 0.3670363 0.8938818 0.2574095
vn 0.6852441 0.5290493 0.500547
vn 0.1056765 0.9929175 -0.0542879
vn 0.3568306 0.7948804 0.4907514
vn -0.09861503 0.5091082 0.8550345
vn -0.09861503 0.5091082 0.8550345
vn -0.9321035 0.1050829 -0.346613
vn -0.9754279 0.04176969 -0.216323
vn -0.9754279 0.04176969 -0.216323
vn -0.996453 -0.02249845 -0.08108752
vn -0.009407181 0.9999044 -0.01013306
vn 0.01177497 0.9997467 -0.01917963
vn 0.008455118 0.9965833 -0.08216029
vn 0.03046328 0.9978881 -0.05736943
vn -0.4808888 0.4933618 -0.7248034
vn -0.04887892 0.529799 -0.8467135
vn -0.002190351 0.998049 -0.06239673
vn -0.4908423 0.7565744 -0.432052
vn -0.5082341 0.5862672 -0.6308636
vn -0.6114039 0.7912647 -0.009236013
vn -0.3040284 0.9318076 -0.1982457
vn -0.4951598 0.8310332 0.2533785
vn -0.5274637 0.7237208 0.4449832
vn -0.3847878 0.6745454 0.6300213
vn -0.09248911 0.7428707 0.6630151
vn -0.409136 0.3675311 0.8351818
vn -0.1454045 0.5135116 0.8456734
vn 0.1707543 0.756305 -0.6315423
vn 0.2794016 0.5740353 -0.769687
vn -0.002190351 0.998049 -0.06239673
vn 0.509863 0.6036655 -0.6128848
vn 0.6632475 0.6375634 -0.3919383
vn 0.440999 0.2837366 -0.8514772
vn 0.07511277 0.2025631 -0.9763842
vn -0.04887892 0.529799 -0.8467135
vn 0.5228573 0.8380786 -0.1557065
vn 0.7742922 0.6322661 -0.02666435
vn 0.636699 0.7117278 0.2967458
vn 0.5885306 0.7007486 0.4032157
vn 0.4181558 0.7470066 0.5168431
vn 0.7345085 0.4112278 0.5398046
vn 0.7115573 0.3980106 0.5790282
vn 0.5012622 0.6418129 0.5803553
vn 0.8808575 0.4015383 0.2507128
vn 0.9292121 0.3682 -0.03152306
vn 0.8854853 0.3238595 -0.3332129
vn 0.6632475 0.6375634 -0.3919383
vn -0.09248911 0.7428707 0.6630151
vn 0.1288273 0.5138311 0.8481634
vn 0.4106395 0.4913743 0.7680667
vn 0.4181558 0.7470066 0.5168431
vn -0.09248911 0.7428707 0.6630151
vn 0.2941498 0.815747 0.4980289
vn -0.1332138 0.8596562 0.4931991
vn -0.9256487 0.2209531 0.3071713
vn -0.9710754 0.1885207 0.1465351
vn -0.9819379 0.1635632 -0.09510531
vn -0.7451367 0.2860691 0.6024414
vn -0.8282822 0.5519342 -0.09652502
vn -0.9711 0.1862283 -0.1492771
vn -0.8840393 0.1559774 -0.4406194
vn -0.7897642 0.1380692 -0.59767
vn -0.5274637 0.7237208 0.4449832
vn -0.7451367 0.2860691 0.6024414
vn -0.7582804 0.6073995 0.2368053
vn -0.4519053 0.5441813 0.7068581
vn -0.409136 0.3675311 0.8351818
vn 0.7325712 0.5004272 -0.461424
vn 0.7395043 0.2507447 -0.6247084
vn 0.8854853 0.3238595 -0.3332129
vn 0.509863 0.6036655 -0.6128848
vn 0.440999 0.2837366 -0.8514772
vn -0.1102541 0.3788567 -0.9188643
vn -0.4527301 0.1111474 -0.884693
vn 0.07511277 0.2025631 -0.9763842
vn -0.5046123 0.3412388 -0.7930464
vn -0.4808888 0.4933618 -0.7248034
vn -0.7897642 0.1380692 -0.59767
vn -0.8059424 0.3875403 -0.4475149
vn -0.4615743 0.8035799 -0.375777
vn -0.6730508 0.2929097 -0.679122
vn -0.4183436 0.5898213 -0.6907238
vn -0.68693 0.2949744 -0.6641666
vn -0.7894124 0.3697785 -0.4899916
vn -0.7227022 0.05044383 -0.6893164
vn -0.9177701 0.1267929 -0.3763265
vn -0.8625935 0.5053092 0.02439475
vn -0.2324811 0.9723521 -0.0219972
vn -0.9444277 0.2345475 0.2303124
vn -0.6102607 0.5835001 0.5358262
vn -0.03971895 0.9976228 -0.05631258
vn -0.5625451 0.2852278 0.7760078
vn -0.2066536 0.5780175 0.7894238
vn 0.1083927 0.990361 0.08623321
vn 0.03511224 0.5658442 0.8237643
vn 0.2731822 0.5698814 0.7749881
vn 0.5241724 0.5485945 0.6513733
vn 0.5599095 0.644056 0.5212421
vn -0.1408736 0.2677232 0.9531416
vn 0.09424637 0.2501439 0.9636107
vn 0.4588909 0.2227742 0.8601109
vn 0.630267 0.1988463 0.7504822
vn 0.7342433 0.4091148 0.5417675
vn 0.9298416 0.1421307 0.3394015
vn -0.03971895 0.9976228 -0.05631258
vn 0.06880996 0.4394065 -0.8956491
vn 0.3502515 0.6715354 -0.6529655
vn 0.1754407 0.978911 0.1046599
vn 0.3016442 0.8805314 -0.3656163
vn 0.4183072 0.8768324 -0.2370318
vn 0.41392 0.8940065 -0.1715301
vn 0.4031973 0.9149817 -0.01550426
vn 0.3265671 0.9297789 0.1698976
vn 0.809178 0.1755449 0.5607273
vn 0.9959897 0.0881284 0.0154221
vn 0.9298416 0.1421307 0.3394015
vn 0.994013 0.07298161 -0.0813131
vn 0.951322 0.04028147 -0.3055551
vn 0.9018421 0.02221651 -0.4314942
vn 0.8596032 0.007684342 -0.5109045
vn 0.8807361 0.01128203 -0.473473
vn 0.7558485 0.007574971 -0.6547028
vn 0.5418211 -0.0008538275 -0.8404934
vn -0.7069126 0.0470089 -0.7057369
vn -0.697825 0.04552903 -0.7148199
vn -0.6530068 0.3551692 -0.6689073
vn 0.5418211 -0.0008538275 -0.8404934
vn 0.2892102 0.310539 -0.905496
vn 0.3042385 -0.008617085 -0.952557
vn 0.6735824 0.2573663 -0.6928558
vn -0.456363 0.615732 -0.6423449
vn -0.09780455 0.6882102 -0.7188888
vn 0 0.9997442 -0.02261502
vn 0.358337 0.7782465 -0.5156809
vn -0.6379488 0.6895975 -0.3427488
vn -0.6759212 0.7267877 -0.1221074
vn -0.5429826 0.819949 0.1812556
vn -0.3238353 0.8755196 0.358603
vn 0.4709361 0.793373 -0.3857181
vn 0.4799098 0.8276705 -0.2909434
vn 0.5031314 0.8639991 -0.01908809
vn 0.3981454 0.8993104 0.1808898
vn 0.258837 0.8962334 0.3602348
vn 0.1375005 0.8803827 0.4538943
vn 0.0294027 0.8717369 0.4890911
vn -0.1655208 0.8648316 0.4739929
vn -0.9328193 0.3448911 0.1043949
vn -0.9375106 0.2719739 -0.2170348
vn -0.6111478 0.4807661 0.6287785
vn -0.2484978 0.4760148 0.8435987
vn 0.07185186 0.4991418 0.8635362
vn 0.2651082 0.5248634 0.8088486
vn 0.5125527 0.5688506 0.6431941
vn 0.7520404 0.5852323 0.3032132
vn 0.8574395 0.5145844 -0.0004724796
vn 0.7915351 0.5303289 -0.3036832
vn -0.9848541 0.03059275 -0.170665
vn -0.8946881 0.0418821 -0.4447237
vn -0.7739202 0.2324848 -0.5890657
vn -0.4858424 0.2067672 -0.8492376
vn 0.1426249 0.3637161 -0.9205263
vn 0.6079875 0.4498619 -0.6541984
vn 0.6804202 0.4544863 -0.5748657
vn -0.1339233 0.143239 -0.980585
vn -0.5902839 0.06954517 -0.8041942
vn 0.5463992 0.2348638 -0.8039197
vn -0.9273811 0.05184891 0.3705076
vn -0.6065943 0.07945415 0.7910312
vn -0.1831383 0.1226138 0.9754108
vn 0.1299751 0.1566934 0.9790576
vn 0.3507239 0.1913398 0.9167234
vn 0.6821304 0.2547922 0.6854042
vn 0.9183559 0.2950482 0.2637595
vn 0.9521701 0.2955154 -0.07773453
vn 0.8248259 0.2704576 -0.4965027
vn 0.7915351 0.5303289 -0.3036832
vn 0.6804202 0.4544863 -0.5748657
vn 0.8248259 0.2704576 -0.4965027
vn 0.7501742 0.2506098 -0.6119097
vn 0.6079875 0.4498619 -0.6541984
vn 0.5463992 0.2348638 -0.8039197
vn -0.1068554 0.9662348 -0.2344613
vn -0.5433565 0.4286002 -0.7218486
vn -0.06414028 0.4443414 -0.8935584
vn -0.04495966 0.9700033 -0.238898
vn 0.05749955 0.5279922 -0.8473004
vn 0.3892558 0.5094747 -0.7674083
vn -0.3012612 0.9444211 -0.1315691
vn -0.8675151 0.2679891 -0.4190457
vn -0.6503353 0.3363625 -0.6811199
vn -0.3286139 0.9198288 -0.2143078
vn -0.8875005 0.2872259 -0.360339
vn -0.8675151 0.2679891 -0.4190457
vn -0.888799 -0.05373673 -0.4551357
vn -0.9544693 -0.06447323 -0.2912587
vn -0.9548206 0.2303496 -0.1877676
vn -0.978773 -0.07043707 -0.1924632
vn -0.8093456 -0.02606546 -0.586754
vn -0.7078692 0.2038675 -0.6762833
vn -0.2755071 0.09506673 -0.9565867
vn -0.6503353 0.3363625 -0.6811199
vn -0.1132299 0.3215379 -0.9401023
vn -0.2476047 0.9655672 -0.07982512
vn -0.8873574 0.4591914 -0.04171514
vn -0.8875005 0.2872259 -0.360339
vn -0.09859397 0.9950328 -0.0137521
vn -0.2274528 0.8763953 0.4244954
vn -0.4930292 0.8601815 0.1304222
vn -0.07998954 0.9946504 -0.06536218
vn 0.3892558 0.5094747 -0.7674083
vn 0.7307482 0.5943083 -0.335864
vn 0.1183243 0.9929629 0.004914253
vn 0.7300052 0.6560827 -0.1914365
vn 0.7990038 0.5881649 -0.1251196
vn 0.8001661 0.5973598 0.05380935
vn 0.5689053 0.7898611 0.229055
vn 0.9541017 0.2959507 -0.04586197
vn 0.9468219 0.2938506 -0.1310733
vn 0.7307482 0.5943083 -0.335864
vn 0.7506416 0.2793314 -0.598758
vn 0.8577831 0.2693129 0.4378111
vn 0.6110215 0.5858964 0.5323328
vn 0.7831036 0.4762133 -0.3999622
vn 0.3892558 0.5094747 -0.7674083
vn 0.3350311 0.2035999 -0.9199463
vn -0.06414028 0.4443414 -0.8935584
vn -0.2755071 0.09506673 -0.9565867
vn 0.2671532 0.7450851 0.611128
vn 0.08334715 0.9949288 0.05630235
vn 0.6110215 0.5858964 0.5323328
vn -0.1000602 0.6770155 0.7291351
vn -0.005005698 0.9959125 0.0901838
vn 0.1296542 0.4940349 0.8597203
vn -0.1955639 0.4186654 0.8868337
vn -0.2838848 0.6688941 0.6870152
vn -0.07192959 0.9963204 0.04660318
vn -0.4858202 0.2311321 0.8429453
vn -0.2250001 0.2600009 0.9390284
vn -0.4141774 -0.004706315 0.910184
vn -0.1532257 0.03504045 0.9875697
vn -0.1955639 0.4186654 0.8868337
vn 0.09428167 0.3316884 0.938666
vn -0.1532257 0.03504045 0.9875697
vn 0.3458271 0.145643 0.926926
vn -0.6375145 -0.03260119 0.7697483
vn -0.5315374 -0.01894423 0.8468229
vn -0.6375253 -0.0326011 0.7697394
vn -0.4141774 -0.004706315 0.910184
vn 0.1296542 0.4940349 0.8597203
vn 0.6366832 0.4504897 0.6258542
vn 0.3458271 0.145643 0.926926
vn 0.8577831 0.2693129 0.4378111
vn -0.632135 0.7669598 0.1103532
vn -0.6083657 0.7724354 0.1823037
vn -0.4745997 0.8678082 0.147187
vn -0.5989342 0.730656 0.3277494
vn -0.810793 0.5654495 0.151266
vn -0.6954017 0.7127763 0.09146813
vn -0.7871002 0.6157634 -0.03617417
vn -0.87053 0.4918453 -0.01630408
vn -0.8613005 0.4972073 -0.1046251
vn -0.6549927 0.7474352 -0.1110189
vn -0.785537 0.618252 -0.02638365
vn -0.6985493 0.7051598 0.1215676
vn -0.7101024 0.7040555 0.007767807
vn -0.8441759 0.463281 0.2696995
vn -0.785537 0.618252 -0.02638365
vn -0.9756881 0.2130379 -0.0514548
vn -0.5495011 0.7570682 0.3534069
vn -0.532004 0.8380884 -0.1207457
vn -0.2529808 0.9591247 0.1268089
vn -0.4783659 0.7903429 0.3827849
vn -0.424924 0.9051833 -0.009102451
vn -0.5840564 0.7791343 -0.2276574
vn -0.5494114 0.8257101 -0.1278669
vn -0.4144895 0.9056685 -0.0892355
vn -0.5264413 0.8495477 0.03358887
vn -0.4750061 0.8275479 0.2992218
vn -0.5555603 0.8231672 -0.1172542
vn -0.6760959 0.7333487 -0.07137343
vn -0.621195 0.7529467 -0.2172283
vn -0.5925328 0.8030491 -0.06338037
vn -0.6617655 0.7222639 0.2010005
vn -0.7117364 0.6760275 0.1908357
vn -0.7429044 0.6684283 0.03601077
vn -0.5252094 0.8457053 -0.0945387
vn -0.06388255 0.9956482 0.06785062
vn -0.4201708 0.9055863 -0.05805209
vn -0.2206572 0.9753119 -0.008784679
vn -0.5679095 0.7426631 0.3548668
vn -0.6129469 0.7200667 0.3252695
vn -0.5129978 0.7915682 0.3320438
vn -0.418278 0.7776413 0.4693799
vn -0.4978919 0.7984938 0.3383952
vn -0.2720963 0.8035063 0.5294726
vn -0.412261 0.8414202 0.3493604
vn -0.5939145 0.7361124 0.3246602
vn -0.6038506 0.7563486 0.2515973
vn -0.4533446 0.817956 0.3541563
vn -0.4173279 0.8839144 0.2110282
vn -0.3849567 0.8394962 0.3834767
vn -0.2763393 0.8752544 0.3969462
vn -0.6170706 0.7864051 0.02812319
vn -0.3959214 0.8236356 0.4060426
vn -0.5625963 0.8163565 0.130566
vn -0.1607469 0.8398931 0.5184014
vn -0.4974996 0.8590299 0.1206726
vn -0.7648176 0.5825098 0.2752024
vn -0.7451212 0.6413524 0.1829241
vn -0.2400796 0.5549768 0.7964689
vn -0.07658 0.9247311 0.3728378
vn -0.2561089 0.5871651 0.7678838
vn -0.1810895 0.2792279 0.9429944
vn -0.2723244 0.1683975 0.9473552
vn -0.4959468 0.3251898 0.8051637
vn -0.4803534 0.647859 0.5912185
vn -0.4244206 0.362517 0.829728
vn -0.349087 0.7184187 0.6016751
vn -0.2853796 0.5507404 0.7843746
vn -0.2693609 0.9429597 0.1956321
vn 0.2515449 0.8106983 0.5286715
vn 0.1079709 0.6234046 0.7744087
vn 0.259245 0.8806974 0.3964391
vn -0.2402895 0.9118257 0.3329186
vn -0.005645327 0.9306087 0.3659717
vn 0.3140447 0.8581481 0.40615
vn -0.3555148 0.8279774 0.4336619
vn -0.1596783 0.827019 0.53902
vn -0.02490111 0.9496439 0.3123402
vn -0.1036159 0.8228774 0.5586917
vn -0.01241403 0.8242708 0.5660596
vn 0.00185755 0.909158 0.4164472
vn -0.1788271 0.9314009 0.3170382
vn 0.1098272 0.88979 0.442958
vn 0.1831034 0.8072744 0.5610537
vn 0.3280547 0.9160782 0.2306097
vn 0.4069253 0.8956057 0.1797279
vn 0.08977299 0.9404935 0.3277387
vn 0.09490154 0.9479949 0.3038079
vn 0.03889379 0.8971311 0.4400491
vn 0.3778788 0.7634881 0.5237305
vn 0.2368192 0.8944383 0.3793371
vn 0.1290543 0.9536702 0.2717684
vn 0.1996867 0.9261099 0.3200713
vn 0.3141111 0.723227 0.6150422
vn 0.2575923 0.8406907 0.476325
vn 0.3174278 0.8402736 0.4395225
vn 0.673177 0.7394019 -0.01084788
vn 0.2509391 0.9453234 0.2083105
vn 0.3731914 0.8398711 0.394138
vn 0.4124448 0.9035646 -0.1160186
vn 0.3058952 0.8227535 0.4790665
vn 0.110734 0.8287218 0.5485966
vn 0.1286651 0.8929741 0.4313263
vn 0.1700808 0.9087747 0.3810526
vn 0.3420663 0.884545 0.317129
vn 0.06501433 0.8833862 0.4641142
vn 0.4738099 0.8145449 0.3346951
vn -0.02439472 0.9918613 0.1249636
vn 0.2448102 0.9507881 0.1899204
vn 0.1842201 0.9288324 0.3214553
vn 0.1887027 0.9701883 0.1520723
vn -0.117196 0.9906709 0.06954207
vn 0.1577639 0.9837352 0.08588161
vn -0.07811628 0.9846998 0.1557689
vn 0.1299426 0.9864314 0.1003391
vn -0.04736659 0.9941832 0.09672765
vn 0.1222558 0.9898808 0.07203936
vn 0.3542751 0.7952814 0.4919518
vn 0.4903736 0.8248562 0.2813292
vn 0.5637316 0.8158875 -0.128585
vn 0.4515769 0.8676013 -0.2081977
vn 0.3633095 0.7543112 0.546828
vn 0.284675 0.7863289 0.5483128
vn 0.2070652 0.6819127 0.701512
vn 0.2343213 0.8424948 0.4850733
vn 0.1919546 0.7705267 0.6078174
vn 0.02502196 0.7713154 0.6359611
vn 0.1028348 0.8130221 0.5730795
vn 0.4237579 0.8358178 0.3490528
vn 0.4960963 0.8676211 0.03349959
vn 0.5659577 0.7878304 -0.2429302
vn 0.6722066 0.7332354 0.1024894
vn 0.4861651 0.8548868 0.1811407
vn 0.4616874 0.8807076 -0.1058242
vn 0.04601178 0.9203653 0.3883435
vn -0.06905621 0.7515057 0.6561024
vn -0.2359891 0.8506608 0.4697716
vn -0.009920173 0.8132163 0.5818769
vn 0.09866605 0.809105 0.5793222
vn 0.1356586 0.7970315 0.5885044
vn 0.7067678 0.707437 -0.003465428
vn 0.1419982 0.9532663 -0.266683
vn -0.7101024 0.7040555 0.007767807
vn -0.6549927 0.7474352 -0.1110189
vn -0.5185066 0.8477209 -0.1118935
vn -0.8693705 0.4938735 -0.01684705
vn -0.9791999 -0.07610238 -0.1880851
vn -0.9390661 0.2981265 -0.1711007
vn -0.8572738 0.514796 -0.008179647
vn -0.6247834 0.6132522 0.4832882
vn -0.8870206 0.4431149 -0.1297831
vn -0.418278 0.7776413 0.4693799
vn -0.4862908 0.7278194 0.4835291
vn -0.265907 0.6817443 0.6815557
vn -0.7369948 0.5728251 0.3587618
vn -0.7549485 0.2511182 0.6057989
vn -0.2400796 0.5549768 0.7964689
vn -0.9302897 0.3667789 0.00585648
vn -0.9449197 0.2203034 0.2420604
vn -0.7648176 0.5825098 0.2752024
vn -0.7732987 0.6058331 0.1870171
vn -0.8710877 0.485209 -0.07601541
vn -0.3434572 0.7655599 0.5440177
vn -0.8705466 0.4552816 -0.1867277
vn -0.6273608 0.7772567 -0.0478592
vn -0.2570011 0.9662578 0.01721887
vn -0.4356974 0.8969403 -0.07527226
vn -0.8127087 0.5550067 -0.1774039
vn -0.2527011 0.9553018 0.1534293
vn -0.242752 0.9683121 -0.05867754
vn -0.1691811 0.9389967 0.2994376
vn -0.09090371 0.7134635 0.6947708
vn -0.1642639 0.6807941 0.7138184
vn -0.1898312 0.862846 0.4684666
vn -0.08322375 0.9099756 0.4062245
vn -0.1383263 0.8843103 0.4459386
vn 0.4566137 0.5725492 0.6809489
vn 0.2184751 0.6651643 0.7140203
vn 0.4427848 0.6391551 0.628826
vn -0.008107827 0.5068816 0.8619776
vn 0.0203089 0.9446598 0.3274223
vn -0.01963175 0.6895705 0.7239525
vn 0.1217756 0.989542 0.07731212
vn -0.09271948 0.9716445 0.2175089
vn 0.05917462 0.9972991 0.04350748
vn -0.1706162 0.9825391 0.07421035
vn -0.296796 0.8912202 0.342985
vn -0.1397865 0.7490283 0.6476237
vn -0.5208529 0.5841703 0.6224607
vn -0.1788271 0.9314009 0.3170382
vn -0.1178619 0.83516 0.5372301
vn -0.02490111 0.9496439 0.3123402
vn -0.2667151 0.9608126 -0.07551298
vn -0.09271948 0.9716445 0.2175089
vn -0.2436138 0.9471158 0.2088636
vn -0.2667151 0.9608126 -0.07551298
vn 0.4427848 0.6391551 0.628826
vn 0.07457905 0.4977373 0.8641155
vn 0.0694695 0.5786068 0.8126428
vn -0.008107827 0.5068816 0.8619776
vn -0.4968472 0.4595597 0.736171
vn -0.01963175 0.6895705 0.7239525
vn -0.5208529 0.5841703 0.6224607
vn -0.6848951 0.3971964 0.6108631
vn -0.6782328 0.3494035 0.6464652
vn -0.5159295 0.6549528 0.5521356
vn -0.5372969 0.5560682 0.6341137
vn -0.4173402 0.6313218 0.6536512
vn -0.4396231 0.4833965 0.7570068
vn -0.373571 0.8965988 -0.2378134
vn -0.5499164 0.7831199 -0.290371
vn -0.2048976 0.9376103 -0.2808983
vn 0.6663572 0.7395441 0.0950933
vn 0.1996867 0.9261099 0.3200713
vn 0.2692465 0.8390132 0.4728247
vn 0.3802016 0.7912011 -0.4790068
vn 0.4801176 0.8035226 -0.3519069
vn 0.6620922 0.7407861 -0.1134457
vn 0.2378508 0.9425144 -0.2347202
vn 0.4515769 0.8676013 -0.2081977
vn 0.2070652 0.6819127 0.701512
vn 0.2388241 0.7977599 0.5536625
vn 0.1148348 0.7675979 0.6305604
vn 0.1028348 0.8130221 0.5730795
vn 0.2343213 0.8424948 0.4850733
vn 0.2683116 0.9114588 0.3118517
vn 0.2507885 0.9150924 0.3157706
vn 0.173027 0.8851987 0.4318388
vn 0.2767763 0.8965417 0.3458437
vn 0.5384474 0.7420835 0.3992324
vn 0.3923315 0.8020821 0.4502669
vn 0.2274782 0.9704238 0.08081716
vn 0.2566113 0.8944615 0.3661821
vn 0.1356586 0.7970315 0.5885044
vn 0.1054131 0.8517828 0.5131806
vn 0.1899866 0.9236836 0.3327368
vn -0.3025997 0.9106142 -0.2814521
vn -0.0298516 0.9776444 -0.2081354
vn -0.1543716 0.9469069 -0.2820226
vn 0.1448064 0.9894118 -0.009764628
vn 0.3625895 0.9202191 0.1473961
vn 0.1805455 0.9825302 0.04514043
vn 0.1098339 0.974771 0.1943145
vn 0.04601178 0.9203653 0.3883435
vn -0.2359891 0.8506608 0.4697716
vn 0.03139559 0.9065409 0.4209489
vn 0.3715806 0.8475531 0.3789217
vn 0.2570131 0.9663704 0.0085204
vn -0.1908993 0.8707777 0.4531046
vn 0.3033987 0.8242003 0.4781664
vn 0.4043317 0.7992501 0.4446519
vn 0.5055418 0.8118675 0.2920592
vn 0.5086648 0.7938319 0.333303
vn 0.5734264 0.7881713 0.2235355
vn 0.5672314 0.728456 0.3841881
vn 0.5922747 0.7281792 0.3449139
vn 0.6931931 0.5879155 0.4169396
vn 0.6716059 0.5167953 0.5309125
vn 0.5124254 0.6236878 0.5902827
vn 0.09866605 0.809105 0.5793222
vn 0.03061319 0.8370867 0.546213
vn 0.5384474 0.7420835 0.3992324
vn 0.4607643 0.7172578 0.5227212
vn 0.4506328 0.7347033 0.5070909
vn 0.4501086 0.8688088 0.2063334
vn 0.4350794 0.7452502 0.5052803
vn 0.4616275 0.7417207 0.48657
vn 0.4067525 0.859871 0.3085032
vn -0.004930972 0.971305 -0.2377864
vn 0.1419982 0.9532663 -0.266683
vn 0.2836848 0.9521224 -0.1139557
vn -0.2176529 0.9352381 -0.2792075
vn 0.311756 0.9336841 0.1761885
vn 0.3923315 0.8020821 0.4502669
vn 0.5124254 0.6236878 0.5902827
vn 0.1356586 0.7970315 0.5885044
vn 0.2009432 0.7695329 0.6061691
vn -0.280248 0.9434644 0.1770199
vn -0.3237048 0.9214866 0.2146571
vn -0.2687967 0.9029422 0.3353263
vn 0.07942182 0.9966326 -0.02038778
vn -0.0391806 0.9377645 0.3450547
vn -0.09727886 0.9931184 -0.06521221
vn 0.06297939 0.9979717 -0.009272533
vn -0.1608727 0.9848779 -0.0643067
vn -0.1605344 0.9821816 -0.09771316
vn 0.09773345 0.9711051 0.217722
vn -0.04767691 0.9780919 0.2026404
vn -0.1457788 0.9886019 0.03761639
vn -0.2259746 0.9714001 -0.07291961
vn 0.1712592 0.9632422 0.2069651
vn 0.05304138 0.9721739 0.2281764
vn 0 1 0
vn 0 1 0
vn -0.04848457 0.9776618 0.204516
vn 0 1 0
vn -0.1401927 0.9802662 0.1393712
vn 0 1 0
vn -0.209773 0.9755766 0.06515688
vn 0 1 0
vn -0.2371447 0.970156 -0.05059454
vn 0 1 0
vn -0.2289099 0.9526367 -0.2002089
vn 0 1 0
vn -0.1088568 0.9191225 -0.3786347
vn 0 1 0
vn 0.03318719 0.9054601 -0.4231319
vn 0 1 0
vn 0.1714645 0.941615 -0.2897604
vn 0 1 0
vn 0.390469 0.8874856 -0.2447512
vn 0 1 0
vn 0.3879427 0.9183664 -0.07812695
vn 0 1 0
vn 0.3077048 0.9467945 0.094329
vn 0 1 0
vn -0.006338942 0.6137797 -0.789452
vn 0.2988863 0.6118104 -0.7323627
vn 0.2687207 0.8938634 -0.3588833
vn 0.6461319 0.7582772 0.08677211
vn 0.5270894 0.8323032 -0.1716042
vn 0.705926 0.6643756 -0.2455069
vn -0.01616286 0.9937568 0.1103919
vn 0.4363547 0.8931837 0.1087088
vn 0.6717544 0.5386698 -0.5085084
vn 0.2687207 0.8938634 -0.3588833
vn 0.4872271 0.5824034 -0.6507043
vn 0.2988863 0.6118104 -0.7323627
vn -0.3177027 0.7318669 -0.6028563
vn -0.3206733 0.9274148 -0.192537
vn -0.43887 0.8513005 -0.2875423
vn -0.1173567 0.9874563 0.1056295
vn -0.418278 0.7776413 0.4693799
vn -0.5613933 0.8153145 0.1417737
vn -0.2443004 0.7547455 0.6088322
vn -0.1383263 0.8843103 0.4459386
vn -0.1325336 0.7576449 0.6390689
vn -0.008993255 0.7249625 0.6887296
vn 0.02182227 0.8486297 0.528537
vn -0.132117 0.7096847 0.6920208
vn 0.06501433 0.8833862 0.4641142
vn -0.004279968 0.5603532 0.8282427
vn -0.4396231 0.4833965 0.7570068
vn -0.1263822 0.5533093 0.8233326
vn -0.3083274 0.7320626 0.6074688
vn -0.08883494 0.9719003 0.2179866
vn 0.1286651 0.8929741 0.4313263
vn -0.1640039 0.7625214 0.6258304
vn -0.228984 0.714384 0.6612275
vn 0.08637048 0.5742654 0.8141003
vn -0.3867686 0.4196042 0.8211835
vn -0.3529503 0.6477754 0.6751394
vn 0.1368898 0.6423394 0.7540964
vn -0.9923776 -0.05146437 -0.111973
vn -0.7418402 -0.2034598 -0.6389657
vn -0.9301344 -0.1201594 -0.3470038
vn -0.6541857 -0.2264201 -0.7216474
vn -0.3782185 -0.2700343 -0.885456
vn -0.1734221 -0.2834321 -0.9431813
vn 0.1369745 -0.2798351 -0.9502265
vn 0.2435561 -0.2721458 -0.9309227
vn 0.5344791 -0.2317146 -0.8127978
vn 0.7064805 -0.1896517 -0.6818487
vn 0.9018828 -0.1077658 -0.4183226
vn 0.9506742 -0.07220846 -0.3016695
vn 0.9997019 0.02166839 0.01124395
vn 0.9738385 0.08094572 0.2123355
vn 0 1 0
vn 0 1 0
vn 0 1 0
vn 0 1 0
vn 0 1 0
vn 0 1 0
vn 0 1 0
vn 0 1 0
vn 0 1 0
vn 0 1 0
vn 0 1 0
vn 0 1 0
vn 0 1 0
vn 0.9997019 0.02166839 0.01124395
vn 0.8511 0.1638124 0.4987927
vn 0.9738385 0.08094572 0.2123355
vn 0.7802516 0.1912515 0.5955085
vn 0.5112611 0.2533886 0.8212225
vn 0.2807293 0.2781007 0.9186136
vn -0.02964614 0.2842039 0.9583054
vn -0.1068705 0.2813959 0.953622
vn -0.3844711 0.2564516 0.8868002
vn -0.5772646 0.2228375 0.7855629
vn -0.7890728 0.1616358 0.5926533
vn -0.8377914 0.141347 0.527377
vn -0.9326764 0.08692594 0.3500837
vn -0.970881 0.05170622 0.2339154
vn -0.9923776 -0.05146437 -0.111973
vn -0.9301344 -0.1201594 -0.3470038
vn -0.08771043 0.7808666 0.6185098
vn 0.2387656 0.8403037 0.486704
vn 0.1079709 0.6234046 0.7744087
vn -0.4244206 0.362517 0.829728
vn 0.08637048 0.5742654 0.8141003
vn -0.0372213 0.5518968 0.8330813
vn -0.3867686 0.4196042 0.8211835
vn -0.4869757 0.2264769 0.8435419
vn -0.4478894 0.2161891 0.8675582
vn -0.1872983 0.1820643 0.9652833
vn -0.2713673 0.05021857 0.9611649
vn -0.3865706 0.416848 0.8226792
vn -0.0144111 0.3774005 0.9259381
vn -0.2223016 0.2857969 0.9321492
vn -0.9449197 0.2203034 0.2420604
vn -0.9641165 0.2094586 -0.1631148
vn -0.9765766 -0.09049803 -0.1952134
vn -0.1130253 0.9687783 -0.2206665
vn -0.5204946 0.618786 -0.5883786
vn -0.06660873 0.6462977 -0.7601727
vn -0.2964855 0.5157023 -0.8038329
vn 0.2701416 0.4825363 -0.833176
vn 0.3381795 0.6523033 -0.6783324
vn -0.03126748 0.9771779 -0.2101089
vn 0.6858152 0.4935071 -0.5348909
vn 0.6705661 0.6801996 -0.2960906
vn 0.01686409 0.9950197 -0.0982418
vn 0.9031071 0.416491 -0.10456
vn 0.7518217 0.6498488 -0.1116271
vn 0.09911819 0.9950264 -0.009903262
vn 0.7578073 0.6498598 0.05839793
vn 0.9118811 0.4098327 -0.02258494
vn -0.7031931 0.4825855 -0.5221404
vn -0.7273082 0.5909857 -0.3489394
vn -0.3338841 0.9217637 -0.1971627
vn -0.8685027 0.4370102 -0.233934
vn -0.8092126 0.5824927 -0.07666223
vn -0.3059091 0.9448831 -0.1166855
vn -0.9129114 0.3928357 0.1107829
vn -0.7796783 0.5791804 0.2380161
vn -0.2426934 0.9700664 -0.008445803
vn -0.824771 0.3495338 0.4444983
vn -0.5447909 0.6032833 0.5824534
vn -0.1449097 0.9886181 0.04043773
vn -0.4059946 0.3184903 0.8565817
vn -0.1504722 0.5605223 0.8143543
vn -0.07749118 0.9953442 0.0573153
vn -0.0713293 0.2447748 0.9669526
vn 0.1447537 0.5808398 0.801044
vn -0.0203157 0.9940265 0.1072309
vn 0.3755026 0.2734903 0.8855512
vn 0.5855635 0.6360277 0.5025776
vn 0.06635536 0.9957794 0.06340638
vn 0.8264617 0.3665139 0.4273508
vn 0.02699298 0.9996334 -0.002095123
vn -0.2323439 0.6559258 0.7181766
vn 0.51943 0.571678 0.6351194
vn 0.001363862 0.6652458 0.7466231
vn 0.3377624 0.5661137 0.7519521
vn 0.51943 0.571678 0.6351194
vn 0.2852266 0.8945012 0.3442578
vn -0.006621144 0.8448217 -0.5350069
vn -0.04460145 0.9595431 -0.2780066
vn -0.04460145 0.9595431 -0.2780066
vn 0.199717 0.979508 0.02601955
vn -0.4119551 0.8549026 0.3153323
vn -0.07898452 0.9968748 0.001415626
vn -0.5661148 0.5229589 0.6372034
vn -0.5618215 0.5644401 0.6047843
vn -0.5614923 0.5280728 0.6370759
vn -0.5423738 0.5353692 0.6474646
vn -0.4615874 0.7332119 0.499337
vn -0.5380089 0.5766227 0.6148598
vn -0.5379984 0.5766155 0.6148757
vn -0.5379666 0.57663 0.61489
vn -0.3413842 0.6347933 0.693177
vn 0.09925356 0.7676622 -0.633122
vn 0.09925263 0.7676603 -0.6331245
vn 0.09925263 0.7676603 -0.6331245
vn 0.09925171 0.7676584 -0.6331269
vn 0.8421878 0.3986965 0.3629888
vn 0.8421908 0.3986952 0.3629831
vn 0.8421908 0.3986952 0.3629831
vn 0.8421938 0.3986938 0.3629774
vn -0.8429216 -0.3624434 -0.3976406
vn -0.8429248 -0.3624378 -0.3976389
vn -0.8429248 -0.3624378 -0.3976389
vn -0.842928 -0.3624322 -0.3976371
vn -0.5379836 0.5766515 0.6148551
vn -0.5379841 0.5766511 0.614855
vn -0.5379841 0.5766511 0.614855
vn -0.5379845 0.5766507 0.6148549
g BRM_Head_Base_0
f 3/3/3 2/2/2 1/1/1
f 4/4/4 2/2/2 3/3/3
f 3/3/3 1/1/1 5/5/5
f 5/5/5 1/1/1 6/6/6
f 4/4/4 7/7/7 2/2/2
f 2/2/2 8/8/8 1/1/1
f 8/8/8 2/2/2 9/9/9
f 9/9/9 2/2/2 10/10/10
f 2/2/2 11/11/11 10/10/10
f 7/7/7 12/12/12 10/10/10
f 13/13/13 12/12/12 7/7/7
f 12/12/12 14/14/14 10/10/10
f 10/10/10 14/14/14 9/9/9
f 1/1/1 8/8/8 15/15/15
f 1/1/1 15/15/15 6/6/6
f 6/6/6 15/15/15 16/16/16
f 12/12/12 17/17/17 14/14/14
f 14/14/14 17/17/17 18/18/18
f 12/12/12 19/19/19 17/17/17
f 13/13/13 19/19/19 12/12/12
f 21/21/21 20/20/20 18/18/18
f 22/22/22 20/20/20 21/21/21
f 23/23/23 22/22/22 21/21/21
f 26/26/26 25/25/25 24/24/24
f 26/26/26 24/24/24 27/27/27
f 27/27/27 24/24/24 28/28/28
f 29/29/29 27/27/27 28/28/28
f 29/29/29 28/28/28 30/30/30
f 30/30/30 28/28/28 31/31/31
f 30/30/30 31/31/31 32/32/32
f 32/32/32 31/31/31 33/33/33
f 32/32/32 33/33/33 34/34/34
f 34/34/34 33/33/33 35/35/35
f 38/38/38 37/37/37 36/36/36
f 38/38/38 39/39/39 37/37/37
f 40/40/40 39/39/39 38/38/38
f 40/40/40 41/41/41 39/39/39
f 43/43/43 42/42/42 40/40/40
f 43/43/43 44/44/44 42/42/42
f 41/41/41 46/46/46 45/45/45
f 49/49/49 48/48/48 47/47/47
f 52/52/52 51/51/51 50/50/50
f 55/55/55 54/54/54 53/53/53
f 58/58/58 57/57/57 56/56/56
f 59/59/59 57/57/57 58/58/58
f 58/58/58 56/56/56 60/60/60
f 60/60/60 56/56/56 61/61/61
f 56/56/56 62/62/62 61/61/61
f 61/61/61 62/62/62 63/63/63
f 56/56/56 64/64/64 62/62/62
f 65/65/65 64/64/64 56/56/56
f 65/65/65 66/66/66 64/64/64
f 64/64/64 67/67/67 62/62/62
f 62/62/62 67/67/67 68/68/68
f 67/67/67 64/64/64 69/69/69
f 69/69/69 64/64/64 70/70/70
f 64/64/64 66/66/66 70/70/70
f 68/68/68 71/71/71 62/62/62
f 72/72/72 62/62/62 71/71/71
f 63/63/63 62/62/62 72/72/72
f 60/60/60 61/61/61 73/73/73
f 73/73/73 61/61/61 74/74/74
f 61/61/61 63/63/63 74/74/74
f 75/75/75 73/73/73 74/74/74
f 76/76/76 73/73/73 75/75/75
f 75/75/75 74/74/74 77/77/77
f 77/77/77 74/74/74 78/78/78
f 74/74/74 63/63/63 78/78/78
f 63/63/63 72/72/72 78/78/78
f 77/77/77 78/78/78 79/79/79
f 78/78/78 72/72/72 79/79/79
f 82/82/82 81/81/81 80/80/80
f 83/83/83 81/81/81 82/82/82
f 86/86/86 85/85/85 84/84/84
f 87/87/87 85/85/85 86/86/86
f 88/88/88 87/87/87 86/86/86
f 89/89/89 87/87/87 88/88/88
f 90/90/90 89/89/89 88/88/88
f 91/91/91 89/89/89 90/90/90
f 94/94/94 93/93/93 92/92/92
f 95/95/95 94/94/94 92/92/92
f 96/96/96 94/94/94 95/95/95
f 96/96/96 97/97/97 94/94/94
f 97/97/97 98/98/98 94/94/94
f 98/98/98 99/99/99 94/94/94
f 100/100/100 98/98/98 97/97/97
f 101/101/101 100/100/100 97/97/97
f 102/102/102 100/100/100 101/101/101
f 103/103/103 102/102/102 101/101/101
f 104/104/104 102/102/102 103/103/103
f 105/105/105 104/104/104 103/103/103
f 106/106/106 97/97/97 96/96/96
f 106/106/106 101/101/101 97/97/97
f 107/107/107 101/101/101 106/106/106
f 107/107/107 103/103/103 101/101/101
f 108/108/108 103/103/103 107/107/107
f 109/109/109 98/98/98 100/100/100
f 110/110/110 98/98/98 109/109/109
f 110/110/110 99/99/99 98/98/98
f 111/111/111 99/99/99 110/110/110
f 114/114/114 113/113/113 112/112/112
f 117/117/117 116/116/116 115/115/115
f 119/119/119 116/116/116 118/118/118
f 116/116/116 120/120/120 118/118/118
f 118/118/118 120/120/120 121/121/121
f 124/124/124 123/123/123 122/122/122
f 123/123/123 124/124/124 125/125/125
f 125/125/125 124/124/124 126/126/126
f 125/125/125 126/126/126 127/127/127
f 127/127/127 126/126/126 128/128/128
f 126/126/126 129/129/129 128/128/128
f 126/126/126 130/130/130 129/129/129
f 126/126/126 131/131/131 130/130/130
f 132/132/132 131/131/131 126/126/126
f 132/132/132 126/126/126 133/133/133
f 129/129/129 130/130/130 134/134/134
f 130/130/130 131/131/131 135/135/135
f 130/130/130 135/135/135 134/134/134
f 131/131/131 136/136/136 135/135/135
f 136/136/136 137/137/137 135/135/135
f 135/135/135 137/137/137 138/138/138
f 137/137/137 139/139/139 138/138/138
f 139/139/139 140/140/140 138/138/138
f 138/138/138 140/140/140 141/141/141
f 140/140/140 142/142/142 141/141/141
f 141/141/141 142/142/142 143/143/143
f 143/143/143 142/142/142 144/144/144
f 146/146/146 123/123/123 145/145/145
f 123/123/123 147/147/147 145/145/145
f 148/148/148 147/147/147 123/123/123
f 149/149/149 147/147/147 148/148/148
f 148/148/148 150/150/150 149/149/149
f 151/151/151 149/149/149 150/150/150
f 154/154/154 153/153/153 152/152/152
f 152/152/152 155/155/155 154/154/154
f 155/155/155 156/156/156 154/154/154
f 157/157/157 154/154/154 156/156/156
f 155/155/155 158/158/158 156/156/156
f 158/158/158 159/159/159 156/156/156
f 159/159/159 160/160/160 156/156/156
f 161/161/161 159/159/159 158/158/158
f 162/162/162 161/161/161 158/158/158
f 163/163/163 158/158/158 155/155/155
f 162/162/162 158/158/158 163/163/163
f 163/163/163 155/155/155 164/164/164
f 164/164/164 155/155/155 152/152/152
f 152/152/152 165/165/165 164/164/164
f 166/166/166 161/161/161 162/162/162
f 168/168/168 161/161/161 167/167/167
f 171/171/171 170/170/170 169/169/169
f 173/173/173 170/170/170 172/172/172
f 170/170/170 174/174/174 172/172/172
f 172/172/172 174/174/174 175/175/175
f 178/178/178 177/177/177 176/176/176
f 177/177/177 179/179/179 176/176/176
f 179/179/179 180/180/180 176/176/176
f 181/181/181 177/177/177 178/178/178
f 182/182/182 181/181/181 178/178/178
f 180/180/180 184/184/184 183/183/183
f 183/183/183 184/184/184 185/185/185
f 184/184/184 186/186/186 185/185/185
f 185/185/185 186/186/186 187/187/187
f 185/185/185 187/187/187 188/188/188
f 188/188/188 187/187/187 189/189/189
f 189/189/189 187/187/187 190/190/190
f 187/187/187 186/186/186 191/191/191
f 194/194/194 193/193/193 192/192/192
f 194/194/194 195/195/195 193/193/193
f 198/198/198 197/197/197 196/196/196
f 199/199/199 198/198/198 196/196/196
f 199/199/199 201/201/201 200/200/200
f 202/202/202 200/200/200 201/201/201
f 203/203/203 200/200/200 202/202/202
f 202/202/202 204/204/204 203/203/203
f 203/203/203 204/204/204 205/205/205
f 205/205/205 206/206/206 203/203/203
f 203/203/203 206/206/206 200/200/200
f 205/205/205 207/207/207 206/206/206
f 207/207/207 208/208/208 206/206/206
f 204/204/204 209/209/209 205/205/205
f 210/210/210 208/208/208 209/209/209
f 202/202/202 211/211/211 204/204/204
f 212/212/212 211/211/211 202/202/202
f 211/211/211 212/212/212 213/213/213
f 202/202/202 214/214/214 212/212/212
f 212/212/212 215/215/215 213/213/213
f 212/212/212 216/216/216 215/215/215
f 217/217/217 211/211/211 213/213/213
f 213/213/213 218/218/218 217/217/217
f 217/217/217 218/218/218 219/219/219
f 218/218/218 220/220/220 219/219/219
f 220/220/220 221/221/221 219/219/219
f 219/219/219 221/221/221 222/222/222
f 217/217/217 219/219/219 223/223/223
f 223/223/223 211/211/211 217/217/217
f 211/211/211 223/223/223 204/204/204
f 223/223/223 219/219/219 224/224/224
f 223/223/223 224/224/224 225/225/225
f 204/204/204 223/223/223 226/226/226
f 228/228/228 227/227/227 216/216/216
f 221/221/221 230/230/230 229/229/229
f 232/232/232 231/231/231 221/221/221
f 233/233/233 232/232/232 221/221/221
f 234/234/234 232/232/232 233/233/233
f 236/236/236 230/230/230 235/235/235
f 239/239/239 238/238/238 237/237/237
f 239/239/239 241/241/241 240/240/240
f 242/242/242 241/241/241 239/239/239
f 245/245/245 244/244/244 243/243/243
f 245/245/245 247/247/247 246/246/246
f 250/250/250 249/249/249 248/248/248
f 253/253/253 252/252/252 251/251/251
f 256/256/256 255/255/255 254/254/254
f 259/259/259 258/258/258 257/257/257
f 260/260/260 258/258/258 259/259/259
f 260/260/260 261/261/261 258/258/258
f 262/262/262 261/261/261 260/260/260
f 262/262/262 263/263/263 261/261/261
f 266/266/266 265/265/265 264/264/264
f 269/269/269 268/268/268 267/267/267
f 270/270/270 268/268/268 269/269/269
f 267/267/267 271/271/271 269/269/269
f 269/269/269 271/271/271 272/272/272
f 270/270/270 273/273/273 268/268/268
f 274/274/274 268/268/268 273/273/273
f 275/275/275 268/268/268 274/274/274
f 278/278/278 277/277/277 276/276/276
f 276/276/276 277/277/277 279/279/279
f 277/277/277 280/280/280 279/279/279
f 279/279/279 280/280/280 281/281/281
f 282/282/282 278/278/278 276/276/276
f 283/283/283 278/278/278 282/282/282
f 284/284/284 282/282/282 276/276/276
f 287/287/287 286/286/286 285/285/285
f 288/288/288 286/286/286 287/287/287
f 288/288/288 289/289/289 286/286/286
f 287/287/287 285/285/285 290/290/290
f 290/290/290 285/285/285 291/291/291
f 292/292/292 291/291/291 289/289/289
f 290/290/290 291/291/291 292/292/292
f 292/292/292 289/289/289 288/288/288
f 295/295/295 294/294/294 293/293/293
f 296/296/296 294/294/294 295/295/295
f 299/299/299 298/298/298 297/297/297
f 300/300/300 298/298/298 299/299/299
f 303/303/303 302/302/302 301/301/301
f 304/304/304 302/302/302 303/303/303
f 307/307/307 306/306/306 305/305/305
f 308/308/308 306/306/306 307/307/307
f 311/311/311 310/310/310 309/309/309
f 312/312/312 310/310/310 311/311/311
f 310/310/310 313/313/313 309/309/309
f 309/309/309 313/313/313 314/314/314
f 312/312/312 315/315/315 310/310/310
f 310/310/310 315/315/315 316/316/316
f 319/319/319 318/318/318 317/317/317
f 317/317/317 318/318/318 320/320/320
f 323/323/323 322/322/322 321/321/321
f 321/321/321 325/325/325 324/324/324
f 328/328/328 327/327/327 326/326/326
f 326/326/326 327/327/327 329/329/329
f 332/332/332 331/331/331 330/330/330
f 330/330/330 331/331/331 333/333/333
f 336/336/336 335/335/335 334/334/334
f 334/334/334 335/335/335 337/337/337
f 340/340/340 339/339/339 338/338/338
f 341/341/341 339/339/339 340/340/340
f 344/344/344 343/343/343 342/342/342
f 342/342/342 345/345/345 344/344/344
f 345/345/345 346/346/346 344/344/344
f 344/344/344 346/346/346 347/347/347
f 343/343/343 348/348/348 342/342/342
f 346/346/346 349/349/349 347/347/347
f 347/347/347 349/349/349 350/350/350
f 348/348/348 351/351/351 342/342/342
f 351/351/351 345/345/345 342/342/342
f 352/352/352 351/351/351 348/348/348
f 355/355/355 354/354/354 353/353/353
f 356/356/356 355/355/355 353/353/353
f 359/359/359 358/358/358 357/357/357
f 360/360/360 359/359/359 357/357/357
f 358/358/358 361/361/361 357/357/357
f 357/357/357 361/361/361 362/362/362
f 363/363/363 360/360/360 357/357/357
f 365/365/365 360/360/360 364/364/364
f 366/366/366 365/365/365 364/364/364
f 367/367/367 365/365/365 366/366/366
f 370/370/370 369/369/369 368/368/368
f 371/371/371 369/369/369 370/370/370
f 374/374/374 373/373/373 372/372/372
f 375/375/375 373/373/373 374/374/374
f 376/376/376 374/374/374 372/372/372
f 377/377/377 374/374/374 376/376/376
f 377/377/377 378/378/378 374/374/374
f 378/378/378 379/379/379 374/374/374
f 380/380/380 378/378/378 377/377/377
f 383/383/383 382/382/382 381/381/381
f 386/386/386 385/385/385 384/384/384
f 389/389/389 388/388/388 387/387/387
f 392/392/392 391/391/391 390/390/390
f 395/395/395 394/394/394 393/393/393
f 398/398/398 397/397/397 396/396/396
f 399/399/399 397/397/397 398/398/398
f 402/402/402 401/401/401 400/400/400
f 405/405/405 404/404/404 403/403/403
f 408/408/408 407/407/407 406/406/406
f 409/409/409 407/407/407 408/408/408
f 410/410/410 408/408/408 406/406/406
f 410/410/410 406/406/406 411/411/411
f 411/411/411 406/406/406 412/412/412
f 413/413/413 408/408/408 410/410/410
f 416/416/416 415/415/415 414/414/414
f 419/419/419 418/418/418 417/417/417
f 422/422/422 421/421/421 420/420/420
f 423/423/423 421/421/421 422/422/422
f 424/424/424 422/422/422 420/420/420
f 427/427/427 426/426/426 425/425/425
f 428/428/428 426/426/426 427/427/427
f 431/431/431 430/430/430 429/429/429
f 434/434/434 433/433/433 432/432/432
f 435/435/435 433/433/433 434/434/434
f 433/433/433 436/436/436 432/432/432
f 432/432/432 436/436/436 437/437/437
f 436/436/436 438/438/438 437/437/437
f 437/437/437 438/438/438 439/439/439
f 440/440/440 437/437/437 439/439/439
f 440/440/440 439/439/439 441/441/441
f 441/441/441 439/439/439 442/442/442
f 443/443/443 432/432/432 437/437/437
f 444/444/444 432/432/432 443/443/443
f 444/444/444 434/434/434 432/432/432
f 445/445/445 444/444/444 443/443/443
f 446/446/446 444/444/444 445/445/445
f 447/447/447 437/437/437 440/440/440
f 447/447/447 443/443/443 437/437/437
f 447/447/447 445/445/445 443/443/443
f 448/448/448 445/445/445 447/447/447
f 449/449/449 446/446/446 445/445/445
f 448/448/448 449/449/449 445/445/445
f 450/450/450 446/446/446 449/449/449
f 451/451/451 449/449/449 448/448/448
f 451/451/451 452/452/452 449/449/449
f 452/452/452 453/453/453 449/449/449
f 454/454/454 450/450/450 449/449/449
f 446/446/446 455/455/455 444/444/444
f 455/455/455 446/446/446 456/456/456
f 455/455/455 457/457/457 444/444/444
f 458/458/458 457/457/457 455/455/455
f 457/457/457 434/434/434 444/444/444
f 461/461/461 460/460/460 459/459/459
f 461/461/461 459/459/459 462/462/462
f 464/464/464 463/463/463 461/461/461
f 466/466/466 464/464/464 465/465/465
f 467/467/467 466/466/466 465/465/465
f 469/469/469 468/468/468 465/465/465
f 471/471/471 468/468/468 470/470/470
f 474/474/474 473/473/473 472/472/472
f 477/477/477 476/476/476 475/475/475
f 478/478/478 476/476/476 477/477/477
f 481/481/481 480/480/480 479/479/479
f 481/481/481 479/479/479 482/482/482
f 482/482/482 484/484/484 483/483/483
f 487/487/487 486/486/486 485/485/485
f 490/490/490 489/489/489 488/488/488
f 492/492/492 491/491/491 490/490/490
f 495/495/495 494/494/494 493/493/493
f 496/496/496 494/494/494 495/495/495
f 498/498/498 497/497/497 496/496/496
f 499/499/499 497/497/497 498/498/498
f 499/499/499 500/500/500 497/497/497
f 501/501/501 500/500/500 499/499/499
f 501/501/501 499/499/499 498/498/498
f 504/504/504 503/503/503 502/502/502
f 503/503/503 505/505/505 502/502/502
f 508/508/508 507/507/507 506/506/506
f 511/511/511 510/510/510 509/509/509
f 510/510/510 512/512/512 509/509/509
f 513/513/513 512/512/512 510/510/510
f 514/514/514 512/512/512 513/513/513
f 517/517/517 516/516/516 515/515/515
f 518/518/518 517/517/517 515/515/515
f 519/519/519 517/517/517 518/518/518
f 522/522/522 521/521/521 520/520/520
f 525/525/525 524/524/524 523/523/523
f 525/525/525 523/523/523 526/526/526
f 526/526/526 523/523/523 527/527/527
f 529/529/529 524/524/524 528/528/528
f 532/532/532 531/531/531 530/530/530
f 535/535/535 534/534/534 533/533/533
f 536/536/536 534/534/534 535/535/535
f 535/535/535 533/533/533 537/537/537
f 537/537/537 533/533/533 538/538/538
f 537/537/537 538/538/538 539/539/539
f 542/542/542 541/541/541 540/540/540
f 542/542/542 543/543/543 541/541/541
f 544/544/544 543/543/543 542/542/542
f 544/544/544 545/545/545 543/543/543
f 546/546/546 545/545/545 544/544/544
f 549/549/549 548/548/548 547/547/547
f 552/552/552 551/551/551 550/550/550
f 550/550/550 554/554/554 553/553/553
f 557/557/557 556/556/556 555/555/555
f 558/558/558 556/556/556 557/557/557
f 559/559/559 433/433/433 435/435/435
f 562/562/562 561/561/561 560/560/560
f 563/563/563 562/562/562 560/560/560
f 566/566/566 565/565/565 564/564/564
f 568/568/568 567/567/567 564/564/564
f 569/569/569 567/567/567 568/568/568
f 569/569/569 570/570/570 567/567/567
f 573/573/573 572/572/572 571/571/571
f 574/574/574 572/572/572 573/573/573
f 577/577/577 576/576/576 575/575/575
f 578/578/578 576/576/576 577/577/577
f 578/578/578 577/577/577 579/579/579
f 581/581/581 580/580/580 575/575/575
f 583/583/583 582/582/582 575/575/575
f 585/585/585 584/584/584 582/582/582
f 586/586/586 584/584/584 585/585/585
f 587/587/587 586/586/586 585/585/585
f 588/588/588 586/586/586 587/587/587
f 589/589/589 588/588/588 587/587/587
f 590/590/590 588/588/588 589/589/589
f 584/584/584 591/591/591 582/582/582
f 582/582/582 591/591/591 592/592/592
f 591/591/591 594/594/594 593/593/593
f 596/596/596 576/576/576 595/595/595
f 596/596/596 598/598/598 597/597/597
f 601/601/601 600/600/600 599/599/599
f 599/599/599 600/600/600 602/602/602
f 600/600/600 603/603/603 602/602/602
f 604/604/604 599/599/599 602/602/602
f 605/605/605 604/604/604 602/602/602
f 602/602/602 606/606/606 605/605/605
f 609/609/609 608/608/608 607/607/607
f 612/612/612 611/611/611 610/610/610
f 615/615/615 614/614/614 613/613/613
f 616/616/616 614/614/614 615/615/615
f 619/619/619 618/618/618 617/617/617
f 622/622/622 621/621/621 620/620/620
f 623/623/623 621/621/621 622/622/622
f 621/621/621 624/624/624 620/620/620
f 620/620/620 624/624/624 625/625/625
f 628/628/628 627/627/627 626/626/626
f 630/630/630 629/629/629 628/628/628
f 633/633/633 632/632/632 631/631/631
f 634/634/634 632/632/632 633/633/633
f 637/637/637 636/636/636 635/635/635
f 638/638/638 636/636/636 637/637/637
f 641/641/641 640/640/640 639/639/639
f 642/642/642 640/640/640 641/641/641
f 640/640/640 643/643/643 639/639/639
f 644/644/644 643/643/643 640/640/640
f 647/647/647 646/646/646 645/645/645
f 648/648/648 646/646/646 647/647/647
f 648/648/648 649/649/649 646/646/646
f 650/650/650 649/649/649 648/648/648
f 651/651/651 648/648/648 647/647/647
f 652/652/652 648/648/648 651/651/651
f 652/652/652 650/650/650 648/648/648
f 653/653/653 651/651/651 647/647/647
f 653/653/653 647/647/647 654/654/654
f 654/654/654 647/647/647 655/655/655
f 653/653/653 654/654/654 656/656/656
f 657/657/657 653/653/653 656/656/656
f 657/657/657 651/651/651 653/653/653
f 659/659/659 654/654/654 658/658/658
f 656/656/656 660/660/660 659/659/659
f 663/663/663 662/662/662 661/661/661
f 666/666/666 665/665/665 664/664/664
f 667/667/667 665/665/665 666/666/666
f 666/666/666 664/664/664 668/668/668
f 668/668/668 664/664/664 669/669/669
f 668/668/668 669/669/669 670/670/670
f 670/670/670 669/669/669 671/671/671
f 670/670/670 671/671/671 672/672/672
f 672/672/672 671/671/671 673/673/673
f 672/672/672 673/673/673 674/674/674
f 674/674/674 673/673/673 675/675/675
f 674/674/674 675/675/675 676/676/676
f 676/676/676 675/675/675 677/677/677
f 678/678/678 667/667/667 666/666/666
f 679/679/679 667/667/667 678/678/678
f 680/680/680 666/666/666 668/668/668
f 678/678/678 666/666/666 680/680/680
f 681/681/681 668/668/668 670/670/670
f 680/680/680 668/668/668 681/681/681
f 682/682/682 670/670/670 672/672/672
f 681/681/681 670/670/670 682/682/682
f 683/683/683 672/672/672 674/674/674
f 682/682/682 672/672/672 683/683/683
f 684/684/684 674/674/674 676/676/676
f 683/683/683 674/674/674 684/684/684
f 685/685/685 679/679/679 678/678/678
f 686/686/686 679/679/679 685/685/685
f 687/687/687 678/678/678 680/680/680
f 685/685/685 678/678/678 687/687/687
f 688/688/688 680/680/680 681/681/681
f 687/687/687 680/680/680 688/688/688
f 689/689/689 681/681/681 682/682/682
f 688/688/688 681/681/681 689/689/689
f 690/690/690 682/682/682 683/683/683
f 689/689/689 682/682/682 690/690/690
f 691/691/691 683/683/683 684/684/684
f 690/690/690 683/683/683 691/691/691
f 692/692/692 686/686/686 685/685/685
f 693/693/693 686/686/686 692/692/692
f 694/694/694 685/685/685 687/687/687
f 692/692/692 685/685/685 694/694/694
f 695/695/695 687/687/687 688/688/688
f 694/694/694 687/687/687 695/695/695
f 696/696/696 688/688/688 689/689/689
f 695/695/695 688/688/688 696/696/696
f 697/697/697 689/689/689 690/690/690
f 696/696/696 689/689/689 697/697/697
f 698/698/698 690/690/690 691/691/691
f 697/697/697 690/690/690 698/698/698
f 699/699/699 693/693/693 692/692/692
f 700/700/700 693/693/693 699/699/699
f 701/701/701 692/692/692 694/694/694
f 699/699/699 692/692/692 701/701/701
f 702/702/702 694/694/694 695/695/695
f 701/701/701 694/694/694 702/702/702
f 703/703/703 695/695/695 696/696/696
f 702/702/702 695/695/695 703/703/703
f 704/704/704 696/696/696 697/697/697
f 703/703/703 696/696/696 704/704/704
f 705/705/705 697/697/697 698/698/698
f 704/704/704 697/697/697 705/705/705
f 706/706/706 700/700/700 699/699/699
f 707/707/707 700/700/700 706/706/706
f 708/708/708 699/699/699 701/701/701
f 706/706/706 699/699/699 708/708/708
f 709/709/709 701/701/701 702/702/702
f 708/708/708 701/701/701 709/709/709
f 710/710/710 702/702/702 703/703/703
f 709/709/709 702/702/702 710/710/710
f 711/711/711 703/703/703 704/704/704
f 710/710/710 703/703/703 711/711/711
f 712/712/712 704/704/704 705/705/705
f 711/711/711 704/704/704 712/712/712
f 713/713/713 707/707/707 706/706/706
f 713/713/713 706/706/706 708/708/708
f 713/713/713 708/708/708 709/709/709
f 713/713/713 709/709/709 710/710/710
f 713/713/713 710/710/710 711/711/711
f 713/713/713 711/711/711 712/712/712
f 716/716/716 715/715/715 714/714/714
f 717/717/717 715/715/715 716/716/716
f 717/717/717 718/718/718 715/715/715
f 719/719/719 718/718/718 717/717/717
f 719/719/719 717/717/717 720/720/720
f 720/720/720 717/717/717 721/721/721
f 717/717/717 716/716/716 721/721/721
f 721/721/721 716/716/716 722/722/722
f 720/720/720 721/721/721 723/723/723
f 723/723/723 721/721/721 724/724/724
f 721/721/721 722/722/722 724/724/724
f 726/726/726 722/722/722 725/725/725
f 729/729/729 728/728/728 727/727/727
f 727/727/727 728/728/728 730/730/730
f 729/729/729 727/727/727 731/731/731
f 731/731/731 727/727/727 732/732/732
f 731/731/731 732/732/732 733/733/733
f 733/733/733 732/732/732 734/734/734
f 735/735/735 733/733/733 734/734/734
f 738/738/738 737/737/737 736/736/736
f 736/736/736 737/737/737 739/739/739
f 737/737/737 740/740/740 739/739/739
f 743/743/743 742/742/742 741/741/741
f 744/744/744 742/742/742 743/743/743
f 747/747/747 746/746/746 745/745/745
f 749/749/749 745/745/745 748/748/748
f 750/750/750 745/745/745 749/749/749
f 751/751/751 750/750/750 749/749/749
f 752/752/752 750/750/750 751/751/751
f 753/753/753 752/752/752 751/751/751
f 755/755/755 754/754/754 748/748/748
f 758/758/758 757/757/757 756/756/756
f 759/759/759 757/757/757 758/758/758
f 758/758/758 760/760/760 759/759/759
f 761/761/761 759/759/759 760/760/760
f 761/761/761 760/760/760 762/762/762
f 763/763/763 762/762/762 760/760/760
f 764/764/764 763/763/763 760/760/760
f 764/764/764 760/760/760 765/765/765
f 768/768/768 767/767/767 766/766/766
f 769/769/769 768/768/768 766/766/766
f 772/772/772 771/771/771 770/770/770
f 775/775/775 774/774/774 773/773/773
f 776/776/776 774/774/774 775/775/775
f 777/777/777 775/775/775 773/773/773
f 778/778/778 775/775/775 777/777/777
f 779/779/779 778/778/778 777/777/777
f 780/780/780 778/778/778 779/779/779
f 783/783/783 782/782/782 781/781/781
f 784/784/784 783/783/783 781/781/781
f 785/785/785 783/783/783 784/784/784
f 788/788/788 787/787/787 786/786/786
f 788/788/788 789/789/789 787/787/787
f 790/790/790 789/789/789 788/788/788
f 789/789/789 790/790/790 791/791/791
f 794/794/794 793/793/793 792/792/792
f 795/795/795 794/794/794 792/792/792
f 795/795/795 796/796/796 794/794/794
f 799/799/799 798/798/798 797/797/797
f 802/802/802 801/801/801 800/800/800
f 800/800/800 803/803/803 802/802/802
f 802/802/802 803/803/803 804/804/804
f 807/807/807 806/806/806 805/805/805
f 806/806/806 808/808/808 805/805/805
f 806/806/806 809/809/809 808/808/808
f 812/812/812 811/811/811 810/810/810
f 815/815/815 814/814/814 813/813/813
f 818/818/818 817/817/817 816/816/816
f 819/819/819 817/817/817 818/818/818
f 822/822/822 821/821/821 820/820/820
f 823/823/823 821/821/821 822/822/822
f 826/826/826 825/825/825 824/824/824
f 827/827/827 825/825/825 826/826/826
f 830/830/830 829/829/829 828/828/828
f 831/831/831 829/829/829 830/830/830
f 834/834/834 833/833/833 832/832/832
f 835/835/835 833/833/833 834/834/834
f 838/838/838 837/837/837 836/836/836
f 839/839/839 837/837/837 838/838/838
f 842/842/842 841/841/841 840/840/840
f 843/843/843 841/841/841 842/842/842
f 846/846/846 845/845/845 844/844/844
f 847/847/847 845/845/845 846/846/846
f 850/850/850 849/849/849 848/848/848
f 851/851/851 849/849/849 850/850/850
f 851/851/851 852/852/852 849/849/849
f 853/853/853 852/852/852 851/851/851
f 854/854/854 852/852/852 853/853/853
f 855/855/855 852/852/852 854/854/854
f 855/855/855 850/850/850 848/848/848
f 858/858/858 857/857/857 856/856/856
f 859/859/859 857/857/857 858/858/858
f 862/862/862 861/861/861 860/860/860
f 863/863/863 861/861/861 862/862/862
f 866/866/866 865/865/865 864/864/864
f 869/869/869 868/868/868 867/867/867
f 870/870/870 868/868/868 869/869/869
f 873/873/873 872/872/872 871/871/871
f 874/874/874 872/872/872 873/873/873
f 877/877/877 876/876/876 875/875/875
f 878/878/878 876/876/876 877/877/877
f 881/881/881 880/880/880 879/879/879
f 882/882/882 880/880/880 881/881/881
f 885/885/885 884/884/884 883/883/883
f 886/886/886 884/884/884 885/885/885
f 886/886/886 887/887/887 884/884/884
f 888/888/888 887/887/887 886/886/886
f 888/888/888 889/889/889 887/887/887
f 890/890/890 889/889/889 888/888/888
f 890/890/890 883/883/883 889/889/889
f 885/885/885 883/883/883 890/890/890
f 888/888/888 886/886/886 891/891/891
f 886/886/886 892/892/892 891/891/891
f 895/895/895 894/894/894 893/893/893
f 898/898/898 897/897/897 896/896/896
f 901/901/901 900/900/900 899/899/899
f 900/900/900 902/902/902 899/899/899
f 903/903/903 902/902/902 900/900/900
f 904/904/904 902/902/902 903/903/903
f 904/904/904 905/905/905 902/902/902
f 906/906/906 905/905/905 904/904/904
f 906/906/906 907/907/907 905/905/905
f 907/907/907 908/908/908 905/905/905
f 905/905/905 908/908/908 909/909/909
f 909/909/909 902/902/902 905/905/905
f 899/899/899 902/902/902 909/909/909
f 908/908/908 910/910/910 909/909/909
f 911/911/911 907/907/907 906/906/906
f 909/909/909 912/912/912 899/899/899
f 912/912/912 901/901/901 899/899/899
f 913/913/913 912/912/912 909/909/909
f 910/910/910 913/913/913 909/909/909
f 916/916/916 915/915/915 914/914/914
f 917/917/917 914/914/914 915/915/915
f 920/920/920 919/919/919 918/918/918
f 923/923/923 922/922/922 921/921/921
f 922/922/922 924/924/924 921/921/921
f 925/925/925 924/924/924 922/922/922
f 926/926/926 924/924/924 925/925/925
f 926/926/926 927/927/927 924/924/924
f 928/928/928 927/927/927 926/926/926
f 921/921/921 924/924/924 929/929/929
f 929/929/929 923/923/923 921/921/921
f 929/929/929 924/924/924 930/930/930
f 931/931/931 923/923/923 929/929/929
f 932/932/932 931/931/931 929/929/929
f 933/933/933 932/932/932 929/929/929
f 934/934/934 932/932/932 933/933/933
f 937/937/937 936/936/936 935/935/935
f 938/938/938 936/936/936 937/937/937
f 941/941/941 940/940/940 939/939/939
f 944/944/944 943/943/943 942/942/942
f 945/945/945 943/943/943 944/944/944
f 948/948/948 947/947/947 946/946/946
f 947/947/947 949/949/949 946/946/946
f 950/950/950 949/949/949 947/947/947
f 951/951/951 949/949/949 950/950/950
f 951/951/951 952/952/952 949/949/949
f 953/953/953 952/952/952 951/951/951
f 946/946/946 949/949/949 954/954/954
f 954/954/954 948/948/948 946/946/946
f 954/954/954 949/949/949 955/955/955
f 956/956/956 948/948/948 954/954/954
f 957/957/957 956/956/956 954/954/954
f 960/960/960 959/959/959 958/958/958
f 961/961/961 959/959/959 960/960/960
f 964/964/964 963/963/963 962/962/962
f 962/962/962 963/963/963 965/965/965
f 968/968/968 967/967/967 966/966/966
f 971/971/971 970/970/970 969/969/969
f 972/972/972 970/970/970 971/971/971
f 975/975/975 974/974/974 973/973/973
f 976/976/976 974/974/974 975/975/975
f 979/979/979 978/978/978 977/977/977
f 979/979/979 981/981/981 980/980/980
f 979/979/979 983/983/983 982/982/982
f 979/979/979 982/982/982 984/984/984
f 979/979/979 984/984/984 985/985/985
f 979/979/979 985/985/985 986/986/986
f 988/988/988 987/987/987 986/986/986
f 989/989/989 987/987/987 988/988/988
f 992/992/992 991/991/991 990/990/990
f 992/992/992 993/993/993 991/991/991
f 992/992/992 994/994/994 993/993/993
f 993/993/993 995/995/995 991/991/991
f 995/995/995 996/996/996 991/991/991
f 991/991/991 996/996/996 997/997/997
f 992/992/992 999/999/999 998/998/998
f 999/999/999 992/992/992 1000/1000/1000
f 1000/1000/1000 992/992/992 1001/1001/1001
f 1001/1001/1001 992/992/992 1002/1002/1002
f 1003/1003/1003 1000/1000/1000 1001/1001/1001
f 1003/1003/1003 1001/1001/1001 1004/1004/1004
f 1004/1004/1004 1001/1001/1001 1005/1005/1005
f 1006/1006/1006 1000/1000/1000 1003/1003/1003
f 1006/1006/1006 999/999/999 1000/1000/1000
f 1007/1007/1007 999/999/999 1006/1006/1006
f 1007/1007/1007 1008/1008/1008 999/999/999
f 999/999/999 1008/1008/1008 1009/1009/1009
f 1011/1011/1011 1002/1002/1002 1010/1010/1010
f 1004/1004/1004 1013/1013/1013 1012/1012/1012
f 1015/1015/1015 992/992/992 1014/1014/1014
f 1014/1014/1014 992/992/992 1016/1016/1016
f 1019/1019/1019 1018/1018/1018 1017/1017/1017
f 1018/1018/1018 1020/1020/1020 1017/1017/1017
f 1022/1022/1022 1018/1018/1018 1021/1021/1021
f 1023/1023/1023 1022/1022/1022 1019/1019/1019
f 1024/1024/1024 1022/1022/1022 1023/1023/1023
f 1027/1027/1027 1026/1026/1026 1025/1025/1025
f 1025/1025/1025 1026/1026/1026 1028/1028/1028
f 1028/1028/1028 1026/1026/1026 1029/1029/1029
f 1032/1032/1032 1031/1031/1031 1030/1030/1030
f 1030/1030/1030 1031/1031/1031 1033/1033/1033
f 1031/1031/1031 1034/1034/1034 1033/1033/1033
f 1037/1037/1037 1036/1036/1036 1035/1035/1035
f 1035/1035/1035 1036/1036/1036 1038/1038/1038
f 1036/1036/1036 1040/1040/1040 1039/1039/1039
f 1039/1039/1039 1040/1040/1040 1041/1041/1041
f 1044/1044/1044 1043/1043/1043 1042/1042/1042
f 1043/1043/1043 1045/1045/1045 1042/1042/1042
f 1045/1045/1045 1046/1046/1046 1042/1042/1042
f 1047/1047/1047 1046/1046/1046 1045/1045/1045
f 1048/1048/1048 1046/1046/1046 1047/1047/1047
f 1048/1048/1048 1049/1049/1049 1046/1046/1046
f 1046/1046/1046 1049/1049/1049 1050/1050/1050
f 1051/1051/1051 1049/1049/1049 1048/1048/1048
f 1051/1051/1051 1052/1052/1052 1049/1049/1049
f 1049/1049/1049 1052/1052/1052 1053/1053/1053
f 1054/1054/1054 1052/1052/1052 1051/1051/1051
f 1054/1054/1054 1055/1055/1055 1052/1052/1052
f 1056/1056/1056 1052/1052/1052 1055/1055/1055
f 1057/1057/1057 1056/1056/1056 1055/1055/1055
f 1058/1058/1058 1056/1056/1056 1057/1057/1057
f 1059/1059/1059 1056/1056/1056 1058/1058/1058
f 1060/1060/1060 1056/1056/1056 1059/1059/1059
f 1061/1061/1061 1055/1055/1055 1054/1054/1054
f 1061/1061/1061 1057/1057/1057 1055/1055/1055
f 1062/1062/1062 1058/1058/1058 1057/1057/1057
f 1062/1062/1062 1057/1057/1057 1061/1061/1061
f 1063/1063/1063 1058/1058/1058 1062/1062/1062
f 1063/1063/1063 1059/1059/1059 1058/1058/1058
f 1064/1064/1064 1059/1059/1059 1063/1063/1063
f 1064/1064/1064 1065/1065/1065 1059/1059/1059
f 1066/1066/1066 1065/1065/1065 1064/1064/1064
f 1069/1069/1069 1068/1068/1068 1067/1067/1067
f 1072/1072/1072 1071/1071/1071 1070/1070/1070
f 1073/1073/1073 1072/1072/1072 1070/1070/1070
f 1074/1074/1074 1073/1073/1073 1070/1070/1070
f 1074/1074/1074 1070/1070/1070 1075/1075/1075
f 1078/1078/1078 1077/1077/1077 1076/1076/1076
f 1079/1079/1079 1077/1077/1077 1078/1078/1078
f 1079/1079/1079 1080/1080/1080 1077/1077/1077
f 1081/1081/1081 1080/1080/1080 1079/1079/1079
f 1081/1081/1081 1082/1082/1082 1080/1080/1080
f 1083/1083/1083 1082/1082/1082 1081/1081/1081
f 1083/1083/1083 1084/1084/1084 1082/1082/1082
f 1085/1085/1085 1084/1084/1084 1083/1083/1083
f 1047/1047/1047 1045/1045/1045 1086/1086/1086
f 1086/1086/1086 1045/1045/1045 1043/1043/1043
f 1086/1086/1086 1043/1043/1043 1087/1087/1087
f 1087/1087/1087 1043/1043/1043 1088/1088/1088
f 1091/1091/1091 1090/1090/1090 1089/1089/1089
f 1089/1089/1089 1090/1090/1090 1092/1092/1092
f 1095/1095/1095 1094/1094/1094 1093/1093/1093
f 1095/1095/1095 1096/1096/1096 1094/1094/1094
f 1095/1095/1095 1093/1093/1093 1097/1097/1097
f 1095/1095/1095 1097/1097/1097 1098/1098/1098
f 1095/1095/1095 1098/1098/1098 1099/1099/1099
f 1095/1095/1095 1099/1099/1099 1100/1100/1100
f 1095/1095/1095 1101/1101/1101 1096/1096/1096
f 1095/1095/1095 1102/1102/1102 1101/1101/1101
f 1095/1095/1095 1103/1103/1103 1102/1102/1102
f 1103/1103/1103 1095/1095/1095 1104/1104/1104
f 1104/1104/1104 1095/1095/1095 1105/1105/1105
f 1105/1105/1105 1095/1095/1095 1106/1106/1106
f 1106/1106/1106 1095/1095/1095 1107/1107/1107
f 1107/1107/1107 1095/1095/1095 1108/1108/1108
f 1095/1095/1095 1100/1100/1100 1108/1108/1108
f 1098/1098/1098 1109/1109/1109 1099/1099/1099
f 1110/1110/1110 1109/1109/1109 1098/1098/1098
f 1097/1097/1097 1110/1110/1110 1098/1098/1098
f 1099/1099/1099 1111/1111/1111 1100/1100/1100
f 1109/1109/1109 1111/1111/1111 1099/1099/1099
f 1100/1100/1100 1111/1111/1111 1108/1108/1108
f 1108/1108/1108 1111/1111/1111 1112/1112/1112
f 1112/1112/1112 1107/1107/1107 1108/1108/1108
f 1113/1113/1113 1107/1107/1107 1112/1112/1112
f 1113/1113/1113 1106/1106/1106 1107/1107/1107
f 1114/1114/1114 1106/1106/1106 1113/1113/1113
f 1114/1114/1114 1105/1105/1105 1106/1106/1106
f 1115/1115/1115 1105/1105/1105 1114/1114/1114
f 1115/1115/1115 1104/1104/1104 1105/1105/1105
f 1116/1116/1116 1104/1104/1104 1115/1115/1115
f 1116/1116/1116 1103/1103/1103 1104/1104/1104
f 1117/1117/1117 1103/1103/1103 1116/1116/1116
f 1103/1103/1103 1118/1118/1118 1102/1102/1102
f 1117/1117/1117 1118/1118/1118 1103/1103/1103
f 1119/1119/1119 1109/1109/1109 1110/1110/1110
f 1119/1119/1119 1110/1110/1110 1120/1120/1120
f 1120/1120/1120 1110/1110/1110 1121/1121/1121
f 1121/1121/1121 1110/1110/1110 1097/1097/1097
f 1093/1093/1093 1121/1121/1121 1097/1097/1097
f 1122/1122/1122 1121/1121/1121 1093/1093/1093
f 1094/1094/1094 1122/1122/1122 1093/1093/1093
f 1123/1123/1123 1122/1122/1122 1094/1094/1094
f 1096/1096/1096 1123/1123/1123 1094/1094/1094
f 1124/1124/1124 1123/1123/1123 1096/1096/1096
f 1101/1101/1101 1124/1124/1124 1096/1096/1096
f 1125/1125/1125 1124/1124/1124 1101/1101/1101
f 1118/1118/1118 1125/1125/1125 1102/1102/1102
f 1102/1102/1102 1125/1125/1125 1101/1101/1101
f 1126/1126/1126 1122/1122/1122 1123/1123/1123
f 1127/1127/1127 1122/1122/1122 1126/1126/1126
f 1127/1127/1127 1121/1121/1121 1122/1122/1122
f 1120/1120/1120 1121/1121/1121 1127/1127/1127
f 1128/1128/1128 1123/1123/1123 1124/1124/1124
f 1126/1126/1126 1123/1123/1123 1128/1128/1128
f 1129/1129/1129 1109/1109/1109 1119/1119/1119
f 1129/1129/1129 1111/1111/1111 1109/1109/1109
f 1130/1130/1130 1111/1111/1111 1129/1129/1129
f 1130/1130/1130 1112/1112/1112 1111/1111/1111
f 1131/1131/1131 1112/1112/1112 1130/1130/1130
f 1131/1131/1131 1113/1113/1113 1112/1112/1112
f 1132/1132/1132 1113/1113/1113 1131/1131/1131
f 1132/1132/1132 1114/1114/1114 1113/1113/1113
f 1133/1133/1133 1114/1114/1114 1132/1132/1132
f 1133/1133/1133 1115/1115/1115 1114/1114/1114
f 1134/1134/1134 1115/1115/1115 1133/1133/1133
f 1134/1134/1134 1116/1116/1116 1115/1115/1115
f 1135/1135/1135 1116/1116/1116 1134/1134/1134
f 1135/1135/1135 1117/1117/1117 1116/1116/1116
f 1136/1136/1136 1117/1117/1117 1135/1135/1135
f 1136/1136/1136 1118/1118/1118 1117/1117/1117
f 1137/1137/1137 1118/1118/1118 1136/1136/1136
f 1140/1140/1140 1139/1139/1139 1138/1138/1138
f 1141/1141/1141 1139/1139/1139 1140/1140/1140
f 1141/1141/1141 1142/1142/1142 1139/1139/1139
f 1143/1143/1143 1142/1142/1142 1141/1141/1141
f 1146/1146/1146 1145/1145/1145 1144/1144/1144
f 1149/1149/1149 1148/1148/1148 1147/1147/1147
f 1152/1152/1152 1151/1151/1151 1150/1150/1150
f 1155/1155/1155 1154/1154/1154 1153/1153/1153
f 1156/1156/1156 1154/1154/1154 1155/1155/1155
f 1157/1157/1157 1154/1154/1154 1156/1156/1156
f 1157/1157/1157 1158/1158/1158 1154/1154/1154
f 1159/1159/1159 1158/1158/1158 1157/1157/1157
f 1156/1156/1156 1155/1155/1155 1160/1160/1160
f 1160/1160/1160 1155/1155/1155 1161/1161/1161
f 1160/1160/1160 1163/1163/1163 1162/1162/1162
f 1162/1162/1162 1163/1163/1163 1164/1164/1164
f 1167/1167/1167 1166/1166/1166 1165/1165/1165
f 1170/1170/1170 1169/1169/1169 1168/1168/1168
f 1173/1173/1173 1172/1172/1172 1171/1171/1171
f 1176/1176/1176 1175/1175/1175 1174/1174/1174
f 1177/1177/1177 1176/1176/1176 1174/1174/1174
f 1177/1177/1177 1174/1174/1174 1178/1178/1178
f 1179/1179/1179 1176/1176/1176 1177/1177/1177
f 1180/1180/1180 1176/1176/1176 1179/1179/1179
f 1180/1180/1180 1181/1181/1181 1176/1176/1176
f 1182/1182/1182 1181/1181/1181 1180/1180/1180
f 1179/1179/1179 1177/1177/1177 1183/1183/1183
f 1183/1183/1183 1177/1177/1177 1184/1184/1184
f 1182/1182/1182 1186/1186/1186 1185/1185/1185
f 1187/1187/1187 1186/1186/1186 1182/1182/1182
f 1187/1187/1187 1188/1188/1188 1186/1186/1186
f 1189/1189/1189 1188/1188/1188 1187/1187/1187
f 1192/1192/1192 1191/1191/1191 1190/1190/1190
f 1195/1195/1195 1194/1194/1194 1193/1193/1193
f 1198/1198/1198 1197/1197/1197 1196/1196/1196
f 1201/1201/1201 1200/1200/1200 1199/1199/1199
f 1202/1202/1202 1200/1200/1200 1201/1201/1201
f 1205/1205/1205 1204/1204/1204 1203/1203/1203
f 1206/1206/1206 1204/1204/1204 1205/1205/1205
f 1209/1209/1209 1208/1208/1208 1207/1207/1207
f 1210/1210/1210 1208/1208/1208 1209/1209/1209
f 1213/1213/1213 1212/1212/1212 1211/1211/1211
f 1214/1214/1214 1212/1212/1212 1213/1213/1213
f 1217/1217/1217 1216/1216/1216 1215/1215/1215
f 1218/1218/1218 1216/1216/1216 1217/1217/1217
f 1216/1216/1216 1219/1219/1219 1215/1215/1215
f 1215/1215/1215 1219/1219/1219 1220/1220/1220
f 1216/1216/1216 1221/1221/1221 1219/1219/1219
f 1219/1219/1219 1221/1221/1221 1222/1222/1222
f 1221/1221/1221 1223/1223/1223 1222/1222/1222
f 1224/1224/1224 1223/1223/1223 1221/1221/1221
f 1225/1225/1225 1224/1224/1224 1221/1221/1221
f 1216/1216/1216 1225/1225/1225 1221/1221/1221
f 1218/1218/1218 1226/1226/1226 1216/1216/1216
f 1226/1226/1226 1227/1227/1227 1216/1216/1216
f 1218/1218/1218 1228/1228/1228 1226/1226/1226
f 1226/1226/1226 1228/1228/1228 1229/1229/1229
f 1229/1229/1229 1228/1228/1228 1230/1230/1230
f 1228/1228/1228 1218/1218/1218 1231/1231/1231
f 1231/1231/1231 1218/1218/1218 1217/1217/1217
f 1231/1231/1231 1217/1217/1217 1232/1232/1232
f 1232/1232/1232 1233/1233/1233 1231/1231/1231
f 1233/1233/1233 1234/1234/1234 1231/1231/1231
f 1235/1235/1235 1233/1233/1233 1232/1232/1232
f 1236/1236/1236 1235/1235/1235 1232/1232/1232
f 1237/1237/1237 1235/1235/1235 1236/1236/1236
f 1238/1238/1238 1235/1235/1235 1237/1237/1237
f 1239/1239/1239 1238/1238/1238 1237/1237/1237
f 1238/1238/1238 1239/1239/1239 1240/1240/1240
f 1232/1232/1232 1241/1241/1241 1236/1236/1236
f 1217/1217/1217 1241/1241/1241 1232/1232/1232
f 1217/1217/1217 1215/1215/1215 1241/1241/1241
f 1215/1215/1215 1242/1242/1242 1241/1241/1241
f 1241/1241/1241 1242/1242/1242 1243/1243/1243
f 1241/1241/1241 1243/1243/1243 1236/1236/1236
f 1236/1236/1236 1243/1243/1243 1237/1237/1237
f 1243/1243/1243 1239/1239/1239 1237/1237/1237
f 1242/1242/1242 1244/1244/1244 1243/1243/1243
f 1245/1245/1245 1244/1244/1244 1242/1242/1242
f 1245/1245/1245 1242/1242/1242 1246/1246/1246
f 1246/1246/1246 1242/1242/1242 1247/1247/1247
f 1242/1242/1242 1215/1215/1215 1247/1247/1247
f 1244/1244/1244 1248/1248/1248 1243/1243/1243
f 1238/1238/1238 1249/1249/1249 1235/1235/1235
f 1250/1250/1250 1238/1238/1238 1240/1240/1240
f 1250/1250/1250 1251/1251/1251 1238/1238/1238
f 1247/1247/1247 1215/1215/1215 1220/1220/1220
f 1253/1253/1253 1246/1246/1246 1252/1252/1252
f 1254/1254/1254 1253/1253/1253 1252/1252/1252
f 1255/1255/1255 1253/1253/1253 1254/1254/1254
f 1254/1254/1254 1256/1256/1256 1255/1255/1255
f 1256/1256/1256 1254/1254/1254 1252/1252/1252
f 1255/1255/1255 1256/1256/1256 1257/1257/1257
f 1258/1258/1258 1257/1257/1257 1256/1256/1256
f 1256/1256/1256 1252/1252/1252 1258/1258/1258
f 1252/1252/1252 1259/1259/1259 1258/1258/1258
f 1259/1259/1259 1252/1252/1252 1246/1246/1246
f 1260/1260/1260 1258/1258/1258 1259/1259/1259
f 1261/1261/1261 1258/1258/1258 1260/1260/1260
f 1262/1262/1262 1258/1258/1258 1261/1261/1261
f 1262/1262/1262 1261/1261/1261 1263/1263/1263
f 1264/1264/1264 1262/1262/1262 1263/1263/1263
f 1265/1265/1265 1262/1262/1262 1264/1264/1264
f 1263/1263/1263 1261/1261/1261 1266/1266/1266
f 1262/1262/1262 1267/1267/1267 1258/1258/1258
f 1267/1267/1267 1262/1262/1262 1265/1265/1265
f 1258/1258/1258 1267/1267/1267 1268/1268/1268
f 1268/1268/1268 1257/1257/1257 1258/1258/1258
f 1257/1257/1257 1240/1240/1240 1255/1255/1255
f 1240/1240/1240 1269/1269/1269 1255/1255/1255
f 1264/1264/1264 1270/1270/1270 1265/1265/1265
f 1271/1271/1271 1267/1267/1267 1265/1265/1265
f 1272/1272/1272 1270/1270/1270 1264/1264/1264
f 1273/1273/1273 1272/1272/1272 1264/1264/1264
f 1274/1274/1274 1272/1272/1272 1273/1273/1273
f 1274/1274/1274 1275/1275/1275 1272/1272/1272
f 1272/1272/1272 1275/1275/1275 1276/1276/1276
f 1274/1274/1274 1277/1277/1277 1275/1275/1275
f 1278/1278/1278 1277/1277/1277 1274/1274/1274
f 1278/1278/1278 1279/1279/1279 1277/1277/1277
f 1280/1280/1280 1279/1279/1279 1278/1278/1278
f 1279/1279/1279 1280/1280/1280 1281/1281/1281
f 1280/1280/1280 1278/1278/1278 1282/1282/1282
f 1280/1280/1280 1282/1282/1282 1283/1283/1283
f 1284/1284/1284 1280/1280/1280 1283/1283/1283
f 1283/1283/1283 1282/1282/1282 1285/1285/1285
f 1282/1282/1282 1286/1286/1286 1285/1285/1285
f 1285/1285/1285 1286/1286/1286 1287/1287/1287
f 1285/1285/1285 1287/1287/1287 1288/1288/1288
f 1286/1286/1286 1289/1289/1289 1287/1287/1287
f 1287/1287/1287 1289/1289/1289 1290/1290/1290
f 1287/1287/1287 1290/1290/1290 1291/1291/1291
f 1291/1291/1291 1290/1290/1290 1292/1292/1292
f 1293/1293/1293 1291/1291/1291 1292/1292/1292
f 1294/1294/1294 1291/1291/1291 1293/1293/1293
f 1294/1294/1294 1295/1295/1295 1291/1291/1291
f 1294/1294/1294 1293/1293/1293 1296/1296/1296
f 1296/1296/1296 1293/1293/1293 1297/1297/1297
f 1296/1296/1296 1297/1297/1297 1298/1298/1298
f 1299/1299/1299 1296/1296/1296 1298/1298/1298
f 1300/1300/1300 1296/1296/1296 1299/1299/1299
f 1300/1300/1300 1294/1294/1294 1296/1296/1296
f 1295/1295/1295 1294/1294/1294 1300/1300/1300
f 1301/1301/1301 1295/1295/1295 1300/1300/1300
f 1302/1302/1302 1295/1295/1295 1301/1301/1301
f 1298/1298/1298 1297/1297/1297 1303/1303/1303
f 1304/1304/1304 1302/1302/1302 1301/1301/1301
f 1304/1304/1304 1301/1301/1301 1305/1305/1305
f 1305/1305/1305 1301/1301/1301 1306/1306/1306
f 1306/1306/1306 1300/1300/1300 1299/1299/1299
f 1301/1301/1301 1300/1300/1300 1306/1306/1306
f 1307/1307/1307 1302/1302/1302 1304/1304/1304
f 1308/1308/1308 1304/1304/1304 1305/1305/1305
f 1309/1309/1309 1304/1304/1304 1308/1308/1308
f 1306/1306/1306 1299/1299/1299 1310/1310/1310
f 1305/1305/1305 1306/1306/1306 1311/1311/1311
f 1305/1305/1305 1312/1312/1312 1308/1308/1308
f 1312/1312/1312 1305/1305/1305 1313/1313/1313
f 1314/1314/1314 1309/1309/1309 1308/1308/1308
f 1312/1312/1312 1314/1314/1314 1308/1308/1308
f 1309/1309/1309 1314/1314/1314 1315/1315/1315
f 1315/1315/1315 1314/1314/1314 1316/1316/1316
f 1317/1317/1317 1314/1314/1314 1312/1312/1312
f 1318/1318/1318 1314/1314/1314 1317/1317/1317
f 1318/1318/1318 1316/1316/1316 1314/1314/1314
f 1319/1319/1319 1316/1316/1316 1318/1318/1318
f 1320/1320/1320 1319/1319/1319 1318/1318/1318
f 1321/1321/1321 1318/1318/1318 1317/1317/1317
f 1320/1320/1320 1318/1318/1318 1322/1322/1322
f 1321/1321/1321 1317/1317/1317 1323/1323/1323
f 1317/1317/1317 1312/1312/1312 1323/1323/1323
f 1324/1324/1324 1321/1321/1321 1323/1323/1323
f 1324/1324/1324 1325/1325/1325 1321/1321/1321
f 1326/1326/1326 1325/1325/1325 1324/1324/1324
f 1326/1326/1326 1327/1327/1327 1325/1325/1325
f 1328/1328/1328 1327/1327/1327 1326/1326/1326
f 1327/1327/1327 1328/1328/1328 1329/1329/1329
f 1329/1329/1329 1328/1328/1328 1330/1330/1330
f 1331/1331/1331 1324/1324/1324 1323/1323/1323
f 1323/1323/1323 1312/1312/1312 1331/1331/1331
f 1331/1331/1331 1312/1312/1312 1332/1332/1332
f 1332/1332/1332 1312/1312/1312 1333/1333/1333
f 1333/1333/1333 1312/1312/1312 1334/1334/1334
f 1335/1335/1335 1331/1331/1331 1332/1332/1332
f 1336/1336/1336 1331/1331/1331 1335/1335/1335
f 1336/1336/1336 1324/1324/1324 1331/1331/1331
f 1336/1336/1336 1326/1326/1326 1324/1324/1324
f 1337/1337/1337 1336/1336/1336 1335/1335/1335
f 1338/1338/1338 1336/1336/1336 1337/1337/1337
f 1338/1338/1338 1326/1326/1326 1336/1336/1336
f 1337/1337/1337 1335/1335/1335 1339/1339/1339
f 1340/1340/1340 1337/1337/1337 1339/1339/1339
f 1341/1341/1341 1337/1337/1337 1340/1340/1340
f 1339/1339/1339 1335/1335/1335 1342/1342/1342
f 1335/1335/1335 1332/1332/1332 1342/1342/1342
f 1342/1342/1342 1332/1332/1332 1343/1343/1343
f 1332/1332/1332 1333/1333/1333 1343/1343/1343
f 1343/1343/1343 1333/1333/1333 1344/1344/1344
f 1333/1333/1333 1334/1334/1334 1344/1344/1344
f 1343/1343/1343 1344/1344/1344 1345/1345/1345
f 1345/1345/1345 1342/1342/1342 1343/1343/1343
f 1346/1346/1346 1342/1342/1342 1345/1345/1345
f 1346/1346/1346 1339/1339/1339 1342/1342/1342
f 1347/1347/1347 1346/1346/1346 1345/1345/1345
f 1348/1348/1348 1339/1339/1339 1346/1346/1346
f 1340/1340/1340 1339/1339/1339 1349/1349/1349
f 1349/1349/1349 1341/1341/1341 1340/1340/1340
f 1349/1349/1349 1339/1339/1339 1350/1350/1350
f 1351/1351/1351 1350/1350/1350 1339/1339/1339
f 1349/1349/1349 1350/1350/1350 1352/1352/1352
f 1353/1353/1353 1349/1349/1349 1352/1352/1352
f 1341/1341/1341 1349/1349/1349 1353/1353/1353
f 1345/1345/1345 1354/1354/1354 1347/1347/1347
f 1347/1347/1347 1354/1354/1354 1355/1355/1355
f 1345/1345/1345 1310/1310/1310 1354/1354/1354
f 1344/1344/1344 1310/1310/1310 1345/1345/1345
f 1310/1310/1310 1299/1299/1299 1354/1354/1354
f 1354/1354/1354 1298/1298/1298 1355/1355/1355
f 1299/1299/1299 1298/1298/1298 1354/1354/1354
f 1334/1334/1334 1310/1310/1310 1344/1344/1344
f 1358/1358/1358 1357/1357/1357 1356/1356/1356
f 1230/1230/1230 1360/1360/1360 1359/1359/1359
f 1361/1361/1361 1360/1360/1360 1230/1230/1230
f 1362/1362/1362 1361/1361/1361 1230/1230/1230
f 1228/1228/1228 1362/1362/1362 1230/1230/1230
f 1363/1363/1363 1362/1362/1362 1228/1228/1228
f 1363/1363/1363 1228/1228/1228 1231/1231/1231
f 1364/1364/1364 1361/1361/1361 1362/1362/1362
f 1367/1367/1367 1366/1366/1366 1365/1365/1365
f 1370/1370/1370 1369/1369/1369 1368/1368/1368
f 1373/1373/1373 1372/1372/1372 1371/1371/1371
f 1371/1371/1371 1374/1374/1374 1373/1373/1373
f 1375/1375/1375 1374/1374/1374 1371/1371/1371
f 1375/1375/1375 1240/1240/1240 1374/1374/1374
f 1374/1374/1374 1240/1240/1240 1376/1376/1376
f 1376/1376/1376 1240/1240/1240 1257/1257/1257
f 1374/1374/1374 1267/1267/1267 1373/1373/1373
f 1374/1374/1374 1376/1376/1376 1267/1267/1267
f 1267/1267/1267 1376/1376/1376 1268/1268/1268
f 1376/1376/1376 1257/1257/1257 1268/1268/1268
f 1372/1372/1372 1377/1377/1377 1371/1371/1371
f 1377/1377/1377 1375/1375/1375 1371/1371/1371
f 1378/1378/1378 1375/1375/1375 1377/1377/1377
f 1378/1378/1378 1240/1240/1240 1375/1375/1375
f 1378/1378/1378 1379/1379/1379 1240/1240/1240
f 1380/1380/1380 1250/1250/1250 1378/1378/1378
f 1380/1380/1380 1378/1378/1378 1381/1381/1381
f 1382/1382/1382 1380/1380/1380 1381/1381/1381
f 1384/1384/1384 1383/1383/1383 1382/1382/1382
f 1386/1386/1386 1385/1385/1385 1384/1384/1384
f 1388/1388/1388 1387/1387/1387 1384/1384/1384
f 1387/1387/1387 1389/1389/1389 1384/1384/1384
f 1391/1391/1391 1283/1283/1283 1390/1390/1390
f 1390/1390/1390 1283/1283/1283 1392/1392/1392
f 1392/1392/1392 1393/1393/1393 1390/1390/1390
f 1283/1283/1283 1285/1285/1285 1392/1392/1392
f 1392/1392/1392 1285/1285/1285 1288/1288/1288
f 1394/1394/1394 1392/1392/1392 1288/1288/1288
f 1395/1395/1395 1392/1392/1392 1394/1394/1394
f 1396/1396/1396 1394/1394/1394 1288/1288/1288
f 1288/1288/1288 1287/1287/1287 1396/1396/1396
f 1287/1287/1287 1397/1397/1397 1396/1396/1396
f 1398/1398/1398 1394/1394/1394 1396/1396/1396
f 1398/1398/1398 1399/1399/1399 1394/1394/1394
f 1394/1394/1394 1399/1399/1399 1400/1400/1400
f 1400/1400/1400 1401/1401/1401 1394/1394/1394
f 1402/1402/1402 1401/1401/1401 1400/1400/1400
f 1403/1403/1403 1402/1402/1402 1400/1400/1400
f 1404/1404/1404 1402/1402/1402 1403/1403/1403
f 1396/1396/1396 1405/1405/1405 1398/1398/1398
f 1407/1407/1407 1406/1406/1406 1398/1398/1398
f 1409/1409/1409 1408/1408/1408 1400/1400/1400
f 1412/1412/1412 1411/1411/1411 1410/1410/1410
f 1415/1415/1415 1414/1414/1414 1413/1413/1413
f 1416/1416/1416 1414/1414/1414 1415/1415/1415
f 1416/1416/1416 1417/1417/1417 1414/1414/1414
f 1416/1416/1416 1418/1418/1418 1417/1417/1417
f 1419/1419/1419 1418/1418/1418 1416/1416/1416
f 1418/1418/1418 1420/1420/1420 1417/1417/1417
f 1417/1417/1417 1421/1421/1421 1414/1414/1414
f 1414/1414/1414 1421/1421/1421 1422/1422/1422
f 1414/1414/1414 1422/1422/1422 1413/1413/1413
f 1425/1425/1425 1424/1424/1424 1423/1423/1423
f 1428/1428/1428 1427/1427/1427 1426/1426/1426
f 1431/1431/1431 1430/1430/1430 1429/1429/1429
f 1433/1433/1433 1305/1305/1305 1432/1432/1432
f 1436/1436/1436 1435/1435/1435 1434/1434/1434
f 1439/1439/1439 1438/1438/1438 1437/1437/1437
f 1439/1439/1439 1437/1437/1437 1440/1440/1440
f 1440/1440/1440 1437/1437/1437 1441/1441/1441
f 1442/1442/1442 1440/1440/1440 1441/1441/1441
f 1442/1442/1442 1441/1441/1441 1443/1443/1443
f 1443/1443/1443 1441/1441/1441 1444/1444/1444
f 1441/1441/1441 1437/1437/1437 1444/1444/1444
f 1445/1445/1445 1440/1440/1440 1442/1442/1442
f 1439/1439/1439 1328/1328/1328 1438/1438/1438
f 1439/1439/1439 1440/1440/1440 1328/1328/1328
f 1445/1445/1445 1328/1328/1328 1440/1440/1440
f 1330/1330/1330 1328/1328/1328 1445/1445/1445
f 1446/1446/1446 1328/1328/1328 1326/1326/1326
f 1449/1449/1449 1448/1448/1448 1447/1447/1447
f 1452/1452/1452 1451/1451/1451 1450/1450/1450
f 1455/1455/1455 1454/1454/1454 1453/1453/1453
f 1455/1455/1455 1456/1456/1456 1454/1454/1454
f 1455/1455/1455 1458/1458/1458 1457/1457/1457
f 1459/1459/1459 1458/1458/1458 1455/1455/1455
f 1459/1459/1459 1455/1455/1455 1460/1460/1460
f 1455/1455/1455 1461/1461/1461 1460/1460/1460
f 1458/1458/1458 1459/1459/1459 1462/1462/1462
f 1462/1462/1462 1459/1459/1459 1463/1463/1463
f 1459/1459/1459 1460/1460/1460 1463/1463/1463
f 1463/1463/1463 1460/1460/1460 1464/1464/1464
f 1465/1465/1465 1463/1463/1463 1464/1464/1464
f 1466/1466/1466 1463/1463/1463 1465/1465/1465
f 1467/1467/1467 1466/1466/1466 1465/1465/1465
f 1468/1468/1468 1466/1466/1466 1467/1467/1467
f 1469/1469/1469 1468/1468/1468 1467/1467/1467
f 1469/1469/1469 1470/1470/1470 1468/1468/1468
f 1468/1468/1468 1470/1470/1470 1471/1471/1471
f 1472/1472/1472 1468/1468/1468 1471/1471/1471
f 1466/1466/1466 1468/1468/1468 1472/1472/1472
f 1462/1462/1462 1463/1463/1463 1473/1473/1473
f 1466/1466/1466 1473/1473/1473 1463/1463/1463
f 1472/1472/1472 1473/1473/1473 1466/1466/1466
f 1474/1474/1474 1458/1458/1458 1462/1462/1462
f 1470/1470/1470 1475/1475/1475 1471/1471/1471
f 1471/1471/1471 1475/1475/1475 1476/1476/1476
f 1476/1476/1476 1472/1472/1472 1471/1471/1471
f 1460/1460/1460 1478/1478/1478 1477/1477/1477
f 1478/1478/1478 1479/1479/1479 1477/1477/1477
f 1477/1477/1477 1479/1479/1479 1480/1480/1480
f 1479/1479/1479 1303/1303/1303 1480/1480/1480
f 1481/1481/1481 1303/1303/1303 1479/1479/1479
f 1484/1484/1484 1483/1483/1483 1482/1482/1482
f 1482/1482/1482 1483/1483/1483 1485/1485/1485
f 1483/1483/1483 1486/1486/1486 1485/1485/1485
f 1489/1489/1489 1488/1488/1488 1487/1487/1487
f 1489/1489/1489 1490/1490/1490 1488/1488/1488
f 1286/1286/1286 1491/1491/1491 1289/1289/1289
f 1286/1286/1286 1282/1282/1282 1491/1491/1491
f 1491/1491/1491 1282/1282/1282 1492/1492/1492
f 1282/1282/1282 1278/1278/1278 1492/1492/1492
f 1278/1278/1278 1274/1274/1274 1492/1492/1492
f 1492/1492/1492 1274/1274/1274 1273/1273/1273
f 1273/1273/1273 1491/1491/1491 1492/1492/1492
f 1493/1493/1493 1491/1491/1491 1273/1273/1273
f 1491/1491/1491 1493/1493/1493 1289/1289/1289
f 1264/1264/1264 1493/1493/1493 1273/1273/1273
f 1263/1263/1263 1493/1493/1493 1264/1264/1264
f 1493/1493/1493 1263/1263/1263 1266/1266/1266
f 1289/1289/1289 1493/1493/1493 1266/1266/1266
f 1495/1495/1495 1233/1233/1233 1494/1494/1494
f 1494/1494/1494 1233/1233/1233 1496/1496/1496
f 1494/1494/1494 1496/1496/1496 1497/1497/1497
f 1497/1497/1497 1496/1496/1496 1498/1498/1498
f 1233/1233/1233 1249/1249/1249 1496/1496/1496
f 1249/1249/1249 1233/1233/1233 1235/1235/1235
f 1496/1496/1496 1249/1249/1249 1499/1499/1499
f 1496/1496/1496 1499/1499/1499 1498/1498/1498
f 1249/1249/1249 1500/1500/1500 1499/1499/1499
f 1500/1500/1500 1501/1501/1501 1499/1499/1499
f 1502/1502/1502 1499/1499/1499 1501/1501/1501
f 1501/1501/1501 1327/1327/1327 1502/1502/1502
f 1502/1502/1502 1327/1327/1327 1329/1329/1329
f 1498/1498/1498 1499/1499/1499 1503/1503/1503
f 1503/1503/1503 1499/1499/1499 1502/1502/1502
f 1249/1249/1249 1504/1504/1504 1500/1500/1500
f 1500/1500/1500 1504/1504/1504 1505/1505/1505
f 1500/1500/1500 1505/1505/1505 1501/1501/1501
f 1506/1506/1506 1505/1505/1505 1504/1504/1504
f 1507/1507/1507 1505/1505/1505 1506/1506/1506
f 1505/1505/1505 1507/1507/1507 1508/1508/1508
f 1501/1501/1501 1505/1505/1505 1508/1508/1508
f 1501/1501/1501 1508/1508/1508 1327/1327/1327
f 1508/1508/1508 1507/1507/1507 1509/1509/1509
f 1509/1509/1509 1510/1510/1510 1508/1508/1508
f 1327/1327/1327 1508/1508/1508 1510/1510/1510
f 1511/1511/1511 1510/1510/1510 1509/1509/1509
f 1511/1511/1511 1512/1512/1512 1510/1510/1510
f 1513/1513/1513 1512/1512/1512 1511/1511/1511
f 1512/1512/1512 1513/1513/1513 1514/1514/1514
f 1514/1514/1514 1513/1513/1513 1515/1515/1515
f 1514/1514/1514 1515/1515/1515 1516/1516/1516
f 1516/1516/1516 1515/1515/1515 1517/1517/1517
f 1517/1517/1517 1518/1518/1518 1516/1516/1516
f 1519/1519/1519 1518/1518/1518 1517/1517/1517
f 1518/1518/1518 1519/1519/1519 1520/1520/1520
f 1520/1520/1520 1519/1519/1519 1521/1521/1521
f 1521/1521/1521 1522/1522/1522 1520/1520/1520
f 1523/1523/1523 1522/1522/1522 1521/1521/1521
f 1522/1522/1522 1523/1523/1523 1524/1524/1524
f 1524/1524/1524 1523/1523/1523 1525/1525/1525
f 1524/1524/1524 1525/1525/1525 1526/1526/1526
f 1526/1526/1526 1525/1525/1525 1527/1527/1527
f 1527/1527/1527 1528/1528/1528 1526/1526/1526
f 1529/1529/1529 1528/1528/1528 1527/1527/1527
f 1528/1528/1528 1529/1529/1529 1504/1504/1504
f 1504/1504/1504 1529/1529/1529 1506/1506/1506
f 1530/1530/1530 1518/1518/1518 1520/1520/1520
f 1530/1530/1530 1520/1520/1520 1531/1531/1531
f 1531/1531/1531 1520/1520/1520 1532/1532/1532
f 1533/1533/1533 1526/1526/1526 1528/1528/1528
f 1534/1534/1534 1526/1526/1526 1533/1533/1533
f 1535/1535/1535 1524/1524/1524 1526/1526/1526
f 1536/1536/1536 1528/1528/1528 1504/1504/1504
f 1537/1537/1537 1528/1528/1528 1536/1536/1536
f 1538/1538/1538 1524/1524/1524 1535/1535/1535
f 1538/1538/1538 1539/1539/1539 1524/1524/1524
f 1541/1541/1541 1540/1540/1540 1538/1538/1538
f 1542/1542/1542 1518/1518/1518 1530/1530/1530
f 1543/1543/1543 1516/1516/1516 1518/1518/1518
f 1544/1544/1544 1516/1516/1516 1543/1543/1543
f 1544/1544/1544 1514/1514/1514 1516/1516/1516
f 1545/1545/1545 1514/1514/1514 1544/1544/1544
f 1545/1545/1545 1512/1512/1512 1514/1514/1514
f 1325/1325/1325 1512/1512/1512 1545/1545/1545
f 1325/1325/1325 1510/1510/1510 1512/1512/1512
f 1327/1327/1327 1510/1510/1510 1325/1325/1325
f 1239/1239/1239 1547/1547/1547 1546/1546/1546
f 1550/1550/1550 1549/1549/1549 1548/1548/1548
f 1549/1549/1549 1550/1550/1550 1551/1551/1551
f 1549/1549/1549 1551/1551/1551 1552/1552/1552
f 1552/1552/1552 1551/1551/1551 1553/1553/1553
f 1553/1553/1553 1554/1554/1554 1552/1552/1552
f 1553/1553/1553 1551/1551/1551 1555/1555/1555
f 1556/1556/1556 1553/1553/1553 1555/1555/1555
f 1557/1557/1557 1556/1556/1556 1555/1555/1555
f 1558/1558/1558 1553/1553/1553 1556/1556/1556
f 1558/1558/1558 1559/1559/1559 1553/1553/1553
f 1560/1560/1560 1559/1559/1559 1558/1558/1558
f 1561/1561/1561 1560/1560/1560 1558/1558/1558
f 1562/1562/1562 1558/1558/1558 1556/1556/1556
f 1555/1555/1555 1551/1551/1551 1563/1563/1563
f 1390/1390/1390 1555/1555/1555 1563/1563/1563
f 1393/1393/1393 1555/1555/1555 1390/1390/1390
f 1551/1551/1551 1564/1564/1564 1563/1563/1563
f 1550/1550/1550 1564/1564/1564 1551/1551/1551
f 1550/1550/1550 1565/1565/1565 1564/1564/1564
f 1566/1566/1566 1391/1391/1391 1390/1390/1390
f 1569/1569/1569 1568/1568/1568 1567/1567/1567
f 1570/1570/1570 1568/1568/1568 1569/1569/1569
f 1570/1570/1570 1571/1571/1571 1568/1568/1568
f 1572/1572/1572 1571/1571/1571 1570/1570/1570
f 1572/1572/1572 1573/1573/1573 1571/1571/1571
f 1574/1574/1574 1573/1573/1573 1572/1572/1572
f 1574/1574/1574 1575/1575/1575 1573/1573/1573
f 1576/1576/1576 1575/1575/1575 1574/1574/1574
f 1576/1576/1576 1577/1577/1577 1575/1575/1575
f 1578/1578/1578 1577/1577/1577 1576/1576/1576
f 1578/1578/1578 1579/1579/1579 1577/1577/1577
f 1580/1580/1580 1579/1579/1579 1578/1578/1578
f 1583/1583/1583 1582/1582/1582 1581/1581/1581
f 1584/1584/1584 1583/1583/1583 1581/1581/1581
f 1585/1585/1585 1584/1584/1584 1581/1581/1581
f 1582/1582/1582 1586/1586/1586 1581/1581/1581
f 1581/1581/1581 1586/1586/1586 1587/1587/1587
f 1587/1587/1587 1586/1586/1586 1588/1588/1588
f 1586/1586/1586 1589/1589/1589 1588/1588/1588
f 1588/1588/1588 1589/1589/1589 1590/1590/1590
f 1589/1589/1589 1591/1591/1591 1590/1590/1590
f 1590/1590/1590 1591/1591/1591 1592/1592/1592
f 1593/1593/1593 1592/1592/1592 1591/1591/1591
f 1596/1596/1596 1595/1595/1595 1594/1594/1594
f 1597/1597/1597 1595/1595/1595 1596/1596/1596
f 1597/1597/1597 1598/1598/1598 1595/1595/1595
f 1599/1599/1599 1598/1598/1598 1597/1597/1597
f 1599/1599/1599 1600/1600/1600 1598/1598/1598
f 1601/1601/1601 1600/1600/1600 1599/1599/1599
f 1601/1601/1601 1602/1602/1602 1600/1600/1600
f 1603/1603/1603 1602/1602/1602 1601/1601/1601
f 1603/1603/1603 1604/1604/1604 1602/1602/1602
f 1605/1605/1605 1604/1604/1604 1603/1603/1603
f 1605/1605/1605 1606/1606/1606 1604/1604/1604
f 1607/1607/1607 1606/1606/1606 1605/1605/1605
f 1607/1607/1607 1608/1608/1608 1606/1606/1606
f 1609/1609/1609 1608/1608/1608 1607/1607/1607
f 1304/1304/1304 1610/1610/1610 1307/1307/1307
f 1309/1309/1309 1611/1611/1611 1304/1304/1304
f 1614/1614/1614 1613/1613/1613 1612/1612/1612
f 1616/1616/1616 1279/1279/1279 1615/1615/1615
f 1279/1279/1279 1616/1616/1616 1277/1277/1277
f 1277/1277/1277 1616/1616/1616 1617/1617/1617
f 1616/1616/1616 1618/1618/1618 1617/1617/1617
f 1277/1277/1277 1617/1617/1617 1275/1275/1275
f 1275/1275/1275 1617/1617/1617 1619/1619/1619
f 1617/1617/1617 1620/1620/1620 1619/1619/1619
f 1621/1621/1621 1620/1620/1620 1617/1617/1617
f 1619/1619/1619 1622/1622/1622 1275/1275/1275
f 1623/1623/1623 1622/1622/1622 1619/1619/1619
f 1275/1275/1275 1622/1622/1622 1276/1276/1276
f 1626/1626/1626 1625/1625/1625 1624/1624/1624
f 1629/1629/1629 1628/1628/1628 1627/1627/1627
f 1630/1630/1630 1628/1628/1628 1629/1629/1629
f 1630/1630/1630 1629/1629/1629 1631/1631/1631
f 1631/1631/1631 1629/1629/1629 1632/1632/1632
f 1632/1632/1632 1629/1629/1629 1633/1633/1633
f 1631/1631/1631 1632/1632/1632 1634/1634/1634
f 1634/1634/1634 1632/1632/1632 1635/1635/1635
f 1635/1635/1635 1632/1632/1632 1636/1636/1636
f 1634/1634/1634 1635/1635/1635 1637/1637/1637
f 1637/1637/1637 1635/1635/1635 1638/1638/1638
f 1638/1638/1638 1635/1635/1635 1639/1639/1639
f 1640/1640/1640 1638/1638/1638 1639/1639/1639
f 1641/1641/1641 1638/1638/1638 1640/1640/1640
f 1637/1637/1637 1638/1638/1638 1641/1641/1641
f 1642/1642/1642 1628/1628/1628 1630/1630/1630
f 1642/1642/1642 1643/1643/1643 1628/1628/1628
f 1628/1628/1628 1643/1643/1643 1644/1644/1644
f 1645/1645/1645 1643/1643/1643 1642/1642/1642
f 1645/1645/1645 1646/1646/1646 1643/1643/1643
f 1643/1643/1643 1646/1646/1646 1647/1647/1647
f 1648/1648/1648 1646/1646/1646 1645/1645/1645
f 1648/1648/1648 1649/1649/1649 1646/1646/1646
f 1646/1646/1646 1649/1649/1649 1650/1650/1650
f 1651/1651/1651 1649/1649/1649 1648/1648/1648
f 1651/1651/1651 1652/1652/1652 1649/1649/1649
f 1649/1649/1649 1652/1652/1652 1653/1653/1653
f 1654/1654/1654 1652/1652/1652 1651/1651/1651
f 1654/1654/1654 1655/1655/1655 1652/1652/1652
f 1656/1656/1656 1652/1652/1652 1655/1655/1655
f 1657/1657/1657 1655/1655/1655 1654/1654/1654
f 1657/1657/1657 1658/1658/1658 1655/1655/1655
f 1658/1658/1658 1659/1659/1659 1655/1655/1655
f 1660/1660/1660 1658/1658/1658 1657/1657/1657
f 1660/1660/1660 1661/1661/1661 1658/1658/1658
f 1661/1661/1661 1662/1662/1662 1658/1658/1658
f 1663/1663/1663 1661/1661/1661 1660/1660/1660
f 1663/1663/1663 1640/1640/1640 1661/1661/1661
f 1640/1640/1640 1664/1664/1664 1661/1661/1661
f 1641/1641/1641 1640/1640/1640 1663/1663/1663
f 1667/1667/1667 1666/1666/1666 1665/1665/1665
f 1670/1670/1670 1669/1669/1669 1668/1668/1668
f 1673/1673/1673 1672/1672/1672 1671/1671/1671
f 1676/1676/1676 1675/1675/1675 1674/1674/1674
f 1679/1679/1679 1678/1678/1678 1677/1677/1677
f 1679/1679/1679 1677/1677/1677 1680/1680/1680
f 1680/1680/1680 1677/1677/1677 1681/1681/1681
f 1680/1680/1680 1681/1681/1681 1682/1682/1682
f 1682/1682/1682 1681/1681/1681 1683/1683/1683
f 1682/1682/1682 1683/1683/1683 1684/1684/1684
f 1684/1684/1684 1685/1685/1685 1679/1679/1679
f 1684/1684/1684 1683/1683/1683 1685/1685/1685
f 1688/1688/1688 1687/1687/1687 1686/1686/1686
f 1689/1689/1689 1687/1687/1687 1688/1688/1688
f 1692/1692/1692 1691/1691/1691 1690/1690/1690
f 1693/1693/1693 1691/1691/1691 1692/1692/1692
f 1696/1696/1696 1695/1695/1695 1694/1694/1694
f 1697/1697/1697 1695/1695/1695 1696/1696/1696
f 1700/1700/1700 1699/1699/1699 1698/1698/1698
f 1701/1701/1701 1699/1699/1699 1700/1700/1700
