g polySurface67
v 1255.967 48.57261 -896.6669
v 1188.161 48.57261 -918.5325
v 1247.326 72.71442 -906.9274
v 1181.681 73.0619 -928.3967
v 1247.326 72.71442 -906.9274
v 1181.681 73.0619 -928.3967
v 1245.612 72.71442 -916.6988
v 1191.158 72.57758 -931.9753
v 1262.998 72.71442 -947.2686
v 1268.175 72.71442 -943.1233
v 1275.603 72.71442 -980.1572
v 1287.524 72.71442 -987.3227
v 1258.833 72.71442 -987.4924
v 1265.128 72.71442 -994.6445
v 1254.575 98.13097 -999.0337
v 1236.129 102.1481 -952.8865
v 1180.885 102.5968 -963.2328
v 1191.447 72.91636 -943.1551
v 1198.536 72.71481 -943.0575
v 1287.524 72.71442 -987.3227
v 1276.816 48.57261 -932.8636
v 1268.175 72.71442 -943.1233
v 1296.165 48.57261 -977.0613
v 1255.967 48.57261 -896.6669
v 1247.326 72.71442 -906.9274
v 1236.129 102.1481 -952.8865
v 1180.885 102.5968 -963.2328
v 1236.41 102.9514 -945.0162
v 1261 98.08226 -1003.82
v 1254.575 98.13097 -999.0337
v 1175.128 105.0278 -960.6556
v 1261 98.08226 -1003.82
v 1236.41 102.9514 -945.0162
v 1254.639 121.2335 -1013.837
v 1223.214 129.7479 -953.574
v 1254.639 121.2335 -1013.837
v 1223.214 129.7479 -953.574
v 1250.431 122.7526 -1014.673
v 1250.431 122.7526 -1014.673
v 1223.214 129.7479 -953.574
v 1223.07 129.1547 -959.4419
v 1163.9 127.8098 -970.0414
v 1167.249 127.1047 -972.4975
v 1223.214 129.7479 -953.574
v 1175.128 105.0278 -960.6556
v 1163.9 127.8098 -970.0414
v 1236.41 102.9514 -945.0162
v 1161.537 137.4168 -976.9571
v 1223.07 129.1547 -959.4419
v 1167.249 127.1047 -972.4975
v 1218.751 140.3472 -962.5658
v 1149.711 148.8603 -984.7307
v 1153.117 136.2174 -979.3127
v 1212.902 155.5029 -966.7956
v 1135.356 161.5181 -995.5167
v 1140.874 149.6017 -989.2277
v 1218.751 140.3472 -962.5658
v 1250.431 122.7526 -1014.673
v 1223.07 129.1547 -959.4419
v 1249.745 131.167 -1018.182
v 1212.902 155.5029 -966.7956
v 1248.817 142.5609 -1022.933
v 1247.18 148.5648 -1025.484
v 1247.18 148.5648 -1025.484
v 1212.902 155.5029 -966.7956
v 1210.74 160.0856 -972.6218
v 1212.902 155.5029 -966.7956
v 1135.356 161.5181 -995.5167
v 1210.74 160.0856 -972.6218
v 1135.356 161.5181 -995.5167
v 1203.479 158.3872 -987.828
v 1148.048 157.7619 -1014.391
v 1234.275 149.7148 -1024.957
v 1247.18 148.5648 -1025.484
v 1426.319 48.71145 -832.6073
v 1344.748 48.57261 -863.2617
v 1420.999 72.85326 -841.2454
v 1338.923 72.71442 -872.5819
v 1420.999 72.85326 -841.2454
v 1338.923 72.71442 -872.5819
v 1417.092 72.85326 -851.5169
v 1347.181 72.66222 -878.9976
v 1434.094 72.52089 -902.5329
v 1439.315 72.41883 -918.1987
v 1449.726 72.41883 -922.0878
v 1344.554 72.71442 -901.514
v 1347.181 72.66222 -878.9976
v 1352.318 72.71442 -899.5286
v 1355.816 72.71442 -936.8536
v 1363.357 72.71442 -934.1702
v 1361.489 72.71442 -951.256
v 1368.326 74.84698 -943.35
v 1370.25 72.71442 -961.614
v 1372.247 74.84698 -947.9859
v 1347.181 72.66222 -878.9976
v 1431.522 154.8345 -895.9896
v 1417.092 72.85326 -851.5169
v 1357.824 154.4247 -926.2217
v 1431.522 154.8345 -895.9896
v 1347.181 72.66222 -878.9976
v 1362.528 155.1495 -945.7795
v 1438.005 154.8345 -915.4428
v 1431.522 154.8345 -895.9896
v 1448.525 154.8345 -947.0056
v 1472.928 157.802 -903.9232
v 1479.517 154.8345 -932.6527
v 1373.285 154.5913 -978.7854
v 1453.745 154.8345 -962.6714
v 1377.618 154.1521 -983.6955
v 1352.318 72.71442 -899.5286
v 1357.824 154.4247 -926.2217
v 1347.181 72.66222 -878.9976
v 1362.528 155.1495 -945.7795
v 1363.357 72.71442 -934.1702
v 1373.285 154.5913 -978.7854
v 1483.246 72.72652 -898.1726
v 1438.005 154.8345 -915.4428
v 1472.928 157.802 -903.9232
v 1434.094 72.42999 -913.0983
v 1438.005 154.8345 -915.4428
v 1434.094 72.42999 -913.0983
v 1431.522 154.8345 -895.9896
v 1417.092 72.85326 -851.5169
v 1377.618 154.1521 -983.6955
v 1373.285 154.5913 -978.7854
v 1368.326 74.84698 -943.35
v 1372.247 74.84698 -947.9859
v 1363.357 72.71442 -934.1702
v 1458.368 48.27702 -911.827
v 1426.319 48.71145 -832.6073
v 1449.726 72.41883 -922.0878
v 1420.999 72.85326 -841.2454
v 1434.094 72.52089 -902.5329
v 1417.092 72.85326 -851.5169
v 1434.094 72.42999 -913.0983
v 1209.291 157.0597 -979.1484
v 1150.781 159.6706 -999.0712
v 1196.108 191.4128 -1001.782
v 1137.198 202.1241 -1022.32
v 1137.518 218.4635 -1036.445
v 1196.108 191.4128 -1001.782
v 1137.198 202.1241 -1022.32
v 1197.114 200.9191 -1010.029
v 1205.846 211.4384 -1017.393
v 1145.456 237.283 -1046.568
v 1170.593 268.3198 -1060.07
v 1221.53 217.4683 -1021.147
v 1187.688 280.2879 -1063.522
v 1238.256 223.4777 -1019.285
v 1208.198 285.9515 -1062.086
v 1255.761 228.5179 -1017.987
v 1310.871 291.0503 -1040.155
v 1291.207 230.9796 -1008.322
v 1356.665 271.0969 -1016.254
v 1326.549 219.8652 -991.8401
v 1375.108 259.0523 -1004.057
v 1398.917 258.4195 -1036.555
v 1377.823 270.1694 -1048.954
v 1310.871 291.0503 -1040.155
v 1335.448 289.5788 -1066.636
v 1422.209 236.2208 -1020.686
v 1401.416 237.1873 -983.5852
v 1346.531 208.8485 -979.5682
v 1401.416 237.1873 -983.5852
v 1357.238 199.5815 -969.8102
v 1420.444 210.0026 -961.7394
v 1365.198 187.916 -961.7451
v 1429.332 185.1514 -933.644
v 1368.702 174.7024 -942.799
v 1427.804 153.118 -906.1725
v 1369.282 154.3458 -929.1369
v 1209.291 157.0597 -979.1484
v 1196.108 191.4128 -1001.782
v 1238.131 147.3997 -1023.029
v 1223.018 178.9686 -1033.058
v 1220.363 190.3166 -1036.901
v 1197.114 200.9191 -1010.029
v 1197.114 200.9191 -1010.029
v 1137.518 218.4635 -1036.445
v 1170.593 268.3198 -1060.07
v 1211.676 274.7574 -1097.436
v 1187.688 280.2879 -1063.522
v 1197.198 256.658 -1095.843
v 1145.456 237.283 -1046.568
v 1172.094 215.8692 -1082.264
v 1233.453 281.4967 -1092.606
v 1208.198 285.9515 -1062.086
v 1335.448 289.5788 -1066.636
v 1310.871 291.0503 -1040.155
v 1422.209 236.2208 -1020.686
v 1438.671 207.046 -1004.18
v 1401.416 237.1873 -983.5852
v 1420.444 210.0026 -961.7394
v 1429.332 185.1514 -933.644
v 1450.231 177.025 -992.0928
v 1427.804 153.118 -906.1725
v 1454.381 154.8401 -974.1492
v 1226.696 316.3446 -1140.528
v 1245.637 341.6047 -1137.282
v 1177.667 340.0747 -1095.367
v 1206.292 365.7375 -1093.798
v 1282.196 367.7873 -1138.074
v 1173.379 335.9679 -1093.236
v 1206.292 365.7375 -1093.798
v 1282.196 367.7873 -1138.074
v 1242.742 385.3563 -1093.495
v 1282.196 367.7873 -1138.074
v 1328.692 350.7557 -1112.295
v 1242.742 385.3563 -1093.495
v 1288.82 375.7093 -1069.309
v 1322.765 356.6285 -1042.872
v 1360.86 336.0981 -1084.19
v 1325.546 348.6406 -1036.621
v 1363.264 329.9629 -1077.522
v 1206.292 365.7375 -1093.798
v 1242.742 385.3563 -1093.495
v 1288.82 375.7093 -1069.309
v 1322.765 356.6285 -1042.872
v 1177.667 340.0747 -1095.367
v 1173.379 335.9679 -1093.236
v 1325.546 348.6406 -1036.621
v 1312.02 322.1236 -1029.538
v 1198.327 301.8729 -1062.657
v 1290.699 285.218 -1016.506
v 1234.403 274.9665 -1032.808
v 1229.327 310.2519 -1139.779
v 1226.696 316.3446 -1140.528
v 1173.379 335.9679 -1093.236
v 1238.109 183.4842 -1023.871
v 1222.095 181.5774 -1030.28
v 1227.359 221.9703 -1052.78
v 1213.359 220.5275 -1059.1
v 1235.119 222.7699 -1049.276
v 1248.155 183.621 -1020.375
v 1243.808 223.6655 -1045.354
v 1256.094 183.6415 -1015.899
v 1255.043 224.8233 -1040.281
v 1262.813 184.8903 -1013.442
v 1263.204 225.6644 -1036.597
v 1271.239 185.23 -1010.118
v 1270.272 226.3928 -1033.406
v 1279.777 185.1416 -1006.803
v 1274.623 226.841 -1031.442
v 1283.544 185.5797 -1004.008
v 1283.056 227.7102 -1027.634
v 1291.379 187.7684 -1001.846
v 1292.747 228.709 -1023.259
v 1301.5 190.9924 -998.3784
v 1300.582 229.5164 -1019.722
v 1307.979 191.2334 -995.3168
v 1307.535 230.2328 -1016.583
v 1313.816 192.1053 -993.231
v 1314.417 230.9421 -1013.476
v 1321.751 192.7577 -990.2923
v 1321.247 231.6462 -1010.392
v 1326.677 193.9643 -988.2216
v 1330.496 232.5993 -1006.216
v 1334.013 193.3566 -984.1895
v 1338.073 233.3801 -1002.795
v 1343.187 191.8055 -980.6514
v 1344.027 233.9937 -1000.108
v 1347.554 193.3128 -978.4165
v 1348.652 234.4703 -998.0198
v 1350.687 194.5751 -976.9955
v 1350.303 234.6404 -997.2743
v 1359.873 197.9166 -974.9374
v 1351.674 234.7818 -996.655
v 1365.296 198.5757 -972.8098
v 1324.608 182.109 -986.3788
v 1316.406 181.471 -989.2745
v 1321.415 153.9351 -973.8533
v 1310.852 180.5596 -991.0928
v 1304.718 180.4626 -994.0333
v 1294.487 176.6727 -997.27
v 1299.948 152.2901 -982.7639
v 1308 152.1008 -982.817
v 1302.993 139.7859 -975.8766
v 1306.792 135.7303 -974.5186
v 1286.804 174.1484 -999.014
v 1293.801 149.9987 -986.9848
v 1301.108 136.1425 -976.0303
v 1302.993 139.7859 -975.8766
v 1304.206 134.6805 -971.0306
v 1283.186 173.713 -1002.019
v 1274.274 174.0091 -1005.366
v 1277.73 157.8846 -995.6176
v 1285.606 157.1381 -995.2028
v 1281.467 140.4489 -985.076
v 1271.743 156.8178 -1000.228
v 1265.781 173.7968 -1008.599
v 1260.211 172.5249 -1010.39
v 1252.462 172.7269 -1015.007
v 1257.846 157.1927 -1004.369
v 1263.794 158.3655 -1005.475
v 1264.664 137.5191 -990.8963
v 1250.852 152.261 -1008.632
v 1241.835 172.7587 -1018.501
v 1225.308 170.7339 -1024.932
v 1306.792 135.7303 -974.5186
v 1304.206 134.6805 -971.0306
v 1302.993 139.7859 -975.8766
v 1318.406 149.6498 -977.1945
v 1321.415 153.9351 -973.8533
v 1323.304 141.7018 -967.4606
v 1310.852 180.5596 -991.0928
v 1328.302 153.2785 -974.6368
v 1323.304 141.7018 -967.4606
v 1321.415 153.9351 -973.8533
v 1324.608 182.109 -986.3788
v 1329.049 183.4434 -984.5657
v 1335.899 182.4387 -980.57
v 1337.846 164.3614 -971.3274
v 1345.479 180.2946 -977.0022
v 1349.442 182.0292 -974.8824
v 1352.196 183.4912 -973.631
v 1353.16 169.6197 -966.9948
v 1363.298 187.6393 -971.2391
v 1353.16 169.6197 -966.9948
v 1369.752 188.43 -968.7278
v 1352.442 167.2345 -970.5882
v 1349.442 182.0292 -974.8824
v 1353.16 169.6197 -966.9948
v 1353.16 169.6197 -966.9948
v 1354.05 156.8197 -960.871
v 1360.184 170.4537 -968.5549
v 1353.16 169.6197 -966.9948
v 1363.298 187.6393 -971.2391
v 1354.05 156.8197 -960.871
v 1335.408 160.1423 -974.6337
v 1337.846 164.3614 -971.3274
v 1338.979 153.8407 -965.9482
v 1329.049 183.4434 -984.5657
v 1344.843 166.6357 -974.059
v 1338.979 153.8407 -965.9482
v 1337.846 164.3614 -971.3274
v 1345.479 180.2946 -977.0022
v 1484.473 52.20774 -951.6339
v 1483.214 51.9119 -948.0322
v 1469.221 117.1268 -951.626
v 1467.962 116.8309 -948.0244
v 1479.845 51.12062 -946.4
v 1464.592 116.0397 -946.3922
v 1456.229 163.3528 -957.7429
v 1454.903 163.4529 -954.1545
v 1451.533 162.7252 -952.4935
v 1444.844 195.5676 -968.4363
v 1443.391 196.2074 -964.9543
v 1440.013 195.5712 -963.2732
v 1434.405 218.5052 -982.1941
v 1432.79 219.7149 -978.9423
v 1429.401 219.1896 -977.2452
v 1436.688 194.0318 -964.3777
v 1448.093 161.596 -953.733
v 1446.598 160.7267 -957.1469
v 1459.497 114.8435 -951.147
v 1461.086 115.2164 -947.6856
v 1474.749 49.9245 -951.1548
v 1476.338 50.29741 -947.6935
v 1435.364 192.4908 -967.6209
v 1426.222 217.2369 -978.097
v 1425.115 215.0007 -980.9988
v 1415.574 236.0142 -992.8172
v 1414.298 232.7786 -995.8934
v 1419.36 238.6261 -992.1669
v 1423.435 239.0821 -994.3226
v 1425.414 237.1171 -998.0225
v 1404.379 255.7396 -1007.393
v 1402.877 252.1208 -1011.204
v 1395.455 274.1669 -1019.843
v 1393.965 270.8313 -1023.913
v 1385.65 296.7787 -1030.757
v 1383.673 294.6834 -1033.618
v 1390.206 298.5828 -1030.155
v 1399.905 277.0806 -1018.701
v 1394.672 299.0372 -1032.163
v 1404.711 277.8558 -1021.148
v 1396.43 297.881 -1035.609
v 1407.058 276.0306 -1025.744
v 1374.536 327.3737 -1040.371
v 1372.302 325.0776 -1044.223
v 1379.073 329.3389 -1039.566
v 1383.256 329.8221 -1042.28
v 1384.634 328.5403 -1046.923
v 1361.987 372.5043 -1053.018
v 1359.907 370.97 -1056.333
v 1365.899 373.8822 -1052.342
v 1369.353 374.2964 -1054.701
v 1370.325 373.5045 -1058.713
v 1408.83 258.7556 -1006.453
v 1413.615 259.4321 -1008.961
v 1415.934 257.3486 -1013.428
v 1423.658 385.0985 -1028.191
v 1411.541 380.748 -1020.646
v 1419.438 390.3865 -1037.757
v 1403.304 386.0204 -1032.088
v 1416.735 374.4692 -1009.046
v 1427.316 374.5313 -1014.968
v 1398.136 388.9807 -1006.302
v 1387.64 398.5591 -1012.66
v 1405.249 380.6083 -1001.079
v 1418.466 369.6102 -996.235
v 1427.878 368.5096 -1003.996
v 1418.313 363.4088 -983.7393
v 1421.418 364.8177 -988.7947
v 1410.202 374.332 -991.9847
v 1414.374 367.6639 -984.8646
v 1399.182 389.2446 -1036.913
v 1379.766 400.9495 -1017.827
v 1394.442 392.3373 -1041.59
v 1411.642 397.9816 -1050.154
v 1402.368 402.5645 -1059.968
v 1389.506 396.8359 -1046.09
v 1394.534 405.3086 -1068.253
v 1383.282 398.0072 -1055.319
v 1416.062 393.5907 -1043.383
v 1367.16 408.9517 -1025.661
v 1359.866 410.3555 -1033.945
v 1376.435 405.051 -1024.851
v 1377.425 397.3933 -1064.291
v 1354.755 406.0052 -1047.827
v 1367.613 393.3261 -1073.762
v 1383.708 404.6846 -1077.426
v 1375.411 400.0474 -1082.489
v 1367.613 393.3261 -1073.762
v 1367.613 393.3261 -1073.762
v 1354.755 406.0052 -1047.827
v 1352.504 401.3621 -1063.928
v 1375.411 400.0474 -1082.489
v 1367.613 393.3261 -1073.762
v 1368.619 389.09 -1088.321
v 1368.619 389.09 -1088.321
v 1367.613 393.3261 -1073.762
v 1360.061 383.5972 -1081.386
v 1367.613 393.3261 -1073.762
v 1352.504 401.3621 -1063.928
v 1360.061 383.5972 -1081.386
v 1346.139 392.0579 -1075.263
v 1372.433 364.1463 -1036.441
v 1367.944 359.1762 -1030.157
v 1361.628 366.3117 -1037.754
v 1361.024 358.2919 -1030.185
v 1373.976 369.383 -1041.94
v 1361.758 369.9728 -1043.192
v 1372.655 375.9204 -1050.122
v 1362.936 374.5768 -1049.719
v 1351.067 374.632 -1038.518
v 1352.781 380.3242 -1046.639
v 1353.208 370.9382 -1033.384
v 1355.044 362.1242 -1028.651
v 1359.002 379.6172 -1056.589
v 1364.601 378.59 -1057.885
v 1371.328 380.833 -1059.404
v 1361.919 349.9296 -1024.034
v 1358.279 353.2855 -1022.758
v 1361.919 349.9296 -1024.034
v 1363.679 342.2288 -1016.81
v 1361.919 349.9296 -1024.034
v 1367.944 359.1762 -1030.157
v 1364.265 350.8382 -1023.573
v 1365.811 340.7118 -1017.195
v 1361.919 349.9296 -1024.034
v 1365.811 340.7118 -1017.195
v 1363.679 342.2288 -1016.81
v 1353.371 381.8819 -1039.166
v 1349.694 374.9961 -1036.519
v 1344.254 379.7083 -1044.606
v 1343.446 374.8453 -1039.974
v 1358.238 385.0747 -1047.02
v 1347.806 383.3557 -1050.497
v 1360.015 387.969 -1052.275
v 1350.82 385.1279 -1055.056
v 1336.24 385.157 -1045.415
v 1338.998 387.9375 -1050.961
v 1350.82 385.1279 -1055.056
v 1337.123 377.8027 -1039.68
v 1355.208 386.481 -1061.869
v 1339.696 373.4132 -1036.74
v 1344.107 370.7004 -1037.475
v 1341.313 369.3991 -1034.534
v 1344.107 370.7004 -1037.475
v 1343.446 367.4696 -1033.799
v 1349.429 389.2935 -1061.392
v 1341.625 391.2409 -1054.593
v 1355.208 386.481 -1061.869
v 1350.82 385.1279 -1055.056
v 1338.998 387.9375 -1050.961
v 1355.208 386.481 -1061.869
v 1349.429 389.2935 -1061.392
v 1357.557 383.3962 -1064.445
v 1362.019 389.8878 -1061.358
v 1355.208 386.481 -1061.869
v 1355.208 386.481 -1061.869
v 1362.922 387.123 -1063.735
v 1362.922 387.123 -1063.735
v 1355.208 386.481 -1061.869
v 1357.557 383.3962 -1064.445
v 1362.426 378.8063 -1067.758
v 1359.849 375.3527 -1068.483
v 1344.107 370.7004 -1037.475
v 1345.578 370.5403 -1034.828
v 1343.446 367.4696 -1033.799
v 1357.557 383.3962 -1064.445
v 1349.429 389.2935 -1061.392
v 1353.728 386.2755 -1064.697
v 1357.557 383.3962 -1064.445
v 1353.728 386.2755 -1064.697
v 1359.849 375.3527 -1068.483
v 1355.944 380.6426 -1066.985
v 1313.629 384.3822 -1036.164
v 1308.292 381.8753 -1044.482
v 1320.349 388.3746 -1039.411
v 1315.872 385.987 -1049.384
v 1328.89 391.8818 -1044.245
v 1324.568 389.9936 -1054.274
v 1336.492 395.0611 -1047.12
v 1330.077 391.9402 -1056.247
v 1342.906 397.8569 -1048.83
v 1336.122 393.9471 -1056.558
v 1303.75 377.7038 -1040.295
v 1308.324 377.8695 -1034.309
v 1309.971 391.9721 -1053.935
v 1318.359 395.0265 -1060.125
v 1330.077 391.9402 -1056.247
v 1302.492 386.2176 -1048.506
v 1303.75 377.7038 -1040.295
v 1303.75 377.7038 -1040.295
v 1301.326 374.1833 -1035.042
v 1303.397 374.0075 -1031.152
v 1330.077 391.9402 -1056.247
v 1324.897 398.6552 -1061.046
v 1336.122 393.9471 -1056.558
v 1318.359 395.0265 -1060.125
v 1336.122 393.9471 -1056.558
v 1324.897 398.6552 -1061.046
v 1330.554 399.4724 -1062.153
v 1344.212 393.4265 -1057.908
v 1302.492 386.2176 -1048.506
v 1303.75 377.7038 -1040.295
v 1299.608 380.9525 -1041.255
v 1297.992 377.1633 -1036.001
v 1301.326 374.1833 -1035.042
v 1298.704 372.7539 -1032.679
v 1344.212 393.4265 -1057.908
v 1330.554 399.4724 -1062.153
v 1339.259 396.516 -1062.351
v 1349.276 390.038 -1058.896
v 1349.276 390.038 -1058.896
v 1346.844 393.2008 -1062.355
v 1349.276 390.038 -1058.896
v 1356.211 381.2024 -1061.595
v 1351.436 387.0133 -1063.124
v 1357.121 384.9961 -1058.634
v 1349.276 390.038 -1058.896
v 1352.216 394.1317 -1053.642
v 1344.212 393.4265 -1057.908
v 1348.456 397.1689 -1051.683
v 1336.122 393.9471 -1056.558
v 1342.906 397.8569 -1048.83
v 1301.326 374.1833 -1035.042
v 1303.397 374.0075 -1031.152
v 1301.528 370.8438 -1029.99
v 1301.326 374.1833 -1035.042
v 1301.528 370.8438 -1029.99
v 1298.704 372.7539 -1032.679
v 1283.506 384.6234 -1051.659
v 1278.597 381.1544 -1063.99
v 1294.912 390.377 -1055.724
v 1290.621 386.9413 -1071.461
v 1273.179 375.1092 -1055.528
v 1270.76 387.3564 -1075.645
v 1273.179 375.1092 -1055.528
v 1286.796 391.9105 -1083.869
v 1266.785 379.7881 -1066.462
v 1265.672 374.3307 -1054.309
v 1289.263 394.6982 -1080.716
v 1302.558 392.8593 -1058.238
v 1297.148 389.353 -1073.415
v 1304.947 394.2969 -1062.231
v 1301.273 391.1444 -1073.915
v 1290.36 397.8214 -1084.143
v 1298.458 399.9929 -1085.658
v 1308.589 397.2766 -1059.335
v 1305.108 392.8097 -1074.379
v 1317.087 401.8074 -1059.609
v 1312.673 397.2697 -1074.981
v 1312.673 397.2697 -1074.981
v 1273.179 375.1092 -1055.528
v 1276.79 375.2263 -1047.822
v 1270.021 370.0387 -1051.18
v 1270.021 370.0387 -1051.18
v 1271.729 372.0797 -1044.349
v 1270.47 367.4913 -1044.44
v 1268.292 365.2289 -1044.258
v 1270.021 370.0387 -1051.18
v 1265.672 374.3307 -1054.309
v 1273.179 375.1092 -1055.528
v 1265.966 367.98 -1048.353
v 1317.087 401.8074 -1059.609
v 1312.673 397.2697 -1074.981
v 1328.189 404.1349 -1059.335
v 1328.189 404.1349 -1059.335
v 1312.673 397.2697 -1074.981
v 1321.995 398.5038 -1072.789
v 1343.351 403.144 -1058.187
v 1333.719 397.7541 -1071.331
v 1348.018 398.7698 -1061.917
v 1346.115 392.8736 -1070.377
v 1356.178 386.9023 -1066.76
v 1312.673 397.2697 -1074.981
v 1307.493 406.9411 -1083.732
v 1321.995 398.5038 -1072.789
v 1298.458 399.9929 -1085.658
v 1316.606 406.4617 -1082.798
v 1333.719 397.7541 -1071.331
v 1333.719 397.7541 -1071.331
v 1316.606 406.4617 -1082.798
v 1328.704 402.2036 -1079.498
v 1346.115 392.8736 -1070.377
v 1346.115 392.8736 -1070.377
v 1344.177 397.4289 -1076.15
v 1356.178 386.9023 -1066.76
v 1346.115 392.8736 -1070.377
v 1356.138 381.4384 -1071.221
v 1346.115 392.8736 -1070.377
v 1344.177 397.4289 -1076.15
v 1350.833 388.5173 -1075.327
v 1270.021 370.0387 -1051.18
v 1271.729 372.0797 -1044.349
v 1270.47 367.4913 -1044.44
v 1270.021 370.0387 -1051.18
v 1268.292 365.2289 -1044.258
v 1265.966 367.98 -1048.353
v 1482.042 255.7028 -1008.255
v 1472.748 255.3232 -998.1987
v 1467.415 256.6983 -1019.834
v 1462.54 254.5884 -1009.778
v 1486.213 256.7566 -1018.551
v 1472.748 256.5068 -1026.995
v 1491.031 257.0849 -1030.347
v 1477.014 256.0701 -1032.023
v 1456.82 263.0163 -1026.685
v 1458.624 262.9131 -1036.76
v 1455.692 261.9211 -1018.634
v 1455.227 258.0721 -1009.169
v 1462.54 254.5884 -1009.778
v 1465.518 258.4733 -1041.187
v 1480.366 254.2975 -1037.203
v 1491.945 255.3438 -1035.832
v 1456.953 251.1631 -998.142
v 1462.387 252.3809 -991.6471
v 1454.476 247.9248 -980.8704
v 1453.093 254.8448 -997.1321
v 1486.277 247.006 -1042.631
v 1491.305 247.9443 -1041.412
v 1476.374 248.596 -1045.068
v 1456.953 251.1631 -998.142
v 1451.299 249.3736 -981.1185
v 1456.953 251.1631 -998.142
v 1453.093 254.8448 -997.1321
v 1462.54 254.5884 -1009.778
v 1454.868 57.44596 -924.8095
v 1449.747 56.88593 -928.1193
v 1461.727 85.88022 -940.2328
v 1456.606 85.3202 -943.5427
v 1467.546 84.10519 -940.9258
v 1460.687 55.67093 -925.5024
v 1465.749 108.7294 -955.4339
v 1463.646 106.5921 -960.7724
v 1471.081 108.4098 -952.4434
v 1476.518 105.82 -953.552
v 1473.933 126.5065 -968.8182
v 1474.349 123.3443 -974.046
v 1477.615 127.4353 -964.0154
v 1483.239 125.5868 -962.4511
v 1488.11 122.0229 -964.8157
v 1483.208 98.44394 -958.2205
v 1470.654 81.03489 -945.2154
v 1482.016 141.5335 -978.2044
v 1485.71 142.4167 -973.4019
v 1482.016 141.5335 -978.2044
v 1481.867 138.1094 -983.3775
v 1491.22 140.329 -971.7358
v 1485.71 142.4167 -973.4019
v 1495.318 136.4933 -974.1824
v 1491.22 140.329 -971.7358
v 1488.461 155.2871 -986.3624
v 1501.645 148.6163 -985.8937
v 1488.461 155.2871 -986.3624
v 1486.921 152.8865 -992.2898
v 1491.977 167.0029 -994.4411
v 1489.754 163.338 -999.5566
v 1494.908 179.1569 -1001.398
v 1485.71 142.4167 -973.4019
v 1493.28 155.4778 -982.5869
v 1494.908 179.1569 -1001.398
v 1490.73 176.0015 -1005.885
v 1494.555 195.7021 -1011.677
v 1490.396 193.061 -1015.314
v 1489.702 219.3843 -1023.232
v 1486.064 216.7942 -1027.421
v 1495.697 220.5657 -1022.841
v 1500.657 196.1972 -1011.725
v 1494.908 179.1569 -1001.398
v 1501.723 179.339 -1000.382
v 1491.977 167.0029 -994.4411
v 1500.538 219.6463 -1026.476
v 1505.13 194.2563 -1015.43
v 1501.723 179.339 -1000.382
v 1507.182 176.4384 -1003.429
v 1498.126 167.4432 -991.3506
v 1481.006 252.5086 -1036.995
v 1479.155 250.2209 -1042.364
v 1486.369 254.371 -1034.699
v 1492.101 254.7172 -1036.823
v 1494.846 253.3443 -1042.121
v 1498.126 167.4432 -991.3506
v 1488.461 155.2871 -986.3624
v 1491.977 167.0029 -994.4411
v 1501.723 179.339 -1000.382
v 1493.28 155.4778 -982.5869
v 1488.461 155.2871 -986.3624
v 1498.126 167.4432 -991.3506
v 1482.016 141.5335 -978.2044
v 1504.282 164.4887 -992.3015
v 1493.28 155.4778 -982.5869
v 1498.126 167.4432 -991.3506
v 1507.182 176.4384 -1003.429
v 1498.74 152.7146 -982.3926
v 1493.28 155.4778 -982.5869
v 1504.282 164.4887 -992.3015
v 1485.71 142.4167 -973.4019
v 1491.22 140.329 -971.7358
v 1485.71 142.4167 -973.4019
v 1498.74 152.7146 -982.3926
v 1463.795 52.60063 -929.7921
v 1460.687 55.67093 -925.5024
v 1470.654 81.03489 -945.2154
v 1467.546 84.10519 -940.9258
v 1476.518 105.82 -953.552
v 1469.231 78.46786 -950.5891
v 1463.795 52.60063 -929.7921
v 1470.654 81.03489 -945.2154
v 1462.372 50.0336 -935.1658
v 1470.654 81.03489 -945.2154
v 1483.208 98.44394 -958.2205
v 1501.645 148.6163 -985.8937
v 1498.74 152.7146 -982.3926
v 1506.839 159.8695 -996.7365
v 1491.22 140.329 -971.7358
v 1498.74 152.7146 -982.3926
v 1504.282 164.4887 -992.3015
v 1508.088 172.154 -1008.755
v 1504.282 164.4887 -992.3015
v 1507.182 176.4384 -1003.429
v 1507.182 176.4384 -1003.429
v 1505.352 191.0163 -1020.62
v 1505.13 194.2563 -1015.43
v 1501.388 217.1648 -1032.009
v 1500.538 219.6463 -1026.476
v 1494.846 253.3443 -1042.121
v 1524.188 262.594 -1033.259
v 1526.944 262.2144 -1023.435
v 1512.327 263.5896 -1028.706
v 1518.557 261.4796 -1020.679
v 1518.317 263.6478 -1041.885
v 1508.134 263.398 -1035.655
v 1511.636 263.9761 -1052.755
v 1503.39 262.9612 -1042.547
v 1495.434 269.9074 -1022.117
v 1489.324 269.8043 -1028.706
v 1501.784 268.9737 -1018.523
v 1509.332 264.9633 -1013.611
v 1490.189 265.3645 -1036.565
v 1498.992 261.1887 -1044.482
v 1506.842 262.2351 -1055.68
v 1523.229 258.2648 -1011.214
v 1529.1 259.2721 -1011.334
v 1528.884 254.7561 -995.4232
v 1518.916 261.736 -1005.703
v 1526.92 256.2135 -994.417
v 1493.393 257.5999 -1048.523
v 1499.253 258.5382 -1055.368
v 1491.356 259.1899 -1044.21
v 1529.283 86.97662 -1015.753
v 1538.218 85.37245 -1004.985
v 1522.066 83.71499 -1002.236
v 1534.094 81.52985 -998.7988
v 1511.755 89.96019 -1023.314
v 1508.892 84.87971 -1005.558
v 1502.55 91.02542 -1023.256
v 1494.343 85.61223 -1003.037
v 1500.671 93.346 -975.5287
v 1485.152 93.08672 -966.7175
v 1517.473 92.29404 -984.585
v 1528.649 87.28721 -983.5095
v 1474.516 90.19434 -976.0685
v 1487.24 84.6245 -1004.527
v 1489.188 89.71217 -1016.441
v 1543.144 78.07705 -990.8945
v 1548.642 81.93047 -996.0494
v 1539.224 83.37331 -980.1906
v 1469.523 84.98402 -1001.006
v 1469.175 86.31606 -1006.916
v 1487.891 89.71217 -1022.06
v 1470.305 86.31606 -1013.609
v 1486.993 89.71214 -1028.558
v 1505.244 91.00151 -1033.251
v 1508.46 91.0145 -1029.948
v 1474.778 86.31606 -1020.156
v 1543.144 78.07705 -990.8945
v 1553.912 75.8065 -980.6987
v 1549.902 76.84774 -973.1381
v 1543.144 78.07705 -990.8945
v 1549.902 76.84774 -973.1381
v 1539.224 83.37331 -980.1906
v 1469.523 84.98402 -1001.006
v 1474.516 90.19434 -976.0685
v 1470.827 85.54955 -992.8362
v 1500.118 137.9805 -1069.844
v 1513.803 137.1407 -1065.797
v 1498.41 133.4025 -1060.156
v 1510.691 131.3923 -1060.122
v 1485.724 141.7653 -1077.016
v 1485.174 134.3058 -1066.964
v 1474.087 141.3419 -1079.068
v 1471.104 133.0559 -1070.186
v 1481.308 133.3656 -1037.085
v 1467.457 129.3372 -1036.056
v 1495.325 136.3176 -1038.232
v 1506.54 132.1895 -1041.399
v 1455.026 128.25 -1044.483
v 1463.934 131.9132 -1072.832
v 1464.02 138.408 -1078.335
v 1520.645 126.6731 -1055.721
v 1517.421 128.4329 -1043.194
v 1452.728 130.4015 -1066.961
v 1453.899 133.6262 -1074.369
v 1451.808 128.9305 -1058.17
v 1520.645 126.6731 -1055.721
v 1528.848 121.1501 -1040.544
v 1520.645 126.6731 -1055.721
v 1513.803 137.1407 -1065.797
v 1525.204 132.2639 -1059.807
v 1532.202 122.597 -1048.031
v 1520.645 126.6731 -1055.721
v 1532.202 122.597 -1048.031
v 1528.848 121.1501 -1040.544
v 1476.777 133.8812 -1026.558
v 1475.345 129.469 -1012.86
v 1467.86 132.4218 -1027.229
v 1468.003 126.7855 -1015.85
v 1476.576 141.9775 -1039.521
v 1467.21 137.405 -1039.906
v 1471.551 146.4551 -1049.771
v 1460.557 142.1946 -1052.208
v 1436.643 146.9757 -1036.027
v 1423.646 150.9066 -1047.61
v 1450.175 141.4293 -1023.717
v 1452.153 133.4046 -1014.616
v 1429.256 151.4567 -1060.92
v 1459.824 143.3249 -1059.407
v 1466.225 147.9933 -1059.117
v 1462.932 120.6551 -1006.206
v 1469.697 122.925 -1001.652
v 1451.878 126.5319 -1005.085
v 1453.474 146.7863 -1068.58
v 1453.474 146.7863 -1068.58
v 1462.932 120.6551 -1006.206
v 1456.253 115.0974 -993.9769
v 1462.932 120.6551 -1006.206
v 1447.921 117.0178 -995.0757
v 1456.253 115.0974 -993.9769
v 1447.921 117.0178 -995.0757
v 1460.252 147.7966 -1068.698
v 1466.225 147.9933 -1059.117
v 1453.474 146.7863 -1068.58
v 1446.594 147.4943 -1067.548
v 1513.111 240.3705 -1013.462
v 1512.873 237.9542 -1006.911
v 1504.231 239.6279 -1012.959
v 1509.89 245.0224 -1022.134
v 1501.014 242.5509 -1020.068
v 1506.347 247.6467 -1027.649
v 1501.014 242.5509 -1020.068
v 1499.393 244.5875 -1026.106
v 1489.882 250.1824 -1011.769
v 1499.393 244.5875 -1026.106
v 1495.779 247.1887 -1006.987
v 1499.393 244.5875 -1026.106
v 1484.376 252.3182 -1018.019
v 1486.112 251.034 -1025.634
v 1498.79 244.8439 -1031.086
v 1495.663 246.5345 -1035.047
v 1490.782 247.521 -1032.161
v 1504.231 239.6279 -1012.959
v 1501.014 242.5509 -1020.068
v 1499.605 241.7126 -1003.32
v 1505.707 236.8896 -1009.217
v 1503.413 236.9647 -998.8699
v 1507.763 232.6232 -1003.307
v 1506.379 230.0803 -993.0607
v 1504.231 239.6279 -1012.959
v 1512.873 237.9542 -1006.911
v 1505.707 236.8896 -1009.217
v 1507.763 232.6232 -1003.307
v 1513.74 233.9318 -1000.87
v 1510.333 228.5745 -994.0634
v 1498.79 244.8439 -1031.086
v 1506.347 247.6467 -1027.649
v 1499.393 244.5875 -1026.106
v 1503.557 247.9171 -1031.505
v 1495.663 246.5345 -1035.047
v 1498.79 244.8439 -1031.086
v 1507.763 232.6232 -1003.307
v 1510.333 228.5745 -994.0634
v 1506.379 230.0803 -993.0607
v 1498.609 247.1017 -1035.888
v 1503.557 247.9171 -1031.505
v 1495.663 246.5345 -1035.047
v 1495.225 255.9067 -1088.236
v 1507.692 251.4034 -1094.823
v 1508.161 255.2095 -1080.621
v 1513.795 249.6122 -1090.01
v 1488.912 254.0607 -1074.048
v 1501.236 251.9978 -1062.428
v 1486.249 251.9878 -1057.004
v 1497.598 249.0796 -1054.798
v 1510.626 256.5912 -1057.968
v 1505.454 255.3511 -1048.179
v 1517.082 258.7738 -1071.935
v 1523.185 253.6604 -1080.034
v 1503.113 253.261 -1045.017
v 1494.363 247.7241 -1047.638
v 1487.454 250.6753 -1050.899
v 1493.313 248.3527 -1042.072
v 1490.134 248.8517 -1043.672
v 1497.1 249.3637 -1041.335
v 1529.171 247.2358 -1085.785
v 1522.481 242.6461 -1092.358
v 1533.279 243.133 -1088.485
v 1532.692 238.5744 -1095.879
v 1540.204 234.8121 -1090.01
v 1538.209 233.2358 -1096.583
v 1507.692 251.4034 -1094.823
v 1522.481 242.6461 -1092.358
v 1517.903 245.0198 -1093.179
v 1532.692 238.5744 -1095.879
v 1532.692 238.5744 -1095.879
v 1528.702 240.4774 -1096.701
v 1532.692 238.5744 -1095.879
v 1528.702 240.4774 -1096.701
v 1538.209 233.2358 -1096.583
v 1522.481 242.6461 -1092.358
v 1507.692 251.4034 -1094.823
v 1517.903 245.0198 -1093.179
v 1517.231 239.7602 -1074.448
v 1529.661 237.3439 -1079.447
v 1521.825 239.0176 -1069.719
v 1534.12 236.2792 -1077.015
v 1505.882 244.412 -1059.721
v 1511.422 241.9405 -1054.857
v 1501.265 247.0364 -1051.203
v 1506.288 243.9771 -1046.075
v 1526.284 246.5783 -1057.154
v 1519.529 249.572 -1046.751
v 1506.288 243.9771 -1046.075
v 1537.498 241.1022 -1067.152
v 1503.721 244.2335 -1041.617
v 1499.294 247.3068 -1046.336
v 1499.938 245.924 -1037.699
v 1544.793 238.2534 -1070.665
v 1544.253 233.7193 -1077.556
v 1550.738 236.3543 -1072.151
v 1551.008 232.0129 -1076.61
v 1556.007 229.4698 -1074.448
v 1540.605 234.9304 -1081.609
v 1548.441 233.3215 -1080.663
v 1556.818 227.9641 -1078.636
v 1506.288 243.9771 -1046.075
v 1513.719 251.7078 -1039.455
v 1510.206 250.4236 -1037.564
v 1503.721 244.2335 -1041.617
v 1499.938 245.924 -1037.699
v 1497.916 246.4913 -1039.945
v 1499.938 245.924 -1037.699
v 1499.938 245.924 -1037.699
v 1510.206 250.4236 -1037.564
v 1503.019 246.9106 -1036.048
v 1437.995 373.5222 -1052.727
v 1445.029 368.911 -1044.891
v 1430.581 375.2465 -1046.253
v 1431.362 373.6697 -1056.503
v 1420.847 374.3997 -1049.06
v 1421.581 379.2964 -1060.462
v 1413.952 373.7552 -1052.553
v 1416.206 379.9106 -1027.708
v 1405.571 381.2244 -1030.89
v 1426.151 379.7631 -1029.823
v 1430.581 375.2465 -1046.253
v 1400.96 378.8288 -1039.79
v 1409.251 372.7744 -1056.578
v 1409.251 372.7744 -1056.578
v 1402.75 373.5422 -1057.452
v 1400.454 374.2386 -1050.27
v 1430.581 375.2465 -1046.253
v 1435.024 369.8839 -1042.553
v 1412.597 379.0091 -1061.893
v 1409.251 372.7744 -1056.578
v 1402.75 373.5422 -1057.452
v 1444.714 361.3071 -1036.813
v 1444.714 361.3071 -1036.813
v 1451.897 359.6779 -1038.155
v 1444.714 361.3071 -1036.813
v 1456.48 343.8409 -1027.401
v 1426.151 379.7631 -1029.823
v 1430.581 375.2465 -1046.253
v 1436.263 372.7999 -1030.079
v 1436.263 372.7999 -1030.079
v 1430.581 375.2465 -1046.253
v 1435.024 369.8839 -1042.553
v 1443.985 364.6638 -1026.348
v 1444.714 361.3071 -1036.813
v 1435.024 369.8839 -1042.553
v 1444.714 361.3071 -1036.813
v 1452.043 351.5757 -1021.557
v 1456.48 343.8409 -1027.401
v 1444.714 361.3071 -1036.813
v 1456.48 343.8409 -1027.401
v 1462.465 335.9164 -1015.494
v 1456.48 343.8409 -1027.401
v 1462.413 338.2538 -1020.896
v 1404.766 374.5908 -1060.83
v 1412.597 379.0091 -1061.893
v 1402.75 373.5422 -1057.452
v 1456.48 343.8409 -1027.401
v 1451.897 359.6779 -1038.155
v 1458.375 346.7418 -1029.76
v 1462.413 338.2538 -1020.896
v 1188.686 266.3959 -1080.31
v 1200.854 280.6036 -1077.607
v 1185.335 268.354 -1079.269
v 1198.473 281.99 -1076.604
v 1183.321 268.4721 -1078.012
v 1181.219 265.9274 -1082.4
v 1185.199 263.7402 -1082.346
v 1181.219 265.9274 -1082.4
v 1181.219 265.9274 -1082.4
v 1186.641 261.3482 -1086.006
v 1183.321 268.4721 -1078.012
v 1198.473 281.99 -1076.604
v 1198.398 284.2921 -1075.916
v 1183.321 268.4721 -1078.012
v 1198.398 284.2921 -1075.916
v 1181.111 268.0429 -1071.79
v 1200.513 284.7206 -1068.714
v 1179.834 265.8165 -1080.049
v 1177.624 265.3873 -1073.826
v 1179.03 261.7738 -1083.676
v 1176.571 257.5701 -1079.639
v 1179.144 258.3339 -1087.834
v 1181.92 262.6006 -1085.872
v 1182.846 259.9662 -1088.733
v 1179.144 258.3339 -1087.834
v 1187.941 261.3325 -1086.885
v 1191.522 255.7475 -1090.493
v 1188.868 254.2938 -1091.41
v 1195.451 253.939 -1090.478
v 1192.476 253.2745 -1092.526
v 1181.219 265.9274 -1082.4
v 1183.321 268.4721 -1078.012
v 1179.834 265.8165 -1080.049
v 1186.641 261.3482 -1086.006
v 1181.219 265.9274 -1082.4
v 1181.92 262.6006 -1085.872
v 1186.641 261.3482 -1086.006
v 1181.92 262.6006 -1085.872
v 1187.941 261.3325 -1086.885
v 1188.868 254.2938 -1091.41
v 1179.144 258.3339 -1087.834
v 1185.063 252.1337 -1091.191
v 1179.144 258.3339 -1087.834
v 1176.571 257.5701 -1079.639
v 1178.203 253.0289 -1083.211
v 1179.144 258.3339 -1087.834
v 1178.203 253.0289 -1083.211
v 1185.063 252.1337 -1091.191
v 1182.054 247.0822 -1087.562
v 1182.846 259.9662 -1088.733
v 1179.144 258.3339 -1087.834
v 1188.868 254.2938 -1091.41
v 1181.219 265.9274 -1082.4
v 1179.834 265.8165 -1080.049
v 1181.92 262.6006 -1085.872
v 1405.461 114.9588 -835.4698
v 1402.958 107.3508 -848.8864
v 1409.066 117.9169 -834.3734
v 1406.139 109.5003 -851.5771
v 1414.919 119.1727 -835.0724
v 1408.795 111.2253 -853.3792
v 1405.461 114.9588 -835.4698
v 1398.848 105.6601 -845.561
v 1422.52 120.895 -834.985
v 1412.649 113.65 -855.4915
v 1419.49 119.9136 -860.8431
v 1408.795 111.2253 -853.3792
v 1430.032 123.6435 -835.4785
v 1419.49 119.9136 -860.8431
v 1432.218 123.7572 -837.6058
v 1422.392 120.2781 -862.2939
v 1412.649 113.65 -855.4915
v 1405.408 135.1509 -875.7719
v 1412.649 113.65 -855.4915
v 1393.252 128.6467 -862.4178
v 1393.252 125.5207 -860.3211
v 1408.795 111.2253 -853.3792
v 1406.139 109.5003 -851.5771
v 1395.262 123.2414 -857.1759
v 1402.958 107.3508 -848.8864
v 1391.33 117.9317 -856.215
v 1398.848 105.6601 -845.561
v 1395.262 123.2414 -857.1759
v 1388.87 112.6839 -848.6179
v 1388.29 105.4899 -839.9509
v 1394.673 99.49725 -837.0738
v 1389.009 98.38776 -833.5677
v 1394.673 99.49725 -837.0738
v 1390.267 93.13708 -827.4545
v 1394.673 99.49725 -837.0738
v 1394.133 95.54158 -830.0615
v 1398.848 105.6601 -845.561
v 1405.461 114.9588 -835.4698
v 1405.423 109.2108 -832.9893
v 1394.673 99.49725 -837.0738
v 1394.673 99.49725 -837.0738
v 1398.345 101.128 -832.3583
v 1394.133 95.54158 -830.0615
v 1408.795 111.2253 -853.3792
v 1395.262 123.2414 -857.1759
v 1393.252 125.5207 -860.3211
v 1419.49 119.9136 -860.8431
v 1422.392 120.2781 -862.2939
v 1422.392 120.2781 -862.2939
v 1410.027 135.8847 -874.6572
v 1424.749 120.5867 -863.6539
v 1424.749 120.5867 -863.6539
v 1412.265 136.3456 -874.5982
v 1428.376 123.84 -851.5944
v 1424.749 120.5867 -863.6539
v 1422.392 120.2781 -862.2939
v 1428.376 123.84 -851.5944
v 1424.749 120.5867 -863.6539
v 1412.265 136.3456 -874.5982
v 1427.79 120.8954 -864.4459
v 1427.79 120.8954 -864.4459
v 1412.265 136.3456 -874.5982
v 1412.442 136.7355 -876.7772
v 1430.032 121.3348 -865.3268
v 1440.78 124.0159 -836.3828
v 1437.547 123.9053 -837.6059
v 1424.749 120.5867 -863.6539
v 1433.462 123.2532 -866.0315
v 1430.032 121.3348 -865.3268
v 1417.742 139.3895 -883.5494
v 1424.809 141.0592 -885.2572
v 1445.832 126.0894 -839.4418
v 1436.595 124.8106 -866.6752
v 1430.032 121.3348 -865.3268
v 1411.794 137.3701 -880.2516
v 1450.072 127.9833 -843.5639
v 1436.595 124.8106 -866.6752
v 1443.283 119.0082 -869.4446
v 1434.138 138.371 -883.9064
v 1428.376 123.84 -851.5944
v 1424.749 120.5867 -863.6539
v 1437.547 123.9053 -837.6059
v 1430.032 121.3348 -865.3268
v 1412.442 136.7355 -876.7772
v 1411.794 137.3701 -880.2516
v 1436.595 124.8106 -866.6752
v 1433.462 123.2532 -866.0315
v 1424.809 141.0592 -885.2572
v 1450.072 127.9833 -843.5639
v 1436.595 124.8106 -866.6752
v 1455.205 123.6786 -849.9531
v 1455.205 123.6786 -849.9531
v 1436.595 124.8106 -866.6752
v 1443.283 119.0082 -869.4446
v 1459.071 113.9822 -859.8425
v 1449.451 108.7121 -869.8219
v 1436.595 124.8106 -866.6752
v 1424.809 141.0592 -885.2572
v 1443.283 119.0082 -869.4446
v 1443.283 119.0082 -869.4446
v 1434.138 138.371 -883.9064
v 1449.451 108.7121 -869.8219
v 1449.451 108.7121 -869.8219
v 1434.138 138.371 -883.9064
v 1443.431 124.4942 -881.894
v 1481.635 98.59632 -796.6348
v 1463.564 92.44331 -803.5267
v 1484.03 104.6928 -805.2554
v 1462.798 83.05019 -792.0327
v 1463.564 92.44331 -803.5267
v 1462.702 99.33108 -811.4769
v 1485.658 107.0746 -816.6539
v 1462.606 102.1684 -820.864
v 1438.34 112.8654 -802.1902
v 1443.896 101.7886 -794.1443
v 1463.564 92.44331 -803.5267
v 1462.798 83.05019 -792.0327
v 1448.015 90.67279 -785.8108
v 1452.336 82.34283 -778.7647
v 1436.616 114.5756 -811.0983
v 1461.893 103.15 -823.9529
v 1484.993 107.4413 -822.499
v 1435.808 115.9386 -814.6624
v 1482.785 107.8137 -834.3741
v 1461.074 104.1469 -829.3889
v 1477.091 111.4382 -835.8433
v 1434.604 117.3227 -821.2515
v 1460.691 106.9134 -835.2318
v 1477.091 111.4382 -835.8433
v 1434.049 119.3445 -827.0778
v 1461.099 107.3665 -839.0329
v 1461.553 76.26778 -780.3468
v 1462.798 83.05019 -792.0327
v 1456.069 75.24067 -772.5273
v 1462.798 83.05019 -792.0327
v 1481.635 98.59632 -796.6348
v 1477.517 84.3968 -786.3857
v 1461.553 76.26778 -780.3468
v 1461.553 76.26778 -780.3468
v 1471.054 76.27653 -777.4338
v 1464.134 72.3945 -772.6884
v 1458.572 69.99 -771.3076
v 1477.091 111.4382 -835.8433
v 1460.691 106.9134 -835.2318
v 1478.674 111.7811 -840.5272
v 1461.099 107.3665 -839.0329
v 1474.152 107.4764 -848.4608
v 1461.099 107.3665 -839.0329
v 1460.086 101.8575 -845.6723
v 1465.344 97.77998 -863.0703
v 1461.099 107.3665 -839.0329
v 1434.049 119.3445 -827.0778
v 1432.766 118.5632 -833.8522
v 1460.086 101.8575 -845.6723
v 1434.13 113.5334 -838.864
v 1458.398 92.5099 -853.9838
v 1434.974 104.8579 -847.1794
v 1465.344 97.77998 -863.0703
v 1460.086 101.8575 -845.6723
v 1458.398 92.5099 -853.9838
v 1461.553 76.26778 -780.3468
v 1458.572 69.99 -771.3076
v 1456.069 75.24067 -772.5273
v 1497.437 104.9804 -879.9482
v 1493.176 101.1423 -864.353
v 1493.357 106.0379 -880.9457
v 1486.92 102.5563 -866.6198
v 1498.617 97.85201 -861.9957
v 1504.872 98.79369 -874.327
v 1491.008 108.9294 -852.451
v 1486.158 112.3358 -851.854
v 1496.455 104.5342 -852.6005
v 1505.598 92.56896 -859.0939
v 1510.222 92.25209 -866.3477
v 1506.142 98.54729 -852.2031
v 1511.673 94.01519 -853.4728
v 1489.731 107.0478 -883.7565
v 1481.026 103.8001 -869.0679
v 1473.773 104.4291 -870.0653
v 1480.304 107.1275 -885.0809
v 1476.765 115.8826 -849.5738
v 1481.532 116.176 -850.4363
v 1470.367 105.0335 -884.9146
v 1468.651 103.8506 -868.9048
v 1462.048 104.5175 -867.6714
v 1461.391 105.9806 -882.8363
v 1470.327 115.1695 -849.8459
v 1462.657 113.7005 -848.0789
v 1462.048 104.5175 -867.6714
v 1462.048 104.5175 -867.6714
v 1456.201 101.3665 -878.9767
v 1462.048 104.5175 -867.6714
v 1457.26 98.78757 -866.6611
v 1462.048 104.5175 -867.6714
v 1459.809 108.8681 -848.667
v 1448.104 92.29691 -871.3289
v 1452.678 92.39301 -863.0403
v 1451.312 100.3125 -850.8093
v 1512.398 90.62347 -861.1794
v 1515.3 89.82806 -855.286
v 1460.564 98.92112 -899.4951
v 1478.314 87.2759 -882.5161
v 1455.485 94.17674 -895.5283
v 1471.625 83.40428 -881.9976
v 1485.115 90.89383 -889.3217
v 1473.908 104.4172 -901.7839
v 1491.585 84.53528 -873.5946
v 1485.115 90.89383 -889.3217
v 1486.001 78.8971 -871.4338
v 1497.855 94.43481 -880.3802
v 1489.997 91.557 -892.4078
v 1487.406 100.571 -901.5671
v 1452.927 90.50064 -891.5747
v 1464.795 79.04128 -880.9167
v 1457.904 71.92677 -878.5182
v 1449.898 80.79853 -888.6531
v 1473.127 68.61751 -866.2386
v 1481.187 74.42025 -867.7932
v 1449.153 69.93132 -885.3808
v 1454.271 66.93649 -878.6056
v 1466.379 63.16157 -867.2889
v 1492.845 99.63246 -901.0275
v 1499.136 96.65271 -899.3251
v 1489.997 91.557 -892.4078
v 1497.601 99.42878 -883.7045
v 1485.115 90.89383 -889.3217
v 1499.116 99.56947 -891.4636
v 1497.601 99.42878 -883.7045
v 1499.136 96.65271 -899.3251
v 1497.601 99.42878 -883.7045
v 1497.855 94.43481 -880.3802
v 1423.53 153.6008 -895.4326
v 1436.673 155.3482 -894.6842
v 1426.66 146.2885 -889.5958
v 1439.044 149.6967 -890.1195
v 1449.203 153.199 -902.917
v 1451.057 147.7265 -897.8792
v 1453.008 138.9459 -894.638
v 1441.941 137.6579 -889.4496
v 1453.008 138.9459 -894.638
v 1453.69 133.075 -891.409
v 1443.478 131.3966 -888.801
v 1459.595 103.387 -885.1021
v 1466.737 144.5587 -888.3471
v 1453.008 138.9459 -894.638
v 1456.903 142.7766 -893.2375
v 1451.057 147.7265 -897.8792
v 1463.529 160.8318 -891.9514
v 1449.203 153.199 -902.917
v 1462.758 166.6871 -898.3001
v 1474.562 110.842 -886.7536
v 1463.937 87.01229 -881.9769
v 1475.921 96.68122 -884.6492
v 1450.153 106.1673 -881.1961
v 1456.576 87.41156 -877.8048
v 1439.94 109.1746 -876.9712
v 1448.614 87.84345 -873.2921
v 1432.433 129.5813 -885.9801
v 1430.751 135.0677 -887.141
v 1446.976 159.7744 -908.9699
v 1459.714 172.8641 -904.9252
v 1445.203 164.3724 -912.8536
v 1454.267 181.0116 -915.6833
v 1442.431 171.5638 -918.9269
v 1425.426 182.2417 -927.314
v 1432.554 191.9627 -936.7768
v 1432.045 170.5505 -916.484
v 1444.37 166.5369 -914.6814
v 1420.668 173.1655 -916.4236
v 1432.804 166.9636 -909.5272
v 1444.37 166.5369 -914.6814
v 1419.983 166.6621 -907.7388
v 1433.13 165.4193 -906.532
v 1423.306 165.3609 -905.8374
v 1433.819 162.2392 -900.2749
v 1421.714 162.2052 -902.3422
v 1446.976 159.7744 -908.9699
v 1445.203 164.3724 -912.8536
v 1442.431 171.5638 -918.9269
v 1445.949 188.9861 -927.1074
v 1448.043 188.4652 -921.9081
v 1449.2 180.0577 -917.5345
v 1444.37 166.5369 -914.6814
v 1442.431 171.5638 -918.9269
v 1445.949 188.9861 -927.1074
v 1448.043 188.4652 -921.9081
v 1445.203 164.3724 -912.8536
v 1432.804 166.9636 -909.5272
v 1454.267 181.0116 -915.6833
v 1449.2 180.0577 -917.5345
v 1388.933 119.3448 -862.9716
v 1397.727 133.5657 -879.7849
v 1394.464 116.4727 -858.9222
v 1403.372 129.2148 -876.7519
v 1388.249 133.0082 -883.7241
v 1380.381 126.7619 -871.447
v 1399.641 145.1258 -891.0065
v 1407.023 141.7311 -889.7365
v 1386.262 147.202 -890.7523
v 1375.039 130.6263 -884.5863
v 1372.229 128.1253 -879.5414
v 1372.776 145.7718 -887.6932
v 1375.039 130.6263 -884.5863
v 1365.704 138.2453 -885.4808
v 1400.429 116.7037 -858.6832
v 1409.753 125.0106 -873.8429
v 1418.798 120.5431 -872.3969
v 1409.905 113.1895 -861.7971
v 1422.388 135.3046 -885.1526
v 1414.252 140.3484 -888.2227
v 1419.422 110.4371 -867.3839
v 1423.532 116.5829 -872.5219
v 1428.114 128.9982 -883.1893
v 1366.967 128.4789 -881.1885
v 1363.858 127.8344 -881.8908
v 1375.039 130.6263 -884.5863
v 1363.858 127.8344 -881.8908
v 1422.601 87.20535 -801.8864
v 1411.349 81.16833 -815.7688
v 1428.949 90.32372 -803.4908
v 1417.178 84.99065 -820.1671
v 1405.965 74.85231 -810.5859
v 1410.329 75.60018 -798.3385
v 1398.319 64.9592 -802.3505
v 1435.011 93.30183 -805.0231
v 1417.178 84.99065 -820.1671
v 1423.4 88.67813 -824.556
v 1431.417 92.31993 -831.702
v 1444.694 96.05032 -807.7508
v 1455.195 96.42275 -813.0694
v 1436.925 93.40437 -836.05
v 1413.464 104.5476 -841.436
v 1423.4 88.67813 -824.556
v 1403.85 101.0535 -828.7137
v 1443.698 96.6446 -841.9515
v 1420.692 105.9318 -846.3455
v 1429.965 107.1723 -854.2554
v 1443.698 96.6446 -841.9515
v 1417.178 84.99065 -820.1671
v 1404.271 95.64825 -825.6367
v 1417.178 84.99065 -820.1671
v 1401.604 90.3385 -824.5496
v 1411.349 81.16833 -815.7688
v 1417.178 84.99065 -820.1671
v 1405.965 74.85231 -810.5859
v 1395.627 81.87617 -815.1349
v 1389.598 70.95184 -803.1138
v 1398.319 64.9592 -802.3505
v 1405.965 74.85231 -810.5859
v 1398.319 64.9592 -802.3505
v 1388.506 63.84969 -794.9312
v 1393.143 58.59903 -790.9763
v 1423.4 88.67813 -824.556
v 1403.85 101.0535 -828.7137
v 1398.319 64.9592 -802.3505
v 1398.871 61.00352 -792.2038
v 1403.508 64.88555 -795.3404
v 1398.319 64.9592 -802.3505
v 1410.329 75.60018 -798.3385
v 1403.508 64.88555 -795.3404
v 1461.741 100.3902 -822.2067
v 1443.698 96.6446 -841.9515
v 1461.741 100.3902 -822.2067
v 1443.698 96.6446 -841.9515
v 1464.878 96.08542 -830.9349
v 1464.878 96.08542 -830.9349
v 1443.698 96.6446 -841.9515
v 1450.154 91.13454 -846.6609
v 1468.287 86.38901 -843.4817
v 1457.377 81.11893 -851.3915
v 1434.602 102.1424 -856.7103
v 1429.965 107.1723 -854.2554
v 1443.698 96.6446 -841.9515
v 1444.421 93.46696 -859.8469
v 1125.922 64.7887 -924.853
v 1108.797 62.60277 -934.892
v 1134.485 69.25836 -932.5297
v 1114.259 66.29236 -942.5692
v 1106.287 57.67495 -924.7054
v 1119.279 57.44607 -920.4238
v 1098.61 65.43409 -930.1677
v 1099.791 69.87554 -941.8307
v 1098.906 59.97911 -923.9672
v 1105.697 50.0924 -916.5855
v 1117.803 50.41098 -914.6664
v 1099.939 51.90472 -915.1093
v 1101.563 46.86751 -907.7277
v 1112.045 46.65737 -909.7945
v 1104.22 43.63809 -902.2653
v 1116.922 67.74555 -945.5945
v 1100.825 71.79315 -945.2261
v 1120.755 69.83776 -949.9504
v 1143.048 73.57829 -944.1927
v 1139.357 71.02902 -938.1398
v 1095.362 74.55396 -948.7695
v 1095.953 76.03734 -951.4268
v 1122.278 71.92787 -954.7365
v 1106.435 77.57384 -954.6746
v 1123.855 74.09293 -959.6943
v 1145.853 75.10794 -947.8837
v 1147.466 76.69241 -953.7321
v 1152.86 79.21151 -963.8281
v 1126.66 75.56458 -965.1566
v 1129.908 78.50346 -971.062
v 1096.1 80.93803 -962.6467
v 1099.053 84.05373 -978.296
v 1129.908 78.50346 -971.062
v 1150.161 82.68764 -971.7875
v 1143.236 82.32587 -984.9203
v 1132.418 77.03244 -976.8196
v 1132.418 77.03244 -976.8196
v 1105.697 82.70295 -984.7915
v 1143.236 82.32587 -984.9203
v 1129.908 78.50346 -971.062
v 1132.418 77.03244 -976.8196
v 1132.418 77.03244 -976.8196
v 1142.027 77.63741 -988.5319
v 1133.451 72.51655 -983.7585
v 1132.418 77.03244 -976.8196
v 1105.697 82.70295 -984.7915
v 1133.451 72.51655 -983.7585
v 1133.451 72.51655 -983.7585
v 1117.212 79.54871 -989.5157
v 1115.247 96.87551 -969.0741
v 1103.257 93.65099 -982.9644
v 1125.958 98.54114 -975.5009
v 1106.168 95.69257 -989.3744
v 1100.483 90.27736 -976.792
v 1110.343 90.67685 -966.2861
v 1091.773 98.54903 -981.5322
v 1100.483 90.27736 -976.792
v 1093.722 101.3851 -988.5246
v 1091.085 94.02902 -976.8322
v 1089.939 88.19404 -965.713
v 1134.989 100.1318 -982.7931
v 1110.414 97.66217 -994.4152
v 1114.736 99.60736 -1003.125
v 1141.638 101.5999 -986.3467
v 1093.378 106.1385 -1004.229
v 1094.639 104.2723 -997.2367
v 1148.401 101.7988 -993.1097
v 1116.648 100.1866 -1006.293
v 1121.119 101.9173 -1009.273
v 1147.484 103.9179 -1000.905
v 1100.6 106.8778 -1012.253
v 1105.873 107.5404 -1020.851
v 1121.119 101.9173 -1009.273
v 1143.106 101.6186 -1013.779
v 1096.841 84.99318 -967.2917
v 1100.483 90.27736 -976.792
v 1100.483 90.27736 -976.792
v 1110.343 90.67685 -966.2861
v 1103.695 84.95381 -963.9934
v 1098.422 82.88031 -959.179
v 1092.576 81.59602 -954.5938
v 1090.168 84.40057 -958.8351
v 1121.119 101.9173 -1009.273
v 1124.902 98.97421 -1013.629
v 1124.902 98.97421 -1013.629
v 1111.375 104.8538 -1023.258
v 1143.106 101.6186 -1013.779
v 1121.119 101.9173 -1009.273
v 1124.902 98.97421 -1013.629
v 1143.106 101.6186 -1013.779
v 1124.902 98.97421 -1013.629
v 1142.096 96.43945 -1016.495
v 1142.096 96.43945 -1016.495
v 1124.902 98.97421 -1013.629
v 1127.08 93.62456 -1015.692
v 1124.902 98.97421 -1013.629
v 1111.375 104.8538 -1023.258
v 1127.08 93.62456 -1015.692
v 1127.08 93.62456 -1015.692
v 1111.375 104.8538 -1023.258
v 1120.202 100.22 -1023.716
v 1093.584 60.04531 -962.7764
v 1087.984 57.04107 -978.9285
v 1105.07 61.5971 -964.6545
v 1092.71 58.94322 -983.4764
v 1083.458 53.89803 -974.5392
v 1088.372 54.27021 -962.4192
v 1077.548 61.60448 -981.6406
v 1083.458 53.89803 -974.5392
v 1083.323 64.2468 -986.2415
v 1075.335 57.39333 -977.8082
v 1070.516 51.95703 -968.5759
v 1115.398 63.07912 -967.8602
v 1098.12 60.77824 -986.3798
v 1104.86 62.59047 -992.4334
v 1122.377 64.44688 -968.6488
v 1086.748 68.6754 -1000.739
v 1086.948 66.93663 -991.4849
v 1130.56 64.63223 -972.1769
v 1107.605 63.13015 -994.5174
v 1112.501 64.74258 -995.5593
v 1132.448 66.60652 -979.2412
v 1095.762 69.3642 -1005.201
v 1103.286 69.98155 -1010.83
v 1112.501 64.74258 -995.5593
v 1133.088 64.46432 -991.8941
v 1112.501 64.74258 -995.5593
v 1117.276 62.0006 -998.0289
v 1117.276 62.0006 -998.0289
v 1108.878 67.47851 -1011.021
v 1117.276 62.0006 -998.0289
v 1119.871 57.01651 -999.0657
v 1119.871 57.01651 -999.0657
v 1116.678 63.16133 -1008.38
v 1083.458 53.89803 -974.5392
v 1077.035 48.97487 -967.5676
v 1081.64 48.93822 -961.6422
v 1075.684 47.0064 -959.3118
v 1070.635 45.80983 -958.535
v 1068.348 48.42277 -962.5423
v 1070.516 51.95703 -968.5759
v 1083.458 53.89803 -974.5392
v 1133.088 64.46432 -991.8941
v 1112.501 64.74258 -995.5593
v 1117.276 62.0006 -998.0289
v 1133.088 64.46432 -991.8941
v 1117.276 62.0006 -998.0289
v 1133.149 59.63908 -994.5928
v 1133.149 59.63908 -994.5928
v 1117.276 62.0006 -998.0289
v 1119.871 57.01651 -999.0657
v 1187.886 85.70628 -957.1293
v 1168.609 82.48172 -956.1425
v 1185.004 87.37189 -966.6589
v 1165.953 84.52333 -961.6069
v 1183.186 88.96262 -976.7341
v 1162.418 86.49295 -967.449
v 1160.413 90.21588 -958.4955
v 1164.511 87.37979 -952.1202
v 1168.609 82.48172 -956.1425
v 1173.764 78.34824 -950.2444
v 1154.645 93.103 -962.5177
v 1173.764 78.34824 -950.2444
v 1167.319 82.85981 -949.0844
v 1158.358 88.43812 -971.2627
v 1162.418 86.49295 -967.449
v 1183.331 90.43064 -983.1058
v 1147.738 94.9693 -963.2007
v 1157.803 88.61008 -973.0712
v 1148.148 95.15066 -965.9866
v 1153.309 92.20828 -971.0979
v 1155.57 89.01736 -978.348
v 1180.905 90.62952 -991.402
v 1155.185 90.74805 -982.9733
v 1174.114 92.74868 -995.2974
v 1142.412 95.70859 -970.8563
v 1142.212 96.37117 -978.0605
v 1155.185 90.74805 -982.9733
v 1161.585 90.44939 -999.869
v 1182.611 90.48967 -985.5688
v 1142.212 96.37117 -978.0605
v 1153.359 87.80496 -987.9435
v 1168.609 82.48172 -956.1425
v 1187.886 85.70628 -957.1293
v 1173.764 78.34824 -950.2444
v 1173.764 78.34824 -950.2444
v 1187.886 85.70628 -957.1293
v 1189.915 78.6846 -951.3232
v 1181.815 73.82394 -940.5083
v 1191.15 73.78462 -946.1245
v 1191.306 71.71111 -934.9271
v 1192.373 70.42681 -928.4824
v 1187.802 73.23136 -929.3613
v 1177.565 77.0248 -936.2584
v 1173.764 78.34824 -950.2444
v 1173.764 78.34824 -950.2444
v 1169.755 81.47232 -946.0344
v 1169.755 81.47232 -946.0344
v 1170.695 82.27827 -948.71
v 1173.764 78.34824 -950.2444
v 1170.695 82.27827 -948.71
v 1167.319 82.85981 -949.0844
v 1147.738 94.9693 -963.2007
v 1162.418 86.49295 -967.449
v 1154.645 93.103 -962.5177
v 1161.585 90.44939 -999.869
v 1155.185 90.74805 -982.9733
v 1153.359 87.80496 -987.9435
v 1153.359 87.80496 -987.9435
v 1153.203 85.27025 -1002.211
v 1153.359 87.80496 -987.9435
v 1148.801 82.45531 -998.6431
v 1153.359 87.80496 -987.9435
v 1142.212 96.37117 -978.0605
v 1142.879 93.68461 -985.3981
v 1153.359 87.80496 -987.9435
v 1148.801 82.45531 -998.6431
v 1143.868 89.05078 -995.228
v 1149.238 109.3029 -1040.294
v 1161.488 105.8908 -1035.047
v 1143.516 104.8729 -1034.445
v 1160.91 103.9259 -1030.037
v 1162.258 106.9618 -1040.471
v 1152.805 108.1382 -1045.215
v 1167.963 112.534 -1035.244
v 1162.258 106.9618 -1040.471
v 1168.051 111.0947 -1029.673
v 1167.923 111.8141 -1040.031
v 1163.041 108.3774 -1048.781
v 1157.589 107.5712 -1049.863
v 1166.698 112.7767 -1049.211
v 1162.258 106.9618 -1040.471
v 1165.345 112.9961 -1054.848
v 1139.161 100.5714 -1028.333
v 1159.089 102.0286 -1025.692
v 1158.198 98.77475 -1019.194
v 1135.421 98.22892 -1024.771
v 1171.673 108.2864 -1018.456
v 1169.279 109.3628 -1023.202
v 1132.671 93.96625 -1019.856
v 1157.667 97.41995 -1016.843
v 1155.186 96.06143 -1013.782
v 1135.008 92.64822 -1014.486
v 1168.863 103.7502 -1012.51
v 1167.52 99.52347 -1006.507
v 1155.186 96.06143 -1013.782
v 1141.746 87.94759 -1008.471
v 1155.186 96.06143 -1013.782
v 1154.31 91.70814 -1012.007
v 1154.31 91.70814 -1012.007
v 1164.933 95.52517 -1005.548
v 1141.746 87.94759 -1008.471
v 1155.186 96.06143 -1013.782
v 1154.31 91.70814 -1012.007
v 1141.746 87.94759 -1008.471
v 1154.31 91.70814 -1012.007
v 1144.007 84.27152 -1009.228
v 1154.31 91.70814 -1012.007
v 1164.933 95.52517 -1005.548
v 1154.296 87.25222 -1012.816
v 1154.296 87.25222 -1012.816
v 1164.933 95.52517 -1005.548
v 1159.931 90.14863 -1006.147
v 1160.176 109.6225 -1054.25
v 1163.074 112.2116 -1058.236
v 1144.007 84.27152 -1009.228
v 1154.31 91.70814 -1012.007
v 1154.296 87.25222 -1012.816
v 1092.067 69.54137 -1058.679
v 1106.275 63.80456 -1067.073
v 1094.16 71.08237 -1050.308
v 1113.477 65.20648 -1061.975
v 1098.506 61.06325 -1073.167
v 1086.916 63.43573 -1059.645
v 1112.189 68.07793 -1077.996
v 1120.56 70.12923 -1074.132
v 1103.335 64.15305 -1081.216
v 1091.834 56.7944 -1077.868
v 1084.823 57.62355 -1072.04
v 1093.033 59.708 -1084.435
v 1087.077 56.83792 -1084.596
v 1101.726 72.88881 -1036.947
v 1119.721 66.79807 -1055.846
v 1128.477 68.38518 -1045.26
v 1105.267 75.221 -1027.771
v 1140.038 73.09501 -1059.161
v 1130.862 71.97607 -1065.762
v 1111.867 75.4884 -1021.171
v 1130.444 69.07594 -1040.116
v 1131.142 71.23769 -1032.74
v 1112.207 76.66357 -1014.241
v 1150.967 74.20441 -1039.109
v 1145.189 73.88354 -1047.732
v 1125.028 72.59576 -1011.081
v 1133.39 68.2861 -1026.647
v 1133.39 68.2861 -1026.647
v 1149.992 71.80333 -1033.065
v 1133.39 68.2861 -1026.647
v 1127.112 67.08346 -1010.382
v 1133.835 62.97413 -1023.486
v 1133.39 68.2861 -1026.647
v 1149.992 71.80333 -1033.065
v 1133.835 62.97413 -1023.486
v 1133.835 62.97413 -1023.486
v 1149.992 71.80333 -1033.065
v 1145.128 67.99596 -1025.227
v 1084.018 55.83284 -1079.123
v 1083.857 54.75664 -1083.952
v 1066.362 81.00879 -992.6955
v 1065.537 82.96551 -1008.411
v 1075.177 85.4091 -987.7332
v 1071.265 87.4477 -1009.529
v 1059.255 76.10924 -1007.246
v 1059.53 71.90443 -993.7411
v 1055.897 83.54391 -1017.492
v 1062.603 89.6721 -1023.361
v 1050.169 77.05611 -1013.161
v 1050.588 66.01044 -1002.962
v 1053.661 65.22794 -995.1383
v 1044.419 68.2165 -1005.988
v 1040.109 63.89758 -999.6089
v 1084.957 88.22522 -981.5861
v 1077.832 90.23728 -1010.088
v 1085.656 90.51717 -1009.948
v 1091.161 88.67632 -976.6318
v 1075.736 98.71358 -1024.897
v 1069.589 95.91479 -1021.824
v 1097.635 85.29547 -976.4193
v 1091.943 89.7264 -1008.97
v 1098.027 88.93101 -1006.938
v 1105.349 83.56057 -978.4145
v 1097.671 93.77718 -1026.434
v 1085.097 97.487 -1027.412
v 1114.725 76.85239 -986.8264
v 1104.551 82.91279 -1005.313
v 1105.13 88.0252 -1020.188
v 1116.817 71.45477 -989.6652
v 1107.98 75.07167 -1004.761
v 1107.98 75.07167 -1004.761
v 1107.98 75.07167 -1004.761
v 1110.837 80.28586 -1013.137
v 1046.117 62.39248 -994.16
v 1040.668 61.09308 -994.8589
v 1443.518 257.6067 -1044.271
v 1442.787 255.6983 -1056.197
v 1452.657 260.7249 -1044.171
v 1453.143 258.8188 -1058.784
v 1436.648 251.7838 -1050.914
v 1437.302 251.4617 -1043.404
v 1440.718 260.9595 -1067.925
v 1435.26 255.8185 -1061.698
v 1433.078 248.4027 -1048.4
v 1432.808 249.6369 -1042.073
v 1431.22 251.8961 -1052.06
v 1433.078 248.4027 -1048.4
v 1429.505 247.2706 -1047.274
v 1458.622 261.8307 -1043.992
v 1458.214 259.97 -1058.457
v 1455.025 264.5791 -1066.578
v 1461.289 262.6819 -1046.6
v 1461.27 260.8811 -1057.618
v 1456.825 266.7462 -1068.997
v 1462.836 267.5788 -1067.865
v 1463.323 264.4514 -1042.988
v 1464.109 261.7279 -1056.839
v 1469.51 266.9211 -1040.587
v 1469.736 264.235 -1054.98
v 1469.736 264.235 -1054.98
v 1429.896 245.0521 -1043.302
v 1469.073 271.705 -1063.345
v 1475.634 264.249 -1050.431
v 1453.143 258.8188 -1058.784
v 1453.862 262.8428 -1070.063
v 1453.143 258.8188 -1058.784
v 1453.862 262.8428 -1070.063
v 1455.025 264.5791 -1066.578
v 1469.51 266.9211 -1040.587
v 1469.736 264.235 -1054.98
v 1477.149 267.5745 -1037.089
v 1477.149 267.5745 -1037.089
v 1469.736 264.235 -1054.98
v 1475.634 264.249 -1050.431
v 1487.057 265.4794 -1031.863
v 1483.163 262.635 -1045.91
v 1469.736 264.235 -1054.98
v 1462.836 267.5788 -1067.865
v 1469.073 271.705 -1063.345
v 1475.634 264.249 -1050.431
v 1469.073 271.705 -1063.345
v 1474.981 270.5262 -1059.994
v 1483.163 262.635 -1045.91
v 1483.163 262.635 -1045.91
v 1482.044 266.3525 -1053.986
v 1490.924 258.0133 -1041.819
v 1490.924 258.0133 -1041.819
v 1491.336 261.5029 -1047.004
v 1490.924 258.0133 -1041.819
v 1496.958 248.941 -1040.23
v 1494.912 254.5225 -1044.849
v 1490.724 261.9681 -1033.883
v 1483.163 262.635 -1045.91
v 1490.924 258.0133 -1041.819
v 1487.057 265.4794 -1031.863
v 1496.394 252.7966 -1036.206
v 1496.958 248.941 -1040.23
v 1431.598 246.4731 -1042.728
v 1429.896 245.0521 -1043.302
v 1433.078 248.4027 -1048.4
v 1431.598 246.4731 -1042.728
v 1175.922 150.8701 -1059.437
v 1147.082 153.4926 -1072.793
v 1171.073 170.7666 -1065.051
v 1149.972 172.2404 -1075.343
v 1163.106 80.0363 -1054.072
v 1154.699 58.92675 -1056.386
v 1193.368 79.28923 -1039.24
v 1133.628 154.6905 -1079.609
v 1163.106 80.0363 -1054.072
v 1146.601 60.18504 -1050.339
v 1154.699 58.92675 -1056.386
v 1162.668 76.56861 -1041.304
v 1146.601 60.18504 -1050.339
v 1163.106 80.0363 -1054.072
v 1162.668 76.56861 -1041.304
v 1149.941 48.16021 -1038.644
v 1193.368 79.28923 -1039.24
v 1162.668 76.56861 -1041.304
v 1163.106 80.0363 -1054.072
v 1192.98 76.02267 -1026.472
v 1192.98 76.02267 -1026.472
v 1168.397 49.09145 -1034.094
v 1162.668 76.56861 -1041.304
v 1199.2 50.49891 -1019.27
v 1168.397 49.09145 -1034.094
v 1149.941 48.16021 -1038.644
v 1162.668 76.56861 -1041.304
v 1133.628 154.6905 -1079.609
v 1154.699 58.92675 -1056.386
v 1146.52 154.854 -1114.612
v 1167.591 59.09032 -1091.39
v 1171.073 170.7666 -1065.051
v 1149.972 172.2404 -1075.343
v 1183.965 170.9302 -1100.055
v 1162.864 172.404 -1110.346
v 1149.972 172.2404 -1075.343
v 1147.082 153.4926 -1072.793
v 1162.864 172.404 -1110.346
v 1159.974 153.6562 -1107.796
v 1147.082 153.4926 -1072.793
v 1133.628 154.6905 -1079.609
v 1159.974 153.6562 -1107.796
v 1146.52 154.854 -1114.612
vt 0.383066 0.554413
vt 0.266024 0.51667
vt 0.37579 0.530731
vt 0.261401 0.493197
vt 0.37579 0.530731
vt 0.261401 0.493197
vt 0.372801 0.51369
vt 0.277797 0.487085
vt 0.403122 0.460378
vt 0.41215 0.467607
vt 0.425104 0.403021
vt 0.445894 0.390525
vt 0.395857 0.390229
vt 0.406836 0.377756
vt 0.396788 0.361913
vt 0.365546 0.442109
vt 0.268098 0.423701
vt 0.278396 0.467495
vt 0.290703 0.467721
vt 0.445894 0.390525
vt 0.419053 0.491933
vt 0.41215 0.467607
vt 0.452452 0.415642
vt 0.383066 0.554413
vt 0.37579 0.530731
vt 0.365546 0.442109
vt 0.268098 0.423701
vt 0.3663 0.45578
vt 0.408101 0.35349
vt 0.396788 0.361913
vt 0.25859 0.427529
vt 0.408101 0.35349
vt 0.3663 0.45578
vt 0.404659 0.327948
vt 0.351381 0.432738
vt 0.404659 0.327948
vt 0.351381 0.432738
vt 0.397675 0.325937
vt 0.397675 0.325937
vt 0.351381 0.432738
vt 0.350936 0.422428
vt 0.244826 0.403905
vt 0.250616 0.399739
vt 0.351381 0.432738
vt 0.25859 0.427529
vt 0.244826 0.403905
vt 0.3663 0.45578
vt 0.243194 0.388495
vt 0.350936 0.422428
vt 0.250616 0.399739
vt 0.346742 0.413403
vt 0.224986 0.370805
vt 0.227776 0.384655
vt 0.340997 0.40104
vt 0.202321 0.347062
vt 0.209245 0.362451
vt 0.346742 0.413403
vt 0.397675 0.325937
vt 0.350936 0.422428
vt 0.399289 0.316748
vt 0.340997 0.40104
vt 0.401494 0.304195
vt 0.400597 0.297444
vt 0.400597 0.297444
vt 0.340997 0.40104
vt 0.338531 0.389031
vt 0.340997 0.40104
vt 0.202321 0.347062
vt 0.338531 0.389031
vt 0.202321 0.347062
vt 0.32485 0.36205
vt 0.224335 0.314183
vt 0.377715 0.297979
vt 0.400597 0.297444
vt 0.677175 0.664961
vt 0.536312 0.612074
vt 0.678733 0.64525
vt 0.535532 0.590628
vt 0.678733 0.64525
vt 0.535532 0.590628
vt 0.671917 0.627336
vt 0.549913 0.579452
vt 0.701417 0.538443
vt 0.710475 0.511151
vt 0.728629 0.504369
vt 0.545352 0.540172
vt 0.549913 0.579452
vt 0.558892 0.543635
vt 0.564993 0.478541
vt 0.578145 0.483221
vt 0.574886 0.453424
vt 0.587685 0.46662
vt 0.590166 0.43536
vt 0.59453 0.458528
vt 0.549913 0.579452
vt 0.735944 0.529234
vt 0.671917 0.627336
vt 0.602556 0.474706
vt 0.735944 0.529234
vt 0.549913 0.579452
vt 0.611373 0.439144
vt 0.747662 0.494073
vt 0.735944 0.529234
vt 0.766675 0.437022
vt 0.812343 0.514104
vt 0.822694 0.462965
vt 0.630571 0.379659
vt 0.776112 0.408706
vt 0.638206 0.37093
vt 0.558892 0.543635
vt 0.602556 0.474706
vt 0.549913 0.579452
vt 0.611373 0.439144
vt 0.578145 0.483221
vt 0.630571 0.379659
vt 0.737217 0.618468
vt 0.747662 0.494073
vt 0.812343 0.514104
vt 0.683167 0.593437
vt 0.747662 0.494073
vt 0.683167 0.593437
vt 0.735944 0.529234
vt 0.671917 0.627336
vt 0.638206 0.37093
vt 0.630571 0.379659
vt 0.587685 0.46662
vt 0.59453 0.458528
vt 0.578145 0.483221
vt 0.732295 0.528318
vt 0.677175 0.664961
vt 0.728629 0.504369
vt 0.678733 0.64525
vt 0.701417 0.538443
vt 0.671917 0.627336
vt 0.683167 0.593437
vt 0.334955 0.378197
vt 0.229789 0.341254
vt 0.321673 0.325204
vt 0.216275 0.283455
vt 0.221252 0.250984
vt 0.321673 0.325204
vt 0.216275 0.283455
vt 0.326513 0.306589
vt 0.346043 0.289067
vt 0.241279 0.224507
vt 0.298004 0.185905
vt 0.377177 0.279817
vt 0.334489 0.174075
vt 0.410417 0.280994
vt 0.375735 0.174322
vt 0.444933 0.281492
vt 0.575054 0.21425
vt 0.512166 0.298632
vt 0.653497 0.268204
vt 0.57346 0.33345
vt 0.682707 0.296059
vt 0.727505 0.234731
vt 0.693358 0.206277
vt 0.575054 0.21425
vt 0.621645 0.163965
vt 0.759957 0.273477
vt 0.72145 0.342706
vt 0.605733 0.360087
vt 0.72145 0.342706
vt 0.621381 0.381246
vt 0.743198 0.392726
vt 0.630769 0.399893
vt 0.747027 0.452267
vt 0.631232 0.438669
vt 0.728386 0.511288
vt 0.623228 0.46946
vt 0.334955 0.378197
vt 0.321673 0.325204
vt 0.383897 0.302288
vt 0.366974 0.272466
vt 0.365874 0.261101
vt 0.326513 0.306589
vt 0.326513 0.306589
vt 0.221252 0.250984
vt 0.298004 0.185905
vt 0.378456 0.111768
vt 0.334489 0.174075
vt 0.344743 0.123217
vt 0.241279 0.224507
vt 0.284789 0.166881
vt 0.422537 0.11784
vt 0.375735 0.174322
vt 0.621645 0.163965
vt 0.575054 0.21425
vt 0.759957 0.273477
vt 0.775428 0.315164
vt 0.72145 0.342706
vt 0.743198 0.392726
vt 0.747027 0.452267
vt 0.781105 0.347981
vt 0.728386 0.511288
vt 0.777264 0.387958
vt 0.4226 0.007935
vt 0.46963 0.000811
vt 0.335149 0.084182
vt 0.401105 0.074367
vt 0.553394 -0.015057
vt 0.325322 0.090411
vt 0.401105 0.074367
vt 0.553394 -0.015057
vt 0.481982 0.064893
vt 0.553394 -0.015057
vt 0.637785 0.045323
vt 0.481982 0.064893
vt 0.570271 0.118341
vt 0.628907 0.180087
vt 0.693878 0.108127
vt 0.630527 0.196072
vt 0.695447 0.124166
vt 0.401105 0.074367
vt 0.481982 0.064893
vt 0.570271 0.118341
vt 0.628907 0.180087
vt 0.335149 0.084182
vt 0.325322 0.090411
vt 0.630527 0.196072
vt 0.591389 0.221572
vt 0.36229 0.166114
vt 0.533755 0.262091
vt 0.421921 0.235063
vt 0.425402 0.012602
vt 0.4226 0.007935
vt 0.325322 0.090411
vt 0.3961 0.287577
vt 0.36615 0.276562
vt 0.389578 0.219167
vt 0.363011 0.20799
vt 0.404318 0.225368
vt 0.414541 0.293928
vt 0.420836 0.232318
vt 0.429084 0.302115
vt 0.442214 0.241313
vt 0.441842 0.30616
vt 0.457758 0.247852
vt 0.457405 0.312126
vt 0.471229 0.25352
vt 0.473015 0.318233
vt 0.479525 0.25701
vt 0.480083 0.323196
vt 0.495616 0.26378
vt 0.495294 0.326383
vt 0.514124 0.271567
vt 0.515146 0.331607
vt 0.529099 0.277867
vt 0.527146 0.337146
vt 0.542397 0.283462
vt 0.538227 0.340674
vt 0.55557 0.289004
vt 0.553083 0.345849
vt 0.568651 0.294508
vt 0.562646 0.349239
vt 0.586377 0.301966
vt 0.575881 0.356864
vt 0.600911 0.308081
vt 0.592077 0.363896
vt 0.612339 0.312888
vt 0.600763 0.367495
vt 0.621219 0.316624
vt 0.607081 0.369684
vt 0.624391 0.317959
vt 0.625488 0.372351
vt 0.627026 0.319068
vt 0.635782 0.376051
vt 0.55389 0.356685
vt 0.538621 0.351606
vt 0.536561 0.388785
vt 0.528095 0.348593
vt 0.51684 0.34325
vt 0.49666 0.338652
vt 0.497142 0.373226
vt 0.511606 0.373192
vt 0.497823 0.389677
vt 0.503081 0.393404
vt 0.481673 0.336349
vt 0.485174 0.366365
vt 0.49305 0.390563
vt 0.497823 0.389677
vt 0.498046 0.399986
vt 0.474911 0.331023
vt 0.458777 0.324817
vt 0.459086 0.348119
vt 0.473061 0.349123
vt 0.459415 0.372943
vt 0.447862 0.340142
vt 0.443216 0.319
vt 0.432605 0.316189
vt 0.41856 0.307705
vt 0.422852 0.33252
vt 0.434034 0.330109
vt 0.428203 0.363459
vt 0.40849 0.326532
vt 0.399208 0.301327
vt 0.368427 0.290356
vt 0.503081 0.393404
vt 0.498046 0.399986
vt 0.497823 0.389677
vt 0.529413 0.384136
vt 0.536561 0.388785
vt 0.535057 0.404188
vt 0.528095 0.348593
vt 0.548737 0.387581
vt 0.535057 0.404188
vt 0.536561 0.388785
vt 0.55389 0.356685
vt 0.562574 0.35955
vt 0.574688 0.367203
vt 0.570604 0.389998
vt 0.591292 0.374444
vt 0.599293 0.377746
vt 0.604971 0.379553
vt 0.600678 0.39618
vt 0.627159 0.382568
vt 0.600678 0.39618
vt 0.639356 0.386915
vt 0.598338 0.390414
vt 0.599293 0.377746
vt 0.600678 0.39618
vt 0.600678 0.39618
vt 0.596764 0.411341
vt 0.613825 0.393073
vt 0.600678 0.39618
vt 0.627159 0.382568
vt 0.596764 0.411341
vt 0.56442 0.385367
vt 0.570604 0.389998
vt 0.568256 0.403097
vt 0.562574 0.35955
vt 0.584272 0.3843
vt 0.568256 0.403097
vt 0.570604 0.389998
vt 0.591292 0.374444
vt 0.782342 0.455075
vt 0.780027 0.461367
vt 0.787805 0.436556
vt 0.785424 0.443028
vt 0.773835 0.464398
vt 0.779054 0.446151
vt 0.78803 0.411636
vt 0.785682 0.4181
vt 0.779213 0.421328
vt 0.783914 0.381848
vt 0.781578 0.388032
vt 0.775046 0.391326
vt 0.77658 0.348705
vt 0.774214 0.354321
vt 0.767651 0.357652
vt 0.768153 0.389799
vt 0.772417 0.419433
vt 0.769275 0.413529
vt 0.769432 0.438074
vt 0.772432 0.444097
vt 0.76448 0.456534
vt 0.767396 0.462394
vt 0.764938 0.384353
vt 0.760747 0.356742
vt 0.75755 0.352134
vt 0.750564 0.322708
vt 0.746522 0.318133
vt 0.758996 0.322979
vt 0.766864 0.318776
vt 0.769543 0.312569
vt 0.739859 0.286939
vt 0.735152 0.281248
vt 0.733647 0.249523
vt 0.729029 0.243463
vt 0.728571 0.208218
vt 0.723648 0.203671
vt 0.738319 0.20864
vt 0.743698 0.250288
vt 0.747175 0.20468
vt 0.753286 0.245289
vt 0.749935 0.198664
vt 0.756766 0.237465
vt 0.724039 0.16991
vt 0.718448 0.163394
vt 0.733997 0.170599
vt 0.742481 0.165041
vt 0.744503 0.156501
vt 0.723132 0.123558
vt 0.718134 0.117654
vt 0.731737 0.124245
vt 0.738904 0.119302
vt 0.740424 0.111629
vt 0.749847 0.28744
vt 0.759248 0.282441
vt 0.762523 0.274882
vt 0.363176 0.881425
vt 0.336198 0.898615
vt 0.357848 0.859635
vt 0.322706 0.873141
vt 0.342925 0.924717
vt 0.364168 0.912821
vt 0.314002 0.9238
vt 0.298294 0.906617
vt 0.323468 0.938012
vt 0.343527 0.952472
vt 0.361688 0.937434
vt 0.339582 0.98002
vt 0.346601 0.969355
vt 0.329752 0.958969
vt 0.334209 0.976014
vt 0.316266 0.861884
vt 0.28368 0.895033
vt 0.308483 0.850951
vt 0.34663 0.830857
vt 0.33053 0.808642
vt 0.301086 0.839658
vt 0.316214 0.790393
vt 0.28914 0.820371
vt 0.352949 0.846718
vt 0.262541 0.875346
vt 0.248447 0.857778
vt 0.279235 0.878841
vt 0.276918 0.802491
vt 0.23564 0.831616
vt 0.25478 0.785391
vt 0.293824 0.772052
vt 0.274327 0.764204
vt 0.25478 0.785391
vt 0.25478 0.785391
vt 0.23564 0.831616
vt 0.228543 0.801208
vt 0.274327 0.764204
vt 0.25478 0.785391
vt 0.25448 0.758179
vt 0.25448 0.758179
vt 0.25478 0.785391
vt 0.234238 0.775032
vt 0.25478 0.785391
vt 0.228543 0.801208
vt 0.234238 0.775032
vt 0.210668 0.783011
vt 0.247573 0.87626
vt 0.235577 0.890048
vt 0.227272 0.873132
vt 0.22137 0.890171
vt 0.253838 0.86394
vt 0.229822 0.861256
vt 0.247374 0.848552
vt 0.23506 0.846887
vt 0.210567 0.869804
vt 0.217515 0.851916
vt 0.210752 0.879924
vt 0.209971 0.891915
vt 0.232169 0.835828
vt 0.237836 0.838529
vt 0.242893 0.842796
vt 0.218401 0.904266
vt 0.212848 0.906192
vt 0.218401 0.904266
vt 0.217429 0.920272
vt 0.218401 0.904266
vt 0.235577 0.890048
vt 0.22348 0.905021
vt 0.220869 0.919781
vt 0.218401 0.904266
vt 0.220869 0.919781
vt 0.217429 0.920272
vt 0.219856 0.860845
vt 0.208843 0.86941
vt 0.200386 0.850945
vt 0.196238 0.862555
vt 0.231361 0.843502
vt 0.209439 0.837334
vt 0.236504 0.831497
vt 0.216444 0.827285
vt 0.187086 0.846697
vt 0.194084 0.834163
vt 0.216444 0.827285
vt 0.185078 0.861746
vt 0.226009 0.812884
vt 0.187986 0.869711
vt 0.195421 0.86951
vt 0.189164 0.875997
vt 0.195421 0.86951
vt 0.192434 0.878361
vt 0.215849 0.812438
vt 0.201113 0.825203
vt 0.226009 0.812884
vt 0.216444 0.827285
vt 0.194084 0.834163
vt 0.226009 0.812884
vt 0.215849 0.812438
vt 0.229088 0.809238
vt 0.24159 0.81221
vt 0.226009 0.812884
vt 0.226009 0.812884
vt 0.241909 0.8088
vt 0.241909 0.8088
vt 0.226009 0.812884
vt 0.229088 0.809238
vt 0.236412 0.804879
vt 0.229389 0.805155
vt 0.195421 0.86951
vt 0.198279 0.874879
vt 0.192434 0.878361
vt 0.229088 0.809238
vt 0.215849 0.812438
vt 0.222916 0.807286
vt 0.229088 0.809238
vt 0.222916 0.807286
vt 0.229389 0.805155
vt 0.224373 0.805509
vt 0.141146 0.865702
vt 0.129177 0.850155
vt 0.156677 0.857257
vt 0.14646 0.838295
vt 0.175706 0.845804
vt 0.166012 0.826463
vt 0.192726 0.838439
vt 0.178135 0.821512
vt 0.207191 0.833603
vt 0.191397 0.819885
vt 0.118037 0.860559
vt 0.127298 0.872497
vt 0.137505 0.826172
vt 0.155995 0.812125
vt 0.178135 0.821512
vt 0.119602 0.839953
vt 0.118037 0.860559
vt 0.118037 0.860559
vt 0.111493 0.872752
vt 0.115559 0.880627
vt 0.178135 0.821512
vt 0.171084 0.80843
vt 0.191397 0.819885
vt 0.155995 0.812125
vt 0.191397 0.819885
vt 0.171084 0.80843
vt 0.182982 0.805772
vt 0.207494 0.817413
vt 0.119602 0.839953
vt 0.118037 0.860559
vt 0.11127 0.857086
vt 0.106222 0.869431
vt 0.111493 0.872752
vt 0.105564 0.878151
vt 0.207494 0.817413
vt 0.182982 0.805772
vt 0.199092 0.806866
vt 0.215935 0.817108
vt 0.215935 0.817108
vt 0.212699 0.808531
vt 0.215935 0.817108
vt 0.225208 0.816066
vt 0.218687 0.810087
vt 0.229068 0.820142
vt 0.215935 0.817108
vt 0.224065 0.825694
vt 0.207494 0.817413
vt 0.218075 0.828157
vt 0.191397 0.819885
vt 0.207191 0.833603
vt 0.111493 0.872752
vt 0.115559 0.880627
vt 0.110312 0.884416
vt 0.111493 0.872752
vt 0.110312 0.884416
vt 0.105564 0.878151
vt 0.080592 0.834376
vt 0.069117 0.811275
vt 0.106301 0.823345
vt 0.096013 0.793311
vt 0.055506 0.831249
vt 0.056148 0.78466
vt 0.055506 0.831249
vt 0.090626 0.765689
vt 0.044759 0.806989
vt 0.040112 0.834071
vt 0.096931 0.770606
vt 0.12295 0.817028
vt 0.110327 0.788135
vt 0.128484 0.80823
vt 0.119521 0.786206
vt 0.100634 0.762022
vt 0.118105 0.7578
vt 0.137324 0.812595
vt 0.128082 0.784409
vt 0.156831 0.809755
vt 0.1456 0.780885
vt 0.1456 0.780885
vt 0.055506 0.831249
vt 0.062799 0.846642
vt 0.046924 0.842411
vt 0.046924 0.842411
vt 0.051249 0.855104
vt 0.046694 0.857098
vt 0.04135 0.858531
vt 0.046924 0.842411
vt 0.040112 0.834071
vt 0.055506 0.831249
vt 0.037913 0.849049
vt 0.156831 0.809755
vt 0.1456 0.780885
vt 0.180588 0.809136
vt 0.180588 0.809136
vt 0.1456 0.780885
vt 0.165121 0.784689
vt 0.2109 0.81197
vt 0.188509 0.788033
vt 0.218043 0.806606
vt 0.21105 0.792471
vt 0.22819 0.80281
vt 0.1456 0.780885
vt 0.139888 0.758022
vt 0.165121 0.784689
vt 0.118105 0.7578
vt 0.158207 0.760179
vt 0.188509 0.788033
vt 0.188509 0.788033
vt 0.158207 0.760179
vt 0.180637 0.769141
vt 0.21105 0.792471
vt 0.21105 0.792471
vt 0.209541 0.778432
vt 0.22819 0.80281
vt 0.21105 0.792471
vt 0.225186 0.79659
vt 0.21105 0.792471
vt 0.209541 0.778432
vt 0.218271 0.784704
vt 0.046924 0.842411
vt 0.051249 0.855104
vt 0.046694 0.857098
vt 0.046924 0.842411
vt 0.04135 0.858531
vt 0.037913 0.849049
vt 0.875512 0.270153
vt 0.857686 0.289352
vt 0.848361 0.247813
vt 0.837935 0.267704
vt 0.884029 0.250222
vt 0.858361 0.234316
vt 0.893356 0.227725
vt 0.866197 0.224966
vt 0.831804 0.23224
vt 0.835175 0.213128
vt 0.829047 0.247989
vt 0.826019 0.267491
vt 0.837935 0.267704
vt 0.845768 0.206586
vt 0.871526 0.215887
vt 0.894067 0.218049
vt 0.825454 0.291047
vt 0.83641 0.30287
vt 0.818985 0.324885
vt 0.820187 0.291555
vt 0.878494 0.20867
vt 0.888529 0.210579
vt 0.86071 0.203401
vt 0.825454 0.291047
vt 0.813781 0.323888
vt 0.825454 0.291047
vt 0.820187 0.291555
vt 0.837935 0.267704
vt 0.733735 0.499975
vt 0.724626 0.494401
vt 0.759186 0.465536
vt 0.749959 0.459902
vt 0.768498 0.464816
vt 0.742954 0.499238
vt 0.777461 0.432285
vt 0.772688 0.423491
vt 0.786721 0.437661
vt 0.795019 0.43646
vt 0.800934 0.403181
vt 0.800059 0.394863
vt 0.807967 0.411448
vt 0.817025 0.414797
vt 0.823839 0.411678
vt 0.803082 0.430398
vt 0.772429 0.458178
vt 0.82315 0.381678
vt 0.830236 0.390005
vt 0.82315 0.381678
vt 0.82109 0.373518
vt 0.839006 0.393652
vt 0.830236 0.390005
vt 0.844301 0.390485
vt 0.839006 0.393652
vt 0.842024 0.362527
vt 0.862164 0.365574
vt 0.842024 0.362527
vt 0.837964 0.352645
vt 0.854706 0.34398
vt 0.848693 0.335972
vt 0.866697 0.327129
vt 0.830236 0.390005
vt 0.850815 0.369272
vt 0.866697 0.327129
vt 0.857354 0.320069
vt 0.875259 0.302407
vt 0.866155 0.2967
vt 0.879671 0.272234
vt 0.871456 0.265458
vt 0.891476 0.272508
vt 0.886745 0.302138
vt 0.866697 0.327129
vt 0.879219 0.328917
vt 0.854706 0.34398
vt 0.899933 0.266112
vt 0.893854 0.296048
vt 0.879219 0.328917
vt 0.88754 0.324384
vt 0.866093 0.349433
vt 0.882408 0.233438
vt 0.877601 0.224258
vt 0.8936 0.23701
vt 0.904616 0.232864
vt 0.908982 0.223434
vt 0.866093 0.349433
vt 0.842024 0.362527
vt 0.854706 0.34398
vt 0.879219 0.328917
vt 0.850815 0.369272
vt 0.842024 0.362527
vt 0.866093 0.349433
vt 0.82315 0.381678
vt 0.875619 0.348712
vt 0.850815 0.369272
vt 0.866093 0.349433
vt 0.88754 0.324384
vt 0.859162 0.370529
vt 0.850815 0.369272
vt 0.875619 0.348712
vt 0.830236 0.390005
vt 0.839006 0.393652
vt 0.830236 0.390005
vt 0.859162 0.370529
vt 0.746871 0.492635
vt 0.742954 0.499238
vt 0.772429 0.458178
vt 0.768498 0.464816
vt 0.795019 0.43646
vt 0.768695 0.449525
vt 0.746871 0.492635
vt 0.772429 0.458178
vt 0.743209 0.484049
vt 0.772429 0.458178
vt 0.803082 0.430398
vt 0.862164 0.365574
vt 0.859162 0.370529
vt 0.87769 0.34226
vt 0.839006 0.393652
vt 0.859162 0.370529
vt 0.875619 0.348712
vt 0.886786 0.316212
vt 0.875619 0.348712
vt 0.88754 0.324384
vt 0.88754 0.324384
vt 0.892421 0.287726
vt 0.893854 0.296048
vt 0.900077 0.256808
vt 0.899933 0.266112
vt 0.908982 0.223434
vt 0.976446 0.222934
vt 0.981445 0.241763
vt 0.954516 0.231179
vt 0.96505 0.247295
vt 0.965944 0.206092
vt 0.946423 0.218044
vt 0.953442 0.185279
vt 0.937138 0.205123
vt 0.926208 0.241143
vt 0.914492 0.228617
vt 0.937749 0.248376
vt 0.949665 0.25934
vt 0.913479 0.215492
vt 0.927705 0.202197
vt 0.943256 0.180472
vt 0.971917 0.266544
vt 0.983688 0.26592
vt 0.98044 0.297828
vt 0.965892 0.275647
vt 0.977631 0.299183
vt 0.914921 0.196053
vt 0.926599 0.182667
vt 0.912006 0.20356
vt 0.877949 0.33306
vt 0.892718 0.352429
vt 0.863592 0.357774
vt 0.88344 0.36448
vt 0.848834 0.318812
vt 0.841172 0.351588
vt 0.833253 0.31855
vt 0.816105 0.355757
vt 0.831157 0.401517
vt 0.803791 0.417058
vt 0.860086 0.385953
vt 0.877006 0.389395
vt 0.783692 0.401533
vt 0.803185 0.353474
vt 0.809161 0.33094
vt 0.897368 0.379364
vt 0.909062 0.369153
vt 0.893394 0.396406
vt 0.772385 0.359513
vt 0.772429 0.348742
vt 0.806889 0.321094
vt 0.774406 0.337033
vt 0.805314 0.309708
vt 0.837964 0.301035
vt 0.843609 0.306821
vt 0.782232 0.325578
vt 0.897368 0.379364
vt 0.914896 0.397833
vt 0.90848 0.41069
vt 0.897368 0.379364
vt 0.90848 0.41069
vt 0.893394 0.396406
vt 0.772385 0.359513
vt 0.783692 0.401533
vt 0.774942 0.37362
vt 0.976927 0.364601
vt 0.989151 0.379464
vt 0.965443 0.374527
vt 0.978437 0.383747
vt 0.967696 0.345511
vt 0.955833 0.356861
vt 0.955669 0.334476
vt 0.941531 0.34274
vt 0.928697 0.388162
vt 0.910179 0.379108
vt 0.947028 0.397252
vt 0.960164 0.402032
vt 0.901746 0.360283
vt 0.934749 0.334424
vt 0.942128 0.327922
vt 0.98413 0.396243
vt 0.972039 0.408111
vt 0.916856 0.332854
vt 0.925258 0.325124
vt 0.908568 0.342258
vt 0.98413 0.396243
vt 0.979416 0.419646
vt 0.98413 0.396243
vt 0.989151 0.379464
vt 0.995224 0.394894
vt 0.989511 0.41361
vt 0.98413 0.396243
vt 0.989511 0.41361
vt 0.979416 0.419646
vt 0.809793 0.297755
vt 0.804966 0.323746
vt 0.793123 0.297077
vt 0.790516 0.319345
vt 0.81363 0.271619
vt 0.794501 0.272617
vt 0.806938 0.25155
vt 0.785024 0.248793
vt 0.744492 0.276045
vt 0.723033 0.253748
vt 0.76603 0.300146
vt 0.765572 0.319251
vt 0.733397 0.22958
vt 0.784283 0.235451
vt 0.798163 0.234169
vt 0.778415 0.338589
vt 0.791576 0.34592
vt 0.761678 0.338601
vt 0.774634 0.217635
vt 0.774634 0.217635
vt 0.778415 0.338589
vt 0.763811 0.362122
vt 0.778415 0.338589
vt 0.749982 0.359547
vt 0.763811 0.362122
vt 0.749982 0.359547
vt 0.787326 0.217025
vt 0.798163 0.234169
vt 0.774634 0.217635
vt 0.762628 0.219211
vt 0.935587 0.28244
vt 0.933694 0.295623
vt 0.918507 0.283666
vt 0.932335 0.264377
vt 0.914204 0.269217
vt 0.927249 0.252982
vt 0.914204 0.269217
vt 0.912365 0.257088
vt 0.897772 0.281868
vt 0.912365 0.257088
vt 0.907108 0.292005
vt 0.912365 0.257088
vt 0.888647 0.269272
vt 0.891171 0.255431
vt 0.911384 0.247637
vt 0.906504 0.239517
vt 0.897909 0.244547
vt 0.918507 0.283666
vt 0.914204 0.269217
vt 0.911067 0.300946
vt 0.91965 0.291707
vt 0.915401 0.311039
vt 0.92097 0.304347
vt 0.916888 0.324397
vt 0.918507 0.283666
vt 0.933694 0.295623
vt 0.91965 0.291707
vt 0.92097 0.304347
vt 0.932912 0.308416
vt 0.923372 0.32307
vt 0.911384 0.247637
vt 0.927249 0.252982
vt 0.912365 0.257088
vt 0.922164 0.245622
vt 0.906504 0.239517
vt 0.911384 0.247637
vt 0.92097 0.304347
vt 0.923372 0.32307
vt 0.916888 0.324397
vt 0.912377 0.23771
vt 0.922164 0.245622
vt 0.906504 0.239517
vt 0.911348 0.01296
vt 0.932217 0.002635
vt 0.935334 0.027638
vt 0.942646 0.012516
vt 0.898389 0.040545
vt 0.920413 0.063341
vt 0.892194 0.073555
vt 0.911882 0.078957
vt 0.940797 0.069745
vt 0.930314 0.088739
vt 0.954278 0.042419
vt 0.962728 0.029447
vt 0.924681 0.095583
vt 0.905025 0.09299
vt 0.893717 0.085608
vt 0.903411 0.103184
vt 0.897721 0.09997
vt 0.91111 0.104148
vt 0.970127 0.021544
vt 0.954831 0.011309
vt 0.975365 0.018347
vt 0.971524 0.006586
vt 0.983299 0.019275
vt 0.978624 0.007723
vt 0.932217 0.002635
vt 0.954831 0.011309
vt 0.947652 0.008677
vt 0.971524 0.006586
vt 0.971524 0.006586
vt 0.965194 0.004171
vt 0.971524 0.006586
vt 0.965194 0.004171
vt 0.978624 0.007723
vt 0.954831 0.011309
vt 0.932217 0.002635
vt 0.947652 0.008677
vt 0.923019 0.147436
vt 0.944929 0.13912
vt 0.931212 0.156656
vt 0.952655 0.144164
vt 0.90441 0.173115
vt 0.913384 0.183343
vt 0.897244 0.188048
vt 0.904917 0.199016
vt 0.944173 0.177016
vt 0.933234 0.195372
vt 0.904917 0.199016
vt 0.961955 0.160567
vt 0.900231 0.20731
vt 0.893683 0.197116
vt 0.894089 0.213991
vt 0.973917 0.155216
vt 0.970101 0.14429
vt 0.983903 0.153263
vt 0.981709 0.146822
vt 0.989487 0.151995
vt 0.964003 0.136146
vt 0.977709 0.138641
vt 0.990065 0.144825
vt 0.904917 0.199016
vt 0.923539 0.20826
vt 0.91613 0.212373
vt 0.900231 0.20731
vt 0.894089 0.213991
vt 0.890606 0.209518
vt 0.894089 0.213991
vt 0.894089 0.213991
vt 0.91613 0.212373
vt 0.900479 0.216696
vt 0.396923 0.860866
vt 0.408107 0.878637
vt 0.383173 0.872984
vt 0.383776 0.853259
vt 0.363223 0.867774
vt 0.367626 0.842654
vt 0.349076 0.861103
vt 0.357233 0.907936
vt 0.336711 0.900971
vt 0.377056 0.903769
vt 0.383173 0.872984
vt 0.326081 0.884245
vt 0.339118 0.853534
vt 0.339118 0.853534
vt 0.326592 0.851426
vt 0.322412 0.865434
vt 0.383173 0.872984
vt 0.388775 0.882846
vt 0.349473 0.839928
vt 0.339118 0.853534
vt 0.326592 0.851426
vt 0.402801 0.898161
vt 0.402801 0.898161
vt 0.416042 0.896232
vt 0.402801 0.898161
vt 0.415329 0.924473
vt 0.377056 0.903769
vt 0.383173 0.872984
vt 0.393026 0.906391
vt 0.393026 0.906391
vt 0.383173 0.872984
vt 0.388775 0.882846
vt 0.403414 0.917442
vt 0.402801 0.898161
vt 0.388775 0.882846
vt 0.402801 0.898161
vt 0.411334 0.932644
vt 0.415329 0.924473
vt 0.402801 0.898161
vt 0.415329 0.924473
vt 0.422211 0.951229
vt 0.415329 0.924473
vt 0.423547 0.939652
vt 0.331227 0.84418
vt 0.349473 0.839928
vt 0.326592 0.851426
vt 0.415329 0.924473
vt 0.416042 0.896232
vt 0.420845 0.918566
vt 0.423547 0.939652
vt 0.333824 0.145085
vt 0.361898 0.143804
vt 0.328071 0.146186
vt 0.3578 0.145098
vt 0.324263 0.148531
vt 0.319429 0.141311
vt 0.326307 0.142405
vt 0.319429 0.141311
vt 0.319429 0.141311
vt 0.328273 0.136522
vt 0.324263 0.148531
vt 0.3578 0.145098
vt 0.358447 0.145373
vt 0.324263 0.148531
vt 0.358447 0.145373
vt 0.319905 0.160605
vt 0.362663 0.159034
vt 0.316751 0.145845
vt 0.3124 0.157904
vt 0.313924 0.140765
vt 0.307914 0.150336
vt 0.313046 0.13442
vt 0.319693 0.136207
vt 0.320605 0.131966
vt 0.313046 0.13442
vt 0.330742 0.134856
vt 0.335718 0.130549
vt 0.330207 0.129474
vt 0.342576 0.131405
vt 0.336716 0.127824
vt 0.319429 0.141311
vt 0.324263 0.148531
vt 0.316751 0.145845
vt 0.328273 0.136522
vt 0.319429 0.141311
vt 0.319693 0.136207
vt 0.328273 0.136522
vt 0.319693 0.136207
vt 0.330742 0.134856
vt 0.330207 0.129474
vt 0.313046 0.13442
vt 0.322293 0.130876
vt 0.313046 0.13442
vt 0.307914 0.150336
vt 0.309576 0.145596
vt 0.313046 0.13442
vt 0.309576 0.145596
vt 0.322293 0.130876
vt 0.314985 0.140034
vt 0.320605 0.131966
vt 0.313046 0.13442
vt 0.330207 0.129474
vt 0.319429 0.141311
vt 0.316751 0.145845
vt 0.319693 0.136207
vt 0.149967 0.165835
vt 0.128641 0.165344
vt 0.15361 0.159697
vt 0.126351 0.158062
vt 0.155891 0.149908
vt 0.125105 0.152257
vt 0.149967 0.165835
vt 0.13133 0.174161
vt 0.160355 0.13771
vt 0.124052 0.144144
vt 0.119687 0.127857
vt 0.125105 0.152257
vt 0.163877 0.124808
vt 0.119687 0.127857
vt 0.161925 0.120231
vt 0.119156 0.12248
vt 0.124052 0.144144
vt 0.088281 0.133342
vt 0.124052 0.144144
vt 0.101804 0.16249
vt 0.10512 0.165127
vt 0.125105 0.152257
vt 0.126351 0.158062
vt 0.111128 0.164946
vt 0.128641 0.165344
vt 0.110547 0.173826
vt 0.13133 0.174161
vt 0.111128 0.164946
vt 0.120773 0.184236
vt 0.133698 0.193248
vt 0.141834 0.187986
vt 0.143871 0.198924
vt 0.141834 0.187986
vt 0.153841 0.202809
vt 0.141834 0.187986
vt 0.152097 0.194521
vt 0.13133 0.174161
vt 0.149967 0.165835
vt 0.153818 0.16991
vt 0.141834 0.187986
vt 0.141834 0.187986
vt 0.150924 0.184472
vt 0.152097 0.194521
vt 0.125105 0.152257
vt 0.111128 0.164946
vt 0.10512 0.165127
vt 0.119687 0.127857
vt 0.119156 0.12248
vt 0.119156 0.12248
vt 0.092607 0.126635
vt 0.118451 0.117999
vt 0.118451 0.117999
vt 0.093969 0.123055
vt 0.138604 0.117927
vt 0.118451 0.117999
vt 0.119156 0.12248
vt 0.138604 0.117927
vt 0.118451 0.117999
vt 0.093969 0.123055
vt 0.118995 0.112814
vt 0.118995 0.112814
vt 0.093969 0.123055
vt 0.090746 0.121339
vt 0.11894 0.108719
vt 0.168699 0.107894
vt 0.164993 0.11212
vt 0.118451 0.117999
vt 0.119776 0.102218
vt 0.11894 0.108719
vt 0.083391 0.10809
vt 0.084804 0.095547
vt 0.166954 0.097503
vt 0.120548 0.096366
vt 0.11894 0.108719
vt 0.085063 0.120005
vt 0.163134 0.087794
vt 0.120548 0.096366
vt 0.120454 0.087514
vt 0.092415 0.08348
vt 0.138604 0.117927
vt 0.118451 0.117999
vt 0.164993 0.11212
vt 0.11894 0.108719
vt 0.090746 0.121339
vt 0.085063 0.120005
vt 0.120548 0.096366
vt 0.119776 0.102218
vt 0.084804 0.095547
vt 0.163134 0.087794
vt 0.120548 0.096366
vt 0.156543 0.078474
vt 0.156543 0.078474
vt 0.120548 0.096366
vt 0.120454 0.087514
vt 0.144137 0.071755
vt 0.123827 0.083058
vt 0.120548 0.096366
vt 0.084804 0.095547
vt 0.120454 0.087514
vt 0.120454 0.087514
vt 0.092415 0.08348
vt 0.123827 0.083058
vt 0.123827 0.083058
vt 0.092415 0.08348
vt 0.101532 0.077431
vt 0.254301 0.088794
vt 0.233658 0.114739
vt 0.242884 0.07733
vt 0.250172 0.126787
vt 0.233658 0.114739
vt 0.221365 0.10824
vt 0.226775 0.067204
vt 0.207292 0.101675
vt 0.221397 0.143677
vt 0.236544 0.145066
vt 0.233658 0.114739
vt 0.250172 0.126787
vt 0.251156 0.148759
vt 0.263901 0.150128
vt 0.207029 0.140364
vt 0.202265 0.100507
vt 0.217641 0.064674
vt 0.201203 0.138899
vt 0.198586 0.061003
vt 0.193661 0.098149
vt 0.193098 0.0669
vt 0.190592 0.13628
vt 0.18467 0.094051
vt 0.193098 0.0669
vt 0.181481 0.132822
vt 0.179204 0.091044
vt 0.266629 0.138361
vt 0.250172 0.126787
vt 0.275063 0.151343
vt 0.250172 0.126787
vt 0.254301 0.088794
vt 0.266908 0.107531
vt 0.266629 0.138361
vt 0.266629 0.138361
vt 0.276297 0.125959
vt 0.279292 0.140637
vt 0.278127 0.150708
vt 0.193098 0.0669
vt 0.18467 0.094051
vt 0.186973 0.06167
vt 0.179204 0.091044
vt 0.172547 0.066044
vt 0.179204 0.091044
vt 0.168781 0.091431
vt 0.145898 0.075642
vt 0.179204 0.091044
vt 0.181481 0.132822
vt 0.170556 0.131224
vt 0.168781 0.091431
vt 0.163901 0.128655
vt 0.155624 0.093715
vt 0.15212 0.126695
vt 0.145898 0.075642
vt 0.168781 0.091431
vt 0.155624 0.093715
vt 0.266629 0.138361
vt 0.278127 0.150708
vt 0.275063 0.151343
vt 0.14074 0.006469
vt 0.161724 0.023727
vt 0.136881 0.011456
vt 0.154733 0.031061
vt 0.168411 0.018638
vt 0.153557 0.001788
vt 0.178156 0.029789
vt 0.176222 0.035668
vt 0.181108 0.023797
vt 0.176797 0.012603
vt 0.168635 0.001761
vt 0.1873 0.012631
vt 0.188603 0.006007
vt 0.130564 0.014757
vt 0.147675 0.037843
vt 0.142021 0.047807
vt 0.123185 0.028077
vt 0.174201 0.049291
vt 0.175637 0.041479
vt 0.117835 0.044113
vt 0.140849 0.05642
vt 0.1389 0.066672
vt 0.115776 0.058261
vt 0.170109 0.05917
vt 0.168389 0.072439
vt 0.1389 0.066672
vt 0.1389 0.066672
vt 0.118772 0.070511
vt 0.1389 0.066672
vt 0.137859 0.077219
vt 0.1389 0.066672
vt 0.165968 0.078752
vt 0.125915 0.091353
vt 0.140847 0.08921
vt 0.158091 0.094396
vt 0.177587 0.002306
vt 0.188007 0.001752
vt 0.088778 0.061455
vt 0.124674 0.050466
vt 0.092049 0.073621
vt 0.1218 0.062598
vt 0.118279 0.034682
vt 0.092685 0.037455
vt 0.145527 0.037197
vt 0.118279 0.034682
vt 0.145728 0.049508
vt 0.138704 0.018999
vt 0.116435 0.025329
vt 0.100906 0.019366
vt 0.096664 0.081465
vt 0.119708 0.075456
vt 0.119643 0.090415
vt 0.099757 0.092288
vt 0.146428 0.076474
vt 0.148516 0.060887
vt 0.10468 0.100402
vt 0.117667 0.098091
vt 0.141247 0.088429
vt 0.104858 0.012035
vt 0.111116 0.005162
vt 0.116435 0.025329
vt 0.133439 0.014916
vt 0.118279 0.034682
vt 0.122714 0.008158
vt 0.133439 0.014916
vt 0.111116 0.005162
vt 0.133439 0.014916
vt 0.138704 0.018999
vt 0.070391 0.092699
vt 0.079105 0.072167
vt 0.081562 0.094923
vt 0.087784 0.074044
vt 0.073962 0.04929
vt 0.083056 0.052196
vt 0.089608 0.055573
vt 0.091137 0.076033
vt 0.089608 0.055573
vt 0.095208 0.059376
vt 0.093338 0.077187
vt 0.10951 0.068908
vt 0.106867 0.035478
vt 0.089608 0.055573
vt 0.093795 0.048518
vt 0.083056 0.052196
vt 0.098703 0.029816
vt 0.073962 0.04929
vt 0.088194 0.024203
vt 0.115276 0.04182
vt 0.117332 0.072249
vt 0.119778 0.048119
vt 0.109835 0.083906
vt 0.119336 0.085352
vt 0.110189 0.100168
vt 0.121506 0.09953
vt 0.091319 0.096421
vt 0.088294 0.095623
vt 0.062978 0.04578
vt 0.075846 0.021731
vt 0.055668 0.043848
vt 0.055482 0.019473
vt 0.044177 0.040811
vt 0.020333 0.056595
vt 0.009012 0.034852
vt 0.041906 0.058772
vt 0.052218 0.042935
vt 0.0351 0.075011
vt 0.053321 0.063527
vt 0.052218 0.042935
vt 0.048564 0.084443
vt 0.058224 0.065569
vt 0.05353 0.081104
vt 0.068447 0.069793
vt 0.058183 0.087174
vt 0.062978 0.04578
vt 0.055668 0.043848
vt 0.044177 0.040811
vt 0.032246 0.021354
vt 0.041603 0.021463
vt 0.049692 0.026725
vt 0.052218 0.042935
vt 0.044177 0.040811
vt 0.032246 0.021354
vt 0.041603 0.021463
vt 0.055668 0.043848
vt 0.053321 0.063527
vt 0.055482 0.019473
vt 0.049692 0.026725
vt 0.101486 0.180115
vt 0.080411 0.150652
vt 0.110891 0.175408
vt 0.088509 0.14588
vt 0.068993 0.162989
vt 0.083391 0.184812
vt 0.063765 0.135823
vt 0.070205 0.126936
vt 0.056228 0.155383
vt 0.060203 0.18357
vt 0.066372 0.191851
vt 0.05314 0.178371
vt 0.060203 0.18357
vt 0.052923 0.193797
vt 0.114666 0.16647
vt 0.096805 0.139876
vt 0.104412 0.129161
vt 0.115573 0.152044
vt 0.086453 0.109341
vt 0.076788 0.117485
vt 0.11276 0.13583
vt 0.107128 0.123829
vt 0.093075 0.104848
vt 0.060821 0.198699
vt 0.058008 0.203277
vt 0.060203 0.18357
vt 0.058008 0.203277
vt 0.212812 0.178959
vt 0.185883 0.190433
vt 0.214033 0.167228
vt 0.182619 0.177625
vt 0.190571 0.204058
vt 0.211123 0.204201
vt 0.198477 0.224158
vt 0.215202 0.155995
vt 0.182619 0.177625
vt 0.179582 0.164255
vt 0.173453 0.146626
vt 0.216653 0.138762
vt 0.214704 0.119906
vt 0.170094 0.135455
vt 0.14843 0.162305
vt 0.179582 0.164255
vt 0.162046 0.185504
vt 0.165093 0.120497
vt 0.145175 0.14805
vt 0.138596 0.129065
vt 0.165093 0.120497
vt 0.182619 0.177625
vt 0.166987 0.189012
vt 0.182619 0.177625
vt 0.167191 0.195923
vt 0.185883 0.190433
vt 0.182619 0.177625
vt 0.190571 0.204058
vt 0.177918 0.213778
vt 0.192407 0.234073
vt 0.198477 0.224158
vt 0.190571 0.204058
vt 0.198477 0.224158
vt 0.203882 0.243214
vt 0.212298 0.240778
vt 0.179582 0.164255
vt 0.162046 0.185504
vt 0.198477 0.224158
vt 0.213708 0.230691
vt 0.211703 0.220494
vt 0.198477 0.224158
vt 0.211123 0.204201
vt 0.211703 0.220494
vt 0.204797 0.103052
vt 0.165093 0.120497
vt 0.204797 0.103052
vt 0.165093 0.120497
vt 0.193584 0.095459
vt 0.193584 0.095459
vt 0.165093 0.120497
vt 0.161866 0.110798
vt 0.176967 0.08792
vt 0.159159 0.102135
vt 0.137733 0.123081
vt 0.138596 0.129065
vt 0.165093 0.120497
vt 0.138922 0.110733
vt 0.160992 0.499957
vt 0.130794 0.483116
vt 0.176903 0.485435
vt 0.141074 0.468789
vt 0.125397 0.502064
vt 0.147831 0.509533
vt 0.113713 0.490559
vt 0.116689 0.469088
vt 0.113096 0.502745
vt 0.122779 0.518034
vt 0.143734 0.521265
vt 0.113219 0.520126
vt 0.114983 0.534105
vt 0.132996 0.530596
vt 0.11889 0.544292
vt 0.146021 0.463131
vt 0.118889 0.462649
vt 0.153153 0.454972
vt 0.192839 0.463953
vt 0.185799 0.475195
vt 0.109948 0.455703
vt 0.111284 0.450651
vt 0.156274 0.446051
vt 0.129898 0.444546
vt 0.159513 0.436792
vt 0.1981 0.457092
vt 0.201302 0.446442
vt 0.211345 0.428088
vt 0.16474 0.42684
vt 0.171088 0.415663
vt 0.112559 0.429645
vt 0.118376 0.401339
vt 0.171088 0.415663
vt 0.207494 0.413141
vt 0.195291 0.39028
vt 0.175125 0.406055
vt 0.175125 0.406055
vt 0.129713 0.390388
vt 0.195291 0.39028
vt 0.171088 0.415663
vt 0.175125 0.406055
vt 0.175125 0.406055
vt 0.192041 0.385428
vt 0.175868 0.395334
vt 0.175125 0.406055
vt 0.129713 0.390388
vt 0.175868 0.395334
vt 0.175868 0.395334
vt 0.149151 0.383112
vt 0.125019 0.704856
vt 0.096578 0.690163
vt 0.139132 0.687224
vt 0.097786 0.67707
vt 0.095329 0.703238
vt 0.11789 0.7146
vt 0.078873 0.697575
vt 0.095329 0.703238
vt 0.078196 0.683775
vt 0.080121 0.707402
vt 0.084292 0.728521
vt 0.149953 0.669161
vt 0.102015 0.665457
vt 0.104191 0.647701
vt 0.159049 0.658746
vt 0.068673 0.656097
vt 0.074781 0.667679
vt 0.166268 0.643411
vt 0.105534 0.641085
vt 0.111355 0.632798
vt 0.160365 0.630183
vt 0.075956 0.638148
vt 0.079652 0.62043
vt 0.111355 0.632798
vt 0.145134 0.612329
vt 0.094437 0.72295
vt 0.095329 0.703238
vt 0.095329 0.703238
vt 0.11789 0.7146
vt 0.107681 0.724343
vt 0.101634 0.736114
vt 0.094596 0.747557
vt 0.088391 0.741039
vt 0.111355 0.632798
vt 0.114726 0.624477
vt 0.114726 0.624477
vt 0.087117 0.614215
vt 0.145134 0.612329
vt 0.111355 0.632798
vt 0.114726 0.624477
vt 0.145134 0.612329
vt 0.114726 0.624477
vt 0.141231 0.610506
vt 0.141231 0.610506
vt 0.114726 0.624477
vt 0.116539 0.621883
vt 0.114726 0.624477
vt 0.087117 0.614215
vt 0.116539 0.621883
vt 0.116539 0.621883
vt 0.087117 0.614215
vt 0.101052 0.61005
vt 0.103891 0.435492
vt 0.093592 0.408408
vt 0.124117 0.431788
vt 0.102154 0.399963
vt 0.085151 0.416932
vt 0.093717 0.437769
vt 0.076406 0.402338
vt 0.085151 0.416932
vt 0.086934 0.393553
vt 0.071774 0.410242
vt 0.06243 0.4278
vt 0.142346 0.425797
vt 0.1119 0.394375
vt 0.123963 0.383321
vt 0.15476 0.424028
vt 0.093758 0.366984
vt 0.09376 0.383617
vt 0.169007 0.417849
vt 0.12884 0.379539
vt 0.137684 0.377226
vt 0.172743 0.404991
vt 0.109574 0.359004
vt 0.122792 0.349011
vt 0.137684 0.377226
vt 0.173356 0.383675
vt 0.137684 0.377226
vt 0.145366 0.373803
vt 0.145366 0.373803
vt 0.131982 0.349496
vt 0.145366 0.373803
vt 0.148762 0.373573
vt 0.148762 0.373573
vt 0.144586 0.35548
vt 0.085151 0.416932
vt 0.073122 0.430404
vt 0.081056 0.440632
vt 0.070425 0.445196
vt 0.061505 0.446872
vt 0.058042 0.439227
vt 0.06243 0.4278
vt 0.085151 0.416932
vt 0.173356 0.383675
vt 0.137684 0.377226
vt 0.145366 0.373803
vt 0.173356 0.383675
vt 0.145366 0.373803
vt 0.172342 0.380497
vt 0.172342 0.380497
vt 0.145366 0.373803
vt 0.148762 0.373573
vt 0.250614 0.685549
vt 0.218936 0.699753
vt 0.240486 0.670923
vt 0.211632 0.691584
vt 0.231765 0.654774
vt 0.202631 0.683326
vt 0.205164 0.697931
vt 0.215293 0.707047
vt 0.218936 0.699753
vt 0.230269 0.707891
vt 0.193654 0.693657
vt 0.230269 0.707891
vt 0.221042 0.712
vt 0.193948 0.678721
vt 0.202631 0.683326
vt 0.228453 0.643603
vt 0.182077 0.69595
vt 0.191985 0.676001
vt 0.181124 0.691029
vt 0.186226 0.680591
vt 0.185225 0.668462
vt 0.219554 0.63126
vt 0.182079 0.6604
vt 0.206331 0.628022
vt 0.168806 0.686173
vt 0.164275 0.674117
vt 0.182079 0.6604
vt 0.182589 0.628806
vt 0.225811 0.639939
vt 0.164275 0.674117
vt 0.175727 0.654394
vt 0.218936 0.699753
vt 0.250614 0.685549
vt 0.230269 0.707891
vt 0.230269 0.707891
vt 0.250614 0.685549
vt 0.25623 0.696464
vt 0.248512 0.720726
vt 0.260507 0.70603
vt 0.267007 0.725026
vt 0.272326 0.7354
vt 0.264798 0.735686
vt 0.244557 0.729091
vt 0.230269 0.707891
vt 0.230269 0.707891
vt 0.226644 0.716072
vt 0.226644 0.716072
vt 0.226733 0.710828
vt 0.230269 0.707891
vt 0.226733 0.710828
vt 0.221042 0.712
vt 0.182077 0.69595
vt 0.202631 0.683326
vt 0.193654 0.693657
vt 0.182589 0.628806
vt 0.182079 0.6604
vt 0.175727 0.654394
vt 0.175727 0.654394
vt 0.166691 0.631936
vt 0.175727 0.654394
vt 0.161195 0.641508
vt 0.175727 0.654394
vt 0.164275 0.674117
vt 0.160678 0.662585
vt 0.175727 0.654394
vt 0.161195 0.641508
vt 0.155903 0.64752
vt 0.140406 0.561406
vt 0.16351 0.564264
vt 0.133868 0.576424
vt 0.165291 0.573763
vt 0.161688 0.554325
vt 0.143264 0.551577
vt 0.175039 0.557238
vt 0.161688 0.554325
vt 0.17833 0.567085
vt 0.172011 0.549588
vt 0.158203 0.539418
vt 0.148382 0.541225
vt 0.164597 0.534596
vt 0.161688 0.554325
vt 0.158989 0.525907
vt 0.129792 0.590952
vt 0.164615 0.582856
vt 0.166592 0.595506
vt 0.12545 0.600042
vt 0.190691 0.584779
vt 0.184014 0.57786
vt 0.123352 0.611537
vt 0.166939 0.60027
vt 0.164476 0.607365
vt 0.13026 0.619556
vt 0.18894 0.598212
vt 0.189705 0.610687
vt 0.164476 0.607365
vt 0.144418 0.627349
vt 0.164476 0.607365
vt 0.163529 0.612568
vt 0.163529 0.612568
vt 0.18544 0.615417
vt 0.144418 0.627349
vt 0.164476 0.607365
vt 0.163529 0.612568
vt 0.144418 0.627349
vt 0.163529 0.612568
vt 0.147262 0.626205
vt 0.163529 0.612568
vt 0.18544 0.615417
vt 0.162464 0.613019
vt 0.162464 0.613019
vt 0.18544 0.615417
vt 0.176091 0.619536
vt 0.150313 0.531481
vt 0.153074 0.521963
vt 0.147262 0.626205
vt 0.163529 0.612568
vt 0.162464 0.613019
vt 0.103183 0.265921
vt 0.126675 0.253425
vt 0.107139 0.279934
vt 0.139479 0.261764
vt 0.112628 0.243866
vt 0.093009 0.266449
vt 0.137867 0.232869
vt 0.152878 0.23882
vt 0.121648 0.228753
vt 0.100205 0.237308
vt 0.088238 0.247087
vt 0.102868 0.224848
vt 0.091984 0.225652
vt 0.120689 0.302565
vt 0.150675 0.271834
vt 0.166253 0.28967
vt 0.127356 0.317757
vt 0.187479 0.263793
vt 0.171233 0.252706
vt 0.138924 0.329175
vt 0.169833 0.298372
vt 0.171548 0.31046
vt 0.139774 0.340872
vt 0.206794 0.298342
vt 0.196645 0.283424
vt 0.161215 0.34772
vt 0.174771 0.322065
vt 0.174771 0.322065
vt 0.204501 0.3097
vt 0.174771 0.322065
vt 0.163581 0.350735
vt 0.174305 0.329336
vt 0.174771 0.322065
vt 0.204501 0.3097
vt 0.174305 0.329336
vt 0.174305 0.329336
vt 0.204501 0.3097
vt 0.19511 0.324632
vt 0.086496 0.235496
vt 0.086008 0.227549
vt 0.060589 0.377097
vt 0.059509 0.348983
vt 0.076846 0.384395
vt 0.070383 0.34555
vt 0.047283 0.353258
vt 0.047006 0.37814
vt 0.042746 0.332901
vt 0.055608 0.320545
vt 0.031596 0.342627
vt 0.030422 0.36397
vt 0.035625 0.377805
vt 0.020076 0.358005
vt 0.011876 0.370463
vt 0.09454 0.394292
vt 0.08244 0.343647
vt 0.096228 0.343799
vt 0.105512 0.402841
vt 0.080415 0.31474
vt 0.069052 0.321113
vt 0.116154 0.404245
vt 0.1071 0.345778
vt 0.117607 0.349605
vt 0.129291 0.401282
vt 0.118006 0.313739
vt 0.096655 0.310736
vt 0.14421 0.388648
vt 0.127755 0.35442
vt 0.12987 0.326671
vt 0.14666 0.385377
vt 0.132055 0.357928
vt 0.132055 0.357928
vt 0.132055 0.357928
vt 0.138175 0.341602
vt 0.022048 0.380388
vt 0.012386 0.379583
vt 0.080592 0.834376
vt 0.069117 0.811275
vt 0.106301 0.823345
vt 0.096013 0.793311
vt 0.055506 0.831249
vt 0.062799 0.846642
vt 0.056148 0.78466
vt 0.044759 0.806989
vt 0.046924 0.842411
vt 0.051249 0.855104
vt 0.040112 0.834071
vt 0.046924 0.842411
vt 0.037913 0.849049
vt 0.12295 0.817028
vt 0.110327 0.788135
vt 0.096931 0.770606
vt 0.128484 0.80823
vt 0.119521 0.786206
vt 0.100634 0.762022
vt 0.118105 0.7578
vt 0.137324 0.812595
vt 0.128082 0.784409
vt 0.156831 0.809755
vt 0.1456 0.780885
vt 0.1456 0.780885
vt 0.04135 0.858531
vt 0.139888 0.758022
vt 0.165121 0.784689
vt 0.096013 0.793311
vt 0.090626 0.765689
vt 0.096013 0.793311
vt 0.090626 0.765689
vt 0.096931 0.770606
vt 0.156831 0.809755
vt 0.1456 0.780885
vt 0.180588 0.809136
vt 0.180588 0.809136
vt 0.1456 0.780885
vt 0.165121 0.784689
vt 0.2109 0.81197
vt 0.188509 0.788033
vt 0.1456 0.780885
vt 0.118105 0.7578
vt 0.139888 0.758022
vt 0.165121 0.784689
vt 0.139888 0.758022
vt 0.158207 0.760179
vt 0.188509 0.788033
vt 0.188509 0.788033
vt 0.180637 0.769141
vt 0.21105 0.792471
vt 0.21105 0.792471
vt 0.209541 0.778432
vt 0.21105 0.792471
vt 0.225186 0.79659
vt 0.218271 0.784704
vt 0.218043 0.806606
vt 0.188509 0.788033
vt 0.21105 0.792471
vt 0.2109 0.81197
vt 0.22819 0.80281
vt 0.225186 0.79659
vt 0.046694 0.857098
vt 0.04135 0.858531
vt 0.046924 0.842411
vt 0.046694 0.857098
vt 0.072214 0.526039
vt 0.034946 0.507787
vt 0.069963 0.512949
vt 0.042373 0.498914
vt 0.041724 0.552258
vt 0.003643 0.544194
vt 0.079995 0.571282
vt 0.025294 0.503294
vt 0.041724 0.552258
vt 0.017252 0.56213
vt 0.003643 0.544194
vt 0.040519 0.569357
vt 0.017252 0.56213
vt 0.041724 0.552258
vt 0.040519 0.569357
vt 0.019334 0.579845
vt 0.079995 0.571282
vt 0.040519 0.569357
vt 0.041724 0.552258
vt 0.078838 0.588296
vt 0.078838 0.588296
vt 0.042624 0.585317
vt 0.040519 0.569357
vt 0.081507 0.603557
vt 0.042624 0.585317
vt 0.019334 0.579845
vt 0.040519 0.569357
vt 0.025294 0.503294
vt 0.003643 0.544194
vt 0.042236 0.457326
vt 0.019935 0.49999
vt 0.069963 0.512949
vt 0.042373 0.498914
vt 0.08703 0.466652
vt 0.05945 0.452585
vt 0.042373 0.498914
vt 0.034946 0.507787
vt 0.05945 0.452585
vt 0.051881 0.461844
vt 0.034946 0.507787
vt 0.025294 0.503294
vt 0.051881 0.461844
vt 0.042236 0.457326
vn -0.2943968 0.282628 0.9129359
vn -0.2953323 0.2854952 0.9117408
vn -0.2953323 0.2854952 0.9117408
vn -0.2962647 0.2883594 0.9105362
vn 0.001871786 0.9999982 -0.0003283036
vn 0.02967242 0.9994186 -0.01679308
vn 0.1087564 0.9722869 0.2069546
vn -0.04313992 0.9562657 0.2893006
vn 0.3625393 0.9194613 0.1521719
vn 0 1 0
vn 0.1711616 0.9830566 0.06559923
vn 0 1 0
vn 0 1 0
vn 0 1 0
vn 0.6738582 0.7006971 0.2343905
vn 0.2927198 0.7828965 0.5489883
vn -0.1270474 0.694214 0.7084672
vn 0.04549972 0.9984697 0.03143435
vn 0.02798066 0.9991277 0.03100094
vn 0.8198953 0.4460305 0.3589268
vn 0.8035112 0.4521722 0.3871823
vn 0.7862201 0.4578201 0.4150405
vn 0.8198929 0.4460341 0.3589279
vn 0.7680779 0.4629577 0.4424099
vn 0.7680769 0.462959 0.4424103
vn 0.03190396 -0.9937417 0.107049
vn -0.09128703 -0.9505823 0.2967491
vn -0.04644731 -0.9716784 0.2316978
vn 0.06145235 -0.9921179 0.1092051
vn 0.08070568 -0.9896793 0.118412
vn -0.1513153 -0.8651974 0.4780556
vn 0.8641025 0.3801523 0.3298653
vn 0.8313007 0.4416209 0.3375058
vn 0.7129354 0.6530239 0.2555053
vn 0.6022495 0.7715251 0.2050475
vn 0.7129354 0.6530239 0.2555053
vn 0.3173517 0.9469795 0.05017721
vn 0.6033021 0.7672886 0.2174734
vn 0.1829276 0.982637 -0.03101747
vn 0.1203437 0.9912276 -0.05463827
vn 0.01539729 0.9885439 -0.1501455
vn 0.008883867 0.9846119 -0.1745292
vn 0.02233434 0.968609 -0.2475842
vn -0.2518832 0.2199937 0.9424212
vn -0.2518832 0.2199937 0.9424212
vn -0.266518 0.2519276 0.9303228
vn -0.2369006 0.1877561 0.9532186
vn -0.2554247 0.2792064 0.9256361
vn -0.238877 0.2239877 0.9448636
vn -0.2284562 0.2770725 0.9332945
vn -0.260655 0.2287998 0.9379284
vn -0.308822 0.3006688 0.9023455
vn -0.2967339 0.3075066 0.9040955
vn -0.2622178 0.4515666 0.8528361
vn -0.3063755 0.4854381 0.8188309
vn -0.4197484 0.2639629 0.8684094
vn 0.8406658 0.3677804 0.3975157
vn 0.7432075 0.5935352 0.3088018
vn 0.8309234 0.4218957 0.3627262
vn 0.8432037 0.3157533 0.4350949
vn 0.7943199 0.4537559 0.4039328
vn 0.8268363 0.3350936 0.4517234
vn 0.7447998 0.555773 0.3693097
vn 0.5833729 0.78341 0.2143478
vn 0.657262 0.5638832 0.5000424
vn 0.158087 0.9811175 0.1114308
vn -0.02953657 0.5853518 0.8102413
vn -0.1894017 0.835732 0.5154406
vn 0.158087 0.9811175 0.1114308
vn -0.02161116 0.9913064 0.1297873
vn 0.07188957 0.9861996 -0.1491383
vn 0.06270763 0.9860686 -0.1540661
vn 0.08648321 0.9839496 -0.1560893
vn 0.4012488 0.9126683 0.07769134
vn -0.3410566 0.2491723 0.906418
vn -0.342718 0.2569242 0.9036229
vn -0.342718 0.2569242 0.9036229
vn -0.3443552 0.264658 0.9007639
vn 0.003489502 0.9999892 -0.003097492
vn 0.001926194 0.9999964 -0.001845536
vn 0.0002977744 0.9999887 -0.004765687
vn 0.002382153 0.9999963 -0.001299846
vn 0.003994762 0.9999787 -0.005183459
vn 0.003404404 0.9999826 -0.004835045
vn -0.002314562 0.9999782 -0.006196165
vn 0.002278986 0.9999967 0.001279872
vn -0.08955678 0.9713415 0.2201713
vn -0.0002037285 0.9999996 0.0007966517
vn 0 1 0
vn -0.1135074 0.9934596 0.01241257
vn -0.1655362 0.9856946 -0.03168344
vn -0.2164676 0.9733772 -0.07535609
vn -0.1544213 0.9793326 -0.1306207
vn -0.1544219 0.9793324 -0.1306207
vn -0.3246666 0.4993426 0.8032736
vn -0.2503372 0.7485235 0.6140391
vn -0.3191054 0.4946877 0.8083662
vn -0.199185 0.8577356 0.4739355
vn -0.1908807 0.8611533 0.4711471
vn -0.1854839 0.865712 0.4649069
vn -0.002022007 0.9999865 0.004789806
vn -0.02300129 0.999706 -0.007665817
vn -0.129835 0.9409435 0.312679
vn -0.005809782 0.9996239 -0.02680137
vn -0.01668651 0.9981008 -0.05929811
vn 0.0430163 0.9947472 -0.09288462
vn 0.004408702 0.9994906 -0.03160736
vn 0.004894164 0.9992068 -0.03951878
vn 0.01261434 0.9968711 -0.07803204
vn -0.9652008 -0.02575539 -0.2602389
vn -0.9710669 -0.01246998 -0.2384818
vn -0.9699932 -0.013931 -0.2427327
vn -0.9585551 -0.0387977 -0.282253
vn -0.923293 -0.09205646 -0.3729017
vn -0.8594767 -0.1545791 -0.4872423
vn -0.3028747 0.03345215 0.9524431
vn -0.3028747 0.03345215 0.9524431
vn -0.3151395 0.02590535 0.9486917
vn -0.2905428 0.04099154 0.9559835
vn 0.9480861 -0.03601892 0.3159672
vn 0.956175 -0.03062236 0.2911903
vn 0.956175 -0.03062236 0.2911903
vn 0.9635863 -0.02520409 0.2662069
vn -0.7408735 -0.2335588 -0.6297275
vn -0.8594767 -0.1545791 -0.4872423
vn -0.7800601 -0.2128221 -0.5883988
vn -0.7425638 -0.2325388 -0.6281119
vn -0.923293 -0.09205646 -0.3729017
vn 0.8330988 0.440429 0.3346174
vn 0.8669074 0.3766098 0.3265528
vn 0.8669074 0.3766098 0.3265528
vn 0.8961378 0.3108018 0.3167637
vn 0.003994762 0.9999787 -0.005183459
vn 0.0002977744 0.9999887 -0.004765687
vn -0.006267414 0.9999434 -0.008603444
vn -0.2685655 0.4559806 0.8485011
vn -0.2511002 0.4325307 0.8659479
vn -0.1968336 0.5481046 0.8129193
vn -0.1899776 0.5343845 0.8236151
vn -0.1624686 0.6138826 0.7724974
vn 0.3320994 0.5773135 0.7459351
vn -0.1899776 0.5343845 0.8236151
vn 0.08919952 0.6051669 0.7910857
vn -0.1074672 0.5780236 0.8089126
vn -0.1662823 0.5585246 0.8126503
vn -0.1287643 0.5312894 0.8373478
vn -0.1526362 0.5089106 0.847179
vn -0.2060121 0.4734341 0.856399
vn -0.2174871 0.4725519 0.8540457
vn -0.201036 0.4857397 0.8506712
vn -0.2224526 0.4953769 0.8397122
vn -0.009973623 0.7546473 0.656055
vn -0.2302841 0.5167871 0.8245606
vn 0.08284695 0.8014209 0.5923351
vn -0.2153876 0.5217283 0.8254741
vn 0.1423645 0.7625315 0.6310927
vn 0.4269401 0.858973 0.2826438
vn 0.3358292 0.9175815 0.2127512
vn -0.01458417 0.8378995 0.5456297
vn 0.08673552 0.9962221 -0.00428133
vn 0.5723979 0.7495857 0.3323881
vn 0.2417254 0.7249773 0.6449626
vn -0.2197105 0.5373001 0.8142701
vn -0.03899029 0.6711524 0.7402933
vn -0.2048386 0.5214678 0.8283191
vn -0.2186433 0.5625476 0.7973302
vn -0.2306037 0.6520938 0.7222158
vn -0.2392344 0.7019872 0.6708061
vn -0.2509907 0.6553172 0.7124346
vn -0.2620946 0.5848818 0.7676066
vn -0.3012219 0.5254482 0.7957195
vn 0.7539824 0.5378374 0.3771489
vn 0.5197042 0.5769545 0.6301039
vn 0.750286 0.5181765 0.4105655
vn 0.7619939 0.4293345 0.4848062
vn 0.7716736 0.3639312 0.5216071
vn 0.1982778 0.6185598 0.7603089
vn -0.1497468 0.6066583 0.7807314
vn -0.1624686 0.6138826 0.7724974
vn -0.6466883 0.4786004 -0.5939158
vn -0.4945759 0.7110912 -0.4997441
vn -0.3454692 0.8545452 -0.3878188
vn -0.6925555 0.327765 -0.6426018
vn -0.7151825 0.2617022 -0.6480941
vn -0.7146334 0.2186174 -0.6644588
vn -0.1623306 0.9492558 -0.2693737
vn -0.09971829 0.9755877 -0.1956654
vn 0.08673552 0.9962221 -0.00428133
vn 0.2051786 0.9719544 0.1149193
vn 0.5723979 0.7495857 0.3323881
vn 0.7583814 0.5829552 0.2915831
vn 0.6338 0.7145366 0.2962011
vn 0.7233196 0.6371146 0.2662585
vn 0.8628051 0.4192686 0.2824556
vn 0.8830867 0.3619859 0.2985363
vn 0.8891341 0.3247588 0.3224471
vn 0.8370559 0.4300965 0.3381633
vn -0.6311996 0.1094553 -0.7678584
vn -0.4505267 0.5240964 -0.7227369
vn -0.5135159 0.4126413 -0.7523487
vn -0.4172499 0.6085165 -0.674989
vn -0.4002519 0.6392973 -0.65658
vn -0.6774252 -0.0777164 -0.7314747
vn -0.4172499 0.6085165 -0.674989
vn -0.1650732 0.8407009 -0.5157256
vn 0.1138115 0.9381514 -0.3269846
vn -0.004542062 0.928967 -0.3701347
vn 0.4105719 0.9075677 -0.08804229
vn 0.1138115 0.9381514 -0.3269846
vn 0.4165962 0.8989477 -0.1354283
vn 0.582389 0.8050298 0.1129161
vn 0.6433852 0.7265728 0.2411375
vn 0.70904 0.601703 0.367717
vn 0.6876304 0.6407161 0.3415368
vn -0.3186972 0.4810447 0.8167179
vn -0.2985566 0.5425223 0.7851965
vn -0.2982511 0.5465087 0.7825437
vn -0.3301522 0.5235402 0.7854331
vn -0.3425167 0.5192106 0.7830086
vn -0.3341464 0.5223916 0.7845083
vn -0.3435854 0.4547557 0.8216729
vn -0.3318136 0.4567538 0.8253943
vn -0.3232205 0.4799733 0.8155698
vn -0.3232563 0.4750288 0.8184455
vn -0.3234639 0.4744998 0.8186703
vn -0.6886694 -0.3738025 -0.621294
vn -0.6311996 0.1094553 -0.7678584
vn -0.6774252 -0.0777164 -0.7314747
vn -0.358949 0.4061355 0.8403628
vn -0.388063 0.4308874 0.8147043
vn -0.3923168 0.4829174 0.7828654
vn -0.4008509 0.4851427 0.7771455
vn -0.3665195 0.4778834 0.798305
vn -0.3737098 0.3841166 0.8442721
vn -0.4173635 0.4499977 0.7894997
vn -0.4319371 0.3557187 0.828791
vn -0.3962236 0.4590282 0.7951729
vn -0.3708719 0.3792678 0.8477086
vn -0.3843012 0.454856 0.8033795
vn -0.3545314 0.3736382 0.8571476
vn -0.3776731 0.443959 0.8125661
vn -0.436538 0.3315723 0.8363578
vn -0.4679981 0.4114631 0.782097
vn -0.4943582 0.3136336 0.8107058
vn -0.3890176 0.4441056 0.8071156
vn -0.3668889 0.3628871 0.8565661
vn -0.4091217 0.4340051 0.8026575
vn -0.4023857 0.3432453 0.8486863
vn -0.4041074 0.4354017 0.8044393
vn -0.39731 0.3416667 0.8517092
vn -0.3919142 0.4348325 0.8107553
vn -0.3624591 0.3469684 0.8650065
vn -0.3873872 0.4268688 0.8171378
vn -0.3867925 0.3293779 0.8613372
vn -0.418651 0.4138331 0.8083771
vn -0.4296704 0.3125285 0.8471773
vn -0.4097223 0.4182121 0.810695
vn -0.3906605 0.3221876 0.8623106
vn -0.361864 0.4129822 0.8357632
vn -0.3863516 0.310037 0.8686826
vn -0.4487857 0.3857504 0.8060942
vn -0.4904429 0.2829103 0.8242739
vn -0.4426252 0.3977488 0.8036659
vn -0.4219682 0.3089463 0.8523467
vn -0.3881297 0.4080577 0.8263439
vn -0.3507727 0.3184392 0.880656
vn -0.3939625 0.399914 0.8275641
vn -0.3791234 0.2696401 0.8851891
vn -0.2828129 0.3016567 0.9105054
vn -0.3427872 0.3154339 0.8848719
vn -0.3718822 0.3570976 0.8568459
vn -0.4633385 0.2540724 0.8489786
vn -0.3287114 0.302343 0.8947276
vn -0.3617216 0.3262664 0.8733314
vn -0.3741332 0.3612508 0.8541207
vn 0.06117025 0.4324457 0.8995826
vn -0.1543547 0.5123382 0.8447983
vn 0.3360585 0.5666655 0.7522998
vn -0.4501287 0.278338 0.8484764
vn -0.6084315 0.2373301 0.7572883
vn -0.6527258 0.3024642 0.6945966
vn -0.3195408 0.4272127 0.8458031
vn -0.7420999 0.3601995 0.5652822
vn -0.3915156 0.290123 0.8732377
vn -0.3316422 0.3472323 0.8771791
vn -0.3257363 0.3902696 0.8611535
vn -0.00440189 0.4497488 0.8931442
vn -0.3236045 0.437794 0.8388186
vn -0.6189919 0.2349263 0.7494389
vn -0.4066345 0.2962281 0.8642321
vn -0.3251233 0.3196886 0.8899966
vn -0.4048103 0.3331175 0.851564
vn -0.3193125 0.3863779 0.8653044
vn 0.07227996 0.465597 0.8820402
vn -0.3205625 0.4570585 0.829661
vn -0.6102552 0.2036121 0.7655917
vn -0.372992 0.3194425 0.8711104
vn -0.381143 0.3101931 0.8709249
vn 0.3360585 0.5666655 0.7522998
vn 0.4981194 0.6563019 0.5666966
vn 0.2304821 0.5466194 0.8050374
vn -0.8086649 0.1184455 0.5762221
vn -0.6024165 0.2791679 0.7477698
vn -0.8252435 0.1561787 0.5427535
vn -0.4633385 0.2540724 0.8489786
vn 0.1425125 0.4327825 0.8901626
vn 0.1440522 0.4756997 0.867732
vn -0.1006893 0.4354658 0.8945564
vn -0.2828129 0.3016567 0.9105054
vn -0.5323706 0.2067378 0.8208781
vn -0.3492285 0.2999425 0.8877353
vn -0.3599393 0.3124464 0.8791024
vn -0.2608559 0.2510026 0.9321759
vn -0.628015 0.1643595 0.7606465
vn -0.3904756 0.2813951 0.8765532
vn -0.5113781 0.2454703 0.8235513
vn -0.2415174 0.2347436 0.9415757
vn -0.3495414 0.2753096 0.8955587
vn -0.3764528 0.1987294 0.9048701
vn -0.9727812 -0.04845039 0.2266036
vn -0.628015 0.1643595 0.7606465
vn -0.7889228 0.1766277 0.5885605
vn -0.8919296 0.08614095 0.4438936
vn -0.9828215 0.01946703 0.1835292
vn 0.1764924 0.2791761 0.9438809
vn -0.1367384 0.3389515 0.9308138
vn -0.2415174 0.2347436 0.9415757
vn 0.1456621 0.435196 0.8884745
vn -0.8495453 0.08253155 0.5210195
vn -0.629252 0.2578138 0.7331944
vn -0.874793 0.1425454 0.4630528
vn -0.5323706 0.2067378 0.8208781
vn 0.2487086 0.3290194 0.910983
vn 0.1876436 0.463104 0.8662128
vn -0.04363104 0.3820309 0.9231191
vn -0.2608559 0.2510026 0.9321759
vn 0.9162121 0.2152204 0.3379875
vn 0.8033364 0.1886714 0.5648483
vn 0.9094947 0.2422701 0.3378233
vn 0.708873 0.2214748 0.6696626
vn 0.1792101 0.04198579 0.9829145
vn 0.03230462 0.07549012 0.9966232
vn 0.8860243 0.3326185 0.3229951
vn 0.677011 0.3535402 0.6454962
vn -0.001193341 0.2245396 0.9744642
vn 0.8512064 0.4431663 0.2811609
vn 0.6302483 0.5095001 0.58583
vn -0.05017858 0.3993942 0.915405
vn 0.8197225 0.5282001 0.2214943
vn 0.5949982 0.6218322 0.5092168
vn -0.08641217 0.5319263 0.84237
vn -0.7032866 0.05561594 0.7087277
vn -0.6797373 -0.03571026 0.7325857
vn -0.8830563 -0.1759857 0.4350181
vn -0.8816429 -0.1965659 0.4290312
vn -0.6631718 -0.1144974 0.7396577
vn -0.8804992 -0.2069226 0.4265023
vn -0.5498745 -0.1292914 0.8251799
vn -0.8858581 -0.1505717 0.4388434
vn -0.7152307 0.1211507 0.6883078
vn -0.8775623 -0.1354297 0.4599382
vn -0.6965248 0.1367023 0.7043903
vn -0.8658992 -0.1283167 0.4834806
vn -0.07411205 0.566256 0.8208908
vn 0.6011972 0.6465624 0.4695944
vn 0.8255137 0.5362568 0.1759428
vn -0.6998928 0.1240046 0.703401
vn -0.880995 -0.1285935 0.4553146
vn -0.6844751 0.1001438 0.7221254
vn -0.8557114 -0.1282401 0.5013108
vn -0.575468 0.07334661 0.8145285
vn -0.8003877 -0.1007377 0.5909581
vn 0.04109496 0.3907985 0.9195585
vn -0.07002009 0.4876449 0.8702296
vn 0.6417447 0.5182458 0.5653185
vn 0.6018496 0.6026676 0.5239932
vn 0.8362454 0.486389 0.2532179
vn 0.8286851 0.5200863 0.2068602
vn -0.5747647 0.05535014 0.8164448
vn -0.8317951 -0.09264266 0.5472971
vn 0.1279203 0.3181861 0.9393582
vn 0.7374774 0.4109928 0.5359216
vn 0.8966067 0.3894216 0.2108254
vn -0.6815454 0.01463259 0.7316296
vn -0.8280819 -0.07712684 0.5552763
vn 0.001639779 0.2754563 0.9613122
vn 0.679119 0.3858402 0.6244395
vn 0.9258546 0.3377941 0.1693767
vn -0.07235578 0.5393752 0.8389512
vn 0.6031768 0.630523 0.4884859
vn 0.8322368 0.5241691 0.1806341
vn 0.09261165 0.8550242 0.5102516
vn 0.2255982 0.9133171 0.3390535
vn -0.04556464 0.8710723 0.4890367
vn 0.3076892 0.9062888 0.2897725
vn 0.4223848 0.8413719 0.3371712
vn 0.3081742 0.8465103 0.4341072
vn 0.6112711 0.7805352 0.1308141
vn 0.5620724 0.8259885 -0.04263374
vn 0.5951232 0.7545595 0.2765291
vn 0.4484057 0.8212824 0.3527427
vn 0.2400524 0.9074084 0.3449416
vn 0.4077725 0.8563724 0.3167771
vn -0.1836755 0.9702734 0.1575842
vn 0.6062149 0.7489747 0.2674702
vn 0.6759309 0.6924119 0.2523554
vn 0.2792669 0.9201643 0.2744223
vn 0.5300642 0.8479424 -0.005053994
vn 0.3557399 0.8769289 0.3231792
vn -0.02095531 0.85258 0.5221764
vn 0.04559346 0.8864205 0.4606299
vn 0.2399271 0.9527601 0.1862343
vn -0.1963469 0.9313893 0.306532
vn -0.003192254 0.9986411 0.05201828
vn -0.01885153 0.8413901 0.5400994
vn 0.3723703 0.918572 -0.1325356
vn 0.2463999 0.9379185 -0.2441228
vn 0.5650221 0.8243093 0.03555775
vn -0.2092387 0.9751397 -0.07294989
vn 0.1457993 0.9228925 -0.3563875
vn -0.3329454 0.8812908 -0.3353711
vn -0.4413398 0.8659751 0.2351732
vn -0.6359447 0.770393 0.04548492
vn -0.3696177 0.8993924 -0.2334013
vn -0.2213538 0.9114007 -0.3469167
vn 0.1457993 0.9228925 -0.3563875
vn 0.1069577 0.7981013 -0.592954
vn -0.6359447 0.770393 0.04548492
vn -0.4540506 0.8294323 -0.3253923
vn -0.7162697 0.6552048 -0.2401343
vn -0.7162697 0.6552048 -0.2401343
vn -0.3329454 0.8812908 -0.3353711
vn -0.231494 0.7634627 -0.6029388
vn -0.2771333 0.8553205 -0.4377488
vn 0.1069577 0.7981013 -0.592954
vn -0.231494 0.7634627 -0.6029388
vn 0.1432302 0.7240151 -0.6747497
vn 0.06560155 0.7359005 0.6739044
vn -0.1223753 0.6872657 0.7160239
vn 0.2626059 0.7053109 0.6584638
vn 0.3289703 0.6219782 0.7105784
vn 0.004945776 0.7770579 0.6294097
vn 0.2616093 0.7949376 0.547389
vn -0.101024 0.8447201 0.5255874
vn 0.2907752 0.8164011 0.4989381
vn 0.5217372 0.6961377 0.4931353
vn 0.540077 0.7269621 0.4240789
vn 0.5747706 0.6504927 0.4964857
vn 0.5532442 0.5448454 0.6301305
vn 0.4051211 0.8322026 0.3785706
vn -0.007452055 0.8850335 0.4654675
vn -0.1779828 0.8589805 0.4800777
vn 0.2074529 0.6524465 0.7288874
vn 0.6287944 0.5571038 0.5424509
vn 0.4822454 0.6084127 0.6302963
vn 0.6204673 0.6072822 0.4962144
vn -0.06902493 0.641664 0.7638737
vn -0.1223753 0.6872657 0.7160239
vn -0.3661365 0.5726404 0.7335033
vn 0.118858 0.6235276 0.7727134
vn 0.2074529 0.6524465 0.7288874
vn 0.118858 0.6235276 0.7727134
vn 0.6204673 0.6072822 0.4962144
vn -0.4498306 0.7747991 0.4442284
vn -0.4979989 0.5921721 0.6335055
vn -0.07060891 0.7780042 0.6242786
vn 0.06117845 0.6261255 0.7773185
vn -0.2929754 0.9017249 0.3178955
vn 0.04208981 0.8772874 0.4781164
vn -0.3427516 0.9261069 0.1576304
vn 0.15236 0.9311319 0.3313306
vn 0.3627959 0.6747599 0.6427116
vn 0.3756623 0.6855203 0.6236504
vn 0.2010517 0.884294 0.4214289
vn 0.3331071 0.6267189 0.7044593
vn -0.102408 0.9309787 -0.3504156
vn 0.4135107 0.5784498 0.7031391
vn 0.2245294 0.5840062 0.780079
vn 0.4187501 0.6136872 0.6693552
vn -0.09025312 0.6840047 0.7238729
vn 0.3750618 0.6617836 0.6491309
vn 0.5245407 0.7994242 0.2928787
vn 0.4685489 0.6602668 0.5869495
vn -0.1190569 0.9742615 0.1914153
vn 0.4333359 0.7234379 0.5374547
vn 0.3756623 0.6855203 0.6236504
vn -0.1296229 0.7779727 -0.6147816
vn 0.4856751 0.8225238 -0.2959294
vn 0.1254727 0.6464867 -0.7525368
vn -0.3888783 0.8355874 -0.3880298
vn -0.1700212 0.9823842 -0.07755121
vn -0.2110106 0.8472872 -0.4874205
vn -0.2224872 0.5120314 -0.8296525
vn -0.2224872 0.5120314 -0.8296525
vn -0.1296229 0.7779727 -0.6147816
vn 0.01124824 0.5428228 -0.8397719
vn -0.2199492 0.4066546 -0.8867099
vn 0.1652038 0.4666005 -0.8689026
vn -0.5949624 0.5905601 0.5452142
vn -0.6419104 0.6564111 0.3963275
vn -0.6773143 0.6087539 0.4131149
vn 0.4824592 0.7371642 -0.4730982
vn 0.5129763 0.8553318 0.07254644
vn 0.4922979 0.6540153 -0.5743752
vn 0.1254727 0.6464867 -0.7525368
vn 0.4922979 0.6540153 -0.5743752
vn 0.1652038 0.4666005 -0.8689026
vn 0.2990377 0.4578089 -0.8372499
vn -0.5815453 0.7824797 0.2225547
vn -0.3275768 0.8751514 0.3560947
vn -0.4559048 0.8900135 0.005163229
vn -0.2000554 0.8910291 0.4074861
vn -0.400708 0.916113 -0.01304052
vn -0.1752896 0.9197924 0.3510776
vn -0.3828615 0.9231612 -0.03450195
vn -0.2973634 0.9492741 0.1022435
vn -0.2754738 0.9389041 -0.2063328
vn -0.05923712 0.9968743 0.05227413
vn -0.441363 0.7824456 0.439292
vn -0.5240382 0.7705014 0.3629206
vn 0.09809747 0.7122294 0.6950584
vn -0.0185319 0.7001844 0.7137215
vn -0.2672755 0.8750969 0.4034467
vn 0.1316562 0.6900823 0.7116552
vn -0.07844349 0.8116887 0.5787988
vn -0.07844349 0.8116887 0.5787988
vn -0.164781 0.815772 0.5544035
vn -0.6026585 0.7155731 0.3532105
vn -0.1024359 0.5901652 0.800757
vn -0.08418778 0.5836537 0.8076267
vn 0.01901887 0.6827808 0.7303757
vn -0.0185319 0.7001844 0.7137215
vn -0.07396431 0.8296499 0.5533628
vn -0.08418778 0.5836537 0.8076267
vn 0.1698017 0.8237258 0.5409651
vn 0.3575935 0.8837618 0.3018143
vn 0.1316562 0.6900823 0.7116552
vn 0.1585489 0.7592344 0.6312095
vn 0.3862265 0.6773881 0.6260786
vn 0.3777415 0.6500345 0.6593682
vn -0.0350969 0.8284112 0.5590198
vn 0.1885045 0.7335846 0.6529316
vn 0.3061133 0.933615 -0.1861657
vn 0.1698017 0.8237258 0.5409651
vn 0.4177058 0.8731486 0.2512637
vn 0.5346246 0.7789603 -0.3277152
vn 0.5925007 0.7892252 0.1614507
vn 0.6846634 0.7190611 0.1191099
vn 0.5346246 0.7789603 -0.3277152
vn 0.7002193 0.6297213 -0.3363689
vn 0.7828679 0.6010322 -0.1608667
vn 0.3836011 0.5588178 -0.7352366
vn 0.5268493 0.7041924 -0.4759652
vn 0.328478 0.6658106 -0.669924
vn 0.3125371 0.8845401 -0.3462791
vn 0.05232992 0.8557705 -0.5147023
vn -0.1464741 0.9189678 -0.3661196
vn -0.2754738 0.9389041 -0.2063328
vn -0.4235787 0.8051213 0.4151635
vn -0.6026585 0.7155731 0.3532105
vn -0.3682619 0.7687211 0.5229256
vn -0.164781 0.815772 0.5544035
vn -0.3682619 0.7687211 0.5229256
vn 0.1885045 0.7335846 0.6529316
vn -0.6357283 0.7636186 0.1128546
vn -0.3921718 0.8953234 0.2111807
vn -0.4251379 0.9015951 -0.07990035
vn -0.3629215 0.8922794 0.2685617
vn -0.4455918 0.8103268 0.3805502
vn -0.1459764 0.8587368 0.4911844
vn -0.3804736 0.8061808 0.4531141
vn -0.5341343 0.7150408 0.4510179
vn -0.171353 0.8655465 0.4706034
vn 0.06393468 0.758111 0.648984
vn -0.3866913 0.6761315 0.627149
vn -0.4131836 0.9081004 -0.06806668
vn -0.3110638 0.8930274 0.325179
vn -0.5237124 0.8506342 -0.04633449
vn -0.3680169 0.8810878 0.2970653
vn -0.1370289 0.7449906 0.6528491
vn -0.3027939 0.6739439 0.6738809
vn -0.5059322 0.8552361 -0.1122664
vn -0.4338348 0.8823726 0.1822249
vn -0.3963708 0.9036375 -0.1622636
vn -0.3678691 0.8815605 0.2958434
vn -0.4160951 0.8028837 0.4268988
vn -0.3804736 0.8061808 0.4531141
vn -0.6648358 0.725219 0.1790274
vn -0.450636 0.7660548 0.4583529
vn -0.6403129 0.7181823 0.2724216
vn -0.8180658 0.5741746 0.03304282
vn -0.8426902 0.4826644 0.2385545
vn -0.3743 0.8027259 0.4642527
vn -0.2542507 0.7682653 0.5874734
vn 0.06393468 0.758111 0.648984
vn -0.3153658 0.8007165 0.5093109
vn 0.06642711 0.7588456 0.6478741
vn -0.3963708 0.9036375 -0.1622636
vn -0.3043994 0.9523905 -0.01712522
vn -0.04685748 0.9382389 -0.3428007
vn -0.04685748 0.9382389 -0.3428007
vn -0.2538347 0.9368085 -0.2407439
vn 0.05605487 0.9086381 -0.413805
vn 0.169404 0.8646451 -0.4729601
vn 0.2888674 0.9347307 -0.2069645
vn 0.4036934 0.7179792 -0.5670428
vn 0.5694926 0.770945 -0.28517
vn 0.5559787 0.5714183 -0.6036297
vn -0.4415374 0.6932334 0.5696245
vn -0.2657316 0.609117 0.747237
vn -0.1052692 0.7159712 0.6901475
vn -0.3027939 0.6739439 0.6738809
vn 0.05726166 0.8336443 0.5493254
vn 0.1792282 0.8819367 0.4359643
vn 0.2468792 0.9672824 -0.05844136
vn 0.05726166 0.8336443 0.5493254
vn 0.2271146 0.8800413 0.4170686
vn 0.4936886 0.8696283 -0.004279609
vn 0.4178713 0.81793 0.3954416
vn 0.6035184 0.7372124 0.3037822
vn 0.5559787 0.5714183 -0.6036297
vn 0.5956602 0.6836361 -0.4216996
vn 0.7570334 0.6364971 -0.1475529
vn 0.5261881 0.8397999 -0.1336491
vn 0.6035184 0.7372124 0.3037822
vn 0.8013713 0.5981537 -0.004006469
vn -0.752571 0.6350271 0.1742914
vn -0.8180658 0.5741746 0.03304282
vn -0.8426902 0.4826644 0.2385545
vn -0.3262061 0.8117288 0.4844439
vn -0.3743 0.8027259 0.4642527
vn 0.06642711 0.7588456 0.6478741
vn 0.006118527 0.9969362 0.07797908
vn -0.170888 0.9811006 0.09076849
vn 0.1588309 0.9691532 0.1884542
vn 0.1088563 0.9610121 0.2541772
vn -0.01323025 0.9994967 0.02883187
vn 0.1857959 0.9779121 0.09574889
vn -0.04068324 0.9802303 -0.193632
vn 0.2287591 0.9682975 -0.1003457
vn 0.3624015 0.9189968 0.1552737
vn 0.3711934 0.9221405 -0.1089605
vn 0.4012745 0.8736594 0.2751329
vn 0.4215567 0.8374199 0.3478763
vn 0.2367575 0.9183579 0.3171195
vn 0.3487667 0.8221604 -0.4499045
vn 0.1313347 0.8816053 -0.4533468
vn 0.02468184 0.7515628 -0.6591995
vn -0.1233907 0.9822327 0.1413989
vn -0.3053022 0.949097 0.07749526
vn 0.01905683 0.9821962 0.1868889
vn 0.6094048 0.7010649 0.3703158
vn 0.1932476 0.6444409 -0.739832
vn 0.08263267 0.5954461 -0.7991344
vn 0.2806549 0.6021354 -0.7474394
vn 0.1717982 0.9517022 0.254457
vn 0.5553811 0.7874812 0.2672546
vn 0.6002969 0.7212792 0.3455428
vn 0.6094048 0.7010649 0.3703158
vn 0.5157934 0.7594462 0.3964827
vn -0.01517026 0.4795647 0.8773754
vn -0.5075017 0.5022059 0.7001652
vn -0.2554248 0.5181186 0.8162789
vn -0.6613736 0.5164946 0.5438919
vn 0.4780292 0.300017 0.8255168
vn 0.6809139 0.2154166 0.6999658
vn -0.6490395 0.5684865 0.5055401
vn -0.8993888 0.4370232 0.01050834
vn 0.01457291 0.4785688 0.8779292
vn 0.5646676 0.1773407 0.8060402
vn -0.8326201 0.5354742 0.1414602
vn -0.9076666 0.3374556 -0.24953
vn -0.3348829 0.610318 0.7178896
vn 0.3383118 0.3455859 0.8752803
vn 0.5773034 0.1700385 0.7986286
vn 0.7916474 -0.1403613 0.594637
vn 0.8464199 -0.05766913 0.5293841
vn -0.8751968 0.4828821 0.02924741
vn -0.4405624 0.6653666 0.6026541
vn -0.8409669 0.5232272 0.1378693
vn -0.9320136 0.3484181 -0.09977742
vn 0.2615988 0.4761678 0.8395417
vn -0.3378852 0.6575778 0.6733683
vn 0.6186419 0.230908 0.7509751
vn 0.3705596 0.415161 0.8308591
vn -0.8255875 0.4980102 0.2653132
vn 0.7752921 0.1581914 0.6114716
vn -0.7702031 0.53131 0.3528409
vn -0.9269169 0.3578163 0.1131041
vn -0.7776647 0.4918141 0.3916076
vn -0.8976622 0.3373885 0.283499
vn -0.8533096 0.3217871 0.410263
vn -0.3378852 0.6575778 0.6733683
vn -0.263494 0.6449757 0.7173404
vn -0.5316456 0.4767763 0.7000267
vn -0.77441 0.315874 0.5481904
vn -0.4410079 0.3908533 0.8079268
vn -0.7472681 0.2213051 0.6265896
vn -0.5279308 0.2388731 0.8150023
vn -0.8463709 0.05940611 0.5292704
vn 0.2138293 0.4058854 0.8885573
vn 0.3167692 0.4962569 0.8083231
vn -0.4133135 0.4816699 0.7727653
vn 0.2276145 0.5577078 0.798219
vn -0.3092853 0.5881358 0.7472878
vn 0.8319151 0.3348916 0.4424535
vn 0.8892668 0.3169028 0.3298138
vn 0.349196 0.5134518 0.7838556
vn 0.8504416 0.3084527 0.4261525
vn 0.4475784 0.4716206 0.759768
vn -0.7593917 0.09054346 0.6443028
vn -0.9390293 -0.04149034 0.3413246
vn -0.0956675 0.3252831 0.9407649
vn 0.623769 0.3734236 0.6866345
vn 0.9400889 0.2607597 0.2196297
vn -0.1169202 0.6327608 0.7654695
vn -0.7005184 0.5514566 0.4529566
vn -0.6954582 0.5203273 0.495578
vn -0.2230719 0.570511 0.7904152
vn -0.1579969 0.6310974 0.7594426
vn -0.7702031 0.53131 0.3528409
vn -0.1169202 0.6327608 0.7654695
vn -0.8031424 0.552742 0.2223479
vn 0.6088376 0.3953509 0.6877605
vn -0.04144375 0.594907 0.8027254
vn 0.01096148 0.6113721 0.7912673
vn 0.6992005 0.4331922 0.5687382
vn 0.5549161 0.3467777 0.7561833
vn -0.1579969 0.6310974 0.7594426
vn 0.6088376 0.3953509 0.6877605
vn -0.1284078 0.6284311 0.7671934
vn 0.3705596 0.415161 0.8308591
vn -0.3378852 0.6575778 0.6733683
vn 0.4645284 0.4088151 0.7855466
vn 0.9781312 -0.174926 0.1125173
vn 0.6809139 0.2154166 0.6999658
vn 0.896356 -0.1023256 0.4313644
vn 0.4780292 0.300017 0.8255168
vn 0.5646676 0.1773407 0.8060402
vn 0.9208763 -0.3852365 -0.05982945
vn 0.9781312 -0.174926 0.1125173
vn 0.9263098 -0.1441107 0.3481125
vn 0.9502164 -0.2904345 -0.1128575
vn 0.896356 -0.1023256 0.4313644
vn 0.7916474 -0.1403613 0.594637
vn 0.7752921 0.1581914 0.6114716
vn 0.5549161 0.3467777 0.7561833
vn 0.8841667 0.118131 0.4519894
vn 0.5675021 0.3093094 0.7630656
vn 0.6450573 0.2639737 0.7170905
vn 0.7051526 0.3299157 0.6276268
vn 0.9761011 0.1114724 0.1865489
vn 0.9378718 0.0580889 0.3420853
vn 0.91019 0.2348645 0.341164
vn 0.8504416 0.3084527 0.4261525
vn 0.9910925 0.1328963 -0.008612118
vn 0.8892668 0.3169028 0.3298138
vn 0.9838513 0.1768792 0.02739152
vn 0.8319151 0.3348916 0.4424535
vn 0.9400889 0.2607597 0.2196297
vn 0.09594372 0.9948591 0.03240664
vn -0.01281485 0.9770483 0.2126327
vn 0.1831554 0.9829637 0.01537628
vn 0.2711211 0.9569469 0.1036626
vn 0.022851 0.9994267 0.02498066
vn 0.109488 0.9887176 -0.1022247
vn -0.1776327 0.9825257 -0.05558649
vn -0.01831433 0.9582168 -0.2854562
vn 0.2443688 0.9437521 -0.2227466
vn 0.08444916 0.9246519 -0.3713314
vn 0.3393408 0.9310453 -0.1341737
vn 0.3813498 0.9243739 -0.01025531
vn -0.255419 0.7916226 -0.5550629
vn -0.2511482 0.9115383 -0.325611
vn -0.3782052 0.9059585 -0.190263
vn 0.2707696 0.9530416 0.1356301
vn -0.1578847 0.9515857 0.2637371
vn 0.2342194 0.9634265 0.1301941
vn 0.5190598 0.8542416 -0.02912581
vn 0.592733 0.8047655 -0.0319398
vn -0.4349789 0.8053882 -0.4026702
vn -0.4322055 0.8660523 -0.2513
vn -0.693638 0.504965 -0.5136893
vn -0.007184408 0.9729456 0.2309227
vn -0.07363208 0.8992588 0.4311751
vn 0.1292516 0.9905222 0.04647233
vn 0.2356257 0.9691557 0.07223362
vn 0.05960333 0.9592767 0.2761081
vn 0.05386825 0.9984042 -0.01694692
vn -0.004187356 0.977551 0.2106572
vn -0.06579885 0.994541 -0.08098598
vn -0.08280526 0.9599 -0.2678344
vn -0.1111928 0.9674705 -0.2272376
vn 0.1681959 0.925206 -0.3401528
vn 0.3524015 0.8996037 -0.2579271
vn -0.05981038 0.9745461 -0.2160615
vn -0.01339366 0.9927412 0.1195215
vn -0.03889433 0.9865356 0.1588541
vn 0.1642816 0.9690396 0.1843201
vn -0.1785201 0.8698755 0.4598338
vn 0.5021452 0.8417239 -0.1983717
vn 0.006814486 0.9890496 0.1474268
vn -0.1396548 0.9873635 0.07489926
vn -0.1182647 0.9928694 0.01495746
vn -0.2809551 0.9538194 -0.1062676
vn -0.2359064 0.9674178 -0.09193028
vn -0.0575916 0.9980099 0.02568026
vn -0.09401549 0.9949943 -0.0338729
vn -0.4427914 0.8440443 -0.302531
vn 0.06294103 0.9652041 0.25381
vn 0.002246104 0.9765872 0.2151101
vn 0.4180945 0.903252 -0.0966069
vn 0.2444872 0.961499 0.1254815
vn 0.4180945 0.903252 -0.0966069
vn 0.5021452 0.8417239 -0.1983717
vn -0.9516882 0.2769146 0.1326949
vn -0.9516882 0.2769146 0.1326949
vn -0.9516882 0.2769146 0.1326949
vn -0.02238366 0.9054255 0.4239146
vn -0.01636211 0.7441617 0.6677989
vn 0.0669324 0.9513249 0.3008338
vn 0.229548 0.9190382 0.3204319
vn -0.1175466 0.8372864 0.5339798
vn -0.1346723 0.9437363 0.302035
vn -0.2034257 0.738802 0.642487
vn -0.2158568 0.9425085 0.2551149
vn -0.1912826 0.9809791 0.03303137
vn -0.2111575 0.973875 0.08354621
vn 0.08357479 0.9944042 -0.06461827
vn 0.2735533 0.9616955 -0.01762284
vn -0.184433 0.9780285 0.09718379
vn -0.09324155 0.8672926 0.4889885
vn -0.04252809 0.7610177 0.6473356
vn 0.1504188 0.8798354 0.450848
vn 0.4349471 0.9003704 0.01241733
vn -0.1062142 0.9301026 0.3516074
vn -0.2877097 0.8939394 0.3436501
vn -0.3246164 0.9378215 0.122943
vn 0.30871 0.914093 0.2629303
vn 0.3586519 0.9226221 0.1419062
vn 0.05994071 0.8487304 0.5254177
vn -0.01636211 0.7441617 0.6677989
vn -0.1695707 0.6678656 0.7247077
vn -0.02915768 0.8643939 0.5019691
vn 0.1504188 0.8798354 0.450848
vn -0.02915768 0.8643939 0.5019691
vn 0.3586519 0.9226221 0.1419062
vn -0.1773093 0.8956907 0.4077983
vn -0.385264 0.8665392 0.3173034
vn 0.01512517 0.9002542 0.435102
vn 0.05745208 0.8586385 0.5093517
vn -0.3332267 0.8172413 0.4701881
vn -0.02170516 0.9316403 0.362733
vn -0.4394287 0.7952464 0.4177147
vn 0.04429745 0.9751873 0.2169043
vn 0.2872841 0.9509587 0.1146533
vn 0.2406359 0.9651288 0.1030569
vn 0.4282801 0.848053 0.3120612
vn 0.4027023 0.7683936 0.4973953
vn 0.1976451 0.9802627 -0.004617926
vn -0.206426 0.9200882 0.3329054
vn -0.4165406 0.8253852 0.3810948
vn -0.07048427 0.8756169 0.4778357
vn -0.4401765 0.8705686 0.2198976
vn 0.3866894 0.6683568 0.6354294
vn -0.1447719 0.9402159 0.3082777
vn -0.1080738 0.9885013 0.1057606
vn -0.1668785 0.8988797 0.4051751
vn -0.1472062 0.9282948 0.3414659
vn 0.008846296 0.8471913 0.5312142
vn 0.2684509 0.7483193 0.6065907
vn -0.1472062 0.9282948 0.3414659
vn 0.2684509 0.7483193 0.6065907
vn -0.1458512 0.9867792 0.0706697
vn -0.4165406 0.8253852 0.3810948
vn 0.0413033 0.9962512 -0.07601167
vn 0.01905918 0.8793171 -0.4758551
vn -0.05235757 0.9079881 0.4157117
vn -0.2708915 0.7903895 0.5494564
vn 0.2537547 0.8906358 0.3773279
vn -0.1062445 0.8761466 0.4701907
vn 0.2290488 0.9419273 0.2455799
vn -0.327556 0.8789515 0.3466286
vn 0.1223966 0.9492121 0.2898543
vn 0.2253514 0.9708674 0.08144479
vn 0.5213721 0.8530434 -0.0220899
vn 0.3451689 0.935546 0.07491423
vn 0.6471133 0.7613844 0.03922017
vn 0.2253514 0.9708674 0.08144479
vn 0.4309343 0.9003566 -0.06044524
vn 0.3089359 0.9380152 -0.1571184
vn 0.008143118 0.9894446 0.144683
vn 0.03702793 0.9821615 -0.1843575
vn -0.1640668 0.814859 -0.5559559
vn 0.3469883 0.8845798 0.3116373
vn 0.3376886 0.9183207 0.2065272
vn 0.7164927 0.6719961 0.1872412
vn 0.7327377 0.6580397 0.1734335
vn 0.7605794 0.6214212 0.1880288
vn 0.6779663 0.6967115 0.2344246
vn 0.620903 0.737082 0.2668139
vn -0.1425515 0.864386 0.4821992
vn -0.2708915 0.7903895 0.5494564
vn -0.3088771 0.7111455 0.6315591
vn -0.1756762 0.8423926 0.5094237
vn -0.3756947 0.777887 0.5037312
vn 0.02063567 0.9178834 0.3963134
vn -0.08364914 0.9628758 0.2566574
vn -0.327556 0.8789515 0.3466286
vn 0.1347591 0.9880105 0.0753352
vn -0.3656839 0.859157 0.357945
vn -0.3062023 0.8912421 0.3345558
vn -0.428036 0.8219501 0.3757435
vn 0.1849402 0.8654825 0.4655502
vn 0.02063567 0.9178834 0.3963134
vn 0.620903 0.737082 0.2668139
vn -0.1825858 0.9829146 0.02326637
vn -0.3656839 0.859157 0.357945
vn -0.08577971 0.9958764 0.02952963
vn 0.09532333 0.992909 -0.07102957
vn 0.3945541 0.8699886 -0.2957144
vn 0.07078248 0.9827268 -0.1709909
vn 0.3389553 0.8030404 -0.4901381
vn 0.009456427 0.9899564 0.1410566
vn -0.1892512 0.9722891 0.1372509
vn 0.1824961 0.9538406 0.2385025
vn -0.3299219 0.9382078 0.1044872
vn -0.4767056 0.8781942 -0.0390733
vn -0.5860663 0.8072969 -0.06926656
vn -0.2448458 0.9530089 -0.1783944
vn 0.1657037 0.8474755 -0.504309
vn -0.5045078 0.8621672 0.04625784
vn -0.01621927 0.9995592 0.02486387
vn 0.2630854 0.9578646 0.115245
vn -0.09706962 0.9884752 0.1161647
vn 0.03591571 0.9720653 0.2319464
vn -0.3086403 0.8600346 0.4063025
vn 0.2655379 0.6922715 -0.6710065
vn 0.3488623 0.7394286 -0.5757955
vn 0.3533642 0.7386798 -0.5740085
vn 0.4854982 0.811954 -0.3240714
vn 0.6395376 0.6587541 -0.3962759
vn 0.5300539 0.6235386 -0.5746672
vn 0.3969665 0.7637112 -0.5090804
vn 0.347223 0.8177331 -0.4590737
vn 0.4178038 0.8962241 0.1490718
vn 0.4858225 0.8461239 -0.2192049
vn 0.4854982 0.811954 -0.3240714
vn 0.4608153 0.8045179 -0.3747002
vn 0.481246 0.7666487 -0.4250318
vn 0.4608153 0.8045179 -0.3747002
vn 0.5300539 0.6235386 -0.5746672
vn 0.3058218 0.6504781 -0.6952347
vn 0.4314995 0.5215331 -0.7360785
vn 0.2569755 0.166019 -0.9520511
vn 0.2216892 0.9731089 -0.06255262
vn 0.2205392 0.9752932 0.01286721
vn 0.09241389 0.9739793 -0.2069394
vn 0.147651 0.9420084 -0.3013628
vn 0.3532674 0.9351755 -0.02547674
vn 0.04298184 0.9751173 -0.2174833
vn 0.4384082 0.8948552 0.08385996
vn 0.1784322 0.9817829 -0.06530224
vn -0.232187 0.8583255 -0.4575658
vn -0.3529598 0.8153045 -0.4590185
vn -0.17047 0.9481401 -0.2682728
vn 0.01150696 0.8834847 -0.4683187
vn 0.4458133 0.8847166 0.1361145
vn 0.3604156 0.9234224 0.1318779
vn 0.07408639 0.9839251 0.1624886
vn 0.1397218 0.8398906 -0.5244632
vn 0.2267514 0.930251 -0.2884734
vn 0.3233501 0.7270505 -0.6056751
vn 0.4128865 0.883579 -0.2209364
vn 0.5459952 0.7409365 -0.3910271
vn 0.2129236 0.9695156 0.1212559
vn 0.3735721 0.9255123 0.06221769
vn 0.532398 0.8346363 -0.1411898
vn -0.4378157 0.7987715 -0.4126518
vn -0.4245771 0.7887751 -0.4444863
vn -0.4531043 0.840237 -0.2978228
vn -0.4240179 0.7633579 -0.4873331
vn -0.2217982 0.9702074 -0.09748422
vn 0.1100339 0.9826781 0.1491185
vn -0.02985044 0.9984934 -0.0460406
vn -0.02985044 0.9984934 -0.0460406
vn -0.4531043 0.840237 -0.2978228
vn -0.3953109 0.8960229 0.2021688
vn 0.2472813 0.9686156 0.02521364
vn 0.2871463 0.7666924 0.5742208
vn 0.3291098 0.9442591 0.007834701
vn 0.1392238 0.9897444 0.0319815
vn 0.001953771 0.9995565 -0.02971639
vn -0.1226511 0.8817906 0.4554141
vn -0.05150282 0.9948053 -0.08780649
vn 0.06185744 0.9656482 -0.2523832
vn 0.1363443 0.9516247 -0.2753553
vn 0.1805603 0.9610772 -0.209114
vn 0.327711 0.9374095 -0.1177671
vn -0.09539649 0.9468914 -0.3070768
vn -0.06307553 0.9908214 -0.1195589
vn -0.07856999 0.9612342 0.264302
vn -0.359801 0.9099887 -0.2060677
vn -0.6531919 0.7046593 -0.2771201
vn 0.2700148 0.9560665 0.1141435
vn 0.4375568 0.7768614 0.4528029
vn -0.2403461 0.8121552 0.5316368
vn -0.1929971 0.7776256 0.5983733
vn -0.2928191 0.8625936 0.4125399
vn 0.5327105 0.7326384 0.4236279
vn 0.6148419 0.7125643 0.337967
vn 0.2253512 0.6261799 0.7464017
vn 0.4488915 0.6968263 0.5594011
vn 0.3382896 0.7357129 0.5867596
vn 0.1805603 0.9610772 -0.209114
vn 0.3291098 0.9442591 0.007834701
vn 0.7241169 0.6686001 -0.1691996
vn 0.7241169 0.6686001 -0.1691996
vn 0.327711 0.9374095 -0.1177671
vn 0.7631725 0.614645 -0.1994478
vn 0.7806382 0.6031012 -0.16393
vn 0.6663167 0.7098304 0.2283916
vn 0.6373083 0.7490418 0.1810372
vn 0.742828 0.6633154 0.09066132
vn 0.849981 0.5211198 -0.07724325
vn 0.6594163 0.6996679 0.2750177
vn 0.6148419 0.7125643 0.337967
vn 0.7347055 0.6736015 0.08042943
vn 0.6609534 0.7339762 0.1562673
vn 0.4575292 0.7399726 0.4930593
vn 0.1333321 0.8086705 0.5729524
vn -0.4938526 0.8691863 -0.0249919
vn -0.2403461 0.8121552 0.5316368
vn -0.3055013 0.9506275 0.0545542
vn 0.167608 0.7043445 0.6897871
vn 0.2253512 0.6261799 0.7464017
vn -0.01631717 0.6372424 0.7704907
vn 0.1333321 0.8086705 0.5729524
vn -0.03121023 0.426937 -0.9037427
vn -0.1536093 0.3213474 -0.9344196
vn -0.1012795 0.5591782 -0.8228379
vn -0.2583728 0.3999704 -0.8793561
vn -0.46037 0.741439 -0.488188
vn -0.116624 0.8066174 -0.5794542
vn 0.2854797 0.6615365 -0.6934485
vn 0.1908361 0.7834401 -0.5914416
vn 0.05061395 0.8356715 -0.5468925
vn 0.3269762 0.9119322 -0.2479237
vn -0.3467256 0.6910449 -0.6342226
vn -0.2583728 0.3999704 -0.8793561
vn -0.1601592 0.2781701 -0.9470851
vn -0.4938067 0.7910588 -0.3610829
vn -0.6878951 0.7253609 -0.02553161
vn -0.6206523 0.7797346 -0.08249131
vn -0.6580554 0.7380148 0.1493226
vn -0.673396 0.6679226 -0.3168868
vn -0.8105958 0.5390182 -0.2288968
vn -0.7566292 0.4822381 -0.4415413
vn -0.9465751 0.1672048 -0.2757501
vn -0.6896679 0.1804915 -0.7012709
vn -0.4005841 0.6349254 -0.6606075
vn -0.2021409 0.5551431 -0.806818
vn -0.6505421 0.3006704 -0.6974183
vn 0.08638044 0.6720631 -0.7354383
vn 0.1098271 0.4642977 -0.8788434
vn -0.0432746 0.4520611 -0.8909366
vn 0.140868 0.6492139 -0.7474473
vn 0.1114262 0.8863584 -0.4493917
vn -0.2087278 0.8383684 -0.5035586
vn -0.46037 0.741439 -0.488188
vn -0.673396 0.6679226 -0.3168868
vn 0.3214345 0.7908069 -0.5208688
vn 0.05061395 0.8356715 -0.5468925
vn -0.2650746 0.6868188 -0.6767683
vn 0.3785926 0.9255623 -0.001473475
vn 0.2493492 0.9019483 0.3525822
vn 0.2493492 0.9019483 0.3525822
vn -0.0432746 0.4520611 -0.8909366
vn -0.6011155 0.2375632 -0.763036
vn -0.6185114 -0.03578509 -0.7849604
vn -0.7707413 0.1470392 -0.6199494
vn -0.9465751 0.1672048 -0.2757501
vn -0.8329964 -0.1683955 -0.5270293
vn -0.7147687 0.05593809 -0.6971202
vn -0.8329964 -0.1683955 -0.5270293
vn -0.6185114 -0.03578509 -0.7849604
vn -0.7590729 -0.01546186 -0.650822
vn -0.2021409 0.5551431 -0.806818
vn -0.6896679 0.1804915 -0.7012709
vn -0.0432746 0.4520611 -0.8909366
vn -0.5460031 0.7320116 -0.4074796
vn -0.673396 0.6679226 -0.3168868
vn -0.5324076 0.5736616 -0.6224584
vn -0.5518969 0.7653722 -0.3310818
vn -0.5934927 0.7474398 -0.2984965
vn -0.4910517 0.8067265 -0.3287257
vn -0.5181272 0.8143646 -0.261447
vn -0.3574444 0.8860713 -0.2951461
vn -0.4629129 0.8695329 -0.1721164
vn -0.7549815 0.6489993 -0.0938239
vn -0.792644 0.6022556 0.09488788
vn -0.4500696 0.8893654 -0.08041541
vn -0.4618929 0.8422881 0.277859
vn -0.2923059 0.946597 0.1360568
vn -0.2118911 0.9716102 -0.1052405
vn -0.2418271 0.969408 -0.04204662
vn -0.2115024 0.950576 0.2273147
vn -0.3734287 0.9275099 0.01662547
vn -0.1557204 0.9483665 0.2763191
vn -0.1314015 0.7936989 0.5939492
vn 0.0518117 0.6788626 0.732435
vn 0.1335339 0.6267608 0.7676846
vn 0.2285674 0.6360329 0.737034
vn 0.3247874 0.6768122 0.6606348
vn 0.3575871 0.6611341 0.6595705
vn 0.08326674 0.5037202 0.8598445
vn 0.2794339 0.6029073 0.7472748
vn 0.1972619 0.6953994 0.6910191
vn 0.1509673 0.6239866 0.7667134
vn 0.3045712 0.7097147 0.6352491
vn 0.04383479 0.4065277 0.9125863
vn 0.3209437 0.7224785 0.6123886
vn 0.318977 0.6833758 0.6566972
vn 0.1672988 0.7614689 0.6262396
vn 0.2648828 0.7099354 0.6525555
vn -0.1408014 0.8023555 0.5800006
vn 0.004340897 0.8332304 0.5529089
vn -0.2369773 0.8130568 0.5317711
vn -0.4724953 0.7826794 0.405168
vn -0.792644 0.6022556 0.09488788
vn -0.8400863 0.5398553 0.05302213
vn -0.7906671 0.5263516 0.3127292
vn -0.5946652 0.7340977 0.3278322
vn -0.4550307 0.7898194 0.4112569
vn -0.6954201 0.6439984 0.3188365
vn -0.4724953 0.7826794 0.405168
vn 0.2421073 0.853663 0.461133
vn 0.4724478 0.7009262 0.5343177
vn 0.3247874 0.6768122 0.6606348
vn -0.1066644 0.9600332 0.2587641
vn -0.04535282 0.9044847 0.4240879
vn -0.1573344 0.7376868 0.6565546
vn -0.04457158 0.5799559 0.8134276
vn -0.01617607 0.8845657 0.4661351
vn 0.09608217 0.6316085 0.7693106
vn 0.004429999 0.572776 0.8197
vn -0.1777915 0.973359 -0.144784
vn 0.1388507 0.9903059 0.00383606
vn -0.4136958 0.8804104 0.2318047
vn -0.5269136 0.8498371 0.01179462
vn 0.04552881 0.7916174 0.6093186
vn 0.2373188 0.7017203 0.6717651
vn 0.1132995 0.9545664 0.2756198
vn 0.1132995 0.9545664 0.2756198
vn 0.4132281 0.7523536 0.5130365
vn 0.5130288 0.7931246 0.3282604
vn 0.008347612 0.9036341 0.4282238
vn -0.2571075 0.9663643 0.005984685
vn 0.1587311 0.9677766 -0.1954817
vn 0.1469771 0.9715 0.1859719
vn -0.2942047 0.8526155 0.4318456
vn -0.1343849 0.8641213 0.4850104
vn -0.03056254 0.7080066 0.7055443
vn 0.1512699 0.7478347 0.6464214
vn -0.373376 0.9242952 0.0791765
vn -0.1774132 0.9706845 0.1621608
vn 0.008347612 0.9036341 0.4282238
vn 0.4219029 0.8265773 0.3725156
vn -0.002449906 0.9908966 -0.134603
vn -0.03788325 0.9989753 0.02476593
vn 0.4167325 0.7338457 0.5364742
vn 0.4480666 0.6421428 0.622004
vn 0.1780348 0.9352838 -0.3058558
vn 0.07408427 0.9714745 -0.2252747
vn 0.1587311 0.9677766 -0.1954817
vn 0.2014783 0.8993542 0.3880314
vn 0.5130288 0.7931246 0.3282604
vn 0.4219029 0.8265773 0.3725156
vn -0.3398156 0.8867077 0.313488
vn -0.2942047 0.8526155 0.4318456
vn -0.04506857 0.6801103 0.7317231
vn -0.002449906 0.9908966 -0.134603
vn 0.1687084 0.9805318 -0.1004729
vn 0.4450938 0.787037 -0.4271586
vn 0.4450938 0.787037 -0.4271586
vn 0.3258541 0.9332899 -0.1509599
vn 0.6798599 0.6683354 -0.3018581
vn 0.5552159 0.5468526 -0.6266477
vn 0.801299 0.492488 -0.3396698
vn 0.5245758 0.8244302 -0.2124502
vn 0.2713232 0.7506968 0.6023604
vn 0.6485796 0.7515419 -0.1205379
vn 0.6798599 0.6683354 -0.3018581
vn 0.8086972 0.5343463 0.2459324
vn 0.8318496 0.5466461 -0.09593937
vn 0.8086972 0.5343463 0.2459324
vn 0.6212988 0.6241512 0.473733
vn 0.7538745 0.5557063 0.3505192
vn -0.4093568 0.7100628 0.5729204
vn -0.4158185 0.7304926 0.5417339
vn -0.368521 0.8291534 0.4203533
vn -0.1357266 0.7870139 0.6018201
vn -0.0292977 0.7911222 0.6109561
vn 0.1444794 0.8853554 0.4418955
vn -0.2525771 0.9514386 0.1759811
vn 0.1446037 0.9660423 0.214131
vn 0.5288384 0.7997476 0.2841367
vn 0.5563406 0.6389681 0.5312296
vn 0.2796764 0.7283787 0.6254962
vn 0.2967677 0.7505235 0.5904602
vn 0.5540057 0.6546323 0.5143289
vn 0.5449619 0.6948898 0.4691959
vn 0.473871 0.8671141 0.1534909
vn 0.1649405 0.9680006 0.1891281
vn -0.2020052 0.965507 0.1642863
vn 0.4748823 0.8697125 0.1344877
vn -0.07263943 0.9093131 0.4097233
vn 0.2198176 0.9030105 0.3691238
vn -0.06184949 0.7342882 0.6760144
vn 0.4826918 0.8445773 0.2317283
vn 0.1271201 0.9658231 0.2258899
vn -0.1422662 0.8726477 0.4671684
vn 0.4287014 0.9000044 0.07878609
vn 0.104849 0.973815 -0.2017202
vn 0.1509339 0.817955 0.5551295
vn 0.1882291 0.7725387 0.6064271
vn 0.6258122 0.5851419 0.5157208
vn 0.1882291 0.7725387 0.6064271
vn -0.4093568 0.7100628 0.5729204
vn -0.2589948 0.75963 0.5965601
vn 0.04652603 0.8457453 0.5315546
vn 0.1509339 0.817955 0.5551295
vn -0.1654538 0.8271013 0.5371485
vn -0.1929723 0.8478639 0.4938507
vn -0.2357477 0.8329 0.5007002
vn -0.2527242 0.9444028 0.2103181
vn 0.1271201 0.9658231 0.2258899
vn -0.2572758 0.9618669 -0.09285157
vn 0.01381051 0.9618836 -0.2731103
vn -0.3581395 0.8392808 -0.409077
vn -0.0832869 0.9321391 -0.3523916
vn -0.2210132 0.7641402 -0.6060057
vn -0.6356162 0.6865783 -0.3529904
vn 0.01381051 0.9618836 -0.2731103
vn 0.4287014 0.9000044 0.07878609
vn 0.2265514 0.8254958 -0.516944
vn -0.08234089 0.7796122 -0.6208259
vn 0.1333631 0.6876955 -0.713645
vn 0.1278173 0.6720853 -0.7293587
vn 0.1595785 0.6911432 -0.7048799
vn -0.6356162 0.6865783 -0.3529904
vn -0.5614951 0.7104357 -0.4242692
vn -0.8133789 0.4616338 -0.35399
vn 0.316621 0.7666459 0.5585741
vn 0.6974386 0.4600148 0.5495142
vn 0.6258122 0.5851419 0.5157208
vn 0.3455453 0.8884029 0.3022227
vn 0.3529344 0.9355801 0.01127245
vn 0.1179371 0.9540443 0.2754821
vn 0.2679761 0.9565799 -0.1146463
vn 0.5633719 0.8173619 -0.1205472
vn 0.4934905 0.8150628 0.3035452
vn 0.4996602 0.7555479 -0.423659
vn 0.4327145 0.7561283 -0.4909461
vn 0.5313894 0.7432798 -0.4063993
vn 0.4908478 0.8562367 -0.1610191
vn 0.4255612 0.8743906 0.2331067
vn 0.5184178 0.6700055 -0.5313526
vn 0.4200218 0.6593361 -0.6235844
vn 0.04781307 0.9705042 0.2362953
vn 0.1774857 0.9429014 -0.2818435
vn -0.05745849 0.995968 -0.06889278
vn -0.110409 0.9854703 0.1290667
vn -0.07108582 0.8599683 -0.5053725
vn 0.161594 0.8200076 -0.5490673
vn -0.01540381 0.996511 0.08202769
vn -0.08970528 0.9503437 -0.297993
vn -0.246946 0.9689595 0.01162849
vn -0.2668663 0.9581065 0.1039927
vn -0.1727121 0.8534739 -0.4916836
vn -0.5093825 0.7806625 -0.3620712
vn -0.2551465 0.9626265 -0.09083278
vn -0.3547266 0.9341734 -0.0385903
vn -0.6648397 0.7271246 0.1711081
vn -0.4238555 0.9043373 0.050205
vn -0.7716646 0.6353363 0.0296931
vn -0.580358 0.8076537 -0.104308
vn -0.7634541 0.5798866 -0.2843754
vn -0.6464863 0.7086101 0.2827139
vn -0.7375202 0.6660909 -0.1112962
vn -0.5507619 0.671219 -0.4961112
vn 0.2963486 0.9518551 0.07841875
vn 0.3770324 0.8612754 -0.340663
vn -0.07311953 0.7440313 0.6641317
vn -0.1587247 0.763532 0.6259596
vn -0.1627246 0.6881683 0.7070678
vn -0.2531995 0.6335515 0.7310969
vn -0.180287 0.762399 0.6214857
vn 0.1167528 0.7160441 0.6882221
vn -0.3300289 0.7349049 0.5924489
vn -0.227281 0.8350382 0.5010535
vn -0.3022372 0.6767552 0.6713085
vn -0.5746198 0.5597115 0.5971057
vn 0.1658939 0.7300698 0.6629308
vn 0.1262141 0.724657 0.6774527
vn -0.2655942 0.5616204 0.7836085
vn -0.2988948 0.6296889 0.7170451
vn -0.5004929 0.4403496 0.7453852
vn -0.5799855 0.3283393 0.7455267
vn -0.4527303 0.5418848 0.7080932
vn -0.3044153 0.7132403 0.6313633
vn -0.626083 0.351057 0.6962609
vn -0.5531335 0.4352613 0.7103456
vn -0.5077257 0.4918524 0.7073158
vn 0.09841891 0.7097951 0.6974987
vn 0.1411907 0.6987557 0.7012885
vn -0.5570897 0.7842493 -0.2731376
vn -0.5244154 0.8069597 -0.2716698
vn -0.3746959 0.9093663 0.1807099
vn -0.6360046 0.7467496 -0.1945846
vn -0.6284394 0.7756724 0.05827639
vn -0.6184537 0.736223 -0.2747558
vn -0.6901067 0.6514776 0.315166
vn -0.5746198 0.5597115 0.5971057
vn -0.1279104 0.5942218 0.7940651
vn 0.1922464 0.6660079 0.720746
vn -0.02326291 0.3882779 0.9212486
vn 0.326864 0.4585415 0.8263774
vn 0.4811074 0.672461 0.5624339
vn 0.5163861 0.5441303 0.6612621
vn 0.4316331 0.3479569 0.8322372
vn 0.2177538 0.2122861 0.9526373
vn -0.03727833 0.332337 0.9424238
vn -0.02038692 0.2972198 0.9545913
vn 0.2386093 0.2508393 0.9381606
vn 0.1463985 0.2217855 0.9640428
vn -0.3185296 0.1858312 0.929519
vn -0.1649048 0.3014961 0.9390988
vn -0.5013207 0.1632904 0.8497139
vn -0.580342 0.2352546 0.7796527
vn -0.6463963 0.3383965 0.6838564
vn -0.6643355 0.4204518 0.6179633
vn -0.6462833 0.4358126 0.6264066
vn 0.06171112 0.1372784 0.9886082
vn 0.2630009 0.2407347 0.9342791
vn 0.09409539 0.1551701 0.9833964
vn 0.4099734 0.3501005 0.84223
vn 0.4663866 0.3170258 0.8258196
vn 0.4587945 0.379078 0.8036215
vn 0.478361 0.3345682 0.8119328
vn 0.2827078 0.3670624 0.8861949
vn 0.1683147 0.2211987 0.9605942
vn -0.6190661 0.3912871 0.6809196
vn -0.6155962 0.4061879 0.6753168
vn -0.3930621 0.5237436 0.7557743
vn -0.5145045 0.3976183 0.7597268
vn -0.241122 0.5672347 0.7874675
vn 0.1084742 0.7005357 0.7053248
vn -0.2053405 0.5862939 0.783642
vn 0.16265 0.7806333 0.6034539
vn -0.1608167 0.6176729 0.769817
vn 0.1474807 0.805586 0.5738296
vn 0.1933331 0.8415825 0.5043425
vn -0.0574646 0.6516275 0.7563593
vn 0.04668723 0.8476631 0.5284766
vn 0.201487 0.8513371 0.4843845
vn -0.01757633 0.840484 0.5415514
vn 0.09810785 0.765398 0.6360351
vn -0.124254 0.6866432 0.7162974
vn 0.4459947 0.7174646 0.5351011
vn 0.1279159 0.728601 0.672888
vn -0.3475429 0.5560467 0.7550006
vn -0.6828808 0.4189012 0.5984945
vn -0.7295603 0.3462805 0.5897725
vn -0.5175188 0.3372081 0.7864254
vn -0.2376544 0.534345 0.8111694
vn -0.6343608 0.3819684 0.6720763
vn -0.6828808 0.4189012 0.5984945
vn -0.7295603 0.3462805 0.5897725
vn -0.1456933 0.66556 0.7319859
vn 0.1933331 0.8415825 0.5043425
vn -0.5145045 0.3976183 0.7597268
vn -0.5175188 0.3372081 0.7864254
vn -0.0485253 0.815197 0.5771474
vn -0.05729109 0.7554623 0.6526824
vn 0.03834523 0.7871594 0.6155565
vn 0.1477382 0.7380223 0.6584044
vn -0.06896596 0.6664072 0.7423915
vn -0.06718821 0.9054794 0.4190379
vn 0.02570681 0.6429411 0.7654841
vn 0.1020421 0.6896808 0.7168875
vn 0.1189111 0.4539119 0.8830764
vn -0.08855093 0.7304927 0.6771552
vn -0.130371 0.9152811 0.3811352
vn 0.04488781 0.2884502 0.9564422
vn -0.0593141 0.6508183 0.756913
vn 0.1163101 0.2552107 0.9598643
vn 0.2332216 0.7402351 0.6306027
vn 0.160381 0.7050112 0.6908235
vn 0.3863126 0.550645 0.739968
vn 0.4930491 0.4642966 0.7357523
vn 0.2762606 0.5894255 0.7591163
vn 0.05381099 0.6745189 0.7362939
vn 0.4662199 0.4160604 0.7807258
vn 0.3894307 0.4978063 0.7749404
vn 0.3314722 0.5414984 0.7725968
vn -0.1471062 0.9557929 0.2545972
vn 0.1527878 0.2978454 0.9423078
vn -0.169073 0.9382516 0.301825
vn -0.221232 0.9712206 0.08824312
vn -0.5891886 0.7983231 0.1246472
vn -0.3549263 0.8551521 0.3778127
vn -0.4628727 0.8860842 0.02456871
vn -0.3649084 0.9015596 0.2324486
vn -0.3247949 0.7900544 0.5199254
vn -0.6741978 0.675549 0.2984808
vn -0.5385966 0.7615058 0.3605865
vn -0.3961146 0.9177595 0.02847499
vn -0.2648302 0.8916286 0.3672375
vn -0.02545173 0.8944516 0.4464398
vn -0.08769394 0.9772769 0.1929755
vn -0.1816267 0.9819779 -0.05226169
vn -0.2405375 0.9693822 0.04939526
vn 0.07341915 0.9084127 0.4115774
vn 0.2704021 0.7858315 0.5561938
vn 0.003910315 0.8438832 0.5365127
vn 0.2673263 0.658615 0.7033938
vn 0.1102544 0.9937848 -0.01535171
vn 0.2768387 0.7983049 0.5348548
vn 0.4696103 0.8554935 0.2181674
vn 0.06291651 0.9927723 0.1021989
vn -0.1157009 0.7038068 0.7009061
vn 0.04876813 0.4748898 0.878693
vn 0.02117879 0.5558094 0.83104
vn -0.005129077 0.6030223 0.7977079
vn -0.3549263 0.8551521 0.3778127
vn -0.2619571 0.8249034 0.5009121
vn -0.2404628 0.7702827 0.5906286
vn 0.1550291 0.687594 0.7093521
vn 0.2776745 0.6222612 0.7319071
vn -0.07502712 0.7870175 0.6123515
vn 0.131404 0.6383442 0.7584523
vn 0.05867048 0.7942687 0.6047271
vn 0.3761736 0.7036988 0.6027448
vn 0.02967725 0.8666142 0.4980956
vn 0.2272572 0.6778645 0.6991809
vn 0.2673263 0.658615 0.7033938
vn -0.178979 0.8030627 0.568381
vn -0.3756321 0.8563698 0.3543041
vn -0.568108 0.7029449 0.4279273
vn -0.4071504 0.7667652 0.4962859
vn -0.6741978 0.675549 0.2984808
vn -0.568108 0.7029449 0.4279273
vn -0.07470359 0.990015 -0.1195392
vn -0.01371715 0.9998679 -0.008713442
vn -0.07470359 0.990015 -0.1195392
vn 0.1102544 0.9937848 -0.01535171
vn 0.2717968 0.8352985 -0.4779151
vn 0.2717968 0.8352985 -0.4779151
vn 0.104593 0.9834523 -0.1479255
vn 0.4989742 0.7537575 -0.4276382
vn 0.2963791 0.6902771 -0.6600584
vn 0.5917037 0.7094002 -0.3829336
vn 0.6789262 0.713109 -0.174742
vn 0.4696103 0.8554935 0.2181674
vn 0.2135575 0.9755183 -0.05250875
vn 0.6706356 0.739896 0.05293163
vn -0.2783736 0.8456722 0.4553533
vn 0.01157659 0.9032437 0.4289717
vn -0.245377 0.9460103 0.2117891
vn 0.04237165 0.9178363 0.3946912
vn 0.0962642 0.7766177 0.6225739
vn -0.1902993 0.6725703 0.7151471
vn 0.3628375 0.7645766 0.5327021
vn 0.2290844 0.8393555 0.492953
vn 0.2888024 0.7248313 0.62547
vn 0.08304948 0.8124225 0.5771242
vn -0.1223083 0.7530002 0.6465535
vn 0.3472134 0.734422 0.5831528
vn 0.2925578 0.8465405 0.4447237
vn -0.02879023 0.8808731 0.472476
vn 0.1297753 0.8988878 0.4185201
vn -0.002573599 0.9057338 0.4238394
vn 0.2059889 0.8384266 0.5045883
vn 0.05292812 0.9011315 0.4303029
vn -0.2209988 0.9370133 0.2704916
vn -0.2177778 0.9520883 0.2147109
vn 0.1827309 0.8684603 0.4608538
vn 0.1914296 0.7646182 0.6153972
vn 0.003770828 0.8844027 0.4667093
vn 0.2504646 0.837307 0.4859882
vn -0.01524372 0.9538438 0.299916
vn -0.1934106 0.9450012 0.2637524
vn -0.1547845 0.9694515 0.190277
vn -0.152775 0.9434316 0.2942732
vn 0.07067031 0.9488119 0.3078339
vn -0.1654474 0.9758906 0.1423541
vn 0.1854883 0.9625381 0.1977738
vn 0.1680921 0.9757363 0.140299
vn -0.05275337 0.9662558 0.2521244
vn -0.1860213 0.9462728 0.2645069
vn -0.5381582 0.7822857 -0.3137114
vn -0.1242037 0.9244112 -0.3606071
vn 0.2506547 0.9436549 -0.2160735
vn 0.2985425 0.9492047 -0.09941223
vn -0.5381582 0.7822857 -0.3137114
vn -0.2163444 0.9755129 -0.03961857
vn -0.3201228 0.8196136 -0.4751368
vn -0.6419857 0.5989851 -0.4786138
vn -0.6431542 0.5820038 -0.4976186
vn -0.17966 0.8120487 -0.5552469
vn -0.1242037 0.9244112 -0.3606071
vn 0.2985425 0.9492047 -0.09941223
vn 0.007209917 0.9489796 -0.3152552
vn 0.3454556 0.9255299 -0.1550964
vn 0.3318113 0.9235685 0.1921521
vn -0.4356859 0.8690842 0.2342447
vn -0.03773863 0.9527238 0.301485
vn -0.2049688 0.977645 0.04688287
vn 0.09847693 0.9363695 0.3369189
vn -0.08645984 0.8515939 0.5170229
vn -0.4319007 0.7408032 0.5144631
vn 0.3643347 0.7602382 0.5378643
vn -0.002424855 0.8448976 0.5349227
vn 0.3637707 0.812007 0.4564159
vn 0.2992844 0.7559427 0.5822194
vn 0.4141405 0.77138 0.4831775
vn -0.1668128 0.9782379 0.123386
vn 0.1634434 0.9364598 0.3103696
vn 0.008782112 0.9849341 0.1727067
vn -0.1038915 0.9934003 0.04860378
vn 0.2845327 0.9137948 0.2898623
vn 0.334376 0.9070999 0.2556607
vn -0.122653 0.9782813 0.1670992
vn 0.08803912 0.9488922 0.3030718
vn -0.006702212 0.9999185 0.01087584
vn -0.09300128 0.9941266 0.05534584
vn 0.2768329 0.9177222 0.2848673
vn 0.3025531 0.9443091 0.129391
vn 0.0173642 0.9891339 0.1459889
vn -0.07680012 0.798484 -0.5970972
vn 0.06684529 0.8931521 0.4447595
vn 0.2202758 0.8025348 0.5544515
vn -0.002424855 0.8448976 0.5349227
vn -0.4319007 0.7408032 0.5144631
vn -0.2346959 0.8350111 0.4976688
vn -0.06951286 0.961991 0.2640857
vn 0.1842823 0.9322672 0.3113161
vn 0.417201 0.8223889 0.3868072
vn -0.006702212 0.9999185 0.01087584
vn 0.3008376 0.7950307 -0.5267096
vn 0.3853388 0.8328264 -0.3973841
vn 0.5573545 0.820835 -0.1248433
vn -0.07680012 0.798484 -0.5970972
vn -0.001407633 0.9959114 -0.09032574
vn 0.2352394 0.7393156 -0.6309316
vn -0.07680012 0.798484 -0.5970972
vn 0.1795951 0.6606761 -0.7288708
vn -0.09342495 0.3979882 -0.912621
vn -0.09342495 0.3979882 -0.912621
vn 0.09050159 0.5579044 -0.8249559
vn 0.2903061 0.4449447 -0.8471992
vn 0.2352394 0.7393156 -0.6309316
vn 0.5573545 0.820835 -0.1248433
vn 0.4304855 0.7211525 -0.5427902
vn 0.6261352 0.760864 -0.1704133
vn 0.5573545 0.820835 -0.1248433
vn 0.4557302 0.8385374 0.2986052
vn -0.4942683 0.8672117 0.06035556
vn -0.1464286 0.9527234 0.266227
vn -0.2077948 0.9776444 -0.03213662
vn -0.0266987 0.9235041 0.3826582
vn -0.2718422 0.8500687 0.4510931
vn -0.5811582 0.7609487 0.2884654
vn 0.1391505 0.7360541 0.6624663
vn -0.2002637 0.8435124 0.4983787
vn 0.1891855 0.7343633 0.6518584
vn 0.06305429 0.7559385 0.6515989
vn 0.2063788 0.7713752 0.6019867
vn -0.2005892 0.9782386 0.05304131
vn 0.07777031 0.9290147 0.3617782
vn -0.05563715 0.9849332 0.1637415
vn -0.1145025 0.9933997 0.006791377
vn 0.1995878 0.917819 0.3431807
vn 0.3160962 0.8758053 0.3647577
vn -0.1757055 0.97828 0.1099812
vn -0.0301346 0.9488915 0.3141606
vn -0.01023993 0.9999185 0.007627487
vn -0.1068711 0.9941261 0.017082
vn 0.1520298 0.9177232 0.3669753
vn 0.2333701 0.9443082 0.2319922
vn -0.03778203 0.9891346 0.1420754
vn 0.149179 0.7984889 -0.5832333
vn -0.01023993 0.9999185 0.007627487
vn 0.4741175 0.7950286 -0.3783413
vn 0.5048789 0.8328199 -0.2269545
vn 0.5640622 0.8208296 0.08984879
vn 0.4516538 0.7393125 -0.4994256
vn 0.600538 0.7211433 -0.3454078
vn 0.64481 0.7608578 0.07290733
vn 0.3132094 0.8385391 0.4458162
vn -0.2002637 0.8435124 0.4983787
vn -0.1165269 0.9040129 0.4113176
vn -0.3938746 0.8647864 0.3114598
vn -0.2163915 0.9570795 0.192804
vn 0.003936897 0.9428587 0.3331698
vn 0.2394728 0.8291956 0.505062
vn 0.2063788 0.7713752 0.6019867
vn 0.0005341776 0.8022544 0.5969821
vn 0.149179 0.7984889 -0.5832333
vn 0.03205884 0.995911 -0.08446083
vn 0.4516538 0.7393125 -0.4994256
vn 0.149179 0.7984889 -0.5832333
vn 0.4361185 0.6606739 -0.6109916
vn 0.2502695 0.3979943 -0.8825904
vn 0.2502695 0.3979943 -0.8825904
vn 0.3888147 0.5579022 -0.7331905
vn 0.5827077 0.4449278 -0.6800669
vn -0.07292912 0.826929 0.557557
vn 0.2639455 0.9372693 0.2277256
vn -0.09801579 0.9625783 0.252658
vn 0.3616937 0.9280223 0.08917511
vn 0.005009167 0.9610025 0.2764943
vn 0.37711 0.9241368 -0.06131146
vn 0.6338288 0.7564921 -0.1611858
vn 0.6921514 0.7207618 0.03780091
vn 0.3515884 0.9306499 0.101373
vn 0.5677966 0.8226241 0.02994255
vn 0.4201284 0.8056346 -0.4176661
vn 0.4441255 0.8264059 0.3461297
vn 0.5583915 0.6728387 0.4852701
vn 0.1709635 0.9792026 0.1092426
vn 0.3855129 0.9209444 0.05693259
vn -0.01553684 0.990867 0.1339445
vn 0.4880519 0.8588182 -0.1556812
vn 0.3445899 0.9366413 0.06293596
vn 0.6508052 0.7283019 0.2145433
vn 0.5352818 0.8416684 -0.07118848
vn 0.3335954 0.9414409 0.04901979
vn 0.03802586 0.9792733 0.1989416
vn 0.01869305 0.9997169 0.01471848
vn -0.0225438 0.9917276 0.1263652
vn 0.3924352 0.9112919 -0.1246664
vn 0.4043578 0.9056069 -0.1279485
vn 0.1507364 0.9861713 0.06888106
vn -0.4220149 0.8928212 -0.1573966
vn -0.04646273 0.9970443 0.0611881
vn 0.4043578 0.9056069 -0.1279485
vn -0.1523428 0.9232059 -0.3528206
vn -0.09829223 0.9064882 0.4106308
vn -0.07292912 0.826929 0.557557
vn 0.3890993 0.8235494 0.4127565
vn 0.3452456 0.7994121 0.4916765
vn -0.07292912 0.826929 0.557557
vn 0.1395987 0.7806981 0.6091163
vn 0.3294826 0.9351716 0.1299817
vn 0.2453458 0.8823285 0.4016239
vn 0.1131234 0.9775631 0.1776893
vn 0.3448692 0.9378883 -0.03782452
vn 0.4989568 0.8373123 -0.2234954
vn 0.5254017 0.8429835 -0.1154638
vn 0.4538705 0.8644935 0.2159916
vn 0.4968184 0.8591576 0.1225548
vn 0.7149919 0.6757672 0.1792354
vn 0.7149919 0.6757672 0.1792354
vn 0.7888573 0.4543017 0.4139012
vn 0.5488539 0.7753908 -0.3122956
vn 0.1774089 0.4750167 -0.861908
vn 0.1774089 0.4750167 -0.861908
vn 0.4880519 0.8588182 -0.1556812
vn 0.4290585 0.8894443 -0.157473
vn 0.4201284 0.8056346 -0.4176661
vn -0.4220149 0.8928212 -0.1573966
vn -0.08252323 0.9956132 -0.04409235
vn -0.2722223 0.8949331 -0.3535389
vn -0.1523428 0.9232059 -0.3528206
vn -0.5502474 0.8231447 -0.1402162
vn -0.4116479 0.8659225 -0.28412
vn -0.6079283 0.7828702 -0.1324292
vn 0.106919 0.9070637 -0.40719
vn 0.4043578 0.9056069 -0.1279485
vn 0.4952903 0.7915708 -0.3579149
vn -0.04459585 0.9201535 -0.38901
vn 0.5320791 0.7481676 -0.3964051
vn 0.714552 0.6577852 -0.2381893
vn 0.1135574 0.9630842 0.2440769
vn -0.2896873 0.9063041 0.3077243
vn -0.05210599 0.8668227 0.4958865
vn -0.4220485 0.8577556 0.2934797
vn -0.3005532 0.9512551 0.0691481
vn 0.03795817 0.9978898 -0.052679
vn -0.6953797 0.7145021 0.07703141
vn -0.3815461 0.9220275 0.06548179
vn -0.6771676 0.7154914 0.1718025
vn -0.6515433 0.7580921 0.028067
vn -0.4225923 0.8888378 0.1771529
vn -0.1556938 0.9865703 0.0493816
vn -0.7232276 0.6771722 0.1355719
vn -0.580552 0.8117318 0.06364643
vn -0.7027428 0.668883 0.2423802
vn -0.1143747 0.8897064 0.441974
vn -0.4712749 0.8195946 0.3258291
vn -0.2925839 0.8506204 0.4368519
vn -0.1477443 0.8406214 0.5210828
vn -0.5683346 0.7447481 0.3497803
vn -0.5995792 0.7034408 0.3816751
vn -0.1701204 0.8938545 0.4148292
vn -0.4032151 0.8551171 0.3258719
vn -0.2235544 0.7895016 0.571586
vn -0.1601967 0.8402429 0.5180046
vn -0.5604429 0.7483807 0.3547252
vn -0.5336143 0.683393 0.4982267
vn -0.2916553 0.8375401 0.4620213
vn 0.1047446 0.3630862 0.9258493
vn -0.2235544 0.7895016 0.571586
vn -0.2616039 0.2476634 0.9328592
vn -0.3932714 0.3073299 0.8665367
vn -0.6445703 0.3637661 0.6724606
vn 0.1047446 0.3630862 0.9258493
vn -0.1909191 0.734997 0.6506377
vn -0.1520528 0.178857 0.9720547
vn 0.1047446 0.3630862 0.9258493
vn -0.04860465 0.09132008 0.9946347
vn 0.3240622 -0.09727337 0.9410216
vn -0.1520528 0.178857 0.9720547
vn -0.6445703 0.3637661 0.6724606
vn -0.3564311 0.1315485 0.9250145
vn -0.6768246 0.267882 0.6856731
vn -0.6445703 0.3637661 0.6724606
vn -0.7094244 0.6234989 0.3285817
vn -0.2495389 0.9076927 0.3373786
vn -0.4895439 0.8086609 0.3262122
vn 0.3240622 -0.09727337 0.9410216
vn 0.08989052 -0.00115733 0.9959509
vn -0.05737919 -0.1781091 0.9823365
vn -0.09460101 0.8739154 -0.4767836
vn -0.07592141 0.9839593 -0.1614318
vn 0.1577209 0.9496216 -0.2708189
vn -0.1323681 0.9895773 -0.05670628
vn -0.4164461 0.8973357 -0.1461548
vn -0.3649851 0.8042164 -0.4690648
vn -0.3708873 0.9165314 0.1497085
vn -0.3310875 0.9288083 0.166422
vn -0.424632 0.9007801 0.09100937
vn -0.3336491 0.940923 -0.05781212
vn -0.1484107 0.9384164 -0.3120081
vn -0.4950728 0.8438696 0.2068502
vn -0.4423622 0.8384877 0.3182046
vn 0.09026235 0.9641226 -0.2496404
vn -0.1888068 0.9818793 0.01628535
vn -0.03134182 0.9908082 -0.1315931
vn 0.1115794 0.9668161 -0.2298187
vn -0.2973111 0.95038 0.09156486
vn -0.2786155 0.9434555 0.1796255
vn 0.1115142 0.9718848 -0.2073754
vn -0.1593292 0.9831439 -0.08967847
vn 0.156444 0.9874515 -0.0215584
vn 0.2068143 0.975544 -0.07444276
vn -0.1363615 0.9750962 0.1749083
vn -0.2638842 0.9598625 0.09502135
vn 0.641001 0.7451362 0.1840913
vn 0.4910002 0.7273382 0.4794767
vn 0.2181903 0.848974 0.4812859
vn -0.07832792 0.8559642 0.5110674
vn 0.711183 0.5296576 0.462257
vn 0.8721365 0.3301951 0.3610387
vn 0.6065503 0.4434109 0.6599117
vn 0.4910002 0.7273382 0.4794767
vn -0.07832792 0.8559642 0.5110674
vn 0.31279 0.7335306 0.603403
vn -0.08893891 0.8026394 0.5897964
vn -0.07832792 0.8559642 0.5110674
vn -0.3700441 0.9049756 0.2099681
vn -0.08336367 0.9708288 -0.2248156
vn -0.2922011 0.9542478 0.06348053
vn -0.6829161 0.7144112 0.1524538
vn -0.5770453 0.7498763 0.3235803
vn -0.4847765 0.8607855 0.1550487
vn -0.4280089 0.8531311 0.2982883
vn -0.5474441 0.6806373 0.4868653
vn -0.7443668 0.6158186 0.2582352
vn -0.4377175 0.7171399 0.5423224
vn -0.4575588 0.7504253 0.4769714
vn -0.3296963 0.7116251 0.6203951
vn -0.3408087 0.8230223 0.4544048
vn -0.5508422 0.7809166 0.2945201
vn -0.1791479 0.7061634 0.6850104
vn 0.002624269 0.8423309 0.5389543
vn -0.228898 0.9663116 0.1176755
vn -0.2657721 0.8791481 0.395555
vn 0.06950571 0.9753383 0.2094854
vn 0.1736257 0.9844761 0.02570523
vn 0.01805027 0.8927227 0.4502447
vn -0.3751316 0.7033749 0.6037715
vn 0.2297566 0.9697537 0.08239946
vn 0.1242215 0.9575314 0.2601972
vn 0.4039628 0.9104565 0.08878591
vn 0.423185 0.9039495 0.06156101
vn 0.3457699 0.9007458 0.262869
vn 0.2274874 0.9248698 0.3047383
vn 0.7163059 0.6812313 -0.151095
vn 0.7722896 0.6342567 -0.03587844
vn 0.5769485 0.7229975 0.3800066
vn 0.8390298 0.4104704 -0.3571317
vn 0.9122206 0.3901477 -0.1250537
vn 0.800532 0.5846692 0.1315688
vn 0.6587059 0.6317 0.4087318
vn 0.3119535 0.7551997 0.5765054
vn -0.2870049 0.9284426 0.235844
vn -0.135015 0.9117213 0.3879887
vn -0.5461881 0.8364604 -0.0448628
vn -0.3325269 0.9371663 0.1055713
vn -0.2712738 0.9533285 -0.1325725
vn -0.3246973 0.9324388 0.1585229
vn -0.4138276 0.85948 0.300068
vn -0.5988456 0.8008559 -0.003722567
vn -0.2055842 0.8969256 0.3914839
vn -0.2217643 0.9035722 0.366576
vn -0.4787363 0.8279161 0.2921756
vn -0.7171972 0.6775928 -0.1627765
vn -0.06948163 0.7951103 0.6024714
vn -0.3681175 0.8616399 0.3493798
vn -0.06451683 0.7985837 0.5984159
vn -0.2628195 0.9573574 -0.1199693
vn -0.2983017 0.9282311 0.222268
vn -0.4987582 0.7488306 0.4364549
vn -0.3810203 0.9147046 -0.1346821
vn -0.3432837 0.9213591 0.182356
vn -0.2731902 0.8004804 0.5334774
vn -0.4520218 0.7405675 0.4972285
vn -0.3433586 0.9215252 -0.181373
vn -0.3673654 0.9271923 0.0731926
vn -0.2181378 0.957374 -0.1893432
vn -0.3503747 0.9184062 0.18376
vn -0.4498037 0.8511346 0.270641
vn -0.4112247 0.8581587 0.3073401
vn -0.4557858 0.6793788 0.5750685
vn -0.2615642 0.7728658 0.5781544
vn -0.203989 0.9657218 0.1605298
vn -0.08100682 0.9403785 0.3303424
vn -0.3664628 0.9219535 0.1253262
vn -0.9028926 0.4198483 0.09226317
vn -0.4987582 0.7488306 0.4364549
vn -0.2181378 0.957374 -0.1893432
vn -0.2518487 0.9625242 0.100596
vn 0.1776326 0.9550149 -0.2374727
vn 0.1776326 0.9550149 -0.2374727
vn -0.05288637 0.9758463 -0.2119599
vn 0.1318135 0.9889951 0.06718561
vn 0.4204325 0.8607649 -0.2869155
vn 0.3581289 0.9312494 0.06721728
vn -0.5386617 0.7552598 0.3733984
vn -0.4520218 0.7405675 0.4972285
vn -0.4557858 0.6793788 0.5750685
vn 0.02228806 0.983884 0.1774134
vn -0.4557858 0.6793788 0.5750685
vn -0.03339034 0.8630304 0.5040472
vn 0.2000258 0.9409413 0.2731655
vn 0.3581289 0.9312494 0.06721728
vn 0.1852765 0.8789669 0.4394197
vn 0.6306522 0.7722133 0.07722875
vn 0.3750283 0.796356 0.474522
vn 0.5719365 0.6879094 0.4468437
vn 0.6306522 0.7722133 0.07722875
vn 0.8339293 0.5403054 0.112393
vn 0.8340784 0.4995007 0.2341199
vn 0.6602221 0.6858572 -0.3061155
vn 0.4452902 0.8944385 -0.04118565
vn 0.7157009 0.6975356 -0.0348783
vn 0.4204325 0.8607649 -0.2869155
vn 0.8014904 0.5168417 -0.3008118
vn 0.8339293 0.5403054 0.112393
vn -0.813439 0.5814719 -0.01440309
vn -0.4112247 0.8581587 0.3073401
vn -0.6902649 0.7227609 -0.03392785
vn -0.813439 0.5814719 -0.01440309
vn -0.413794 0.1478492 0.8982846
vn -0.4355899 0.1421975 0.8888426
vn -0.4118742 0.1708853 0.8950742
vn -0.4202599 0.185604 0.8882189
vn -0.5732321 0.2862694 0.7677597
vn -0.4734757 0.113406 0.8734758
vn -0.4325332 0.1456463 0.8897765
vn -0.4402827 0.1189372 0.8899467
vn -0.5400722 0.301226 -0.7858657
vn -0.5400722 0.301226 -0.7858657
vn -0.8462033 -0.09275644 -0.5247249
vn -0.4876388 0.7188306 0.4954702
vn -0.7562541 0.5301561 0.3834242
vn -0.5143645 0.4702927 0.717115
vn -0.4610208 0.6477982 0.6064795
vn -0.5040474 0.3015904 0.8093081
vn -0.1021591 0.9626984 0.2505501
vn -0.4615794 0.8175954 0.3442123
vn -0.4550712 0.8631587 0.2187855
vn -0.1018554 0.9644969 0.2436625
vn -0.4336622 0.1441164 0.8894761
vn -0.3722143 0.1629198 0.9137361
vn -0.5908461 0.3774236 0.7130584
vn -0.4344259 0.1449578 0.8889664
vn -0.3722143 0.1629198 0.9137361
vn -0.5040474 0.3015904 0.8093081
vn -0.481527 0.2480669 0.8405917
vn -0.9007072 -0.2789455 -0.3330406
vn -0.8462033 -0.09275644 -0.5247249
vn -0.9007086 -0.278944 -0.3330379
vn -0.90071 -0.2789425 -0.3330353
vn 0.05716505 0.9980335 0.02571763
vn 0.05716472 0.9980335 0.02571717
vn 0.05716472 0.9980335 0.02571717
vn 0.05716438 0.9980335 0.02571671
vn -0.9340786 0.09725653 -0.343567
vn -0.9340784 0.09725324 -0.3435686
vn -0.9340784 0.09725324 -0.3435686
vn -0.9340782 0.09724997 -0.3435702
vn 0.07280637 0.9968494 0.03147238
vn 0.07280736 0.9968492 0.0314733
vn 0.07280736 0.9968492 0.0314733
vn 0.07280834 0.9968491 0.03147423
g polySurface67_0
f 3/3/3 2/2/2 1/1/1
f 4/4/4 2/2/2 3/3/3
f 7/7/7 6/6/6 5/5/5
f 8/8/8 6/6/6 7/7/7
f 7/7/7 5/5/5 9/9/9
f 9/9/9 5/5/5 10/10/10
f 9/9/9 10/10/10 11/11/11
f 11/11/11 10/10/10 12/12/12
f 11/11/11 12/12/12 13/13/13
f 13/13/13 12/12/12 14/14/14
f 15/15/15 9/9/9 11/11/11
f 7/7/7 16/16/16 8/8/8
f 16/16/16 9/9/9 15/15/15
f 7/7/7 9/9/9 16/16/16
f 8/8/8 16/16/16 17/17/17
f 8/8/8 18/18/18 6/6/6
f 19/19/19 18/18/18 8/8/8
f 22/22/22 21/21/21 20/20/20
f 20/20/20 21/21/21 23/23/23
f 22/22/22 24/24/24 21/21/21
f 25/25/25 24/24/24 22/22/22
f 28/28/28 27/27/27 26/26/26
f 28/28/28 26/26/26 29/29/29
f 29/29/29 26/26/26 30/30/30
f 31/31/31 27/27/27 28/28/28
f 34/34/34 33/33/33 32/32/32
f 35/35/35 33/33/33 34/34/34
f 38/38/38 37/37/37 36/36/36
f 41/41/41 40/40/40 39/39/39
f 41/41/41 42/42/42 40/40/40
f 43/43/43 42/42/42 41/41/41
f 46/46/46 45/45/45 44/44/44
f 44/44/44 45/45/45 47/47/47
f 50/50/50 49/49/49 48/48/48
f 48/48/48 49/49/49 51/51/51
f 48/48/48 51/51/51 52/52/52
f 53/53/53 48/48/48 52/52/52
f 52/52/52 51/51/51 54/54/54
f 54/54/54 55/55/55 52/52/52
f 55/55/55 56/56/56 52/52/52
f 59/59/59 58/58/58 57/57/57
f 57/57/57 58/58/58 60/60/60
f 57/57/57 60/60/60 61/61/61
f 61/61/61 60/60/60 62/62/62
f 63/63/63 61/61/61 62/62/62
f 66/66/66 65/65/65 64/64/64
f 69/69/69 68/68/68 67/67/67
f 71/71/71 70/70/70 69/69/69
f 72/72/72 70/70/70 71/71/71
f 71/71/71 69/69/69 73/73/73
f 73/73/73 69/69/69 74/74/74
f 77/77/77 76/76/76 75/75/75
f 78/78/78 76/76/76 77/77/77
f 81/81/81 80/80/80 79/79/79
f 82/82/82 80/80/80 81/81/81
f 81/81/81 79/79/79 83/83/83
f 83/83/83 79/79/79 84/84/84
f 85/85/85 84/84/84 79/79/79
f 87/87/87 86/86/86 80/80/80
f 88/88/88 86/86/86 87/87/87
f 88/88/88 89/89/89 86/86/86
f 90/90/90 89/89/89 88/88/88
f 90/90/90 91/91/91 89/89/89
f 92/92/92 91/91/91 90/90/90
f 92/92/92 93/93/93 91/91/91
f 94/94/94 93/93/93 92/92/92
f 97/97/97 96/96/96 95/95/95
f 100/100/100 99/99/99 98/98/98
f 98/98/98 99/99/99 101/101/101
f 101/101/101 103/103/103 102/102/102
f 102/102/102 104/104/104 101/101/101
f 105/105/105 104/104/104 102/102/102
f 106/106/106 104/104/104 105/105/105
f 101/101/101 104/104/104 107/107/107
f 104/104/104 108/108/108 107/107/107
f 107/107/107 108/108/108 109/109/109
f 112/112/112 111/111/111 110/110/110
f 110/110/110 111/111/111 113/113/113
f 110/110/110 113/113/113 114/114/114
f 114/114/114 113/113/113 115/115/115
f 118/118/118 117/117/117 116/116/116
f 116/116/116 117/117/117 119/119/119
f 122/122/122 121/121/121 120/120/120
f 123/123/123 121/121/121 122/122/122
f 126/126/126 125/125/125 124/124/124
f 126/126/126 124/124/124 127/127/127
f 128/128/128 125/125/125 126/126/126
f 131/131/131 130/130/130 129/129/129
f 132/132/132 130/130/130 131/131/131
f 135/135/135 134/134/134 133/133/133
f 138/138/138 137/137/137 136/136/136
f 139/139/139 137/137/137 138/138/138
f 142/142/142 141/141/141 140/140/140
f 140/140/140 141/141/141 143/143/143
f 145/145/145 143/143/143 144/144/144
f 145/145/145 144/144/144 146/146/146
f 146/146/146 144/144/144 147/147/147
f 146/146/146 147/147/147 148/148/148
f 148/148/148 147/147/147 149/149/149
f 148/148/148 149/149/149 150/150/150
f 150/150/150 149/149/149 151/151/151
f 150/150/150 151/151/151 152/152/152
f 152/152/152 151/151/151 153/153/153
f 152/152/152 153/153/153 154/154/154
f 154/154/154 153/153/153 155/155/155
f 154/154/154 155/155/155 156/156/156
f 156/156/156 157/157/157 154/154/154
f 154/154/154 157/157/157 158/158/158
f 154/154/154 158/158/158 159/159/159
f 159/159/159 158/158/158 160/160/160
f 156/156/156 161/161/161 157/157/157
f 162/162/162 161/161/161 156/156/156
f 156/156/156 155/155/155 163/163/163
f 156/156/156 163/163/163 164/164/164
f 164/164/164 163/163/163 165/165/165
f 164/164/164 165/165/165 166/166/166
f 166/166/166 165/165/165 167/167/167
f 166/166/166 167/167/167 168/168/168
f 168/168/168 167/167/167 169/169/169
f 168/168/168 169/169/169 170/170/170
f 170/170/170 169/169/169 171/171/171
f 174/174/174 173/173/173 172/172/172
f 175/175/175 173/173/173 174/174/174
f 176/176/176 173/173/173 175/175/175
f 177/177/177 173/173/173 176/176/176
f 179/179/179 178/178/178 145/145/145
f 182/182/182 181/181/181 180/180/180
f 180/180/180 181/181/181 183/183/183
f 180/180/180 183/183/183 184/184/184
f 184/184/184 183/183/183 185/185/185
f 182/182/182 186/186/186 181/181/181
f 187/187/187 186/186/186 182/182/182
f 187/187/187 188/188/188 186/186/186
f 189/189/189 188/188/188 187/187/187
f 192/192/192 191/191/191 190/190/190
f 193/193/193 191/191/191 192/192/192
f 193/193/193 194/194/194 191/191/191
f 191/191/191 194/194/194 195/195/195
f 194/194/194 196/196/196 195/195/195
f 195/195/195 196/196/196 197/197/197
f 200/200/200 199/199/199 198/198/198
f 201/201/201 199/199/199 200/200/200
f 201/201/201 202/202/202 199/199/199
f 200/200/200 198/198/198 203/203/203
f 206/206/206 205/205/205 204/204/204
f 209/209/209 208/208/208 207/207/207
f 210/210/210 208/208/208 209/209/209
f 210/210/210 211/211/211 208/208/208
f 208/208/208 211/211/211 212/212/212
f 211/211/211 213/213/213 212/212/212
f 212/212/212 213/213/213 214/214/214
f 217/217/217 216/216/216 215/215/215
f 217/217/217 215/215/215 218/218/218
f 218/218/218 215/215/215 219/219/219
f 220/220/220 218/218/218 219/219/219
f 221/221/221 218/218/218 220/220/220
f 220/220/220 222/222/222 221/221/221
f 223/223/223 222/222/222 220/220/220
f 223/223/223 224/224/224 222/222/222
f 225/225/225 224/224/224 223/223/223
f 228/228/228 227/227/227 226/226/226
f 231/231/231 230/230/230 229/229/229
f 232/232/232 230/230/230 231/231/231
f 231/231/231 229/229/229 233/233/233
f 233/233/233 229/229/229 234/234/234
f 233/233/233 234/234/234 235/235/235
f 235/235/235 234/234/234 236/236/236
f 235/235/235 236/236/236 237/237/237
f 237/237/237 236/236/236 238/238/238
f 237/237/237 238/238/238 239/239/239
f 239/239/239 238/238/238 240/240/240
f 239/239/239 240/240/240 241/241/241
f 241/241/241 240/240/240 242/242/242
f 241/241/241 242/242/242 243/243/243
f 243/243/243 242/242/242 244/244/244
f 243/243/243 244/244/244 245/245/245
f 245/245/245 244/244/244 246/246/246
f 245/245/245 246/246/246 247/247/247
f 247/247/247 246/246/246 248/248/248
f 247/247/247 248/248/248 249/249/249
f 249/249/249 248/248/248 250/250/250
f 249/249/249 250/250/250 251/251/251
f 251/251/251 250/250/250 252/252/252
f 251/251/251 252/252/252 253/253/253
f 253/253/253 252/252/252 254/254/254
f 253/253/253 254/254/254 255/255/255
f 255/255/255 254/254/254 256/256/256
f 255/255/255 256/256/256 257/257/257
f 257/257/257 256/256/256 258/258/258
f 257/257/257 258/258/258 259/259/259
f 259/259/259 258/258/258 260/260/260
f 259/259/259 260/260/260 261/261/261
f 261/261/261 260/260/260 262/262/262
f 261/261/261 262/262/262 263/263/263
f 263/263/263 262/262/262 264/264/264
f 263/263/263 264/264/264 265/265/265
f 265/265/265 264/264/264 266/266/266
f 265/265/265 266/266/266 267/267/267
f 267/267/267 266/266/266 268/268/268
f 254/254/254 269/269/269 256/256/256
f 254/254/254 270/270/270 269/269/269
f 270/270/270 271/271/271 269/269/269
f 270/270/270 272/272/272 271/271/271
f 252/252/252 272/272/272 270/270/270
f 252/252/252 270/270/270 254/254/254
f 250/250/250 272/272/272 252/252/252
f 250/250/250 273/273/273 272/272/272
f 248/248/248 273/273/273 250/250/250
f 248/248/248 274/274/274 273/273/273
f 274/274/274 275/275/275 273/273/273
f 273/273/273 275/275/275 276/276/276
f 275/275/275 277/277/277 276/276/276
f 276/276/276 277/277/277 278/278/278
f 274/274/274 279/279/279 275/275/275
f 275/275/275 279/279/279 280/280/280
f 281/281/281 275/275/275 280/280/280
f 282/282/282 275/275/275 281/281/281
f 283/283/283 282/282/282 281/281/281
f 246/246/246 279/279/279 274/274/274
f 246/246/246 274/274/274 248/248/248
f 244/244/244 279/279/279 246/246/246
f 244/244/244 284/284/284 279/279/279
f 242/242/242 284/284/284 244/244/244
f 242/242/242 285/285/285 284/284/284
f 285/285/285 286/286/286 284/284/284
f 284/284/284 286/286/286 287/287/287
f 286/286/286 288/288/288 287/287/287
f 288/288/288 286/286/286 289/289/289
f 286/286/286 290/290/290 289/289/289
f 285/285/285 290/290/290 286/286/286
f 240/240/240 290/290/290 285/285/285
f 240/240/240 285/285/285 242/242/242
f 238/238/238 290/290/290 240/240/240
f 238/238/238 291/291/291 290/290/290
f 236/236/236 291/291/291 238/238/238
f 236/236/236 292/292/292 291/291/291
f 292/292/292 293/293/293 291/291/291
f 291/291/291 293/293/293 294/294/294
f 293/293/293 295/295/295 294/294/294
f 295/295/295 293/293/293 296/296/296
f 293/293/293 297/297/297 296/296/296
f 292/292/292 297/297/297 293/293/293
f 234/234/234 297/297/297 292/292/292
f 234/234/234 292/292/292 236/236/236
f 229/229/229 297/297/297 234/234/234
f 229/229/229 298/298/298 297/297/297
f 230/230/230 298/298/298 229/229/229
f 301/301/301 300/300/300 299/299/299
f 304/304/304 303/303/303 302/302/302
f 303/303/303 305/305/305 302/302/302
f 308/308/308 307/307/307 306/306/306
f 309/309/309 308/308/308 306/306/306
f 256/256/256 269/269/269 310/310/310
f 256/256/256 310/310/310 258/258/258
f 258/258/258 310/310/310 311/311/311
f 311/311/311 310/310/310 312/312/312
f 311/311/311 312/312/312 313/313/313
f 260/260/260 311/311/311 313/313/313
f 258/258/258 311/311/311 260/260/260
f 260/260/260 313/313/313 262/262/262
f 262/262/262 313/313/313 314/314/314
f 262/262/262 314/314/314 264/264/264
f 264/264/264 314/314/314 315/315/315
f 315/315/315 314/314/314 316/316/316
f 264/264/264 315/315/315 266/266/266
f 266/266/266 315/315/315 317/317/317
f 315/315/315 318/318/318 317/317/317
f 266/266/266 317/317/317 268/268/268
f 268/268/268 317/317/317 319/319/319
f 322/322/322 321/321/321 320/320/320
f 324/324/324 323/323/323 320/320/320
f 327/327/327 326/326/326 325/325/325
f 326/326/326 328/328/328 325/325/325
f 331/331/331 330/330/330 329/329/329
f 330/330/330 332/332/332 329/329/329
f 335/335/335 334/334/334 333/333/333
f 336/336/336 335/335/335 333/333/333
f 339/339/339 338/338/338 337/337/337
f 340/340/340 338/338/338 339/339/339
f 340/340/340 341/341/341 338/338/338
f 342/342/342 341/341/341 340/340/340
f 343/343/343 340/340/340 339/339/339
f 344/344/344 340/340/340 343/343/343
f 344/344/344 342/342/342 340/340/340
f 345/345/345 342/342/342 344/344/344
f 346/346/346 344/344/344 343/343/343
f 347/347/347 344/344/344 346/346/346
f 347/347/347 345/345/345 344/344/344
f 348/348/348 345/345/345 347/347/347
f 349/349/349 347/347/347 346/346/346
f 350/350/350 347/347/347 349/349/349
f 350/350/350 348/348/348 347/347/347
f 351/351/351 348/348/348 350/350/350
f 351/351/351 352/352/352 348/348/348
f 352/352/352 353/353/353 348/348/348
f 348/348/348 353/353/353 345/345/345
f 352/352/352 354/354/354 353/353/353
f 354/354/354 355/355/355 353/353/353
f 353/353/353 355/355/355 356/356/356
f 345/345/345 356/356/356 342/342/342
f 353/353/353 356/356/356 345/345/345
f 355/355/355 357/357/357 356/356/356
f 356/356/356 357/357/357 358/358/358
f 356/356/356 358/358/358 342/342/342
f 342/342/342 358/358/358 341/341/341
f 359/359/359 354/354/354 352/352/352
f 360/360/360 359/359/359 352/352/352
f 360/360/360 352/352/352 351/351/351
f 361/361/361 359/359/359 360/360/360
f 362/362/362 361/361/361 360/360/360
f 363/363/363 361/361/361 362/362/362
f 362/362/362 360/360/360 364/364/364
f 364/364/364 360/360/360 351/351/351
f 364/364/364 351/351/351 365/365/365
f 365/365/365 351/351/351 350/350/350
f 365/365/365 350/350/350 366/366/366
f 366/366/366 350/350/350 349/349/349
f 367/367/367 363/363/363 362/362/362
f 368/368/368 363/363/363 367/367/367
f 369/369/369 368/368/368 367/367/367
f 370/370/370 368/368/368 369/369/369
f 371/371/371 370/370/370 369/369/369
f 372/372/372 370/370/370 371/371/371
f 371/371/371 369/369/369 373/373/373
f 373/373/373 369/369/369 374/374/374
f 369/369/369 367/367/367 374/374/374
f 373/373/373 374/374/374 375/375/375
f 375/375/375 374/374/374 376/376/376
f 375/375/375 376/376/376 377/377/377
f 377/377/377 376/376/376 378/378/378
f 379/379/379 372/372/372 371/371/371
f 380/380/380 372/372/372 379/379/379
f 381/381/381 371/371/371 373/373/373
f 379/379/379 371/371/371 381/381/381
f 382/382/382 373/373/373 375/375/375
f 381/381/381 373/373/373 382/382/382
f 383/383/383 375/375/375 377/377/377
f 382/382/382 375/375/375 383/383/383
f 384/384/384 380/380/380 379/379/379
f 385/385/385 380/380/380 384/384/384
f 386/386/386 379/379/379 381/381/381
f 384/384/384 379/379/379 386/386/386
f 387/387/387 381/381/381 382/382/382
f 386/386/386 381/381/381 387/387/387
f 388/388/388 382/382/382 383/383/383
f 387/387/387 382/382/382 388/388/388
f 374/374/374 389/389/389 376/376/376
f 374/374/374 367/367/367 389/389/389
f 376/376/376 389/389/389 390/390/390
f 376/376/376 390/390/390 378/378/378
f 378/378/378 390/390/390 391/391/391
f 367/367/367 362/362/362 389/389/389
f 389/389/389 362/362/362 364/364/364
f 389/389/389 364/364/364 390/390/390
f 390/390/390 364/364/364 365/365/365
f 390/390/390 365/365/365 391/391/391
f 391/391/391 365/365/365 366/366/366
f 394/394/394 393/393/393 392/392/392
f 395/395/395 393/393/393 394/394/394
f 396/396/396 392/392/392 393/393/393
f 397/397/397 392/392/392 396/396/396
f 395/395/395 398/398/398 393/393/393
f 398/398/398 396/396/396 393/393/393
f 399/399/399 398/398/398 395/395/395
f 400/400/400 396/396/396 398/398/398
f 401/401/401 397/397/397 396/396/396
f 402/402/402 397/397/397 401/401/401
f 403/403/403 402/402/402 401/401/401
f 404/404/404 402/402/402 403/403/403
f 405/405/405 403/403/403 401/401/401
f 396/396/396 405/405/405 401/401/401
f 400/400/400 405/405/405 396/396/396
f 406/406/406 403/403/403 405/405/405
f 407/407/407 399/399/399 395/395/395
f 408/408/408 399/399/399 407/407/407
f 409/409/409 408/408/408 407/407/407
f 409/409/409 407/407/407 410/410/410
f 411/411/411 409/409/409 410/410/410
f 412/412/412 409/409/409 411/411/411
f 413/413/413 412/412/412 411/411/411
f 414/414/414 412/412/412 413/413/413
f 410/410/410 407/407/407 415/415/415
f 414/414/414 416/416/416 412/412/412
f 417/417/417 416/416/416 414/414/414
f 412/412/412 418/418/418 409/409/409
f 416/416/416 418/418/418 412/412/412
f 418/418/418 408/408/408 409/409/409
f 419/419/419 417/417/417 414/414/414
f 420/420/420 417/417/417 419/419/419
f 421/421/421 420/420/420 419/419/419
f 422/422/422 414/414/414 413/413/413
f 419/419/419 414/414/414 422/422/422
f 423/423/423 419/419/419 422/422/422
f 424/424/424 419/419/419 423/423/423
f 415/415/415 395/395/395 394/394/394
f 407/407/407 395/395/395 415/415/415
f 427/427/427 426/426/426 425/425/425
f 430/430/430 429/429/429 428/428/428
f 433/433/433 432/432/432 431/431/431
f 436/436/436 435/435/435 434/434/434
f 437/437/437 435/435/435 436/436/436
f 440/440/440 439/439/439 438/438/438
f 441/441/441 439/439/439 440/440/440
f 438/438/438 442/442/442 440/440/440
f 440/440/440 442/442/442 443/443/443
f 444/444/444 443/443/443 442/442/442
f 445/445/445 443/443/443 444/444/444
f 445/445/445 446/446/446 443/443/443
f 447/447/447 446/446/446 445/445/445
f 443/443/443 448/448/448 440/440/440
f 446/446/446 448/448/448 443/443/443
f 449/449/449 440/440/440 448/448/448
f 441/441/441 440/440/440 449/449/449
f 447/447/447 445/445/445 450/450/450
f 450/450/450 445/445/445 451/451/451
f 445/445/445 444/444/444 451/451/451
f 451/451/451 444/444/444 452/452/452
f 453/453/453 439/439/439 441/441/441
f 449/449/449 454/454/454 441/441/441
f 441/441/441 454/454/454 455/455/455
f 454/454/454 456/456/456 455/455/455
f 459/459/459 458/458/458 457/457/457
f 460/460/460 459/459/459 457/457/457
f 463/463/463 462/462/462 461/461/461
f 466/466/466 465/465/465 464/464/464
f 467/467/467 465/465/465 466/466/466
f 464/464/464 468/468/468 466/466/466
f 466/466/466 468/468/468 469/469/469
f 470/470/470 469/469/469 468/468/468
f 471/471/471 469/469/469 470/470/470
f 469/469/469 472/472/472 466/466/466
f 473/473/473 472/472/472 469/469/469
f 474/474/474 473/473/473 469/469/469
f 475/475/475 466/466/466 472/472/472
f 467/467/467 466/466/466 475/475/475
f 471/471/471 470/470/470 476/476/476
f 475/475/475 477/477/477 467/467/467
f 467/467/467 477/477/477 478/478/478
f 477/477/477 479/479/479 478/478/478
f 480/480/480 465/465/465 467/467/467
f 479/479/479 481/481/481 478/478/478
f 483/483/483 474/474/474 482/482/482
f 482/482/482 474/474/474 484/484/484
f 483/483/483 486/486/486 485/485/485
f 489/489/489 488/488/488 487/487/487
f 491/491/491 470/470/470 490/490/490
f 493/493/493 492/492/492 490/490/490
f 496/496/496 495/495/495 494/494/494
f 497/497/497 496/496/496 494/494/494
f 498/498/498 496/496/496 497/497/497
f 500/500/500 465/465/465 499/499/499
f 501/501/501 500/500/500 499/499/499
f 504/504/504 503/503/503 502/502/502
f 507/507/507 506/506/506 505/505/505
f 508/508/508 506/506/506 507/507/507
f 511/511/511 510/510/510 509/509/509
f 512/512/512 510/510/510 511/511/511
f 511/511/511 513/513/513 512/512/512
f 512/512/512 513/513/513 514/514/514
f 515/515/515 514/514/514 513/513/513
f 516/516/516 514/514/514 515/515/515
f 517/517/517 516/516/516 515/515/515
f 518/518/518 516/516/516 517/517/517
f 519/519/519 509/509/509 510/510/510
f 520/520/520 509/509/509 519/519/519
f 514/514/514 521/521/521 512/512/512
f 522/522/522 521/521/521 514/514/514
f 523/523/523 522/522/522 514/514/514
f 512/512/512 524/524/524 510/510/510
f 521/521/521 524/524/524 512/512/512
f 524/524/524 525/525/525 510/510/510
f 527/527/527 520/520/520 526/526/526
f 528/528/528 520/520/520 527/527/527
f 531/531/531 530/530/530 529/529/529
f 530/530/530 532/532/532 529/529/529
f 535/535/535 534/534/534 533/533/533
f 536/536/536 535/535/535 533/533/533
f 539/539/539 538/538/538 537/537/537
f 539/539/539 540/540/540 538/538/538
f 538/538/538 540/540/540 541/541/541
f 540/540/540 542/542/542 541/541/541
f 545/545/545 544/544/544 543/543/543
f 546/546/546 545/545/545 543/543/543
f 548/548/548 545/545/545 547/547/547
f 550/550/550 548/548/548 549/549/549
f 551/551/551 548/548/548 550/550/550
f 550/550/550 553/553/553 552/552/552
f 552/552/552 553/553/553 554/554/554
f 553/553/553 555/555/555 554/554/554
f 554/554/554 555/555/555 556/556/556
f 555/555/555 557/557/557 556/556/556
f 556/556/556 557/557/557 558/558/558
f 561/561/561 560/560/560 559/559/559
f 564/564/564 563/563/563 562/562/562
f 567/567/567 566/566/566 565/565/565
f 568/568/568 566/566/566 567/567/567
f 569/569/569 565/565/565 566/566/566
f 568/568/568 570/570/570 566/566/566
f 570/570/570 571/571/571 566/566/566
f 572/572/572 570/570/570 568/568/568
f 573/573/573 571/571/571 570/570/570
f 573/573/573 574/574/574 571/571/571
f 575/575/575 572/572/572 568/568/568
f 576/576/576 568/568/568 567/567/567
f 577/577/577 568/568/568 576/576/576
f 577/577/577 575/575/575 568/568/568
f 578/578/578 577/577/577 576/576/576
f 579/579/579 577/577/577 578/578/578
f 579/579/579 580/580/580 577/577/577
f 580/580/580 575/575/575 577/577/577
f 581/581/581 580/580/580 579/579/579
f 582/582/582 579/579/579 578/578/578
f 583/583/583 579/579/579 582/582/582
f 583/583/583 581/581/581 579/579/579
f 584/584/584 583/583/583 582/582/582
f 585/585/585 583/583/583 584/584/584
f 586/586/586 581/581/581 583/583/583
f 588/588/588 565/565/565 587/587/587
f 589/589/589 588/588/588 587/587/587
f 591/591/591 588/588/588 590/590/590
f 593/593/593 592/592/592 589/589/589
f 596/596/596 595/595/595 594/594/594
f 595/595/595 597/597/597 594/594/594
f 600/600/600 599/599/599 598/598/598
f 603/603/603 602/602/602 601/601/601
f 604/604/604 603/603/603 601/601/601
f 605/605/605 603/603/603 604/604/604
f 606/606/606 605/605/605 604/604/604
f 607/607/607 605/605/605 606/606/606
f 608/608/608 607/607/607 606/606/606
f 611/611/611 610/610/610 609/609/609
f 610/610/610 612/612/612 609/609/609
f 613/613/613 610/610/610 611/611/611
f 614/614/614 613/613/613 611/611/611
f 617/617/617 616/616/616 615/615/615
f 618/618/618 617/617/617 615/615/615
f 620/620/620 617/617/617 619/619/619
f 623/623/623 622/622/622 621/621/621
f 623/623/623 625/625/625 624/624/624
f 626/626/626 625/625/625 623/623/623
f 629/629/629 628/628/628 627/627/627
f 632/632/632 631/631/631 630/630/630
f 635/635/635 634/634/634 633/633/633
f 636/636/636 634/634/634 635/635/635
f 633/633/633 637/637/637 635/635/635
f 635/635/635 637/637/637 638/638/638
f 639/639/639 638/638/638 637/637/637
f 640/640/640 638/638/638 639/639/639
f 640/640/640 641/641/641 638/638/638
f 642/642/642 641/641/641 640/640/640
f 638/638/638 643/643/643 635/635/635
f 641/641/641 643/643/643 638/638/638
f 644/644/644 635/635/635 643/643/643
f 645/645/645 635/635/635 644/644/644
f 642/642/642 640/640/640 646/646/646
f 646/646/646 640/640/640 647/647/647
f 640/640/640 639/639/639 647/647/647
f 647/647/647 639/639/639 648/648/648
f 649/649/649 634/634/634 636/636/636
f 650/650/650 634/634/634 649/649/649
f 651/651/651 650/650/650 649/649/649
f 644/644/644 652/652/652 645/645/645
f 647/647/647 648/648/648 653/653/653
f 653/653/653 646/646/646 647/647/647
f 653/653/653 648/648/648 654/654/654
f 655/655/655 646/646/646 653/653/653
f 657/657/657 651/651/651 656/656/656
f 659/659/659 657/657/657 658/658/658
f 660/660/660 659/659/659 658/658/658
f 663/663/663 662/662/662 661/661/661
f 664/664/664 662/662/662 663/663/663
f 663/663/663 661/661/661 665/665/665
f 665/665/665 661/661/661 666/666/666
f 667/667/667 664/664/664 663/663/663
f 668/668/668 664/664/664 667/667/667
f 669/669/669 663/663/663 665/665/665
f 667/667/667 663/663/663 669/669/669
f 669/669/669 665/665/665 670/670/670
f 671/671/671 668/668/668 667/667/667
f 672/672/672 668/668/668 671/671/671
f 673/673/673 667/667/667 669/669/669
f 671/671/671 667/667/667 673/673/673
f 674/674/674 669/669/669 670/670/670
f 673/673/673 669/669/669 674/674/674
f 674/674/674 670/670/670 675/675/675
f 675/675/675 670/670/670 676/676/676
f 670/670/670 677/677/677 676/676/676
f 678/678/678 672/672/672 671/671/671
f 679/679/679 671/671/671 673/673/673
f 680/680/680 671/671/671 679/679/679
f 681/681/681 672/672/672 680/680/680
f 682/682/682 673/673/673 674/674/674
f 683/683/683 673/673/673 682/682/682
f 684/684/684 674/674/674 675/675/675
f 685/685/685 674/674/674 684/684/684
f 686/686/686 681/681/681 680/680/680
f 687/687/687 685/685/685 684/684/684
f 689/689/689 681/681/681 688/688/688
f 690/690/690 689/689/689 688/688/688
f 691/691/691 689/689/689 690/690/690
f 692/692/692 691/691/691 690/690/690
f 694/694/694 680/680/680 693/693/693
f 696/696/696 691/691/691 695/695/695
f 697/697/697 696/696/696 695/695/695
f 698/698/698 696/696/696 697/697/697
f 699/699/699 698/698/698 697/697/697
f 700/700/700 698/698/698 699/699/699
f 699/699/699 697/697/697 701/701/701
f 701/701/701 697/697/697 702/702/702
f 697/697/697 703/703/703 702/702/702
f 702/702/702 703/703/703 704/704/704
f 703/703/703 705/705/705 704/704/704
f 701/701/701 702/702/702 706/706/706
f 706/706/706 702/702/702 707/707/707
f 702/702/702 708/708/708 707/707/707
f 707/707/707 708/708/708 709/709/709
f 708/708/708 710/710/710 709/709/709
f 711/711/711 700/700/700 699/699/699
f 712/712/712 700/700/700 711/711/711
f 713/713/713 699/699/699 701/701/701
f 711/711/711 699/699/699 713/713/713
f 714/714/714 701/701/701 706/706/706
f 713/713/713 701/701/701 714/714/714
f 714/714/714 706/706/706 715/715/715
f 718/718/718 717/717/717 716/716/716
f 719/719/719 718/718/718 716/716/716
f 722/722/722 721/721/721 720/720/720
f 721/721/721 723/723/723 720/720/720
f 726/726/726 725/725/725 724/724/724
f 727/727/727 726/726/726 724/724/724
f 730/730/730 729/729/729 728/728/728
f 729/729/729 731/731/731 728/728/728
f 734/734/734 733/733/733 732/732/732
f 737/737/737 736/736/736 735/735/735
f 738/738/738 736/736/736 737/737/737
f 739/739/739 738/738/738 737/737/737
f 742/742/742 741/741/741 740/740/740
f 740/740/740 741/741/741 743/743/743
f 745/745/745 744/744/744 740/740/740
f 748/748/748 747/747/747 746/746/746
f 747/747/747 749/749/749 746/746/746
f 751/751/751 750/750/750 748/748/748
f 752/752/752 751/751/751 748/748/748
f 754/754/754 753/753/753 752/752/752
f 756/756/756 755/755/755 752/752/752
f 757/757/757 754/754/754 756/756/756
f 758/758/758 757/757/757 756/756/756
f 759/759/759 757/757/757 758/758/758
f 760/760/760 759/759/759 758/758/758
f 763/763/763 762/762/762 761/761/761
f 764/764/764 762/762/762 763/763/763
f 761/761/761 765/765/765 763/763/763
f 763/763/763 765/765/765 766/766/766
f 767/767/767 766/766/766 765/765/765
f 768/768/768 766/766/766 767/767/767
f 768/768/768 769/769/769 766/766/766
f 770/770/770 769/769/769 768/768/768
f 766/766/766 771/771/771 763/763/763
f 769/769/769 771/771/771 766/766/766
f 772/772/772 763/763/763 771/771/771
f 764/764/764 763/763/763 772/772/772
f 770/770/770 768/768/768 773/773/773
f 773/773/773 768/768/768 774/774/774
f 768/768/768 767/767/767 774/774/774
f 774/774/774 767/767/767 775/775/775
f 776/776/776 762/762/762 764/764/764
f 777/777/777 762/762/762 776/776/776
f 778/778/778 777/777/777 776/776/776
f 764/764/764 779/779/779 776/776/776
f 772/772/772 779/779/779 764/764/764
f 779/779/779 780/780/780 776/776/776
f 780/780/780 778/778/778 776/776/776
f 774/774/774 775/775/775 781/781/781
f 781/781/781 773/773/773 774/774/774
f 781/781/781 775/775/775 782/782/782
f 783/783/783 773/773/773 781/781/781
f 786/786/786 785/785/785 784/784/784
f 787/787/787 785/785/785 786/786/786
f 784/784/784 788/788/788 786/786/786
f 786/786/786 788/788/788 789/789/789
f 790/790/790 789/789/789 788/788/788
f 791/791/791 789/789/789 790/790/790
f 791/791/791 792/792/792 789/789/789
f 793/793/793 792/792/792 791/791/791
f 789/789/789 794/794/794 786/786/786
f 792/792/792 794/794/794 789/789/789
f 795/795/795 786/786/786 794/794/794
f 787/787/787 786/786/786 795/795/795
f 793/793/793 791/791/791 796/796/796
f 796/796/796 791/791/791 797/797/797
f 791/791/791 790/790/790 797/797/797
f 797/797/797 790/790/790 798/798/798
f 799/799/799 785/785/785 787/787/787
f 800/800/800 785/785/785 799/799/799
f 787/787/787 801/801/801 799/799/799
f 795/795/795 801/801/801 787/787/787
f 797/797/797 798/798/798 802/802/802
f 802/802/802 796/796/796 797/797/797
f 802/802/802 798/798/798 803/803/803
f 804/804/804 803/803/803 798/798/798
f 805/805/805 803/803/803 804/804/804
f 806/806/806 805/805/805 804/804/804
f 806/806/806 804/804/804 807/807/807
f 807/807/807 804/804/804 808/808/808
f 804/804/804 798/798/798 808/808/808
f 809/809/809 805/805/805 806/806/806
f 808/808/808 798/798/798 790/790/790
f 811/811/811 800/800/800 810/810/810
f 812/812/812 811/811/811 799/799/799
f 815/815/815 814/814/814 813/813/813
f 818/818/818 817/817/817 816/816/816
f 821/821/821 820/820/820 819/819/819
f 822/822/822 820/820/820 821/821/821
f 819/819/819 823/823/823 821/821/821
f 821/821/821 823/823/823 824/824/824
f 825/825/825 824/824/824 823/823/823
f 826/826/826 824/824/824 825/825/825
f 826/826/826 827/827/827 824/824/824
f 828/828/828 827/827/827 826/826/826
f 824/824/824 829/829/829 821/821/821
f 827/827/827 829/829/829 824/824/824
f 830/830/830 821/821/821 829/829/829
f 822/822/822 821/821/821 830/830/830
f 828/828/828 826/826/826 831/831/831
f 831/831/831 826/826/826 832/832/832
f 826/826/826 825/825/825 832/832/832
f 832/832/832 825/825/825 833/833/833
f 834/834/834 820/820/820 822/822/822
f 822/822/822 835/835/835 834/834/834
f 830/830/830 835/835/835 822/822/822
f 832/832/832 833/833/833 836/836/836
f 836/836/836 831/831/831 832/832/832
f 836/836/836 833/833/833 837/837/837
f 838/838/838 831/831/831 836/836/836
f 835/835/835 840/840/840 839/839/839
f 843/843/843 842/842/842 841/841/841
f 844/844/844 843/843/843 841/841/841
f 847/847/847 846/846/846 845/845/845
f 850/850/850 849/849/849 848/848/848
f 851/851/851 849/849/849 850/850/850
f 848/848/848 852/852/852 850/850/850
f 850/850/850 852/852/852 853/853/853
f 854/854/854 853/853/853 852/852/852
f 855/855/855 853/853/853 854/854/854
f 855/855/855 856/856/856 853/853/853
f 857/857/857 856/856/856 855/855/855
f 853/853/853 858/858/858 850/850/850
f 856/856/856 858/858/858 853/853/853
f 859/859/859 850/850/850 858/858/858
f 851/851/851 850/850/850 859/859/859
f 857/857/857 855/855/855 860/860/860
f 860/860/860 855/855/855 861/861/861
f 855/855/855 854/854/854 861/861/861
f 861/861/861 854/854/854 862/862/862
f 863/863/863 849/849/849 851/851/851
f 864/864/864 849/849/849 863/863/863
f 851/851/851 865/865/865 863/863/863
f 859/859/859 865/865/865 851/851/851
f 861/861/861 862/862/862 866/866/866
f 867/867/867 860/860/860 861/861/861
f 869/869/869 864/864/864 868/868/868
f 865/865/865 871/871/871 870/870/870
f 873/873/873 872/872/872 863/863/863
f 867/867/867 875/875/875 874/874/874
f 877/877/877 860/860/860 876/876/876
f 880/880/880 879/879/879 878/878/878
f 878/878/878 881/881/881 880/880/880
f 880/880/880 881/881/881 882/882/882
f 883/883/883 882/882/882 881/881/881
f 885/885/885 884/884/884 883/883/883
f 887/887/887 886/886/886 882/882/882
f 886/886/886 888/888/888 882/882/882
f 890/890/890 886/886/886 889/889/889
f 890/890/890 889/889/889 891/891/891
f 891/891/891 889/889/889 892/892/892
f 893/893/893 891/891/891 892/892/892
f 894/894/894 891/891/891 893/893/893
f 896/896/896 888/888/888 895/895/895
f 897/897/897 895/895/895 888/888/888
f 898/898/898 895/895/895 897/897/897
f 897/897/897 899/899/899 898/898/898
f 898/898/898 899/899/899 900/900/900
f 899/899/899 901/901/901 900/900/900
f 904/904/904 903/903/903 902/902/902
f 905/905/905 903/903/903 904/904/904
f 906/906/906 903/903/903 905/905/905
f 907/907/907 906/906/906 905/905/905
f 910/910/910 909/909/909 908/908/908
f 908/908/908 909/909/909 911/911/911
f 913/913/913 911/911/911 912/912/912
f 916/916/916 915/915/915 914/914/914
f 919/919/919 918/918/918 917/917/917
f 922/922/922 921/921/921 920/920/920
f 923/923/923 921/921/921 922/922/922
f 920/920/920 924/924/924 922/922/922
f 922/922/922 924/924/924 925/925/925
f 926/926/926 925/925/925 924/924/924
f 927/927/927 925/925/925 926/926/926
f 927/927/927 928/928/928 925/925/925
f 929/929/929 928/928/928 927/927/927
f 925/925/925 930/930/930 922/922/922
f 928/928/928 930/930/930 925/925/925
f 931/931/931 922/922/922 930/930/930
f 923/923/923 922/922/922 931/931/931
f 929/929/929 927/927/927 932/932/932
f 932/932/932 927/927/927 933/933/933
f 927/927/927 926/926/926 933/933/933
f 933/933/933 926/926/926 934/934/934
f 933/933/933 934/934/934 935/935/935
f 935/935/935 932/932/932 933/933/933
f 935/935/935 934/934/934 936/936/936
f 937/937/937 932/932/932 935/935/935
f 931/931/931 938/938/938 923/923/923
f 923/923/923 938/938/938 939/939/939
f 938/938/938 940/940/940 939/939/939
f 939/939/939 940/940/940 941/941/941
f 940/940/940 942/942/942 941/941/941
f 942/942/942 943/943/943 941/941/941
f 939/939/939 944/944/944 923/923/923
f 947/947/947 946/946/946 945/945/945
f 949/949/949 946/946/946 948/948/948
f 952/952/952 951/951/951 950/950/950
f 955/955/955 954/954/954 953/953/953
f 958/958/958 957/957/957 956/956/956
f 959/959/959 957/957/957 958/958/958
f 956/956/956 960/960/960 958/958/958
f 958/958/958 960/960/960 961/961/961
f 962/962/962 961/961/961 960/960/960
f 963/963/963 961/961/961 962/962/962
f 961/961/961 964/964/964 958/958/958
f 965/965/965 964/964/964 961/961/961
f 966/966/966 965/965/965 961/961/961
f 967/967/967 958/958/958 964/964/964
f 959/959/959 958/958/958 967/967/967
f 963/963/963 962/962/962 968/968/968
f 968/968/968 962/962/962 969/969/969
f 968/968/968 969/969/969 970/970/970
f 967/967/967 971/971/971 959/959/959
f 959/959/959 971/971/971 972/972/972
f 972/972/972 957/957/957 959/959/959
f 971/971/971 973/973/973 972/972/972
f 972/972/972 973/973/973 974/974/974
f 973/973/973 975/975/975 974/974/974
f 974/974/974 976/976/976 972/972/972
f 977/977/977 976/976/976 974/974/974
f 978/978/978 977/977/977 974/974/974
f 975/975/975 978/978/978 974/974/974
f 976/976/976 957/957/957 972/972/972
f 980/980/980 965/965/965 979/979/979
f 980/980/980 979/979/979 981/981/981
f 981/981/981 979/979/979 982/982/982
f 983/983/983 981/981/981 982/982/982
f 985/985/985 969/969/969 984/984/984
f 988/988/988 987/987/987 986/986/986
f 991/991/991 990/990/990 989/989/989
f 989/989/989 992/992/992 991/991/991
f 991/991/991 992/992/992 993/993/993
f 994/994/994 993/993/993 992/992/992
f 995/995/995 993/993/993 994/994/994
f 995/995/995 996/996/996 993/993/993
f 997/997/997 996/996/996 995/995/995
f 996/996/996 998/998/998 993/993/993
f 993/993/993 998/998/998 999/999/999
f 997/997/997 995/995/995 1000/1000/1000
f 1000/1000/1000 995/995/995 1001/1001/1001
f 995/995/995 994/994/994 1002/1002/1002
f 1003/1003/1003 1000/1000/1000 1001/1001/1001
f 1004/1004/1004 1000/1000/1000 1003/1003/1003
f 1006/1006/1006 990/990/990 1005/1005/1005
f 1008/1008/1008 994/994/994 1007/1007/1007
f 1008/1008/1008 1007/1007/1007 1009/1009/1009
f 1010/1010/1010 990/990/990 1006/1006/1006
f 1012/1012/1012 990/990/990 1011/1011/1011
f 1014/1014/1014 1012/1012/1012 1013/1013/1013
f 1017/1017/1017 1016/1016/1016 1015/1015/1015
f 1020/1020/1020 1019/1019/1019 1018/1018/1018
f 1018/1018/1018 1021/1021/1021 1020/1020/1020
f 1023/1023/1023 1021/1021/1021 1022/1022/1022
f 1021/1021/1021 1025/1025/1025 1024/1024/1024
f 1027/1027/1027 1025/1025/1025 1026/1026/1026
f 1025/1025/1025 1029/1029/1029 1028/1028/1028
f 1029/1029/1029 1031/1031/1031 1030/1030/1030
f 1034/1034/1034 1033/1033/1033 1032/1032/1032
f 1037/1037/1037 1036/1036/1036 1035/1035/1035
f 1038/1038/1038 1037/1037/1037 1035/1035/1035
f 1041/1041/1041 1040/1040/1040 1039/1039/1039
f 1042/1042/1042 1040/1040/1040 1041/1041/1041
f 1043/1043/1043 1042/1042/1042 1041/1041/1041
f 1044/1044/1044 1043/1043/1043 1041/1041/1041
f 1045/1045/1045 1041/1041/1041 1039/1039/1039
f 1046/1046/1046 1041/1041/1041 1045/1045/1045
f 1048/1048/1048 1047/1047/1047 1045/1045/1045
f 1051/1051/1051 1050/1050/1050 1049/1049/1049
f 1054/1054/1054 1053/1053/1053 1052/1052/1052
f 1055/1055/1055 1053/1053/1053 1054/1054/1054
f 1056/1056/1056 1054/1054/1054 1052/1052/1052
f 1057/1057/1057 1054/1054/1054 1056/1056/1056
f 1058/1058/1058 1057/1057/1057 1056/1056/1056
f 1059/1059/1059 1057/1057/1057 1058/1058/1058
f 1060/1060/1060 1059/1059/1059 1058/1058/1058
f 1058/1058/1058 1056/1056/1056 1061/1061/1061
f 1062/1062/1062 1058/1058/1058 1061/1061/1061
f 1063/1063/1063 1058/1058/1058 1062/1062/1062
f 1062/1062/1062 1061/1061/1061 1064/1064/1064
f 1065/1065/1065 1062/1062/1062 1064/1064/1064
f 1066/1066/1066 1062/1062/1062 1065/1065/1065
f 1067/1067/1067 1066/1066/1066 1065/1065/1065
f 1068/1068/1068 1066/1066/1066 1067/1067/1067
f 1071/1071/1071 1070/1070/1070 1069/1069/1069
f 1074/1074/1074 1073/1073/1073 1072/1072/1072
f 1077/1077/1077 1076/1076/1076 1075/1075/1075
f 1080/1080/1080 1079/1079/1079 1078/1078/1078
f 1083/1083/1083 1082/1082/1082 1081/1081/1081
f 1086/1086/1086 1085/1085/1085 1084/1084/1084
f 1087/1087/1087 1085/1085/1085 1086/1086/1086
f 1090/1090/1090 1089/1089/1089 1088/1088/1088
f 1093/1093/1093 1092/1092/1092 1091/1091/1091
f 1096/1096/1096 1095/1095/1095 1094/1094/1094
f 1097/1097/1097 1095/1095/1095 1096/1096/1096
f 1098/1098/1098 1097/1097/1097 1096/1096/1096
f 1099/1099/1099 1097/1097/1097 1098/1098/1098
f 1101/1101/1101 1100/1100/1100 1095/1095/1095
f 1103/1103/1103 1099/1099/1099 1102/1102/1102
f 1103/1103/1103 1102/1102/1102 1104/1104/1104
f 1102/1102/1102 1105/1105/1105 1098/1098/1098
f 1107/1107/1107 1102/1102/1102 1106/1106/1106
f 1108/1108/1108 1107/1107/1107 1106/1106/1106
f 1109/1109/1109 1107/1107/1107 1108/1108/1108
f 1111/1111/1111 1110/1110/1110 1107/1107/1107
f 1113/1113/1113 1112/1112/1112 1111/1111/1111
f 1113/1113/1113 1114/1114/1114 1112/1112/1112
f 1112/1112/1112 1114/1114/1114 1115/1115/1115
f 1115/1115/1115 1117/1117/1117 1116/1116/1116
f 1116/1116/1116 1119/1119/1119 1118/1118/1118
f 1119/1119/1119 1120/1120/1120 1118/1118/1118
f 1121/1121/1121 1119/1119/1119 1116/1116/1116
f 1122/1122/1122 1120/1120/1120 1119/1119/1119
f 1122/1122/1122 1123/1123/1123 1120/1120/1120
f 1120/1120/1120 1123/1123/1123 1124/1124/1124
f 1123/1123/1123 1125/1125/1125 1124/1124/1124
f 1125/1125/1125 1127/1127/1127 1126/1126/1126
f 1127/1127/1127 1129/1129/1129 1128/1128/1128
f 1132/1132/1132 1131/1131/1131 1130/1130/1130
f 1133/1133/1133 1132/1132/1132 1130/1130/1130
f 1135/1135/1135 1132/1132/1132 1134/1134/1134
f 1136/1136/1136 1135/1135/1135 1134/1134/1134
f 1139/1139/1139 1138/1138/1138 1137/1137/1137
f 1141/1141/1141 1111/1111/1111 1140/1140/1140
f 1143/1143/1143 1111/1111/1111 1142/1142/1142
f 1144/1144/1144 1143/1143/1143 1141/1141/1141
f 1146/1146/1146 1143/1143/1143 1145/1145/1145
f 1148/1148/1148 1109/1109/1109 1147/1147/1147
f 1150/1150/1150 1149/1149/1149 1108/1108/1108
f 1153/1153/1153 1152/1152/1152 1151/1151/1151
f 1156/1156/1156 1155/1155/1155 1154/1154/1154
f 1157/1157/1157 1156/1156/1156 1154/1154/1154
f 1157/1157/1157 1154/1154/1154 1158/1158/1158
f 1158/1158/1158 1154/1154/1154 1159/1159/1159
f 1154/1154/1154 1160/1160/1160 1159/1159/1159
f 1162/1162/1162 1158/1158/1158 1161/1161/1161
f 1163/1163/1163 1162/1162/1162 1161/1161/1161
f 1163/1163/1163 1161/1161/1161 1164/1164/1164
f 1161/1161/1161 1158/1158/1158 1165/1165/1165
f 1161/1161/1161 1165/1165/1165 1166/1166/1166
f 1168/1168/1168 1167/1167/1167 1163/1163/1163
f 1170/1170/1170 1165/1165/1165 1169/1169/1169
f 1172/1172/1172 1164/1164/1164 1171/1171/1171
f 1175/1175/1175 1174/1174/1174 1173/1173/1173
f 1178/1178/1178 1177/1177/1177 1176/1176/1176
f 1181/1181/1181 1180/1180/1180 1179/1179/1179
f 1184/1184/1184 1183/1183/1183 1182/1182/1182
f 1187/1187/1187 1186/1186/1186 1185/1185/1185
f 1188/1188/1188 1187/1187/1187 1185/1185/1185
f 1189/1189/1189 1187/1187/1187 1188/1188/1188
f 1192/1192/1192 1191/1191/1191 1190/1190/1190
f 1195/1195/1195 1194/1194/1194 1193/1193/1193
f 1198/1198/1198 1197/1197/1197 1196/1196/1196
f 1201/1201/1201 1200/1200/1200 1199/1199/1199
f 1202/1202/1202 1199/1199/1199 1200/1200/1200
f 1204/1204/1204 1203/1203/1203 1201/1201/1201
f 1205/1205/1205 1204/1204/1204 1201/1201/1201
f 1206/1206/1206 1204/1204/1204 1205/1205/1205
f 1206/1206/1206 1207/1207/1207 1204/1204/1204
f 1207/1207/1207 1208/1208/1208 1204/1204/1204
f 1204/1204/1204 1208/1208/1208 1209/1209/1209
f 1208/1208/1208 1210/1210/1210 1209/1209/1209
f 1211/1211/1211 1210/1210/1210 1208/1208/1208
f 1211/1211/1211 1212/1212/1212 1210/1210/1210
f 1213/1213/1213 1207/1207/1207 1206/1206/1206
f 1214/1214/1214 1213/1213/1213 1206/1206/1206
f 1214/1214/1214 1206/1206/1206 1215/1215/1215
f 1215/1215/1215 1206/1206/1206 1205/1205/1205
f 1216/1216/1216 1213/1213/1213 1214/1214/1214
f 1217/1217/1217 1214/1214/1214 1215/1215/1215
f 1218/1218/1218 1214/1214/1214 1217/1217/1217
f 1218/1218/1218 1216/1216/1216 1214/1214/1214
f 1219/1219/1219 1218/1218/1218 1217/1217/1217
f 1220/1220/1220 1216/1216/1216 1218/1218/1218
f 1221/1221/1221 1220/1220/1220 1218/1218/1218
f 1221/1221/1221 1218/1218/1218 1222/1222/1222
f 1223/1223/1223 1220/1220/1220 1221/1221/1221
f 1224/1224/1224 1223/1223/1223 1221/1221/1221
f 1226/1226/1226 1212/1212/1212 1225/1225/1225
f 1212/1212/1212 1227/1227/1227 1225/1225/1225
f 1230/1230/1230 1229/1229/1229 1228/1228/1228
f 1231/1231/1231 1230/1230/1230 1228/1228/1228
f 1233/1233/1233 1230/1230/1230 1232/1232/1232
f 1234/1234/1234 1233/1233/1233 1232/1232/1232
f 1235/1235/1235 1234/1234/1234 1231/1231/1231
f 1238/1238/1238 1237/1237/1237 1236/1236/1236
f 1239/1239/1239 1237/1237/1237 1238/1238/1238
f 1240/1240/1240 1239/1239/1239 1238/1238/1238
f 1242/1242/1242 1241/1241/1241 1240/1240/1240
f 1243/1243/1243 1242/1242/1242 1240/1240/1240
f 1246/1246/1246 1245/1245/1245 1244/1244/1244
f 1247/1247/1247 1246/1246/1246 1244/1244/1244
f 1248/1248/1248 1246/1246/1246 1247/1247/1247
f 1249/1249/1249 1248/1248/1248 1247/1247/1247
f 1250/1250/1250 1248/1248/1248 1249/1249/1249
f 1253/1253/1253 1252/1252/1252 1251/1251/1251
f 1256/1256/1256 1255/1255/1255 1254/1254/1254
f 1259/1259/1259 1258/1258/1258 1257/1257/1257
f 1260/1260/1260 1258/1258/1258 1259/1259/1259
f 1261/1261/1261 1257/1257/1257 1258/1258/1258
f 1262/1262/1262 1257/1257/1257 1261/1261/1261
f 1260/1260/1260 1263/1263/1263 1258/1258/1258
f 1263/1263/1263 1261/1261/1261 1258/1258/1258
f 1264/1264/1264 1263/1263/1263 1260/1260/1260
f 1265/1265/1265 1261/1261/1261 1263/1263/1263
f 1266/1266/1266 1262/1262/1262 1261/1261/1261
f 1267/1267/1267 1262/1262/1262 1266/1266/1266
f 1261/1261/1261 1268/1268/1268 1266/1266/1266
f 1265/1265/1265 1268/1268/1268 1261/1261/1261
f 1268/1268/1268 1269/1269/1269 1266/1266/1266
f 1270/1270/1270 1260/1260/1260 1259/1259/1259
f 1271/1271/1271 1260/1260/1260 1270/1270/1270
f 1271/1271/1271 1264/1264/1264 1260/1260/1260
f 1271/1271/1271 1270/1270/1270 1272/1272/1272
f 1272/1272/1272 1270/1270/1270 1273/1273/1273
f 1274/1274/1274 1271/1271/1271 1272/1272/1272
f 1275/1275/1275 1271/1271/1271 1274/1274/1274
f 1275/1275/1275 1264/1264/1264 1271/1271/1271
f 1276/1276/1276 1272/1272/1272 1273/1273/1273
f 1277/1277/1277 1272/1272/1272 1276/1276/1276
f 1277/1277/1277 1274/1274/1274 1272/1272/1272
f 1277/1277/1277 1276/1276/1276 1278/1278/1278
f 1278/1278/1278 1276/1276/1276 1279/1279/1279
f 1280/1280/1280 1274/1274/1274 1277/1277/1277
f 1280/1280/1280 1277/1277/1277 1281/1281/1281
f 1281/1281/1281 1277/1277/1277 1282/1282/1282
f 1284/1284/1284 1283/1283/1283 1279/1279/1279
f 1286/1286/1286 1285/1285/1285 1284/1284/1284
f 1286/1286/1286 1281/1281/1281 1287/1287/1287
f 1288/1288/1288 1281/1281/1281 1286/1286/1286
f 1289/1289/1289 1286/1286/1286 1284/1284/1284
f 1290/1290/1290 1286/1286/1286 1289/1289/1289
f 1290/1290/1290 1288/1288/1288 1286/1286/1286
f 1291/1291/1291 1288/1288/1288 1290/1290/1290
f 1293/1293/1293 1292/1292/1292 1266/1266/1266
f 1292/1292/1292 1267/1267/1267 1266/1266/1266
f 1269/1269/1269 1293/1293/1293 1266/1266/1266
f 1296/1296/1296 1295/1295/1295 1294/1294/1294
f 1297/1297/1297 1295/1295/1295 1296/1296/1296
f 1298/1298/1298 1294/1294/1294 1295/1295/1295
f 1299/1299/1299 1294/1294/1294 1298/1298/1298
f 1297/1297/1297 1300/1300/1300 1295/1295/1295
f 1300/1300/1300 1301/1301/1301 1295/1295/1295
f 1302/1302/1302 1300/1300/1300 1297/1297/1297
f 1303/1303/1303 1301/1301/1301 1300/1300/1300
f 1304/1304/1304 1299/1299/1299 1298/1298/1298
f 1305/1305/1305 1299/1299/1299 1304/1304/1304
f 1306/1306/1306 1297/1297/1297 1296/1296/1296
f 1307/1307/1307 1297/1297/1297 1306/1306/1306
f 1307/1307/1307 1302/1302/1302 1297/1297/1297
f 1307/1307/1307 1306/1306/1306 1308/1308/1308
f 1308/1308/1308 1306/1306/1306 1309/1309/1309
f 1310/1310/1310 1307/1307/1307 1308/1308/1308
f 1311/1311/1311 1307/1307/1307 1310/1310/1310
f 1311/1311/1311 1302/1302/1302 1307/1307/1307
f 1312/1312/1312 1308/1308/1308 1309/1309/1309
f 1313/1313/1313 1308/1308/1308 1312/1312/1312
f 1313/1313/1313 1310/1310/1310 1308/1308/1308
f 1314/1314/1314 1310/1310/1310 1313/1313/1313
f 1315/1315/1315 1305/1305/1305 1304/1304/1304
f 1316/1316/1316 1315/1315/1315 1304/1304/1304
f 1319/1319/1319 1318/1318/1318 1317/1317/1317
f 1321/1321/1321 1320/1320/1320 1317/1317/1317
f 1320/1320/1320 1322/1322/1322 1317/1317/1317
f 1324/1324/1324 1323/1323/1323 1298/1298/1298
f 1327/1327/1327 1326/1326/1326 1325/1325/1325
f 1328/1328/1328 1326/1326/1326 1327/1327/1327
f 1328/1328/1328 1329/1329/1329 1326/1326/1326
f 1330/1330/1330 1329/1329/1329 1328/1328/1328
f 1330/1330/1330 1328/1328/1328 1331/1331/1331
f 1328/1328/1328 1327/1327/1327 1332/1332/1332
f 1333/1333/1333 1328/1328/1328 1332/1332/1332
f 1333/1333/1333 1332/1332/1332 1334/1334/1334
f 1334/1334/1334 1332/1332/1332 1335/1335/1335
f 1334/1334/1334 1335/1335/1335 1336/1336/1336
f 1334/1334/1334 1336/1336/1336 1337/1337/1337
f 1337/1337/1337 1338/1338/1338 1334/1334/1334
f 1339/1339/1339 1338/1338/1338 1337/1337/1337
f 1339/1339/1339 1340/1340/1340 1338/1338/1338
f 1341/1341/1341 1340/1340/1340 1339/1339/1339
f 1340/1340/1340 1341/1341/1341 1342/1342/1342
f 1342/1342/1342 1341/1341/1341 1343/1343/1343
f 1337/1337/1337 1336/1336/1336 1344/1344/1344
f 1336/1336/1336 1345/1345/1345 1344/1344/1344
f 1344/1344/1344 1345/1345/1345 1346/1346/1346
f 1336/1336/1336 1347/1347/1347 1345/1345/1345
f 1336/1336/1336 1335/1335/1335 1347/1347/1347
f 1345/1345/1345 1347/1347/1347 1348/1348/1348
f 1347/1347/1347 1349/1349/1349 1348/1348/1348
f 1348/1348/1348 1349/1349/1349 1350/1350/1350
f 1347/1347/1347 1351/1351/1351 1349/1349/1349
f 1335/1335/1335 1351/1351/1351 1347/1347/1347
f 1335/1335/1335 1352/1352/1352 1351/1351/1351
f 1332/1332/1332 1352/1352/1352 1335/1335/1335
f 1332/1332/1332 1327/1327/1327 1352/1352/1352
f 1342/1342/1342 1343/1343/1343 1353/1353/1353
f 1353/1353/1353 1343/1343/1343 1354/1354/1354
f 1353/1353/1353 1354/1354/1354 1355/1355/1355
f 1355/1355/1355 1354/1354/1354 1356/1356/1356
f 1359/1359/1359 1358/1358/1358 1357/1357/1357
f 1357/1357/1357 1358/1358/1358 1360/1360/1360
f 1360/1360/1360 1361/1361/1361 1357/1357/1357
f 1358/1358/1358 1362/1362/1362 1360/1360/1360
f 1362/1362/1362 1363/1363/1363 1360/1360/1360
f 1363/1363/1363 1364/1364/1364 1360/1360/1360
f 1365/1365/1365 1363/1363/1363 1362/1362/1362
f 1365/1365/1365 1366/1366/1366 1363/1363/1363
f 1367/1367/1367 1366/1366/1366 1365/1365/1365
f 1367/1367/1367 1368/1368/1368 1366/1366/1366
f 1369/1369/1369 1368/1368/1368 1367/1367/1367
f 1368/1368/1368 1370/1370/1370 1366/1366/1366
f 1366/1366/1366 1370/1370/1370 1371/1371/1371
f 1366/1366/1366 1371/1371/1371 1363/1363/1363
f 1326/1326/1326 1370/1370/1370 1368/1368/1368
f 1329/1329/1329 1370/1370/1370 1326/1326/1326
f 1325/1325/1325 1368/1368/1368 1369/1369/1369
f 1326/1326/1326 1368/1368/1368 1325/1325/1325
f 1373/1373/1373 1359/1359/1359 1372/1372/1372
f 1372/1372/1372 1375/1375/1375 1374/1374/1374
f 1376/1376/1376 1375/1375/1375 1372/1372/1372
f 1379/1379/1379 1378/1378/1378 1377/1377/1377
f 1381/1381/1381 1380/1380/1380 1361/1361/1361
f 1380/1380/1380 1382/1382/1382 1361/1361/1361
f 1361/1361/1361 1382/1382/1382 1383/1383/1383
f 1386/1386/1386 1385/1385/1385 1384/1384/1384
f 1387/1387/1387 1385/1385/1385 1386/1386/1386
f 1388/1388/1388 1384/1384/1384 1385/1385/1385
f 1389/1389/1389 1384/1384/1384 1388/1388/1388
f 1387/1387/1387 1390/1390/1390 1385/1385/1385
f 1390/1390/1390 1388/1388/1388 1385/1385/1385
f 1391/1391/1391 1390/1390/1390 1387/1387/1387
f 1392/1392/1392 1388/1388/1388 1390/1390/1390
f 1393/1393/1393 1389/1389/1389 1388/1388/1388
f 1394/1394/1394 1389/1389/1389 1393/1393/1393
f 1392/1392/1392 1395/1395/1395 1388/1388/1388
f 1388/1388/1388 1395/1395/1395 1396/1396/1396
f 1395/1395/1395 1397/1397/1397 1396/1396/1396
f 1398/1398/1398 1387/1387/1387 1386/1386/1386
f 1399/1399/1399 1387/1387/1387 1398/1398/1398
f 1399/1399/1399 1391/1391/1391 1387/1387/1387
f 1399/1399/1399 1398/1398/1398 1400/1400/1400
f 1400/1400/1400 1398/1398/1398 1401/1401/1401
f 1402/1402/1402 1399/1399/1399 1400/1400/1400
f 1403/1403/1403 1399/1399/1399 1402/1402/1402
f 1403/1403/1403 1391/1391/1391 1399/1399/1399
f 1404/1404/1404 1400/1400/1400 1401/1401/1401
f 1405/1405/1405 1400/1400/1400 1404/1404/1404
f 1405/1405/1405 1402/1402/1402 1400/1400/1400
f 1406/1406/1406 1402/1402/1402 1405/1405/1405
f 1407/1407/1407 1394/1394/1394 1393/1393/1393
f 1397/1397/1397 1408/1408/1408 1396/1396/1396
f 1410/1410/1410 1407/1407/1407 1409/1409/1409
f 1413/1413/1413 1412/1412/1412 1411/1411/1411
f 1414/1414/1414 1412/1412/1412 1413/1413/1413
f 1415/1415/1415 1411/1411/1411 1412/1412/1412
f 1416/1416/1416 1411/1411/1411 1415/1415/1415
f 1417/1417/1417 1416/1416/1416 1415/1415/1415
f 1418/1418/1418 1414/1414/1414 1413/1413/1413
f 1420/1420/1420 1419/1419/1419 1418/1418/1418
f 1420/1420/1420 1418/1418/1418 1421/1421/1421
f 1421/1421/1421 1418/1418/1418 1422/1422/1422
f 1423/1423/1423 1421/1421/1421 1422/1422/1422
f 1424/1424/1424 1421/1421/1421 1423/1423/1423
f 1424/1424/1424 1425/1425/1425 1421/1421/1421
f 1425/1425/1425 1426/1426/1426 1421/1421/1421
f 1427/1427/1427 1426/1426/1426 1425/1425/1425
f 1424/1424/1424 1423/1423/1423 1428/1428/1428
f 1429/1429/1429 1425/1425/1425 1424/1424/1424
f 1429/1429/1429 1424/1424/1424 1430/1430/1430
f 1430/1430/1430 1424/1424/1424 1431/1431/1431
f 1426/1426/1426 1433/1433/1433 1432/1432/1432
f 1433/1433/1433 1435/1435/1435 1434/1434/1434
f 1437/1437/1437 1435/1435/1435 1436/1436/1436
f 1435/1435/1435 1438/1438/1438 1436/1436/1436
f 1439/1439/1439 1438/1438/1438 1435/1435/1435
f 1439/1439/1439 1440/1440/1440 1438/1438/1438
f 1442/1442/1442 1440/1440/1440 1441/1441/1441
f 1440/1440/1440 1444/1444/1444 1443/1443/1443
f 1444/1444/1444 1445/1445/1445 1443/1443/1443
f 1447/1447/1447 1433/1433/1433 1446/1446/1446
f 1445/1445/1445 1449/1449/1449 1448/1448/1448
f 1449/1449/1449 1450/1450/1450 1448/1448/1448
f 1453/1453/1453 1452/1452/1452 1451/1451/1451
f 1455/1455/1455 1423/1423/1423 1454/1454/1454
f 1458/1458/1458 1457/1457/1457 1456/1456/1456
f 1461/1461/1461 1460/1460/1460 1459/1459/1459
f 1462/1462/1462 1461/1461/1461 1459/1459/1459
f 1463/1463/1463 1461/1461/1461 1462/1462/1462
f 1463/1463/1463 1464/1464/1464 1461/1461/1461
f 1464/1464/1464 1465/1465/1465 1461/1461/1461
f 1461/1461/1461 1465/1465/1465 1466/1466/1466
f 1467/1467/1467 1464/1464/1464 1463/1463/1463
f 1470/1470/1470 1469/1469/1469 1468/1468/1468
f 1471/1471/1471 1469/1469/1469 1470/1470/1470
f 1472/1472/1472 1468/1468/1468 1469/1469/1469
f 1473/1473/1473 1468/1468/1468 1472/1472/1472
f 1471/1471/1471 1474/1474/1474 1469/1469/1469
f 1474/1474/1474 1472/1472/1472 1469/1469/1469
f 1475/1475/1475 1474/1474/1474 1471/1471/1471
f 1476/1476/1476 1472/1472/1472 1474/1474/1474
f 1477/1477/1477 1473/1473/1473 1472/1472/1472
f 1478/1478/1478 1473/1473/1473 1477/1477/1477
f 1472/1472/1472 1479/1479/1479 1477/1477/1477
f 1476/1476/1476 1479/1479/1479 1472/1472/1472
f 1479/1479/1479 1480/1480/1480 1477/1477/1477
f 1481/1481/1481 1478/1478/1478 1477/1477/1477
f 1482/1482/1482 1481/1481/1481 1477/1477/1477
f 1480/1480/1480 1482/1482/1482 1477/1477/1477
f 1483/1483/1483 1475/1475/1475 1471/1471/1471
f 1484/1484/1484 1475/1475/1475 1483/1483/1483
f 1485/1485/1485 1484/1484/1484 1483/1483/1483
f 1485/1485/1485 1483/1483/1483 1486/1486/1486
f 1486/1486/1486 1483/1483/1483 1487/1487/1487
f 1488/1488/1488 1484/1484/1484 1485/1485/1485
f 1488/1488/1488 1485/1485/1485 1489/1489/1489
f 1489/1489/1489 1485/1485/1485 1490/1490/1490
f 1485/1485/1485 1486/1486/1486 1490/1490/1490
f 1489/1489/1489 1490/1490/1490 1491/1491/1491
f 1491/1491/1491 1490/1490/1490 1492/1492/1492
f 1490/1490/1490 1493/1493/1493 1492/1492/1492
f 1490/1490/1490 1486/1486/1486 1493/1493/1493
f 1492/1492/1492 1493/1493/1493 1494/1494/1494
f 1495/1495/1495 1492/1492/1492 1494/1494/1494
f 1496/1496/1496 1492/1492/1492 1495/1495/1495
f 1496/1496/1496 1491/1491/1491 1492/1492/1492
f 1496/1496/1496 1495/1495/1495 1497/1497/1497
f 1498/1498/1498 1491/1491/1491 1496/1496/1496
f 1498/1498/1498 1496/1496/1496 1499/1499/1499
f 1499/1499/1499 1496/1496/1496 1500/1500/1500
f 1500/1500/1500 1495/1495/1495 1501/1501/1501
f 1502/1502/1502 1497/1497/1497 1501/1501/1501
f 1503/1503/1503 1499/1499/1499 1497/1497/1497
f 1505/1505/1505 1499/1499/1499 1504/1504/1504
f 1508/1508/1508 1507/1507/1507 1506/1506/1506
f 1510/1510/1510 1509/1509/1509 1506/1506/1506
f 1511/1511/1511 1508/1508/1508 1510/1510/1510
f 1514/1514/1514 1513/1513/1513 1512/1512/1512
f 1516/1516/1516 1513/1513/1513 1515/1515/1515
f 1487/1487/1487 1471/1471/1471 1470/1470/1470
f 1483/1483/1483 1471/1471/1471 1487/1487/1487
f 1519/1519/1519 1518/1518/1518 1517/1517/1517
f 1520/1520/1520 1518/1518/1518 1519/1519/1519
f 1521/1521/1521 1517/1517/1517 1518/1518/1518
f 1522/1522/1522 1517/1517/1517 1521/1521/1521
f 1520/1520/1520 1523/1523/1523 1518/1518/1518
f 1523/1523/1523 1524/1524/1524 1518/1518/1518
f 1525/1525/1525 1523/1523/1523 1520/1520/1520
f 1526/1526/1526 1524/1524/1524 1523/1523/1523
f 1526/1526/1526 1527/1527/1527 1524/1524/1524
f 1528/1528/1528 1520/1520/1520 1519/1519/1519
f 1529/1529/1529 1520/1520/1520 1528/1528/1528
f 1529/1529/1529 1525/1525/1525 1520/1520/1520
f 1529/1529/1529 1528/1528/1528 1530/1530/1530
f 1530/1530/1530 1528/1528/1528 1531/1531/1531
f 1532/1532/1532 1529/1529/1529 1530/1530/1530
f 1533/1533/1533 1529/1529/1529 1532/1532/1532
f 1533/1533/1533 1525/1525/1525 1529/1529/1529
f 1534/1534/1534 1530/1530/1530 1531/1531/1531
f 1535/1535/1535 1530/1530/1530 1534/1534/1534
f 1535/1535/1535 1532/1532/1532 1530/1530/1530
f 1535/1535/1535 1534/1534/1534 1536/1536/1536
f 1536/1536/1536 1534/1534/1534 1537/1537/1537
f 1538/1538/1538 1532/1532/1532 1535/1535/1535
f 1538/1538/1538 1535/1535/1535 1539/1539/1539
f 1539/1539/1539 1535/1535/1535 1540/1540/1540
f 1541/1541/1541 1536/1536/1536 1537/1537/1537
f 1543/1543/1543 1527/1527/1527 1542/1542/1542
f 1542/1542/1542 1545/1545/1545 1544/1544/1544
f 1546/1546/1546 1545/1545/1545 1542/1542/1542
f 1547/1547/1547 1546/1546/1546 1542/1542/1542
f 1548/1548/1548 1547/1547/1547 1542/1542/1542
f 1549/1549/1549 1548/1548/1548 1542/1542/1542
f 1527/1527/1527 1549/1549/1549 1542/1542/1542
f 1551/1551/1551 1539/1539/1539 1550/1550/1550
f 1553/1553/1553 1539/1539/1539 1552/1552/1552
f 1556/1556/1556 1555/1555/1555 1554/1554/1554
f 1559/1559/1559 1558/1558/1558 1557/1557/1557
f 1562/1562/1562 1561/1561/1561 1560/1560/1560
f 1565/1565/1565 1564/1564/1564 1563/1563/1563
f 1568/1568/1568 1567/1567/1567 1566/1566/1566
f 1571/1571/1571 1570/1570/1570 1569/1569/1569
f 1572/1572/1572 1570/1570/1570 1571/1571/1571
f 1573/1573/1573 1569/1569/1569 1570/1570/1570
f 1574/1574/1574 1569/1569/1569 1573/1573/1573
f 1572/1572/1572 1575/1575/1575 1570/1570/1570
f 1575/1575/1575 1576/1576/1576 1570/1570/1570
f 1577/1577/1577 1575/1575/1575 1572/1572/1572
f 1578/1578/1578 1576/1576/1576 1575/1575/1575
f 1578/1578/1578 1579/1579/1579 1576/1576/1576
f 1580/1580/1580 1572/1572/1572 1571/1571/1571
f 1581/1581/1581 1572/1572/1572 1580/1580/1580
f 1581/1581/1581 1577/1577/1577 1572/1572/1572
f 1581/1581/1581 1580/1580/1580 1582/1582/1582
f 1582/1582/1582 1580/1580/1580 1583/1583/1583
f 1584/1584/1584 1581/1581/1581 1582/1582/1582
f 1585/1585/1585 1581/1581/1581 1584/1584/1584
f 1585/1585/1585 1577/1577/1577 1581/1581/1581
f 1586/1586/1586 1582/1582/1582 1583/1583/1583
f 1587/1587/1587 1582/1582/1582 1586/1586/1586
f 1587/1587/1587 1584/1584/1584 1582/1582/1582
f 1587/1587/1587 1586/1586/1586 1588/1588/1588
f 1588/1588/1588 1586/1586/1586 1589/1589/1589
f 1590/1590/1590 1584/1584/1584 1587/1587/1587
f 1590/1590/1590 1587/1587/1587 1591/1591/1591
f 1591/1591/1591 1587/1587/1587 1592/1592/1592
f 1593/1593/1593 1588/1588/1588 1589/1589/1589
f 1595/1595/1595 1591/1591/1591 1594/1594/1594
f 1597/1597/1597 1591/1591/1591 1596/1596/1596
f 1599/1599/1599 1597/1597/1597 1598/1598/1598
f 1601/1601/1601 1597/1597/1597 1600/1600/1600
f 1603/1603/1603 1574/1574/1574 1602/1602/1602
f 1604/1604/1604 1574/1574/1574 1603/1603/1603
f 1605/1605/1605 1604/1604/1604 1603/1603/1603
f 1606/1606/1606 1605/1605/1605 1603/1603/1603
f 1607/1607/1607 1606/1606/1606 1603/1603/1603
f 1608/1608/1608 1607/1607/1607 1603/1603/1603
f 1609/1609/1609 1608/1608/1608 1603/1603/1603
f 1612/1612/1612 1611/1611/1611 1610/1610/1610
f 1615/1615/1615 1614/1614/1614 1613/1613/1613
f 1618/1618/1618 1617/1617/1617 1616/1616/1616
f 1621/1621/1621 1620/1620/1620 1619/1619/1619
f 1622/1622/1622 1620/1620/1620 1621/1621/1621
f 1623/1623/1623 1622/1622/1622 1621/1621/1621
f 1624/1624/1624 1622/1622/1622 1623/1623/1623
f 1624/1624/1624 1625/1625/1625 1622/1622/1622
f 1625/1625/1625 1626/1626/1626 1622/1622/1622
f 1622/1622/1622 1626/1626/1626 1627/1627/1627
f 1626/1626/1626 1628/1628/1628 1627/1627/1627
f 1629/1629/1629 1625/1625/1625 1624/1624/1624
f 1631/1631/1631 1630/1630/1630 1626/1626/1626
f 1633/1633/1633 1623/1623/1623 1632/1632/1632
f 1632/1632/1632 1623/1623/1623 1634/1634/1634
f 1635/1635/1635 1624/1624/1624 1632/1632/1632
f 1636/1636/1636 1635/1635/1635 1632/1632/1632
f 1637/1637/1637 1635/1635/1635 1636/1636/1636
f 1638/1638/1638 1637/1637/1637 1636/1636/1636
f 1639/1639/1639 1638/1638/1638 1636/1636/1636
f 1639/1639/1639 1636/1636/1636 1640/1640/1640
f 1639/1639/1639 1640/1640/1640 1641/1641/1641
f 1641/1641/1641 1640/1640/1640 1642/1642/1642
f 1643/1643/1643 1638/1638/1638 1639/1639/1639
f 1643/1643/1643 1639/1639/1639 1644/1644/1644
f 1644/1644/1644 1639/1639/1639 1645/1645/1645
f 1646/1646/1646 1641/1641/1641 1642/1642/1642
f 1640/1640/1640 1636/1636/1636 1647/1647/1647
f 1636/1636/1636 1632/1632/1632 1647/1647/1647
f 1647/1647/1647 1632/1632/1632 1634/1634/1634
f 1649/1649/1649 1648/1648/1648 1641/1641/1641
f 1652/1652/1652 1651/1651/1651 1650/1650/1650
f 1655/1655/1655 1654/1654/1654 1653/1653/1653
f 1656/1656/1656 1655/1655/1655 1630/1630/1630
f 1657/1657/1657 1655/1655/1655 1656/1656/1656
f 1658/1658/1658 1657/1657/1657 1656/1656/1656
f 1659/1659/1659 1658/1658/1658 1656/1656/1656
f 1660/1660/1660 1659/1659/1659 1656/1656/1656
f 1661/1661/1661 1660/1660/1660 1656/1656/1656
f 1662/1662/1662 1661/1661/1661 1656/1656/1656
f 1664/1664/1664 1661/1661/1661 1663/1663/1663
f 1666/1666/1666 1665/1665/1665 1630/1630/1630
f 1669/1669/1669 1668/1668/1668 1667/1667/1667
f 1672/1672/1672 1671/1671/1671 1670/1670/1670
f 1675/1675/1675 1674/1674/1674 1673/1673/1673
f 1677/1677/1677 1676/1676/1676 1673/1673/1673
f 1679/1679/1679 1678/1678/1678 1677/1677/1677
f 1682/1682/1682 1681/1681/1681 1680/1680/1680
f 1684/1684/1684 1682/1682/1682 1683/1683/1683
f 1685/1685/1685 1682/1682/1682 1684/1684/1684
f 1688/1688/1688 1687/1687/1687 1686/1686/1686
f 1689/1689/1689 1687/1687/1687 1688/1688/1688
f 1690/1690/1690 1686/1686/1686 1687/1687/1687
f 1691/1691/1691 1686/1686/1686 1690/1690/1690
f 1689/1689/1689 1692/1692/1692 1687/1687/1687
f 1692/1692/1692 1693/1693/1693 1687/1687/1687
f 1694/1694/1694 1692/1692/1692 1689/1689/1689
f 1695/1695/1695 1693/1693/1693 1692/1692/1692
f 1696/1696/1696 1691/1691/1691 1693/1693/1693
f 1697/1697/1697 1691/1691/1691 1696/1696/1696
f 1695/1695/1695 1698/1698/1698 1693/1693/1693
f 1699/1699/1699 1698/1698/1698 1696/1696/1696
f 1698/1698/1698 1700/1700/1700 1696/1696/1696
f 1701/1701/1701 1689/1689/1689 1688/1688/1688
f 1702/1702/1702 1689/1689/1689 1701/1701/1701
f 1702/1702/1702 1694/1694/1694 1689/1689/1689
f 1702/1702/1702 1701/1701/1701 1703/1703/1703
f 1703/1703/1703 1701/1701/1701 1704/1704/1704
f 1705/1705/1705 1702/1702/1702 1703/1703/1703
f 1706/1706/1706 1702/1702/1702 1705/1705/1705
f 1706/1706/1706 1694/1694/1694 1702/1702/1702
f 1707/1707/1707 1703/1703/1703 1704/1704/1704
f 1708/1708/1708 1703/1703/1703 1707/1707/1707
f 1708/1708/1708 1705/1705/1705 1703/1703/1703
f 1708/1708/1708 1707/1707/1707 1709/1709/1709
f 1709/1709/1709 1707/1707/1707 1710/1710/1710
f 1711/1711/1711 1705/1705/1705 1708/1708/1708
f 1711/1711/1711 1708/1708/1708 1712/1712/1712
f 1712/1712/1712 1708/1708/1708 1713/1713/1713
f 1714/1714/1714 1709/1709/1709 1710/1710/1710
f 1716/1716/1716 1712/1712/1712 1715/1715/1715
f 1718/1718/1718 1712/1712/1712 1717/1717/1717
f 1721/1721/1721 1720/1720/1720 1719/1719/1719
f 1724/1724/1724 1723/1723/1723 1722/1722/1722
f 1727/1727/1727 1726/1726/1726 1725/1725/1725
f 1730/1730/1730 1729/1729/1729 1728/1728/1728
f 1732/1732/1732 1731/1731/1731 1696/1696/1696
f 1731/1731/1731 1697/1697/1697 1696/1696/1696
f 1700/1700/1700 1732/1732/1732 1696/1696/1696
f 1735/1735/1735 1734/1734/1734 1733/1733/1733
f 1738/1738/1738 1737/1737/1737 1736/1736/1736
f 1739/1739/1739 1737/1737/1737 1738/1738/1738
f 1740/1740/1740 1736/1736/1736 1737/1737/1737
f 1741/1741/1741 1736/1736/1736 1740/1740/1740
f 1739/1739/1739 1742/1742/1742 1737/1737/1737
f 1742/1742/1742 1740/1740/1740 1737/1737/1737
f 1743/1743/1743 1742/1742/1742 1739/1739/1739
f 1744/1744/1744 1740/1740/1740 1742/1742/1742
f 1745/1745/1745 1741/1741/1741 1740/1740/1740
f 1746/1746/1746 1741/1741/1741 1745/1745/1745
f 1740/1740/1740 1747/1747/1747 1745/1745/1745
f 1744/1744/1744 1747/1747/1747 1740/1740/1740
f 1747/1747/1747 1748/1748/1748 1745/1745/1745
f 1749/1749/1749 1739/1739/1739 1738/1738/1738
f 1750/1750/1750 1739/1739/1739 1749/1749/1749
f 1750/1750/1750 1743/1743/1743 1739/1739/1739
f 1750/1750/1750 1749/1749/1749 1751/1751/1751
f 1751/1751/1751 1749/1749/1749 1752/1752/1752
f 1753/1753/1753 1750/1750/1750 1751/1751/1751
f 1754/1754/1754 1750/1750/1750 1753/1753/1753
f 1754/1754/1754 1743/1743/1743 1750/1750/1750
f 1755/1755/1755 1751/1751/1751 1752/1752/1752
f 1756/1756/1756 1751/1751/1751 1755/1755/1755
f 1756/1756/1756 1753/1753/1753 1751/1751/1751
f 1756/1756/1756 1755/1755/1755 1757/1757/1757
f 1757/1757/1757 1755/1755/1755 1758/1758/1758
f 1759/1759/1759 1756/1756/1756 1757/1757/1757
f 1760/1760/1760 1756/1756/1756 1759/1759/1759
f 1760/1760/1760 1753/1753/1753 1756/1756/1756
f 1761/1761/1761 1757/1757/1757 1758/1758/1758
f 1762/1762/1762 1757/1757/1757 1761/1761/1761
f 1763/1763/1763 1759/1759/1759 1757/1757/1757
f 1764/1764/1764 1759/1759/1759 1763/1763/1763
f 1766/1766/1766 1765/1765/1765 1761/1761/1761
f 1767/1767/1767 1765/1765/1765 1766/1766/1766
f 1770/1770/1770 1769/1769/1769 1768/1768/1768
f 1773/1773/1773 1772/1772/1772 1771/1771/1771
f 1775/1775/1775 1774/1774/1774 1745/1745/1745
f 1774/1774/1774 1746/1746/1746 1745/1745/1745
f 1748/1748/1748 1775/1775/1775 1745/1745/1745
f 1778/1778/1778 1777/1777/1777 1776/1776/1776
f 1779/1779/1779 1777/1777/1777 1778/1778/1778
f 1780/1780/1780 1776/1776/1776 1777/1777/1777
f 1781/1781/1781 1776/1776/1776 1780/1780/1780
f 1779/1779/1779 1782/1782/1782 1777/1777/1777
f 1782/1782/1782 1780/1780/1780 1777/1777/1777
f 1783/1783/1783 1782/1782/1782 1779/1779/1779
f 1784/1784/1784 1780/1780/1780 1782/1782/1782
f 1785/1785/1785 1781/1781/1781 1780/1780/1780
f 1786/1786/1786 1781/1781/1781 1785/1785/1785
f 1780/1780/1780 1787/1787/1787 1785/1785/1785
f 1784/1784/1784 1787/1787/1787 1780/1780/1780
f 1787/1787/1787 1788/1788/1788 1785/1785/1785
f 1789/1789/1789 1779/1779/1779 1778/1778/1778
f 1790/1790/1790 1779/1779/1779 1789/1789/1789
f 1790/1790/1790 1783/1783/1783 1779/1779/1779
f 1790/1790/1790 1789/1789/1789 1791/1791/1791
f 1791/1791/1791 1789/1789/1789 1792/1792/1792
f 1793/1793/1793 1790/1790/1790 1791/1791/1791
f 1794/1794/1794 1790/1790/1790 1793/1793/1793
f 1794/1794/1794 1783/1783/1783 1790/1790/1790
f 1795/1795/1795 1791/1791/1791 1792/1792/1792
f 1796/1796/1796 1791/1791/1791 1795/1795/1795
f 1796/1796/1796 1793/1793/1793 1791/1791/1791
f 1796/1796/1796 1795/1795/1795 1797/1797/1797
f 1797/1797/1797 1795/1795/1795 1798/1798/1798
f 1799/1799/1799 1796/1796/1796 1797/1797/1797
f 1800/1800/1800 1796/1796/1796 1799/1799/1799
f 1800/1800/1800 1793/1793/1793 1796/1796/1796
f 1801/1801/1801 1797/1797/1797 1798/1798/1798
f 1802/1802/1802 1797/1797/1797 1801/1801/1801
f 1802/1802/1802 1799/1799/1799 1797/1797/1797
f 1803/1803/1803 1799/1799/1799 1802/1802/1802
f 1804/1804/1804 1802/1802/1802 1801/1801/1801
f 1805/1805/1805 1802/1802/1802 1804/1804/1804
f 1806/1806/1806 1803/1803/1803 1802/1802/1802
f 1808/1808/1808 1803/1803/1803 1807/1807/1807
f 1810/1810/1810 1809/1809/1809 1785/1785/1785
f 1809/1809/1809 1786/1786/1786 1785/1785/1785
f 1788/1788/1788 1810/1810/1810 1785/1785/1785
f 1813/1813/1813 1812/1812/1812 1811/1811/1811
f 1814/1814/1814 1812/1812/1812 1813/1813/1813
f 1815/1815/1815 1811/1811/1811 1812/1812/1812
f 1816/1816/1816 1811/1811/1811 1815/1815/1815
f 1814/1814/1814 1817/1817/1817 1812/1812/1812
f 1817/1817/1817 1815/1815/1815 1812/1812/1812
f 1818/1818/1818 1815/1815/1815 1817/1817/1817
f 1819/1819/1819 1816/1816/1816 1815/1815/1815
f 1820/1820/1820 1816/1816/1816 1819/1819/1819
f 1818/1818/1818 1821/1821/1821 1815/1815/1815
f 1815/1815/1815 1821/1821/1821 1822/1822/1822
f 1821/1821/1821 1823/1823/1823 1822/1822/1822
f 1824/1824/1824 1814/1814/1814 1813/1813/1813
f 1825/1825/1825 1814/1814/1814 1824/1824/1824
f 1825/1825/1825 1826/1826/1826 1814/1814/1814
f 1827/1827/1827 1825/1825/1825 1824/1824/1824
f 1828/1828/1828 1825/1825/1825 1827/1827/1827
f 1828/1828/1828 1829/1829/1829 1825/1825/1825
f 1829/1829/1829 1826/1826/1826 1825/1825/1825
f 1830/1830/1830 1829/1829/1829 1828/1828/1828
f 1831/1831/1831 1828/1828/1828 1827/1827/1827
f 1832/1832/1832 1828/1828/1828 1831/1831/1831
f 1832/1832/1832 1830/1830/1830 1828/1828/1828
f 1833/1833/1833 1832/1832/1832 1831/1831/1831
f 1834/1834/1834 1832/1832/1832 1833/1833/1833
f 1835/1835/1835 1830/1830/1830 1832/1832/1832
f 1823/1823/1823 1836/1836/1836 1822/1822/1822
f 1838/1838/1838 1837/1837/1837 1835/1835/1835
f 1840/1840/1840 1817/1817/1817 1839/1839/1839
f 1843/1843/1843 1842/1842/1842 1841/1841/1841
f 1846/1846/1846 1845/1845/1845 1844/1844/1844
f 1849/1849/1849 1848/1848/1848 1847/1847/1847
f 1850/1850/1850 1849/1849/1849 1847/1847/1847
f 1851/1851/1851 1849/1849/1849 1850/1850/1850
f 1854/1854/1854 1853/1853/1853 1852/1852/1852
f 1857/1857/1857 1856/1856/1856 1855/1855/1855
f 1858/1858/1858 1857/1857/1857 1855/1855/1855
f 1860/1860/1860 1857/1857/1857 1859/1859/1859
f 1861/1861/1861 1860/1860/1860 1859/1859/1859
f 1863/1863/1863 1860/1860/1860 1862/1862/1862
f 1865/1865/1865 1863/1863/1863 1864/1864/1864
f 1866/1866/1866 1863/1863/1863 1865/1865/1865
f 1869/1869/1869 1868/1868/1868 1867/1867/1867
f 1867/1867/1867 1868/1868/1868 1870/1870/1870
f 1871/1871/1871 1869/1869/1869 1867/1867/1867
f 1872/1872/1872 1869/1869/1869 1871/1871/1871
f 1874/1874/1874 1873/1873/1873 1819/1819/1819
f 1876/1876/1876 1820/1820/1820 1875/1875/1875
f 1879/1879/1879 1878/1878/1878 1877/1877/1877
f 1880/1880/1880 1878/1878/1878 1879/1879/1879
f 1878/1878/1878 1881/1881/1881 1877/1877/1877
f 1878/1878/1878 1882/1882/1882 1881/1881/1881
f 1877/1877/1877 1881/1881/1881 1883/1883/1883
f 1884/1884/1884 1882/1882/1882 1878/1878/1878
f 1887/1887/1887 1886/1886/1886 1885/1885/1885
f 1890/1890/1890 1889/1889/1889 1888/1888/1888
f 1889/1889/1889 1892/1892/1892 1891/1891/1891
f 1895/1895/1895 1894/1894/1894 1893/1893/1893
f 1893/1893/1893 1894/1894/1894 1896/1896/1896
f 1899/1899/1899 1898/1898/1898 1897/1897/1897
f 1897/1897/1897 1898/1898/1898 1900/1900/1900
f 1903/1903/1903 1902/1902/1902 1901/1901/1901
f 1906/1906/1906 1905/1905/1905 1904/1904/1904
f 1907/1907/1907 1905/1905/1905 1906/1906/1906
f 1910/1910/1910 1909/1909/1909 1908/1908/1908
f 1911/1911/1911 1909/1909/1909 1910/1910/1910
f 1914/1914/1914 1913/1913/1913 1912/1912/1912
f 1915/1915/1915 1913/1913/1913 1914/1914/1914
f 1918/1918/1918 1917/1917/1917 1916/1916/1916
f 1919/1919/1919 1917/1917/1917 1918/1918/1918
