g polySurface118
v 217.3743 282.5596 -215.725
v 202.4547 282.5596 -215.1187
v 207.8467 282.5596 -216.916
v 227.1548 282.5596 -209.7062
v 198.7154 282.5596 -207.315
v 257.8742 282.5596 -203.3316
v 253.1483 282.5596 -213.8172
v 236.2056 282.5596 -218.5416
v 191.8083 282.5596 -181.0681
v 251.0936 282.5596 -194.0325
v 252.0115 282.5596 -190.2845
v 253.3316 282.5596 -184.8938
v 248.7965 282.5596 -181.4386
v 254.1978 282.5596 -167.3952
v 190.409 282.5596 -172.1473
v 194.4337 282.5596 -163.0143
v 273.2023 282.5596 -164.7468
v 283.3858 282.5596 -163.1934
v 285.0668 282.5596 -157.7623
v 201.1023 282.5596 -161.0103
v 202.7672 282.5596 -149.3627
v 284.6535 282.5596 -145.1544
v 202.9452 282.5596 -142.0618
v 289.9378 282.5596 -134.1942
v 210.7595 282.5596 -130.8169
v 288.1263 282.5596 -125.3012
v 216.709 282.5596 -116.8664
v 279.3991 282.5596 -110.7558
v 221.9395 282.5596 -106.7278
v 256.5042 282.5596 -104.9177
v 237.9239 282.5596 -103.8619
v 272.0495 282.5596 -98.2786
v 265.4912 282.5596 -99.06558
v 197.5042 282.5596 -157.9149
v 191.5168 282.5596 -159.7142
v 186.2755 282.5596 -171.608
v 187.8882 282.5596 -181.8891
v 194.9439 282.5596 -208.7006
v 199.5805 282.5596 -218.377
v 207.4425 282.5596 -220.9977
v 218.7316 282.5596 -219.5865
v 226.5936 282.5596 -214.7483
v 235.0604 282.5596 -223.0135
v 256.0258 282.5596 -217.1674
v 262.4767 282.5596 -202.8545
v 255.4211 282.5596 -193.1782
v 256.4131 282.5596 -189.127
v 257.8401 282.5596 -183.3002
v 253.6067 282.5596 -180.0747
v 256.6306 282.5596 -172.2128
v 264.6942 282.5596 -174.4302
v 264.1179 282.5596 -170.1233
v 274.5721 282.5596 -168.5841
v 286.466 282.5596 -166.7698
v 289.0867 282.5596 -158.303
v 288.6835 282.5596 -146.006
v 294.1264 282.5596 -134.7169
v 291.9089 282.5596 -123.831
v 282.8374 282.5596 -108.7117
v 274.169 282.5596 -93.99561
v 264.0894 282.5596 -95.20502
v 255.4211 282.5596 -100.8497
v 237.6811 282.5596 -99.8417
v 219.29 282.5596 -103.139
v 213.0871 282.5596 -115.1626
v 207.2409 282.5596 -128.8708
v 198.9757 282.5596 -140.7646
v 198.7741 282.5596 -149.0298
v 207.4425 282.5596 -220.9977
v 199.5805 282.5596 -218.377
v 212.4619 250.1733 -228.5376
v 202.8889 250.1733 -223.99
v 227.0745 250.1733 -226.5017
v 234.8322 220.0591 -232.9317
v 242.3752 220.0591 -233.8554
v 234.7713 250.1733 -224.6492
v 251.2843 220.0591 -233.5951
v 214.6615 235.1161 -232.221
v 218.7316 282.5596 -219.5865
v 203.2421 232.7296 -226.9456
v 216.8611 220.0591 -235.9043
v 243.4673 250.1733 -228.4966
v 226.5936 282.5596 -214.7483
v 226.5936 282.5596 -214.7483
v 216.8611 220.0591 -235.9043
v 234.7905 183.3302 -233.5486
v 241.7602 183.7256 -234.8291
v 251.369 175.0252 -237.6474
v 272.1203 192.8382 -229.2589
v 267.6213 220.0591 -226.1584
v 243.4673 250.1733 -228.4966
v 262.0343 250.1733 -221.8264
v 274.5485 220.0591 -211.2263
v 268.732 250.1733 -207.1926
v 256.0258 282.5596 -217.1674
v 262.4767 282.5596 -202.8545
v 272.2394 220.0591 -202.7597
v 264.136 250.1733 -198.143
v 272.9877 220.0591 -199.1187
v 265.0017 250.1733 -194.3044
v 235.0604 282.5596 -223.0135
v 255.4211 282.5596 -193.1782
v 256.4131 282.5596 -189.127
v 280.2892 192.8382 -204.8513
v 279.975 192.8382 -207.994
v 278.4424 192.8382 -215.657
v 280.2892 141.8095 -204.8513
v 279.975 141.8095 -207.994
v 278.4424 141.8095 -215.657
v 272.1203 141.8095 -229.2589
v 251.3127 141.942 -239.3731
v 257.8401 282.5596 -183.3002
v 266.247 250.1733 -188.7833
v 280.7413 192.8382 -200.331
v 274.0641 220.0591 -193.8818
v 273.4709 220.0591 -189.3669
v 282.2739 192.8382 -195.5416
v 282.2739 192.8382 -195.5416
v 282.2739 141.8095 -195.5416
v 280.7413 141.8095 -200.331
v 242.7336 163.923 -237.5853
v 243.7069 144.1205 -240.3414
v 257.7955 130.8625 -245.9802
v 263.8999 250.1733 -184.8898
v 273.4709 220.0591 -189.3669
v 257.8401 282.5596 -183.3002
v 235.7638 157.029 -236.3047
v 243.7069 144.1205 -240.3414
v 234.7905 183.3302 -233.5486
v 299.5441 141.8182 -228.4993
v 279.975 141.8095 -207.994
v 278.4424 141.8095 -215.657
v 292.8413 141.7101 -234.9962
v 296.512 133.8713 -244.2407
v 305.1788 133.8713 -237.3073
v 277.2917 133.5054 -248.6647
v 304.6594 141.7101 -225.6306
v 304.6594 141.7101 -225.6306
v 280.2892 141.8095 -204.8513
v 306.1295 141.7101 -224.5242
v 307.1788 133.8712 -231.5739
v 304.6594 141.7101 -225.6306
v 308.6553 133.8712 -230.2068
v 272.1203 141.8095 -229.2589
v 277.2917 133.5054 -248.6647
v 257.7955 130.8625 -245.9802
v 307.2227 113.7529 -240.2853
v 299.197 110.323 -246.3792
v 277.2917 133.5054 -248.6647
v 317.6498 88.93803 -249.3753
v 307.0826 88.93803 -256.6933
v 284.882 116.2962 -252.6177
v 311.1917 117.483 -235.3161
v 321.2477 88.93803 -246.5351
v 312.4165 117.483 -233.8778
v 320.723 87.49905 -251.7764
v 322.4214 86.70377 -253.1033
v 311.3231 87.48756 -258.7687
v 297.1775 88.5722 -258.6815
v 313.6667 86.68597 -259.9157
v 301.8426 87.08912 -261.231
v 304.4208 86.26948 -262.64
v 289.9646 84.7921 -260.8059
v 324.8642 85.55994 -255.0119
v 326.4226 88.93803 -242.4501
v 342.6936 83.65752 -253.7211
v 345.861 83.58446 -249.3082
v 314.1782 117.483 -231.8092
v 310.7789 133.8712 -228.2405
v 338.0104 83.69939 -256.7258
v 329.0803 83.68027 -258.2311
v 317.0375 85.533 -261.5655
v 322.8491 83.63834 -264.2563
v 338.6458 58.11985 -267.3827
v 328.0295 63.46294 -271.0067
v 330.536 53.70126 -274.2728
v 347.6133 62.02704 -264.9579
v 360.7274 38.61767 -281.7917
v 367.0129 38.61767 -275.0375
v 353.1245 62.00681 -260.0158
v 371.1372 38.61767 -266.4581
v 358.9218 60.34914 -258.17
v 375.8878 38.61767 -263.1312
v 363.5797 60.36306 -256.2788
v 381.228 38.61767 -255.1833
v 369.0955 60.38852 -250.1702
v 350.4198 83.61326 -248.9522
v 356.1234 83.66599 -244.8102
v 335.4764 88.93803 -239.574
v 326.4226 88.93803 -242.4501
v 345.861 83.58446 -249.3082
v 388.0605 38.61767 -246.328
v 376.7714 60.36919 -242.4052
v 364.7012 83.62597 -238.2109
v 335.4764 88.93803 -239.574
v 389.753 38.61767 -237.1653
v 379.0961 60.34232 -233.5735
v 367.7018 83.57039 -229.733
v 344.0916 88.92519 -225.3886
v 335.4764 88.93803 -239.574
v 395.6232 40.69529 -223.1388
v 385.5385 59.99237 -219.8298
v 373.9889 76.36452 -212.3284
v 344.0916 88.92519 -225.3886
v 395.5733 57.74504 -211.4838
v 385.9331 74.44844 -203.0605
v 363.1147 88.90157 -205.4741
v 374.6999 88.8192 -196.8593
v 361.8935 110.9007 -186.73
v 382.5595 87.12922 -187.7005
v 370.471 105.5749 -177.3393
v 352.3767 114.1268 -199.9732
v 336.6701 117.4653 -211.8239
v 344.0916 88.92519 -225.3886
v 334.2996 117.475 -222.037
v 331.3123 133.8632 -221.3071
v 333.3123 133.8535 -209.9737
v 346.5375 133.8348 -197.1192
v 338.1407 191.4819 -181.7442
v 314.5221 192.7946 -186.0322
v 353.296 190.0578 -175.2613
v 370.471 105.5749 -177.3393
v 361.3507 184.7319 -164.9411
v 393.7927 72.75848 -193.9017
v 410.3904 71.1619 -181.8637
v 399.1572 85.53265 -175.6626
v 370.471 105.5749 -177.3393
v 419.03 72.99586 -169.5664
v 407.7968 87.36658 -163.3652
v 395.76 106.9904 -174.2529
v 404.0038 110.7422 -161.5529
v 383.7422 182.6936 -157.398
v 414.2516 87.50777 -153.9988
v 410.4651 110.8849 -152.1951
v 383.2261 182.9913 -149.1414
v 381.3703 183.134 -137.0766
v 383.7422 182.6936 -157.398
v 405.3406 110.6746 -134.5934
v 370.471 105.5749 -177.3393
v 361.3507 184.7319 -164.9411
v 383.7422 182.6936 -157.398
v 408.9587 87.24075 -136.0889
v 425.4849 73.13704 -160.2
v 420.192 72.87002 -142.29
v 412.1525 73.14902 -128.0988
v 400.9193 87.51976 -121.8976
v 405.3406 110.6746 -134.5934
v 397.5262 111.0036 -120.3201
v 386.8908 182.9237 -128.5592
v 390.3609 183.2528 -117.8336
v 393.9924 110.6648 -106.9195
v 386.8271 182.9139 -104.433
v 397.3281 87.16858 -108.6024
v 408.5613 72.79784 -114.8035
v 429.8322 56.16661 -150.7134
v 435.1251 56.43364 -168.6233
v 428.6702 56.29244 -177.9897
v 420.0306 54.45848 -190.2871
v 403.433 56.05508 -202.325
v 443.6943 39.21419 -172.0507
v 437.2394 39.073 -181.4171
v 428.5998 37.23904 -193.7145
v 438.4013 38.94716 -154.1408
v 430.3619 39.22616 -139.9495
v 421.7927 56.44561 -136.5221
v 418.2016 56.09441 -123.2269
v 426.7708 38.87497 -126.6542
v 412.0021 38.83563 -205.7524
v 404.1425 40.52559 -214.9112
v 257.7955 130.8625 -245.9802
v 272.1203 141.8095 -229.2589
v 251.3127 141.942 -239.3731
v 277.2917 133.5054 -248.6647
v 257.7955 130.8625 -245.9802
v 284.882 116.2962 -252.6177
v 284.882 116.2962 -252.6177
v 297.1775 88.5722 -258.6815
v 289.9646 84.7921 -260.8059
v 293.7745 84.5965 -263.2412
v 308.1291 85.09057 -264.6665
v 316.842 83.15329 -267.8929
v 321.414 65.73801 -271.7385
v 330.536 53.70126 -274.2728
v 325.986 48.32276 -275.5842
v 299.2544 84.31518 -266.744
v 309.5107 82.45103 -269.4714
v 299.2544 84.31518 -266.744
v 313.1638 68.14037 -272.8737
v 299.2544 84.31518 -266.744
v 296.8303 70.20235 -267.9093
v 299.2544 84.31518 -266.744
v 318.4858 46.63382 -275.8441
v 299.0289 69.87472 -277.0397
v 293.7745 84.5965 -263.2412
v 318.4858 46.63382 -275.8441
v 305.8823 43.80451 -281.7998
v 293.7745 84.5965 -263.2412
v 289.9646 84.7921 -260.8059
v 292.1712 69.94034 -264.0119
v 299.2544 84.31518 -266.744
v 299.2544 84.31518 -266.744
v 296.8303 70.20235 -267.9093
v 292.1712 69.94034 -264.0119
v 289.9646 84.7921 -260.8059
v 288.932 69.75818 -261.3022
v 283.0708 85.146 -256.3993
v 301.8426 87.08912 -261.231
v 283.0708 85.146 -256.3993
v 289.9646 84.7921 -260.8059
v 297.1775 88.5722 -258.6815
v 283.0708 85.146 -256.3993
v 301.8426 87.08912 -261.231
v 267.2413 115.5191 -246.9212
v 335.4764 88.93803 -239.574
v 320.8376 117.483 -233.7597
v 326.4226 88.93803 -242.4501
v 324.5169 117.483 -233.3044
v 320.8376 117.483 -233.7597
v 335.4764 88.93803 -239.574
v 326.7421 117.483 -228.1807
v 324.5169 117.483 -233.3044
v 335.4764 88.93803 -239.574
v 334.2996 117.475 -222.037
v 344.0916 88.92519 -225.3886
v 322.6456 133.8713 -225.8405
v 320.779 133.8712 -232.5072
v 331.3123 133.8632 -221.3071
v 320.8376 117.483 -233.7597
v 314.1782 117.483 -231.8092
v 326.4226 88.93803 -242.4501
v 310.7789 133.8712 -228.2405
v 324.5169 117.483 -233.3044
v 317.5789 133.8712 -233.0406
v 320.8376 117.483 -233.7597
v 320.779 133.8712 -232.5072
v 317.5789 133.8712 -233.0406
v 324.5169 117.483 -233.3044
v 326.7421 117.483 -228.1807
v 320.779 133.8712 -232.5072
v 324.5169 117.483 -233.3044
v 322.6456 133.8713 -225.8405
v 313.994 141.7704 -216.6365
v 320.779 133.8712 -232.5072
v 317.757 141.6566 -211.8259
v 331.3123 133.8632 -221.3071
v 310.5413 141.7101 -220.7399
v 291.8526 141.8095 -190.7523
v 287.2549 141.8095 -193.6259
v 321.1208 141.7485 -203.8231
v 331.3123 133.8632 -221.3071
v 333.3123 133.8535 -209.9737
v 323.8113 141.6736 -194.8912
v 346.5375 133.8348 -197.1192
v 306.6039 141.8095 -187.1123
v 282.2739 141.8095 -195.5416
v 308.2439 141.7101 -222.9329
v 280.7413 141.8095 -200.331
v 317.5789 133.8712 -233.0406
v 310.7789 133.8712 -228.2405
v 346.5375 133.8348 -197.1192
v 314.5221 192.7946 -186.0322
v 323.8113 141.6736 -194.8912
v 306.6039 192.8382 -187.1123
v 290.7961 220.0591 -179.1657
v 280.9181 220.0591 -185.0118
v 273.1011 250.1733 -179.9134
v 282.979 250.1733 -174.0672
v 298.2552 220.0591 -175.6664
v 292.5749 250.1733 -171.3798
v 266.8724 250.1733 -179.4265
v 256.6306 282.5596 -172.2128
v 264.6942 282.5596 -174.4302
v 274.5721 282.5596 -168.5841
v 286.466 282.5596 -166.7698
v 291.8526 192.8382 -190.7523
v 276.3958 220.0591 -186.1343
v 266.8724 250.1733 -179.4265
v 287.2549 192.8382 -193.6259
v 273.4709 220.0591 -189.3669
v 263.8999 250.1733 -184.8898
v 291.8526 141.8095 -190.7523
v 287.2549 141.8095 -193.6259
v 282.2739 192.8382 -195.5416
v 273.4709 220.0591 -189.3669
v 282.2739 141.8095 -195.5416
v 306.6039 141.8095 -187.1123
v 338.1407 191.4819 -181.7442
v 310.4509 192.7509 -174.9504
v 314.5221 192.7946 -186.0322
v 326.7148 191.4819 -167.7449
v 302.6772 192.7509 -159.8149
v 318.3292 191.4819 -151.3143
v 339.7877 190.0578 -161.7746
v 327.2346 190.0578 -147.4013
v 347.5079 188.1085 -154.0545
v 330.3175 188.1085 -136.8642
v 351.4194 188.4064 -143.7608
v 334.3622 188.4064 -133.3902
v 352.3458 188.549 -135.3201
v 331.0865 188.549 -124.1619
v 349.9783 188.9357 -124.7177
v 334.0508 188.9357 -117.1539
v 341.3547 189.2647 -111.3897
v 333.4947 189.2647 -108.5581
v 366.4481 185.1724 -137.6876
v 362.485 185.0298 -145.9473
v 361.3507 184.7319 -164.9411
v 353.296 190.0578 -175.2613
v 339.5818 189.0923 -102.8952
v 346.4785 189.0923 -102.6894
v 349.3607 189.2647 -114.3212
v 361.4346 189.0923 -95.46919
v 358.8823 189.2647 -113.755
v 368.6396 185.8356 -92.93461
v 368.3985 185.8882 -113.5084
v 369.1244 185.5591 -127.1882
v 374.0699 186.407 -98.07414
v 376.6344 185.8882 -115.1303
v 390.3609 183.2528 -117.8336
v 386.8908 182.9237 -128.5592
v 381.3703 183.134 -137.0766
v 383.2261 182.9913 -149.1414
v 386.8271 182.9139 -104.433
v 380.213 185.293 -104.6349
v 383.7422 182.6936 -157.398
v 318.3292 191.4819 -151.3143
v 298.717 220.0591 -156.5779
v 302.6772 192.7509 -159.8149
v 313.4373 218.7901 -144.7873
v 298.717 220.0591 -156.5779
v 318.3292 191.4819 -151.3143
v 327.2346 190.0578 -147.4013
v 314.4995 220.1628 -136.0373
v 298.717 220.0591 -156.5779
v 313.4373 218.7901 -144.7873
v 323.7584 218.711 -134.3997
v 322.6375 218.7915 -126.0223
v 326.1946 215.8572 -124.3297
v 329.1588 216.2438 -117.3217
v 324.5675 219.1152 -118.3754
v 328.4568 216.5729 -108.626
v 324.2094 219.2121 -109.5067
v 315.5877 220.8788 -121.6954
v 312.3176 221.6858 -114.6502
v 300.3863 220.0591 -127.177
v 299.0248 220.0591 -121.018
v 302.7878 220.0585 -104.209
v 295.4952 220.0591 -107.0136
v 319.6122 216.4003 -96.71912
v 313.6548 218.7545 -99.38776
v 319.6122 216.4003 -96.71912
v 313.6861 221.0796 -131.1168
v 300.1024 220.0591 -146.11
v 298.717 220.0591 -156.5779
v 302.2575 220.0591 -135.6422
v 300.1024 220.0591 -146.11
v 293.8826 250.1733 -151.4841
v 298.717 220.0591 -156.5779
v 297.2231 250.1733 -140.6206
v 302.2575 220.0591 -135.6422
v 297.2714 250.1733 -129.9513
v 288.6835 282.5596 -146.006
v 289.0867 282.5596 -158.303
v 295.6722 250.1733 -163.3917
v 298.717 220.0591 -156.5779
v 286.466 282.5596 -166.7698
v 294.1264 282.5596 -134.7169
v 291.9089 282.5596 -123.831
v 291.2253 250.1733 -115.0885
v 296.5451 229.6333 -119.1328
v 290.0407 231.0011 -104.892
v 295.4952 220.0591 -107.0136
v 299.0248 220.0591 -121.018
v 300.3863 220.0591 -127.177
v 282.8374 282.5596 -108.7117
v 286.0512 242.1158 -97.42613
v 274.169 282.5596 -93.99561
v 298.717 220.0591 -156.5779
v 301.7957 220.0591 -168.1234
v 302.6772 192.7509 -159.8149
v 310.4509 192.7509 -174.9504
v 298.2552 220.0591 -175.6664
v 292.5749 250.1733 -171.3798
v 286.466 282.5596 -166.7698
v 298.2552 220.0591 -175.6664
v 314.5221 192.7946 -186.0322
v 266.8724 250.1733 -179.4265
v 263.8999 250.1733 -184.8898
v 276.3958 220.0591 -186.1343
v 253.6067 282.5596 -180.0747
v 256.6306 282.5596 -172.2128
v 314.5221 192.7946 -186.0322
v 320.779 133.8712 -232.5072
v 317.5789 133.8712 -233.0406
v 317.5789 133.8712 -233.0406
v 308.2439 141.7101 -222.9329
v 310.7789 133.8712 -228.2405
v 314.1782 117.483 -231.8092
v 321.2477 88.93803 -246.5351
v 326.4226 88.93803 -242.4501
v 216.8611 220.0591 -235.9043
v 203.2421 232.7296 -226.9456
v 206.9444 226.897 -233.1021
v 202.765 227.4911 -237.6572
v 197.5461 232.3835 -229.3032
v 200.8515 236.6767 -216.9881
v 192.4696 236.8969 -221.0249
v 193.9386 237.5414 -215.3857
v 197.366 237.8713 -210.8653
v 216.8611 220.0591 -235.9043
v 212.3246 221.6468 -245.2635
v 202.765 227.4911 -237.6572
v 202.765 227.4911 -237.6572
v 206.8385 231.7827 -246.2318
v 205.8485 229.7048 -260.0717
v 211.9879 219.5688 -260.6404
v 207.347 226.7892 -269.9642
v 218.0983 218.0571 -269.8144
v 225.0712 216.6533 -277.6582
v 218.94 184.9994 -261.9424
v 220.9026 179.8817 -269.4685
v 225.0712 216.6533 -277.6582
v 225.7152 159.7173 -279.6222
v 224.5937 214.2759 -289.2952
v 226.1051 159.7173 -289.254
v 224.5937 212.2316 -296.0543
v 223.4786 184.7039 -252.7569
v 228.9638 183.7321 -242.6039
v 216.8611 220.0591 -235.9043
v 234.7905 183.3302 -233.5486
v 227.361 144.2209 -285.8308
v 221.4211 159.7173 -296.606
v 224.5937 212.2316 -296.0543
v 221.4211 145.9357 -296.606
v 213.5585 159.7173 -300.8822
v 211.7653 213.226 -301.0891
v 213.5585 145.534 -300.8822
v 221.4211 133.0643 -296.606
v 212.745 131.697 -299.0904
v 225.5175 132.7179 -289.9631
v 230.0657 157.2913 -246.4636
v 223.0347 157.7519 -256.8053
v 230.9105 144.1271 -248.1161
v 225.4253 145.1442 -258.2691
v 219.3586 157.7298 -265.9444
v 220.8867 145.3944 -267.4547
v 236.4657 143.6112 -242.953
v 235.7638 157.029 -236.3047
v 222.5369 158.7236 -272.7833
v 223.6881 145.2265 -274.1798
v 220.8867 145.3944 -267.4547
v 236.7169 132.401 -265.7337
v 230.2351 132.5737 -273.958
v 220.8867 145.3944 -267.4547
v 228.9318 132.2813 -280.1985
v 241.8953 118.334 -268.8323
v 235.5032 118.905 -275.4186
v 232.5163 117.9195 -284.4066
v 245.8971 117.9281 -261.3217
v 242.4856 131.4737 -258.8039
v 245.8998 130.8897 -253.2607
v 252.3255 131.3548 -249.7882
v 243.7069 144.1205 -240.3414
v 235.7638 157.029 -236.3047
v 255.3664 118.0486 -251.955
v 267.2413 115.5191 -246.9212
v 249.2398 116.991 -256.7552
v 224.7818 114.1955 -289.4207
v 259.2928 86.48259 -261.2921
v 250.8397 88.1115 -261.7266
v 259.4196 69.09259 -259.8722
v 267.7458 84.85368 -260.8575
v 283.0708 85.146 -256.3993
v 283.0708 85.146 -256.3993
v 257.7955 130.8625 -245.9802
v 243.7069 144.1205 -240.3414
v 267.2413 115.5191 -246.9212
v 220.6853 114.5419 -296.0636
v 212.0092 113.1746 -298.5479
v 220.6853 97.08027 -296.0636
v 212.0092 98.97208 -298.5479
v 224.7818 94.12941 -289.4207
v 231.3621 60.72644 -308.5335
v 237.5407 58.77304 -305.7853
v 196.3696 131.4027 -297.5041
v 196.3696 144.2742 -297.5041
v 178.404 145.0298 -291.0085
v 182.1527 160.0009 -290.8524
v 174.3319 162.0008 -282.9423
v 183.6449 218.614 -279.3439
v 196.3696 158.8591 -297.5041
v 190.8485 218.6533 -288.7929
v 183.6449 218.614 -279.3439
v 200.2027 214.4113 -300.8222
v 173.6364 131.1053 -290.8778
v 242.7101 60.23504 -294.9932
v 265.3814 44.83939 -316.1234
v 265.1458 44.91451 -307.7367
v 274.9606 40.19814 -314.6625
v 270.113 40.92699 -320.8594
v 281.1653 39.49302 -319.1252
v 284.8117 40.58552 -303.3378
v 291.6901 41.17158 -306.5702
v 299.0947 40.18181 -307.0991
v 275.8578 38.55918 -298.2103
v 272.4241 39.80384 -325.868
v 263.4769 40.44066 -331.8353
v 255.6354 46.64934 -322.6303
v 241.0448 65.45644 -293.5907
v 244.6489 47.64207 -325.8192
v 252.5401 39.87106 -336.0855
v 237.6544 47.81704 -326.1674
v 244.9926 40.58374 -336.8403
v 230 47.01837 -328.4014
v 238.8036 38.69811 -339.7084
v 221.6046 46.65814 -330.4799
v 232.4636 38.74641 -340.765
v 215.3061 47.10155 -335.4908
v 227.3313 38.35719 -345.1426
v 210.7874 48.71794 -335.8443
v 195.0586 61.82476 -319.2397
v 189.7942 65.1907 -323.2382
v 172.3602 107.7264 -308.8707
v 174.9491 102.9128 -303.5697
v 162.9429 118.4131 -307.6974
v 163.1294 115.6603 -298.7575
v 155.875 125.5922 -301.9729
v 155.5048 126.3284 -303.6516
v 152.7854 134.7896 -293.5192
v 150.0129 135.8925 -297.9955
v 150.0371 127.1099 -307.908
v 147.4429 135.6912 -302.2801
v 145.7464 129.0511 -312.1415
v 142.6571 135.2092 -308.1941
v 135.6537 130.9948 -317.7225
v 133.0059 137.7668 -316.4679
v 128.9876 137.3753 -328.669
v 121.4156 163.6189 -321.4173
v 128.5492 163.6189 -310.4769
v 119.4275 200.1337 -319.2993
v 109.478 200.1337 -324.4333
v 112.091 163.6189 -328.4107
v 96.74002 200.1337 -332.7038
v 99.64284 163.6189 -336.7778
v 80.46628 200.1337 -332.6371
v 83.36909 163.6189 -336.7112
v 124.0184 200.1337 -308.6633
v 134.8234 163.6189 -296.7581
v 129.9349 200.1337 -297.9668
v 118.2666 136.345 -335.0567
v 138.8131 142.2812 -302.9099
v 139.232 162.4384 -293.4334
v 129.9349 200.1337 -297.9668
v 78.45282 225.4613 -329.8113
v 94.72654 225.4613 -329.878
v 94.72654 225.4613 -329.878
v 107.6655 225.4613 -321.6744
v 118.0485 225.4613 -317.8303
v 120.8757 225.4613 -307.4052
v 139.232 162.4384 -293.4334
v 141.7361 142.2837 -296.3795
v 140.5772 162.4384 -291.289
v 142.9128 142.2847 -293.7505
v 141.9609 162.4384 -289.0834
v 148.4495 205.6936 -298.2021
v 143.4395 205.6936 -299.0803
v 144.1232 142.2857 -291.0465
v 145.0925 162.4384 -284.0917
v 150.7034 205.6936 -292.9602
v 148.4495 205.6936 -298.2021
v 147.1346 142.9459 -283.3278
v 145.0925 162.4384 -284.0917
v 151.4612 128.0393 -286.9004
v 155.875 125.5922 -301.9729
v 144.9129 237.2568 -300.4221
v 152.4648 237.2568 -300.4221
v 155.3223 237.2568 -293.0743
v 152.4648 284.3605 -300.4221
v 155.3223 284.3605 -293.0743
v 157.2592 232.0637 -282.9426
v 152.4648 333.9 -300.4221
v 155.3223 333.9 -293.0743
v 159.345 285.5679 -286.2263
v 157.2592 232.0637 -282.9426
v 159.4223 233.309 -269.9825
v 160.4249 333.9 -290.2168
v 164.8385 283.6623 -269.6021
v 159.4223 233.309 -269.9825
v 169.8138 333.9 -269.6021
v 176.0139 281.0451 -264.8727
v 171.6235 230.7891 -265.8098
v 187.3669 230.7891 -257.5598
v 187.3669 281.0451 -257.5598
v 193.5165 230.7891 -247.6321
v 190.0218 281.0452 -246.7009
v 196.3476 230.7891 -238.9862
v 159.4223 233.309 -269.9825
v 180.6314 333.8999 -263.8871
v 187.3669 333.8999 -257.5598
v 186.3464 333.9 -245.7217
v 196.3476 281.0452 -238.9862
v 196.3476 230.7891 -238.9862
v 196.3476 237.2568 -230.4138
v 196.3476 284.3605 -230.4138
v 192.4696 236.8969 -221.0249
v 192.4696 284.1761 -221.0249
v 193.9386 237.5414 -215.3857
v 194.1024 284.3605 -214.4935
v 193.6942 237.2568 -206.3293
v 193.6942 284.3605 -206.3293
v 186.9587 237.2568 -193.0624
v 186.9587 284.3605 -193.0624
v 187.3669 237.2568 -186.7351
v 187.3669 284.3605 -186.7351
v 180.2232 237.2568 -176.5298
v 180.2232 284.3605 -176.5298
v 171.7238 237.2567 -158.2302
v 171.7238 284.3605 -159.6625
v 197.5461 232.3835 -229.3032
v 196.3476 333.9 -230.4138
v 196.3476 333.9 -238.9862
v 194.1024 333.9 -214.4935
v 192.4696 333.9 -221.0249
v 187.3669 333.9 -186.7351
v 186.9587 333.9 -193.0624
v 193.6942 333.9 -206.3293
v 186.3464 333.9 -245.7217
v 186.3464 333.9 -245.7217
v 180.2232 333.9 -176.5298
v 171.7238 333.9 -161.1689
v 196.3476 230.7891 -238.9862
v 206.8385 231.7827 -246.2318
v 197.5461 232.3835 -229.3032
v 196.3476 230.7891 -238.9862
v 196.3476 230.7891 -238.9862
v 193.5165 230.7891 -247.6321
v 206.8385 231.7827 -246.2318
v 205.8485 229.7048 -260.0717
v 187.3669 230.7891 -257.5598
v 205.8485 229.7048 -260.0717
v 196.9754 230.7891 -264.8898
v 207.347 226.7892 -269.9642
v 171.6235 230.7891 -265.8098
v 183.7262 230.7891 -271.6639
v 200.8586 226.6913 -275.3907
v 193.2043 226.558 -278.466
v 179.7598 230.7891 -273.6919
v 179.7598 230.7891 -273.6919
v 207.7547 226.6008 -278.1588
v 206.9584 226.5628 -281.7054
v 193.2043 226.558 -278.466
v 200.6142 226.4385 -283.396
v 224.5937 212.2316 -296.0543
v 211.7653 213.226 -301.0891
v 224.5937 212.2316 -296.0543
v 224.5937 214.2759 -289.2952
v 224.5937 212.2316 -296.0543
v 224.5937 214.2759 -289.2952
v 225.0712 216.6533 -277.6582
v 194.1024 333.9 -214.4935
v 193.6942 333.9 -206.3293
v 190.0777 333.9 -214.0998
v 189.7417 333.9 -207.3802
v 109.7816 333.9 -202.8687
v 113.3797 333.9 -219.5646
v 188.2693 333.9 -221.3336
v 119.5687 333.9 -230.2353
v 192.3476 333.9 -231.2074
v 192.3476 333.9 -236.8575
v 182.1589 333.9 -243.7193
v 118.7871 333.9 -248.2117
v 183.2152 333.8999 -255.9718
v 129.7338 333.9 -257.3991
v 178.2859 333.8999 -260.6024
v 166.739 333.9 -266.7026
v 132.5421 333.9 -269.6352
v 139.4405 333.9 -274.3655
v 157.3276 333.9 -287.3668
v 152.1148 333.9 -290.2859
v 149.7285 333.9 -296.4221
v 147.6877 333.9 -296.4221
v 144.9129 333.9 -300.4221
v 136.1364 333.9 -276.9499
v 128.9926 333.9 -272.0514
v 126.1352 333.9 -259.6009
v 114.7052 333.9 -250.0079
v 115.5217 333.9 -231.2302
v 109.6026 333.9 -221.0249
v 105.6197 333.9 -202.5437
v 113.5371 333.9 -193.1321
v 182.8965 333.9 -193.8972
v 183.2848 333.9 -187.8787
v 132.7298 333.9 -175.5389
v 176.8253 333.9 -178.651
v 169.2904 333.9 -165.033
v 149.9572 333.9 -163.8987
v 110.1428 333.9 -190.8174
v 130.2451 333.9 -172.3902
v 148.8398 333.9 -159.8263
v 171.7238 333.9 -161.1689
v 180.2232 333.9 -176.5298
v 187.3669 333.9 -186.7351
v 186.9587 333.9 -193.0624
v 326.1946 215.8572 -124.3297
v 329.4702 215.7145 -133.558
v 322.3694 217.3659 -144.6096
v 329.4702 215.7145 -133.558
v 326.9108 215.4166 -139.5706
v 313.4373 218.7901 -144.7873
v 322.3694 217.3659 -144.6096
v 329.4702 215.7145 -133.558
v 331.0865 188.549 -124.1619
v 334.3622 188.4064 -133.3902
v 334.0508 188.9357 -117.1539
v 326.1946 215.8572 -124.3297
v 333.4947 189.2647 -108.5581
v 325.2737 189.0923 -97.54259
v 319.6122 216.4003 -96.71912
v 329.4702 215.7145 -133.558
v 326.9108 215.4166 -139.5706
v 334.3622 188.4064 -133.3902
v 334.3622 188.4064 -133.3902
v 330.3175 188.1085 -136.8642
v 322.3694 217.3659 -144.6096
v 322.3694 217.3659 -144.6096
v 327.2346 190.0578 -147.4013
v 322.3694 217.3659 -144.6096
v 313.4373 218.7901 -144.7873
v 327.2346 190.0578 -147.4013
v 405.3406 110.6746 -134.5934
v 344.0916 88.92519 -225.3886
v 348.5379 38.61767 -287.5791
v 330.536 53.70126 -274.2728
v 338.6711 38.61767 -295.2784
v 330.536 53.70126 -274.2728
v 325.986 48.32276 -275.5842
v 338.6711 38.61767 -295.2784
v 330.6673 39.30467 -294.8665
v 318.4858 46.63382 -275.8441
v 310.4281 40.91569 -300.4563
v 311.654 41.04734 -292.6241
v 322.0433 42.72324 -289.8198
v 318.4858 46.63382 -275.8441
v 318.4858 46.63382 -275.8441
v 305.8823 43.80451 -281.7998
v 317.9689 39.58386 -309.5189
v 301.6227 38.4841 -319.1127
v 281.1653 38.36961 -328.8978
v 272.4241 38.64182 -335.6406
v 263.4769 40.44066 -341.6078
v 252.5401 39.87106 -343.4931
v 345.861 83.58446 -249.3082
v 345.861 83.58446 -249.3082
v 296.8303 70.20235 -267.9093
v 299.0289 69.87472 -277.0397
v 313.1638 68.14037 -272.8737
v 293.5636 69.87472 -273.9544
v 292.1712 69.94034 -264.0119
v 294.9507 70.68346 -280.8423
v 300.9683 70.68346 -288.4111
v 291.7124 70.68346 -299.6944
v 302.2859 70.68346 -294.7284
v 289.5208 70.68346 -277.3152
v 284.9633 70.68346 -299.636
v 278.7281 70.68346 -295.9188
v 282.8378 70.68346 -273.6024
v 269.7349 70.68346 -299.1564
v 274.809 70.68346 -269.1935
v 266.7801 70.3023 -266.4089
v 262.1819 70.67036 -292.7305
v 252.2209 66.92496 -283.8273
v 259.4493 67.14941 -262.8474
v 242.4362 63.70707 -276.3345
v 269.6747 69.87239 -300.2233
v 261.3004 69.68964 -295.375
v 269.6747 69.87239 -300.2233
v 250.7094 65.80424 -285.332
v 250.7094 65.80424 -285.332
v 259.4196 69.09259 -259.8722
v 284.8367 69.87472 -301.8101
v 278.6128 69.87472 -300.1236
v 248.4304 66.5209 -264.4342
v 251.5787 67.44703 -262.1705
v 292.2413 69.87472 -302.339
v 292.2413 69.87472 -302.339
v 303.5746 69.87472 -295.6962
v 292.2413 69.87472 -302.339
v 304.702 69.87472 -288.0715
v 303.5746 69.87472 -295.6962
v 304.702 69.87472 -288.0715
v 286.1589 69.87472 -269.8114
v 275.5696 69.87263 -267.5259
v 269.4292 70.22501 -262.8449
v 259.4196 69.09259 -259.8722
v 288.932 69.75818 -261.3022
v 283.0708 69.42859 -256.3993
v 250.7094 65.80424 -285.332
v 242.5422 62.34084 -280.0098
v 246.3726 59.15754 -283.9195
v 266.3365 47.23234 -296.8131
v 250.7094 65.80424 -285.332
v 299.0289 69.87472 -277.0397
v 304.702 69.87472 -288.0715
v 305.8823 43.80451 -281.7998
v 311.654 41.04734 -292.6241
v 303.5746 69.87472 -295.6962
v 310.4281 40.91569 -300.4563
v 303.5746 69.87472 -295.6962
v 292.2413 69.87472 -302.339
v 310.4281 40.91569 -300.4563
v 299.0947 40.18181 -307.0991
v 292.2413 69.87472 -302.339
v 284.8367 69.87472 -301.8101
v 299.0947 40.18181 -307.0991
v 291.6901 41.17158 -306.5702
v 278.6128 69.87472 -300.1236
v 284.8117 40.58552 -303.3378
v 269.6747 69.87239 -300.2233
v 278.6128 69.87472 -300.1236
v 269.6747 69.87239 -300.2233
v 227.3313 38.35719 -345.1426
v 210.7874 48.71794 -335.8443
v 223.2556 38.93452 -343.3312
v 205.8411 49.62409 -340.4883
v 223.2556 38.93452 -343.3312
v 217.3685 38.93452 -347.7088
v 200.262 49.89668 -342.2481
v 210.4248 38.93452 -349.6711
v 193.5187 50.19308 -344.4082
v 202.4244 38.93452 -349.8221
v 186.8239 50.19747 -350.498
v 193.6693 38.93452 -355.4073
v 177.1353 50.19747 -355.2166
v 182.9053 38.93452 -359.6956
v 163.5383 51.82718 -357.3943
v 169.7583 38.93452 -361.9084
v 153.9567 52.97814 -359.6216
v 160.5163 38.93452 -364.3816
v 146.2942 53.42 -365.3331
v 154.0078 38.93452 -371.1504
v 141.3128 52.97375 -371.1296
v 147.2391 38.93452 -375.9666
v 136.5714 52.97394 -375.8551
v 141.772 38.93452 -380.6527
v 134.7776 52.76826 -382.6224
v 139.6893 38.93452 -387.6818
v 129.58 52.76781 -390.0229
v 134.2752 38.93452 -394.8207
v 113.5 58.43864 -391.0965
v 115.1749 51.6702 -393.9913
v 120.7533 38.93452 -399.3943
v 110.68 69.83494 -386.2224
v 121.6745 76.05952 -381.9446
v 126.5075 76.06068 -374.1038
v 110.1926 129.6444 -372.5395
v 127.815 76.61269 -367.7771
v 116.9017 129.6472 -367.9909
v 110.1926 129.6444 -372.5395
v 107.2886 162.2735 -367.0989
v 117.4702 130.996 -361.3956
v 112.1837 162.2735 -362.4961
v 107.2886 162.2735 -367.0989
v 112.2027 163.6189 -357.4445
v 119.1759 130.9948 -355.5962
v 115.1791 163.6189 -351.3178
v 115.4594 133.9209 -343.4731
v 133.3064 77.80978 -355.5383
v 113.864 163.6189 -343.6465
v 106.7772 137.8474 -336.4135
v 106.1927 163.6189 -339.2628
v 99.64284 163.6189 -336.7778
v 131.3344 76.61219 -362.9853
v 133.3064 77.80978 -355.5383
v 133.3064 77.80978 -355.5383
v 142.912 76.62397 -351.6071
v 115.4594 133.9209 -343.4731
v 130.723 131.0235 -342.4026
v 153.0654 73.53509 -349.7938
v 143.8781 123.4762 -341.0904
v 167.42 69.16132 -347.6752
v 162.3745 112.7896 -338.7044
v 175.2981 69.16137 -342.2321
v 165.7031 112.7897 -335.2526
v 143.8781 123.4762 -341.0904
v 178.5237 69.1496 -335.2926
v 167.6756 112.7609 -328.9653
v 145.6543 123.4763 -331.4987
v 151.2198 123.4475 -323.6834
v 130.8796 131.0236 -330.3843
v 118.2666 136.345 -335.0567
v 155.9564 121.5038 -320.0125
v 159.7457 119.5627 -314.6839
v 130.723 131.0235 -342.4026
v 118.2666 136.345 -335.0567
v 143.8781 123.4762 -341.0904
v 172.1136 110.8172 -322.4315
v 173.4697 108.876 -315.5278
v 172.1136 110.8172 -322.4315
v 189.7942 65.1907 -323.2382
v 183.1505 68.35409 -329.7496
v 186.4318 67.62254 -328.3308
v 210.7874 48.71794 -335.8443
v 186.4318 67.62254 -328.3308
v 112.2027 163.6189 -357.4445
v 99.64284 163.6189 -363.7384
v 112.1837 162.2735 -362.4961
v 115.1791 163.6189 -351.3178
v 99.64284 163.6189 -349.6041
v 113.864 163.6189 -343.6465
v 106.1927 163.6189 -339.2628
v 83.36909 163.6189 -349.5374
v 83.36909 163.6189 -336.7112
v 99.64284 163.6189 -336.7778
v 79.73141 163.6189 -348.8352
v 79.96389 163.6189 -339.0436
v 74.92271 163.6189 -348.2493
v 77.21062 163.6189 -342.0167
v 76.74921 163.6189 -360.3774
v 74.86292 163.6189 -354.8733
v 81.86346 163.6189 -363.9573
v 107.2886 162.2735 -367.0989
v 118.2666 136.345 -335.0567
v 106.7772 137.8474 -336.4135
v 106.7772 137.8474 -336.4135
v 115.4594 133.9209 -343.4731
v 118.2666 136.345 -335.0567
v 130.723 131.0235 -342.4026
v 139.232 162.4384 -293.4334
v 140.5772 162.4384 -291.289
v 143.4395 205.6936 -299.0803
v 145.0925 162.4384 -284.0917
v 153.7549 207.0844 -284.6322
v 153.7549 207.0844 -284.6322
v 159.193 125.4307 -296.398
v 163.1294 115.6603 -298.7575
v 151.4612 128.0393 -286.9004
v 155.875 125.5922 -301.9729
v 159.193 125.4307 -296.398
v 172.1136 110.8172 -322.4315
v 186.4318 67.62254 -328.3308
v 189.7942 65.1907 -323.2382
v 186.4318 67.62254 -328.3308
v 172.1136 110.8172 -322.4315
v 183.1505 68.35409 -329.7496
v 235.0604 282.5596 -223.0135
v 226.5936 282.5596 -214.7483
v 243.4673 250.1733 -228.4966
v 253.6067 282.5596 -180.0747
v 257.8401 282.5596 -183.3002
v 263.8999 250.1733 -184.8898
v 325.2737 189.0923 -97.54259
v 332.7396 189.0923 -102.5171
v 284.882 116.2962 -252.6177
v 267.2413 115.5191 -246.9212
v 297.1775 88.5722 -258.6815
v 284.882 116.2962 -252.6177
v 257.7955 130.8625 -245.9802
v 267.2413 115.5191 -246.9212
v 317.5789 133.8712 -233.0406
v 310.7789 133.8712 -228.2405
v 320.8376 117.483 -233.7597
v 152.4648 284.3605 -300.4221
v 144.9129 284.3605 -300.4221
v 152.4648 237.2568 -300.4221
v 144.9129 237.2568 -300.4221
v 144.9129 333.9 -300.4221
v 152.4648 333.9 -300.4221
v 148.4495 205.6936 -298.2021
v 152.4648 333.9 -300.4221
v 155.3223 333.9 -293.0743
v 160.4249 333.9 -290.2168
v 169.8138 333.9 -269.6021
v 180.6314 333.8999 -263.8871
v 187.3669 333.8999 -257.5598
v 186.3464 333.9 -245.7217
v 196.3476 333.9 -238.9862
v 196.3476 333.9 -230.4138
v 192.4696 333.9 -221.0249
v 193.2043 226.558 -278.466
v 179.7598 230.7891 -273.6919
v 183.6449 218.614 -279.3439
v 173.514 215.4505 -280.9331
v 172.1739 228.1798 -274.4446
v 163.1054 212.5361 -282.4761
v 154.839 162.2926 -283.7086
v 145.0925 162.4384 -284.0917
v 154.839 142.6433 -283.7086
v 164.5855 142.4975 -283.3254
v 155.4349 130.2784 -285.5187
v 173.6364 131.1053 -290.8778
v 164.5854 162.1467 -283.3254
v 183.6449 218.614 -279.3439
v 173.0702 144.5453 -284.1128
v 174.3319 162.0008 -282.9423
v 183.6449 218.614 -279.3439
v 151.4612 128.0393 -286.9004
v 147.1346 142.9459 -283.3278
v 145.0925 162.4384 -284.0917
v 193.2043 226.558 -278.466
v 183.6449 218.614 -279.3439
v 195.0368 223.3387 -286.834
v 200.6142 226.4385 -283.396
v 190.8485 218.6533 -288.7929
v 211.7653 213.226 -301.0891
v 200.2027 214.4113 -300.8222
v 211.7653 213.226 -301.0891
v 195.0368 223.3387 -286.834
v 200.2027 214.4113 -300.8222
v 224.5937 212.2316 -296.0543
v 211.7653 213.226 -301.0891
v 221.4211 159.7173 -296.606
v 211.7653 213.226 -301.0891
v 200.2027 214.4113 -300.8222
v 213.5585 159.7173 -300.8822
v 231.3621 60.72644 -308.5335
v 225.2988 62.11148 -308.197
v 195.6339 100.2333 -296.9616
v 215.1771 62.53034 -309.3633
v 177.6831 99.81042 -296.5808
v 175.1025 112.489 -293.6711
v 195.6339 112.8804 -296.9616
v 173.6364 131.1053 -290.8778
v 173.6364 131.1053 -290.8778
v 203.3207 61.56357 -313.1624
v 177.6831 99.81042 -296.5808
v 177.6831 99.81042 -296.5808
v 175.1025 112.489 -293.6711
v 231.3621 60.72644 -308.5335
v 231.3621 60.72644 -308.5335
v 238.3333 73.95802 -291.3073
v 235.9488 93.88998 -286.7409
v 239.2052 93.65011 -283.4605
v 242.0487 88.74895 -277.8545
v 248.0187 90.38784 -268.9565
v 250.8397 88.1115 -261.7266
v 241.4359 73.98746 -280.3722
v 240.0491 75.74464 -285.4608
v 248.4304 66.5209 -264.4342
v 251.5787 67.44703 -262.1705
v 242.5422 62.34084 -280.0098
v 242.5036 66.48436 -286.6234
v 244.0111 60.79701 -287.3374
v 266.3365 47.23234 -296.8131
v 246.3726 59.15754 -283.9195
v 242.4362 63.70707 -276.3345
v 163.1294 115.6603 -298.7575
v 174.9491 102.9128 -303.5697
v 175.1025 112.489 -293.6711
v 173.6364 131.1053 -290.8778
v 163.1294 115.6603 -298.7575
v 175.1025 112.489 -293.6711
v 189.7942 65.1907 -323.2382
v 210.7874 48.71794 -335.8443
v 159.193 125.4307 -296.398
v 163.1294 115.6603 -298.7575
v 173.6364 131.1053 -290.8778
v 155.4349 130.2784 -285.5187
v 159.193 125.4307 -296.398
v 173.6364 131.1053 -290.8778
v 151.4612 128.0393 -286.9004
v 153.7549 207.0844 -284.6322
v 145.0925 162.4384 -284.0917
v 163.1054 212.5361 -282.4761
v 172.1739 228.1798 -274.4446
v 179.7598 230.7891 -273.6919
v 159.4223 233.309 -269.9825
v 164.6737 228.6047 -277.5281
v 172.1739 228.1798 -274.4446
v 157.2592 232.0637 -282.9426
v 164.6737 228.6047 -277.5281
v 163.1054 212.5361 -282.4761
v 172.1739 228.1798 -274.4446
v 164.6737 228.6047 -277.5281
v 163.1054 212.5361 -282.4761
v 164.6737 228.6047 -277.5281
v 153.7549 207.0844 -284.6322
v 153.7549 207.0844 -284.6322
v 164.6737 228.6047 -277.5281
v 157.2592 232.0637 -282.9426
v 173.0702 144.5453 -284.1128
v 173.6364 131.1053 -290.8778
v 178.404 145.0298 -291.0085
v 97.73623 258.7086 -314.0861
v 78.01038 258.7086 -313.9471
v 88.14548 258.7086 -315.8611
v 105.3132 258.7086 -306.5305
v 76.0683 258.7086 -300.2082
v 110.8381 258.7086 -296.5209
v 70.84824 258.7086 -276.6498
v 109.9742 258.7086 -278.8117
v 105.6549 258.7086 -256.4953
v 64.79044 258.7086 -265.1945
v 62.53847 258.7086 -254.7866
v 102.1616 258.7086 -221.9284
v 62.74425 258.7086 -245.2442
v 65.30199 258.7086 -238.2104
v 74.95669 258.7086 -226.3583
v 84.29715 258.7086 -220.9097
v 102.1616 258.7086 -221.9284
v 105.6549 258.7086 -256.4953
v 105.3558 225.4613 -226.4361
v 112.5658 225.4613 -258.511
v 109.9742 258.7086 -278.8117
v 114.1506 234.7199 -283.9898
v 110.8381 258.7086 -296.5209
v 114.8747 230.0123 -296.8695
v 105.3132 258.7086 -306.5305
v 114.8747 230.0123 -296.8695
v 114.8747 230.0123 -296.8695
v 106.56 232.1274 -307.2113
v 97.73623 258.7086 -314.0861
v 98.4629 232.5122 -314.2733
v 88.14548 258.7086 -315.8611
v 85.03686 232.6637 -318.3774
v 78.01038 258.7086 -313.9471
v 73.86335 234.456 -317.5248
v 114.8747 230.0123 -296.8695
v 106.56 232.1274 -307.2113
v 120.8757 225.4613 -307.4052
v 120.8757 225.4613 -307.4052
v 118.0485 225.4613 -317.8303
v 98.4629 232.5122 -314.2733
v 118.0485 225.4613 -317.8303
v 118.0485 225.4613 -317.8303
v 98.4629 232.5122 -314.2733
v 107.6655 225.4613 -321.6744
v 85.03686 232.6637 -318.3774
v 107.6655 225.4613 -321.6744
v 85.03686 232.6637 -318.3774
v 94.72654 225.4613 -329.878
v 85.03686 232.6637 -318.3774
v 73.86335 234.456 -317.5248
v 94.72654 225.4613 -329.878
v 114.8747 230.0123 -296.8695
v 120.8757 225.4613 -307.4052
v 126.5441 225.4613 -298.8052
v 126.5441 225.4613 -298.8052
v 119.9183 236.1586 -282.612
v 114.8747 230.0123 -296.8695
v 114.8747 230.0123 -296.8695
v 119.9183 236.1586 -282.612
v 114.1506 234.7199 -283.9898
v 126.5441 225.4613 -298.8052
v 137.8888 235.8117 -289.2878
v 118.0485 225.4613 -317.8303
v 107.6655 225.4613 -321.6744
v 119.4275 200.1337 -319.2993
v 126.5441 225.4613 -298.8052
v 144.9129 237.2568 -300.4221
v 137.8888 235.8117 -289.2878
v 126.5441 225.4613 -298.8052
v 143.4395 205.6936 -299.0803
v 144.9129 237.2568 -300.4221
v 129.9349 200.1337 -297.9668
v 129.9349 200.1337 -297.9668
v 139.232 162.4384 -293.4334
v 143.4395 205.6936 -299.0803
v 120.8757 225.4613 -307.4052
v 118.0485 225.4613 -317.8303
v 126.5441 225.4613 -298.8052
v 120.8757 225.4613 -307.4052
v 129.9349 200.1337 -297.9668
v 99.64284 163.6189 -363.7384
v 81.86346 163.6189 -363.9573
v 99.45945 147.306 -367.9116
v 83.23701 146.902 -368.8385
v 110.1926 129.6444 -372.5395
v 99.27607 130.9931 -372.0846
v 103.0774 110.6071 -376.7972
v 84.10287 131.3298 -373.725
v 86.13686 108.7883 -376.547
v 106.8787 90.22101 -381.5098
v 89.40038 86.66378 -379.4425
v 95.16598 57.68704 -379.7845
v 96.38052 51.70718 -381.6899
v 97.10187 48.15564 -382.8216
v 107.2886 162.2735 -367.0989
v 99.64284 163.6189 -363.7384
v 110.1926 129.6444 -372.5395
v 200.2027 214.4113 -300.8222
v 190.8485 218.6533 -288.7929
v 196.3696 158.8591 -297.5041
v 178.404 145.0298 -291.0085
v 174.3319 162.0008 -282.9423
v 173.0702 144.5453 -284.1128
v 120.7533 38.93452 -399.3943
v 97.10187 48.15564 -382.8216
v 100.2041 38.54831 -384.928
v 110.68 69.83494 -386.2224
v 89.40038 86.66378 -379.4425
v 95.16598 57.68704 -379.7845
v 251.5787 67.44703 -262.1705
v 259.4196 69.09259 -259.8722
v 283.0708 85.146 -256.3993
v 267.7458 84.85368 -260.8575
v 283.0708 69.42859 -256.3993
v 283.0708 69.42859 -256.3993
v 267.7458 84.85368 -260.8575
v 269.4292 70.22501 -262.8449
v 259.4196 69.09259 -259.8722
v 250.8397 88.1115 -261.7266
v 275.8578 38.55918 -298.2103
v 261.3004 69.68964 -295.375
v 266.3365 47.23234 -296.8131
v 269.6747 69.87239 -300.2233
v 261.3004 69.68964 -295.375
v 275.8578 38.55918 -298.2103
v 284.8117 40.58552 -303.3378
v 261.3004 69.68964 -295.375
v 250.7094 65.80424 -285.332
v 266.3365 47.23234 -296.8131
v 213.5585 145.534 -300.8822
v 196.3696 144.2742 -297.5041
v 212.745 131.697 -299.0904
v 259.4196 69.09259 -259.8722
v 250.8397 88.1115 -261.7266
v 251.5787 67.44703 -262.1705
v 288.932 69.75818 -261.3022
v 283.0708 85.146 -256.3993
v 283.0708 69.42859 -256.3993
v 380.1627 140.0062 -191.5746
v 376.795 143.7661 -200.396
v 382.0862 70.74521 -195.7565
v 371.398 197.9274 -198.7008
v 373.905 194.1826 -190.5261
v 363.6949 254.8509 -195.1608
v 366.2583 251.1145 -187.3513
v 352.4065 310.762 -191.7331
v 354.9579 307.0238 -183.8454
v 332.8561 362.8703 -195.6615
v 335.1122 361.2363 -187.6658
v 376.795 143.7661 -200.396
v 375.5696 74.55707 -206.826
v 376.795 143.7661 -200.396
v 367.4697 140.2159 -200.6362
v 375.5696 74.55707 -206.826
v 375.5696 74.55707 -206.826
v 367.4697 140.2159 -200.6362
v 362.9177 71.06186 -209.441
v 376.795 143.7661 -200.396
v 362.9889 194.3625 -198.3028
v 367.4697 140.2159 -200.6362
v 332.8561 362.8703 -195.6615
v 324.7051 357.0745 -195.0293
v 352.4065 310.762 -191.7331
v 343.999 307.1973 -191.345
v 363.6949 254.8509 -195.1608
v 355.2974 251.2877 -194.8378
v 371.398 197.9274 -198.7008
v 362.9889 194.3625 -198.3028
v 376.795 143.7661 -200.396
v 408.3153 399.5276 -187.9766
v 404.2368 391.2117 -177.1792
v 402.7068 395.9645 -185.9098
v 398.3794 391.3519 -180.7158
v 411.6824 388.6151 -173.9335
v 406.1039 399.7229 -190.8925
v 395.1972 391.4281 -182.6372
v 395.1972 391.4281 -182.6372
v 402.6732 399.7182 -191.9985
v 393.3887 391.4536 -183.5298
v 393.3887 391.4536 -183.5298
v 401.1506 400.1239 -197.0215
v 392.178 391.4706 -184.1272
v 391.6931 397.2678 -168.4751
v 396.3592 397.3878 -168.2339
v 395.4653 400.2591 -200.4425
v 390.2637 391.4974 -185.0722
v 388.7495 395.5485 -193.6347
v 386.0594 391.4976 -186.4927
v 385.7914 397.1323 -168.9629
v 384.8712 396.5597 -171.4834
v 391.174 400.2518 -201.8105
v 382.115 391.5309 -188.1956
v 380.3421 397.03 -206.7321
v 370.0864 388.2724 -193.1128
v 382.1984 397.0657 -169.4354
v 363.1642 393.0631 -168.4509
v 375.1042 396.6539 -209.0411
v 368.5544 387.8574 -193.7393
v 360.7458 392.6245 -169.1136
v 369.257 395.9279 -210.0482
v 366.2504 387.2332 -194.6815
v 358.0067 388.1805 -203.2485
v 354.206 380.0213 -194.0998
v 356.547 391.8383 -168.8942
v 354.206 380.0213 -194.0998
v 347.1266 385.627 -178.5459
v 381.4619 397.2022 -208.2673
v 380.3144 397.0062 -211.1969
v 354.206 380.0213 -194.0998
v 346.5433 370.3065 -198.0033
v 342.9499 369.8507 -194.1506
v 354.206 380.0213 -194.0998
v 347.1266 385.627 -178.5459
v 339.0393 369.3546 -189.9581
v 411.6824 388.6151 -173.9335
v 408.3153 399.5276 -187.9766
v 412.9787 392.9492 -183.4638
v 419.0611 385.9332 -174.3804
v 419.0611 385.9332 -174.3804
v 412.9787 392.9492 -183.4638
v 417.8943 385.9906 -175.4124
v 404.2368 391.2117 -177.1792
v 402.052 397.4017 -166.4663
v 398.3794 391.3519 -180.7158
v 411.6824 388.6151 -173.9335
v 410.5185 391.5962 -169.259
v 419.0611 385.9332 -174.3804
v 398.2359 397.3287 -166.9437
v 395.1972 391.4281 -182.6372
v 396.3592 397.3878 -168.2339
v 398.3794 391.3519 -180.7158
v 402.052 397.4017 -166.4663
v 398.2359 397.3287 -166.9437
v 410.5185 391.5962 -169.259
v 419.0611 385.9332 -174.3804
v 417.9201 385.787 -173.1405
v 395.1972 391.4281 -182.6372
v 396.3592 397.3878 -168.2339
v 393.3887 391.4536 -183.5298
v 368.9295 375.1992 -133.2887
v 357.6975 370.6992 -130.1968
v 368.0228 375.8205 -140.4998
v 357.6975 370.6992 -130.1968
v 354.3302 371.1983 -136.8796
v 348.3728 373.9622 -126.4833
v 345.3602 374.5605 -134.1489
v 352.9761 371.6207 -142.0305
v 339.4783 374.5263 -135.755
v 368.401 376.2684 -145.3487
v 353.0759 370.5466 -121.1467
v 351.9218 371.9496 -146.0411
v 342.7954 375.3333 -143.6027
v 350.9501 372.2526 -149.737
v 366.2607 376.9369 -153.4999
v 365.0409 373.0516 -159.6244
v 349.6975 368.7439 -160.0552
v 364.441 368.8812 -164.8352
v 367.1 376.6167 -149.6584
v 340.3973 375.7598 -149.1517
v 338.8698 372.1431 -158.3641
v 351.9298 368.7111 -167.1684
v 364.441 368.8812 -164.8352
v 357.6975 370.6992 -130.1968
v 359.1411 367.245 -125.5317
v 368.4646 371.7731 -129.5813
v 360.6584 363.614 -120.6282
v 370.3201 368.1342 -124.4736
v 367.3277 360.3704 -110.1463
v 356.996 367.0323 -116.7274
v 364.8766 360.2899 -110.0787
v 359.1411 367.245 -125.5317
v 360.6584 363.614 -120.6282
v 353.0759 370.5466 -121.1467
v 357.6975 370.6992 -130.1968
v 360.6584 363.614 -120.6282
v 356.996 367.0323 -116.7274
v 367.3277 360.3704 -110.1463
v 356.996 367.0323 -116.7274
v 351.9298 368.7111 -167.1684
v 338.8698 372.1431 -158.3641
v 340.6387 368.1829 -165.1105
v 351.9298 368.7111 -167.1684
v 351.2393 358.6031 -172.6274
v 338.9519 358.0095 -168.5621
v 348.8591 349.8755 -180.2105
v 342.5912 349.5973 -179.2355
v 354.1905 349.7457 -176.9677
v 359.7061 358.6279 -170.0452
v 364.441 368.8812 -164.8352
v 367.3277 360.3704 -110.1463
v 370.3201 368.1342 -124.4736
v 367.8737 360.6063 -112.5826
v 334.2838 376.1689 -139.8954
v 322.6235 372.3467 -144.4794
v 337.9098 376.5539 -142.9503
v 324.0033 372.828 -149.3619
v 349.0329 377.6653 -151.5439
v 328.6241 374.0749 -161.6573
v 351.2943 374.2771 -162.0159
v 332.1463 370.6026 -170.7694
v 349.7938 370.4857 -171.7436
v 335.1695 370.2184 -173.711
v 315.8511 377.9492 -165.9022
v 318.6076 374.5284 -175.8448
v 335.1695 370.2184 -173.711
v 318.5951 376.8182 -152.4075
v 315.9626 376.189 -146.3035
v 315.828 375.6492 -140.3517
v 321.3982 371.9194 -140.144
v 335.1695 370.2184 -173.711
v 323.3001 370.5101 -180.9597
v 335.1695 370.2184 -173.711
v 323.3001 370.5101 -180.9597
v 333.5816 359.9883 -178.1171
v 323.1175 360.4411 -185.0629
v 332.3734 350.8552 -180.7965
v 326.3101 350.9622 -184.0335
v 344.7085 351.1673 -180.1005
v 348.0866 360.3097 -176.791
v 335.1695 370.2184 -173.711
v 349.7938 370.4857 -171.7436
v 321.3982 371.9194 -140.144
v 318.6969 364.8366 -132.514
v 315.828 375.6492 -140.3517
v 321.3982 371.9194 -140.144
v 331.5 375.855 -137.3472
v 318.6969 364.8366 -132.514
v 321.3982 371.9194 -140.144
v 318.6969 364.8366 -132.514
v 325.1448 368.768 -130.9047
v 318.6362 361.6671 -125.1276
v 321.0618 361.7417 -125.1382
v 315.828 375.6492 -140.3517
v 318.6969 364.8366 -132.514
v 316.1971 368.5645 -131.6628
v 318.6362 361.6671 -125.1276
v 316.1971 368.5645 -131.6628
v 318.6362 361.6671 -125.1276
v 315.9948 361.7764 -127.2339
v 293.5407 390.2916 -184.3496
v 294.0137 388.1021 -202.98
v 300.9065 390.75 -180.1735
v 304.1753 388.8823 -201.4354
v 309.9051 389.1719 -182.9509
v 311.8979 386.8594 -199.7018
v 319.8313 385.2574 -184.9872
v 319.4224 382.3166 -195.5662
v 324.8641 376.0759 -187.4767
v 325.1033 374.8734 -193.4825
v 323.3149 387.642 -210.3096
v 327.2666 377.6009 -203.6124
v 314.1972 392.2165 -215.3337
v 305.1352 394.0698 -215.6375
v 293.9581 393.0489 -214.8468
v 286.5567 391.1721 -213.0611
v 286.4777 386.4327 -203.5427
v 288.0786 388.5006 -182.8613
v 325.6281 366.473 -189.4884
v 326.3999 366.6988 -191.7367
v 327.1427 367.2918 -198.0759
v 281.3228 384.1932 -203.8502
v 284.0193 386.5548 -186.0629
v 276.1871 381.9621 -204.1566
v 278.3376 384.1894 -185.0604
v 264.1471 373.7428 -201.7538
v 264.7477 373.442 -198.2089
v 281.4639 388.7083 -210.8556
v 276.3903 386.2538 -208.6585
v 276.3903 386.2538 -208.6585
v 276.3903 386.2538 -208.6585
v 264.8266 374.0183 -204.5851
v 315.9262 387.8647 -146.6285
v 301.8643 384.7523 -159.9109
v 320.7156 388.3947 -147.3138
v 305.5271 385.5603 -164.0651
v 291.0127 388.9296 -166.8724
v 295.1493 390.0459 -174.2937
v 291.3517 388.5576 -163.931
v 299.5659 384.2454 -157.3044
v 310.5891 387.4418 -145.9808
v 294.0752 381.8956 -150.5598
v 286.1085 386.025 -156.0151
v 288.0632 376.78 -142.563
v 303.8255 385.3172 -142.17
v 288.0632 376.78 -142.563
v 287.8017 388.0957 -161.8846
v 308.8734 384.7046 -166.8382
v 299.1191 389.1278 -176.1636
v 311.353 384.0703 -168.8931
v 329.5127 386.6692 -148.5193
v 336.723 383.3513 -158.1043
v 319.8112 380.2925 -172.943
v 334.8431 374.4731 -166.2973
v 325.4074 373.3529 -176.4842
v 325.7684 387.4036 -148.0062
v 309.5676 384.906 -184.5473
v 318.1566 375.5639 -184.0523
v 300.1708 388.5774 -179.6317
v 329.6881 365.2677 -174.7238
v 328.2788 365.3979 -176.647
v 323.4872 365.6349 -180.8983
v 288.0632 376.78 -142.563
v 295.9261 380.2714 -135.5846
v 288.0632 376.78 -142.563
v 286.5266 373.5003 -138.4072
v 292.5311 376.4144 -134.7389
v 292.176 375.0536 -133.8287
v 283.9586 368.0191 -131.4619
v 287.1932 368.1205 -131.4957
v 283.8041 376.0313 -140.4732
v 286.1085 386.025 -156.0151
v 288.0632 376.78 -142.563
v 284.6285 380.7295 -144.4901
v 283.8041 376.0313 -140.4732
v 283.9586 368.0191 -131.4619
v 282.2752 368.2086 -134.1354
v 288.0632 376.78 -142.563
v 283.8041 376.0313 -140.4732
v 284.6285 380.7295 -144.4901
v 342.0722 394.5877 -155.4467
v 332.4297 390.1969 -153.0308
v 344.896 395.4439 -164.0074
v 329.9656 390.9699 -162.4517
v 347.4481 396.7466 -177.6216
v 327.8984 392.0755 -175.4356
v 347.4411 393.1802 -186.88
v 326.6629 388.5076 -185.0916
v 341.548 389.0751 -194.6051
v 327.8698 388.1676 -189.1374
v 314.5155 395.3188 -172.875
v 312.2039 391.7495 -182.8784
v 327.8698 388.1676 -189.1374
v 320.6276 394.3857 -160.4428
v 327.7225 393.6857 -150.2684
v 332.4297 390.1969 -153.0308
v 332.4297 390.1969 -153.0308
v 333.9925 383.2205 -145.1425
v 327.8698 388.1676 -189.1374
v 313.9727 387.7892 -189.6251
v 332.4297 390.1969 -153.0308
v 333.9925 383.2205 -145.1425
v 333.9925 383.2205 -145.1425
v 339.7032 387.4214 -146.7754
v 337.9971 380.0123 -135.9534
v 337.9971 380.0123 -135.9534
v 339.7032 387.4214 -146.7754
v 339.9339 380.2826 -138.3044
v 327.7225 393.6857 -150.2684
v 333.9925 383.2205 -145.1425
v 332.0554 386.8661 -143.186
v 337.9971 380.0123 -135.9534
v 332.0554 386.8661 -143.186
v 337.9971 380.0123 -135.9534
v 336.4359 379.9713 -136.0257
v 327.8698 388.1676 -189.1374
v 313.9727 387.7892 -189.6251
v 324.8195 377.7688 -192.162
v 312.2859 377.6159 -193.0765
v 322.8932 368.5266 -193.8728
v 333.9538 369.3531 -199.324
v 338.0767 378.7086 -198.1298
v 327.8698 388.1676 -189.1374
v 341.548 389.0751 -194.6051
v 322.8932 368.5266 -193.8728
v 312.2859 377.6159 -193.0765
v 316.0247 368.3038 -193.7157
v 342.5923 402.3697 -240.9342
v 357.8916 397.7165 -228.8273
v 335.2171 401.7675 -236.7325
v 355.5621 397.4632 -226.7987
v 329.1884 400.8122 -228.1518
v 345.702 396.3392 -217.6377
v 324.1084 395.1304 -215.6158
v 337.7652 390.8462 -208.1634
v 321.2281 383.0737 -206.0311
v 331.9728 380.82 -200.7682
v 358.0683 394.8807 -201.3756
v 344.3763 382.8438 -195.6607
v 359.6214 399.6313 -204.756
v 369.098 400.651 -212.887
v 368.9773 400.9294 -216.0212
v 318.7754 367.7296 -200.7765
v 327.3708 367.6993 -197.5372
v 334.6781 367.6735 -194.7832
v 372.0954 401.3567 -219.7164
v 361.1144 398.067 -231.634
v 347.8039 402.6872 -242.7033
v 375.2668 401.9864 -225.6436
v 365.1126 398.5019 -235.1162
v 371.0301 392.9613 -241.7132
v 354.2695 403.0811 -244.8979
v 362.5914 397.2667 -247.64
v 381.1462 391.7486 -250.9911
v 378.2947 391.7035 -251.4525
v 379.9164 396.672 -235.1817
v 382.0862 391.5672 -248.6587
v 225.6993 126.757 -334.7296
v 209.8118 122.6058 -325.0053
v 221.2658 127.0942 -339.9799
v 203.7118 122.9429 -330.9985
v 199.9995 126.7572 -313.1974
v 197.6 127.0942 -325.4474
v 199.81 123.0797 -334.2875
v 191.4119 127.2309 -320.3325
v 195.9583 123.2588 -339.0865
v 217.8205 127.41 -344.8816
v 212.5021 125.1619 -352.9152
v 191.2948 121.0106 -344.006
v 185.9056 127.4099 -324.0379
v 180.2444 125.162 -329.3745
v 219.7744 127.2309 -342.102
v 187.8173 118.3491 -350.8831
v 175.373 122.5004 -336.687
v 185.1456 116.3043 -356.1663
v 195.3693 120.4555 -364.1636
v 189.1224 110.23 -368.7544
v 183.8472 108.3576 -365.2263
v 202.3347 122.5003 -359.8485
v 174.8047 120.4556 -346.0325
v 174.9942 110.2299 -358.4222
v 186.2508 100.3886 -370.0666
v 183.7275 100.3885 -369.2807
v 178.1372 100.3886 -365.2786
v 223.6787 116.5033 -309.7875
v 236.4971 120.6546 -315.66
v 236.2202 108.3331 -300.0938
v 230.6246 122.904 -322.5426
v 220.774 118.7527 -312.9446
v 227.4675 125.1618 -328.9203
v 217.3011 121.0106 -318.3752
v 216.7214 122.904 -307.041
v 223.6787 116.5033 -309.7875
v 227.7831 126.0768 -332.4562
v 213.0056 121.9255 -322.1781
v 208.2673 125.1619 -310.4364
v 204.9879 126.0769 -312.8817
v 223.6787 116.5033 -309.7875
v 221.9722 120.6546 -307.1792
v 236.2202 108.3331 -300.0938
v 221.9722 120.6546 -307.1792
v 236.2202 108.3331 -300.0938
v 233.0055 108.3331 -299.4647
v 236.2202 108.3331 -300.0938
v 236.4971 120.6546 -315.66
v 235.8656 108.3331 -302.2101
v 235.4412 122.2109 -380.2925
v 236.6853 118.0736 -363.0789
v 220.6646 122.5446 -379.9755
v 228.5002 118.4054 -360.3974
v 246.6029 122.2023 -345.7926
v 236.2021 122.5453 -342.6218
v 226.1662 118.0608 -359.7831
v 233.9824 122.205 -340.2116
v 217.6204 122.2003 -383.2733
v 215.5276 121.2378 -382.9561
v 219.6425 117.0973 -358.0663
v 215.3374 120.2718 -374.0774
v 213.5409 116.1374 -358.3882
v 208.6784 115.5705 -383.6536
v 202.0316 111.4174 -359.8774
v 193.4114 105.3355 -375.876
v 188.3048 103.4563 -360.0795
v 205.0305 115.5796 -344.8768
v 189.2835 105.333 -349.4175
v 216.6692 120.2969 -343.2558
v 224.8503 121.254 -343.1924
v 184.8605 94.83212 -364.356
v 184.2859 94.83212 -361.8552
v 184.199 94.83212 -354.9673
v 265.5018 108.6276 -370.6529
v 271.4632 103.4967 -371.8579
v 275.3317 103.497 -369.1941
v 265.5018 108.6276 -370.6529
v 273.4925 103.4978 -366.7207
v 267.4043 111.2051 -361.2033
v 257.7013 111.693 -370.5261
v 260.238 115.8174 -354.3541
v 256.6865 117.6269 -353.9736
v 251.9936 113.509 -368.9406
v 252.7546 120.3028 -348.3927
v 248.2519 116.1947 -367.7355
v 252.3105 120.3303 -379.1509
v 257.7428 117.6433 -378.4535
v 261.4161 115.8264 -377.9819
v 265.5018 108.6276 -370.6529
v 265.6119 111.8909 -375.6385
v 267.1654 110.5327 -375.6273
v 271.4632 103.4967 -371.8579
v 244.7003 117.8629 -366.2135
v 249.7105 121.8925 -347.822
v 241.5295 122.0069 -379.912
v 240.1977 122.0936 -373.6336
v 242.1001 122.079 -358.5397
v 240.1977 122.0936 -373.6336
v 241.293 117.9525 -364.8809
v 242.1001 122.079 -358.5397
v 241.293 117.9525 -364.8809
v 242.1001 122.079 -358.5397
v 240.1977 122.0936 -373.6336
v 241.293 117.9525 -364.8809
v 235.4412 122.2109 -380.2925
v 268.0478 114.604 -338.5257
v 259.525 110.4527 -329.6442
v 266.0742 114.604 -342.3833
v 253.2453 110.4527 -334.0401
v 253.0659 114.604 -320.4038
v 244.8124 114.604 -323.9922
v 262.7548 114.604 -317.8021
v 265.8946 110.4528 -325.5174
v 265.8946 110.4528 -325.5174
v 272.1744 114.604 -332.9634
v 250.5108 110.4527 -335.7823
v 243.4667 114.604 -328.6572
v 248.2954 110.4527 -337.194
v 263.7416 114.604 -351.0853
v 264.7285 114.604 -346.9586
v 243.6462 114.604 -333.0532
v 262.037 114.604 -356.1091
v 247.017 110.4527 -338.0086
v 243.6462 114.604 -333.0532
v 260.1533 114.604 -360.3257
v 244.792 110.4527 -339.4262
v 238.8913 114.604 -331.8868
v 243.6462 114.604 -333.0532
v 253.1639 109.8977 -362.3018
v 237.1795 105.7464 -346.2685
v 243.1547 104.9539 -364.265
v 234.2263 114.604 -331.5282
v 226.7059 109.8976 -334.8302
v 233.2499 104.9539 -351.3636
v 243.1547 104.9539 -364.265
v 265.8946 110.4528 -325.5174
v 271.995 103.698 -321.4803
v 262.7548 114.604 -317.8021
v 271.995 103.698 -321.4803
v 270.9186 107.8492 -315.4696
v 276.3012 101.0203 -314.9315
v 265.8946 110.4528 -325.5174
v 272.1744 114.604 -332.9634
v 271.995 103.698 -321.4803
v 275.4938 107.8492 -326.6836
v 280.1589 101.0203 -321.0318
v 271.995 103.698 -321.4803
v 281.7737 101.0203 -316.2771
v 276.3012 101.0203 -314.9315
v 233.2499 104.9539 -351.3636
v 226.7059 109.8976 -334.8302
v 223.4586 104.9539 -341.3401
v 221.8056 93.63728 -353.9874
v 218.9405 93.79311 -342.5718
v 237.8542 93.63733 -363.994
v 232.8233 83.64799 -361.7801
v 219.3748 83.64796 -353.2072
v 217.2395 83.64795 -346.846
v 243.1547 104.9539 -364.265
v 233.2499 104.9539 -351.3636
v 237.8542 93.63733 -363.994
v 221.8056 93.63728 -353.9874
v 218.9405 93.79311 -342.5718
v 219.3748 83.64796 -353.2072
v 251.3366 86.63771 -389.0858
v 256.3825 83.10609 -383.7595
v 246.5011 86.63766 -388.1746
v 260.7318 83.10618 -389.0287
v 257.4337 86.63773 -391.6086
v 263.6079 80.43864 -391.9585
v 256.3825 83.10609 -383.7595
v 253.299 83.10612 -380.536
v 263.2345 86.63773 -379.7329
v 261.1788 86.63771 -374.2807
v 265.5631 86.63772 -387.1936
v 249.865 81.30093 -376.2611
v 258.1398 86.63771 -366.8618
v 255.3689 86.63769 -360.6051
v 244.1184 81.30093 -370.9349
v 233.202 86.63769 -386.6154
v 238.724 77.29712 -365.4491
v 227.0394 82.63392 -380.7603
v 224.2378 78.42814 -372.5477
v 233.979 78.42815 -362.7203
v 239.4587 86.63766 -387.956
v 247.8608 82.63388 -354.7059
v 241.3067 78.42814 -353.3184
v 260.7318 83.10618 -389.0287
v 256.3825 83.10609 -383.7595
v 263.6079 80.43864 -391.9585
v 268.5764 83.97015 -390.5574
v 269.3474 78.90005 -395.7433
v 263.6079 80.43864 -391.9585
v 257.4337 86.63773 -391.6086
v 261.4984 83.97012 -393.9914
v 265.0725 78.90005 -397.5655
v 263.6079 80.43864 -391.9585
v 267.5952 78.90005 -398.4064
v 269.3474 78.90005 -395.7433
v 263.6079 80.43864 -391.9585
v 265.0725 78.90005 -397.5655
v 205.6449 113.0766 -426.1262
v 217.3529 108.9253 -420.5311
v 202.3722 113.0765 -420.2933
v 217.3529 108.9253 -420.5311
v 219.7052 105.6321 -425.525
v 208.3665 109.7834 -429.9969
v 222.1776 102.1705 -430.7742
v 212.7817 106.3219 -434.9564
v 225.8296 109.7834 -424.375
v 217.3529 108.9253 -420.5311
v 227.7532 106.3218 -428.5035
v 226.201 99.4929 -441.237
v 217.9832 99.49287 -439.7344
v 224.1447 99.4928 -442.8866
v 217.3529 108.9253 -420.5311
v 227.4248 113.0765 -419.7774
v 215.4327 108.9253 -412.7038
v 202.3722 113.0765 -420.2933
v 225.9062 113.0766 -408.9494
v 212.9353 108.9252 -407.5343
v 223.1226 113.0765 -403.6531
v 195.9074 113.0765 -420.2593
v 211.4581 108.9253 -404.4767
v 222.9859 113.0765 -399.3146
v 209.1985 108.9252 -399.7998
v 194.9396 113.0765 -407.3163
v 193.0648 108.3702 -399.6958
v 203.3823 104.219 -390.6896
v 191.3713 103.4265 -394.6152
v 196.6352 103.4265 -386.4431
v 198.0847 113.0765 -411.3687
v 214.8986 108.3702 -383.2448
v 220.4629 113.0765 -392.4984
v 195.6407 113.0765 -415.5186
v 196.6352 103.4265 -386.4431
v 210.6649 103.4266 -379.7368
v 196.6352 103.4265 -386.4431
v 210.6649 103.4266 -379.7368
v 194.2996 92.10991 -382.0349
v 207.2065 92.26567 -376.8165
v 191.7534 82.12051 -374.6433
v 197.5744 82.1205 -371.0833
v 188.7706 82.12054 -380.2812
v 189.7382 92.10989 -385.7849
v 191.3713 103.4265 -394.6152
v 196.6352 103.4265 -386.4431
v 172.886 136.7378 -398.2764
v 183.1775 131.5017 -398.3699
v 170.2663 136.7378 -395.9373
v 185.1424 131.5017 -402.8609
v 177.1898 136.7378 -402.6738
v 186.0374 131.5017 -406.8636
v 185.1424 131.5017 -402.8609
v 172.886 136.7378 -398.2764
v 170.2663 136.7378 -395.9373
v 183.1775 131.5017 -398.3699
v 182.7099 131.5017 -391.1658
v 165.7287 136.7378 -393.316
v 179.7667 132.5866 -383.3169
v 161.7999 132.0314 -377.6002
v 177.5159 127.8802 -373.8956
v 165.2799 127.0877 -368.9564
v 203.948 136.7378 -380.9677
v 203.948 132.0314 -371.2374
v 179.0874 127.0877 -369.0687
v 201.7961 127.0878 -366.3723
v 200.2056 135.6529 -393.1305
v 194.4985 135.6529 -396.4986
v 194.4985 135.6529 -396.4986
v 181.4651 121.8772 -365.2438
v 195.0278 121.9489 -364.5781
v 184.2514 115.7711 -360.7616
v 192.6705 115.9269 -359.3023
v 173.9236 115.7711 -365.2518
v 169.2598 121.8771 -367.2506
v 165.2799 127.0877 -368.9564
v 179.0874 127.0877 -369.0687
v 165.2799 127.0877 -368.9564
v 179.0874 127.0877 -369.0687
v 169.2598 121.8771 -367.2506
v 183.1775 131.5017 -398.3699
v 199.2701 135.6529 -397.6214
v 194.4985 135.6529 -396.4986
v 185.1424 131.5017 -402.8609
v 197.0245 135.6529 -406.0419
v 186.0374 131.5017 -406.8636
v 185.1424 131.5017 -402.8609
v 186.0374 131.5017 -406.8636
v 188.8574 125.8318 -414.1291
v 194.5921 129.9831 -412.6848
v 193.1885 123.1541 -420.5437
v 182.4541 129.9831 -412.4944
v 188.2127 123.1541 -418.7649
v 186.0374 131.5017 -406.8636
v 180.7712 136.7378 -407.9095
v 188.8574 125.8318 -414.1291
v 180.7712 136.7378 -407.9095
v 177.1898 136.7378 -402.6738
v 188.8574 125.8318 -414.1291
v 180.7712 136.7378 -407.9095
v 182.4541 129.9831 -412.4944
v 188.8574 125.8318 -414.1291
v 182.4541 129.9831 -412.4944
v 193.1885 123.1541 -420.5437
v 194.5921 129.9831 -412.6848
v 193.1885 123.1541 -420.5437
v 193.4694 123.1541 -415.9594
v 152.5798 82.17006 -397.9039
v 156.1564 82.17006 -407.7167
v 166.9388 76.50886 -399.1044
v 163.8124 76.5088 -411.6356
v 150.6787 82.17001 -389.0144
v 167.761 77.68176 -390.0788
v 152.9521 77.08152 -376.0697
v 169.9963 72.59328 -379.8471
v 160.4023 71.7364 -369.2881
v 192.4117 82.17004 -399.1537
v 196.9838 77.08159 -389.6787
v 173.7946 71.73646 -375.8852
v 197.1742 71.73649 -383.9301
v 183.0523 80.99702 -409.2387
v 180.031 80.99704 -413.1721
v 180.762 66.10284 -370.049
v 193.7109 66.1804 -376.3272
v 165.0791 66.1028 -369.4969
v 173.8879 80.99709 -420.3163
v 162.8029 76.50879 -415.9539
v 160.4023 71.7364 -369.2881
v 173.7946 71.73646 -375.8852
v 162.8029 76.50879 -415.9539
v 162.1351 70.37852 -424.3535
v 168.398 74.86697 -425.642
v 162.8029 76.50879 -415.9539
v 157.1836 82.17004 -414.4977
v 162.8029 76.50879 -415.9539
v 157.1836 82.17004 -414.4977
v 162.1351 70.37852 -424.3535
v 160.4023 71.7364 -369.2881
v 173.7946 71.73646 -375.8852
v 165.0791 66.1028 -369.4969
v 162.1351 70.37852 -424.3535
v 157.1836 82.17004 -414.4977
v 156.6679 74.86687 -419.7532
v 159.3292 67.48341 -428.5651
v 163.4085 67.48346 -431.5961
v 162.1351 70.37852 -424.3535
v 165.7659 67.48346 -428.3029
v 168.398 74.86697 -425.642
v 162.1351 70.37852 -424.3535
v 163.4085 67.48346 -431.5961
v 165.7659 67.48346 -428.3029
v 133.8684 122.8859 -414.2404
v 139.5286 118.6081 -417.3163
v 133.6342 122.4134 -408.9657
v 142.1483 118.6081 -409.8664
v 137.0725 116.2088 -423.0467
v 133.2086 119.4675 -420.7656
v 134.0435 113.4155 -430.2509
v 142.1483 118.6081 -409.8664
v 134.3711 125.4537 -404.9544
v 145.5867 118.6082 -405.9367
v 139.5286 118.6081 -417.3163
v 147.3059 125.4537 -422.4738
v 142.1483 118.6081 -409.8664
v 137.0725 116.2088 -423.0467
v 142.1484 119.4675 -427.3857
v 134.0435 113.4155 -430.2509
v 142.1483 118.6081 -409.8664
v 151.3992 125.4536 -416.7431
v 156.2294 125.4537 -413.3049
v 145.5867 118.6082 -405.9367
v 145.5867 118.6082 -405.9367
v 147.7152 118.6081 -401.0246
v 147.7152 118.6081 -401.0246
v 158.6034 125.4537 -410.5212
v 151.3173 118.6082 -398.5688
v 165.3983 124.7222 -408.802
v 142.1484 119.4675 -427.3857
v 134.0435 113.4155 -430.2509
v 137.4 113.4156 -430.4966
v 134.3711 125.4537 -404.9544
v 145.5867 118.6082 -405.9367
v 136.7452 125.4536 -399.5512
v 147.7152 118.6081 -401.0246
v 147.7152 118.6081 -401.0246
v 142.1423 123.3671 -397.64
v 151.3173 118.6082 -398.5688
v 151.3173 118.6082 -398.5688
v 140.5928 125.4537 -393.6568
v 156.3931 118.6081 -394.7212
v 165.3983 124.7222 -408.802
v 156.3931 118.6081 -394.7212
v 172.439 125.4537 -407.4105
v 156.3931 118.6081 -394.7212
v 144.2585 123.3629 -385.9521
v 159.9952 115.4458 -391.692
v 147.1421 121.8709 -384.2422
v 162.2818 115.0254 -389.4396
v 183.2833 121.8709 -403.7563
v 178.8843 122.2913 -405.5891
v 172.439 125.4537 -407.4105
v 156.3931 118.6081 -394.7212
v 149.6801 121.2828 -379.2482
v 165.4802 114.4372 -386.2885
v 164.8254 114.8419 -372.5353
v 174.1581 107.9963 -380.8856
v 182.0174 98.67371 -370.7341
v 186.1925 98.67373 -373.272
v 188.1363 114.8419 -388.3122
v 189.3393 98.67371 -375.8732
v 185.668 121.2828 -400.6569
v 134.0435 113.4155 -430.2509
v 133.2086 119.4675 -420.7656
v 132.9793 113.4155 -426.3214
v 142.7783 129.6615 -354.149
v 141.2095 126.1444 -361.2949
v 149.4886 129.6615 -347.4385
v 146.177 126.1444 -360.5978
v 157.5932 129.6615 -346.7414
v 152.4302 126.1445 -360.9619
v 167.0922 125.8207 -346.9157
v 163.6471 122.3036 -361.3058
v 173.5724 108.8062 -350.2501
v 171.2488 106.967 -361.3471
v 158.0289 125.8207 -376.3713
v 167.8207 108.8062 -370.6425
v 151.2426 129.6615 -378.824
v 145.2711 129.6615 -376.5325
v 140.133 129.6615 -376.602
v 181.1805 99.03222 -353.6804
v 178.3872 99.03223 -361.236
v 176.0125 99.03223 -367.6595
v 136.0363 129.6615 -376.2549
v 137.9205 126.1444 -362.1458
v 133.3284 129.6615 -375.0745
v 134.2346 126.1445 -363.0993
v 139.3692 129.6615 -350.3557
v 134.6737 129.6615 -349.7915
v 128.3984 129.6615 -376.1853
v 129.7063 126.1444 -364.6065
v 122.2973 120.632 -364.054
v 129.6191 129.6615 -352.406
v 120.7301 124.149 -356.5891
v 120.0327 124.149 -372.7111
v 110.4744 118.5761 -365.4783
v 111.486 118.576 -367.4444
v 120.7301 124.149 -356.5891
v 110.4744 118.5761 -365.4783
v 110.4744 118.5761 -365.4783
v 120.7301 124.149 -356.5891
v 111.8094 118.576 -363.3251
v 501.4169 202.8496 -219.2255
v 509.1937 203.3467 -225.8236
v 521.1978 215.9711 -210.6782
v 495.3118 202.4799 -211.5329
v 482.9792 211.3484 -230.3369
v 495.4339 209.7347 -233.7558
v 509.1937 203.3467 -225.8236
v 478.5835 212.5488 -224.9644
v 490.1982 201.6965 -207.2632
v 516.1915 215.9711 -201.1541
v 512.2841 215.9711 -197.3689
v 490.1982 201.6965 -207.2632
v 504.4695 215.9711 -186.5018
v 483.4542 200.7771 -199.1307
v 494.7013 213.674 -178.1986
v 479.0614 198.5237 -195.1958
v 509.1937 203.3467 -225.8236
v 524.6267 215.9711 -223.2514
v 510.8189 202.9523 -231.9243
v 509.1937 203.3467 -225.8236
v 477.9731 212.7809 -219.5918
v 478.5835 212.5488 -224.9644
v 490.1982 201.6965 -207.2632
v 483.4542 200.7771 -199.1307
v 468.8153 213.099 -221.6676
v 477.9731 212.7809 -219.5918
v 483.4542 200.7771 -199.1307
v 479.0614 198.5237 -195.1958
v 465.3964 211.9717 -217.7602
v 477.5605 197.7538 -193.8514
v 477.5605 197.7538 -193.8514
v 479.0614 198.5237 -195.1958
v 488.4449 212.8891 -183.2971
v 475.2194 196.5529 -191.7547
v 475.2194 196.5529 -191.7547
v 489.1013 211.6648 -179.4397
v 472.6689 195.2446 -189.4704
v 489.3023 210.3311 -175.0662
v 474.2123 204.4069 -165.4635
v 464.6094 190.9389 -182.6111
v 472.6689 195.2446 -189.4704
v 460.4941 190.8454 -166.8351
v 475.2194 196.5529 -191.7547
v 489.1013 211.6648 -179.4397
v 461.0085 185.182 -159.8047
v 455.1783 180.7335 -174.2088
v 447.976 174.8332 -168.8929
v 455.1783 180.7335 -174.2088
v 464.6094 190.9389 -182.6111
v 471.1257 211.5865 -205.9321
v 465.3964 211.9717 -217.7602
v 477.5605 197.7538 -193.8514
v 475.2194 196.5529 -191.7547
v 471.1257 211.5865 -205.9321
v 477.5605 197.7538 -193.8514
v 472.6689 195.2446 -189.4704
v 460.8785 210.9857 -212.9982
v 475.2194 196.5529 -191.7547
v 458.0702 210.3312 -211.655
v 464.6094 190.9389 -182.6111
v 460.8785 210.9857 -212.9982
v 471.1257 211.5865 -205.9321
v 475.2194 196.5529 -191.7547
v 448.1797 204.4067 -204.0846
v 458.0702 210.3312 -211.655
v 464.6094 190.9389 -182.6111
v 455.1783 180.7335 -174.2088
v 442.6604 191.032 -191.1851
v 447.976 174.8332 -168.8929
v 437.1731 185.2804 -182.4397
v 442.6604 191.032 -191.1851
v 447.976 174.8332 -168.8929
v 449.005 178.8744 -158.6043
v 447.976 174.8332 -168.8929
v 461.0085 185.182 -159.8047
v 442.4409 168.7625 -167.8199
v 447.976 174.8332 -168.8929
v 442.4409 168.7625 -167.8199
v 437.1731 185.2804 -182.4397
v 447.976 174.8332 -168.8929
v 432.3717 179.1961 -173.0084
v 437.1731 185.2804 -182.4397
v 442.4409 168.7625 -167.8199
v 520.7094 199.6929 -260.7408
v 525.3126 203.232 -247.6013
v 515.5809 200.567 -247.4315
v 526.6845 207.8765 -232.6827
v 512.8947 202.4395 -239.0063
v 525.5215 212.4514 -227.3523
v 516.4357 196.9235 -267.3344
v 513.2609 199.6929 -254.2693
v 511.0631 203.2319 -248.8967
v 512.8947 202.4395 -239.0063
v 505.9348 207.8765 -241.0821
v 512.8947 202.4395 -239.0063
v 525.5215 212.4514 -227.3523
v 510.8189 202.9523 -231.9243
v 524.6267 215.9711 -223.2514
v 497.8759 208.9267 -237.2969
v 512.8947 202.4395 -239.0063
v 510.8189 202.9523 -231.9243
v 495.4339 209.7347 -233.7558
v 509.1937 203.3467 -225.8236
v 505.9348 207.8765 -241.0821
v 512.8947 202.4395 -239.0063
v 497.8759 208.9267 -237.2969
v 488.4449 212.8891 -183.2971
v 479.0614 198.5237 -195.1958
v 494.7013 213.674 -178.1986
v 433.6127 173.014 -223.596
v 442.2917 167.5676 -222.5551
v 433.5644 173.8877 -219.3136
v 443.4138 168.1898 -219.1889
v 451.7669 166.7071 -225.9213
v 453.1384 165.3852 -221.9317
v 450.5202 165.3314 -228.4148
v 443.5385 166.7244 -228.1655
v 435.5129 171.5406 -229.7701
v 450.0215 165.3642 -232.7784
v 444.5358 166.2058 -233.1525
v 444.1618 162.0816 -239.8849
v 437.1394 170.2063 -235.8377
v 439.6735 166.0289 -241.2563
v 448.5254 162.7123 -236.8927
v 447.6527 159.3511 -240.7576
v 444.2865 169.0014 -215.8226
v 455.7565 165.5417 -217.6927
v 447.464 170.0767 -210.856
v 433.1904 175.3027 -208.4668
v 434.4371 175.0795 -198.6175
v 448.8994 168.9644 -204.6019
v 434.8117 172.2345 -188.7453
v 449.6872 168.4688 -199.7576
v 434.3061 174.4964 -214.0952
v 465.6904 164.0453 -204.2666
v 468.0993 162.4735 -200.2383
v 458.405 165.7489 -212.0611
v 443.8533 165.4583 -192.3394
v 452.6768 161.8489 -192.2088
v 440.5899 161.9304 -185.0313
v 447.3545 159.8177 -184.8264
v 432.0874 164.4328 -184.7059
v 431.4449 168.6423 -187.7708
v 431.4449 168.6423 -187.7708
v 434.8117 172.2345 -188.7453
v 449.6872 168.4688 -199.7576
v 431.4449 168.6423 -187.7708
v 443.8929 160.5891 -246.9
v 446.9666 159.1127 -246.1191
v 432.4982 183.0132 -195.7493
v 432.0691 182.6276 -201.157
v 438.3082 177.5371 -196.0047
v 438.0054 177.7916 -201.6601
v 443.3249 176.0435 -202.9947
v 446.225 174.8014 -199.1331
v 442.2666 176.8085 -206.2838
v 438.1608 178.0733 -205.7784
v 436.712 175.9323 -210.6891
v 432.8813 182.3764 -206.6669
v 433.7112 179.6974 -211.0723
v 439.1382 175.5224 -209.9869
v 437.3505 173.5774 -212.5407
v 440.2853 177.5566 -191.7624
v 448.9066 173.9947 -195.3662
v 443.4959 177.3017 -188.1458
v 433.1271 182.4482 -183.6093
v 435.2099 180.5921 -176.0857
v 445.2083 175.2963 -183.592
v 433.2675 182.5933 -188.2868
v 451.476 173.0048 -191.1774
v 457.9159 169.7108 -186.2891
v 435.6266 175.8944 -216.8184
v 436.3928 174.3054 -215.733
v 393.3499 211.9907 -224.9661
v 400.4875 213.9957 -230.8785
v 397.3981 210.6002 -214.899
v 405.4518 213.2952 -220.5861
v 393.6696 211.7519 -239.9336
v 388.4496 210.9642 -237.2171
v 409.1468 221.3863 -236.5594
v 417.9221 221.7405 -228.6798
v 398.4101 216.6621 -244.6742
v 393.8855 212.946 -249.179
v 408.0245 213.0566 -217.9149
v 417.4014 221.8612 -226.2248
v 400.5407 209.9987 -209.2529
v 404.3759 209.4324 -204.1927
v 411.0437 212.7767 -214.7802
v 417.4014 221.8612 -226.2248
v 411.3003 210.7284 -198.7597
v 418.9668 214.8714 -210.3332
v 419.6333 222.0027 -226.076
v 417.4014 221.8612 -226.2248
v 424.9894 223.0896 -221.2375
v 415.2952 213.3751 -198.2803
v 423.7369 215.8231 -208.2289
v 430.2094 223.6642 -217.1894
v 418.9705 214.4833 -197.2682
v 425.65 216.2216 -207.3647
v 422.0599 213.5391 -196.629
v 430.3721 214.8976 -204.9437
v 433.5652 223.7419 -213.9935
v 436.6013 222.8535 -208.88
v 424.9302 212.692 -195.8884
v 435.309 211.8927 -202.8588
v 435.309 211.8927 -202.8588
v 435.309 211.8927 -202.8588
v 436.6013 222.8535 -208.88
v 438.6786 221.0545 -204.8319
v 388.5401 210.7092 -247.1794
v 390.5323 211.8468 -252.1677
v 413.6613 172.5062 -208.5198
v 421.3913 167.6608 -209.3689
v 414.4835 173.2834 -204.7995
v 423.0426 168.2143 -206.6786
v 435.1676 166.8953 -216.0559
v 435.2586 165.7192 -211.7798
v 431.0734 165.6714 -218.9673
v 421.3396 166.9106 -214.4816
v 414.062 171.1953 -214.2529
v 427.6617 165.7005 -221.6058
v 421.1976 166.4493 -219.0039
v 424.2953 163.3414 -223.107
v 414.7878 170.0082 -219.8316
v 419.5152 162.7802 -224.7618
v 415.8795 166.2919 -225.1086
v 421.3839 160.3511 -228.3839
v 424.4779 168.9364 -203.938
v 436.032 165.8584 -208.3225
v 428.7534 169.8929 -199.8157
v 421.6114 174.5422 -196.6768
v 428.9354 174.3436 -190.6721
v 433.9394 168.9034 -192.1733
v 416.1789 173.8249 -200.4276
v 436.7143 166.0428 -203.273
v 440.5356 164.5272 -195.3121
v 417.4717 161.4524 -230.3855
v 420.0192 160.139 -230.3855
v 460.699 177.4513 -119.2862
v 453.7771 177.3459 -118.1125
v 460.3568 180.2318 -126.5299
v 451.1806 179.7566 -123.1408
v 459.0471 173.4236 -110.8691
v 454.5632 173.8457 -113.6224
v 445.9888 181.7599 -117.9489
v 445.6741 185.9872 -124.8714
v 450.5513 176.13 -110.7904
v 466.0482 180.0699 -123.2981
v 465.4189 176.8849 -116.9263
v 463.295 173.0944 -110.5545
v 440.4822 186.216 -114.645
v 440.9542 191.1866 -123.0622
v 444.6514 178.4013 -109.6892
v 438.8303 191.5678 -128.4113
v 450.5137 182.9116 -130.4238
v 449.937 182.9482 -133.258
v 465.8122 180.2543 -128.4113
v 464.5536 179.7258 -136.2778
v 460.8893 176.6457 -147.5523
v 446.9588 180.4912 -145.5162
v 437.021 191.3805 -132.5019
v 432.4584 188.6174 -142.0203
v 456.1146 173.9124 -158.9792
v 444.3098 174.3507 -157.2968
v 448.249 167.946 -167.8082
v 441.4579 172.5992 -167.103
v 430.7245 182.8751 -155.2119
v 429.633 178.0922 -164.821
v 438.2618 163.579 -170.6321
v 431.1511 166.4869 -168.7983
v 433.0417 155.7208 -172.9357
v 431.743 158.0094 -171.256
v 434.6105 156.6354 -174.2935
v 443.5988 162.3078 -171.7175
v 420.6702 191.4162 -136.0356
v 415.3027 191.3139 -139.8302
v 424.9322 194.1753 -138.4415
v 417.7839 193.7039 -143.5675
v 416.0989 187.4138 -132.7704
v 414.1481 187.8291 -136.4439
v 410.2007 195.7218 -145.9801
v 410.9702 199.9262 -151.8289
v 408.6061 190.1126 -141.5005
v 428.0755 194.0239 -132.6363
v 423.3511 190.863 -129.8489
v 416.9925 187.0965 -128.5772
v 402.668 200.1894 -149.1618
v 406.4132 205.1294 -154.6136
v 402.0756 192.3961 -143.6316
v 409.677 205.4883 -158.1849
v 421.2266 196.8343 -147.6301
v 422.7034 196.9806 -149.2955
v 432.15 194.1799 -137.2729
v 433.8561 193.8701 -138.9884
v 438.9318 195.0755 -147.1243
v 428.7817 198.9289 -156.8643
v 412.0088 205.5618 -160.3701
v 417.3706 206.5727 -166.7631
v 443.3355 195.7229 -155.708
v 434.7688 196.1585 -163.988
v 444.1097 189.7205 -165.5448
v 439.3419 194.371 -170.4099
v 424.7947 204.6798 -173.431
v 430.361 199.8631 -178.4324
v 439.6339 185.3367 -174.3992
v 433.9342 188.2457 -179.0249
v 437.8454 177.4673 -179.4001
v 435.9261 179.7606 -179.6586
v 439.7189 178.3782 -178.7877
v 443.7206 184.0657 -170.7991
v 507.2661 178.6841 -156.0467
v 509.1299 172.1645 -143.7771
v 502.9441 179.7299 -154.4958
v 503.8882 172.9092 -142.3272
v 509.3529 171.1345 -136.0818
v 509.0183 169.5521 -130.8402
v 512.5871 169.4877 -132.9592
v 514.2599 171.1551 -144.6693
v 514.3619 176.9203 -157.693
v 518.6095 169.5269 -136.6395
v 520.1708 170.5344 -147.3458
v 527.5314 165.5975 -149.5763
v 521.2589 175.3231 -155.9452
v 526.0031 170.3226 -155.3575
v 526.6119 166.3526 -143.6494
v 529.6505 162.3291 -147.3459
v 497.3157 173.8809 -141.6556
v 499.9849 169.7394 -128.1636
v 488.7209 175.1679 -140.9889
v 489.6132 181.4237 -152.476
v 480.245 181.1565 -153.8142
v 476.8993 173.8365 -142.6618
v 472.0683 177.7509 -155.4563
v 469.8196 173.2433 -145.108
v 496.5276 180.4585 -152.699
v 474.4457 167.9481 -132.5131
v 468.4234 166.0667 -134.632
v 485.4867 169.9875 -128.9443
v 459.5064 169.6396 -149.8222
v 455.7169 165.319 -142.5597
v 450.8052 165.4165 -155.8668
v 447.4595 162.8876 -149.1753
v 454.7085 168.412 -163.0044
v 462.7202 173.4509 -159.1912
v 532.2154 163.811 -155.5986
v 533.1077 162.0436 -152.922
v 483.4361 151.7993 -134.6522
v 472.6694 151.2018 -128.2229
v 479.0081 149.5167 -141.8065
v 469.2582 151.1441 -134.1476
v 476.6192 151.2327 -119.4256
v 486.6075 150.5512 -127.4869
v 481.4666 149.0604 -113.86
v 488.2878 149.3239 -121.9056
v 464.9867 151.5977 -118.8736
v 459.7954 150.1544 -125.0599
v 471.0594 153.0657 -111.8586
v 476.3991 151.7424 -107.9847
v 464.0516 146.9091 -139.5337
v 454.3198 147.1825 -131.7711
v 459.0246 142.5237 -145.4584
v 451.0161 143.9211 -140.2093
v 470.709 140.9884 -153.3269
v 475.3813 145.1491 -147.8147
v 481.9844 143.5059 -103.5013
v 485.1862 144.1351 -109.1472
v 491.4882 146.2361 -117.7874
v 484.4266 138.4454 -101.8729
v 488.0978 139.1471 -106.8412
v 494.2005 139.7137 -105.6788
v 501.0783 140.2802 -107.3256
v 504.4687 140.8468 -114.2033
v 505.4373 141.4133 -120.0154
v 494.3752 173.014 -169.8808
v 499.0072 167.5676 -161.4826
v 490.682 173.8877 -167.4656
v 495.6203 168.1898 -158.5634
v 503.5231 166.7071 -154.525
v 503.6475 165.3852 -151.7216
v 505.5552 165.3314 -154.6169
v 502.536 166.7244 -164.0263
v 500.1387 171.5406 -172.4428
v 508.7362 165.3642 -159.5813
v 505.9998 166.2058 -168.1958
v 510.7157 162.0816 -172.5595
v 503.8218 170.2063 -175.23
v 506.6743 166.0289 -178.191
v 512.1891 162.7123 -167.7705
v 513.1224 159.3511 -171.6574
v 491.051 169.0014 -157.2491
v 497.853 165.5417 -146.4712
v 484.7543 170.0767 -155.4489
v 482.8566 175.3027 -165.5385
v 475.3344 175.0795 -163.3449
v 476.785 168.9644 -154.4299
v 469.5454 172.2345 -163.8923
v 470.5033 168.4688 -154.6043
v 487.6968 174.4964 -166.375
v 478.0113 164.0453 -144.8465
v 472.478 162.4735 -145.5159
v 487.144 165.7489 -143.5621
v 462.0925 165.4583 -158.393
v 461.1624 161.8489 -151.7208
v 453.9665 161.9304 -161.9092
v 453.1913 159.8177 -155.7076
v 455.057 164.4328 -168.6172
v 462.1006 168.6423 -166.9018
v 512.283 160.5891 -179.809
v 513.6838 159.1127 -177.1096
v 532.7289 195.5411 -212.384
v 539.9019 195.9085 -214.7023
v 542.5457 205.2397 -202.5145
v 542.5457 205.2397 -202.5145
v 539.9019 195.9085 -214.7023
v 547.6176 205.2397 -206.7939
v 542.7309 195.617 -218.4136
v 532.7289 195.5411 -212.384
v 526.3902 195.2678 -208.8469
v 521.6931 194.6888 -207.3695
v 529.6282 205.2396 -195.8577
v 526.3902 195.2678 -208.8469
v 537.1568 205.2397 -197.5218
v 526.3902 195.2678 -208.8469
v 537.1568 205.2397 -197.5218
v 523.2593 201.8229 -225.1705
v 532.7289 195.5411 -212.384
v 550.4706 202.6381 -212.4998
v 542.7309 195.617 -218.4136
v 546.1442 195.238 -222.6684
v 532.7289 195.5411 -212.384
v 532.7333 200.6301 -223.9987
v 539.9019 195.9085 -214.7023
v 523.2593 201.8229 -225.1705
v 538.9795 200.0329 -224.3079
v 542.7309 195.617 -218.4136
v 546.1442 195.238 -222.6684
v 542.8627 199.2566 -228.0326
v 547.4592 195.8237 -231.361
v 518.7421 202.7101 -222.7373
v 523.2593 201.8229 -225.1705
v 526.3902 195.2678 -208.8469
v 521.6931 194.6888 -207.3695
v 518.7421 202.7101 -222.7373
v 526.3902 195.2678 -208.8469
v 515.9974 202.8817 -223.1984
v 514.7938 194.0092 -203.7117
v 515.9974 202.8817 -223.1984
v 521.6931 194.6888 -207.3695
v 511.1382 203.1168 -223.2359
v 505.2196 192.3437 -200.771
v 501.1779 202.2835 -220.821
v 514.7938 194.0092 -203.7117
v 521.6931 194.6888 -207.3695
v 529.1527 205.2397 -192.8461
v 516.5835 203.5418 -186.2396
v 505.2196 192.3437 -200.771
v 498.9949 196.6921 -183.3082
v 497.2628 186.7374 -197.731
v 501.1779 202.2835 -220.821
v 492.0841 196.692 -217.033
v 478.4658 182.5551 -205.3421
v 482.0322 174.8332 -193.0418
v 473.9164 170.3461 -189.3592
v 472.5281 178.0579 -200.2495
v 529.1527 205.2397 -192.8461
v 521.6931 194.6888 -207.3695
v 529.6282 205.2396 -195.8577
v 505.2196 192.3437 -200.771
v 498.9949 196.6921 -183.3082
v 497.2628 186.7374 -197.731
v 488.3781 182.4824 -183.1604
v 482.0322 174.8332 -193.0418
v 478.6713 177.8202 -185.2383
v 482.0322 174.8332 -193.0418
v 488.3781 182.4824 -183.1604
v 473.9164 170.3461 -189.3592
v 558.3954 193.2079 -234.1347
v 556.5727 195.8237 -225.3381
v 550.353 193.8539 -227.6692
v 553.5613 199.2566 -218.6812
v 546.1442 195.238 -222.6684
v 550.4706 202.6381 -212.4998
v 557.1274 191.1609 -238.8896
v 552.848 193.2078 -238.4934
v 547.4592 195.8237 -231.361
v 546.1442 195.238 -222.6684
v 532.7333 200.6301 -223.9987
v 542.7309 195.617 -218.4136
v 539.9019 195.9085 -214.7023
v 361.9116 212.2378 -213.408
v 372.1566 215.0232 -222.8079
v 370.4415 210.3059 -201.4004
v 382.1002 214.05 -210.8354
v 362.1901 211.906 -238.5034
v 355.9957 210.8116 -231.5822
v 385.0932 225.2906 -233.4151
v 397.6478 225.7828 -224.804
v 368.6728 218.7275 -247.1855
v 362.3156 213.5648 -248.8446
v 386.0121 213.7185 -207.4823
v 397.4106 225.9504 -218.6101
v 376.5127 209.4703 -195.2877
v 383.9221 208.6835 -190.672
v 390.6028 213.3296 -203.5474
v 394.2468 210.484 -183.627
v 402.1493 216.2397 -198.4475
v 401.1385 226.1471 -221.1711
v 414.3475 227.6569 -217.4809
v 397.4106 225.9504 -218.6101
v 397.4106 225.9504 -218.6101
v 404.8141 214.161 -185.9382
v 409.0248 217.5619 -196.1696
v 418.1903 228.4553 -213.0773
v 408.5346 215.7006 -189.4851
v 411.7851 218.1155 -195.228
v 410.6875 214.3888 -182.4266
v 418.6362 216.2761 -192.5057
v 424.3857 228.5633 -213.9156
v 429.2111 227.329 -210.4795
v 412.3105 213.2119 -179.2616
v 425.7398 212.1016 -190.2767
v 429.1529 202.4854 -178.281
v 432.0051 209.4316 -188.3017
v 434.3987 224.8297 -206.9654
v 439.9391 217.635 -204.0662
v 438.6323 195.9375 -188.8959
v 441.9355 200.2825 -199.0379
v 443.7217 184.1831 -193.4475
v 443.4914 187.6087 -196.331
v 443.4211 185.5438 -190.5188
v 436.5437 194.039 -179.2496
v 355.1883 210.4574 -245.3708
v 357.2823 212.0378 -252.5334
v 368.0749 99.77611 -310.5693
v 379.2736 94.38203 -310.1669
v 363.9611 100.7656 -302.1162
v 379.2736 94.38203 -310.1669
v 379.9044 95.4604 -297.7404
v 361.6927 102.5807 -286.804
v 382.3502 102.5175 -282.1037
v 363.781 104.5012 -274.7644
v 384.4891 102.2734 -272.8088
v 369.0803 113.2106 -261.6774
v 386.5806 106.6015 -265.5573
v 412.8604 96.58056 -269.3557
v 408.8234 94.53603 -260.9586
v 412.6989 100.9147 -281.7899
v 401.7181 99.73736 -297.1308
v 392.6751 98.85412 -311.8258
v 386.9089 106.8988 -259.6169
v 374.9971 115.0417 -254.0541
v 374.9971 115.0417 -254.0541
v 379.2736 94.38203 -310.1669
v 378.4645 85.64983 -317.9621
v 379.2736 94.38203 -310.1669
v 368.0749 99.77611 -310.5693
v 378.4645 85.64983 -317.9621
v 378.4645 85.64983 -317.9621
v 368.0749 99.77611 -310.5693
v 370.0813 90.918 -316.1392
v 378.4645 85.64983 -317.9621
v 370.0813 90.918 -316.1392
v 379.5321 81.60191 -326.8007
v 392.6751 98.85412 -311.8258
v 378.4645 85.64983 -317.9621
v 385.4083 90.24957 -319.8999
v 378.4645 85.64983 -317.9621
v 379.5321 81.60191 -326.8007
v 385.4083 90.24957 -319.8999
v 379.5321 81.60191 -326.8007
v 381.9839 81.55027 -326.4651
v 386.9089 106.8988 -259.6169
v 408.8234 94.53603 -260.9586
v 405.5937 89.6823 -256.76
v 386.9089 106.8988 -259.6169
v 388.7191 97.04927 -255.226
v 397.0351 87.96615 -252.7229
v 379.3592 107.7057 -250.9949
v 386.9089 106.8988 -259.6169
v 388.7191 97.04927 -255.226
v 374.9971 115.0417 -254.0541
v 379.5321 81.60191 -326.8007
v 370.0813 90.918 -316.1392
v 376.2037 81.94304 -323.291
v 331.0825 80.71255 -298.571
v 335.0493 76.32281 -306.1828
v 336.0141 81.51781 -292.0313
v 346.4382 77.20042 -299.8342
v 343.4115 82.99492 -282.1681
v 356.6754 82.94347 -293.6898
v 352.3099 84.55785 -275.4139
v 363.0268 82.74489 -290.5622
v 361.2082 91.64561 -272.4121
v 368.9272 86.26707 -288.0646
v 327.9244 69.21654 -311.9958
v 326.2567 73.50378 -305.003
v 379.6996 78.11201 -305.4427
v 382.9886 76.44816 -298.6562
v 371.7642 81.63914 -310.9121
v 356.2765 80.68102 -309.9352
v 340.4096 79.96223 -311.6505
v 372.8623 86.50906 -285.0037
v 384.0076 72.49815 -294.4394
v 378.3615 78.49344 -282.3824
v 382.2162 71.10158 -286.9234
v 375.3597 87.16568 -272.9481
v 370.7497 93.13577 -270.3752
v 327.9244 69.21654 -311.9958
v 326.2567 73.50378 -305.003
v 322.8058 65.92231 -317.6824
v 322.8058 65.92231 -317.6824
v 326.2567 73.50378 -305.003
v 323.2562 66.19994 -312.4009
v 327.9244 69.21654 -311.9958
v 331.1898 72.95981 -314.0091
v 340.4096 79.96223 -311.6505
v 322.8058 65.92231 -317.6824
v 324.1682 65.88031 -319.0564
v 362.7693 128.2601 -219.5471
v 356.1815 126.1457 -229.844
v 371.5235 122.8478 -220.951
v 363.1997 117.3267 -232.6603
v 379.6169 114.2435 -222.1898
v 372.326 109.3389 -239.0478
v 386.8901 108.1232 -223.1916
v 376.4702 105.4381 -242.1568
v 396.29 93.85131 -229.7606
v 382.1347 98.63654 -246.604
v 372.0334 102.4122 -265.0416
v 379.7823 87.10411 -265.1354
v 363.196 110.867 -260.9984
v 353.4719 118.14 -253.0221
v 348.3352 127.6882 -245.8949
v 353.9566 130.6716 -229.4589
v 362.7693 128.2601 -219.5471
v 385.8066 67.04198 -247.7274
v 386.6635 62.79044 -263.5349
v 393.2039 52.38376 -249.707
v 393.6462 51.80144 -257.2979
v 400.3303 52.97332 -242.1266
v 399.6432 64.41894 -237.3699
v 353.9566 130.6716 -229.4589
v 362.7693 128.2601 -219.5471
v 355.5661 129.2698 -220.3628
v 353.9566 130.6716 -229.4589
v 355.5661 129.2698 -220.3628
v 349.161 132.5563 -228.5493
v 347.4549 131.3493 -238.3676
v 348.3352 127.6882 -245.8949
v 347.6436 132.4407 -231.1734
v 349.161 132.5563 -228.5493
v 355.5661 129.2698 -220.3628
v 352.011 132.0315 -225.3369
v 439.2424 113.4501 -233.9067
v 431.0372 107.4243 -228.0865
v 435.0719 111.0449 -239.8641
v 426.4982 102.3106 -232.3948
v 430.0093 106.2228 -245.7272
v 416.847 97.80576 -239.0173
v 425.8936 103.1282 -251.0698
v 410.3156 95.82654 -243.6099
v 416.5308 95.90941 -258.3987
v 403.5774 93.04089 -246.9697
v 434.2541 109.7934 -225.9757
v 440.3522 113.0166 -228.9073
v 396.5045 98.56038 -234.337
v 390.7185 90.59705 -239.4145
v 403.9436 102.4621 -226.3075
v 411.8914 105.8135 -221.6285
v 420.5588 111.5944 -218.8228
v 427.726 113.8195 -219.4717
v 435.4471 113.7041 -221.7082
v 395.9141 82.12701 -251.4588
v 385.1687 83.83854 -246.2632
v 392.2536 79.92525 -257.8352
v 387.6484 81.33791 -254.0566
v 398.1577 78.2081 -262.2041
v 404.0617 81.66888 -261.1414
v 434.2541 109.7934 -225.9757
v 440.3522 113.0166 -228.9073
v 435.4471 113.7041 -221.7082
v 427.726 113.8195 -219.4717
v 435.4471 113.7041 -221.7082
v 433.7047 114.3802 -220.9954
v 435.4471 113.7041 -221.7082
v 440.3522 113.0166 -228.9073
v 437.5711 114.5983 -225.2362
v 432.9433 90.74046 -306.5595
v 444.2558 80.3557 -289.7214
v 427.106 90.40545 -303.0065
v 441.6197 80.21474 -287.5005
v 416.9061 89.87392 -298.4156
v 431.1518 79.58942 -279.703
v 409.8482 86.71283 -293.6161
v 420.2777 76.53329 -274.6219
v 397.2855 80.00491 -288.921
v 401.3462 71.18977 -269.8866
v 435.1006 86.57387 -257.0701
v 422.1734 79.87698 -254.4989
v 442.3336 89.21696 -259.2273
v 455.5309 89.78425 -269.5059
v 457.7474 89.93912 -273.8725
v 382.6924 71.46804 -280.1651
v 392.2096 69.18893 -266.8411
v 398.4276 70.98817 -255.8011
v 461.7796 90.17688 -277.4019
v 447.5164 80.6326 -292.6036
v 439.9226 90.91714 -305.5444
v 466.4439 90.52724 -286.0024
v 451.4215 81.14548 -296.5423
v 447.5164 80.6326 -292.6036
v 457.5829 78.37846 -307.164
v 468.4742 87.57048 -297.9306
v 468.2012 83.05362 -321.5678
v 469.0602 84.73038 -318.6267
v 439.9226 90.91714 -305.5444
v 451.4215 81.14548 -296.5423
v 447.5164 80.6326 -292.6036
v 442.6136 91.1363 -312.0602
v 457.5829 78.37846 -307.164
v 450.8357 87.90136 -314.554
v 468.2012 83.05362 -321.5678
v 465.336 84.80621 -322.0132
v 391.6133 72.92212 -325.4415
v 401.7492 62.53734 -321.4554
v 387.5421 72.58709 -319.9545
v 401.7492 62.53734 -321.4554
v 402.7683 62.39639 -314.5731
v 385.7524 72.05556 -307.0835
v 401.4017 61.77107 -305.5042
v 385.8595 68.89445 -298.6241
v 402.2163 58.71494 -295.8822
v 382.037 62.18656 -285.754
v 402.2163 53.37141 -280.8782
v 429.0821 68.75551 -298.9058
v 429.4238 62.05862 -288.0866
v 429.6132 71.3986 -306.4255
v 426.9183 71.96589 -315.9888
v 422.5905 72.12077 -324.3026
v 401.7492 62.53734 -321.4554
v 381.3137 53.64969 -268.5338
v 399.7431 51.37058 -266.8634
v 420.7907 53.16984 -265.9778
v 401.7492 62.53734 -321.4554
v 418.9461 72.35852 -332.5024
v 401.2549 62.81424 -327.495
v 401.7492 62.53734 -321.4554
v 414.6946 72.7089 -337.5561
v 400.7806 63.32714 -335.4442
v 402.1472 60.56009 -345.507
v 410.7191 69.75213 -345.1342
v 403.5714 65.23526 -361.5436
v 401.2549 62.81424 -327.495
v 401.7492 62.53734 -321.4554
v 388.9939 73.09879 -330.7942
v 400.7806 63.32714 -335.4442
v 390.4745 73.31794 -338.6524
v 402.1472 60.56009 -345.507
v 393.3217 70.08301 -346.6244
v 403.5714 65.23526 -361.5436
v 403.5714 65.23526 -361.5436
v 393.3217 70.08301 -346.6244
v 400.1548 66.98785 -359.152
v 410.7191 69.75213 -345.1342
v 403.5714 65.23526 -361.5436
v 408.1269 66.91204 -359.4937
v 313.1852 45.8068 -348.6922
v 320.8292 42.27134 -343.5395
v 308.3597 46.45537 -345.7003
v 320.8292 42.27134 -343.5395
v 316.8451 42.97813 -336.4236
v 300.1927 47.645 -338.4997
v 312.7485 47.60359 -326.8934
v 296.9588 48.90381 -331.3719
v 310.6935 47.44366 -320.9893
v 296.4968 54.61226 -320.5482
v 309.3249 50.28041 -316.2358
v 325.2331 43.71234 -309.1776
v 320.064 42.37226 -305.9259
v 329.9782 46.55307 -316.0714
v 328.8359 45.7814 -328.204
v 329.3639 45.2025 -339.4897
v 320.8292 42.27134 -343.5395
v 307.4351 50.47529 -312.8248
v 298.8847 55.81244 -313.8925
v 298.8847 55.81244 -313.8925
v 321.4852 36.54794 -347.148
v 328.704 39.56276 -345.2315
v 320.8292 42.27134 -343.5395
v 313.1852 45.8068 -348.6922
v 321.4852 36.54794 -347.148
v 321.4852 36.54794 -347.148
v 313.1852 45.8068 -348.6922
v 317.8112 40.00087 -350.0598
v 321.4852 36.54794 -347.148
v 322.4503 34.11837 -352.0701
v 320.8292 42.27134 -343.5395
v 321.4852 36.54794 -347.148
v 329.3639 45.2025 -339.4897
v 321.4852 36.54794 -347.148
v 328.7236 33.86094 -349.4643
v 328.704 39.56276 -345.2315
v 307.4351 50.47529 -312.8248
v 320.064 42.37226 -305.9259
v 316.8074 39.19097 -304.7224
v 307.4351 50.47529 -312.8248
v 316.8074 39.19097 -304.7224
v 306.9082 44.01954 -309.7568
v 310.65 38.06614 -305.4672
v 300.2383 51.00414 -310.6735
v 307.4351 50.47529 -312.8248
v 306.9082 44.01954 -309.7568
v 298.8847 55.81244 -313.8925
v 321.4852 36.54794 -347.148
v 326.8898 33.89478 -351.684
v 328.7236 33.86094 -349.4643
v 322.4503 34.11837 -352.0701
v 289.397 55.83249 -357.8813
v 297.5688 51.44274 -357.5748
v 286.0261 56.63774 -349.3008
v 297.5688 51.44274 -357.5748
v 297.8753 52.32034 -346.032
v 297.8753 52.32034 -346.032
v 288.8666 57.2836 -344.5227
v 297.92 54.83149 -343.2182
v 285.0046 58.11484 -341.3332
v 297.9774 58.06339 -339.5966
v 308.019 56.21989 -339.5797
v 306.4558 55.80094 -343.3762
v 297.8753 52.32034 -346.032
v 302.6763 55.08216 -356.2469
v 310.031 56.75908 -334.6935
v 298.3323 57.97718 -335.8712
v 307.3128 55.22767 -332.3413
v 298.7946 57.86482 -331.0162
v 284.3918 59.67777 -332.4462
v 286.2303 66.76553 -323.2529
v 300.7355 61.38702 -322.3335
v 284.7385 58.79344 -337.4746
v 311.0525 53.23194 -326.5216
v 311.1546 51.56809 -319.5756
v 303.2892 61.62899 -315.5918
v 289.2949 68.25568 -316.1025
v 303.2892 61.62899 -315.5918
v 298.2839 62.28562 -311.8123
v 303.6978 53.61336 -308.6457
v 297.5688 51.44274 -357.5748
v 297.8753 52.32034 -346.032
v 303.2892 61.62899 -315.5918
v 312.3803 47.61809 -307.9306
v 297.5688 51.44274 -357.5748
v 296.0367 44.33647 -366.4617
v 290.8271 48.62371 -365.1338
v 292.086 41.31985 -370.1907
v 295.5664 41.04224 -372.54
v 299.3054 41.00024 -368.4025
v 301.0418 48.07974 -363.6015
v 302.6763 55.08216 -356.2469
v 297.5688 51.44274 -357.5748
v 303.2892 61.62899 -315.5918
v 312.3803 47.61809 -307.9306
v 303.6978 53.61336 -308.6457
v 306.8643 46.2215 -303.5383
v 260.9694 70.87069 -347.3412
v 258.1803 67.93853 -340.8953
v 254.0277 67.71841 -353.6013
v 244.9786 62.52917 -341.825
v 246.2181 63.20904 -363.2082
v 233.0783 61.86872 -347.2173
v 238.6565 65.10132 -333.3957
v 222.5417 60.53656 -332.342
v 255.7011 70.85519 -334.6353
v 258.1803 67.93853 -340.8953
v 258.1803 67.93853 -340.8953
v 260.9694 70.87069 -347.3412
v 265.6799 66.15469 -339.6557
v 268.3451 68.34269 -344.1183
v 265.6799 66.15469 -339.6557
v 268.3451 68.34269 -344.1183
v 274.2332 66.93021 -339.4077
v 258.1803 67.93853 -340.8953
v 255.7011 70.85519 -334.6353
v 274.2332 66.93021 -339.4077
v 268.3451 68.34269 -344.1183
v 274.2952 65.35998 -341.5151
v 255.7011 70.85519 -334.6353
v 265.6799 66.15469 -339.6557
v 265.1841 68.85706 -335.7509
v 274.2332 66.93021 -339.4077
v 265.1841 68.85706 -335.7509
v 274.2332 66.93021 -339.4077
v 271.1342 66.81974 -336.9286
vt 0.29035 0.718324
vt 0.261911 0.719479
vt 0.272189 0.716053
vt 0.308993 0.729796
vt 0.254784 0.734354
vt 0.367548 0.741947
vt 0.35854 0.72196
vt 0.326245 0.712955
vt 0.241618 0.784384
vt 0.354623 0.759672
vt 0.356373 0.766816
vt 0.358889 0.777092
vt 0.350245 0.783678
vt 0.36054 0.810447
vt 0.23895 0.801389
vt 0.246622 0.818797
vt 0.396765 0.815495
vt 0.416176 0.818456
vt 0.419381 0.828808
vt 0.259333 0.822617
vt 0.262507 0.844819
vt 0.418593 0.85284
vt 0.262846 0.858735
vt 0.428665 0.873732
vt 0.277741 0.88017
vt 0.425212 0.890683
vt 0.289082 0.906761
vt 0.408577 0.918409
vt 0.299052 0.926087
vt 0.364937 0.929537
vt 0.32952 0.931549
vt 0.394568 0.942192
vt 0.382067 0.940692
vt 0.252475 0.828517
vt 0.241062 0.825088
vt 0.231071 0.802417
vt 0.234146 0.782819
vt 0.247595 0.731713
vt 0.256433 0.713269
vt 0.271419 0.708273
vt 0.292937 0.710963
vt 0.307923 0.720185
vt 0.324062 0.704431
vt 0.364025 0.715574
vt 0.376321 0.742857
vt 0.362872 0.761301
vt 0.364763 0.769023
vt 0.367483 0.78013
vt 0.359414 0.786278
vt 0.365177 0.801264
vt 0.380548 0.797037
vt 0.379449 0.805247
vt 0.399376 0.80818
vt 0.422048 0.811639
vt 0.427043 0.827778
vt 0.426275 0.851217
vt 0.436649 0.872736
vt 0.432423 0.893486
vt 0.415131 0.922305
vt 0.398608 0.950356
vt 0.379395 0.94805
vt 0.362872 0.937291
vt 0.329057 0.939212
vt 0.294001 0.932927
vt 0.282178 0.910009
vt 0.271034 0.883879
vt 0.25528 0.861208
vt 0.254895 0.845453
vt 0.271419 0.708273
vt 0.256433 0.713269
vt 0.298207 0.68307
vt 0.280236 0.691607
vt 0.325639 0.686892
vt 0.35517 0.665154
vt 0.369134 0.663445
vt 0.340088 0.690369
vt 0.385626 0.663926
vt 0.310137 0.671279
vt 0.292937 0.710963
vt 0.2901 0.680335
vt 0.321902 0.659652
vt 0.356412 0.683147
vt 0.307923 0.720185
vt 0.307923 0.720185
vt 0.321902 0.659652
vt 0.372797 0.652599
vt 0.385299 0.650388
vt 0.406784 0.642637
vt 0.436518 0.663359
vt 0.415869 0.677693
vt 0.356412 0.683147
vt 0.391268 0.695669
vt 0.428692 0.705335
vt 0.403841 0.72314
vt 0.364025 0.715574
vt 0.376321 0.742857
vt 0.424418 0.721008
vt 0.395213 0.740128
vt 0.425803 0.727749
vt 0.396838 0.747334
vt 0.324062 0.704431
vt 0.362872 0.761301
vt 0.364763 0.769023
vt 0.451453 0.707982
vt 0.450878 0.702237
vt 0.448076 0.688227
vt 0.473406 0.69142
vt 0.472845 0.685804
vt 0.470106 0.672113
vt 0.458811 0.64781
vt 0.421575 0.629777
vt 0.367483 0.78013
vt 0.399176 0.757699
vt 0.452279 0.716246
vt 0.427796 0.737443
vt 0.426698 0.745801
vt 0.455081 0.725003
vt 0.455081 0.725003
vt 0.476952 0.708053
vt 0.474214 0.699496
vt 0.396248 0.639436
vt 0.407004 0.628677
vt 0.437991 0.614835
vt 0.39477 0.765008
vt 0.426698 0.745801
vt 0.367483 0.78013
vt 0.386867 0.639699
vt 0.407004 0.628677
vt 0.372797 0.652599
vt 0.507805 0.64917
vt 0.472845 0.685804
vt 0.470106 0.672113
vt 0.495874 0.63753
vt 0.505615 0.618781
vt 0.521046 0.631125
vt 0.471548 0.610802
vt 0.516988 0.654263
vt 0.516988 0.654263
vt 0.473406 0.69142
vt 0.519615 0.65624
vt 0.524607 0.641333
vt 0.516988 0.654263
vt 0.527235 0.643767
vt 0.458811 0.64781
vt 0.471548 0.610802
vt 0.437991 0.614835
vt 0.532585 0.6201
vt 0.519777 0.608397
vt 0.471548 0.610802
vt 0.560342 0.597311
vt 0.541895 0.584537
vt 0.492126 0.599031
vt 0.538147 0.629937
vt 0.566622 0.602269
vt 0.540312 0.632479
vt 0.566239 0.592736
vt 0.569496 0.59021
vt 0.549845 0.580535
vt 0.524747 0.580971
vt 0.554235 0.578325
vt 0.533459 0.576136
vt 0.53827 0.573466
vt 0.513644 0.576281
vt 0.574175 0.586579
vt 0.575656 0.6094
vt 0.605924 0.588326
vt 0.611466 0.595992
vt 0.543425 0.636136
vt 0.531016 0.647268
vt 0.597752 0.583104
vt 0.582206 0.580477
vt 0.560543 0.575149
vt 0.571369 0.569972
vt 0.60785 0.558113
vt 0.58766 0.553188
vt 0.595441 0.545171
vt 0.621963 0.56327
vt 0.652295 0.528691
vt 0.663032 0.540229
vt 0.631479 0.571792
vt 0.670077 0.554884
vt 0.642034 0.574552
vt 0.678192 0.560567
vt 0.650061 0.577817
vt 0.687315 0.574145
vt 0.659563 0.588356
vt 0.619395 0.596619
vt 0.62931 0.603847
vt 0.591461 0.614421
vt 0.575656 0.6094
vt 0.611466 0.595992
vt 0.698987 0.589271
vt 0.672804 0.601739
vt 0.644263 0.61533
vt 0.591461 0.614421
vt 0.701878 0.604923
vt 0.676821 0.616959
vt 0.649508 0.630079
vt 0.606504 0.63918
vt 0.591461 0.614421
vt 0.711281 0.62946
vt 0.688039 0.640557
vt 0.662818 0.658266
vt 0.606504 0.63918
vt 0.706025 0.654293
vt 0.684163 0.673781
vt 0.639719 0.673936
vt 0.659969 0.688948
vt 0.630049 0.713686
vt 0.674235 0.704402
vt 0.64697 0.728484
vt 0.612135 0.691355
vt 0.583188 0.671456
vt 0.606504 0.63918
vt 0.578994 0.653406
vt 0.567577 0.65961
vt 0.571142 0.679785
vt 0.594695 0.702665
vt 0.557751 0.749751
vt 0.514057 0.742373
vt 0.58598 0.761089
vt 0.64697 0.728484
vt 0.602663 0.777997
vt 0.698323 0.68915
vt 0.72757 0.709513
vt 0.703681 0.724882
vt 0.64697 0.728484
vt 0.742 0.73141
vt 0.718183 0.746928
vt 0.690986 0.73438
vt 0.704317 0.758006
vt 0.644165 0.790985
vt 0.729401 0.763316
vt 0.71566 0.774547
vt 0.643121 0.806123
vt 0.639693 0.828136
vt 0.644165 0.790985
vt 0.706694 0.805493
vt 0.64697 0.728484
vt 0.602663 0.777997
vt 0.644165 0.790985
vt 0.720248 0.794466
vt 0.75315 0.747695
vt 0.744051 0.778654
vt 0.730032 0.803354
vt 0.706138 0.819322
vt 0.706694 0.805493
vt 0.692818 0.83077
vt 0.649815 0.843557
vt 0.656017 0.86321
vt 0.686698 0.854259
vt 0.649702 0.887463
vt 0.699983 0.842384
vt 0.723911 0.826275
vt 0.76547 0.758428
vt 0.774506 0.727688
vt 0.763435 0.711522
vt 0.74909 0.689796
vt 0.720067 0.669566
vt 0.793864 0.716343
vt 0.782873 0.700295
vt 0.768619 0.678738
vt 0.784892 0.746858
vt 0.77108 0.771197
vt 0.751553 0.782948
vt 0.745473 0.805709
vt 0.765042 0.793793
vt 0.739822 0.658648
vt 0.725897 0.643479
vt 0.437991 0.614835
vt 0.458811 0.64781
vt 0.421575 0.629777
vt 0.471548 0.610802
vt 0.437991 0.614835
vt 0.492126 0.599031
vt 0.492126 0.599031
vt 0.524747 0.580971
vt 0.513644 0.576281
vt 0.520359 0.571987
vt 0.545182 0.56963
vt 0.561087 0.563516
vt 0.575413 0.552485
vt 0.595441 0.545171
vt 0.589526 0.541619
vt 0.530016 0.565812
vt 0.548587 0.56059
vt 0.530016 0.565812
vt 0.560268 0.551116
vt 0.530016 0.565812
vt 0.531224 0.560221
vt 0.530016 0.565812
vt 0.577268 0.540768
vt 0.535155 0.544331
vt 0.520359 0.571987
vt 0.577268 0.540768
vt 0.556705 0.529893
vt 0.520359 0.571987
vt 0.513644 0.576281
vt 0.523257 0.566903
vt 0.530016 0.565812
vt 0.530016 0.565812
vt 0.531224 0.560221
vt 0.523257 0.566903
vt 0.513644 0.576281
vt 0.51772 0.571547
vt 0.501491 0.584052
vt 0.533459 0.576136
vt 0.501491 0.584052
vt 0.513644 0.576281
vt 0.524747 0.580971
vt 0.501491 0.584052
vt 0.533459 0.576136
vt 0.461288 0.608879
vt 0.591461 0.614421
vt 0.555197 0.632688
vt 0.575656 0.6094
vt 0.5617 0.633493
vt 0.555197 0.632688
vt 0.591461 0.614421
vt 0.565633 0.642549
vt 0.5617 0.633493
vt 0.591461 0.614421
vt 0.578994 0.653406
vt 0.606504 0.63918
vt 0.552144 0.651541
vt 0.54882 0.639671
vt 0.567577 0.65961
vt 0.555197 0.632688
vt 0.543425 0.636136
vt 0.575656 0.6094
vt 0.531016 0.647268
vt 0.5617 0.633493
vt 0.543123 0.638722
vt 0.555197 0.632688
vt 0.54882 0.639671
vt 0.543123 0.638722
vt 0.5617 0.633493
vt 0.565633 0.642549
vt 0.54882 0.639671
vt 0.5617 0.633493
vt 0.552144 0.651541
vt 0.533642 0.670351
vt 0.54882 0.639671
vt 0.54041 0.67891
vt 0.567577 0.65961
vt 0.527497 0.663001
vt 0.494066 0.71661
vt 0.485852 0.711476
vt 0.546384 0.693237
vt 0.567577 0.65961
vt 0.571142 0.679785
vt 0.55122 0.709171
vt 0.594695 0.702665
vt 0.520423 0.723114
vt 0.476952 0.708053
vt 0.523393 0.659083
vt 0.474214 0.699496
vt 0.543123 0.638722
vt 0.531016 0.647268
vt 0.594695 0.702665
vt 0.514057 0.742373
vt 0.55122 0.709171
vt 0.499563 0.740413
vt 0.45877 0.764685
vt 0.440484 0.753863
vt 0.412043 0.77435
vt 0.430586 0.785325
vt 0.472578 0.771163
vt 0.4486 0.79037
vt 0.40035 0.775264
vt 0.365177 0.801264
vt 0.380548 0.797037
vt 0.399376 0.80818
vt 0.422048 0.811639
vt 0.472594 0.733759
vt 0.432112 0.751785
vt 0.40035 0.775264
vt 0.464188 0.728505
vt 0.426698 0.745801
vt 0.39477 0.765008
vt 0.494066 0.71661
vt 0.485852 0.711476
vt 0.455081 0.725003
vt 0.426698 0.745801
vt 0.476952 0.708053
vt 0.520423 0.723114
vt 0.557751 0.749751
vt 0.506632 0.762617
vt 0.514057 0.742373
vt 0.536874 0.77533
vt 0.49242 0.790287
vt 0.521553 0.80535
vt 0.561315 0.785715
vt 0.538394 0.811959
vt 0.576158 0.799084
vt 0.544798 0.830444
vt 0.583181 0.817976
vt 0.552059 0.836898
vt 0.584817 0.833432
vt 0.546026 0.853792
vt 0.58035 0.852932
vt 0.551282 0.866736
vt 0.564484 0.87739
vt 0.550138 0.882558
vt 0.611786 0.827809
vt 0.604619 0.812707
vt 0.602663 0.777997
vt 0.58598 0.761089
vt 0.561315 0.892823
vt 0.573903 0.893198
vt 0.579097 0.872039
vt 0.601199 0.906376
vt 0.596477 0.873072
vt 0.615538 0.909624
vt 0.615079 0.872151
vt 0.616522 0.84709
vt 0.625228 0.900496
vt 0.630089 0.869195
vt 0.656017 0.86321
vt 0.649815 0.843557
vt 0.639693 0.828136
vt 0.643121 0.806123
vt 0.649702 0.887463
vt 0.636822 0.888077
vt 0.644165 0.790985
vt 0.521553 0.80535
vt 0.473433 0.8065
vt 0.49242 0.790287
vt 0.501219 0.827829
vt 0.473433 0.8065
vt 0.521553 0.80535
vt 0.538394 0.811959
vt 0.502606 0.844566
vt 0.473433 0.8065
vt 0.501219 0.827829
vt 0.520347 0.847016
vt 0.51824 0.862547
vt 0.526028 0.864481
vt 0.531346 0.877589
vt 0.521677 0.876829
vt 0.529915 0.893797
vt 0.520975 0.89328
vt 0.504318 0.871411
vt 0.49792 0.884796
vt 0.476523 0.860926
vt 0.474003 0.872328
vt 0.480969 0.903444
vt 0.467469 0.898252
vt 0.51364 0.915729
vt 0.501637 0.911808
vt 0.51364 0.915729
vt 0.500712 0.854045
vt 0.475998 0.825878
vt 0.473433 0.8065
vt 0.479987 0.845256
vt 0.475998 0.825878
vt 0.451055 0.827719
vt 0.473433 0.8065
vt 0.457326 0.848113
vt 0.479987 0.845256
vt 0.457417 0.868142
vt 0.426275 0.851217
vt 0.427043 0.827778
vt 0.454415 0.805366
vt 0.473433 0.8065
vt 0.422048 0.811639
vt 0.436649 0.872736
vt 0.432423 0.893486
vt 0.446067 0.896043
vt 0.465206 0.879796
vt 0.452499 0.906863
vt 0.467469 0.898252
vt 0.474003 0.872328
vt 0.476523 0.860926
vt 0.415131 0.922305
vt 0.440039 0.925632
vt 0.398608 0.950356
vt 0.473433 0.8065
vt 0.479132 0.785127
vt 0.49242 0.790287
vt 0.506632 0.762617
vt 0.472578 0.771163
vt 0.4486 0.79037
vt 0.422048 0.811639
vt 0.472578 0.771163
vt 0.514057 0.742373
vt 0.40035 0.775264
vt 0.39477 0.765008
vt 0.432112 0.751785
vt 0.359414 0.786278
vt 0.365177 0.801264
vt 0.514057 0.742373
vt 0.54882 0.639671
vt 0.543123 0.638722
vt 0.543123 0.638722
vt 0.523393 0.659083
vt 0.531016 0.647268
vt 0.543425 0.636136
vt 0.566622 0.602269
vt 0.575656 0.6094
vt 0.321902 0.659652
vt 0.2901 0.680335
vt 0.300019 0.667009
vt 0.291948 0.658737
vt 0.279677 0.675833
vt 0.283572 0.700198
vt 0.267818 0.69274
vt 0.270215 0.703478
vt 0.276436 0.712027
vt 0.321902 0.659652
vt 0.312695 0.642812
vt 0.291948 0.658737
vt 0.291948 0.658737
vt 0.297289 0.644131
vt 0.296527 0.617756
vt 0.313131 0.613717
vt 0.300822 0.598524
vt 0.325201 0.596307
vt 0.338796 0.581411
vt 0.343129 0.601383
vt 0.349187 0.586262
vt 0.338796 0.581411
vt 0.367525 0.562478
vt 0.339094 0.559267
vt 0.368227 0.545131
vt 0.340108 0.546254
vt 0.351541 0.618031
vt 0.361997 0.636235
vt 0.321902 0.659652
vt 0.372797 0.652599
vt 0.377722 0.547343
vt 0.359791 0.531889
vt 0.340108 0.546254
vt 0.366294 0.52849
vt 0.34563 0.524187
vt 0.315942 0.537222
vt 0.352411 0.520739
vt 0.372296 0.525353
vt 0.357497 0.520603
vt 0.379746 0.53709
vt 0.376494 0.621499
vt 0.363627 0.603022
vt 0.384114 0.614774
vt 0.37383 0.596895
vt 0.357022 0.586571
vt 0.365592 0.580526
vt 0.394285 0.62386
vt 0.386867 0.639699
vt 0.362271 0.57453
vt 0.370683 0.568446
vt 0.365592 0.580526
vt 0.399819 0.580122
vt 0.388207 0.565534
vt 0.365592 0.580526
vt 0.386022 0.554355
vt 0.415284 0.570917
vt 0.403727 0.559416
vt 0.398886 0.543275
vt 0.422539 0.584089
vt 0.410497 0.5922
vt 0.416828 0.601897
vt 0.428049 0.608201
vt 0.407004 0.628677
vt 0.386867 0.639699
vt 0.439228 0.600681
vt 0.461288 0.608879
vt 0.428856 0.591909
vt 0.386903 0.5335
vt 0.459496 0.575872
vt 0.444066 0.575536
vt 0.466901 0.573852
vt 0.474903 0.576207
vt 0.501491 0.584052
vt 0.501491 0.584052
vt 0.437991 0.614835
vt 0.407004 0.628677
vt 0.461288 0.608879
vt 0.379515 0.521858
vt 0.364832 0.517149
vt 0.387429 0.51772
vt 0.371365 0.513809
vt 0.395921 0.528649
vt 0.421935 0.487798
vt 0.433417 0.492107
vt 0.328512 0.523353
vt 0.322264 0.526477
vt 0.289749 0.538284
vt 0.288922 0.542323
vt 0.273808 0.557091
vt 0.261184 0.578837
vt 0.315096 0.530059
vt 0.274489 0.561367
vt 0.261184 0.578837
vt 0.293992 0.53802
vt 0.288231 0.535065
vt 0.441711 0.511036
vt 0.486955 0.471348
vt 0.486522 0.485729
vt 0.50517 0.472872
vt 0.496598 0.462429
vt 0.516047 0.465097
vt 0.521862 0.492315
vt 0.5334 0.486915
vt 0.546431 0.485797
vt 0.507339 0.500631
vt 0.500988 0.453637
vt 0.485444 0.443565
vt 0.46953 0.460575
vt 0.436639 0.514656
vt 0.450288 0.455311
vt 0.466977 0.436188
vt 0.43822 0.454749
vt 0.453784 0.435036
vt 0.425432 0.450757
vt 0.443985 0.42977
vt 0.411194 0.447122
vt 0.433135 0.427974
vt 0.400205 0.43862
vt 0.424531 0.420423
vt 0.391749 0.438331
vt 0.358831 0.469568
vt 0.348201 0.46337
vt 0.297565 0.497694
vt 0.304472 0.505912
vt 0.275638 0.502212
vt 0.277351 0.517367
vt 0.259476 0.514028
vt 0.258442 0.511223
vt 0.249245 0.531269
vt 0.243732 0.523563
vt 0.248336 0.503852
vt 0.239258 0.51588
vt 0.239708 0.496781
vt 0.230984 0.505229
vt 0.220747 0.487303
vt 0.212423 0.491071
vt 0.205467 0.469225
vt 0.177503 0.488094
vt 0.190373 0.507833
vt 0.153157 0.500478
vt 0.134906 0.49106
vt 0.160679 0.475476
vt 0.11154 0.475889
vt 0.13822 0.46038
vt 0.081689 0.476012
vt 0.108858 0.4605
vt 0.161578 0.519988
vt 0.201693 0.532585
vt 0.172431 0.539609
vt 0.186913 0.457615
vt 0.220378 0.51633
vt 0.210288 0.538287
vt 0.172431 0.539609
vt 0.062305 0.487078
vt 0.092506 0.486955
vt 0.092506 0.486955
vt 0.116518 0.502179
vt 0.135787 0.509313
vt 0.141034 0.52866
vt 0.210288 0.538287
vt 0.2256 0.528001
vt 0.212714 0.542154
vt 0.227702 0.5327
vt 0.215209 0.546131
vt 0.203307 0.540605
vt 0.194093 0.53899
vt 0.229865 0.537532
vt 0.220856 0.555132
vt 0.207452 0.550244
vt 0.203307 0.540605
vt 0.234899 0.551494
vt 0.220856 0.555132
vt 0.250384 0.541373
vt 0.259476 0.514028
vt 0.178885 0.544705
vt 0.192977 0.544705
vt 0.198309 0.558416
vt 0.165553 0.557375
vt 0.171004 0.571393
vt 0.204852 0.575881
vt 0.135354 0.571326
vt 0.140937 0.585682
vt 0.177967 0.584805
vt 0.204852 0.575881
vt 0.20818 0.600365
vt 0.150906 0.591265
vt 0.189567 0.615961
vt 0.20818 0.600365
vt 0.16925 0.631541
vt 0.212379 0.624178
vt 0.232291 0.607401
vt 0.261581 0.62275
vt 0.234003 0.638107
vt 0.273021 0.641219
vt 0.23906 0.65879
vt 0.278288 0.657304
vt 0.20818 0.600365
vt 0.190385 0.642707
vt 0.203545 0.655069
vt 0.201551 0.678198
vt 0.251109 0.673485
vt 0.278288 0.657304
vt 0.274862 0.67534
vt 0.249271 0.690934
vt 0.267818 0.69274
vt 0.241976 0.708782
vt 0.270215 0.703478
vt 0.244988 0.721306
vt 0.26991 0.720281
vt 0.244209 0.736881
vt 0.257342 0.745037
vt 0.231359 0.762191
vt 0.258104 0.756844
vt 0.232138 0.774262
vt 0.244774 0.775887
vt 0.218509 0.793732
vt 0.228914 0.810034
vt 0.202294 0.82591
vt 0.279677 0.675833
vt 0.221091 0.708106
vt 0.221091 0.691357
vt 0.216704 0.73921
vt 0.213514 0.726449
vt 0.203545 0.793443
vt 0.202747 0.781081
vt 0.215907 0.755161
vt 0.201551 0.678198
vt 0.201551 0.678198
vt 0.189587 0.813382
vt 0.172982 0.843394
vt 0.278288 0.657304
vt 0.297289 0.644131
vt 0.279677 0.675833
vt 0.278288 0.657304
vt 0.278288 0.657304
vt 0.273021 0.641219
vt 0.297289 0.644131
vt 0.296527 0.617756
vt 0.261581 0.62275
vt 0.296527 0.617756
vt 0.279456 0.609113
vt 0.300822 0.598524
vt 0.232291 0.607401
vt 0.254807 0.596511
vt 0.288825 0.588419
vt 0.274682 0.582672
vt 0.247428 0.592738
vt 0.247428 0.592738
vt 0.301677 0.583254
vt 0.300218 0.576658
vt 0.274682 0.582672
vt 0.288503 0.573485
vt 0.340108 0.546254
vt 0.315942 0.537222
vt 0.340108 0.546254
vt 0.339094 0.559267
vt 0.340108 0.546254
vt 0.339094 0.559267
vt 0.338796 0.581411
vt 0.216704 0.73921
vt 0.215907 0.755161
vt 0.208841 0.739979
vt 0.208184 0.753108
vt 0.051961 0.761922
vt 0.058991 0.729302
vt 0.205307 0.725846
vt 0.071083 0.708454
vt 0.213276 0.706555
vt 0.213276 0.695516
vt 0.193369 0.68211
vt 0.069556 0.673333
vt 0.195433 0.658171
vt 0.090943 0.655383
vt 0.185802 0.649124
vt 0.163243 0.637206
vt 0.09643 0.631476
vt 0.109908 0.622235
vt 0.144855 0.596833
vt 0.13467 0.59113
vt 0.130008 0.579141
vt 0.126021 0.579141
vt 0.120599 0.571326
vt 0.103452 0.617185
vt 0.089495 0.626756
vt 0.083912 0.651081
vt 0.061581 0.669823
vt 0.063176 0.706511
vt 0.051611 0.726449
vt 0.04383 0.762557
vt 0.059299 0.780945
vt 0.19481 0.779451
vt 0.195569 0.791209
vt 0.096797 0.815318
vt 0.182949 0.809238
vt 0.168227 0.835844
vt 0.130455 0.83806
vt 0.052667 0.785468
vt 0.091942 0.82147
vt 0.128272 0.846017
vt 0.172982 0.843394
vt 0.189587 0.813382
vt 0.203545 0.793443
vt 0.202747 0.781081
vt 0.526028 0.864481
vt 0.532138 0.847373
vt 0.518335 0.827601
vt 0.532138 0.847373
vt 0.527531 0.836148
vt 0.501219 0.827829
vt 0.518335 0.827601
vt 0.532138 0.847373
vt 0.546026 0.853792
vt 0.552059 0.836898
vt 0.551282 0.866736
vt 0.526028 0.864481
vt 0.550138 0.882558
vt 0.535201 0.902592
vt 0.51364 0.915729
vt 0.532138 0.847373
vt 0.527531 0.836148
vt 0.552059 0.836898
vt 0.552059 0.836898
vt 0.544798 0.830444
vt 0.518335 0.827601
vt 0.518335 0.827601
vt 0.538394 0.811959
vt 0.518335 0.827601
vt 0.501219 0.827829
vt 0.538394 0.811959
vt 0.706694 0.805493
vt 0.606504 0.63918
vt 0.631472 0.518804
vt 0.595441 0.545171
vt 0.614617 0.505652
vt 0.595441 0.545171
vt 0.589526 0.541619
vt 0.614617 0.505652
vt 0.600706 0.50651
vt 0.577268 0.540768
vt 0.565537 0.497314
vt 0.567586 0.510736
vt 0.584757 0.515915
vt 0.577268 0.540768
vt 0.577268 0.540768
vt 0.556705 0.529893
vt 0.578908 0.481533
vt 0.551378 0.46491
vt 0.516478 0.448172
vt 0.501442 0.436708
vt 0.485444 0.426858
vt 0.466977 0.423527
vt 0.611466 0.595992
vt 0.611466 0.595992
vt 0.531224 0.560221
vt 0.535155 0.544331
vt 0.560268 0.551116
vt 0.525693 0.549673
vt 0.523257 0.566903
vt 0.527784 0.537943
vt 0.538206 0.524835
vt 0.522176 0.505293
vt 0.540488 0.513894
vt 0.51838 0.544052
vt 0.510487 0.505394
vt 0.499689 0.511832
vt 0.506806 0.550482
vt 0.484113 0.506225
vt 0.492901 0.558117
vt 0.479151 0.562844
vt 0.471038 0.517351
vt 0.455343 0.531876
vt 0.467749 0.568209
vt 0.43978 0.544048
vt 0.484336 0.504193
vt 0.469912 0.512545
vt 0.484336 0.504193
vt 0.453195 0.529009
vt 0.453195 0.529009
vt 0.466901 0.573852
vt 0.510585 0.501447
vt 0.499809 0.504367
vt 0.448957 0.565306
vt 0.454015 0.569455
vt 0.523404 0.500531
vt 0.523404 0.500531
vt 0.543025 0.512032
vt 0.523404 0.500531
vt 0.544977 0.525232
vt 0.543025 0.512032
vt 0.544977 0.525232
vt 0.512874 0.556845
vt 0.494542 0.560802
vt 0.483769 0.568996
vt 0.466901 0.573852
vt 0.51772 0.571547
vt 0.507703 0.57995
vt 0.453195 0.529009
vt 0.440537 0.537374
vt 0.448474 0.529873
vt 0.487641 0.504959
vt 0.453195 0.529009
vt 0.535155 0.544331
vt 0.544977 0.525232
vt 0.556705 0.529893
vt 0.567586 0.510736
vt 0.543025 0.512032
vt 0.565537 0.497314
vt 0.543025 0.512032
vt 0.523404 0.500531
vt 0.565537 0.497314
vt 0.546431 0.485797
vt 0.523404 0.500531
vt 0.510585 0.501447
vt 0.546431 0.485797
vt 0.5334 0.486915
vt 0.499809 0.504367
vt 0.521862 0.492315
vt 0.484336 0.504193
vt 0.499809 0.504367
vt 0.484336 0.504193
vt 0.424531 0.420423
vt 0.391749 0.438331
vt 0.417324 0.423626
vt 0.382862 0.430538
vt 0.417324 0.423626
vt 0.407266 0.416147
vt 0.373165 0.42757
vt 0.395403 0.412794
vt 0.361456 0.423919
vt 0.381734 0.412537
vt 0.349962 0.413465
vt 0.366776 0.402994
vt 0.333329 0.405365
vt 0.348387 0.395668
vt 0.309214 0.401922
vt 0.325925 0.391887
vt 0.292199 0.398302
vt 0.310135 0.387662
vt 0.278814 0.388563
vt 0.299016 0.376098
vt 0.27047 0.378522
vt 0.287452 0.367869
vt 0.262321 0.3704
vt 0.278111 0.359863
vt 0.259339 0.358735
vt 0.274553 0.347854
vt 0.250407 0.346017
vt 0.265303 0.335657
vt 0.219863 0.345061
vt 0.226211 0.339027
vt 0.242201 0.327844
vt 0.209092 0.355299
vt 0.224923 0.363739
vt 0.233312 0.37735
vt 0.176216 0.389585
vt 0.2353 0.38843
vt 0.188137 0.397668
vt 0.176216 0.389585
vt 0.152779 0.405416
vt 0.188414 0.409646
vt 0.161606 0.413716
vt 0.152779 0.405416
vt 0.160881 0.423093
vt 0.191447 0.419958
vt 0.166251 0.434147
vt 0.183238 0.442116
vt 0.244227 0.409904
vt 0.163878 0.447988
vt 0.165599 0.455515
vt 0.150037 0.455897
vt 0.13822 0.46038
vt 0.241411 0.39675
vt 0.244227 0.409904
vt 0.244227 0.409904
vt 0.261507 0.416509
vt 0.183238 0.442116
vt 0.211964 0.443424
vt 0.280657 0.419069
vt 0.239297 0.444202
vt 0.307646 0.421905
vt 0.277459 0.446225
vt 0.321281 0.431326
vt 0.28333 0.452313
vt 0.239297 0.444202
vt 0.326869 0.443334
vt 0.286824 0.463398
vt 0.242445 0.4612
vt 0.252323 0.475045
vt 0.212243 0.464795
vt 0.186913 0.457615
vt 0.26171 0.481119
vt 0.269403 0.490117
vt 0.211964 0.443424
vt 0.186913 0.457615
vt 0.239297 0.444202
vt 0.29561 0.474499
vt 0.298954 0.486234
vt 0.29561 0.474499
vt 0.348201 0.46337
vt 0.335248 0.452765
vt 0.341264 0.45507
vt 0.391749 0.438331
vt 0.341264 0.45507
vt 0.160881 0.423093
vt 0.13822 0.411737
vt 0.161606 0.413716
vt 0.166251 0.434147
vt 0.13822 0.437239
vt 0.163878 0.447988
vt 0.150037 0.455897
vt 0.108858 0.437359
vt 0.108858 0.4605
vt 0.13822 0.46038
vt 0.102295 0.438626
vt 0.102714 0.456292
vt 0.093619 0.439683
vt 0.097747 0.450928
vt 0.096914 0.417801
vt 0.093511 0.427732
vt 0.106142 0.411342
vt 0.152779 0.405416
vt 0.186913 0.457615
vt 0.165599 0.455515
vt 0.165599 0.455515
vt 0.183238 0.442116
vt 0.186913 0.457615
vt 0.211964 0.443424
vt 0.210288 0.538287
vt 0.212714 0.542154
vt 0.194093 0.53899
vt 0.220856 0.555132
vt 0.212295 0.565934
vt 0.212295 0.565934
vt 0.265444 0.523878
vt 0.277351 0.517367
vt 0.250384 0.541373
vt 0.259476 0.514028
vt 0.265444 0.523878
vt 0.29561 0.474499
vt 0.341264 0.45507
vt 0.348201 0.46337
vt 0.341264 0.45507
vt 0.29561 0.474499
vt 0.335248 0.452765
vt 0.324062 0.704431
vt 0.307923 0.720185
vt 0.356412 0.683147
vt 0.359414 0.786278
vt 0.367483 0.78013
vt 0.39477 0.765008
vt 0.535201 0.902592
vt 0.548828 0.893513
vt 0.492126 0.599031
vt 0.461288 0.608879
vt 0.524747 0.580971
vt 0.492126 0.599031
vt 0.437991 0.614835
vt 0.461288 0.608879
vt 0.543123 0.638722
vt 0.531016 0.647268
vt 0.555197 0.632688
vt 0.165553 0.557375
vt 0.151146 0.557375
vt 0.192977 0.544705
vt 0.178885 0.544705
vt 0.120599 0.571326
vt 0.135354 0.571326
vt 0.203307 0.540605
vt 0.135354 0.571326
vt 0.140937 0.585682
vt 0.150906 0.591265
vt 0.16925 0.631541
vt 0.190385 0.642707
vt 0.203545 0.655069
vt 0.201551 0.678198
vt 0.221091 0.691357
vt 0.221091 0.708106
vt 0.213514 0.726449
vt 0.274682 0.582672
vt 0.247428 0.592738
vt 0.261184 0.578837
vt 0.244153 0.575028
vt 0.234746 0.590598
vt 0.226524 0.571382
vt 0.238509 0.555785
vt 0.220856 0.555132
vt 0.248829 0.550737
vt 0.266324 0.551384
vt 0.25629 0.544387
vt 0.288231 0.535065
vt 0.25616 0.556438
vt 0.261184 0.578837
vt 0.280451 0.550498
vt 0.273808 0.557091
vt 0.261184 0.578837
vt 0.250384 0.541373
vt 0.234899 0.551494
vt 0.220856 0.555132
vt 0.274682 0.582672
vt 0.261184 0.578837
vt 0.27978 0.56626
vt 0.288503 0.573485
vt 0.274489 0.561367
vt 0.315942 0.537222
vt 0.293992 0.53802
vt 0.315942 0.537222
vt 0.27978 0.56626
vt 0.293992 0.53802
vt 0.340108 0.546254
vt 0.315942 0.537222
vt 0.359791 0.531889
vt 0.315942 0.537222
vt 0.293992 0.53802
vt 0.34563 0.524187
vt 0.421935 0.487798
vt 0.41088 0.488682
vt 0.342062 0.516887
vt 0.393231 0.486761
vt 0.310777 0.517455
vt 0.300058 0.525588
vt 0.336082 0.519877
vt 0.288231 0.535065
vt 0.288231 0.535065
vt 0.373203 0.479996
vt 0.310777 0.517455
vt 0.310777 0.517455
vt 0.300058 0.525588
vt 0.421935 0.487798
vt 0.421935 0.487798
vt 0.428332 0.520584
vt 0.415563 0.533279
vt 0.421364 0.538959
vt 0.428452 0.547551
vt 0.438174 0.563499
vt 0.444066 0.575536
vt 0.4337 0.539557
vt 0.430545 0.53115
vt 0.448957 0.565306
vt 0.454015 0.569455
vt 0.440537 0.537374
vt 0.438726 0.526938
vt 0.443719 0.524367
vt 0.487641 0.504959
vt 0.448474 0.529873
vt 0.43978 0.544048
vt 0.277351 0.517367
vt 0.304472 0.505912
vt 0.300058 0.525588
vt 0.288231 0.535065
vt 0.277351 0.517367
vt 0.300058 0.525588
vt 0.348201 0.46337
vt 0.391749 0.438331
vt 0.265444 0.523878
vt 0.277351 0.517367
vt 0.288231 0.535065
vt 0.25629 0.544387
vt 0.265444 0.523878
vt 0.288231 0.535065
vt 0.250384 0.541373
vt 0.212295 0.565934
vt 0.220856 0.555132
vt 0.226524 0.571382
vt 0.234746 0.590598
vt 0.247428 0.592738
vt 0.20818 0.600365
vt 0.220574 0.584987
vt 0.234746 0.590598
vt 0.204852 0.575881
vt 0.220574 0.584987
vt 0.226524 0.571382
vt 0.234746 0.590598
vt 0.220574 0.584987
vt 0.226524 0.571382
vt 0.220574 0.584987
vt 0.212295 0.565934
vt 0.212295 0.565934
vt 0.220574 0.584987
vt 0.204852 0.575881
vt 0.280451 0.550498
vt 0.288231 0.535065
vt 0.289749 0.538284
vt 0.077486 0.524652
vt 0.040307 0.524914
vt 0.05941 0.521307
vt 0.091767 0.538893
vt 0.036647 0.550809
vt 0.102181 0.557759
vt 0.026808 0.595211
vt 0.100552 0.591137
vt 0.092412 0.633198
vt 0.015391 0.616802
vt 0.011146 0.636419
vt 0.085827 0.698349
vt 0.011534 0.654404
vt 0.016355 0.667661
vt 0.034552 0.69
vt 0.052157 0.700269
vt 0.085827 0.698349
vt 0.092412 0.633198
vt 0.112232 0.678923
vt 0.125612 0.619398
vt 0.100552 0.591137
vt 0.12301 0.574665
vt 0.102181 0.557759
vt 0.127181 0.549413
vt 0.091767 0.538893
vt 0.127181 0.549413
vt 0.127181 0.549413
vt 0.110437 0.530721
vt 0.077486 0.524652
vt 0.095128 0.517671
vt 0.05941 0.521307
vt 0.070035 0.510067
vt 0.040307 0.524914
vt 0.048091 0.512098
vt 0.127181 0.549413
vt 0.110437 0.530721
vt 0.141034 0.52866
vt 0.141034 0.52866
vt 0.135787 0.509313
vt 0.095128 0.517671
vt 0.135787 0.509313
vt 0.135787 0.509313
vt 0.095128 0.517671
vt 0.116518 0.502179
vt 0.070035 0.510067
vt 0.116518 0.502179
vt 0.070035 0.510067
vt 0.092506 0.486955
vt 0.070035 0.510067
vt 0.048091 0.512098
vt 0.092506 0.486955
vt 0.127181 0.549413
vt 0.141034 0.52866
vt 0.151553 0.54462
vt 0.151553 0.54462
vt 0.132902 0.577633
vt 0.127181 0.549413
vt 0.127181 0.549413
vt 0.132902 0.577633
vt 0.12301 0.574665
vt 0.151553 0.54462
vt 0.166619 0.565088
vt 0.135787 0.509313
vt 0.116518 0.502179
vt 0.153157 0.500478
vt 0.151553 0.54462
vt 0.178885 0.544705
vt 0.166619 0.565088
vt 0.151553 0.54462
vt 0.194093 0.53899
vt 0.178885 0.544705
vt 0.172431 0.539609
vt 0.172431 0.539609
vt 0.210288 0.538287
vt 0.194093 0.53899
vt 0.141034 0.52866
vt 0.135787 0.509313
vt 0.151553 0.54462
vt 0.141034 0.52866
vt 0.172431 0.539609
vt 0.13822 0.411737
vt 0.106142 0.411342
vt 0.147206 0.401111
vt 0.118385 0.399375
vt 0.176216 0.389585
vt 0.156063 0.390639
vt 0.174056 0.378648
vt 0.128891 0.387783
vt 0.145219 0.37877
vt 0.191729 0.36687
vt 0.163144 0.369876
vt 0.188674 0.364424
vt 0.193906 0.360164
vt 0.197001 0.357645
vt 0.152779 0.405416
vt 0.13822 0.411737
vt 0.176216 0.389585
vt 0.293992 0.53802
vt 0.274489 0.561367
vt 0.315096 0.530059
vt 0.289749 0.538284
vt 0.273808 0.557091
vt 0.280451 0.550498
vt 0.242201 0.327844
vt 0.197001 0.357645
vt 0.207292 0.352497
vt 0.209092 0.355299
vt 0.163144 0.369876
vt 0.188674 0.364424
vt 0.454015 0.569455
vt 0.466901 0.573852
vt 0.501491 0.584052
vt 0.474903 0.576207
vt 0.507703 0.57995
vt 0.507703 0.57995
vt 0.474903 0.576207
vt 0.483769 0.568996
vt 0.466901 0.573852
vt 0.444066 0.575536
vt 0.507339 0.500631
vt 0.469912 0.512545
vt 0.487641 0.504959
vt 0.484336 0.504193
vt 0.469912 0.512545
vt 0.507339 0.500631
vt 0.521862 0.492315
vt 0.469912 0.512545
vt 0.453195 0.529009
vt 0.487641 0.504959
vt 0.352411 0.520739
vt 0.322264 0.526477
vt 0.357497 0.520603
vt 0.466901 0.573852
vt 0.444066 0.575536
vt 0.454015 0.569455
vt 0.51772 0.571547
vt 0.501491 0.584052
vt 0.507703 0.57995
vt 0.954353 0.894004
vt 0.943901 0.873195
vt 0.991851 0.852179
vt 0.902421 0.903076
vt 0.91093 0.922737
vt 0.852122 0.933974
vt 0.860946 0.954105
vt 0.790469 0.960996
vt 0.799641 0.98162
vt 0.703446 0.973235
vt 0.710924 0.994978
vt 0.943901 0.873195
vt 0.973933 0.826368
vt 0.943901 0.873195
vt 0.921823 0.870952
vt 0.973933 0.826368
vt 0.973933 0.826368
vt 0.921823 0.870952
vt 0.944198 0.818401
vt 0.943901 0.873195
vt 0.882266 0.90243
vt 0.921823 0.870952
vt 0.703446 0.973235
vt 0.684238 0.971792
vt 0.790469 0.960996
vt 0.769412 0.960216
vt 0.852122 0.933974
vt 0.831514 0.933259
vt 0.902421 0.903076
vt 0.882266 0.90243
vt 0.943901 0.873195
vt 0.970771 0.173284
vt 0.957766 0.196813
vt 0.958746 0.175269
vt 0.947699 0.185192
vt 0.972569 0.209965
vt 0.968062 0.165473
vt 0.94223 0.178878
vt 0.94223 0.178878
vt 0.961466 0.160719
vt 0.938982 0.175718
vt 0.938982 0.175718
vt 0.96171 0.148846
vt 0.936809 0.173602
vt 0.921415 0.203795
vt 0.93127 0.207541
vt 0.951891 0.137546
vt 0.933371 0.170256
vt 0.934537 0.149337
vt 0.925366 0.164313
vt 0.909078 0.198663
vt 0.90924 0.19293
vt 0.94363 0.131631
vt 0.918114 0.157943
vt 0.925397 0.115121
vt 0.897442 0.140637
vt 0.90169 0.19516
vt 0.861821 0.185568
vt 0.915983 0.106744
vt 0.894815 0.138437
vt 0.857317 0.182659
vt 0.904463 0.100852
vt 0.890866 0.13513
vt 0.879016 0.11093
vt 0.868191 0.131239
vt 0.848495 0.180512
vt 0.868191 0.131239
vt 0.838607 0.156331
vt 0.92887 0.112593
vt 0.928657 0.105706
vt 0.868191 0.131239
vt 0.859603 0.122248
vt 0.84935 0.127971
vt 0.868191 0.131239
vt 0.838607 0.156331
vt 0.838191 0.134198
vt 0.972569 0.209965
vt 0.970771 0.173284
vt 0.980448 0.188961
vt 0.989936 0.215308
vt 0.989936 0.215308
vt 0.980448 0.188961
vt 0.988165 0.212299
vt 0.957766 0.196813
vt 0.942262 0.215285
vt 0.947699 0.185192
vt 0.972569 0.209965
vt 0.965275 0.217755
vt 0.989936 0.215308
vt 0.934398 0.211618
vt 0.94223 0.178878
vt 0.93127 0.207541
vt 0.947699 0.185192
vt 0.942262 0.215285
vt 0.934398 0.211618
vt 0.965275 0.217755
vt 0.989936 0.215308
vt 0.986641 0.217176
vt 0.94223 0.178878
vt 0.93127 0.207541
vt 0.938982 0.175718
vt 0.857268 0.270888
vt 0.833272 0.271277
vt 0.860336 0.254892
vt 0.833272 0.271277
vt 0.830747 0.254758
vt 0.808839 0.271327
vt 0.807744 0.25292
vt 0.831434 0.242874
vt 0.796349 0.245469
vt 0.8645 0.244812
vt 0.816782 0.287076
vt 0.831969 0.23362
vt 0.808839 0.231006
vt 0.832463 0.225093
vt 0.865595 0.225966
vt 0.869458 0.213896
vt 0.83922 0.204127
vt 0.874094 0.204338
vt 0.864719 0.234732
vt 0.807584 0.217533
vt 0.81307 0.198705
vt 0.84923 0.190866
vt 0.874094 0.204338
vt 0.833272 0.271277
vt 0.834714 0.283343
vt 0.855284 0.279639
vt 0.836226 0.295983
vt 0.857338 0.292976
vt 0.844394 0.323627
vt 0.823755 0.300346
vt 0.839172 0.322104
vt 0.834714 0.283343
vt 0.836226 0.295983
vt 0.816782 0.287076
vt 0.833272 0.271277
vt 0.836226 0.295983
vt 0.823755 0.300346
vt 0.844394 0.323627
vt 0.823755 0.300346
vt 0.84923 0.190866
vt 0.81307 0.198705
vt 0.823921 0.187541
vt 0.84923 0.190866
vt 0.856902 0.183355
vt 0.828192 0.183547
vt 0.861779 0.169803
vt 0.847996 0.167626
vt 0.870726 0.1802
vt 0.872943 0.194535
vt 0.874094 0.204338
vt 0.844394 0.323627
vt 0.857338 0.292976
vt 0.847223 0.31884
vt 0.787388 0.232507
vt 0.767923 0.216341
vt 0.797223 0.228472
vt 0.774232 0.206888
vt 0.826853 0.217755
vt 0.792551 0.183866
vt 0.841211 0.198819
vt 0.808694 0.168802
vt 0.847132 0.179088
vt 0.817521 0.164941
vt 0.766191 0.164382
vt 0.781382 0.147043
vt 0.817521 0.164941
vt 0.762675 0.195059
vt 0.75284 0.206281
vt 0.748427 0.21889
vt 0.762322 0.224735
vt 0.817521 0.164941
vt 0.797388 0.141459
vt 0.817521 0.164941
vt 0.797388 0.141459
vt 0.822772 0.15919
vt 0.805428 0.13737
vt 0.826936 0.156839
vt 0.816445 0.145953
vt 0.852297 0.166618
vt 0.852399 0.171819
vt 0.817521 0.164941
vt 0.847132 0.179088
vt 0.762322 0.224735
vt 0.75488 0.241652
vt 0.748427 0.21889
vt 0.762322 0.224735
vt 0.779697 0.236038
vt 0.75488 0.241652
vt 0.762322 0.224735
vt 0.75488 0.241652
vt 0.765249 0.247932
vt 0.751076 0.258255
vt 0.756209 0.259883
vt 0.748427 0.21889
vt 0.75488 0.241652
vt 0.746797 0.240211
vt 0.751076 0.258255
vt 0.746797 0.240211
vt 0.751076 0.258255
vt 0.746944 0.251995
vt 0.724869 0.104329
vt 0.741126 0.066586
vt 0.737376 0.118088
vt 0.761421 0.076585
vt 0.759787 0.119316
vt 0.777893 0.086641
vt 0.784884 0.123841
vt 0.793492 0.102771
vt 0.802542 0.126414
vt 0.808144 0.114611
vt 0.809931 0.072034
vt 0.818806 0.093701
vt 0.791548 0.052789
vt 0.771189 0.04482
vt 0.747042 0.039125
vt 0.730816 0.038625
vt 0.726286 0.060944
vt 0.713018 0.104473
vt 0.810802 0.127183
vt 0.813979 0.122947
vt 0.819909 0.110028
vt 0.716738 0.057804
vt 0.707822 0.095826
vt 0.707249 0.054683
vt 0.696247 0.095081
vt 0.684567 0.055404
vt 0.683391 0.063354
vt 0.719625 0.040933
vt 0.708503 0.043227
vt 0.708503 0.043227
vt 0.708503 0.043227
vt 0.687965 0.049845
vt 0.746326 0.200645
vt 0.727748 0.164148
vt 0.756879 0.202339
vt 0.738283 0.157621
vt 0.707088 0.139986
vt 0.720937 0.126748
vt 0.705832 0.14659
vt 0.72114 0.168243
vt 0.734559 0.198443
vt 0.70565 0.179605
vt 0.690085 0.160719
vt 0.6898 0.194394
vt 0.718346 0.202631
vt 0.6898 0.194394
vt 0.696902 0.148615
vt 0.74806 0.154523
vt 0.731452 0.126032
vt 0.755297 0.152229
vt 0.777741 0.206703
vt 0.802245 0.192989
vt 0.77862 0.151357
vt 0.80908 0.178328
vt 0.797041 0.150975
vt 0.768868 0.204846
vt 0.762668 0.117729
vt 0.785931 0.12912
vt 0.736642 0.119732
vt 0.809218 0.161209
vt 0.807565 0.156178
vt 0.80037 0.143918
vt 0.6898 0.194394
vt 0.699384 0.213079
vt 0.6898 0.194394
vt 0.685376 0.203421
vt 0.693766 0.214086
vt 0.693141 0.216312
vt 0.678014 0.218443
vt 0.684898 0.22058
vt 0.679539 0.19612
vt 0.690085 0.160719
vt 0.6898 0.194394
vt 0.681459 0.186251
vt 0.679539 0.19612
vt 0.678014 0.218443
vt 0.67629 0.211607
vt 0.6898 0.194394
vt 0.679539 0.19612
vt 0.681459 0.186251
vt 0.8057 0.197543
vt 0.78545 0.197739
vt 0.817758 0.181056
vt 0.786748 0.17579
vt 0.832768 0.153496
vt 0.791384 0.146457
vt 0.841538 0.135584
vt 0.797886 0.126903
vt 0.836731 0.1171
vt 0.803687 0.119407
vt 0.7587 0.140946
vt 0.763234 0.119874
vt 0.803687 0.119407
vt 0.763129 0.171952
vt 0.77125 0.198774
vt 0.78545 0.197739
vt 0.78545 0.197739
vt 0.786786 0.218394
vt 0.803687 0.119407
vt 0.774323 0.1088
vt 0.78545 0.197739
vt 0.786786 0.218394
vt 0.786786 0.218394
vt 0.798004 0.217215
vt 0.79032 0.241832
vt 0.79032 0.241832
vt 0.798004 0.217215
vt 0.796085 0.238134
vt 0.77125 0.198774
vt 0.786786 0.218394
vt 0.77913 0.219649
vt 0.79032 0.241832
vt 0.77913 0.219649
vt 0.79032 0.241832
vt 0.787041 0.240605
vt 0.803687 0.119407
vt 0.774323 0.1088
vt 0.805004 0.115812
vt 0.778924 0.105221
vt 0.807113 0.115228
vt 0.834248 0.1112
vt 0.837305 0.112165
vt 0.803687 0.119407
vt 0.836731 0.1171
vt 0.807113 0.115228
vt 0.778924 0.105221
vt 0.792485 0.110887
vt 0.866611 0.013724
vt 0.892999 0.052435
vt 0.847826 0.017675
vt 0.88659 0.055188
vt 0.828869 0.031989
vt 0.859057 0.068074
vt 0.81156 0.057707
vt 0.837738 0.085114
vt 0.80473 0.081775
vt 0.825076 0.101387
vt 0.874395 0.111733
vt 0.846835 0.119792
vt 0.877873 0.103432
vt 0.903923 0.092471
vt 0.905857 0.085636
vt 0.803856 0.098407
vt 0.819784 0.111114
vt 0.833325 0.121916
vt 0.915142 0.079832
vt 0.901867 0.048627
vt 0.879045 0.013518
vt 0.926104 0.069258
vt 0.912869 0.043902
vt 0.933137 0.037069
vt 0.894471 0.013262
vt 0.917309 0.016453
vt 0.962269 0.025382
vt 0.956507 0.022437
vt 0.945708 0.055134
vt 0.962653 0.031016
vt 0.222998 0.200556
vt 0.196846 0.216849
vt 0.215003 0.191342
vt 0.18592 0.206342
vt 0.177554 0.238631
vt 0.17315 0.217043
vt 0.178967 0.200565
vt 0.16214 0.226119
vt 0.172082 0.192129
vt 0.208764 0.182737
vt 0.200405 0.168087
vt 0.16493 0.182989
vt 0.152314 0.219605
vt 0.143405 0.209684
vt 0.212303 0.187617
vt 0.16008 0.170337
vt 0.136112 0.196208
vt 0.156362 0.160637
vt 0.172381 0.147332
vt 0.166271 0.137377
vt 0.157912 0.143226
vt 0.183698 0.155329
vt 0.136118 0.179304
vt 0.14147 0.155515
vt 0.165932 0.133309
vt 0.161521 0.134683
vt 0.15175 0.141678
vt 0.224096 0.242315
vt 0.244816 0.232906
vt 0.249785 0.257464
vt 0.233447 0.221261
vt 0.217957 0.237265
vt 0.226849 0.210486
vt 0.210799 0.228197
vt 0.208904 0.248625
vt 0.224096 0.242315
vt 0.226992 0.204432
vt 0.202798 0.22169
vt 0.192922 0.243148
vt 0.186696 0.239035
vt 0.224096 0.242315
vt 0.219201 0.247862
vt 0.249785 0.257464
vt 0.219201 0.247862
vt 0.249785 0.257464
vt 0.244147 0.258567
vt 0.249785 0.257464
vt 0.244816 0.232906
vt 0.249164 0.253752
vt 0.242259 0.119196
vt 0.246295 0.148799
vt 0.216029 0.119813
vt 0.231727 0.153585
vt 0.26196 0.180078
vt 0.243453 0.185743
vt 0.227771 0.154602
vt 0.239687 0.189927
vt 0.210815 0.113934
vt 0.207566 0.114328
vt 0.21672 0.157443
vt 0.207677 0.129817
vt 0.206419 0.156694
vt 0.198125 0.11213
vt 0.188377 0.153183
vt 0.176117 0.124018
vt 0.168066 0.151338
vt 0.191702 0.180362
vt 0.168887 0.170364
vt 0.210013 0.184168
vt 0.224004 0.184474
vt 0.166145 0.142277
vt 0.165143 0.146638
vt 0.164991 0.158648
vt 0.301022 0.133757
vt 0.313597 0.13073
vt 0.320368 0.135392
vt 0.301022 0.133757
vt 0.317148 0.139721
vt 0.303284 0.150815
vt 0.286036 0.13453
vt 0.288743 0.163732
vt 0.281719 0.164752
vt 0.275229 0.137644
vt 0.273638 0.175112
vt 0.267486 0.140253
vt 0.272843 0.120882
vt 0.283572 0.121642
vt 0.290812 0.122154
vt 0.301022 0.133757
vt 0.299849 0.125584
vt 0.303145 0.125365
vt 0.313597 0.13073
vt 0.260506 0.143239
vt 0.267579 0.176434
vt 0.253093 0.119832
vt 0.250705 0.130926
vt 0.254068 0.157559
vt 0.250705 0.130926
vt 0.254465 0.145603
vt 0.254068 0.157559
vt 0.254465 0.145603
vt 0.254068 0.157559
vt 0.250705 0.130926
vt 0.254465 0.145603
vt 0.242259 0.119196
vt 0.302994 0.191337
vt 0.289765 0.20608
vt 0.299523 0.184553
vt 0.27874 0.198363
vt 0.276644 0.223211
vt 0.262127 0.216899
vt 0.293685 0.227787
vt 0.300948 0.213325
vt 0.300948 0.213325
vt 0.310252 0.20112
vt 0.273939 0.195304
vt 0.25976 0.208694
vt 0.27005 0.192826
vt 0.29542 0.169247
vt 0.297156 0.176506
vt 0.260076 0.200963
vt 0.292422 0.160411
vt 0.267806 0.191395
vt 0.260076 0.200963
vt 0.289109 0.152995
vt 0.2639 0.188907
vt 0.251713 0.203014
vt 0.260076 0.200963
vt 0.278835 0.148642
vt 0.252604 0.175962
vt 0.263417 0.144287
vt 0.243508 0.203645
vt 0.232396 0.19686
vt 0.24607 0.166882
vt 0.263417 0.144287
vt 0.300948 0.213325
vt 0.314445 0.218948
vt 0.293685 0.227787
vt 0.314445 0.218948
vt 0.310846 0.230388
vt 0.323074 0.22982
vt 0.300948 0.213325
vt 0.310252 0.20112
vt 0.314445 0.218948
vt 0.31887 0.210723
vt 0.329819 0.219154
vt 0.314445 0.218948
vt 0.332642 0.227467
vt 0.323074 0.22982
vt 0.24607 0.166882
vt 0.232396 0.19686
vt 0.228921 0.184437
vt 0.231097 0.16013
vt 0.226034 0.180055
vt 0.259066 0.142691
vt 0.25465 0.144722
vt 0.231314 0.159598
vt 0.227609 0.170636
vt 0.263417 0.144287
vt 0.24607 0.166882
vt 0.259066 0.142691
vt 0.231097 0.16013
vt 0.226034 0.180055
vt 0.231314 0.159598
vt 0.285518 0.097825
vt 0.295756 0.106493
vt 0.277117 0.099408
vt 0.303301 0.097352
vt 0.296111 0.093441
vt 0.309384 0.091845
vt 0.295756 0.106493
vt 0.290407 0.112086
vt 0.30619 0.114075
vt 0.302619 0.123548
vt 0.310236 0.101112
vt 0.285208 0.119193
vt 0.297338 0.136438
vt 0.292524 0.147309
vt 0.275247 0.128425
vt 0.25401 0.102117
vt 0.267608 0.137219
vt 0.245058 0.111617
vt 0.242045 0.125131
vt 0.25891 0.142146
vt 0.264881 0.099787
vt 0.281172 0.156807
vt 0.271597 0.158423
vt 0.303301 0.097352
vt 0.295756 0.106493
vt 0.309384 0.091845
vt 0.316558 0.094839
vt 0.319952 0.085047
vt 0.309384 0.091845
vt 0.296111 0.093441
vt 0.304275 0.08888
vt 0.312549 0.081892
vt 0.309384 0.091845
vt 0.316918 0.080436
vt 0.319952 0.085047
vt 0.309384 0.091845
vt 0.312549 0.081892
vt 0.193951 0.037054
vt 0.216423 0.046301
vt 0.188198 0.047306
vt 0.216423 0.046301
vt 0.222041 0.037089
vt 0.20026 0.029809
vt 0.227929 0.027434
vt 0.209596 0.020655
vt 0.230909 0.039676
vt 0.216423 0.046301
vt 0.235833 0.031964
vt 0.236159 0.0088
vt 0.221801 0.011425
vt 0.232567 0.005917
vt 0.216423 0.046301
vt 0.232232 0.048213
vt 0.213054 0.060034
vt 0.188198 0.047306
vt 0.229563 0.067244
vt 0.208672 0.069103
vt 0.22467 0.076553
vt 0.176835 0.047365
vt 0.206081 0.074468
vt 0.22443 0.084179
vt 0.202116 0.082673
vt 0.175134 0.070115
vt 0.174074 0.082769
vt 0.194101 0.097887
vt 0.173447 0.090887
vt 0.18266 0.10519
vt 0.180662 0.062992
vt 0.212371 0.111624
vt 0.219995 0.096159
vt 0.176367 0.055698
vt 0.18266 0.10519
vt 0.207215 0.116927
vt 0.18266 0.10519
vt 0.207215 0.116927
vt 0.183874 0.110993
vt 0.206281 0.120108
vt 0.184095 0.122138
vt 0.194189 0.128312
vt 0.178923 0.112362
vt 0.17593 0.104462
vt 0.173447 0.090887
vt 0.18266 0.10519
vt 0.124624 0.089798
vt 0.145482 0.088786
vt 0.119971 0.093952
vt 0.148963 0.080828
vt 0.132268 0.081987
vt 0.150549 0.073735
vt 0.148963 0.080828
vt 0.124624 0.089798
vt 0.119971 0.093952
vt 0.145482 0.088786
vt 0.144653 0.101551
vt 0.111912 0.098608
vt 0.138901 0.115647
vt 0.107331 0.125684
vt 0.137242 0.131502
vt 0.115993 0.140094
vt 0.179794 0.12054
vt 0.182035 0.136961
vt 0.140412 0.139896
vt 0.180574 0.144665
vt 0.173668 0.098757
vt 0.163536 0.092778
vt 0.163536 0.092778
vt 0.147169 0.145691
vt 0.171065 0.146879
vt 0.155046 0.152448
vt 0.169787 0.155045
vt 0.136872 0.144546
vt 0.125633 0.14215
vt 0.115993 0.140094
vt 0.140412 0.139896
vt 0.115993 0.140094
vt 0.140412 0.139896
vt 0.125633 0.14215
vt 0.145482 0.088786
vt 0.172007 0.090785
vt 0.163536 0.092778
vt 0.148963 0.080828
vt 0.16802 0.075836
vt 0.150549 0.073735
vt 0.148963 0.080828
vt 0.150549 0.073735
vt 0.1583 0.060019
vt 0.16644 0.063192
vt 0.167242 0.048298
vt 0.144946 0.063529
vt 0.158457 0.051438
vt 0.150549 0.073735
vt 0.138629 0.072688
vt 0.1583 0.060019
vt 0.138629 0.072688
vt 0.132268 0.081987
vt 0.1583 0.060019
vt 0.138629 0.072688
vt 0.144946 0.063529
vt 0.1583 0.060019
vt 0.144946 0.063529
vt 0.167242 0.048298
vt 0.16644 0.063192
vt 0.167242 0.048298
vt 0.167738 0.056391
vt 0.001786 0.063
vt 0.00226 0.044221
vt 0.023684 0.058287
vt 0.018276 0.03661
vt 0.002015 0.078415
vt 0.023221 0.074528
vt 0.004055 0.09735
vt 0.02952 0.091385
vt 0.013366 0.10947
vt 0.055436 0.062155
vt 0.059532 0.076887
vt 0.036485 0.098081
vt 0.060101 0.087278
vt 0.047689 0.043173
vt 0.042893 0.035034
vt 0.051143 0.107178
vt 0.059307 0.099464
vt 0.024136 0.108129
vt 0.033568 0.022211
vt 0.01653 0.02914
vt 0.013366 0.10947
vt 0.036485 0.098081
vt 0.01653 0.02914
vt 0.018333 0.01379
vt 0.026994 0.012163
vt 0.01653 0.02914
vt 0.004041 0.032462
vt 0.01653 0.02914
vt 0.004041 0.032462
vt 0.018333 0.01379
vt 0.013366 0.10947
vt 0.036485 0.098081
vt 0.024136 0.108129
vt 0.018333 0.01379
vt 0.004041 0.032462
vt 0.006718 0.022342
vt 0.01489 0.006147
vt 0.02192 0.000924
vt 0.018333 0.01379
vt 0.025982 0.006598
vt 0.026994 0.012163
vt 0.018333 0.01379
vt 0.02192 0.000924
vt 0.025982 0.006598
vt 0.062655 0.059386
vt 0.074874 0.053337
vt 0.06249 0.068626
vt 0.07949 0.066463
vt 0.071797 0.042904
vt 0.063288 0.047381
vt 0.067924 0.029849
vt 0.07949 0.066463
vt 0.062191 0.076177
vt 0.085548 0.073387
vt 0.074874 0.053337
vt 0.085051 0.045215
vt 0.07949 0.066463
vt 0.071797 0.042904
vt 0.079045 0.035713
vt 0.067924 0.029849
vt 0.07949 0.066463
vt 0.092284 0.055343
vt 0.100821 0.061419
vt 0.085548 0.073387
vt 0.085548 0.073387
vt 0.089298 0.082041
vt 0.089298 0.082041
vt 0.105016 0.066339
vt 0.095645 0.086368
vt 0.117392 0.069266
vt 0.079045 0.035713
vt 0.067924 0.029849
vt 0.073824 0.029418
vt 0.062191 0.076177
vt 0.085548 0.073387
vt 0.066387 0.085726
vt 0.089298 0.082041
vt 0.089298 0.082041
vt 0.077011 0.088768
vt 0.095645 0.086368
vt 0.095645 0.086368
vt 0.073187 0.096143
vt 0.104588 0.093148
vt 0.117392 0.069266
vt 0.104588 0.093148
vt 0.129467 0.071836
vt 0.104588 0.093148
vt 0.080749 0.109404
vt 0.112526 0.097965
vt 0.08661 0.112167
vt 0.116759 0.101859
vt 0.15038 0.077736
vt 0.142412 0.074566
vt 0.129467 0.071836
vt 0.104588 0.093148
vt 0.09139 0.120876
vt 0.122678 0.107303
vt 0.121325 0.131563
vt 0.141093 0.115698
vt 0.159353 0.131838
vt 0.166645 0.127405
vt 0.162329 0.103811
vt 0.172141 0.122862
vt 0.154873 0.083111
vt 0.067924 0.029849
vt 0.063288 0.047381
vt 0.066053 0.036757
vt 0.074856 0.166785
vt 0.073916 0.153465
vt 0.086737 0.178666
vt 0.082698 0.154698
vt 0.101087 0.1799
vt 0.093752 0.154054
vt 0.119834 0.17882
vt 0.115515 0.15272
vt 0.13967 0.169583
vt 0.136496 0.149771
vt 0.103814 0.126756
vt 0.12958 0.133807
vt 0.089842 0.123096
vt 0.07927 0.127153
vt 0.070172 0.12703
vt 0.15772 0.161692
vt 0.15284 0.148493
vt 0.148692 0.137272
vt 0.062919 0.127645
vt 0.068102 0.151961
vt 0.058124 0.129735
vt 0.061586 0.150276
vt 0.06882 0.173501
vt 0.060506 0.1745
vt 0.049396 0.127768
vt 0.053581 0.147611
vt 0.043434 0.147558
vt 0.051557 0.169871
vt 0.038785 0.161399
vt 0.037553 0.132924
vt 0.0237 0.144666
vt 0.025482 0.141201
vt 0.038785 0.161399
vt 0.0237 0.144666
vt 0.0237 0.144666
vt 0.038785 0.161399
vt 0.026052 0.148459
vt 0.590677 0.14083
vt 0.604824 0.128879
vt 0.62379 0.160873
vt 0.57957 0.154826
vt 0.554504 0.123113
vt 0.577878 0.116309
vt 0.604824 0.128879
vt 0.54607 0.133396
vt 0.570396 0.1624
vt 0.614547 0.178458
vt 0.607333 0.185446
vt 0.570396 0.1624
vt 0.592904 0.20551
vt 0.558277 0.177006
vt 0.575482 0.220011
vt 0.550845 0.183449
vt 0.604824 0.128879
vt 0.630121 0.137659
vt 0.607906 0.117557
vt 0.604824 0.128879
vt 0.544879 0.143376
vt 0.54607 0.133396
vt 0.570396 0.1624
vt 0.558277 0.177006
vt 0.527904 0.139652
vt 0.544879 0.143376
vt 0.558277 0.177006
vt 0.550845 0.183449
vt 0.521928 0.146488
vt 0.548309 0.185648
vt 0.548309 0.185648
vt 0.550845 0.183449
vt 0.564156 0.210328
vt 0.544358 0.189074
vt 0.544358 0.189074
vt 0.565698 0.217
vt 0.540058 0.192802
vt 0.566429 0.224575
vt 0.540312 0.24007
vt 0.526551 0.203838
vt 0.540058 0.192802
vt 0.519067 0.232599
vt 0.544358 0.189074
vt 0.565698 0.217
vt 0.521638 0.243349
vt 0.512322 0.21555
vt 0.500985 0.223103
vt 0.512322 0.21555
vt 0.526551 0.203838
vt 0.532597 0.168157
vt 0.521928 0.146488
vt 0.548309 0.185648
vt 0.544358 0.189074
vt 0.532597 0.168157
vt 0.548309 0.185648
vt 0.540058 0.192802
vt 0.513892 0.154938
vt 0.544358 0.189074
vt 0.508913 0.157195
vt 0.526551 0.203838
vt 0.513892 0.154938
vt 0.532597 0.168157
vt 0.544358 0.189074
vt 0.492502 0.16914
vt 0.508913 0.157195
vt 0.526551 0.203838
vt 0.512322 0.21555
vt 0.48646 0.188219
vt 0.500985 0.223103
vt 0.478215 0.202175
vt 0.48646 0.188219
vt 0.500985 0.223103
vt 0.501656 0.243221
vt 0.500985 0.223103
vt 0.521638 0.243349
vt 0.492771 0.222887
vt 0.500985 0.223103
vt 0.492771 0.222887
vt 0.478215 0.202175
vt 0.500985 0.223103
vt 0.471362 0.217186
vt 0.478215 0.202175
vt 0.492771 0.222887
vt 0.626846 0.063732
vt 0.63444 0.088868
vt 0.617233 0.088383
vt 0.635855 0.117702
vt 0.611844 0.104402
vt 0.632619 0.128963
vt 0.619692 0.050869
vt 0.613196 0.075591
vt 0.608284 0.08649
vt 0.611844 0.104402
vt 0.597686 0.102252
vt 0.611844 0.104402
vt 0.632619 0.128963
vt 0.607906 0.117557
vt 0.630121 0.137659
vt 0.582587 0.10954
vt 0.611844 0.104402
vt 0.607906 0.117557
vt 0.577878 0.116309
vt 0.604824 0.128879
vt 0.597686 0.102252
vt 0.611844 0.104402
vt 0.582587 0.10954
vt 0.564156 0.210328
vt 0.550845 0.183449
vt 0.575482 0.220011
vt 0.475517 0.123414
vt 0.492858 0.123607
vt 0.475161 0.131442
vt 0.4947 0.129881
vt 0.510221 0.117263
vt 0.513079 0.124056
vt 0.508371 0.112342
vt 0.49536 0.113216
vt 0.479406 0.111786
vt 0.507461 0.104478
vt 0.497315 0.104057
vt 0.497859 0.090689
vt 0.482754 0.100407
vt 0.488591 0.089377
vt 0.505537 0.096267
vt 0.504946 0.088315
vt 0.496035 0.136219
vt 0.517758 0.131753
vt 0.501461 0.145539
vt 0.474049 0.151546
vt 0.476376 0.169323
vt 0.504383 0.156485
vt 0.477926 0.186248
vt 0.505952 0.165077
vt 0.476318 0.141088
vt 0.5361 0.155495
vt 0.540878 0.162245
vt 0.522478 0.141981
vt 0.496304 0.177474
vt 0.513267 0.176506
vt 0.491469 0.189463
vt 0.504273 0.189117
vt 0.475388 0.190899
vt 0.472938 0.186794
vt 0.472938 0.186794
vt 0.477926 0.186248
vt 0.505952 0.165077
vt 0.472938 0.186794
vt 0.497815 0.077619
vt 0.503781 0.078598
vt 0.470409 0.177181
vt 0.469748 0.167217
vt 0.482645 0.174879
vt 0.482018 0.164703
vt 0.492194 0.161707
vt 0.497821 0.168297
vt 0.490046 0.155993
vt 0.482214 0.157323
vt 0.480239 0.147721
vt 0.471303 0.157116
vt 0.473639 0.14824
vt 0.484762 0.148862
vt 0.482113 0.14361
vt 0.486226 0.182582
vt 0.502918 0.174852
vt 0.492127 0.189057
vt 0.471727 0.199064
vt 0.476086 0.21209
vt 0.495832 0.196627
vt 0.471938 0.190609
vt 0.507861 0.182106
vt 0.520464 0.189834
vt 0.478283 0.136597
vt 0.480157 0.13806
vt 0.389144 0.133214
vt 0.401605 0.122951
vt 0.397089 0.15131
vt 0.411002 0.14171
vt 0.389818 0.105556
vt 0.380479 0.110318
vt 0.415063 0.114782
vt 0.431187 0.12948
vt 0.396843 0.098316
vt 0.389796 0.088878
vt 0.415827 0.146557
vt 0.430183 0.134064
vt 0.403085 0.161508
vt 0.41034 0.170634
vt 0.421488 0.152245
vt 0.430183 0.134064
vt 0.422651 0.181079
vt 0.435403 0.161142
vt 0.434268 0.134385
vt 0.430183 0.134064
vt 0.443827 0.143698
vt 0.429127 0.18287
vt 0.443894 0.165345
vt 0.453311 0.151387
vt 0.435538 0.185119
vt 0.447296 0.167075
vt 0.441548 0.185972
vt 0.456441 0.171097
vt 0.459504 0.157335
vt 0.465412 0.16651
vt 0.447117 0.187045
vt 0.466504 0.173923
vt 0.466504 0.173923
vt 0.466504 0.173923
vt 0.465412 0.16651
vt 0.469829 0.173394
vt 0.380736 0.09189
vt 0.384003 0.08304
vt 0.439558 0.150546
vt 0.455081 0.147452
vt 0.440796 0.157534
vt 0.45789 0.15249
vt 0.480196 0.135133
vt 0.480717 0.142479
vt 0.473179 0.129494
vt 0.455224 0.13798
vt 0.440706 0.139752
vt 0.467013 0.124741
vt 0.455113 0.129671
vt 0.461675 0.121304
vt 0.442401 0.129288
vt 0.453235 0.118149
vt 0.445563 0.118602
vt 0.457364 0.110884
vt 0.460257 0.157676
vt 0.48207 0.148763
vt 0.467687 0.165441
vt 0.453304 0.172661
vt 0.466635 0.183473
vt 0.477365 0.178926
vt 0.443692 0.165629
vt 0.483246 0.157936
vt 0.490596 0.171801
vt 0.449973 0.107613
vt 0.454974 0.107216
vt 0.523292 0.31403
vt 0.510765 0.316117
vt 0.521875 0.301979
vt 0.505346 0.307947
vt 0.521449 0.327674
vt 0.513207 0.322857
vt 0.495319 0.318177
vt 0.49348 0.307264
vt 0.50527 0.328909
vt 0.532258 0.307785
vt 0.532014 0.318085
vt 0.529234 0.328111
vt 0.483955 0.325981
vt 0.483298 0.312631
vt 0.493895 0.331826
vt 0.479304 0.303016
vt 0.503204 0.29595
vt 0.502144 0.29081
vt 0.531778 0.29857
vt 0.529641 0.284078
vt 0.523867 0.26245
vt 0.497461 0.267589
vt 0.476058 0.295474
vt 0.468592 0.277038
vt 0.515998 0.240731
vt 0.494485 0.243939
vt 0.503506 0.222618
vt 0.489845 0.225548
vt 0.467226 0.250856
vt 0.466734 0.231654
vt 0.48678 0.215982
vt 0.473069 0.220314
vt 0.479754 0.209095
vt 0.476726 0.21291
vt 0.482297 0.206972
vt 0.496778 0.21358
vt 0.446196 0.289037
vt 0.43643 0.28207
vt 0.453095 0.285712
vt 0.440182 0.276162
vt 0.439154 0.293435
vt 0.435463 0.286901
vt 0.425652 0.272522
vt 0.425661 0.263411
vt 0.424604 0.278559
vt 0.458889 0.296265
vt 0.451267 0.300114
vt 0.440885 0.300952
vt 0.410355 0.268399
vt 0.415551 0.260269
vt 0.411916 0.275544
vt 0.421426 0.253843
vt 0.445461 0.269928
vt 0.448117 0.266935
vt 0.466288 0.28785
vt 0.469503 0.284595
vt 0.478409 0.270183
vt 0.458623 0.253809
vt 0.425686 0.249855
vt 0.435205 0.238479
vt 0.486265 0.254728
vt 0.470457 0.239741
vt 0.489503 0.234545
vt 0.479376 0.227345
vt 0.449466 0.225536
vt 0.46122 0.21463
vt 0.482678 0.216834
vt 0.471398 0.209435
vt 0.481827 0.20498
vt 0.477642 0.205309
vt 0.484949 0.206408
vt 0.490502 0.222934
vt 0.607466 0.247794
vt 0.612451 0.267609
vt 0.599358 0.250995
vt 0.602778 0.270514
vt 0.613106 0.281143
vt 0.612888 0.290015
vt 0.619354 0.28616
vt 0.621978 0.265616
vt 0.620773 0.24416
vt 0.630231 0.279522
vt 0.632817 0.260543
vt 0.647259 0.254685
vt 0.633659 0.246744
vt 0.643413 0.245977
vt 0.645427 0.265663
vt 0.651823 0.257501
vt 0.590632 0.272097
vt 0.596511 0.294926
vt 0.574727 0.273792
vt 0.574704 0.255292
vt 0.55775 0.252761
vt 0.553665 0.270258
vt 0.543835 0.248522
vt 0.541007 0.265605
vt 0.587519 0.254528
vt 0.550828 0.286376
vt 0.54047 0.281831
vt 0.570235 0.293611
vt 0.52336 0.255734
vt 0.51775 0.267243
vt 0.50886 0.243268
vt 0.503564 0.25441
vt 0.515041 0.231463
vt 0.528093 0.24018
vt 0.656112 0.243169
vt 0.658116 0.24735
vt 0.571313 0.276394
vt 0.552166 0.287696
vt 0.563976 0.262719
vt 0.546066 0.277053
vt 0.559239 0.303481
vt 0.577323 0.288768
vt 0.5685 0.312608
vt 0.58065 0.298298
vt 0.538283 0.304612
vt 0.529377 0.292966
vt 0.548774 0.317771
vt 0.558709 0.324196
vt 0.537899 0.265824
vt 0.520407 0.279817
vt 0.530126 0.253621
vt 0.515426 0.263511
vt 0.551407 0.239019
vt 0.558642 0.250365
vt 0.570876 0.328945
vt 0.576434 0.319105
vt 0.587166 0.304476
vt 0.576544 0.329838
vt 0.58291 0.321257
vt 0.593651 0.323554
vt 0.605781 0.320839
vt 0.611693 0.308789
vt 0.613285 0.298634
vt 0.585529 0.220667
vt 0.595291 0.233909
vt 0.578615 0.225351
vt 0.589015 0.239406
vt 0.603661 0.246161
vt 0.604213 0.250736
vt 0.607669 0.245493
vt 0.601875 0.229013
vt 0.596335 0.21551
vt 0.6134 0.236548
vt 0.608256 0.221302
vt 0.617765 0.211984
vt 0.603331 0.21
vt 0.609517 0.2032
vt 0.620268 0.220835
vt 0.622754 0.212656
vt 0.580551 0.242076
vt 0.593719 0.260268
vt 0.568887 0.245722
vt 0.564063 0.229349
vt 0.550491 0.233245
vt 0.554778 0.247157
vt 0.54079 0.231229
vt 0.543563 0.246661
vt 0.573048 0.227545
vt 0.558317 0.262643
vt 0.548768 0.260852
vt 0.574341 0.265595
vt 0.529214 0.238726
vt 0.528553 0.249443
vt 0.515567 0.231118
vt 0.514778 0.241525
vt 0.516814 0.219916
vt 0.528331 0.224503
vt 0.620947 0.198412
vt 0.623821 0.202763
vt 0.649832 0.150992
vt 0.662869 0.146871
vt 0.665623 0.172305
vt 0.665623 0.172305
vt 0.662869 0.146871
vt 0.674941 0.164443
vt 0.66811 0.139988
vt 0.649832 0.150992
vt 0.638302 0.157372
vt 0.62985 0.159883
vt 0.64189 0.184535
vt 0.638302 0.157372
vt 0.655722 0.181478
vt 0.638302 0.157372
vt 0.655722 0.181478
vt 0.631009 0.129593
vt 0.649832 0.150992
vt 0.680748 0.153104
vt 0.66811 0.139988
vt 0.674436 0.132085
vt 0.649832 0.150992
vt 0.648664 0.131363
vt 0.662869 0.146871
vt 0.631009 0.129593
vt 0.660251 0.130606
vt 0.66811 0.139988
vt 0.674436 0.132085
vt 0.667541 0.123535
vt 0.676713 0.116369
vt 0.622507 0.13434
vt 0.631009 0.129593
vt 0.638302 0.157372
vt 0.62985 0.159883
vt 0.622507 0.13434
vt 0.638302 0.157372
vt 0.617428 0.133549
vt 0.617401 0.166344
vt 0.617428 0.133549
vt 0.62985 0.159883
vt 0.608451 0.133555
vt 0.600322 0.171161
vt 0.590385 0.13772
vt 0.617401 0.166344
vt 0.62985 0.159883
vt 0.641017 0.190068
vt 0.618341 0.20161
vt 0.600322 0.171161
vt 0.58783 0.204579
vt 0.587239 0.174825
vt 0.590385 0.13772
vt 0.575183 0.14286
vt 0.554136 0.159583
vt 0.562695 0.179345
vt 0.549217 0.184499
vt 0.544584 0.167351
vt 0.641017 0.190068
vt 0.62985 0.159883
vt 0.64189 0.184535
vt 0.600322 0.171161
vt 0.58783 0.204579
vt 0.587239 0.174825
vt 0.57218 0.199892
vt 0.562695 0.179345
vt 0.555796 0.194509
vt 0.562695 0.179345
vt 0.57218 0.199892
vt 0.549217 0.184499
vt 0.697266 0.110489
vt 0.693385 0.127387
vt 0.682432 0.122505
vt 0.687144 0.140669
vt 0.674436 0.132085
vt 0.680748 0.153104
vt 0.695378 0.10118
vt 0.68713 0.102525
vt 0.676713 0.116369
vt 0.674436 0.132085
vt 0.648664 0.131363
vt 0.66811 0.139988
vt 0.662869 0.146871
vt 0.331112 0.154597
vt 0.348963 0.138171
vt 0.34755 0.176071
vt 0.367667 0.159942
vt 0.331751 0.108239
vt 0.320754 0.120649
vt 0.369125 0.121839
vt 0.392231 0.137966
vt 0.341146 0.094305
vt 0.331354 0.089681
vt 0.375002 0.166016
vt 0.391732 0.149509
vt 0.359036 0.187039
vt 0.372958 0.195261
vt 0.383607 0.173142
vt 0.391326 0.208864
vt 0.403895 0.183547
vt 0.398578 0.144824
vt 0.422569 0.15217
vt 0.391732 0.149509
vt 0.391732 0.149509
vt 0.409529 0.205909
vt 0.416141 0.188212
vt 0.429435 0.160612
vt 0.415869 0.199907
vt 0.421054 0.190144
vt 0.420287 0.212469
vt 0.434327 0.194532
vt 0.440904 0.159091
vt 0.450268 0.165056
vt 0.423678 0.217884
vt 0.448801 0.197184
vt 0.458171 0.215843
vt 0.4612 0.199886
vt 0.460699 0.170727
vt 0.473238 0.173647
vt 0.477595 0.194092
vt 0.482304 0.177008
vt 0.490469 0.181763
vt 0.489014 0.17767
vt 0.489511 0.187557
vt 0.474363 0.211068
vt 0.319403 0.095144
vt 0.322656 0.082423
vt 0.812893 0.360013
vt 0.834532 0.359503
vt 0.805261 0.375226
vt 0.834532 0.359503
vt 0.835291 0.38173
vt 0.800609 0.402824
vt 0.837288 0.41115
vt 0.80365 0.42468
vt 0.841164 0.427581
vt 0.810071 0.450249
vt 0.843454 0.441586
vt 0.893251 0.432235
vt 0.886737 0.446556
vt 0.891636 0.411306
vt 0.872535 0.383822
vt 0.856792 0.357578
vt 0.84394 0.452226
vt 0.819997 0.464343
vt 0.819997 0.464343
vt 0.834532 0.359503
vt 0.835989 0.343803
vt 0.834532 0.359503
vt 0.812893 0.360013
vt 0.835989 0.343803
vt 0.835989 0.343803
vt 0.812893 0.360013
vt 0.819448 0.348176
vt 0.835989 0.343803
vt 0.819448 0.348176
vt 0.839197 0.327377
vt 0.856792 0.357578
vt 0.835989 0.343803
vt 0.846727 0.34139
vt 0.835989 0.343803
vt 0.839197 0.327377
vt 0.846727 0.34139
vt 0.839197 0.327377
vt 0.843525 0.327956
vt 0.84394 0.452226
vt 0.886737 0.446556
vt 0.882532 0.452685
vt 0.84394 0.452226
vt 0.85037 0.457369
vt 0.867971 0.459347
vt 0.830246 0.467777
vt 0.84394 0.452226
vt 0.85037 0.457369
vt 0.819997 0.464343
vt 0.839197 0.327377
vt 0.819448 0.348176
vt 0.833231 0.333622
vt 0.754324 0.376811
vt 0.762878 0.362438
vt 0.762702 0.388498
vt 0.782551 0.373779
vt 0.775185 0.406204
vt 0.798541 0.385918
vt 0.790297 0.418479
vt 0.809784 0.391374
vt 0.803531 0.425565
vt 0.81898 0.396618
vt 0.752963 0.350672
vt 0.748483 0.36387
vt 0.840631 0.364142
vt 0.846944 0.375672
vt 0.825524 0.355325
vt 0.79862 0.356828
vt 0.770986 0.353653
vt 0.825833 0.40207
vt 0.850004 0.382146
vt 0.838157 0.404724
vt 0.847317 0.394976
vt 0.830016 0.423481
vt 0.819881 0.429545
vt 0.752963 0.350672
vt 0.748483 0.36387
vt 0.745217 0.340016
vt 0.745217 0.340016
vt 0.748483 0.36387
vt 0.745902 0.349301
vt 0.752963 0.350672
vt 0.757324 0.347969
vt 0.770986 0.353653
vt 0.745217 0.340016
vt 0.747612 0.337607
vt 0.793523 0.529924
vt 0.782459 0.510816
vt 0.81111 0.525763
vt 0.798147 0.503183
vt 0.828509 0.520961
vt 0.817181 0.489491
vt 0.843503 0.517352
vt 0.825872 0.482858
vt 0.864791 0.501529
vt 0.83819 0.473071
vt 0.819016 0.441399
vt 0.837832 0.437237
vt 0.800398 0.450831
vt 0.78048 0.467039
vt 0.767826 0.482473
vt 0.776834 0.512852
vt 0.793523 0.529924
vt 0.854897 0.462498
vt 0.857743 0.433789
vt 0.872382 0.455158
vt 0.87333 0.441826
vt 0.884577 0.468479
vt 0.879883 0.479875
vt 0.776834 0.512852
vt 0.793523 0.529924
vt 0.780231 0.528767
vt 0.776834 0.512852
vt 0.780231 0.528767
vt 0.767528 0.515049
vt 0.764903 0.497043
vt 0.767826 0.482473
vt 0.764842 0.510296
vt 0.767528 0.515049
vt 0.780231 0.528767
vt 0.772843 0.520667
vt 0.935093 0.499831
vt 0.922243 0.50844
vt 0.928361 0.488523
vt 0.915693 0.499301
vt 0.92077 0.476733
vt 0.899936 0.486277
vt 0.914377 0.466388
vt 0.888979 0.477594
vt 0.899951 0.451449
vt 0.877927 0.470883
vt 0.927271 0.512892
vt 0.937198 0.508618
vt 0.863671 0.494781
vt 0.855988 0.48355
vt 0.875624 0.510146
vt 0.888693 0.519445
vt 0.902344 0.526167
vt 0.914448 0.525681
vt 0.928252 0.521658
vt 0.867838 0.460004
vt 0.848385 0.469609
vt 0.862099 0.448209
vt 0.853554 0.455225
vt 0.87301 0.440085
vt 0.88231 0.442854
vt 0.927271 0.512892
vt 0.937198 0.508618
vt 0.928252 0.521658
vt 0.914448 0.525681
vt 0.928252 0.521658
vt 0.924946 0.523132
vt 0.928252 0.521658
vt 0.937198 0.508618
vt 0.931779 0.515632
vt 0.930488 0.365049
vt 0.953357 0.392282
vt 0.920281 0.371244
vt 0.948763 0.396151
vt 0.902436 0.379223
vt 0.930547 0.4097
vt 0.890948 0.386942
vt 0.912345 0.417863
vt 0.870916 0.393604
vt 0.880776 0.424821
vt 0.935491 0.451312
vt 0.914688 0.454058
vt 0.947495 0.448209
vt 0.970625 0.43022
vt 0.974495 0.422553
vt 0.848032 0.406896
vt 0.865412 0.429644
vt 0.87573 0.449425
vt 0.981548 0.416384
vt 0.959011 0.387282
vt 0.94276 0.366881
vt 0.989688 0.401289
vt 0.965736 0.380479
vt 0.959011 0.387282
vt 0.977308 0.36118
vt 0.994045 0.379539
vt 0.99474 0.336891
vt 0.995817 0.342432
vt 0.94276 0.366881
vt 0.965736 0.380479
vt 0.959011 0.387282
vt 0.947449 0.355426
vt 0.977308 0.36118
vt 0.962856 0.350305
vt 0.99474 0.336891
vt 0.989239 0.336485
vt 0.863192 0.327933
vt 0.884133 0.332708
vt 0.856166 0.337474
vt 0.884133 0.332708
vt 0.885954 0.344681
vt 0.853202 0.3599
vt 0.883762 0.360357
vt 0.854399 0.373985
vt 0.886112 0.376428
vt 0.849867 0.39489
vt 0.887733 0.401267
vt 0.930027 0.373461
vt 0.932536 0.390792
vt 0.9302 0.360904
vt 0.925318 0.344285
vt 0.917694 0.329759
vt 0.884133 0.332708
vt 0.851332 0.422781
vt 0.884045 0.425112
vt 0.920058 0.427101
vt 0.884133 0.332708
vt 0.911242 0.315448
vt 0.883187 0.322232
vt 0.884133 0.332708
vt 0.903691 0.306667
vt 0.882202 0.30847
vt 0.88543 0.290379
vt 0.897617 0.292815
vt 0.886491 0.263283
vt 0.883187 0.322232
vt 0.884133 0.332708
vt 0.858547 0.318592
vt 0.882202 0.30847
vt 0.861071 0.304869
vt 0.88543 0.290379
vt 0.867076 0.290272
vt 0.886491 0.263283
vt 0.886491 0.263283
vt 0.867076 0.290272
vt 0.879986 0.267781
vt 0.897617 0.292815
vt 0.886491 0.263283
vt 0.893939 0.267171
vt 0.682603 0.352531
vt 0.696851 0.360625
vt 0.674162 0.357739
vt 0.696851 0.360625
vt 0.689835 0.372843
vt 0.659832 0.370215
vt 0.681212 0.389957
vt 0.65386 0.382594
vt 0.677774 0.39997
vt 0.65094 0.402201
vt 0.674413 0.408652
vt 0.703823 0.41927
vt 0.695516 0.424505
vt 0.710896 0.408152
vt 0.709222 0.387362
vt 0.710322 0.368062
vt 0.696851 0.360625
vt 0.671123 0.414504
vt 0.654567 0.413814
vt 0.654567 0.413814
vt 0.699978 0.353439
vt 0.71116 0.357247
vt 0.696851 0.360625
vt 0.682603 0.352531
vt 0.699978 0.353439
vt 0.699978 0.353439
vt 0.682603 0.352531
vt 0.692533 0.349139
vt 0.699978 0.353439
vt 0.702463 0.344663
vt 0.696851 0.360625
vt 0.699978 0.353439
vt 0.710322 0.368062
vt 0.699978 0.353439
vt 0.713165 0.349025
vt 0.71116 0.357247
vt 0.671123 0.414504
vt 0.695516 0.424505
vt 0.691118 0.425861
vt 0.671123 0.414504
vt 0.691118 0.425861
vt 0.672581 0.418352
vt 0.681082 0.424356
vt 0.658666 0.418282
vt 0.671123 0.414504
vt 0.672581 0.418352
vt 0.654567 0.413814
vt 0.699978 0.353439
vt 0.710051 0.345276
vt 0.713165 0.349025
vt 0.702463 0.344663
vt 0.638359 0.338703
vt 0.653953 0.338437
vt 0.632294 0.353505
vt 0.653953 0.338437
vt 0.654149 0.358276
vt 0.654149 0.358276
vt 0.6369 0.36179
vt 0.653287 0.363551
vt 0.629982 0.3674
vt 0.652176 0.370358
vt 0.670016 0.37003
vt 0.6675 0.363466
vt 0.654149 0.358276
vt 0.661313 0.341358
vt 0.673255 0.378481
vt 0.652814 0.376709
vt 0.669174 0.382195
vt 0.653647 0.384984
vt 0.628333 0.382901
vt 0.628748 0.40009
vt 0.655649 0.400552
vt 0.629266 0.374127
vt 0.676285 0.391726
vt 0.677063 0.403229
vt 0.65993 0.412143
vt 0.633433 0.412674
vt 0.65993 0.412143
vt 0.651115 0.418754
vt 0.663599 0.422299
vt 0.653953 0.338437
vt 0.654149 0.358276
vt 0.65993 0.412143
vt 0.680581 0.422227
vt 0.653953 0.338437
vt 0.653992 0.322064
vt 0.643527 0.325064
vt 0.648408 0.315218
vt 0.654417 0.311185
vt 0.660777 0.318198
vt 0.661117 0.327577
vt 0.661313 0.341358
vt 0.653953 0.338437
vt 0.65993 0.412143
vt 0.680581 0.422227
vt 0.663599 0.422299
vt 0.671704 0.429396
vt 0.313524 0.170357
vt 0.310786 0.178356
vt 0.305429 0.161723
vt 0.29525 0.176345
vt 0.296652 0.148562
vt 0.279951 0.169221
vt 0.286186 0.187723
vt 0.266657 0.188404
vt 0.306637 0.186978
vt 0.310786 0.178356
vt 0.310786 0.178356
vt 0.313524 0.170357
vt 0.32113 0.17971
vt 0.323944 0.174203
vt 0.32113 0.17971
vt 0.323944 0.174203
vt 0.332064 0.180149
vt 0.310786 0.178356
vt 0.306637 0.186978
vt 0.332064 0.180149
vt 0.323944 0.174203
vt 0.332617 0.177166
vt 0.306637 0.186978
vt 0.32113 0.17971
vt 0.319656 0.185216
vt 0.332064 0.180149
vt 0.319656 0.185216
vt 0.332064 0.180149
vt 0.32805 0.183371
vn 0 1 0
vn 0 1 0
vn 0 1 0
vn 0 1 0
vn 0 1 0
vn 0 1 0
vn 0 1 0
vn 0 1 0
vn 0 1 0
vn 0 1 0
vn 0 1 0
vn 0 1 0
vn 0 1 0
vn 0 1 0
vn 0 1 0
vn 0 1 0
vn 0 1 0
vn 0 1 0
vn 0 1 0
vn 0 1 0
vn 0 1 0
vn 0 1 0
vn 0 1 0
vn 0 1 0
vn 0 1 0
vn 0 1 0
vn 0 1 0
vn 0 1 0
vn 0 1 0
vn 0 1 0
vn 0 1 0
vn 0 1 0
vn 0 1 0
vn 0 1 0
vn 0 1 0
vn 0 1 0
vn 0 1 0
vn 0 1 0
vn 0 1 0
vn 0 1 0
vn 0 1 0
vn 0 1 0
vn 0 1 0
vn 0 1 0
vn 0 1 0
vn 0 1 0
vn 0 1 0
vn 0 1 0
vn 0 1 0
vn 0 1 0
vn 0 1 0
vn 0 1 0
vn 0 1 0
vn 0 1 0
vn 0 1 0
vn 0 1 0
vn 0 1 0
vn 0 1 0
vn 0 1 0
vn 0 1 0
vn 0 1 0
vn 0 1 0
vn 0 1 0
vn 0 1 0
vn 0 1 0
vn 0 1 0
vn 0 1 0
vn 0 1 0
vn -0.01955025 0.2218136 -0.9748931
vn -0.3698534 0.1410035 -0.9183282
vn -0.1276157 0.2041898 -0.9705775
vn -0.4299456 0.1366102 -0.8924598
vn 0.1201398 0.2508456 -0.960543
vn 0.02759649 0.1441402 -0.9891725
vn -0.03734899 0.1632625 -0.9858754
vn 0.02842615 0.2640158 -0.9640993
vn 0.1348353 0.1655128 -0.9769468
vn -0.2069617 0.2015685 -0.9573594
vn 0.2827884 0.2918675 -0.913698
vn -0.4399487 0.1467488 -0.8859514
vn -0.04183466 0.148572 -0.9880163
vn -0.08234484 0.159724 -0.9837213
vn -0.2403454 0.1898519 -0.9519402
vn 0.05026442 0.30357 -0.9514824
vn 0.3876958 0.3831613 -0.8383791
vn 0.2270927 0.1354388 -0.9644092
vn -0.1836745 0.06607133 -0.9807642
vn 0.09609147 0.06389365 -0.9933197
vn 0.6835754 0.08096866 -0.7253749
vn 0.6780199 0.2189883 -0.7016644
vn 0.05577668 0.1969587 -0.9788239
vn 0.6480617 0.2336111 -0.7248738
vn 0.9655921 0.2063882 -0.1582267
vn 0.9796154 0.2006325 -0.01000476
vn 0.7381 0.2292345 -0.6345549
vn 0.9566003 0.171625 0.2355012
vn 0.9668524 0.2413883 0.08323516
vn 0.9621385 0.2242704 0.1548944
vn 0.9377878 0.2845335 -0.1989844
vn 0.9345074 0.2823128 -0.216784
vn 0.2963947 0.2127305 -0.9310725
vn 0.966494 0.2512282 0.05266647
vn 0.9314529 0.2834801 -0.2281106
vn 0.9729603 0.1905089 -0.1305926
vn 0.9907136 0.1150055 -0.07252779
vn 0.9463754 0.09411869 -0.3090557
vn 0.9950373 0 -0.09950276
vn 0.9864457 0 -0.1640877
vn 0.9372901 0 -0.3485502
vn 0.5637209 0.1823188 -0.8055922
vn 0.2427795 0.3119415 -0.918559
vn 0.9683894 0.2481112 0.02574587
vn 0.9648371 0.2456989 0.09338932
vn 0.974903 0.09315027 -0.2022058
vn 0.957366 0.2751043 -0.08813487
vn 0.9377335 0.3296328 -0.1095351
vn 0.7570514 0.1726312 -0.6301362
vn 0.9670583 0.1964748 -0.1618516
vn 0.8263342 0 -0.56318
vn 0.9791252 0 -0.2032582
vn -0.1388605 0.1111257 -0.9840572
vn 0.1923733 0.479114 -0.8564125
vn 0.1598282 0.5291578 -0.8333349
vn 0.9406955 0.2598026 0.2181619
vn 0.9365182 0.2378502 0.2576061
vn 0.9442009 0.2189731 0.2460395
vn -0.09798451 0.2267182 -0.9690191
vn 0.1335532 0.4179799 -0.8985857
vn -0.1194574 0.06352448 -0.990805
vn 0.2010173 0.9449862 -0.2580565
vn 0.005668707 0.9999744 0.00437412
vn -0.0008667407 0.9999918 -0.003954951
vn 0.09681297 0.9424158 -0.3201245
vn 0.4279362 0.5045179 -0.7498882
vn 0.6741806 0.4906405 -0.5520439
vn 0.07607615 0.6115002 -0.7875785
vn 0.3030917 0.9152347 -0.2654823
vn 0.1722302 0.9541379 -0.2448621
vn 0.003082034 0.9999946 -0.001091519
vn 0.2775928 0.897392 -0.3429718
vn 0.7095513 0.4528842 -0.5398453
vn 0.5585306 0.6627819 -0.498762
vn 0.5810814 0.4876283 -0.651585
vn 0.01606759 0.910498 -0.4132013
vn 0.04062573 0.6979542 -0.7149891
vn 0.2326186 0.6123178 -0.755616
vn 0.5623719 0.2890831 -0.7747057
vn 0.459536 0.3668872 -0.808839
vn 0.1875363 0.3919478 -0.9006703
vn 0.4140038 0.6681002 -0.618258
vn 0.2968459 0.7361344 -0.6082669
vn 0.1582632 0.3099556 -0.9374861
vn 0.6892983 0.3738544 -0.6205646
vn 0.4732099 0.7155269 -0.5139004
vn 0.6857187 0.358498 -0.6334581
vn 0.2105068 0.9363745 -0.280873
vn 0.2146777 0.9365685 -0.2770429
vn 0.1371641 0.9225649 -0.3606382
vn -0.03375419 0.6167246 -0.786455
vn 0.14492 0.9261885 -0.348099
vn -0.06681389 0.8400042 -0.5384504
vn -0.02216236 0.877705 -0.4786885
vn -0.4215511 0.5372517 -0.7305171
vn 0.1675304 0.9456134 -0.2788352
vn 0.2351832 0.8547096 -0.4627747
vn 0.3667816 0.7957169 -0.4819813
vn 0.3406473 0.7739002 -0.5338894
vn 0.6537084 0.4159323 -0.6321912
vn 0.6512442 0.3964244 -0.6470925
vn 0.3072129 0.7097427 -0.6339445
vn 0.2493684 0.7412941 -0.6231359
vn 0.1517657 0.9316234 -0.3302198
vn 0.3545921 0.7350169 -0.5779398
vn 0.3040844 0.5482154 -0.7790973
vn 0.3650537 0.3595262 -0.8587646
vn 0.256725 0.5381981 -0.8027672
vn 0.3231835 0.5576363 -0.7645875
vn 0.2765866 0.693317 -0.6654407
vn 0.5872252 0.6581985 -0.4711064
vn 0.5186183 0.5419761 -0.6612843
vn 0.539418 0.5753496 -0.6148179
vn 0.4394807 0.5037788 -0.7436824
vn 0.5174581 0.5216348 -0.678332
vn 0.4701411 0.4957034 -0.7302365
vn 0.6764466 0.5137829 -0.5276809
vn 0.6246507 0.4881065 -0.6095602
vn 0.2811412 0.7359422 -0.6159129
vn 0.4452319 0.7063318 -0.5503308
vn 0.3870958 0.756222 -0.5275275
vn 0.1835598 0.8189572 -0.5437047
vn 0.2939582 0.7064368 -0.6438443
vn 0.7479504 0.4874217 -0.4505445
vn 0.7580153 0.4780274 -0.443737
vn 0.5246968 0.7941879 -0.3065272
vn 0.4122757 0.801484 -0.4331884
vn 0.8443626 0.4667382 -0.2630726
vn 0.8272716 0.4667528 -0.3126716
vn 0.6477143 0.75415 -0.1082767
vn 0.5664167 0.7782952 -0.2709773
vn 0.4154135 0.8489085 -0.3267812
vn 0.7491667 0.4632778 -0.4734162
vn 0.7288652 0.5230424 -0.4417942
vn 0.5739423 0.749375 -0.3301927
vn 0.3073895 0.9463478 -0.0996871
vn 0.6431069 0.5393345 -0.5436282
vn 0.5780489 0.6409596 -0.5050052
vn 0.5795045 0.5700256 -0.5824479
vn 0.5775664 0.6331257 -0.5153337
vn 0.7042127 0.4121204 -0.578136
vn 0.5844647 0.6434786 -0.4943038
vn 0.7309037 0.4273679 -0.5321056
vn 0.703889 0.3360645 -0.6257802
vn 0.8247159 0.3189163 -0.4670504
vn 0.6108559 0.6648468 -0.4299229
vn 0.7581275 0.256506 -0.5995394
vn 0.7665939 0.5325943 -0.3587158
vn 0.6636523 0.6311793 -0.4014702
vn 0.5074134 0.4211296 -0.7517855
vn 0.4778167 0.2506644 -0.8419373
vn 0.1576707 0.3045969 -0.9393405
vn 0.6848828 0.1807193 -0.7058868
vn 0.563844 0.3515608 -0.7473186
vn 0.4483795 0.2140888 -0.8678259
vn 0.5713178 0.6345557 -0.5205142
vn 0.5450866 0.6274776 -0.5560147
vn 0.5406315 0.5095643 -0.6693742
vn 0.563844 0.3515608 -0.7473186
vn 0.6091924 0.6340551 -0.4762969
vn 0.7271114 0.4329592 -0.5327807
vn 0.5256361 0.1964927 -0.827706
vn 0.8483911 0.2338062 -0.4749392
vn 0.7848709 0.2940632 -0.5454398
vn 0.8995344 0.4120874 -0.1449889
vn 0.9665296 0.2553966 -0.02435191
vn 0.9370461 0.3264714 -0.1239397
vn 0.9454844 0.3231194 -0.04065776
vn 0.9199298 0.2751818 -0.2792922
vn 0.9460136 0.1916116 0.2614258
vn 0.5074677 0.2750607 -0.8165893
vn 0.4483795 0.2140888 -0.8678259
vn 0.5754269 0.2637126 -0.7741702
vn 0.8795742 0.2979081 0.3709449
vn 0.8072644 0.5821406 -0.09714183
vn 0.8425052 0.3980656 0.3629447
vn 0.8437896 0.4059401 0.3510437
vn 0.8770636 0.3112057 0.3659377
vn 0.9015574 0.1651253 0.3999097
vn 0.9621001 0.122008 0.2438798
vn 0.9708338 0.1988717 -0.1339096
vn 0.9928944 0.09605222 0.07024705
vn 0.9617693 0.09708206 0.2560755
vn 0.9627632 0.08666904 0.2560771
vn 0.9300934 0.2633794 0.2560424
vn 0.8401567 0.4864577 0.2397823
vn 0.8648836 0.3401802 0.3691258
vn 0.8507026 0.5133609 -0.1129858
vn 0.6707418 0.5364805 -0.5121465
vn 0.5989535 0.5290508 -0.6011322
vn 0.6158117 0.5258657 -0.5867206
vn 0.8397877 0.4714928 -0.2691677
vn 0.7055826 0.4586475 -0.5401813
vn 0.6071596 0.4345559 -0.6652207
vn 0.8687879 0.3659475 0.3336015
vn 0.8518037 0.3455243 0.3937555
vn 0.8700234 0.3337413 0.3628718
vn 0.8871685 0.3879347 0.2498771
vn 0.8858324 0.391152 0.2496016
vn 0.6667309 0.4500413 -0.5940813
vn 0.6591341 0.4476244 -0.6042967
vn 0.2326186 0.6123178 -0.755616
vn 0.3274262 0.6362935 -0.6985146
vn 0.2427795 0.3119415 -0.918559
vn 0.07607615 0.6115002 -0.7875785
vn 0.1598282 0.5291578 -0.8333349
vn 0.07889742 0.2392047 -0.9677584
vn 0.07889742 0.2392047 -0.9677584
vn -0.08591653 0.5344433 -0.8408262
vn -0.1644464 0.8719992 -0.4610583
vn -0.09243509 0.9279518 -0.3610559
vn 0.03046277 0.9191728 -0.3926745
vn 0.1809803 0.6633658 -0.7260798
vn 0.1729179 0.2737347 -0.9461335
vn 0.1272385 0.5738475 -0.8090176
vn -0.07699732 0.5610787 -0.8241735
vn -0.1144441 0.7040491 -0.7008691
vn 0.05130591 0.4242422 -0.9040942
vn -0.2226192 0.6314833 -0.7427447
vn 0.03777637 0.2013598 -0.9787886
vn -0.3055731 0.4403538 -0.8442236
vn -0.4661912 0.1520357 -0.8715222
vn 0.001374569 0.9266949 -0.3758121
vn 0.1344368 0.4070257 -0.9034693
vn 0.3324346 0.2312736 -0.9143302
vn -0.3161454 0.6923162 -0.6486528
vn 0.1735155 0.5632859 -0.8078374
vn 0.3644856 0.2591299 -0.8944283
vn -0.4184697 0.3585651 -0.8344544
vn -0.4605132 0.4124781 -0.7859958
vn -0.5878289 0.1117549 -0.801229
vn -0.4251615 0.1454677 -0.8933515
vn -0.3603436 0.3150422 -0.8780097
vn -0.4661912 0.1520357 -0.8715222
vn -0.5878289 0.1117549 -0.801229
vn -0.4951337 0.2473536 -0.8328618
vn -0.6078443 0.04473749 -0.7927949
vn -0.2020079 0.2091198 -0.9567976
vn -0.06681389 0.8400042 -0.5384504
vn 0.006966049 0.5418557 -0.8404427
vn -0.2822984 0.7402024 -0.6102526
vn -0.08591653 0.5344433 -0.8408262
vn -0.1253287 0.3644683 -0.9227434
vn -0.06681389 0.8400042 -0.5384504
vn 0.1085792 0.226216 -0.9680066
vn 0.4110544 0.7007375 -0.5830962
vn -0.1058867 0.1687542 -0.9799541
vn 0.1835598 0.8189572 -0.5437047
vn 0.4878001 0.2359472 -0.8404642
vn -0.1058867 0.1687542 -0.9799541
vn 0.4435264 0.6330225 -0.6344816
vn 0.7977345 0.321265 -0.5103023
vn 0.5757763 0.2760606 -0.7695922
vn 0.3870958 0.756222 -0.5275275
vn 0.7581275 0.256506 -0.5995394
vn 0.7155856 0.461942 -0.5239721
vn 0.6052278 0.5998014 -0.5233905
vn 0.7435525 0.5969591 -0.3012798
vn 0.7636163 0.4137486 -0.4956838
vn -0.1058867 0.1687542 -0.9799541
vn -0.003864484 0.3199634 -0.9474221
vn 0.156657 0.6280026 -0.7622803
vn -0.04819517 0.3218422 -0.9455659
vn 0.3587734 0.1745504 -0.916959
vn -0.1728861 0.2964501 -0.9392698
vn -0.1058867 0.1687542 -0.9799541
vn 0.4593337 0.4705412 -0.7533947
vn -0.1728861 0.2964501 -0.9392698
vn 0.4878001 0.2359472 -0.8404642
vn 0.7977345 0.321265 -0.5103023
vn 0.6835322 0.5378233 -0.4934875
vn 0.4878001 0.2359472 -0.8404642
vn 0.6052278 0.5998014 -0.5233905
vn 0.2343439 0.9628015 -0.134522
vn 0.631932 0.6857957 -0.3610351
vn 0.2188025 0.9575194 -0.1878353
vn 0.4461578 0.7794312 -0.439807
vn 0.1314064 0.9704688 -0.2022936
vn 0.00353945 0.9999936 -0.0006904731
vn -0.00160397 0.9999894 -0.00432553
vn 0.2412058 0.9678594 -0.0711894
vn 0.6860669 0.6861762 -0.2418151
vn 0.6636523 0.6311793 -0.4014702
vn 0.268988 0.951918 -0.1466207
vn 0.5998333 0.4544741 -0.6585236
vn 0.005511245 0.9999841 0.001137145
vn 0.001912291 0.9999964 -0.001859932
vn 0.2510161 0.9234148 -0.290338
vn 0.002721568 0.9999956 -0.001189737
vn 0.2150389 0.8746846 -0.4343788
vn 0.4634713 0.3714587 -0.8044953
vn 0.5226681 0.2866466 -0.8029021
vn 0.1576707 0.3045969 -0.9393405
vn -0.1095047 0.1224845 -0.9864108
vn 0.1350365 0.2303214 -0.9636998
vn 0.3946412 0.3602958 -0.8452486
vn 0.2652834 0.299526 -0.9164655
vn 0.1866449 0.2190728 -0.9576904
vn 0.4045621 0.246669 -0.8806157
vn 0.5942775 0.3318102 -0.7326228
vn 0.6286227 0.2357051 -0.741132
vn 0.0262249 0.2096922 -0.9774157
vn -0.1711878 0.1446645 -0.9745599
vn 0.2574513 0.2258924 -0.9395165
vn 0.3046345 0.2233971 -0.9259005
vn 0.6075667 0.2231084 -0.7622896
vn 0.3340442 0.1681375 -0.9274396
vn 0.5471814 0.3636987 -0.7538673
vn 0.5044757 0.3223493 -0.8009964
vn 0.5011707 0.1980411 -0.8423821
vn 0.829174 0.3589182 -0.4285418
vn 0.7885053 0.3376737 -0.5140389
vn 0.438055 0 -0.8989482
vn 0.4176848 0 -0.908592
vn 0.6513975 0.1346272 -0.7466973
vn 0.5843387 0.3625653 -0.7260129
vn 0.8263342 0 -0.56318
vn 0.02355056 0 -0.9997227
vn 0.05929793 0.9973552 0.04202769
vn 0.05730218 0.9977776 0.03400464
vn 0.2390886 0.8688027 -0.433611
vn 0.06925873 0.9964473 0.04791799
vn 0.06335852 0.9974635 0.0324388
vn 0.08854723 0.9943217 0.05902242
vn 0.1539271 0.9828036 0.1019979
vn 0.1290851 0.9845084 0.1186602
vn 0.1638439 0.9863878 0.01393811
vn 0.02981224 0.9992858 0.02321995
vn 0.1169547 0.9908523 -0.06733011
vn -0.01669203 0.9994596 -0.02832008
vn 0.0966925 0.9947161 -0.03450098
vn -0.01780948 0.9992149 -0.03538827
vn 0.07618646 0.9951605 -0.06205773
vn -0.01760235 0.999036 -0.04021675
vn -0.004931817 0.9999549 -0.008115442
vn 0.004031732 0.999935 0.01066362
vn 0.1875473 0.9787638 -0.08274873
vn 0.1801126 0.9813547 -0.06710047
vn 0.1856565 0.9818333 0.03917849
vn 0.1385301 0.9811931 0.1344232
vn 0.002963653 0.9997167 0.02361377
vn -0.0003414758 0.9998627 0.01656941
vn -0.002190781 0.9999853 -0.004960801
vn 0.1429192 0.9896876 -0.009621503
vn 0.2229917 0.9719216 -0.07511974
vn 0.2261169 0.9739568 -0.01671542
vn 0.1226494 0.9905553 -0.06129578
vn 0.1436708 0.9879375 -0.05777593
vn 0.02258354 0.9996898 -0.01050077
vn 0.1461505 0.9888405 -0.02888718
vn 0.1693813 0.9846534 -0.0420428
vn 0.1397136 0.9876463 -0.07095632
vn 0.1248454 0.9909989 -0.04832083
vn 0.09779803 0.9950804 -0.01582958
vn 0.2725097 0.9621209 0.007859652
vn 0.2581141 0.9655423 -0.03324477
vn 0.1004977 0.9944975 -0.02958121
vn 0.5093021 0.2479518 -0.8240942
vn 0.7477819 0.2296945 -0.6229467
vn 0.4808837 0.1716571 -0.8598168
vn 0.3530169 0.6197843 -0.7008899
vn 0.7993774 0.4213546 -0.4283177
vn 0.5093021 0.2479518 -0.8240942
vn 0.5439768 0.2251176 -0.8083386
vn 0.1633701 0.9808959 -0.1056091
vn 0.3244591 0.876245 -0.3562598
vn 0.36773 0.7956806 -0.4813181
vn 0.3476247 0.9364623 -0.04685586
vn 0.4531005 0.8842196 -0.1133828
vn 0.8430414 0.5272419 -0.1062876
vn 0.84557 0.5159087 -0.1372941
vn 0.3910694 0.919037 -0.0493524
vn 0.76581 0.5658969 0.3054435
vn 0.2963169 0.9452491 0.1367489
vn 0.07353714 0.9970733 -0.02090611
vn 0.01952791 0.9990231 0.03964241
vn -0.05696618 0.9970495 -0.05144994
vn -0.08204363 0.9966267 0.00205094
vn -0.03358453 0.9968087 0.07241839
vn 7.439166E-05 1 1.874956E-05
vn 0.5460778 0.7048392 0.4527702
vn 0.1337693 0.9667168 0.2180922
vn 0.3428136 0.8840736 0.3176362
vn 0.1231144 0.9904711 -0.06172419
vn 0.001186774 0.9988334 -0.04827518
vn 0.1096639 0.9899527 -0.08926032
vn -0.08409806 0.9963102 0.01713323
vn 0.9666179 0.1507801 -0.2071596
vn 0.9839077 0.1665116 -0.06480289
vn 0.9581404 0.1990159 -0.2058151
vn 0.9669181 0.1511969 -0.2054481
vn 0.9901631 0.1398779 0.003337755
vn 0.9694883 0.12646 0.2100006
vn 0.9566459 0.1752214 -0.2326503
vn 0.9809378 0.1907837 -0.03691547
vn 0.9768262 0.1998838 -0.07653241
vn 0.9811097 0.1880857 -0.04524924
vn 0.9195109 0.2279842 -0.320192
vn 0.9878703 0.1323339 -0.08124072
vn 0.9245473 0.1095152 0.3649916
vn 0.9110347 0.1349805 0.3896102
vn 0.9270635 0.2027528 0.3153486
vn 0.9069716 0.2120458 0.3639219
vn 0.9112726 0.2810537 0.3009835
vn 0.9530041 0.2024442 0.2253874
vn 0.9582786 0.1507408 0.2428564
vn 0.8756453 0.1659358 0.4535535
vn 0.9048823 0.1648188 0.3924575
vn 0.8432218 0.2056055 0.4966924
vn 0.980272 0.1453442 0.1339473
vn 0.9734685 0.2260101 -0.0357572
vn 0.9244376 0.1379955 0.3554891
vn 0.9328331 0.3340874 0.1349371
vn 0.7051762 0.3766164 -0.6007385
vn 0.6286227 0.2357051 -0.741132
vn 0.7540294 0.2362683 -0.6128759
vn 0.9202152 0.3502741 -0.1746769
vn 0.8624285 0.3935059 0.3183867
vn 0.7356144 0.3528568 -0.5782416
vn 0.9428111 0.3109223 -0.1201435
vn 0.5471814 0.3636987 -0.7538673
vn 0.8531225 0.3415526 -0.3943649
vn 0.8738835 0.3512224 -0.3361107
vn 0.156104 0.4718087 -0.8677719
vn 0.331935 0.7604863 -0.5581037
vn 0.04019297 0.5258167 -0.8496478
vn -0.1728861 0.2964501 -0.9392698
vn -0.5414356 0.3442553 -0.7670305
vn -0.477701 0.1420707 -0.8669589
vn 0.322057 0.3737663 -0.8698149
vn 0.4732099 0.7155269 -0.5139004
vn 0.1835598 0.8189572 -0.5437047
vn 0.5622711 0.4999768 -0.6586914
vn 0.291811 0.8551425 -0.4284594
vn 0.4667768 0.8271956 -0.3128368
vn 0.3919373 0.9066986 -0.1558295
vn 0.2282851 0.9102505 -0.3454417
vn 0.1190127 0.9606147 -0.2511082
vn 0.1483069 0.955282 -0.2558151
vn 0.09120475 0.9861309 -0.1386639
vn 0.09069718 0.9858862 -0.1407215
vn 0.6865409 0.6138308 -0.3897092
vn 0.8173922 0.5642701 -0.1160566
vn 0.4781233 0.8777381 -0.03120956
vn 0.5192195 0.8340394 0.1865188
vn 0.6955927 0.6247869 0.3546717
vn 0.5525556 0.8296739 -0.07951995
vn 0.8981413 0.4381232 0.03728836
vn 0.473823 0.8805349 -0.01224857
vn 0.8110555 0.378887 0.4456832
vn 0.8686721 0.3983591 0.2944809
vn 0.9947389 0.09275527 -0.04348724
vn 0.9131587 0.019124 0.4071554
vn 0.8918825 0.2176539 0.3964496
vn 0.971348 0.02078214 0.2367509
vn 0.9718133 0.2357516 -0.0001099098
vn 0.9778115 0.01032334 -0.209232
vn 0.9159918 0.3061959 -0.2592354
vn 0.896827 0.1800275 -0.4040933
vn 0.8559284 0.2268206 -0.4646924
vn 0.5622711 0.4999768 -0.6586914
vn 0.6554972 0.167581 -0.7363695
vn 0.9816936 0.04114398 -0.1859704
vn 0.6746941 -0.01654604 -0.7379121
vn 0.8388623 0.239716 -0.488719
vn 0.6997694 0.00543374 -0.7143482
vn 0.1803789 -0.006585483 -0.9835752
vn 0.2106483 0.4781097 -0.8526655
vn 0.1194358 -0.04489043 -0.9918265
vn 0.6359575 -0.04896294 -0.7701693
vn 0.0816718 -0.06127755 -0.9947738
vn 0.8567904 0.03726616 -0.5143167
vn 0.8268218 0.1365574 -0.5456353
vn 0.879522 0.1247125 -0.4592253
vn 0.7248755 0.4898887 -0.4843189
vn 0.7830014 0.4926862 -0.3796962
vn 0.9953775 0.08160787 0.05063291
vn 0.8779325 0.4672914 -0.1042759
vn 0.4983486 0.5312062 -0.6851778
vn 0.7477841 0.2398395 -0.6191089
vn 0.9056618 0.01854244 0.4235952
vn 0.9393443 0.1856556 0.2883819
vn 0.920021 0.391867 -0.001224672
vn 0.6994824 0.5471169 -0.459769
vn 0.8252662 0.4724367 -0.3094175
vn 0.8060811 0.5450571 -0.2305347
vn 0.9386466 0.2878767 -0.1899198
vn 0.7783128 0.2862873 -0.5588102
vn 0.8605102 0.2895378 -0.4191542
vn 0.7836674 0.2014609 -0.5876043
vn 0.84009 0.2499999 -0.4814031
vn 0.7157413 0.5492346 -0.4313416
vn 0.5637806 0.5514079 -0.6148989
vn 0.4086128 0.5126392 -0.7551401
vn 0.1923733 0.479114 -0.8564125
vn 0.459018 0.2255218 -0.8593267
vn 0.4011668 0.3198041 -0.8583651
vn 0.1085792 0.226216 -0.9680066
vn 0.6375761 0.2737803 -0.7200978
vn 0.6700779 0.001432264 -0.7422894
vn 0.1698783 0.1256649 -0.9774199
vn 0.3249076 0.071416 -0.9430456
vn 0.0136032 -0.009261675 -0.9998646
vn 0.1410101 0.1416855 -0.979817
vn -0.1253287 0.3644683 -0.9227434
vn 0.05790149 0.4569574 -0.887602
vn 0.2326186 0.6123178 -0.755616
vn 0.283873 0.5320723 -0.7976937
vn 0.1933279 0.2943748 -0.9359315
vn 0.6051779 -0.02279399 -0.7957639
vn 0.09215014 -0.01525711 -0.9956282
vn 0.5539703 0.2269067 -0.8010181
vn 0.05864421 0.1498942 -0.9869614
vn 0.6739358 0.2186599 -0.7056899
vn 0.2859469 0.6607115 -0.6940422
vn 0.625508 0.6412528 -0.4444487
vn -0.1992332 0.003213906 -0.9799468
vn -0.2642068 -0.003693795 -0.964459
vn -0.5552483 0.1241284 -0.8223695
vn -0.5673028 0.1126425 -0.8157691
vn -0.4536365 0.1212317 -0.8829024
vn -0.3746672 0.3671719 -0.8513573
vn -0.3793067 0.01125542 -0.9252025
vn -0.6503838 0.3446962 -0.676894
vn -0.4444949 0.4090402 -0.7969381
vn -0.4101764 0.1760793 -0.8948472
vn -0.1827167 0.3245116 -0.9280663
vn 0.6729653 0.7049105 -0.2240955
vn 0.42687 0.8839619 -0.1907703
vn 0.5122028 0.8542013 -0.08937905
vn 0.2382327 0.9708882 -0.02492649
vn 0.2810469 0.9403767 -0.1915838
vn 0.07022815 0.9919459 -0.10541
vn -0.07121495 0.9974399 -0.006485521
vn 0.003963538 0.9907312 -0.1357798
vn 0.04765752 0.9865296 -0.1564864
vn 0.3413934 0.9396953 -0.02057563
vn 0.1413184 0.9816509 -0.1280252
vn 0.1760017 0.9604807 -0.2156389
vn 0.3215355 0.885044 -0.3366186
vn 0.884256 0.3485754 -0.3107837
vn 0.1403636 0.8422667 -0.5204658
vn 0.05687111 0.9593096 -0.2765698
vn 0.08059613 0.8235383 -0.561506
vn 0.03176101 0.9207836 -0.3887784
vn 0.08314397 0.8208078 -0.5651209
vn 0.01461688 0.8701447 -0.4925795
vn 0.2187592 0.8584499 -0.4639055
vn 0.2405434 0.8678858 -0.4346413
vn 0.3705528 0.863575 -0.3419485
vn 0.3150479 0.8648027 -0.3909745
vn 0.4531601 0.8306281 -0.3235783
vn 0.5984296 0.7125174 -0.3663345
vn 0.7228414 0.6510656 -0.2315469
vn 0.8138597 0.5805957 -0.02325911
vn 0.7938149 0.5751125 -0.1977463
vn 0.7113664 0.7024356 -0.02328162
vn 0.7485734 0.6324185 -0.1992101
vn 0.8182077 0.5748788 -0.007104759
vn 0.7287214 0.6271654 -0.2750065
vn 0.8642181 0.501765 -0.03686314
vn 0.6218312 0.6966901 -0.3576994
vn 0.6060892 0.6935594 -0.3893986
vn 0.6038969 0.6761338 -0.4220802
vn 0.5507808 0.7418712 -0.3824495
vn 0.5855675 0.6289346 -0.5114214
vn 0.622772 0.6842701 -0.3793804
vn 0.7960462 0.391684 -0.4614045
vn 0.7219306 0.3715415 -0.5837578
vn 0.7194678 0.2172577 -0.6596705
vn 0.8689253 0.1900309 -0.457009
vn 0.693279 0.09909613 -0.7138237
vn 0.5205885 0.1215487 -0.8451116
vn 0.5435871 0.231521 -0.8067906
vn 0.2818225 0.1273771 -0.9509739
vn 0.2491362 0.1435371 -0.9577726
vn -0.004072919 0.1105625 -0.9938608
vn -0.004070433 0.1105634 -0.9938607
vn 0.906799 0.1172765 -0.404922
vn 0.7976325 0.1827767 -0.5747826
vn 0.8065758 0.09659559 -0.5831849
vn 0.3607825 0.5338301 -0.7647623
vn 0.7840325 0.3993533 -0.4751946
vn 0.6890068 0.08241553 -0.7200537
vn 0.5835988 0.04020846 -0.8110461
vn -0.003808155 0.3701364 -0.9289696
vn 0.2654368 0.4678779 -0.8429909
vn 0.2679394 0.5657933 -0.779799
vn 0.3613096 0.5332745 -0.764901
vn 0.8086666 0.1011361 -0.5795083
vn 0.7322668 0.5906997 -0.3389088
vn 0.7842949 0.1191735 -0.6088343
vn 0.7780162 0.4715204 -0.4151617
vn 0.786055 -0.01311579 -0.6180174
vn 0.7719355 0.4995911 -0.3930956
vn 0.8714513 -0.03800138 -0.4890078
vn 0.5653461 -0.1706543 -0.8070074
vn 0.1829389 -0.1061402 -0.977378
vn 0.7956868 0.4829016 -0.3656347
vn 0.6354918 -0.0359468 -0.7712705
vn 0.9077309 -0.1726594 -0.3823786
vn 0.6637926 -0.1847012 -0.7247516
vn 0.9151179 0.3874713 -0.1114689
vn 0.8140572 -0.05088132 -0.5785516
vn 0.939701 0.1270053 0.3175402
vn 0.8922644 0.4513429 0.01240078
vn 0.02761719 -0.04004768 -0.998816
vn 0.9236503 -0.0934083 -0.3716785
vn 0.9492528 -0.06583394 -0.3075465
vn 0.9320058 0 -0.3624433
vn 0.9239425 -0.01077965 -0.3823796
vn 0.9154703 0.1092631 -0.3872671
vn 0.9320057 0 -0.3624434
vn 0.7950274 -0.02881249 -0.6058888
vn 0.8836881 -0.05929081 -0.464306
vn 0.9157847 -0.05387444 -0.3980401
vn 0.9674361 -0.0738254 -0.2421098
vn 0.8229171 -0.07731966 -0.5628757
vn 0.7090768 -0.05800468 -0.7027414
vn 0.8417376 -0.06528087 -0.5359256
vn 0.6193045 -0.05359445 -0.7833195
vn 0.4649381 -0.0224507 -0.8850585
vn 0.3904429 -0.02260833 -0.9203495
vn 0.6357747 -0.008231466 -0.7718308
vn 0.8006212 0.007052209 -0.5991293
vn 0.9311627 0.04826899 -0.3613949
vn 0.9391423 0.04782013 -0.3401837
vn 0.9244213 0.2502757 -0.2877629
vn 0.7025408 -0.07021852 -0.7081708
vn 0.5678951 -0.0187621 -0.8228872
vn 0.9486973 0.02417657 -0.3152604
vn 0.952749 0.07172052 -0.2951703
vn 0.9249469 0.01184916 -0.3799116
vn 0.9560298 0.07118474 -0.2844991
vn 0.9867042 0.1042699 0.1246698
vn 0.9808826 0 0.1946002
vn 0.9694154 0.07899348 0.232366
vn 0.9974297 0.0002154906 0.07165162
vn 0.9875546 -0.0009353835 -0.1572735
vn 0.9948661 -0.0004685532 -0.1011984
vn 0.9836276 -0.001364663 0.1802085
vn 0.966423 0 0.2569561
vn 0.957196 0 0.2894407
vn 0.9795306 0 0.2012954
vn 0.9877511 0 0.156037
vn 0.9629257 0 0.2697667
vn 0.8513965 0 0.5245227
vn 0.8610693 0.002287226 0.5084826
vn 0.9000841 0.006841741 0.4356624
vn 0.8871247 0.009468927 0.4614329
vn 0.8634597 0.5043592 0.007686644
vn 0.9659037 0 0.2589014
vn 0.9512641 0 -0.3083775
vn 0.9988465 0 -0.04801665
vn 0.9993502 0 -0.03604357
vn 0.9250517 0 0.3798409
vn 0.9937661 0 0.1114857
vn 0.9457929 0 0.3247705
vn 0.6725829 0.03305673 -0.7392831
vn 0.8593951 0.04914509 -0.5089449
vn 0.8640053 0.004915885 0.5034587
vn 0.8748947 0.01472002 0.4840894
vn 0.2535086 0.9584115 0.1310752
vn 0.4202065 0.8845999 0.2022608
vn 0.5429784 0.8089235 -0.2254269
vn 0.6672184 0.7444045 -0.02610594
vn 0.2535086 0.9584115 0.1310752
vn -0.0272831 0.9983259 -0.05100114
vn 0.05686831 0.987289 0.1484133
vn 0.078945 0.9934801 -0.08224977
vn 0.04171321 0.9989321 0.01986568
vn 0.4688938 0.8784283 -0.09220821
vn 0.1179965 0.9851056 -0.1250745
vn 0.473823 0.8805349 -0.01224857
vn 0.0315303 0.9871066 -0.1569284
vn 0.09487454 0.9734204 -0.2084504
vn 0.08832783 0.9806342 -0.1747992
vn -0.1150132 0.9130157 -0.3913749
vn -0.0720528 0.7707785 -0.6330158
vn -0.03874626 0.9754926 -0.2165941
vn 0.338739 0.9368419 -0.08708081
vn 0.1470319 0.9739655 -0.1725482
vn -0.09120598 0.9565678 -0.2768746
vn 0.01771568 0.8958935 -0.4439155
vn 0.3990722 0.7407294 -0.540427
vn 0.255217 0.5680948 -0.782389
vn 0.6448283 0.6515745 -0.3995585
vn 0.8600675 0.5025499 -0.08790536
vn 0.3629739 0.8513729 -0.3787005
vn 0.4948387 0.8559669 -0.1498512
vn 0.5259434 0.8447737 0.09869622
vn 0 1 0
vn 0 1 0
vn 0 1 0
vn 0 1 0
vn 0 1 0
vn 0 1 0
vn 0 1 0
vn 0 1 0
vn 0 1 0
vn 0 1 0
vn 0 1 0
vn 0 1 0
vn 0 1 0
vn 0 1 0
vn 0 1 0
vn 0 1 0
vn 0 1 0
vn 0 1 0
vn 0 1 0
vn 0 1 0
vn 0 1 0
vn 0 1 0
vn 0 1 0
vn 0 1 0
vn 0 1 0
vn 0 1 0
vn 0 1 0
vn 0 1 0
vn 0 1 0
vn 0 1 0
vn 0 1 0
vn 0 1 0
vn 0 1 0
vn 0 1 0
vn 0 1 0
vn 0 1 0
vn 0 1 0
vn 0 1 0
vn 0 1 0
vn 0 1 0
vn 0 1 0
vn 0 1 0
vn 0 1 0
vn 0 1 0
vn 0.7311616 0.6795893 0.05967503
vn 0.7739874 0.6292696 0.07045166
vn 0.6857345 0.6352925 -0.3552068
vn 0.8268725 0.5621726 -0.01561051
vn 0.7878111 0.2390031 -0.567654
vn 0.1887331 0.9676704 -0.1673137
vn 0.4393471 0.87128 -0.2187355
vn 0.8268725 0.5621726 -0.01561051
vn 0.9799543 0.176121 0.09311819
vn 0.9837534 0.1760124 -0.03533727
vn 0.9537926 0.1693369 -0.2482027
vn 0.8921139 0.4238497 -0.1564738
vn 0.9524594 0.1745911 0.2496779
vn 0.7923071 0.1470461 0.5921376
vn 0.6757177 0.5326006 0.5096491
vn 0.882537 0.4674501 -0.05117453
vn 0.7878111 0.2390031 -0.567654
vn 0.9415113 0.1266191 -0.3122882
vn 0.8008718 0.08531088 -0.5927279
vn 0.8134941 0.07883799 -0.5762048
vn 0.6842147 0.4529993 -0.5715259
vn 0.7799552 0.4932433 -0.3852024
vn 0.7527827 0.2606649 -0.6044601
vn 0.4269417 0.07382213 -0.9012609
vn 0.3724627 0.2342344 -0.898001
vn 0.2360804 0.199883 -0.9509536
vn 0.9621344 0.2371537 0.1343712
vn 0.5878888 0.7311177 -0.3461991
vn 0.2616258 0.7797521 -0.5688044
vn 0.1272385 0.5738475 -0.8090176
vn 0.01553294 0.9391914 -0.3430424
vn 0.04989413 0.6037648 -0.7955995
vn -0.07699732 0.5610787 -0.8241735
vn 0.01553294 0.9391914 -0.3430424
vn 0.05490282 0.9568052 -0.2854985
vn 0.09896248 0.727398 -0.6790423
vn 0.0700543 0.9955537 -0.06297035
vn -0.0143174 0.9558761 -0.2934211
vn 0.06620631 0.9337124 -0.3518493
vn 0.06318673 0.881409 -0.4681087
vn -0.02002786 0.9499683 -0.3117034
vn -0.07942615 0.9550454 -0.2856216
vn 0.04051241 0.9927478 -0.113183
vn 0.03725175 0.991209 -0.1269527
vn 0.09759207 0.9885669 -0.1149401
vn 0.1556476 0.9847162 -0.0781524
vn 0.03124593 0.9995117 0
vn -0.03931354 0.9946992 -0.09501553
vn 0.2939582 0.7064368 -0.6438443
vn 0.2985332 0.5978791 -0.743921
vn 0.01013503 0.9997215 -0.02131114
vn 0.09813642 0.9936159 0.05564788
vn 0.1234894 0.9923286 -0.005872505
vn 0.02391405 0.9980786 0.05715931
vn -0.03633009 0.9993396 0.0005417037
vn 0.05481106 0.9959698 0.07099234
vn 0.1049402 0.9933406 0.04756157
vn 0.05251452 0.987911 -0.1458565
vn 0.2356369 0.9639543 -0.123561
vn 0.03507036 0.9975973 0.05974685
vn -0.04575782 0.9792153 -0.1975949
vn -0.03035876 0.9923545 -0.1196276
vn 0.05256508 0.9921376 0.1135768
vn -0.06156966 0.9786918 -0.1958866
vn 0.0831697 0.9856614 0.1468149
vn -0.198356 0.9799066 -0.02093058
vn -0.2922665 0.9377302 -0.1877294
vn -0.387553 0.9206215 -0.04752534
vn -0.2075743 0.9450955 -0.2524031
vn -0.3255191 0.9303558 -0.1687462
vn -0.3165061 0.4561673 -0.8317062
vn -0.3821857 0.9003749 -0.2079881
vn -0.2159175 0.8460771 -0.4873737
vn -0.55063 0.7385775 -0.3889855
vn -0.5652559 0.6429897 -0.5167689
vn -0.275381 0.7823943 -0.5585915
vn -0.09162063 0.9525018 -0.2904238
vn 0.008298885 0.9418664 -0.3358848
vn -0.01104716 0.9535634 -0.3009896
vn -0.006634609 0.8846951 -0.466123
vn 0.2505337 0.7667217 -0.591076
vn 0.04202152 0.952536 -0.3015114
vn 0.3712419 0.8140814 -0.4465994
vn 0.2505337 0.7667217 -0.591076
vn 0.7227567 0.6713955 0.1638627
vn 0.6366913 0.6745362 -0.3736644
vn 0.3039049 0.9523705 0.02514464
vn 0.02666509 0.9962655 0.08212198
vn 0.09610382 0.9834808 0.1533936
vn 0.05787956 0.9919758 0.1124001
vn -0.2282159 0.9143497 -0.3344878
vn -0.01572566 0.9994488 0.02923511
vn 0.02167707 0.9994455 0.02527236
vn -0.612115 0.5320636 -0.5849988
vn -0.6077062 0.5440805 -0.5785063
vn -0.5417579 0.1789524 -0.8212639
vn -0.4351105 0.02335305 -0.9000741
vn -0.6176734 0.4344774 -0.6555219
vn 0.8794245 0.1486107 0.4522471
vn 0.8987976 0.3957053 0.1886273
vn 0.8837112 0.1469117 0.4443777
vn 0.9729519 0.2257417 0.04904399
vn 0.8195381 0.4607194 -0.3407269
vn 0.6968647 0.2717631 -0.6637201
vn 0.6366913 0.6745362 -0.3736644
vn 0.2404721 0.59376 -0.7678686
vn 0.6968647 0.2717631 -0.6637201
vn 0.1236749 0.1865399 -0.974632
vn 0.3110127 0.2220956 -0.9240912
vn -0.1276368 0.1309284 -0.9831412
vn 0.1236749 0.1865399 -0.974632
vn -0.2490321 0.08724587 -0.9645575
vn -0.1821334 0.2761021 -0.9437134
vn -0.3029677 -0.009480542 -0.9529536
vn -0.3225259 0.3089737 -0.8947135
vn -0.1327825 0.6066887 -0.7837714
vn -0.1723443 0.7185819 -0.6737489
vn -0.3701997 0.2190563 -0.902755
vn -0.02563228 0.5867246 -0.8093808
vn -0.3701997 0.2190563 -0.902755
vn 0.3750345 0.7684938 -0.518427
vn 0.4228249 0.8013624 -0.423128
vn 0.2786442 0.7199718 -0.6356084
vn 0.2995629 0.6947824 -0.6538651
vn 0.1580855 0.6113131 -0.7754387
vn 0.3928293 0.6368569 -0.6633993
vn 0.3333743 0.5816529 -0.7419848
vn 0.4524367 0.5791661 -0.6781355
vn 0.3779933 0.5375984 -0.75373
vn 0.2881638 0.4797675 -0.8287247
vn 0.224024 0.4438409 -0.8676511
vn 0.2218322 0.4206419 -0.879688
vn 0.2141632 0.4093466 -0.8868876
vn 0.3698609 0.4611669 -0.8065532
vn 0.4696973 0.4933014 -0.7321463
vn 0.6262068 0.5315158 -0.5703998
vn 0.5773685 0.5256243 -0.6247917
vn 0.6243408 0.4853677 -0.6120596
vn 0.5730103 0.4639566 -0.6755764
vn 0.7710316 0.4455797 -0.4549385
vn 0.8035391 0.4342784 -0.4070962
vn 0.8202769 0.4277835 -0.379667
vn 0.783971 0.433586 -0.444289
vn 0.4844631 0.4396451 -0.756312
vn 0.3735718 0.445058 -0.8138596
vn -0.1666353 0.3333322 -0.9279668
vn -0.2384216 0.3082321 -0.9209495
vn -0.3099589 0.2189884 -0.9251862
vn -0.07746359 0.2501399 -0.9651059
vn 0.463408 0.3428919 -0.8171158
vn 0.8418842 0.329369 -0.4274894
vn 0.3020823 0.2373757 -0.9232545
vn 0.8545973 0.3362418 -0.3957333
vn 0.8401079 0.2063895 -0.5016195
vn 0.2172878 0.228043 -0.9490956
vn 0.3183765 0.1975074 -0.9271608
vn 0.949913 0.1992969 -0.2407196
vn 0.9312155 0.1919206 -0.3098454
vn 0.6120473 0.2012446 -0.7647868
vn 0.9510151 0.1742686 -0.2553444
vn 0.9699696 0.2038083 -0.1327446
vn 0.9943992 0.1056073 0.004165035
vn 0.9202352 0.110829 0.3753455
vn 0.9247482 0.3602694 -0.1226652
vn 0.7603477 0.07156797 0.6455612
vn 0.500477 0.08626632 0.8614411
vn 0.4242123 0.1090145 0.8989771
vn 0.3525474 0.1107328 0.9292193
vn 0.8180598 0.3764117 -0.4348474
vn 0.7434522 0.4398875 -0.5037637
vn 0.6439725 0.4464904 -0.6212453
vn 0.2791117 0.3401147 -0.8980082
vn 0.2418432 0.6658874 -0.7057661
vn 0.2063103 0.4206867 -0.8834358
vn 0.2346119 0.3254761 -0.9159818
vn 0.3055024 0.3628106 -0.8803617
vn 0.3618584 0.3768217 -0.8526804
vn 0.5240626 0.3824379 -0.760986
vn 0.6605988 0.4501081 -0.6008427
vn 0.7067437 0.6004358 -0.3741528
vn 0.4108878 0.6059956 -0.6811318
vn 0.7188326 0.500315 -0.482664
vn 0.707584 0.617189 -0.3440969
vn 0.4566112 0.8759705 -0.1555053
vn 0.4526412 0.8711625 -0.1902415
vn 0.5455244 0.785463 -0.29232
vn 0.384502 0.625885 -0.6785471
vn 0.5084949 0.8517204 -0.1265117
vn 0.6032837 0.7930806 -0.08409428
vn 0.3927163 0.9129679 -0.1107409
vn 0.3278718 0.8545079 -0.4028851
vn 0.4908202 0.8431304 -0.2196055
vn 0.7108575 0.6330522 -0.3064744
vn 0.7982749 0.6022263 -0.008979575
vn 0.7231024 0.6704759 -0.1660873
vn 0.784529 0.5976047 -0.1654775
vn 0.5708365 0.5409119 -0.6177055
vn 0.6803845 0.6071942 -0.4103562
vn 0.4531601 0.8306281 -0.3235783
vn 0.699943 0.6511424 -0.2934166
vn 0.06474299 0.9895029 -0.1291988
vn 0.041312 0.9970963 -0.06397063
vn 0.1233952 0.9737886 -0.1910745
vn 0 1 0
vn 0 1 0
vn 0 1 0
vn 0 1 0
vn 0 1 0
vn 0 1 0
vn 0 1 0
vn 0 1 0
vn 0 1 0
vn 0 1 0
vn 0 1 0
vn 0 1 0
vn 0 1 0
vn 0 1 0
vn 0.118116 0.9850225 -0.1256156
vn 0.4020542 0.2550613 -0.8793725
vn 0.1197111 0.01910622 -0.9926249
vn 0.1600462 0.9330701 -0.3221263
vn 0.2418432 0.6658874 -0.7057661
vn 0.4116261 0.702972 -0.579995
vn 0.3648939 0.7307764 -0.5769041
vn 0.6890068 0.08241553 -0.7200537
vn 0.786055 -0.01311579 -0.6180174
vn 0.3116486 -0.1387705 -0.9400095
vn 0.8140572 -0.05088132 -0.5785516
vn 0.8050584 -0.1161618 -0.5817107
vn 0.8895886 -0.1219685 -0.4401768
vn 0.4757312 0.6671246 -0.5732578
vn 0.6679964 0.5508354 -0.500361
vn -0.04879795 0.9522895 -0.3012696
vn 0.7503219 0.6576794 -0.06689453
vn 0.1493158 0.8931555 -0.4242384
vn 0.7108575 0.6330522 -0.3064744
vn 0.6803845 0.6071942 -0.4103562
vn 0.7228414 0.6510656 -0.2315469
vn 0.6790255 0.5512502 -0.4848171
vn 0.721472 0.57095 -0.3917833
vn 0.5708365 0.5409119 -0.6177055
vn -0.6972743 -0.06006869 -0.714283
vn -0.5605219 0.0586318 -0.8260615
vn -0.5094218 0.0558234 -0.8587043
vn 0.6043774 0.07415039 0.7932401
vn 0.7398607 0.1058246 0.664385
vn 0.7775152 0.1354776 0.6140977
vn 0.02073039 0.9993008 0.03111327
vn 0.01115969 0.9994899 0.02992239
vn 0.07889742 0.2392047 -0.9677584
vn 0.1085792 0.226216 -0.9680066
vn -0.1543308 0.2843055 -0.9462306
vn -0.01831062 0.1682565 -0.9855731
vn -0.06780278 0.2302051 -0.9707772
vn 0.008250433 0.1836231 -0.9829621
vn -0.2259135 0.1139536 -0.9674594
vn -0.477701 0.1420707 -0.8669589
vn -0.1058867 0.1687542 -0.9799541
vn 0 0 -1
vn 0 0 -1
vn 0 -0.02340074 -0.9997261
vn 0.02761719 -0.04004768 -0.998816
vn 0 0 -1
vn 0 0 -1
vn 0.3154418 -0.145592 -0.9377096
vn 0 1 0
vn 0 1 0
vn 0 1 0
vn 0 1 0
vn 0 1 0
vn 0 1 0
vn 0 1 0
vn 0 1 0
vn 0 1 0
vn 0 1 0
vn -0.1565871 0.8330727 -0.5305379
vn -0.08355411 0.6739249 -0.7340599
vn -0.3746672 0.3671719 -0.8513573
vn 0.0487341 0.2369839 -0.9702904
vn 0.04572428 0.6780152 -0.7336243
vn 0.1510962 0.1607434 -0.9753622
vn 0.05735447 0.009391097 -0.9983097
vn 0.3632072 -0.02991579 -0.931228
vn 0.04649312 0.08016074 -0.995697
vn -0.07486981 0.1624573 -0.983871
vn -0.1039215 0.5307744 -0.8411177
vn -0.1827167 0.3245116 -0.9280663
vn 0.03608933 0.02980503 -0.998904
vn -0.1484138 0.2163424 -0.9649711
vn -0.3985868 0.1893494 -0.8973713
vn -0.4536365 0.1212317 -0.8829024
vn -0.2720324 0.2110997 -0.9388478
vn -0.03503538 0.4468077 -0.8939437
vn -0.04565596 0.08960334 -0.9949304
vn 0.07204214 -0.0222188 -0.9971541
vn -0.1150132 0.9130157 -0.3913749
vn -0.5142947 0.4561177 -0.7262626
vn -0.3167097 0.7977195 -0.5131653
vn 0.01771568 0.8958935 -0.4439155
vn -0.6503838 0.3446962 -0.676894
vn 0.2106483 0.4781097 -0.8526655
vn -0.3281881 0.3504277 -0.8772075
vn 0.1672779 0.5728928 -0.802379
vn -0.3167097 0.7977195 -0.5131653
vn -0.1561764 0.5748227 -0.8032358
vn 0.4725898 0.4629855 -0.7498689
vn 0.2337371 0.3736853 -0.8976226
vn 0.6746941 -0.01654604 -0.7379121
vn 0.193133 0.3751286 -0.90663
vn -0.3281881 0.3504277 -0.8772075
vn 0.1803789 -0.006585483 -0.9835752
vn 0.2545645 0.587217 -0.7683574
vn 0.0645236 0.5859337 -0.807786
vn -0.04444378 0.1877951 -0.9812021
vn 0.1082418 0.6264505 -0.7719089
vn 0.05806154 0.3486707 -0.9354451
vn 0.1113839 0.2506645 -0.9616449
vn -0.1482005 0.0153672 -0.988838
vn -0.1827167 0.3245116 -0.9280663
vn -0.1767559 0.2366882 -0.9553722
vn 0.3791524 0.734193 -0.5632088
vn 0.4716319 0.4545431 -0.755615
vn 0.7463948 0.5041364 -0.4344436
vn 0.6556672 0.3868023 -0.6484477
vn 0.2859469 0.6607115 -0.6940422
vn 0.3342057 0.7202691 -0.6078808
vn 0.7886886 0.3450627 -0.5088241
vn 0.5842645 0.1529381 -0.7970225
vn 0.8786451 0.1455616 -0.4547466
vn 0.8903935 0.08036681 -0.4480409
vn 0.8537449 0.0590285 -0.5173348
vn 0.7992346 0.1008256 -0.5925016
vn 0.9271184 0.06409498 -0.369247
vn 0.9404684 0.1684019 -0.295229
vn 0.7931995 -0.08162243 -0.6034668
vn 0.654209 -0.02404418 -0.7559316
vn 0.961574 0.2573573 -0.09561706
vn 0.9525997 0.2834201 -0.1105755
vn 0.7531273 0.6499905 -0.1015468
vn 0.5405338 0.8293512 -0.1414203
vn 0.57253 0.8198805 -0.002300792
vn 0.97576 0.001815738 -0.2188357
vn 0.6679964 0.5508354 -0.500361
vn 0.7938149 0.5751125 -0.1977463
vn 0.2827556 0.2750368 -0.9189146
vn -0.07987922 0.223335 -0.9714632
vn 0.495252 0.4100018 -0.7659138
vn 0.2827556 0.2750368 -0.9189146
vn 0.6470766 0.6944847 -0.3146155
vn 0.3497241 0.8104382 -0.4699821
vn 0.1582142 0.7192786 -0.6764662
vn 0.495252 0.4100018 -0.7659138
vn -0.09586009 0.3216903 -0.9419799
vn -0.1039215 0.5307744 -0.8411177
vn -0.01010254 0.8388526 -0.5442648
vn -0.2539851 0.387763 -0.8860765
vn 0.03479802 0.6557851 -0.7541453
vn 0.6341629 -0.02803126 -0.7726912
vn 0.5564097 -0.0383855 -0.8300209
vn 0.1510962 0.1607434 -0.9753622
vn -0.04916711 0.7603828 -0.6476116
vn -0.0720528 0.7707785 -0.6330158
vn 0.4119175 0.873888 -0.2581545
vn 0.3227901 0.730935 -0.6012825
vn 0.04572428 0.6780152 -0.7336243
vn 0.853674 0.4799551 -0.2021976
vn 0.3755434 0.8029813 -0.4628045
vn 0.1510962 0.1607434 -0.9753622
vn 0.1335128 0.5721615 -0.8092005
vn 0.3916915 0.6234444 -0.6766793
vn 0.1510962 0.1607434 -0.9753622
vn 0.3452742 0.5442351 -0.7645874
vn 0.3093536 0.06972013 -0.9483879
vn 0.7172924 -0.04633104 -0.6952302
vn 0.3505333 0.1730828 -0.9204177
vn 0.9157847 -0.05387444 -0.3980401
vn -0.3985868 0.1893494 -0.8973713
vn -0.3303476 0.3324877 -0.8833586
vn -0.5552483 0.1241284 -0.8223695
vn 0 1 0
vn 0 1 0
vn 0 1 0
vn 0 1 0
vn 0 1 0
vn 0 1 0
vn 0 1 0
vn 0 1 0
vn 0 1 0
vn 0 1 0
vn 0 1 0
vn 0 1 0
vn 0 1 0
vn 0 1 0
vn 0 1 0
vn 0 1 0
vn 0.9916075 0.08168146 0.1002132
vn 0.9739116 0.1527084 0.1678578
vn 0.9781986 0.1343622 0.158348
vn 0.9695342 0.1740884 0.1723271
vn 0.9792373 0.1658687 0.1165412
vn 0.9872454 0.1491128 0.05578595
vn 0.9781554 0.1473392 -0.1466392
vn 0.8690805 0.3458414 -0.3536846
vn 0.7914279 0.07782188 -0.6062883
vn 0.7156088 0.5881414 -0.3768206
vn 0.8305027 0.3356316 -0.444541
vn 0.7176108 0.04260236 -0.6951401
vn 0.5341901 0.03004451 -0.8448303
vn 0.3412682 0.3907551 -0.8548957
vn 0.09887584 0.06328699 -0.9930853
vn 0.07708382 0.4558721 -0.886701
vn -0.1177213 0.1355815 -0.9837477
vn 0.01927933 0.6698425 -0.7422529
vn 0.5417819 0.7734601 -0.3289858
vn 0.3734496 0.9100664 -0.1797625
vn 0.7322668 0.5906997 -0.3389088
vn 0.6792862 0.6795012 -0.277215
vn 0.5240089 0.783619 -0.3337002
vn 0.2217325 0.8604857 -0.4586926
vn 0.3055786 0.8990307 -0.3136326
vn 0.3538043 0.7720295 -0.5280086
vn 0.3469077 0.5129754 -0.7851824
vn 0.3613096 0.5332745 -0.764901
vn 0.1099053 0.5586514 -0.8220885
vn 0.3529934 0.6179101 -0.7025544
vn 0.1732979 0.8690985 -0.4632877
vn 0.317353 0.6432607 -0.6967804
vn 0.1099053 0.5586514 -0.8220885
vn 0.01927933 0.6698425 -0.7422529
vn 0.2679394 0.5657933 -0.779799
vn 0.3882828 0.842712 -0.3729248
vn 0.5585213 0.7863388 -0.2640556
vn -0.0451689 0.9116896 -0.4083895
vn 0.1634595 0.8479412 -0.5042585
vn -0.03388945 0.8761227 -0.4808955
vn 0.4934972 0.7457018 -0.4476488
vn 0.2187304 0.9280036 -0.301606
vn -0.03388945 0.8761227 -0.4808955
vn -0.1481645 0.9261474 -0.3468404
vn -0.06118745 0.6822337 -0.7285694
vn -0.3850769 0.8169054 -0.4293965
vn 0.7106914 0.3229737 -0.6249846
vn 0.3747115 0.4310268 -0.8208576
vn 0.693279 0.09909613 -0.7138237
vn -0.0451689 0.9116896 -0.4083895
vn -0.5397249 0.8082036 -0.2355929
vn -0.3850769 0.8169054 -0.4293965
vn -0.1236289 0.2567855 -0.9585286
vn 0.03728927 -0.08933937 -0.9953029
vn 0.02761719 -0.04004768 -0.998816
vn 0.1824281 -0.03983695 -0.9824118
vn 0.3753917 -0.005436887 -0.9268503
vn 0.5600006 0.02768993 -0.8280293
vn 0.1829389 -0.1061402 -0.977378
vn 0.7958331 0.4913853 -0.3538222
vn 0.7863699 0.3515321 -0.5079839
vn 0.6190305 0.5377038 -0.5724298
vn 0.8494979 0.3466381 -0.3977379
vn 0.6904529 0.05573009 -0.7212274
vn -0.1289808 0.2087142 -0.9694341
vn 0.02980613 0.2657238 -0.9635884
vn 0.01786424 0.2549439 -0.9667908
vn 0.06867682 0.2781075 -0.9580918
vn 0.2172878 0.228043 -0.9490956
vn 0.04909186 0.2533105 -0.9661387
vn 0.05542563 0.2100556 -0.9761171
vn 0.0639763 0.2238367 -0.9725247
vn -0.06819087 0.1498623 -0.9863524
vn 0.02210495 0.2110591 -0.9772234
vn -0.2144174 0.08288768 -0.9732188
vn -0.4674359 0.1105898 -0.8770825
vn -0.5329993 0.1771843 -0.8273556
vn -0.5530819 0.08859063 -0.8284034
vn 0.09606864 0.1720216 -0.9803976
vn -0.1289808 0.2087142 -0.9694341
vn 0.1158272 0.2115883 -0.9704713
vn -0.4101764 0.1760793 -0.8948472
vn -0.6503838 0.3446962 -0.676894
vn -0.3793067 0.01125542 -0.9252025
vn -0.5552483 0.1241284 -0.8223695
vn -0.4536365 0.1212317 -0.8829024
vn -0.3985868 0.1893494 -0.8973713
vn -0.3099589 0.2189884 -0.9251862
vn -0.5530819 0.08859063 -0.8284034
vn -0.5755534 -0.006561601 -0.817738
vn -0.07746359 0.2501399 -0.9651059
vn -0.2144174 0.08288768 -0.9732188
vn -0.4674359 0.1105898 -0.8770825
vn 0.1001344 0.6847825 -0.7218351
vn -0.1649746 0.6745712 -0.7195395
vn -0.108196 0.2571139 -0.9603052
vn 0.1410101 0.1416855 -0.979817
vn 0.02548924 0.06482857 -0.9975708
vn 0.3567447 0.08555665 -0.930276
vn 0.1410101 0.1416855 -0.979817
vn 0.07291032 0.1424925 -0.9871069
vn -0.09544882 0.2917948 -0.9517065
vn 0.5914271 0.08948755 -0.8013774
vn -0.3640844 -0.08909405 -0.9270948
vn -0.438382 -0.07440283 -0.8957039
vn -0.4351105 0.02335305 -0.9000741
vn -0.3903472 0.1495644 -0.908438
vn -0.438382 -0.07440283 -0.8957039
vn -0.3640844 -0.08909405 -0.9270948
vn -0.3029677 -0.009480542 -0.9529536
vn -0.438382 -0.07440283 -0.8957039
vn -0.6205095 0.2837717 -0.7310551
vn -0.4351105 0.02335305 -0.9000741
vn 0.1194358 -0.04489043 -0.9918265
vn -0.2642068 -0.003693795 -0.964459
vn 0.0816718 -0.06127755 -0.9947738
vn 0.008343999 0.177084 -0.9841604
vn 0.5914271 0.08948755 -0.8013774
vn 0.5470197 0.2341609 -0.8037028
vn -0.6078443 0.04473749 -0.7927949
vn -0.2020079 0.2091198 -0.9567976
vn -0.2052852 0 -0.9787022
vn 0.9499779 0.08891116 -0.299394
vn 0.9203626 0.06075675 -0.3863177
vn 0.9063851 0.03895075 -0.4206529
vn 0.9572176 0.1215525 -0.2626014
vn 0.9616112 0.1343353 -0.2392865
vn 0.9591486 0.1643966 -0.2302343
vn 0.9567883 0.1850317 -0.2243197
vn 0.9493077 0.2509072 -0.1893683
vn 0.9392524 0.2906354 -0.1825816
vn 0.9282905 0.331901 -0.1676857
vn 0.9254352 0.3250546 -0.1947031
vn 0.7866412 0.06425192 -0.614058
vn 0.5725499 0.0797282 -0.8159841
vn -0.01955315 0.05401845 -0.9983485
vn 0.05701097 0.08359139 -0.9948679
vn 0.08100656 0.1034482 -0.9913306
vn 0.3820697 0.08816884 -0.919918
vn 0.05701097 0.08359139 -0.9948679
vn 0.1709761 0.1133595 -0.9787322
vn 0.224952 0.0537641 -0.9728854
vn -0.03932243 0.04022134 -0.9984168
vn 0.05701097 0.08359139 -0.9948679
vn -0.01884039 -0.08218912 -0.9964387
vn -0.01577443 -0.08036958 -0.9966403
vn -0.0326652 -0.03774993 -0.9987532
vn -0.04629734 0.006482225 -0.9989067
vn -0.06233859 0.05055629 -0.9967738
vn -0.06323121 0.05175816 -0.9966558
vn -0.0626941 0.04350372 -0.9970842
vn -0.03932243 0.04022134 -0.9984168
vn -0.01955315 0.05401845 -0.9983485
vn 0.1007749 0.8314687 0.5463555
vn -0.2024475 0.8159128 0.541573
vn -0.4358322 0.8157835 0.3801943
vn -0.3278913 0.9247729 0.1930863
vn 0.3241802 0.8048681 0.4970862
vn -0.3868935 0.8291672 0.4034789
vn -0.1384214 0.9339651 0.329467
vn -0.2339939 0.8187845 0.5242509
vn -0.3259621 0.8321675 0.4486044
vn -0.1801133 0.9773981 0.1106896
vn -0.1132559 0.9933642 0.02001974
vn -0.3269089 0.8697347 0.3697188
vn -0.06257386 0.9884303 0.1381671
vn 0.09001361 0.9352991 -0.3422179
vn 0.1652329 0.9095336 -0.3813748
vn -0.2004645 0.8781775 0.4343021
vn -0.04196966 0.9970227 0.06468589
vn -0.07713445 0.8782042 0.4720252
vn 0.04126887 0.9949869 0.09109311
vn 0.113065 0.9439343 -0.3101681
vn 0.1123462 0.9484295 -0.2964118
vn -0.1674554 0.8882585 0.4277331
vn -0.1750019 0.9841217 0.02964349
vn -0.2752247 0.9249831 0.262026
vn -0.2614367 0.9640376 0.04777367
vn -0.1302624 0.9542263 -0.2692283
vn -0.1636512 0.9585334 -0.2333066
vn -0.1983324 0.950217 0.2403164
vn -0.2447489 0.9660265 0.08301146
vn -0.1559575 0.9595927 -0.2342202
vn -0.3025947 0.8581551 0.4147364
vn -0.3605144 0.9284449 0.08955196
vn -0.5429904 0.7516351 0.3744411
vn -0.5578096 0.8211544 -0.1206405
vn -0.2927111 0.8973269 -0.3303399
vn -0.5693699 0.799397 -0.1917875
vn -0.4653709 0.7470903 -0.4746431
vn -0.08654877 0.9962341 0.005173928
vn -0.08168486 0.9960554 -0.0346611
vn -0.5693699 0.799397 -0.1917875
vn -0.7425917 0.6502268 -0.1605082
vn -0.5900462 0.6458826 -0.484439
vn -0.5637974 0.7588202 -0.3260742
vn -0.4653709 0.7470903 -0.4746431
vn -0.599645 0.6373901 -0.4839005
vn 0.3983684 0.9165635 0.03484278
vn 0.1007749 0.8314687 0.5463555
vn 0.4698647 0.7777124 0.417601
vn 0.5028215 0.8297327 0.2423104
vn 0.600421 -0.3861181 -0.7002909
vn 0.600421 -0.3861181 -0.7002909
vn 0.600421 -0.3861181 -0.7002909
vn 0.3668958 0.8359261 -0.4081851
vn 0.2999582 0.860545 -0.4116884
vn 0.1907329 0.8927206 -0.4082535
vn 0.4581371 0.8837774 -0.09512024
vn 0.3491072 0.8270751 -0.4405349
vn 0.3403498 0.9400445 -0.02187303
vn 0.1937744 0.8995894 -0.3913954
vn 0.2500081 0.888011 -0.3859178
vn 0.1652329 0.9095336 -0.3813748
vn -0.1254624 0.9917903 -0.02471996
vn 0.2999582 0.860545 -0.4116884
vn 0.1937744 0.8995894 -0.3913954
vn 0.6512035 0.3979354 0.6462054
vn 0.5141394 0.6481497 0.5617495
vn 0.6512035 0.3979354 0.6462054
vn 0.1333489 0.9730435 -0.188161
vn 0.1652329 0.9095336 -0.3813748
vn -0.07872907 0.992523 -0.09327259
vn -0.1898528 0.8500039 0.4913749
vn -0.009804882 0.9721431 0.2341833
vn -0.3033191 0.9439064 0.1305313
vn 0.1068848 0.9594785 0.2607235
vn 0.02771765 0.9985651 0.04581928
vn 0.3483338 0.9369829 0.02695583
vn 0.2553998 0.9591784 -0.1214401
vn -0.02263976 0.9993167 0.02921598
vn 0.2378152 0.9713081 -0.002149161
vn -0.271963 0.9546165 0.1214222
vn 0.5916616 0.7752852 0.2210642
vn 0.03222067 0.9920279 0.1218298
vn 0.3544998 0.9330311 0.06150495
vn 0.01203602 0.9836918 -0.1794589
vn -0.3057487 0.9503784 -0.05743345
vn -0.2744978 0.8504717 -0.448719
vn 0.06124433 0.961108 -0.2692965
vn -0.01857194 0.8188714 -0.5736765
vn -0.2581677 0.9550518 0.1456896
vn 0.2736963 0.9242848 -0.26606
vn 0.1400632 0.9465666 -0.290506
vn 0.058084 0.9859226 -0.1567891
vn -0.1128393 0.9403239 -0.3210269
vn 0.1068848 0.9594785 0.2607235
vn 0.2019281 0.8054875 0.5571491
vn -0.1018322 0.7687938 0.6313368
vn 0.0388876 0.8466835 0.530674
vn -0.1846249 0.835258 0.517936
vn -0.1244667 0.8042419 0.5811222
vn 0.3872198 0.8286012 0.4043276
vn -0.003299088 0.7001817 0.7139571
vn 0.2019281 0.8054875 0.5571491
vn 0.2713551 0.8965419 0.3501128
vn 0.5916616 0.7752852 0.2210642
vn 0.2019239 0.9375041 0.2833952
vn 0.6452186 0.7614214 0.06269289
vn 0.4826733 0.8487484 0.2159922
vn 0.8842037 0.4645019 0.04921149
vn 0.6374965 0.7669373 -0.07352247
vn 0.07971953 0.7975138 -0.5980104
vn 0.1400632 0.9465666 -0.290506
vn -0.2161867 0.5774953 -0.78725
vn 0.02871637 0.5624391 -0.82634
vn 0.03849317 0.5185233 -0.8541966
vn -0.2404152 0.6076219 -0.7569651
vn 0.02168872 0.6845449 -0.7286481
vn -0.133279 0.755785 -0.6411129
vn 0.3567329 0.5042298 -0.7864439
vn 0.226114 0.4420419 -0.8680273
vn -0.01944482 0.6106532 -0.7916595
vn 0.8842037 0.4645019 0.04921149
vn 0.9745631 0.03335217 0.2216178
vn 0.9745631 0.03335217 0.2216178
vn -0.2884065 0.9489298 -0.1278829
vn 0.1155976 0.9907876 0.07054947
vn -0.2381774 0.9665653 -0.09499001
vn 0.1301363 0.9840122 0.121591
vn -0.135072 0.9809396 -0.1396896
vn 0.1566071 0.9825482 -0.1003654
vn -0.01373169 0.9387712 -0.3442673
vn 0.1545177 0.9675434 -0.19996
vn 0.03608378 0.8603283 -0.5084615
vn 0.1623334 0.8383607 -0.5203837
vn 0.328102 0.9346306 -0.1371669
vn 0.2949945 0.9385371 -0.1792387
vn 0.1774394 0.9725962 -0.1502392
vn 0.4103433 0.8913553 0.1926241
vn 0.4626851 0.8645481 0.1961602
vn 0.582927 0.728239 0.3603666
vn 0.08862943 0.9732149 0.2121267
vn 0.2365257 0.7636339 -0.6007652
vn 0.4685095 0.5135216 -0.7188843
vn 0.2594057 0.5187961 -0.8145914
vn 0.4685095 0.5135216 -0.7188843
vn 0.3088414 0.2969115 -0.903582
vn 0.5221135 0.1814285 -0.8333554
vn 0.3672377 0.1738269 -0.91374
vn 0.4708759 0.0630287 -0.879945
vn 0.06341305 0.2944065 -0.9535741
vn 0.08950096 0.3751801 -0.9226211
vn 0.2189821 0.6613786 -0.7173738
vn 0.03608378 0.8603283 -0.5084615
vn 0.1832952 0.8140762 0.5510741
vn 0.4784524 0.6936376 0.5384702
vn 0.582927 0.728239 0.3603666
vn -0.1937564 0.9356416 0.295014
vn -0.4546561 0.8630137 0.2202165
vn -0.3180372 0.7966158 0.5140578
vn -0.145907 0.9768644 0.1563556
vn -0.5139191 0.7639654 0.3901846
vn -0.3950471 0.7728083 0.4966941
vn -0.3911049 0.6662672 0.6349213
vn -0.01632634 0.6399738 0.7682233
vn 0.582927 0.728239 0.3603666
vn 0.7071145 0.5514831 0.4425556
vn 0.8248225 0.4878497 0.2857807
vn 0.8323029 0.5068926 0.2243474
vn -0.5376648 0.4719097 0.6987259
vn -0.3911049 0.6662672 0.6349213
vn -0.5376648 0.4719097 0.6987259
vn -0.1783206 0.9786054 -0.1026312
vn -0.1311087 0.9800222 0.1495558
vn 0.03221497 0.9951895 -0.09252055
vn 0.0585421 0.988409 0.1400728
vn 0.2597535 0.9620529 -0.08356037
vn 0.330238 0.9377621 0.1074477
vn 0.6192189 0.766027 -0.1725412
vn 0.6288339 0.7689215 0.1154453
vn 0.9110945 0.4041445 -0.08107964
vn 0.8951764 0.3891798 0.2172514
vn 0.5926096 0.7091613 0.3819739
vn 0.9347503 0.2661446 0.2353911
vn 0.2503682 0.8988864 0.3596092
vn 0.09358709 0.9338609 0.3451742
vn -0.1100181 0.9233805 0.3677833
vn -0.2001822 0.8870937 0.4159231
vn -0.3060056 0.9321305 0.1936317
vn -0.3712426 0.9263098 -0.06425704
vn 0.9718264 0.1479512 0.1834774
vn 0.9576288 0.1594712 0.239825
vn 0.9912162 0.05312695 0.1211111
vn -0.4004149 0.9006348 0.1688931
vn -0.3927833 0.9175084 -0.06244755
vn -0.3818108 0.873966 0.3006726
vn -0.5680072 0.8225352 0.0283474
vn -0.6272317 0.7580206 0.1788441
vn -0.7106377 0.6806285 0.1781545
vn -0.2606777 0.8025089 0.5366812
vn -0.1992648 0.7137535 0.6714533
vn -0.4269253 0.7802914 0.457034
vn -0.5983849 0.7463622 0.2913401
vn -0.740657 0.6622575 -0.1133235
vn -0.1468325 0.9847012 -0.09382821
vn 0.02147892 0.9930596 0.1156339
vn -0.06030932 0.9899026 -0.1282792
vn 0.1161138 0.9928181 0.02880543
vn 0.2151997 0.9523374 0.2162
vn 0.2612043 0.9518147 0.1606894
vn 0.2148256 0.9323846 0.2907043
vn -0.001037965 0.9757608 0.2188372
vn -0.2505372 0.9668481 -0.04935454
vn -0.193386 0.9459287 0.2604244
vn 0.2432003 0.8569776 0.45436
vn -0.07778667 0.8683222 0.4898632
vn -0.4228702 0.9016178 0.09091751
vn -0.1968896 0.8540346 0.4815178
vn 0.1423616 0.9068502 0.3966813
vn 0.2115178 0.9757057 -0.05708542
vn 0.337866 0.9381671 0.07542568
vn 0.2610357 0.955694 -0.1360493
vn 0.120714 0.9642544 -0.2358852
vn 0.2926571 0.8340042 -0.4677487
vn 0.4660579 0.8160483 -0.341841
vn 0.5839865 0.4879667 -0.6487283
vn 0.6942709 0.472205 -0.5431485
vn 0.124004 0.9583597 -0.2572345
vn 0.5913648 0.7643543 -0.2570022
vn 0.7045659 0.3365674 -0.6247474
vn 0.3902943 0.920665 -0.00680407
vn 0.7439002 0.2597907 -0.6157283
vn 0.7305117 0.2319737 -0.6422935
vn 0.6621631 0.1205584 -0.7395983
vn -0.2881328 0.8700643 0.3999597
vn -0.5757521 0.7559891 0.311432
vn -0.1968896 0.8540346 0.4815178
vn -0.3591527 0.7464066 0.5602557
vn -0.6095866 0.5910342 0.5282827
vn -0.4146883 0.5857131 0.6964006
vn -0.2927378 0.6555495 0.6961031
vn -9.33811E-05 0.3189926 0.9477571
vn -0.01579741 0.7152012 0.6987401
vn 0.2432003 0.8569776 0.45436
vn 0.2803547 0.7401389 0.6112249
vn 0.4393252 0.6726119 0.5954717
vn -0.1197241 0.7409266 0.6608284
vn -0.2927378 0.6555495 0.6961031
vn -0.7024872 0.5258458 0.479581
vn -3.003891E-05 0.8373172 0.5467175
vn 0.2158961 0.6926823 0.6881715
vn 0.4393252 0.6726119 0.5954717
vn -0.352567 0.8449077 0.4022777
vn -0.08380875 0.9765407 0.1983543
vn -0.3276111 0.9436829 0.04618895
vn 0.08048996 0.9966043 0.0173569
vn -0.2575687 0.9640529 -0.06527142
vn 0.004164624 0.9870006 -0.1606629
vn -0.2408322 0.9152155 -0.3230796
vn -0.0100789 0.9673406 -0.2532793
vn -0.2592481 0.8473119 -0.4635223
vn -0.1541746 0.8301302 -0.5358302
vn 0.179951 0.9494582 -0.2571898
vn 0.1237163 0.9445693 -0.3041102
vn 0.03400131 0.9746271 -0.2212369
vn 0.2968232 0.953299 -0.05582921
vn 0.6467596 0.7621077 0.02989786
vn 0.1651823 0.9782774 0.1252522
vn -0.04978174 0.9373633 0.3447783
vn -0.09104838 0.809872 0.5794976
vn -0.1254312 0.7563449 -0.6420353
vn 0.03055418 0.5127328 -0.8580043
vn 0.4168647 0.8254075 0.380692
vn 0.6638421 0.7043501 0.2514051
vn -0.339747 0.7595255 0.5547007
vn -0.1107306 0.8177062 0.5648853
vn 0.0233456 0.7805685 0.6246341
vn 0.2795273 0.832803 0.4778113
vn -0.1107306 0.8177062 0.5648853
vn 0.5516452 0.6451443 0.5286554
vn 0.6467596 0.7621077 0.02989786
vn 0.8233493 0.5645029 0.0585863
vn 0.8499224 0.5139452 -0.1161563
vn 0.7461793 0.6375753 0.1916096
vn -0.05127264 0.7035331 0.7088104
vn 0.0233456 0.7805685 0.6246341
vn -0.05127264 0.7035331 0.7088104
vn -0.1985928 0.5070431 -0.8387301
vn 0.03055418 0.5127328 -0.8580043
vn -0.1885342 0.2850581 -0.9397855
vn 0.0370363 0.1801489 -0.9829419
vn -0.1367861 0.1641984 -0.9768974
vn -0.4264996 0.2713642 -0.8628207
vn -0.3925079 0.3538954 -0.8489379
vn -0.1929566 0.6504124 -0.7346642
vn -0.2592481 0.8473119 -0.4635223
vn -0.1367861 0.1641984 -0.9768974
vn 0.0370363 0.1801489 -0.9829419
vn -0.02472238 0.05857271 -0.997977
vn 0.07823598 0.9567077 0.2803382
vn -0.05248753 0.9950576 0.08429343
vn 0.0948204 0.9685928 0.2298637
vn -0.06047391 0.9928658 0.1027639
vn 0.07103647 0.9573671 0.2800036
vn -0.1093752 0.9717485 0.2091461
vn -0.07458621 0.8234571 0.5624548
vn -0.2625547 0.7517446 0.6049338
vn -0.2606933 0.5575016 0.7881821
vn -0.3440734 0.5243888 0.7788645
vn -0.3582532 0.6674231 0.6528409
vn -0.3798861 0.4532104 0.8064037
vn -0.32862 0.8969411 0.2958132
vn -0.2200382 0.975416 -0.01211207
vn -0.2387752 0.9708989 -0.01848843
vn -0.3411424 0.3433762 0.8750511
vn -0.3589242 0.3179226 0.8775527
vn -0.3388529 0.2687762 0.9016308
vn -0.2175698 0.9739396 -0.06407025
vn -0.06541303 0.9930259 0.09808504
vn 0.07998686 0.9453104 0.3162125
vn -0.07167843 0.9497897 -0.3045681
vn 0.1541229 0.9867099 -0.05147491
vn 0.2515974 0.9324073 -0.2594522
vn 0.4016234 0.9158049 0.0003552563
vn 0.3456191 0.9121404 -0.2203345
vn 0.2399383 0.934564 -0.2627164
vn 0.09707686 0.7343859 -0.671754
vn 0.159569 0.9221584 -0.3523658
vn 0.6177493 0.7631727 -0.1896132
vn -0.08309187 0.9594609 0.2693149
vn 0.05914928 0.9978933 0.02665279
vn -0.1404187 0.9737081 0.1793742
vn 0.1104579 0.9938744 -0.00357779
vn 0.2945212 0.9430145 -0.1548578
vn 0.1672417 0.9341539 -0.3152564
vn -0.04209015 0.9961795 -0.07651738
vn 0.005095736 0.9621771 -0.2723772
vn -0.06074126 0.9885476 -0.1381457
vn -0.1691187 0.983576 0.06306483
vn -0.2321811 0.9648309 -0.1232607
vn -0.1850865 0.9544616 -0.2339788
vn -0.01010583 0.9609792 -0.2764364
vn -0.06421871 0.9448613 -0.3211125
vn -0.1378013 0.9752686 0.1728064
vn -0.2178444 0.951996 -0.2150521
vn 0.02052825 0.9564139 -0.2912918
vn -0.3275715 0.8544902 -0.4031669
vn -0.4732687 0.8547212 -0.2132328
vn -0.6117452 0.5242379 -0.592404
vn -0.4389552 0.5584503 -0.7038832
vn -0.2878847 0.9544713 -0.07814567
vn -0.1539942 0.8510042 -0.5020733
vn -0.4640486 0.5056463 -0.7273105
vn -0.4418659 0.3645743 -0.8196586
vn -0.4426815 0.4014249 -0.8018049
vn -0.5440338 0.3557017 -0.7599366
vn 0.1905911 0.8997653 0.3925524
vn -0.04220575 0.8569537 0.5136623
vn 0.09154183 0.7065312 0.7017362
vn -0.01303719 0.9079045 0.4189745
vn 0.3037188 0.9240729 0.2320438
vn -0.06143903 0.9441954 0.323605
vn 0.190803 0.9768463 0.09677516
vn 0.495609 0.8175536 -0.2932195
vn 0.3440445 0.9377411 0.04769621
vn -0.08374032 0.9547533 0.2853657
vn 0.1426986 0.9853987 0.09287887
vn 0.3237537 0.9371948 -0.1298056
vn 0.2730513 0.9487671 -0.1590095
vn 0.5706593 0.6791492 -0.4616323
vn 0.4875769 0.5993341 -0.634876
vn 0.9246635 0.1875582 -0.3313899
vn 0.150969 0.618166 0.7714137
vn 0.09154183 0.7065312 0.7017362
vn 0.150969 0.618166 0.7714137
vn 0.9246635 0.1875582 -0.3313899
vn 0.9609724 -0.2249787 -0.1609865
vn 0.9609724 -0.2249787 -0.1609865
vn -0.147503 0.9403993 0.3064181
vn -0.1241609 0.9919722 0.02398285
vn -0.1250632 0.9560938 0.2650354
vn -0.1262692 0.9916047 0.02786067
vn -0.2784961 0.9579852 -0.06858802
vn -0.1582125 0.9752143 -0.1546803
vn -0.1992217 0.9787188 0.04919444
vn -0.1512753 0.9741074 -0.1680189
vn -0.3177525 0.9026813 0.290172
vn -0.0585187 0.9779494 0.2004756
vn -0.05198869 0.9985064 -0.01679749
vn -0.2005669 0.9652403 0.1675832
vn -0.3177458 0.9472537 -0.04180858
vn -0.5474815 0.8351809 0.05231541
vn -0.4438026 0.8918248 -0.08767989
vn -0.6636904 0.7410176 -0.1020197
vn -0.7243739 0.6780775 -0.124473
vn -0.4565363 0.8782133 -0.1425347
vn -0.8055308 0.5914737 -0.03576169
vn -0.2722347 0.9403995 -0.2038067
vn -0.0885307 0.966027 -0.2428047
vn -0.8666785 0.451421 -0.2123383
vn -0.8962626 0.4383133 -0.0677838
vn -0.8976223 0.4406199 -0.01132845
vn 0.4832184 0.8369372 -0.2569748
vn 0.431592 0.6486678 -0.6268641
vn 0.4761577 0.8596547 -0.1851153
vn 0.5288892 0.8362839 0.1445872
vn 0.5436918 0.839225 -0.01003039
vn 0.4312831 0.8480236 -0.3079787
vn 0.3616121 0.9288526 0.08043434
vn 0.3634432 0.8874812 -0.2833481
vn 0.2692704 0.9124621 -0.3080687
vn 0.4117715 0.9039714 0.1152389
vn 0.3508355 0.8889522 -0.2944119
vn 0.4326367 0.8969293 0.09134116
vn 0.3596003 0.8077267 0.4671888
vn 0.3371122 0.7610665 0.5541959
vn 0.3461718 0.7593632 0.550938
vn 0.514318 0.8184785 0.2560663
vn 0.5074313 0.7158027 0.4797291
vn 0.60904 0.6510406 0.4530081
vn 0.6325576 0.6287102 0.452321
vn 0.3425787 0.932752 -0.11231
vn 0.4250976 0.8530309 -0.3027049
vn 0.3998957 0.8900172 0.2189813
vn 0.3913122 0.8812706 0.2650223
vn 0.03147509 0.8804593 -0.4730759
vn 0.0768429 0.9318092 0.3547204
vn -0.1456206 0.9893402 -0.0006066089
vn -0.1782517 0.9293421 -0.3233413
vn -0.01933274 0.9930379 -0.1161986
vn -0.3944417 0.8696505 -0.2968563
vn -0.2036309 0.8748971 0.4394196
vn -0.09414344 0.9240056 0.3706085
vn -0.147503 0.9403993 0.3064181
vn -0.2669052 0.9377317 0.2223078
vn -0.01745057 0.9978018 -0.06392813
vn -0.2414174 0.9581428 0.1538837
vn -0.01093993 0.9983793 -0.05584884
vn 0.1394402 0.9411024 -0.3080303
vn 0.2361114 0.9456953 -0.2234092
vn 0.4637116 0.8344594 -0.2977402
vn 0.1456402 0.9890172 0.02517673
vn 0.02016279 0.9746336 0.2228965
vn 0.05952994 0.8253494 0.5614753
vn 0.05440997 0.9973418 -0.04846611
vn 0.4487146 0.8818474 -0.1449149
vn 0.1440769 0.9869529 -0.07187294
vn -0.1833914 0.9780301 0.09912025
vn -0.2096572 0.9713988 0.1114813
vn 0.5197949 0.8202604 -0.2387178
vn -0.1574676 0.9826088 0.09840661
vn -0.00111793 0.9777483 -0.2097787
vn 0.3066255 0.8473605 -0.4335446
vn -0.2637594 0.9645857 0.002345418
vn -0.1546877 0.9463109 -0.2838438
vn 0.001513169 0.848853 -0.5286267
vn 0.06996951 0.787605 -0.6121948
vn -0.4399607 0.8790419 -0.1836301
vn -0.1932192 0.9349085 -0.2976784
vn -0.4677578 0.8286251 -0.3075438
vn -0.1213201 0.8430623 -0.5239536
vn -0.1957405 0.8910331 -0.4095676
vn -0.2920025 0.8618705 -0.414625
vn -0.2579216 0.9576755 -0.1278049
vn 0.5087079 0.85642 0.08809657
vn 0.4705967 0.8519067 0.229769
vn 0.4637116 0.8344594 -0.2977402
vn 0.5588901 0.8238757 -0.09418472
vn 0.7133844 0.629833 -0.3072345
vn 0.4861519 0.8730773 0.03731344
vn 0.168546 0.9302903 0.3258102
vn 0.05952994 0.8253494 0.5614753
vn 0.3362459 0.8507234 0.4039905
vn 0.1785346 0.7071137 0.6841896
vn 0.2793656 0.9053287 0.3198981
vn 0.4705967 0.8519067 0.229769
vn 0.204672 0.9719862 0.1155518
vn 0.4861519 0.8730773 0.03731344
vn -0.3869095 0.7991825 -0.4600091
vn -0.1957405 0.8910331 -0.4095676
vn -0.6439486 0.6492133 -0.4047867
vn -0.7029544 0.3626813 -0.6118148
vn -0.9198554 0.2942646 -0.2593731
vn -0.5894306 0.3481135 -0.728964
vn -0.5319579 0.07148568 -0.843748
vn -0.8480794 0.1976136 -0.4916402
vn -0.9097646 0.2811904 -0.3053856
vn -0.6253296 0.6669381 -0.4051623
vn -0.5477028 0.618259 -0.5637175
vn -0.5894306 0.3481135 -0.728964
vn -0.7029544 0.3626813 -0.6118148
vn -0.9198554 0.2942646 -0.2593731
vn -0.8480794 0.1976136 -0.4916402
vn 0.2362043 0.8453426 0.4791694
vn -0.006842748 0.9918433 0.1272798
vn 0.1150249 0.9181929 0.3790663
vn 0.4619538 0.8174704 0.3440067
vn 0.5729175 0.7204421 0.3908055
vn 0.5156157 0.8562903 0.03012142
vn -0.08988207 0.9951906 0.0389449
vn -0.1401663 0.9830638 0.1180633
vn -0.3413518 0.9228687 -0.1783038
vn -0.3859749 0.9186839 -0.08392284
vn -0.334597 0.7863348 -0.519348
vn -0.1767083 0.9822481 0.06295066
vn -0.3929686 0.9041812 -0.1674276
vn -0.4091783 0.9088309 -0.0812388
vn -0.201621 0.9698231 0.1370845
vn -0.02689835 0.9310206 0.3639743
vn -0.2127133 0.9690364 0.1253849
vn -0.1484702 0.8931215 0.4246063
vn 0.008006551 0.9899221 0.1413865
vn -0.1214928 0.9893144 -0.08060076
vn 0.03589533 0.9202005 0.3897981
vn -0.3477059 0.936969 -0.03448956
vn -0.4515959 0.8198643 0.351971
vn -0.324941 0.7463546 -0.580834
vn -0.2441699 0.9581755 -0.1492679
vn -0.1316305 0.8246825 -0.5500658
vn -0.2632567 0.6523462 -0.7107323
vn -0.05212706 0.8950573 -0.4428942
vn 0.6377944 0.7619666 0.1123618
vn 0.5729175 0.7204421 0.3908055
vn 0.76257 0.5978169 0.2471878
vn 0.8379975 0.5411118 0.07041374
vn 0.2519018 0.9119468 -0.3238804
vn 0.04404939 0.9775557 -0.2060207
vn -0.05212706 0.8950573 -0.4428942
vn 0.01755169 0.8752739 -0.483309
vn -0.09551201 0.9532966 -0.286536
vn 0.402135 0.894903 -0.1934841
vn 0.06815104 0.9859866 -0.1522682
vn 0.1832092 0.9542521 0.236299
vn -0.008216936 0.9690979 -0.2465398
vn 0.1386297 0.85067 -0.5070919
vn 0.4519042 0.8388634 -0.3034644
vn 0.05850812 0.9020203 -0.4277104
vn 0.5000771 0.8014996 -0.3279043
vn -0.3126732 0.729358 -0.6085001
vn -0.06912906 0.9424734 -0.3270552
vn -0.3475507 0.7640714 -0.5435103
vn -0.1564727 0.9407254 -0.3009188
vn 0.2160809 0.9031283 -0.3710368
vn 0.01671355 0.9768566 -0.2132408
vn -0.008216936 0.9690979 -0.2465398
vn -0.3502525 0.9121921 -0.2126704
vn -0.1055329 0.9926704 0.05889285
vn 0.1832092 0.9542521 0.236299
vn -0.3291526 0.9362132 -0.1231396
vn -0.06248967 0.9968209 -0.04942796
vn -0.3251882 0.9390993 -0.1111085
vn 0.1390532 0.9705547 0.1966925
vn 0.01335492 0.9995893 -0.02535633
vn -0.300251 0.9501624 -0.08391041
vn -0.1471885 0.9728979 0.17834
vn 0.1409163 0.9519922 0.2717599
vn -0.1038612 0.8368076 0.5375554
vn -0.2578371 0.9385563 0.2294165
vn -0.3962793 0.8128772 0.4268411
vn -0.3801629 0.8827587 0.2760673
vn 0.3124971 0.9492886 -0.03459243
vn -0.3456953 0.9102595 0.2278644
vn -0.3910783 0.9163088 0.08623195
vn 0.2758073 0.9602422 -0.04319008
vn -0.4460595 0.7542341 0.4818318
vn -0.358391 0.4934675 0.7924935
vn -0.5209819 0.5127667 0.6823842
vn -0.358391 0.4934675 0.7924935
vn -0.5100729 0.4609228 0.7262065
vn -0.3500789 0.5611776 0.7500163
vn -0.4976324 0.6247069 0.6017503
vn -0.3731061 0.6989976 0.6100773
vn -0.6799296 0.4744832 0.559072
vn -0.6366802 0.4414767 0.6322473
vn -0.3962793 0.8128772 0.4268411
vn -0.4460595 0.7542341 0.4818318
vn 0.4526458 0.8061842 0.3810234
vn 0.1417234 0.9826574 0.1195781
vn 0.3453996 0.8901471 0.297216
vn 0.1091676 0.9854892 0.1299754
vn 0.5544505 0.7583339 0.3428037
vn 0.4354991 0.8980942 0.06138065
vn 0.206753 0.9632221 0.1716289
vn 0.4526458 0.8061842 0.3810234
vn 0.3453996 0.8901471 0.297216
vn 0.09361997 0.9953453 -0.02287012
vn 0.02267809 0.9963171 0.08269099
vn 0.2005881 0.9526239 0.228631
vn -0.02150819 0.9874452 0.1564908
vn 0.1050562 0.906539 0.40884
vn -0.05066987 0.9312906 0.3607359
vn 0.05019539 0.8121916 0.5812274
vn -0.1845717 0.9448106 0.270677
vn -0.1494364 0.8770748 0.4565179
vn -0.08699197 0.7414834 0.6653079
vn -0.07680933 0.5614341 0.823949
vn -0.2053191 0.9785206 0.01847254
vn -0.2518542 0.9578741 -0.1380099
vn -0.2679076 0.9518948 0.1487341
vn -0.1425192 0.458109 0.8773964
vn -0.07672678 0.5551079 0.828232
vn -0.1820261 0.5758317 0.7970473
vn -0.1370567 0.682561 0.7178621
vn -0.2624854 0.3230022 0.9092695
vn -0.09729445 0.3577602 0.9287311
vn 0.06458637 0.9478558 0.3120867
vn -0.1042429 0.8067432 0.5816345
vn 0.07231398 0.6480125 0.758189
vn -0.1022066 0.6589832 0.7451813
vn -0.09729445 0.3577602 0.9287311
vn -0.09893786 0.9725153 -0.2107731
vn -0.2516512 0.9362736 -0.2450781
vn -0.2658955 0.891017 -0.3679514
vn 0.1091676 0.9854892 0.1299754
vn -0.3451705 0.8889496 -0.3010412
vn -0.009476292 0.9713845 -0.2373235
vn 0.02064095 0.9986631 0.04739339
vn -0.3010506 0.8728274 -0.3841106
vn -0.2237249 0.7260551 -0.6502239
vn -0.4061249 0.745079 -0.5290745
vn -0.3437465 0.6254765 -0.7004409
vn -0.05978298 0.5581688 -0.8275709
vn -0.291109 0.5021953 -0.8142822
vn 0.6454847 0.757071 0.1009607
vn 0.5898335 0.768198 -0.248934
vn 0.5252719 0.7647194 -0.373221
vn 0.6933435 0.7150966 0.08894754
vn 0.5544505 0.7583339 0.3428037
vn 0.07723793 0.841812 -0.5342161
vn 0.4783039 0.675011 -0.5617699
vn 0.170554 0.7595544 -0.627685
vn 0.5252719 0.7647194 -0.373221
vn 0.4081527 0.8015968 -0.4368683
vn 0.5475516 0.8365205 0.02051361
vn 0.9891861 -0.13356 -0.06060098
vn 0.9891861 -0.13356 -0.06060098
vn 0.9891861 -0.13356 -0.06060098
vn 0.3724333 0.9217807 0.1077676
vn 0.556312 0.8309603 -0.004670866
vn 0.1169247 0.9931167 0.006911103
vn 0.05333156 0.9983723 0.02021278
vn 0.2970757 0.9511778 0.08370732
vn 0.05815058 0.9848325 0.1634732
vn 0.2943411 0.8911748 0.3452111
vn 0.1111394 0.9312909 0.3469084
vn 0.2978015 0.8121933 0.5016537
vn -0.04859518 0.9448112 0.3239912
vn 0.06381526 0.8770748 0.4760959
vn 0.1557029 0.8101825 0.5651203
vn 0.2435709 0.7432601 0.6230872
vn -0.2246412 0.9740152 0.02882058
vn -0.2290753 0.9635388 0.1382663
vn 0.1767359 0.7532015 0.6336024
vn 0.3105082 0.6945358 0.6490029
vn 0.2322314 0.5502334 0.8020672
vn -0.4416978 0.8889503 -0.1211208
vn -0.1116698 0.9713841 -0.209625
vn 0.1937999 0.9478543 0.2530094
vn 0.09346351 0.8731964 0.4783228
vn -0.4380626 0.8728286 -0.2151081
vn -0.2398255 0.7898305 -0.5644922
vn -0.5621685 0.630935 -0.5346844
vn 0.4188984 0.8980932 -0.1339879
vn 0.6630991 0.7150943 -0.2212232
vn 0.6252177 0.7570691 -0.1896031
vn 0.4230414 0.7681922 -0.4805381
vn 0.1215641 0.8156134 -0.5656828
vn 0.3946272 0.6480173 0.6514161
vn 0.1693211 0.7505345 0.6387711
vn 0.2322314 0.5502334 0.8020672
vn -0.1402473 0.8020317 -0.5805824
vn 0.1866396 0.675007 -0.7138146
vn -0.03391305 0.6949102 -0.7182963
vn -0.09036236 0.8477842 -0.5225865
vn 0.05129788 0.9304175 -0.3628937
vn -0.339768 0.73524 -0.586498
vn -0.474133 0.4431961 -0.7607727
vn -0.5621685 0.630935 -0.5346844
vn -0.08336776 0.8392988 -0.5372403
vn 0.05129788 0.9304175 -0.3628937
vn 0.3925855 0.8757289 -0.2810258
vn 0.4808632 0.8258319 -0.2945714
vn 0.4750765 0.8608717 -0.1822154
vn 0.45813 0.8581605 -0.2316841
vn 0.007148969 0.9997401 -0.02164873
vn 0.3783414 0.7970124 -0.4707748
vn 0.3950511 0.7930262 -0.4637285
vn 0.173144 0.6828961 -0.7097
vn 0.3800767 0.837844 -0.3918661
vn 0.412785 0.8099468 -0.4166468
vn 0.4831005 0.8305008 -0.2772765
vn -0.6242711 0.776144 0.08880407
vn -0.5911831 0.803704 0.06754601
vn -0.4150053 0.8545834 0.3121824
vn -0.6358831 0.765038 -0.1018316
vn -0.4839902 0.7626057 -0.4291692
vn -0.6240547 0.6233588 -0.471147
vn -0.2718976 0.9322796 0.2385927
vn -0.3626776 0.8572571 0.3654795
vn -0.3573497 0.8833148 0.3034076
vn 0.05838864 0.9981118 0.01906741
vn -0.3956061 0.8838211 0.2497123
vn -0.3382342 0.8990035 0.2781912
vn -0.1419731 0.9751275 0.1702058
vn -0.2029578 0.9026918 0.3794146
vn 0.05995264 0.9942284 0.0889696
vn -0.1324808 0.9244127 0.3576451
vn -0.4839902 0.7626057 -0.4291692
vn -0.1002452 0.8262196 -0.5543573
vn -0.06343034 0.4951638 -0.866481
vn 0.412785 0.8099468 -0.4166468
vn 0.3049227 0.9412382 -0.1452334
vn 0.4817204 0.8319455 -0.2753398
vn 0.1677535 0.9795019 -0.1115113
vn 0.4367727 0.8163699 -0.377849
vn 0.4086783 0.8198282 -0.4010785
vn 0.2442111 0.9328713 -0.264787
vn 0.1182756 0.9927048 -0.02341245
vn 0.3924093 0.8909821 -0.2283983
vn 0.19166 0.9763422 0.1001121
vn -0.1324808 0.9244127 0.3576451
vn 0.1901026 0.9616731 0.1976004
vn 0.06564994 0.8439397 0.5324057
vn 0.1901026 0.9616731 0.1976004
vn 0.4569106 0.8827116 0.1097859
vn 0.2276172 0.9247501 0.3050042
vn 0.398326 0.9131156 -0.08692557
vn 0.1265599 0.9891506 0.07459047
vn -0.09995057 0.9448271 0.311948
vn 0.064409 0.857731 0.510048
vn 0.06564994 0.8439397 0.5324057
vn 0.1491677 0.9348795 0.322101
vn 0.3709964 0.9246262 -0.0861867
vn 0.2988223 0.9406772 0.1607225
vn 0.5594396 0.8273829 0.04964864
vn 0.2980116 0.8407294 0.4520653
vn 0.5044885 0.794185 0.338765
vn 0.3099912 0.6950797 0.6486675
vn 0.1523935 0.7350953 0.6606143
vn 0.5365382 0.5392881 0.6490723
vn -0.05638009 0.9024589 0.4270706
vn -0.8021797 0.5720538 -0.1710619
vn -0.9303089 0.2665445 -0.251951
vn -0.9303089 0.2665445 -0.251951
vn 0.1121818 0.9030429 -0.4146431
vn 0.09895127 0.9910319 -0.08980255
vn 0.1827784 0.9207529 -0.3446825
vn 0.004165268 0.9998158 -0.01873675
vn 0.1204412 0.9510503 -0.2846003
vn 0.1816607 0.9819142 -0.05332657
vn 0.5399885 0.7724607 -0.3342408
vn 0.675142 0.7197937 -0.1614938
vn 0.8251004 0.4942158 -0.273788
vn 0.8055779 0.5450549 -0.2322918
vn 0.7811974 0.6049676 -0.1540939
vn 0.8022559 0.5533525 -0.2240234
vn 0.2996339 0.9456272 0.1265251
vn 0.02726554 0.9781043 0.2063215
vn -0.005252426 0.9751541 0.2214656
vn 0.7176043 0.645466 -0.261568
vn 0.7461277 0.624121 -0.231876
vn 0.7755149 0.5624772 -0.2866987
vn 0.01797118 0.9720806 0.2339577
vn -0.02051538 0.9989386 -0.04124008
vn -0.01302499 0.9634359 0.267622
vn -0.01864517 0.99976 0.01150547
vn -0.07631334 0.9606598 -0.2670376
vn 0.06563318 0.9627422 -0.2623352
vn -0.278116 0.899434 0.3371498
vn -0.2251296 0.9736919 -0.03522228
vn -0.3913009 0.9202574 0.003157339
vn -0.2658533 0.9029069 -0.3377589
vn -0.4202379 0.8891035 -0.18137
vn -0.4460285 0.8753933 0.1864004
vn -0.4751191 0.8797243 0.01862858
vn -0.6507201 0.6815061 -0.3348327
vn -0.2036105 0.8685069 -0.4519274
vn -0.3590663 0.9233474 -0.1360189
vn -0.571969 0.7985622 0.1874831
vn -0.571901 0.8201332 -0.01762585
vn -0.6885709 0.5861815 0.4269209
vn -0.02365265 0.9981458 0.0560843
vn -0.2221035 0.9710628 -0.08778989
vn -0.4708515 0.8381798 -0.2752336
vn -0.1204801 0.9903412 -0.06862131
vn 0.3042519 0.9186848 0.2518912
vn 0.3135575 0.9279329 0.2015498
vn -0.1056468 0.9931678 -0.0495634
vn 0.4388827 0.8748692 0.2049046
vn -0.01073243 0.999877 -0.01143829
vn -0.405031 0.861789 -0.3054006
vn -0.3961108 0.854823 -0.3352222
vn -0.2926129 0.9465115 -0.1359911
vn -0.4368069 0.8523171 -0.2876722
vn -0.3474466 0.9358918 0.05820236
vn -0.5102103 0.8271774 -0.2355058
vn -0.2388126 0.9485182 0.2080425
vn -0.3789825 0.9177151 -0.1190431
vn -0.5059 0.7839002 -0.3599523
vn -0.4614214 0.805652 -0.3715038
vn -0.5359732 0.8038036 -0.258133
vn 0.3309369 0.8787679 0.3438715
vn 0.4388827 0.8748692 0.2049046
vn 0.4199817 0.8592003 0.2922158
vn 0.08929262 0.8736023 0.4783784
vn 0.02791741 0.8773711 0.4789996
vn 0.3309369 0.8787679 0.3438715
vn -0.2293417 0.9651951 0.1257015
vn -0.1066944 0.9359454 0.3355926
vn 0.09865753 0.8799596 0.464691
vn 0.1289704 0.7915534 0.5973356
vn -0.6456352 0.6909943 -0.3250879
vn -0.6125362 0.7480273 -0.2554498
vn -0.7389053 0.6623269 -0.1238623
vn -0.723528 0.6836947 -0.09523036
vn -0.5908742 0.7748891 0.2245316
vn -0.7530869 0.6508952 0.09589396
vn -0.3873643 0.9045898 0.1779497
vn -0.6571077 0.7531965 -0.03007486
vn -0.6014253 0.7635422 -0.2351402
vn -0.5484271 0.8256736 0.1322536
vn -0.6365578 0.7581673 -0.1413386
vn -0.8394137 0.5425507 -0.03198913
vn -0.7169359 0.6872289 0.1171293
vn -0.7530869 0.6508952 0.09589396
vn -0.7293603 0.6840959 0.006803921
vn -0.572718 0.7294482 0.3740315
vn -0.4595427 0.8414509 0.2842196
vn -0.8220759 0.568374 0.03379576
vn -0.7019901 0.6805136 -0.2100265
vn 0.8997914 0.03904198 -0.4345703
vn 0.8997914 0.03904198 -0.4345703
vn 0.8997914 0.03904198 -0.4345703
vn -0.07628151 0.7319288 0.6770977
vn -0.1432868 0.6580766 0.7391915
vn 0.1289704 0.7915534 0.5973356
vn -0.2547636 0.899084 0.3560103
vn -0.1397617 0.7723516 0.6196287
vn -0.2908923 0.7255351 0.623683
vn 0.007056051 0.8346969 0.5506644
vn -0.08966541 0.8036565 0.5882996
vn -0.1397617 0.7723516 0.6196287
vn -0.1432868 0.6580766 0.7391915
vn -0.3905279 0.7929562 0.4676627
vn -0.1870689 0.7654324 0.615726
vn 0.007056051 0.8346969 0.5506644
vn -0.3578399 0.8826452 0.3047755
vn -0.4920042 0.7253584 0.4814426
vn -0.1308898 0.7791371 0.6130361
vn -0.4595427 0.8414509 0.2842196
vn 0.00599889 0.7186571 0.6953388
vn -0.1308898 0.7791371 0.6130361
vn -0.3202689 0.7865784 0.5279415
vn -0.6148942 0.7530072 -0.2342762
vn -0.5544611 0.8310758 0.04342702
vn -0.7293603 0.6840959 0.006803921
vn -0.6705487 0.6683218 0.3220412
vn -0.5557564 0.8059525 0.2039002
vn -0.3389302 0.7901202 0.5107215
vn 0.00599889 0.7186571 0.6953388
vn -0.4372166 0.8051293 0.4007601
vn 0.3781384 0.6782569 0.6300626
vn 0.00599889 0.7186571 0.6953388
vn -0.02641151 0.6578074 0.752723
vn -0.2911433 0.9407287 -0.1739681
vn -0.2614335 0.9409985 -0.2148827
vn 0.02016901 0.9769379 -0.2125689
vn -0.1699802 0.8959181 -0.4104115
vn 0.1544826 0.9630461 -0.2206296
vn -0.2573587 0.8083566 -0.5294582
vn -0.09145032 0.9788287 -0.1831151
vn 0.3575174 0.903388 -0.2367939
vn 0.5692136 0.8128434 -0.1236179
vn 0.3201101 0.9448487 -0.06921364
vn 0.5332394 0.7940317 0.291838
vn -0.08871657 0.9501587 -0.2988775
vn -0.2573587 0.8083566 -0.5294582
vn -0.02701258 0.9838789 -0.1767847
vn -0.5059 0.7839002 -0.3599523
vn 0.4058321 0.8796951 0.2478648
vn 0.2002152 0.9751102 -0.09525764
vn 0.1045946 0.9815072 -0.1603234
vn 0.3135575 0.9279329 0.2015498
vn 0.09031571 0.9959106 -0.002243521
vn 0.5332394 0.7940317 0.291838
vn 0.5006974 0.8526243 0.1494457
vn 0.4058321 0.8796951 0.2478648
vn 0.5933428 0.2469948 -0.7661188
vn 0.5933428 0.2469948 -0.7661188
vn 0.5933428 0.2469948 -0.7661188
vn 0.5315762 0.8439621 -0.07179656
vn 0.2936034 0.9316684 -0.2139882
vn 0.505495 0.8355727 -0.2151584
vn 0.3317864 0.9253843 -0.1832527
vn 0.09318257 0.983358 -0.1559621
vn 0.2627553 0.9603496 -0.09321065
vn 0.1050965 0.9750937 -0.1953127
vn 0.3575506 0.9330818 -0.03893341
vn 0.5084588 0.8605695 -0.02983017
vn 0.2117054 0.9259903 -0.3126065
vn 0.3918683 0.8907388 -0.2302689
vn 0.4917138 0.7824011 -0.3821858
vn 0.5845923 0.7714446 -0.2512471
vn 0.6807638 0.7050573 -0.1986325
vn 0.3266951 0.7083276 -0.6257334
vn 0.4987886 0.7668167 -0.4039827
vn 0.3085562 0.9161218 -0.2559567
vn 0.2734579 0.9307018 -0.24293
vn 0.3321194 0.9340408 -0.1313942
vn 0.3677456 0.9191495 -0.1411639
vn 0.4064937 0.9089663 0.09242945
vn 0.3501991 0.9339379 0.07155717
vn 0.3731549 0.9167652 0.1424672
vn 0.3196237 0.9007029 0.2942364
vn 0.4663473 0.8675728 -0.1727352
vn 0.2914889 0.9547068 0.0597415
vn 0.2975168 0.8396077 0.4544695
vn 0.3350679 0.9404593 -0.05714839
vn 0.3270091 0.7411579 0.5863019
vn 0.2896671 0.80119 0.5236292
vn 0.2787389 0.8274802 0.4874228
vn 0.2581241 0.8676957 0.4248247
vn 0.3395711 0.7085485 0.6185876
vn 0.4961084 0.3719522 0.7845559
vn 0.4047692 0.6392646 0.6538368
vn 0.5261723 -0.2748416 0.8047389
vn 0.5261723 -0.2748416 0.8047389
vn 0.5183869 0.167694 0.8385426
vn 0.5775844 0.7936711 -0.1910034
vn 0.5319362 0.8321121 -0.1569501
vn 0.6827395 0.7275178 -0.06770962
vn 0.6443878 0.7646652 0.007166544
vn 0.5001202 0.8636881 -0.06263216
vn 0.4514648 0.8903451 0.05886605
vn 0.3319263 0.9413828 0.06019431
vn 0.3274457 0.9436156 -0.04867057
vn 0.2979704 0.9325799 -0.203736
vn 0.504205 0.850964 -0.147097
vn 0.6478266 0.6588215 -0.382459
vn 0.6880268 0.6937275 -0.2129815
vn 0.7781706 0.6019592 -0.1791524
vn 0.3014722 0.7265133 -0.617489
vn 0.6672249 0.5637016 -0.4868792
vn 0.3998444 0.9059904 -0.1389454
vn 0.3731045 0.921326 -0.1093227
vn 0.4481089 0.8938279 -0.016437
vn 0.479336 0.876786 -0.03851362
vn 0.5124825 0.8502531 0.1201306
vn 0.4954798 0.8584594 0.1324659
vn 0.5966968 0.7990774 -0.07367636
vn 0.4641551 0.8838305 0.05834053
vn 0.4134078 0.9080577 0.06727013
vn 0.8650697 0.4767353 -0.1561338
vn 0.9160188 0.3612019 -0.1744788
vn -0.1905434 0.9805013 0.04806814
vn -0.3404422 0.9245269 0.1713163
vn -0.1692153 0.9682789 0.1838536
vn -0.2882209 0.9170214 0.2756819
vn -0.3977489 0.9132093 0.08856936
vn -0.1608344 0.9867149 -0.02293203
vn -0.4910301 0.8232188 0.2849568
vn -0.5118455 0.8359082 0.1981708
vn -0.6187477 0.7659398 0.1746067
vn -0.5447621 0.8332047 0.09489015
vn -0.3316178 0.9154586 0.2279586
vn -0.6132363 0.7786232 0.1329934
vn -0.1540833 0.9647705 0.2132515
vn -0.1866483 0.9643089 0.1878053
vn -0.2773507 0.9070385 0.316793
vn -0.4554424 0.834522 0.3100729
vn -0.3854277 0.9205342 0.06373581
vn -0.3990763 0.8916395 0.2138157
vn -0.3365576 0.8323709 0.4403268
vn -0.2374663 0.8207558 0.5195859
vn -0.4149038 0.818518 0.397345
vn -0.3550386 0.9348364 -0.005329369
vn -0.3179918 0.9189672 0.2331962
vn -0.3995677 0.8117284 0.4259608
vn -0.09738403 0.98895 0.1117775
vn -0.1398914 0.9158453 0.3763746
vn 0.1766988 0.9350612 0.3073078
vn -0.02403751 0.8363301 0.547699
vn -0.3854723 0.7570893 0.5274723
vn -0.4932618 0.5539684 0.67068
vn 0.2645491 0.8883253 0.3753555
vn 0.1443427 0.7131182 0.6860231
vn -0.182791 0.6731474 0.7165612
vn -0.4356838 0.4722914 0.7662379
vn -0.4932618 0.5539684 0.67068
vn -0.7372878 0.3899744 0.5516582
vn -0.2411294 0.9699939 0.03111957
vn -0.3567642 0.9289668 0.09869225
vn 0.5014454 0.8439612 -0.1904785
vn 0.2325566 0.9403225 -0.2484173
vn 0.4435312 0.8355728 -0.3241884
vn 0.2620353 0.9376141 -0.2285114
vn 0.06061679 0.995308 -0.07541639
vn 0.2028044 0.9781767 -0.04517379
vn 0.01900842 0.9842544 -0.1757329
vn 0.2961954 0.9467442 -0.1262683
vn 0.497804 0.8578525 -0.1275944
vn -0.01288544 0.9504415 -0.3106363
vn 0.2565986 0.8872524 -0.3833279
vn -0.004940792 0.8040233 -0.5945774
vn 0.5542256 0.756205 -0.3478335
vn 0.4120797 0.7892156 -0.4553341
vn 0.6657193 0.6536901 -0.359871
vn 0.2439973 0.858958 -0.4501737
vn 0.2225551 0.904235 -0.3644562
vn 0.2524587 0.9516687 -0.1749041
vn 0.378488 0.87085 -0.3136353
vn 0.3081486 0.8201581 -0.4820635
vn 0.5081382 0.7703856 -0.3850996
vn 0.5230463 0.8297217 -0.1948958
vn 0.3472801 0.8461204 -0.4043225
vn 0.4360711 0.8936763 -0.1057577
vn 0.5210934 0.8488984 -0.08850487
vn 0.5498742 0.7458729 -0.3759149
vn 0.4133814 0.837877 -0.3564797
vn -0.05628845 0.9133407 0.403287
vn 0.1430572 0.8899306 0.4330798
vn 0.03112496 0.947912 0.317008
vn 0.4225248 0.8464266 0.3240906
vn -0.08148581 0.8587582 0.5058601
vn 0.2654382 0.82589 0.4974416
vn 0.5993439 0.7431571 0.2974969
vn 0.6980238 0.6865722 0.2034241
vn 0.5688432 0.7374808 0.3640597
vn -0.09541742 0.9545069 0.2825106
vn -0.06051889 0.8872837 0.4572365
vn 0.0278926 0.8549796 0.5179113
vn 0.6454124 0.6524448 0.3971883
vn 0.7513961 0.6553602 0.07685789
vn 0.3700271 0.6302525 0.6825407
vn 0.6026017 0.7875873 -0.128753
vn 0.3996492 0.9021242 0.1626419
vn 0.3434777 0.9188454 -0.1942839
vn 0.1255063 0.9898257 0.06703278
vn 0.1709414 0.9644131 -0.2017087
vn 0.193607 0.9383964 -0.2862315
vn 0.2995199 0.8746238 -0.3812099
vn 0.4668114 0.8226382 -0.3245822
vn 0.3669634 0.8329704 -0.4141232
vn 0.0452808 0.8979203 -0.4378228
vn 0.2759295 0.8602365 -0.4287845
vn 0.2458868 0.7507342 -0.6131378
vn 0.2585497 0.6748509 -0.6911789
vn 0.3908259 0.8226239 -0.412971
vn 0.06333357 0.5444829 -0.8363775
vn -0.1896086 0.4362087 -0.8796424
vn -0.3044029 0.2841198 -0.9091836
vn -0.5262855 0.3952755 -0.7528484
vn -0.6563947 0.1674252 -0.735605
vn -0.4127796 0.5851395 -0.6980149
vn 0.01838232 0.443563 -0.8960546
vn -0.4070302 0.8462547 0.3437723
vn -0.3077491 0.8092272 0.5004416
vn -0.2444045 0.9234828 0.2957123
vn -0.1186506 0.8529716 0.5082927
vn -0.50755 0.7890785 0.3460466
vn -0.4121105 0.6799375 0.6065062
vn -0.03846294 0.7500026 0.6603156
vn 0.1591043 0.7596195 0.6306061
vn -0.129329 0.623634 0.7709439
vn -0.292247 0.9381303 0.1857506
vn -0.4699862 0.8492762 0.2405054
vn -0.4775458 0.8625805 0.1670478
vn 0.1126799 0.6599402 0.7428204
vn 0.3778388 0.6718638 0.6370533
vn -0.06183515 0.580728 0.8117459
vn 0.2790923 0.8241831 0.4927776
vn -0.004575059 0.9035593 0.4284387
vn 0.1979577 0.9418997 0.2713627
vn 0.06510873 0.9886423 0.1354528
vn 0.1577711 0.9795454 0.1248963
vn 0.1196032 0.9667494 0.2260326
vn 0.293249 0.93194 0.2132908
vn 0.2822137 0.8769121 0.3890768
vn 0.3454142 0.8922552 0.2908086
vn 0.3080562 0.9387188 -0.1546236
vn 0.4945244 0.8688278 -0.02416144
vn 0.6704825 0.6979296 -0.2516895
vn 0.7292818 0.6263288 -0.2754274
vn 0.5326527 0.8400702 0.1027783
vn 0.7166754 0.479275 -0.5066279
vn 0.6026569 0.3579775 -0.7132017
vn 0.5698686 0.2251741 -0.7902825
vn 0.3534243 0.3350435 -0.8734055
vn 0.2942863 0.139701 -0.9454519
vn 0.3685091 0.499112 -0.7842755
vn 0.7278427 0.3618886 -0.5824788
vn 0.3002012 0.8640529 0.4040939
vn 0.2698518 0.9195083 0.2858048
vn 0.2749228 0.8545046 0.4407262
vn 0.1643025 0.9241098 0.3450014
vn 0.1751182 0.9682427 0.1784366
vn 0.08251546 0.962719 0.2576105
vn 0.2238505 0.9636737 0.1456845
vn 0.216274 0.9362707 0.2768083
vn 0.2186205 0.8776804 0.4264767
vn 0.2918877 0.9520949 0.09119678
vn 0.3484659 0.8752949 0.3353062
vn 0.6330719 0.7325686 0.2501267
vn 0.4567732 0.7644896 0.4548779
vn 0.6692939 0.6521239 0.3560618
vn 0.5984673 0.8010942 -0.009208645
vn 0.7463135 0.6301367 0.2143453
vn 0.1523515 0.9151719 0.3731614
vn 0.08642121 0.9466301 0.3105201
vn -0.01517898 0.9088235 0.4169046
vn 0.07030383 0.8703812 0.4873334
vn -0.2287998 0.8546099 0.4661466
vn -0.2452323 0.8745593 0.4183387
vn -0.3724381 0.8622267 0.3433
vn -0.3724088 0.8496256 0.3734272
vn 0.1797386 0.8552408 0.4860629
vn -0.3122402 0.8357955 0.4516106
vn -0.3916416 0.8090807 0.4381841
vn -0.1528765 0.9061002 0.3944759
vn -0.4675677 0.8476259 0.25082
vn -0.4086619 0.8789111 0.2459892
vn -0.4733965 0.8677915 0.1511079
vn -0.3878168 0.9094803 0.1498124
vn -0.5310341 0.8394962 0.1151037
vn -0.491623 0.8465143 0.2042554
vn 0.6582623 0.68679 0.3082375
vn 0.6382036 0.7002932 0.3198212
vn -0.0228448 0.9993771 -0.02690007
vn 0.002129651 0.9965467 -0.08300681
vn -0.1017955 0.9611138 -0.2567058
vn -0.1513423 0.9571877 -0.2467533
vn 0.2070653 0.978014 0.02474963
vn 0.1753483 0.972634 0.152434
vn 0.4345665 0.8654529 0.2492851
vn 0.3138324 0.884612 0.3449218
vn -0.08464851 0.9935774 -0.07509029
vn -0.2534157 0.9418793 -0.2205533
vn 0.1233886 0.988709 -0.08502755
vn 0.4874654 0.86914 0.08350547
vn -0.2494378 0.8823864 -0.3989674
vn -0.1801805 0.9242591 -0.3365711
vn -0.185193 0.8959625 -0.4036764
vn -0.05888873 0.9386739 -0.3397405
vn -0.2055314 0.8594357 -0.4681102
vn -0.2176732 0.8543049 -0.4719975
vn 0.6582145 0.6430686 0.3914289
vn 0.5422439 0.6936494 0.4741542
vn 0.243067 0.8805231 0.4069367
vn 0.6673968 0.5511677 0.5007951
vn 0.3613018 0.7358024 0.5727615
vn -0.06765655 0.8719772 0.4848489
vn 0.1813805 0.9168382 0.3556809
vn 0.3311941 0.9241943 0.1901979
vn 0.3441686 0.9272106 0.1477445
vn 0.408228 0.8482186 0.3374539
vn 0.3878312 0.9124485 0.130479
vn 0.384964 0.8585021 0.3387872
vn 0.2325969 0.9288963 0.2881845
vn 0.2406235 0.9683877 0.06576954
vn 0.1215252 0.9586971 0.2571603
vn 0.3260533 0.9448162 -0.03180529
vn 0.3263564 0.9230826 0.2034942
vn 0.4680664 0.8195815 0.3304542
vn 0.302389 0.9520949 -0.04556512
vn 0.5239032 0.839569 0.1436981
vn 0.6777899 0.7320797 -0.06826708
vn 0.6906183 0.7144731 0.1121369
vn 0.739493 0.670416 -0.0607671
vn 0.5342404 0.801095 -0.2698776
vn 0.7649322 0.6301372 -0.1334386
vn 0.2327075 0.9257321 0.2981063
vn 0.1719412 0.9583898 0.2278712
vn 0.09499998 0.9184162 0.3840398
vn 0.1967363 0.880909 0.4304581
vn -0.1187633 0.8338334 0.5390892
vn -0.1562247 0.8670458 0.4731018
vn -0.3455679 0.8248313 0.4474775
vn -0.3256533 0.8302456 0.4523741
vn 0.2709408 0.8686776 0.414717
vn -0.1996308 0.8406524 0.5034392
vn -0.3563485 0.7756266 0.520979
vn -0.06885596 0.9198355 0.3862144
vn -0.4590873 0.8086763 0.3678063
vn -0.3820083 0.855019 0.3507311
vn -0.4446917 0.8483742 0.2872462
vn -0.3587035 0.8963599 0.2605202
vn -0.5077947 0.8189661 0.2672809
vn -0.5024303 0.8010477 0.3254021
vn 0.7061059 0.708073 0.006874485
vn 0.7287651 0.6841503 0.0289743
vn -0.1428735 0.9530906 -0.2668434
vn -0.2162997 0.9071206 -0.3610354
vn -0.330152 0.8080641 -0.4878852
vn -0.330152 0.8080641 -0.4878852
vn -0.3771752 0.7804431 -0.4986455
vn -0.4080383 0.7749804 -0.4826075
vn -0.409684 0.7908076 -0.4547333
vn -0.05315186 0.9983742 0.020585
vn -0.2005378 0.9097776 -0.363441
vn -0.457795 0.802028 -0.3836337
vn -0.3992686 0.804418 -0.4398822
vn -0.1108988 0.9592562 -0.2598634
vn -0.2502348 0.8321739 -0.4948427
vn -0.0911786 0.984251 -0.1514477
vn -0.2502348 0.8321739 -0.4948427
vn 0.1853005 0.9186845 0.34883
vn -0.05315186 0.9983742 0.020585
vn -0.3032115 0.816043 -0.492074
vn -0.2436223 0.9140051 -0.3244117
vn -0.274704 0.8419721 -0.4643495
vn -0.002745291 0.9837129 0.1797256
vn 0.1535951 0.9066201 0.3929992
vn 0.2195792 0.9277202 0.3018612
vn 0.1853005 0.9186845 0.34883
vn 0.3607629 0.8405615 0.404112
vn 0.3194846 0.8759984 0.3613259
vn 0.5182083 0.8238361 0.2296829
vn 0.5715315 0.7851371 0.2385615
vn 0.5387968 0.834633 0.1143934
vn 0.117163 0.9033617 0.4125656
vn 0.1853005 0.9186845 0.34883
vn 0.005959101 0.9996184 0.02697358
vn -0.2076969 0.9615851 0.1794884
vn 0.117163 0.9033617 0.4125656
vn 0.04273797 0.9801981 0.1933524
vn 0.05029796 0.8993863 0.4342516
vn -0.149028 0.9887955 -0.008605919
vn 0.05029796 0.8993863 0.4342516
vn -0.04803522 0.9677929 0.2471226
vn 0.01526848 0.9039251 0.4274183
vn -0.2349094 0.9642073 0.1229711
vn -0.2179681 0.8509163 0.4779451
vn -0.149028 0.9887955 -0.008605919
vn -0.2289973 0.9723218 0.04637554
vn -0.4771112 0.8107426 -0.339207
vn -0.3370048 0.8500725 -0.4047276
vn -0.3185083 0.9474447 0.03001788
vn -0.6055055 0.7125027 -0.354546
vn -0.5521235 0.8124143 0.1874632
vn -0.2179681 0.8509163 0.4779451
vn -0.3353411 0.7976296 0.5013316
vn -0.2690803 0.784694 0.5584364
vn -0.4426124 0.8266233 0.3475461
vn -0.1499497 0.8058183 0.572863
vn -0.108838 0.8046575 0.5836784
vn -0.4771112 0.8107426 -0.339207
vn -0.3044723 0.9515952 -0.04199047
vn -0.3992686 0.804418 -0.4398822
vn -0.4584432 0.8674478 -0.1932982
vn -0.6055055 0.7125027 -0.354546
vn -0.5521235 0.8124143 0.1874632
vn -0.5889773 0.7429203 -0.3180803
vn -0.4888391 0.8723713 0.002139493
vn -0.4501468 0.7518964 -0.4816841
vn -0.5214341 0.7626936 -0.3826291
vn -0.5889773 0.7429203 -0.3180803
vn -0.5815778 0.6440195 -0.4969971
vn -0.1893037 0.9255314 -0.3279568
vn -0.1353021 0.9048715 -0.4036101
vn 0.1053851 0.9720848 -0.209631
vn -0.1632124 0.8572132 -0.488413
vn -0.1031292 0.9328873 -0.3450881
vn -0.3032115 0.816043 -0.492074
vn 0.1258605 0.9792179 -0.159033
vn 0.4695372 0.8811584 0.05563093
vn 0.5387968 0.834633 0.1143934
vn 0.3167146 0.9484464 -0.01188381
vn 0.1535951 0.9066201 0.3929992
vn 0.04657778 0.9984497 0.03047406
vn 0.0798974 0.9967231 0.01262971
vn -0.1814596 0.9815707 0.05992802
vn -0.2844451 0.9393133 0.1917852
vn -0.1112911 0.9695598 0.2181009
vn -0.2249375 0.9224104 0.313946
vn -0.3884391 0.9166387 0.09427886
vn -0.1897692 0.9817199 -0.01461541
vn -0.4353916 0.8497168 0.2973474
vn -0.4698934 0.8413376 0.2671165
vn -0.5890275 0.7879711 0.1792989
vn -0.5187612 0.8450892 0.1292717
vn -0.3039511 0.9078623 0.28879
vn -0.5914705 0.7697103 0.2402261
vn -0.1025132 0.9618453 0.2536623
vn -0.1711607 0.9542217 0.2452855
vn -0.1893098 0.8988181 0.3953325
vn -0.2962109 0.9344286 0.1977431
vn -0.2901453 0.9109638 0.2931905
vn -0.05634155 0.8431356 0.534741
vn -0.3313431 0.8788273 0.3433283
vn -0.2776273 0.8379362 0.4698788
vn 0.04414127 0.7558433 0.6532628
vn -0.2278624 0.9468344 0.2271197
vn -0.2944686 0.9109159 0.2889991
vn -0.2537008 0.8781132 0.4056514
vn -0.2246757 0.9421414 0.248778
vn -0.102764 0.9218413 0.3736953
vn 0.007730821 0.9602948 0.2788802
vn 0.1402115 0.8911254 0.431551
vn -0.008658667 0.8669111 0.4983876
vn 0.03982981 0.82136 0.5690179
vn 0.3270913 0.8631226 0.3847477
vn 0.2261984 0.7977372 0.5589719
vn 0.4348927 0.7091879 0.5549062
vn 0.5461072 0.6153335 0.5684466
vn 0.2099297 0.7507073 0.6263928
vn 0.7449535 0.409767 0.5264363
vn 0.889426 0.3436252 0.3014021
vn 0.9359558 0.1986009 0.2907653
vn 0.9526744 0.2761675 0.1270552
vn 0.9863498 0.1397032 0.08716139
vn 0.9100063 0.4067363 0.08033869
vn 0.8198937 0.4401697 0.3660941
vn -0.2508461 0.966637 0.05185759
vn -0.3460357 0.9292024 0.1297773
vn 0.4175188 0.841175 -0.3436605
vn 0.2148088 0.9517202 -0.2192844
vn 0.3677177 0.9297377 -0.01927556
vn 0.1068062 0.9337814 -0.3415329
vn 0.01468306 0.9852117 -0.1707108
vn 0.1597936 0.9621446 -0.2207796
vn 0.03143074 0.9828386 -0.1817699
vn 0.09977002 0.9605716 -0.259515
vn 0.1551158 0.9583772 -0.2396915
vn 0.1923026 0.8365355 -0.5130576
vn 0.3684546 0.902607 -0.2225799
vn 0.2795029 0.9582302 0.06060437
vn 0.4332289 0.8020486 0.4111337
vn 0.08634947 0.9933708 0.0758826
vn -0.1049786 0.9831725 -0.1495037
vn -0.374286 0.8891416 -0.2633197
vn 0.5965656 0.7022685 0.3884953
vn 0.5238191 0.8517664 0.01037088
vn 0.4021298 0.8828022 -0.2428002
vn 0.009561876 0.8932762 -0.4494064
vn -0.09986272 0.7818261 -0.6154473
vn 0.1068062 0.9337814 -0.3415329
vn 0.3436156 0.7711229 -0.5360017
vn 0.01283017 0.7504677 -0.6607826
vn -0.09986272 0.7818261 -0.6154473
vn 0.2464977 0.5854713 -0.7723097
vn 0.3268783 0.7284846 -0.6020471
vn 0.1709168 0.7081296 -0.6850838
vn 0.3268783 0.7284846 -0.6020471
vn 0.3035606 0.7380212 -0.6026406
vn -0.374286 0.8891416 -0.2633197
vn -0.3515361 0.7235807 -0.5940146
vn -0.3808639 0.7453285 -0.5472002
vn -0.217093 0.7302776 -0.6477386
vn -0.4528154 0.5124268 -0.7296416
vn -0.3808639 0.7453285 -0.5472002
vn -0.228294 0.6788046 -0.6979299
vn 0.1234749 0.5663561 -0.8148587
vn 0.5537638 0.6739867 0.4889658
vn 0.4332289 0.8020486 0.4111337
vn 0.2937188 0.4705225 0.8320684
vn 0.5006928 0.4905337 0.7132204
vn 0.4349928 0.4517912 0.7788877
vn 0.2891156 0.4911387 0.8217024
vn 0.6771498 0.4923523 0.5468614
vn 0.5537638 0.6739867 0.4889658
vn 0.4349928 0.4517912 0.7788877
vn 0.6195494 0.7515633 0.2265196
vn -0.4528154 0.5124268 -0.7296416
vn -0.7216011 0.05752228 -0.6899152
vn -0.7216011 0.05752228 -0.6899152
vn -0.1232658 0.8438199 -0.5222773
vn -0.1693917 0.9555932 -0.241139
vn 0.207524 0.9223858 -0.3257886
vn -0.1350143 0.9871431 -0.08555424
vn -0.06942523 0.9658366 -0.2496794
vn -0.1319709 0.9816412 -0.1377109
vn -0.1729761 0.9618847 -0.2117948
vn -0.1039972 0.9615685 -0.2541077
vn -0.2898078 0.8624731 -0.4149117
vn 0.0742792 0.9183234 -0.388799
vn -0.4819244 0.8441942 -0.234702
vn -0.5144814 0.7604274 -0.396307
vn 0.2352465 0.9545139 -0.1832
vn 0.6011017 0.7949102 -0.08242875
vn 0.1106036 0.9935676 -0.02429589
vn -0.1980542 0.9801826 0.004077956
vn -0.4236048 0.8812968 0.2094634
vn 0.6748653 0.7219869 -0.1526164
vn 0.8603296 0.4649543 0.2089266
vn 0.8759657 0.4791907 0.05532115
vn 0.9114079 0.3067987 0.2742446
vn 0.7898533 0.5813725 -0.1952892
vn 0.3227593 0.8878981 -0.3278162
vn -0.3367282 0.8172557 -0.4676615
vn -0.1825587 0.8182067 -0.5451697
vn -0.2148091 0.8360288 -0.5048892
vn -0.7530317 0.6541783 -0.0706668
vn -0.7492222 0.6032502 -0.2734145
vn -0.944091 0.3235081 0.06351843
vn -0.5715292 0.8043756 -0.1622787
vn -0.6239641 0.7811651 0.02121028
vn -0.4236048 0.8812968 0.2094634
vn -0.5968475 0.7748791 -0.2081716
vn -0.4424848 0.7684431 -0.4622794
vn 0.4776224 0.8182849 -0.3198228
vn 0.6550314 0.5947925 -0.4659997
vn 0.4820208 0.6623741 -0.5735124
vn 0.5792762 0.6930791 -0.4290459
vn 0.4960408 0.7073758 -0.5035504
vn 0.5174252 0.8002012 -0.3032314
vn 0.5549622 0.7174277 -0.4210871
vn 0.6075833 0.7368996 -0.2963471
vn 0.7001171 0.5453993 -0.4608423
vn 0.7976976 0.4110576 -0.4412598
vn 0.7192994 0.6379116 -0.2750946
vn 0.940077 0.2764824 -0.1995313
vn 0.5750057 0.7961305 -0.1885329
vn 0.5967824 0.7670979 -0.2353966
vn 0.702199 0.6333451 -0.3252546
vn 0.5989637 0.7480465 -0.2857779
vn 0.5958923 0.6213041 -0.508816
vn 0.8439437 0.305887 -0.4406724
vn 0.9042158 0.4260505 -0.02957733
vn 0.8330184 0.4944218 -0.2482489
vn 0.8420125 0.5394033 0.007681359
vn 0.6269376 0.3754565 -0.6826285
vn 0.6705787 0.2274612 -0.7061059
vn 0.3495677 0.9339523 -0.07440112
vn 0.2893155 0.9435772 -0.1611169
vn 0.2524094 0.9620578 0.103606
vn 0.532742 0.8172744 -0.2196556
vn 0.2524094 0.9620578 0.103606
vn 0.3023719 0.9495183 -0.08358419
vn 0.3537594 0.9093992 -0.2187407
vn 0.702199 0.6333451 -0.3252546
vn 0.1891856 0.9700853 -0.1521295
vn 0.6878483 -0.3027354 -0.6597092
vn 0.6878483 -0.3027354 -0.6597092
vn 0.6878483 -0.3027354 -0.6597092
vn -0.5209702 0.8501963 0.07587057
vn -0.5021362 0.8266907 -0.2538532
vn -0.6690166 0.743104 0.01460843
vn -0.465907 0.8374151 -0.2857737
vn -0.5880714 0.80816 0.03239575
vn -0.2936176 0.9379196 -0.1846496
vn -0.4794663 0.8765402 -0.04229917
vn -0.2448157 0.9385253 -0.2433834
vn -0.4839121 0.82504 -0.2917843
vn -0.4454475 0.7514077 -0.4867886
vn -0.3981615 0.8273263 -0.3962306
vn -0.5189443 0.8405891 -0.155263
vn -0.2273327 0.8491433 -0.4767341
vn -0.3786499 0.6956859 -0.6104468
vn -0.07085621 0.915188 -0.3967498
vn -0.1721299 0.8443745 -0.507349
vn -0.2521078 0.7352082 -0.6292143
vn -0.2425347 0.5890606 -0.7708337
vn -0.3571136 0.6062698 -0.7105679
vn -0.2866673 0.8218847 -0.4922676
vn -0.04244977 0.9076921 -0.4174843
vn 0.0246384 0.9481052 -0.3170009
vn 0.05623342 0.9557441 -0.2887751
vn -0.200324 0.9062227 -0.3723314
vn -0.5351105 0.69563 -0.4793285
vn -0.3981615 0.8273263 -0.3962306
vn -0.7418662 0.5754868 -0.3441647
vn -0.5237901 0.4381573 -0.7305218
vn -0.2425347 0.5890606 -0.7708337
vn -0.5237901 0.4381573 -0.7305218
vn -0.2618567 0.2941372 -0.9191923
vn -0.6250947 0.2952151 -0.7225682
vn -0.7823858 0.2740656 -0.5592498
vn -0.8201213 -0.1863517 -0.5409936
vn 0.1171029 0.8613035 0.4944119
vn -0.03914263 0.997804 0.05343331
vn 0.2016241 0.8924842 0.4035092
vn -0.06514062 0.9952721 0.07204381
vn 0.1054695 0.8945093 0.43443
vn -0.1370665 0.9857509 0.09750828
vn -0.09575786 0.8513507 0.5157834
vn -0.2620088 0.9540724 0.1452496
vn -0.1996136 0.8530452 0.4821498
vn -0.2670227 0.9531896 0.1418748
vn -0.3882729 0.9141286 -0.1166756
vn -0.3572477 0.9339435 -0.01112248
vn -0.3379037 0.9110993 -0.236049
vn -0.311004 0.9173441 -0.2485083
vn -0.3350698 0.9078165 -0.2521857
vn -0.1814471 0.9174247 0.354131
vn -0.253006 0.9665349 0.04240651
vn -0.3524194 0.9347032 0.04615719
vn -0.3434329 0.9057573 -0.2483093
vn -0.1161877 0.9822173 0.1474773
vn 0.261847 0.8406113 0.47414
vn -0.3821984 0.8805242 -0.2803596
vn -0.3270598 0.8877181 -0.3240191
vn -0.2150419 0.9738995 0.07264227
vn -0.439052 0.8542454 -0.2783849
vn -0.620125 0.7627535 -0.1834454
vn -0.6895671 0.7127773 -0.1282407
vn -0.7994277 0.5917203 -0.103839
vn 0.261847 0.8406113 0.47414
vn 0.4973931 0.8193893 0.2849582
vn -0.0531799 0.970618 0.2346751
vn 0.5316973 0.7875984 0.3114268
vn 0.5033039 0.7567326 0.4171821
vn 0.4254343 0.7449382 0.5138802
vn 0.4155977 0.7550746 0.5070906
vn 0.4075929 0.7849333 0.4666344
vn 0.6773971 0.7343649 0.04291118
vn 0.4168634 0.895041 0.158513
vn 0.5624908 0.809698 0.1673121
vn 0.2482014 0.957029 0.1499715
vn 0.0954864 0.9915408 0.08791505
vn 0.5231693 0.8326522 0.1816155
vn 0.1005324 0.9728644 0.208394
vn 0.4642446 0.8140029 0.3491078
vn 0.05154663 0.9330314 0.3560835
vn 0.3261603 0.8440524 0.4256701
vn -0.003734991 0.9467775 0.3218671
vn -0.2469892 0.8897043 0.3839565
vn -0.1722625 0.9303329 0.3237382
vn -0.3069098 0.9178481 0.2517169
vn -0.34592 0.9308109 0.1180276
vn -0.3825239 0.9101227 0.159224
vn -0.1891746 0.9786807 0.07998157
vn 0.1910326 0.933835 0.3024215
vn -0.0915198 0.9757732 0.1987231
vn -0.094288 0.9358857 0.3394522
vn -0.03084933 0.9846551 0.1717635
vn -0.4044687 0.8889869 0.2147263
vn -0.4604696 0.8696588 0.1779362
vn -0.4177737 0.9007764 0.1186048
vn -0.5728529 0.8164341 0.07262734
vn -0.5667966 0.8173547 -0.1033091
vn -0.6898736 0.72381 -0.01316987
vn -0.6044566 0.7956386 0.0398946
vn -0.5308749 0.8474478 -0.002028651
vn 0.6809248 0.7245829 -0.1064009
vn 0.6336671 0.7639287 0.1219801
vn 0.6670429 0.74344 -0.04848414
vn 0.6750953 0.7374489 0.02038052
vn 0.7064002 0.7077085 0.01214835
vn 0.7203123 0.6918445 0.05001385
vn 0.6476463 0.7555257 0.09866665
vn 0.5972437 0.787021 0.154589
vn 0.3341164 0.9403899 0.06350678
vn 0.6476463 0.7555257 0.09866665
vn 0.4814197 0.8752643 0.04634228
vn -0.6044566 0.7956386 0.0398946
vn -0.2092063 0.97773 0.01662969
vn -0.2879594 0.9480053 -0.1355187
vn 0.5438225 0.8387502 0.0274774
vn 0.1242417 0.9917034 0.0329919
vn 0.2773608 0.949377 0.1474937
vn 0.2811517 0.905659 -0.3173885
vn 0.08877143 0.9862823 -0.139165
vn 0.2247255 0.9688359 -0.1041884
vn 0.1168327 0.9831138 -0.1408454
vn 0.2011034 0.9651845 -0.1672616
vn 0.2411639 0.9625879 -0.1235491
vn 0.4011208 0.8405617 -0.3640854
vn 0.4205211 0.9072087 -0.0115877
vn 0.2044224 0.958232 0.2000078
vn 0.1480116 0.8020476 0.5786297
vn 0.03246255 0.9935675 0.1084889
vn -0.004381829 0.9826573 -0.1853791
vn -0.08837084 0.868902 -0.4870317
vn 0.1597036 0.9651872 -0.2071434
vn 0.2983487 0.7022685 0.6463799
vn 0.435673 0.8618758 0.2595364
vn 0.461359 0.8864345 -0.03717358
vn 0.1874681 0.744282 -0.6410148
vn -0.07603566 0.6581902 -0.7490022
vn 0.4323016 0.739567 -0.5159032
vn 0.7107853 0.567966 -0.4149685
vn 0.353666 0.7578125 -0.548307
vn 0.4202729 0.7478573 -0.5138873
vn 0.6157916 0.7588202 -0.2121146
vn 0.7453682 0.6421881 -0.1789435
vn 0.4892373 0.7505761 -0.4441648
vn 0.4459994 0.8342076 -0.3243182
vn 0.2677948 0.8461303 -0.4608141
vn 0.353666 0.7578125 -0.548307
vn -0.08837084 0.868902 -0.4870317
vn 0.2824164 0.7545677 -0.5923417
vn 0.1308349 0.8255969 -0.5488827
vn -0.07603566 0.6581902 -0.7490022
vn 0.2086457 0.6739869 0.7086669
vn 0.1480116 0.8020476 0.5786297
vn -0.1941004 0.4705249 0.8607737
vn 0.0443777 0.4905347 0.8702909
vn -0.1941004 0.4705249 0.8607737
vn -0.04619095 0.451794 0.8909257
vn -0.1924796 0.4911442 0.8495464
vn 0.2823023 0.4923536 0.8233427
vn 0.2086457 0.6739869 0.7086669
vn -0.04619095 0.451794 0.8909257
vn 0.4040021 0.7515629 0.5214744
vn 0.353666 0.7578125 -0.548307
vn 0.1824193 0.9278318 -0.325348
vn 0.1308349 0.8255969 -0.5488827
vn 0.4459994 0.8342076 -0.3243182
vn 0.4515675 0.7994804 -0.3961287
vn 0.4298089 0.8783272 -0.2092981
vn 0.4192629 0.900761 -0.1133498
vn 0.05953727 0.9590859 -0.2767843
vn -0.001756865 0.9448705 -0.3274394
vn 0.1247813 0.9200548 -0.3713876
vn 0.3310046 0.8841868 -0.3296205
vn 0.09971059 0.8761353 -0.4716404
vn 0.1316228 0.9521772 -0.2757428
vn 0.1040763 0.9517749 -0.2886049
vn 0.07040657 0.9458667 -0.3168265
vn -0.2152318 0.9476224 -0.2359812
vn -0.001756865 0.9448705 -0.3274394
vn -0.4078799 0.8578093 -0.3127256
vn 0.1090287 0.9838623 0.1418715
vn 0.1182067 0.9901304 0.07529311
vn 0.220524 0.9458013 0.2383882
vn 0.2942522 0.9267663 -0.2334951
vn 0.1256088 0.9543204 -0.2710996
vn 0.2847779 0.8393921 -0.4629496
vn 0.5021793 0.8261043 -0.2556708
vn 0.0547137 0.9926984 -0.1075008
vn 0.4967202 0.8667211 -0.04542549
vn 0.7358221 0.6771712 -0.002207127
vn 0.6224278 0.7709342 0.1350712
vn 0.4056256 0.9123582 -0.05541111
vn 0.5949587 0.7664617 0.2419934
vn 0.4752132 0.7211922 0.5040379
vn 0.4327014 0.6074669 0.6661482
vn -0.2286547 0.9413676 -0.2480806
vn -0.1967529 0.9589928 -0.2040124
vn 0.5949587 0.7664617 0.2419934
vn 0.5502875 0.6491479 0.5251578
vn 0.2334181 0.9186422 -0.3187673
vn 0.1131041 0.7472608 -0.6548349
vn 0.3485559 0.6366106 -0.6879212
vn 0.02470099 0.764262 -0.6444328
vn 0.1420179 0.8656259 -0.4801279
vn 0.2962397 0.6802637 -0.6704352
vn -0.0534832 0.6504459 -0.7576672
vn -0.4078799 0.8578093 -0.3127256
vn -0.06282171 0.9266217 -0.3707097
vn 0.5495401 0.7598131 0.3474044
vn 0.5502875 0.6491479 0.5251578
vn 0.4327014 0.6074669 0.6661482
vn 0.3795546 0.6304446 0.67711
vn -0.105802 0.9159949 0.3869876
vn -0.1807906 0.9833027 -0.02075248
vn -0.4700635 0.8781945 0.08840173
vn -0.2636252 0.9452404 -0.1924119
vn -0.2908587 0.95667 0.01355598
vn -0.09685836 0.9888605 -0.1130185
vn -0.1815861 0.9397205 -0.2897442
vn -0.2775741 0.954252 -0.1111562
vn -0.06054416 0.8742374 -0.4817088
vn -0.2564938 0.9547103 -0.1507952
vn -0.1395526 0.9837915 0.1126032
vn -0.105802 0.9159949 0.3869876
vn 0.1061547 0.9566734 0.2711222
vn -0.00273207 0.8985265 0.4389109
vn 0.08542109 0.9960983 -0.02216558
vn -0.00273207 0.8985265 0.4389109
vn 0.08463707 0.9887778 0.1231057
vn -0.1807906 0.9833027 -0.02075248
vn -0.06054416 0.8742374 -0.4817088
vn 0.2607395 0.7871389 -0.558952
vn 0.552288 0.6761838 -0.4875997
vn 0.552288 0.6761838 -0.4875997
vn -0.06054416 0.8742374 -0.4817088
vn 0.0620039 0.9548559 -0.2905264
vn 0.02539721 0.8235227 -0.5667146
vn 0.1581822 0.9514574 -0.2640214
vn 0.3675551 0.7876097 0.4945445
vn 0.1409048 0.8780546 0.4573467
vn 0.3675551 0.7876097 0.4945445
g polySurface118_0
f 3/3/3 2/2/2 1/1/1
f 4/4/4 1/1/1 2/2/2
f 5/5/5 4/4/4 2/2/2
f 5/5/5 6/6/6 4/4/4
f 6/6/6 7/7/7 4/4/4
f 8/8/8 4/4/4 7/7/7
f 9/9/9 6/6/6 5/5/5
f 10/10/10 6/6/6 9/9/9
f 11/11/11 10/10/10 9/9/9
f 12/12/12 11/11/11 9/9/9
f 13/13/13 12/12/12 9/9/9
f 14/14/14 13/13/13 9/9/9
f 15/15/15 14/14/14 9/9/9
f 16/16/16 14/14/14 15/15/15
f 17/17/17 14/14/14 16/16/16
f 18/18/18 17/17/17 16/16/16
f 19/19/19 18/18/18 16/16/16
f 20/20/20 19/19/19 16/16/16
f 21/21/21 19/19/19 20/20/20
f 22/22/22 19/19/19 21/21/21
f 23/23/23 22/22/22 21/21/21
f 24/24/24 22/22/22 23/23/23
f 25/25/25 24/24/24 23/23/23
f 26/26/26 24/24/24 25/25/25
f 27/27/27 26/26/26 25/25/25
f 28/28/28 26/26/26 27/27/27
f 29/29/29 28/28/28 27/27/27
f 30/30/30 28/28/28 29/29/29
f 29/29/29 31/31/31 30/30/30
f 32/32/32 28/28/28 30/30/30
f 33/33/33 32/32/32 30/30/30
f 20/20/20 34/34/34 21/21/21
f 20/20/20 35/35/35 34/34/34
f 16/16/16 35/35/35 20/20/20
f 16/16/16 36/36/36 35/35/35
f 15/15/15 36/36/36 16/16/16
f 15/15/15 37/37/37 36/36/36
f 9/9/9 37/37/37 15/15/15
f 9/9/9 38/38/38 37/37/37
f 5/5/5 38/38/38 9/9/9
f 5/5/5 39/39/39 38/38/38
f 2/2/2 39/39/39 5/5/5
f 2/2/2 40/40/40 39/39/39
f 3/3/3 40/40/40 2/2/2
f 3/3/3 41/41/41 40/40/40
f 1/1/1 41/41/41 3/3/3
f 1/1/1 42/42/42 41/41/41
f 4/4/4 42/42/42 1/1/1
f 4/4/4 43/43/43 42/42/42
f 8/8/8 43/43/43 4/4/4
f 8/8/8 44/44/44 43/43/43
f 7/7/7 44/44/44 8/8/8
f 7/7/7 45/45/45 44/44/44
f 6/6/6 45/45/45 7/7/7
f 6/6/6 46/46/46 45/45/45
f 10/10/10 46/46/46 6/6/6
f 10/10/10 47/47/47 46/46/46
f 11/11/11 47/47/47 10/10/10
f 11/11/11 48/48/48 47/47/47
f 12/12/12 48/48/48 11/11/11
f 12/12/12 49/49/49 48/48/48
f 13/13/13 49/49/49 12/12/12
f 13/13/13 50/50/50 49/49/49
f 14/14/14 50/50/50 13/13/13
f 14/14/14 51/51/51 50/50/50
f 52/52/52 51/51/51 14/14/14
f 14/14/14 17/17/17 52/52/52
f 17/17/17 53/53/53 52/52/52
f 52/52/52 53/53/53 51/51/51
f 17/17/17 54/54/54 53/53/53
f 18/18/18 54/54/54 17/17/17
f 18/18/18 55/55/55 54/54/54
f 19/19/19 55/55/55 18/18/18
f 19/19/19 56/56/56 55/55/55
f 22/22/22 56/56/56 19/19/19
f 22/22/22 57/57/57 56/56/56
f 24/24/24 57/57/57 22/22/22
f 24/24/24 58/58/58 57/57/57
f 26/26/26 58/58/58 24/24/24
f 26/26/26 59/59/59 58/58/58
f 28/28/28 59/59/59 26/26/26
f 28/28/28 60/60/60 59/59/59
f 32/32/32 60/60/60 28/28/28
f 32/32/32 61/61/61 60/60/60
f 33/33/33 61/61/61 32/32/32
f 33/33/33 62/62/62 61/61/61
f 30/30/30 62/62/62 33/33/33
f 30/30/30 63/63/63 62/62/62
f 31/31/31 63/63/63 30/30/30
f 31/31/31 64/64/64 63/63/63
f 29/29/29 64/64/64 31/31/31
f 29/29/29 65/65/65 64/64/64
f 27/27/27 65/65/65 29/29/29
f 27/27/27 66/66/66 65/65/65
f 25/25/25 66/66/66 27/27/27
f 25/25/25 67/67/67 66/66/66
f 23/23/23 67/67/67 25/25/25
f 23/23/23 68/68/68 67/67/67
f 21/21/21 68/68/68 23/23/23
f 21/21/21 34/34/34 68/68/68
f 71/71/71 70/70/70 69/69/69
f 72/72/72 70/70/70 71/71/71
f 71/71/71 69/69/69 73/73/73
f 74/74/74 71/71/71 73/73/73
f 74/74/74 73/73/73 75/75/75
f 75/75/75 73/73/73 76/76/76
f 75/75/75 76/76/76 77/77/77
f 78/78/78 71/71/71 74/74/74
f 78/78/78 72/72/72 71/71/71
f 73/73/73 69/69/69 79/79/79
f 73/73/73 79/79/79 76/76/76
f 80/80/80 72/72/72 78/78/78
f 81/81/81 80/80/80 78/78/78
f 77/77/77 76/76/76 82/82/82
f 76/76/76 83/83/83 82/82/82
f 76/76/76 79/79/79 84/84/84
f 85/85/85 78/78/78 74/74/74
f 86/86/86 85/85/85 74/74/74
f 87/87/87 74/74/74 75/75/75
f 87/87/87 75/75/75 88/88/88
f 88/88/88 75/75/75 77/77/77
f 88/88/88 77/77/77 89/89/89
f 89/89/89 77/77/77 90/90/90
f 77/77/77 91/91/91 90/90/90
f 90/90/90 91/91/91 92/92/92
f 90/90/90 92/92/92 93/93/93
f 93/93/93 92/92/92 94/94/94
f 92/92/92 95/95/95 94/94/94
f 94/94/94 95/95/95 96/96/96
f 93/93/93 94/94/94 97/97/97
f 97/97/97 94/94/94 98/98/98
f 94/94/94 96/96/96 98/98/98
f 97/97/97 98/98/98 99/99/99
f 99/99/99 98/98/98 100/100/100
f 92/92/92 101/101/101 95/95/95
f 91/91/91 101/101/101 92/92/92
f 98/98/98 96/96/96 102/102/102
f 98/98/98 102/102/102 100/100/100
f 100/100/100 102/102/102 103/103/103
f 104/104/104 97/97/97 99/99/99
f 105/105/105 97/97/97 104/104/104
f 105/105/105 93/93/93 97/97/97
f 106/106/106 93/93/93 105/105/105
f 106/106/106 90/90/90 93/93/93
f 89/89/89 90/90/90 106/106/106
f 107/107/107 105/105/105 104/104/104
f 108/108/108 105/105/105 107/107/107
f 108/108/108 106/106/106 105/105/105
f 109/109/109 106/106/106 108/108/108
f 109/109/109 89/89/89 106/106/106
f 110/110/110 89/89/89 109/109/109
f 110/110/110 88/88/88 89/89/89
f 111/111/111 88/88/88 110/110/110
f 112/112/112 100/100/100 103/103/103
f 113/113/113 100/100/100 112/112/112
f 114/114/114 107/107/107 104/104/104
f 114/114/114 104/104/104 115/115/115
f 115/115/115 113/113/113 116/116/116
f 115/115/115 99/99/99 113/113/113
f 113/113/113 99/99/99 100/100/100
f 115/115/115 104/104/104 99/99/99
f 114/114/114 115/115/115 117/117/117
f 118/118/118 115/115/115 116/116/116
f 119/119/119 114/114/114 117/117/117
f 120/120/120 114/114/114 119/119/119
f 120/120/120 107/107/107 114/114/114
f 111/111/111 121/121/121 88/88/88
f 122/122/122 121/121/121 111/111/111
f 123/123/123 122/122/122 111/111/111
f 125/125/125 113/113/113 124/124/124
f 113/113/113 126/126/126 124/124/124
f 128/128/128 127/127/127 121/121/121
f 127/127/127 129/129/129 121/121/121
f 121/121/121 129/129/129 87/87/87
f 129/129/129 74/74/74 87/87/87
f 121/121/121 87/87/87 88/88/88
f 132/132/132 131/131/131 130/130/130
f 133/133/133 132/132/132 130/130/130
f 133/133/133 130/130/130 134/134/134
f 134/134/134 130/130/130 135/135/135
f 136/136/136 133/133/133 134/134/134
f 130/130/130 137/137/137 135/135/135
f 130/130/130 131/131/131 138/138/138
f 131/131/131 139/139/139 138/138/138
f 138/138/138 139/139/139 140/140/140
f 137/137/137 140/140/140 141/141/141
f 135/135/135 142/142/142 141/141/141
f 141/141/141 140/140/140 143/143/143
f 144/144/144 132/132/132 133/133/133
f 144/144/144 133/133/133 145/145/145
f 146/146/146 144/144/144 145/145/145
f 147/147/147 134/134/134 135/135/135
f 148/148/148 134/134/134 147/147/147
f 148/148/148 149/149/149 134/134/134
f 150/150/150 148/148/148 147/147/147
f 151/151/151 148/148/148 150/150/150
f 151/151/151 152/152/152 148/148/148
f 150/150/150 147/147/147 153/153/153
f 150/150/150 153/153/153 154/154/154
f 154/154/154 153/153/153 155/155/155
f 153/153/153 141/141/141 155/155/155
f 155/155/155 141/141/141 143/143/143
f 147/147/147 135/135/135 153/153/153
f 153/153/153 135/135/135 141/141/141
f 150/150/150 154/154/154 156/156/156
f 156/156/156 151/151/151 150/150/150
f 156/156/156 154/154/154 157/157/157
f 157/157/157 158/158/158 156/156/156
f 158/158/158 151/151/151 156/156/156
f 158/158/158 159/159/159 151/151/151
f 160/160/160 158/158/158 157/157/157
f 160/160/160 161/161/161 158/158/158
f 161/161/161 159/159/159 158/158/158
f 162/162/162 161/161/161 160/160/160
f 162/162/162 163/163/163 161/161/161
f 164/164/164 160/160/160 157/157/157
f 157/157/157 165/165/165 164/164/164
f 154/154/154 165/165/165 157/157/157
f 165/165/165 166/166/166 164/164/164
f 166/166/166 165/165/165 167/167/167
f 168/168/168 154/154/154 155/155/155
f 168/168/168 155/155/155 169/169/169
f 166/166/166 170/170/170 164/164/164
f 164/164/164 170/170/170 171/171/171
f 171/171/171 172/172/172 164/164/164
f 172/172/172 160/160/160 164/164/164
f 172/172/172 162/162/162 160/160/160
f 173/173/173 172/172/172 171/171/171
f 174/174/174 173/173/173 171/171/171
f 175/175/175 173/173/173 174/174/174
f 176/176/176 175/175/175 174/174/174
f 174/174/174 171/171/171 177/177/177
f 177/177/177 171/171/171 170/170/170
f 178/178/178 174/174/174 177/177/177
f 178/178/178 177/177/177 179/179/179
f 179/179/179 177/177/177 180/180/180
f 180/180/180 170/170/170 166/166/166
f 177/177/177 170/170/170 180/180/180
f 179/179/179 180/180/180 181/181/181
f 181/181/181 180/180/180 182/182/182
f 181/181/181 182/182/182 183/183/183
f 183/183/183 182/182/182 184/184/184
f 183/183/183 184/184/184 185/185/185
f 185/185/185 184/184/184 186/186/186
f 184/184/184 187/187/187 186/186/186
f 186/186/186 187/187/187 188/188/188
f 187/187/187 189/189/189 188/188/188
f 187/187/187 190/190/190 189/189/189
f 191/191/191 190/190/190 187/187/187
f 185/185/185 186/186/186 192/192/192
f 192/192/192 186/186/186 193/193/193
f 186/186/186 188/188/188 193/193/193
f 193/193/193 188/188/188 194/194/194
f 188/188/188 195/195/195 194/194/194
f 192/192/192 193/193/193 196/196/196
f 196/196/196 193/193/193 197/197/197
f 193/193/193 194/194/194 197/197/197
f 197/197/197 194/194/194 198/198/198
f 194/194/194 199/199/199 198/198/198
f 194/194/194 200/200/200 199/199/199
f 196/196/196 197/197/197 201/201/201
f 201/201/201 197/197/197 202/202/202
f 197/197/197 198/198/198 202/202/202
f 202/202/202 198/198/198 203/203/203
f 198/198/198 204/204/204 203/203/203
f 202/202/202 203/203/203 205/205/205
f 205/205/205 203/203/203 206/206/206
f 203/203/203 207/207/207 206/206/206
f 206/206/206 207/207/207 208/208/208
f 208/208/208 207/207/207 209/209/209
f 208/208/208 209/209/209 210/210/210
f 210/210/210 209/209/209 211/211/211
f 209/209/209 207/207/207 212/212/212
f 207/207/207 213/213/213 212/212/212
f 214/214/214 213/213/213 207/207/207
f 214/214/214 215/215/215 213/213/213
f 215/215/215 216/216/216 213/213/213
f 213/213/213 216/216/216 217/217/217
f 213/213/213 217/217/217 212/212/212
f 212/212/212 217/217/217 218/218/218
f 218/218/218 209/209/209 212/212/212
f 218/218/218 219/219/219 209/209/209
f 218/218/218 220/220/220 219/219/219
f 209/209/209 219/219/219 221/221/221
f 209/209/209 221/221/221 222/222/222
f 222/222/222 221/221/221 223/223/223
f 224/224/224 208/208/208 210/210/210
f 224/224/224 210/210/210 225/225/225
f 225/225/225 210/210/210 226/226/226
f 210/210/210 227/227/227 226/226/226
f 225/225/225 226/226/226 228/228/228
f 228/228/228 226/226/226 229/229/229
f 226/226/226 230/230/230 229/229/229
f 229/229/229 230/230/230 231/231/231
f 230/230/230 232/232/232 231/231/231
f 229/229/229 231/231/231 233/233/233
f 233/233/233 231/231/231 234/234/234
f 231/231/231 235/235/235 234/234/234
f 234/234/234 235/235/235 236/236/236
f 231/231/231 237/237/237 235/235/235
f 234/234/234 236/236/236 238/238/238
f 226/226/226 239/239/239 230/230/230
f 239/239/239 240/240/240 230/230/230
f 230/230/230 240/240/240 241/241/241
f 242/242/242 234/234/234 238/238/238
f 233/233/233 234/234/234 242/242/242
f 243/243/243 229/229/229 233/233/233
f 228/228/228 229/229/229 243/243/243
f 244/244/244 233/233/233 242/242/242
f 243/243/243 233/233/233 244/244/244
f 244/244/244 242/242/242 245/245/245
f 245/245/245 242/242/242 246/246/246
f 242/242/242 247/247/247 246/246/246
f 246/246/246 247/247/247 248/248/248
f 238/238/238 249/249/249 248/248/248
f 248/248/248 249/249/249 250/250/250
f 248/248/248 250/250/250 251/251/251
f 251/251/251 250/250/250 252/252/252
f 253/253/253 248/248/248 251/251/251
f 246/246/246 248/248/248 253/253/253
f 254/254/254 246/246/246 253/253/253
f 245/245/245 246/246/246 254/254/254
f 255/255/255 243/243/243 244/244/244
f 256/256/256 243/243/243 255/255/255
f 256/256/256 228/228/228 243/243/243
f 257/257/257 228/228/228 256/256/256
f 257/257/257 225/225/225 228/228/228
f 258/258/258 225/225/225 257/257/257
f 258/258/258 224/224/224 225/225/225
f 259/259/259 224/224/224 258/258/258
f 259/259/259 206/206/206 224/224/224
f 206/206/206 208/208/208 224/224/224
f 205/205/205 206/206/206 259/259/259
f 260/260/260 257/257/257 256/256/256
f 261/261/261 257/257/257 260/260/260
f 261/261/261 258/258/258 257/257/257
f 262/262/262 258/258/258 261/261/261
f 262/262/262 259/259/259 258/258/258
f 263/263/263 256/256/256 255/255/255
f 260/260/260 256/256/256 263/263/263
f 263/263/263 255/255/255 264/264/264
f 264/264/264 255/255/255 265/265/265
f 255/255/255 244/244/244 265/265/265
f 265/265/265 244/244/244 245/245/245
f 265/265/265 245/245/245 266/266/266
f 266/266/266 245/245/245 254/254/254
f 267/267/267 265/265/265 266/266/266
f 264/264/264 265/265/265 267/267/267
f 268/268/268 259/259/259 262/262/262
f 268/268/268 205/205/205 259/259/259
f 269/269/269 205/205/205 268/268/268
f 269/269/269 202/202/202 205/205/205
f 201/201/201 202/202/202 269/269/269
f 272/272/272 271/271/271 270/270/270
f 275/275/275 274/274/274 273/273/273
f 275/275/275 273/273/273 148/148/148
f 277/277/277 276/276/276 151/151/151
f 279/279/279 278/278/278 162/162/162
f 280/280/280 162/162/162 172/172/172
f 173/173/173 280/280/280 172/172/172
f 281/281/281 280/280/280 173/173/173
f 175/175/175 281/281/281 173/173/173
f 282/282/282 281/281/281 175/175/175
f 283/283/283 282/282/282 175/175/175
f 284/284/284 282/282/282 283/283/283
f 281/281/281 285/285/285 280/280/280
f 282/282/282 286/286/286 281/281/281
f 286/286/286 287/287/287 281/281/281
f 288/288/288 286/286/286 282/282/282
f 284/284/284 288/288/288 282/282/282
f 288/288/288 289/289/289 286/286/286
f 290/290/290 289/289/289 288/288/288
f 291/291/291 279/279/279 280/280/280
f 292/292/292 288/288/288 284/284/284
f 292/292/292 293/293/293 288/288/288
f 280/280/280 294/294/294 162/162/162
f 296/296/296 293/293/293 295/295/295
f 299/299/299 298/298/298 297/297/297
f 300/300/300 299/299/299 297/297/297
f 302/302/302 299/299/299 301/301/301
f 305/305/305 304/304/304 303/303/303
f 305/305/305 306/306/306 304/304/304
f 309/309/309 308/308/308 307/307/307
f 312/312/312 311/311/311 310/310/310
f 311/311/311 313/313/313 310/310/310
f 316/316/316 315/315/315 314/314/314
f 319/319/319 318/318/318 317/317/317
f 322/322/322 321/321/321 320/320/320
f 322/322/322 320/320/320 214/214/214
f 324/324/324 320/320/320 323/323/323
f 320/320/320 325/325/325 323/323/323
f 320/320/320 326/326/326 325/325/325
f 323/323/323 325/325/325 327/327/327
f 330/330/330 329/329/329 328/328/328
f 329/329/329 331/331/331 328/328/328
f 334/334/334 333/333/333 332/332/332
f 337/337/337 336/336/336 335/335/335
f 340/340/340 339/339/339 338/338/338
f 343/343/343 342/342/342 341/341/341
f 342/342/342 344/344/344 341/341/341
f 341/341/341 344/344/344 345/345/345
f 346/346/346 342/342/342 343/343/343
f 342/342/342 347/347/347 344/344/344
f 348/348/348 347/347/347 342/342/342
f 346/346/346 348/348/348 342/342/342
f 347/347/347 349/349/349 344/344/344
f 344/344/344 349/349/349 350/350/350
f 350/350/350 349/349/349 351/351/351
f 349/349/349 352/352/352 351/351/351
f 351/351/351 352/352/352 353/353/353
f 352/352/352 349/349/349 354/354/354
f 354/354/354 349/349/349 347/347/347
f 355/355/355 348/348/348 346/346/346
f 356/356/356 355/355/355 346/346/346
f 357/357/357 355/355/355 356/356/356
f 356/356/356 346/346/346 358/358/358
f 140/140/140 357/357/357 356/356/356
f 139/139/139 357/357/357 140/140/140
f 140/140/140 356/356/356 143/143/143
f 143/143/143 356/356/356 359/359/359
f 359/359/359 155/155/155 143/143/143
f 362/362/362 361/361/361 360/360/360
f 362/362/362 363/363/363 361/361/361
f 363/363/363 364/364/364 361/361/361
f 363/363/363 365/365/365 364/364/364
f 365/365/365 366/366/366 364/364/364
f 364/364/364 366/366/366 367/367/367
f 364/364/364 367/367/367 368/368/368
f 368/368/368 367/367/367 369/369/369
f 365/365/365 370/370/370 366/366/366
f 370/370/370 371/371/371 366/366/366
f 366/366/366 372/372/372 367/367/367
f 366/366/366 371/371/371 372/372/372
f 367/367/367 372/372/372 373/373/373
f 367/367/367 373/373/373 369/369/369
f 369/369/369 373/373/373 374/374/374
f 375/375/375 365/365/365 363/363/363
f 375/375/375 376/376/376 365/365/365
f 376/376/376 377/377/377 365/365/365
f 378/378/378 376/376/376 375/375/375
f 378/378/378 379/379/379 376/376/376
f 379/379/379 380/380/380 376/376/376
f 381/381/381 378/378/378 375/375/375
f 382/382/382 378/378/378 381/381/381
f 382/382/382 383/383/383 378/378/378
f 383/383/383 384/384/384 378/378/378
f 385/385/385 383/383/383 382/382/382
f 381/381/381 375/375/375 386/386/386
f 386/386/386 375/375/375 363/363/363
f 386/386/386 363/363/363 362/362/362
f 389/389/389 388/388/388 387/387/387
f 387/387/387 388/388/388 390/390/390
f 388/388/388 391/391/391 390/390/390
f 390/390/390 391/391/391 392/392/392
f 390/390/390 392/392/392 393/393/393
f 393/393/393 392/392/392 394/394/394
f 393/393/393 394/394/394 395/395/395
f 395/395/395 394/394/394 396/396/396
f 395/395/395 396/396/396 397/397/397
f 397/397/397 396/396/396 398/398/398
f 397/397/397 398/398/398 399/399/399
f 399/399/399 398/398/398 400/400/400
f 399/399/399 400/400/400 401/401/401
f 401/401/401 400/400/400 402/402/402
f 401/401/401 402/402/402 403/403/403
f 403/403/403 402/402/402 404/404/404
f 405/405/405 397/397/397 399/399/399
f 406/406/406 397/397/397 405/405/405
f 406/406/406 395/395/395 397/397/397
f 407/407/407 395/395/395 406/406/406
f 407/407/407 393/393/393 395/395/395
f 408/408/408 393/393/393 407/407/407
f 408/408/408 390/390/390 393/393/393
f 387/387/387 390/390/390 408/408/408
f 403/403/403 404/404/404 409/409/409
f 410/410/410 403/403/403 409/409/409
f 411/411/411 403/403/403 410/410/410
f 411/411/411 401/401/401 403/403/403
f 412/412/412 411/411/411 410/410/410
f 413/413/413 411/411/411 412/412/412
f 413/413/413 401/401/401 411/411/411
f 414/414/414 413/413/413 412/412/412
f 415/415/415 413/413/413 414/414/414
f 415/415/415 401/401/401 413/413/413
f 416/416/416 401/401/401 415/415/415
f 416/416/416 399/399/399 401/401/401
f 405/405/405 399/399/399 416/416/416
f 417/417/417 415/415/415 414/414/414
f 418/418/418 415/415/415 417/417/417
f 418/418/418 416/416/416 415/415/415
f 419/419/419 416/416/416 418/418/418
f 420/420/420 416/416/416 419/419/419
f 420/420/420 405/405/405 416/416/416
f 421/421/421 405/405/405 420/420/420
f 421/421/421 406/406/406 405/405/405
f 422/422/422 406/406/406 421/421/421
f 422/422/422 407/407/407 406/406/406
f 419/419/419 418/418/418 423/423/423
f 423/423/423 418/418/418 424/424/424
f 424/424/424 418/418/418 417/417/417
f 425/425/425 407/407/407 422/422/422
f 428/428/428 427/427/427 426/426/426
f 431/431/431 430/430/430 429/429/429
f 431/431/431 429/429/429 432/432/432
f 435/435/435 434/434/434 433/433/433
f 436/436/436 435/435/435 433/433/433
f 436/436/436 433/433/433 437/437/437
f 438/438/438 436/436/436 437/437/437
f 438/438/438 437/437/437 439/439/439
f 439/439/439 437/437/437 440/440/440
f 439/439/439 440/440/440 441/441/441
f 441/441/441 440/440/440 442/442/442
f 440/440/440 443/443/443 442/442/442
f 442/442/442 443/443/443 444/444/444
f 443/443/443 445/445/445 444/444/444
f 444/444/444 445/445/445 446/446/446
f 444/444/444 446/446/446 447/447/447
f 447/447/447 446/446/446 448/448/448
f 441/441/441 442/442/442 449/449/449
f 450/450/450 444/444/444 447/447/447
f 442/442/442 444/444/444 450/450/450
f 451/451/451 442/442/442 450/450/450
f 437/437/437 452/452/452 440/440/440
f 440/440/440 452/452/452 443/443/443
f 437/437/437 433/433/433 452/452/452
f 433/433/433 453/453/453 452/452/452
f 433/433/433 454/454/454 453/453/453
f 452/452/452 453/453/453 455/455/455
f 452/452/452 455/455/455 443/443/443
f 443/443/443 455/455/455 445/445/445
f 458/458/458 457/457/457 456/456/456
f 456/456/456 457/457/457 459/459/459
f 456/456/456 459/459/459 460/460/460
f 460/460/460 459/459/459 461/461/461
f 457/457/457 462/462/462 459/459/459
f 457/457/457 463/463/463 462/462/462
f 464/464/464 463/463/463 457/457/457
f 465/465/465 464/464/464 457/457/457
f 464/464/464 466/466/466 463/463/463
f 459/459/459 462/462/462 467/467/467
f 459/459/459 467/467/467 461/461/461
f 461/461/461 467/467/467 468/468/468
f 461/461/461 468/468/468 469/469/469
f 469/469/469 470/470/470 461/461/461
f 470/470/470 469/469/469 471/471/471
f 472/472/472 470/470/470 471/471/471
f 473/473/473 470/470/470 472/472/472
f 470/470/470 474/474/474 461/461/461
f 460/460/460 461/461/461 474/474/474
f 473/473/473 474/474/474 470/470/470
f 469/469/469 468/468/468 475/475/475
f 471/471/471 469/469/469 476/476/476
f 469/469/469 475/475/475 476/476/476
f 476/476/476 475/475/475 477/477/477
f 479/479/479 464/464/464 478/478/478
f 480/480/480 479/479/479 478/478/478
f 481/481/481 479/479/479 480/480/480
f 481/481/481 482/482/482 479/479/479
f 482/482/482 483/483/483 479/479/479
f 479/479/479 483/483/483 464/464/464
f 483/483/483 484/484/484 464/464/464
f 486/486/486 485/485/485 481/481/481
f 489/489/489 488/488/488 487/487/487
f 488/488/488 490/490/490 487/487/487
f 487/487/487 490/490/490 491/491/491
f 492/492/492 364/364/364 368/368/368
f 494/494/494 346/346/346 493/493/493
f 497/497/497 496/496/496 495/495/495
f 500/500/500 499/499/499 498/498/498
f 503/503/503 502/502/502 501/501/501
f 503/503/503 504/504/504 502/502/502
f 502/502/502 504/504/504 505/505/505
f 502/502/502 505/505/505 506/506/506
f 506/506/506 505/505/505 507/507/507
f 508/508/508 506/506/506 507/507/507
f 509/509/509 506/506/506 508/508/508
f 511/511/511 503/503/503 510/510/510
f 512/512/512 503/503/503 511/511/511
f 511/511/511 514/514/514 513/513/513
f 511/511/511 515/515/515 514/514/514
f 516/516/516 515/515/515 511/511/511
f 516/516/516 517/517/517 515/515/515
f 518/518/518 517/517/517 516/516/516
f 517/517/517 518/518/518 519/519/519
f 520/520/520 518/518/518 516/516/516
f 521/521/521 518/518/518 520/520/520
f 521/521/521 522/522/522 518/518/518
f 523/523/523 522/522/522 521/521/521
f 523/523/523 524/524/524 522/522/522
f 525/525/525 524/524/524 523/523/523
f 525/525/525 526/526/526 524/524/524
f 520/520/520 516/516/516 527/527/527
f 527/527/527 516/516/516 511/511/511
f 527/527/527 511/511/511 528/528/528
f 528/528/528 511/511/511 529/529/529
f 528/528/528 529/529/529 530/530/530
f 531/531/531 525/525/525 523/523/523
f 531/531/531 532/532/532 525/525/525
f 532/532/532 533/533/533 525/525/525
f 534/534/534 532/532/532 531/531/531
f 534/534/534 535/535/535 532/532/532
f 535/535/535 536/536/536 532/532/532
f 537/537/537 535/535/535 534/534/534
f 538/538/538 537/537/537 534/534/534
f 539/539/539 537/537/537 538/538/538
f 540/540/540 534/534/534 531/531/531
f 538/538/538 534/534/534 540/540/540
f 541/541/541 527/527/527 528/528/528
f 542/542/542 527/527/527 541/541/541
f 543/543/543 542/542/542 541/541/541
f 544/544/544 542/542/542 543/543/543
f 544/544/544 545/545/545 542/542/542
f 545/545/545 520/520/520 542/542/542
f 542/542/542 520/520/520 527/527/527
f 545/545/545 521/521/521 520/520/520
f 546/546/546 545/545/545 544/544/544
f 543/543/543 541/541/541 547/547/547
f 547/547/547 541/541/541 548/548/548
f 541/541/541 528/528/528 548/548/548
f 548/548/548 528/528/528 530/530/530
f 549/549/549 521/521/521 545/545/545
f 545/545/545 550/550/550 549/549/549
f 551/551/551 550/550/550 545/545/545
f 550/550/550 523/523/523 549/549/549
f 523/523/523 521/521/521 549/549/549
f 531/531/531 523/523/523 550/550/550
f 552/552/552 546/546/546 544/544/544
f 553/553/553 550/550/550 546/546/546
f 553/553/553 554/554/554 552/552/552
f 555/555/555 550/550/550 553/553/553
f 555/555/555 531/531/531 550/550/550
f 540/540/540 531/531/531 555/555/555
f 556/556/556 553/553/553 552/552/552
f 557/557/557 553/553/553 556/556/556
f 557/557/557 555/555/555 553/553/553
f 558/558/558 555/555/555 557/557/557
f 558/558/558 540/540/540 555/555/555
f 556/556/556 552/552/552 559/559/559
f 559/559/559 552/552/552 560/560/560
f 552/552/552 544/544/544 560/560/560
f 560/560/560 544/544/544 543/543/543
f 560/560/560 543/543/543 561/561/561
f 561/561/561 543/543/543 547/547/547
f 561/561/561 547/547/547 562/562/562
f 562/562/562 547/547/547 563/563/563
f 547/547/547 564/564/564 563/563/563
f 565/565/565 561/561/561 562/562/562
f 565/565/565 562/562/562 566/566/566
f 567/567/567 561/561/561 565/565/565
f 567/567/567 560/560/560 561/561/561
f 559/559/559 560/560/560 567/567/567
f 568/568/568 540/540/540 558/558/558
f 569/569/569 567/567/567 565/565/565
f 570/570/570 567/567/567 569/569/569
f 571/571/571 570/570/570 569/569/569
f 572/572/572 571/571/571 569/569/569
f 572/572/572 569/569/569 565/565/565
f 572/572/572 565/565/565 573/573/573
f 574/574/574 565/565/565 566/566/566
f 562/562/562 576/576/576 575/575/575
f 577/577/577 562/562/562 575/575/575
f 568/568/568 538/538/538 540/540/540
f 578/578/578 538/538/538 568/568/568
f 578/578/578 539/539/539 538/538/538
f 579/579/579 539/539/539 578/578/578
f 580/580/580 579/579/579 578/578/578
f 581/581/581 579/579/579 580/580/580
f 580/580/580 578/578/578 582/582/582
f 582/582/582 578/578/578 568/568/568
f 583/583/583 581/581/581 580/580/580
f 584/584/584 580/580/580 582/582/582
f 583/583/583 580/580/580 584/584/584
f 579/579/579 585/585/585 539/539/539
f 585/585/585 586/586/586 539/539/539
f 585/585/585 587/587/587 586/586/586
f 587/587/587 588/588/588 586/586/586
f 587/587/587 589/589/589 588/588/588
f 589/589/589 590/590/590 588/588/588
f 586/586/586 588/588/588 591/591/591
f 588/588/588 592/592/592 591/591/591
f 588/588/588 593/593/593 592/592/592
f 586/586/586 591/591/591 537/537/537
f 537/537/537 591/591/591 535/535/535
f 591/591/591 594/594/594 535/535/535
f 595/595/595 587/587/587 585/585/585
f 597/597/597 584/584/584 596/596/596
f 597/597/597 596/596/596 598/598/598
f 599/599/599 597/597/597 598/598/598
f 600/600/600 597/597/597 599/599/599
f 601/601/601 600/600/600 599/599/599
f 601/601/601 599/599/599 602/602/602
f 603/603/603 601/601/601 602/602/602
f 604/604/604 601/601/601 603/603/603
f 602/602/602 599/599/599 605/605/605
f 599/599/599 598/598/598 605/605/605
f 606/606/606 600/600/600 601/601/601
f 606/606/606 607/607/607 600/600/600
f 600/600/600 608/608/608 597/597/597
f 607/607/607 608/608/608 600/600/600
f 608/608/608 584/584/584 597/597/597
f 596/596/596 584/584/584 609/609/609
f 607/607/607 610/610/610 608/608/608
f 611/611/611 610/610/610 607/607/607
f 611/611/611 612/612/612 610/610/610
f 613/613/613 612/612/612 611/611/611
f 613/613/613 614/614/614 612/612/612
f 615/615/615 614/614/614 613/613/613
f 615/615/615 616/616/616 614/614/614
f 617/617/617 616/616/616 615/615/615
f 617/617/617 618/618/618 616/616/616
f 619/619/619 618/618/618 617/617/617
f 619/619/619 620/620/620 618/618/618
f 618/618/618 621/621/621 616/616/616
f 618/618/618 622/622/622 621/621/621
f 622/622/622 623/623/623 621/621/621
f 621/621/621 623/623/623 624/624/624
f 623/623/623 625/625/625 624/624/624
f 624/624/624 625/625/625 626/626/626
f 625/625/625 627/627/627 626/626/626
f 625/625/625 628/628/628 627/627/627
f 627/627/627 628/628/628 629/629/629
f 629/629/629 628/628/628 630/630/630
f 628/628/628 631/631/631 630/630/630
f 625/625/625 631/631/631 628/628/628
f 630/630/630 631/631/631 632/632/632
f 631/631/631 633/633/633 632/632/632
f 632/632/632 633/633/633 634/634/634
f 633/633/633 635/635/635 634/634/634
f 635/635/635 636/636/636 634/634/634
f 635/635/635 637/637/637 636/636/636
f 637/637/637 638/638/638 636/636/636
f 636/636/636 638/638/638 639/639/639
f 638/638/638 640/640/640 639/639/639
f 638/638/638 641/641/641 640/640/640
f 642/642/642 641/641/641 638/638/638
f 637/637/637 642/642/642 638/638/638
f 642/642/642 643/643/643 641/641/641
f 644/644/644 643/643/643 642/642/642
f 644/644/644 645/645/645 643/643/643
f 646/646/646 645/645/645 644/644/644
f 639/639/639 640/640/640 647/647/647
f 639/639/639 647/647/647 648/648/648
f 648/648/648 647/647/647 649/649/649
f 650/650/650 642/642/642 637/637/637
f 650/650/650 644/644/644 642/642/642
f 651/651/651 639/639/639 648/648/648
f 636/636/636 639/639/639 651/651/651
f 652/652/652 651/651/651 648/648/648
f 653/653/653 652/652/652 648/648/648
f 645/645/645 654/654/654 643/643/643
f 643/643/643 654/654/654 655/655/655
f 643/643/643 656/656/656 641/641/641
f 641/641/641 656/656/656 657/657/657
f 641/641/641 657/657/657 640/640/640
f 640/640/640 658/658/658 647/647/647
f 647/647/647 659/659/659 649/649/649
f 661/661/661 651/651/651 660/660/660
f 661/661/661 634/634/634 651/651/651
f 634/634/634 636/636/636 651/651/651
f 632/632/632 634/634/634 661/661/661
f 662/662/662 661/661/661 660/660/660
f 663/663/663 661/661/661 662/662/662
f 663/663/663 632/632/632 661/661/661
f 630/630/630 632/632/632 663/663/663
f 664/664/664 663/663/663 662/662/662
f 665/665/665 664/664/664 662/662/662
f 665/665/665 662/662/662 666/666/666
f 667/667/667 663/663/663 664/664/664
f 667/667/667 630/630/630 663/663/663
f 668/668/668 667/667/667 664/664/664
f 669/669/669 668/668/668 664/664/664
f 669/669/669 664/664/664 670/670/670
f 629/629/629 630/630/630 667/667/667
f 671/671/671 629/629/629 667/667/667
f 671/671/671 667/667/667 672/672/672
f 673/673/673 629/629/629 671/671/671
f 673/673/673 674/674/674 629/629/629
f 675/675/675 665/665/665 666/666/666
f 676/676/676 669/669/669 670/670/670
f 677/677/677 669/669/669 676/676/676
f 676/676/676 678/678/678 677/677/677
f 677/677/677 678/678/678 679/679/679
f 677/677/677 679/679/679 680/680/680
f 678/678/678 681/681/681 679/679/679
f 679/679/679 681/681/681 682/682/682
f 679/679/679 682/682/682 683/683/683
f 684/684/684 679/679/679 683/683/683
f 684/684/684 683/683/683 685/685/685
f 683/683/683 682/682/682 686/686/686
f 683/683/683 686/686/686 687/687/687
f 688/688/688 683/683/683 687/687/687
f 687/687/687 686/686/686 689/689/689
f 687/687/687 689/689/689 690/690/690
f 691/691/691 687/687/687 690/690/690
f 691/691/691 690/690/690 692/692/692
f 692/692/692 690/690/690 693/693/693
f 692/692/692 693/693/693 694/694/694
f 694/694/694 693/693/693 695/695/695
f 694/694/694 695/695/695 696/696/696
f 697/697/697 687/687/687 691/691/691
f 690/690/690 698/698/698 693/693/693
f 690/690/690 689/689/689 698/698/698
f 693/693/693 698/698/698 699/699/699
f 693/693/693 699/699/699 695/695/695
f 695/695/695 699/699/699 700/700/700
f 702/702/702 695/695/695 701/701/701
f 702/702/702 701/701/701 703/703/703
f 703/703/703 701/701/701 704/704/704
f 703/703/703 704/704/704 705/705/705
f 705/705/705 704/704/704 706/706/706
f 705/705/705 706/706/706 707/707/707
f 707/707/707 706/706/706 708/708/708
f 707/707/707 708/708/708 709/709/709
f 709/709/709 708/708/708 710/710/710
f 709/709/709 710/710/710 711/711/711
f 711/711/711 710/710/710 712/712/712
f 711/711/711 712/712/712 713/713/713
f 713/713/713 712/712/712 714/714/714
f 713/713/713 714/714/714 715/715/715
f 715/715/715 714/714/714 716/716/716
f 715/715/715 716/716/716 717/717/717
f 717/717/717 716/716/716 718/718/718
f 719/719/719 703/703/703 705/705/705
f 704/704/704 720/720/720 706/706/706
f 704/704/704 721/721/721 720/720/720
f 701/701/701 721/721/721 704/704/704
f 708/708/708 722/722/722 710/710/710
f 708/708/708 723/723/723 722/722/722
f 706/706/706 723/723/723 708/708/708
f 706/706/706 720/720/720 723/723/723
f 714/714/714 724/724/724 716/716/716
f 714/714/714 725/725/725 724/724/724
f 712/712/712 725/725/725 714/714/714
f 712/712/712 726/726/726 725/725/725
f 710/710/710 722/722/722 726/726/726
f 710/710/710 726/726/726 712/712/712
f 701/701/701 727/727/727 721/721/721
f 695/695/695 728/728/728 701/701/701
f 716/716/716 724/724/724 729/729/729
f 716/716/716 729/729/729 718/718/718
f 718/718/718 729/729/729 730/730/730
f 512/512/512 732/732/732 731/731/731
f 512/512/512 734/734/734 733/733/733
f 737/737/737 736/736/736 735/735/735
f 738/738/738 736/736/736 737/737/737
f 740/740/740 739/739/739 736/736/736
f 741/741/741 739/739/739 740/740/740
f 742/742/742 741/741/741 740/740/740
f 741/741/741 743/743/743 739/739/739
f 744/744/744 743/743/743 741/741/741
f 745/745/745 744/744/744 741/741/741
f 742/742/742 745/745/745 741/741/741
f 746/746/746 744/744/744 745/745/745
f 746/746/746 747/747/747 744/744/744
f 748/748/748 743/743/743 744/744/744
f 742/742/742 749/749/749 745/745/745
f 745/745/745 749/749/749 750/750/750
f 750/750/750 751/751/751 745/745/745
f 752/752/752 751/751/751 750/750/750
f 753/753/753 752/752/752 750/750/750
f 754/754/754 752/752/752 753/753/753
f 749/749/749 755/755/755 750/750/750
f 742/742/742 756/756/756 749/749/749
f 758/758/758 757/757/757 749/749/749
f 759/759/759 758/758/758 742/742/742
f 762/762/762 761/761/761 760/760/760
f 763/763/763 761/761/761 762/762/762
f 763/763/763 762/762/762 764/764/764
f 764/764/764 762/762/762 765/765/765
f 762/762/762 766/766/766 765/765/765
f 762/762/762 760/760/760 766/766/766
f 765/765/765 766/766/766 767/767/767
f 766/766/766 768/768/768 767/767/767
f 768/768/768 769/769/769 767/767/767
f 769/769/769 770/770/770 767/767/767
f 767/767/767 770/770/770 771/771/771
f 770/770/770 772/772/772 771/771/771
f 771/771/771 772/772/772 773/773/773
f 772/772/772 774/774/774 773/773/773
f 774/774/774 775/775/775 773/773/773
f 773/773/773 775/775/775 776/776/776
f 776/776/776 775/775/775 777/777/777
f 775/775/775 778/778/778 777/777/777
f 778/778/778 779/779/779 777/777/777
f 779/779/779 780/780/780 777/777/777
f 781/781/781 777/777/777 780/780/780
f 781/781/781 782/782/782 777/777/777
f 777/777/777 782/782/782 783/783/783
f 777/777/777 783/783/783 776/776/776
f 776/776/776 783/783/783 784/784/784
f 776/776/776 784/784/784 773/773/773
f 773/773/773 784/784/784 785/785/785
f 773/773/773 785/785/785 771/771/771
f 771/771/771 785/785/785 786/786/786
f 771/771/771 786/786/786 767/767/767
f 767/767/767 786/786/786 787/787/787
f 767/767/767 787/787/787 765/765/765
f 765/765/765 787/787/787 788/788/788
f 765/765/765 788/788/788 764/764/764
f 764/764/764 788/788/788 789/789/789
f 764/764/764 789/789/789 790/790/790
f 790/790/790 791/791/791 764/764/764
f 791/791/791 763/763/763 764/764/764
f 792/792/792 791/791/791 790/790/790
f 793/793/793 792/792/792 790/790/790
f 794/794/794 792/792/792 793/793/793
f 795/795/795 794/794/794 793/793/793
f 796/796/796 795/795/795 793/793/793
f 790/790/790 789/789/789 797/797/797
f 790/790/790 797/797/797 793/793/793
f 793/793/793 797/797/797 798/798/798
f 793/793/793 798/798/798 796/796/796
f 796/796/796 798/798/798 799/799/799
f 796/796/796 799/799/799 795/795/795
f 795/795/795 799/799/799 800/800/800
f 795/795/795 800/800/800 794/794/794
f 794/794/794 800/800/800 801/801/801
f 794/794/794 801/801/801 792/792/792
f 792/792/792 801/801/801 802/802/802
f 792/792/792 802/802/802 791/791/791
f 791/791/791 802/802/802 803/803/803
f 791/791/791 803/803/803 763/763/763
f 763/763/763 803/803/803 761/761/761
f 805/805/805 436/436/436 804/804/804
f 807/807/807 806/806/806 436/436/436
f 808/808/808 806/806/806 807/807/807
f 810/810/810 809/809/809 436/436/436
f 812/812/812 811/811/811 438/438/438
f 813/813/813 811/811/811 812/812/812
f 812/812/812 815/815/815 814/814/814
f 814/814/814 815/815/815 439/439/439
f 814/814/814 439/439/439 816/816/816
f 816/816/816 439/439/439 441/441/441
f 816/816/816 441/441/441 817/817/817
f 817/817/817 441/441/441 818/818/818
f 821/821/821 820/820/820 819/819/819
f 823/823/823 820/820/820 822/822/822
f 823/823/823 824/824/824 820/820/820
f 826/826/826 825/825/825 823/823/823
f 829/829/829 828/828/828 827/827/827
f 830/830/830 236/236/236 249/249/249
f 203/203/203 831/831/831 207/207/207
f 832/832/832 174/174/174 178/178/178
f 832/832/832 833/833/833 174/174/174
f 834/834/834 833/833/833 832/832/832
f 837/837/837 836/836/836 835/835/835
f 838/838/838 836/836/836 837/837/837
f 838/838/838 839/839/839 836/836/836
f 837/837/837 840/840/840 838/838/838
f 840/840/840 841/841/841 838/838/838
f 838/838/838 841/841/841 842/842/842
f 842/842/842 843/843/843 838/838/838
f 841/841/841 844/844/844 842/842/842
f 845/845/845 844/844/844 841/841/841
f 846/846/846 840/840/840 837/837/837
f 846/846/846 604/604/604 840/840/840
f 847/847/847 604/604/604 846/846/846
f 847/847/847 601/601/601 604/604/604
f 848/848/848 601/601/601 847/847/847
f 848/848/848 606/606/606 601/601/601
f 849/849/849 606/606/606 848/848/848
f 849/849/849 607/607/607 606/606/606
f 850/850/850 607/607/607 849/849/849
f 850/850/850 611/611/611 607/607/607
f 851/851/851 611/611/611 850/850/850
f 851/851/851 613/613/613 611/611/611
f 615/615/615 613/613/613 851/851/851
f 180/180/180 166/166/166 182/182/182
f 182/182/182 166/166/166 852/852/852
f 182/182/182 852/852/852 184/184/184
f 184/184/184 853/853/853 187/187/187
f 856/856/856 855/855/855 854/854/854
f 854/854/854 855/855/855 857/857/857
f 854/854/854 857/857/857 858/858/858
f 855/855/855 859/859/859 857/857/857
f 855/855/855 860/860/860 859/859/859
f 860/860/860 861/861/861 859/859/859
f 862/862/862 861/861/861 860/860/860
f 859/859/859 861/861/861 863/863/863
f 857/857/857 859/859/859 863/863/863
f 863/863/863 861/861/861 864/864/864
f 864/864/864 865/865/865 863/863/863
f 863/863/863 865/865/865 866/866/866
f 865/865/865 867/867/867 866/866/866
f 866/866/866 867/867/867 868/868/868
f 868/868/868 867/867/867 869/869/869
f 869/869/869 867/867/867 870/870/870
f 871/871/871 869/869/869 870/870/870
f 872/872/872 869/869/869 871/871/871
f 873/873/873 872/872/872 871/871/871
f 874/874/874 870/870/870 867/867/867
f 875/875/875 871/871/871 870/870/870
f 875/875/875 870/870/870 876/876/876
f 877/877/877 871/871/871 875/875/875
f 878/878/878 873/873/873 871/871/871
f 879/879/879 869/869/869 872/872/872
f 880/880/880 865/865/865 864/864/864
f 881/881/881 865/865/865 880/880/880
f 881/881/881 867/867/867 865/865/865
f 882/882/882 872/872/872 873/873/873
f 883/883/883 872/872/872 882/882/882
f 880/880/880 864/864/864 884/884/884
f 885/885/885 864/864/864 861/861/861
f 887/887/887 861/861/861 886/886/886
f 886/886/886 861/861/861 862/862/862
f 889/889/889 862/862/862 888/888/888
f 890/890/890 862/862/862 860/860/860
f 890/890/890 860/860/860 855/855/855
f 891/891/891 863/863/863 866/866/866
f 857/857/857 863/863/863 891/891/891
f 891/891/891 866/866/866 892/892/892
f 892/892/892 866/866/866 868/868/868
f 892/892/892 868/868/868 893/893/893
f 893/893/893 868/868/868 869/869/869
f 893/893/893 869/869/869 894/894/894
f 895/895/895 891/891/891 892/892/892
f 858/858/858 891/891/891 895/895/895
f 858/858/858 857/857/857 891/891/891
f 896/896/896 892/892/892 893/893/893
f 895/895/895 892/892/892 896/896/896
f 898/898/898 873/873/873 897/897/897
f 899/899/899 898/898/898 897/897/897
f 899/899/899 901/901/901 900/900/900
f 904/904/904 903/903/903 902/902/902
f 905/905/905 903/903/903 904/904/904
f 905/905/905 906/906/906 903/903/903
f 907/907/907 906/906/906 905/905/905
f 910/910/910 909/909/909 908/908/908
f 911/911/911 909/909/909 910/910/910
f 914/914/914 913/913/913 912/912/912
f 915/915/915 913/913/913 914/914/914
f 915/915/915 916/916/916 913/913/913
f 917/917/917 916/916/916 915/915/915
f 917/917/917 918/918/918 916/916/916
f 920/920/920 867/867/867 919/919/919
f 923/923/923 922/922/922 921/921/921
f 925/925/925 924/924/924 620/620/620
f 926/926/926 924/924/924 925/925/925
f 926/926/926 927/927/927 924/924/924
f 928/928/928 927/927/927 926/926/926
f 928/928/928 929/929/929 927/927/927
f 930/930/930 929/929/929 928/928/928
f 930/930/930 931/931/931 929/929/929
f 932/932/932 931/931/931 930/930/930
f 932/932/932 933/933/933 931/931/931
f 934/934/934 933/933/933 932/932/932
f 934/934/934 935/935/935 933/933/933
f 936/936/936 935/935/935 934/934/934
f 936/936/936 937/937/937 935/935/935
f 938/938/938 937/937/937 936/936/936
f 938/938/938 939/939/939 937/937/937
f 940/940/940 939/939/939 938/938/938
f 940/940/940 941/941/941 939/939/939
f 942/942/942 941/941/941 940/940/940
f 942/942/942 943/943/943 941/941/941
f 944/944/944 943/943/943 942/942/942
f 944/944/944 945/945/945 943/943/943
f 946/946/946 945/945/945 944/944/944
f 946/946/946 947/947/947 945/945/945
f 948/948/948 947/947/947 946/946/946
f 948/948/948 949/949/949 947/947/947
f 950/950/950 949/949/949 948/948/948
f 951/951/951 950/950/950 948/948/948
f 949/949/949 952/952/952 947/947/947
f 947/947/947 952/952/952 953/953/953
f 947/947/947 953/953/953 945/945/945
f 945/945/945 953/953/953 954/954/954
f 945/945/945 954/954/954 943/943/943
f 953/953/953 955/955/955 954/954/954
f 943/943/943 954/954/954 956/956/956
f 943/943/943 956/956/956 941/941/941
f 954/954/954 957/957/957 956/956/956
f 954/954/954 958/958/958 957/957/957
f 958/958/958 959/959/959 957/957/957
f 956/956/956 957/957/957 960/960/960
f 957/957/957 961/961/961 960/960/960
f 957/957/957 962/962/962 961/961/961
f 960/960/960 961/961/961 963/963/963
f 960/960/960 963/963/963 964/964/964
f 964/964/964 963/963/963 965/965/965
f 964/964/964 965/965/965 966/966/966
f 967/967/967 964/964/964 966/966/966
f 966/966/966 965/965/965 968/968/968
f 966/966/966 968/968/968 969/969/969
f 969/969/969 968/968/968 970/970/970
f 971/971/971 969/969/969 970/970/970
f 972/972/972 960/960/960 964/964/964
f 972/972/972 964/964/964 973/973/973
f 956/956/956 960/960/960 972/972/972
f 941/941/941 956/956/956 972/972/972
f 939/939/939 972/972/972 973/973/973
f 941/941/941 972/972/972 939/939/939
f 939/939/939 974/974/974 937/937/937
f 937/937/937 974/974/974 975/975/975
f 974/974/974 976/976/976 975/975/975
f 975/975/975 976/976/976 977/977/977
f 975/975/975 977/977/977 978/978/978
f 978/978/978 977/977/977 979/979/979
f 978/978/978 979/979/979 980/980/980
f 980/980/980 979/979/979 981/981/981
f 980/980/980 981/981/981 982/982/982
f 982/982/982 981/981/981 983/983/983
f 981/981/981 984/984/984 983/983/983
f 982/982/982 983/983/983 985/985/985
f 985/985/985 983/983/983 986/986/986
f 983/983/983 987/987/987 986/986/986
f 986/986/986 987/987/987 988/988/988
f 987/987/987 989/989/989 988/988/988
f 988/988/988 989/989/989 635/635/635
f 989/989/989 637/637/637 635/635/635
f 989/989/989 990/990/990 637/637/637
f 988/988/988 635/635/635 991/991/991
f 991/991/991 635/635/635 633/633/633
f 991/991/991 633/633/633 992/992/992
f 992/992/992 633/633/633 631/631/631
f 992/992/992 631/631/631 625/625/625
f 623/623/623 992/992/992 625/625/625
f 987/987/987 993/993/993 989/989/989
f 993/993/993 994/994/994 989/989/989
f 995/995/995 993/993/993 987/987/987
f 983/983/983 995/995/995 987/987/987
f 996/996/996 988/988/988 991/991/991
f 986/986/986 988/988/988 996/996/996
f 997/997/997 991/991/991 992/992/992
f 997/997/997 992/992/992 623/623/623
f 998/998/998 991/991/991 997/997/997
f 999/999/999 997/997/997 623/623/623
f 1000/1000/1000 986/986/986 996/996/996
f 985/985/985 986/986/986 1000/1000/1000
f 927/927/927 985/985/985 1000/1000/1000
f 929/929/929 985/985/985 927/927/927
f 929/929/929 982/982/982 985/985/985
f 931/931/931 982/982/982 929/929/929
f 931/931/931 980/980/980 982/982/982
f 933/933/933 980/980/980 931/931/931
f 933/933/933 978/978/978 980/980/980
f 935/935/935 978/978/978 933/933/933
f 935/935/935 975/975/975 978/978/978
f 937/937/937 975/975/975 935/935/935
f 927/927/927 1000/1000/1000 924/924/924
f 924/924/924 1000/1000/1000 1001/1001/1001
f 924/924/924 1001/1001/1001 1002/1002/1002
f 1002/1002/1002 1003/1003/1003 622/622/622
f 1006/1006/1006 1005/1005/1005 1004/1004/1004
f 1004/1004/1004 1005/1005/1005 1007/1007/1007
f 1007/1007/1007 1005/1005/1005 1008/1008/1008
f 1007/1007/1007 1008/1008/1008 1009/1009/1009
f 1009/1009/1009 1008/1008/1008 1010/1010/1010
f 1005/1005/1005 1011/1011/1011 1008/1008/1008
f 1011/1011/1011 1012/1012/1012 1008/1008/1008
f 1008/1008/1008 1012/1012/1012 1013/1013/1013
f 1010/1010/1010 1008/1008/1008 1013/1013/1013
f 1014/1014/1014 1012/1012/1012 1011/1011/1011
f 1015/1015/1015 1012/1012/1012 1014/1014/1014
f 1016/1016/1016 1015/1015/1015 1014/1014/1014
f 1017/1017/1017 1015/1015/1015 1016/1016/1016
f 1018/1018/1018 1016/1016/1016 1014/1014/1014
f 1011/1011/1011 1018/1018/1018 1014/1014/1014
f 1019/1019/1019 1016/1016/1016 1018/1018/1018
f 1020/1020/1020 1018/1018/1018 1011/1011/1011
f 1020/1020/1020 1011/1011/1011 1005/1005/1005
f 1021/1021/1021 1005/1005/1005 1006/1006/1006
f 1023/1023/1023 644/644/644 1022/1022/1022
f 1026/1026/1026 1025/1025/1025 1024/1024/1024
f 1027/1027/1027 1025/1025/1025 1026/1026/1026
f 1030/1030/1030 1029/1029/1029 1028/1028/1028
f 1032/1032/1032 1031/1031/1031 669/669/669
f 677/677/677 1032/1032/1032 669/669/669
f 684/684/684 1033/1033/1033 677/677/677
f 1035/1035/1035 627/627/627 1034/1034/1034
f 1038/1038/1038 1037/1037/1037 1036/1036/1036
f 1040/1040/1040 1039/1039/1039 997/997/997
f 1040/1040/1040 997/997/997 1041/1041/1041
f 1044/1044/1044 1043/1043/1043 1042/1042/1042
f 1047/1047/1047 1046/1046/1046 1045/1045/1045
f 1050/1050/1050 1049/1049/1049 1048/1048/1048
f 1052/1052/1052 404/404/404 1051/1051/1051
f 409/409/409 404/404/404 1052/1052/1052
f 1055/1055/1055 1054/1054/1054 1053/1053/1053
f 1058/1058/1058 1057/1057/1057 1056/1056/1056
f 1061/1061/1061 1060/1060/1060 1059/1059/1059
f 1064/1064/1064 1063/1063/1063 1062/1062/1062
f 1065/1065/1065 1063/1063/1063 1064/1064/1064
f 1063/1063/1063 1066/1066/1066 1062/1062/1062
f 1062/1062/1062 1066/1066/1066 1067/1067/1067
f 1064/1064/1064 1068/1068/1068 1065/1065/1065
f 781/781/781 1069/1069/1069 782/782/782
f 780/780/780 1069/1069/1069 781/781/781
f 780/780/780 1070/1070/1070 1069/1069/1069
f 779/779/779 1070/1070/1070 780/780/780
f 779/779/779 1071/1071/1071 1070/1070/1070
f 778/778/778 1071/1071/1071 779/779/779
f 778/778/778 1072/1072/1072 1071/1071/1071
f 775/775/775 1072/1072/1072 778/778/778
f 775/775/775 1073/1073/1073 1072/1072/1072
f 774/774/774 1073/1073/1073 775/775/775
f 774/774/774 1074/1074/1074 1073/1073/1073
f 772/772/772 1074/1074/1074 774/774/774
f 772/772/772 1075/1075/1075 1074/1074/1074
f 770/770/770 1075/1075/1075 772/772/772
f 770/770/770 1076/1076/1076 1075/1075/1075
f 769/769/769 1076/1076/1076 770/770/770
f 769/769/769 1077/1077/1077 1076/1076/1076
f 768/768/768 1077/1077/1077 769/769/769
f 768/768/768 1078/1078/1078 1077/1077/1077
f 766/766/766 1078/1078/1078 768/768/768
f 766/766/766 760/760/760 1078/1078/1078
f 1081/1081/1081 1080/1080/1080 1079/1079/1079
f 1082/1082/1082 1080/1080/1080 1081/1081/1081
f 1083/1083/1083 1080/1080/1080 1082/1082/1082
f 1084/1084/1084 1083/1083/1083 1082/1082/1082
f 1082/1082/1082 1085/1085/1085 1084/1084/1084
f 1085/1085/1085 1086/1086/1086 1084/1084/1084
f 1087/1087/1087 1086/1086/1086 1085/1085/1085
f 1087/1087/1087 1085/1085/1085 1088/1088/1088
f 1088/1088/1088 1089/1089/1089 1087/1087/1087
f 1090/1090/1090 1089/1089/1089 1088/1088/1088
f 1091/1091/1091 1085/1085/1085 1082/1082/1082
f 1088/1088/1088 1085/1085/1085 1091/1091/1091
f 1092/1092/1092 1091/1091/1091 1082/1082/1082
f 1088/1088/1088 1091/1091/1091 1093/1093/1093
f 1093/1093/1093 1090/1090/1090 1088/1088/1088
f 1093/1093/1093 1091/1091/1091 1094/1094/1094
f 1094/1094/1094 1091/1091/1091 1095/1095/1095
f 1089/1089/1089 1096/1096/1096 1087/1087/1087
f 1087/1087/1087 1096/1096/1096 1097/1097/1097
f 1097/1097/1097 1098/1098/1098 1087/1087/1087
f 1101/1101/1101 1100/1100/1100 1099/1099/1099
f 1101/1101/1101 1099/1099/1099 1102/1102/1102
f 1103/1103/1103 1100/1100/1100 1101/1101/1101
f 1104/1104/1104 1101/1101/1101 1102/1102/1102
f 1105/1105/1105 1103/1103/1103 1101/1101/1101
f 1108/1108/1108 1107/1107/1107 1106/1106/1106
f 1111/1111/1111 1110/1110/1110 1109/1109/1109
f 1114/1114/1114 1113/1113/1113 1112/1112/1112
f 1116/1116/1116 581/581/581 1115/1115/1115
f 1116/1116/1116 1117/1117/1117 581/581/581
f 1118/1118/1118 1117/1117/1117 1116/1116/1116
f 1118/1118/1118 1119/1119/1119 1117/1117/1117
f 1119/1119/1119 1120/1120/1120 1117/1117/1117
f 1117/1117/1117 1121/1121/1121 581/581/581
f 1117/1117/1117 1120/1120/1120 1121/1121/1121
f 1120/1120/1120 1122/1122/1122 1121/1121/1121
f 581/581/581 1121/1121/1121 579/579/579
f 1121/1121/1121 585/585/585 579/579/579
f 1121/1121/1121 1123/1123/1123 585/585/585
f 612/612/612 1118/1118/1118 1116/1116/1116
f 614/614/614 1118/1118/1118 612/612/612
f 614/614/614 1124/1124/1124 1118/1118/1118
f 1124/1124/1124 1125/1125/1125 1118/1118/1118
f 616/616/616 1124/1124/1124 614/614/614
f 616/616/616 621/621/621 1124/1124/1124
f 621/621/621 624/624/624 1124/1124/1124
f 1124/1124/1124 624/624/624 1126/1126/1126
f 1126/1126/1126 624/624/624 1127/1127/1127
f 612/612/612 1116/1116/1116 610/610/610
f 610/610/610 1116/1116/1116 1128/1128/1128
f 610/610/610 1128/1128/1128 608/608/608
f 608/608/608 1129/1129/1129 584/584/584
f 584/584/584 582/582/582 1130/1130/1130
f 1130/1130/1130 582/582/582 1131/1131/1131
f 582/582/582 568/568/568 1131/1131/1131
f 1131/1131/1131 568/568/568 558/558/558
f 1131/1131/1131 558/558/558 1132/1132/1132
f 1132/1132/1132 558/558/558 557/557/557
f 1132/1132/1132 557/557/557 1133/1133/1133
f 1133/1133/1133 557/557/557 556/556/556
f 1133/1133/1133 556/556/556 1134/1134/1134
f 1134/1134/1134 556/556/556 559/559/559
f 1134/1134/1134 559/559/559 1135/1135/1135
f 1136/1136/1136 1132/1132/1132 1133/1133/1133
f 1137/1137/1137 1132/1132/1132 1136/1136/1136
f 1137/1137/1137 1131/1131/1131 1132/1132/1132
f 1130/1130/1130 1131/1131/1131 1137/1137/1137
f 1138/1138/1138 1133/1133/1133 1134/1134/1134
f 1138/1138/1138 1134/1134/1134 1139/1139/1139
f 1139/1139/1139 1134/1134/1134 1135/1135/1135
f 1140/1140/1140 1137/1137/1137 1136/1136/1136
f 1136/1136/1136 1133/1133/1133 1140/1140/1140
f 1141/1141/1141 1137/1137/1137 1140/1140/1140
f 1141/1141/1141 1130/1130/1130 1137/1137/1137
f 609/609/609 1130/1130/1130 1141/1141/1141
f 609/609/609 584/584/584 1130/1130/1130
f 1142/1142/1142 1141/1141/1141 1140/1140/1140
f 1142/1142/1142 609/609/609 1141/1141/1141
f 596/596/596 609/609/609 1142/1142/1142
f 598/598/598 596/596/596 1142/1142/1142
f 598/598/598 1142/1142/1142 1143/1143/1143
f 1143/1143/1143 1142/1142/1142 1144/1144/1144
f 1144/1144/1144 1142/1142/1142 1140/1140/1140
f 605/605/605 598/598/598 1143/1143/1143
f 1145/1145/1145 1133/1133/1133 1138/1138/1138
f 1140/1140/1140 1133/1133/1133 1145/1145/1145
f 1148/1148/1148 1147/1147/1147 1146/1146/1146
f 1151/1151/1151 1150/1150/1150 1149/1149/1149
f 1153/1153/1153 1152/1152/1152 618/618/618
f 1156/1156/1156 1155/1155/1155 1154/1154/1154
f 1159/1159/1159 1158/1158/1158 1157/1157/1157
f 1157/1157/1157 1158/1158/1158 1160/1160/1160
f 1163/1163/1163 1162/1162/1162 1161/1161/1161
f 1165/1165/1165 1164/1164/1164 743/743/743
f 743/743/743 1167/1167/1167 1166/1166/1166
f 1168/1168/1168 1167/1167/1167 743/743/743
f 1170/1170/1170 1169/1169/1169 1166/1166/1166
f 1173/1173/1173 1172/1172/1172 1171/1171/1171
f 1176/1176/1176 1175/1175/1175 1174/1174/1174
f 1179/1179/1179 1178/1178/1178 1177/1177/1177
f 1182/1182/1182 1181/1181/1181 1180/1180/1180
f 719/719/719 696/696/696 703/703/703
f 1185/1185/1185 1184/1184/1184 1183/1183/1183
f 1186/1186/1186 1183/1183/1183 1184/1184/1184
f 1187/1187/1187 1186/1186/1186 1184/1184/1184
f 1188/1188/1188 1186/1186/1186 1187/1187/1187
f 1189/1189/1189 1188/1188/1188 1187/1187/1187
f 1190/1190/1190 1188/1188/1188 1189/1189/1189
f 1191/1191/1191 1190/1190/1190 1189/1189/1189
f 1192/1192/1192 1191/1191/1191 1189/1189/1189
f 1193/1193/1193 1191/1191/1191 1192/1192/1192
f 1194/1194/1194 1191/1191/1191 1193/1193/1193
f 1195/1195/1195 1194/1194/1194 1193/1193/1193
f 1196/1196/1196 1194/1194/1194 1195/1195/1195
f 1197/1197/1197 1194/1194/1194 1196/1196/1196
f 1198/1198/1198 1194/1194/1194 1197/1197/1197
f 1201/1201/1201 1200/1200/1200 1199/1199/1199
f 1202/1202/1202 1200/1200/1200 1201/1201/1201
f 1202/1202/1202 1203/1203/1203 1200/1200/1200
f 1204/1204/1204 1203/1203/1203 1202/1202/1202
f 1204/1204/1204 1205/1205/1205 1203/1203/1203
f 1206/1206/1206 1205/1205/1205 1204/1204/1204
f 1208/1208/1208 1207/1207/1207 1205/1205/1205
f 1210/1210/1210 1207/1207/1207 1209/1209/1209
f 1210/1210/1210 1211/1211/1211 1207/1207/1207
f 1212/1212/1212 1211/1211/1211 1210/1210/1210
f 1212/1212/1212 1213/1213/1213 1211/1211/1211
f 1214/1214/1214 1213/1213/1213 1212/1212/1212
f 1214/1214/1214 1215/1215/1215 1213/1213/1213
f 1216/1216/1216 1215/1215/1215 1214/1214/1214
f 1219/1219/1219 1218/1218/1218 1217/1217/1217
f 1221/1221/1221 1218/1218/1218 1220/1220/1220
f 1223/1223/1223 1222/1222/1222 1218/1218/1218
f 1226/1226/1226 1225/1225/1225 1224/1224/1224
f 1226/1226/1226 1227/1227/1227 1225/1225/1225
f 1230/1230/1230 1229/1229/1229 1228/1228/1228
f 1233/1233/1233 1232/1232/1232 1231/1231/1231
f 654/654/654 1232/1232/1232 1233/1233/1233
f 1236/1236/1236 1235/1235/1235 1234/1234/1234
f 1239/1239/1239 1238/1238/1238 1237/1237/1237
f 1242/1242/1242 1241/1241/1241 1240/1240/1240
f 1241/1241/1241 1244/1244/1244 1243/1243/1243
f 1247/1247/1247 1246/1246/1246 1245/1245/1245
f 1250/1250/1250 1249/1249/1249 1248/1248/1248
f 1253/1253/1253 1252/1252/1252 1251/1251/1251
f 1251/1251/1251 1252/1252/1252 1254/1254/1254
f 1257/1257/1257 1256/1256/1256 1255/1255/1255
f 647/647/647 1259/1259/1259 1258/1258/1258
f 1262/1262/1262 1261/1261/1261 1260/1260/1260
f 1265/1265/1265 1264/1264/1264 1263/1263/1263
f 1266/1266/1266 1264/1264/1264 1265/1265/1265
f 1265/1265/1265 1263/1263/1263 1267/1267/1267
f 1268/1268/1268 1266/1266/1266 1265/1265/1265
f 1268/1268/1268 1265/1265/1265 1267/1267/1267
f 1269/1269/1269 1268/1268/1268 1267/1267/1267
f 1269/1269/1269 1270/1270/1270 1268/1268/1268
f 1270/1270/1270 1266/1266/1266 1268/1268/1268
f 1271/1271/1271 1270/1270/1270 1269/1269/1269
f 1272/1272/1272 1271/1271/1271 1269/1269/1269
f 1273/1273/1273 1271/1271/1271 1272/1272/1272
f 952/952/952 1273/1273/1273 1272/1272/1272
f 953/953/953 1269/1269/1269 1267/1267/1267
f 1272/1272/1272 1269/1269/1269 953/953/953
f 952/952/952 1272/1272/1272 953/953/953
f 949/949/949 1274/1274/1274 952/952/952
f 1275/1275/1275 1274/1274/1274 949/949/949
f 950/950/950 1275/1275/1275 949/949/949
f 1276/1276/1276 1275/1275/1275 950/950/950
f 951/951/951 1276/1276/1276 950/950/950
f 1279/1279/1279 1278/1278/1278 1277/1277/1277
f 1282/1282/1282 1281/1281/1281 1280/1280/1280
f 1285/1285/1285 1284/1284/1284 1283/1283/1283
f 1288/1288/1288 1287/1287/1287 1286/1286/1286
f 1291/1291/1291 1290/1290/1290 1289/1289/1289
f 1293/1293/1293 872/872/872 1292/1292/1292
f 1296/1296/1296 1295/1295/1295 1294/1294/1294
f 1299/1299/1299 1298/1298/1298 1297/1297/1297
f 1299/1299/1299 1300/1300/1300 1298/1298/1298
f 1301/1301/1301 559/559/559 567/567/567
f 1304/1304/1304 1303/1303/1303 1302/1302/1302
f 1307/1307/1307 1306/1306/1306 1305/1305/1305
f 1307/1307/1307 1305/1305/1305 1308/1308/1308
f 1311/1311/1311 1310/1310/1310 1309/1309/1309
f 1314/1314/1314 1313/1313/1313 1312/1312/1312
f 1317/1317/1317 1316/1316/1316 1315/1315/1315
f 1320/1320/1320 1319/1319/1319 1318/1318/1318
f 1323/1323/1323 1322/1322/1322 1321/1321/1321
f 1322/1322/1322 1324/1324/1324 1321/1321/1321
f 1321/1321/1321 1324/1324/1324 1325/1325/1325
f 1324/1324/1324 1326/1326/1326 1325/1325/1325
f 1325/1325/1325 1326/1326/1326 1327/1327/1327
f 1326/1326/1326 1328/1328/1328 1327/1327/1327
f 1327/1327/1327 1328/1328/1328 1329/1329/1329
f 1328/1328/1328 1330/1330/1330 1329/1329/1329
f 1329/1329/1329 1330/1330/1330 1331/1331/1331
f 1333/1333/1333 1332/1332/1332 1323/1323/1323
f 1336/1336/1336 1335/1335/1335 1334/1334/1334
f 1339/1339/1339 1338/1338/1338 1337/1337/1337
f 1342/1342/1342 1341/1341/1341 1340/1340/1340
f 1345/1345/1345 1344/1344/1344 1343/1343/1343
f 1346/1346/1346 1344/1344/1344 1345/1345/1345
f 1347/1347/1347 1346/1346/1346 1345/1345/1345
f 1348/1348/1348 1346/1346/1346 1347/1347/1347
f 1349/1349/1349 1348/1348/1348 1347/1347/1347
f 1350/1350/1350 1348/1348/1348 1349/1349/1349
f 1351/1351/1351 1350/1350/1350 1349/1349/1349
f 1354/1354/1354 1353/1353/1353 1352/1352/1352
f 1355/1355/1355 1353/1353/1353 1354/1354/1354
f 1356/1356/1356 1352/1352/1352 1353/1353/1353
f 1357/1357/1357 1355/1355/1355 1354/1354/1354
f 1358/1358/1358 1355/1355/1355 1357/1357/1357
f 1360/1360/1360 1359/1359/1359 1357/1357/1357
f 1361/1361/1361 1359/1359/1359 1360/1360/1360
f 1363/1363/1363 1362/1362/1362 1360/1360/1360
f 1364/1364/1364 1362/1362/1362 1363/1363/1363
f 1364/1364/1364 1365/1365/1365 1362/1362/1362
f 1365/1365/1365 1366/1366/1366 1362/1362/1362
f 1367/1367/1367 1364/1364/1364 1363/1363/1363
f 1368/1368/1368 1364/1364/1364 1367/1367/1367
f 1368/1368/1368 1365/1365/1365 1364/1364/1364
f 1369/1369/1369 1368/1368/1368 1367/1367/1367
f 1370/1370/1370 1368/1368/1368 1369/1369/1369
f 1370/1370/1370 1371/1371/1371 1368/1368/1368
f 1371/1371/1371 1365/1365/1365 1368/1368/1368
f 1372/1372/1372 1371/1371/1371 1370/1370/1370
f 1373/1373/1373 1370/1370/1370 1369/1369/1369
f 1374/1374/1374 1370/1370/1370 1373/1373/1373
f 1374/1374/1374 1372/1372/1372 1370/1370/1370
f 1375/1375/1375 1374/1374/1374 1373/1373/1373
f 1376/1376/1376 1374/1374/1374 1375/1375/1375
f 1376/1376/1376 1377/1377/1377 1374/1374/1374
f 1377/1377/1377 1372/1372/1372 1374/1374/1374
f 1378/1378/1378 1377/1377/1377 1376/1376/1376
f 1379/1379/1379 1376/1376/1376 1375/1375/1375
f 1380/1380/1380 1376/1376/1376 1379/1379/1379
f 1380/1380/1380 1378/1378/1378 1376/1376/1376
f 1381/1381/1381 1378/1378/1378 1380/1380/1380
f 1382/1382/1382 1380/1380/1380 1379/1379/1379
f 1383/1383/1383 1380/1380/1380 1382/1382/1382
f 1383/1383/1383 1381/1381/1381 1380/1380/1380
f 1384/1384/1384 1383/1383/1383 1382/1382/1382
f 1385/1385/1385 1383/1383/1383 1384/1384/1384
f 1386/1386/1386 1381/1381/1381 1383/1383/1383
f 1387/1387/1387 1386/1386/1386 1383/1383/1383
f 1388/1388/1388 1386/1386/1386 1387/1387/1387
f 1389/1389/1389 1379/1379/1379 1375/1375/1375
f 1390/1390/1390 1379/1379/1379 1389/1389/1389
f 1392/1392/1392 1391/1391/1391 1384/1384/1384
f 1393/1393/1393 1391/1391/1391 1392/1392/1392
f 1393/1393/1393 1395/1395/1395 1394/1394/1394
f 1396/1396/1396 1395/1395/1395 1393/1393/1393
f 1399/1399/1399 1398/1398/1398 1397/1397/1397
f 1400/1400/1400 1399/1399/1399 1397/1397/1397
f 1403/1403/1403 1402/1402/1402 1401/1401/1401
f 1406/1406/1406 1405/1405/1405 1404/1404/1404
f 1405/1405/1405 1407/1407/1407 1404/1404/1404
f 1408/1408/1408 1407/1407/1407 1405/1405/1405
f 1408/1408/1408 1409/1409/1409 1407/1407/1407
f 1411/1411/1411 1410/1410/1410 1406/1406/1406
f 1412/1412/1412 1410/1410/1410 1411/1411/1411
f 1415/1415/1415 1414/1414/1414 1413/1413/1413
f 1418/1418/1418 1417/1417/1417 1416/1416/1416
f 1421/1421/1421 1420/1420/1420 1419/1419/1419
f 1424/1424/1424 1423/1423/1423 1422/1422/1422
f 1426/1426/1426 1425/1425/1425 1424/1424/1424
f 1426/1426/1426 1427/1427/1427 1425/1425/1425
f 1428/1428/1428 1427/1427/1427 1426/1426/1426
f 1429/1429/1429 1428/1428/1428 1426/1426/1426
f 1430/1430/1430 1428/1428/1428 1429/1429/1429
f 1431/1431/1431 1426/1426/1426 1424/1424/1424
f 1429/1429/1429 1426/1426/1426 1431/1431/1431
f 1427/1427/1427 1432/1432/1432 1425/1425/1425
f 1433/1433/1433 1430/1430/1430 1429/1429/1429
f 1434/1434/1434 1430/1430/1430 1433/1433/1433
f 1435/1435/1435 1434/1434/1434 1433/1433/1433
f 1435/1435/1435 1433/1433/1433 1436/1436/1436
f 1437/1437/1437 1435/1435/1435 1436/1436/1436
f 1438/1438/1438 1435/1435/1435 1437/1437/1437
f 1439/1439/1439 1438/1438/1438 1437/1437/1437
f 1436/1436/1436 1433/1433/1433 1440/1440/1440
f 1440/1440/1440 1429/1429/1429 1431/1431/1431
f 1433/1433/1433 1429/1429/1429 1440/1440/1440
f 1438/1438/1438 1441/1441/1441 1435/1435/1435
f 1441/1441/1441 1434/1434/1434 1435/1435/1435
f 1442/1442/1442 1441/1441/1441 1438/1438/1438
f 1443/1443/1443 1442/1442/1442 1438/1438/1438
f 1443/1443/1443 1438/1438/1438 1444/1444/1444
f 1446/1446/1446 1422/1422/1422 1445/1445/1445
f 1447/1447/1447 1422/1422/1422 1446/1446/1446
f 1448/1448/1448 1447/1447/1447 1446/1446/1446
f 1449/1449/1449 1447/1447/1447 1448/1448/1448
f 1450/1450/1450 1449/1449/1449 1448/1448/1448
f 1452/1452/1452 1450/1450/1450 1451/1451/1451
f 1455/1455/1455 1454/1454/1454 1453/1453/1453
f 1456/1456/1456 1455/1455/1455 1453/1453/1453
f 1458/1458/1458 1457/1457/1457 1455/1455/1455
f 1460/1460/1460 1459/1459/1459 1457/1457/1457
f 1463/1463/1463 1462/1462/1462 1461/1461/1461
f 1465/1465/1465 1463/1463/1463 1464/1464/1464
f 1466/1466/1466 1463/1463/1463 1465/1465/1465
f 1467/1467/1467 1466/1466/1466 1465/1465/1465
f 1468/1468/1468 1466/1466/1466 1467/1467/1467
f 1467/1467/1467 1465/1465/1465 1469/1469/1469
f 1469/1469/1469 1465/1465/1465 1470/1470/1470
f 1465/1465/1465 1464/1464/1464 1470/1470/1470
f 1470/1470/1470 1464/1464/1464 1471/1471/1471
f 1474/1474/1474 1473/1473/1473 1472/1472/1472
f 1477/1477/1477 1476/1476/1476 1475/1475/1475
f 1478/1478/1478 1476/1476/1476 1477/1477/1477
f 1479/1479/1479 1478/1478/1478 1477/1477/1477
f 1480/1480/1480 1478/1478/1478 1479/1479/1479
f 1481/1481/1481 1480/1480/1480 1479/1479/1479
f 1482/1482/1482 1480/1480/1480 1481/1481/1481
f 1483/1483/1483 1482/1482/1482 1481/1481/1481
f 1484/1484/1484 1482/1482/1482 1483/1483/1483
f 1482/1482/1482 1485/1485/1485 1480/1480/1480
f 1486/1486/1486 1485/1485/1485 1482/1482/1482
f 1487/1487/1487 1486/1486/1486 1482/1482/1482
f 1480/1480/1480 1488/1488/1488 1478/1478/1478
f 1485/1485/1485 1488/1488/1488 1480/1480/1480
f 1478/1478/1478 1489/1489/1489 1476/1476/1476
f 1488/1488/1488 1489/1489/1489 1478/1478/1478
f 1489/1489/1489 1490/1490/1490 1476/1476/1476
f 1476/1476/1476 1490/1490/1490 1491/1491/1491
f 1493/1493/1493 1486/1486/1486 1492/1492/1492
f 1496/1496/1496 1495/1495/1495 1494/1494/1494
f 1497/1497/1497 1495/1495/1495 1496/1496/1496
f 1498/1498/1498 1497/1497/1497 1496/1496/1496
f 1499/1499/1499 1497/1497/1497 1498/1498/1498
f 1498/1498/1498 1496/1496/1496 1500/1500/1500
f 1500/1500/1500 1496/1496/1496 1501/1501/1501
f 1496/1496/1496 1502/1502/1502 1501/1501/1501
f 1501/1501/1501 1502/1502/1502 1503/1503/1503
f 1506/1506/1506 1505/1505/1505 1504/1504/1504
f 1509/1509/1509 1508/1508/1508 1507/1507/1507
f 1475/1475/1475 1510/1510/1510 1508/1508/1508
f 1476/1476/1476 1510/1510/1510 1475/1475/1475
f 1512/1512/1512 1508/1508/1508 1511/1511/1511
f 1513/1513/1513 1512/1512/1512 1511/1511/1511
f 1514/1514/1514 1512/1512/1512 1513/1513/1513
f 1517/1517/1517 1516/1516/1516 1515/1515/1515
f 1517/1517/1517 1518/1518/1518 1516/1516/1516
f 1521/1521/1521 1520/1520/1520 1519/1519/1519
f 1524/1524/1524 1523/1523/1523 1522/1522/1522
f 1525/1525/1525 1523/1523/1523 1524/1524/1524
f 1526/1526/1526 1525/1525/1525 1524/1524/1524
f 1527/1527/1527 1525/1525/1525 1526/1526/1526
f 1528/1528/1528 1527/1527/1527 1526/1526/1526
f 1529/1529/1529 1527/1527/1527 1528/1528/1528
f 1530/1530/1530 1529/1529/1529 1528/1528/1528
f 1531/1531/1531 1529/1529/1529 1530/1530/1530
f 1531/1531/1531 1532/1532/1532 1529/1529/1529
f 1533/1533/1533 1532/1532/1532 1531/1531/1531
f 1529/1529/1529 1534/1534/1534 1527/1527/1527
f 1532/1532/1532 1534/1534/1534 1529/1529/1529
f 1527/1527/1527 1535/1535/1535 1525/1525/1525
f 1534/1534/1534 1535/1535/1535 1527/1527/1527
f 1525/1525/1525 1536/1536/1536 1523/1523/1523
f 1535/1535/1535 1536/1536/1536 1525/1525/1525
f 1536/1536/1536 1537/1537/1537 1523/1523/1523
f 1523/1523/1523 1537/1537/1537 1538/1538/1538
f 1523/1523/1523 1538/1538/1538 1522/1522/1522
f 1522/1522/1522 1538/1538/1538 1539/1539/1539
f 1540/1540/1540 1531/1531/1531 1530/1530/1530
f 1541/1541/1541 1531/1531/1531 1540/1540/1540
f 1541/1541/1541 1533/1533/1533 1531/1531/1531
f 1542/1542/1542 1533/1533/1533 1541/1541/1541
f 1543/1543/1543 1539/1539/1539 1538/1538/1538
f 1544/1544/1544 1539/1539/1539 1543/1543/1543
f 1545/1545/1545 1544/1544/1544 1543/1543/1543
f 1546/1546/1546 1544/1544/1544 1545/1545/1545
f 1547/1547/1547 1546/1546/1546 1545/1545/1545
f 1548/1548/1548 1546/1546/1546 1547/1547/1547
f 1549/1549/1549 1545/1545/1545 1543/1543/1543
f 1538/1538/1538 1549/1549/1549 1543/1543/1543
f 1537/1537/1537 1549/1549/1549 1538/1538/1538
f 1550/1550/1550 1545/1545/1545 1549/1549/1549
f 1551/1551/1551 1547/1547/1547 1545/1545/1545
f 1553/1553/1553 1547/1547/1547 1552/1552/1552
f 1556/1556/1556 1555/1555/1555 1554/1554/1554
f 1557/1557/1557 1555/1555/1555 1556/1556/1556
f 1557/1557/1557 1558/1558/1558 1555/1555/1555
f 1559/1559/1559 1558/1558/1558 1557/1557/1557
f 1558/1558/1558 1560/1560/1560 1555/1555/1555
f 1555/1555/1555 1560/1560/1560 1561/1561/1561
f 1555/1555/1555 1561/1561/1561 1554/1554/1554
f 1554/1554/1554 1561/1561/1561 1562/1562/1562
f 1561/1561/1561 1563/1563/1563 1562/1562/1562
f 1561/1561/1561 1564/1564/1564 1563/1563/1563
f 1564/1564/1564 1565/1565/1565 1563/1563/1563
f 1562/1562/1562 1563/1563/1563 1566/1566/1566
f 1567/1567/1567 1566/1566/1566 1563/1563/1563
f 1568/1568/1568 1564/1564/1564 1561/1561/1561
f 1560/1560/1560 1568/1568/1568 1561/1561/1561
f 1569/1569/1569 1559/1559/1559 1557/1557/1557
f 1570/1570/1570 1559/1559/1559 1569/1569/1569
f 1571/1571/1571 1570/1570/1570 1569/1569/1569
f 1571/1571/1571 1569/1569/1569 1572/1572/1572
f 1573/1573/1573 1571/1571/1571 1572/1572/1572
f 1574/1574/1574 1571/1571/1571 1573/1573/1573
f 1575/1575/1575 1574/1574/1574 1573/1573/1573
f 1576/1576/1576 1574/1574/1574 1575/1575/1575
f 1572/1572/1572 1569/1569/1569 1577/1577/1577
f 1576/1576/1576 1578/1578/1578 1574/1574/1574
f 1579/1579/1579 1578/1578/1578 1576/1576/1576
f 1574/1574/1574 1580/1580/1580 1571/1571/1571
f 1578/1578/1578 1580/1580/1580 1574/1574/1574
f 1580/1580/1580 1570/1570/1570 1571/1571/1571
f 1581/1581/1581 1576/1576/1576 1575/1575/1575
f 1582/1582/1582 1576/1576/1576 1581/1581/1581
f 1582/1582/1582 1579/1579/1579 1576/1576/1576
f 1583/1583/1583 1579/1579/1579 1582/1582/1582
f 1569/1569/1569 1557/1557/1557 1577/1577/1577
f 1577/1577/1577 1557/1557/1557 1556/1556/1556
f 1585/1585/1585 1566/1566/1566 1584/1584/1584
f 1587/1587/1587 1585/1585/1585 1586/1586/1586
f 1588/1588/1588 1585/1585/1585 1587/1587/1587
f 1589/1589/1589 1588/1588/1588 1587/1587/1587
f 1590/1590/1590 1589/1589/1589 1587/1587/1587
f 1591/1591/1591 1589/1589/1589 1590/1590/1590
f 1592/1592/1592 1590/1590/1590 1587/1587/1587
f 1565/1565/1565 1592/1592/1592 1587/1587/1587
f 1595/1595/1595 1594/1594/1594 1593/1593/1593
f 1598/1598/1598 1597/1597/1597 1596/1596/1596
f 1601/1601/1601 1600/1600/1600 1599/1599/1599
f 1604/1604/1604 1603/1603/1603 1602/1602/1602
f 1605/1605/1605 1603/1603/1603 1604/1604/1604
f 1606/1606/1606 1605/1605/1605 1604/1604/1604
f 1607/1607/1607 1605/1605/1605 1606/1606/1606
f 1608/1608/1608 1607/1607/1607 1606/1606/1606
f 1609/1609/1609 1607/1607/1607 1608/1608/1608
f 1610/1610/1610 1609/1609/1609 1608/1608/1608
f 1611/1611/1611 1609/1609/1609 1610/1610/1610
f 1609/1609/1609 1612/1612/1612 1607/1607/1607
f 1613/1613/1613 1612/1612/1612 1609/1609/1609
f 1614/1614/1614 1613/1613/1613 1609/1609/1609
f 1607/1607/1607 1615/1615/1615 1605/1605/1605
f 1612/1612/1612 1615/1615/1615 1607/1607/1607
f 1615/1615/1615 1616/1616/1616 1605/1605/1605
f 1605/1605/1605 1616/1616/1616 1617/1617/1617
f 1619/1619/1619 1602/1602/1602 1618/1618/1618
f 1621/1621/1621 1613/1613/1613 1620/1620/1620
f 1616/1616/1616 1623/1623/1623 1622/1622/1622
f 1625/1625/1625 1602/1602/1602 1624/1624/1624
f 1626/1626/1626 1625/1625/1625 1624/1624/1624
f 1629/1629/1629 1628/1628/1628 1627/1627/1627
f 1632/1632/1632 1631/1631/1631 1630/1630/1630
f 1632/1632/1632 1633/1633/1633 1631/1631/1631
f 1636/1636/1636 1635/1635/1635 1634/1634/1634
f 1639/1639/1639 1638/1638/1638 1637/1637/1637
f 1640/1640/1640 1638/1638/1638 1639/1639/1639
f 1641/1641/1641 1640/1640/1640 1639/1639/1639
f 1641/1641/1641 1639/1639/1639 1642/1642/1642
f 1642/1642/1642 1639/1639/1639 1643/1643/1643
f 1639/1639/1639 1644/1644/1644 1643/1643/1643
f 1643/1643/1643 1644/1644/1644 1645/1645/1645
f 1648/1648/1648 1647/1647/1647 1646/1646/1646
f 1651/1651/1651 1650/1650/1650 1649/1649/1649
f 1652/1652/1652 1650/1650/1650 1651/1651/1651
f 1653/1653/1653 1652/1652/1652 1651/1651/1651
f 1654/1654/1654 1652/1652/1652 1653/1653/1653
f 1655/1655/1655 1654/1654/1654 1653/1653/1653
f 1656/1656/1656 1654/1654/1654 1655/1655/1655
f 1657/1657/1657 1656/1656/1656 1655/1655/1655
f 1658/1658/1658 1656/1656/1656 1657/1657/1657
f 1658/1658/1658 1659/1659/1659 1656/1656/1656
f 1660/1660/1660 1659/1659/1659 1658/1658/1658
f 1656/1656/1656 1661/1661/1661 1654/1654/1654
f 1659/1659/1659 1661/1661/1661 1656/1656/1656
f 1654/1654/1654 1662/1662/1662 1652/1652/1652
f 1661/1661/1661 1662/1662/1662 1654/1654/1654
f 1652/1652/1652 1663/1663/1663 1650/1650/1650
f 1662/1662/1662 1663/1663/1663 1652/1652/1652
f 1664/1664/1664 1658/1658/1658 1657/1657/1657
f 1665/1665/1665 1658/1658/1658 1664/1664/1664
f 1665/1665/1665 1660/1660/1660 1658/1658/1658
f 1666/1666/1666 1660/1660/1660 1665/1665/1665
f 1663/1663/1663 1667/1667/1667 1650/1650/1650
f 1650/1650/1650 1667/1667/1667 1668/1668/1668
f 1650/1650/1650 1668/1668/1668 1649/1649/1649
f 1649/1649/1649 1668/1668/1668 1669/1669/1669
f 1667/1667/1667 1670/1670/1670 1668/1668/1668
f 1668/1668/1668 1670/1670/1670 1671/1671/1671
f 1668/1668/1668 1671/1671/1671 1669/1669/1669
f 1670/1670/1670 1672/1672/1672 1671/1671/1671
f 1672/1672/1672 1673/1673/1673 1671/1671/1671
f 1669/1669/1669 1671/1671/1671 1673/1673/1673
f 1674/1674/1674 1673/1673/1673 1672/1672/1672
f 1675/1675/1675 1674/1674/1674 1672/1672/1672
f 1676/1676/1676 1674/1674/1674 1675/1675/1675
f 1677/1677/1677 1672/1672/1672 1670/1670/1670
f 1677/1677/1677 1675/1675/1675 1672/1672/1672
f 1678/1678/1678 1675/1675/1675 1677/1677/1677
f 1681/1681/1681 1680/1680/1680 1679/1679/1679
f 1682/1682/1682 1680/1680/1680 1681/1681/1681
f 1682/1682/1682 1683/1683/1683 1680/1680/1680
f 1684/1684/1684 1683/1683/1683 1682/1682/1682
f 1685/1685/1685 1684/1684/1684 1682/1682/1682
f 1686/1686/1686 1684/1684/1684 1685/1685/1685
f 1687/1687/1687 1686/1686/1686 1685/1685/1685
f 1687/1687/1687 1685/1685/1685 1688/1688/1688
f 1689/1689/1689 1687/1687/1687 1688/1688/1688
f 1690/1690/1690 1687/1687/1687 1689/1689/1689
f 1690/1690/1690 1691/1691/1691 1687/1687/1687
f 1691/1691/1691 1686/1686/1686 1687/1687/1687
f 1692/1692/1692 1691/1691/1691 1690/1690/1690
f 1688/1688/1688 1685/1685/1685 1693/1693/1693
f 1693/1693/1693 1682/1682/1682 1681/1681/1681
f 1685/1685/1685 1682/1682/1682 1693/1693/1693
f 1694/1694/1694 1692/1692/1692 1690/1690/1690
f 1695/1695/1695 1692/1692/1692 1694/1694/1694
f 1696/1696/1696 1695/1695/1695 1694/1694/1694
f 1696/1696/1696 1694/1694/1694 1697/1697/1697
f 1698/1698/1698 1696/1696/1696 1697/1697/1697
f 1699/1699/1699 1696/1696/1696 1698/1698/1698
f 1697/1697/1697 1694/1694/1694 1700/1700/1700
f 1700/1700/1700 1690/1690/1690 1689/1689/1689
f 1694/1694/1694 1690/1690/1690 1700/1700/1700
f 1699/1699/1699 1701/1701/1701 1696/1696/1696
f 1701/1701/1701 1695/1695/1695 1696/1696/1696
f 1702/1702/1702 1701/1701/1701 1699/1699/1699
f 1703/1703/1703 1699/1699/1699 1698/1698/1698
f 1704/1704/1704 1699/1699/1699 1703/1703/1703
f 1704/1704/1704 1702/1702/1702 1699/1699/1699
f 1705/1705/1705 1702/1702/1702 1704/1704/1704
f 1708/1708/1708 1707/1707/1707 1706/1706/1706
f 1707/1707/1707 1709/1709/1709 1706/1706/1706
f 1706/1706/1706 1709/1709/1709 1710/1710/1710
f 1709/1709/1709 1711/1711/1711 1710/1710/1710
f 1710/1710/1710 1711/1711/1711 1712/1712/1712
f 1712/1712/1712 1713/1713/1713 1710/1710/1710
f 1713/1713/1713 1714/1714/1714 1710/1710/1710
f 1715/1715/1715 1712/1712/1712 1711/1711/1711
f 1716/1716/1716 1712/1712/1712 1715/1715/1715
f 1716/1716/1716 1717/1717/1717 1712/1712/1712
f 1717/1717/1717 1713/1713/1713 1712/1712/1712
f 1718/1718/1718 1717/1717/1717 1716/1716/1716
f 1679/1679/1679 1716/1716/1716 1715/1715/1715
f 1680/1680/1680 1716/1716/1716 1679/1679/1679
f 1680/1680/1680 1718/1718/1718 1716/1716/1716
f 1683/1683/1683 1718/1718/1718 1680/1680/1680
f 1720/1720/1720 1719/1719/1719 1713/1713/1713
f 1720/1720/1720 1721/1721/1721 1719/1719/1719
f 1724/1724/1724 1723/1723/1723 1722/1722/1722
f 1727/1727/1727 1726/1726/1726 1725/1725/1725
f 1730/1730/1730 1729/1729/1729 1728/1728/1728
f 1731/1731/1731 1729/1729/1729 1730/1730/1730
f 1731/1731/1731 1732/1732/1732 1729/1729/1729
f 1733/1733/1733 1732/1732/1732 1731/1731/1731
f 1734/1734/1734 1733/1733/1733 1731/1731/1731
f 1735/1735/1735 1733/1733/1733 1734/1734/1734
f 1736/1736/1736 1731/1731/1731 1730/1730/1730
f 1734/1734/1734 1731/1731/1731 1736/1736/1736
f 1737/1737/1737 1734/1734/1734 1736/1736/1736
f 1738/1738/1738 1734/1734/1734 1737/1737/1737
f 1738/1738/1738 1735/1735/1735 1734/1734/1734
f 1739/1739/1739 1738/1738/1738 1737/1737/1737
f 1740/1740/1740 1738/1738/1738 1739/1739/1739
f 1741/1741/1741 1740/1740/1740 1739/1739/1739
f 1742/1742/1742 1740/1740/1740 1741/1741/1741
f 1743/1743/1743 1742/1742/1742 1741/1741/1741
f 1744/1744/1744 1742/1742/1742 1743/1743/1743
f 1744/1744/1744 1745/1745/1745 1742/1742/1742
f 1746/1746/1746 1745/1745/1745 1744/1744/1744
f 1742/1742/1742 1747/1747/1747 1740/1740/1740
f 1745/1745/1745 1747/1747/1747 1742/1742/1742
f 1740/1740/1740 1748/1748/1748 1738/1738/1738
f 1747/1747/1747 1748/1748/1748 1740/1740/1740
f 1748/1748/1748 1735/1735/1735 1738/1738/1738
f 1749/1749/1749 1744/1744/1744 1743/1743/1743
f 1750/1750/1750 1744/1744/1744 1749/1749/1749
f 1750/1750/1750 1746/1746/1746 1744/1744/1744
f 1751/1751/1751 1746/1746/1746 1750/1750/1750
f 1754/1754/1754 1753/1753/1753 1752/1752/1752
f 1756/1756/1756 1754/1754/1754 1755/1755/1755
f 1757/1757/1757 1756/1756/1756 1755/1755/1755
f 1758/1758/1758 1757/1757/1757 1755/1755/1755
f 1759/1759/1759 1757/1757/1757 1758/1758/1758
f 1759/1759/1759 1758/1758/1758 1760/1760/1760
f 1760/1760/1760 1758/1758/1758 1761/1761/1761
f 1760/1760/1760 1761/1761/1761 1762/1762/1762
f 1762/1762/1762 1761/1761/1761 1763/1763/1763
f 1761/1761/1761 1764/1764/1764 1763/1763/1763
f 1765/1765/1765 1764/1764/1764 1761/1761/1761
f 1758/1758/1758 1765/1765/1765 1761/1761/1761
f 1766/1766/1766 1765/1765/1765 1758/1758/1758
f 1767/1767/1767 1766/1766/1766 1758/1758/1758
f 1768/1768/1768 1766/1766/1766 1767/1767/1767
f 1769/1769/1769 1768/1768/1768 1767/1767/1767
f 1770/1770/1770 1769/1769/1769 1767/1767/1767
f 1771/1771/1771 1762/1762/1762 1763/1763/1763
f 1772/1772/1772 1762/1762/1762 1771/1771/1771
f 1773/1773/1773 1763/1763/1763 1764/1764/1764
f 1771/1771/1771 1763/1763/1763 1773/1773/1773
f 1774/1774/1774 1771/1771/1771 1773/1773/1773
f 1775/1775/1775 1772/1772/1772 1771/1771/1771
f 1777/1777/1777 1771/1771/1771 1776/1776/1776
f 1779/1779/1779 1778/1778/1778 1771/1771/1771
f 1729/1729/1729 1778/1778/1778 1779/1779/1779
f 1729/1729/1729 1777/1777/1777 1728/1728/1728
f 1732/1732/1732 1780/1780/1780 1729/1729/1729
f 1783/1783/1783 1782/1782/1782 1781/1781/1781
f 1786/1786/1786 1785/1785/1785 1784/1784/1784
f 1787/1787/1787 1785/1785/1785 1786/1786/1786
f 1787/1787/1787 1788/1788/1788 1785/1785/1785
f 1789/1789/1789 1788/1788/1788 1787/1787/1787
f 1788/1788/1788 1790/1790/1790 1785/1785/1785
f 1785/1785/1785 1790/1790/1790 1791/1791/1791
f 1785/1785/1785 1792/1792/1792 1784/1784/1784
f 1784/1784/1784 1792/1792/1792 1793/1793/1793
f 1794/1794/1794 1789/1789/1789 1787/1787/1787
f 1795/1795/1795 1789/1789/1789 1794/1794/1794
f 1796/1796/1796 1795/1795/1795 1794/1794/1794
f 1796/1796/1796 1794/1794/1794 1797/1797/1797
f 1797/1797/1797 1794/1794/1794 1798/1798/1798
f 1794/1794/1794 1787/1787/1787 1798/1798/1798
f 1798/1798/1798 1787/1787/1787 1786/1786/1786
f 1799/1799/1799 1795/1795/1795 1796/1796/1796
f 1800/1800/1800 1796/1796/1796 1797/1797/1797
f 1801/1801/1801 1796/1796/1796 1800/1800/1800
f 1801/1801/1801 1802/1802/1802 1796/1796/1796
f 1803/1803/1803 1801/1801/1801 1800/1800/1800
f 1804/1804/1804 1801/1801/1801 1803/1803/1803
f 1804/1804/1804 1805/1805/1805 1801/1801/1801
f 1805/1805/1805 1806/1806/1806 1801/1801/1801
f 1807/1807/1807 1804/1804/1804 1803/1803/1803
f 1808/1808/1808 1804/1804/1804 1807/1807/1807
f 1809/1809/1809 1808/1808/1808 1807/1807/1807
f 1808/1808/1808 1810/1810/1810 1804/1804/1804
f 1810/1810/1810 1805/1805/1805 1804/1804/1804
f 1811/1811/1811 1810/1810/1810 1808/1808/1808
f 1812/1812/1812 1811/1811/1811 1808/1808/1808
f 1812/1812/1812 1808/1808/1808 1813/1813/1813
f 1816/1816/1816 1815/1815/1815 1814/1814/1814
f 1818/1818/1818 1817/1817/1817 1816/1816/1816
f 1818/1818/1818 1819/1819/1819 1817/1817/1817
f 1822/1822/1822 1821/1821/1821 1820/1820/1820
f 1823/1823/1823 1821/1821/1821 1822/1822/1822
f 1824/1824/1824 1823/1823/1823 1822/1822/1822
f 1826/1826/1826 1824/1824/1824 1825/1825/1825
f 1827/1827/1827 1826/1826/1826 1825/1825/1825
f 1830/1830/1830 1829/1829/1829 1828/1828/1828
f 1831/1831/1831 1830/1830/1830 1828/1828/1828
f 1832/1832/1832 1830/1830/1830 1831/1831/1831
f 1831/1831/1831 1828/1828/1828 1833/1833/1833
f 1834/1834/1834 1831/1831/1831 1833/1833/1833
f 1835/1835/1835 1831/1831/1831 1834/1834/1834
f 1836/1836/1836 1832/1832/1832 1835/1835/1835
f 1839/1839/1839 1838/1838/1838 1837/1837/1837
f 1842/1842/1842 1841/1841/1841 1840/1840/1840
f 1845/1845/1845 1844/1844/1844 1843/1843/1843
f 1844/1844/1844 1846/1846/1846 1843/1843/1843
f 1843/1843/1843 1846/1846/1846 1847/1847/1847
f 1848/1848/1848 1847/1847/1847 1846/1846/1846
f 1850/1850/1850 1849/1849/1849 1845/1845/1845
f 1850/1850/1850 1851/1851/1851 1849/1849/1849
f 1852/1852/1852 1851/1851/1851 1850/1850/1850
f 1851/1851/1851 1853/1853/1853 1849/1849/1849
f 1854/1854/1854 1852/1852/1852 1850/1850/1850
f 1855/1855/1855 1852/1852/1852 1854/1854/1854
f 1854/1854/1854 1856/1856/1856 1855/1855/1855
f 1857/1857/1857 1856/1856/1856 1854/1854/1854
f 1857/1857/1857 1854/1854/1854 1858/1858/1858
f 1857/1857/1857 1858/1858/1858 1859/1859/1859
f 1857/1857/1857 1859/1859/1859 1856/1856/1856
f 1859/1859/1859 1858/1858/1858 1860/1860/1860
f 1861/1861/1861 1859/1859/1859 1860/1860/1860
f 1862/1862/1862 1859/1859/1859 1861/1861/1861
f 1858/1858/1858 1854/1854/1854 1863/1863/1863
f 1854/1854/1854 1850/1850/1850 1863/1863/1863
f 1862/1862/1862 1864/1864/1864 1859/1859/1859
f 1856/1856/1856 1859/1859/1859 1864/1864/1864
f 1865/1865/1865 1864/1864/1864 1862/1862/1862
f 1863/1863/1863 1850/1850/1850 1845/1845/1845
f 1867/1867/1867 1853/1853/1853 1866/1866/1866
f 1853/1853/1853 1868/1868/1868 1866/1866/1866
f 1869/1869/1869 1868/1868/1868 1853/1853/1853
f 1869/1869/1869 1870/1870/1870 1868/1868/1868
f 1873/1873/1873 1872/1872/1872 1871/1871/1871
f 1874/1874/1874 1873/1873/1873 1871/1871/1871
f 1877/1877/1877 1876/1876/1876 1875/1875/1875
f 1876/1876/1876 1879/1879/1879 1878/1878/1878
f 1882/1882/1882 1881/1881/1881 1880/1880/1880
f 1884/1884/1884 1880/1880/1880 1883/1883/1883
f 1885/1885/1885 1880/1880/1880 1884/1884/1884
f 1886/1886/1886 1885/1885/1885 1884/1884/1884
f 1887/1887/1887 1885/1885/1885 1886/1886/1886
f 1888/1888/1888 1886/1886/1886 1884/1884/1884
f 1889/1889/1889 1888/1888/1888 1884/1884/1884
f 1890/1890/1890 1886/1886/1886 1888/1888/1888
f 1890/1890/1890 1891/1891/1891 1886/1886/1886
f 1892/1892/1892 1887/1887/1887 1886/1886/1886
f 1893/1893/1893 1892/1892/1892 1886/1886/1886
f 1891/1891/1891 1893/1893/1893 1886/1886/1886
f 1895/1895/1895 1888/1888/1888 1894/1894/1894
f 1896/1896/1896 1895/1895/1895 1894/1894/1894
f 1896/1896/1896 1894/1894/1894 1897/1897/1897
f 1898/1898/1898 1895/1895/1895 1896/1896/1896
f 1899/1899/1899 1898/1898/1898 1896/1896/1896
f 1900/1900/1900 1898/1898/1898 1899/1899/1899
f 1901/1901/1901 1896/1896/1896 1897/1897/1897
f 1899/1899/1899 1896/1896/1896 1901/1901/1901
f 1902/1902/1902 1900/1900/1900 1899/1899/1899
f 1903/1903/1903 1900/1900/1900 1902/1902/1902
f 1904/1904/1904 1903/1903/1903 1902/1902/1902
f 1904/1904/1904 1902/1902/1902 1905/1905/1905
f 1906/1906/1906 1904/1904/1904 1905/1905/1905
f 1907/1907/1907 1904/1904/1904 1906/1906/1906
f 1908/1908/1908 1907/1907/1907 1906/1906/1906
f 1909/1909/1909 1907/1907/1907 1908/1908/1908
f 1905/1905/1905 1902/1902/1902 1910/1910/1910
f 1909/1909/1909 1911/1911/1911 1907/1907/1907
f 1907/1907/1907 1912/1912/1912 1904/1904/1904
f 1911/1911/1911 1912/1912/1912 1907/1907/1907
f 1912/1912/1912 1903/1903/1903 1904/1904/1904
f 1910/1910/1910 1902/1902/1902 1913/1913/1913
f 1902/1902/1902 1899/1899/1899 1913/1913/1913
f 1913/1913/1913 1899/1899/1899 1901/1901/1901
f 1915/1915/1915 1911/1911/1911 1914/1914/1914
f 1918/1918/1918 1917/1917/1917 1916/1916/1916
f 1919/1919/1919 1917/1917/1917 1918/1918/1918
f 1920/1920/1920 1919/1919/1919 1918/1918/1918
f 1921/1921/1921 1919/1919/1919 1920/1920/1920
f 1920/1920/1920 1918/1918/1918 1922/1922/1922
f 1922/1922/1922 1918/1918/1918 1923/1923/1923
f 1918/1918/1918 1916/1916/1916 1923/1923/1923
f 1923/1923/1923 1925/1925/1925 1924/1924/1924
f 1928/1928/1928 1927/1927/1927 1926/1926/1926
f 1927/1927/1927 1929/1929/1929 1926/1926/1926
f 1929/1929/1929 1931/1931/1931 1930/1930/1930
f 1933/1933/1933 1932/1932/1932 1930/1930/1930
f 1936/1936/1936 1935/1935/1935 1934/1934/1934
f 1937/1937/1937 1936/1936/1936 1934/1934/1934
f 1938/1938/1938 1936/1936/1936 1937/1937/1937
f 1939/1939/1939 1938/1938/1938 1937/1937/1937
f 1940/1940/1940 1938/1938/1938 1939/1939/1939
f 1941/1941/1941 1940/1940/1940 1939/1939/1939
f 1940/1940/1940 1942/1942/1942 1938/1938/1938
f 1943/1943/1943 1942/1942/1942 1940/1940/1940
f 1944/1944/1944 1943/1943/1943 1940/1940/1940
f 1945/1945/1945 1943/1943/1943 1944/1944/1944
f 1938/1938/1938 1946/1946/1946 1936/1936/1936
f 1942/1942/1942 1946/1946/1946 1938/1938/1938
f 1936/1936/1936 1947/1947/1947 1935/1935/1935
f 1946/1946/1946 1948/1948/1948 1936/1936/1936
f 1949/1949/1949 1945/1945/1945 1944/1944/1944
f 1950/1950/1950 1945/1945/1945 1949/1949/1949
f 1951/1951/1951 1950/1950/1950 1949/1949/1949
f 1952/1952/1952 1950/1950/1950 1951/1951/1951
f 1951/1951/1951 1949/1949/1949 1953/1953/1953
f 1953/1953/1953 1949/1949/1949 1954/1954/1954
f 1949/1949/1949 1944/1944/1944 1954/1954/1954
f 1956/1956/1956 1940/1940/1940 1955/1955/1955
f 1959/1959/1959 1958/1958/1958 1957/1957/1957
f 1962/1962/1962 1961/1961/1961 1960/1960/1960
f 1935/1935/1935 1961/1961/1961 1963/1963/1963
f 1961/1961/1961 1964/1964/1964 1963/1963/1963
f 1966/1966/1966 1964/1964/1964 1965/1965/1965
f 1964/1964/1964 1968/1968/1968 1967/1967/1967
f 1969/1969/1969 1968/1968/1968 1964/1964/1964
f 1969/1969/1969 1970/1970/1970 1968/1968/1968
f 1972/1972/1972 1971/1971/1971 1970/1970/1970
f 1975/1975/1975 1974/1974/1974 1973/1973/1973
f 1977/1977/1977 1973/1973/1973 1976/1976/1976
f 1980/1980/1980 1979/1979/1979 1978/1978/1978
f 1983/1983/1983 1982/1982/1982 1981/1981/1981
f 1986/1986/1986 1985/1985/1985 1984/1984/1984
f 1989/1989/1989 1988/1988/1988 1987/1987/1987
f 1990/1990/1990 1988/1988/1988 1989/1989/1989
f 1991/1991/1991 1989/1989/1989 1987/1987/1987
f 1992/1992/1992 1989/1989/1989 1991/1991/1991
f 1993/1993/1993 1992/1992/1992 1991/1991/1991
f 1994/1994/1994 1992/1992/1992 1993/1993/1993
f 1995/1995/1995 1994/1994/1994 1993/1993/1993
f 1994/1994/1994 1996/1996/1996 1992/1992/1992
f 1997/1997/1997 1996/1996/1996 1994/1994/1994
f 1998/1998/1998 1997/1997/1997 1994/1994/1994
f 1999/1999/1999 1997/1997/1997 1998/1998/1998
f 1992/1992/1992 2000/2000/2000 1989/1989/1989
f 1996/1996/1996 2000/2000/2000 1992/1992/1992
f 2001/2001/2001 1989/1989/1989 2000/2000/2000
f 1990/1990/1990 1989/1989/1989 2001/2001/2001
f 2002/2002/2002 1999/1999/1999 1998/1998/1998
f 2003/2003/2003 1999/1999/1999 2002/2002/2002
f 2002/2002/2002 1998/1998/1998 2004/2004/2004
f 2001/2001/2001 2005/2005/2005 1990/1990/1990
f 1990/1990/1990 2005/2005/2005 2006/2006/2006
f 2008/2008/2008 1994/1994/1994 2007/2007/2007
f 2005/2005/2005 2010/2010/2010 2009/2009/2009
f 2011/2011/2011 2010/2010/2010 2005/2005/2005
f 1990/1990/1990 2012/2012/2012 1988/1988/1988
f 1988/1988/1988 2014/2014/2014 2013/2013/2013
f 2016/2016/2016 2015/2015/2015 2014/2014/2014
f 2019/2019/2019 2018/2018/2018 2017/2017/2017
f 2022/2022/2022 2021/2021/2021 2020/2020/2020
f 2023/2023/2023 2022/2022/2022 2020/2020/2020
f 2024/2024/2024 2023/2023/2023 2020/2020/2020
f 2027/2027/2027 2026/2026/2026 2025/2025/2025
f 2030/2030/2030 2029/2029/2029 2028/2028/2028
f 2033/2033/2033 2032/2032/2032 2031/2031/2031
f 2034/2034/2034 2032/2032/2032 2033/2033/2033
f 2035/2035/2035 2031/2031/2031 2032/2032/2032
f 2036/2036/2036 2031/2031/2031 2035/2035/2035
f 2037/2037/2037 2036/2036/2036 2035/2035/2035
f 2039/2039/2039 2038/2038/2038 2033/2033/2033
f 2040/2040/2040 2038/2038/2038 2039/2039/2039
f 2043/2043/2043 2042/2042/2042 2041/2041/2041
f 2042/2042/2042 2044/2044/2044 2041/2041/2041
f 2045/2045/2045 2044/2044/2044 2042/2042/2042
f 2045/2045/2045 2046/2046/2046 2044/2044/2044
f 2048/2048/2048 2042/2042/2042 2047/2047/2047
f 2047/2047/2047 2049/2049/2049 2048/2048/2048
f 2050/2050/2050 2049/2049/2049 2047/2047/2047
f 2052/2052/2052 2049/2049/2049 2051/2051/2051
f 2054/2054/2054 2049/2049/2049 2053/2053/2053
f 2055/2055/2055 2054/2054/2054 2053/2053/2053
f 2056/2056/2056 2054/2054/2054 2055/2055/2055
f 2059/2059/2059 2058/2058/2058 2057/2057/2057
f 2062/2062/2062 2061/2061/2061 2060/2060/2060
f 2063/2063/2063 2061/2061/2061 2062/2062/2062
f 2065/2065/2065 2064/2064/2064 2062/2062/2062
f 2066/2066/2066 2064/2064/2064 2065/2065/2065
f 2068/2068/2068 2067/2067/2067 2065/2065/2065
f 2069/2069/2069 2067/2067/2067 2068/2068/2068
f 2071/2071/2071 2070/2070/2070 2067/2067/2067
f 2072/2072/2072 2070/2070/2070 2071/2071/2071
f 2074/2074/2074 2073/2073/2073 2068/2068/2068
f 2075/2075/2075 2073/2073/2073 2074/2074/2074
f 2076/2076/2076 2075/2075/2075 2074/2074/2074
f 2077/2077/2077 2075/2075/2075 2076/2076/2076
f 2077/2077/2077 2078/2078/2078 2075/2075/2075
f 2075/2075/2075 2078/2078/2078 2079/2079/2079
f 2079/2079/2079 2080/2080/2080 2075/2075/2075
f 2075/2075/2075 2080/2080/2080 2081/2081/2081
f 2082/2082/2082 2077/2077/2077 2076/2076/2076
f 2083/2083/2083 2077/2077/2077 2082/2082/2082
f 2084/2084/2084 2083/2083/2083 2082/2082/2082
f 2085/2085/2085 2083/2083/2083 2084/2084/2084
f 2086/2086/2086 2085/2085/2085 2084/2084/2084
f 2087/2087/2087 2085/2085/2085 2086/2086/2086
f 2087/2087/2087 2088/2088/2088 2085/2085/2085
f 2089/2089/2089 2088/2088/2088 2087/2087/2087
f 2085/2085/2085 2090/2090/2090 2083/2083/2083
f 2088/2088/2088 2090/2090/2090 2085/2085/2085
f 2077/2077/2077 2090/2090/2090 2078/2078/2078
f 2083/2083/2083 2090/2090/2090 2077/2077/2077
f 2093/2093/2093 2092/2092/2092 2091/2091/2091
f 2096/2096/2096 2095/2095/2095 2094/2094/2094
f 2097/2097/2097 2095/2095/2095 2096/2096/2096
f 2098/2098/2098 2097/2097/2097 2096/2096/2096
f 2099/2099/2099 2097/2097/2097 2098/2098/2098
f 2100/2100/2100 2099/2099/2099 2098/2098/2098
f 2101/2101/2101 2099/2099/2099 2100/2100/2100
f 2102/2102/2102 2101/2101/2101 2100/2100/2100
f 2103/2103/2103 2101/2101/2101 2102/2102/2102
f 2103/2103/2103 2104/2104/2104 2101/2101/2101
f 2105/2105/2105 2104/2104/2104 2103/2103/2103
f 2101/2101/2101 2106/2106/2106 2099/2099/2099
f 2104/2104/2104 2106/2106/2106 2101/2101/2101
f 2099/2099/2099 2107/2107/2107 2097/2097/2097
f 2106/2106/2106 2107/2107/2107 2099/2099/2099
f 2097/2097/2097 2108/2108/2108 2095/2095/2095
f 2107/2107/2107 2108/2108/2108 2097/2097/2097
f 2109/2109/2109 2103/2103/2103 2102/2102/2102
f 2110/2110/2110 2103/2103/2103 2109/2109/2109
f 2110/2110/2110 2105/2105/2105 2103/2103/2103
f 2111/2111/2111 2105/2105/2105 2110/2110/2110
f 2108/2108/2108 2112/2112/2112 2095/2095/2095
f 2095/2095/2095 2112/2112/2112 2113/2113/2113
f 2112/2112/2112 2114/2114/2114 2113/2113/2113
f 2113/2113/2113 2114/2114/2114 2115/2115/2115
f 2113/2113/2113 2115/2115/2115 2116/2116/2116
f 2094/2094/2094 2113/2113/2113 2116/2116/2116
f 2095/2095/2095 2113/2113/2113 2094/2094/2094
f 2116/2116/2116 2115/2115/2115 2117/2117/2117
f 2114/2114/2114 2118/2118/2118 2115/2115/2115
f 2115/2115/2115 2118/2118/2118 2119/2119/2119
f 2115/2115/2115 2119/2119/2119 2117/2117/2117
f 2118/2118/2118 2120/2120/2120 2119/2119/2119
f 2120/2120/2120 2121/2121/2121 2119/2119/2119
f 2117/2117/2117 2119/2119/2119 2121/2121/2121
f 2122/2122/2122 2121/2121/2121 2120/2120/2120
f 2123/2123/2123 2120/2120/2120 2118/2118/2118
f 2123/2123/2123 2124/2124/2124 2120/2120/2120
f 2125/2125/2125 2124/2124/2124 2123/2123/2123
f 2127/2127/2127 2126/2126/2126 2120/2120/2120
f 2130/2130/2130 2129/2129/2129 2128/2128/2128
f 2133/2133/2133 2132/2132/2132 2131/2131/2131
f 2134/2134/2134 2133/2133/2133 2131/2131/2131
f 2131/2131/2131 2135/2135/2135 2134/2134/2134
f 2131/2131/2131 2136/2136/2136 2135/2135/2135
f 2137/2137/2137 2136/2136/2136 2131/2131/2131
f 2134/2134/2134 2135/2135/2135 2138/2138/2138
f 2134/2134/2134 2138/2138/2138 2139/2139/2139
f 2140/2140/2140 2133/2133/2133 2134/2134/2134
f 2140/2140/2140 2134/2134/2134 2141/2141/2141
f 2141/2141/2141 2134/2134/2134 2142/2142/2142
f 2141/2141/2141 2142/2142/2142 2143/2143/2143
f 2143/2143/2143 2142/2142/2142 2144/2144/2144
f 2143/2143/2143 2144/2144/2144 2145/2145/2145
f 2145/2145/2145 2144/2144/2144 2146/2146/2146
f 2148/2148/2148 2147/2147/2147 2133/2133/2133
f 2150/2150/2150 2148/2148/2148 2149/2149/2149
f 2153/2153/2153 2152/2152/2152 2151/2151/2151
f 2153/2153/2153 2151/2151/2151 2154/2154/2154
f 2157/2157/2157 2156/2156/2156 2155/2155/2155
f 2157/2157/2157 2155/2155/2155 2158/2158/2158
f 2158/2158/2158 2155/2155/2155 2159/2159/2159
f 2158/2158/2158 2159/2159/2159 2160/2160/2160
f 2163/2163/2163 2162/2162/2162 2161/2161/2161
f 2164/2164/2164 2163/2163/2163 2161/2161/2161
f 2166/2166/2166 2163/2163/2163 2165/2165/2165
f 2168/2168/2168 2166/2166/2166 2167/2167/2167
f 2168/2168/2168 2167/2167/2167 2169/2169/2169
f 2169/2169/2169 2171/2171/2171 2170/2170/2170
f 2169/2169/2169 2170/2170/2170 2172/2172/2172
f 2171/2171/2171 2174/2174/2174 2173/2173/2173
f 2172/2172/2172 2176/2176/2176 2175/2175/2175
f 2175/2175/2175 2176/2176/2176 2177/2177/2177
f 2172/2172/2172 2179/2179/2179 2178/2178/2178
f 2182/2182/2182 2181/2181/2181 2180/2180/2180
f 2185/2185/2185 2184/2184/2184 2183/2183/2183
f 2188/2188/2188 2187/2187/2187 2186/2186/2186
f 2186/2186/2186 2187/2187/2187 2189/2189/2189
f 2186/2186/2186 2189/2189/2189 2190/2190/2190
f 2193/2193/2193 2192/2192/2192 2191/2191/2191
f 2196/2196/2196 2195/2195/2195 2194/2194/2194
f 2196/2196/2196 2194/2194/2194 2197/2197/2197
f 2197/2197/2197 2194/2194/2194 2198/2198/2198
f 2197/2197/2197 2198/2198/2198 2199/2199/2199
f 2202/2202/2202 2201/2201/2201 2200/2200/2200
f 2205/2205/2205 2204/2204/2204 2203/2203/2203
f 2203/2203/2203 2207/2207/2207 2206/2206/2206
f 2210/2210/2210 2209/2209/2209 2208/2208/2208
f 2213/2213/2213 2212/2212/2212 2211/2211/2211
f 2216/2216/2216 2215/2215/2215 2214/2214/2214
f 2216/2216/2216 2217/2217/2217 2215/2215/2215
f 2218/2218/2218 2217/2217/2217 2216/2216/2216
f 2218/2218/2218 2219/2219/2219 2217/2217/2217
f 2220/2220/2220 2216/2216/2216 2214/2214/2214
f 2216/2216/2216 2220/2220/2220 2221/2221/2221
f 2222/2222/2222 2216/2216/2216 2221/2221/2221
f 2216/2216/2216 2222/2222/2222 2223/2223/2223
f 2223/2223/2223 2222/2222/2222 2224/2224/2224
f 2227/2227/2227 2226/2226/2226 2225/2225/2225
f 2227/2227/2227 2228/2228/2228 2226/2226/2226
f 2231/2231/2231 2230/2230/2230 2229/2229/2229
f 2232/2232/2232 2231/2231/2231 2229/2229/2229
f 2233/2233/2233 2231/2231/2231 2232/2232/2232
f 2236/2236/2236 2235/2235/2235 2234/2234/2234
f 2239/2239/2239 2238/2238/2238 2237/2237/2237
f 2242/2242/2242 2241/2241/2241 2240/2240/2240
f 2243/2243/2243 2241/2241/2241 2242/2242/2242
f 2243/2243/2243 2244/2244/2244 2241/2241/2241
f 2245/2245/2245 2244/2244/2244 2243/2243/2243
f 2244/2244/2244 2246/2246/2246 2241/2241/2241
f 2241/2241/2241 2246/2246/2246 2247/2247/2247
f 2241/2241/2241 2247/2247/2247 2240/2240/2240
f 2240/2240/2240 2247/2247/2247 2248/2248/2248
f 2246/2246/2246 2249/2249/2249 2247/2247/2247
f 2247/2247/2247 2249/2249/2249 2250/2250/2250
f 2247/2247/2247 2250/2250/2250 2248/2248/2248
f 2249/2249/2249 2251/2251/2251 2250/2250/2250
f 2251/2251/2251 2252/2252/2252 2250/2250/2250
f 2248/2248/2248 2250/2250/2250 2252/2252/2252
f 2253/2253/2253 2252/2252/2252 2251/2251/2251
f 2254/2254/2254 2251/2251/2251 2249/2249/2249
f 2254/2254/2254 2255/2255/2255 2251/2251/2251
f 2256/2256/2256 2245/2245/2245 2243/2243/2243
f 2257/2257/2257 2245/2245/2245 2256/2256/2256
f 2258/2258/2258 2257/2257/2257 2256/2256/2256
f 2258/2258/2258 2256/2256/2256 2259/2259/2259
f 2260/2260/2260 2258/2258/2258 2259/2259/2259
f 2261/2261/2261 2258/2258/2258 2260/2260/2260
f 2262/2262/2262 2261/2261/2261 2260/2260/2260
f 2263/2263/2263 2261/2261/2261 2262/2262/2262
f 2259/2259/2259 2256/2256/2256 2264/2264/2264
f 2263/2263/2263 2265/2265/2265 2261/2261/2261
f 2266/2266/2266 2265/2265/2265 2263/2263/2263
f 2261/2261/2261 2267/2267/2267 2258/2258/2258
f 2265/2265/2265 2267/2267/2267 2261/2261/2261
f 2267/2267/2267 2257/2257/2257 2258/2258/2258
f 2268/2268/2268 2266/2266/2266 2263/2263/2263
f 2269/2269/2269 2266/2266/2266 2268/2268/2268
f 2270/2270/2270 2269/2269/2269 2268/2268/2268
f 2271/2271/2271 2269/2269/2269 2270/2270/2270
f 2270/2270/2270 2268/2268/2268 2272/2272/2272
f 2272/2272/2272 2268/2268/2268 2273/2273/2273
f 2268/2268/2268 2263/2263/2263 2274/2274/2274
f 2264/2264/2264 2243/2243/2243 2242/2242/2242
f 2256/2256/2256 2243/2243/2243 2264/2264/2264
f 2277/2277/2277 2276/2276/2276 2275/2275/2275
f 2279/2279/2279 2278/2278/2278 2251/2251/2251
f 2278/2278/2278 2253/2253/2253 2251/2251/2251
f 2255/2255/2255 2279/2279/2279 2251/2251/2251
f 2282/2282/2282 2281/2281/2281 2280/2280/2280
f 2283/2283/2283 2281/2281/2281 2282/2282/2282
f 2283/2283/2283 2282/2282/2282 2284/2284/2284
f 2284/2284/2284 2282/2282/2282 2285/2285/2285
f 2284/2284/2284 2286/2286/2286 2283/2283/2283
f 2283/2283/2283 2286/2286/2286 2287/2287/2287
f 2283/2283/2283 2287/2287/2287 2281/2281/2281
f 2286/2286/2286 2288/2288/2288 2287/2287/2287
f 2288/2288/2288 2289/2289/2289 2287/2287/2287
f 2281/2281/2281 2287/2287/2287 2289/2289/2289
f 2290/2290/2290 2289/2289/2289 2288/2288/2288
f 2291/2291/2291 2288/2288/2288 2286/2286/2286
f 2291/2291/2291 2292/2292/2292 2288/2288/2288
f 2293/2293/2293 2285/2285/2285 2282/2282/2282
f 2294/2294/2294 2285/2285/2285 2293/2293/2293
f 2295/2295/2295 2294/2294/2294 2293/2293/2293
f 2295/2295/2295 2293/2293/2293 2296/2296/2296
f 2297/2297/2297 2295/2295/2295 2296/2296/2296
f 2298/2298/2298 2295/2295/2295 2297/2297/2297
f 2296/2296/2296 2293/2293/2293 2299/2299/2299
f 2298/2298/2298 2300/2300/2300 2295/2295/2295
f 2300/2300/2300 2294/2294/2294 2295/2295/2295
f 2301/2301/2301 2300/2300/2300 2298/2298/2298
f 2293/2293/2293 2282/2282/2282 2299/2299/2299
f 2299/2299/2299 2282/2282/2282 2280/2280/2280
f 2302/2302/2302 2290/2290/2290 2288/2288/2288
f 2303/2303/2303 2302/2302/2302 2288/2288/2288
f 2292/2292/2292 2303/2303/2303 2288/2288/2288
f 2306/2306/2306 2305/2305/2305 2304/2304/2304
f 2307/2307/2307 2305/2305/2305 2306/2306/2306
f 2308/2308/2308 2304/2304/2304 2305/2305/2305
f 2309/2309/2309 2304/2304/2304 2308/2308/2308
f 2307/2307/2307 2310/2310/2310 2305/2305/2305
f 2310/2310/2310 2308/2308/2308 2305/2305/2305
f 2311/2311/2311 2310/2310/2310 2307/2307/2307
f 2312/2312/2312 2308/2308/2308 2310/2310/2310
f 2312/2312/2312 2313/2313/2313 2308/2308/2308
f 2314/2314/2314 2311/2311/2311 2307/2307/2307
f 2315/2315/2315 2311/2311/2311 2314/2314/2314
f 2314/2314/2314 2307/2307/2307 2316/2316/2316
f 2316/2316/2316 2307/2307/2307 2306/2306/2306
f 2317/2317/2317 2314/2314/2314 2316/2316/2316
f 2318/2318/2318 2314/2314/2314 2317/2317/2317
f 2318/2318/2318 2319/2319/2319 2314/2314/2314
f 2320/2320/2320 2318/2318/2318 2317/2317/2317
f 2321/2321/2321 2318/2318/2318 2320/2320/2320
f 2321/2321/2321 2322/2322/2322 2318/2318/2318
f 2322/2322/2322 2323/2323/2323 2318/2318/2318
f 2324/2324/2324 2322/2322/2322 2321/2321/2321
f 2325/2325/2325 2321/2321/2321 2320/2320/2320
f 2326/2326/2326 2321/2321/2321 2325/2325/2325
f 2326/2326/2326 2324/2324/2324 2321/2321/2321
f 2327/2327/2327 2324/2324/2324 2326/2326/2326
f 2328/2328/2328 2326/2326/2326 2325/2325/2325
f 2329/2329/2329 2326/2326/2326 2328/2328/2328
f 2329/2329/2329 2327/2327/2327 2326/2326/2326
f 2330/2330/2330 2329/2329/2329 2328/2328/2328
f 2331/2331/2331 2329/2329/2329 2330/2330/2330
f 2331/2331/2331 2332/2332/2332 2329/2329/2329
f 2332/2332/2332 2327/2327/2327 2329/2329/2329
f 2333/2333/2333 2332/2332/2332 2331/2331/2331
f 2334/2334/2334 2331/2331/2331 2330/2330/2330
f 2335/2335/2335 2331/2331/2331 2334/2334/2334
f 2336/2336/2336 2333/2333/2333 2331/2331/2331
f 2339/2339/2339 2338/2338/2338 2337/2337/2337
f 2341/2341/2341 2340/2340/2340 2308/2308/2308
f 2340/2340/2340 2309/2309/2309 2308/2308/2308
f 2313/2313/2313 2341/2341/2341 2308/2308/2308
f 2344/2344/2344 2343/2343/2343 2342/2342/2342
f 2345/2345/2345 2343/2343/2343 2344/2344/2344
f 2345/2345/2345 2346/2346/2346 2343/2343/2343
f 2347/2347/2347 2346/2346/2346 2345/2345/2345
f 2346/2346/2346 2348/2348/2348 2343/2343/2343
f 2343/2343/2343 2348/2348/2348 2349/2349/2349
f 2343/2343/2343 2349/2349/2349 2342/2342/2342
f 2342/2342/2342 2349/2349/2349 2350/2350/2350
f 2348/2348/2348 2351/2351/2351 2349/2349/2349
f 2349/2349/2349 2351/2351/2351 2352/2352/2352
f 2349/2349/2349 2352/2352/2352 2350/2350/2350
f 2351/2351/2351 2353/2353/2353 2352/2352/2352
f 2350/2350/2350 2352/2352/2352 2354/2354/2354
f 2355/2355/2355 2354/2354/2354 2352/2352/2352
f 2353/2353/2353 2355/2355/2355 2352/2352/2352
f 2356/2356/2356 2354/2354/2354 2355/2355/2355
f 2353/2353/2353 2357/2357/2357 2355/2355/2355
f 2358/2358/2358 2347/2347/2347 2345/2345/2345
f 2359/2359/2359 2347/2347/2347 2358/2358/2358
f 2360/2360/2360 2359/2359/2359 2358/2358/2358
f 2360/2360/2360 2358/2358/2358 2361/2361/2361
f 2362/2362/2362 2360/2360/2360 2361/2361/2361
f 2363/2363/2363 2360/2360/2360 2362/2362/2362
f 2361/2361/2361 2358/2358/2358 2364/2364/2364
f 2363/2363/2363 2365/2365/2365 2360/2360/2360
f 2365/2365/2365 2359/2359/2359 2360/2360/2360
f 2366/2366/2366 2365/2365/2365 2363/2363/2363
f 2358/2358/2358 2345/2345/2345 2364/2364/2364
f 2364/2364/2364 2345/2345/2345 2344/2344/2344
f 2367/2367/2367 2356/2356/2356 2355/2355/2355
f 2368/2368/2368 2367/2367/2367 2355/2355/2355
f 2357/2357/2357 2368/2368/2368 2355/2355/2355
f 2371/2371/2371 2370/2370/2370 2369/2369/2369
f 2372/2372/2372 2370/2370/2370 2371/2371/2371
f 2370/2370/2370 2373/2373/2373 2369/2369/2369
f 2374/2374/2374 2373/2373/2373 2370/2370/2370
f 2372/2372/2372 2375/2375/2375 2370/2370/2370
f 2375/2375/2375 2374/2374/2374 2370/2370/2370
f 2376/2376/2376 2375/2375/2375 2372/2372/2372
f 2377/2377/2377 2374/2374/2374 2375/2375/2375
f 2371/2371/2371 2369/2369/2369 2378/2378/2378
f 2378/2378/2378 2369/2369/2369 2379/2379/2379
f 2373/2373/2373 2379/2379/2379 2369/2369/2369
f 2380/2380/2380 2379/2379/2379 2373/2373/2373
f 2376/2376/2376 2381/2381/2381 2375/2375/2375
f 2381/2381/2381 2377/2377/2377 2375/2375/2375
f 2382/2382/2382 2381/2381/2381 2376/2376/2376
f 2383/2383/2383 2377/2377/2377 2381/2381/2381
f 2382/2382/2382 2376/2376/2376 2384/2384/2384
f 2372/2372/2372 2371/2371/2371 2385/2385/2385
f 2376/2376/2376 2385/2385/2385 2384/2384/2384
f 2372/2372/2372 2385/2385/2385 2376/2376/2376
f 2385/2385/2385 2386/2386/2386 2384/2384/2384
f 2385/2385/2385 2387/2387/2387 2386/2386/2386
f 2386/2386/2386 2387/2387/2387 2388/2388/2388
f 2389/2389/2389 2386/2386/2386 2388/2388/2388
f 2390/2390/2390 2386/2386/2386 2389/2389/2389
f 2390/2390/2390 2391/2391/2391 2386/2386/2386
f 2384/2384/2384 2386/2386/2386 2391/2391/2391
f 2392/2392/2392 2391/2391/2391 2390/2390/2390
f 2393/2393/2393 2390/2390/2390 2389/2389/2389
f 2394/2394/2394 2390/2390/2390 2393/2393/2393
f 2395/2395/2395 2394/2394/2394 2393/2393/2393
f 2396/2396/2396 2394/2394/2394 2395/2395/2395
f 2396/2396/2396 2397/2397/2397 2394/2394/2394
f 2390/2390/2390 2397/2397/2397 2392/2392/2392
f 2394/2394/2394 2397/2397/2397 2390/2390/2390
f 2398/2398/2398 2397/2397/2397 2396/2396/2396
f 2399/2399/2399 2398/2398/2398 2396/2396/2396
f 2400/2400/2400 2398/2398/2398 2399/2399/2399
f 2401/2401/2401 2400/2400/2400 2399/2399/2399
f 2402/2402/2402 2400/2400/2400 2401/2401/2401
f 2401/2401/2401 2399/2399/2399 2403/2403/2403
f 2403/2403/2403 2399/2399/2399 2404/2404/2404
f 2404/2404/2404 2396/2396/2396 2395/2395/2395
f 2399/2399/2399 2396/2396/2396 2404/2404/2404
f 2385/2385/2385 2371/2371/2371 2387/2387/2387
f 2371/2371/2371 2378/2378/2378 2387/2387/2387
f 2407/2407/2407 2406/2406/2406 2405/2405/2405
f 2408/2408/2408 2406/2406/2406 2407/2407/2407
f 2406/2406/2406 2409/2409/2409 2405/2405/2405
f 2410/2410/2410 2409/2409/2409 2406/2406/2406
f 2408/2408/2408 2411/2411/2411 2406/2406/2406
f 2411/2411/2411 2410/2410/2410 2406/2406/2406
f 2412/2412/2412 2411/2411/2411 2408/2408/2408
f 2413/2413/2413 2410/2410/2410 2411/2411/2411
f 2407/2407/2407 2405/2405/2405 2414/2414/2414
f 2414/2414/2414 2405/2405/2405 2415/2415/2415
f 2409/2409/2409 2415/2415/2415 2405/2405/2405
f 2416/2416/2416 2415/2415/2415 2409/2409/2409
f 2412/2412/2412 2417/2417/2417 2411/2411/2411
f 2417/2417/2417 2413/2413/2413 2411/2411/2411
f 2418/2418/2418 2417/2417/2417 2412/2412/2412
f 2419/2419/2419 2413/2413/2413 2417/2417/2417
f 2418/2418/2418 2412/2412/2412 2420/2420/2420
f 2408/2408/2408 2407/2407/2407 2421/2421/2421
f 2412/2412/2412 2421/2421/2421 2420/2420/2420
f 2408/2408/2408 2421/2421/2421 2412/2412/2412
f 2421/2421/2421 2422/2422/2422 2420/2420/2420
f 2421/2421/2421 2423/2423/2423 2422/2422/2422
f 2422/2422/2422 2423/2423/2423 2424/2424/2424
f 2425/2425/2425 2422/2422/2422 2424/2424/2424
f 2426/2426/2426 2422/2422/2422 2425/2425/2425
f 2426/2426/2426 2427/2427/2427 2422/2422/2422
f 2420/2420/2420 2422/2422/2422 2427/2427/2427
f 2428/2428/2428 2427/2427/2427 2426/2426/2426
f 2429/2429/2429 2426/2426/2426 2425/2425/2425
f 2430/2430/2430 2426/2426/2426 2429/2429/2429
f 2431/2431/2431 2430/2430/2430 2429/2429/2429
f 2432/2432/2432 2430/2430/2430 2431/2431/2431
f 2432/2432/2432 2433/2433/2433 2430/2430/2430
f 2426/2426/2426 2433/2433/2433 2428/2428/2428
f 2430/2430/2430 2433/2433/2433 2426/2426/2426
f 2434/2434/2434 2433/2433/2433 2432/2432/2432
f 2435/2435/2435 2434/2434/2434 2432/2432/2432
f 2436/2436/2436 2434/2434/2434 2435/2435/2435
f 2437/2437/2437 2436/2436/2436 2435/2435/2435
f 2438/2438/2438 2436/2436/2436 2437/2437/2437
f 2437/2437/2437 2435/2435/2435 2439/2439/2439
f 2439/2439/2439 2435/2435/2435 2440/2440/2440
f 2440/2440/2440 2432/2432/2432 2431/2431/2431
f 2435/2435/2435 2432/2432/2432 2440/2440/2440
f 2421/2421/2421 2407/2407/2407 2423/2423/2423
f 2407/2407/2407 2414/2414/2414 2423/2423/2423
f 2443/2443/2443 2442/2442/2442 2441/2441/2441
f 2444/2444/2444 2442/2442/2442 2443/2443/2443
f 2444/2444/2444 2445/2445/2445 2442/2442/2442
f 2446/2446/2446 2445/2445/2445 2444/2444/2444
f 2445/2445/2445 2447/2447/2447 2442/2442/2442
f 2442/2442/2442 2447/2447/2447 2448/2448/2448
f 2442/2442/2442 2448/2448/2448 2441/2441/2441
f 2441/2441/2441 2448/2448/2448 2449/2449/2449
f 2447/2447/2447 2450/2450/2450 2448/2448/2448
f 2448/2448/2448 2450/2450/2450 2451/2451/2451
f 2448/2448/2448 2451/2451/2451 2449/2449/2449
f 2450/2450/2450 2452/2452/2452 2451/2451/2451
f 2452/2452/2452 2453/2453/2453 2451/2451/2451
f 2449/2449/2449 2451/2451/2451 2453/2453/2453
f 2454/2454/2454 2453/2453/2453 2452/2452/2452
f 2455/2455/2455 2452/2452/2452 2450/2450/2450
f 2455/2455/2455 2456/2456/2456 2452/2452/2452
f 2457/2457/2457 2446/2446/2446 2444/2444/2444
f 2458/2458/2458 2446/2446/2446 2457/2457/2457
f 2459/2459/2459 2458/2458/2458 2457/2457/2457
f 2459/2459/2459 2457/2457/2457 2460/2460/2460
f 2461/2461/2461 2459/2459/2459 2460/2460/2460
f 2462/2462/2462 2459/2459/2459 2461/2461/2461
f 2463/2463/2463 2462/2462/2462 2461/2461/2461
f 2464/2464/2464 2462/2462/2462 2463/2463/2463
f 2460/2460/2460 2457/2457/2457 2465/2465/2465
f 2464/2464/2464 2466/2466/2466 2462/2462/2462
f 2467/2467/2467 2466/2466/2466 2464/2464/2464
f 2462/2462/2462 2468/2468/2468 2459/2459/2459
f 2466/2466/2466 2468/2468/2468 2462/2462/2462
f 2468/2468/2468 2458/2458/2458 2459/2459/2459
f 2469/2469/2469 2467/2467/2467 2464/2464/2464
f 2470/2470/2470 2467/2467/2467 2469/2469/2469
f 2471/2471/2471 2470/2470/2470 2469/2469/2469
f 2472/2472/2472 2470/2470/2470 2471/2471/2471
f 2471/2471/2471 2469/2469/2469 2473/2473/2473
f 2473/2473/2473 2469/2469/2469 2474/2474/2474
f 2474/2474/2474 2464/2464/2464 2463/2463/2463
f 2469/2469/2469 2464/2464/2464 2474/2474/2474
f 2465/2465/2465 2444/2444/2444 2443/2443/2443
f 2457/2457/2457 2444/2444/2444 2465/2465/2465
f 2476/2476/2476 2475/2475/2475 2452/2452/2452
f 2475/2475/2475 2454/2454/2454 2452/2452/2452
f 2456/2456/2456 2476/2476/2476 2452/2452/2452
f 2479/2479/2479 2478/2478/2478 2477/2477/2477
f 2480/2480/2480 2478/2478/2478 2479/2479/2479
f 2478/2478/2478 2481/2481/2481 2477/2477/2477
f 2477/2477/2477 2481/2481/2481 2482/2482/2482
f 2481/2481/2481 2483/2483/2483 2482/2482/2482
f 2482/2482/2482 2483/2483/2483 2484/2484/2484
f 2480/2480/2480 2485/2485/2485 2478/2478/2478
f 2486/2486/2486 2485/2485/2485 2480/2480/2480
f 2478/2478/2478 2487/2487/2487 2481/2481/2481
f 2485/2485/2485 2487/2487/2487 2478/2478/2478
f 2481/2481/2481 2488/2488/2488 2483/2483/2483
f 2487/2487/2487 2488/2488/2488 2481/2481/2481
f 2489/2489/2489 2486/2486/2486 2480/2480/2480
f 2490/2490/2490 2486/2486/2486 2489/2489/2489
f 2491/2491/2491 2490/2490/2490 2489/2489/2489
f 2492/2492/2492 2490/2490/2490 2491/2491/2491
f 2491/2491/2491 2489/2489/2489 2493/2493/2493
f 2493/2493/2493 2489/2489/2489 2494/2494/2494
f 2489/2489/2489 2480/2480/2480 2494/2494/2494
f 2494/2494/2494 2480/2480/2480 2479/2479/2479
f 2488/2488/2488 2495/2495/2495 2483/2483/2483
f 2483/2483/2483 2495/2495/2495 2496/2496/2496
f 2483/2483/2483 2496/2496/2496 2484/2484/2484
f 2484/2484/2484 2496/2496/2496 2497/2497/2497
f 2498/2498/2498 2496/2496/2496 2495/2495/2495
f 2499/2499/2499 2496/2496/2496 2498/2498/2498
f 2499/2499/2499 2497/2497/2497 2496/2496/2496
f 2500/2500/2500 2497/2497/2497 2499/2499/2499
f 2501/2501/2501 2497/2497/2497 2500/2500/2500
f 2502/2502/2502 2497/2497/2497 2501/2501/2501
f 2503/2503/2503 2497/2497/2497 2502/2502/2502
f 2506/2506/2506 2505/2505/2505 2504/2504/2504
f 2507/2507/2507 2505/2505/2505 2506/2506/2506
f 2507/2507/2507 2508/2508/2508 2505/2505/2505
f 2509/2509/2509 2508/2508/2508 2507/2507/2507
f 2508/2508/2508 2510/2510/2510 2505/2505/2505
f 2505/2505/2505 2510/2510/2510 2511/2511/2511
f 2505/2505/2505 2511/2511/2511 2504/2504/2504
f 2504/2504/2504 2511/2511/2511 2512/2512/2512
f 2510/2510/2510 2513/2513/2513 2511/2511/2511
f 2511/2511/2511 2513/2513/2513 2514/2514/2514
f 2511/2511/2511 2514/2514/2514 2512/2512/2512
f 2513/2513/2513 2515/2515/2515 2514/2514/2514
f 2515/2515/2515 2516/2516/2516 2514/2514/2514
f 2512/2512/2512 2514/2514/2514 2516/2516/2516
f 2517/2517/2517 2516/2516/2516 2515/2515/2515
f 2518/2518/2518 2515/2515/2515 2513/2513/2513
f 2518/2518/2518 2519/2519/2519 2515/2515/2515
f 2520/2520/2520 2509/2509/2509 2507/2507/2507
f 2521/2521/2521 2509/2509/2509 2520/2520/2520
f 2522/2522/2522 2521/2521/2521 2520/2520/2520
f 2522/2522/2522 2520/2520/2520 2523/2523/2523
f 2524/2524/2524 2522/2522/2522 2523/2523/2523
f 2525/2525/2525 2522/2522/2522 2524/2524/2524
f 2526/2526/2526 2525/2525/2525 2524/2524/2524
f 2527/2527/2527 2525/2525/2525 2526/2526/2526
f 2523/2523/2523 2520/2520/2520 2528/2528/2528
f 2527/2527/2527 2529/2529/2529 2525/2525/2525
f 2530/2530/2530 2529/2529/2529 2527/2527/2527
f 2525/2525/2525 2531/2531/2531 2522/2522/2522
f 2529/2529/2529 2531/2531/2531 2525/2525/2525
f 2531/2531/2531 2521/2521/2521 2522/2522/2522
f 2532/2532/2532 2530/2530/2530 2527/2527/2527
f 2533/2533/2533 2530/2530/2530 2532/2532/2532
f 2534/2534/2534 2533/2533/2533 2532/2532/2532
f 2535/2535/2535 2533/2533/2533 2534/2534/2534
f 2534/2534/2534 2532/2532/2532 2536/2536/2536
f 2536/2536/2536 2532/2532/2532 2537/2537/2537
f 2537/2537/2537 2527/2527/2527 2526/2526/2526
f 2532/2532/2532 2527/2527/2527 2537/2537/2537
f 2528/2528/2528 2507/2507/2507 2506/2506/2506
f 2520/2520/2520 2507/2507/2507 2528/2528/2528
f 2539/2539/2539 2538/2538/2538 2515/2515/2515
f 2538/2538/2538 2517/2517/2517 2515/2515/2515
f 2519/2519/2519 2539/2539/2539 2515/2515/2515
f 2542/2542/2542 2541/2541/2541 2540/2540/2540
f 2545/2545/2545 2544/2544/2544 2543/2543/2543
f 2544/2544/2544 2545/2545/2545 2546/2546/2546
f 2548/2548/2548 2543/2543/2543 2547/2547/2547
f 2550/2550/2550 2548/2548/2548 2549/2549/2549
f 2552/2552/2552 2551/2551/2551 2550/2550/2550
f 2554/2554/2554 2543/2543/2543 2553/2553/2553
f 2556/2556/2556 2555/2555/2555 2553/2553/2553
f 2558/2558/2558 2545/2545/2545 2557/2557/2557
f 2558/2558/2558 2557/2557/2557 2559/2559/2559
f 2562/2562/2562 2561/2561/2561 2560/2560/2560
f 2560/2560/2560 2561/2561/2561 2563/2563/2563
f 2561/2561/2561 2565/2565/2565 2564/2564/2564
f 2565/2565/2565 2566/2566/2566 2564/2564/2564
f 2564/2564/2564 2566/2566/2566 2567/2567/2567
f 2566/2566/2566 2568/2568/2568 2567/2567/2567
f 2571/2571/2571 2570/2570/2570 2569/2569/2569
f 2574/2574/2574 2573/2573/2573 2572/2572/2572
f 2572/2572/2572 2573/2573/2573 2575/2575/2575
f 2578/2578/2578 2577/2577/2577 2576/2576/2576
f 2576/2576/2576 2577/2577/2577 2579/2579/2579
f 2576/2576/2576 2579/2579/2579 2580/2580/2580
f 2580/2580/2580 2579/2579/2579 2581/2581/2581
f 2584/2584/2584 2583/2583/2583 2582/2582/2582
f 2584/2584/2584 2582/2582/2582 2585/2585/2585
f 2585/2585/2585 2582/2582/2582 2586/2586/2586
f 2586/2586/2586 2587/2587/2587 2585/2585/2585
f 2589/2589/2589 2588/2588/2588 2586/2586/2586
f 2590/2590/2590 2588/2588/2588 2589/2589/2589
f 2591/2591/2591 2588/2588/2588 2590/2590/2590
f 2592/2592/2592 2588/2588/2588 2591/2591/2591
f 2592/2592/2592 2591/2591/2591 2593/2593/2593
f 2593/2593/2593 2591/2591/2591 2594/2594/2594
f 2597/2597/2597 2596/2596/2596 2595/2595/2595
f 2600/2600/2600 2599/2599/2599 2598/2598/2598
f 2600/2600/2600 2601/2601/2601 2599/2599/2599
f 2602/2602/2602 2601/2601/2601 2600/2600/2600
f 2605/2605/2605 2604/2604/2604 2603/2603/2603
f 2603/2603/2603 2604/2604/2604 2606/2606/2606
f 2609/2609/2609 2608/2608/2608 2607/2607/2607
f 2609/2609/2609 2610/2610/2610 2608/2608/2608
f 2611/2611/2611 2610/2610/2610 2609/2609/2609
f 2611/2611/2611 2612/2612/2612 2610/2610/2610
f 2613/2613/2613 2609/2609/2609 2607/2607/2607
f 2609/2609/2609 2613/2613/2613 2614/2614/2614
f 2615/2615/2615 2609/2609/2609 2614/2614/2614
f 2609/2609/2609 2615/2615/2615 2616/2616/2616
f 2619/2619/2619 2618/2618/2618 2617/2617/2617
f 2622/2622/2622 2621/2621/2621 2620/2620/2620
f 2623/2623/2623 2621/2621/2621 2622/2622/2622
f 2624/2624/2624 2620/2620/2620 2621/2621/2621
f 2625/2625/2625 2620/2620/2620 2624/2624/2624
f 2623/2623/2623 2626/2626/2626 2621/2621/2621
f 2626/2626/2626 2624/2624/2624 2621/2621/2621
f 2627/2627/2627 2626/2626/2626 2623/2623/2623
f 2628/2628/2628 2624/2624/2624 2626/2626/2626
f 2628/2628/2628 2629/2629/2629 2624/2624/2624
f 2630/2630/2630 2627/2627/2627 2623/2623/2623
f 2631/2631/2631 2627/2627/2627 2630/2630/2630
f 2632/2632/2632 2623/2623/2623 2622/2622/2622
f 2630/2630/2630 2623/2623/2623 2632/2632/2632
f 2633/2633/2633 2630/2630/2630 2632/2632/2632
f 2634/2634/2634 2630/2630/2630 2633/2633/2633
f 2635/2635/2635 2634/2634/2634 2633/2633/2633
f 2636/2636/2636 2634/2634/2634 2635/2635/2635
f 2636/2636/2636 2637/2637/2637 2634/2634/2634
f 2638/2638/2638 2637/2637/2637 2636/2636/2636
f 2634/2634/2634 2639/2639/2639 2630/2630/2630
f 2637/2637/2637 2640/2640/2640 2634/2634/2634
f 2641/2641/2641 2636/2636/2636 2635/2635/2635
f 2642/2642/2642 2636/2636/2636 2641/2641/2641
f 2642/2642/2642 2638/2638/2638 2636/2636/2636
f 2643/2643/2643 2638/2638/2638 2642/2642/2642
f 2644/2644/2644 2642/2642/2642 2641/2641/2641
f 2645/2645/2645 2642/2642/2642 2644/2644/2644
f 2645/2645/2645 2643/2643/2643 2642/2642/2642
f 2646/2646/2646 2645/2645/2645 2644/2644/2644
f 2647/2647/2647 2645/2645/2645 2646/2646/2646
f 2647/2647/2647 2648/2648/2648 2645/2645/2645
f 2648/2648/2648 2643/2643/2643 2645/2645/2645
f 2649/2649/2649 2648/2648/2648 2647/2647/2647
f 2650/2650/2650 2647/2647/2647 2646/2646/2646
f 2651/2651/2651 2647/2647/2647 2650/2650/2650
f 2651/2651/2651 2649/2649/2649 2647/2647/2647
f 2652/2652/2652 2651/2651/2651 2650/2650/2650
f 2653/2653/2653 2651/2651/2651 2652/2652/2652
f 2653/2653/2653 2654/2654/2654 2651/2651/2651
f 2654/2654/2654 2649/2649/2649 2651/2651/2651
f 2655/2655/2655 2654/2654/2654 2653/2653/2653
f 2656/2656/2656 2655/2655/2655 2653/2653/2653
f 2657/2657/2657 2655/2655/2655 2656/2656/2656
f 2658/2658/2658 2657/2657/2657 2656/2656/2656
f 2659/2659/2659 2657/2657/2657 2658/2658/2658
f 2658/2658/2658 2656/2656/2656 2660/2660/2660
f 2660/2660/2660 2656/2656/2656 2661/2661/2661
f 2661/2661/2661 2653/2653/2653 2652/2652/2652
f 2656/2656/2656 2653/2653/2653 2661/2661/2661
f 2663/2663/2663 2662/2662/2662 2624/2624/2624
f 2662/2662/2662 2625/2625/2625 2624/2624/2624
f 2629/2629/2629 2663/2663/2663 2624/2624/2624
f 2666/2666/2666 2665/2665/2665 2664/2664/2664
f 2668/2668/2668 2667/2667/2667 2666/2666/2666
f 2669/2669/2669 2668/2668/2668 2666/2666/2666
f 2670/2670/2670 2668/2668/2668 2669/2669/2669
f 2671/2671/2671 2670/2670/2670 2669/2669/2669
f 2672/2672/2672 2670/2670/2670 2671/2671/2671
f 2673/2673/2673 2672/2672/2672 2671/2671/2671
f 2674/2674/2674 2672/2672/2672 2673/2673/2673
f 2674/2674/2674 2675/2675/2675 2672/2672/2672
f 2676/2676/2676 2675/2675/2675 2674/2674/2674
f 2672/2672/2672 2677/2677/2677 2670/2670/2670
f 2675/2675/2675 2677/2677/2677 2672/2672/2672
f 2670/2670/2670 2678/2678/2678 2668/2668/2668
f 2677/2677/2677 2678/2678/2678 2670/2670/2670
f 2678/2678/2678 2679/2679/2679 2668/2668/2668
f 2668/2668/2668 2679/2679/2679 2667/2667/2667
f 2680/2680/2680 2676/2676/2676 2674/2674/2674
f 2680/2680/2680 2674/2674/2674 2681/2681/2681
f 2682/2682/2682 2674/2674/2674 2673/2673/2673
f 2679/2679/2679 2684/2684/2684 2683/2683/2683
f 2687/2687/2687 2686/2686/2686 2685/2685/2685
f 2690/2690/2690 2689/2689/2689 2688/2688/2688
f 2693/2693/2693 2692/2692/2692 2691/2691/2691
f 2696/2696/2696 2695/2695/2695 2694/2694/2694
f 2696/2696/2696 2698/2698/2698 2697/2697/2697
f 2701/2701/2701 2700/2700/2700 2699/2699/2699
f 2704/2704/2704 2703/2703/2703 2702/2702/2702
f 2706/2706/2706 2704/2704/2704 2705/2705/2705
f 2707/2707/2707 2704/2704/2704 2706/2706/2706
f 2710/2710/2710 2709/2709/2709 2708/2708/2708
f 2708/2708/2708 2709/2709/2709 2711/2711/2711
f 2714/2714/2714 2713/2713/2713 2712/2712/2712
f 2717/2717/2717 2716/2716/2716 2715/2715/2715
f 2718/2718/2718 2716/2716/2716 2717/2717/2717
f 2719/2719/2719 2718/2718/2718 2717/2717/2717
f 2720/2720/2720 2718/2718/2718 2719/2719/2719
f 2721/2721/2721 2720/2720/2720 2719/2719/2719
f 2722/2722/2722 2720/2720/2720 2721/2721/2721
f 2723/2723/2723 2722/2722/2722 2721/2721/2721
f 2724/2724/2724 2722/2722/2722 2723/2723/2723
f 2725/2725/2725 2715/2715/2715 2716/2716/2716
f 2726/2726/2726 2715/2715/2715 2725/2725/2725
f 2724/2724/2724 2727/2727/2727 2722/2722/2722
f 2728/2728/2728 2727/2727/2727 2724/2724/2724
f 2722/2722/2722 2729/2729/2729 2720/2720/2720
f 2727/2727/2727 2729/2729/2729 2722/2722/2722
f 2720/2720/2720 2730/2730/2730 2718/2718/2718
f 2729/2729/2729 2730/2730/2730 2720/2720/2720
f 2730/2730/2730 2731/2731/2731 2718/2718/2718
f 2718/2718/2718 2731/2731/2731 2716/2716/2716
f 2731/2731/2731 2725/2725/2725 2716/2716/2716
f 2732/2732/2732 2728/2728/2728 2724/2724/2724
f 2733/2733/2733 2728/2728/2728 2732/2732/2732
f 2734/2734/2734 2733/2733/2733 2732/2732/2732
f 2735/2735/2735 2733/2733/2733 2734/2734/2734
f 2734/2734/2734 2732/2732/2732 2736/2736/2736
f 2736/2736/2736 2732/2732/2732 2737/2737/2737
f 2732/2732/2732 2724/2724/2724 2737/2737/2737
f 2737/2737/2737 2724/2724/2724 2723/2723/2723
f 2740/2740/2740 2739/2739/2739 2738/2738/2738
f 2743/2743/2743 2742/2742/2742 2741/2741/2741
f 2745/2745/2745 2741/2741/2741 2744/2744/2744
f 2745/2745/2745 2744/2744/2744 2746/2746/2746
f 2748/2748/2748 2747/2747/2747 2745/2745/2745
f 2751/2751/2751 2750/2750/2750 2749/2749/2749
f 2752/2752/2752 2750/2750/2750 2751/2751/2751
f 2753/2753/2753 2752/2752/2752 2751/2751/2751
f 2754/2754/2754 2752/2752/2752 2753/2753/2753
f 2755/2755/2755 2754/2754/2754 2753/2753/2753
f 2756/2756/2756 2754/2754/2754 2755/2755/2755
f 2757/2757/2757 2756/2756/2756 2755/2755/2755
f 2758/2758/2758 2756/2756/2756 2757/2757/2757
f 2758/2758/2758 2759/2759/2759 2756/2756/2756
f 2760/2760/2760 2759/2759/2759 2758/2758/2758
f 2756/2756/2756 2761/2761/2761 2754/2754/2754
f 2759/2759/2759 2761/2761/2761 2756/2756/2756
f 2754/2754/2754 2762/2762/2762 2752/2752/2752
f 2761/2761/2761 2762/2762/2762 2754/2754/2754
f 2762/2762/2762 2763/2763/2763 2752/2752/2752
f 2752/2752/2752 2763/2763/2763 2750/2750/2750
f 2763/2763/2763 2764/2764/2764 2750/2750/2750
f 2764/2764/2764 2765/2765/2765 2750/2750/2750
f 2766/2766/2766 2760/2760/2760 2758/2758/2758
f 2767/2767/2767 2760/2760/2760 2766/2766/2766
f 2768/2768/2768 2767/2767/2767 2766/2766/2766
f 2769/2769/2769 2767/2767/2767 2768/2768/2768
f 2768/2768/2768 2766/2766/2766 2770/2770/2770
f 2770/2770/2770 2766/2766/2766 2771/2771/2771
f 2766/2766/2766 2758/2758/2758 2771/2771/2771
f 2771/2771/2771 2758/2758/2758 2757/2757/2757
f 2774/2774/2774 2773/2773/2773 2772/2772/2772
f 2777/2777/2777 2776/2776/2776 2775/2775/2775
f 2778/2778/2778 2777/2777/2777 2775/2775/2775
f 2778/2778/2778 2775/2775/2775 2779/2779/2779
f 2780/2780/2780 2777/2777/2777 2778/2778/2778
f 2783/2783/2783 2782/2782/2782 2781/2781/2781
f 2786/2786/2786 2785/2785/2785 2784/2784/2784
f 2787/2787/2787 2785/2785/2785 2786/2786/2786
f 2788/2788/2788 2787/2787/2787 2786/2786/2786
f 2789/2789/2789 2787/2787/2787 2788/2788/2788
f 2790/2790/2790 2789/2789/2789 2788/2788/2788
f 2791/2791/2791 2789/2789/2789 2790/2790/2790
f 2792/2792/2792 2791/2791/2791 2790/2790/2790
f 2793/2793/2793 2791/2791/2791 2792/2792/2792
f 2794/2794/2794 2784/2784/2784 2785/2785/2785
f 2795/2795/2795 2784/2784/2784 2794/2794/2794
f 2793/2793/2793 2796/2796/2796 2791/2791/2791
f 2797/2797/2797 2796/2796/2796 2793/2793/2793
f 2791/2791/2791 2798/2798/2798 2789/2789/2789
f 2796/2796/2796 2798/2798/2798 2791/2791/2791
f 2789/2789/2789 2799/2799/2799 2787/2787/2787
f 2798/2798/2798 2799/2799/2799 2789/2789/2789
f 2799/2799/2799 2800/2800/2800 2787/2787/2787
f 2787/2787/2787 2800/2800/2800 2785/2785/2785
f 2800/2800/2800 2794/2794/2794 2785/2785/2785
f 2801/2801/2801 2794/2794/2794 2800/2800/2800
f 2801/2801/2801 2802/2802/2802 2794/2794/2794
f 2803/2803/2803 2797/2797/2797 2793/2793/2793
f 2804/2804/2804 2797/2797/2797 2803/2803/2803
f 2805/2805/2805 2804/2804/2804 2803/2803/2803
f 2806/2806/2806 2804/2804/2804 2805/2805/2805
f 2805/2805/2805 2803/2803/2803 2807/2807/2807
f 2807/2807/2807 2803/2803/2803 2808/2808/2808
f 2803/2803/2803 2793/2793/2793 2808/2808/2808
f 2808/2808/2808 2793/2793/2793 2792/2792/2792
f 2811/2811/2811 2810/2810/2810 2809/2809/2809
f 2814/2814/2814 2813/2813/2813 2812/2812/2812
f 2817/2817/2817 2816/2816/2816 2815/2815/2815
f 2820/2820/2820 2819/2819/2819 2818/2818/2818
f 2821/2821/2821 2819/2819/2819 2820/2820/2820
f 2822/2822/2822 2821/2821/2821 2820/2820/2820
f 2823/2823/2823 2821/2821/2821 2822/2822/2822
f 2824/2824/2824 2823/2823/2823 2822/2822/2822
f 2825/2825/2825 2823/2823/2823 2824/2824/2824
f 2826/2826/2826 2825/2825/2825 2824/2824/2824
f 2827/2827/2827 2825/2825/2825 2826/2826/2826
f 2827/2827/2827 2828/2828/2828 2825/2825/2825
f 2829/2829/2829 2828/2828/2828 2827/2827/2827
f 2825/2825/2825 2830/2830/2830 2823/2823/2823
f 2828/2828/2828 2830/2830/2830 2825/2825/2825
f 2823/2823/2823 2831/2831/2831 2821/2821/2821
f 2830/2830/2830 2831/2831/2831 2823/2823/2823
f 2821/2821/2821 2832/2832/2832 2819/2819/2819
f 2831/2831/2831 2832/2832/2832 2821/2821/2821
f 2833/2833/2833 2827/2827/2827 2826/2826/2826
f 2834/2834/2834 2827/2827/2827 2833/2833/2833
f 2834/2834/2834 2829/2829/2829 2827/2827/2827
f 2835/2835/2835 2829/2829/2829 2834/2834/2834
f 2832/2832/2832 2836/2836/2836 2819/2819/2819
f 2819/2819/2819 2836/2836/2836 2837/2837/2837
f 2819/2819/2819 2837/2837/2837 2818/2818/2818
f 2818/2818/2818 2837/2837/2837 2838/2838/2838
f 2836/2836/2836 2839/2839/2839 2837/2837/2837
f 2841/2841/2841 2839/2839/2839 2840/2840/2840
f 2839/2839/2839 2842/2842/2842 2840/2840/2840
f 2843/2843/2843 2842/2842/2842 2839/2839/2839
f 2843/2843/2843 2844/2844/2844 2842/2842/2842
f 2845/2845/2845 2844/2844/2844 2843/2843/2843
f 2848/2848/2848 2847/2847/2847 2846/2846/2846
f 2846/2846/2846 2847/2847/2847 2849/2849/2849
f 2850/2850/2850 2849/2849/2849 2847/2847/2847
f 2851/2851/2851 2849/2849/2849 2850/2850/2850
f 2852/2852/2852 2851/2851/2851 2850/2850/2850
f 2853/2853/2853 2851/2851/2851 2852/2852/2852
f 2856/2856/2856 2855/2855/2855 2854/2854/2854
f 2858/2858/2858 2857/2857/2857 2856/2856/2856
f 2859/2859/2859 2858/2858/2858 2856/2856/2856
f 2860/2860/2860 2858/2858/2858 2859/2859/2859
f 2861/2861/2861 2860/2860/2860 2859/2859/2859
f 2862/2862/2862 2860/2860/2860 2861/2861/2861
f 2863/2863/2863 2862/2862/2862 2861/2861/2861
f 2864/2864/2864 2862/2862/2862 2863/2863/2863
f 2864/2864/2864 2865/2865/2865 2862/2862/2862
f 2866/2866/2866 2865/2865/2865 2864/2864/2864
f 2862/2862/2862 2867/2867/2867 2860/2860/2860
f 2865/2865/2865 2867/2867/2867 2862/2862/2862
f 2860/2860/2860 2868/2868/2868 2858/2858/2858
f 2867/2867/2867 2868/2868/2868 2860/2860/2860
f 2868/2868/2868 2869/2869/2869 2858/2858/2858
f 2858/2858/2858 2869/2869/2869 2870/2870/2870
f 2871/2871/2871 2864/2864/2864 2863/2863/2863
f 2872/2872/2872 2864/2864/2864 2871/2871/2871
f 2872/2872/2872 2866/2866/2866 2864/2864/2864
f 2873/2873/2873 2866/2866/2866 2872/2872/2872
f 2869/2869/2869 2875/2875/2875 2874/2874/2874
f 2877/2877/2877 2875/2875/2875 2876/2876/2876
f 2875/2875/2875 2878/2878/2878 2876/2876/2876
f 2876/2876/2876 2878/2878/2878 2879/2879/2879
f 2878/2878/2878 2880/2880/2880 2879/2879/2879
f 2881/2881/2881 2880/2880/2880 2878/2878/2878
f 2881/2881/2881 2882/2882/2882 2880/2880/2880
f 2884/2884/2884 2883/2883/2883 2854/2854/2854
f 2854/2854/2854 2883/2883/2883 2885/2885/2885
f 2883/2883/2883 2886/2886/2886 2885/2885/2885
f 2885/2885/2885 2886/2886/2886 2887/2887/2887
f 2888/2888/2888 2887/2887/2887 2886/2886/2886
f 2889/2889/2889 2887/2887/2887 2888/2888/2888
f 2890/2890/2890 2889/2889/2889 2888/2888/2888
f 2893/2893/2893 2892/2892/2892 2891/2891/2891
f 2896/2896/2896 2895/2895/2895 2894/2894/2894
f 2899/2899/2899 2898/2898/2898 2897/2897/2897
f 2901/2901/2901 2900/2900/2900 2899/2899/2899
f 2902/2902/2902 2901/2901/2901 2899/2899/2899
f 2903/2903/2903 2901/2901/2901 2902/2902/2902
f 2904/2904/2904 2903/2903/2903 2902/2902/2902
f 2905/2905/2905 2903/2903/2903 2904/2904/2904
f 2906/2906/2906 2905/2905/2905 2904/2904/2904
f 2907/2907/2907 2905/2905/2905 2906/2906/2906
f 2907/2907/2907 2908/2908/2908 2905/2905/2905
f 2909/2909/2909 2908/2908/2908 2907/2907/2907
f 2905/2905/2905 2910/2910/2910 2903/2903/2903
f 2908/2908/2908 2910/2910/2910 2905/2905/2905
f 2903/2903/2903 2911/2911/2911 2901/2901/2901
f 2910/2910/2910 2911/2911/2911 2903/2903/2903
f 2911/2911/2911 2912/2912/2912 2901/2901/2901
f 2901/2901/2901 2912/2912/2912 2913/2913/2913
f 2914/2914/2914 2909/2909/2909 2907/2907/2907
f 2914/2914/2914 2907/2907/2907 2915/2915/2915
f 2916/2916/2916 2907/2907/2907 2906/2906/2906
f 2918/2918/2918 2917/2917/2917 2912/2912/2912
f 2921/2921/2921 2920/2920/2920 2919/2919/2919
f 2924/2924/2924 2923/2923/2923 2922/2922/2922
f 2926/2926/2926 2924/2924/2924 2925/2925/2925
f 2929/2929/2929 2928/2928/2928 2927/2927/2927
f 2932/2932/2932 2931/2931/2931 2930/2930/2930
f 2935/2935/2935 2934/2934/2934 2933/2933/2933
f 2938/2938/2938 2937/2937/2937 2936/2936/2936
f 2939/2939/2939 2937/2937/2937 2938/2938/2938
f 2942/2942/2942 2941/2941/2941 2940/2940/2940
f 2940/2940/2940 2941/2941/2941 2943/2943/2943
f 2946/2946/2946 2945/2945/2945 2944/2944/2944
f 2945/2945/2945 2947/2947/2947 2944/2944/2944
f 2950/2950/2950 2949/2949/2949 2948/2948/2948
f 2952/2952/2952 2951/2951/2951 2950/2950/2950
f 2954/2954/2954 2953/2953/2953 2950/2950/2950
f 2955/2955/2955 2953/2953/2953 2954/2954/2954
f 2956/2956/2956 2955/2955/2955 2954/2954/2954
f 2957/2957/2957 2955/2955/2955 2956/2956/2956
f 2957/2957/2957 2958/2958/2958 2955/2955/2955
f 2958/2958/2958 2959/2959/2959 2955/2955/2955
f 2955/2955/2955 2959/2959/2959 2960/2960/2960
f 2959/2959/2959 2961/2961/2961 2960/2960/2960
f 2962/2962/2962 2958/2958/2958 2957/2957/2957
f 2963/2963/2963 2962/2962/2962 2957/2957/2957
f 2964/2964/2964 2962/2962/2962 2963/2963/2963
f 2965/2965/2965 2964/2964/2964 2963/2963/2963
f 2965/2965/2965 2963/2963/2963 2966/2966/2966
f 2967/2967/2967 2965/2965/2965 2966/2966/2966
f 2968/2968/2968 2965/2965/2965 2967/2967/2967
f 2966/2966/2966 2963/2963/2963 2969/2969/2969
f 2969/2969/2969 2957/2957/2957 2956/2956/2956
f 2963/2963/2963 2957/2957/2957 2969/2969/2969
f 2968/2968/2968 2970/2970/2970 2965/2965/2965
f 2970/2970/2970 2964/2964/2964 2965/2965/2965
f 2971/2971/2971 2970/2970/2970 2968/2968/2968
f 2972/2972/2972 2971/2971/2971 2968/2968/2968
f 2973/2973/2973 2968/2968/2968 2967/2967/2967
f 2974/2974/2974 2968/2968/2968 2973/2973/2973
f 2975/2975/2975 2974/2974/2974 2973/2973/2973
f 2976/2976/2976 2974/2974/2974 2975/2975/2975
f 2978/2978/2978 2961/2961/2961 2977/2977/2977
f 2980/2980/2980 2971/2971/2971 2979/2979/2979
f 2982/2982/2982 2948/2948/2948 2981/2981/2981
f 2983/2983/2983 2948/2948/2948 2982/2982/2982
f 2984/2984/2984 2983/2983/2983 2982/2982/2982
f 2985/2985/2985 2984/2984/2984 2982/2982/2982
f 2986/2986/2986 2985/2985/2985 2982/2982/2982
f 2987/2987/2987 2986/2986/2986 2982/2982/2982
f 2987/2987/2987 2982/2982/2982 2988/2988/2988
f 2988/2988/2988 2982/2982/2982 2989/2989/2989
f 2992/2992/2992 2991/2991/2991 2990/2990/2990
f 2993/2993/2993 2991/2991/2991 2992/2992/2992
f 2996/2996/2996 2995/2995/2995 2994/2994/2994
f 2997/2997/2997 2995/2995/2995 2996/2996/2996
f 2998/2998/2998 2997/2997/2997 2996/2996/2996
f 2999/2999/2999 2997/2997/2997 2998/2998/2998
f 2999/2999/2999 3000/3000/3000 2997/2997/2997
f 3001/3001/3001 3000/3000/3000 2999/2999/2999
f 3000/3000/3000 3002/3002/3002 2997/2997/2997
f 2997/2997/2997 3002/3002/3002 3003/3003/3003
f 3006/3006/3006 3005/3005/3005 3004/3004/3004
f 3007/3007/3007 3005/3005/3005 3006/3006/3006
f 3010/3010/3010 3009/3009/3009 3008/3008/3008
f 3012/3012/3012 3008/3008/3008 3011/3011/3011
f 3015/3015/3015 3014/3014/3014 3013/3013/3013
f 3018/3018/3018 3017/3017/3017 3016/3016/3016
f 3018/3018/3018 3019/3019/3019 3017/3017/3017
f 3022/3022/3022 3021/3021/3021 3020/3020/3020
