g STR_Statue_mesh
v 169.918 253.8351 -1158.714
v 178.9405 257.9307 -1157.06
v 149.1768 275.3277 -1139.272
v 155.2701 249.0301 -1159.013
v 144.5564 247.7497 -1156.567
v 134.2031 248.7609 -1151.528
v 129.6507 250.4895 -1147.784
v 125.8027 255.4831 -1140.416
v 122.9738 263.3619 -1129.992
v 124.0161 273.7892 -1117.972
v 125.7258 279.2816 -1112.069
v 127.1295 280.607 -1111.012
v 135.1008 285.1727 -1108.533
v 144.8979 288.3813 -1108.345
v 155.635 289.6643 -1110.796
v 165.9885 288.6531 -1115.835
v 174.5539 285.4008 -1122.879
v 180.1584 280.5177 -1130.774
v 158.3664 231.2083 -1168.225
v 176.1264 237.0352 -1167.87
v 190.4581 243.6103 -1165.248
v 106.8919 252.8503 -1123.401
v 110.469 242.8872 -1136.582
v 116.747 234.7401 -1148.602
v 127.2085 230.7681 -1157.205
v 142.3268 229.2915 -1164.563
v 200.2472 252.9312 -1158.046
v 219.6778 236.1969 -1159.426
v 227.3704 249.234 -1145.49
v 235.4093 241.7767 -1139.749
v 230.6774 257.5974 -1120.852
v 223.0209 264.403 -1127.871
v 224.9556 271.7177 -1101.951
v 217.6011 277.8807 -1109.854
v 212.9609 282.1661 -1085.073
v 206.458 287.588 -1094.174
v 195.6192 288.7504 -1070.813
v 190.3183 293.7159 -1080.902
v 174.6616 290.7973 -1060.613
v 170.8135 295.6208 -1071.409
v 152.195 288.1123 -1055.484
v 149.9338 293.1255 -1066.642
v 130.4566 280.9929 -1055.901
v 129.7794 286.5248 -1067.029
v 111.5639 270.1718 -1061.777
v 112.3079 276.5177 -1072.463
v 97.92442 257.2931 -1072.049
v 100.0511 264.9444 -1081.694
v 118.6314 281.7296 -1093.387
v 111.1351 274.6511 -1099.032
v 109.3321 268.859 -1105.256
v 97.57172 256.9799 -1090.252
v 95.87065 251.5156 -1096.124
v 108.0949 264.8849 -1109.526
v 94.47014 237.5043 -1112.277
v 124.7119 276.024 -1115.57
v 131.6621 289.1929 -1089.333
v 146.9298 294.1933 -1089.041
v 162.978 296.111 -1092.704
v 178.0964 294.6345 -1100.063
v 190.606 289.8847 -1110.349
v 199.1313 282.4572 -1122.349
v 203.7842 270.7021 -1137.987
v 205.3598 260.9417 -1148.989
v 185.3782 264.2786 -1150.51
v 183.6301 262.6774 -1153.635
v 184.2462 270.026 -1144.537
v 226.979 227.225 -1155.21
v 242.6068 232.756 -1131.839
v 237.5797 248.8228 -1112.058
v 231.691 263.2337 -1092.74
v 241.0075 242.7477 -1074.026
v 227.9702 254.104 -1055.683
v 219.0881 274.2116 -1075.007
v 209.1742 261.2406 -1040.227
v 200.9013 281.1168 -1060.052
v 186.4595 263.4591 -1029.171
v 178.9225 283.2634 -1049.355
v 162.0492 260.5419 -1023.598
v 155.326 280.4435 -1043.968
v 138.3329 252.7749 -1024.053
v 132.4371 272.9475 -1044.406
v 117.6324 240.9182 -1030.492
v 112.492 261.5234 -1050.611
v 101.9738 226.1326 -1042.284
v 97.67181 247.5298 -1061.771
v 205.6177 223.0473 -1169.704
v 124.7119 276.024 -1115.57
v 124.0161 273.7892 -1117.972
v 125.7258 279.2816 -1112.069
v 90.19108 229.0156 -1035.198
v 108.3015 246.6177 -1021.687
v 97.95267 207.7614 -1017.375
v 116.0631 225.3634 -1003.864
v 133.5986 260.7327 -1012.775
v 139.0828 239.4785 -994.5478
v 160.6985 269.979 -1011.867
v 167.3165 248.7248 -994.0061
v 189.7584 273.4519 -1018.502
v 196.3763 252.1976 -1000.64
v 216.7998 270.811 -1031.663
v 223.4178 249.5567 -1013.802
v 239.1761 262.3151 -1050.064
v 245.794 241.0608 -1032.202
v 254.6966 248.7955 -1071.901
v 261.3146 227.5414 -1054.04
v 261.2338 231.576 -1094.991
v 268.4603 210.3218 -1077.177
v 261.5213 212.3418 -1117.126
v 270.4538 191.0878 -1099.391
v 250.31 192.1763 -1137.823
v 259.2658 170.9221 -1120.653
v 133.5986 260.7327 -1012.775
v 108.3015 246.6177 -1021.687
v 138.3329 252.7749 -1024.053
v 162.0492 260.5419 -1023.598
v 160.6985 269.979 -1011.867
v 186.4595 263.4591 -1029.171
v 189.7584 273.4519 -1018.502
v 209.1742 261.2406 -1040.227
v 216.7998 270.811 -1031.663
v 227.9702 254.104 -1055.683
v 239.1761 262.3151 -1050.064
v 241.0075 242.7477 -1074.026
v 254.6966 248.7955 -1071.901
v 247.0101 228.2833 -1093.462
v 117.6324 240.9182 -1030.492
v 90.19108 229.0156 -1035.198
v 101.9738 226.1326 -1042.284
v 261.2338 231.576 -1094.991
v 248.6843 212.1264 -1112.121
v 261.5213 212.3418 -1117.126
v 242.483 194.4671 -1132.023
v 250.31 192.1763 -1137.823
v 222.3235 179.5714 -1142.172
v 232.1997 173.5857 -1151.622
v 199.9467 169.2169 -1146.309
v 205.8148 161.259 -1157.953
v 85.30417 217.6604 -1046.984
v 99.00433 216.5939 -1052.534
v 87.02885 209.8693 -1058.483
v 96.96697 210.0493 -1059.566
v 85.30414 191.4098 -1075.731
v 95.41699 194.5436 -1077.443
v 247.0101 228.2833 -1093.462
v 248.6843 212.1264 -1112.121
v 233.5844 216.8977 -1148.588
v 242.483 194.4671 -1132.023
v 199.9467 169.2169 -1146.309
v 222.3235 179.5714 -1142.172
v 192.4677 192.4998 -1162.375
v 217.2402 201.7528 -1160.436
v 242.483 194.4671 -1132.023
v 233.5844 216.8977 -1148.588
v 188.2818 204.8661 -1167.911
v 211.6385 212.9434 -1166.377
v 184.1154 216.1929 -1170.851
v 205.6177 223.0473 -1169.704
v 176.1264 237.0352 -1167.87
v 226.979 227.225 -1155.21
v 219.6778 236.1969 -1159.426
v 96.96697 210.0493 -1059.566
v 95.41699 194.5436 -1077.443
v 92.86076 232.0744 -1078.379
v 91.34154 216.877 -1095.9
v 94.81841 238.3634 -1071.621
v 99.00433 216.5939 -1052.534
v 93.38586 242.7132 -1087.716
v 91.90852 227.934 -1104.755
v 95.87065 251.5156 -1096.124
v 94.47014 237.5043 -1112.277
v 97.57172 256.9799 -1090.252
v 95.2327 248.6462 -1081.341
v 101.9738 226.1326 -1042.284
v 97.67181 247.5298 -1061.771
v 97.92442 257.2931 -1072.049
v 100.0511 264.9444 -1081.694
v 138.2092 290.3106 -1112.792
v 134.7572 285.0985 -1108.103
v 136.7686 288.9987 -1114.77
v 146.468 293.8273 -1108.545
v 146.3132 290.4009 -1100.822
v 140.2681 288.3186 -1101.599
v 151.9111 292.42 -1098.251
v 154.1403 296.261 -1105.999
v 160.692 294.5271 -1093.475
v 164.9772 299.2739 -1099.311
v 174.7625 301.5773 -1088.633
v 172.6889 295.1077 -1083.571
v 131.4169 280.9139 -1113.843
v 133.783 285.3168 -1119.812
v 129.4507 277.6766 -1117.665
v 131.7151 282.1414 -1123.602
v 127.1228 273.4897 -1121.21
v 129.8714 277.9073 -1127.648
v 124.564 265.5068 -1127.775
v 127.4588 270.7498 -1133.712
v 124.9805 265.2389 -1138.084
v 122.9743 263.3615 -1129.992
v 178.3735 301.5338 -1084.643
v 176.5882 295.0444 -1074.602
v 186.8009 301.0294 -1075.999
v 179.8013 290.2645 -1063.153
v 186.9524 296.5599 -1062.997
v 177.3387 281.5081 -1047.823
v 116.3203 247.7852 -1137.772
v 122.2738 257.3859 -1142.634
v 118.7753 247.9783 -1146.469
v 189.0081 300.5469 -1086.982
v 180.1232 294.1335 -1097.535
v 194.181 296.5157 -1108.46
v 186.7953 288.8201 -1113.324
v 190.5606 281.5808 -1126.155
v 197.0827 286.8752 -1126.917
v 193.4701 270.3451 -1141.445
v 198.4111 275.1446 -1143.445
v 177.2604 294.6635 -1089.988
v 113.8113 239.4582 -1141.9
v 116.8103 237.5113 -1150.313
v 184.9003 280.2504 -1037.781
v 169.6651 272.856 -1037.402
v 177.3387 281.5081 -1047.823
v 172.6683 273.2992 -1028.908
v 164.4229 270.3988 -1025.046
v 159.7453 266.7287 -1029.999
v 143.6588 253.9976 -1023.733
v 153.9195 264.0786 -1022.489
v 141.3041 258.5297 -1017.524
v 148.4028 267.6511 -1016.534
v 140.8499 262.9818 -1012.552
v 147.0783 271.1846 -1010.02
v 183.6199 281.7314 -1051.203
v 184.9003 280.2504 -1037.781
v 177.3387 281.5081 -1047.823
v 184.1689 267.9921 -1033.855
v 172.6683 273.2992 -1028.908
v 184.9003 280.2504 -1037.781
v 190.9375 280.0835 -1040.795
v 197.3497 273.0241 -1035.567
v 168.6951 262.3568 -1026.195
v 162.0493 260.5417 -1023.598
v 164.4229 270.3988 -1025.046
v 153.9195 264.0786 -1022.489
v 203.601 271.9835 -1037.91
v 200.7485 262.0635 -1036.126
v 211.9556 270.8159 -1041.89
v 209.1742 261.2406 -1040.227
v 221.6693 266.5039 -1048.183
v 156.1831 263.5361 -1017.862
v 153.9195 264.0786 -1022.489
v 162.0493 260.5417 -1023.598
v 148.4028 267.6511 -1016.534
v 152.5313 267.1921 -1012.141
v 147.0783 271.1846 -1010.02
v 163.6226 250.4581 -993.1455
v 153.6618 252.7076 -987.3713
v 197.3497 273.0241 -1035.567
v 190.9375 280.0835 -1040.795
v 199.3663 268.3552 -1043.154
v 203.601 271.9835 -1037.91
v 207.7046 266.693 -1046.806
v 211.9556 270.8159 -1041.89
v 216.8551 261.5588 -1051.689
v 221.6693 266.5039 -1048.183
v 187.3224 288.3672 -1049.383
v 193.545 273.2819 -1045.772
v 191.4786 282.0107 -1055.433
v 186.9524 296.5599 -1062.997
v 189.8892 289.3176 -1068.043
v 186.8009 301.0294 -1075.999
v 190.3182 293.7155 -1080.902
v 189.0081 300.5469 -1086.982
v 194.181 296.5157 -1108.46
v 194.8439 289.5322 -1103.972
v 197.0827 286.8752 -1126.917
v 201.3229 281.9138 -1120.866
v 203.7842 270.7021 -1137.987
v 199.3663 268.3552 -1043.154
v 190.9375 280.0835 -1040.795
v 203.7842 270.7021 -1137.987
v 198.4111 275.1446 -1143.445
v 178.3735 301.5338 -1084.643
v 177.2604 294.6635 -1089.988
v 174.7625 301.5773 -1088.633
v 169.5697 294.772 -1098.014
v 164.9772 299.2739 -1099.311
v 154.1403 296.261 -1105.999
v 156.0877 290.9337 -1105.975
v 147.0783 271.1846 -1010.02
v 153.6618 252.7076 -987.3713
v 140.8499 262.9818 -1012.552
v 142.5878 240.6262 -994.4802
v 227.0518 269.7646 -1045.628
v 218.9565 263.8402 -1040.757
v 221.6693 266.5039 -1048.183
v 224.2424 267.4954 -1037.174
v 232.7692 272.4089 -1039.559
v 241.1612 250.8081 -1023.562
v 230.0851 250.8375 -1024.024
v 221.6693 266.5039 -1048.183
v 209.1742 261.2406 -1040.227
v 227.9702 254.104 -1055.683
v 227.0518 269.7646 -1045.628
v 221.6693 266.5039 -1048.183
v 225.3994 256.1304 -1055.24
v 216.8551 261.5588 -1051.689
v 233.9043 264.144 -1045.514
v 241.1612 250.8081 -1023.562
v 232.7692 272.4089 -1039.559
v 239.6494 247.2005 -1031.882
v 241.1307 242.8312 -1028.366
v 233.9043 264.144 -1045.514
v 232.7692 272.4089 -1039.559
v 229.0167 258.4778 -1050.599
v 229.0167 258.4778 -1050.599
v 232.7692 272.4089 -1039.559
v 227.0518 269.7646 -1045.628
v 227.9702 254.104 -1055.683
v 204.78 272.4735 -1133.754
v 201.3229 281.9138 -1120.866
v 203.7842 270.7021 -1137.987
v 213.5173 271.6491 -1125.511
v 197.7817 269.6969 -1147.971
v 203.7842 270.7021 -1137.987
v 198.4111 275.1446 -1143.445
v 203.3561 269.921 -1146.141
v 203.7842 270.7021 -1137.987
v 197.7817 269.6969 -1147.971
v 219.7705 272.4596 -1134.154
v 213.5173 271.6491 -1125.511
v 203.7842 270.7021 -1137.987
v 219.7332 272.5787 -1116.942
v 227.2804 273.7971 -1124.646
v 226.2643 268.4885 -1106.273
v 234.2297 268.9737 -1114.26
v 232.1545 262.0995 -1094.26
v 240.1655 262.2401 -1102.747
v 236.0548 252.0642 -1079.925
v 245.1405 250.5818 -1090.962
v 241.2477 240.4704 -1070.917
v 248.0001 245.3174 -1086.815
v 248.0001 245.3174 -1086.815
v 255.4941 246.5913 -1074.53
v 241.2477 240.4704 -1070.917
v 263.6366 243.4338 -1086.384
v 255.4941 246.5913 -1074.53
v 248.0001 245.3174 -1086.815
v 258.0327 238.7697 -1068.51
v 255.4941 246.5913 -1074.53
v 268.4344 237.5337 -1080.376
v 270.9248 223.9234 -1068.272
v 261.8401 226.8744 -1059.149
v 265.7914 216.3922 -1052.396
v 274.1536 214.4058 -1062.628
v 268.5396 209.1007 -1047.7
v 274.5004 208.9572 -1057.629
v 275.2774 204.9568 -1044.662
v 275.6136 202.1975 -1053.702
v 279.7174 202.226 -1042.661
v 280.7658 198.8124 -1050.736
v 273.938 204.7167 -1031.385
v 277.3621 203.2851 -1029.6
v 271.5892 205.5736 -1024.54
v 274.6355 202.4778 -1022.317
v 270.8428 203.3632 -1016.06
v 276.0276 201.8495 -1014.379
v 268.7418 206.8893 -1034.095
v 266.195 207.7386 -1026.984
v 265.1833 208.0721 -1019.082
v 286.935 197.9121 -1050.119
v 286.6415 192.2611 -1038.474
v 292.9916 191.876 -1047.221
v 287.1701 179.7592 -1034.999
v 293.6841 177.4039 -1043.079
v 193.2017 269.5126 -1149.475
v 193.4701 270.3451 -1141.445
v 183.792 270.2375 -1151.096
v 184.2462 270.026 -1144.537
v 193.2017 269.5126 -1149.475
v 198.4111 275.1446 -1143.445
v 193.4701 270.3451 -1141.445
v 197.7817 269.6969 -1147.971
v 198.4111 275.1446 -1143.445
v 193.2017 269.5126 -1149.475
v 177.3387 281.5081 -1047.823
v 186.9524 296.5599 -1062.997
v 183.6199 281.7314 -1051.203
v 186.9524 296.5599 -1062.997
v 187.3224 288.3672 -1049.383
v 183.6199 281.7314 -1051.203
v 184.9003 280.2504 -1037.781
v 116.3203 247.7852 -1137.772
v 116.8103 237.5113 -1150.313
v 118.7753 247.9783 -1146.469
v 153.6618 252.7076 -987.3713
v 163.6226 250.4581 -993.1455
v 155.1098 239.8831 -988.594
v 166.7059 244.3528 -994.2388
v 156.7926 224.8003 -992.9233
v 156.7926 224.8003 -992.9233
v 166.7059 244.3528 -994.2388
v 166.1885 223.1152 -994.2897
v 156.7926 224.8003 -992.9233
v 166.1885 223.1152 -994.2897
v 156.3984 217.6222 -985.6059
v 163.225 217.3606 -987.5944
v 150.261 200.4394 -970.2321
v 144.453 193.9371 -974.6248
v 156.3984 217.6222 -985.6059
v 150.261 200.4394 -970.2321
v 149.6931 210.9222 -990.9965
v 156.7926 224.8003 -992.9233
v 150.261 200.4394 -970.2321
v 147.2864 181.6805 -964.2115
v 153.9634 188.6566 -959.925
v 145.8687 218.8127 -999.2645
v 156.7926 224.8003 -992.9233
v 150.261 200.4394 -970.2321
v 158.5678 202.002 -972.7905
v 153.9634 188.6566 -959.925
v 163.225 217.3606 -987.5944
v 161.4013 189.7455 -962.3773
v 190.9375 280.0835 -1040.795
v 184.9003 280.2504 -1037.781
v 187.3224 288.3672 -1049.383
v 156.0877 290.9337 -1105.975
v 146.468 293.8273 -1108.545
v 146.6336 287.6469 -1110.144
v 138.2092 290.3106 -1112.792
v 138.2092 290.3106 -1112.792
v 136.7686 288.9987 -1114.77
v 142.5272 286.4171 -1110.447
v 139.4323 283.3917 -1115.161
v 133.783 285.3168 -1119.812
v 137.646 280.3147 -1119.981
v 131.7151 282.1414 -1123.602
v 135.0465 277.2683 -1123.349
v 129.8714 277.9073 -1127.648
v 133.2338 273.0174 -1127.437
v 127.4588 270.7498 -1133.712
v 130.7962 266.8354 -1132.719
v 127.484 257.1308 -1140.045
v 124.9805 265.2389 -1138.084
v 122.2738 257.3859 -1142.634
v 123.7289 245.4274 -1146.319
v 118.7753 247.9783 -1146.469
v 119.3875 233.7378 -1150.774
v 116.8103 237.5113 -1150.313
v 154.1403 296.261 -1105.999
v 146.468 293.8273 -1108.545
v 156.0877 290.9337 -1105.975
v 146.6336 287.6469 -1110.144
v 138.2092 290.3106 -1112.792
v 142.5272 286.4171 -1110.447
v 142.5878 240.6262 -994.4802
v 153.6618 252.7076 -987.3713
v 144.1856 233.8953 -994.9351
v 155.1098 239.8831 -988.594
v 145.8687 218.8127 -999.2645
v 156.7926 224.8003 -992.9233
v 216.8387 241.7782 -1021.357
v 220.9423 242.5737 -1021.931
v 224.993 230.7797 -1003.831
v 228.6774 230.9897 -1005.525
v 234.1284 237.0979 -1033.333
v 242.2731 225.127 -1016.769
v 235.0218 234.2276 -1037.079
v 202.7417 230.0479 -1022.411
v 212.8774 222.1774 -1005.871
v 229.4431 224.7772 -994.2665
v 212.6168 213.8645 -996.0105
v 240.8527 209.3876 -969.7433
v 199.9012 225.466 -1022.743
v 209.1951 218.2653 -1007.443
v 212.6168 213.8645 -996.0105
v 192.2358 222.7693 -1023.259
v 194.5232 211.0702 -1010.51
v 181.8448 222.339 -1019.869
v 181.0639 212.0488 -1008.282
v 173.732 224.6829 -1014.208
v 173.1535 219.0385 -1004.335
v 166.2107 217.4479 -1004.447
v 172.6414 212.1995 -995.8767
v 166.7889 223.0921 -1014.319
v 180.4554 209.2573 -998.1141
v 172.6414 212.1995 -995.8767
v 182.201 210.0884 -991.1811
v 193.6785 210.5092 -991.545
v 184.4717 212.2193 -985.4426
v 177.3803 212.3371 -989.4662
v 172.4649 208.9152 -984.2859
v 181.748 209.402 -980.8221
v 163.8392 201.5342 -974.2507
v 173.5977 201.1842 -969.3931
v 171.2338 195.3839 -962.9987
v 192.1996 196.2336 -962.345
v 191.346 201.1212 -969.9156
v 210.9048 190.5702 -968.7234
v 161.9738 195.9167 -967.5998
v 168.4184 179.0109 -960.5256
v 194.9099 178.4436 -956.7585
v 160.296 179.1139 -964.7462
v 193.7263 209.177 -980.9038
v 217.7785 201.6479 -978.9851
v 213.1077 197.7706 -973.6524
v 229.1473 201.5401 -968.5645
v 220.9378 194.5562 -966.598
v 217.6696 187.7637 -962.068
v 227.3418 191.1806 -964.0176
v 210.9048 190.5702 -968.7234
v 237.2283 193.2065 -966.9767
v 240.8527 209.3876 -969.7433
v 245.7776 205.38 -969.2557
v 241.7357 191.8587 -966.0768
v 233.9163 181.0052 -965.0065
v 237.9106 179.1525 -963.6661
v 225.9442 181.3352 -963.0546
v 215.9059 178.3969 -960.9522
v 258.4459 185.5906 -978.4084
v 256.7744 173.6783 -976.8235
v 261.3831 184.8622 -987.7994
v 258.7261 173.4033 -985.908
v 262.6733 197.9873 -988.7877
v 260.2794 198.6624 -980.1509
v 260.2794 198.6624 -980.1509
v 245.7776 205.38 -969.2557
v 264.2165 173.4842 -988.6291
v 267.082 185.7395 -991.0554
v 262.6733 197.9873 -988.7877
v 268.1866 169.9922 -995.2302
v 271.3113 183.2379 -998.3221
v 267.1002 198.8792 -994.0141
v 262.6733 197.9873 -988.7877
v 277.4389 163.2487 -1007.976
v 280.1636 178.1089 -1012.045
v 273.4493 196.3971 -999.7182
v 280.8396 161.2555 -1017.473
v 284.3893 176.4174 -1021.936
v 279.6027 192.7596 -1014.187
v 273.4493 196.3971 -999.7182
v 284.464 191.1448 -1025.328
v 276.1628 199.8799 -1033.72
v 270.7617 202.1057 -1023.803
v 273.4493 196.3971 -999.7182
v 268.5194 204.6693 -1038.156
v 263.1906 207.5959 -1028.019
v 262.5359 203.0802 -1011.045
v 273.4493 196.3971 -999.7182
v 253.3175 212.424 -1022.432
v 258.1058 202.7626 -1004.498
v 267.1002 198.8792 -994.0141
v 262.6733 197.9873 -988.7877
v 253.143 201.5114 -1001.806
v 246.3609 209.5213 -1013.527
v 268.6062 204.6231 -1051.27
v 277.149 200.2678 -1046.613
v 286.4872 191.4426 -1039.256
v 286.8676 175.3949 -1032.995
v 284.2758 159.9077 -1029.347
v 246.5468 219.0559 -1024.992
v 242.4232 219.3759 -1022.126
v 232.0572 230.5068 -1040.408
v 236.0428 229.6086 -1042.953
v 249.2934 219.1266 -1027.459
v 254.1834 213.8788 -1026.623
v 240.0029 229.0784 -1044.489
v 254.1834 213.8788 -1026.623
v 261.286 208.6187 -1030.379
v 265.9879 207.0625 -1039.552
v 265.0823 206.6494 -1050.554
v 254.5298 210.0939 -1040.482
v 248.4914 213.3753 -1034.358
v 259.9076 207.1037 -1048.089
v 255.6694 218.3582 -1060.179
v 249.3609 221.6905 -1055.08
v 248.4914 213.3753 -1034.358
v 241.8835 224.7589 -1049.764
v 241.8835 224.7589 -1049.764
v 249.2934 219.1266 -1027.459
v 257.0999 215.6297 -1066.265
v 259.9076 207.1037 -1048.089
v 264.152 207.6963 -1052.385
v 257.0999 215.6297 -1066.265
v 235.0218 234.2276 -1037.079
v 244.5961 223.3867 -1019.172
v 246.7184 218.5939 -1007.728
v 232.899 224.6674 -996.5715
v 245.7776 205.38 -969.2557
v 260.2794 198.6624 -980.1509
v 240.8527 209.3876 -969.7433
v 240.8527 209.3876 -969.7433
v 248.5591 215.2552 -1010.339
v 260.2794 198.6624 -980.1509
v 244.5961 223.3867 -1019.172
v 212.6168 213.8645 -996.0105
v 240.8527 209.3876 -969.7433
v 220.9625 203.6358 -983.2357
v 220.9625 203.6358 -983.2357
v 240.8527 209.3876 -969.7433
v 206.9981 210.5779 -987.5406
v 212.6168 213.8645 -996.0105
v 203.6286 213.5144 -990.6784
v 208.3735 213.7138 -999.2113
v 212.6168 213.8645 -996.0105
v 193.5246 212.4041 -985.6349
v 195.3113 209.891 -1000.18
v 210.9048 190.5702 -968.7234
v 194.9099 178.4436 -956.7585
v 210.9048 190.5702 -968.7234
v 209.2521 176.434 -965.2732
v 156.9624 201.839 -980.2134
v 165.1228 209.3431 -993.5274
v 155.5918 196.4031 -973.3073
v 155.0404 179.1736 -970.079
v 166.2107 217.4479 -1004.447
v 156.9624 201.839 -980.2134
v 172.6414 212.1995 -995.8767
v 156.9624 201.839 -980.2134
v 155.5918 196.4031 -973.3073
v 154.4599 203.104 -990.2195
v 152.0618 197.194 -982.7531
v 260.2794 198.6624 -980.1509
v 248.5591 215.2552 -1010.339
v 262.6733 197.9873 -988.7877
v 271.3113 183.2379 -998.3221
v 267.1002 198.8792 -994.0141
v 273.4493 196.3971 -999.7182
v 273.4493 196.3971 -999.7182
v 267.1002 198.8792 -994.0141
v 246.3609 209.5213 -1013.527
v 248.5591 215.2552 -1010.339
v 242.4232 219.3759 -1022.126
v 253.143 201.5114 -1001.806
v 244.5961 223.3867 -1019.172
v 235.0218 234.2276 -1037.079
v 248.4914 213.3753 -1034.358
v 249.2934 219.1266 -1027.459
v 241.8835 224.7589 -1049.764
v 254.1834 213.8788 -1026.623
v 249.2934 219.1266 -1027.459
v 248.4914 213.3753 -1034.358
v 265.0823 206.6494 -1050.554
v 265.9879 207.0625 -1039.552
v 264.152 207.6963 -1052.385
v 264.152 207.6963 -1052.385
v 265.9879 207.0625 -1039.552
v 259.9076 207.1037 -1048.089
v 210.9048 190.5702 -968.7234
v 209.2521 176.434 -965.2732
v 155.5918 196.4031 -973.3073
v 155.0404 179.1736 -970.079
v 152.0618 197.194 -982.7531
v 151.0865 178.9477 -979.4703
v 152.5561 199.961 -993.4804
v 151.5807 181.7148 -990.1984
v 156.9624 201.839 -980.2134
v 154.4599 203.104 -990.2195
v 154.4599 203.104 -990.2195
v 152.0618 197.194 -982.7531
v 154.954 205.8707 -1000.947
v 166.7889 223.0921 -1014.319
v 154.954 205.8707 -1000.947
v 152.0618 197.194 -982.7531
v 152.5561 199.961 -993.4804
v 253.143 201.5114 -1001.806
v 262.6733 197.9873 -988.7877
v 248.5591 215.2552 -1010.339
v 242.4232 219.3759 -1022.126
v 235.0218 234.2276 -1037.079
v 232.0572 230.5068 -1040.408
v 245.734 173.3205 -977.2835
v 257.099 169.3086 -988.5593
v 249.1234 166.6054 -966.9587
v 260.5346 162.6004 -978.1645
v 236.8951 169.2133 -959.9592
v 273.8568 158.3923 -994.2523
v 266.9202 165.6398 -1002.266
v 290.4163 158.5129 -1021.729
v 234.8727 175.8526 -969.8588
v 236.8951 169.2133 -959.9592
v 290.4163 158.5129 -1021.729
v 282.5399 161.4384 -1025.687
v 292.4193 153.9062 -1033.07
v 276.7562 160.5751 -1039.713
v 288.4273 147.8519 -1047.348
v 272.5928 156.1106 -1050.72
v 249.1234 166.6054 -966.9587
v 260.5346 162.6004 -978.1645
v 243.4746 137.1424 -968.3561
v 254.8853 133.1372 -979.563
v 236.8951 169.2133 -959.9592
v 239.8639 90.1529 -958.5951
v 228.5854 92.62379 -951.8021
v 232.1961 139.6131 -961.5635
v 236.8951 169.2133 -959.9592
v 251.2748 86.14792 -969.8016
v 232.7049 86.45625 -943.1758
v 243.9832 83.98547 -949.9688
v 255.3943 79.98045 -961.175
v 228.9603 53.87062 -937.5408
v 240.2385 51.39973 -944.3342
v 251.6496 47.3948 -955.54
v 216.1971 142.6119 -954.8545
v 220.896 172.2121 -953.2502
v 236.8951 169.2133 -959.9592
v 212.5864 95.62251 -945.0933
v 216.7058 89.45499 -936.4669
v 212.9612 56.8694 -930.8321
v 197.9311 175.6956 -948.3669
v 193.2317 146.0954 -949.9719
v 189.6211 99.1059 -940.2106
v 193.7408 92.93847 -931.5841
v 193.7408 92.93847 -931.5841
v 189.9961 60.35279 -925.9492
v 175.6841 174.5538 -947.5706
v 174.5495 146.0545 -950.3658
v 163.7146 98.21515 -941.6583
v 148.2438 143.7329 -960.3229
v 149.052 172.5133 -960.9449
v 135.1801 97.25102 -953.9244
v 163.322 94.45824 -932.2511
v 234.8727 175.8526 -969.8588
v 236.8951 169.2133 -959.9592
v 214.3652 175.6727 -969.0875
v 220.896 172.2121 -953.2502
v 192.6777 179.624 -962.3694
v 197.9311 175.6956 -948.3669
v 178.4757 179.3989 -962.587
v 175.6841 174.5538 -947.5706
v 154.5733 177.6569 -971.4555
v 149.052 172.5133 -960.9449
v 163.7146 98.21515 -941.6583
v 193.7408 92.93847 -931.5841
v 163.322 94.45824 -932.2511
v 193.7408 92.93847 -931.5841
v 189.9961 60.35279 -925.9492
v 163.322 94.45824 -932.2511
v 163.322 94.45824 -932.2511
v 189.9961 60.35279 -925.9492
v 159.0018 59.65128 -927.6601
v 135.1801 97.25102 -953.9244
v 163.322 94.45824 -932.2511
v 129.1001 93.6265 -944.409
v 163.322 94.45824 -932.2511
v 159.0018 59.65128 -927.6601
v 129.1001 93.6265 -944.409
v 129.1001 93.6265 -944.409
v 159.0018 59.65128 -927.6601
v 122.2734 61.44128 -937.0982
v 175.6841 174.5538 -947.5706
v 174.5495 146.0545 -950.3658
v 149.052 172.5133 -960.9449
v 265.3689 129.639 -992.4806
v 273.8568 158.3923 -994.2523
v 261.8607 82.98624 -981.1874
v 284.3654 130.3725 -1016.582
v 273.6626 79.87479 -1001.517
v 274.5233 77.08193 -1018.48
v 285.4276 125.0507 -1028.363
v 290.4163 158.5129 -1021.729
v 292.4193 153.9062 -1033.07
v 277.9278 75.61639 -1045.096
v 268.6972 76.254 -975.0741
v 261.8607 82.98624 -981.1874
v 264.6613 44.04626 -967.7273
v 288.1223 72.16324 -996.9798
v 283.6129 40.40966 -988.093
v 288.1223 72.16324 -996.9798
v 287.906 37.23246 -1003.327
v 293.8669 69.05515 -1011.904
v 277.9278 75.61639 -1045.096
v 280.4977 118.2831 -1043.082
v 273.8568 158.3923 -994.2523
v 290.4163 158.5129 -1021.729
v 288.1223 72.16324 -996.9798
v 261.8607 82.98624 -981.1874
v 273.6626 79.87479 -1001.517
v 293.8669 69.05515 -1011.904
v 274.5233 77.08193 -1018.48
v 284.741 70.28417 -1044.045
v 277.9278 75.61639 -1045.096
v 293.8669 69.05515 -1011.904
v 293.1956 64.09461 -1037.24
v 285.4276 125.0507 -1028.363
v 292.4193 153.9062 -1033.07
v 280.4977 118.2831 -1043.082
v 288.4273 147.8519 -1047.348
v 287.906 37.23246 -1003.327
v 293.8669 69.05515 -1011.904
v 284.3932 33.16144 -1020.177
v 293.8669 69.05515 -1011.904
v 293.1956 64.09461 -1037.24
v 121.02 231.061 -998.426
v 160.5679 220.5075 -1023.681
v 117.8891 221.5598 -988.5793
v 156.4186 211.9174 -1014.945
v 116.8078 213.429 -981.7662
v 155.4638 202.4993 -1006.808
v 117.1545 200.2461 -972.3709
v 149.58 192.007 -994.3073
v 117.6183 190.3838 -965.4094
v 151.2092 183.1089 -987.65
v 121.514 175.3632 -957.557
v 153.2211 167.3951 -978.3998
v 125.8061 161.9596 -950.3019
v 151.9531 156.8814 -969.8459
v 130.3604 150.442 -945.884
v 150.0097 148.1834 -962.0208
v 139.293 139.1436 -943.0811
v 153.2419 138.0784 -956.2734
v 95.76627 218.8586 -964.9863
v 99.21992 228.4364 -975.7819
v 95.85258 196.7921 -948.5333
v 95.32806 206.7325 -956.367
v 113.0788 153.3672 -930.0714
v 106.3118 165.8995 -933.978
v 127.0357 144.7178 -933.5953
v 108.2054 235.4493 -988.3477
v 99.62604 181.361 -941.4615
v 127.0357 144.7178 -933.5953
v 139.293 139.1436 -943.0811
v 105.0256 127.5893 -944.8495
v 89.71779 135.7049 -938.4037
v 113.0788 153.3672 -930.0714
v 117.7352 121.1855 -953.5665
v 153.2419 138.0784 -956.2734
v 130.5645 121.4095 -967.7029
v 121.02 231.061 -998.426
v 108.2054 235.4493 -988.3477
v 96.6563 212.319 -1012.261
v 85.31525 218.9522 -999.814
v 120.4924 209.551 -1024.073
v 160.5679 220.5075 -1023.681
v 99.21992 228.4364 -975.7819
v 78.10899 211.4364 -988.314
v 95.76627 218.8586 -964.9863
v 73.48254 201.6164 -976.9334
v 95.32806 206.7325 -956.367
v 71.07861 191.5446 -966.9432
v 95.85258 196.7921 -948.5333
v 72.33631 180.0998 -958.6257
v 99.62604 181.361 -941.4615
v 75.81169 165.8668 -952.3862
v 106.3118 165.8995 -933.978
v 80.9005 150.5992 -942.6154
v 113.0788 153.3672 -930.0714
v 89.71779 135.7049 -938.4037
v 242.5517 188.7072 -1076.372
v 237.7245 195.8758 -1080.945
v 269.4677 182.0215 -1091.788
v 259.9501 192.5277 -1097.084
v 273.5074 172.7365 -1088.245
v 244.2715 178.1909 -1069.892
v 277.6703 158.6937 -1081.287
v 246.5594 166.0443 -1063.005
v 280.6374 148.2673 -1075.925
v 248.408 156.5834 -1057.528
v 281.3101 133.9729 -1066.014
v 254.7849 139.3803 -1051.148
v 281.7916 121.4281 -1056.325
v 256.7722 127.7628 -1043.877
v 280.1889 111.2981 -1047.975
v 256.5048 118.8051 -1036.436
v 291.1844 179.7968 -1104.784
v 276.4119 188.3803 -1104.103
v 299.3805 167.5934 -1101.428
v 303.5087 154.4381 -1095.726
v 307.2173 143.7803 -1089.926
v 307.4462 128.8517 -1080.234
v 307.8394 115.4883 -1068.788
v 302.7922 105.2348 -1057.636
v 277.778 107.2249 -1042.205
v 298.4861 102.6045 -1050.928
v 275.34 103.1055 -1036.37
v 256.8113 114.0741 -1032.748
v 257.1214 109.2896 -1029.018
v 291.6987 101.9382 -1044.656
v 269.147 174.4796 -1123.743
v 291.1844 179.7968 -1104.784
v 276.4119 188.3803 -1104.103
v 254.853 176.6625 -1117.984
v 259.9501 192.5277 -1097.084
v 281.4819 161.2381 -1124.716
v 299.3805 167.5934 -1101.428
v 289.4438 149.2231 -1121.544
v 303.5087 154.4381 -1095.726
v 293.7675 138.5596 -1117.685
v 307.2173 143.7803 -1089.926
v 297.3486 124.3126 -1112.858
v 232.6274 180.0108 -1101.846
v 237.7245 195.8758 -1080.945
v 300.9719 105.3422 -1102.803
v 307.4462 128.8517 -1080.234
v 307.8394 115.4883 -1068.788
v 301.1212 89.19637 -1089.217
v 299.4289 83.06576 -1078.74
v 302.7922 105.2348 -1057.636
v 285.2816 81.29565 -1065.869
v 275.34 103.1055 -1036.37
v 291.6987 101.9382 -1044.656
v 269.1643 81.68075 -1056.68
v 293.6045 81.19441 -1072.087
v 298.4861 102.6045 -1050.928
v 257.1214 109.2896 -1029.018
v 250.9744 88.89542 -1051.005
v 299.4289 83.06576 -1078.74
v 302.7922 105.2348 -1057.636
v 301.1212 89.19637 -1089.217
v 307.8394 115.4883 -1068.788
v 297.3486 124.3126 -1112.858
v 307.4462 128.8517 -1080.234
v 307.2173 143.7803 -1089.926
v 283.8986 80.45549 -1028.529
v 285.0279 83.6306 -1029.856
v 296.2572 79.49041 -1022.598
v 297.5393 83.09536 -1024.104
v 286.894 84.66528 -1032.782
v 299.6581 84.27 -1027.427
v 288.4038 82.9535 -1035.594
v 301.3723 82.32648 -1030.619
v 317.5684 82.52151 -1017.772
v 318.4799 85.56975 -1020.681
v 319.5226 86.07544 -1024.159
v 320.5148 83.87001 -1026.915
v 331.4723 87.39082 -1024.219
v 331.5104 86.48584 -1020.548
v 331.4723 87.39082 -1024.219
v 341.9646 87.50539 -1022.318
v 331.6427 83.25414 -1018.252
v 342.7394 84.80272 -1021.107
v 341.9646 87.50539 -1022.318
v 372.4259 90.71672 -1035.365
v 275.6517 84.45724 -1045.697
v 320.5148 83.87001 -1026.915
v 331.8791 85.46058 -1027.316
v 341.2816 88.50045 -1025.132
v 341.2816 88.50045 -1025.132
v 340.5193 87.18603 -1028.081
v 370.1552 95.33306 -1037.717
v 331.4723 87.39082 -1024.219
v 341.2816 88.50045 -1025.132
v 371.5914 93.65296 -1035.599
v 370.1552 95.33306 -1037.717
v 368.7112 94.94894 -1041.25
v 388.826 93.63327 -1054.11
v 386.7594 93.58844 -1057.951
v 396.735 95.50003 -1058.29
v 394.0805 95.67118 -1062.221
v 404.126 98.04926 -1058.805
v 402.562 98.26884 -1061.428
v 405.4925 95.77084 -1057.284
v 400.3052 91.58827 -1055.679
v 391.1013 91.42628 -1052.586
v 370.1552 95.33306 -1037.717
v 405.8607 92.76829 -1057.755
v 400.8792 88.42587 -1055.902
v 391.1013 91.42628 -1052.586
v 371.5914 93.65296 -1035.599
v 341.2816 88.50045 -1025.132
v 371.5914 93.65296 -1035.599
v 391.1013 91.42628 -1052.586
v 372.4259 90.71672 -1035.365
v 341.9646 87.50539 -1022.318
v 371.5914 93.65296 -1035.599
v 392.042 87.87015 -1052.085
v 391.1013 91.42628 -1052.586
v 400.8792 88.42587 -1055.902
v 274.3753 85.90427 -1043.32
v 272.7979 85.0296 -1040.847
v 271.8433 82.34559 -1039.725
v 392.2227 45.17317 -1018.574
v 379.3706 44.96616 -1017.784
v 411.4973 61.09688 -1081.916
v 403.2693 69.48857 -1091.934
v 367.1537 44.76942 -1017.033
v 388.1985 60.0112 -1083.116
v 352.3624 44.53123 -1016.123
v 332.254 44.20724 -1014.887
v 401.1991 85.67714 -1115.122
v 321.0081 44.02613 -1014.195
v 375.3393 61.6046 -1092.272
v 374.4588 67.78275 -1101.386
v 313.0041 43.8972 -1013.703
v 357.7383 61.77993 -1094.225
v 303.2186 43.73953 -1013.101
v 300.951 43.70303 -1012.962
v 362.9725 72.23062 -1106.886
v 362.9725 72.23062 -1106.886
v 358.8116 77.69153 -1112.532
v 298.3706 43.66146 -1012.803
v 358.9288 88.71156 -1124.665
v 269.5841 43.19755 -1011.033
v 303.4752 89.83085 -1121.677
v 401.1991 85.67714 -1115.122
v 332.254 44.20724 -1014.887
v 375.3393 61.6046 -1092.272
v 357.7383 61.77993 -1094.225
v 303.2186 43.73953 -1013.101
v 362.9725 72.23062 -1106.886
v 388.1985 60.0112 -1083.116
v 352.3624 44.53123 -1016.123
v 401.1991 85.67714 -1115.122
v 432.6552 233.2541 -1103.18
v 418.0092 219.7676 -1092.397
v 427.7458 232.605 -1110.872
v 411.0324 219.1138 -1100.143
v 423.907 232.7767 -1114.106
v 407.2387 218.6573 -1103.228
v 395.1006 228.7082 -1076.606
v 405.4344 226.1611 -1075.537
v 418.0092 219.7676 -1092.397
v 388.1789 229.4801 -1082.012
v 404.5213 218.3304 -1105.438
v 421.7553 233.0395 -1117.248
v 404.5213 218.3304 -1105.438
v 420.2816 219.9806 -1089.874
v 434.5941 232.2046 -1097.815
v 426.7518 219.0734 -1074.64
v 404.5213 218.3304 -1105.438
v 415.4473 232.2436 -1124.047
v 397.9866 217.3881 -1111.765
v 411.9209 230.5299 -1127.083
v 395.2066 215.9717 -1113.837
v 408.8166 230.1211 -1130.02
v 393.4377 215.0704 -1115.155
v 386.4176 219.7991 -1107.655
v 387.4533 220.4671 -1104.454
v 390.6158 221.6213 -1101.851
v 386.2285 224.3386 -1095.5
v 382.4912 223.3441 -1098.45
v 378.4289 229.1695 -1084.209
v 388.1083 229.5708 -1088.318
v 373.6696 228.4588 -1087.774
v 380.4713 222.7589 -1100.482
v 373.2867 228.0209 -1091.213
v 404.5213 218.3304 -1105.438
v 393.4377 215.0704 -1115.155
v 404.7854 228.8187 -1132.884
v 390.8754 213.7649 -1117.065
v 383.7234 218.5619 -1107.881
v 378.8657 217.3328 -1111.523
v 373.3931 220.6654 -1106.521
v 357.0561 220.914 -1102.882
v 376.5025 207.5727 -1128.879
v 365.053 197.3674 -1138.047
v 349.7844 207.5286 -1113.653
v 359.0713 191.467 -1144.029
v 376.2258 221.9241 -1103.192
v 370.102 227.3636 -1094.487
v 363.6642 226.5901 -1097.63
v 390.8754 213.7649 -1117.065
v 399.4659 227.5629 -1137.217
v 387.6577 212.1255 -1119.464
v 386.4042 221.5803 -1145.219
v 376.5025 207.5727 -1128.879
v 371.108 207.4793 -1152.426
v 365.053 197.3674 -1138.047
v 364.9937 201.8159 -1153.48
v 359.0713 191.467 -1144.029
v 359.0713 191.467 -1144.029
v 358.1028 195.5083 -1153.002
v 349.1003 185.3964 -1148.727
v 404.5213 218.3304 -1105.438
v 388.1789 229.4801 -1082.012
v 388.1083 229.5708 -1088.318
v 376.5025 207.5727 -1128.879
v 387.6577 212.1255 -1119.464
v 390.8754 213.7649 -1117.065
v 359.0713 191.467 -1144.029
v 349.7844 207.5286 -1113.653
v 343.4447 201.7714 -1123.573
v 359.0713 191.467 -1144.029
v 343.4447 201.7714 -1123.573
v 349.1003 185.3964 -1148.727
v 339.0375 195.8299 -1140.74
v 386.4176 219.7991 -1107.655
v 383.7234 218.5619 -1107.881
v 393.4377 215.0704 -1115.155
v 430.4784 217.2009 -1064.349
v 438.7419 219.8658 -1067.214
v 428.7014 213.9177 -1045.139
v 435.4348 216.3268 -1053.444
v 421.9615 219.8658 -1060.408
v 425.5829 214.8634 -1046.615
v 438.7866 224.5104 -1081.795
v 426.7518 219.0734 -1074.64
v 434.5941 232.2046 -1097.815
v 426.7518 219.0734 -1074.64
v 418.1552 224.5103 -1066.885
v 406.8076 224.7763 -1072.219
v 420.2816 219.9806 -1089.874
v 426.7518 219.0734 -1074.64
v 418.0092 219.7676 -1092.397
v 406.8076 224.7763 -1072.219
v 405.4344 226.1611 -1075.537
v 452.9518 173.272 -1107.926
v 457.2827 169.8174 -1102.849
v 456.8737 181.19 -1094.66
v 460.5995 177.283 -1090.393
v 459.7723 162.3228 -1098.794
v 462.4417 167.0202 -1089.413
v 457.353 165.6808 -1107.667
v 452.7531 171.5615 -1116.104
v 458.8346 158.4989 -1103.935
v 460.4726 150.2034 -1095.846
v 463.9461 152.2073 -1089.525
v 457.9594 149.3551 -1101.249
v 449.2569 174.8938 -1109.35
v 448.8964 173.5149 -1120.662
v 445.1933 176.8836 -1112.449
v 450.0468 186.2236 -1097.995
v 441.4761 188.1064 -1098.504
v 436.1363 178.8363 -1113.335
v 431.8418 189.0325 -1095.398
v 429.6992 180.41 -1113.438
v 453.7927 183.864 -1096.671
v 438.8167 177.1514 -1125.57
v 432.5059 179.4583 -1127.849
v 444.251 175.7351 -1123.291
v 418.7517 176.796 -1116.48
v 423.2708 177.5175 -1130.917
v 411.5338 171.338 -1114.378
v 416.2373 184.844 -1094.523
v 411.1036 181.7319 -1098.638
v 411.5338 171.338 -1114.378
v 416.4657 178.0095 -1130.654
v 423.2708 177.5175 -1130.917
v 411.5338 171.338 -1114.378
v 402.9416 170.2529 -1110.931
v 405.5076 170.7762 -1122.371
v 402.9416 170.2529 -1110.931
v 405.6479 178.2413 -1103.421
v 411.5338 171.338 -1114.378
v 411.1036 181.7319 -1098.638
v 402.9416 170.2529 -1110.931
v 411.5338 171.338 -1114.378
v 405.6479 178.2413 -1103.421
v 460.9189 142.0709 -1090.331
v 463.9461 152.2073 -1089.525
v 458.2652 137.5193 -1095.267
v 460.4726 150.2034 -1095.846
v 457.9594 149.3551 -1101.249
v 457.1823 139.5068 -1098.165
v 459.7723 162.3228 -1098.794
v 334.6627 206.1253 -1100.101
v 332.0847 206.5912 -1093.274
v 325.3897 213.2874 -1101.604
v 323.9275 213.2874 -1093.255
v 331.0601 206.11 -1085.056
v 325.0731 208.9939 -1085.652
v 344.1367 209.9794 -1089.106
v 350.6173 211.4722 -1095.008
v 339.7394 208.9939 -1083.436
v 331.1643 205.1168 -1079.37
v 327.5726 206.5303 -1079.092
v 331.0602 203.1842 -1073.484
v 329.0929 204.6532 -1075.335
v 336.0363 206.5303 -1079.385
v 333.7217 204.6532 -1075.104
v 336.7395 205.6138 -1104.038
v 353.6081 211.5953 -1098.566
v 338.5579 204.9192 -1108.192
v 328.7181 213.1884 -1111.584
v 331.9466 209.6573 -1120.124
v 343.0863 201.2506 -1117.068
v 337.7784 205.8154 -1127.83
v 326.8942 213.2827 -1107.159
v 356.2117 211.7538 -1102.419
v 358.3987 210.0828 -1107.106
v 343.0863 201.2506 -1117.068
v 345.5879 198.5591 -1121.275
v 343.0863 201.2506 -1117.068
v 337.7784 205.8154 -1127.83
v 342.1525 193.7989 -1135.224
v 349.2592 189.329 -1128.135
v 345.6933 188.9227 -1136.891
v 351.016 183.4335 -1132.254
v 345.5879 198.5591 -1121.275
v 358.3987 210.0828 -1107.106
v 343.0863 201.2506 -1117.068
v 349.2592 189.329 -1128.135
v 356.2299 206.4833 -1114.572
v 345.5879 198.5591 -1121.275
v 357.8217 198.6526 -1121.213
v 351.016 183.4335 -1132.254
v 356.2299 206.4833 -1114.572
v 358.3987 210.0828 -1107.106
v 345.5879 198.5591 -1121.275
v 350.7964 185.5772 -1137.515
v 351.016 183.4335 -1132.254
v 345.6933 188.9227 -1136.891
v 354.6578 180.2135 -1136.752
v 358.8657 194.4603 -1127.215
v 357.8217 198.6526 -1121.213
v 351.016 183.4335 -1132.254
v 354.6578 180.2135 -1136.752
v 360.0561 185.7478 -1135.576
v 309.0771 195.8086 -1120.169
v 305.9371 196.2213 -1115.02
v 302.453 202.1536 -1123.311
v 300.0364 202.1536 -1116.579
v 304.0947 195.7951 -1108.285
v 304.3516 202.1494 -1127.281
v 306.7006 202.0659 -1130.976
v 311.6336 195.3554 -1123.153
v 314.209 194.7401 -1126.363
v 309.0771 195.8086 -1120.169
v 321.239 200.5455 -1113.509
v 325.5815 200.6546 -1116.061
v 314.209 194.7401 -1126.363
v 328.6884 200.795 -1117.442
v 311.083 198.9376 -1137.291
v 314.209 194.7401 -1126.363
v 320.2644 191.4901 -1132.661
v 318.3323 195.534 -1142.124
v 323.4337 189.1055 -1135.463
v 320.2644 191.4901 -1132.661
v 298.1378 198.3499 -1109.675
v 300.0364 202.1536 -1116.579
v 304.0947 195.7951 -1108.285
v 303.2966 194.9152 -1103.377
v 300.1847 196.1674 -1103.936
v 301.9004 193.2031 -1098.313
v 300.6827 194.5044 -1100.368
v 307.3918 196.1674 -1102.343
v 304.0947 195.7951 -1108.285
v 310.9493 198.3499 -1105.09
v 317.1241 199.2231 -1111.229
v 305.9371 196.2213 -1115.02
v 309.0771 195.8086 -1120.169
v 304.5582 194.5044 -1099.105
v 321.239 200.5455 -1113.509
v 309.0771 195.8086 -1120.169
v 323.4337 189.1055 -1135.463
v 330.7596 199.3146 -1122.275
v 320.2644 191.4901 -1132.661
v 333.5212 196.1257 -1125.9
v 330.7596 199.3146 -1122.275
v 328.6884 200.795 -1117.442
v 320.2644 191.4901 -1132.661
v 320.2644 191.4901 -1132.661
v 328.6884 200.795 -1117.442
v 314.209 194.7401 -1126.363
v 328.2577 180.9287 -1140.001
v 333.5212 196.1257 -1125.9
v 323.4337 189.1055 -1135.463
v 334.7294 189.1884 -1131.596
v 330.7672 175.7057 -1143.073
v 322.8199 184.8885 -1146.957
v 327.38 180.5688 -1148.33
v 330.7672 175.7057 -1143.073
v 318.3323 195.534 -1142.124
v 331.8764 177.6047 -1147.604
v 330.7672 175.7057 -1143.073
v 334.9745 172.853 -1146.003
v 338.8718 185.4744 -1135.911
v 334.7294 189.1884 -1131.596
v 330.7672 175.7057 -1143.073
v 334.9745 172.853 -1146.003
v 339.2786 177.7559 -1143.673
v 277.6207 172.3953 -1148.363
v 272.7308 172.3866 -1143.11
v 273.8576 182.4342 -1151.312
v 273.835 185.5713 -1155.86
v 283.6286 175.1487 -1151.759
v 284.0718 189.3604 -1161.606
v 289.8399 177.1704 -1153.706
v 294.9169 187.1008 -1166.695
v 300.1962 175.9165 -1159.809
v 304.6723 182.9717 -1168.417
v 308.3452 173.3694 -1161.416
v 273.8576 182.4342 -1151.312
v 272.7308 172.3866 -1143.11
v 267.0946 178.9574 -1153.457
v 287.9722 175.9509 -1129.617
v 265.3971 167.4233 -1137.498
v 277.6207 172.3953 -1148.363
v 293.2613 181.5899 -1130.747
v 278.6079 168.212 -1124.192
v 269.0421 164.6163 -1123.377
v 260.6432 161.2574 -1132.065
v 253.3431 167.8803 -1145.137
v 267.0946 178.9574 -1153.457
v 272.7308 172.3866 -1143.11
v 250.7966 160.2355 -1138.347
v 257.2479 155.6553 -1125.614
v 251.3058 156.1581 -1130.367
v 265.0208 158.8395 -1122.043
v 283.6286 175.1487 -1151.759
v 293.6521 184.698 -1135.599
v 289.8399 177.1704 -1153.706
v 293.6521 184.698 -1135.599
v 308.3452 173.3694 -1161.416
v 310.9349 186.4831 -1135.578
v 300.1962 175.9165 -1159.809
v 299.6263 186.8916 -1132.268
v 289.8399 177.1704 -1153.706
v 293.6521 184.698 -1135.599
v 316.5889 183.1246 -1138.704
v 310.9349 186.4831 -1135.578
v 308.3452 173.3694 -1161.416
v 315.8055 163.7603 -1163.826
v 321.4105 173.969 -1145.405
v 322.4623 155.674 -1164.859
v 322.4623 155.674 -1164.859
v 321.4326 161.142 -1171.318
v 314.7314 167.578 -1172.141
v 308.3452 173.3694 -1161.416
v 308.3452 173.3694 -1161.416
v 304.6723 182.9717 -1168.417
v 329.2508 168.3872 -1148.638
v 321.4105 173.969 -1145.405
v 322.4623 155.674 -1164.859
v 330.6111 150.023 -1161.186
v 335.5463 156.9362 -1155.218
v 326.853 156.7951 -1167.808
v 322.4623 155.674 -1164.859
v 321.4326 161.142 -1171.318
v 330.6111 150.023 -1161.186
v 296.5088 50.142 -991.3336
v 289.352 44.67427 -1000.218
v 303.2886 69.67468 -1029.267
v 296.1107 64.20703 -1037.034
v 312.8217 69.67468 -1028.893
v 305.725 50.14202 -991.3334
v 321.3259 64.20696 -1032.266
v 313.4802 44.67425 -1000.218
v 313.7842 96.19753 -1053.935
v 306.2446 91.25998 -1060.255
v 322.0745 96.19758 -1052.726
v 328.7523 90.29251 -1056.71
v 323.7357 121.0625 -1071.943
v 318.1579 117.1782 -1078.04
v 331.2092 120.6083 -1070.948
v 336.5978 115.9307 -1075.437
v 335.1873 145.2731 -1089.004
v 329.6096 140.1206 -1094.074
v 342.6609 145.0538 -1087.932
v 348.0495 139.4888 -1091.258
v 352.4853 169.4534 -1110.121
v 346.828 164.1381 -1114.539
v 359.3062 167.8961 -1107.275
v 363.0456 161.5555 -1109.449
v 359.3062 167.8961 -1107.275
v 364.9464 178.534 -1124.907
v 359.2889 173.2187 -1129.325
v 371.7673 176.9766 -1122.061
v 359.3062 167.8961 -1107.275
v 375.5067 170.6359 -1124.235
v 371.7673 176.9766 -1122.061
v 184.2489 79.3372 -899.2654
v 181.9967 68.93929 -896.2672
v 431.9728 74.43445 -1093.143
v 417.5574 63.40005 -1083.937
v 429.0759 84.48109 -1087.849
v 458.9294 87.32156 -1113.302
v 453.2248 74.55478 -1113.85
v 417.5574 63.40005 -1083.937
v 441.5898 62.49791 -1105.405
v 190.44 88.97686 -899.1332
v 184.2489 79.3372 -899.2654
v 429.0759 84.48109 -1087.849
v 447.9184 90.35316 -1081.952
v 190.44 88.97686 -899.1332
v 429.0759 84.48109 -1087.849
v 209.2799 93.97408 -894.3771
v 456.1729 91.28454 -1068.657
v 209.2799 93.97408 -894.3771
v 226.014 94.61242 -891.3462
v 470.7614 85.43243 -1060.254
v 232.5202 89.92134 -878.7536
v 474.4081 76.74957 -1046.243
v 231.7363 81.41058 -859.3085
v 477.1351 98.407 -1083.138
v 465.6428 97.11012 -1101.648
v 429.0759 84.48109 -1087.849
v 498.9587 90.13982 -1069.292
v 504.0358 78.05061 -1061.17
v 494.4971 63.15455 -1052.965
v 468.6428 65.96481 -1038.809
v 231.7363 81.41058 -859.3085
v 511.8949 103.947 -1093.678
v 490.8589 101.2255 -1114.812
v 539.619 96.97349 -1089.362
v 530.1001 78.86856 -1065.542
v 530.4314 57.12561 -1050.517
v 512.7444 41.05667 -1049.814
v 478.7683 49.74567 -1050.157
v 520.13 107.5994 -1114.769
v 506.6825 103.4935 -1125.706
v 519.8782 105.6026 -1109.488
v 528.4142 109.4214 -1126.178
v 521.5555 105.1998 -1132.7
v 535.8006 98.20761 -1094.01
v 520.9003 105.5545 -1098.102
v 535.0848 99.05061 -1099.549
v 526.9556 106.567 -1102.64
v 538.0048 99.59553 -1108.872
v 532.1266 106.1828 -1109.035
v 534.9829 57.83001 -1052.562
v 534.8011 77.21257 -1061.804
v 542.1884 104.8597 -1117.415
v 534.4625 111.3753 -1115.839
v 534.4125 109.261 -1129.174
v 530.7872 105.1432 -1134.884
v 537.7014 109.1731 -1130.817
v 535.849 105.112 -1136.082
v 551.4247 109.2399 -1132.137
v 547.5256 105.2387 -1136.316
v 560.1848 108.7242 -1140.104
v 561.6979 104.596 -1146.76
v 542.1111 106.4327 -1122.219
v 534.632 113.1164 -1121.128
v 541.0096 108.1681 -1130.484
v 533.7217 115.5342 -1128.597
v 547.5601 105.7662 -1119.595
v 547.7748 106.9392 -1123.148
v 554.6 106.8592 -1122.163
v 553.7299 107.8191 -1125.183
v 562.5904 108.2723 -1125.602
v 561.7202 109.2322 -1128.622
v 568.169 109.552 -1128.897
v 566.0038 110.4319 -1131.814
v 571.5861 110.8183 -1132.386
v 569.4211 111.6982 -1135.303
v 573.9905 112.4308 -1136.807
v 571.7443 113.1113 -1139.358
v 429.0759 84.48109 -1087.849
v 458.9294 87.32156 -1113.302
v 479.6431 95.69714 -1112.316
v 475.6436 92.36443 -1117.517
v 473.3042 86.98263 -1124.584
v 453.2248 74.55478 -1113.85
v 431.9728 74.43445 -1093.143
v 417.5574 63.40005 -1083.937
v 459.302 69.85661 -1128.03
v 441.5898 62.49791 -1105.405
v 477.9366 88.07799 -1131.898
v 470.2704 70.87301 -1142.492
v 484.3221 87.79366 -1136.507
v 476.4041 71.29288 -1146.117
v 488.2114 88.27209 -1136.524
v 483.9703 71.30341 -1147.182
v 494.3657 87.06841 -1133.99
v 468.1923 69.88901 -1147.486
v 462.4926 66.77751 -1142.956
v 466.352 68.13948 -1156.074
v 461.0355 64.35998 -1156.074
v 490.4957 71.5118 -1145.557
v 498.864 85.05626 -1137.262
v 492.7425 70.07673 -1147.574
v 499.7963 83.31602 -1142.749
v 494.6859 68.83538 -1149.319
v 502.9538 83.31596 -1149.736
v 497.1267 68.8354 -1155.679
v 481.4599 89.80851 -1126.264
v 485.9106 90.25042 -1129.025
v 483.6497 91.20882 -1120.175
v 488.5329 91.99265 -1123.519
v 485.3712 92.30978 -1115.387
v 490.1413 92.9611 -1117.578
v 225.4476 70.96677 -850.099
v 468.6428 65.96481 -1038.809
v 213.8479 61.77738 -855.9449
v 225.4476 70.96677 -850.099
v 457.346 56.33366 -1044.969
v 468.6428 65.96481 -1038.809
v 457.346 56.33366 -1044.969
v 468.6428 65.96481 -1038.809
v 478.7683 49.74567 -1050.157
v 478.7683 49.74567 -1050.157
v 468.6428 65.96481 -1038.809
v 494.4971 63.15455 -1052.965
v 213.8479 61.77738 -855.9449
v 200.6652 56.15823 -860.3127
v 212.0984 64.53934 -860.277
v 201.5525 60.04393 -863.7709
v 221.3782 71.89084 -862.1423
v 226.4091 80.24588 -869.51
v 192.5656 59.6094 -871.689
v 227.0362 87.05462 -878.5239
v 187.5462 63.35193 -881.9085
v 221.8313 90.80733 -888.598
v 208.4444 90.29672 -891.0225
v 186.3117 70.26884 -892.7462
v 193.0666 86.2989 -895.0387
v 188.1138 78.58707 -895.1443
v 181.9967 68.93929 -896.2672
v 183.158 60.29313 -882.9844
v 189.4319 55.61498 -870.21
v 225.4476 70.96677 -850.099
v 231.7363 81.41058 -859.3085
v 231.7363 81.41058 -859.3085
v 209.2799 93.97408 -894.3771
v 209.2799 93.97408 -894.3771
v 190.44 88.97686 -899.1332
v 190.44 88.97686 -899.1332
v 184.2489 79.3372 -899.2654
v 459.302 69.85661 -1128.03
v 441.5898 62.49791 -1105.405
v 450.1979 62.37603 -1128.47
v 458.5178 66.0192 -1135.669
v 451.2203 52.35348 -1136.853
v 455.1987 66.05759 -1143.796
v 449.1132 52.40259 -1143.032
v 453.1755 66.09719 -1149.059
v 447.0901 52.44225 -1151.6
v 453.7028 66.12854 -1155.925
v 450.0059 52.48847 -1161.986
v 549.6899 78.01967 -1068.59
v 549.5796 95.61555 -1089.196
v 556.9147 76.73087 -1069.746
v 555.5045 95.255 -1092.586
v 544.269 96.33958 -1089.285
v 542.9736 78.71452 -1069.433
v 568.554 87.32165 -1086.943
v 562.5487 93.77547 -1095.724
v 570.9033 85.05749 -1083.417
v 570.4771 75.116 -1069.42
v 561.5525 96.20872 -1098.967
v 557.3917 99.35513 -1098.362
v 566.1703 99.80117 -1103.946
v 564.4293 104.1937 -1105.258
v 550.967 74.05322 -1063.213
v 557.1553 73.80276 -1065.76
v 552.3753 69.68169 -1057.354
v 558.7124 71.81561 -1063.177
v 558.2278 65.17862 -1051.704
v 562.9765 70.76974 -1062.12
v 573.5045 89.7941 -1090.759
v 569.9548 93.83867 -1096.458
v 580.9633 93.48183 -1096.458
v 575.9099 96.84761 -1101.097
v 584.3846 101.2787 -1107.427
v 579.9114 101.3349 -1107.587
v 526.7642 104.6067 -1141.09
v 519.8644 104.5979 -1140.109
v 577.8787 77.77608 -1073.156
v 577.2646 82.50995 -1079.935
v 441.5898 62.49791 -1105.405
v 417.5574 63.40005 -1083.937
v 421.5709 62.29349 -1090.232
v 450.1979 62.37603 -1128.47
v 441.5898 62.49791 -1105.405
v 442.061 60.98457 -1130.846
v 442.061 60.98457 -1130.846
v 441.5898 62.49791 -1105.405
v 426.4309 61.51819 -1128.56
v 424.0245 61.75652 -1111.089
v 426.683 61.9352 -1100.251
v 421.5709 62.29349 -1090.232
v 519.8782 105.6026 -1109.488
v 523.4711 107.5995 -1112.033
v 518.2802 103.9471 -1100.04
v 519.9909 106.612 -1104.872
v 523.6393 103.947 -1099.303
v 527.5347 106.6121 -1102.958
v 518.2802 103.9471 -1100.04
v 519.8782 105.6026 -1109.488
v 519.9909 106.612 -1104.872
v 516.1891 130.501 -1027.875
v 495.0789 134.022 -1023.471
v 505.3281 134.022 -1036.648
v 486.4455 136.9346 -1042.738
v 476.4978 136.245 -1019.325
v 463.0064 138.3196 -1043.511
v 485.3112 134.022 -1003.477
v 502.9423 131.5638 -1006.723
v 518.8997 128.7836 -1020.062
v 502.9423 131.5638 -1006.723
v 505.3281 134.022 -1036.648
v 486.4455 136.9346 -1042.738
v 498.1621 87.09933 -1032.816
v 479.5008 87.09933 -1038.24
v 463.0064 138.3196 -1043.511
v 506.2597 87.09924 -1024.044
v 516.1891 130.501 -1027.875
v 447.4884 87.09933 -1034.227
v 504.5795 71.22648 -1022.748
v 495.7381 71.22638 -1031.52
v 501.6308 43.37234 -1020.473
v 491.4841 43.37239 -1029.246
v 477.0766 71.22644 -1036.944
v 472.8228 43.3724 -1034.669
v 442.239 71.22646 -1031.086
v 433.0273 43.37233 -1025.575
v 512.454 71.22644 -1014.935
v 510.6679 43.37237 -1012.66
v 518.5787 69.4663 -1004.136
v 516.1234 43.3037 -1002.133
v 522.7916 67.81918 -990.97
v 521.2282 43.23952 -992.2817
v 513.4717 87.0993 -1016.231
v 519.9778 84.37514 -1005.277
v 523.4597 81.82616 -995.3978
v 518.8997 128.7836 -1020.062
v 518.8997 128.7836 -1020.062
v 463.0064 138.3196 -1043.511
v 476.4978 136.245 -1019.325
v 447.4884 87.09933 -1034.227
v 465.1908 81.75869 -1003.077
v 485.3112 134.022 -1003.477
v 442.239 71.22646 -1031.086
v 459.7555 67.82453 -999.4467
v 433.0273 43.37233 -1025.575
v 450.2173 43.37245 -993.0759
v 476.9175 63.7689 -967.8665
v 465.7054 41.88591 -954.9656
v 481.303 43.57798 -943.7531
v 493.2633 62.04957 -961.8264
v 484.4124 76.27224 -977.6783
v 485.3112 134.022 -1003.477
v 485.3112 134.022 -1003.477
v 502.9423 131.5638 -1006.723
v 484.4124 76.27224 -977.6783
v 502.9423 131.5638 -1006.723
v 518.8997 128.7836 -1020.062
v 497.7134 87.09927 -994.4795
v 497.7134 87.09927 -994.4795
v 518.8997 128.7836 -1020.062
v 513.4717 87.0993 -1016.231
v 484.4124 76.27224 -977.6783
v 502.9423 131.5638 -1006.723
v 497.7134 87.09927 -994.4795
v 497.7134 87.09927 -994.4795
v 499.4939 73.07329 -974.1259
v 484.4124 76.27224 -977.6783
v 493.2633 62.04957 -961.8264
v 512.9363 64.33146 -964.1778
v 481.303 43.57798 -943.7531
v 513.4893 77.41643 -974.101
v 513.4893 77.41643 -974.101
v 523.4597 81.82616 -995.3978
v 512.9363 64.33146 -964.1778
v 512.9363 64.33146 -964.1778
v 522.7916 67.81918 -990.97
v 508.9625 43.23948 -962.522
v 521.2282 43.23952 -992.2817
v 513.4893 77.41643 -974.101
v 519.9778 84.37514 -1005.277
v 523.4597 81.82616 -995.3978
v 505.8633 82.09709 -983.9521
v 513.4893 77.41643 -974.101
v 513.4717 87.0993 -1016.231
v 497.7134 87.09927 -994.4795
v 499.4939 73.07329 -974.1259
v 513.4893 77.41643 -974.101
v 493.2633 62.04957 -961.8264
v 484.4124 76.27224 -977.6783
v 481.303 43.57798 -943.7531
v 512.9363 64.33146 -964.1778
v 508.9625 43.23948 -962.522
v 454.9845 104.3205 -985.2073
v 441.2689 104.3204 -980.5103
v 452.9712 104.3204 -992.9919
v 445.4025 104.3205 -989.5289
v 448.7843 104.3204 -978.4434
v 449.1882 104.3205 -998.8554
v 442.7572 104.3205 -1003.206
v 438.3135 104.3205 -996.7278
v 437.461 104.3205 -1002.449
v 422.8561 104.3205 -1010.572
v 420.4135 104.3205 -987.462
v 433.0019 104.3204 -983.5164
v 395.3408 82.40359 -995.1978
v 394.4203 82.00761 -974.8798
v 433.0019 104.3204 -983.5164
v 394.4203 82.00761 -974.8798
v 441.2689 104.3204 -980.5103
v 448.7843 104.3204 -978.4434
v 432.1147 82.98296 -977.8215
v 424.048 79.7763 -979.8628
v 415.5708 56.53908 -976.4036
v 423.448 62.78141 -975.276
v 445.2645 89.60287 -978.9526
v 448.7843 104.3204 -978.4434
v 443.184 76.49458 -976.8186
v 415.7375 44.25294 -972.9415
v 411.0887 44.25298 -974.5748
v 388.0971 44.25301 -981.6375
v 394.707 56.53913 -982.8288
v 430.1487 45.26461 -974.1859
v 433.0019 104.3204 -983.5164
v 394.4203 82.00761 -974.8798
v 388.6608 44.25299 -1002.117
v 394.707 56.53913 -982.8288
v 388.0971 44.25301 -981.6375
v 395.655 56.53913 -1003.847
v 445.2645 89.60287 -978.9526
v 455.0089 88.3726 -985.8112
v 443.184 76.49458 -976.8186
v 455.0318 73.27366 -986.3831
v 454.9845 104.3205 -985.2073
v 448.7843 104.3204 -978.4434
v 443.184 76.49458 -976.8186
v 455.0318 73.27366 -986.3831
v 441.5979 71.7589 -974.0604
v 441.5979 71.7589 -974.0604
v 455.0318 73.27366 -986.3831
v 460.5522 67.5989 -978.4088
v 433.4923 44.92218 -969.4855
v 452.1202 41.25872 -974.8387
v 394.4203 82.00761 -974.8798
v 424.048 79.7763 -979.8628
v 394.707 56.53913 -982.8288
v 430.1487 45.26461 -974.1859
v 443.184 76.49458 -976.8186
v 433.4923 44.92218 -969.4855
v 433.4923 44.92218 -969.4855
v 443.184 76.49458 -976.8186
v 441.5979 71.7589 -974.0604
v 395.3408 82.40359 -995.1978
v 394.4203 82.00761 -974.8798
v 395.655 56.53913 -1003.847
v 394.707 56.53913 -982.8288
v 475.0913 117.5188 -927.6597
v 469.3682 102.7626 -917.7684
v 473.3559 117.0639 -933.5248
v 466.4004 102.7626 -921.006
v 474.4158 104.3176 -906.329
v 469.481 116.5406 -939.0468
v 463.2962 102.7626 -924.3925
v 470.6916 115.2485 -940.7325
v 457.5517 102.7626 -930.6593
v 467.5001 115.035 -944.7902
v 455.2419 102.7626 -933.3892
v 465.1323 118.418 -948.8427
v 449.8815 101.8024 -938.3727
v 458.7768 118.1722 -952.9108
v 445.4063 101.6186 -941.6439
v 470.5646 118.1031 -947.6404
v 457.6617 117.1818 -962.4462
v 473.9765 118.3699 -943.2508
v 445.4063 101.6186 -941.6439
v 440.3759 101.0605 -946.6161
v 440.3759 101.0605 -946.6161
v 441.4153 112.4347 -966.9363
v 436.5495 99.02929 -947.9165
v 436.9625 110.321 -970.2917
v 426.4746 114.2463 -915.8837
v 436.5495 99.02929 -947.9165
v 434.9034 114.2453 -916.9846
v 431.7402 98.31718 -950.3677
v 431.7453 108.5916 -972.3433
v 426.5108 97.65683 -952.2184
v 436.5495 99.02929 -947.9165
v 419.0124 109.8152 -928.4431
v 412.9398 107.9532 -929.472
v 426.5108 97.65683 -952.2184
v 422.0906 97.43401 -953.0784
v 411.5737 105.3629 -934.1483
v 419.6856 96.01197 -954.4208
v 431.7402 98.31718 -950.3677
v 419.0124 109.8152 -928.4431
v 424.6294 112.9311 -923.1788
v 436.5495 99.02929 -947.9165
v 429.8337 106.7205 -975.5973
v 422.0906 97.43401 -953.0784
v 428.3164 105.414 -976.6345
v 419.6856 96.01197 -954.4208
v 425.8202 103.2649 -978.3408
v 415.7291 93.67266 -956.6293
v 421.8099 99.44548 -978.5262
v 413.147 90.04177 -957.4725
v 407.826 101.3686 -940.3718
v 413.2589 102.3087 -943.4836
v 402.1123 100.3147 -931.5029
v 410.7759 86.70754 -958.2467
v 397.2409 96.33096 -934.8148
v 407.8631 82.61159 -959.1978
v 389.7693 92.58556 -934.0047
v 399.0062 76.71121 -959.5915
v 415.1371 92.09341 -977.7545
v 406.0413 85.68419 -975.6315
v 399.0062 76.71121 -959.5915
v 418.8156 96.14631 -978.1799
v 399.0062 76.71121 -959.5915
v 400.5646 83.56351 -974.4913
v 392.708 74.26636 -961.7477
v 391.3846 80.00876 -972.5801
v 382.1506 70.16821 -965.3618
v 474.4158 104.3176 -906.329
v 475.0913 117.5188 -927.6597
v 479.2 109.5653 -914.8912
v 469.3682 102.7626 -917.7684
v 458.718 111.6128 -908.1856
v 466.4004 102.7626 -921.006
v 474.4158 104.3176 -906.329
v 455.1642 112.0755 -910.8037
v 463.2962 102.7626 -924.3925
v 450.5908 112.6552 -912.8546
v 457.5517 102.7626 -930.6593
v 444.7259 114.0594 -916.4037
v 455.2419 102.7626 -933.3892
v 440.213 113.9995 -916.5037
v 449.8815 101.8024 -938.3727
v 437.5189 114.4272 -915.3947
v 445.4063 101.6186 -941.6439
v 434.9034 114.2453 -916.9846
v 440.3759 101.0605 -946.6161
v 474.4158 104.3176 -906.329
v 464.6258 109.7545 -901.6027
v 467.1874 105.1859 -893.7235
v 475.935 102.4452 -898.2267
v 474.7461 98.48473 -883.602
v 480.1017 101.0121 -892.1237
v 480.9133 104.807 -901.4358
v 479.2 109.5653 -914.8912
v 474.4158 104.3176 -906.329
v 472.0865 101.2541 -885.1926
v 436.5495 99.02929 -947.9165
v 426.4746 114.2463 -915.8837
v 424.6294 112.9311 -923.1788
v 431.7453 108.5916 -972.3433
v 426.5108 97.65683 -952.2184
v 419.6856 96.01197 -954.4208
v 411.5737 105.3629 -934.1483
v 413.2589 102.3087 -943.4836
v 413.2589 102.3087 -943.4836
v 415.7291 93.67266 -956.6293
v 399.0062 76.71121 -959.5915
v 389.7693 92.58556 -934.0047
v 387.7245 86.8879 -948.413
v 399.0062 76.71121 -959.5915
v 387.7245 86.8879 -948.413
v 392.708 74.26636 -961.7477
v 385.0286 84.19492 -951.9492
v 382.1506 70.16821 -965.3618
v 378.0578 80.47139 -953.9705
v 383.9334 62.17712 -894.048
v 385.6082 62.26113 -890.9777
v 380.5942 67.54565 -887.9576
v 381.9366 62.077 -897.7088
v 385.6082 62.26113 -890.9777
v 379.828 68.46652 -885.5359
v 389.7655 61.65231 -886.8964
v 385.6082 62.26113 -890.9777
v 384.2052 64.39027 -883.4657
v 389.7655 61.65231 -886.8964
v 394.688 60.70936 -883.2443
v 392.8429 62.05133 -880.7161
v 399.3347 58.87458 -880.9211
v 396.6012 62.05139 -886.0462
v 393.0479 65.32596 -895.6131
v 385.6082 62.26113 -890.9777
v 383.9334 62.17712 -894.048
v 385.6082 62.26113 -890.9777
v 394.0243 65.97235 -899.2593
v 381.9366 62.077 -897.7088
v 394.0835 64.39021 -891.0961
v 389.7655 61.65231 -886.8964
v 396.8064 60.2691 -880.4427
v 399.3347 58.87458 -880.9211
v 391.895 66.74307 -901.5662
v 381.9366 62.077 -897.7088
v 380.0788 62.06179 -901.2415
v 394.0243 66.91153 -906.2982
v 378.8816 62.05198 -903.5181
v 368.8258 68.46645 -892.9892
v 381.9366 62.077 -897.7088
v 372.9072 68.46645 -889.8539
v 393.5512 67.02018 -908.9009
v 375.6825 59.57261 -910.9006
v 365.5725 65.62637 -901.5069
v 363.5953 62.64303 -912.8337
v 374.1691 56.1627 -917.0928
v 368.6484 68.46656 -897.2479
v 391.3034 65.62635 -913.1005
v 385.5992 62.64296 -922.059
v 371.5905 50.72156 -922.9473
v 362.2968 55.81372 -919.8724
v 363.6302 52.96184 -925.5591
v 381.9366 62.077 -897.7088
v 380.5942 67.54565 -887.9576
v 400.0864 60.26916 -882.698
v 399.3347 58.87458 -880.9211
v 396.6012 62.05139 -886.0462
v 380.0641 55.90773 -926.8424
v 385.5992 62.64296 -922.059
v 371.5905 50.72156 -922.9473
v 370.2239 47.75031 -927.5258
v 375.144 53.01131 -929.4393
v 367.8321 44.69322 -932.6509
v 371.9305 49.7854 -934.777
v 370.2239 47.75031 -927.5258
v 371.5905 50.72156 -922.9473
v 363.6302 52.96184 -925.5591
v 366.0359 49.68592 -931.5809
v 367.8321 44.69322 -932.6509
v 374.8109 79.58999 -925.8425
v 361.9323 74.41512 -935.782
v 378.0534 80.17231 -928.5867
v 365.104 75.01347 -939.0573
v 377.7662 80.1571 -932.4924
v 365.6689 75.11658 -940.7865
v 346.3707 80.07043 -932.5426
v 346.675 80.17907 -934.7936
v 360.1482 74.07854 -933.9396
v 340.5623 79.1473 -926.2579
v 358.2932 73.22012 -931.0219
v 364.6685 76.24644 -928.775
v 358.2932 73.22012 -931.0219
v 363.5703 75.31641 -928.1829
v 354.9178 72.62999 -922.9747
v 344.7687 77.16056 -924.3608
v 349.7064 76.07248 -922.4099
v 351.3568 75.82137 -921.402
v 347.3588 76.42799 -920.9017
v 343.7755 77.67648 -917.4095
v 340.7198 78.34023 -922.3007
v 366.4455 75.25829 -943.1632
v 354.9178 72.62999 -922.9747
v 358.2932 73.22012 -931.0219
v 356.2174 69.80798 -918.7014
v 346.8458 74.82697 -915.2064
v 356.2298 68.46854 -915.3876
v 349.5738 73.49942 -912.9444
v 356.2415 67.21996 -912.2985
v 350.2087 72.27048 -910.0353
v 349.8093 62.35774 -900.5046
v 348.1745 64.0088 -901.7344
v 364.5547 74.51017 -926.7614
v 354.9178 72.62999 -922.9747
v 363.5703 75.31641 -928.1829
v 356.2174 69.80798 -918.7014
v 366.0464 75.76369 -923.3278
v 356.2174 69.80798 -918.7014
v 364.5547 74.51017 -926.7614
v 368.3887 77.72098 -917.9957
v 367.2344 74.89187 -914.1564
v 356.2298 68.46854 -915.3876
v 364.9259 73.52129 -911.3047
v 356.2415 67.21996 -912.2985
v 362.7739 72.24367 -908.6467
v 356.4395 64.0412 -903.0491
v 356.2415 67.21996 -912.2985
v 356.4395 64.0412 -903.0491
v 349.8093 62.35774 -900.5046
v 385.2169 74.70476 -944.9507
v 367.8798 69.75044 -948.1172
v 381.4587 67.1226 -954.0034
v 369.9573 65.41673 -953.9921
v 355.8156 74.63361 -949.4259
v 364.0403 67.12263 -954.0054
v 366.7896 55.23934 -960.4858
v 378.163 55.2856 -959.4931
v 367.5458 71.03299 -946.9637
v 383.6371 76.11144 -940.2625
v 367.1612 72.50986 -945.6353
v 380.7393 77.47635 -940.1153
v 366.4455 75.25829 -943.1632
v 382.7609 80.29824 -936.0331
v 351.2073 77.44704 -944.4391
v 342.6749 80.36707 -935.6198
v 366.4455 75.25829 -943.1632
v 353.6738 75.94126 -947.1081
v 374.3182 43.26836 -963.8706
v 366.4455 75.25829 -943.1632
v 366.0992 43.26838 -963.0488
v 364.1813 55.4261 -958.9391
v 366.0992 43.26838 -963.0488
v 363.2223 43.26833 -962.227
v 366.7896 55.23934 -960.4858
v 364.1813 55.4261 -958.9391
v 366.0992 43.26838 -963.0488
v 279.3288 77.80025 -867.1302
v 265.0957 80.18062 -870.6398
v 284.5933 77.80027 -872.3947
v 270.1651 80.18066 -880.9736
v 240.3338 85.72483 -876.2941
v 249.3027 85.7249 -885.8481
v 285.7632 77.80025 -879.9988
v 278.1591 80.18059 -887.4075
v 261.7811 85.72487 -892.2822
v 291.0275 76.04523 -867.1303
v 298.0756 76.04523 -871.9355
v 295.122 76.04523 -876.0991
v 242.4784 85.72478 -866.7402
v 260.6934 80.18069 -864.8524
v 274.6936 77.80029 -861.6545
v 286.933 76.0452 -862.8411
v 291.0275 76.04523 -867.1303
v 298.0756 76.04523 -871.9355
v 287.9906 58.94872 -863.0006
v 293.675 57.33364 -867.4577
v 283.3737 60.87528 -857.5749
v 286.933 76.0452 -862.8411
v 265.4924 61.86761 -852.9912
v 270.0361 56.28217 -849.3803
v 284.4169 56.24636 -853.1977
v 267.3378 43.86858 -846.0397
v 279.5441 43.86859 -849.2518
v 290.2445 54.96811 -859.1744
v 288.1528 43.86865 -856.0618
v 296.0572 54.25515 -863.555
v 295.2929 43.8686 -861.8654
v 259.8952 43.8686 -852.1008
v 250.9837 43.86861 -854.994
v 253.7485 57.78073 -857.8011
v 274.6936 77.80029 -861.6545
v 286.933 76.0452 -862.8411
v 233.8986 43.86863 -860.8806
v 236.3416 59.35942 -862.5491
v 260.6934 80.18069 -864.8524
v 274.6936 77.80029 -861.6545
v 242.4784 85.72478 -866.7402
v 228.8734 43.86851 -867.0542
v 232.1368 59.35951 -869.6852
v 242.4784 85.72478 -866.7402
v 240.3338 85.72483 -876.2941
v 242.4784 85.72478 -866.7402
v 324.089 54.28316 -873.6559
v 309.5721 53.72414 -878.8206
v 328.6955 54.28324 -877.2852
v 317.1098 53.724 -882.45
v 298.9633 52.42169 -884.1249
v 310.2699 52.4216 -886.9164
v 327.1601 54.28325 -881.1937
v 323.5307 53.72405 -883.7062
v 321.9952 52.42174 -887.7542
v 301.755 53.72405 -874.9121
v 297.9862 52.42169 -878.2623
v 298.9633 52.42169 -884.1249
v 301.755 53.72405 -874.9121
v 297.9862 52.42169 -878.2623
v 311.0338 54.28323 -873.4146
v 297.9862 52.42169 -878.2623
v 301.755 53.72405 -874.9121
v 295.6893 43.59649 -872.5341
v 295.6893 43.59649 -872.5341
v 301.755 53.72405 -874.9121
v 301.4749 43.59657 -869.1384
v 311.0338 54.28323 -873.4146
v 310.7821 43.59657 -867.7546
v 324.089 54.28316 -873.6559
v 324.0891 43.59652 -868.4911
v 328.6955 54.28324 -877.2852
v 328.6955 43.59648 -872.1205
v 298.9633 52.42169 -884.1249
v 297.9862 52.42169 -878.2623
v 294.18 43.59655 -878.9485
v 297.9862 52.42169 -878.2623
v 295.6893 43.59649 -872.5341
v 250.2695 60.99399 -838.0678
v 233.306 63.37438 -845.0828
v 254.8611 60.99406 -844.0624
v 243.5096 63.37441 -852.2254
v 217.5249 68.91856 -847.6522
v 221.4442 68.91859 -853.5009
v 258.9457 60.99402 -852.2679
v 253.8408 63.37438 -853.756
v 235.6017 67.12344 -861.4086
v 221.0615 67.3339 -838.0678
v 234.4539 63.37438 -835.2618
v 242.3617 60.99406 -836.1545
v 234.4539 63.37438 -835.2618
v 250.2695 60.99399 -838.0678
v 231.7368 44.21289 -826.6381
v 219.5899 44.21285 -831.6183
v 221.0615 67.3339 -838.0678
v 212.0588 44.2129 -841.4572
v 217.5249 68.91856 -847.6522
v 242.1831 44.21288 -830.1606
v 249.1215 44.21278 -831.882
v 254.8611 60.99406 -844.0624
v 253.7132 44.21285 -837.8764
v 258.9457 60.99402 -852.2679
v 253.7132 44.21285 -837.8764
v 258.9457 60.99402 -852.2679
v 265.0191 44.21288 -848.6238
v 221.5842 117.8491 -840.4575
v 211.7442 108.5925 -828.084
v 213.6475 113.738 -839.8166
v 205.9739 108.5925 -834.7455
v 219.3951 105.3481 -820.906
v 220.0373 117.8492 -844.9163
v 202.839 108.5925 -838.3645
v 202.839 108.5925 -838.3645
v 216.2717 117.8492 -847.6307
v 200.9777 108.5926 -840.1761
v 200.9777 108.5926 -840.1761
v 216.4114 117.8492 -854.4086
v 199.7316 108.5925 -841.3888
v 193.4069 117.8492 -823.0389
v 199.033 117.8492 -820.9001
v 210.8059 117.8492 -860.8599
v 197.7614 108.5925 -843.3066
v 199.567 112.8571 -854.7589
v 193.1729 108.5926 -846.7132
v 186.364 117.8492 -825.9687
v 186.1866 116.8601 -829.3559
v 206.0895 117.8492 -864.2364
v 189.0159 108.5925 -850.3644
v 194.5299 113.5729 -874.2386
v 175.9867 104.3163 -860.8339
v 182.1464 117.8492 -827.9681
v 158.1675 113.5729 -833.946
v 188.9978 113.0284 -879.1044
v 174.3273 103.7717 -862.1675
v 155.4357 113.0284 -835.6741
v 182.183 112.2093 -882.5887
v 171.8318 102.9525 -864.1732
v 165.1758 103.4997 -878.0043
v 156.3353 94.24299 -867.5486
v 150.1522 112.2093 -836.9995
v 156.3353 94.24299 -867.5486
v 141.9624 103.4997 -851.9229
v 196.5165 113.573 -875.6844
v 196.2489 113.0284 -879.6983
v 156.3353 94.24299 -867.5486
v 147.7839 81.63669 -874.4124
v 141.8376 81.63673 -871.0934
v 156.3353 94.24299 -867.5486
v 141.9624 103.4997 -851.9229
v 135.3665 81.63671 -867.4818
v 219.3951 105.3481 -820.906
v 221.5842 117.8491 -840.4575
v 225.0421 109.7546 -832.4496
v 228.409 101.5709 -818.2543
v 228.409 101.5709 -818.2543
v 225.0421 109.7546 -832.4496
v 227.3904 101.5709 -819.9841
v 211.7442 108.5925 -828.084
v 205.3084 117.8493 -816.479
v 205.9739 108.5925 -834.7455
v 219.3951 105.3481 -820.906
v 216.3494 109.7545 -815.9534
v 228.409 101.5709 -818.2543
v 200.8191 117.8492 -818.5728
v 202.839 108.5925 -838.3645
v 199.033 117.8492 -820.9001
v 205.9739 108.5925 -834.7455
v 205.3084 117.8493 -816.479
v 200.8191 117.8492 -818.5728
v 216.3494 109.7545 -815.9534
v 228.409 101.5709 -818.2543
v 226.5143 101.571 -817.1801
v 202.839 108.5925 -838.3645
v 199.033 117.8492 -820.9001
v 200.9777 108.5926 -840.1761
v 150.1096 94.50322 -786.9764
v 134.8178 89.5284 -787.2291
v 151.8788 94.50309 -796.2018
v 134.8178 89.5284 -787.2291
v 133.3583 89.52842 -796.7764
v 122.1798 94.50317 -786.7233
v 121.548 94.50317 -797.3392
v 133.7557 89.52834 -803.645
v 114.9762 94.50309 -801.6362
v 154.28 94.50312 -802.0152
v 125.5921 90.55679 -778.0032
v 134.0651 89.52842 -808.993
v 122.1798 94.50317 -809.977
v 134.3501 89.52836 -813.9216
v 154.912 94.50317 -812.8838
v 155.5439 88.86318 -820.4664
v 136.6174 83.88854 -826.6742
v 156.5549 82.93885 -826.6591
v 154.4065 94.50313 -807.8286
v 121.456 94.50311 -817.7475
v 122.9443 88.86322 -829.2487
v 142.1434 82.93884 -834.4675
v 156.5549 82.93885 -826.6591
v 134.8178 89.5284 -787.2291
v 134.5008 85.58199 -780.6216
v 147.8348 90.55674 -782.3
v 134.1676 81.43372 -773.6762
v 147.8347 86.40862 -774.9701
v 137.9772 78.22482 -757.9089
v 128.3991 86.40855 -770.7047
v 134.9441 78.22495 -758.7936
v 134.5008 85.58199 -780.6216
v 134.1676 81.43372 -773.6762
v 125.5921 90.55679 -778.0032
v 134.8178 89.5284 -787.2291
v 134.1676 81.43372 -773.6762
v 128.3991 86.40855 -770.7047
v 137.9772 78.22482 -757.9089
v 128.3991 86.40855 -770.7047
v 142.1434 82.93884 -834.4675
v 122.9443 88.86322 -829.2487
v 127.4739 82.93892 -836.3946
v 142.1434 82.93884 -834.4675
v 142.7103 69.37741 -840.4187
v 126.0273 69.56406 -840.2847
v 142.1435 57.40645 -849.7703
v 134.0669 57.40641 -851.0458
v 147.3862 57.40646 -843.6777
v 152.0621 69.37739 -833.9008
v 156.5549 82.93885 -826.6591
v 137.9772 78.22482 -757.9089
v 147.8347 86.40862 -774.9701
v 139.6202 78.22492 -760.6894
v 110.3636 96.33363 -808.9181
v 97.61344 91.35883 -818.7791
v 116.031 96.33355 -811.2432
v 101.2565 91.35888 -824.2383
v 133.106 96.33363 -817.4194
v 111.836 91.35886 -837.5337
v 139.7443 90.69369 -828.9739
v 119.4772 85.71891 -846.918
v 141.4555 84.76925 -841.0766
v 124.3064 84.76927 -849.2694
v 98.14893 96.33358 -848.1758
v 105.1829 90.69364 -858.8837
v 124.3064 84.76927 -849.2694
v 96.12238 96.33363 -830.498
v 90.45497 96.33367 -824.0313
v 87.91181 96.33363 -816.7654
v 94.37856 91.35895 -813.9316
v 124.3064 84.76927 -849.2694
v 112.6461 84.76925 -862.8692
v 124.3064 84.76927 -849.2694
v 112.6461 84.76925 -862.8692
v 123.352 71.20776 -854.28
v 113.3046 71.39452 -866.9667
v 122.2633 59.2369 -857.1389
v 116.1206 59.23686 -863.513
v 137.1128 59.23691 -851.4133
v 140.6109 71.20781 -846.9229
v 124.3064 84.76927 -849.2694
v 141.4555 84.76925 -841.0766
v 94.37856 91.35895 -813.9316
v 87.55888 83.26426 -804.9979
v 87.91181 96.33363 -816.7654
v 94.37856 91.35895 -813.9316
v 105.9314 96.33367 -806.8836
v 87.55888 83.26426 -804.9979
v 94.37856 91.35895 -813.9316
v 87.55888 83.26426 -804.9979
v 95.10515 88.23885 -800.8529
v 84.35162 80.05538 -795.6941
v 87.33061 80.05539 -794.7496
v 87.91181 96.33363 -816.7654
v 87.55888 83.26426 -804.9979
v 84.43472 88.2389 -805.3176
v 84.35162 80.05538 -795.6941
v 84.43472 88.2389 -805.3176
v 84.35162 80.05538 -795.6941
v 81.95379 80.05537 -799.327
v 78.98266 110.8974 -880.7793
v 86.72501 105.9227 -903.1229
v 86.39173 111.6799 -872.7957
v 98.61429 106.7052 -897.2715
v 98.38483 108.9859 -872.4531
v 107.2401 104.0111 -891.8854
v 111.0527 103.3459 -870.608
v 114.4964 98.37117 -883.399
v 117.526 91.09192 -870.7479
v 120.092 88.8481 -877.8675
v 125.4425 103.3459 -900.3716
v 126.9195 91.09185 -889.6414
v 116.5873 108.9859 -910.5796
v 105.7475 111.6798 -914.7362
v 91.67983 110.8976 -918.1169
v 81.78111 108.9859 -918.6973
v 77.59959 104.0111 -906.6442
v 71.58105 108.9858 -880.9597
v 118.5551 78.5191 -871.9609
v 120.3999 78.51904 -874.421
v 123.8437 78.51908 -881.9231
v 71.24728 101.3053 -908.8511
v 67.72887 106.2801 -886.2928
v 64.91882 98.60969 -911.0499
v 60.20771 103.5845 -887.0977
v 48.63879 88.81874 -912.1014
v 47.95901 88.81872 -907.5052
v 74.50101 106.2801 -917.7894
v 67.24831 103.5845 -916.885
v 67.24831 103.5845 -916.885
v 67.24831 103.5845 -916.885
v 50.60342 88.81874 -915.315
v 91.38531 111.2661 -825.5842
v 79.16534 106.2913 -847.0897
v 97.55631 111.6799 -824.5677
v 85.34071 106.7052 -850.7836
v 68.92016 111.2661 -860.3137
v 76.9819 111.6799 -867.8382
v 68.15221 111.1152 -856.5515
v 75.29047 106.0316 -844.7721
v 84.56641 111.0064 -826.8749
v 65.74757 104.0111 -838.4918
v 58.43847 108.9859 -848.7247
v 54.87368 98.60963 -830.6196
v 74.63467 108.9858 -824.7048
v 54.87368 98.60963 -830.6196
v 62.96846 110.8975 -855.4199
v 90.465 105.1578 -852.7545
v 82.50996 110.1325 -868.4523
v 94.26215 104.011 -854.2151
v 108.6741 108.9859 -822.3715
v 121.0273 103.3458 -830.8814
v 105.9341 98.37119 -855.4257
v 121.3018 91.09181 -840.764
v 113.6732 88.84805 -856.8447
v 103.9421 110.1325 -823.3063
v 98.28948 103.346 -874.1192
v 107.9317 91.0919 -869.185
v 85.12048 108.9859 -872.2144
v 117.6349 78.51906 -852.2021
v 116.6751 78.51906 -855.1234
v 112.4973 78.51906 -862.243
v 54.87368 98.60963 -830.6196
v 62.00991 103.5845 -819.3135
v 54.87368 98.60963 -830.6196
v 51.12125 94.9443 -825.8363
v 57.2416 98.86957 -819.2542
v 56.3504 97.24383 -818.1512
v 44.85006 88.8187 -817.8422
v 48.83049 88.81879 -816.6068
v 48.78403 98.05672 -829.689
v 58.43847 108.9859 -848.7247
v 54.87368 98.60963 -830.6196
v 51.71286 103.5844 -834.7247
v 48.78403 98.05672 -829.689
v 44.85006 88.8187 -817.8422
v 43.85381 88.81874 -821.7944
v 54.87368 98.60963 -830.6196
v 48.78403 98.05672 -829.689
v 51.71286 103.5844 -834.7247
v 127.3466 117.8492 -826.6078
v 114.592 111.5744 -824.8589
v 134.2302 117.8492 -836.0201
v 114.592 111.5744 -824.8589
v 115.3343 111.5745 -837.4166
v 142.7996 117.8492 -851.7539
v 117.6691 112.8745 -856.4045
v 146.1711 112.2092 -862.7115
v 119.6926 107.2346 -868.3359
v 141.695 106.2848 -874.0858
v 122.7355 106.2849 -872.7622
v 100.5148 117.8492 -858.9186
v 101.3575 112.2093 -871.7022
v 122.7355 106.2849 -872.7622
v 103.3611 116.549 -839.0123
v 107.997 116.5491 -823.6998
v 114.592 111.5744 -824.8589
v 122.7355 106.2849 -872.7622
v 105.8871 106.2849 -878.8484
v 114.592 111.5744 -824.8589
v 112.5809 104.7798 -816.1297
v 112.5809 104.7798 -816.1297
v 109.7051 109.7546 -814.868
v 113.639 101.571 -803.0042
v 114.592 111.5744 -824.8589
v 112.5809 104.7798 -816.1297
v 112.5809 104.7798 -816.1297
v 127.3466 117.8492 -826.6078
v 120.5184 109.7546 -816.2625
v 113.639 101.571 -803.0042
v 113.639 101.571 -803.0042
v 120.5184 109.7546 -816.2625
v 116.9536 101.5709 -805.1305
v 109.7051 109.7546 -814.868
v 113.639 101.571 -803.0042
v 111.7532 101.571 -803.7094
v 122.7355 106.2849 -872.7622
v 105.8871 106.2849 -878.8484
v 119.4355 92.72342 -876.6514
v 104.4404 92.91006 -882.7384
v 117.0792 80.75246 -878.6025
v 132.8218 80.75246 -880.9392
v 138.0786 92.7234 -878.7562
v 122.7355 106.2849 -872.7622
v 141.695 106.2848 -874.0858
v 117.0792 80.75246 -878.6025
v 104.4404 92.91006 -882.7384
v 108.593 80.75252 -881.121
v 162.1466 117.943 -931.5336
v 175.7799 112.7784 -910.2118
v 151.4228 117.9429 -929.2783
v 172.1125 112.7784 -908.6368
v 140.6009 117.943 -921.1068
v 156.3599 112.7784 -901.2643
v 129.0428 112.3031 -907.2665
v 142.5214 107.1385 -892.317
v 120.8749 98.06422 -895.5314
v 131.7965 95.36359 -884.6117
v 165.0013 112.303 -876.3484
v 145.1201 98.0642 -873.6403
v 168.5759 117.9429 -880.3223
v 183.4467 117.9429 -886.5796
v 184.5509 117.9429 -890.4815
v 114.6938 79.09473 -888.5913
v 123.9408 79.09476 -881.2144
v 131.8021 79.09478 -874.9431
v 189.8514 117.943 -893.7944
v 180.8538 112.7785 -912.3908
v 169.2449 117.943 -931.6514
v 196.1091 117.943 -899.831
v 187.1485 112.7784 -915.0943
v 196.5833 104.6838 -920.253
v 178.0511 117.943 -931.7975
v 188.8946 109.8483 -931.2667
v 212.5258 101.6648 -927.4381
v 209.213 101.6647 -929.1312
v 205.1641 109.8483 -909.1069
v 212.7467 101.6647 -924.1989
v 469.481 116.5406 -939.0468
v 463.2962 102.7626 -924.3925
v 470.6916 115.2485 -940.7325
v 469.481 116.5406 -939.0468
v 470.6916 115.2485 -940.7325
v 473.9765 118.3699 -943.2508
v 368.1721 77.48865 -925.6783
v 371.9177 79.37353 -921.5162
vt 0.159301 0.017567
vt 0.174498 0.018588
vt 0.105997 0.0441
vt 0.133665 0.019558
vt 0.113651 0.024983
vt 0.092966 0.034219
vt 0.083076 0.040573
vt 0.072518 0.05228
vt 0.062091 0.068518
vt 0.057564 0.08671
vt 0.057445 0.09552
vt 0.059367 0.096929
vt 0.072194 0.099507
vt 0.089529 0.098253
vt 0.109958 0.092756
vt 0.131036 0.083314
vt 0.149891 0.071087
vt 0.163809 0.058074
vt 0.150048 0.011277
vt 0.180933 0.008845
vt 0.204937 0.010382
vt 0.037402 0.086713
vt 0.050625 0.066216
vt 0.067808 0.047202
vt 0.090373 0.032708
vt 0.120324 0.019338
vt 0.218761 0.019348
vt 0.265383 0.025577
vt 0.273411 0.045681
vt 0.292854 0.060661
vt 0.275443 0.089279
vt 0.256893 0.072126
vt 0.256747 0.119169
vt 0.23896 0.100583
vt 0.227465 0.147239
vt 0.211605 0.126643
vt 0.189531 0.172233
vt 0.176171 0.149899
vt 0.146899 0.191442
vt 0.136392 0.167798
vt 0.104112 0.202817
vt 0.096546 0.178422
vt 0.065673 0.205242
vt 0.060838 0.180753
vt 0.035455 0.198627
vt 0.032832 0.174732
vt 0.017111 0.18446
vt 0.016304 0.162085
vt 0.041918 0.131076
vt 0.031733 0.123451
vt 0.031928 0.114107
vt 0.016627 0.149164
vt 0.016848 0.140355
vt 0.03206 0.107725
vt 0.023121 0.115853
vt 0.057516 0.090289
vt 0.062864 0.135419
vt 0.089932 0.133544
vt 0.120559 0.125335
vt 0.151417 0.111486
vt 0.178967 0.093527
vt 0.200055 0.073657
vt 0.215811 0.049061
vt 0.224299 0.032709
vt 0.183424 0.027964
vt 0.180925 0.022718
vt 0.177917 0.036586
vt 0.2841 0.038393
vt 0.311331 0.080502
vt 0.293428 0.110737
vt 0.274449 0.141322
vt 0.303182 0.187274
vt 0.272015 0.217743
vt 0.243887 0.170818
vt 0.231576 0.24472
vt 0.204301 0.197012
vt 0.186003 0.26535
vt 0.159766 0.217111
vt 0.140059 0.277449
vt 0.114972 0.228981
vt 0.098542 0.279791
vt 0.074613 0.231433
vt 0.0657 0.272232
vt 0.042793 0.224338
vt 0.044737 0.255701
vt 0.022904 0.208848
vt 0.245305 0.012782
vt 0.057516 0.090289
vt 0.057564 0.08671
vt 0.057445 0.09552
vt 0.02029 0.268107
vt 0.044083 0.286919
vt 0.04846 0.310766
vt 0.07225 0.329739
vt 0.084459 0.298477
vt 0.108015 0.342244
vt 0.13182 0.296476
vt 0.157208 0.33974
vt 0.186759 0.282033
vt 0.211645 0.325511
vt 0.241254 0.257344
vt 0.265573 0.301011
vt 0.289542 0.225055
vt 0.313292 0.268868
vt 0.326641 0.188635
vt 0.34988 0.232531
vt 0.347766 0.151993
vt 0.371778 0.195808
vt 0.357591 0.118718
vt 0.384523 0.162323
vt 0.345952 0.089194
vt 0.372795 0.131629
vt 0.084459 0.298477
vt 0.044083 0.286919
vt 0.098542 0.279791
vt 0.140059 0.277449
vt 0.13182 0.296476
vt 0.186003 0.26535
vt 0.186759 0.282033
vt 0.231576 0.24472
vt 0.241254 0.257344
vt 0.272015 0.217743
vt 0.289542 0.225055
vt 0.303182 0.187274
vt 0.326641 0.188635
vt 0.322039 0.156473
vt 0.0657 0.272232
vt 0.02029 0.268107
vt 0.044737 0.255701
vt 0.347766 0.151993
vt 0.333213 0.128366
vt 0.357591 0.118718
vt 0.330047 0.099046
vt 0.345952 0.089194
vt 0.299361 0.087153
vt 0.320837 0.07235
vt 0.262629 0.084434
vt 0.277619 0.066588
vt 0.018137 0.250262
vt 0.044993 0.240105
vt 0.026346 0.231625
vt 0.045168 0.229483
vt 0.034588 0.206876
vt 0.051777 0.202268
vt 0.322039 0.156473
vt 0.333213 0.128366
vt 0.302016 0.056395
vt 0.330047 0.099046
vt 0.262629 0.084434
vt 0.299361 0.087153
vt 0.236467 0.04263
vt 0.278578 0.041572
vt 0.330047 0.099046
vt 0.302016 0.056395
vt 0.22194 0.025764
vt 0.262139 0.024469
vt 0.207856 0.01422
vt 0.245305 0.012782
vt 0.180933 0.008845
vt 0.2841 0.038393
vt 0.265383 0.025577
vt 0.045168 0.229483
vt 0.051777 0.202268
vt 0.023478 0.183729
vt 0.030172 0.157102
vt 0.023245 0.193907
vt 0.044993 0.240105
vt 0.017694 0.160813
vt 0.024277 0.134943
vt 0.016848 0.140355
vt 0.023121 0.115853
vt 0.016627 0.149164
vt 0.017458 0.170397
vt 0.044737 0.255701
vt 0.022904 0.208848
vt 0.017111 0.18446
vt 0.016304 0.162085
vt 0.075102 0.08848
vt 0.071563 0.100392
vt 0.073079 0.085242
vt 0.089245 0.095089
vt 0.091072 0.112106
vt 0.080421 0.111613
vt 0.100897 0.116184
vt 0.102942 0.098897
vt 0.116994 0.124593
vt 0.1226 0.110644
vt 0.14065 0.130712
vt 0.140418 0.143935
vt 0.067614 0.091201
vt 0.069503 0.077181
vt 0.065784 0.085332
vt 0.067428 0.071351
vt 0.063849 0.080508
vt 0.066466 0.065586
vt 0.063852 0.071747
vt 0.066229 0.057412
vt 0.064834 0.051737
vt 0.062092 0.068519
vt 0.147855 0.138665
vt 0.148184 0.161743
vt 0.164907 0.156094
vt 0.15738 0.186666
vt 0.167837 0.184034
vt 0.157676 0.220917
vt 0.058892 0.061399
vt 0.064466 0.046971
vt 0.063531 0.044438
vt 0.169578 0.134501
vt 0.15573 0.116746
vt 0.1822 0.093886
vt 0.172053 0.088192
vt 0.183673 0.066615
vt 0.193497 0.062348
vt 0.195804 0.042475
vt 0.202779 0.036003
vt 0.149743 0.131436
vt 0.059224 0.057695
vt 0.06622 0.042463
vt 0.173298 0.241243
vt 0.147689 0.245212
vt 0.157676 0.220917
vt 0.153319 0.261683
vt 0.138866 0.270485
vt 0.131892 0.262345
vt 0.108154 0.279907
vt 0.122089 0.27814
vt 0.100828 0.290121
vt 0.10915 0.288298
vt 0.097229 0.297998
vt 0.104407 0.299602
vt 0.169916 0.214158
vt 0.173298 0.241243
vt 0.157676 0.220917
vt 0.178934 0.25426
vt 0.153319 0.261683
vt 0.173298 0.241243
vt 0.185276 0.235384
vt 0.201894 0.248739
vt 0.151958 0.271623
vt 0.140059 0.27745
vt 0.138866 0.270485
vt 0.122089 0.27814
vt 0.214737 0.244595
vt 0.214682 0.252367
vt 0.231759 0.237303
vt 0.231576 0.24472
vt 0.253121 0.226881
vt 0.126834 0.287402
vt 0.122089 0.27814
vt 0.140059 0.27745
vt 0.10915 0.288298
vt 0.117504 0.297082
vt 0.104407 0.299602
vt 0.149035 0.340741
vt 0.128367 0.351092
vt 0.201894 0.248739
vt 0.185276 0.235384
vt 0.208471 0.235904
vt 0.214737 0.244595
vt 0.225708 0.22949
vt 0.231759 0.237303
vt 0.246387 0.222219
vt 0.253121 0.226881
vt 0.173359 0.214755
vt 0.194284 0.228607
vt 0.185234 0.205701
vt 0.167837 0.184034
vt 0.177879 0.17744
vt 0.164907 0.156094
vt 0.176171 0.149899
vt 0.169578 0.134501
vt 0.1822 0.093886
vt 0.187549 0.106314
vt 0.193497 0.062348
vt 0.204681 0.076859
vt 0.215811 0.049062
vt 0.208471 0.235904
vt 0.185276 0.235384
vt 0.215811 0.049062
vt 0.202779 0.036003
vt 0.147855 0.138665
vt 0.149743 0.131436
vt 0.14065 0.130712
vt 0.134438 0.115476
vt 0.1226 0.110644
vt 0.102942 0.098897
vt 0.110076 0.101646
vt 0.104407 0.299602
vt 0.128367 0.351092
vt 0.097229 0.297998
vt 0.114099 0.341935
vt 0.261903 0.230443
vt 0.249256 0.242559
vt 0.253121 0.226881
vt 0.257621 0.24798
vt 0.271697 0.241177
vt 0.299357 0.281558
vt 0.277839 0.28065
vt 0.253121 0.226881
vt 0.231576 0.24472
vt 0.272015 0.217743
vt 0.261903 0.230443
vt 0.253121 0.226881
vt 0.265943 0.217706
vt 0.246387 0.222219
vt 0.278291 0.233135
vt 0.299357 0.281558
vt 0.271697 0.241177
vt 0.298276 0.266922
vt 0.303378 0.275548
vt 0.278291 0.233135
vt 0.271697 0.241177
vt 0.271744 0.225704
vt 0.271744 0.225704
vt 0.271697 0.241177
vt 0.261903 0.230443
vt 0.272015 0.217743
vt 0.216775 0.05643
vt 0.204681 0.076859
vt 0.215811 0.049062
vt 0.234362 0.073019
vt 0.204615 0.030036
vt 0.215811 0.049062
vt 0.202779 0.036003
vt 0.215407 0.033501
vt 0.215811 0.049062
vt 0.204615 0.030036
vt 0.24618 0.055652
vt 0.234362 0.073019
vt 0.215811 0.049062
vt 0.246042 0.089346
vt 0.260188 0.07361
vt 0.261045 0.112299
vt 0.27638 0.096422
vt 0.275952 0.1389
vt 0.291512 0.122269
vt 0.288792 0.171557
vt 0.307197 0.150822
vt 0.304806 0.194316
vt 0.315411 0.16134
vt 0.315411 0.16134
vt 0.329287 0.184545
vt 0.304806 0.194316
vt 0.346612 0.163053
vt 0.329287 0.184545
vt 0.315411 0.16134
vt 0.338074 0.19973
vt 0.329287 0.184545
vt 0.358751 0.177389
vt 0.370058 0.206799
vt 0.351213 0.223009
vt 0.363812 0.240453
vt 0.38072 0.221766
vt 0.372504 0.252489
vt 0.383922 0.233641
vt 0.387257 0.259992
vt 0.38917 0.243972
vt 0.396948 0.264922
vt 0.400496 0.251019
vt 0.384822 0.285328
vt 0.39199 0.289295
vt 0.379958 0.297998
vt 0.387184 0.303447
vt 0.37957 0.314981
vt 0.390117 0.318761
vt 0.373927 0.279296
vt 0.368682 0.292485
vt 0.366599 0.307395
vt 0.412595 0.252562
vt 0.414576 0.276917
vt 0.426747 0.260545
vt 0.421136 0.288473
vt 0.434405 0.274236
vt 0.19575 0.027189
vt 0.195804 0.042475
vt 0.176906 0.023625
vt 0.177917 0.036586
vt 0.19575 0.027189
vt 0.202779 0.036003
vt 0.195804 0.042475
vt 0.204615 0.030036
vt 0.202779 0.036003
vt 0.19575 0.027189
vt 0.157676 0.220917
vt 0.167837 0.184034
vt 0.169916 0.214158
vt 0.167837 0.184034
vt 0.173359 0.214755
vt 0.169916 0.214158
vt 0.173298 0.241243
vt 0.058892 0.061399
vt 0.06622 0.042463
vt 0.063531 0.044438
vt 0.128367 0.351092
vt 0.149035 0.340741
vt 0.138729 0.353589
vt 0.158552 0.340972
vt 0.150719 0.350941
vt 0.150719 0.350941
vt 0.158552 0.340972
vt 0.169697 0.348956
vt 0.150719 0.350941
vt 0.169697 0.348956
vt 0.154083 0.367623
vt 0.167282 0.363918
vt 0.152193 0.40305
vt 0.144893 0.397002
vt 0.154083 0.367623
vt 0.152193 0.40305
vt 0.145123 0.359803
vt 0.150719 0.350941
vt 0.152193 0.40305
vt 0.157172 0.420857
vt 0.165841 0.426583
vt 0.133259 0.341058
vt 0.150719 0.350941
vt 0.152193 0.40305
vt 0.167073 0.397649
vt 0.165841 0.426583
vt 0.167282 0.363918
vt 0.179273 0.421587
vt 0.185276 0.235384
vt 0.173298 0.241243
vt 0.173359 0.214755
vt 0.110076 0.101646
vt 0.089245 0.095089
vt 0.093414 0.095073
vt 0.075102 0.08848
vt 0.075102 0.08848
vt 0.073079 0.085242
vt 0.08607 0.095099
vt 0.081851 0.08734
vt 0.069503 0.077181
vt 0.080251 0.079425
vt 0.067428 0.071351
vt 0.07704 0.074368
vt 0.066466 0.065586
vt 0.076132 0.068536
vt 0.066229 0.057412
vt 0.075208 0.061393
vt 0.074769 0.052145
vt 0.064834 0.051737
vt 0.064466 0.046971
vt 0.074709 0.04606
vt 0.063531 0.044438
vt 0.073511 0.043539
vt 0.06622 0.042463
vt 0.102942 0.098897
vt 0.089245 0.095089
vt 0.110076 0.101646
vt 0.093414 0.095073
vt 0.075102 0.08848
vt 0.08607 0.095099
vt 0.114099 0.341935
vt 0.128367 0.351092
vt 0.12118 0.34363
vt 0.138729 0.353589
vt 0.133259 0.341058
vt 0.150719 0.350941
vt 0.256953 0.289535
vt 0.264467 0.288101
vt 0.278447 0.327704
vt 0.285425 0.324365
vt 0.292785 0.268337
vt 0.314519 0.305072
vt 0.295977 0.262313
vt 0.241459 0.298068
vt 0.259676 0.327122
vt 0.290085 0.348374
vt 0.263526 0.349143
vt 0.319634 0.400851
vt 0.238467 0.29928
vt 0.255071 0.33027
vt 0.263526 0.349143
vt 0.227161 0.304794
vt 0.232039 0.336097
vt 0.204777 0.314556
vt 0.2043 0.33842
vt 0.185986 0.323318
vt 0.188809 0.342494
vt 0.172941 0.345988
vt 0.188154 0.350023
vt 0.173183 0.324893
vt 0.204668 0.346862
vt 0.188154 0.350023
vt 0.207539 0.359759
vt 0.229181 0.35891
vt 0.210706 0.369915
vt 0.197116 0.362198
vt 0.189639 0.373324
vt 0.207051 0.379744
vt 0.177341 0.395042
vt 0.196053 0.404383
vt 0.194754 0.418498
vt 0.233983 0.419446
vt 0.229766 0.403414
vt 0.272304 0.409324
vt 0.176932 0.409607
vt 0.198369 0.428682
vt 0.248433 0.435946
vt 0.183053 0.420718
vt 0.229986 0.37967
vt 0.279653 0.386016
vt 0.272781 0.397499
vt 0.301285 0.405832
vt 0.289242 0.411971
vt 0.286497 0.422841
vt 0.303041 0.418003
vt 0.272304 0.409324
vt 0.320724 0.411718
vt 0.319634 0.400851
vt 0.330976 0.403181
vt 0.329902 0.413881
vt 0.320447 0.41959
vt 0.328855 0.422734
vt 0.305294 0.423149
vt 0.287892 0.428085
vt 0.364426 0.392784
vt 0.36685 0.399911
vt 0.3703 0.37535
vt 0.370636 0.382982
vt 0.366589 0.368744
vt 0.361734 0.384869
vt 0.361734 0.384869
vt 0.330976 0.403181
vt 0.380887 0.377854
vt 0.38063 0.3689
vt 0.366589 0.368744
vt 0.389917 0.366742
vt 0.389744 0.356126
vt 0.374561 0.358513
vt 0.366589 0.368744
vt 0.410231 0.345386
vt 0.408707 0.332234
vt 0.387741 0.348625
vt 0.417453 0.328418
vt 0.417393 0.314309
vt 0.401047 0.322626
vt 0.387741 0.348625
vt 0.410962 0.302202
vt 0.39128 0.282843
vt 0.380002 0.300772
vt 0.387741 0.348625
vt 0.374546 0.272479
vt 0.363031 0.290572
vt 0.363925 0.324616
vt 0.387741 0.348625
vt 0.341905 0.299289
vt 0.355663 0.33717
vt 0.374561 0.358513
vt 0.366589 0.368744
vt 0.346841 0.342754
vt 0.33006 0.317405
vt 0.374732 0.247572
vt 0.392972 0.258232
vt 0.414651 0.27577
vt 0.422495 0.293959
vt 0.424447 0.306806
vt 0.325725 0.291747
vt 0.317677 0.297101
vt 0.292174 0.257467
vt 0.300295 0.252951
vt 0.330945 0.286997
vt 0.342851 0.290712
vt 0.308176 0.250223
vt 0.342851 0.290712
vt 0.35892 0.285669
vt 0.368607 0.268844
vt 0.367079 0.248084
vt 0.345344 0.265824
vt 0.332234 0.276155
vt 0.357018 0.252583
vt 0.343517 0.224732
vt 0.329813 0.233054
vt 0.332234 0.276155
vt 0.313957 0.241931
vt 0.313957 0.241931
vt 0.330945 0.286997
vt 0.347572 0.214288
vt 0.357018 0.252583
vt 0.364813 0.244159
vt 0.347572 0.214288
vt 0.295977 0.262313
vt 0.319843 0.301156
vt 0.326282 0.324952
vt 0.29677 0.343994
vt 0.330976 0.403181
vt 0.361734 0.384869
vt 0.319634 0.400851
vt 0.319634 0.400851
vt 0.331442 0.321257
vt 0.361734 0.384869
vt 0.319843 0.301156
vt 0.263526 0.349143
vt 0.319634 0.400851
vt 0.284686 0.377232
vt 0.284686 0.377232
vt 0.319634 0.400851
vt 0.254528 0.366516
vt 0.263526 0.349143
vt 0.246556 0.35945
vt 0.255506 0.343091
vt 0.263526 0.349143
vt 0.227871 0.369481
vt 0.232623 0.342689
vt 0.272304 0.409324
vt 0.248433 0.435946
vt 0.272304 0.409324
vt 0.27639 0.420631
vt 0.164117 0.383616
vt 0.175418 0.355566
vt 0.164577 0.398632
vt 0.173146 0.410678
vt 0.172941 0.345988
vt 0.164117 0.383616
vt 0.188154 0.350023
vt 0.164117 0.383616
vt 0.164577 0.398632
vt 0.158651 0.36416
vt 0.157446 0.380463
vt 0.361734 0.384869
vt 0.331442 0.321257
vt 0.366589 0.368744
vt 0.389744 0.356126
vt 0.374561 0.358513
vt 0.387741 0.348625
vt 0.387741 0.348625
vt 0.374561 0.358513
vt 0.33006 0.317405
vt 0.331442 0.321257
vt 0.317677 0.297101
vt 0.346841 0.342754
vt 0.319843 0.301156
vt 0.295977 0.262313
vt 0.332234 0.276155
vt 0.330945 0.286997
vt 0.313957 0.241931
vt 0.342851 0.290712
vt 0.330945 0.286997
vt 0.332234 0.276155
vt 0.367079 0.248084
vt 0.368607 0.268844
vt 0.364813 0.244159
vt 0.364813 0.244159
vt 0.368607 0.268844
vt 0.357018 0.252583
vt 0.272304 0.409324
vt 0.27639 0.420631
vt 0.164577 0.398632
vt 0.173146 0.410678
vt 0.157446 0.380463
vt 0.165843 0.393113
vt 0.156818 0.359126
vt 0.16523 0.371965
vt 0.164117 0.383616
vt 0.158651 0.36416
vt 0.158651 0.36416
vt 0.157446 0.380463
vt 0.166149 0.361319
vt 0.173183 0.324893
vt 0.166149 0.361319
vt 0.157446 0.380463
vt 0.156818 0.359126
vt 0.346841 0.342754
vt 0.366589 0.368744
vt 0.331442 0.321257
vt 0.317677 0.297101
vt 0.295977 0.262313
vt 0.292174 0.257467
vt 0.346328 0.399173
vt 0.369487 0.379466
vt 0.355838 0.420779
vt 0.378994 0.401221
vt 0.331741 0.432996
vt 0.405714 0.372717
vt 0.389525 0.355168
vt 0.436487 0.321525
vt 0.324749 0.412224
vt 0.331741 0.432996
vt 0.436487 0.321525
vt 0.420542 0.31304
vt 0.442191 0.302196
vt 0.410145 0.287235
vt 0.437378 0.278072
vt 0.404378 0.268522
vt 0.355838 0.420779
vt 0.378994 0.401221
vt 0.359057 0.427952
vt 0.381905 0.408634
vt 0.331741 0.432996
vt 0.373773 0.460676
vt 0.352273 0.472201
vt 0.337095 0.439681
vt 0.331741 0.432996
vt 0.396134 0.441692
vt 0.362505 0.48962
vt 0.383936 0.478107
vt 0.406221 0.459144
vt 0.370298 0.509091
vt 0.391425 0.497715
vt 0.413388 0.478983
vt 0.306105 0.451112
vt 0.300333 0.444569
vt 0.331741 0.432996
vt 0.321934 0.483442
vt 0.33226 0.500854
vt 0.340483 0.520193
vt 0.255527 0.452595
vt 0.261894 0.459041
vt 0.278648 0.491258
vt 0.289105 0.508676
vt 0.289105 0.508676
vt 0.29794 0.527935
vt 0.214404 0.454455
vt 0.227329 0.458325
vt 0.232117 0.488896
vt 0.179889 0.440642
vt 0.165604 0.430058
vt 0.180899 0.466954
vt 0.233314 0.507033
vt 0.324749 0.412224
vt 0.331741 0.432996
vt 0.286367 0.413733
vt 0.300333 0.444569
vt 0.243625 0.425012
vt 0.255527 0.452595
vt 0.217056 0.424679
vt 0.214404 0.454455
vt 0.173108 0.408612
vt 0.165604 0.430058
vt 0.232117 0.488896
vt 0.289105 0.508676
vt 0.233314 0.507033
vt 0.289105 0.508676
vt 0.29794 0.527935
vt 0.233314 0.507033
vt 0.233314 0.507033
vt 0.29794 0.527935
vt 0.243005 0.525077
vt 0.180899 0.466954
vt 0.233314 0.507033
vt 0.171819 0.485275
vt 0.233314 0.507033
vt 0.243005 0.525077
vt 0.171819 0.485275
vt 0.171819 0.485275
vt 0.243005 0.525077
vt 0.176578 0.507742
vt 0.214404 0.454455
vt 0.227329 0.458325
vt 0.165604 0.430058
vt 0.402747 0.386065
vt 0.405714 0.372717
vt 0.416573 0.42218
vt 0.437349 0.341501
vt 0.439123 0.386618
vt 0.441828 0.357087
vt 0.441557 0.321828
vt 0.436487 0.321525
vt 0.442191 0.302196
vt 0.448547 0.309816
vt 0.431709 0.435324
vt 0.416573 0.42218
vt 0.437843 0.458377
vt 0.468238 0.397345
vt 0.472848 0.423456
vt 0.468238 0.397345
vt 0.481682 0.397552
vt 0.47977 0.371658
vt 0.448547 0.309816
vt 0.435394 0.297425
vt 0.405714 0.372717
vt 0.436487 0.321525
vt 0.468238 0.397345
vt 0.416573 0.42218
vt 0.439123 0.386618
vt 0.47977 0.371658
vt 0.441828 0.357087
vt 0.462936 0.313666
vt 0.448547 0.309816
vt 0.47977 0.371658
vt 0.480532 0.32809
vt 0.441557 0.321828
vt 0.442191 0.302196
vt 0.435394 0.297425
vt 0.437378 0.278072
vt 0.481682 0.397552
vt 0.47977 0.371658
vt 0.477073 0.369172
vt 0.47977 0.371658
vt 0.480532 0.32809
vt 0.078291 0.337994
vt 0.160412 0.293672
vt 0.078069 0.360479
vt 0.157376 0.313768
vt 0.08093 0.376488
vt 0.1609 0.332885
vt 0.089507 0.399061
vt 0.155682 0.360483
vt 0.096243 0.415646
vt 0.163753 0.37626
vt 0.112369 0.435465
vt 0.176232 0.399131
vt 0.128098 0.453388
vt 0.179622 0.418654
vt 0.14307 0.46525
vt 0.180745 0.436055
vt 0.165851 0.473944
vt 0.192166 0.449935
vt 0.03739 0.406613
vt 0.038006 0.382506
vt 0.051224 0.445413
vt 0.044102 0.427228
vt 0.109334 0.493702
vt 0.089441 0.482613
vt 0.140116 0.489775
vt 0.050906 0.355735
vt 0.067717 0.46375
vt 0.140116 0.489775
vt 0.165851 0.473944
vt 0.109216 0.474235
vt 0.07637 0.483621
vt 0.109334 0.493702
vt 0.136123 0.460227
vt 0.192166 0.449935
vt 0.159493 0.43427
vt 0.078291 0.337994
vt 0.050906 0.355735
vt 0.043167 0.318729
vt 0.017338 0.339954
vt 0.090288 0.297306
vt 0.160412 0.293672
vt 0.038006 0.382506
vt 0.008356 0.364727
vt 0.03739 0.406613
vt 0.005801 0.389922
vt 0.044102 0.427228
vt 0.007628 0.412352
vt 0.051224 0.445413
vt 0.017182 0.431889
vt 0.067717 0.46375
vt 0.032497 0.448243
vt 0.089441 0.482613
vt 0.051234 0.471264
vt 0.109334 0.493702
vt 0.07637 0.483621
vt 0.332971 0.206842
vt 0.320353 0.195054
vt 0.386832 0.180741
vt 0.364005 0.166027
vt 0.398636 0.191498
vt 0.341265 0.223565
vt 0.41268 0.210576
vt 0.351312 0.241571
vt 0.422765 0.224953
vt 0.359185 0.25567
vt 0.430188 0.24916
vt 0.3789 0.274399
vt 0.436427 0.271969
vt 0.387786 0.292326
vt 0.437784 0.291165
vt 0.391284 0.309382
vt 0.428663 0.157308
vt 0.397011 0.154665
vt 0.44931 0.169109
vt 0.462569 0.185564
vt 0.473872 0.200937
vt 0.480402 0.225108
vt 0.486519 0.251538
vt 0.481438 0.275918
vt 0.435112 0.303226
vt 0.474672 0.289123
vt 0.432419 0.31538
vt 0.393938 0.317894
vt 0.39661 0.326467
vt 0.462617 0.300768
vt 0.389674 0.124179
vt 0.428663 0.157308
vt 0.397011 0.154665
vt 0.361854 0.133961
vt 0.364005 0.166027
vt 0.418658 0.128545
vt 0.44931 0.169109
vt 0.438674 0.139978
vt 0.462569 0.185564
vt 0.451201 0.151952
vt 0.473872 0.200937
vt 0.463728 0.167171
vt 0.31851 0.162732
vt 0.320353 0.195054
vt 0.478084 0.19374
vt 0.480402 0.225108
vt 0.486519 0.251538
vt 0.484819 0.225089
vt 0.484202 0.246457
vt 0.481438 0.275918
vt 0.459443 0.270325
vt 0.432419 0.31538
vt 0.462617 0.300768
vt 0.430275 0.286716
vt 0.474462 0.259175
vt 0.474672 0.289123
vt 0.39661 0.326467
vt 0.394394 0.294207
vt 0.484202 0.246457
vt 0.481438 0.275918
vt 0.484819 0.225089
vt 0.486519 0.251538
vt 0.463728 0.167171
vt 0.480402 0.225108
vt 0.473872 0.200937
vt 0.457297 0.337826
vt 0.458034 0.334296
vt 0.479915 0.348838
vt 0.480787 0.344848
vt 0.460975 0.328649
vt 0.484137 0.338443
vt 0.464391 0.324206
vt 0.487994 0.333392
vt 0.51708 0.356455
vt 0.517556 0.350139
vt 0.519243 0.343687
vt 0.521873 0.339508
vt 0.540303 0.343111
vt 0.540709 0.350054
vt 0.540303 0.343111
vt 0.559193 0.346498
vt 0.542151 0.355333
vt 0.561576 0.349643
vt 0.559193 0.346498
vt 0.613063 0.321779
vt 0.4408 0.30545
vt 0.521873 0.339508
vt 0.541756 0.338215
vt 0.557597 0.341065
vt 0.557597 0.341065
vt 0.556702 0.336215
vt 0.607368 0.315821
vt 0.540303 0.343111
vt 0.557597 0.341065
vt 0.610547 0.320276
vt 0.607368 0.315821
vt 0.604887 0.309568
vt 0.641736 0.28679
vt 0.638012 0.27986
vt 0.65544 0.278507
vt 0.650577 0.271323
vt 0.66801 0.276587
vt 0.665104 0.271747
vt 0.671211 0.280224
vt 0.663162 0.284737
vt 0.646577 0.29039
vt 0.607368 0.315821
vt 0.672831 0.28053
vt 0.665211 0.285544
vt 0.646577 0.29039
vt 0.610547 0.320276
vt 0.557597 0.341065
vt 0.610547 0.320276
vt 0.646577 0.29039
vt 0.613063 0.321779
vt 0.559193 0.346498
vt 0.610547 0.320276
vt 0.649439 0.292646
vt 0.646577 0.29039
vt 0.665211 0.285544
vt 0.437896 0.309196
vt 0.435417 0.31398
vt 0.434819 0.31699
vt 0.95288 0.952983
vt 0.930171 0.954453
vt 0.982229 0.834512
vt 0.964935 0.81326
vt 0.908589 0.955851
vt 0.941009 0.832798
vt 0.882463 0.957544
vt 0.846954 0.959843
vt 0.956108 0.764869
vt 0.827099 0.96113
vt 0.917548 0.81583
vt 0.913918 0.797038
vt 0.81297 0.962045
vt 0.886077 0.812275
vt 0.795698 0.963164
vt 0.791696 0.963423
vt 0.891838 0.785347
vt 0.891838 0.785347
vt 0.882477 0.772925
vt 0.787142 0.963718
vt 0.878823 0.74634
vt 0.73635 0.967007
vt 0.778262 0.751248
vt 0.956108 0.764869
vt 0.846954 0.959843
vt 0.917548 0.81583
vt 0.886077 0.812275
vt 0.795698 0.963164
vt 0.891838 0.785347
vt 0.941009 0.832798
vt 0.882463 0.957544
vt 0.956108 0.764869
vt 0.677544 0.13536
vt 0.653507 0.162468
vt 0.667887 0.120951
vt 0.640383 0.147948
vt 0.661317 0.11446
vt 0.633288 0.142261
vt 0.606424 0.188445
vt 0.627112 0.191817
vt 0.653507 0.162468
vt 0.592911 0.177695
vt 0.628205 0.138187
vt 0.657279 0.10826
vt 0.628205 0.138187
vt 0.657782 0.167197
vt 0.681253 0.146204
vt 0.67047 0.196758
vt 0.628205 0.138187
vt 0.645457 0.09564
vt 0.616059 0.126503
vt 0.638752 0.090742
vt 0.611267 0.123222
vt 0.633128 0.085251
vt 0.608218 0.121135
vt 0.593082 0.133691
vt 0.59471 0.138813
vt 0.600306 0.143097
vt 0.590854 0.153743
vt 0.584113 0.148792
vt 0.57405 0.172671
vt 0.592708 0.166286
vt 0.565275 0.166531
vt 0.580496 0.145418
vt 0.56478 0.160877
vt 0.628205 0.138187
vt 0.608218 0.121135
vt 0.625739 0.080386
vt 0.603801 0.118111
vt 0.588229 0.13303
vt 0.579513 0.127183
vt 0.567861 0.13546
vt 0.536542 0.142093
vt 0.578687 0.098636
vt 0.56082 0.086225
vt 0.52735 0.12662
vt 0.55177 0.077817
vt 0.572735 0.1409
vt 0.559041 0.155438
vt 0.547146 0.150174
vt 0.603801 0.118111
vt 0.61611 0.072741
vt 0.598255 0.114314
vt 0.592832 0.060525
vt 0.578687 0.098636
vt 0.568456 0.05387
vt 0.56082 0.086225
vt 0.559002 0.054742
vt 0.55177 0.077817
vt 0.55177 0.077817
vt 0.548376 0.058833
vt 0.535318 0.071956
vt 0.628205 0.138187
vt 0.592911 0.177695
vt 0.592708 0.166286
vt 0.578687 0.098636
vt 0.598255 0.114314
vt 0.603801 0.118111
vt 0.55177 0.077817
vt 0.52735 0.12662
vt 0.518025 0.111269
vt 0.55177 0.077817
vt 0.518025 0.111269
vt 0.535318 0.071956
vt 0.51216 0.081883
vt 0.593082 0.133691
vt 0.588229 0.13303
vt 0.608218 0.121135
vt 0.678223 0.217262
vt 0.693151 0.210615
vt 0.676071 0.255236
vt 0.687983 0.238478
vt 0.661196 0.223566
vt 0.670069 0.251941
vt 0.691719 0.180604
vt 0.67047 0.196758
vt 0.681253 0.146204
vt 0.67047 0.196758
vt 0.652088 0.209273
vt 0.630326 0.198528
vt 0.657782 0.167197
vt 0.67047 0.196758
vt 0.653507 0.162468
vt 0.630326 0.198528
vt 0.627112 0.191817
vt 0.734648 0.154385
vt 0.743788 0.165455
vt 0.739635 0.17571
vt 0.747797 0.185466
vt 0.750641 0.176377
vt 0.754255 0.191818
vt 0.745141 0.158314
vt 0.73479 0.13985
vt 0.75001 0.1685
vt 0.755459 0.187193
vt 0.761329 0.198052
vt 0.751044 0.177547
vt 0.727232 0.150974
vt 0.726975 0.130406
vt 0.718999 0.144246
vt 0.725257 0.167165
vt 0.708512 0.165353
vt 0.701383 0.14168
vt 0.690039 0.170794
vt 0.688784 0.140759
vt 0.733033 0.170726
vt 0.706947 0.119493
vt 0.694364 0.114121
vt 0.717585 0.124436
vt 0.6694 0.136722
vt 0.677646 0.109282
vt 0.657685 0.143186
vt 0.661996 0.17433
vt 0.65338 0.167985
vt 0.657685 0.143186
vt 0.664706 0.109541
vt 0.677646 0.109282
vt 0.657685 0.143186
vt 0.641969 0.150135
vt 0.646593 0.128482
vt 0.641969 0.150135
vt 0.644313 0.160575
vt 0.657685 0.143186
vt 0.65338 0.167985
vt 0.641969 0.150135
vt 0.657685 0.143186
vt 0.644313 0.160575
vt 0.75862 0.200922
vt 0.761329 0.198052
vt 0.755023 0.193766
vt 0.755459 0.187193
vt 0.751044 0.177547
vt 0.752454 0.187559
vt 0.750641 0.176377
vt 0.499658 0.154073
vt 0.494562 0.166843
vt 0.479005 0.14788
vt 0.476215 0.163811
vt 0.492813 0.182693
vt 0.480213 0.180259
vt 0.516117 0.173233
vt 0.527867 0.161303
vt 0.508143 0.18448
vt 0.493423 0.193949
vt 0.486004 0.193849
vt 0.494025 0.205986
vt 0.489678 0.201822
vt 0.502104 0.19329
vt 0.498476 0.202263
vt 0.503817 0.146823
vt 0.53352 0.154462
vt 0.507558 0.13925
vt 0.485397 0.128885
vt 0.493027 0.114295
vt 0.517646 0.124125
vt 0.50571 0.101486
vt 0.481877 0.137283
vt 0.538422 0.147042
vt 0.543249 0.138892
vt 0.517646 0.124125
vt 0.523471 0.117428
vt 0.517646 0.124125
vt 0.50571 0.101486
vt 0.518872 0.093316
vt 0.534074 0.108871
vt 0.527504 0.092543
vt 0.539693 0.103937
vt 0.523471 0.117428
vt 0.543249 0.138892
vt 0.517646 0.124125
vt 0.534074 0.108871
vt 0.540535 0.12638
vt 0.523471 0.117428
vt 0.546621 0.117502
vt 0.539693 0.103937
vt 0.540535 0.12638
vt 0.543249 0.138892
vt 0.523471 0.117428
vt 0.538443 0.092992
vt 0.539693 0.103937
vt 0.527504 0.092543
vt 0.547792 0.097027
vt 0.550225 0.108145
vt 0.546621 0.117502
vt 0.539693 0.103937
vt 0.547792 0.097027
vt 0.555826 0.096565
vt 0.455455 0.120835
vt 0.449332 0.130387
vt 0.440143 0.111845
vt 0.435556 0.124624
vt 0.446029 0.143336
vt 0.44375 0.10431
vt 0.448245 0.097336
vt 0.460488 0.115403
vt 0.465624 0.109623
vt 0.455455 0.120835
vt 0.476485 0.131212
vt 0.484678 0.126318
vt 0.465624 0.109623
vt 0.490513 0.123632
vt 0.45791 0.086886
vt 0.465624 0.109623
vt 0.478444 0.099282
vt 0.47309 0.079409
vt 0.485423 0.095149
vt 0.478444 0.099282
vt 0.433629 0.139513
vt 0.435556 0.124624
vt 0.446029 0.143336
vt 0.444901 0.153032
vt 0.438465 0.151397
vt 0.443004 0.163397
vt 0.440134 0.158914
vt 0.45211 0.154413
vt 0.446029 0.143336
vt 0.457909 0.148201
vt 0.469241 0.136159
vt 0.449332 0.130387
vt 0.455455 0.120835
vt 0.447466 0.161305
vt 0.476485 0.131212
vt 0.455455 0.120835
vt 0.485423 0.095149
vt 0.495054 0.115172
vt 0.478444 0.099282
vt 0.501597 0.109834
vt 0.495054 0.115172
vt 0.490513 0.123632
vt 0.478444 0.099282
vt 0.478444 0.099282
vt 0.490513 0.123632
vt 0.465624 0.109623
vt 0.497876 0.090573
vt 0.501597 0.109834
vt 0.485423 0.095149
vt 0.506707 0.102407
vt 0.504709 0.087342
vt 0.486014 0.075542
vt 0.496372 0.075089
vt 0.504709 0.087342
vt 0.47309 0.079409
vt 0.506024 0.07791
vt 0.504709 0.087342
vt 0.513743 0.083236
vt 0.516016 0.096066
vt 0.506707 0.102407
vt 0.504709 0.087342
vt 0.513743 0.083236
vt 0.519861 0.085218
vt 0.406495 0.07904
vt 0.397339 0.088884
vt 0.394902 0.068557
vt 0.393432 0.05843
vt 0.416529 0.071322
vt 0.411023 0.045682
vt 0.427291 0.066669
vt 0.432484 0.037232
vt 0.44727 0.055841
vt 0.452653 0.036099
vt 0.463635 0.054103
vt 0.394902 0.068557
vt 0.397339 0.088884
vt 0.383776 0.066251
vt 0.424322 0.112467
vt 0.385869 0.101773
vt 0.406495 0.07904
vt 0.431782 0.107656
vt 0.410209 0.126274
vt 0.39395 0.129471
vt 0.37981 0.114838
vt 0.363128 0.087274
vt 0.383776 0.066251
vt 0.397339 0.088884
vt 0.361933 0.103617
vt 0.376052 0.129464
vt 0.364772 0.120391
vt 0.389064 0.134635
vt 0.416529 0.071322
vt 0.431155 0.097029
vt 0.427291 0.066669
vt 0.431155 0.097029
vt 0.463635 0.054103
vt 0.46295 0.096203
vt 0.44727 0.055841
vt 0.441455 0.102247
vt 0.427291 0.066669
vt 0.431155 0.097029
vt 0.475016 0.091945
vt 0.46295 0.096203
vt 0.463635 0.054103
vt 0.481593 0.054396
vt 0.487872 0.083814
vt 0.49729 0.056491
vt 0.49729 0.056491
vt 0.493158 0.041736
vt 0.478009 0.036947
vt 0.463635 0.054103
vt 0.463635 0.054103
vt 0.452653 0.036099
vt 0.504821 0.080483
vt 0.487872 0.083814
vt 0.49729 0.056491
vt 0.514678 0.066096
vt 0.521119 0.073799
vt 0.505004 0.050449
vt 0.49729 0.056491
vt 0.493158 0.041736
vt 0.514678 0.066096
vt 0.878439 0.727787
vt 0.867875 0.713798
vt 0.88294 0.653529
vt 0.872239 0.641594
vt 0.900011 0.654198
vt 0.894806 0.727787
vt 0.917288 0.650112
vt 0.910625 0.713798
vt 0.891508 0.599302
vt 0.879803 0.589767
vt 0.906524 0.601492
vt 0.920848 0.596547
vt 0.899927 0.556692
vt 0.891246 0.547123
vt 0.913786 0.558699
vt 0.925425 0.55239
vt 0.911563 0.515178
vt 0.903267 0.508022
vt 0.925478 0.517256
vt 0.937553 0.513493
vt 0.934399 0.465191
vt 0.925876 0.459364
vt 0.947747 0.47122
vt 0.957103 0.470032
vt 0.947747 0.47122
vt 0.954307 0.433262
vt 0.945701 0.427488
vt 0.967696 0.439339
vt 0.947747 0.47122
vt 0.977033 0.438236
vt 0.967696 0.439339
vt 0.278565 0.570665
vt 0.279549 0.578706
vt 0.725449 0.224037
vt 0.702908 0.244943
vt 0.717284 0.229477
vt 0.770308 0.182395
vt 0.76355 0.186829
vt 0.702908 0.244943
vt 0.746083 0.206974
vt 0.285054 0.568404
vt 0.278565 0.570665
vt 0.717284 0.229477
vt 0.749582 0.237741
vt 0.285054 0.568404
vt 0.717284 0.229477
vt 0.316724 0.575707
vt 0.764238 0.261396
vt 0.316724 0.575707
vt 0.346713 0.581029
vt 0.792157 0.27884
vt 0.36061 0.604972
vt 0.800994 0.307335
vt 0.363026 0.642043
vt 0.800263 0.232332
vt 0.779779 0.199318
vt 0.717284 0.229477
vt 0.84185 0.260699
vt 0.853902 0.280027
vt 0.840377 0.300347
vt 0.793473 0.324611
vt 0.363026 0.642043
vt 0.861979 0.210915
vt 0.824435 0.173686
vt 0.913854 0.221637
vt 0.900567 0.271854
vt 0.905832 0.306944
vt 0.877939 0.314063
vt 0.815666 0.310292
vt 0.876105 0.170996
vt 0.852615 0.152908
vt 0.876107 0.181469
vt 0.890777 0.149418
vt 0.87925 0.139435
vt 0.906669 0.212702
vt 0.877977 0.202199
vt 0.905189 0.202308
vt 0.888762 0.193515
vt 0.910367 0.185167
vt 0.898256 0.182044
vt 0.913792 0.303041
vt 0.909372 0.279207
vt 0.916841 0.167377
vt 0.901366 0.1674
vt 0.901739 0.144033
vt 0.896049 0.135489
vt 0.90775 0.141079
vt 0.90526 0.133325
vt 0.932734 0.138644
vt 0.926466 0.132842
vt 0.948793 0.124367
vt 0.952363 0.114146
vt 0.916366 0.15795
vt 0.901293 0.156986
vt 0.913991 0.142136
vt 0.899098 0.142273
vt 0.926418 0.163017
vt 0.926565 0.156037
vt 0.939001 0.157865
vt 0.937222 0.151943
vt 0.953264 0.150979
vt 0.951489 0.145051
vt 0.963175 0.144407
vt 0.959059 0.138697
vt 0.969159 0.13748
vt 0.965044 0.131764
vt 0.973238 0.128688
vt 0.969012 0.123724
vt 0.717284 0.229477
vt 0.770308 0.182395
vt 0.805515 0.180595
vt 0.799147 0.172618
vt 0.796334 0.162186
vt 0.76355 0.186829
vt 0.725449 0.224037
vt 0.702908 0.244943
vt 0.775725 0.163415
vt 0.746083 0.206974
vt 0.804408 0.148508
vt 0.795102 0.137067
vt 0.816006 0.140314
vt 0.805984 0.130384
vt 0.822905 0.140071
vt 0.81954 0.12847
vt 0.83431 0.145178
vt 0.791638 0.128558
vt 0.782261 0.138048
vt 0.788804 0.11397
vt 0.780301 0.115677
vt 0.831182 0.13129
vt 0.842914 0.140171
vt 0.835559 0.128316
vt 0.845015 0.13106
vt 0.839341 0.125747
vt 0.850703 0.118476
vt 0.84371 0.114363
vt 0.810323 0.157919
vt 0.81825 0.152738
vt 0.81392 0.168313
vt 0.822549 0.161927
vt 0.816752 0.176493
vt 0.825214 0.172249
vt 0.356423 0.660912
vt 0.793473 0.324611
vt 0.339835 0.652481
vt 0.356423 0.660912
vt 0.775868 0.317115
vt 0.793473 0.324611
vt 0.775868 0.317115
vt 0.793473 0.324611
vt 0.815666 0.310292
vt 0.815666 0.310292
vt 0.793473 0.324611
vt 0.840377 0.300347
vt 0.339835 0.652481
vt 0.318913 0.645945
vt 0.335451 0.644128
vt 0.318695 0.638907
vt 0.348713 0.639123
vt 0.353966 0.623957
vt 0.302872 0.624888
vt 0.352009 0.606087
vt 0.292146 0.605763
vt 0.340895 0.586965
vt 0.316944 0.582714
vt 0.286637 0.584676
vt 0.291085 0.576485
vt 0.285876 0.578267
vt 0.279549 0.578706
vt 0.285772 0.604582
vt 0.299169 0.628449
vt 0.356423 0.660912
vt 0.363026 0.642043
vt 0.363026 0.642043
vt 0.316724 0.575707
vt 0.316724 0.575707
vt 0.285054 0.568404
vt 0.285054 0.568404
vt 0.278565 0.570665
vt 0.775725 0.163415
vt 0.746083 0.206974
vt 0.761484 0.16585
vt 0.775356 0.151411
vt 0.766044 0.155231
vt 0.769411 0.136864
vt 0.762285 0.144226
vt 0.765783 0.127437
vt 0.758678 0.128978
vt 0.766717 0.115145
vt 0.763848 0.110494
vt 0.935957 0.266704
vt 0.932181 0.222497
vt 0.949194 0.265127
vt 0.942982 0.216506
vt 0.922413 0.222039
vt 0.923743 0.264918
vt 0.968111 0.229957
vt 0.956024 0.21144
vt 0.972773 0.237233
vt 0.973854 0.266341
vt 0.953746 0.204555
vt 0.945583 0.204332
vt 0.961419 0.194016
vt 0.957407 0.189765
vt 0.939047 0.277889
vt 0.950199 0.273415
vt 0.942442 0.290054
vt 0.953377 0.27881
vt 0.953793 0.301848
vt 0.961219 0.281105
vt 0.976586 0.222059
vt 0.969413 0.210086
vt 0.989396 0.210234
vt 0.979634 0.200428
vt 0.994199 0.187069
vt 0.986068 0.186754
vt 0.888855 0.124449
vt 0.876313 0.126236
vt 0.986661 0.258592
vt 0.984701 0.244526
vt 0.746083 0.206974
vt 0.702908 0.244943
vt 0.710404 0.234143
vt 0.761484 0.16585
vt 0.746083 0.206974
vt 0.747349 0.162206
vt 0.747349 0.162206
vt 0.746083 0.206974
vt 0.719307 0.166057
vt 0.714943 0.197135
vt 0.719635 0.216403
vt 0.710404 0.234143
vt 0.876107 0.181469
vt 0.882187 0.175978
vt 0.873584 0.199353
vt 0.87608 0.189434
vt 0.883323 0.200692
vt 0.889806 0.192917
vt 0.873584 0.199353
vt 0.876107 0.181469
vt 0.87608 0.189434
vt 0.86353 0.32069
vt 0.823817 0.327481
vt 0.84269 0.303216
vt 0.807151 0.290872
vt 0.788996 0.334297
vt 0.763541 0.288909
vt 0.80583 0.3643
vt 0.83891 0.359202
vt 0.868919 0.335686
vt 0.83891 0.359202
vt 0.84269 0.303216
vt 0.807151 0.290872
vt 0.841152 0.327703
vt 0.807484 0.317917
vt 0.763541 0.288909
vt 0.855762 0.34353
vt 0.86353 0.32069
vt 0.749727 0.325158
vt 0.856489 0.351482
vt 0.840646 0.335763
vt 0.857742 0.365179
vt 0.839774 0.349645
vt 0.807206 0.326044
vt 0.806729 0.340041
vt 0.74478 0.336541
vt 0.736259 0.356145
vt 0.8706 0.365483
vt 0.873745 0.379014
vt 0.88197 0.385427
vt 0.88342 0.397679
vt 0.889876 0.409538
vt 0.892473 0.415143
vt 0.868774 0.357626
vt 0.881128 0.378321
vt 0.887971 0.396974
vt 0.868919 0.335686
vt 0.868919 0.335686
vt 0.763541 0.288909
vt 0.788996 0.334297
vt 0.749727 0.325158
vt 0.783099 0.383173
vt 0.80583 0.3643
vt 0.74478 0.336541
vt 0.777084 0.394368
vt 0.736259 0.356145
vt 0.766699 0.413694
vt 0.808827 0.452123
vt 0.79451 0.481614
vt 0.821695 0.500976
vt 0.838441 0.463432
vt 0.819084 0.430642
vt 0.80583 0.3643
vt 0.80583 0.3643
vt 0.83891 0.359202
vt 0.819084 0.430642
vt 0.83891 0.359202
vt 0.868919 0.335686
vt 0.840343 0.39687
vt 0.840343 0.39687
vt 0.868919 0.335686
vt 0.868774 0.357626
vt 0.819084 0.430642
vt 0.83891 0.359202
vt 0.840343 0.39687
vt 0.840343 0.39687
vt 0.846934 0.438028
vt 0.819084 0.430642
vt 0.838441 0.463432
vt 0.873037 0.458541
vt 0.821695 0.500976
vt 0.871038 0.436705
vt 0.871038 0.436705
vt 0.887971 0.396974
vt 0.873037 0.458541
vt 0.873037 0.458541
vt 0.889876 0.409538
vt 0.870755 0.467838
vt 0.892473 0.415143
vt 0.871038 0.436705
vt 0.881128 0.378321
vt 0.887971 0.396974
vt 0.856232 0.41749
vt 0.871038 0.436705
vt 0.868774 0.357626
vt 0.840343 0.39687
vt 0.846934 0.438028
vt 0.871038 0.436705
vt 0.838441 0.463432
vt 0.819084 0.430642
vt 0.821695 0.500976
vt 0.873037 0.458541
vt 0.870755 0.467838
vt 0.758445 0.407927
vt 0.733514 0.416465
vt 0.754785 0.393777
vt 0.741028 0.400071
vt 0.747175 0.420221
vt 0.747909 0.383118
vt 0.736219 0.37521
vt 0.728142 0.386986
vt 0.726592 0.376586
vt 0.700045 0.361821
vt 0.695605 0.403828
vt 0.718487 0.411
vt 0.657158 0.397142
vt 0.655657 0.433847
vt 0.718487 0.411
vt 0.655657 0.433847
vt 0.733514 0.416465
vt 0.747175 0.420221
vt 0.723201 0.428243
vt 0.709634 0.425597
vt 0.701423 0.439135
vt 0.713611 0.439197
vt 0.745001 0.424076
vt 0.747175 0.420221
vt 0.744962 0.432049
vt 0.705382 0.449079
vt 0.697147 0.446185
vt 0.656418 0.433674
vt 0.66427 0.427694
vt 0.730621 0.446564
vt 0.718487 0.411
vt 0.655657 0.433847
vt 0.657417 0.397395
vt 0.66427 0.427694
vt 0.656418 0.433674
vt 0.665958 0.390267
vt 0.745001 0.424076
vt 0.762943 0.412092
vt 0.744962 0.432049
vt 0.767144 0.415982
vt 0.758445 0.407927
vt 0.747175 0.420221
vt 0.744962 0.432049
vt 0.767144 0.415982
vt 0.74348 0.438559
vt 0.74348 0.438559
vt 0.767144 0.415982
vt 0.77857 0.432083
vt 0.736644 0.454998
vt 0.770637 0.446637
vt 0.655657 0.433847
vt 0.709634 0.425597
vt 0.66427 0.427694
vt 0.730621 0.446564
vt 0.744962 0.432049
vt 0.736644 0.454998
vt 0.736644 0.454998
vt 0.744962 0.432049
vt 0.74348 0.438559
vt 0.657158 0.397142
vt 0.655657 0.433847
vt 0.665958 0.390267
vt 0.66427 0.427694
vt 0.791845 0.508561
vt 0.78501 0.530944
vt 0.788343 0.498146
vt 0.779619 0.525063
vt 0.793766 0.551305
vt 0.781696 0.488143
vt 0.773981 0.518911
vt 0.783718 0.485492
vt 0.763546 0.507528
vt 0.778033 0.47814
vt 0.75935 0.502569
vt 0.775213 0.468742
vt 0.749953 0.493794
vt 0.765181 0.461092
vt 0.741566 0.488013
vt 0.782704 0.472033
vt 0.759373 0.445392
vt 0.788761 0.479983
vt 0.741566 0.488013
vt 0.732764 0.479087
vt 0.732764 0.479087
vt 0.732304 0.43819
vt 0.726422 0.477308
vt 0.72419 0.433056
vt 0.703644 0.531009
vt 0.726422 0.477308
vt 0.719009 0.52954
vt 0.71793 0.473072
vt 0.715343 0.429864
vt 0.708663 0.469922
vt 0.726422 0.477308
vt 0.691521 0.509934
vt 0.680987 0.508329
vt 0.708663 0.469922
vt 0.700673 0.468391
vt 0.679451 0.500662
vt 0.696793 0.46641
vt 0.71793 0.473072
vt 0.691521 0.509934
vt 0.700652 0.518394
vt 0.726422 0.477308
vt 0.712252 0.424673
vt 0.700673 0.468391
vt 0.709832 0.423216
vt 0.696793 0.46641
vt 0.70585 0.420819
vt 0.690411 0.463151
vt 0.699747 0.421705
vt 0.686876 0.46274
vt 0.675027 0.49144
vt 0.684692 0.486412
vt 0.663507 0.50659
vt 0.683629 0.462362
vt 0.656208 0.501938
vt 0.67964 0.461898
vt 0.643852 0.504418
vt 0.665571 0.462989
vt 0.689532 0.425452
vt 0.675245 0.431365
vt 0.665571 0.462989
vt 0.695163 0.423386
vt 0.665571 0.462989
vt 0.667008 0.433938
vt 0.655096 0.459947
vt 0.653202 0.438251
vt 0.637536 0.454849
vt 0.793766 0.551305
vt 0.791845 0.508561
vt 0.800856 0.534302
vt 0.78501 0.530944
vt 0.763196 0.545947
vt 0.779619 0.525063
vt 0.793766 0.551305
vt 0.756508 0.541252
vt 0.773981 0.518911
vt 0.748123 0.537188
vt 0.763546 0.507528
vt 0.736817 0.530886
vt 0.75935 0.502569
vt 0.728739 0.530382
vt 0.749953 0.493794
vt 0.723677 0.532207
vt 0.741566 0.488013
vt 0.719009 0.52954
vt 0.732764 0.479087
vt 0.793766 0.551305
vt 0.77448 0.558447
vt 0.781327 0.573851
vt 0.797022 0.566524
vt 0.795985 0.594072
vt 0.804296 0.578039
vt 0.805404 0.56004
vt 0.800856 0.534302
vt 0.793766 0.551305
vt 0.791271 0.590262
vt 0.726422 0.477308
vt 0.703644 0.531009
vt 0.700652 0.518394
vt 0.715343 0.429864
vt 0.708663 0.469922
vt 0.696793 0.46641
vt 0.679451 0.500662
vt 0.684692 0.486412
vt 0.684692 0.486412
vt 0.690411 0.463151
vt 0.665571 0.462989
vt 0.643852 0.504418
vt 0.6422 0.4804
vt 0.665571 0.462989
vt 0.6422 0.4804
vt 0.655096 0.459947
vt 0.63835 0.475508
vt 0.637536 0.454849
vt 0.626903 0.471337
vt 0.643256 0.584378
vt 0.646218 0.589838
vt 0.635531 0.593926
vt 0.639724 0.577869
vt 0.646218 0.589838
vt 0.633857 0.598033
vt 0.653835 0.597272
vt 0.646218 0.589838
vt 0.643021 0.602731
vt 0.653835 0.597272
vt 0.662918 0.604018
vt 0.659199 0.608206
vt 0.671781 0.608603
vt 0.665908 0.598692
vt 0.658521 0.580791
vt 0.646218 0.589838
vt 0.643256 0.584378
vt 0.646218 0.589838
vt 0.660061 0.574109
vt 0.639724 0.577869
vt 0.66067 0.589097
vt 0.653835 0.597272
vt 0.666836 0.609121
vt 0.671781 0.608603
vt 0.656007 0.569786
vt 0.639724 0.577869
vt 0.636413 0.571567
vt 0.659762 0.561279
vt 0.634279 0.567506
vt 0.614165 0.584693
vt 0.639724 0.577869
vt 0.62147 0.590305
vt 0.658881 0.556595
vt 0.629391 0.554981
vt 0.60931 0.570179
vt 0.606794 0.550722
vt 0.627823 0.544851
vt 0.613847 0.577071
vt 0.655307 0.549454
vt 0.646078 0.534252
vt 0.625039 0.5359
vt 0.606804 0.539996
vt 0.610142 0.530651
vt 0.639724 0.577869
vt 0.635531 0.593926
vt 0.672686 0.605099
vt 0.671781 0.608603
vt 0.665908 0.598692
vt 0.638402 0.527562
vt 0.646078 0.534252
vt 0.625039 0.5359
vt 0.623599 0.528578
vt 0.630598 0.523738
vt 0.620373 0.52033
vt 0.625953 0.515147
vt 0.623599 0.528578
vt 0.625039 0.5359
vt 0.610142 0.530651
vt 0.614773 0.523663
vt 0.620373 0.52033
vt 0.621848 0.523013
vt 0.599762 0.506472
vt 0.627251 0.517874
vt 0.605235 0.50042
vt 0.627015 0.511055
vt 0.606238 0.497313
vt 0.569922 0.510646
vt 0.570437 0.506672
vt 0.596684 0.509876
vt 0.560083 0.522351
vt 0.593559 0.515314
vt 0.604779 0.51876
vt 0.593559 0.515314
vt 0.602693 0.519981
vt 0.587798 0.529905
vt 0.568256 0.52625
vt 0.577061 0.529884
vt 0.579918 0.531666
vt 0.572846 0.532501
vt 0.566 0.538155
vt 0.560664 0.529632
vt 0.607617 0.493043
vt 0.587798 0.529905
vt 0.593559 0.515314
vt 0.591167 0.53835
vt 0.572642 0.543165
vt 0.591695 0.544662
vt 0.577751 0.54759
vt 0.592187 0.550545
vt 0.579499 0.553177
vt 0.582852 0.573258
vt 0.580438 0.571479
vt 0.604113 0.522754
vt 0.587798 0.529905
vt 0.602693 0.519981
vt 0.591167 0.53835
vt 0.60668 0.528637
vt 0.591167 0.53835
vt 0.604113 0.522754
vt 0.611319 0.537647
vt 0.609352 0.545119
vt 0.591695 0.544662
vt 0.606515 0.550293
vt 0.592187 0.550545
vt 0.603871 0.555117
vt 0.59325 0.567834
vt 0.592187 0.550545
vt 0.59325 0.567834
vt 0.582852 0.573258
vt 0.641522 0.490088
vt 0.612036 0.485648
vt 0.637236 0.476036
vt 0.617219 0.476417
vt 0.588757 0.482071
vt 0.606059 0.475886
vt 0.614995 0.467869
vt 0.635191 0.469618
vt 0.611007 0.48737
vt 0.637845 0.496814
vt 0.609822 0.489353
vt 0.632511 0.498063
vt 0.607617 0.493043
vt 0.63535 0.504628
vt 0.579567 0.490329
vt 0.563235 0.505004
vt 0.607617 0.493043
vt 0.584486 0.485909
vt 0.632332 0.465441
vt 0.607617 0.493043
vt 0.617778 0.466897
vt 0.610289 0.470566
vt 0.617778 0.466897
vt 0.612684 0.468352
vt 0.614995 0.467869
vt 0.610289 0.470566
vt 0.617778 0.466897
vt 0.450167 0.628809
vt 0.423586 0.62194
vt 0.459627 0.619348
vt 0.432705 0.603351
vt 0.37659 0.610431
vt 0.392762 0.593205
vt 0.461729 0.605684
vt 0.447084 0.591778
vt 0.415262 0.581603
vt 0.471893 0.629217
vt 0.484549 0.620589
vt 0.479245 0.613113
vt 0.380457 0.627658
vt 0.415667 0.63235
vt 0.441837 0.638648
vt 0.464541 0.636919
vt 0.471893 0.629217
vt 0.484549 0.620589
vt 0.473282 0.640529
vt 0.484049 0.632955
vt 0.464279 0.649772
vt 0.464541 0.636919
vt 0.431967 0.657732
vt 0.442372 0.665383
vt 0.467992 0.658594
vt 0.442656 0.673959
vt 0.464275 0.66827
vt 0.478872 0.648237
vt 0.479523 0.656209
vt 0.489494 0.640603
vt 0.492169 0.64593
vt 0.429474 0.663224
vt 0.41369 0.6581
vt 0.412738 0.650057
vt 0.441837 0.638648
vt 0.464541 0.636919
vt 0.38343 0.647674
vt 0.381036 0.641241
vt 0.415667 0.63235
vt 0.441837 0.638648
vt 0.380457 0.627658
vt 0.374529 0.636739
vt 0.37354 0.628518
vt 0.380457 0.627658
vt 0.37659 0.610431
vt 0.380457 0.627658
vt 0.539352 0.622627
vt 0.513738 0.613571
vt 0.547546 0.61617
vt 0.527144 0.607116
vt 0.495373 0.604451
vt 0.515472 0.599489
vt 0.544815 0.609217
vt 0.538565 0.604882
vt 0.536315 0.598
vt 0.499834 0.620523
vt 0.493636 0.614873
vt 0.495373 0.604451
vt 0.499834 0.620523
vt 0.493636 0.614873
vt 0.516126 0.623056
vt 0.493636 0.614873
vt 0.499834 0.620523
vt 0.492976 0.627096
vt 0.492976 0.627096
vt 0.499834 0.620523
vt 0.503222 0.63311
vt 0.516126 0.623056
vt 0.519705 0.63556
vt 0.539352 0.622627
vt 0.543271 0.634256
vt 0.547546 0.61617
vt 0.551429 0.627829
vt 0.495373 0.604451
vt 0.493636 0.614873
vt 0.490303 0.615737
vt 0.493636 0.614873
vt 0.492976 0.627096
vt 0.405171 0.684548
vt 0.373858 0.671526
vt 0.413363 0.673854
vt 0.392081 0.658769
vt 0.34316 0.66574
vt 0.350176 0.65527
vt 0.42065 0.659214
vt 0.410532 0.656036
vt 0.376311 0.641521
vt 0.350207 0.683228
vt 0.375908 0.689065
vt 0.391062 0.687962
vt 0.375908 0.689065
vt 0.405171 0.684548
vt 0.379451 0.708255
vt 0.357934 0.699433
vt 0.350207 0.683228
vt 0.344593 0.682005
vt 0.34316 0.66574
vt 0.397956 0.702016
vt 0.410247 0.698966
vt 0.413363 0.673854
vt 0.418381 0.688347
vt 0.42065 0.659214
vt 0.418381 0.688347
vt 0.42065 0.659214
vt 0.438408 0.669309
vt 0.327857 0.668079
vt 0.314281 0.692641
vt 0.315305 0.670152
vt 0.303773 0.680509
vt 0.329734 0.706369
vt 0.325029 0.659926
vt 0.298064 0.673919
vt 0.298064 0.673919
vt 0.318144 0.654963
vt 0.294674 0.67062
vt 0.294674 0.67062
vt 0.318399 0.64257
vt 0.292405 0.668411
vt 0.276336 0.699928
vt 0.286623 0.703839
vt 0.30815 0.630774
vt 0.288817 0.664919
vt 0.290034 0.643083
vt 0.280461 0.658715
vt 0.263459 0.694571
vt 0.263628 0.688587
vt 0.299526 0.624601
vt 0.272891 0.652066
vt 0.280493 0.607366
vt 0.251313 0.634001
vt 0.255747 0.690915
vt 0.21413 0.680902
vt 0.270666 0.598622
vt 0.248571 0.631705
vt 0.209429 0.677865
vt 0.258642 0.592472
vt 0.244449 0.628253
vt 0.232078 0.602992
vt 0.220779 0.624191
vt 0.200219 0.675624
vt 0.220779 0.624191
vt 0.189898 0.650383
vt 0.284118 0.604728
vt 0.283897 0.597539
vt 0.220779 0.624191
vt 0.211815 0.614805
vt 0.201112 0.620779
vt 0.220779 0.624191
vt 0.189898 0.650383
vt 0.189464 0.62728
vt 0.329734 0.706369
vt 0.327857 0.668079
vt 0.337958 0.684444
vt 0.347863 0.711946
vt 0.347863 0.711946
vt 0.337958 0.684444
vt 0.346013 0.708805
vt 0.314281 0.692641
vt 0.298098 0.711922
vt 0.303773 0.680509
vt 0.329734 0.706369
vt 0.322119 0.7145
vt 0.347863 0.711946
vt 0.289889 0.708094
vt 0.298064 0.673919
vt 0.286623 0.703839
vt 0.303773 0.680509
vt 0.298098 0.711922
vt 0.289889 0.708094
vt 0.322119 0.7145
vt 0.347863 0.711946
vt 0.344423 0.713896
vt 0.298064 0.673919
vt 0.286623 0.703839
vt 0.294674 0.67062
vt 0.209377 0.769963
vt 0.184329 0.770369
vt 0.21258 0.753266
vt 0.184329 0.770369
vt 0.181693 0.753126
vt 0.158825 0.770421
vt 0.157682 0.751207
vt 0.18241 0.740721
vt 0.145787 0.743429
vt 0.216926 0.742743
vt 0.167116 0.786861
vt 0.182969 0.731062
vt 0.158825 0.728333
vt 0.183484 0.72216
vt 0.21807 0.723072
vt 0.222102 0.710472
vt 0.190538 0.700275
vt 0.226941 0.700495
vt 0.217155 0.732221
vt 0.157515 0.714268
vt 0.163241 0.694615
vt 0.200987 0.686432
vt 0.226941 0.700495
vt 0.184329 0.770369
vt 0.185835 0.782965
vt 0.207306 0.779097
vt 0.187412 0.796158
vt 0.20945 0.79302
vt 0.195939 0.825015
vt 0.174395 0.800713
vt 0.190488 0.823425
vt 0.185835 0.782965
vt 0.187412 0.796158
vt 0.167116 0.786861
vt 0.184329 0.770369
vt 0.187412 0.796158
vt 0.174395 0.800713
vt 0.195939 0.825015
vt 0.174395 0.800713
vt 0.200987 0.686432
vt 0.163241 0.694615
vt 0.174568 0.682962
vt 0.200987 0.686432
vt 0.208995 0.678592
vt 0.179026 0.678793
vt 0.214086 0.664446
vt 0.199699 0.662174
vt 0.223425 0.675299
vt 0.22574 0.690263
vt 0.226941 0.700495
vt 0.195939 0.825015
vt 0.20945 0.79302
vt 0.198892 0.820017
vt 0.136433 0.7299
vt 0.116115 0.713025
vt 0.146699 0.725688
vt 0.1227 0.703157
vt 0.177629 0.7145
vt 0.141823 0.679126
vt 0.192616 0.694735
vt 0.158673 0.663401
vt 0.198797 0.674138
vt 0.167888 0.659371
vt 0.114307 0.658788
vt 0.130164 0.640688
vt 0.167888 0.659371
vt 0.110636 0.69081
vt 0.10037 0.702524
vt 0.095763 0.715685
vt 0.110268 0.721787
vt 0.167888 0.659371
vt 0.146871 0.634859
vt 0.167888 0.659371
vt 0.146871 0.634859
vt 0.173368 0.653367
vt 0.155264 0.630591
vt 0.177715 0.650914
vt 0.166764 0.63955
vt 0.204188 0.661121
vt 0.204295 0.666551
vt 0.167888 0.659371
vt 0.198797 0.674138
vt 0.110268 0.721787
vt 0.1025 0.739445
vt 0.095763 0.715685
vt 0.110268 0.721787
vt 0.128404 0.733585
vt 0.1025 0.739445
vt 0.110268 0.721787
vt 0.1025 0.739445
vt 0.113324 0.746
vt 0.098529 0.756777
vt 0.103887 0.758476
vt 0.095763 0.715685
vt 0.1025 0.739445
vt 0.094063 0.737941
vt 0.098529 0.756777
vt 0.094063 0.737941
vt 0.098529 0.756777
vt 0.094216 0.750242
vt 0.071173 0.596101
vt 0.088143 0.556703
vt 0.084228 0.610463
vt 0.109328 0.567141
vt 0.107622 0.611745
vt 0.126522 0.577637
vt 0.133819 0.616468
vt 0.142805 0.594475
vt 0.152252 0.619154
vt 0.158099 0.606834
vt 0.159964 0.56239
vt 0.169229 0.585008
vt 0.140776 0.542302
vt 0.119524 0.533983
vt 0.094318 0.528038
vt 0.07738 0.527516
vt 0.072652 0.550814
vt 0.058802 0.596251
vt 0.160874 0.619958
vt 0.16419 0.615535
vt 0.170381 0.60205
vt 0.062686 0.547536
vt 0.053379 0.587226
vt 0.05278 0.544279
vt 0.041296 0.586448
vt 0.029104 0.545031
vt 0.027876 0.553329
vt 0.065699 0.529926
vt 0.054089 0.53232
vt 0.054089 0.53232
vt 0.054089 0.53232
vt 0.032651 0.539229
vt 0.093571 0.69664
vt 0.074178 0.658543
vt 0.104587 0.698408
vt 0.085175 0.65173
vt 0.052612 0.633321
vt 0.067069 0.619503
vt 0.051301 0.640216
vt 0.06728 0.662817
vt 0.081288 0.694341
vt 0.051111 0.674678
vt 0.034864 0.654964
vt 0.034566 0.690115
vt 0.064364 0.698713
vt 0.034566 0.690115
vt 0.04198 0.642329
vt 0.095381 0.648496
vt 0.078045 0.618756
vt 0.102935 0.646102
vt 0.126363 0.702963
vt 0.151942 0.688649
vt 0.127281 0.645191
vt 0.159076 0.673344
vt 0.14651 0.644792
vt 0.117101 0.701026
vt 0.110629 0.610089
vt 0.134912 0.621979
vt 0.083463 0.61218
vt 0.15922 0.655475
vt 0.157495 0.650224
vt 0.149985 0.637426
vt 0.034566 0.690115
vt 0.044571 0.709619
vt 0.034566 0.690115
vt 0.029948 0.699538
vt 0.038706 0.710671
vt 0.038054 0.712994
vt 0.022263 0.715219
vt 0.02945 0.717449
vt 0.023856 0.691917
vt 0.034864 0.654964
vt 0.034566 0.690115
vt 0.02586 0.681615
vt 0.023856 0.691917
vt 0.022263 0.715219
vt 0.020464 0.708083
vt 0.034566 0.690115
vt 0.023856 0.691917
vt 0.02586 0.681615
vt 0.07312 0.883738
vt 0.051982 0.883942
vt 0.085706 0.866528
vt 0.051982 0.883942
vt 0.053336 0.861031
vt 0.101375 0.837759
vt 0.058176 0.830411
vt 0.110529 0.819062
vt 0.064963 0.81
vt 0.105511 0.799768
vt 0.071019 0.802175
vt 0.024059 0.824659
vt 0.028791 0.802663
vt 0.071019 0.802175
vt 0.028682 0.857024
vt 0.037159 0.885022
vt 0.051982 0.883942
vt 0.071019 0.802175
vt 0.040367 0.791103
vt 0.051982 0.883942
vt 0.053376 0.905503
vt 0.053376 0.905503
vt 0.045385 0.906813
vt 0.057066 0.929968
vt 0.051982 0.883942
vt 0.053376 0.905503
vt 0.053376 0.905503
vt 0.07312 0.883738
vt 0.065086 0.904272
vt 0.057066 0.929968
vt 0.057066 0.929968
vt 0.065086 0.904272
vt 0.063083 0.926108
vt 0.045385 0.906813
vt 0.057066 0.929968
vt 0.053642 0.928688
vt 0.071019 0.802175
vt 0.040367 0.791103
vt 0.072393 0.798423
vt 0.04517 0.787367
vt 0.074594 0.797813
vt 0.102919 0.793609
vt 0.10611 0.794616
vt 0.071019 0.802175
vt 0.105511 0.799768
vt 0.074594 0.797813
vt 0.04517 0.787367
vt 0.059325 0.793281
vt 0.21913 0.501523
vt 0.246675 0.541932
vt 0.199521 0.505647
vt 0.239984 0.544806
vt 0.179733 0.520589
vt 0.211245 0.558256
vt 0.161666 0.547435
vt 0.188991 0.576044
vt 0.154535 0.572559
vt 0.175773 0.59303
vt 0.227255 0.60383
vt 0.198487 0.612242
vt 0.230886 0.595165
vt 0.258078 0.583723
vt 0.260097 0.576588
vt 0.153623 0.58992
vt 0.17025 0.603184
vt 0.184384 0.614459
vt 0.269789 0.570531
vt 0.255932 0.537957
vt 0.232109 0.501308
vt 0.281231 0.559492
vt 0.267416 0.533024
vt 0.288573 0.525892
vt 0.248212 0.501041
vt 0.27205 0.504372
vt 0.318982 0.513693
vt 0.312967 0.510619
vt 0.301695 0.544749
vt 0.319383 0.519574
vt 0.781696 0.488143
vt 0.773981 0.518911
vt 0.783718 0.485492
vt 0.781696 0.488143
vt 0.783718 0.485492
vt 0.788761 0.479983
vt 0.610669 0.523823
vt 0.617125 0.530877
vn -0.1045005 0.5080557 -0.8549615
vn -0.01723802 0.5583649 -0.8294163
vn -0.2359493 0.7500372 -0.6178772
vn -0.184457 0.481566 -0.8567788
vn -0.2889723 0.4643801 -0.8371655
vn -0.3860459 0.4698462 -0.7938596
vn -0.4793859 0.5051401 -0.7176507
vn -0.5457091 0.5572259 -0.6258602
vn -0.5627214 0.6071273 -0.5610179
vn -0.5624203 0.6605605 -0.4973361
vn -0.5065585 0.7449528 -0.4341012
vn -0.4452793 0.8231968 -0.3522404
vn -0.3535685 0.8788416 -0.3203543
vn -0.2502064 0.915365 -0.3154422
vn -0.1458597 0.9302808 -0.3366045
vn -0.05004082 0.9232051 -0.3810359
vn 0.02904583 0.895364 -0.4443868
vn 0.08660095 0.8466057 -0.5251276
vn -0.2085747 0.4202532 -0.8831103
vn -0.04762527 0.3517183 -0.9348936
vn 0.1012461 0.4249504 -0.8995367
vn -0.6713994 0.5693921 -0.4743578
vn -0.5915167 0.5370067 -0.6014415
vn -0.5431976 0.4808065 -0.6883034
vn -0.4379623 0.4209097 -0.7943703
vn -0.3285841 0.4085852 -0.8515225
vn 0.2500063 0.5469745 -0.7989467
vn 0.5066239 0.3324077 -0.7955107
vn 0.612345 0.5617803 -0.5562701
vn 0.8089607 0.3894727 -0.4403335
vn 0.8066078 0.5506299 -0.2149195
vn 0.6347879 0.6737095 -0.3783648
vn 0.7534627 0.6537729 -0.06982088
vn 0.5834151 0.7774271 -0.235019
vn 0.6043679 0.784008 0.1416715
vn 0.4530874 0.8899332 -0.05225649
vn 0.3941202 0.8633419 0.3151349
vn 0.2705232 0.9578745 0.0964039
vn 0.139943 0.8872331 0.4395832
vn 0.05049096 0.9779583 0.2026042
vn -0.138051 0.8527173 0.5038007
vn -0.1896837 0.9476557 0.2568441
vn -0.4159347 0.7602325 0.499044
vn -0.4294211 0.867327 0.251677
vn -0.6655367 0.6158533 0.4216464
vn -0.6444402 0.7421982 0.1839529
vn -0.891978 0.405119 0.2006337
vn -0.8145391 0.5788846 -0.03766688
vn -0.54747 0.8256944 -0.1360345
vn -0.6394283 0.7088453 -0.2977747
vn -0.760403 0.5704048 -0.3105249
vn -0.9278893 0.3658976 -0.07169716
vn -0.9168891 0.3650765 -0.1613491
vn -0.7300195 0.5683607 -0.3795231
vn -0.8970771 0.3693331 -0.2425814
vn -0.6048441 0.6627403 -0.4415189
vn -0.3979909 0.9127308 -0.09233533
vn -0.2331434 0.9680274 -0.09255928
vn -0.06984407 0.9886866 -0.132743
vn 0.07875597 0.9752447 -0.2066286
vn 0.2022301 0.929795 -0.3075455
vn 0.2917217 0.8530183 -0.4327333
vn 0.3376386 0.762459 -0.5519569
vn 0.3286601 0.7146908 -0.6174136
vn 0.1331248 0.7826532 -0.6080557
vn 0.1003661 0.7215232 -0.6850773
vn 0.08932529 0.8440905 -0.5287082
vn 0.6901144 0.1008789 -0.7166349
vn 0.9187728 0.2190447 -0.3284448
vn 0.8873577 0.4492519 -0.103774
vn 0.833566 0.5508819 0.04119416
vn 0.8857077 0.4601794 0.06129231
vn 0.8099279 0.5768422 0.1061599
vn 0.6772774 0.6873104 0.2624876
vn 0.4506349 0.5924563 0.6677752
vn 0.4566094 0.7705154 0.4447626
vn 0.2303427 0.5849146 0.7776999
vn 0.1899436 0.7952082 0.575817
vn -0.03013861 0.7099621 0.7035946
vn -0.1015993 0.7583424 0.6438901
vn -0.3275283 0.6219378 0.7112796
vn -0.3929854 0.6605105 0.6397564
vn -0.6001161 0.4771456 0.6420224
vn -0.6547762 0.5082409 0.5594276
vn -0.8875155 0.1997343 0.4152378
vn -0.8988814 0.2858708 0.3320993
vn 0.2754409 0.1162237 -0.9542664
vn 0.1679693 -0.7453007 0.6452232
vn 0.1679693 -0.7453007 0.6452232
vn 0.1679693 -0.7453007 0.6452232
vn -0.7283821 0.2641533 0.6322044
vn -0.6610891 0.3254806 0.6760352
vn -0.7283814 0.2641532 0.6322054
vn -0.6032886 0.38839 0.6965601
vn -0.4375218 0.5031394 0.7452687
vn -0.3376856 0.5559328 0.7595441
vn -0.1166837 0.6225577 0.7738261
vn -0.008050332 0.6418703 0.766771
vn 0.1899049 0.6656426 0.7217035
vn 0.2866346 0.66711 0.6876082
vn 0.4677157 0.6494666 0.5995293
vn 0.5521141 0.6304433 0.5456292
vn 0.7018877 0.573523 0.4224038
vn 0.767184 0.5355451 0.3530157
vn 0.8754838 0.4401849 0.1994127
vn 0.9133338 0.3904866 0.1155052
vn 0.9567372 0.2891551 -0.03229729
vn 0.9574023 0.273398 -0.09292149
vn 0.9523984 0.1542797 -0.2629356
vn 0.9259427 0.08702665 -0.3675005
vn 0.8855788 -0.008673928 -0.4644081
vn 0.88569 -0.001862123 -0.4642735
vn -0.223209 0.749398 -0.6233622
vn -0.1996937 0.729048 -0.6546843
vn -0.2120064 0.7392125 -0.6392325
vn -0.2324226 0.7450726 -0.6251772
vn -0.232262 0.74461 -0.6257878
vn -0.231878 0.7447001 -0.6258229
vn -0.231874 0.7447009 -0.6258235
vn -0.2527574 0.8609622 -0.441427
vn -0.2318637 0.7447077 -0.6258192
vn -0.05546034 0.7022786 -0.7097387
vn -0.2318678 0.7446988 -0.6258283
vn -0.2318637 0.7446961 -0.6258331
vn -0.2343647 0.7446762 -0.6249244
vn -0.2361732 0.7377804 -0.6323783
vn -0.2009667 0.7213264 -0.6627976
vn -0.2012027 0.7323239 -0.650553
vn -0.2025392 0.742113 -0.6389413
vn -0.2455233 0.7319782 -0.635552
vn -0.2479265 0.7378877 -0.6277374
vn -0.2460859 0.7487255 -0.6155095
vn -0.2395174 0.7552603 -0.6100928
vn -0.2290045 0.737819 -0.6349646
vn -0.2206773 0.7236466 -0.6539397
vn -0.2087997 0.7268479 -0.6542895
vn -0.2059182 0.7359914 -0.6449143
vn -0.2047461 0.7569677 -0.6205473
vn -0.1894374 0.7658525 -0.6144782
vn -0.1516689 0.7655504 -0.6252432
vn -0.1156594 0.7463103 -0.6554722
vn -0.1696109 0.7235981 -0.6690575
vn -0.2113353 0.7124855 -0.6691053
vn -0.3275549 0.7276292 -0.6027134
vn 0.9434815 0.3265179 -0.05682188
vn 0.955169 0.06462032 -0.2889229
vn 0.7921059 -0.04482605 -0.6087354
vn 0.7825339 -0.1848654 -0.5945297
vn 0.3591188 -0.4491639 -0.8180987
vn 0.4285564 -0.482565 -0.7638524
vn 0.2802275 -0.4589284 -0.8431234
vn 0.4577896 -0.3499489 -0.817291
vn 0.7825339 -0.1848654 -0.5945297
vn 0.7921059 -0.04482605 -0.6087354
vn 0.1759138 -0.310954 -0.9340032
vn 0.3961854 -0.163878 -0.9034275
vn 0.09105515 -0.1013941 -0.9906706
vn 0.2754409 0.1162237 -0.9542664
vn -0.04762527 0.3517183 -0.9348936
vn 0.6901144 0.1008789 -0.7166349
vn 0.5066239 0.3324077 -0.7955107
vn -0.976834 0.0006717118 0.2139973
vn -0.9879567 -0.06377351 0.1409767
vn -0.989211 0.05085919 0.1373858
vn -0.9976199 0.02618748 0.06378624
vn -0.9744845 0.07665871 0.2109585
vn -0.9677509 0.0328984 0.2497516
vn -0.983618 0.1790667 0.02075409
vn -0.9868591 0.1542245 -0.04820888
vn -0.9168891 0.3650765 -0.1613491
vn -0.8970771 0.3693331 -0.2425814
vn -0.9278893 0.3658976 -0.07169716
vn -0.9745733 0.2041661 0.09232108
vn -0.8875155 0.1997343 0.4152378
vn -0.8988814 0.2858708 0.3320993
vn -0.891978 0.405119 0.2006337
vn -0.8145391 0.5788846 -0.03766688
vn -0.6595471 0.6948047 0.2867821
vn -0.626969 0.7626482 0.1589895
vn -0.8071372 0.5819747 0.0991718
vn -0.4835329 0.7987738 0.3579891
vn -0.4554062 0.8752187 0.1630869
vn -0.2936782 0.9319665 -0.2125828
vn -0.40711 0.851135 0.3314071
vn -0.4026149 0.8541657 0.3290927
vn -0.4678039 0.7928085 0.3906585
vn -0.4755054 0.8202239 0.3180052
vn -0.5430356 0.6908219 0.4773652
vn -0.6024508 0.6370457 0.4808594
vn -0.8410071 0.5375785 0.06096245
vn -0.8527341 0.519742 0.05208444
vn -0.8703077 0.4915326 0.03098847
vn -0.8788816 0.4770399 8.201008E-05
vn -0.896109 0.4401962 -0.05671053
vn -0.9058162 0.4125699 -0.09634875
vn -0.8812702 0.4658965 -0.07939328
vn -0.9059622 0.4169198 -0.07355562
vn -0.8661102 0.4876446 -0.109799
vn -0.8398234 0.5363576 -0.08376897
vn -0.5685804 0.6986157 0.4343412
vn -0.5071028 0.7616716 0.4033647
vn -0.4745297 0.8631862 0.1724268
vn -0.5659984 0.7513817 0.3392216
vn -0.7272941 0.6257117 0.2820072
vn -0.3526518 0.8911828 0.2853595
vn -0.8816946 0.4022771 -0.2465519
vn -0.8749516 0.4262133 -0.2297868
vn -0.9047654 0.3464697 -0.2477062
vn -0.412156 0.8902169 -0.1940132
vn -0.414109 0.8718452 -0.2615332
vn -0.4660715 0.7744136 -0.4278563
vn -0.4477465 0.7435824 -0.4965965
vn -0.5265602 0.676333 -0.5150806
vn -0.6254954 0.61211 -0.483815
vn -0.433522 0.8652481 -0.2518022
vn -0.4687343 0.7319323 -0.4945333
vn -0.3345697 0.9226662 -0.1917035
vn -0.8102223 0.4374889 -0.3900553
vn -0.8760731 0.3556533 -0.3255867
vn -0.3138758 0.8987912 0.3060332
vn -0.4329186 0.8927772 0.1246207
vn -0.1753944 0.8751363 0.4509691
vn -0.3703016 0.9252278 0.08264567
vn -0.5282181 0.8323944 -0.1676462
vn -0.5928659 0.8044869 -0.03620545
vn -0.5743237 0.6926665 -0.4363088
vn -0.5050222 0.5526543 -0.6629674
vn -0.546736 0.5389306 -0.640807
vn -0.5905021 0.5509312 -0.5897306
vn -0.6305857 0.5865784 -0.50822
vn -0.6298267 0.6218617 -0.4654098
vn 0.2309345 0.8435753 0.4848196
vn -0.1319229 0.9366429 0.324494
vn -0.1753944 0.8751363 0.4509691
vn 0.2054981 0.4481956 0.8699949
vn 0.413771 0.114903 0.9031007
vn 0.4257 0.4295906 0.7963865
vn 0.2318261 0.5407185 0.8086285
vn 0.04064044 0.4889744 0.8713509
vn 0.2945291 0.3264135 0.8981686
vn 0.310899 0.08215304 0.9468858
vn 0.2982619 0.06804593 0.9520555
vn 0.1775449 0.1010602 0.9789099
vn 0.4165391 0.08590935 0.9050496
vn 0.4379477 0.0333908 0.8983802
vn 0.472169 0.01821207 0.8813199
vn 0.5563154 0.4583136 0.6931536
vn 0.5402859 -0.01078904 0.8414123
vn 0.4168724 0.8939877 -0.1643275
vn 0.4188079 0.9026554 -0.0990612
vn 0.3881143 0.9179333 -0.08225387
vn 0.4418696 0.8604427 -0.253751
vn 0.5256252 0.8406479 -0.1304965
vn 0.5533566 0.8204347 0.1438169
vn 0.5634843 0.4222336 0.7100734
vn 0.5254306 0.4025921 0.7495614
vn 0.4137728 0.8203173 -0.3948059
vn 0.7628999 0.6464488 -0.009364297
vn 0.3773246 0.8014105 -0.4640768
vn -0.09182682 0.8357987 -0.5413024
vn -0.05288768 0.8058365 -0.5897714
vn -0.08762332 0.7507314 -0.6547707
vn -0.0310191 0.6663428 -0.7450001
vn -0.06140433 0.731546 -0.6790212
vn 0.8165389 0.5175138 0.2558198
vn 0.8734843 0.4768797 -0.09803565
vn 0.9128904 0.3777409 0.1547348
vn 0.8550026 0.4178362 0.3072189
vn 0.9377261 0.3306358 0.1065355
vn 0.9281483 0.3677523 -0.05743687
vn 0.9407606 0.298778 0.1603162
vn 0.9298049 0.3276054 0.1677426
vn 0.9660971 0.2211038 0.1333024
vn 0.9369664 0.3399771 0.08068121
vn 0.8740122 0.4723049 -0.114153
vn 0.7217344 0.6570289 -0.2177438
vn 0.6989125 0.5981635 -0.3920735
vn 0.3773246 0.8014105 -0.4640768
vn 0.8203291 0.5310964 -0.2121243
vn 0.5261438 0.7822565 -0.3335377
vn 0.6361998 0.5250956 -0.5652649
vn 0.6814644 0.377395 -0.62704
vn 0.6788683 0.3745676 -0.6315353
vn 0.6601503 0.3928574 -0.6402066
vn 0.5635236 0.3048972 -0.7677752
vn 0.5466902 0.3369339 -0.7665542
vn 0.4075181 0.1656379 -0.8980497
vn 0.3582733 0.1715005 -0.9177297
vn -0.7423193 0.397077 0.5397146
vn -0.6281437 0.1288932 0.7673475
vn -0.748695 0.3864484 0.5386218
vn -0.6240244 0.1174177 0.7725326
vn -0.5380522 0.8403445 0.06573346
vn -0.4635092 0.8769726 0.1268003
vn -0.3596669 0.9224358 -0.1405414
vn -0.3364593 0.8091069 0.4818102
vn -0.3242151 0.8043173 0.4979541
vn -0.06483206 0.5904713 0.8044505
vn -0.03129655 0.6125386 0.7898209
vn -0.399186 0.899645 0.1768875
vn 0.1195912 0.9921361 -0.03693069
vn 0.1008701 0.6890418 -0.7176675
vn 0.5168681 0.4641862 -0.7192904
vn 0.07113887 0.6108249 -0.7885634
vn 0.1915071 0.5982165 -0.7781145
vn -0.0310191 0.6663428 -0.7450001
vn 0.9604782 0.1938726 -0.1997377
vn 0.9615641 0.1751633 -0.211453
vn 0.8104364 0.3528743 -0.4676244
vn 0.9623237 0.1375843 -0.2345287
vn 0.9623268 0.1375708 -0.2345234
vn 0.1405717 0.5914078 -0.7940254
vn 0.3635401 0.5164986 -0.7752856
vn 0.5365284 0.4767534 -0.6963071
vn 0.5365284 0.4767534 -0.6963071
vn 0.6223685 0.4696189 -0.6261914
vn 0.5168681 0.4641862 -0.7192904
vn 0.7019106 0.6725911 -0.2343991
vn 0.4785066 0.764218 -0.4324376
vn 0.7217344 0.6570289 -0.2177438
vn 0.4536403 0.8405825 -0.2960262
vn 0.08230245 0.9847563 -0.1532367
vn 0.5416472 0.4992467 -0.6762921
vn 0.6989125 0.5981635 -0.3920735
vn 0.6361998 0.5250956 -0.5652649
vn -0.04815728 0.9945246 -0.0927451
vn 0.279764 0.9270328 -0.2496843
vn 0.1185545 0.8756098 -0.4682439
vn -0.1262231 0.9917303 -0.02321162
vn 0.08230245 0.9847563 -0.1532367
vn 0.1597046 0.9620015 -0.2214665
vn -0.05787104 0.9941763 0.09090815
vn 0.0661739 0.9795334 0.1900931
vn 0.2153427 0.9288849 0.3013308
vn 0.2843634 0.9039157 0.3194898
vn 0.3575254 0.857465 0.3700394
vn 0.469657 0.7884604 0.3971806
vn 0.567413 0.701901 0.4305551
vn 0.611416 0.660471 0.4358308
vn 0.6117001 0.6521622 0.4477805
vn 0.3885691 0.9086912 0.1526249
vn -0.1262456 0.9916629 -0.02582058
vn -0.1262456 0.9916629 -0.02582058
vn -0.3643087 0.9226375 0.1265674
vn 0.5059307 0.8376583 0.2058223
vn 0.2048716 0.9700654 0.1303872
vn 0.1300106 0.9795253 0.153712
vn 0.6498155 0.6239321 0.4341067
vn 0.499088 0.8590186 0.1140098
vn 0.5830309 0.6830418 0.4399191
vn 0.6716895 0.560007 0.4850003
vn 0.665786 0.573351 0.4774911
vn 0.6899927 0.5478173 0.4730817
vn 0.7219447 0.5145276 0.4626632
vn 0.5654126 0.7734717 0.2864439
vn 0.7987682 0.5468384 0.2508728
vn 0.645963 0.7627128 0.03163707
vn 0.7818738 0.6011989 -0.165025
vn 0.5204382 0.8505284 -0.07579957
vn 0.4103737 0.8578389 -0.3093638
vn 0.4122476 0.9096514 0.05085504
vn 0.4513651 0.8862798 0.1038157
vn 0.4305106 0.890655 0.1462676
vn 0.4874822 0.8507001 0.1966476
vn 0.4469247 0.8815964 0.1518097
vn 0.2716096 0.961985 0.02851573
vn 0.3538455 0.9333354 0.06064956
vn 0.4228531 0.8991546 0.1127663
vn 0.6239638 0.7800416 0.0469503
vn 0.5288203 0.8399597 0.1217247
vn 0.7167016 0.5414438 0.4395194
vn 0.7490717 0.3962204 0.5309435
vn 0.7942646 0.1978384 0.5744596
vn 0.790387 0.2031982 0.5779263
vn -0.1538015 0.9179595 -0.3656437
vn -0.433522 0.8652481 -0.2518022
vn 0.02415667 0.9990827 -0.03535979
vn 0.08932529 0.8440905 -0.5287082
vn -0.3379908 0.9372248 -0.08585951
vn -0.7248552 0.6408131 -0.2528703
vn -0.433522 0.8652481 -0.2518022
vn 0.3922298 0.7512182 -0.5308739
vn 0.3529331 0.6596562 -0.663545
vn 0.1735619 0.865306 -0.470236
vn 0.008060533 0.8792226 0.4763429
vn 0.8550026 0.4178362 0.3072189
vn 0.2309345 0.8435753 0.4848196
vn -0.7272941 0.6257117 0.2820072
vn -0.8777112 0.4339943 0.203155
vn -0.8777112 0.4339943 0.203155
vn -0.6004238 0.7673275 0.2251666
vn -0.8816946 0.4022771 -0.2465519
vn -0.8760731 0.3556533 -0.3255867
vn -0.9047654 0.3464697 -0.2477062
vn 0.03116679 0.1367821 0.9901107
vn 0.5634843 0.4222336 0.7100734
vn 0.04783676 -0.1656357 0.9850261
vn 0.3572189 -0.04934298 0.9327164
vn 0.1446981 0.05763946 0.9877956
vn -0.02768187 0.1468568 0.9887704
vn 0.3572189 -0.04934298 0.9327164
vn 0.2121755 0.489289 0.8459184
vn 0.07173362 0.2702782 0.9601063
vn 0.2121755 0.489289 0.8459184
vn 0.2326477 0.6585065 0.7157124
vn 0.1910535 0.6547987 0.7312573
vn 0.1481444 0.6500313 0.7453271
vn -0.7962185 0.4643568 0.3878258
vn -0.7934331 0.5110097 0.3306554
vn -0.77748 0.3891677 0.4940378
vn -0.7419004 0.4768782 0.4713503
vn -0.6503723 0.2124278 0.7293081
vn -0.478632 0.5702615 0.6676176
vn -0.7451847 0.3079946 0.5914719
vn -0.1766035 0.6093299 0.7729995
vn -0.4742533 -0.06460778 0.8780146
vn -0.3389825 0.3065918 0.8894337
vn -0.2383161 0.5828845 0.7768211
vn 0.1146591 0.6693881 0.7340116
vn -0.1766035 0.6093299 0.7729995
vn 0.1910535 0.6547987 0.7312573
vn 0.1463568 0.6599343 0.7369304
vn 0.5866812 0.6199915 0.5209755
vn 0.08635475 0.8026819 0.5901225
vn 0.8165389 0.5175138 0.2558198
vn 0.3582733 0.1715005 -0.9177297
vn 0.3219868 0.1965926 -0.9261079
vn 0.2976682 0.04531393 -0.9535933
vn 0.4283768 0.07149197 -0.9007676
vn 0.4283768 0.07149197 -0.9007676
vn 0.6591722 0.3447277 -0.6683224
vn 0.5455605 0.115359 -0.830094
vn 0.6568692 0.4131406 -0.6307438
vn 0.6251287 0.4463228 -0.6403203
vn 0.5931091 0.4424056 -0.6726805
vn 0.5821426 0.3974499 -0.7093262
vn 0.5996479 0.376032 -0.7064151
vn 0.6126733 0.3887339 -0.6881258
vn 0.6142477 0.3775611 -0.6929266
vn 0.596662 0.3571004 -0.7186611
vn 0.6147797 0.3441947 -0.7096308
vn 0.5084964 0.3358795 -0.7928534
vn 0.4924904 0.3452879 -0.7988926
vn 0.3544192 0.3221932 -0.877826
vn 0.2693171 0.3074529 -0.9126559
vn 0.208868 0.2973556 -0.9316403
vn 0.2193061 0.2909126 -0.9312758
vn 0.2595566 0.2896205 -0.9212765
vn 0.4075181 0.1656379 -0.8980497
vn 0.3219868 0.1965926 -0.9261079
vn 0.3582733 0.1715005 -0.9177297
vn 0.2976682 0.04531393 -0.9535933
vn 0.4283768 0.07149197 -0.9007676
vn 0.5455605 0.115359 -0.830094
vn -0.6240244 0.1174177 0.7725326
vn -0.4411423 0.1085074 0.8908533
vn -0.4017895 -0.1959523 0.8945211
vn 0.04783676 -0.1656357 0.9850261
vn -0.4742533 -0.06460778 0.8780146
vn -0.2821308 0.09468256 0.9546924
vn -0.3176415 0.729582 0.6056516
vn 0.2328801 0.8519617 0.4689649
vn -0.2333547 0.7662439 0.5986784
vn 0.4035661 0.8301486 0.3846918
vn 0.70493 0.6925008 0.1533506
vn 0.6743884 0.7190134 0.1679879
vn 0.9129321 0.2666534 -0.3089513
vn -0.5881357 0.5261904 0.6141824
vn -0.6177573 0.5355315 0.5758315
vn -0.1287107 0.8149068 0.5651199
vn -0.4003053 0.7463133 0.5317633
vn -0.259577 0.6437345 0.719879
vn -0.5822459 0.5385166 0.6090891
vn -0.5148661 0.678625 0.5238139
vn -0.4974834 0.6984282 0.5144981
vn -0.1975438 0.7412297 0.6415255
vn -0.1383508 0.8730105 0.467666
vn 0.3102324 0.704237 0.6385971
vn 0.404394 0.8228183 0.3992939
vn 0.244243 0.810761 0.5319888
vn 0.3245505 0.7978246 0.5080777
vn -0.2253136 0.8312167 0.5082447
vn 0.02737769 0.9174595 0.3968858
vn -0.495455 0.7913472 0.3581814
vn 0.2442153 0.9612826 0.1276511
vn 0.08566476 0.9536232 0.2885554
vn 0.1630102 0.949347 -0.2686412
vn -0.1169487 0.9704967 -0.2108536
vn -0.04327565 0.9978187 0.04985123
vn -0.05214688 0.997676 0.04385737
vn -0.2623495 0.8886427 0.3761472
vn -0.09899894 0.8562418 0.5070003
vn -0.2755563 0.8186833 0.5038118
vn -0.07798161 0.8105123 0.5805072
vn -0.2645965 0.5085562 0.8193653
vn 0.1078136 0.5725085 0.8127793
vn 0.1833255 0.748962 0.6367477
vn 0.1405216 0.5605157 0.8161347
vn -0.4543227 0.5656683 0.6881935
vn -0.2089078 0.2183197 0.9532545
vn 0.2732951 0.262808 0.9253333
vn -0.5625768 0.1879794 0.8050907
vn 0.1190404 0.8071172 0.5782657
vn -0.04355961 0.8515432 0.5224718
vn -0.1336777 0.701755 0.6997643
vn -0.1990892 0.5912714 0.7815124
vn -0.3803097 0.6223674 0.6841223
vn -0.2454779 0.3557718 0.9017578
vn 0.1880106 0.1976821 0.9620674
vn -0.07379293 0.5873001 0.8059981
vn 0.03986679 0.208753 0.9771554
vn -0.2271152 0.5627421 0.7948208
vn 0.1849307 0.151504 0.9710032
vn 0.2427074 0.1276644 0.9616625
vn 0.04318203 0.1483919 0.9879854
vn 0.3479117 0.0892078 0.9332734
vn 0.1979426 0.07168824 0.9775887
vn -0.2141265 0.1551992 0.9643978
vn 0.8126668 -0.04124286 0.5812674
vn 0.877884 -0.08921667 0.4704894
vn 0.7778099 -0.0418804 0.6271027
vn 0.7823881 -0.07945208 0.6177022
vn 0.9361446 0.1220547 0.3297513
vn 0.8218216 0.3737034 0.4300641
vn 0.784676 0.3285525 0.5256776
vn 0.448181 0.5449936 0.7086012
vn 0.606555 0.005741677 0.7950208
vn 0.7360595 0.02772779 0.6763487
vn 0.8317136 -0.001435997 0.5552031
vn 0.8270691 -0.07083021 0.5576197
vn 0.814513 -0.02156504 0.5797444
vn 0.7676249 0.3148305 0.5582417
vn 0.8527005 0.1595505 0.4974389
vn 0.8633208 -0.04285405 0.5028328
vn 0.8990029 -0.01154628 0.4377906
vn 0.8486069 0.1991058 0.4901255
vn 0.931667 -0.1020699 0.3486806
vn 0.9473688 -0.020017 0.3195178
vn 0.8446126 0.4544977 0.2829511
vn 0.8176427 0.3749688 0.4368739
vn 0.8738972 0.4438762 0.198186
vn 0.5704401 0.81622 0.09155835
vn 0.5394047 0.8306752 0.1379169
vn 0.7484792 0.5903775 0.3020487
vn 0.5783383 0.8152768 0.0291298
vn 0.5181235 0.8461459 0.1248403
vn 0.4142588 0.8845912 0.214215
vn 0.5014629 0.8558703 0.1265744
vn 0.4833648 0.8055451 0.3427178
vn 0.158633 0.9239769 0.3479975
vn 0.2546422 0.9494393 0.1836366
vn 0.2562575 0.9340454 0.2487795
vn 0.002367426 0.9051826 0.4250161
vn 0.2957333 0.7890657 0.5384397
vn 0.4863017 0.8735567 0.02023179
vn 0.5888378 0.8041098 0.0817159
vn 0.8787752 0.4570227 0.1374206
vn 0.980537 0.005309564 0.1962627
vn 0.958212 -0.12261 0.2584504
vn 0.4366605 0.7759475 0.4552288
vn 0.3891874 0.7912152 0.4717115
vn 0.3499621 0.8789676 0.3239484
vn 0.3140781 0.8865385 0.3397123
vn 0.5217966 0.7891641 0.3239573
vn 0.5511309 0.8123003 0.1908481
vn 0.6052781 0.7855193 0.128832
vn 0.598088 0.798678 0.06636436
vn 0.4398354 0.8980661 0.004709482
vn 0.4744455 0.8802708 -0.004982575
vn 0.6862865 0.7249612 -0.05867002
vn 0.5616384 0.8250487 0.06210393
vn 0.5917415 0.805183 -0.03901751
vn 0.4384375 0.8924536 0.1062974
vn 0.7858378 0.5753424 0.2268041
vn 0.6204485 0.7156178 0.3208349
vn 0.7023636 0.7057434 -0.09279834
vn 0.8419023 0.5389062 -0.027942
vn 0.8419023 0.5389062 -0.027942
vn 0.695165 0.7144632 0.07929623
vn 0.6582614 0.7155122 0.2339538
vn 0.5361742 0.8365763 0.1125043
vn 0.3728161 0.9186665 0.1306144
vn 0.6582614 0.7155122 0.2339538
vn 0.7952677 0.6061329 -0.0123342
vn 0.7572152 0.6456104 0.09905698
vn 0.7088046 0.684981 0.1685145
vn 0.4908317 0.8072829 0.3276867
vn 0.636659 0.6326827 0.4408832
vn 0.8218216 0.3737034 0.4300641
vn 0.1921369 0.9345918 0.2993685
vn -0.0658622 0.735369 0.6744588
vn 0.9235725 0.2176318 -0.3156741
vn 0.8358372 0.5210331 0.1729184
vn 0.9057896 0.3917513 -0.1614812
vn -0.4003053 0.7463133 0.5317633
vn -0.3515009 0.5695201 0.7430303
vn -0.1327747 0.8331189 0.5369207
vn -0.1327747 0.8331189 0.5369207
vn -0.1921766 0.8378627 0.5109347
vn 0.1971388 0.8650276 0.4613712
vn -0.3323856 0.772237 0.5414516
vn 0.008496856 0.9878162 0.1553935
vn -0.199711 0.9505428 0.2378736
vn -0.4003053 0.7463133 0.5317633
vn -0.01791418 0.9735625 0.2277173
vn -0.1369539 0.9901477 0.02917868
vn 0.02134588 0.5370867 0.843257
vn 0.2732951 0.262808 0.9253333
vn 0.4025126 0.4647841 0.788644
vn 0.520034 0.1446601 0.8418065
vn -0.3946115 0.8114407 0.4310985
vn -0.1664886 0.8963588 0.4108799
vn -0.7424427 0.4290232 0.5145074
vn -0.8649122 0.1244851 0.4862411
vn -0.2253136 0.8312167 0.5082447
vn -0.3136593 0.8371052 0.4481884
vn 0.1447339 0.9675494 0.207124
vn -0.4896953 0.7828627 0.3838286
vn -0.7424427 0.4290232 0.5145074
vn -0.7155167 0.6531445 0.2478672
vn -0.9246609 0.3215618 0.203961
vn 0.8218216 0.3737034 0.4300641
vn 0.8183354 0.573508 0.0376268
vn 0.7206759 0.5571911 0.4125098
vn 0.814513 -0.02156504 0.5797444
vn 0.7699366 0.07545724 0.6336434
vn 0.8205391 -0.004461938 0.5715731
vn 0.6618462 0.7211403 0.2047347
vn 0.5619979 0.7262328 0.3959095
vn 0.8644552 -0.05349713 -0.4998551
vn 0.9180565 0.1158501 -0.3791451
vn 0.8541814 -0.1047327 -0.5093184
vn 0.8218237 -0.07643778 -0.5645911
vn 0.9330193 0.0958544 -0.346824
vn 0.9049739 0.06934414 -0.4197783
vn 0.7932945 0.6072055 -0.04455738
vn 0.8418618 0.4337993 -0.3210715
vn 0.8419023 0.5389062 -0.027942
vn 0.586063 0.8083668 -0.05543796
vn 0.8418618 0.4337993 -0.3210715
vn 0.7023636 0.7057434 -0.09279834
vn 0.6862865 0.7249612 -0.05867002
vn 0.5710201 0.8207286 -0.0184542
vn 0.5852742 0.7954258 0.1573278
vn 0.09258606 0.9698902 0.2252568
vn 0.3886012 0.9213157 0.01290097
vn 0.3075626 0.9447121 0.1136848
vn -0.3155369 0.5314133 0.786153
vn -0.5993919 0.2282785 0.7672145
vn -0.7424427 0.4290232 0.5145074
vn -0.8649122 0.1244851 0.4862411
vn -0.9246609 0.3215618 0.203961
vn -0.9915892 0.07231503 0.1073373
vn -0.9821875 0.187876 0.003202444
vn -0.9983095 0.04728676 -0.03379589
vn -0.3946115 0.8114407 0.4310985
vn -0.7155167 0.6531445 0.2478672
vn -0.7155167 0.6531445 0.2478672
vn -0.9246609 0.3215618 0.203961
vn -0.8514249 0.5160088 0.09386414
vn -0.495455 0.7913472 0.3581814
vn -0.8514249 0.5160088 0.09386414
vn -0.9246609 0.3215618 0.203961
vn -0.9821875 0.187876 0.003202444
vn 0.8218237 -0.07643778 -0.5645911
vn 0.9944664 -0.1044251 -0.011491
vn 0.9180565 0.1158501 -0.3791451
vn 0.8541814 -0.1047327 -0.5093184
vn 0.9049739 0.06934414 -0.4197783
vn 0.8167533 -0.1530762 -0.5563109
vn 0.4844525 0.7886311 0.3786381
vn 0.5787413 0.7667398 0.2777925
vn 0.5175176 0.7855288 0.3392934
vn 0.5789422 0.7588217 0.2983547
vn 0.2886925 0.8760765 0.3861951
vn 0.6940868 0.6223124 0.361899
vn 0.475404 0.8592554 0.1888683
vn 0.6349316 0.7515948 0.1787932
vn 0.2490162 0.8271216 0.5038459
vn 0.370948 0.7531866 0.5432379
vn 0.4388811 0.898064 0.02940136
vn 0.4197654 0.8940734 -0.1563001
vn 0.4766426 0.8175142 -0.3232373
vn 0.4883822 0.7780129 -0.3951947
vn 0.4944774 0.7334709 -0.4663823
vn 0.4838821 0.7318408 -0.4798615
vn 0.5706428 -0.1477183 0.8078033
vn 0.7011531 -0.1684701 0.692822
vn 0.5896506 -0.03260889 0.807
vn 0.732506 0.002552216 0.6807557
vn 0.4441572 -0.1218339 0.8876266
vn 0.6159412 0.5030677 0.6062503
vn 0.4775324 0.4052389 0.7795795
vn 0.4378262 -0.01071073 0.8989958
vn 0.5011124 0.1140597 0.8578326
vn 0.6588964 0.5982082 0.456073
vn 0.4461165 0.6425227 0.6230125
vn 0.6128135 0.4819191 0.6262695
vn 0.7156292 0.3196076 0.6210682
vn 0.4660395 0.09848966 0.8792651
vn 0.6513673 0.05599286 0.7566938
vn 0.6982927 0.04331204 0.7145008
vn 0.3042867 0.03651735 0.9518803
vn 0.3108946 -0.1005763 0.9451079
vn 0.4441572 -0.1218339 0.8876266
vn 0.3259651 0.5551269 0.7652326
vn 0.3387699 0.5320687 0.7759753
vn 0.2859313 0.1312837 0.9492144
vn 0.1433663 -0.07625286 0.9867277
vn 0.1106341 0.05514952 0.9923299
vn 0.1008061 0.5595242 0.8226608
vn 0.1211029 0.5638116 0.8169764
vn 0.1339164 0.4589516 0.8783109
vn 0.05227194 0.1512373 0.9871144
vn -0.1453695 -0.0775787 0.9863312
vn -0.2165414 0.08665663 0.9724199
vn -0.1903477 0.6169021 0.763675
vn -0.3715659 0.1703045 0.9126528
vn -0.4007458 -0.01995099 0.915972
vn -0.259858 0.78001 0.5692611
vn -0.1425545 0.7229575 0.6760257
vn 0.2490162 0.8271216 0.5038459
vn 0.2886925 0.8760765 0.3861951
vn 0.157176 0.9492072 0.2725831
vn 0.2111174 0.9664406 0.1463625
vn 0.1287812 0.9710392 0.2012418
vn 0.0438093 0.9644977 0.260432
vn -0.07623655 0.9556931 0.2843212
vn -0.1480135 0.9420639 0.3010109
vn -0.2023152 0.9322595 0.2999345
vn -0.2337022 0.9161751 0.3255863
vn -0.1903477 0.6169021 0.763675
vn 0.05327785 0.7445396 0.6654489
vn -0.07897948 0.8267439 0.557007
vn 0.1211029 0.5638116 0.8169764
vn 0.05227194 0.1512373 0.9871144
vn -0.1268924 0.5333239 0.8363396
vn -0.1362742 0.159454 0.9777544
vn 0.05227194 0.1512373 0.9871144
vn -0.2082997 0.189198 0.9595913
vn -0.259858 0.78001 0.5692611
vn -0.09057987 0.9362426 0.3394779
vn -0.2003993 0.6903216 0.6951951
vn -0.1640381 0.3865775 0.9075513
vn -0.2082997 0.189198 0.9595913
vn -0.2817473 0.21321 0.9354999
vn -0.2594835 0.5207978 0.8132883
vn -0.2082997 0.189198 0.9595913
vn -0.2282555 0.2614429 0.9378417
vn -0.1453695 -0.0775787 0.9863312
vn -0.2165414 0.08665663 0.9724199
vn -0.4007458 -0.01995099 0.915972
vn 0.7886488 -0.06366234 0.611539
vn 0.7903829 -0.1530182 0.5931951
vn 0.7561172 0.400243 0.5177763
vn 0.9179954 -0.1393103 0.3713181
vn 0.9099592 -0.0383053 0.412925
vn 0.9738272 -0.18738 0.1286445
vn 0.9830533 -0.1793317 0.03803057
vn 0.9370437 -0.1546145 0.3131191
vn 0.9682778 -0.2475601 -0.03394061
vn 0.9889967 -0.1214528 -0.0844674
vn 0.7001873 0.4752888 0.5327647
vn 0.7263067 0.5077684 0.4633031
vn 0.7185951 0.05713126 0.693078
vn 0.7989789 0.4958204 0.3402865
vn 0.8351644 0.02742251 0.5493164
vn 0.8709224 0.206326 0.4460087
vn 0.9774351 -0.1204178 0.1735517
vn 0.9984342 0.0499653 0.0251479
vn 0.9758381 0.2127416 -0.04981007
vn 0.956633 -0.1949659 -0.2164294
vn 0.7836214 0.3682155 0.5003546
vn 0.9312027 0.1009601 0.3502409
vn 0.4791178 0.8661706 0.1421071
vn 0.4990351 0.834022 0.2353113
vn 0.444373 0.8958337 -0.003816031
vn 0.494125 0.864351 -0.09347529
vn 0.4822018 0.8741414 -0.0579511
vn 0.5675906 0.8203722 -0.06950171
vn 0.8923809 0.4253655 -0.1507332
vn 0.7753643 0.6308239 -0.02951777
vn 0.6639332 0.7303454 -0.1605874
vn 0.9830533 -0.1793317 0.03803057
vn 0.9682778 -0.2475601 -0.03394061
vn 0.956633 -0.1949659 -0.2164294
vn 0.9496064 -0.2760771 -0.1484219
vn 0.9774351 -0.1204178 0.1735517
vn 0.9984342 0.0499653 0.0251479
vn 0.9684656 -0.2414644 -0.06139426
vn 0.9780848 -0.1898941 0.0853838
vn 0.9651124 -0.260596 0.02544976
vn 0.6071705 0.4444395 0.6586483
vn 0.569459 0.4641065 0.67847
vn 0.5871871 0.4663109 0.6616384
vn 0.5739399 0.4704934 0.6702454
vn 0.5936428 0.4794936 0.6462771
vn 0.5685605 0.4895115 0.6611485
vn 0.5923086 0.4734843 0.6519073
vn 0.5605073 0.5114353 0.6513566
vn 0.5846418 0.5039207 0.6358127
vn 0.5515305 0.5112026 0.6591554
vn 0.58254 0.4915608 0.6473138
vn 0.5687025 0.488778 0.6615689
vn 0.5898368 0.5043712 0.6306363
vn 0.5876416 0.4699571 0.6586484
vn 0.5956002 0.5229505 0.6097403
vn 0.5849954 0.5265802 0.6168416
vn 0.5850665 0.6374651 0.5013337
vn 0.6031867 0.5312958 0.594887
vn 0.6180863 0.4623049 0.6358015
vn 0.6235932 0.4417603 0.6449647
vn 0.6147148 0.4802362 0.6256987
vn 0.6122972 0.4761276 0.6311851
vn 0.6009861 0.6495048 0.4657887
vn 0.6141633 0.5152184 0.5977905
vn 0.5549029 0.7931673 0.2509352
vn 0.6496057 0.3638258 0.6675651
vn 0.6008296 0.5054169 0.6193202
vn 0.07407063 -0.573526 0.8158317
vn 0.2660019 -0.717644 0.643607
vn 0.1404472 -0.6486832 0.7479871
vn -0.1236115 -0.3305409 0.9356617
vn -0.2618235 -0.093418 0.960584
vn 0.3428874 -0.7654052 0.5445945
vn 0.414254 -0.8016465 0.4309947
vn 0.4219979 -0.8277186 0.3698647
vn -0.2166595 0.7516111 -0.6230084
vn -0.3753031 0.8214954 -0.4292935
vn -0.2282782 0.7515972 -0.6188624
vn -0.5308454 0.8276905 -0.1820212
vn -0.2109159 0.751089 -0.6256035
vn -0.1996765 0.752782 -0.6272547
vn -0.658464 0.7378438 0.1483641
vn -0.6842206 0.6885401 0.2403222
vn -0.6923611 0.5898157 0.4156362
vn -0.6588936 0.5892403 0.4676057
vn -0.6232053 0.522606 0.5818059
vn -0.6002881 0.5166944 0.6104762
vn -0.5733624 0.3885646 0.7212996
vn -0.5522337 0.303528 0.776472
vn -0.5194092 0.2212758 0.8253793
vn -0.507169 0.2572154 0.8225691
vn -0.4575391 0.211412 0.8636915
vn -0.4113618 0.1643856 0.8965259
vn -0.2618235 -0.093418 0.960584
vn -0.1236115 -0.3305409 0.9356617
vn 0.5130849 0.562794 0.6480793
vn 0.4847483 0.6904179 0.5369751
vn 0.4841335 0.6141977 0.6231983
vn 0.4453052 0.6908267 0.5696155
vn 0.4993296 0.4998806 0.7076648
vn 0.5248327 0.4991721 0.6894765
vn 0.5026646 0.4951891 0.7086014
vn 0.5235177 0.4988878 0.6906809
vn 0.4966698 0.5124752 0.7004914
vn 0.516718 0.4874793 0.7038227
vn 0.4927605 0.508976 0.7057837
vn 0.4930761 0.5087441 0.7057304
vn 0.4759503 0.5387598 0.6951324
vn 0.4887482 0.5257993 0.6961753
vn 0.4729318 0.5602183 0.6800668
vn 0.4944226 0.5666149 0.6591614
vn 0.4538168 0.5962184 0.6622492
vn 0.4250095 0.6844815 0.5923276
vn 0.4756436 0.4947259 0.7273302
vn 0.4777107 0.5067559 0.7176287
vn 0.4724342 0.5140852 0.7159067
vn 0.475502 0.5390028 0.6952509
vn 0.4554425 0.5516303 0.6987676
vn 0.430535 0.6450132 0.6313459
vn 0.4536833 0.6341164 0.6261532
vn 0.3570079 0.7750332 0.5214105
vn 0.4112338 0.6946927 0.5901599
vn 0.4786516 0.5758796 0.6627633
vn 0.4664285 0.5624368 0.682722
vn 0.2485329 0.8975226 0.3642589
vn 0.2661901 0.7052999 -0.6570349
vn 0.5366051 0.5120251 -0.6707349
vn 0.07631756 0.7923127 -0.6053231
vn -0.1403291 0.8132057 -0.5648045
vn -0.199382 0.8033242 -0.5611747
vn 0.6450731 0.3768233 -0.6647444
vn 0.7747105 0.227057 -0.590143
vn 0.8197799 0.1794753 -0.5438285
vn 0.8731577 0.09874342 -0.4773313
vn 0.8801194 0.1023848 -0.4635809
vn 0.9202181 -0.006780699 -0.3913473
vn 0.9396324 -0.02167346 -0.3414988
vn -0.271326 0.7973482 -0.53909
vn -0.2713282 0.7973509 -0.539085
vn 0.9753619 -0.07158319 -0.2086742
vn 0.9656677 -0.08360792 -0.2459584
vn 0.9788351 -0.1924576 -0.06958384
vn 0.9757464 -0.2188989 0.001501411
vn 0.8583071 -0.4260107 0.2860485
vn 0.9272216 -0.3318371 0.1736211
vn 0.3422973 -0.7143064 0.610409
vn 0.2228794 -0.7131636 0.6646221
vn 0.4142872 -0.7018846 0.5794169
vn 0.110098 -0.715632 0.6897458
vn 0.5550618 -0.6538135 0.5142317
vn 0.6932955 -0.5693372 0.4418104
vn -0.008888636 -0.709687 0.7044611
vn -0.07114613 -0.7213057 0.688953
vn 0.8583071 -0.4260107 0.2860485
vn 0.9272216 -0.3318371 0.1736211
vn 0.9757464 -0.2188989 0.001501411
vn 0.9788351 -0.1924576 -0.06958384
vn 0.9396324 -0.02167346 -0.3414988
vn 0.9656677 -0.08360792 -0.2459584
vn 0.9202181 -0.006780699 -0.3913473
vn -0.4909613 0.4787022 0.7278745
vn -0.2892401 0.7750831 0.5617708
vn -0.3218335 0.4601737 0.8274438
vn -0.202656 0.8015426 0.5625477
vn 0.1151918 0.9921564 -0.04854477
vn 0.01254828 0.99118 -0.131927
vn 0.2602975 0.8804684 -0.3962583
vn 0.08996312 0.8481783 -0.5220156
vn -0.1569874 0.6257079 0.7640973
vn -0.1041487 0.872191 0.4779497
vn -0.05605338 0.9703146 -0.2352607
vn -0.05621033 0.798468 -0.5994075
vn -0.1151894 0.9556835 -0.2709252
vn -0.007783207 0.8227081 0.5684106
vn -0.1108551 0.9801515 -0.1643604
vn 0.05410197 0.81376 0.5786777
vn 0.02226571 0.6190034 0.7850726
vn 0.1825135 0.4939257 0.8501331
vn 0.1162343 0.7340454 0.6690792
vn 0.4527158 0.3003659 0.8395408
vn 0.3660008 0.8691505 -0.332597
vn -0.05621033 0.798468 -0.5994075
vn -0.1650716 0.863036 -0.4774098
vn -0.1771287 0.9780715 -0.1095517
vn -0.1395349 0.9900842 0.01623045
vn -0.2776947 0.9347877 -0.2214895
vn -0.1470897 0.9879082 0.04900928
vn -0.1120311 0.9922369 -0.05398958
vn -0.1395349 0.9900842 0.01623045
vn 0.152608 0.8810383 0.4477524
vn 0.0619562 0.980698 0.1854533
vn -0.07555548 0.9960497 -0.04665141
vn 0.1363984 0.935657 0.3254862
vn -0.1082589 0.9914376 0.07301775
vn -0.1248599 0.8324651 0.5398257
vn -0.262813 0.9388125 0.2226216
vn -0.256949 0.8359835 0.4848803
vn -0.3049017 0.9166117 0.2585695
vn 0.04935411 0.3145888 0.9479442
vn 0.2450643 0.3133044 0.9174877
vn 0.4436632 0.5077354 0.7384902
vn 0.1467406 0.9480182 0.2823628
vn 0.3591685 -0.05138644 0.9318569
vn 0.3501069 0.07176784 0.9339564
vn 0.435329 0.4229472 0.7947354
vn 0.3967722 0.6118562 0.6842543
vn -0.1324611 0.9816975 0.1368356
vn 0.3967722 0.6118562 0.6842543
vn 0.4518366 0.5969085 0.6629812
vn 0.4527158 0.3003659 0.8395408
vn 0.2668732 0.3627992 0.8928357
vn 0.4708819 0.5072519 0.7217796
vn 0.5647626 0.2496467 0.7865874
vn 0.4436632 0.5077354 0.7384902
vn 0.3501069 0.07176784 0.9339564
vn 0.04237144 0.9968619 0.06686495
vn -0.4411137 0.6863549 0.5782176
vn -0.5549282 0.4810008 0.6787437
vn -0.0006446134 0.9698697 0.243623
vn 0.1275363 0.9371154 0.3248834
vn 0.1899264 0.9254209 0.3279089
vn -0.05189593 0.9612388 0.2707891
vn -0.1791499 0.9636589 0.1981592
vn -0.2712918 0.9532001 0.1334552
vn 0.003546173 0.9517045 0.3069951
vn 0.003351074 0.952652 0.3040442
vn 0.008974207 0.9218059 0.3875479
vn 0.1498256 0.932077 0.3298256
vn 0.2257758 0.9048871 0.3608387
vn 0.03949758 0.9604703 0.2755663
vn -0.1115614 0.9787785 0.1718919
vn -0.1677829 0.9779961 0.1239858
vn 3.795154E-05 0.9671974 0.2540262
vn 0.1302138 0.9171956 0.3765591
vn 0.1936262 0.8958499 0.3999524
vn 0.4151771 0.7607904 0.4988247
vn 0.3320475 0.8144023 0.475913
vn 0.2068474 0.8723726 0.4429223
vn 0.2180633 0.8574404 0.466095
vn 0.02412722 0.9213422 0.3880031
vn 0.03996045 0.9163228 0.3984416
vn -0.7803914 0.5414474 -0.3127684
vn -0.7803914 0.5414474 -0.3127684
vn -0.7803914 0.5414474 -0.3127684
vn 0.7510189 0.3221419 0.5763639
vn 0.7510189 0.3221419 0.5763639
vn 0.5906302 0.5829688 0.5579457
vn 0.8465286 0.1908977 0.4969381
vn 0.8465286 0.1908977 0.4969381
vn 0.8465286 0.1908977 0.4969381
vn -0.5025682 0.801723 0.3235203
vn -0.258972 0.9582049 0.1215593
vn -0.4498201 0.817062 0.3606543
vn -0.1263476 0.988291 0.08554031
vn -0.409265 0.8130033 0.414159
vn -0.1366914 0.9887939 0.06001851
vn 0.2216679 0.9436153 -0.2458727
vn 0.3393317 0.9334718 -0.1161217
vn -0.1171725 0.9850936 0.1259408
vn 0.3447414 0.9195073 -0.1888376
vn -0.06477684 0.9978859 -0.005265972
vn -0.4449961 0.8155918 0.3698492
vn -0.2317952 0.9673821 0.1021907
vn -0.2476407 0.9553976 0.160902
vn -0.3933856 0.8447499 0.3628297
vn -0.07154138 0.9741815 0.2141311
vn -0.181674 0.9833335 -0.007045491
vn -0.4940673 0.8188995 0.2920635
vn -0.3366213 0.9416241 -0.005484337
vn -0.5194916 0.8187398 0.244527
vn -0.2331001 0.9608859 -0.1495413
vn -0.5003302 0.8135096 0.2964319
vn -0.3758131 0.9088508 -0.1809822
vn 0.02871601 0.8903443 -0.4543815
vn 0.09338018 0.9318671 -0.3505764
vn -0.02214765 0.8992651 -0.4368429
vn -0.0841419 0.890567 -0.4470016
vn 0.08412895 0.926748 -0.3661426
vn -0.03151346 0.9067979 -0.420386
vn 0.0365848 0.9064088 -0.4208141
vn 0.2226445 0.9290929 -0.295323
vn 0.2033688 0.9353351 -0.289464
vn 0.4390165 0.8838525 -0.1614601
vn 0.00604724 0.9965785 -0.08243007
vn -0.3862559 0.9203215 -0.06176315
vn -0.5143651 0.8024356 0.3025321
vn -0.3115975 0.9430531 -0.1164379
vn -0.0006454893 0.8619034 -0.507072
vn 0.01234292 0.8586289 -0.5124489
vn 0.0397584 0.8509772 -0.5236956
vn -0.2005984 0.7809583 -0.5914933
vn -0.4254747 0.8874264 -0.1773289
vn -0.5812852 0.7873228 -0.2054999
vn -0.2621496 0.8074082 -0.5285544
vn -0.4894052 0.8637748 -0.1198986
vn 0.1314911 0.8850957 -0.4464481
vn 0.1288645 0.8810503 -0.455131
vn -0.007425928 0.8284016 -0.5600855
vn -0.367177 0.9300658 -0.01259599
vn -0.5382259 0.7832435 0.3111954
vn -0.5690444 0.7669689 0.2965591
vn -0.6122251 0.7463142 0.2611427
vn -0.5162851 0.8508818 -0.09721016
vn -0.7066033 0.685365 0.1760304
vn -0.5812852 0.7873228 -0.2054999
vn -0.6949154 0.6721297 0.2556057
vn -0.5682407 0.8222081 -0.03280543
vn -0.6248649 0.7720545 0.1160857
vn -0.6077096 0.6974946 0.379724
vn -0.6050562 0.6994699 0.3803272
vn 0.2472241 0.9247733 -0.289266
vn 0.3447414 0.9195073 -0.1888376
vn 0.0365848 0.9064088 -0.4208141
vn -0.07350809 0.8484727 -0.5241094
vn 0.02785935 0.8497647 -0.5264254
vn -0.1567388 0.9280843 -0.3377757
vn -0.1840412 0.8322204 -0.5230087
vn -0.2621496 0.8074082 -0.5285544
vn 0.07946713 0.8592988 -0.505263
vn -0.3645492 0.8499477 -0.3803851
vn 0.07946713 0.8592988 -0.505263
vn 0.1472935 0.84374 -0.5161465
vn 0.4914804 0.7762482 -0.3948236
vn 0.02871601 0.8903443 -0.4543815
vn -0.0006454893 0.8619034 -0.507072
vn -0.3364368 0.8968821 -0.2870762
vn -0.005664211 0.9801155 0.1983468
vn -0.172471 0.9588932 0.2253388
vn 0.05091729 0.9732496 0.2240372
vn -0.0561881 0.9701629 0.2358531
vn 0.3752518 0.9084254 0.1842537
vn 0.1415475 0.9419521 0.3044513
vn -0.1968457 0.9192806 0.3408444
vn 0.08144248 0.9890642 0.1229602
vn -0.3933856 0.8447499 0.3628297
vn 0.1895188 0.9777605 0.08981644
vn 0.4501287 0.8846905 -0.1212718
vn 0.2971528 0.9450824 -0.1360862
vn -0.2476407 0.9553976 0.160902
vn 0.08144248 0.9890642 0.1229602
vn 0.29144 0.9506775 -0.1061844
vn 0.2971528 0.9450824 -0.1360862
vn 0.3393317 0.9334718 -0.1161217
vn 0.7253942 0.5655299 -0.3924018
vn 0.8828842 0.3045672 -0.3574272
vn 0.7983869 0.3885559 -0.4600029
vn 0.9086626 0.2029884 -0.3648669
vn 0.9620134 0.05631254 -0.2671311
vn 0.9258143 0.07287528 -0.370887
vn 0.9183777 0.3193185 -0.233705
vn 0.6431339 0.7510216 -0.1494834
vn 0.9862707 -0.02176552 -0.1636962
vn 0.911893 -0.06373578 -0.4054492
vn 0.906849 -0.1150406 -0.4054511
vn 0.927435 -0.1416484 -0.3461215
vn 0.5650221 0.7321407 -0.380421
vn 0.5179907 0.8463449 -0.1240396
vn 0.4072452 0.8371285 -0.3651946
vn 0.4938516 0.6360429 -0.592925
vn 0.1187847 0.8203286 -0.5594203
vn 0.189899 0.931773 -0.3094147
vn -0.04094175 0.8888841 -0.4562989
vn 0.01003123 0.9699402 -0.2431367
vn 0.6051686 0.5515754 -0.5740517
vn 0.2868326 0.9567164 -0.04920067
vn -0.04897752 0.9978207 -0.04421525
vn 0.3319395 0.9369106 -0.1096117
vn -0.3778465 0.8913012 -0.250628
vn -0.2686755 0.9597121 0.08225568
vn -0.2956219 0.9354721 -0.193648
vn -0.2393145 0.8979992 -0.3692237
vn -0.3203571 0.8231625 -0.4688014
vn -0.4284365 0.7737308 -0.4666721
vn -0.1729955 0.9526091 0.2502171
vn -0.2686755 0.9597121 0.08225568
vn -0.1589174 0.987025 0.0229562
vn -0.3058052 0.9386462 0.1594571
vn -0.5987377 0.7949363 -0.09792601
vn -0.3453918 0.9296419 -0.1283376
vn -0.1971791 0.7782168 -0.5962373
vn -0.2956219 0.9354721 -0.193648
vn -0.3203571 0.8231625 -0.4688014
vn -0.491367 0.7843227 -0.3786773
vn -0.4284365 0.7737308 -0.4666721
vn -0.1971791 0.7782168 -0.5962373
vn 0.9299482 -0.2568071 -0.2631471
vn 0.906849 -0.1150406 -0.4054511
vn 0.8974857 -0.2057099 -0.3901318
vn 0.911893 -0.06373578 -0.4054492
vn 0.927435 -0.1416484 -0.3461215
vn 0.8577745 -0.2140266 -0.4673494
vn 0.9620134 0.05631254 -0.2671311
vn 0.1850256 0.9827021 0.0078792
vn 0.3017912 0.9514045 0.06124938
vn 0.601586 0.7854676 0.1453788
vn 0.5506691 0.8049095 0.2210975
vn 0.03258359 0.9857689 0.1649182
vn 0.3861522 0.8859668 0.2568062
vn -0.2739752 0.9592123 -0.06963772
vn -0.2675522 0.9475552 -0.1747999
vn -0.3283305 0.9407938 0.08429845
vn 0.1311864 0.9630781 0.2350973
vn 0.3780952 0.8889995 0.2583097
vn 0.02990392 0.9583483 0.2840319
vn 0.3913121 0.8767084 0.2797447
vn -0.3180935 0.9213365 0.2235078
vn -0.3839827 0.903854 0.1886937
vn 0.1847964 0.982294 -0.03080368
vn -0.2748277 0.9384022 -0.2094542
vn 0.2147172 0.9636768 -0.1588195
vn 0.6120805 0.7849734 0.09578102
vn 0.6189504 0.7853418 -0.01177803
vn 0.2623892 0.924095 -0.2778495
vn 0.7093609 0.6940477 -0.1229022
vn 0.5698617 0.7999019 0.1881877
vn -0.2447896 0.903428 -0.3519885
vn -0.2659907 0.8616478 -0.4322177
vn 0.1539815 0.9348184 -0.3200066
vn 0.4882252 0.7252747 -0.4853996
vn 0.3642915 0.9010293 -0.2354525
vn 0.7093609 0.6940477 -0.1229022
vn 0.7423737 0.5690348 -0.3536676
vn 0.4177756 0.6500442 -0.6347488
vn 0.730768 0.6697463 -0.1319778
vn 0.6505105 0.7329708 -0.1989716
vn 0.3393978 0.8074614 -0.4825094
vn -0.2659907 0.8616478 -0.4322177
vn 0.2623892 0.924095 -0.2778495
vn 0.4177756 0.6500442 -0.6347488
vn -0.170762 0.7403236 -0.650201
vn 0.3393978 0.8074614 -0.4825094
vn -0.2053981 0.6432837 -0.7375619
vn -0.02499489 0.6862597 -0.726927
vn -0.170762 0.7403236 -0.650201
vn -0.2659907 0.8616478 -0.4322177
vn -0.1771719 0.7967018 -0.5778202
vn 0.6723877 0.6948725 0.2550428
vn 0.7529701 0.6557874 0.05457941
vn 0.730768 0.6697463 -0.1319778
vn 0.7794882 0.5908135 0.2081766
vn -0.4587022 0.6076029 -0.6483911
vn -0.2053981 0.6432837 -0.7375619
vn -0.3065884 0.6248043 -0.718069
vn -0.4101528 0.5878766 -0.6972631
vn -0.4524382 0.5844921 -0.6735492
vn 0.2998124 0.9493728 0.09382884
vn 0.3301912 0.9354746 0.1259412
vn 0.6112763 0.7434418 0.2713588
vn 0.5332502 0.7759432 0.3369811
vn 0.2653667 0.9287058 0.2590099
vn 0.5546303 0.7700223 0.3153582
vn 0.593375 0.7673311 0.2431235
vn 0.2019934 0.979368 0.006089697
vn 0.3254614 0.9452175 -0.02527533
vn 0.1885986 0.9797028 0.06791962
vn -0.2453271 0.9430767 -0.2245459
vn -0.1911512 0.928573 -0.3181404
vn 0.262728 0.9578508 -0.116172
vn -0.1727981 0.8970649 -0.4067128
vn 0.5960202 0.7872093 0.1583083
vn 0.262728 0.9578508 -0.116172
vn 0.4055193 0.9045245 -0.1318696
vn 0.7224653 0.6883711 0.06472297
vn 0.7098173 0.6427456 -0.2881624
vn 0.6017475 0.777674 0.1819977
vn 0.3036639 0.8950186 0.3266958
vn 0.5332502 0.7759432 0.3369811
vn -0.005897032 0.9847608 0.1738144
vn 0.06395348 0.9671398 0.2460703
vn 0.3128467 0.8926507 0.3245024
vn -0.03699837 0.9580548 0.2841867
vn 0.3224334 0.8744128 0.3625452
vn -0.3704662 0.9160797 0.1534687
vn -0.1245886 0.979997 0.1551883
vn -0.3541323 0.9351179 0.0120357
vn -0.2676308 0.9579688 -0.1032934
vn 0.3301912 0.9354746 0.1259412
vn 0.1885986 0.9797028 0.06791962
vn -0.4120939 0.9051561 0.1042638
vn -0.2453271 0.9430767 -0.2245459
vn -0.05207356 0.9967576 -0.06134102
vn 0.4465719 0.707223 -0.5480959
vn -0.05981277 0.8272429 -0.5586518
vn 0.1886919 0.9472978 -0.2588866
vn 0.1729949 0.6751413 -0.7171171
vn -0.05981277 0.8272429 -0.5586518
vn -0.1727981 0.8970649 -0.4067128
vn -0.09885463 0.8541752 -0.5105022
vn 0.1886919 0.9472978 -0.2588866
vn -0.1727981 0.8970649 -0.4067128
vn 0.184207 0.9610187 -0.2061816
vn 0.5521942 0.6649694 -0.5028889
vn 0.1729949 0.6751413 -0.7171171
vn 0.5110584 0.7397906 -0.4376404
vn 0.08671046 0.6406853 -0.7628916
vn 0.2517797 0.6836433 -0.6850101
vn 0.7728561 0.6041569 -0.194134
vn 0.7010928 0.7087286 0.07856761
vn 0.6811484 0.7320877 -0.009191941
vn 0.7224653 0.6883711 0.06472297
vn 0.5749701 0.6948637 0.431942
vn 0.7081122 0.655775 0.2617941
vn 0.6908638 0.5908161 0.4167053
vn -0.2135406 0.6563756 -0.7235823
vn 0.08671046 0.6406853 -0.7628916
vn 0.001494085 0.640453 -0.7679959
vn -0.2401751 0.6504119 -0.720611
vn -0.3776792 0.6466109 -0.6627614
vn 0.6246299 0.4869877 0.6104755
vn 0.3056188 0.6867783 0.6594943
vn 0.7812987 0.4266901 0.4555303
vn 0.485622 0.5386834 0.6884703
vn 0.1806207 0.549211 0.815931
vn 0.2551011 0.5880893 0.7675118
vn 0.3270924 0.6133502 0.7188964
vn 0.4236263 0.6160184 0.664125
vn 0.3909826 0.6197925 0.6804335
vn 0.5472761 0.610752 0.5722508
vn 0.6977507 0.6033143 0.386207
vn -0.5016843 0.580112 0.641703
vn -0.3112433 0.8792101 0.3607179
vn -0.3128175 0.7400675 0.5953531
vn -0.4351517 0.8784325 0.1974828
vn -0.3695281 0.8295066 0.4187693
vn -0.4396709 0.8979057 0.02132436
vn -0.6842797 0.7147191 0.1446998
vn -0.3825592 0.8635067 0.3286404
vn -0.5318673 0.7462984 0.4001946
vn -0.4838798 0.7465308 0.4566752
vn -0.3632788 0.7401432 0.5658768
vn -0.3128175 0.7400675 0.5953531
vn -0.1170688 0.8775961 0.4648871
vn -0.3766407 0.7733692 0.5099431
vn -0.4639317 0.7377084 0.4904627
vn -0.2886661 0.8449751 0.4502099
vn -0.5232185 0.5201631 0.6750354
vn -0.5944989 0.8030406 -0.04119194
vn -0.6673949 0.7442558 -0.02583459
vn -0.2099247 0.9167586 -0.3398312
vn -0.5062862 0.8493484 -0.14927
vn 0.506551 0.7928737 -0.3387586
vn 0.1211216 0.8926289 -0.4342155
vn -3.733404E-05 0.9148273 -0.4038453
vn -0.1077367 0.9247134 -0.3650998
vn -0.2099247 0.9167586 -0.3398312
vn -0.261227 0.9095863 -0.3231303
vn 0.4775388 0.7217782 -0.5009919
vn 0.1211216 0.8926289 -0.4342155
vn 0.6053069 0.7631158 -0.2264019
vn 0.7237985 0.6758032 -0.1393044
vn 0.4725389 0.6657211 -0.5775141
vn 0.6287265 0.6617486 -0.4084016
vn 0.5357832 0.7816107 0.3194076
vn 0.5620854 0.7108884 0.4227264
vn 0.7707028 0.5998091 0.2150494
vn 0.599615 0.7978844 -0.06198675
vn 0.6688358 0.7426223 0.03421901
vn 0.5472761 0.610752 0.5722508
vn 0.3542348 0.6004745 -0.7169018
vn 0.4725389 0.6657211 -0.5775141
vn 0.5049077 0.6052228 -0.6154457
vn 0.4105308 0.5349751 -0.7384214
vn 0.1839456 0.563799 -0.8051674
vn 0.2238849 0.7524847 0.6193888
vn 0.4141554 0.7203634 0.5563738
vn 0.5620854 0.7108884 0.4227264
vn 0.23211 0.7428248 0.6279621
vn -0.273137 0.8736409 0.4026758
vn -0.7331809 0.6480801 0.2060049
vn -0.437136 0.760608 0.479987
vn -0.7345497 0.6095763 0.2980831
vn 0.328419 0.7107038 0.6221262
vn 0.5069587 0.7071348 0.4929028
vn 0.6672302 0.5200297 0.5332664
vn 0.7972026 0.4087477 0.4442898
vn -0.4444961 0.6608973 0.6046801
vn -0.7256511 0.5801627 0.3699211
vn 0.3403897 0.5269353 0.7787643
vn 0.6436139 0.3696868 0.6701438
vn -0.4462726 0.6407713 0.6247022
vn -0.7597561 0.5746301 0.3042548
vn 0.341078 0.4400541 0.8306735
vn 0.7004741 0.2139339 0.6808584
vn -0.4721885 0.6958578 0.5411285
vn -0.7521551 0.6311931 0.1893619
vn 0.3165573 0.4423308 0.8391275
vn 0.6664792 0.1695641 0.7259846
vn -0.4240133 0.8314337 0.3590693
vn -0.6833169 0.730114 -0.003390153
vn 0.3495409 0.5220324 0.7780124
vn 0.6685436 0.1634167 0.7254959
vn 0.4174431 0.4230602 0.8042148
vn -0.4804027 0.8676578 0.1279968
vn -0.6480819 0.7572367 -0.08113151
vn -0.01775008 0.8585978 0.5123426
vn -0.07844616 0.753782 0.6524253
vn 0.6980077 0.1734312 0.6947711
vn 0.6980098 0.1734208 0.6947714
vn -0.6059209 0.1756231 -0.7758972
vn -0.6188474 0.03146642 -0.7848808
vn -0.6400023 0.1890973 -0.7447411
vn -0.5996055 0.4060829 -0.6896157
vn -0.5336822 0.5541263 -0.6388485
vn -0.5083712 0.6259952 -0.591345
vn -0.6770166 0.3515259 -0.6465896
vn -0.5996055 0.4060829 -0.6896157
vn -0.6312118 0.6049953 -0.4853375
vn -0.3476973 0.8180594 -0.4581324
vn -0.6059209 0.1756231 -0.7758972
vn -0.5202454 0.6583096 -0.5440343
vn -0.2119288 0.9754379 -0.06005781
vn -0.3996187 0.8975492 -0.1863067
vn -0.5202454 0.6583096 -0.5440343
vn -0.2074499 0.9552478 0.2108698
vn -0.005861395 0.9754802 0.220009
vn -0.2029171 0.9288914 0.3098153
vn -0.05365584 0.903006 0.4262642
vn 0.1982087 0.8596997 0.4707755
vn -0.0592576 0.9016073 0.4284771
vn 0.4297698 0.5930085 0.6809103
vn 0.3230538 0.6628987 0.675427
vn -0.08616634 0.9461738 0.3119781
vn -0.3118494 0.9260024 -0.2127662
vn -0.4119869 0.8302258 -0.3754891
vn 0.09977587 0.7734774 0.6259212
vn 0.1806171 0.5677387 0.8031502
vn 0.2381146 0.1647068 0.9571693
vn 0.4677178 -0.01303863 0.8837817
vn 0.5375115 0.4941443 0.683303
vn 0.09042004 0.9578475 0.2726765
vn -0.2722872 0.945867 -0.1766219
vn 0.1488947 0.8312991 0.5355111
vn 0.07068992 0.6202297 0.7812285
vn 0.09198046 0.4345442 0.8959414
vn -0.009040183 0.1338499 0.9909604
vn 0.1744778 -0.256847 0.950572
vn -0.1008086 0.9865767 0.128468
vn -0.2455859 0.9567698 -0.1558176
vn 0.1464935 0.9416192 0.3031384
vn -0.234616 0.9377929 -0.2559293
vn -0.1177667 0.9504821 -0.2876019
vn 0.2948742 0.9140058 0.2786442
vn 0.3427394 0.8070216 0.4808802
vn 0.4870386 0.806962 0.3340744
vn 0.5560635 0.6874865 0.4670714
vn 0.6232249 0.6373815 0.4531397
vn 0.6037791 0.5553526 0.5718691
vn -0.1221649 0.5004365 0.8571109
vn -0.4946308 0.3702888 0.7862738
vn 0.4794257 0.7385288 0.4740529
vn 0.6457393 0.6677378 0.3703336
vn -0.1707155 0.8661768 -0.4696742
vn -0.1229745 0.8963478 -0.4259552
vn -0.1365892 0.8227057 -0.5518141
vn -0.07159046 0.7818987 -0.6192812
vn -0.1499631 0.7971408 -0.5848741
vn -0.2552688 0.7810616 -0.5698952
vn -0.3656987 0.7853191 -0.4995383
vn -0.3705472 0.749234 -0.5489473
vn 0.41391 0.8749195 0.2513849
vn 0.6880004 0.7098725 0.1507861
vn 0.6967056 0.7104712 0.09915657
vn 0.7213502 0.6798451 0.1321533
vn -0.03383648 0.9496369 0.3115201
vn -0.03383562 0.9496335 0.3115306
vn -0.03383424 0.9496291 0.3115441
vn -0.03383414 0.9496261 0.3115534
vn -0.03383066 0.949628 0.3115482
vn -0.03382944 0.9496284 0.3115468
vn -0.033825 0.9496283 0.3115478
vn -0.03382265 0.94963 0.3115426
vn -0.03801764 0.9485542 0.314324
vn -0.04457927 0.9494068 0.3108687
vn -0.04995661 0.9492514 0.3105256
vn -0.05349812 0.9520764 0.3011453
vn -0.5202454 0.6583096 -0.5440343
vn -0.5083712 0.6259952 -0.591345
vn -0.3714193 0.7819418 -0.5006143
vn -0.3554088 0.8462216 -0.3969805
vn -0.5895298 0.6061761 -0.5338587
vn -0.6770166 0.3515259 -0.6465896
vn -0.6400023 0.1890973 -0.7447411
vn -0.5996055 0.4060829 -0.6896157
vn -0.621556 0.7029166 -0.3457981
vn -0.5544302 0.7219602 -0.4139813
vn -0.5082207 0.7367387 -0.4460134
vn -0.4682693 0.7286317 -0.4998196
vn -0.2819504 0.7748731 -0.5657523
vn -0.2112295 0.5682096 -0.7953112
vn 0.07879752 0.5102774 -0.8563923
vn 0.1648405 0.518056 -0.8393125
vn 0.1170324 0.5518494 -0.825691
vn -0.4648048 0.8721955 -0.1524188
vn -0.5765106 0.804088 -0.1451823
vn -0.5472929 0.8336218 -0.07446538
vn -0.5772902 0.8120471 -0.08553055
vn -0.1187601 0.6117756 -0.7820656
vn -0.466118 0.6226932 -0.6284799
vn -0.5080829 0.5763339 -0.640071
vn -0.6932216 0.5139918 -0.5052286
vn -0.7063066 0.4903784 -0.5105488
vn -0.8201153 0.4584062 -0.3424537
vn -0.8273734 0.4632666 -0.3175488
vn -0.1871346 0.9594409 -0.2108403
vn -0.237518 0.9519477 -0.1933409
vn -0.2356038 0.9597595 -0.1528156
vn -0.2330043 0.9626279 -0.1380453
vn -0.2144958 0.9691775 -0.1211878
vn -0.183693 0.9768644 -0.1095119
vn 0.5874338 0.3066768 0.7489132
vn 0.5449422 0.1305843 0.8282425
vn 0.3696702 -0.7839395 0.4987814
vn 0.3747844 -0.7778845 0.5044128
vn 0.2672558 -0.7280309 0.6313045
vn 0.2914146 -0.5787162 0.7616857
vn 0.2672558 -0.7280309 0.6313045
vn 0.4371946 -0.2595937 0.8610876
vn 0.1744778 -0.256847 0.950572
vn 0.1744778 -0.256847 0.950572
vn 0.4781545 -0.1587155 0.8638158
vn 0.2381146 0.1647068 0.9571693
vn -0.5330412 0.6794604 0.5041831
vn -0.4931291 0.6384837 0.5908995
vn -0.460678 0.6743625 0.5770711
vn -0.4944736 0.6807371 0.5404562
vn -0.5555156 0.7057099 0.4397453
vn -0.6053836 0.6822793 0.409885
vn -0.5174062 0.6804465 0.5189252
vn -0.5092349 0.7285736 0.4581053
vn -0.5089412 0.6518235 0.5622323
vn -0.3254499 0.6996928 0.6360127
vn -0.3029673 0.584056 0.7530534
vn -0.5790146 0.4396486 0.686623
vn -0.4474273 0.4817887 0.7534509
vn -0.6175051 0.3683244 0.6949998
vn -0.6182287 0.5570677 0.5544987
vn -0.5737641 0.646127 0.5033036
vn -0.5451663 0.6317382 0.5510903
vn -0.6862016 0.6699873 0.2832747
vn -0.6422324 0.6905586 0.332666
vn -0.4404168 0.8115811 0.3838868
vn -0.1978233 0.8851652 0.4211278
vn -0.2029171 0.9288914 0.3098153
vn -0.4803979 0.804694 0.3488345
vn -0.5457886 0.4966041 0.6749067
vn -0.6480196 0.3570813 0.6727284
vn -0.621556 0.7029166 -0.3457981
vn -0.3251187 0.9116624 -0.2513356
vn -0.5462018 0.7749839 -0.3179047
vn -0.7855977 0.5839795 -0.2044605
vn -0.8878157 0.459724 0.02090646
vn -0.8536386 0.4069645 0.3250862
vn -0.8768513 0.3891449 0.2823087
vn -0.9024262 0.3991345 0.1622297
vn -0.9218431 0.3859729 -0.03507321
vn -0.9076629 0.3879285 -0.1601856
vn -0.9002586 0.3556043 -0.2511571
vn 0.1385356 0.7685192 0.6246487
vn 0.2339226 0.7485856 0.620403
vn 0.2014012 0.7899863 0.579102
vn 0.3731106 0.7576568 0.5354854
vn 0.05893593 0.7499238 0.6588937
vn 0.09608797 0.7456297 0.6593963
vn 0.1536535 0.831907 0.5332178
vn 0.2070528 0.8362092 0.5078222
vn 0.02859318 0.8239876 0.565886
vn 0.04101945 0.8139992 0.5794159
vn 0.4669393 0.6276765 0.6228883
vn 0.4926856 0.4951476 0.7156044
vn 0.465803 0.4403421 0.7675456
vn 0.4720699 0.4188836 0.7756845
vn 0.2493056 0.7991306 0.5470257
vn 0.238456 0.8070951 0.5401261
vn 0.208306 0.8287166 0.5194589
vn 0.1524783 0.8481393 0.5073559
vn 0.1295626 0.8559352 0.5005881
vn 0.08667708 0.8607641 0.50157
vn 0.0369457 0.8228244 0.5670934
vn 0.03386201 0.8247699 0.5644538
vn 0.02064334 0.8198686 0.5721795
vn 0.008468292 0.8207296 0.5712541
vn -0.0006330126 0.8196439 0.5728729
vn -0.009848551 0.8253527 0.5645317
vn -0.01237961 0.9968645 -0.07815234
vn -0.01237893 0.9968645 -0.07815192
vn 0.007544267 0.8179001 0.5753109
vn 0.01578632 0.8204421 0.5715116
vn -0.3251187 0.9116624 -0.2513356
vn -0.5996055 0.4060829 -0.6896157
vn -0.1590973 0.9674338 -0.1968754
vn -0.5462018 0.7749839 -0.3179047
vn -0.2562872 0.9521173 -0.1667019
vn -0.06290171 0.9961891 -0.06042121
vn -0.06290171 0.9961891 -0.06042121
vn -0.1659417 0.9796553 -0.1128661
vn -0.005352354 0.9992336 -0.03877535
vn -0.0380862 0.9991946 -0.01263331
vn -0.05033392 0.9980611 -0.03661346
vn -0.1590973 0.9674338 -0.1968754
vn -0.1475413 0.9589378 0.2422184
vn -0.2697248 0.9048845 0.3292911
vn 0.06996282 0.9380195 0.3394475
vn -0.09463339 0.8724167 0.4795138
vn -0.09463339 0.8724167 0.4795138
vn -0.1253135 0.8604487 0.4938872
vn -0.8950186 0.4397936 -0.07431781
vn -0.6481009 0.7482224 0.1418754
vn -0.8950186 0.4397936 -0.07431781
vn 0.2120499 0.9710438 0.1100396
vn 0.15227 0.9843423 0.08879279
vn 0.157609 0.9798625 0.1225918
vn 0.1055949 0.9912905 0.07869566
vn 0.1092558 0.991635 0.06872652
vn 0.05714127 0.9969242 0.05363702
vn 0.1419206 0.987447 0.06933156
vn 0.1980416 0.9765401 0.08455082
vn 0.265529 0.9568279 0.1182142
vn 0.2253938 0.9210063 0.3177185
vn 0.5420951 -0.1667719 -0.8236019
vn 0.1987905 -0.1141082 -0.9733765
vn 0.5156901 -0.1426295 -0.8448198
vn 0.1036223 -0.1121344 -0.9882754
vn -0.04810131 -0.1175578 -0.9919004
vn 0.7353552 -0.1629494 -0.6577995
vn 0.7659565 -0.2282892 -0.6009947
vn -0.1373005 -0.1139576 -0.9839523
vn 0.7037538 -0.137921 -0.6969278
vn 0.4921376 -0.1397107 -0.8592331
vn 0.6736846 -0.1314765 -0.7272297
vn 0.4081766 -0.1360498 -0.9027084
vn 0.06441956 -0.1052591 -0.9923561
vn -0.03754288 -0.100467 -0.9942318
vn -0.1838581 -0.1042423 -0.9774097
vn -0.2212263 -0.1183688 -0.9680122
vn 0.7556776 -0.1109569 -0.6454766
vn 0.8082439 -0.1071762 -0.579012
vn 0.8916241 -0.1096164 -0.4393072
vn 0.9067458 -0.08770535 -0.4124561
vn 0.9941596 -0.08880123 -0.06132821
vn 0.9971553 -0.06106455 -0.04418606
vn 0.793193 -0.1190114 -0.5972279
vn 0.9048442 -0.1309976 -0.4050883
vn 0.9835519 0.0796737 0.1621045
vn 0.8265685 -0.2004079 -0.5259478
vn 0.9678803 -0.1771737 -0.1783735
vn -0.811067 0.3329087 0.4809803
vn -0.8070121 0.322118 0.4949459
vn -0.798393 0.3368042 0.4991308
vn -0.7655913 0.3556412 0.536087
vn -0.7735101 0.3020474 0.55718
vn -0.7854967 0.3813844 0.4873816
vn -0.7444363 0.4608806 0.4831185
vn -0.8009665 0.3915888 0.4528916
vn -0.7775041 0.4768086 0.4100498
vn -0.5197901 0.6487473 0.5558283
vn -0.6372416 0.6066815 0.4752482
vn -0.225888 0.7025884 0.6747919
vn -0.09549589 0.7140608 0.69354
vn -0.3068084 0.6373599 0.7068529
vn -0.5090237 0.3836638 0.7705173
vn -0.2963145 0.3934028 0.8703057
vn 0.5475169 0.4570367 0.7009584
vn -0.1779535 0.6168492 0.7667005
vn 0.5631371 0.2144581 0.7980503
vn 0.7368337 0.03971131 0.6749067
vn 0.6347208 0.2804708 0.7200456
vn 0.7419168 0.05717845 0.6680495
vn 0.9229095 -0.06244896 0.3799185
vn 0.8087379 -0.05145171 0.5859145
vn 0.3580031 0.453905 0.8159681
vn 0.5631371 0.2144581 0.7980503
vn 0.7419168 0.05717845 0.6680495
vn 0.2131771 0.7694162 0.6021247
vn -0.1397023 0.7928015 0.5932528
vn -0.3068084 0.6373599 0.7068529
vn -0.09549589 0.7140608 0.69354
vn 0.4062681 0.4475181 0.7966642
vn -0.0289809 0.5836368 0.8114974
vn 0.1269186 0.8292087 0.5443388
vn 0.4184791 0.7032688 0.5747072
vn 0.9835519 0.0796737 0.1621045
vn 0.6572441 0.2966754 0.6928303
vn 0.8564555 0.04863252 0.513925
vn 0.9941596 -0.08880123 -0.06132821
vn 0.8409989 -0.0940224 0.5328044
vn 0.9971553 -0.06106455 -0.04418606
vn -0.0343578 0.858966 0.5108787
vn 0.1374194 0.9651476 0.2227242
vn 0.06031486 0.971464 0.22939
vn 0.03242504 0.9271904 0.3731843
vn 0.1269186 0.8292087 0.5443388
vn 0.2038173 0.959052 0.1966666
vn 0.03183309 0.8838788 0.4666315
vn -0.1397023 0.7928015 0.5932528
vn -0.0343578 0.858966 0.5108787
vn -0.09549589 0.7140608 0.69354
vn -0.1779535 0.6168492 0.7667005
vn 0.3194022 0.3712231 0.8718805
vn 0.6572441 0.2966754 0.6928303
vn 0.8409989 -0.0940224 0.5328044
vn 0 1 0
vn 0 1 0
vn 0 1 0
vn 0 1 0
vn 0 1 1.319762E-05
vn 0 1 0
vn 0 1 0
vn 0 1 0
vn 0 1 0
vn -0.2272521 0.9735397 -0.02401637
vn -0.339117 0.9302068 0.1404097
vn -0.05985729 0.9797686 0.1909726
vn -0.8333392 0.5508018 -0.04650938
vn -0.8805138 0.43587 0.1863131
vn -0.07990246 0.8355286 0.543606
vn -0.2995991 0.6357604 0.7113712
vn -0.3069892 0.247356 0.9190063
vn -0.07288691 0.08590151 0.993634
vn -0.189809 0.1795353 0.9652666
vn -0.1697536 0.1399988 0.9754917
vn -0.3092073 0.2497379 0.9176175
vn -0.1712795 0.1985994 0.9649984
vn 0.352025 0.005704918 0.9359733
vn 0.2187899 -0.01090411 0.9757111
vn 0.1875401 0.1535416 0.9701822
vn -0.08551741 0.1456349 0.9856354
vn -0.313143 0.2491798 0.9164338
vn -0.2851906 0.2427288 0.9272266
vn -0.1528202 0.06758329 0.9859405
vn -0.3826973 0.2350583 0.8934709
vn -0.1358956 0.3559923 0.924555
vn 0.03154023 0.1690181 0.9851082
vn -0.8761257 0.4810348 -0.03176899
vn -0.9429985 0.3307089 -0.03722219
vn -0.8813612 0.4718198 -0.02425813
vn -0.9844078 0.1701917 -0.04445054
vn 0.352025 0.005704918 0.9359733
vn 0.5920399 -0.006006393 0.8058863
vn 0.3326544 0.1004761 0.937681
vn 0.6404025 0.09107122 0.7626209
vn 0.6539389 -0.1140432 0.7479024
vn 0.4482833 -0.1377676 0.8832113
vn 0.3326544 0.1004761 0.937681
vn 0.5784159 0.3879778 0.7175711
vn 0.4375585 0.4335923 0.7877437
vn 0.4375585 0.4335923 0.7877437
vn 0.5104651 0.5867366 0.6286219
vn 0.3034207 0.3723938 0.8770739
vn 0.262572 0.06549564 0.962687
vn 0.2831115 0.03925331 0.9582834
vn 0.1570611 -0.1070152 0.9817737
vn -0.1697536 0.1399988 0.9754917
vn -0.1528202 0.06758329 0.9859405
vn -0.3826973 0.2350583 0.8934709
vn -0.4228094 0.2478258 0.8716733
vn -0.9059029 0.3374951 0.2558066
vn -0.9059029 0.3374951 0.2558066
vn -0.9059029 0.3374951 0.2558066
vn -0.9580193 0.2763125 -0.07648969
vn -0.8333392 0.5508018 -0.04650938
vn -0.9605594 0.275453 -0.03809803
vn -0.9844078 0.1701917 -0.04445054
vn -0.9429985 0.3307089 -0.03722219
vn -0.6182271 0.6851571 0.385169
vn -0.7488964 0.5696133 0.3386663
vn -0.6913269 0.6189482 0.3727871
vn -0.5645558 0.6917286 0.4503202
vn -0.4484638 0.8011338 0.3963143
vn -0.5791419 0.6925742 0.4300412
vn -0.4774827 0.7618676 0.4376847
vn -0.4813204 0.7998001 0.3586788
vn -0.4635408 0.8009917 0.3788696
vn -0.3391975 0.79812 0.4979453
vn -0.369658 0.780426 0.5042701
vn -0.288543 0.7484195 0.5971693
vn -0.4499404 0.7302998 0.5140193
vn -0.557606 0.7275246 0.3997293
vn -0.5696132 0.7565198 0.3212765
vn -0.3753701 0.8018166 0.4649596
vn -0.5444195 0.7893925 0.2836668
vn -0.4984318 0.7979442 0.3388964
vn -0.1974032 0.9796048 -0.03750318
vn -0.2708722 0.9625433 -0.0117794
vn -0.3732381 0.9254156 0.0655698
vn -0.5025854 0.7677605 0.3974314
vn -0.4786004 0.8581448 0.1858202
vn -0.4587489 0.7996535 0.3874322
vn 0.03968096 0.9118428 -0.4086173
vn -0.2402538 0.9706813 -0.007486622
vn 0.1244862 0.912616 -0.3894039
vn -0.1723891 0.9845442 -0.03089893
vn -0.5111571 0.7986607 0.3175837
vn -0.240859 0.9666243 -0.08731737
vn -0.3791466 0.9238452 0.05251532
vn -0.05685963 0.8785627 -0.4742305
vn -0.09640484 0.8888572 -0.4479275
vn -0.1042197 0.9863461 -0.1275137
vn -0.3096269 0.9399805 -0.1434142
vn 0.0503624 0.9164351 -0.3970017
vn -0.3172765 0.9313867 -0.1784782
vn -0.1723891 0.9845442 -0.03089893
vn -0.05685963 0.8785627 -0.4742305
vn 0.1733672 0.8955878 -0.4097148
vn -0.02078662 0.9746581 -0.2227322
vn -0.5626671 0.8045998 0.1898025
vn -0.3096269 0.9399805 -0.1434142
vn -0.6374494 0.7659037 0.08396357
vn -0.4676434 0.8689555 -0.1619444
vn -0.6398401 0.7666184 0.05386037
vn -0.5836853 0.7573307 -0.2928507
vn -0.747642 0.6636432 -0.02467971
vn -0.764582 0.5764926 -0.2882197
vn -0.6325137 0.5523879 -0.5429493
vn -0.3045025 0.7688281 -0.5623003
vn -0.6121449 0.5980259 -0.5173431
vn -0.6889923 0.6652127 -0.2877182
vn -0.4468407 0.6971636 -0.5606215
vn -0.6066767 0.7571958 -0.24207
vn -0.1708392 0.8101377 -0.5607948
vn -0.2686595 0.9520317 -0.1464845
vn -0.7059236 0.704626 0.07193091
vn -0.4527718 0.8493093 0.2714249
vn -0.4616729 0.8819513 0.09497455
vn -0.7642131 0.6448714 -0.01090966
vn -0.3065423 0.9518108 -0.009390561
vn -0.312573 0.8612109 0.4007667
vn -0.3768254 0.8212984 0.4283357
vn -0.3438778 0.8116146 0.4722604
vn -0.4537432 0.7632132 0.4600248
vn 0.09495947 0.9781663 0.1848602
vn -0.6182271 0.6851571 0.385169
vn -0.2168305 0.8931099 0.3941308
vn 0.4093201 0.850427 -0.3305012
vn 0.4085463 0.8652164 -0.2906724
vn 0.3835498 0.8517874 -0.356858
vn 0.3840306 0.9171084 0.1069244
vn 0.3530841 0.8563217 -0.3768882
vn 0.3499472 0.8611453 -0.3687353
vn 0.354843 0.8636592 -0.3580213
vn 0.3860462 0.8616261 -0.3294979
vn 0.2699994 0.870736 -0.4109978
vn 0.2054095 0.8761891 -0.4360043
vn 0.04752956 0.8684982 -0.4934083
vn 0.125775 0.892897 -0.4323376
vn 0.1120291 0.896951 -0.4277011
vn 0.05933319 0.9759963 -0.2095488
vn 0.1244862 0.912616 -0.3894039
vn -0.1447434 0.9579687 -0.2476797
vn 0.2527928 0.9566004 0.1449534
vn 0.5096508 0.8575987 0.06914034
vn 0.5393355 0.8301027 0.1415862
vn -0.02132441 0.956461 0.2910798
vn 0.4066892 0.9023581 0.1426668
vn -0.1256777 0.9432776 0.3072987
vn -0.2063887 0.913041 0.3517952
vn -0.2168305 0.8931099 0.3941308
vn -0.1060744 0.9589005 0.2631695
vn 0.7521949 0.6450305 -0.1346792
vn 0.09308586 0.9024247 -0.4206717
vn 0.03968096 0.9118428 -0.4086173
vn 0.1733672 0.8955878 -0.4097148
vn -0.5111571 0.7986607 0.3175837
vn -0.3777235 0.9196089 0.1079098
vn 0.04210874 0.8964848 -0.441069
vn 0.0503624 0.9164351 -0.3970017
vn 0.1887286 0.8949313 -0.404326
vn -0.0334635 0.8762852 -0.4806293
vn -0.5836853 0.7573307 -0.2928507
vn -0.1059009 0.9201494 -0.3769749
vn -0.1708392 0.8101377 -0.5607948
vn 0.1563239 0.7881703 -0.5952734
vn -0.03451912 0.8032401 -0.5946544
vn 0.1563239 0.7881703 -0.5952734
vn 0.01925502 0.7204204 -0.6932702
vn -0.02476536 0.7173904 -0.6962311
vn -0.09763644 0.698198 -0.7092156
vn -0.1721309 0.699013 -0.6940835
vn 0.5795964 0.7422041 -0.3364537
vn 0.6032913 0.7552361 -0.2562383
vn 0.5388414 0.7866158 -0.3014722
vn 0.3701278 0.8614124 -0.3478133
vn 0.448443 0.8855262 -0.1214175
vn 0.6170148 0.785982 -0.03905285
vn 0.2455177 0.9648322 0.09391374
vn 0.3008651 0.9512249 -0.06820083
vn 0.4243957 0.9041072 -0.0497836
vn 0.1070516 0.9772633 0.1830204
vn 0.2331642 0.97096 0.05358247
vn 0.3885931 0.887467 -0.2477855
vn 0.2243785 0.9614083 0.1592118
vn -0.06240771 0.8764777 0.4773803
vn -0.2811367 0.9378685 0.2033837
vn 0.2088825 0.9778626 0.01236447
vn -0.3011587 0.9462173 0.1182211
vn 0.0015743 0.9995124 0.03118135
vn -0.2761444 0.9316372 0.236213
vn 0.003494928 0.9990205 -0.04411206
vn -0.2176744 0.9047805 0.3660465
vn 0.03288984 0.9609073 0.27491
vn 0.4054762 0.8502609 -0.3356268
vn 0.3378364 0.9411995 -0.003176255
vn -0.3241542 0.9280062 0.1836531
vn -0.04367202 0.9978757 0.04834271
vn -0.05709473 0.997389 -0.04421863
vn -0.3144577 0.9486549 0.03420975
vn 0.04109693 0.9833608 -0.1769541
vn 0.393136 0.897008 -0.2020414
vn 0.09710088 0.9909169 -0.09303305
vn 0.2539319 0.8723707 -0.4177176
vn -0.3446197 0.9371234 -0.05510832
vn -0.06528658 0.9441324 -0.3230351
vn 0.1967226 0.879595 -0.4331429
vn 0.2417922 0.8235995 -0.51305
vn -0.1602853 0.8537943 -0.4953223
vn 0.3427075 0.8766956 -0.3375742
vn -0.419633 0.8942019 -0.15592
vn -0.5664654 0.7869582 -0.2445685
vn -0.1663535 0.8448792 -0.5084346
vn 0.2208661 0.7687966 -0.6001416
vn 0.4474243 0.8067658 -0.385928
vn 0.1495889 0.9694529 -0.1943816
vn 0.5388414 0.7866158 -0.3014722
vn -0.1391651 0.8067417 0.574283
vn 0.1425476 0.9338149 0.328131
vn -0.06240771 0.8764777 0.4773803
vn -0.6351977 0.7665051 -0.0948353
vn -0.5664654 0.7869582 -0.2445685
vn -0.28362 0.8361354 -0.4695075
vn -0.6760206 0.736877 0.002890561
vn -0.7166733 0.6851338 0.130273
vn -0.7524946 0.6585553 0.007531259
vn -0.7625349 0.6431044 0.07040658
vn 0.5866193 0.6586825 -0.4711847
vn 0.08748763 0.8218202 -0.5629898
vn 0.4474243 0.8067658 -0.385928
vn 0.6761616 0.6158817 -0.4043454
vn 0.7277597 0.3836648 -0.5684779
vn -0.289305 0.9495666 -0.1209376
vn -0.02167576 0.9880919 0.15233
vn -0.3210418 0.9443564 -0.07157587
vn -0.07347143 0.990538 0.1159156
vn -0.3196875 0.9422743 -0.09959501
vn 0.008028626 0.9999437 0.006944871
vn 0.358326 0.8626561 0.3569691
vn 0.2350726 0.9717218 -0.02230803
vn 0.03424801 0.9738675 0.2245198
vn 0.3783385 0.86442 0.3311163
vn 0.09261327 0.9839773 0.1523532
vn -0.3821242 0.923584 0.03120236
vn -0.008928207 0.9933302 0.1149583
vn -0.2865455 0.9213312 0.2627557
vn -0.09436423 0.9371364 0.3359625
vn 0.2874998 0.9566585 0.0463518
vn 0.2165425 0.9754405 -0.04031271
vn 0.5751603 0.7767587 0.2565865
vn 0.2484318 0.9684615 0.01908039
vn 0.2845443 0.9581789 -0.03046026
vn 0.3117548 0.9475729 0.07010329
vn 0.03709673 0.9455834 -0.3232581
vn 0.3981843 0.8103979 0.4297726
vn 0.4029166 0.8990536 0.1713499
vn 0.4789949 0.7735879 0.4148804
vn 0.5696722 0.7913175 0.2220142
vn 0.5928816 0.7925324 0.1427721
vn 0.6340137 0.7681245 0.08950713
vn 0.5003203 0.7861364 0.3628625
vn 0.5197895 0.6839095 0.5119439
vn 0.246864 0.7749035 0.5818787
vn 0.1504446 0.6820362 0.7156767
vn -0.1712385 0.9230964 0.3443406
vn 0.2607943 0.9006394 0.3476134
vn -0.2865455 0.9213312 0.2627557
vn -0.04042216 0.9427236 0.3311167
vn -0.5409802 0.8380784 -0.07046233
vn -0.4368386 0.866955 0.239919
vn -0.1712385 0.9230964 0.3443406
vn -0.5439728 0.8214359 0.1712792
vn -0.5159601 0.8197043 0.2487368
vn -0.5366476 0.8158204 0.2155145
vn -0.5639961 0.8219737 0.07916912
vn -0.5090048 0.8346885 0.2102597
vn -0.6377665 0.7651591 0.08823432
vn -0.4143144 0.8579603 0.3037234
vn 0.0009771482 0.9431306 0.332421
vn -0.4143144 0.8579603 0.3037234
vn 0.246864 0.7749035 0.5818787
vn -0.1091411 0.8097761 -0.5764986
vn 0.1275454 0.8087624 -0.5741389
vn -0.1003819 0.6817277 -0.7246866
vn 0.1041434 0.6384169 -0.7626126
vn 0.3294289 0.8203627 -0.4674201
vn -0.04420346 0.5271786 -0.848604
vn -0.1301749 0.3661297 -0.9214138
vn 0.02950179 0.4271829 -0.9036838
vn 0.107462 0.7945271 -0.5976442
vn 0.03953322 0.7337411 -0.678278
vn 0.1187312 0.7271587 -0.6761237
vn 0.07604348 0.6712717 -0.7373002
vn 0.01308544 0.9125634 -0.4087257
vn -0.1725737 0.9390119 -0.2974475
vn 0.2740318 0.9001524 -0.3385736
vn 0.1080004 0.9145013 -0.3899018
vn -0.0483313 0.8603325 -0.5074369
vn 0.3325886 0.8688377 -0.3667503
vn -0.008065456 0.2673716 -0.9635597
vn 0.01308544 0.9125634 -0.4087257
vn -0.2872561 0.2349116 -0.9286013
vn -0.407533 0.2756365 -0.8705983
vn -0.2872561 0.2349116 -0.9286013
vn -0.264382 0.2711469 -0.925517
vn -0.1301749 0.3661297 -0.9214138
vn -0.407533 0.2756365 -0.8705983
vn -0.2872561 0.2349116 -0.9286013
vn 0.1409159 0.9820408 0.125454
vn 0.1822694 0.9789827 0.09149174
vn 0.1342499 0.98651 0.0936749
vn 0.1697778 0.976533 0.1325094
vn 0.2126827 0.9737799 0.08073936
vn 0.2002676 0.9409621 0.2729158
vn 0.1688134 0.9856089 0.008784771
vn 0.1768401 0.947876 0.2650636
vn 0.1943698 0.905606 0.3769588
vn 0.1423919 0.9785125 0.1491231
vn 0.1696806 0.9854807 0.006014523
vn 0.2530791 0.9506406 -0.1795364
vn 0.249737 0.9653247 0.0760238
vn 0.1820775 0.9729024 0.1425085
vn 0.02605967 0.8993721 0.4364067
vn 0.1703139 0.7850432 0.5955671
vn 0.6873447 0.06329831 0.7235679
vn 0.5927392 0.06968416 0.8023742
vn 0.677713 0.3848562 0.6265706
vn 0.5704285 0.5752993 0.58621
vn 0.5226466 0.4111181 0.746875
vn 0.3922242 0.2589728 0.8826626
vn -0.2083094 0.3891871 0.8972963
vn 0.08843686 0.4935164 0.8652285
vn 0.4950765 0.4262933 0.7570821
vn -0.1193405 0.2556308 0.9593804
vn 0.5419304 0.08642754 0.8359675
vn 0.6297582 0.4398532 0.6402606
vn 0.6176159 0.09621257 0.7805727
vn 0.5962741 0.3666877 0.714141
vn 0.6287408 0.07956342 0.7735339
vn -0.4683648 0.1883517 0.8632254
vn -0.3559338 0.2176059 0.9088227
vn -0.3157029 0.3346379 0.8878903
vn -0.007613794 0.8336194 0.552287
vn 0.3727789 0.50199 0.7804114
vn -0.4598924 0.2000942 0.8651366
vn -0.5333596 0.2505363 0.8079351
vn -0.1412778 0.2890728 0.946825
vn -0.1685777 0.4773641 0.8623834
vn -0.4969057 0.2478606 0.8316548
vn -0.7997621 0.223537 0.5571461
vn -0.8691255 0.2919133 0.3992586
vn -0.6970896 0.3008528 0.6508101
vn -0.9185531 0.3372639 0.2061877
vn -0.8842166 0.3075623 0.3515202
vn -0.01845024 0.9909071 -0.1332774
vn -0.0612513 0.9944263 -0.08581721
vn -0.03666492 0.999109 -0.02090267
vn -0.04523075 0.9910788 -0.1253668
vn -0.07467508 0.9903358 -0.1168696
vn -0.03843631 0.9695972 -0.2416687
vn -0.04614158 0.9961665 -0.07431772
vn -0.03258127 0.9726868 -0.2298231
vn -0.02136121 0.9540648 -0.298838
vn -0.2292211 0.973213 -0.01772772
vn -0.5287358 0.8479134 0.03848657
vn -0.3146217 0.9388928 -0.1396195
vn -0.04980371 0.9780343 -0.2024067
vn -0.4287521 0.890132 -0.1543917
vn -0.005868143 0.9481784 -0.3176842
vn -0.7373625 0.6546205 0.166639
vn -0.3719073 0.7038125 0.6052545
vn -0.7041515 0.470492 0.5317971
vn -0.7041515 0.470492 0.5317971
vn -0.4397461 0.5035669 0.7436692
vn -0.2527004 0.4753188 0.8427422
vn -0.0940702 0.476867 0.8739271
vn -0.02139227 0.4577154 0.8888414
vn 0.223326 0.4355058 0.8720436
vn 0.4170899 0.3954831 0.8183087
vn 0.5785866 0.3549083 0.7343552
vn 0.5785978 0.3548996 0.7343506
vn -0.5859737 0.8044232 -0.09766331
vn -0.6364311 0.7670762 0.08093008
vn -0.9186719 0.3937642 0.03149309
vn -0.865247 0.4547608 0.211046
vn -0.7041515 0.470492 0.5317971
vn 0.1259117 0.9915259 0.03197602
vn 0.2069055 0.9735087 0.09731803
vn 0.1199536 0.9876522 0.1007689
vn 0.1693409 0.9038464 0.3929187
vn 0.2740405 0.9432952 0.1873395
vn 0.1833045 0.9158869 0.3571425
vn 0.3357351 0.7646731 0.5500517
vn 0.1388179 0.8171449 0.5594674
vn 0.1687599 0.9824778 0.07910321
vn 0.3082049 0.9513195 0.001001767
vn 0.2184718 0.9755092 -0.0255354
vn 0.2395624 0.3512973 0.9050967
vn -0.007864033 0.3765181 0.9263759
vn 0.3786809 0.3136534 0.8707596
vn 0.06077816 0.389721 0.9189252
vn -0.4360669 0.3220769 0.8403049
vn -0.6507756 0.2848079 0.7038292
vn -0.8354881 0.2538739 0.4873475
vn -0.881756 0.2886394 0.3730866
vn 0.2512491 0.3224162 0.9126455
vn 0.6288081 0.2307017 0.7425477
vn 0.8222938 0.1464543 0.5498946
vn 0.7836704 0.2192724 0.5811887
vn 0.7832776 0.2455619 0.5711179
vn 0.7836704 0.2192724 0.5811887
vn 0.5279975 0.6339205 0.5651226
vn 0.6382071 0.3767705 0.6713685
vn -0.02409451 0.8736418 0.4859728
vn -0.3117621 0.866899 0.3889608
vn -0.4843821 0.8593705 0.1638791
vn -0.3185219 0.947845 0.01155651
vn 0.2018169 0.8359885 0.5102873
vn -0.4442079 0.873301 0.2000616
vn -0.1795108 0.9634831 0.1986861
vn -0.3363009 0.8691589 0.3625802
vn -0.3998895 0.8784869 0.2614369
vn -0.1499361 0.9883818 -0.02491261
vn -0.05780739 0.9941319 -0.09143428
vn -0.3745994 0.908847 0.1835004
vn -0.04596132 0.9982722 0.036608
vn 0.2427107 0.897728 -0.367663
vn 0.3247127 0.8662961 -0.3795955
vn -0.2736312 0.9192138 0.2831465
vn -0.003457784 0.9996202 -0.02734223
vn -0.1679183 0.9188914 0.3569905
vn 0.06747904 0.9974427 0.02354917
vn 0.2553227 0.9084994 -0.3308162
vn 0.2506928 0.9142288 -0.3183376
vn -0.2396934 0.9276629 0.2863367
vn -0.1199547 0.9876615 -0.1006764
vn -0.2894847 0.9526371 0.09317286
vn -0.2087866 0.9719059 -0.1086603
vn 0.01210699 0.9297717 -0.3679374
vn -0.03035872 0.9382867 -0.3445235
vn -0.2083407 0.9734875 0.09442532
vn -0.2035663 0.9765376 -0.07024954
vn -0.0227067 0.9390267 -0.3430938
vn -0.3658724 0.9006183 0.2345725
vn -0.3177289 0.9432118 -0.09695224
vn -0.5881038 0.7982358 0.1302051
vn -0.4471769 0.8235393 -0.3490215
vn -0.1268781 0.8725654 -0.4717323
vn -0.4376784 0.7958552 -0.4183922
vn -0.2554348 0.7152975 -0.6504634
vn -0.02772282 0.9948521 -0.09747203
vn -0.01095028 0.990958 -0.1337254
vn -0.4376784 0.7958552 -0.4183922
vn -0.6202983 0.6553949 -0.4309149
vn -0.376667 0.6174365 -0.6905752
vn -0.3936833 0.7432614 -0.5409028
vn -0.2554348 0.7152975 -0.6504634
vn -0.3864349 0.6093208 -0.6923844
vn 0.419709 0.9035294 0.08648177
vn -0.02409451 0.8736418 0.4859728
vn 0.3630338 0.7974283 0.4819902
vn 0.4507931 0.8325181 0.3220235
vn 0.7627537 -0.4652734 -0.4491408
vn 0.7627537 -0.4652734 -0.4491408
vn 0.7627537 -0.4652734 -0.4491408
vn 0.5204588 0.7845141 -0.3371353
vn 0.4592824 0.8107339 -0.3630014
vn 0.3562178 0.8463767 -0.3959233
vn 0.514342 0.8574399 -0.01578196
vn 0.5129199 0.7733435 -0.3726298
vn 0.3831867 0.9235793 0.0130077
vn 0.3543447 0.8546349 -0.3795247
vn 0.405476 0.8418988 -0.3560836
vn 0.3247127 0.8662961 -0.3795955
vn -0.05583719 0.9889266 -0.1375
vn 0.4592824 0.8107339 -0.3630014
vn 0.3543447 0.8546349 -0.3795247
vn 0.4442586 0.4343681 0.7835552
vn 0.3538309 0.6800293 0.6421557
vn 0.4442586 0.4343681 0.7835552
vn 0.2390157 0.9477944 -0.2110858
vn 0.3247127 0.8662961 -0.3795955
vn 0.009543275 0.9821008 -0.188114
vn -0.2825474 0.8959593 0.3426717
vn -0.02601464 0.9890637 0.1451764
vn -0.2749936 0.9605454 -0.0416081
vn 0.07609901 0.9753041 0.2073423
vn 0.06863052 0.9973577 -0.02382243
vn 0.3757032 0.9246638 0.0620012
vn 0.3338962 0.936277 -0.1090813
vn 0.02586859 0.9981415 -0.05517615
vn 0.2814575 0.9595709 -0.002336761
vn -0.2418021 0.9694433 -0.04137192
vn 0.538662 0.773721 0.3334652
vn 0.04934429 0.997523 0.05012881
vn 0.3707973 0.9236383 0.0969617
vn 0.1216394 0.9628437 -0.241114
vn -0.2195734 0.950223 -0.2210513
vn -0.07607494 0.814764 -0.5747801
vn 0.1945635 0.9308236 -0.3093745
vn 0.2035684 0.7643696 -0.6117997
vn -0.2360709 0.971633 -0.01413806
vn 0.393462 0.8880299 -0.2378877
vn 0.275144 0.9120631 -0.3040341
vn 0.1586211 0.9657015 -0.2055718
vn 0.04369331 0.9107634 -0.4106104
vn 0.07609901 0.9753041 0.2073423
vn 0.06730498 0.8456849 0.5294216
vn -0.2461642 0.8249903 0.5087181
vn -0.07728384 0.8892559 0.4508339
vn -0.2865158 0.8835009 0.3705872
vn -0.2503656 0.8564608 0.4514333
vn 0.2913833 0.8493986 0.4400203
vn -0.1815905 0.7610987 0.6226987
vn 0.06730498 0.8456849 0.5294216
vn 0.2016196 0.9156835 0.3476683
vn 0.538662 0.773721 0.3334652
vn 0.1582879 0.9525845 0.2598606
vn 0.6371267 0.7441124 0.2009137
vn 0.4407398 0.8496976 0.2894174
vn 0.8516965 0.4400868 0.2844939
vn 0.6716692 0.7376339 0.06896889
vn 0.3032296 0.7379552 -0.602888
vn 0.275144 0.9120631 -0.3040341
vn 0.06729305 0.5109192 -0.8569908
vn 0.3111841 0.4850216 -0.8172628
vn 0.3265066 0.4385113 -0.8373179
vn 0.03671624 0.5443587 -0.8380486
vn 0.281572 0.6155458 -0.7360847
vn 0.1115564 0.6989984 -0.7063684
vn 0.6075507 0.4207238 -0.6737014
vn 0.5047731 0.3554584 -0.7866724
vn 0.2575329 0.5375826 -0.8029207
vn 0.8516965 0.4400868 0.2844939
vn 0.8606836 0.02358007 0.5085939
vn 0.8606836 0.02358007 0.5085939
vn -0.1816671 0.9419452 -0.2823763
vn 0.1441859 0.9891723 0.02735799
vn -0.142962 0.960929 -0.2370175
vn 0.1420465 0.9865603 0.08075531
vn -0.03049668 0.9681157 -0.2486404
vn 0.2348695 0.9644175 -0.1213889
vn 0.1449123 0.9041384 -0.4019132
vn 0.2624323 0.9406214 -0.2153148
vn 0.2379586 0.809832 -0.5362347
vn 0.3603747 0.7830761 -0.5068746
vn 0.4064279 0.9082304 -0.09966955
vn 0.3880132 0.909353 -0.1500772
vn 0.2693303 0.9494137 -0.1614773
vn 0.3815179 0.892207 0.2416831
vn 0.4286838 0.8642541 0.2632394
vn 0.4851952 0.7396294 0.4664052
vn 0.07435003 0.9851774 0.1545884
vn 0.4512256 0.6992384 -0.5544919
vn 0.6937104 0.4326456 -0.575833
vn 0.524439 0.4356474 -0.7315567
vn 0.6937104 0.4326456 -0.575833
vn 0.5860897 0.2052902 -0.7838079
vn 0.7608879 0.09016348 -0.6425886
vn 0.6377643 0.08008222 -0.7660571
vn 0.7197236 -0.03033243 -0.6935977
vn 0.367897 0.2057451 -0.9068191
vn 0.3878018 0.2881362 -0.8755497
vn 0.4643751 0.5875245 -0.6626996
vn 0.2379586 0.809832 -0.5362347
vn 0.05193013 0.8542551 0.5172539
vn 0.3295732 0.7242991 0.6056172
vn 0.4851952 0.7396294 0.4664052
vn -0.2215064 0.963739 0.1488019
vn -0.450788 0.8926266 0.002817872
vn -0.4143347 0.8487191 0.3286376
vn -0.1313795 0.9909081 0.02899334
vn -0.5645789 0.8110417 0.1531735
vn -0.4835846 0.8257912 0.2901982
vn -0.5280221 0.7319937 0.4305553
vn -0.2139188 0.7064219 0.6746903
vn 0.4851952 0.7396294 0.4664052
vn 0.5682074 0.5672721 0.5961063
vn 0.7243639 0.4863189 0.4886623
vn 0.7512974 0.4995462 0.431284
vn -0.697763 0.548663 0.4605386
vn -0.5280221 0.7319937 0.4305553
vn -0.697763 0.548663 0.4605386
vn -0.08305266 0.9704198 -0.2266883
vn -0.1150569 0.9929952 0.02687663
vn 0.1149386 0.9814675 -0.1533312
vn 0.06859516 0.9947585 0.0758291
vn 0.326637 0.9424005 -0.07204024
vn 0.3339787 0.933198 0.1326645
vn 0.6844655 0.7284076 -0.03048648
vn 0.605875 0.7567995 0.2452957
vn 0.9136226 0.3675143 0.1738596
vn 0.806596 0.3798254 0.4529187
vn 0.4867272 0.7222806 0.4913322
vn 0.8317512 0.2577658 0.4916775
vn 0.1789026 0.9195023 0.3500136
vn 0.03623881 0.957769 0.2852463
vn -0.1648026 0.9555196 0.2445863
vn -0.2672503 0.9264355 0.2651308
vn -0.2974691 0.9545565 0.0182785
vn -0.2811067 0.9276314 -0.2459251
vn 0.8761746 0.1343329 0.462896
vn 0.8461339 0.1512765 0.5110508
vn 0.9083051 0.0337519 0.4169444
vn -0.3814396 0.9238417 -0.03194374
vn -0.3026309 0.9196834 -0.250194
vn -0.4054773 0.9085345 0.1007633
vn -0.5022649 0.8385692 -0.211025
vn -0.6081293 0.7896187 -0.08173651
vn -0.6915659 0.7150353 -0.1022794
vn -0.3663796 0.8548776 0.3673557
vn -0.3541332 0.7767363 0.5208363
vn -0.501362 0.8306521 0.2421843
vn -0.6156962 0.7872186 0.03471471
vn -0.6321836 0.6715437 -0.3864878
vn -0.05546124 0.9763247 -0.2090795
vn 0.04108272 0.9983199 0.04085759
vn 0.0375982 0.9757994 -0.2154111
vn 0.1575325 0.9874383 -0.012213
vn 0.1922516 0.9609305 0.199128
vn 0.2528983 0.9540449 0.1607505
vn 0.1680318 0.9477529 0.2711641
vn -0.01279468 0.9910253 0.1330602
vn -0.1686249 0.9656724 -0.1975915
vn -0.2100175 0.9708702 0.1153415
vn 0.1408125 0.8864865 0.4408102
vn -0.1745209 0.9106702 0.3744625
vn -0.3789347 0.9185132 -0.1128809
vn -0.2860014 0.8993015 0.3308472
vn 0.06536553 0.9340189 0.3511923
vn 0.2734761 0.9598215 -0.06287634
vn 0.3510289 0.9305007 0.1046295
vn 0.3435181 0.9313285 -0.1209239
vn 0.2410765 0.9351509 -0.2595669
vn 0.4679528 0.7795124 -0.4163899
vn 0.5933529 0.7676724 -0.2420982
vn 0.7806339 0.4100002 -0.4717102
vn 0.8523624 0.4004309 -0.3363532
vn 0.25039 0.9272698 -0.2783442
vn 0.6836676 0.7200199 -0.1190375
vn 0.8794093 0.2577774 -0.4002374
vn 0.4249749 0.9041258 0.04419347
vn 0.9097243 0.1809627 -0.3737034
vn 0.9035359 0.1512946 -0.4009149
vn 0.8619803 0.03372773 -0.5058186
vn -0.3469459 0.9107124 0.2241241
vn -0.5997729 0.7979164 0.06001562
vn -0.2860014 0.8993015 0.3308472
vn -0.4703483 0.8041177 0.3635479
vn -0.7074135 0.6541508 0.2676808
vn -0.5737472 0.6580203 0.4876715
vn -0.4537914 0.7238291 0.5197545
vn -0.2713637 0.4024737 0.8742865
vn -0.1879669 0.7750737 0.6032655
vn 0.1408125 0.8864865 0.4408102
vn 0.1216761 0.7831 0.6098765
vn 0.2738016 0.7096544 0.6491713
vn -0.2737427 0.8004313 0.533268
vn -0.4537914 0.7238291 0.5197545
vn -0.7845332 0.5877043 0.1977659
vn -0.1197021 0.8825454 0.4547363
vn 0.03424256 0.7447004 0.6665199
vn 0.2738016 0.7096544 0.6491713
vn -0.4557843 0.871059 0.1830767
vn -0.3871832 0.91952 0.06761806
vn -0.359888 0.9167955 -0.1731088
vn -0.1390949 0.9880777 0.06599332
vn 0.100245 0.994746 -0.02077132
vn -0.2011359 0.9578801 -0.2049634
vn 0.1044132 0.9752354 -0.1949716
vn -0.07876871 0.8894559 -0.450182
vn 0.122224 0.940621 -0.3166913
vn -0.05724035 0.8098314 -0.5838635
vn 0.0637447 0.7830719 -0.6186558
vn 0.3017975 0.9226592 -0.2400382
vn 0.2636432 0.9093519 -0.3218249
vn 0.1547591 0.9494129 -0.2732486
vn 0.3483448 0.9373569 0.004211132
vn 0.648791 0.738328 0.1842337
vn 0.3294787 0.9139904 0.2367812
vn 0.1193251 0.699233 -0.704865
vn 0.3197972 0.4326462 -0.8429394
vn 0.3244854 0.8339543 0.4463513
vn 0.5924923 0.6953602 0.4067273
vn 0.7955309 0.5346761 0.2850473
vn 0.8723779 0.4747035 0.116676
vn 0.686781 0.6293145 0.3637239
vn -0.1604184 0.9584231 0.2359895
vn -0.219931 0.8529148 0.4734623
vn -0.4478127 0.816011 0.3654994
vn -0.4557843 0.871059 0.1830767
vn -0.2315923 0.8679984 0.4392537
vn -0.1244602 0.832324 0.5401357
vn 0.1668243 0.8634226 0.4760999
vn -0.2315923 0.8679984 0.4392537
vn 0.3994172 0.6729265 0.622604
vn -0.2254223 0.7654331 0.6027412
vn -0.1244602 0.832324 0.5401357
vn -0.2254223 0.7654331 0.6027412
vn 0.09575947 0.4356397 -0.8950129
vn 0.3197972 0.4326462 -0.8429394
vn 0.1236562 0.2052918 -0.9708575
vn 0.3453479 0.09016231 -0.9341336
vn 0.1773645 0.08008339 -0.9808815
vn -0.126821 0.2057521 -0.9703517
vn -0.0940963 0.2881278 -0.9529576
vn 0.07743511 0.5875189 -0.8054969
vn -0.05724035 0.8098314 -0.5838635
vn 0.1773645 0.08008339 -0.9808815
vn 0.3453479 0.09016231 -0.9341336
vn 0.2843716 -0.03035324 -0.9582335
vn 0.04272152 0.9751697 0.2172991
vn -0.01955645 0.9997385 -0.01185137
vn 0.07455923 0.9819776 0.1736687
vn -0.03290808 0.9994528 0.003358125
vn 0.03601833 0.9760141 0.2147073
vn -0.1130498 0.9894397 0.09071302
vn -0.1961621 0.8724119 0.4476804
vn -0.3918548 0.8105122 0.4353388
vn -0.4569563 0.6334995 0.6243951
vn -0.5352416 0.6022227 0.592321
vn -0.5022001 0.7337543 0.4576022
vn -0.5817 0.5349126 0.6127753
vn -0.3521352 0.9293627 0.1108408
vn -0.150513 0.9766159 -0.153516
vn -0.1666374 0.9721143 -0.165002
vn -0.5720121 0.430549 0.6981617
vn -0.5911115 0.4059719 0.6969748
vn -0.5821477 0.3585957 0.729735
vn -0.1323927 0.9704168 -0.2018993
vn -0.03616342 0.9993424 -0.002617163
vn 0.03279588 0.9669844 0.2527162
vn 0.07833195 0.9204169 -0.3830102
vn 0.2178206 0.9730158 -0.07612068
vn 0.3708951 0.8973767 -0.2390645
vn 0.4332843 0.8995867 0.05485046
vn 0.4471949 0.8778587 -0.1714084
vn 0.3609274 0.8995818 -0.2459347
vn 0.3386766 0.6679554 -0.6626717
vn 0.3111864 0.8816342 -0.3548015
vn 0.6881069 0.7240911 -0.04691472
vn -0.800583 0.0306763 -0.5984361
vn -0.85358 -0.1480778 -0.4994739
vn -0.800583 0.0306763 -0.5984361
vn -0.800583 0.0306763 -0.5984361
vn -0.800583 0.0306763 -0.5984361
vn -0.7119158 0.2080636 -0.6707349
vn -0.3025228 0.948152 -0.09740506
vn -0.3016129 0.9408078 -0.1546299
g STR_Statue_mesh_0
f 3/3/3 2/2/2 1/1/1
f 3/3/3 1/1/1 4/4/4
f 3/3/3 4/4/4 5/5/5
f 3/3/3 5/5/5 6/6/6
f 3/3/3 6/6/6 7/7/7
f 3/3/3 7/7/7 8/8/8
f 3/3/3 8/8/8 9/9/9
f 3/3/3 9/9/9 10/10/10
f 3/3/3 10/10/10 11/11/11
f 3/3/3 11/11/11 12/12/12
f 3/3/3 12/12/12 13/13/13
f 3/3/3 13/13/13 14/14/14
f 3/3/3 14/14/14 15/15/15
f 3/3/3 15/15/15 16/16/16
f 3/3/3 16/16/16 17/17/17
f 3/3/3 17/17/17 18/18/18
f 4/4/4 19/19/19 5/5/5
f 4/4/4 20/20/20 19/19/19
f 1/1/1 20/20/20 4/4/4
f 1/1/1 21/21/21 20/20/20
f 2/2/2 21/21/21 1/1/1
f 9/9/9 22/22/22 10/10/10
f 9/9/9 23/23/23 22/22/22
f 8/8/8 23/23/23 9/9/9
f 8/8/8 24/24/24 23/23/23
f 7/7/7 24/24/24 8/8/8
f 7/7/7 25/25/25 24/24/24
f 6/6/6 25/25/25 7/7/7
f 6/6/6 26/26/26 25/25/25
f 5/5/5 19/19/19 26/26/26
f 5/5/5 26/26/26 6/6/6
f 2/2/2 27/27/27 21/21/21
f 27/27/27 28/28/28 21/21/21
f 27/27/27 29/29/29 28/28/28
f 29/29/29 30/30/30 28/28/28
f 29/29/29 31/31/31 30/30/30
f 32/32/32 31/31/31 29/29/29
f 32/32/32 33/33/33 31/31/31
f 34/34/34 33/33/33 32/32/32
f 34/34/34 35/35/35 33/33/33
f 36/36/36 35/35/35 34/34/34
f 36/36/36 37/37/37 35/35/35
f 38/38/38 37/37/37 36/36/36
f 38/38/38 39/39/39 37/37/37
f 40/40/40 39/39/39 38/38/38
f 40/40/40 41/41/41 39/39/39
f 42/42/42 41/41/41 40/40/40
f 42/42/42 43/43/43 41/41/41
f 44/44/44 43/43/43 42/42/42
f 44/44/44 45/45/45 43/43/43
f 46/46/46 45/45/45 44/44/44
f 46/46/46 47/47/47 45/45/45
f 48/48/48 47/47/47 46/46/46
f 49/49/49 48/48/48 46/46/46
f 50/50/50 48/48/48 49/49/49
f 50/50/50 51/51/51 48/48/48
f 48/48/48 51/51/51 52/52/52
f 51/51/51 53/53/53 52/52/52
f 54/54/54 53/53/53 51/51/51
f 54/54/54 55/55/55 53/53/53
f 22/22/22 55/55/55 54/54/54
f 10/10/10 22/22/22 54/54/54
f 56/56/56 54/54/54 51/51/51
f 10/10/10 54/54/54 56/56/56
f 50/50/50 56/56/56 51/51/51
f 57/57/57 46/46/46 44/44/44
f 49/49/49 46/46/46 57/57/57
f 57/57/57 44/44/44 58/58/58
f 58/58/58 44/44/44 42/42/42
f 58/58/58 42/42/42 59/59/59
f 59/59/59 42/42/42 40/40/40
f 59/59/59 40/40/40 60/60/60
f 60/60/60 40/40/40 38/38/38
f 60/60/60 38/38/38 61/61/61
f 61/61/61 38/38/38 36/36/36
f 61/61/61 36/36/36 62/62/62
f 62/62/62 36/36/36 34/34/34
f 62/62/62 34/34/34 63/63/63
f 63/63/63 34/34/34 32/32/32
f 63/63/63 32/32/32 64/64/64
f 64/64/64 32/32/32 29/29/29
f 64/64/64 29/29/29 27/27/27
f 16/16/16 59/59/59 60/60/60
f 15/15/15 59/59/59 16/16/16
f 15/15/15 58/58/58 59/59/59
f 14/14/14 58/58/58 15/15/15
f 14/14/14 57/57/57 58/58/58
f 13/13/13 57/57/57 14/14/14
f 13/13/13 49/49/49 57/57/57
f 12/12/12 49/49/49 13/13/13
f 12/12/12 50/50/50 49/49/49
f 11/11/11 50/50/50 12/12/12
f 11/11/11 56/56/56 50/50/50
f 65/65/65 63/63/63 64/64/64
f 65/65/65 64/64/64 66/66/66
f 66/66/66 64/64/64 27/27/27
f 3/3/3 65/65/65 66/66/66
f 3/3/3 66/66/66 2/2/2
f 66/66/66 27/27/27 2/2/2
f 3/3/3 67/67/67 65/65/65
f 3/3/3 18/18/18 67/67/67
f 18/18/18 62/62/62 67/67/67
f 18/18/18 61/61/61 62/62/62
f 17/17/17 61/61/61 18/18/18
f 17/17/17 60/60/60 61/61/61
f 16/16/16 60/60/60 17/17/17
f 67/67/67 62/62/62 63/63/63
f 67/67/67 63/63/63 65/65/65
f 28/28/28 30/30/30 68/68/68
f 30/30/30 69/69/69 68/68/68
f 30/30/30 70/70/70 69/69/69
f 31/31/31 70/70/70 30/30/30
f 31/31/31 71/71/71 70/70/70
f 71/71/71 72/72/72 70/70/70
f 71/71/71 73/73/73 72/72/72
f 74/74/74 73/73/73 71/71/71
f 74/74/74 75/75/75 73/73/73
f 76/76/76 75/75/75 74/74/74
f 76/76/76 77/77/77 75/75/75
f 78/78/78 77/77/77 76/76/76
f 78/78/78 79/79/79 77/77/77
f 80/80/80 79/79/79 78/78/78
f 80/80/80 81/81/81 79/79/79
f 82/82/82 81/81/81 80/80/80
f 82/82/82 83/83/83 81/81/81
f 84/84/84 83/83/83 82/82/82
f 84/84/84 85/85/85 83/83/83
f 86/86/86 85/85/85 84/84/84
f 45/45/45 86/86/86 84/84/84
f 47/47/47 86/86/86 45/45/45
f 43/43/43 84/84/84 82/82/82
f 45/45/45 84/84/84 43/43/43
f 43/43/43 82/82/82 41/41/41
f 41/41/41 82/82/82 80/80/80
f 37/37/37 78/78/78 76/76/76
f 39/39/39 78/78/78 37/37/37
f 39/39/39 80/80/80 78/78/78
f 41/41/41 80/80/80 39/39/39
f 37/37/37 76/76/76 35/35/35
f 35/35/35 76/76/76 74/74/74
f 35/35/35 74/74/74 33/33/33
f 33/33/33 74/74/74 71/71/71
f 33/33/33 71/71/71 31/31/31
f 21/21/21 28/28/28 87/87/87
f 21/21/21 87/87/87 20/20/20
f 90/90/90 89/89/89 88/88/88
f 93/93/93 92/92/92 91/91/91
f 94/94/94 92/92/92 93/93/93
f 94/94/94 95/95/95 92/92/92
f 96/96/96 95/95/95 94/94/94
f 96/96/96 97/97/97 95/95/95
f 98/98/98 97/97/97 96/96/96
f 98/98/98 99/99/99 97/97/97
f 100/100/100 99/99/99 98/98/98
f 100/100/100 101/101/101 99/99/99
f 102/102/102 101/101/101 100/100/100
f 102/102/102 103/103/103 101/101/101
f 104/104/104 103/103/103 102/102/102
f 104/104/104 105/105/105 103/103/103
f 106/106/106 105/105/105 104/104/104
f 106/106/106 107/107/107 105/105/105
f 108/108/108 107/107/107 106/106/106
f 108/108/108 109/109/109 107/107/107
f 110/110/110 109/109/109 108/108/108
f 110/110/110 111/111/111 109/109/109
f 112/112/112 111/111/111 110/110/110
f 115/115/115 114/114/114 113/113/113
f 115/115/115 113/113/113 116/116/116
f 116/116/116 113/113/113 117/117/117
f 116/116/116 117/117/117 118/118/118
f 118/118/118 117/117/117 119/119/119
f 118/118/118 119/119/119 120/120/120
f 120/120/120 119/119/119 121/121/121
f 120/120/120 121/121/121 122/122/122
f 122/122/122 121/121/121 123/123/123
f 122/122/122 123/123/123 124/124/124
f 124/124/124 123/123/123 125/125/125
f 124/124/124 125/125/125 126/126/126
f 127/127/127 114/114/114 115/115/115
f 127/127/127 128/128/128 114/114/114
f 129/129/129 128/128/128 127/127/127
f 126/126/126 125/125/125 130/130/130
f 126/126/126 130/130/130 131/131/131
f 131/131/131 130/130/130 132/132/132
f 131/131/131 132/132/132 133/133/133
f 133/133/133 132/132/132 134/134/134
f 133/133/133 134/134/134 135/135/135
f 135/135/135 134/134/134 136/136/136
f 135/135/135 136/136/136 137/137/137
f 137/137/137 136/136/136 138/138/138
f 129/129/129 139/139/139 128/128/128
f 140/140/140 139/139/139 129/129/129
f 140/140/140 141/141/141 139/139/139
f 142/142/142 141/141/141 140/140/140
f 142/142/142 143/143/143 141/141/141
f 144/144/144 143/143/143 142/142/142
f 70/70/70 72/72/72 145/145/145
f 70/70/70 145/145/145 69/69/69
f 69/69/69 145/145/145 146/146/146
f 69/69/69 146/146/146 147/147/147
f 147/147/147 146/146/146 148/148/148
f 68/68/68 69/69/69 147/147/147
f 151/151/151 150/150/150 149/149/149
f 152/152/152 150/150/150 151/151/151
f 152/152/152 153/153/153 150/150/150
f 154/154/154 153/153/153 152/152/152
f 155/155/155 152/152/152 151/151/151
f 156/156/156 152/152/152 155/155/155
f 156/156/156 154/154/154 152/152/152
f 157/157/157 156/156/156 155/155/155
f 158/158/158 156/156/156 157/157/157
f 159/159/159 158/158/158 157/157/157
f 160/160/160 154/154/154 156/156/156
f 158/158/158 160/160/160 156/156/156
f 161/161/161 160/160/160 158/158/158
f 164/164/164 163/163/163 162/162/162
f 165/165/165 163/163/163 164/164/164
f 164/164/164 162/162/162 166/166/166
f 166/166/166 162/162/162 167/167/167
f 168/168/168 165/165/165 164/164/164
f 169/169/169 165/165/165 168/168/168
f 170/170/170 169/169/169 168/168/168
f 171/171/171 169/169/169 170/170/170
f 170/170/170 168/168/168 172/172/172
f 172/172/172 168/168/168 173/173/173
f 173/173/173 164/164/164 166/166/166
f 168/168/168 164/164/164 173/173/173
f 174/174/174 166/166/166 167/167/167
f 175/175/175 166/166/166 174/174/174
f 175/175/175 173/173/173 166/166/166
f 176/176/176 173/173/173 175/175/175
f 176/176/176 172/172/172 173/173/173
f 177/177/177 172/172/172 176/176/176
f 180/180/180 179/179/179 178/178/178
f 178/178/178 179/179/179 181/181/181
f 182/182/182 181/181/181 179/179/179
f 183/183/183 182/182/182 179/179/179
f 182/182/182 184/184/184 181/181/181
f 181/181/181 184/184/184 185/185/185
f 184/184/184 186/186/186 185/185/185
f 185/185/185 186/186/186 187/187/187
f 187/187/187 186/186/186 188/188/188
f 188/188/188 186/186/186 189/189/189
f 180/180/180 190/190/190 179/179/179
f 191/191/191 190/190/190 180/180/180
f 191/191/191 192/192/192 190/190/190
f 193/193/193 192/192/192 191/191/191
f 193/193/193 194/194/194 192/192/192
f 195/195/195 194/194/194 193/193/193
f 195/195/195 196/196/196 194/194/194
f 197/197/197 196/196/196 195/195/195
f 197/197/197 198/198/198 196/196/196
f 196/196/196 198/198/198 199/199/199
f 188/188/188 189/189/189 200/200/200
f 189/189/189 201/201/201 200/200/200
f 200/200/200 201/201/201 202/202/202
f 201/201/201 203/203/203 202/202/202
f 202/202/202 203/203/203 204/204/204
f 203/203/203 205/205/205 204/204/204
f 198/198/198 206/206/206 199/199/199
f 207/207/207 206/206/206 198/198/198
f 207/207/207 208/208/208 206/206/206
f 210/210/210 202/202/202 209/209/209
f 209/209/209 211/211/211 210/210/210
f 210/210/210 211/211/211 212/212/212
f 212/212/212 211/211/211 213/213/213
f 213/213/213 211/211/211 214/214/214
f 213/213/213 214/214/214 215/215/215
f 215/215/215 214/214/214 216/216/216
f 217/217/217 202/202/202 210/210/210
f 206/206/206 219/219/219 218/218/218
f 222/222/222 221/221/221 220/220/220
f 221/221/221 223/223/223 220/220/220
f 221/221/221 224/224/224 223/223/223
f 225/225/225 224/224/224 221/221/221
f 225/225/225 226/226/226 224/224/224
f 224/224/224 226/226/226 227/227/227
f 226/226/226 228/228/228 227/227/227
f 227/227/227 228/228/228 229/229/229
f 228/228/228 230/230/230 229/229/229
f 229/229/229 230/230/230 231/231/231
f 234/234/234 233/233/233 232/232/232
f 237/237/237 236/236/236 235/235/235
f 237/237/237 235/235/235 238/238/238
f 238/238/238 235/235/235 239/239/239
f 240/240/240 235/235/235 236/236/236
f 236/236/236 241/241/241 240/240/240
f 242/242/242 241/241/241 236/236/236
f 241/241/241 242/242/242 243/243/243
f 77/77/77 235/235/235 240/240/240
f 235/235/235 77/77/77 239/239/239
f 239/239/239 77/77/77 244/244/244
f 244/244/244 77/77/77 245/245/245
f 244/244/244 245/245/245 246/246/246
f 246/246/246 245/245/245 247/247/247
f 246/246/246 247/247/247 248/248/248
f 251/251/251 250/250/250 249/249/249
f 249/249/249 250/250/250 252/252/252
f 249/249/249 252/252/252 253/253/253
f 253/253/253 252/252/252 254/254/254
f 254/254/254 255/255/255 253/253/253
f 256/256/256 255/255/255 254/254/254
f 259/259/259 258/258/258 257/257/257
f 259/259/259 257/257/257 260/260/260
f 259/259/259 260/260/260 261/261/261
f 261/261/261 260/260/260 262/262/262
f 261/261/261 262/262/262 263/263/263
f 262/262/262 264/264/264 263/263/263
f 266/266/266 265/265/265 258/258/258
f 267/267/267 265/265/265 266/266/266
f 267/267/267 268/268/268 265/265/265
f 269/269/269 268/268/268 267/267/267
f 268/268/268 269/269/269 270/270/270
f 270/270/270 269/269/269 271/271/271
f 272/272/272 270/270/270 271/271/271
f 272/272/272 271/271/271 273/273/273
f 273/273/273 271/271/271 274/274/274
f 273/273/273 274/274/274 275/275/275
f 275/275/275 274/274/274 276/276/276
f 275/275/275 276/276/276 277/277/277
f 266/266/266 279/279/279 278/278/278
f 281/281/281 275/275/275 280/280/280
f 283/283/283 282/282/282 270/270/270
f 283/283/283 284/284/284 282/282/282
f 285/285/285 284/284/284 283/283/283
f 285/285/285 286/286/286 284/284/284
f 285/285/285 287/287/287 286/286/286
f 288/288/288 287/287/287 285/285/285
f 291/291/291 290/290/290 289/289/289
f 292/292/292 290/290/290 291/291/291
f 295/295/295 294/294/294 293/293/293
f 294/294/294 296/296/296 293/293/293
f 293/293/293 296/296/296 297/297/297
f 296/296/296 298/298/298 297/297/297
f 299/299/299 298/298/298 296/296/296
f 301/301/301 294/294/294 300/300/300
f 304/304/304 303/303/303 302/302/302
f 302/302/302 305/305/305 304/304/304
f 306/306/306 304/304/304 305/305/305
f 309/309/309 308/308/308 307/307/307
f 307/307/307 308/308/308 310/310/310
f 311/311/311 310/310/310 308/308/308
f 314/314/314 313/313/313 312/312/312
f 317/317/317 316/316/316 315/315/315
f 318/318/318 317/317/317 315/315/315
f 321/321/321 320/320/320 319/319/319
f 321/321/321 319/319/319 322/322/322
f 325/325/325 324/324/324 323/323/323
f 328/328/328 327/327/327 326/326/326
f 326/326/326 327/327/327 329/329/329
f 329/329/329 331/331/331 330/330/330
f 332/332/332 329/329/329 330/330/330
f 333/333/333 329/329/329 332/332/332
f 332/332/332 334/334/334 333/333/333
f 333/333/333 334/334/334 335/335/335
f 334/334/334 336/336/336 335/335/335
f 335/335/335 336/336/336 337/337/337
f 336/336/336 338/338/338 337/337/337
f 337/337/337 338/338/338 339/339/339
f 338/338/338 340/340/340 339/339/339
f 339/339/339 340/340/340 341/341/341
f 344/344/344 343/343/343 342/342/342
f 347/347/347 346/346/346 345/345/345
f 349/349/349 348/348/348 345/345/345
f 345/345/345 348/348/348 350/350/350
f 348/348/348 351/351/351 350/350/350
f 352/352/352 351/351/351 348/348/348
f 353/353/353 351/351/351 352/352/352
f 354/354/354 351/351/351 353/353/353
f 355/355/355 354/354/354 353/353/353
f 356/356/356 354/354/354 355/355/355
f 357/357/357 356/356/356 355/355/355
f 358/358/358 356/356/356 357/357/357
f 359/359/359 358/358/358 357/357/357
f 360/360/360 358/358/358 359/359/359
f 361/361/361 359/359/359 357/357/357
f 355/355/355 361/361/361 357/357/357
f 362/362/362 359/359/359 361/361/361
f 363/363/363 362/362/362 361/361/361
f 364/364/364 362/362/362 363/363/363
f 365/365/365 364/364/364 363/363/363
f 366/366/366 364/364/364 365/365/365
f 367/367/367 361/361/361 355/355/355
f 367/367/367 363/363/363 361/361/361
f 368/368/368 363/363/363 367/367/367
f 368/368/368 365/365/365 363/363/363
f 369/369/369 365/365/365 368/368/368
f 370/370/370 360/360/360 359/359/359
f 371/371/371 370/370/370 359/359/359
f 372/372/372 370/370/370 371/371/371
f 373/373/373 372/372/372 371/371/371
f 374/374/374 372/372/372 373/373/373
f 377/377/377 376/376/376 375/375/375
f 378/378/378 376/376/376 377/377/377
f 381/381/381 380/380/380 379/379/379
f 384/384/384 383/383/383 382/382/382
f 387/387/387 386/386/386 385/385/385
f 390/390/390 389/389/389 388/388/388
f 390/390/390 391/391/391 389/389/389
f 394/394/394 393/393/393 392/392/392
f 397/397/397 396/396/396 395/395/395
f 398/398/398 396/396/396 397/397/397
f 399/399/399 398/398/398 397/397/397
f 402/402/402 401/401/401 400/400/400
f 405/405/405 404/404/404 403/403/403
f 406/406/406 404/404/404 405/405/405
f 407/407/407 406/406/406 405/405/405
f 410/410/410 409/409/409 408/408/408
f 408/408/408 409/409/409 411/411/411
f 409/409/409 412/412/412 411/411/411
f 414/414/414 413/413/413 408/408/408
f 415/415/415 413/413/413 414/414/414
f 411/411/411 417/417/417 416/416/416
f 420/420/420 419/419/419 418/418/418
f 419/419/419 421/421/421 418/418/418
f 422/422/422 419/419/419 420/420/420
f 425/425/425 424/424/424 423/423/423
f 428/428/428 427/427/427 426/426/426
f 428/428/428 429/429/429 427/427/427
f 432/432/432 431/431/431 430/430/430
f 433/433/433 431/431/431 432/432/432
f 433/433/433 434/434/434 431/431/431
f 435/435/435 434/434/434 433/433/433
f 435/435/435 436/436/436 434/434/434
f 437/437/437 436/436/436 435/435/435
f 437/437/437 438/438/438 436/436/436
f 439/439/439 438/438/438 437/437/437
f 439/439/439 440/440/440 438/438/438
f 441/441/441 440/440/440 439/439/439
f 441/441/441 442/442/442 440/440/440
f 440/440/440 442/442/442 443/443/443
f 442/442/442 444/444/444 443/443/443
f 442/442/442 445/445/445 444/444/444
f 444/444/444 445/445/445 446/446/446
f 445/445/445 447/447/447 446/446/446
f 446/446/446 447/447/447 448/448/448
f 451/451/451 450/450/450 449/449/449
f 454/454/454 453/453/453 452/452/452
f 457/457/457 456/456/456 455/455/455
f 458/458/458 456/456/456 457/457/457
f 459/459/459 458/458/458 457/457/457
f 460/460/460 458/458/458 459/459/459
f 463/463/463 462/462/462 461/461/461
f 464/464/464 462/462/462 463/463/463
f 464/464/464 465/465/465 462/462/462
f 466/466/466 465/465/465 464/464/464
f 466/466/466 467/467/467 465/465/465
f 468/468/468 463/463/463 461/461/461
f 469/469/469 463/463/463 468/468/468
f 469/469/469 470/470/470 463/463/463
f 470/470/470 464/464/464 463/463/463
f 471/471/471 470/470/470 469/469/469
f 471/471/471 472/472/472 470/470/470
f 473/473/473 469/469/469 468/468/468
f 474/474/474 469/469/469 473/473/473
f 474/474/474 475/475/475 469/469/469
f 476/476/476 474/474/474 473/473/473
f 477/477/477 474/474/474 476/476/476
f 478/478/478 477/477/477 476/476/476
f 479/479/479 477/477/477 478/478/478
f 480/480/480 479/479/479 478/478/478
f 481/481/481 479/479/479 480/480/480
f 480/480/480 482/482/482 481/481/481
f 481/481/481 482/482/482 483/483/483
f 484/484/484 482/482/482 480/480/480
f 481/481/481 485/485/485 479/479/479
f 486/486/486 485/485/485 481/481/481
f 486/486/486 487/487/487 485/485/485
f 487/487/487 488/488/488 485/485/485
f 487/487/487 489/489/489 488/488/488
f 490/490/490 489/489/489 487/487/487
f 490/490/490 491/491/491 489/489/489
f 489/489/489 491/491/491 492/492/492
f 491/491/491 493/493/493 492/492/492
f 492/492/492 493/493/493 494/494/494
f 493/493/493 495/495/495 494/494/494
f 495/495/495 496/496/496 494/494/494
f 494/494/494 496/496/496 497/497/497
f 496/496/496 498/498/498 497/497/497
f 499/499/499 495/495/495 493/493/493
f 500/500/500 496/496/496 495/495/495
f 501/501/501 496/496/496 500/500/500
f 501/501/501 498/498/498 496/496/496
f 502/502/502 495/495/495 499/499/499
f 500/500/500 495/495/495 502/502/502
f 503/503/503 494/494/494 497/497/497
f 492/492/492 494/494/494 503/503/503
f 503/503/503 497/497/497 504/504/504
f 504/504/504 497/497/497 505/505/505
f 505/505/505 506/506/506 504/504/504
f 506/506/506 472/472/472 504/504/504
f 507/507/507 506/506/506 505/505/505
f 507/507/507 508/508/508 506/506/506
f 506/506/506 508/508/508 509/509/509
f 510/510/510 507/507/507 505/505/505
f 508/508/508 507/507/507 510/510/510
f 511/511/511 506/506/506 509/509/509
f 512/512/512 506/506/506 511/511/511
f 511/511/511 513/513/513 512/512/512
f 514/514/514 513/513/513 511/511/511
f 509/509/509 515/515/515 511/511/511
f 515/515/515 514/514/514 511/511/511
f 516/516/516 514/514/514 515/515/515
f 517/517/517 515/515/515 509/509/509
f 508/508/508 517/517/517 509/509/509
f 518/518/518 517/517/517 508/508/508
f 516/516/516 519/519/519 514/514/514
f 520/520/520 519/519/519 516/516/516
f 520/520/520 521/521/521 519/519/519
f 522/522/522 521/521/521 520/520/520
f 521/521/521 523/523/523 519/519/519
f 519/519/519 523/523/523 524/524/524
f 519/519/519 525/525/525 514/514/514
f 514/514/514 525/525/525 526/526/526
f 527/527/527 521/521/521 522/522/522
f 528/528/528 521/521/521 527/527/527
f 528/528/528 529/529/529 521/521/521
f 530/530/530 528/528/528 527/527/527
f 531/531/531 528/528/528 530/530/530
f 531/531/531 532/532/532 528/528/528
f 532/532/532 533/533/533 528/528/528
f 534/534/534 531/531/531 530/530/530
f 535/535/535 531/531/531 534/534/534
f 535/535/535 536/536/536 531/531/531
f 537/537/537 535/535/535 534/534/534
f 538/538/538 535/535/535 537/537/537
f 538/538/538 539/539/539 535/535/535
f 539/539/539 540/540/540 535/535/535
f 541/541/541 539/539/539 538/538/538
f 542/542/542 539/539/539 541/541/541
f 543/543/543 539/539/539 542/542/542
f 543/543/543 544/544/544 539/539/539
f 545/545/545 543/543/543 542/542/542
f 546/546/546 543/543/543 545/545/545
f 546/546/546 547/547/547 543/543/543
f 547/547/547 548/548/548 543/543/543
f 549/549/549 547/547/547 546/546/546
f 549/549/549 550/550/550 547/547/547
f 550/550/550 551/551/551 547/547/547
f 550/550/550 552/552/552 551/551/551
f 553/553/553 552/552/552 550/550/550
f 554/554/554 553/553/553 550/550/550
f 554/554/554 550/550/550 549/549/549
f 545/545/545 542/542/542 555/555/555
f 555/555/555 542/542/542 556/556/556
f 542/542/542 541/541/541 556/556/556
f 556/556/556 541/541/541 557/557/557
f 557/557/557 541/541/541 558/558/558
f 558/558/558 541/541/541 538/538/538
f 558/558/558 538/538/538 559/559/559
f 559/559/559 538/538/538 537/537/537
f 560/560/560 554/554/554 549/549/549
f 561/561/561 554/554/554 560/560/560
f 560/560/560 562/562/562 561/561/561
f 563/563/563 562/562/562 560/560/560
f 564/564/564 563/563/563 560/560/560
f 564/564/564 560/560/560 565/565/565
f 566/566/566 563/563/563 564/564/564
f 567/567/567 560/560/560 549/549/549
f 567/567/567 549/549/549 568/568/568
f 568/568/568 549/549/549 546/546/546
f 568/568/568 546/546/546 569/569/569
f 569/569/569 546/546/546 545/545/545
f 569/569/569 545/545/545 570/570/570
f 570/570/570 545/545/545 555/555/555
f 571/571/571 567/567/567 568/568/568
f 572/572/572 567/567/567 571/571/571
f 573/573/573 568/568/568 569/569/569
f 571/571/571 568/568/568 573/573/573
f 574/574/574 571/571/571 573/573/573
f 575/575/575 571/571/571 574/574/574
f 575/575/575 576/576/576 571/571/571
f 577/577/577 576/576/576 575/575/575
f 566/566/566 579/579/579 578/578/578
f 574/574/574 581/581/581 580/580/580
f 583/583/583 573/573/573 582/582/582
f 585/585/585 584/584/584 466/466/466
f 586/586/586 585/585/585 466/466/466
f 586/586/586 466/466/466 587/587/587
f 588/588/588 586/586/586 587/587/587
f 589/589/589 586/586/586 588/588/588
f 588/588/588 587/587/587 590/590/590
f 587/587/587 466/466/466 464/464/464
f 587/587/587 464/464/464 470/470/470
f 591/591/591 587/587/587 470/470/470
f 593/593/593 592/592/592 586/586/586
f 592/592/592 594/594/594 586/586/586
f 597/597/597 596/596/596 595/595/595
f 504/504/504 599/599/599 598/598/598
f 598/598/598 600/600/600 504/504/504
f 600/600/600 503/503/503 504/504/504
f 601/601/601 600/600/600 598/598/598
f 602/602/602 503/503/503 600/600/600
f 602/602/602 600/600/600 603/603/603
f 603/603/603 600/600/600 604/604/604
f 605/605/605 503/503/503 602/602/602
f 605/605/605 492/492/492 503/503/503
f 489/489/489 492/492/492 605/605/605
f 603/603/603 604/604/604 474/474/474
f 488/488/488 489/489/489 605/605/605
f 602/602/602 488/488/488 605/605/605
f 488/488/488 602/602/602 606/606/606
f 606/606/606 602/602/602 603/603/603
f 485/485/485 488/488/488 606/606/606
f 485/485/485 606/606/606 479/479/479
f 479/479/479 606/606/606 477/477/477
f 606/606/606 603/603/603 477/477/477
f 477/477/477 603/603/603 474/474/474
f 497/497/497 607/607/607 505/505/505
f 610/610/610 609/609/609 608/608/608
f 491/491/491 611/611/611 493/493/493
f 611/611/611 499/499/499 493/493/493
f 612/612/612 611/611/611 491/491/491
f 613/613/613 499/499/499 611/611/611
f 613/613/613 502/502/502 499/499/499
f 614/614/614 502/502/502 613/613/613
f 490/490/490 612/612/612 491/491/491
f 486/486/486 612/612/612 490/490/490
f 486/486/486 615/615/615 612/612/612
f 615/615/615 616/616/616 612/612/612
f 490/490/490 487/487/487 617/617/617
f 620/620/620 619/619/619 618/618/618
f 621/621/621 619/619/619 620/620/620
f 624/624/624 623/623/623 622/622/622
f 627/627/627 626/626/626 625/625/625
f 547/547/547 629/629/629 628/628/628
f 632/632/632 631/631/631 630/630/630
f 631/631/631 633/633/633 630/630/630
f 634/634/634 631/631/631 632/632/632
f 632/632/632 635/635/635 634/634/634
f 638/638/638 637/637/637 636/636/636
f 641/641/641 640/640/640 639/639/639
f 644/644/644 643/643/643 642/642/642
f 647/647/647 646/646/646 645/645/645
f 649/649/649 508/508/508 648/648/648
f 518/518/518 508/508/508 649/649/649
f 652/652/652 651/651/651 650/650/650
f 653/653/653 651/651/651 652/652/652
f 654/654/654 653/653/653 652/652/652
f 655/655/655 653/653/653 654/654/654
f 657/657/657 656/656/656 482/482/482
f 484/484/484 657/657/657 482/482/482
f 660/660/660 659/659/659 658/658/658
f 660/660/660 658/658/658 661/661/661
f 664/664/664 663/663/663 662/662/662
f 667/667/667 666/666/666 665/665/665
f 670/670/670 669/669/669 668/668/668
f 673/673/673 672/672/672 671/671/671
f 674/674/674 672/672/672 673/673/673
f 673/673/673 671/671/671 675/675/675
f 676/676/676 672/672/672 674/674/674
f 677/677/677 672/672/672 676/676/676
f 678/678/678 677/677/677 676/676/676
f 680/680/680 671/671/671 679/679/679
f 682/682/682 677/677/677 681/681/681
f 683/683/683 682/682/682 681/681/681
f 684/684/684 682/682/682 683/683/683
f 685/685/685 684/684/684 683/683/683
f 686/686/686 684/684/684 685/685/685
f 689/689/689 688/688/688 687/687/687
f 690/690/690 688/688/688 689/689/689
f 691/691/691 689/689/689 687/687/687
f 692/692/692 690/690/690 689/689/689
f 692/692/692 689/689/689 693/693/693
f 693/693/693 689/689/689 694/694/694
f 694/694/694 689/689/689 695/695/695
f 696/696/696 690/690/690 692/692/692
f 697/697/697 692/692/692 693/693/693
f 698/698/698 692/692/692 697/697/697
f 698/698/698 696/696/696 692/692/692
f 699/699/699 696/696/696 698/698/698
f 700/700/700 698/698/698 697/697/697
f 701/701/701 698/698/698 700/700/700
f 701/701/701 699/699/699 698/698/698
f 702/702/702 699/699/699 701/701/701
f 703/703/703 693/693/693 694/694/694
f 703/703/703 694/694/694 704/704/704
f 704/704/704 694/694/694 705/705/705
f 706/706/706 693/693/693 703/703/703
f 706/706/706 697/697/697 693/693/693
f 707/707/707 697/697/697 706/706/706
f 707/707/707 700/700/700 697/697/697
f 708/708/708 700/700/700 707/707/707
f 709/709/709 703/703/703 704/704/704
f 710/710/710 703/703/703 709/709/709
f 710/710/710 706/706/706 703/703/703
f 711/711/711 706/706/706 710/710/710
f 711/711/711 707/707/707 706/706/706
f 712/712/712 707/707/707 711/711/711
f 713/713/713 708/708/708 707/707/707
f 714/714/714 708/708/708 713/713/713
f 715/715/715 710/710/710 709/709/709
f 716/716/716 710/710/710 715/715/715
f 716/716/716 711/711/711 710/710/710
f 717/717/717 711/711/711 716/716/716
f 717/717/717 712/712/712 711/711/711
f 718/718/718 717/717/717 716/716/716
f 718/718/718 716/716/716 719/719/719
f 720/720/720 717/717/717 718/718/718
f 720/720/720 721/721/721 717/717/717
f 724/724/724 723/723/723 722/722/722
f 725/725/725 723/723/723 724/724/724
f 726/726/726 725/725/725 724/724/724
f 727/727/727 725/725/725 726/726/726
f 728/728/728 727/727/727 726/726/726
f 729/729/729 727/727/727 728/728/728
f 730/730/730 729/729/729 728/728/728
f 731/731/731 729/729/729 730/730/730
f 734/734/734 733/733/733 732/732/732
f 737/737/737 736/736/736 735/735/735
f 740/740/740 739/739/739 738/738/738
f 743/743/743 742/742/742 741/741/741
f 746/746/746 745/745/745 744/744/744
f 749/749/749 748/748/748 747/747/747
f 752/752/752 751/751/751 750/750/750
f 754/754/754 688/688/688 753/753/753
f 753/753/753 688/688/688 690/690/690
f 753/753/753 690/690/690 755/755/755
f 755/755/755 690/690/690 696/696/696
f 756/756/756 754/754/754 753/753/753
f 757/757/757 753/753/753 755/755/755
f 756/756/756 753/753/753 757/757/757
f 758/758/758 756/756/756 757/757/757
f 759/759/759 756/756/756 758/758/758
f 759/759/759 760/760/760 756/756/756
f 761/761/761 760/760/760 759/759/759
f 762/762/762 759/759/759 758/758/758
f 764/764/764 696/696/696 763/763/763
f 763/763/763 696/696/696 699/699/699
f 763/763/763 699/699/699 765/765/765
f 765/765/765 699/699/699 702/702/702
f 766/766/766 764/764/764 763/763/763
f 767/767/767 763/763/763 765/765/765
f 768/768/768 763/763/763 767/767/767
f 769/769/769 768/768/768 767/767/767
f 770/770/770 768/768/768 769/769/769
f 772/772/772 759/759/759 771/771/771
f 774/774/774 773/773/773 756/756/756
f 777/777/777 776/776/776 775/775/775
f 778/778/778 777/777/777 775/775/775
f 779/779/779 777/777/777 778/778/778
f 780/780/780 779/779/779 778/778/778
f 781/781/781 779/779/779 780/780/780
f 783/783/783 780/780/780 782/782/782
f 786/786/786 785/785/785 784/784/784
f 787/787/787 785/785/785 786/786/786
f 790/790/790 789/789/789 788/788/788
f 792/792/792 791/791/791 790/790/790
f 795/795/795 794/794/794 793/793/793
f 796/796/796 794/794/794 795/795/795
f 797/797/797 796/796/796 795/795/795
f 798/798/798 796/796/796 797/797/797
f 799/799/799 798/798/798 797/797/797
f 800/800/800 798/798/798 799/799/799
f 801/801/801 800/800/800 799/799/799
f 802/802/802 800/800/800 801/801/801
f 803/803/803 802/802/802 801/801/801
f 804/804/804 802/802/802 803/803/803
f 805/805/805 804/804/804 803/803/803
f 806/806/806 804/804/804 805/805/805
f 807/807/807 806/806/806 805/805/805
f 808/808/808 806/806/806 807/807/807
f 809/809/809 808/808/808 807/807/807
f 810/810/810 808/808/808 809/809/809
f 811/811/811 799/799/799 797/797/797
f 811/811/811 797/797/797 812/812/812
f 812/812/812 797/797/797 795/795/795
f 795/795/795 793/793/793 812/812/812
f 813/813/813 803/803/803 801/801/801
f 813/813/813 801/801/801 814/814/814
f 814/814/814 799/799/799 811/811/811
f 814/814/814 801/801/801 799/799/799
f 815/815/815 809/809/809 807/807/807
f 815/815/815 807/807/807 816/816/816
f 817/817/817 809/809/809 815/815/815
f 812/812/812 793/793/793 818/818/818
f 819/819/819 803/803/803 813/813/813
f 819/819/819 805/805/805 803/803/803
f 816/816/816 805/805/805 819/819/819
f 816/816/816 807/807/807 805/805/805
f 822/822/822 821/821/821 820/820/820
f 822/822/822 820/820/820 823/823/823
f 823/823/823 820/820/820 824/824/824
f 825/825/825 821/821/821 822/822/822
f 825/825/825 826/826/826 821/821/821
f 827/827/827 826/826/826 825/825/825
f 830/830/830 829/829/829 828/828/828
f 831/831/831 829/829/829 830/830/830
f 830/830/830 828/828/828 832/832/832
f 832/832/832 828/828/828 833/833/833
f 831/831/831 834/834/834 829/829/829
f 835/835/835 834/834/834 831/831/831
f 835/835/835 836/836/836 834/834/834
f 837/837/837 836/836/836 835/835/835
f 837/837/837 838/838/838 836/836/836
f 839/839/839 838/838/838 837/837/837
f 839/839/839 840/840/840 838/838/838
f 841/841/841 840/840/840 839/839/839
f 841/841/841 842/842/842 840/840/840
f 843/843/843 842/842/842 841/841/841
f 843/843/843 844/844/844 842/842/842
f 845/845/845 844/844/844 843/843/843
f 845/845/845 846/846/846 844/844/844
f 847/847/847 846/846/846 845/845/845
f 850/850/850 849/849/849 848/848/848
f 851/851/851 849/849/849 850/850/850
f 850/850/850 848/848/848 852/852/852
f 852/852/852 848/848/848 853/853/853
f 852/852/852 853/853/853 854/854/854
f 854/854/854 853/853/853 855/855/855
f 854/854/854 855/855/855 856/856/856
f 856/856/856 855/855/855 857/857/857
f 856/856/856 857/857/857 858/858/858
f 858/858/858 857/857/857 859/859/859
f 858/858/858 859/859/859 860/860/860
f 860/860/860 859/859/859 861/861/861
f 860/860/860 861/861/861 862/862/862
f 862/862/862 861/861/861 863/863/863
f 864/864/864 851/851/851 850/850/850
f 850/850/850 852/852/852 864/864/864
f 865/865/865 851/851/851 864/864/864
f 864/864/864 852/852/852 866/866/866
f 852/852/852 854/854/854 866/866/866
f 866/866/866 854/854/854 867/867/867
f 854/854/854 856/856/856 867/867/867
f 867/867/867 856/856/856 868/868/868
f 856/856/856 858/858/858 868/868/868
f 868/868/868 858/858/858 869/869/869
f 858/858/858 860/860/860 869/869/869
f 869/869/869 860/860/860 870/870/870
f 860/860/860 862/862/862 870/870/870
f 870/870/870 862/862/862 871/871/871
f 862/862/862 863/863/863 872/872/872
f 862/862/862 872/872/872 871/871/871
f 871/871/871 872/872/872 873/873/873
f 872/872/872 874/874/874 873/873/873
f 872/872/872 875/875/875 874/874/874
f 872/872/872 863/863/863 875/875/875
f 874/874/874 875/875/875 876/876/876
f 873/873/873 874/874/874 877/877/877
f 880/880/880 879/879/879 878/878/878
f 881/881/881 880/880/880 878/878/878
f 882/882/882 880/880/880 881/881/881
f 878/878/878 879/879/879 883/883/883
f 879/879/879 884/884/884 883/883/883
f 883/883/883 884/884/884 885/885/885
f 884/884/884 886/886/886 885/885/885
f 885/885/885 886/886/886 887/887/887
f 886/886/886 888/888/888 887/887/887
f 887/887/887 888/888/888 889/889/889
f 890/890/890 882/882/882 881/881/881
f 891/891/891 882/882/882 890/890/890
f 889/889/889 893/893/893 892/892/892
f 893/893/893 894/894/894 892/892/892
f 892/892/892 894/894/894 895/895/895
f 895/895/895 897/897/897 896/896/896
f 900/900/900 899/899/899 898/898/898
f 898/898/898 899/899/899 901/901/901
f 902/902/902 900/900/900 898/898/898
f 903/903/903 900/900/900 902/902/902
f 899/899/899 904/904/904 901/901/901
f 901/901/901 904/904/904 905/905/905
f 906/906/906 903/903/903 902/902/902
f 907/907/907 903/903/903 906/906/906
f 909/909/909 907/907/907 908/908/908
f 912/912/912 911/911/911 910/910/910
f 915/915/915 914/914/914 913/913/913
f 916/916/916 914/914/914 915/915/915
f 916/916/916 917/917/917 914/914/914
f 918/918/918 917/917/917 916/916/916
f 918/918/918 919/919/919 917/917/917
f 920/920/920 919/919/919 918/918/918
f 921/921/921 916/916/916 915/915/915
f 922/922/922 916/916/916 921/921/921
f 922/922/922 918/918/918 916/916/916
f 923/923/923 920/920/920 918/918/918
f 923/923/923 918/918/918 922/922/922
f 924/924/924 920/920/920 923/923/923
f 925/925/925 924/924/924 923/923/923
f 926/926/926 923/923/923 922/922/922
f 927/927/927 923/923/923 926/926/926
f 928/928/928 927/927/927 926/926/926
f 929/929/929 922/922/922 921/921/921
f 926/926/926 922/922/922 929/929/929
f 930/930/930 926/926/926 929/929/929
f 931/931/931 926/926/926 930/930/930
f 932/932/932 931/931/931 930/930/930
f 919/919/919 933/933/933 917/917/917
f 935/935/935 934/934/934 927/927/927
f 936/936/936 935/935/935 927/927/927
f 938/938/938 935/935/935 937/937/937
f 939/939/939 938/938/938 937/937/937
f 941/941/941 940/940/940 928/928/928
f 942/942/942 941/941/941 928/928/928
f 944/944/944 938/938/938 943/943/943
f 945/945/945 944/944/944 943/943/943
f 946/946/946 944/944/944 945/945/945
f 947/947/947 946/946/946 945/945/945
f 948/948/948 946/946/946 947/947/947
f 949/949/949 948/948/948 947/947/947
f 950/950/950 948/948/948 949/949/949
f 949/949/949 947/947/947 951/951/951
f 951/951/951 947/947/947 952/952/952
f 947/947/947 945/945/945 952/952/952
f 952/952/952 945/945/945 953/953/953
f 945/945/945 954/954/954 953/953/953
f 951/951/951 952/952/952 955/955/955
f 955/955/955 952/952/952 956/956/956
f 952/952/952 957/957/957 956/956/956
f 943/943/943 959/959/959 958/958/958
f 961/961/961 954/954/954 960/960/960
f 964/964/964 963/963/963 962/962/962
f 965/965/965 964/964/964 962/962/962
f 966/966/966 964/964/964 965/965/965
f 967/967/967 966/966/966 965/965/965
f 917/917/917 933/933/933 968/968/968
f 917/917/917 968/968/968 914/914/914
f 914/914/914 968/968/968 969/969/969
f 914/914/914 969/969/969 913/913/913
f 913/913/913 969/969/969 970/970/970
f 973/973/973 972/972/972 971/971/971
f 974/974/974 972/972/972 973/973/973
f 974/974/974 975/975/975 972/972/972
f 976/976/976 975/975/975 974/974/974
f 976/976/976 977/977/977 975/975/975
f 979/979/979 978/978/978 977/977/977
f 981/981/981 980/980/980 978/978/978
f 982/982/982 980/980/980 981/981/981
f 982/982/982 983/983/983 980/980/980
f 984/984/984 983/983/983 982/982/982
f 984/984/984 985/985/985 983/983/983
f 987/987/987 986/986/986 985/985/985
f 989/989/989 986/986/986 988/988/988
f 989/989/989 990/990/990 986/986/986
f 991/991/991 990/990/990 989/989/989
f 991/991/991 992/992/992 990/990/990
f 993/993/993 992/992/992 991/991/991
f 996/996/996 995/995/995 994/994/994
f 999/999/999 998/998/998 997/997/997
f 1002/1002/1002 1001/1001/1001 1000/1000/1000
f 1005/1005/1005 1004/1004/1004 1003/1003/1003
f 1006/1006/1006 1004/1004/1004 1005/1005/1005
f 1007/1007/1007 1006/1006/1006 1005/1005/1005
f 1008/1008/1008 1006/1006/1006 1007/1007/1007
f 1008/1008/1008 1009/1009/1009 1006/1006/1006
f 1009/1009/1009 1010/1010/1010 1006/1006/1006
f 1006/1006/1006 1010/1010/1010 1011/1011/1011
f 1012/1012/1012 1009/1009/1009 1008/1008/1008
f 1013/1013/1013 1012/1012/1012 1008/1008/1008
f 1014/1014/1014 1008/1008/1008 1007/1007/1007
f 1015/1015/1015 1008/1008/1008 1014/1014/1014
f 1004/1004/1004 1016/1016/1016 1003/1003/1003
f 1003/1003/1003 1016/1016/1016 1017/1017/1017
f 1018/1018/1018 1017/1017/1017 1016/1016/1016
f 1020/1020/1020 1019/1019/1019 1014/1014/1014
f 1021/1021/1021 1019/1019/1019 1020/1020/1020
f 1022/1022/1022 1021/1021/1021 1020/1020/1020
f 1023/1023/1023 1021/1021/1021 1022/1022/1022
f 1024/1024/1024 1023/1023/1023 1022/1022/1022
f 1025/1025/1025 1023/1023/1023 1024/1024/1024
f 1025/1025/1025 1026/1026/1026 1023/1023/1023
f 1023/1023/1023 1026/1026/1026 1027/1027/1027
f 1027/1027/1027 1028/1028/1028 1023/1023/1023
f 1023/1023/1023 1028/1028/1028 1021/1021/1021
f 1021/1021/1021 1028/1028/1028 1013/1013/1013
f 1027/1027/1027 1029/1029/1029 1028/1028/1028
f 1030/1030/1030 1029/1029/1029 1027/1027/1027
f 1030/1030/1030 1031/1031/1031 1029/1029/1029
f 1031/1031/1031 1032/1032/1032 1029/1029/1029
f 1029/1029/1029 1032/1032/1032 1028/1028/1028
f 1033/1033/1033 1031/1031/1031 1030/1030/1030
f 1034/1034/1034 1033/1033/1033 1030/1030/1030
f 1027/1027/1027 1034/1034/1034 1030/1030/1030
f 1026/1026/1026 1034/1034/1034 1027/1027/1027
f 1035/1035/1035 1033/1033/1033 1034/1034/1034
f 1028/1028/1028 1032/1032/1032 1036/1036/1036
f 1038/1038/1038 1037/1037/1037 1024/1024/1024
f 1039/1039/1039 1025/1025/1025 1038/1038/1038
f 1039/1039/1039 1040/1040/1040 1025/1025/1025
f 1039/1039/1039 1041/1041/1041 1040/1040/1040
f 1041/1041/1041 1042/1042/1042 1040/1040/1040
f 1041/1041/1041 1043/1043/1043 1042/1042/1042
f 1044/1044/1044 1043/1043/1043 1041/1041/1041
f 1045/1045/1045 1043/1043/1043 1044/1044/1044
f 1046/1046/1046 1043/1043/1043 1045/1045/1045
f 1047/1047/1047 1046/1046/1046 1045/1045/1045
f 1040/1040/1040 1042/1042/1042 1048/1048/1048
f 1042/1042/1042 1049/1049/1049 1048/1048/1048
f 1050/1050/1050 1049/1049/1049 1042/1042/1042
f 1043/1043/1043 1050/1050/1050 1042/1042/1042
f 1052/1052/1052 1051/1051/1051 1038/1038/1038
f 1053/1053/1053 1051/1051/1051 1052/1052/1052
f 1054/1054/1054 1053/1053/1053 1052/1052/1052
f 1055/1055/1055 1053/1053/1053 1054/1054/1054
f 1056/1056/1056 1055/1055/1055 1054/1054/1054
f 1057/1057/1057 1055/1055/1055 1056/1056/1056
f 1058/1058/1058 1057/1057/1057 1056/1056/1056
f 1059/1059/1059 1057/1057/1057 1058/1058/1058
f 1061/1061/1061 1060/1060/1060 1058/1058/1058
f 1062/1062/1062 1060/1060/1060 1061/1061/1061
f 1065/1065/1065 1064/1064/1064 1063/1063/1063
f 1067/1067/1067 1066/1066/1066 1041/1041/1041
f 1067/1067/1067 1041/1041/1041 1068/1068/1068
f 1071/1071/1071 1070/1070/1070 1069/1069/1069
f 1074/1074/1074 1073/1073/1073 1072/1072/1072
f 1075/1075/1075 1073/1073/1073 1074/1074/1074
f 1078/1078/1078 1077/1077/1077 1076/1076/1076
f 1081/1081/1081 1080/1080/1080 1079/1079/1079
f 1082/1082/1082 1080/1080/1080 1081/1081/1081
f 1083/1083/1083 1081/1081/1081 1079/1079/1079
f 1084/1084/1084 1081/1081/1081 1083/1083/1083
f 1080/1080/1080 1085/1085/1085 1079/1079/1079
f 1079/1079/1079 1085/1085/1085 1086/1086/1086
f 1086/1086/1086 1083/1083/1083 1079/1079/1079
f 1085/1085/1085 1087/1087/1087 1086/1086/1086
f 1089/1089/1089 1083/1083/1083 1088/1088/1088
f 1089/1089/1089 1088/1088/1088 1090/1090/1090
f 1090/1090/1090 1092/1092/1092 1091/1091/1091
f 1011/1011/1011 1090/1090/1090 1091/1091/1091
f 1095/1095/1095 1094/1094/1094 1093/1093/1093
f 1098/1098/1098 1097/1097/1097 1096/1096/1096
f 1099/1099/1099 1097/1097/1097 1098/1098/1098
f 1097/1097/1097 1099/1099/1099 1100/1100/1100
f 1100/1100/1100 1099/1099/1099 1101/1101/1101
f 1097/1097/1097 1102/1102/1102 1096/1096/1096
f 1097/1097/1097 1100/1100/1100 1102/1102/1102
f 1096/1096/1096 1102/1102/1102 1103/1103/1103
f 1102/1102/1102 1100/1100/1100 1104/1104/1104
f 1100/1100/1100 1101/1101/1101 1105/1105/1105
f 1105/1105/1105 1101/1101/1101 1106/1106/1106
f 1100/1100/1100 1107/1107/1107 1104/1104/1104
f 1096/1096/1096 1103/1103/1103 1108/1108/1108
f 1108/1108/1108 1103/1103/1103 1109/1109/1109
f 1108/1108/1108 1109/1109/1109 1110/1110/1110
f 1111/1111/1111 1108/1108/1108 1110/1110/1110
f 1111/1111/1111 1110/1110/1110 1112/1112/1112
f 1112/1112/1112 1110/1110/1110 1113/1113/1113
f 1112/1112/1112 1113/1113/1113 1114/1114/1114
f 1114/1114/1114 1113/1113/1113 1115/1115/1115
f 1116/1116/1116 1108/1108/1108 1111/1111/1111
f 1113/1113/1113 1117/1117/1117 1115/1115/1115
f 1115/1115/1115 1117/1117/1117 1118/1118/1118
f 1113/1113/1113 1119/1119/1119 1117/1117/1117
f 1110/1110/1110 1119/1119/1119 1113/1113/1113
f 1110/1110/1110 1109/1109/1109 1119/1119/1119
f 1115/1115/1115 1118/1118/1118 1120/1120/1120
f 1120/1120/1120 1118/1118/1118 1121/1121/1121
f 1120/1120/1120 1121/1121/1121 1122/1122/1122
f 1123/1123/1123 1115/1115/1115 1120/1120/1120
f 1114/1114/1114 1115/1115/1115 1123/1123/1123
f 1123/1123/1123 1120/1120/1120 1124/1124/1124
f 1124/1124/1124 1120/1120/1120 1125/1125/1125
f 1116/1116/1116 1096/1096/1096 1108/1108/1108
f 1098/1098/1098 1096/1096/1096 1116/1116/1116
f 1128/1128/1128 1127/1127/1127 1126/1126/1126
f 1128/1128/1128 1126/1126/1126 1129/1129/1129
f 1131/1131/1131 1126/1126/1126 1130/1130/1130
f 1134/1134/1134 1133/1133/1133 1132/1132/1132
f 1137/1137/1137 1136/1136/1136 1135/1135/1135
f 1140/1140/1140 1139/1139/1139 1138/1138/1138
f 1141/1141/1141 1139/1139/1139 1140/1140/1140
f 1141/1141/1141 1140/1140/1140 1142/1142/1142
f 1142/1142/1142 1140/1140/1140 1143/1143/1143
f 1141/1141/1141 1142/1142/1142 1144/1144/1144
f 1147/1147/1147 1146/1146/1146 1145/1145/1145
f 1148/1148/1148 1146/1146/1146 1147/1147/1147
f 1146/1146/1146 1148/1148/1148 1149/1149/1149
f 1149/1149/1149 1148/1148/1148 1150/1150/1150
f 1146/1146/1146 1151/1151/1151 1145/1145/1145
f 1146/1146/1146 1149/1149/1149 1151/1151/1151
f 1145/1145/1145 1151/1151/1151 1152/1152/1152
f 1151/1151/1151 1149/1149/1149 1153/1153/1153
f 1149/1149/1149 1150/1150/1150 1154/1154/1154
f 1154/1154/1154 1150/1150/1150 1155/1155/1155
f 1154/1154/1154 1155/1155/1155 1156/1156/1156
f 1156/1156/1156 1155/1155/1155 1157/1157/1157
f 1154/1154/1154 1156/1156/1156 1158/1158/1158
f 1149/1149/1149 1158/1158/1158 1153/1153/1153
f 1154/1154/1154 1158/1158/1158 1149/1149/1149
f 1158/1158/1158 1156/1156/1156 1159/1159/1159
f 1145/1145/1145 1152/1152/1152 1160/1160/1160
f 1160/1160/1160 1152/1152/1152 1161/1161/1161
f 1160/1160/1160 1161/1161/1161 1162/1162/1162
f 1163/1163/1163 1160/1160/1160 1162/1162/1162
f 1163/1163/1163 1162/1162/1162 1164/1164/1164
f 1164/1164/1164 1162/1162/1162 1165/1165/1165
f 1164/1164/1164 1165/1165/1165 1166/1166/1166
f 1167/1167/1167 1160/1160/1160 1163/1163/1163
f 1162/1162/1162 1168/1168/1168 1165/1165/1165
f 1162/1162/1162 1161/1161/1161 1168/1168/1168
f 1167/1167/1167 1145/1145/1145 1160/1160/1160
f 1147/1147/1147 1145/1145/1145 1167/1167/1167
f 1170/1170/1170 1168/1168/1168 1169/1169/1169
f 1173/1173/1173 1172/1172/1172 1171/1171/1171
f 1173/1173/1173 1171/1171/1171 1174/1174/1174
f 1174/1174/1174 1171/1171/1171 1175/1175/1175
f 1174/1174/1174 1175/1175/1175 1176/1176/1176
f 1176/1176/1176 1175/1175/1175 1177/1177/1177
f 1180/1180/1180 1179/1179/1179 1178/1178/1178
f 1183/1183/1183 1182/1182/1182 1181/1181/1181
f 1181/1181/1181 1182/1182/1182 1184/1184/1184
f 1181/1181/1181 1184/1184/1184 1185/1185/1185
f 1188/1188/1188 1187/1187/1187 1186/1186/1186
f 1191/1191/1191 1190/1190/1190 1189/1189/1189
f 1189/1189/1189 1190/1190/1190 1192/1192/1192
f 1195/1195/1195 1194/1194/1194 1193/1193/1193
f 1195/1195/1195 1193/1193/1193 1196/1196/1196
f 1196/1196/1196 1193/1193/1193 1197/1197/1197
f 1200/1200/1200 1199/1199/1199 1198/1198/1198
f 1201/1201/1201 1199/1199/1199 1200/1200/1200
f 1199/1199/1199 1201/1201/1201 1202/1202/1202
f 1200/1200/1200 1198/1198/1198 1203/1203/1203
f 1203/1203/1203 1205/1205/1205 1204/1204/1204
f 1204/1204/1204 1205/1205/1205 1206/1206/1206
f 1203/1203/1203 1207/1207/1207 1205/1205/1205
f 1207/1207/1207 1208/1208/1208 1205/1205/1205
f 1205/1205/1205 1208/1208/1208 1209/1209/1209
f 1205/1205/1205 1209/1209/1209 1210/1210/1210
f 1210/1210/1210 1209/1209/1209 1211/1211/1211
f 1204/1204/1204 1213/1213/1213 1212/1212/1212
f 1212/1212/1212 1213/1213/1213 1214/1214/1214
f 1212/1212/1212 1214/1214/1214 1215/1215/1215
f 1215/1215/1215 1217/1217/1217 1216/1216/1216
f 1220/1220/1220 1219/1219/1219 1218/1218/1218
f 1220/1220/1220 1218/1218/1218 1221/1221/1221
f 1221/1221/1221 1218/1218/1218 1222/1222/1222
f 1221/1221/1221 1222/1222/1222 1223/1223/1223
f 1223/1223/1223 1222/1222/1222 1224/1224/1224
f 1221/1221/1221 1223/1223/1223 1225/1225/1225
f 1221/1221/1221 1225/1225/1225 1226/1226/1226
f 1226/1226/1226 1225/1225/1225 1227/1227/1227
f 1228/1228/1228 1226/1226/1226 1227/1227/1227
f 1229/1229/1229 1220/1220/1220 1228/1228/1228
f 1229/1229/1229 1228/1228/1228 1230/1230/1230
f 1225/1225/1225 1223/1223/1223 1231/1231/1231
f 1233/1233/1233 1228/1228/1228 1232/1232/1232
f 1236/1236/1236 1235/1235/1235 1234/1234/1234
f 1234/1234/1234 1235/1235/1235 1237/1237/1237
f 1240/1240/1240 1239/1239/1239 1238/1238/1238
f 1243/1243/1243 1242/1242/1242 1241/1241/1241
f 1246/1246/1246 1245/1245/1245 1244/1244/1244
f 1244/1244/1244 1245/1245/1245 1247/1247/1247
f 1244/1244/1244 1247/1247/1247 1248/1248/1248
f 1249/1249/1249 1246/1246/1246 1244/1244/1244
f 1249/1249/1249 1244/1244/1244 1250/1250/1250
f 1250/1250/1250 1244/1244/1244 1251/1251/1251
f 1252/1252/1252 1246/1246/1246 1249/1249/1249
f 1250/1250/1250 1254/1254/1254 1253/1253/1253
f 1253/1253/1253 1254/1254/1254 1255/1255/1255
f 1258/1258/1258 1257/1257/1257 1256/1256/1256
f 1258/1258/1258 1256/1256/1256 1259/1259/1259
f 1259/1259/1259 1256/1256/1256 1260/1260/1260
f 1263/1263/1263 1262/1262/1262 1261/1261/1261
f 1263/1263/1263 1261/1261/1261 1264/1264/1264
f 1264/1264/1264 1261/1261/1261 1265/1265/1265
f 1264/1264/1264 1265/1265/1265 1266/1266/1266
f 1266/1266/1266 1265/1265/1265 1267/1267/1267
f 1266/1266/1266 1267/1267/1267 1268/1268/1268
f 1268/1268/1268 1267/1267/1267 1269/1269/1269
f 1268/1268/1268 1269/1269/1269 1270/1270/1270
f 1270/1270/1270 1269/1269/1269 1271/1271/1271
f 1274/1274/1274 1273/1273/1273 1272/1272/1272
f 1273/1273/1273 1276/1276/1276 1275/1275/1275
f 1273/1273/1273 1275/1275/1275 1277/1277/1277
f 1277/1277/1277 1275/1275/1275 1278/1278/1278
f 1275/1275/1275 1276/1276/1276 1279/1279/1279
f 1276/1276/1276 1280/1280/1280 1279/1279/1279
f 1281/1281/1281 1280/1280/1280 1276/1276/1276
f 1276/1276/1276 1282/1282/1282 1281/1281/1281
f 1276/1276/1276 1283/1283/1283 1282/1282/1282
f 1284/1284/1284 1283/1283/1283 1276/1276/1276
f 1281/1281/1281 1282/1282/1282 1285/1285/1285
f 1281/1281/1281 1285/1285/1285 1286/1286/1286
f 1281/1281/1281 1286/1286/1286 1280/1280/1280
f 1286/1286/1286 1285/1285/1285 1287/1287/1287
f 1280/1280/1280 1286/1286/1286 1288/1288/1288
f 1277/1277/1277 1278/1278/1278 1289/1289/1289
f 1289/1289/1289 1278/1278/1278 1290/1290/1290
f 1289/1289/1289 1292/1292/1292 1291/1291/1291
f 1295/1295/1295 1294/1294/1294 1293/1293/1293
f 1295/1295/1295 1296/1296/1296 1294/1294/1294
f 1297/1297/1297 1296/1296/1296 1295/1295/1295
f 1297/1297/1297 1298/1298/1298 1296/1296/1296
f 1301/1301/1301 1300/1300/1300 1299/1299/1299
f 1301/1301/1301 1299/1299/1299 1302/1302/1302
f 1302/1302/1302 1299/1299/1299 1303/1303/1303
f 1302/1302/1302 1303/1303/1303 1304/1304/1304
f 1306/1306/1306 1302/1302/1302 1305/1305/1305
f 1307/1307/1307 1302/1302/1302 1306/1306/1306
f 1307/1307/1307 1308/1308/1308 1302/1302/1302
f 1310/1310/1310 1309/1309/1309 1307/1307/1307
f 1313/1313/1313 1312/1312/1312 1311/1311/1311
f 1313/1313/1313 1311/1311/1311 1314/1314/1314
f 1314/1314/1314 1311/1311/1311 1315/1315/1315
f 1318/1318/1318 1317/1317/1317 1316/1316/1316
f 1316/1316/1316 1317/1317/1317 1319/1319/1319
f 1322/1322/1322 1321/1321/1321 1320/1320/1320
f 1323/1323/1323 1321/1321/1321 1322/1322/1322
f 1322/1322/1322 1320/1320/1320 1324/1324/1324
f 1324/1324/1324 1320/1320/1320 1325/1325/1325
f 1324/1324/1324 1325/1325/1325 1326/1326/1326
f 1326/1326/1326 1325/1325/1325 1327/1327/1327
f 1328/1328/1328 1323/1323/1323 1322/1322/1322
f 1329/1329/1329 1323/1323/1323 1328/1328/1328
f 1330/1330/1330 1322/1322/1322 1324/1324/1324
f 1328/1328/1328 1322/1322/1322 1330/1330/1330
f 1331/1331/1331 1324/1324/1324 1326/1326/1326
f 1330/1330/1330 1324/1324/1324 1331/1331/1331
f 1332/1332/1332 1329/1329/1329 1328/1328/1328
f 1333/1333/1333 1329/1329/1329 1332/1332/1332
f 1334/1334/1334 1328/1328/1328 1330/1330/1330
f 1332/1332/1332 1328/1328/1328 1334/1334/1334
f 1335/1335/1335 1330/1330/1330 1331/1331/1331
f 1334/1334/1334 1330/1330/1330 1335/1335/1335
f 1336/1336/1336 1333/1333/1333 1332/1332/1332
f 1337/1337/1337 1333/1333/1333 1336/1336/1336
f 1338/1338/1338 1332/1332/1332 1334/1334/1334
f 1336/1336/1336 1332/1332/1332 1338/1338/1338
f 1339/1339/1339 1334/1334/1334 1335/1335/1335
f 1338/1338/1338 1334/1334/1334 1339/1339/1339
f 1340/1340/1340 1337/1337/1337 1336/1336/1336
f 1341/1341/1341 1337/1337/1337 1340/1340/1340
f 1342/1342/1342 1336/1336/1336 1338/1338/1338
f 1340/1340/1340 1336/1336/1336 1342/1342/1342
f 1343/1343/1343 1338/1338/1338 1339/1339/1339
f 1344/1344/1344 1338/1338/1338 1343/1343/1343
f 1345/1345/1345 1341/1341/1341 1340/1340/1340
f 1346/1346/1346 1341/1341/1341 1345/1345/1345
f 1345/1345/1345 1340/1340/1340 1347/1347/1347
f 1347/1347/1347 1340/1340/1340 1348/1348/1348
f 1349/1349/1349 1344/1344/1344 1343/1343/1343
f 1350/1350/1350 1344/1344/1344 1349/1349/1349
f 1353/1353/1353 1352/1352/1352 1351/1351/1351
f 1354/1354/1354 1352/1352/1352 1353/1353/1353
f 1353/1353/1353 1351/1351/1351 1355/1355/1355
f 1356/1356/1356 1353/1353/1353 1355/1355/1355
f 1359/1359/1359 1358/1358/1358 1357/1357/1357
f 1362/1362/1362 1361/1361/1361 1360/1360/1360
f 1365/1365/1365 1364/1364/1364 1363/1363/1363
f 1363/1363/1363 1364/1364/1364 1366/1366/1366
f 1363/1363/1363 1368/1368/1368 1367/1367/1367
f 1367/1367/1367 1368/1368/1368 1369/1369/1369
f 1367/1367/1367 1369/1369/1369 1370/1370/1370
f 1370/1370/1370 1369/1369/1369 1371/1371/1371
f 1370/1370/1370 1371/1371/1371 1372/1372/1372
f 1372/1372/1372 1371/1371/1371 1373/1373/1373
f 1374/1374/1374 1363/1363/1363 1367/1367/1367
f 1375/1375/1375 1363/1363/1363 1374/1374/1374
f 1375/1375/1375 1376/1376/1376 1363/1363/1363
f 1377/1377/1377 1367/1367/1367 1370/1370/1370
f 1374/1374/1374 1367/1367/1367 1377/1377/1377
f 1378/1378/1378 1370/1370/1370 1372/1372/1372
f 1377/1377/1377 1370/1370/1370 1378/1378/1378
f 1378/1378/1378 1372/1372/1372 1379/1379/1379
f 1379/1379/1379 1372/1372/1372 1380/1380/1380
f 1372/1372/1372 1381/1381/1381 1380/1380/1380
f 1382/1382/1382 1375/1375/1375 1374/1374/1374
f 1383/1383/1383 1375/1375/1375 1382/1382/1382
f 1384/1384/1384 1374/1374/1374 1377/1377/1377
f 1382/1382/1382 1374/1374/1374 1384/1384/1384
f 1385/1385/1385 1377/1377/1377 1378/1378/1378
f 1384/1384/1384 1377/1377/1377 1385/1385/1385
f 1386/1386/1386 1378/1378/1378 1379/1379/1379
f 1385/1385/1385 1378/1378/1378 1386/1386/1386
f 1386/1386/1386 1379/1379/1379 1387/1387/1387
f 1387/1387/1387 1379/1379/1379 1388/1388/1388
f 1382/1382/1382 1389/1389/1389 1383/1383/1383
f 1390/1390/1390 1383/1383/1383 1389/1389/1389
f 1391/1391/1391 1389/1389/1389 1382/1382/1382
f 1392/1392/1392 1390/1390/1390 1389/1389/1389
f 1393/1393/1393 1390/1390/1390 1392/1392/1392
f 1394/1394/1394 1382/1382/1382 1384/1384/1384
f 1395/1395/1395 1382/1382/1382 1394/1394/1394
f 1396/1396/1396 1395/1395/1395 1394/1394/1394
f 1397/1397/1397 1395/1395/1395 1396/1396/1396
f 1398/1398/1398 1397/1397/1397 1396/1396/1396
f 1399/1399/1399 1397/1397/1397 1398/1398/1398
f 1400/1400/1400 1385/1385/1385 1386/1386/1386
f 1401/1401/1401 1385/1385/1385 1400/1400/1400
f 1402/1402/1402 1399/1399/1399 1398/1398/1398
f 1403/1403/1403 1399/1399/1399 1402/1402/1402
f 1404/1404/1404 1393/1393/1393 1392/1392/1392
f 1405/1405/1405 1393/1393/1393 1404/1404/1404
f 1406/1406/1406 1405/1405/1405 1404/1404/1404
f 1407/1407/1407 1405/1405/1405 1406/1406/1406
f 1408/1408/1408 1407/1407/1407 1406/1406/1406
f 1409/1409/1409 1407/1407/1407 1408/1408/1408
f 1410/1410/1410 1409/1409/1409 1408/1408/1408
f 1411/1411/1411 1409/1409/1409 1410/1410/1410
f 1412/1412/1412 1403/1403/1403 1402/1402/1402
f 1413/1413/1413 1403/1403/1403 1412/1412/1412
f 1414/1414/1414 1413/1413/1413 1412/1412/1412
f 1415/1415/1415 1413/1413/1413 1414/1414/1414
f 1416/1416/1416 1412/1412/1412 1402/1402/1402
f 1417/1417/1417 1412/1412/1412 1416/1416/1416
f 1418/1418/1418 1417/1417/1417 1416/1416/1416
f 1419/1419/1419 1417/1417/1417 1418/1418/1418
f 1420/1420/1420 1419/1419/1419 1418/1418/1418
f 1421/1421/1421 1419/1419/1419 1420/1420/1420
f 1422/1422/1422 1421/1421/1421 1420/1420/1420
f 1423/1423/1423 1421/1421/1421 1422/1422/1422
f 1424/1424/1424 1423/1423/1423 1422/1422/1422
f 1425/1425/1425 1423/1423/1423 1424/1424/1424
f 1426/1426/1426 1425/1425/1425 1424/1424/1424
f 1427/1427/1427 1425/1425/1425 1426/1426/1426
f 1429/1429/1429 1428/1428/1428 1375/1375/1375
f 1430/1430/1430 1429/1429/1429 1375/1375/1375
f 1383/1383/1383 1430/1430/1430 1375/1375/1375
f 1431/1431/1431 1429/1429/1429 1430/1430/1430
f 1432/1432/1432 1429/1429/1429 1431/1431/1431
f 1432/1432/1432 1433/1433/1433 1429/1429/1429
f 1433/1433/1433 1434/1434/1434 1429/1429/1429
f 1433/1433/1433 1435/1435/1435 1434/1434/1434
f 1436/1436/1436 1433/1433/1433 1432/1432/1432
f 1436/1436/1436 1437/1437/1437 1433/1433/1433
f 1438/1438/1438 1436/1436/1436 1432/1432/1432
f 1439/1439/1439 1436/1436/1436 1438/1438/1438
f 1440/1440/1440 1439/1439/1439 1438/1438/1438
f 1441/1441/1441 1439/1439/1439 1440/1440/1440
f 1442/1442/1442 1441/1441/1441 1440/1440/1440
f 1443/1443/1443 1441/1441/1441 1442/1442/1442
f 1444/1444/1444 1443/1443/1443 1442/1442/1442
f 1445/1445/1445 1436/1436/1436 1439/1439/1439
f 1446/1446/1446 1436/1436/1436 1445/1445/1445
f 1447/1447/1447 1446/1446/1446 1445/1445/1445
f 1448/1448/1448 1446/1446/1446 1447/1447/1447
f 1449/1449/1449 1443/1443/1443 1444/1444/1444
f 1450/1450/1450 1449/1449/1449 1444/1444/1444
f 1451/1451/1451 1449/1449/1449 1450/1450/1450
f 1452/1452/1452 1451/1451/1451 1450/1450/1450
f 1453/1453/1453 1451/1451/1451 1452/1452/1452
f 1454/1454/1454 1453/1453/1453 1452/1452/1452
f 1455/1455/1455 1453/1453/1453 1454/1454/1454
f 1456/1456/1456 1440/1440/1440 1438/1438/1438
f 1457/1457/1457 1440/1440/1440 1456/1456/1456
f 1458/1458/1458 1457/1457/1457 1456/1456/1456
f 1459/1459/1459 1457/1457/1457 1458/1458/1458
f 1460/1460/1460 1459/1459/1459 1458/1458/1458
f 1461/1461/1461 1459/1459/1459 1460/1460/1460
f 1463/1463/1463 1381/1381/1381 1462/1462/1462
f 1466/1466/1466 1465/1465/1465 1464/1464/1464
f 1467/1467/1467 1465/1465/1465 1466/1466/1466
f 1470/1470/1470 1469/1469/1469 1468/1468/1468
f 1473/1473/1473 1472/1472/1472 1471/1471/1471
f 1476/1476/1476 1475/1475/1475 1474/1474/1474
f 1477/1477/1477 1475/1475/1475 1476/1476/1476
f 1476/1476/1476 1478/1478/1478 1477/1477/1477
f 1476/1476/1476 1474/1474/1474 1478/1478/1478
f 1478/1478/1478 1479/1479/1479 1477/1477/1477
f 1477/1477/1477 1479/1479/1479 1480/1480/1480
f 1479/1479/1479 1481/1481/1481 1480/1480/1480
f 1480/1480/1480 1481/1481/1481 1482/1482/1482
f 1481/1481/1481 1483/1483/1483 1482/1482/1482
f 1483/1483/1483 1484/1484/1484 1482/1482/1482
f 1482/1482/1482 1484/1484/1484 1485/1485/1485
f 1484/1484/1484 1486/1486/1486 1485/1485/1485
f 1487/1487/1487 1485/1485/1485 1486/1486/1486
f 1485/1485/1485 1488/1488/1488 1482/1482/1482
f 1482/1482/1482 1488/1488/1488 1489/1489/1489
f 1482/1482/1482 1489/1489/1489 1480/1480/1480
f 1480/1480/1480 1489/1489/1489 1490/1490/1490
f 1477/1477/1477 1490/1490/1490 1475/1475/1475
f 1480/1480/1480 1490/1490/1490 1477/1477/1477
f 1478/1478/1478 1491/1491/1491 1479/1479/1479
f 1478/1478/1478 1474/1474/1474 1491/1491/1491
f 1479/1479/1479 1491/1491/1491 1492/1492/1492
f 1479/1479/1479 1492/1492/1492 1481/1481/1481
f 1481/1481/1481 1371/1371/1371 1483/1483/1483
f 1481/1481/1481 1493/1493/1493 1371/1371/1371
f 1483/1483/1483 1371/1371/1371 1369/1369/1369
f 1483/1483/1483 1369/1369/1369 1484/1484/1484
f 1484/1484/1484 1369/1369/1369 1494/1494/1494
f 1484/1484/1484 1495/1495/1495 1486/1486/1486
f 1486/1486/1486 1495/1495/1495 1496/1496/1496
f 1486/1486/1486 1497/1497/1497 1487/1487/1487
f 1487/1487/1487 1497/1497/1497 1498/1498/1498
f 1485/1485/1485 1498/1498/1498 1488/1488/1488
f 1487/1487/1487 1498/1498/1498 1485/1485/1485
f 1501/1501/1501 1500/1500/1500 1499/1499/1499
f 1502/1502/1502 1501/1501/1501 1499/1499/1499
f 1503/1503/1503 1501/1501/1501 1502/1502/1502
f 1504/1504/1504 1503/1503/1503 1502/1502/1502
f 1505/1505/1505 1503/1503/1503 1504/1504/1504
f 1506/1506/1506 1505/1505/1505 1504/1504/1504
f 1507/1507/1507 1505/1505/1505 1506/1506/1506
f 1508/1508/1508 1507/1507/1507 1506/1506/1506
f 1509/1509/1509 1507/1507/1507 1508/1508/1508
f 1512/1512/1512 1511/1511/1511 1510/1510/1510
f 1513/1513/1513 1511/1511/1511 1512/1512/1512
f 1511/1511/1511 1514/1514/1514 1510/1510/1510
f 1510/1510/1510 1514/1514/1514 1515/1515/1515
f 1514/1514/1514 1384/1384/1384 1515/1515/1515
f 1515/1515/1515 1384/1384/1384 1385/1385/1385
f 1512/1512/1512 1516/1516/1516 1513/1513/1513
f 1517/1517/1517 1513/1513/1513 1516/1516/1516
f 1518/1518/1518 1516/1516/1516 1512/1512/1512
f 1519/1519/1519 1518/1518/1518 1512/1512/1512
f 1520/1520/1520 1513/1513/1513 1517/1517/1517
f 1521/1521/1521 1513/1513/1513 1520/1520/1520
f 1522/1522/1522 1521/1521/1521 1520/1520/1520
f 1523/1523/1523 1521/1521/1521 1522/1522/1522
f 1524/1524/1524 1512/1512/1512 1510/1510/1510
f 1525/1525/1525 1512/1512/1512 1524/1524/1524
f 1526/1526/1526 1525/1525/1525 1524/1524/1524
f 1527/1527/1527 1525/1525/1525 1526/1526/1526
f 1528/1528/1528 1527/1527/1527 1526/1526/1526
f 1529/1529/1529 1527/1527/1527 1528/1528/1528
f 1530/1530/1530 1517/1517/1517 1516/1516/1516
f 1531/1531/1531 1517/1517/1517 1530/1530/1530
f 1532/1532/1532 1531/1531/1531 1530/1530/1530
f 1533/1533/1533 1531/1531/1531 1532/1532/1532
f 1534/1534/1534 1533/1533/1533 1532/1532/1532
f 1535/1535/1535 1533/1533/1533 1534/1534/1534
f 1536/1536/1536 1393/1393/1393 1405/1405/1405
f 1537/1537/1537 1393/1393/1393 1536/1536/1536
f 1538/1538/1538 1518/1518/1518 1519/1519/1519
f 1539/1539/1539 1518/1518/1518 1538/1538/1538
f 1542/1542/1542 1541/1541/1541 1540/1540/1540
f 1545/1545/1545 1544/1544/1544 1543/1543/1543
f 1548/1548/1548 1547/1547/1547 1546/1546/1546
f 1548/1548/1548 1549/1549/1549 1547/1547/1547
f 1549/1549/1549 1550/1550/1550 1547/1547/1547
f 1550/1550/1550 1551/1551/1551 1547/1547/1547
f 1553/1553/1553 1389/1389/1389 1552/1552/1552
f 1554/1554/1554 1391/1391/1391 1382/1382/1382
f 1556/1556/1556 1555/1555/1555 1554/1554/1554
f 1557/1557/1557 1555/1555/1555 1556/1556/1556
f 1560/1560/1560 1559/1559/1559 1558/1558/1558
f 1563/1563/1563 1562/1562/1562 1561/1561/1561
f 1564/1564/1564 1562/1562/1562 1563/1563/1563
f 1564/1564/1564 1565/1565/1565 1562/1562/1562
f 1566/1566/1566 1565/1565/1565 1564/1564/1564
f 1565/1565/1565 1567/1567/1567 1562/1562/1562
f 1562/1562/1562 1567/1567/1567 1568/1568/1568
f 1562/1562/1562 1568/1568/1568 1561/1561/1561
f 1561/1561/1561 1570/1570/1570 1569/1569/1569
f 1573/1573/1573 1572/1572/1572 1571/1571/1571
f 1574/1574/1574 1572/1572/1572 1573/1573/1573
f 1574/1574/1574 1575/1575/1575 1572/1572/1572
f 1573/1573/1573 1571/1571/1571 1576/1576/1576
f 1576/1576/1576 1571/1571/1571 1577/1577/1577
f 1578/1578/1578 1575/1575/1575 1574/1574/1574
f 1579/1579/1579 1573/1573/1573 1576/1576/1576
f 1580/1580/1580 1573/1573/1573 1579/1579/1579
f 1580/1580/1580 1574/1574/1574 1573/1573/1573
f 1581/1581/1581 1580/1580/1580 1579/1579/1579
f 1582/1582/1582 1580/1580/1580 1581/1581/1581
f 1582/1582/1582 1583/1583/1583 1580/1580/1580
f 1583/1583/1583 1578/1578/1578 1574/1574/1574
f 1583/1583/1583 1574/1574/1574 1580/1580/1580
f 1584/1584/1584 1583/1583/1583 1582/1582/1582
f 1584/1584/1584 1585/1585/1585 1583/1583/1583
f 1585/1585/1585 1578/1578/1578 1583/1583/1583
f 1586/1586/1586 1585/1585/1585 1584/1584/1584
f 1587/1587/1587 1581/1581/1581 1579/1579/1579
f 1576/1576/1576 1587/1587/1587 1579/1579/1579
f 1588/1588/1588 1581/1581/1581 1587/1587/1587
f 1589/1589/1589 1588/1588/1588 1587/1587/1587
f 1590/1590/1590 1588/1588/1588 1589/1589/1589
f 1591/1591/1591 1590/1590/1590 1589/1589/1589
f 1592/1592/1592 1590/1590/1590 1591/1591/1591
f 1593/1593/1593 1589/1589/1589 1587/1587/1587
f 1593/1593/1593 1587/1587/1587 1576/1576/1576
f 1594/1594/1594 1589/1589/1589 1593/1593/1593
f 1594/1594/1594 1591/1591/1591 1589/1589/1589
f 1595/1595/1595 1591/1591/1591 1594/1594/1594
f 1593/1593/1593 1576/1576/1576 1596/1596/1596
f 1597/1597/1597 1576/1576/1576 1577/1577/1577
f 1600/1600/1600 1599/1599/1599 1598/1598/1598
f 1601/1601/1601 1599/1599/1599 1600/1600/1600
f 1601/1601/1601 1602/1602/1602 1599/1599/1599
f 1603/1603/1603 1601/1601/1601 1600/1600/1600
f 1604/1604/1604 1601/1601/1601 1603/1603/1603
f 1605/1605/1605 1604/1604/1604 1603/1603/1603
f 1606/1606/1606 1604/1604/1604 1605/1605/1605
f 1606/1606/1606 1607/1607/1607 1604/1604/1604
f 1608/1608/1608 1607/1607/1607 1606/1606/1606
f 1609/1609/1609 1607/1607/1607 1608/1608/1608
f 1610/1610/1610 1607/1607/1607 1609/1609/1609
f 1610/1610/1610 1611/1611/1611 1607/1607/1607
f 1607/1607/1607 1611/1611/1611 1604/1604/1604
f 1604/1604/1604 1611/1611/1611 1601/1601/1601
f 1611/1611/1611 1612/1612/1612 1601/1601/1601
f 1615/1615/1615 1614/1614/1614 1613/1613/1613
f 1618/1618/1618 1617/1617/1617 1616/1616/1616
f 1621/1621/1621 1620/1620/1620 1619/1619/1619
f 1624/1624/1624 1623/1623/1623 1622/1622/1622
f 1627/1627/1627 1626/1626/1626 1625/1625/1625
f 1630/1630/1630 1629/1629/1629 1628/1628/1628
f 1629/1629/1629 1631/1631/1631 1628/1628/1628
f 1634/1634/1634 1633/1633/1633 1632/1632/1632
f 1636/1636/1636 1633/1633/1633 1635/1635/1635
f 1637/1637/1637 1636/1636/1636 1635/1635/1635
f 1638/1638/1638 1636/1636/1636 1637/1637/1637
f 1641/1641/1641 1640/1640/1640 1639/1639/1639
f 1643/1643/1643 1640/1640/1640 1642/1642/1642
f 1640/1640/1640 1644/1644/1644 1642/1642/1642
f 1642/1642/1642 1644/1644/1644 1645/1645/1645
f 1645/1645/1645 1646/1646/1646 1642/1642/1642
f 1647/1647/1647 1642/1642/1642 1646/1646/1646
f 1648/1648/1648 1647/1647/1647 1646/1646/1646
f 1646/1646/1646 1649/1649/1649 1648/1648/1648
f 1652/1652/1652 1651/1651/1651 1650/1650/1650
f 1655/1655/1655 1654/1654/1654 1653/1653/1653
f 1656/1656/1656 1654/1654/1654 1655/1655/1655
f 1653/1653/1653 1654/1654/1654 1657/1657/1657
f 1658/1658/1658 1656/1656/1656 1655/1655/1655
f 1659/1659/1659 1656/1656/1656 1658/1658/1658
f 1659/1659/1659 1660/1660/1660 1656/1656/1656
f 1661/1661/1661 1660/1660/1660 1659/1659/1659
f 1661/1661/1661 1662/1662/1662 1660/1660/1660
f 1662/1662/1662 1663/1663/1663 1660/1660/1660
f 1660/1660/1660 1663/1663/1663 1664/1664/1664
f 1656/1656/1656 1664/1664/1664 1654/1654/1654
f 1660/1660/1660 1664/1664/1664 1656/1656/1656
f 1665/1665/1665 1663/1663/1663 1662/1662/1662
f 1666/1666/1666 1663/1663/1663 1665/1665/1665
f 1668/1668/1668 1667/1667/1667 1663/1663/1663
f 1671/1671/1671 1670/1670/1670 1669/1669/1669
f 1671/1671/1671 1669/1669/1669 1672/1672/1672
f 1673/1673/1673 1671/1671/1671 1672/1672/1672
f 1674/1674/1674 1671/1671/1671 1673/1673/1673
f 1674/1674/1674 1675/1675/1675 1671/1671/1671
f 1675/1675/1675 1676/1676/1676 1671/1671/1671
f 1677/1677/1677 1675/1675/1675 1674/1674/1674
f 1678/1678/1678 1677/1677/1677 1674/1674/1674
f 1678/1678/1678 1674/1674/1674 1679/1679/1679
f 1679/1679/1679 1674/1674/1674 1673/1673/1673
f 1679/1679/1679 1673/1673/1673 1680/1680/1680
f 1680/1680/1680 1673/1673/1673 1681/1681/1681
f 1673/1673/1673 1672/1672/1672 1681/1681/1681
f 1682/1682/1682 1677/1677/1677 1678/1678/1678
f 1672/1672/1672 1669/1669/1669 1683/1683/1683
f 1672/1672/1672 1683/1683/1683 1684/1684/1684
f 1687/1687/1687 1686/1686/1686 1685/1685/1685
f 1685/1685/1685 1686/1686/1686 1688/1688/1688
f 1691/1691/1691 1690/1690/1690 1689/1689/1689
f 1692/1692/1692 1690/1690/1690 1691/1691/1691
f 1690/1690/1690 1693/1693/1693 1689/1689/1689
f 1689/1689/1689 1693/1693/1693 1694/1694/1694
f 1697/1697/1697 1696/1696/1696 1695/1695/1695
f 1700/1700/1700 1699/1699/1699 1698/1698/1698
f 1701/1701/1701 1700/1700/1700 1698/1698/1698
f 1702/1702/1702 1700/1700/1700 1701/1701/1701
f 1705/1705/1705 1704/1704/1704 1703/1703/1703
f 1708/1708/1708 1707/1707/1707 1706/1706/1706
f 1711/1711/1711 1710/1710/1710 1709/1709/1709
f 1714/1714/1714 1713/1713/1713 1712/1712/1712
f 1715/1715/1715 1713/1713/1713 1714/1714/1714
f 1718/1718/1718 1717/1717/1717 1716/1716/1716
f 1719/1719/1719 1717/1717/1717 1718/1718/1718
f 1720/1720/1720 1716/1716/1716 1717/1717/1717
f 1721/1721/1721 1719/1719/1719 1718/1718/1718
f 1722/1722/1722 1719/1719/1719 1721/1721/1721
f 1724/1724/1724 1722/1722/1722 1723/1723/1723
f 1725/1725/1725 1724/1724/1724 1723/1723/1723
f 1726/1726/1726 1724/1724/1724 1725/1725/1725
f 1727/1727/1727 1726/1726/1726 1725/1725/1725
f 1728/1728/1728 1726/1726/1726 1727/1727/1727
f 1729/1729/1729 1728/1728/1728 1727/1727/1727
f 1730/1730/1730 1728/1728/1728 1729/1729/1729
f 1731/1731/1731 1727/1727/1727 1725/1725/1725
f 1725/1725/1725 1723/1723/1723 1731/1731/1731
f 1732/1732/1732 1730/1730/1730 1729/1729/1729
f 1731/1731/1731 1723/1723/1723 1733/1733/1733
f 1735/1735/1735 1734/1734/1734 1732/1732/1732
f 1737/1737/1737 1736/1736/1736 1732/1732/1732
f 1738/1738/1738 1736/1736/1736 1737/1737/1737
f 1739/1739/1739 1738/1738/1738 1737/1737/1737
f 1741/1741/1741 1740/1740/1740 1735/1735/1735
f 1740/1740/1740 1742/1742/1742 1735/1735/1735
f 1744/1744/1744 1743/1743/1743 1739/1739/1739
f 1745/1745/1745 1743/1743/1743 1744/1744/1744
f 1743/1743/1743 1746/1746/1746 1739/1739/1739
f 1748/1748/1748 1747/1747/1747 1745/1745/1745
f 1750/1750/1750 1748/1748/1748 1749/1749/1749
f 1751/1751/1751 1748/1748/1748 1750/1750/1750
f 1752/1752/1752 1751/1751/1751 1750/1750/1750
f 1749/1749/1749 1754/1754/1754 1753/1753/1753
f 1754/1754/1754 1755/1755/1755 1753/1753/1753
f 1753/1753/1753 1755/1755/1755 1756/1756/1756
f 1758/1758/1758 1745/1745/1745 1757/1757/1757
f 1759/1759/1759 1758/1758/1758 1757/1757/1757
f 1760/1760/1760 1758/1758/1758 1759/1759/1759
f 1761/1761/1761 1760/1760/1760 1759/1759/1759
f 1762/1762/1762 1760/1760/1760 1761/1761/1761
f 1763/1763/1763 1762/1762/1762 1761/1761/1761
f 1764/1764/1764 1762/1762/1762 1763/1763/1763
f 1764/1764/1764 1765/1765/1765 1762/1762/1762
f 1765/1765/1765 1766/1766/1766 1762/1762/1762
f 1767/1767/1767 1765/1765/1765 1764/1764/1764
f 1768/1768/1768 1767/1767/1767 1764/1764/1764
f 1769/1769/1769 1767/1767/1767 1768/1768/1768
f 1770/1770/1770 1769/1769/1769 1768/1768/1768
f 1771/1771/1771 1769/1769/1769 1770/1770/1770
f 1772/1772/1772 1771/1771/1771 1770/1770/1770
f 1770/1770/1770 1768/1768/1768 1773/1773/1773
f 1774/1774/1774 1770/1770/1770 1773/1773/1773
f 1775/1775/1775 1770/1770/1770 1774/1774/1774
f 1773/1773/1773 1768/1768/1768 1776/1776/1776
f 1776/1776/1776 1764/1764/1764 1763/1763/1763
f 1768/1768/1768 1764/1764/1764 1776/1776/1776
f 1778/1778/1778 1777/1777/1777 1774/1774/1774
f 1779/1779/1779 1775/1775/1775 1778/1778/1778
f 1780/1780/1780 1779/1779/1779 1778/1778/1778
f 1781/1781/1781 1779/1779/1779 1780/1780/1780
f 1784/1784/1784 1783/1783/1783 1782/1782/1782
f 1787/1787/1787 1786/1786/1786 1785/1785/1785
f 1786/1786/1786 1788/1788/1788 1785/1785/1785
f 1789/1789/1789 1786/1786/1786 1787/1787/1787
f 1790/1790/1790 1789/1789/1789 1787/1787/1787
f 1791/1791/1791 1789/1789/1789 1790/1790/1790
f 1792/1792/1792 1791/1791/1791 1790/1790/1790
f 1793/1793/1793 1791/1791/1791 1792/1792/1792
f 1794/1794/1794 1793/1793/1793 1792/1792/1792
f 1795/1795/1795 1793/1793/1793 1794/1794/1794
f 1796/1796/1796 1795/1795/1795 1794/1794/1794
f 1797/1797/1797 1795/1795/1795 1796/1796/1796
f 1798/1798/1798 1797/1797/1797 1796/1796/1796
f 1799/1799/1799 1797/1797/1797 1798/1798/1798
f 1800/1800/1800 1799/1799/1799 1798/1798/1798
f 1802/1802/1802 1801/1801/1801 1786/1786/1786
f 1802/1802/1802 1803/1803/1803 1788/1788/1788
f 1801/1801/1801 1803/1803/1803 1804/1804/1804
f 1803/1803/1803 1805/1805/1805 1804/1804/1804
f 1805/1805/1805 1806/1806/1806 1804/1804/1804
f 1806/1806/1806 1807/1807/1807 1804/1804/1804
f 1807/1807/1807 1808/1808/1808 1804/1804/1804
f 1804/1804/1804 1808/1808/1808 1809/1809/1809
f 1810/1810/1810 1805/1805/1805 1803/1803/1803
f 1813/1813/1813 1812/1812/1812 1811/1811/1811
f 1757/1757/1757 1815/1815/1815 1814/1814/1814
f 1818/1818/1818 1817/1817/1817 1816/1816/1816
f 1820/1820/1820 1819/1819/1819 1752/1752/1752
f 1823/1823/1823 1822/1822/1822 1821/1821/1821
f 1826/1826/1826 1825/1825/1825 1824/1824/1824
f 1827/1827/1827 1825/1825/1825 1826/1826/1826
f 1828/1828/1828 1827/1827/1827 1826/1826/1826
f 1829/1829/1829 1827/1827/1827 1828/1828/1828
f 1832/1832/1832 1831/1831/1831 1830/1830/1830
f 1833/1833/1833 1832/1832/1832 1830/1830/1830
f 1835/1835/1835 1834/1834/1834 1832/1832/1832
f 1837/1837/1837 1835/1835/1835 1836/1836/1836
f 1839/1839/1839 1835/1835/1835 1838/1838/1838
f 1839/1839/1839 1838/1838/1838 1840/1840/1840
f 1840/1840/1840 1838/1838/1838 1841/1841/1841
f 1840/1840/1840 1841/1841/1841 1842/1842/1842
f 1840/1840/1840 1842/1842/1842 1843/1843/1843
f 1840/1840/1840 1843/1843/1843 1839/1839/1839
f 1845/1845/1845 1839/1839/1839 1844/1844/1844
f 1847/1847/1847 1844/1844/1844 1846/1846/1846
f 1846/1846/1846 1844/1844/1844 1848/1848/1848
f 1846/1846/1846 1848/1848/1848 1849/1849/1849
f 1844/1844/1844 1851/1851/1851 1850/1850/1850
f 1851/1851/1851 1843/1843/1843 1850/1850/1850
f 1853/1853/1853 1841/1841/1841 1852/1852/1852
f 1855/1855/1855 1848/1848/1848 1854/1854/1854
f 1849/1849/1849 1854/1854/1854 1856/1856/1856
f 1856/1856/1856 1854/1854/1854 1857/1857/1857
f 1856/1856/1856 1857/1857/1857 1858/1858/1858
f 1858/1858/1858 1859/1859/1859 1856/1856/1856
f 1859/1859/1859 1860/1860/1860 1856/1856/1856
f 1861/1861/1861 1860/1860/1860 1859/1859/1859
f 1858/1858/1858 1857/1857/1857 1862/1862/1862
f 1858/1858/1858 1862/1862/1862 1863/1863/1863
f 1864/1864/1864 1858/1858/1858 1863/1863/1863
f 1864/1864/1864 1863/1863/1863 1865/1865/1865
f 1865/1865/1865 1863/1863/1863 1866/1866/1866
f 1867/1867/1867 1858/1858/1858 1864/1864/1864
f 1867/1867/1867 1859/1859/1859 1858/1858/1858
f 1863/1863/1863 1868/1868/1868 1866/1866/1866
f 1863/1863/1863 1862/1862/1862 1868/1868/1868
f 1866/1866/1866 1868/1868/1868 1869/1869/1869
f 1866/1866/1866 1869/1869/1869 1870/1870/1870
f 1871/1871/1871 1866/1866/1866 1870/1870/1870
f 1865/1865/1865 1866/1866/1866 1871/1871/1871
f 1871/1871/1871 1870/1870/1870 1872/1872/1872
f 1861/1861/1861 1874/1874/1874 1873/1873/1873
f 1877/1877/1877 1876/1876/1876 1875/1875/1875
f 1880/1880/1880 1879/1879/1879 1878/1878/1878
f 1880/1880/1880 1878/1878/1878 1881/1881/1881
f 1881/1881/1881 1878/1878/1878 1882/1882/1882
f 1881/1881/1881 1882/1882/1882 1883/1883/1883
f 1883/1883/1883 1882/1882/1882 1884/1884/1884
f 1887/1887/1887 1886/1886/1886 1885/1885/1885
f 1887/1887/1887 1885/1885/1885 1888/1888/1888
f 1888/1888/1888 1885/1885/1885 1889/1889/1889
f 1892/1892/1892 1891/1891/1891 1890/1890/1890
f 1893/1893/1893 1891/1891/1891 1892/1892/1892
f 1894/1894/1894 1893/1893/1893 1892/1892/1892
f 1895/1895/1895 1893/1893/1893 1894/1894/1894
f 1895/1895/1895 1896/1896/1896 1893/1893/1893
f 1893/1893/1893 1896/1896/1896 1891/1891/1891
f 1897/1897/1897 1896/1896/1896 1895/1895/1895
f 1898/1898/1898 1891/1891/1891 1896/1896/1896
f 1891/1891/1891 1898/1898/1898 1890/1890/1890
f 1899/1899/1899 1898/1898/1898 1896/1896/1896
f 1898/1898/1898 1899/1899/1899 1900/1900/1900
f 1901/1901/1901 1890/1890/1890 1898/1898/1898
f 1898/1898/1898 1902/1902/1902 1901/1901/1901
f 1901/1901/1901 1902/1902/1902 1903/1903/1903
f 1902/1902/1902 1904/1904/1904 1903/1903/1903
f 1900/1900/1900 1899/1899/1899 1905/1905/1905
f 1905/1905/1905 1906/1906/1906 1900/1900/1900
f 1906/1906/1906 1907/1907/1907 1900/1900/1900
f 1908/1908/1908 1906/1906/1906 1905/1905/1905
f 1905/1905/1905 1909/1909/1909 1908/1908/1908
f 1910/1910/1910 1909/1909/1909 1905/1905/1905
f 1899/1899/1899 1910/1910/1910 1905/1905/1905
f 1911/1911/1911 1897/1897/1897 1895/1895/1895
f 1913/1913/1913 1907/1907/1907 1912/1912/1912
f 1907/1907/1907 1914/1914/1914 1912/1912/1912
f 1915/1915/1915 1914/1914/1914 1907/1907/1907
f 1915/1915/1915 1916/1916/1916 1914/1914/1914
f 1917/1917/1917 1916/1916/1916 1915/1915/1915
f 1917/1917/1917 1918/1918/1918 1916/1916/1916
f 1919/1919/1919 1918/1918/1918 1917/1917/1917
f 1919/1919/1919 1920/1920/1920 1918/1918/1918
f 1921/1921/1921 1920/1920/1920 1919/1919/1919
f 1924/1924/1924 1923/1923/1923 1922/1922/1922
f 1923/1923/1923 1925/1925/1925 1922/1922/1922
f 1928/1928/1928 1927/1927/1927 1926/1926/1926
f 1927/1927/1927 1929/1929/1929 1926/1926/1926
f 1930/1930/1930 1929/1929/1929 1927/1927/1927
f 1931/1931/1931 1930/1930/1930 1927/1927/1927
f 1932/1932/1932 1930/1930/1930 1931/1931/1931
f 1933/1933/1933 1932/1932/1932 1931/1931/1931
f 1934/1934/1934 1932/1932/1932 1933/1933/1933
f 1935/1935/1935 1934/1934/1934 1933/1933/1933
f 1938/1938/1938 1937/1937/1937 1936/1936/1936
f 1941/1941/1941 1940/1940/1940 1939/1939/1939
f 1942/1942/1942 1940/1940/1940 1941/1941/1941
f 1942/1942/1942 1943/1943/1943 1940/1940/1940
f 1944/1944/1944 1943/1943/1943 1942/1942/1942
f 1945/1945/1945 1944/1944/1944 1942/1942/1942
f 1946/1946/1946 1942/1942/1942 1941/1941/1941
f 1945/1945/1945 1942/1942/1942 1946/1946/1946
f 1940/1940/1940 1947/1947/1947 1939/1939/1939
f 1939/1939/1939 1947/1947/1947 1948/1948/1948
f 1947/1947/1947 1949/1949/1949 1948/1948/1948
f 1948/1948/1948 1949/1949/1949 1950/1950/1950
f 1949/1949/1949 1951/1951/1951 1950/1950/1950
f 1950/1950/1950 1951/1951/1951 1952/1952/1952
f 1947/1947/1947 1953/1953/1953 1949/1949/1949
f 1953/1953/1953 1954/1954/1954 1949/1949/1949
f 1949/1949/1949 1954/1954/1954 1955/1955/1955
f 1951/1951/1951 1895/1895/1895 1952/1952/1952
f 1952/1952/1952 1895/1895/1895 1894/1894/1894
f 1956/1956/1956 1953/1953/1953 1947/1947/1947
f 1940/1940/1940 1956/1956/1956 1947/1947/1947
f 1943/1943/1943 1956/1956/1956 1940/1940/1940
f 1957/1957/1957 1945/1945/1945 1946/1946/1946
f 1954/1954/1954 1897/1897/1897 1958/1958/1958
f 1959/1959/1959 1945/1945/1945 1957/1957/1957
f 1960/1960/1960 1944/1944/1944 1945/1945/1945
f 1962/1962/1962 1960/1960/1960 1961/1961/1961
f 1965/1965/1965 1964/1964/1964 1963/1963/1963
f 1968/1968/1968 1967/1967/1967 1966/1966/1966
f 1969/1969/1969 1967/1967/1967 1968/1968/1968
f 1969/1969/1969 1970/1970/1970 1967/1967/1967
f 1971/1971/1971 1970/1970/1970 1969/1969/1969
f 1972/1972/1972 1969/1969/1969 1968/1968/1968
f 1973/1973/1973 1969/1969/1969 1972/1972/1972
f 1973/1973/1973 1971/1971/1971 1969/1969/1969
f 1974/1974/1974 1971/1971/1971 1973/1973/1973
f 1975/1975/1975 1968/1968/1968 1966/1966/1966
f 1976/1976/1976 1968/1968/1968 1975/1975/1975
f 1976/1976/1976 1972/1972/1972 1968/1968/1968
f 1977/1977/1977 1972/1972/1972 1976/1976/1976
f 1970/1970/1970 1978/1978/1978 1967/1967/1967
f 1967/1967/1967 1978/1978/1978 1979/1979/1979
f 1967/1967/1967 1979/1979/1979 1966/1966/1966
f 1966/1966/1966 1979/1979/1979 1980/1980/1980
f 1980/1980/1980 1975/1975/1975 1966/1966/1966
f 1981/1981/1981 1975/1975/1975 1980/1980/1980
f 1984/1984/1984 1983/1983/1983 1982/1982/1982
f 1985/1985/1985 1983/1983/1983 1984/1984/1984
f 1984/1984/1984 1982/1982/1982 1986/1986/1986
f 1986/1986/1986 1982/1982/1982 1987/1987/1987
f 1986/1986/1986 1987/1987/1987 1988/1988/1988
f 1989/1989/1989 1986/1986/1986 1988/1988/1988
f 1990/1990/1990 1986/1986/1986 1989/1989/1989
f 1990/1990/1990 1984/1984/1984 1986/1986/1986
f 1991/1991/1991 1990/1990/1990 1989/1989/1989
f 1989/1989/1989 1988/1988/1988 1991/1991/1991
f 1992/1992/1992 1990/1990/1990 1991/1991/1991
f 1992/1992/1992 1993/1993/1993 1990/1990/1990
f 1993/1993/1993 1984/1984/1984 1990/1990/1990
f 1993/1993/1993 1985/1985/1985 1984/1984/1984
f 1994/1994/1994 1993/1993/1993 1992/1992/1992
f 1994/1994/1994 1995/1995/1995 1993/1993/1993
f 1995/1995/1995 1985/1985/1985 1993/1993/1993
f 1996/1996/1996 1995/1995/1995 1994/1994/1994
f 1991/1991/1991 1988/1988/1988 1997/1997/1997
f 1997/1997/1997 1988/1988/1988 1998/1998/1998
f 1998/1998/1998 1988/1988/1988 1999/1999/1999
f 1988/1988/1988 2000/2000/2000 1999/1999/1999
f 1988/1988/1988 2001/2001/2001 2000/2000/2000
f 1998/1998/1998 1999/1999/1999 2002/2002/2002
f 2002/2002/2002 1999/1999/1999 2003/2003/2003
f 1999/1999/1999 2004/2004/2004 2003/2003/2003
f 1999/1999/1999 2005/2005/2005 2004/2004/2004
f 2003/2003/2003 2004/2004/2004 2006/2006/2006
f 2002/2002/2002 2003/2003/2003 2007/2007/2007
f 2007/2007/2007 2003/2003/2003 2008/2008/2008
f 2003/2003/2003 2009/2009/2009 2008/2008/2008
f 2008/2008/2008 2011/2011/2011 2010/2010/2010
f 2014/2014/2014 2013/2013/2013 2012/2012/2012
f 2015/2015/2015 2013/2013/2013 2014/2014/2014
f 2015/2015/2015 2016/2016/2016 2013/2013/2013
f 2017/2017/2017 2016/2016/2016 2015/2015/2015
f 2018/2018/2018 2015/2015/2015 2014/2014/2014
f 2019/2019/2019 2015/2015/2015 2018/2018/2018
f 2019/2019/2019 2017/2017/2017 2015/2015/2015
f 2020/2020/2020 2017/2017/2017 2019/2019/2019
f 2013/2013/2013 2021/2021/2021 2012/2012/2012
f 2023/2023/2023 2022/2022/2022 2013/2013/2013
f 2013/2013/2013 2025/2025/2025 2024/2024/2024
f 2012/2012/2012 2024/2024/2024 2026/2026/2026
f 2029/2029/2029 2028/2028/2028 2027/2027/2027
f 2032/2032/2032 2031/2031/2031 2030/2030/2030
f 2032/2032/2032 2033/2033/2033 2031/2031/2031
f 2034/2034/2034 2033/2033/2033 2032/2032/2032
f 2034/2034/2034 2035/2035/2035 2033/2033/2033
f 2036/2036/2036 2035/2035/2035 2034/2034/2034
f 2036/2036/2036 2037/2037/2037 2035/2035/2035
f 2038/2038/2038 2037/2037/2037 2036/2036/2036
f 2041/2041/2041 2040/2040/2040 2039/2039/2039
f 2043/2043/2043 2042/2042/2042 2041/2041/2041
f 2046/2046/2046 2045/2045/2045 2044/2044/2044
f 2047/2047/2047 2045/2045/2045 2046/2046/2046
f 2047/2047/2047 2048/2048/2048 2045/2045/2045
f 2049/2049/2049 2048/2048/2048 2047/2047/2047
f 2050/2050/2050 2047/2047/2047 2046/2046/2046
f 2051/2051/2051 2047/2047/2047 2050/2050/2050
f 2051/2051/2051 2049/2049/2049 2047/2047/2047
f 2052/2052/2052 2049/2049/2049 2051/2051/2051
f 2048/2048/2048 2053/2053/2053 2045/2045/2045
f 2045/2045/2045 2053/2053/2053 2054/2054/2054
f 2045/2045/2045 2054/2054/2054 2044/2044/2044
f 2057/2057/2057 2056/2056/2056 2055/2055/2055
f 2058/2058/2058 2055/2055/2055 2056/2056/2056
f 2058/2058/2058 2056/2056/2056 2059/2059/2059
f 2059/2059/2059 2056/2056/2056 2060/2060/2060
f 2059/2059/2059 2060/2060/2060 2061/2061/2061
f 2061/2061/2061 2060/2060/2060 2062/2062/2062
f 2063/2063/2063 2057/2057/2057 2055/2055/2055
f 2063/2063/2063 2055/2055/2055 2058/2058/2058
f 2064/2064/2064 2057/2057/2057 2063/2063/2063
f 2064/2064/2064 2065/2065/2065 2057/2057/2057
f 2066/2066/2066 2065/2065/2065 2064/2064/2064
f 2066/2066/2066 2067/2067/2067 2065/2065/2065
f 2070/2070/2070 2069/2069/2069 2068/2068/2068
f 2073/2073/2073 2072/2072/2072 2071/2071/2071
f 2074/2074/2074 2072/2072/2072 2073/2073/2073
f 2075/2075/2075 2071/2071/2071 2072/2072/2072
f 2076/2076/2076 2074/2074/2074 2073/2073/2073
f 2077/2077/2077 2074/2074/2074 2076/2076/2076
f 2079/2079/2079 2078/2078/2078 2076/2076/2076
f 2080/2080/2080 2078/2078/2078 2079/2079/2079
f 2082/2082/2082 2081/2081/2081 2079/2079/2079
f 2083/2083/2083 2081/2081/2081 2082/2082/2082
f 2083/2083/2083 2084/2084/2084 2081/2081/2081
f 2084/2084/2084 2085/2085/2085 2081/2081/2081
f 2086/2086/2086 2083/2083/2083 2082/2082/2082
f 2087/2087/2087 2083/2083/2083 2086/2086/2086
f 2087/2087/2087 2084/2084/2084 2083/2083/2083
f 2088/2088/2088 2087/2087/2087 2086/2086/2086
f 2089/2089/2089 2087/2087/2087 2088/2088/2088
f 2089/2089/2089 2090/2090/2090 2087/2087/2087
f 2090/2090/2090 2084/2084/2084 2087/2087/2087
f 2091/2091/2091 2090/2090/2090 2089/2089/2089
f 2092/2092/2092 2089/2089/2089 2088/2088/2088
f 2093/2093/2093 2089/2089/2089 2092/2092/2092
f 2093/2093/2093 2091/2091/2091 2089/2089/2089
f 2094/2094/2094 2093/2093/2093 2092/2092/2092
f 2095/2095/2095 2093/2093/2093 2094/2094/2094
f 2095/2095/2095 2096/2096/2096 2093/2093/2093
f 2096/2096/2096 2091/2091/2091 2093/2093/2093
f 2097/2097/2097 2096/2096/2096 2095/2095/2095
f 2098/2098/2098 2095/2095/2095 2094/2094/2094
f 2099/2099/2099 2095/2095/2095 2098/2098/2098
f 2099/2099/2099 2097/2097/2097 2095/2095/2095
f 2100/2100/2100 2097/2097/2097 2099/2099/2099
f 2101/2101/2101 2099/2099/2099 2098/2098/2098
f 2102/2102/2102 2099/2099/2099 2101/2101/2101
f 2102/2102/2102 2100/2100/2100 2099/2099/2099
f 2103/2103/2103 2102/2102/2102 2101/2101/2101
f 2104/2104/2104 2102/2102/2102 2103/2103/2103
f 2105/2105/2105 2100/2100/2100 2102/2102/2102
f 2106/2106/2106 2105/2105/2105 2102/2102/2102
f 2107/2107/2107 2105/2105/2105 2106/2106/2106
f 2108/2108/2108 2098/2098/2098 2094/2094/2094
f 2109/2109/2109 2098/2098/2098 2108/2108/2108
f 2111/2111/2111 2110/2110/2110 2103/2103/2103
f 2112/2112/2112 2110/2110/2110 2111/2111/2111
f 2112/2112/2112 2114/2114/2114 2113/2113/2113
f 2115/2115/2115 2114/2114/2114 2112/2112/2112
f 2118/2118/2118 2117/2117/2117 2116/2116/2116
f 2119/2119/2119 2118/2118/2118 2116/2116/2116
f 2122/2122/2122 2121/2121/2121 2120/2120/2120
f 2125/2125/2125 2124/2124/2124 2123/2123/2123
f 2124/2124/2124 2126/2126/2126 2123/2123/2123
f 2127/2127/2127 2126/2126/2126 2124/2124/2124
f 2127/2127/2127 2128/2128/2128 2126/2126/2126
f 2130/2130/2130 2129/2129/2129 2125/2125/2125
f 2131/2131/2131 2129/2129/2129 2130/2130/2130
f 2134/2134/2134 2133/2133/2133 2132/2132/2132
f 2137/2137/2137 2136/2136/2136 2135/2135/2135
f 2140/2140/2140 2139/2139/2139 2138/2138/2138
f 2143/2143/2143 2142/2142/2142 2141/2141/2141
f 2145/2145/2145 2144/2144/2144 2143/2143/2143
f 2145/2145/2145 2146/2146/2146 2144/2144/2144
f 2147/2147/2147 2146/2146/2146 2145/2145/2145
f 2148/2148/2148 2147/2147/2147 2145/2145/2145
f 2149/2149/2149 2147/2147/2147 2148/2148/2148
f 2150/2150/2150 2145/2145/2145 2143/2143/2143
f 2148/2148/2148 2145/2145/2145 2150/2150/2150
f 2146/2146/2146 2151/2151/2151 2144/2144/2144
f 2152/2152/2152 2149/2149/2149 2148/2148/2148
f 2153/2153/2153 2149/2149/2149 2152/2152/2152
f 2154/2154/2154 2153/2153/2153 2152/2152/2152
f 2154/2154/2154 2152/2152/2152 2155/2155/2155
f 2156/2156/2156 2154/2154/2154 2155/2155/2155
f 2157/2157/2157 2154/2154/2154 2156/2156/2156
f 2158/2158/2158 2157/2157/2157 2156/2156/2156
f 2155/2155/2155 2152/2152/2152 2159/2159/2159
f 2159/2159/2159 2148/2148/2148 2150/2150/2150
f 2152/2152/2152 2148/2148/2148 2159/2159/2159
f 2157/2157/2157 2160/2160/2160 2154/2154/2154
f 2160/2160/2160 2153/2153/2153 2154/2154/2154
f 2161/2161/2161 2160/2160/2160 2157/2157/2157
f 2162/2162/2162 2161/2161/2161 2157/2157/2157
f 2162/2162/2162 2157/2157/2157 2163/2163/2163
f 2165/2165/2165 2141/2141/2141 2164/2164/2164
f 2166/2166/2166 2141/2141/2141 2165/2165/2165
f 2167/2167/2167 2166/2166/2166 2165/2165/2165
f 2168/2168/2168 2166/2166/2166 2167/2167/2167
f 2169/2169/2169 2168/2168/2168 2167/2167/2167
f 2171/2171/2171 2169/2169/2169 2170/2170/2170
f 2174/2174/2174 2173/2173/2173 2172/2172/2172
f 2175/2175/2175 2174/2174/2174 2172/2172/2172
f 2177/2177/2177 2176/2176/2176 2174/2174/2174
f 2179/2179/2179 2178/2178/2178 2176/2176/2176
f 2182/2182/2182 2181/2181/2181 2180/2180/2180
f 2184/2184/2184 2182/2182/2182 2183/2183/2183
f 2185/2185/2185 2182/2182/2182 2184/2184/2184
f 2186/2186/2186 2185/2185/2185 2184/2184/2184
f 2187/2187/2187 2185/2185/2185 2186/2186/2186
f 2186/2186/2186 2184/2184/2184 2188/2188/2188
f 2188/2188/2188 2184/2184/2184 2189/2189/2189
f 2184/2184/2184 2183/2183/2183 2189/2189/2189
f 2189/2189/2189 2183/2183/2183 2190/2190/2190
f 2193/2193/2193 2192/2192/2192 2191/2191/2191
f 2196/2196/2196 2195/2195/2195 2194/2194/2194
f 2197/2197/2197 2195/2195/2195 2196/2196/2196
f 2198/2198/2198 2197/2197/2197 2196/2196/2196
f 2199/2199/2199 2197/2197/2197 2198/2198/2198
f 2200/2200/2200 2199/2199/2199 2198/2198/2198
f 2201/2201/2201 2199/2199/2199 2200/2200/2200
f 2202/2202/2202 2201/2201/2201 2200/2200/2200
f 2203/2203/2203 2201/2201/2201 2202/2202/2202
f 2201/2201/2201 2204/2204/2204 2199/2199/2199
f 2205/2205/2205 2204/2204/2204 2201/2201/2201
f 2206/2206/2206 2205/2205/2205 2201/2201/2201
f 2199/2199/2199 2207/2207/2207 2197/2197/2197
f 2204/2204/2204 2207/2207/2207 2199/2199/2199
f 2197/2197/2197 2208/2208/2208 2195/2195/2195
f 2207/2207/2207 2208/2208/2208 2197/2197/2197
f 2208/2208/2208 2209/2209/2209 2195/2195/2195
f 2195/2195/2195 2209/2209/2209 2210/2210/2210
f 2212/2212/2212 2205/2205/2205 2211/2211/2211
f 2215/2215/2215 2214/2214/2214 2213/2213/2213
f 2216/2216/2216 2214/2214/2214 2215/2215/2215
f 2217/2217/2217 2216/2216/2216 2215/2215/2215
f 2218/2218/2218 2216/2216/2216 2217/2217/2217
f 2217/2217/2217 2215/2215/2215 2219/2219/2219
f 2219/2219/2219 2215/2215/2215 2220/2220/2220
f 2215/2215/2215 2221/2221/2221 2220/2220/2220
f 2220/2220/2220 2221/2221/2221 2222/2222/2222
f 2225/2225/2225 2224/2224/2224 2223/2223/2223
f 2228/2228/2228 2227/2227/2227 2226/2226/2226
f 2194/2194/2194 2229/2229/2229 2227/2227/2227
f 2195/2195/2195 2229/2229/2229 2194/2194/2194
f 2231/2231/2231 2227/2227/2227 2230/2230/2230
f 2232/2232/2232 2231/2231/2231 2230/2230/2230
f 2233/2233/2233 2231/2231/2231 2232/2232/2232
f 2236/2236/2236 2235/2235/2235 2234/2234/2234
f 2236/2236/2236 2237/2237/2237 2235/2235/2235
f 2240/2240/2240 2239/2239/2239 2238/2238/2238
f 2243/2243/2243 2242/2242/2242 2241/2241/2241
f 2244/2244/2244 2242/2242/2242 2243/2243/2243
f 2245/2245/2245 2244/2244/2244 2243/2243/2243
f 2246/2246/2246 2244/2244/2244 2245/2245/2245
f 2247/2247/2247 2246/2246/2246 2245/2245/2245
f 2248/2248/2248 2246/2246/2246 2247/2247/2247
f 2249/2249/2249 2248/2248/2248 2247/2247/2247
f 2250/2250/2250 2248/2248/2248 2249/2249/2249
f 2250/2250/2250 2251/2251/2251 2248/2248/2248
f 2252/2252/2252 2251/2251/2251 2250/2250/2250
f 2248/2248/2248 2253/2253/2253 2246/2246/2246
f 2251/2251/2251 2253/2253/2253 2248/2248/2248
f 2246/2246/2246 2254/2254/2254 2244/2244/2244
f 2253/2253/2253 2254/2254/2254 2246/2246/2246
f 2244/2244/2244 2255/2255/2255 2242/2242/2242
f 2254/2254/2254 2255/2255/2255 2244/2244/2244
f 2255/2255/2255 2256/2256/2256 2242/2242/2242
f 2242/2242/2242 2256/2256/2256 2257/2257/2257
f 2242/2242/2242 2257/2257/2257 2241/2241/2241
f 2241/2241/2241 2257/2257/2257 2258/2258/2258
f 2259/2259/2259 2250/2250/2250 2249/2249/2249
f 2260/2260/2260 2250/2250/2250 2259/2259/2259
f 2260/2260/2260 2252/2252/2252 2250/2250/2250
f 2261/2261/2261 2252/2252/2252 2260/2260/2260
f 2262/2262/2262 2258/2258/2258 2257/2257/2257
f 2263/2263/2263 2258/2258/2258 2262/2262/2262
f 2264/2264/2264 2263/2263/2263 2262/2262/2262
f 2265/2265/2265 2263/2263/2263 2264/2264/2264
f 2266/2266/2266 2265/2265/2265 2264/2264/2264
f 2267/2267/2267 2265/2265/2265 2266/2266/2266
f 2268/2268/2268 2264/2264/2264 2262/2262/2262
f 2257/2257/2257 2268/2268/2268 2262/2262/2262
f 2256/2256/2256 2268/2268/2268 2257/2257/2257
f 2269/2269/2269 2264/2264/2264 2268/2268/2268
f 2270/2270/2270 2266/2266/2266 2264/2264/2264
f 2272/2272/2272 2266/2266/2266 2271/2271/2271
f 2275/2275/2275 2274/2274/2274 2273/2273/2273
f 2276/2276/2276 2274/2274/2274 2275/2275/2275
f 2276/2276/2276 2277/2277/2277 2274/2274/2274
f 2278/2278/2278 2277/2277/2277 2276/2276/2276
f 2277/2277/2277 2279/2279/2279 2274/2274/2274
f 2274/2274/2274 2279/2279/2279 2280/2280/2280
f 2274/2274/2274 2280/2280/2280 2273/2273/2273
f 2273/2273/2273 2280/2280/2280 2281/2281/2281
f 2280/2280/2280 2282/2282/2282 2281/2281/2281
f 2280/2280/2280 2283/2283/2283 2282/2282/2282
f 2283/2283/2283 2284/2284/2284 2282/2282/2282
f 2281/2281/2281 2282/2282/2282 2285/2285/2285
f 2286/2286/2286 2285/2285/2285 2282/2282/2282
f 2287/2287/2287 2283/2283/2283 2280/2280/2280
f 2279/2279/2279 2287/2287/2287 2280/2280/2280
f 2288/2288/2288 2278/2278/2278 2276/2276/2276
f 2289/2289/2289 2278/2278/2278 2288/2288/2288
f 2290/2290/2290 2289/2289/2289 2288/2288/2288
f 2290/2290/2290 2288/2288/2288 2291/2291/2291
f 2292/2292/2292 2290/2290/2290 2291/2291/2291
f 2293/2293/2293 2290/2290/2290 2292/2292/2292
f 2294/2294/2294 2293/2293/2293 2292/2292/2292
f 2295/2295/2295 2293/2293/2293 2294/2294/2294
f 2291/2291/2291 2288/2288/2288 2296/2296/2296
f 2295/2295/2295 2297/2297/2297 2293/2293/2293
f 2298/2298/2298 2297/2297/2297 2295/2295/2295
f 2293/2293/2293 2299/2299/2299 2290/2290/2290
f 2297/2297/2297 2299/2299/2299 2293/2293/2293
f 2299/2299/2299 2289/2289/2289 2290/2290/2290
f 2300/2300/2300 2295/2295/2295 2294/2294/2294
f 2301/2301/2301 2295/2295/2295 2300/2300/2300
f 2301/2301/2301 2298/2298/2298 2295/2295/2295
f 2302/2302/2302 2298/2298/2298 2301/2301/2301
f 2288/2288/2288 2276/2276/2276 2296/2296/2296
f 2296/2296/2296 2276/2276/2276 2275/2275/2275
f 2304/2304/2304 2285/2285/2285 2303/2303/2303
f 2306/2306/2306 2304/2304/2304 2305/2305/2305
f 2307/2307/2307 2304/2304/2304 2306/2306/2306
f 2308/2308/2308 2307/2307/2307 2306/2306/2306
f 2309/2309/2309 2308/2308/2308 2306/2306/2306
f 2310/2310/2310 2308/2308/2308 2309/2309/2309
f 2311/2311/2311 2309/2309/2309 2306/2306/2306
f 2284/2284/2284 2311/2311/2311 2306/2306/2306
f 2314/2314/2314 2313/2313/2313 2312/2312/2312
f 2317/2317/2317 2316/2316/2316 2315/2315/2315
f 2320/2320/2320 2319/2319/2319 2318/2318/2318
f 2323/2323/2323 2322/2322/2322 2321/2321/2321
f 2325/2325/2325 2324/2324/2324 2323/2323/2323
f 2326/2326/2326 2325/2325/2325 2323/2323/2323
f 2327/2327/2327 2325/2325/2325 2326/2326/2326
f 2328/2328/2328 2327/2327/2327 2326/2326/2326
f 2329/2329/2329 2327/2327/2327 2328/2328/2328
f 2330/2330/2330 2329/2329/2329 2328/2328/2328
f 2331/2331/2331 2329/2329/2329 2330/2330/2330
f 2329/2329/2329 2332/2332/2332 2327/2327/2327
f 2333/2333/2333 2332/2332/2332 2329/2329/2329
f 2334/2334/2334 2333/2333/2333 2329/2329/2329
f 2327/2327/2327 2335/2335/2335 2325/2325/2325
f 2332/2332/2332 2335/2335/2335 2327/2327/2327
f 2335/2335/2335 2336/2336/2336 2325/2325/2325
f 2325/2325/2325 2336/2336/2336 2337/2337/2337
f 2339/2339/2339 2333/2333/2333 2338/2338/2338
f 2336/2336/2336 2341/2341/2341 2340/2340/2340
f 2343/2343/2343 2342/2342/2342 2336/2336/2336
f 2343/2343/2343 2344/2344/2344 2342/2342/2342
f 2346/2346/2346 2321/2321/2321 2345/2345/2345
f 2349/2349/2349 2348/2348/2348 2347/2347/2347
f 2350/2350/2350 2349/2349/2349 2347/2347/2347
f 2353/2353/2353 2352/2352/2352 2351/2351/2351
f 2356/2356/2356 2355/2355/2355 2354/2354/2354
f 2359/2359/2359 2358/2358/2358 2357/2357/2357
f 2360/2360/2360 2358/2358/2358 2359/2359/2359
f 2361/2361/2361 2360/2360/2360 2359/2359/2359
f 2361/2361/2361 2359/2359/2359 2362/2362/2362
f 2362/2362/2362 2359/2359/2359 2363/2363/2363
f 2359/2359/2359 2364/2364/2364 2363/2363/2363
f 2363/2363/2363 2364/2364/2364 2365/2365/2365
f 2368/2368/2368 2367/2367/2367 2366/2366/2366
f 2371/2371/2371 2370/2370/2370 2369/2369/2369
f 2372/2372/2372 2370/2370/2370 2371/2371/2371
f 2373/2373/2373 2372/2372/2372 2371/2371/2371
f 2374/2374/2374 2372/2372/2372 2373/2373/2373
f 2375/2375/2375 2374/2374/2374 2373/2373/2373
f 2376/2376/2376 2374/2374/2374 2375/2375/2375
f 2377/2377/2377 2376/2376/2376 2375/2375/2375
f 2378/2378/2378 2376/2376/2376 2377/2377/2377
f 2378/2378/2378 2379/2379/2379 2376/2376/2376
f 2380/2380/2380 2379/2379/2379 2378/2378/2378
f 2376/2376/2376 2381/2381/2381 2374/2374/2374
f 2379/2379/2379 2381/2381/2381 2376/2376/2376
f 2374/2374/2374 2382/2382/2382 2372/2372/2372
f 2381/2381/2381 2382/2382/2382 2374/2374/2374
f 2372/2372/2372 2383/2383/2383 2370/2370/2370
f 2382/2382/2382 2383/2383/2383 2372/2372/2372
f 2384/2384/2384 2378/2378/2378 2377/2377/2377
f 2385/2385/2385 2378/2378/2378 2384/2384/2384
f 2385/2385/2385 2380/2380/2380 2378/2378/2378
f 2386/2386/2386 2380/2380/2380 2385/2385/2385
f 2383/2383/2383 2387/2387/2387 2370/2370/2370
f 2370/2370/2370 2387/2387/2387 2388/2388/2388
f 2370/2370/2370 2388/2388/2388 2369/2369/2369
f 2369/2369/2369 2388/2388/2388 2389/2389/2389
f 2387/2387/2387 2390/2390/2390 2388/2388/2388
f 2388/2388/2388 2390/2390/2390 2391/2391/2391
f 2388/2388/2388 2391/2391/2391 2389/2389/2389
f 2390/2390/2390 2392/2392/2392 2391/2391/2391
f 2392/2392/2392 2393/2393/2393 2391/2391/2391
f 2389/2389/2389 2391/2391/2391 2393/2393/2393
f 2394/2394/2394 2393/2393/2393 2392/2392/2392
f 2395/2395/2395 2394/2394/2394 2392/2392/2392
f 2396/2396/2396 2394/2394/2394 2395/2395/2395
f 2397/2397/2397 2392/2392/2392 2390/2390/2390
f 2397/2397/2397 2395/2395/2395 2392/2392/2392
f 2398/2398/2398 2395/2395/2395 2397/2397/2397
f 2401/2401/2401 2400/2400/2400 2399/2399/2399
f 2404/2404/2404 2403/2403/2403 2402/2402/2402
f 2405/2405/2405 1890/1890/1890 1901/1901/1901
f 2406/2406/2406 1890/1890/1890 2405/2405/2405
