g Zepplin
v 544.0654 513.7827 -948.3019
v 536.3301 515.017 -966.7599
v 549.6891 510.7843 -957.0104
v 544.6927 511.1223 -970.3114
v 549.5787 510.7458 -942.1378
v 547.0546 511.7423 -939.2854
v 549.3943 507.187 -934.0463
v 548.7903 505.6225 -930.7431
v 549.6891 510.7843 -957.0104
v 544.6927 511.1223 -970.3114
v 545.2395 504.3819 -955.6499
v 540.9018 504.9276 -969.0438
v 547.1039 504.9144 -941.3759
v 549.5787 510.7458 -942.1378
v 546.7533 503.6838 -932.6927
v 549.3943 507.187 -934.0463
v 545.8297 502.3199 -930.0965
v 548.7903 505.6225 -930.7431
v 548.7903 505.6225 -930.7431
v 547.1132 506.4651 -930.0957
v 548.0436 515.2587 -938.2437
v 545.0128 516.4291 -936.8488
v 546.1733 520.1294 -945.58
v 542.6934 521.4628 -944.5047
v 534.9836 530.6879 -977.6046
v 531.2184 532.2488 -975.0168
v 542.6934 521.4628 -944.5047
v 529.6482 523.5621 -964.514
v 531.2184 532.2488 -975.0168
v 537.0688 516.5007 -945.6915
v 545.0128 516.4291 -936.8488
v 542.2303 513.653 -937.0472
v 547.1132 506.4651 -930.0957
v 527.2244 518.671 -961.9595
v 536.707 516.3326 -938.2582
v 537.0688 516.5007 -945.6915
v 542.2303 513.653 -937.0472
v 521.749 522.3854 -943.3116
v 513.9254 523.929 -955.4941
v 527.2244 518.671 -961.9595
v 545.2028 508.9845 -932.33
v 547.1132 506.4651 -930.0957
v 536.707 516.3326 -938.2582
v 542.2303 513.653 -937.0472
v 545.2028 508.9845 -932.33
v 545.2028 508.9845 -932.33
v 547.1132 506.4651 -930.0957
v 542.5618 505.4811 -930.9766
v 544.1523 503.1624 -929.4493
v 533.7764 513.0754 -937.1437
v 536.707 516.3326 -938.2582
v 518.4088 517.4515 -942.1487
v 521.749 522.3854 -943.3116
v 511.7608 520.2592 -953.0176
v 513.9254 523.929 -955.4941
v 548.7903 505.6225 -930.7431
v 545.8297 502.3199 -930.0965
v 536.3301 515.017 -966.7599
v 544.0654 513.7827 -948.3019
v 534.9836 530.6879 -977.6046
v 546.1733 520.1294 -945.58
v 548.0436 515.2587 -938.2437
v 547.0546 511.7423 -939.2854
v 548.7903 505.6225 -930.7431
v 533.8456 390.9373 -1074.362
v 525.8267 397.4624 -1064.281
v 515.2332 382.5615 -1092.742
v 504.9768 389.2456 -1080.549
v 535.9072 400.0598 -1054.659
v 545.0718 393.4305 -1063.594
v 545.9885 400.8639 -1044.578
v 553.1509 394.0285 -1055.143
v 559.4128 394.8366 -1047.629
v 551.0222 401.0447 -1037.37
v 564.5468 395.3752 -1038.85
v 556.0693 401.2259 -1030.143
v 560.2067 402.1818 -1020.528
v 568.6708 396.7678 -1028.998
v 566.4882 403.1846 -1006.937
v 528.3336 394.4891 -1049.699
v 537.4764 395.293 -1038.524
v 542.4636 395.4738 -1030.951
v 547.1737 395.6551 -1023.655
v 552.4378 396.6109 -1015.528
v 566.4882 403.1846 -1006.937
v 566.4882 403.1846 -1006.937
v 558.866 397.6134 -1003.55
v 571.7921 406.7923 -989.5539
v 568.3228 401.0714 -986.2518
v 573.3076 404.3442 -974.399
v 518.6362 391.8916 -1058.565
v 498.5031 383.6747 -1074.08
v 572.6837 398.2282 -1013.801
v 566.4882 403.1846 -1006.937
v 568.6708 396.7678 -1028.998
v 576.2314 403.1749 -993.4849
v 566.4882 403.1846 -1006.937
v 571.7921 406.7923 -989.5539
v 573.3076 404.3442 -974.399
v 575.759 403.7471 -973.2404
v 577.0073 403.1012 -975.157
v 529.4953 528.711 -973.2592
v 530.0798 526.7498 -966.7878
v 530.0689 531.5966 -971.4089
v 526.8382 537.6236 -981.621
v 526.6652 533.3334 -981.5392
v 525.3397 522.403 -996.9343
v 520.5736 535.4727 -993.9236
v 523.5406 524.6055 -1001.319
v 513.3409 538.0129 -1008.628
v 522.2899 541.9617 -992.6655
v 530.0689 531.5966 -971.4089
v 526.8692 532.4464 -970.3611
v 526.8382 537.6236 -981.621
v 527.2177 527.025 -965.5283
v 530.0798 526.7498 -966.7878
v 523.7212 538.5356 -979.9891
v 522.2899 541.9617 -992.6655
v 518.4818 543.0778 -990.8808
v 508.9305 550.4993 -1021.205
v 504.8002 551.6732 -1019.585
v 518.4818 543.0778 -990.8808
v 516.1418 535.3497 -987.204
v 504.8002 551.6732 -1019.585
v 523.7212 538.5356 -979.9891
v 521.8536 533.5116 -979.2321
v 526.8692 532.4464 -970.3611
v 509.2622 530.698 -985.2782
v 494.6752 532.1235 -985.4425
v 488.3868 534.6865 -993.2148
v 498.9244 543.29 -1005.34
v 504.8002 551.6732 -1019.585
v 527.2177 527.025 -965.5283
v 520.4408 531.4698 -977.6795
v 527.2177 527.025 -965.5283
v 485.1151 533.3883 -987.8436
v 497.096 522.364 -977.5251
v 507.9092 520.3392 -978.3343
v 517.7119 520.1658 -973.9257
v 484.3522 531.7562 -981.9015
v 522.2899 541.9617 -992.6655
v 508.9305 550.4993 -1021.205
v 520.5736 535.4727 -993.9236
v 513.3409 538.0129 -1008.628
v 526.6652 533.3334 -981.5392
v 445.5955 518.2734 -1053.909
v 415.1348 505.4295 -1079.955
v 467.2881 519.8992 -1074.689
v 440.9761 504.0026 -1102.917
v 478.6964 527.5128 -1048.689
v 469.0697 524.6221 -1038.216
v 487.9109 531.5629 -1023.343
v 491.1752 530.7205 -1022.777
v 480.4407 526.2932 -1049.609
v 467.2881 519.8992 -1074.689
v 492.0758 527.9634 -1026.389
v 482.4511 524.8881 -1050.67
v 486.3666 512.5317 -1047.338
v 476.5245 496.9955 -1069.795
v 467.2881 519.8992 -1074.689
v 440.9761 504.0026 -1102.917
v 451.5276 479.9915 -1099.149
v 563.7214 484.6039 -963.9366
v 574.625 464.3791 -963.9003
v 567.6962 483.9477 -953.1833
v 576.9974 465.4499 -952.3794
v 554.5869 500.4003 -949.2448
v 549.613 501.6077 -959.3044
v 538.6514 512.3022 -942.0557
v 532.5203 514.0989 -950.7354
v 530.2544 515.824 -935.9647
v 524.1507 516.9694 -944.1575
v 581.1209 446.3841 -961.3023
v 580.2285 450.8682 -947.7465
v 566.6641 482.9665 -951.2727
v 575.8036 465.4445 -951.1102
v 554.4271 499.7091 -947.703
v 538.8351 511.3304 -940.6934
v 530.7556 514.7612 -934.7935
v 578.7798 450.563 -946.0397
v 521.2069 518.4583 -928.0439
v 514.0285 520.441 -936.2025
v 513.08 517.7382 -919.2887
v 505.3911 518.1273 -926.5938
v 514.0712 516.767 -918.4646
v 521.8019 517.2994 -927.009
v 506.0869 514.6318 -911.282
v 497.9541 516.1354 -918.3194
v 500.1856 508.3711 -903.3251
v 491.8362 508.6678 -909.6256
v 501.6006 507.5975 -903.0247
v 507.4129 513.7104 -910.9293
v 495.7026 500.7016 -895.3489
v 486.0256 501.5756 -901.3688
v 491.5764 482.8191 -882.8029
v 480.5945 483.246 -887.0398
v 491.4023 463.9821 -873.4555
v 477.5534 463.201 -877.1169
v 495.4384 446.2707 -868.5173
v 493.1626 482.4388 -883.2022
v 497.2557 500.0685 -895.3631
v 492.9392 463.9852 -874.0879
v 497.3189 445.5757 -869.9894
v 480.7301 442.7785 -870.8393
v 483.9601 433.6867 -870.1875
v 497.5616 437.5226 -867.3581
v 495.4384 446.2707 -868.5173
v 498.5302 437.417 -871.5131
v 493.9916 464.014 -874.0437
v 497.0712 446.0647 -869.1295
v 496.0648 445.8045 -869.1246
v 469.4833 461.0939 -879.4993
v 473.1644 438.586 -873.9106
v 465.12 460.5559 -880.506
v 468.9074 437.2445 -876.2376
v 461.0683 460.0566 -881.4412
v 466.1095 483.6066 -892.4141
v 447.9684 482.2122 -901.645
v 456.0356 503.9056 -919.5917
v 473.0298 503.5006 -908.5529
v 470.5628 520.9248 -940.0449
v 486.3651 519.3179 -927.2923
v 491.2537 525.9466 -961.691
v 504.7794 523.8081 -946.8422
v 513.3176 518.645 -978.8953
v 524.7899 516.9794 -962.4848
v 534.1509 504.243 -990.5042
v 543.5862 503.6676 -972.6712
v 552.0903 483.4073 -996.3114
v 559.5386 484.8216 -977.7457
v 565.6512 459.0003 -996.4771
v 571.7117 462.5982 -977.7665
v 566.7113 434.1701 -993.2986
v 562.5331 428.8479 -1009.562
v 559.9321 455.6471 -1012.258
v 555.0661 424.9893 -1019.862
v 552.6804 452.6107 -1022.282
v 545.2872 481.7574 -1011.945
v 538.0109 478.7771 -1024.087
v 525.8019 504.1375 -1005.499
v 517.9011 501.7737 -1017.441
v 503.3339 519.4358 -992.8721
v 494.4297 517.6956 -1004.2
v 509.2335 499.1802 -1030.543
v 530.0283 475.5078 -1037.407
v 505.4922 463.1927 -1069.634
v 521.9415 434.3688 -1070.049
v 515.1482 430.6431 -1076.564
v 499.4967 459.6907 -1075.506
v 484.1129 487.9356 -1062.128
v 478.1284 484.3981 -1068.017
v 458.3536 505.1885 -1047.584
v 451.2187 500.5011 -1055.154
v 431.489 513.337 -1027.138
v 423.0388 507.5959 -1036.551
v 406.2669 506.8606 -1001.904
v 396.5019 500.1008 -1013.345
v 389.6013 487.4987 -977.3354
v 377.7086 479.2835 -991.8592
v 379.8731 462.1709 -955.2657
v 367.3247 453.7437 -971.0756
v 376.9118 431.9233 -938.4604
v 364.2662 424.1949 -953.8351
v 484.662 515.787 -1016.626
v 459.006 523.777 -996.8386
v 435.1172 517.8366 -971.9643
v 418.773 498.9359 -948.6014
v 409.1154 474.2716 -928.2594
v 402.8302 443.9416 -914.0748
v 421.6052 477.5524 -918.5016
v 419.9508 449.437 -903.0251
v 431.3042 453.3611 -894.8931
v 432.9911 480.5436 -909.9919
v 430.8358 501.4083 -938.5065
v 441.8326 503.6621 -929.3051
v 446.664 519.7862 -961.0084
v 457.1893 521.5634 -951.0212
v 469.7639 525.5087 -985.0809
v 479.5705 527.087 -974.3638
v 446.6434 456.8117 -887.9605
v 462.0443 435.8664 -876.4965
v 456.3421 430.6091 -881.9316
v 495.4384 446.2707 -868.5173
v 497.5616 437.5226 -867.3581
v 500.9944 422.9811 -876.9838
v 501.6428 421.2633 -872.0492
v 489.2459 417.4749 -875.1302
v 497.5616 437.5226 -867.3581
v 501.6428 421.2633 -872.0492
v 483.9601 433.6867 -870.1875
v 580.9312 446.3258 -945.0209
v 583.8609 437.7971 -958.5549
v 581.8697 440.2617 -941.3821
v 585.2461 427.8354 -953.4855
v 578.7382 428.4186 -932.7169
v 583.6274 410.808 -949.9755
v 579.4305 446.2511 -944.0844
v 581.8697 440.2617 -941.3821
v 580.2996 440.4942 -941.4747
v 579.4305 446.2511 -944.0844
v 581.8697 440.2617 -941.3821
v 578.7382 428.4186 -932.7169
v 577.1038 428.74 -932.3796
v 572.4843 416.5202 -927.0688
v 577.1038 428.74 -932.3796
v 578.7382 428.4186 -932.7169
v 572.4843 416.5202 -927.0688
v 583.6274 410.808 -949.9755
v 581.6127 399.5392 -942.485
v 570.0591 410.4202 -922.1689
v 579.6704 390.7593 -936.8385
v 567.2426 403.3346 -916.4777
v 567.2426 403.3346 -916.4777
v 575.5052 389.9278 -927.4596
v 567.2426 403.3346 -916.4777
v 568.1127 410.7631 -922.4756
v 570.0591 410.4202 -922.1689
v 570.5756 416.8621 -927.5511
v 572.4843 416.5202 -927.0688
v 577.1038 428.74 -932.3796
v 565.2523 403.6793 -916.5804
v 568.1127 410.7631 -922.4756
v 567.2426 403.3346 -916.4777
v 578.7382 428.4186 -932.7169
v 583.6274 410.808 -949.9755
v 572.4843 416.5202 -927.0688
v 575.5052 389.9278 -927.4596
v 565.2523 403.6793 -916.5804
v 567.2426 403.3346 -916.4777
v 573.4073 461.3244 -888.0432
v 576.0799 458.3761 -887.7504
v 575.5932 463.2997 -878.7043
v 575.86 451.2159 -897.9282
v 580.7917 456.0707 -888.8579
v 585.8068 448.0787 -900.1779
v 580.9714 460.1904 -882.9966
v 574.7656 441.1823 -912.0341
v 575.86 451.2159 -897.9282
v 593.237 433.462 -915.8735
v 574.2095 437.6404 -917.3239
v 589.884 431.7686 -919.367
v 572.3168 464.276 -888.5373
v 573.4073 461.3244 -888.0432
v 575.5932 463.2997 -878.7043
v 573.2928 457.1555 -899.8661
v 575.86 451.2159 -897.9282
v 571.2825 462.3272 -901.4935
v 571.7286 465.6733 -886.1977
v 575.5932 463.2997 -878.7043
v 567.6069 465.4989 -901.5059
v 573.1876 453.3419 -910.6826
v 574.7656 441.1823 -912.0341
v 570.5743 461.04 -911.6526
v 566.5865 467.9958 -911.8171
v 565.6216 470.5482 -901.0304
v 571.7286 465.6733 -886.1977
v 573.1255 451.0761 -917.1088
v 574.2095 437.6404 -917.3239
v 569.9199 459.7585 -918.5613
v 565.372 468.0351 -918.4645
v 562.2313 474.3141 -912.2031
v 565.6216 470.5482 -901.0304
v 560.0498 474.6827 -917.0505
v 574.7656 441.1823 -912.0341
v 575.86 451.2159 -897.9282
v 585.8068 448.0787 -900.1779
v 593.237 433.462 -915.8735
v 584.4108 442.3869 -896.1321
v 591.8411 427.7702 -911.8275
v 579.3958 450.3788 -884.8118
v 580.7917 456.0707 -888.8579
v 580.9714 460.1904 -882.9966
v 587.4616 466.2877 -871.1717
v 575.5932 463.2997 -878.7043
v 575.5932 463.2997 -878.7043
v 587.4616 466.2877 -871.1717
v 582.9545 468.6063 -869.4568
v 595.8415 475.5173 -854.0436
v 598.2352 473.7892 -854.4215
v 612.5682 485.5999 -831.8272
v 611.5035 486.7067 -831.4028
v 587.4616 466.2877 -871.1717
v 580.9714 460.1904 -882.9966
v 586.4305 462.1196 -868.2324
v 597.673 471.8246 -852.9981
v 598.2352 473.7892 -854.4215
v 612.5682 485.5999 -831.8272
v 579.6371 454.6915 -879.1066
v 580.7917 456.0707 -888.8579
v 579.3958 450.3788 -884.8118
v 586.4305 462.1196 -868.2324
v 589.0923 479.9857 -844.108
v 597.673 471.8246 -852.9981
v 608.6948 488.5435 -829.8799
v 574.216 473.7698 -853.465
v 579.6371 454.6915 -879.1066
v 566.0582 471.9201 -859.0763
v 579.3958 450.3788 -884.8118
v 560.9174 470.7545 -862.6135
v 584.4108 442.3869 -896.1321
v 550.7903 471.3282 -866.2957
v 591.8411 427.7702 -911.8275
v 532.3801 477.4789 -867.5056
v 519.4815 480.6277 -866.5881
v 587.197 424.776 -915.6817
v 516.8659 478.1167 -867.806
v 612.5682 485.5999 -831.8272
v 588.6893 483.3383 -848.3517
v 608.6948 488.5435 -829.8799
v 589.0923 479.9857 -844.108
v 574.216 473.7698 -853.465
v 573.5341 479.4357 -860.6377
v 566.0582 471.9201 -859.0763
v 565.7183 477.3657 -866.4208
v 560.9174 470.7545 -862.6135
v 560.7926 476.0611 -870.0654
v 550.7903 471.3282 -866.2957
v 550.0701 477.3143 -873.8736
v 532.3801 477.4789 -867.5056
v 531.7289 482.8889 -874.3553
v 519.4815 480.6277 -866.5881
v 518.7248 486.9158 -874.5496
v 516.8659 478.1167 -867.806
v 516.0946 484.5294 -875.9259
v 592.1848 477.8176 -852.73
v 608.6948 488.5435 -829.8799
v 588.6893 483.3383 -848.3517
v 610.4758 487.4629 -830.6926
v 573.5341 479.4357 -860.6377
v 579.1315 471.2233 -868.1193
v 572.1219 467.5499 -875.9423
v 565.7183 477.3657 -866.4208
v 565.4865 469.15 -877.1675
v 560.7926 476.0611 -870.0654
v 554.2996 470.5677 -880.2006
v 550.0701 477.3143 -873.8736
v 540.2929 471.7401 -884.5013
v 531.7289 482.8889 -874.3553
v 530.6699 472.9407 -887.1932
v 518.7248 486.9158 -874.5496
v 527.7128 472.1324 -887.8812
v 516.0946 484.5294 -875.9259
v 596.6204 478.2563 -855.1232
v 593.4867 479.9678 -853.1398
v 585.8411 477.1034 -872.2274
v 581.6458 479.3948 -869.5717
v 579.4679 475.3934 -882.6901
v 574.8524 477.9137 -879.7681
v 576.2325 474.5255 -887.9995
v 571.4046 477.1624 -884.9434
v 570.7469 478.8094 -899.2075
v 564.5409 482.1984 -895.2795
v 564.8891 487.9777 -914.3157
v 557.2112 491.992 -910.0933
v 560.562 494.7502 -925.4744
v 552.6531 498.7853 -921.5723
v 559.9186 495.7571 -927.1343
v 551.8482 499.8614 -923.2
v 542.0214 482.3501 -907.306
v 543.3695 481.8317 -906.4169
v 557.2112 491.992 -910.0933
v 550.7224 478.8088 -900.6758
v 593.4867 479.9678 -853.1398
v 610.4758 487.4629 -830.6926
v 592.1848 477.8176 -852.73
v 581.6458 479.3948 -869.5717
v 579.1315 471.2233 -868.1193
v 572.1219 467.5499 -875.9423
v 574.8524 477.9137 -879.7681
v 569.4093 469.7366 -881.9198
v 571.4046 477.1624 -884.9434
v 562.998 474.087 -892.585
v 564.5409 482.1984 -895.2795
v 550.7224 478.8088 -900.6758
v 611.5035 486.7067 -831.4028
v 566.9769 470.059 -878.7736
v 569.4093 469.7366 -881.9198
v 572.1219 467.5499 -875.9423
v 562.998 474.087 -892.585
v 558.5681 474.4785 -886.069
v 565.4865 469.15 -877.1675
v 572.1219 467.5499 -875.9423
v 555.8461 473.2785 -883.022
v 554.2996 470.5677 -880.2006
v 550.7224 478.8088 -900.6758
v 548.432 481.0599 -895.6086
v 550.7224 478.8088 -900.6758
v 543.7122 478.9785 -890.3242
v 540.2929 471.7401 -884.5013
v 543.3695 481.8317 -906.4169
v 539.5928 484.6519 -902.6468
v 534.3708 482.2326 -895.2503
v 530.6699 472.9407 -887.1932
v 542.0214 482.3501 -907.306
v 538.1392 484.4359 -903.481
v 532.5112 481.9489 -896.4802
v 527.7128 472.1324 -887.8812
v 557.2112 491.992 -910.0933
v 564.5409 482.1984 -895.2795
v 550.7224 478.8088 -900.6758
v 611.5035 486.7067 -831.4028
v 596.6204 478.2563 -855.1232
v 595.8415 475.5173 -854.0436
v 585.8411 477.1034 -872.2274
v 582.9545 468.6063 -869.4568
v 579.4679 475.3934 -882.6901
v 575.5932 463.2997 -878.7043
v 576.2325 474.5255 -887.9995
v 571.7286 465.6733 -886.1977
v 570.7469 478.8094 -899.2075
v 565.6216 470.5482 -901.0304
v 564.8891 487.9777 -914.3157
v 565.6216 470.5482 -901.0304
v 564.8891 487.9777 -914.3157
v 562.2313 474.3141 -912.2031
v 560.562 494.7502 -925.4744
v 560.0498 474.6827 -917.0505
v 559.9186 495.7571 -927.1343
v 528.336 437.5889 -870.731
v 526.131 465.0125 -885.089
v 571.4752 463.946 -869.6685
v 531.7473 427.0262 -868.6021
v 537.92 416.1062 -868.0873
v 545.4603 405.5479 -859.8539
v 551.7374 401.3344 -863.4424
v 577.7156 459.6195 -873.22
v 572.2241 475.0553 -951.0803
v 576.5287 465.8412 -951.469
v 569.652 469.6775 -933.976
v 572.7057 461.4115 -933.7156
v 561.5184 462.2659 -913.6333
v 562.9494 458.3882 -913.1296
v 565.4568 477.3837 -933.5989
v 567.3179 484.3585 -950.8738
v 558.2326 489.1436 -930.1014
v 555.0524 471.714 -914.3654
v 558.6662 465.7281 -915.2317
v 550.1207 476.7715 -912.0569
v 547.8593 497.8723 -925.108
v 554.8536 499.8106 -947.2033
v 547.1172 478.4068 -909.7081
v 541.587 500.9634 -920.7151
v 539.4393 511.4687 -939.9221
v 552.7178 452.8534 -898.19
v 543.7836 480.0701 -907.3185
v 563.1082 454.4608 -911.6402
v 534.7464 503.6713 -915.3002
v 531.2932 514.8258 -934.3988
v 539.4393 511.4687 -939.9221
v 540.5569 479.3718 -903.8607
v 528.5096 502.4054 -908.9073
v 522.1738 517.6323 -926.8281
v 522.1738 517.6323 -926.8281
v 537.5599 478.3989 -900.5273
v 523.0813 500.6848 -902.6475
v 514.3594 517.1166 -918.0504
v 522.1738 517.6323 -926.8281
v 535.3367 475.2694 -897.5707
v 518.8229 494.9055 -896.4707
v 507.7424 513.7904 -910.3835
v 507.7424 513.7904 -910.3835
v 502.369 507.4355 -902.4791
v 515.3755 488.7948 -890.5871
v 534.8353 472.409 -893.574
v 533.5122 465.5411 -889.6942
v 512.5815 476.0559 -882.5452
v 497.9903 499.8424 -894.946
v 497.9903 499.8424 -894.946
v 493.872 482.9431 -882.3602
v 511.9854 461.8511 -875.3047
v 493.7991 464.4241 -873.1979
v 533.5517 458.6261 -886.2374
v 535.1531 451.6529 -883.9955
v 511.6003 446.884 -869.9147
v 493.7991 464.4241 -873.1979
v 517.0834 434.1412 -868.9204
v 497.7662 446.4876 -868.2143
v 493.7991 464.4241 -873.1979
v 538.5795 445.9976 -883.6398
v 525.784 418.4886 -872.2451
v 554.8536 499.8106 -947.2033
v 567.3179 484.3585 -950.8738
v 539.4393 511.4687 -939.9221
v 554.8536 499.8106 -947.2033
v 497.9903 499.8424 -894.946
v 493.872 482.9431 -882.3602
v 497.0126 499.3017 -896.0316
v 492.8947 482.4019 -883.4457
v 493.7991 464.4241 -873.1979
v 492.8216 463.8832 -874.2833
v 501.3914 506.8944 -903.5643
v 502.369 507.4355 -902.4791
v 506.7649 513.2495 -911.4689
v 507.7424 513.7904 -910.3835
v 513.3819 516.5757 -919.1356
v 507.7424 513.7904 -910.3835
v 514.3594 517.1166 -918.0504
v 521.1961 517.0914 -927.9137
v 522.1738 517.6323 -926.8281
v 530.3157 514.2847 -935.4842
v 522.1738 517.6323 -926.8281
v 521.1961 517.0914 -927.9137
v 531.2932 514.8258 -934.3988
v 538.4619 510.9278 -941.0081
v 539.4393 511.4687 -939.9221
v 553.8763 499.2696 -948.2888
v 539.4393 511.4687 -939.9221
v 538.4619 510.9278 -941.0081
v 554.8536 499.8106 -947.2033
v 539.4393 511.4687 -939.9221
v 566.3404 483.8176 -951.9592
v 554.8536 499.8106 -947.2033
v 553.8763 499.2696 -948.2888
v 567.3179 484.3585 -950.8738
v 571.2467 474.5148 -952.1656
v 572.2241 475.0553 -951.0803
v 575.5516 465.3002 -952.5543
v 576.5287 465.8412 -951.469
v 576.5287 465.8412 -951.469
v 579.8932 451.4279 -947.1097
v 576.0678 454.8682 -930.0168
v 576.3763 444.3896 -925.5745
v 581.6287 441.2464 -940.2285
v 579.8932 451.4279 -947.1097
v 562.8716 451.0819 -909.5621
v 575.2983 431.1979 -919.6766
v 579.4263 429.0103 -930.5678
v 561.1003 446.4081 -903.5413
v 493.7991 464.4241 -873.1979
v 497.7662 446.4876 -868.2143
v 492.8216 463.8832 -874.2833
v 496.7888 445.9467 -869.2997
v 581.6287 441.2464 -940.2285
v 579.8932 451.4279 -947.1097
v 580.6511 440.7052 -941.3138
v 578.9159 450.8869 -948.1951
v 578.4486 428.4694 -931.6533
v 579.4263 429.0103 -930.5678
v 579.8932 451.4279 -947.1097
v 576.5287 465.8412 -951.469
v 578.9159 450.8869 -948.1951
v 575.5516 465.3002 -952.5543
v 465.5724 439.4401 -1111.464
v 479.4099 410.7499 -1110.901
v 486.2736 452.0939 -1096.479
v 502.3744 422.9644 -1094.982
v 463.5293 480.6346 -1092.124
v 444.6149 466.0344 -1107.73
v 436.9083 501.1943 -1077.185
v 419.4608 485.8976 -1093.762
v 407.6027 506.5073 -1056.76
v 391.6346 490.4654 -1074.756
v 380.312 500.5334 -1027.795
v 365.8834 484.9679 -1046.852
v 363.7266 479.3545 -999.9716
v 350.4152 465.1932 -1020.296
v 354.447 455.3763 -975.4385
v 341.5882 442.5692 -996.9164
v 503.6901 462.2625 -1079.284
v 519.5874 432.3166 -1078.314
v 451.7531 509.9984 -1061.322
v 481.2755 491.0471 -1074.522
v 421.4644 515.6177 -1041.312
v 391.8193 508.3718 -1014.466
v 372.1328 484.4292 -990.1922
v 361.9124 458.5457 -969.1593
v 364.2662 424.1949 -953.8351
v 357.1207 419.1244 -964.1869
v 519.5874 432.3166 -1078.314
v 499.4967 459.6907 -1075.506
v 503.6901 462.2625 -1079.284
v 515.1482 430.6431 -1076.564
v 518.6954 398.0745 -1074.019
v 478.1284 484.3981 -1068.017
v 481.2755 491.0471 -1074.522
v 451.2187 500.5011 -1055.154
v 451.7531 509.9984 -1061.322
v 423.0388 507.5959 -1036.551
v 421.4644 515.6177 -1041.312
v 396.5019 500.1008 -1013.345
v 391.8193 508.3718 -1014.466
v 377.7086 479.2835 -991.8592
v 372.1328 484.4292 -990.1922
v 367.3247 453.7437 -971.0756
v 361.9124 458.5457 -969.1593
v 364.2662 424.1949 -953.8351
v 497.2899 499.2714 -895.8574
v 494.2112 482.2615 -883.0598
v 498.2818 498.9071 -895.5145
v 507.874 512.6108 -911.0792
v 508.7177 512.1232 -910.5507
v 521.7115 516.6964 -927.2944
v 522.4421 516.1533 -926.5891
v 538.6826 510.8295 -940.6954
v 539.1829 510.3245 -939.7918
v 554.1497 499.1665 -947.7801
v 554.4354 498.7907 -946.7944
v 566.5463 483.9044 -951.9785
v 566.6569 483.6991 -950.8927
v 576.261 465.5609 -951.9529
v 576.2333 465.5739 -950.832
v 579.5911 450.6319 -948.0795
v 579.4837 450.8777 -947.0446
v 575.1415 441.4775 -970.2065
v 574.3139 439.7748 -974.3228
v 573.5453 438.1935 -978.1443
v 344.2846 407.3139 -988.1981
v 341.5882 442.5692 -996.9164
v 357.1207 419.1244 -964.1869
v 354.447 455.3763 -975.4385
v 364.0324 388.2362 -957.0769
v 348.4101 376.4907 -986.1541
v 374.7657 394.7241 -943.0843
v 364.2662 424.1949 -953.8351
v 377.4808 396.3654 -939.5449
v 384.6227 400.6823 -930.2352
v 376.9118 431.9233 -938.4604
v 409.2132 411.0406 -911.3575
v 402.8302 443.9416 -914.0748
v 414.0896 413.3231 -907.2037
v 405.2671 445.9537 -909.3437
v 479.4099 410.7499 -1110.901
v 479.7339 379.0479 -1105.682
v 502.3744 422.9644 -1094.982
v 506.9648 391.0196 -1087.171
v 519.5874 432.3166 -1078.314
v 518.6954 398.0745 -1074.019
v 515.1482 430.6431 -1076.564
v 518.6954 398.0745 -1074.019
v 521.9415 434.3688 -1070.049
v 529.4681 404.5536 -1061.94
v 545.6749 447.842 -1037.299
v 545.2878 417.3441 -1036.489
v 545.6749 447.842 -1037.299
v 529.4681 404.5536 -1061.94
v 549.4628 421.1568 -1028.199
v 547.2911 419.1735 -1032.512
v 545.2878 417.3441 -1036.489
v 384.6227 400.6823 -930.2352
v 376.9118 431.9233 -938.4604
v 409.2132 411.0406 -911.3575
v 424.5338 417.6849 -900.0645
v 440.8758 424.2256 -891.2664
v 411.2457 446.7256 -908.8287
v 414.0896 413.3231 -907.2037
v 405.2671 445.9537 -909.3437
v 405.2671 445.9537 -909.3437
v 405.2671 445.9537 -909.3437
v 440.8758 424.2256 -891.2664
v 419.9508 449.437 -903.0251
v 431.3042 453.3611 -894.8931
v 456.3421 430.6091 -881.9316
v 456.3421 430.6091 -881.9316
v 446.6434 456.8117 -887.9605
v 462.0443 435.8664 -876.4965
v 368.1355 314.142 -925.9531
v 353.828 308.6408 -943.4835
v 383.5006 305.0069 -940.3574
v 366.8091 300.9088 -955.5746
v 398.4953 309.755 -927.3064
v 383.0335 318.9103 -912.8726
v 415.4153 318.3483 -914.632
v 400.4277 327.2228 -900.6406
v 434.0246 327.7109 -900.6354
v 420.6778 335.6139 -888.1758
v 454.5022 341.4822 -887.4344
v 443.9531 347.7284 -877.5868
v 468.8978 353.2359 -879.4691
v 461.0583 357.8779 -872.1507
v 482.3771 362.4016 -870.8434
v 407.839 290.6338 -963.0153
v 384.1515 290.686 -971.7908
v 489.5624 358.8862 -876.3403
v 487.6602 365.3969 -867.1141
v 480.1328 364.3674 -867.7052
v 461.0583 357.8779 -872.1507
v 483.9611 344.3168 -893.5307
v 472.4374 330.8624 -904.1771
v 455.6437 314.9102 -920.8168
v 439.1984 304.266 -936.8336
v 422.904 295.3021 -950.0921
v 362.6539 300.6021 -959.7815
v 357.8664 303.6656 -954.9379
v 369.9631 296.5163 -966.2084
v 487.6602 365.3969 -867.1141
v 487.8845 364.7972 -866.5605
v 480.1328 364.3674 -867.7052
v 477.687 363.0163 -866.981
v 480.1328 364.3674 -867.7052
v 477.687 363.0163 -866.981
v 461.0583 357.8779 -872.1507
v 461.0583 357.8779 -872.1507
v 477.687 363.0163 -866.981
v 458.6328 356.1208 -871.5887
v 458.6328 356.1208 -871.5887
v 477.687 363.0163 -866.981
v 454.5061 323.9411 -875.0889
v 467.258 328.2835 -872.0439
v 443.2571 317.242 -878.6896
v 442.0793 346.064 -876.9096
v 461.0583 357.8779 -872.1507
v 458.6328 356.1208 -871.5887
v 443.9531 347.7284 -877.5868
v 443.9531 347.7284 -877.5868
v 442.0793 346.064 -876.9096
v 420.6778 335.6139 -888.1758
v 419.6961 334.4902 -887.0975
v 400.4277 327.2228 -900.6406
v 400.1792 326.4328 -899.1179
v 383.0335 318.9103 -912.8726
v 383.4739 318.3742 -910.8779
v 368.1355 314.142 -925.9531
v 369.1743 313.7676 -923.4368
v 369.1743 313.7676 -923.4368
v 353.828 308.6408 -943.4835
v 353.828 308.6408 -943.4835
v 354.3597 308.8509 -940.837
v 362.6539 300.6021 -959.7815
v 372.1566 295.6714 -965.8311
v 369.9631 296.5163 -966.2084
v 384.1515 290.686 -971.7908
v 396.0963 282.5895 -938.5131
v 390.481 285.7286 -933.5757
v 357.8664 303.6656 -954.9379
v 405.6885 278.5798 -942.4645
v 386.5768 289.6862 -971.4466
v 421.0468 278.6906 -936.4479
v 421.0468 278.6906 -936.4479
v 357.982 304.0636 -952.6033
v 386.5862 288.2206 -929.6355
v 354.3597 308.8509 -940.837
v 383.7855 291.5491 -922.0179
v 430.9506 281.7779 -927.9155
v 421.0468 278.6906 -936.4479
v 441.6885 287.6818 -919.183
v 369.1743 313.7676 -923.4368
v 393.3167 295.1102 -910.5614
v 452.5306 294.6901 -908.6376
v 403.1325 298.2494 -901.9473
v 353.828 308.6408 -943.4835
v 421.0468 278.6906 -936.4479
v 386.5768 289.6862 -971.4466
v 405.6885 278.5798 -942.4645
v 409.5245 289.8234 -961.8662
v 421.0468 278.6906 -936.4479
v 430.9506 281.7779 -927.9155
v 409.5245 289.8234 -961.8662
v 421.0468 278.6906 -936.4479
v 424.1122 294.3398 -949.0637
v 441.6885 287.6818 -919.183
v 439.8754 303.0133 -936.2926
v 452.5306 294.6901 -908.6376
v 455.7763 313.2881 -920.7943
v 463.5999 305.197 -897.6797
v 471.9595 328.6521 -904.6943
v 471.2424 314.0313 -890.7123
v 483.493 341.9141 -894.5223
v 439.1984 304.266 -936.8336
v 422.904 295.3021 -950.0921
v 475.1512 323.6097 -879.4124
v 483.493 341.9141 -894.5223
v 471.2424 314.0313 -890.7123
v 489.6877 356.4992 -877.8004
v 473.6952 328.9028 -871.9191
v 475.1512 323.6097 -879.4124
v 487.8845 364.7972 -866.5605
v 369.1743 313.7676 -923.4368
v 383.4739 318.3742 -910.8779
v 393.3167 295.1102 -910.5614
v 403.1325 298.2494 -901.9473
v 471.2424 314.0313 -890.7123
v 427.9279 309.2578 -885.6709
v 475.1512 323.6097 -879.4124
v 443.2571 317.242 -878.6896
v 473.6952 328.9028 -871.9191
v 454.5061 323.9411 -875.0889
v 467.258 328.2835 -872.0439
v 471.2424 314.0313 -890.7123
v 414.5909 303.7269 -893.8872
v 427.9279 309.2578 -885.6709
v 475.1512 323.6097 -879.4124
v 443.2571 317.242 -878.6896
v 463.5999 305.197 -897.6797
v 414.5909 303.7269 -893.8872
v 471.2424 314.0313 -890.7123
v 452.5306 294.6901 -908.6376
v 403.1325 298.2494 -901.9473
v 463.5999 305.197 -897.6797
v 414.5909 303.7269 -893.8872
v 383.4739 318.3742 -910.8779
v 400.1792 326.4328 -899.1179
v 403.1325 298.2494 -901.9473
v 414.5909 303.7269 -893.8872
v 400.1792 326.4328 -899.1179
v 419.6961 334.4902 -887.0975
v 414.5909 303.7269 -893.8872
v 427.9279 309.2578 -885.6709
v 442.0793 346.064 -876.9096
v 443.2571 317.242 -878.6896
v 477.687 363.0163 -866.981
v 487.8845 364.7972 -866.5605
v 467.258 328.2835 -872.0439
v 473.6952 328.9028 -871.9191
v 487.8845 364.7972 -866.5605
v 487.6602 365.3969 -867.1141
v 489.6877 356.4992 -877.8004
v 489.6877 356.4992 -877.8004
v 489.5624 358.8862 -876.3403
v 489.6877 356.4992 -877.8004
v 489.5624 358.8862 -876.3403
v 483.493 341.9141 -894.5223
v 483.493 341.9141 -894.5223
v 489.5624 358.8862 -876.3403
v 483.9611 344.3168 -893.5307
v 471.9595 328.6521 -904.6943
v 472.4374 330.8624 -904.1771
v 455.7763 313.2881 -920.7943
v 455.6437 314.9102 -920.8168
v 439.8754 303.0133 -936.2926
v 439.1984 304.266 -936.8336
v 483.493 341.9141 -894.5223
v 483.9611 344.3168 -893.5307
v 471.9595 328.6521 -904.6943
v 424.1122 294.3398 -949.0637
v 422.904 295.3021 -950.0921
v 409.5245 289.8234 -961.8662
v 409.5245 289.8234 -961.8662
v 422.904 295.3021 -950.0921
v 407.839 290.6338 -963.0153
v 386.5768 289.6862 -971.4466
v 407.839 290.6338 -963.0153
v 384.1515 290.686 -971.7908
v 409.5245 289.8234 -961.8662
v 407.839 290.6338 -963.0153
v 386.5768 289.6862 -971.4466
v 404.0451 411.7761 -907.0325
v 405.6869 411.9196 -905.0773
v 401.6786 412.8586 -905.264
v 394.8538 411.3894 -910.8109
v 391.1818 413.9953 -907.3277
v 388.2081 413.4254 -900.5881
v 400.344 412.4844 -900.1431
v 405.4501 411.561 -904.3661
v 386.1703 410.685 -914.5665
v 381.2253 414.1896 -910.0599
v 374.7053 410.1079 -921.2059
v 369.2561 414.5092 -915.2863
v 362.2052 415.1055 -908.3431
v 377.1262 414.1653 -903.5162
v 364.1592 409.6085 -929.1974
v 356.9497 415.7471 -923.0408
v 357.8132 407.4778 -937.741
v 349.7007 415.7509 -930.7957
v 334.5175 416.8665 -920.537
v 346.2206 416.446 -913.9059
v 352.0061 405.3152 -947.4068
v 343.2642 415.9646 -938.4058
v 348.9113 402.9155 -956.2966
v 337.057 415.8702 -948.3281
v 346.7166 399.9446 -967.9263
v 333.1796 415.9467 -958.6113
v 313.2376 417.4969 -946.9742
v 317.9165 417.7549 -934.5588
v 325.1597 417.331 -926.5297
v 310.437 415.736 -960.8569
v 331.6626 415.8752 -970.7493
v 308.868 413.1961 -981.0982
v 331.7128 415.6754 -984.2293
v 346.4347 403.1877 -991.2741
v 345.8385 401.4878 -979.3526
v 331.7128 415.6754 -984.2293
v 352.4288 406.0264 -1011.526
v 352.4288 406.0264 -1011.526
v 337.7228 414.0893 -1008.683
v 365.988 405.8672 -1034.993
v 350.9915 414.0892 -1032.094
v 325.8246 408.4545 -1027.104
v 311.1561 408.5363 -1004.531
v 331.7128 415.6754 -984.2293
v 317.7616 416.9809 -934.4144
v 313.2376 417.4969 -946.9742
v 317.9165 417.7549 -934.5588
v 312.9964 416.5609 -946.9139
v 324.8667 416.5618 -926.538
v 325.1597 417.331 -926.5297
v 334.2995 416.1243 -920.4666
v 334.5175 416.8665 -920.537
v 346.0924 415.7077 -913.7963
v 346.2206 416.446 -913.9059
v 362.0933 414.4306 -908.2336
v 362.2052 415.1055 -908.3431
v 377.362 413.3542 -903.3362
v 377.1262 414.1653 -903.5162
v 388.6573 412.3677 -900.5002
v 388.2081 413.4254 -900.5881
v 401.5887 411.3588 -900.233
v 310.437 415.736 -960.8569
v 400.344 412.4844 -900.1431
v 401.5887 411.3588 -900.233
v 388.2081 413.4254 -900.5881
v 401.5887 411.3588 -900.233
v 405.4501 411.561 -904.3661
v 403.8312 410.8803 -905.3547
v 401.5887 411.3588 -900.233
v 394.9603 410.4963 -910.2328
v 388.6573 412.3677 -900.5002
v 386.2093 410.0825 -914.1984
v 377.362 413.3542 -903.3362
v 374.5111 409.5876 -921.0084
v 362.0933 414.4306 -908.2336
v 363.8865 408.955 -928.9568
v 346.0924 415.7077 -913.7963
v 357.4292 406.7175 -937.544
v 334.2995 416.1243 -920.4666
v 351.4934 404.4402 -947.2932
v 324.8667 416.5618 -926.538
v 348.4818 402.1409 -955.9395
v 317.7616 416.9809 -934.4144
v 346.1359 399.2393 -967.6393
v 312.9964 416.5609 -946.9139
v 345.2805 400.7698 -979.171
v 310.2949 414.7917 -960.9038
v 345.8477 402.3027 -991.4263
v 308.8399 412.2187 -981.3981
v 351.93 404.9364 -1011.446
v 365.7122 404.8934 -1034.932
v 311.2801 407.7379 -1004.564
v 325.8746 407.7664 -1027.109
v 308.8399 412.2187 -981.3981
v 351.93 404.9364 -1011.446
v 357.4292 406.7175 -937.544
v 357.8132 407.4778 -937.741
v 351.4934 404.4402 -947.2932
v 364.1592 409.6085 -929.1974
v 363.8865 408.955 -928.9568
v 374.7053 410.1079 -921.2059
v 374.5111 409.5876 -921.0084
v 352.0061 405.3152 -947.4068
v 348.4818 402.1409 -955.9395
v 348.9113 402.9155 -956.2966
v 346.1359 399.2393 -967.6393
v 346.7166 399.9446 -967.9263
v 345.2805 400.7698 -979.171
v 345.8385 401.4878 -979.3526
v 345.8477 402.3027 -991.4263
v 346.4347 403.1877 -991.2741
v 351.93 404.9364 -1011.446
v 386.1703 410.685 -914.5665
v 386.2093 410.0825 -914.1984
v 394.8538 411.3894 -910.8109
v 394.9603 410.4963 -910.2328
v 404.0451 411.7761 -907.0325
v 310.437 415.736 -960.8569
v 312.9964 416.5609 -946.9139
v 310.2949 414.7917 -960.9038
v 308.868 413.1961 -981.0982
v 308.8399 412.2187 -981.3981
v 311.1561 408.5363 -1004.531
v 311.2801 407.7379 -1004.564
v 325.8246 408.4545 -1027.104
v 325.8746 407.7664 -1027.109
v 352.4288 406.0264 -1011.526
v 351.93 404.9364 -1011.446
v 346.4347 403.1877 -991.2741
v 365.7122 404.8934 -1034.932
v 405.6869 411.9196 -905.0773
v 404.0451 411.7761 -907.0325
v 394.9603 410.4963 -910.2328
v 365.7122 404.8934 -1034.932
v 352.4288 406.0264 -1011.526
v 365.988 405.8672 -1034.993
v 336.6241 321.2162 -927.1406
v 334.8487 321.9742 -926.0051
v 320.2528 307.7688 -944.5878
v 318.761 308.7243 -943.0424
v 342.5575 321.3777 -915.767
v 343.8232 320.1285 -918.3287
v 317.4537 309.1583 -942.4363
v 333.6929 322.3864 -925.4166
v 321.2771 326.8135 -919.0946
v 303.4097 313.8205 -935.9258
v 327.3727 326.0613 -909.9501
v 337.7716 322.3976 -914.8713
v 321.7111 327.6984 -907.3881
v 315.2635 328.5201 -916.8446
v 320.1613 328.8686 -905.3691
v 312.8213 329.3102 -915.7509
v 297.9849 314.7554 -935.0916
v 295.2546 314.6213 -935.6658
v 318.9591 329.1866 -904.753
v 293.954 315.4991 -934.1176
v 294.8163 317.817 -929.8203
v 310.9319 330.4115 -913.9951
v 306.0244 333.2723 -909.4349
v 291.0688 322.8542 -921.0453
v 310.1783 331.1268 -902.8126
v 316.6342 329.3929 -904.9643
v 286.4425 325.7677 -916.1869
v 301.4545 335.1387 -906.668
v 306.1463 332.3531 -901.0972
v 301.8504 333.5552 -899.6878
v 298.2467 336.4488 -904.7263
v 298.2467 336.4488 -904.7263
v 286.4425 325.7677 -916.1869
v 286.4687 332.6567 -912.0799
v 280.4784 327.4567 -913.8366
v 298.2467 336.4488 -904.7263
v 280.4784 327.4567 -913.8366
v 286.4687 332.6567 -912.0799
v 280.656 327.5468 -913.7454
v 280.6501 327.4703 -913.7043
v 285.7811 324.2829 -907.5668
v 298.2467 336.4488 -904.7263
v 297.62 328.817 -900.6128
v 301.8504 333.5552 -899.6878
v 340.2354 322.0635 -914.5136
v 362.8409 311.3796 -931.9374
v 356.7975 311.8822 -941.9236
v 335.2257 295.9046 -965.1292
v 364.7307 310.5837 -933.1261
v 358.6872 311.0862 -943.1125
v 338.291 295.4615 -965.2126
v 273.0551 480.1124 -976.9269
v 273.0789 476.4265 -975.6567
v 254.1588 478.8603 -974.3938
v 254.1616 478.4128 -974.2395
v 321.7741 472.8128 -981.7859
v 321.7449 477.3017 -983.3327
v 365.8679 470.7405 -989.853
v 365.834 475.9667 -991.6541
v 254.0751 478.7081 -974.8337
v 273.0551 480.1124 -976.9269
v 254.1588 478.8603 -974.3938
v 272.366 478.8582 -980.5535
v 321.7449 477.3017 -983.3327
v 320.5898 476.1276 -988.5319
v 365.834 475.9667 -991.6541
v 364.8568 474.1885 -996.796
v 254.0751 478.7081 -974.8337
v 254.078 478.2608 -974.6795
v 272.366 478.8582 -980.5535
v 272.3898 475.1722 -979.2833
v 320.5898 476.1276 -988.5319
v 320.9348 471.2854 -986.2025
v 364.8568 474.1885 -996.796
v 364.8907 468.9621 -994.9952
v 254.1616 478.4128 -974.2395
v 272.3898 475.1722 -979.2833
v 254.078 478.2608 -974.6795
v 273.0789 476.4265 -975.6567
v 320.9348 471.2854 -986.2025
v 321.7741 472.8128 -981.7859
v 364.8907 468.9621 -994.9952
v 365.8679 470.7405 -989.853
v 340.8819 511.6035 -1023.998
v 339.6367 510.5381 -1021.06
v 337.7808 513.7358 -1024.942
v 336.4998 512.6453 -1021.837
v 336.6248 507.1982 -1015.504
v 334.5994 510.8505 -1018.251
v 333.016 514.5511 -1021.871
v 332.4305 513.9696 -1020.623
v 335.1073 515.5123 -1025.568
v 332.5011 515.863 -1023.376
v 340.2767 503.0754 -1013.091
v 331.8723 508.139 -1014.103
v 336.972 494.7446 -1009.575
v 328.6368 498.6532 -1009.812
v 320.896 514.8796 -1015.425
v 319.8806 503.1798 -1010.294
v 325.86 513.9124 -1017.092
v 314.4128 518.9269 -1016.262
v 314.9298 505.497 -1010.499
v 300.4012 524.3364 -1014.659
v 306.822 509.0753 -1011.288
v 306.0898 524.4274 -1017.641
v 314.3206 521.0336 -1018.67
v 321.311 517.3705 -1018.441
v 318.8738 520.6021 -1020.68
v 321.8984 517.8948 -1019.31
v 321.8653 516.6328 -1018.014
v 323.0791 516.0775 -1018.005
v 317.555 500.1778 -1006.789
v 311.7685 502.5793 -1006.952
v 313.1353 498.9942 -1005.093
v 321.3571 498.4354 -1006.769
v 317.8121 494.2083 -1002.895
v 313.5985 495.7465 -1002.974
v 313.4346 492.9985 -999.6568
v 316.4931 490.0818 -997.2008
v 312.4281 490.5828 -996.3948
v 311.1849 483.6599 -991.889
v 304.7308 483.9623 -990.7789
v 305.7388 479.7238 -987.3729
v 294.0646 479.6172 -985.2205
v 316.8655 483.4787 -993.016
v 315.1864 481.025 -990.3616
v 321.0306 479.4429 -990.9598
v 325.8648 481.8636 -993.8914
v 320.3583 489.3285 -997.6683
v 327.5043 490.9794 -1003.259
v 309.6111 480.3908 -988.7621
v 283.2796 477.6877 -981.3072
v 300.03 476.9082 -983.4313
v 324.7395 475.1161 -988.7864
v 327.6831 477.9498 -991.5537
v 332.9496 479.5439 -993.8905
v 334.1075 482.2475 -995.981
v 335.3334 488.3942 -1003.612
v 321.2813 493.0914 -1003.06
v 328.229 495.2722 -1006.68
v 336.1766 491.9528 -1006.846
v 341.0788 489.9087 -1006.946
v 341.9834 492.4256 -1009.494
v 345.4181 488.0996 -1007.035
v 346.4191 490.373 -1009.422
v 345.2445 500.0778 -1012.489
v 349.6416 497.4247 -1011.955
v 348.2299 504.7114 -1018.867
v 352.1856 502.0263 -1017.866
v 349.4374 505.6593 -1021.354
v 353.3747 502.9286 -1020.136
v 344.5115 485.3961 -1004.088
v 340.2021 486.8038 -1003.864
v 343.9963 482.4438 -998.1553
v 339.3532 482.3516 -997.1343
v 343.6549 481.0555 -996.4161
v 338.6283 480.3456 -995.2303
v 352.4242 508.1346 -1023.645
v 356.4827 505.0788 -1022.054
v 354.144 509.5636 -1025.644
v 358.138 506.3281 -1023.768
v 361.5309 509.035 -1028.412
v 358.229 512.2242 -1030.851
v 367.5235 510.1766 -1035.725
v 365.263 513.3453 -1039.082
v 370.0558 513.5303 -1041.634
v 370.2007 511.3982 -1037.902
v 369.8018 506.9712 -1032.323
v 372.353 507.4198 -1033.179
v 372.6418 502.9755 -1028.08
v 364.9135 505.7662 -1025.916
v 369.1304 501.6914 -1022.805
v 362.2404 503.0093 -1021.846
v 367.3543 498.8726 -1019.449
v 365.9396 498.0334 -1018.423
v 360.6922 501.9428 -1020.438
v 377.7483 501.6099 -1027.513
v 373.0829 493.097 -1015.884
v 370.7379 492.7249 -1015.651
v 374.1099 493.4592 -1016.329
v 375.1881 493.8394 -1016.796
v 374.5176 496.4704 -1018.816
v 376.0067 497.8098 -1022.774
v 380.3949 498.5127 -1023.364
v 362.3456 496.667 -1017.354
v 357.3678 500.1415 -1018.898
v 361.2314 495.8532 -1015.537
v 356.2122 499.2786 -1016.829
v 359.7786 491.3364 -1010.73
v 354.1537 494.7146 -1011.41
v 356.5558 485.5432 -1009.214
v 350.9312 488.2232 -1009.33
v 355.3959 483.9576 -1007.253
v 349.8594 486.2558 -1007.132
v 363.0293 480.6076 -1007.562
v 361.9071 480.3858 -1006.048
v 364.7161 480.6167 -1009.077
v 367.4935 485.6701 -1009.258
v 367.1151 487.0149 -1009.913
v 366.7776 488.0452 -1010.515
v 366.8272 489.035 -1011.34
v 366.9341 491.1706 -1013.122
v 367.3826 491.5278 -1013.814
v 354.4023 482.0117 -1004.374
v 348.914 483.8897 -1004.215
v 354.0056 479.0268 -998.2886
v 348.4515 480.9228 -998.2144
v 354.1132 477.2559 -996.4107
v 348.3102 479.3642 -996.4134
v 362.4915 471.2481 -994.8193
v 361.5161 476.393 -998.5437
v 361.2617 478.3285 -1001.649
v 361.6562 478.8645 -1003.343
v 362.0285 479.1949 -1004.811
v 322.2395 521.6699 -1023.921
v 324.4288 522.0255 -1027.54
v 326.2865 519.0888 -1023.322
v 331.6497 517.7925 -1026.356
v 323.2712 517.9523 -1020.083
v 325.844 518.0172 -1021.75
v 328.8936 517.8831 -1023.931
v 330.9804 517.2701 -1024.419
v 325.4334 517.3625 -1020.798
v 326.0105 524.2088 -1030.141
v 334.2521 521.5479 -1030.336
v 327.1978 526.5389 -1032.701
v 327.7064 531.5731 -1038.372
v 333.3731 531.4136 -1040.332
v 327.0449 537.3402 -1043.59
v 337.5693 527.4171 -1038.041
v 343.4143 526.3369 -1041.389
v 337.3655 531.8345 -1045.21
v 345.188 529.7899 -1047.117
v 349.4389 525.9849 -1045.037
v 354.5478 527.3916 -1053.145
v 356.6962 525.7543 -1052.092
v 363.011 538.9366 -1072.545
v 365.3193 532.0023 -1064.262
v 366.7797 527.6152 -1059.021
v 340.4676 517.1467 -1028.288
v 342.3 519.1605 -1031.215
v 343.6599 514.7515 -1027.051
v 345.4794 516.5846 -1029.719
v 351.0647 519.1279 -1036.126
v 348.4515 521.6338 -1038.032
v 360.4988 519.8921 -1046.051
v 358.8065 522.2401 -1048.549
v 367.7019 524.8449 -1055.711
v 368.8592 522.4442 -1052.762
v 347.8391 511.5872 -1025.443
v 349.6317 513.2191 -1027.764
v 354.4984 515.8272 -1033.607
v 362.7091 516.9254 -1042.873
v 371.3616 514.9363 -1045.465
v 344.9892 508.7444 -1022.73
v 343.7606 507.7448 -1019.997
v 324.0517 516.0961 -1018.458
v 326.1505 516.1339 -1019.609
v 326.9606 515.4823 -1019.311
v 324.4658 516.4485 -1019.048
v 324.0462 517.1301 -1019.445
v 325.6598 516.797 -1020.233
v 328.5009 514.6827 -1019.247
v 331.4787 512.8137 -1018.763
v 331.3123 513.6966 -1019.558
v 323.2741 517.687 -1019.678
v 323.2621 517.6996 -1019.684
v 368.4245 492.3577 -1015.421
v 312.4176 553.753 -1052.359
v 309.3302 551.4089 -1050.794
v 300.3327 561.1635 -1059.516
v 374.6701 490.5523 -1011.253
v 378.7527 493.6524 -1013.322
v 312.3721 551.4738 -1055.863
v 378.7527 493.6524 -1013.322
v 312.4176 553.753 -1052.359
v 300.3327 561.1635 -1059.516
v 378.6925 490.6383 -1017.956
v 312.3721 551.4738 -1055.863
v 309.2848 549.1293 -1054.298
v 378.6925 490.6383 -1017.956
v 374.6101 487.5383 -1015.886
v 300.3327 561.1635 -1059.516
v 309.3302 551.4089 -1050.794
v 309.2848 549.1293 -1054.298
v 300.3327 561.1635 -1059.516
v 374.6101 487.5383 -1015.886
v 374.6701 490.5523 -1011.253
v 361.133 557.8677 -1091.36
v 357.0781 557.2269 -1090.571
v 355.304 565.6398 -1103.922
v 380.1767 496.9457 -1017.298
v 385.5385 497.7929 -1018.342
v 361.1195 554.6563 -1094.037
v 361.133 557.8677 -1091.36
v 355.304 565.6398 -1103.922
v 385.5385 497.7929 -1018.342
v 385.5204 493.5461 -1021.881
v 361.1195 554.6563 -1094.037
v 357.0645 554.0156 -1093.247
v 385.5204 493.5461 -1021.881
v 355.304 565.6398 -1103.922
v 380.1586 492.6988 -1020.837
v 380.1767 496.9457 -1017.298
v 380.1586 492.6988 -1020.837
v 357.0781 557.2269 -1090.571
v 357.0645 554.0156 -1093.247
v 355.304 565.6398 -1103.922
v 291.511 532.6522 -1014.613
v 289.5984 529.5378 -1013.256
v 275.1097 539.8963 -1016.795
v 274.6689 539.1786 -1016.483
v 370.6255 482.1892 -1005.372
v 373.3375 486.6048 -1007.297
v 275.0057 539.5939 -1017.635
v 291.511 532.6522 -1014.613
v 275.1097 539.8963 -1016.795
v 291.0601 531.3408 -1018.257
v 373.3375 486.6048 -1007.297
v 372.6981 484.7457 -1012.464
v 275.0057 539.5939 -1017.635
v 274.565 538.8765 -1017.322
v 291.0601 531.3408 -1018.257
v 289.1474 528.2266 -1016.9
v 372.6981 484.7457 -1012.464
v 369.9859 480.3298 -1010.539
v 274.6689 539.1786 -1016.483
v 289.1474 528.2266 -1016.9
v 274.565 538.8765 -1017.322
v 289.5984 529.5378 -1013.256
v 369.9859 480.3298 -1010.539
v 370.6255 482.1892 -1005.372
v 377.0364 396.3992 -939.0272
v 363.3205 425.0545 -952.8245
v 384.1782 400.7161 -929.7175
v 375.9659 432.7829 -937.4496
v 374.3212 394.7579 -942.5665
v 408.7687 411.0745 -910.8398
v 401.8843 444.8012 -913.0641
v 413.6451 413.357 -906.686
v 404.3211 446.8132 -908.3329
v 413.6451 413.357 -906.686
v 410.2998 447.5852 -907.8181
v 424.0893 417.7189 -899.5467
v 419.0049 450.2966 -902.0144
v 440.4313 424.2594 -890.7487
v 419.0049 450.2966 -902.0144
v 430.3583 454.2208 -893.8825
v 456.9294 430.6429 -880.038
v 456.9294 430.6429 -880.038
v 445.6974 457.6712 -886.9498
v 462.0444 435.8664 -876.4965
v 375.9659 432.7829 -937.4496
v 378.9272 463.0306 -954.2549
v 401.8843 444.8012 -913.0641
v 408.1695 475.1313 -927.2487
v 404.3211 446.8132 -908.3329
v 417.8271 499.7954 -947.5907
v 420.6594 478.412 -917.4909
v 419.0049 450.2966 -902.0144
v 410.2998 447.5852 -907.8181
v 404.3211 446.8132 -908.3329
v 430.3583 454.2208 -893.8825
v 432.0453 481.4032 -908.9812
v 429.8899 502.2679 -937.4958
v 440.8868 504.5218 -928.2943
v 447.0226 483.072 -900.6343
v 455.0897 504.7651 -918.5811
v 465.1637 484.4663 -891.4034
v 472.084 504.3603 -907.5422
v 460.1224 460.9163 -880.4305
v 445.6974 457.6712 -886.9498
v 462.0444 435.8664 -876.4965
v 456.9294 430.6429 -880.038
v 440.4313 424.2594 -890.7487
v 417.0516 333.7734 -889.8381
v 429.0494 336.1079 -883.5494
v 424.0893 417.7189 -899.5467
v 419.0049 450.2966 -902.0144
v 392.6306 321.7199 -905.3524
v 413.6451 413.357 -906.686
v 408.7687 411.0745 -910.8398
v 375.703 315.5135 -917.1788
v 384.1782 400.7161 -929.7175
v 375.9659 432.7829 -937.4496
v 366.2892 311.9702 -927.2158
v 377.0364 396.3992 -939.0272
v 374.3212 394.7579 -942.5665
v 364.0324 388.2362 -957.0769
v 355.1494 309.1236 -941.9882
v 413.6451 413.357 -906.686
v 404.3211 446.8132 -908.3329
v 410.2998 447.5852 -907.8181
vt 0.485706 0.13816
vt 0.477755 0.119406
vt 0.491803 0.130032
vt 0.486751 0.116652
vt 0.491699 0.144922
vt 0.489019 0.147586
vt 0.49206 0.153686
vt 0.491696 0.157274
vt 0.491803 0.130032
vt 0.486751 0.116652
vt 0.488344 0.132664
vt 0.483933 0.119195
vt 0.490122 0.146798
vt 0.491699 0.144922
vt 0.489962 0.155689
vt 0.49206 0.153686
vt 0.489251 0.158528
vt 0.491696 0.157274
vt 0.491696 0.157274
vt 0.489893 0.157765
vt 0.489465 0.147959
vt 0.486241 0.149136
vt 0.486827 0.13965
vt 0.483116 0.140471
vt 0.473846 0.105184
vt 0.469777 0.107467
vt 0.483116 0.140471
vt 0.469639 0.119901
vt 0.469777 0.107467
vt 0.478257 0.140247
vt 0.486241 0.149136
vt 0.483887 0.149465
vt 0.489893 0.157765
vt 0.468014 0.123476
vt 0.47792 0.14774
vt 0.478257 0.140247
vt 0.483887 0.149465
vt 0.461881 0.141491
vt 0.453734 0.128914
vt 0.468014 0.123476
vt 0.487594 0.155065
vt 0.489893 0.157765
vt 0.47792 0.14774
vt 0.483887 0.149465
vt 0.487594 0.155065
vt 0.487594 0.155065
vt 0.489893 0.157765
vt 0.485502 0.157068
vt 0.48745 0.159018
vt 0.475509 0.149478
vt 0.47792 0.14774
vt 0.459365 0.143619
vt 0.461881 0.141491
vt 0.452197 0.132144
vt 0.453734 0.128914
vt 0.491696 0.157274
vt 0.489251 0.158528
vt 0.477755 0.119406
vt 0.485706 0.13816
vt 0.473846 0.105184
vt 0.486827 0.13965
vt 0.489465 0.147959
vt 0.489019 0.147586
vt 0.491696 0.157274
vt 0.429876 0.124639
vt 0.421369 0.132639
vt 0.413628 0.109348
vt 0.402976 0.119214
vt 0.430514 0.141141
vt 0.440096 0.134206
vt 0.439932 0.150494
vt 0.447627 0.142035
vt 0.453422 0.148938
vt 0.444667 0.15727
vt 0.458193 0.157099
vt 0.449416 0.164066
vt 0.453203 0.172961
vt 0.461905 0.166095
vt 0.459018 0.185619
vt 0.424171 0.147063
vt 0.432675 0.157424
vt 0.437353 0.164527
vt 0.44177 0.17137
vt 0.446607 0.178839
vt 0.459018 0.185619
vt 0.459018 0.185619
vt 0.45254 0.189942
vt 0.463581 0.201374
vt 0.461026 0.20561
vt 0.465328 0.216207
vt 0.415421 0.13929
vt 0.397774 0.12658
vt 0.465508 0.180138
vt 0.459018 0.185619
vt 0.461905 0.166095
vt 0.468243 0.198357
vt 0.459018 0.185619
vt 0.463581 0.201374
vt 0.465328 0.216207
vt 0.467725 0.217416
vt 0.468987 0.215722
vt 0.468626 0.109999
vt 0.469544 0.116946
vt 0.468723 0.111257
vt 0.464431 0.099608
vt 0.464985 0.100628
vt 0.465493 0.087497
vt 0.458445 0.087605
vt 0.463309 0.082584
vt 0.450661 0.072103
vt 0.459063 0.087418
vt 0.468723 0.111257
vt 0.465342 0.112137
vt 0.464431 0.099608
vt 0.466609 0.11816
vt 0.469544 0.116946
vt 0.46111 0.101065
vt 0.459063 0.087418
vt 0.454992 0.088982
vt 0.443918 0.056306
vt 0.43948 0.057676
vt 0.454992 0.088982
vt 0.453973 0.094445
vt 0.43948 0.057676
vt 0.46111 0.101065
vt 0.460081 0.102926
vt 0.465342 0.112137
vt 0.447831 0.097421
vt 0.432813 0.096942
vt 0.42596 0.0885
vt 0.435042 0.074212
vt 0.43948 0.057676
vt 0.466609 0.11816
vt 0.459003 0.104939
vt 0.466609 0.11816
vt 0.422894 0.094231
vt 0.437063 0.107048
vt 0.448309 0.106666
vt 0.458198 0.111136
vt 0.422435 0.100605
vt 0.459063 0.087418
vt 0.443918 0.056306
vt 0.458445 0.087605
vt 0.450661 0.072103
vt 0.464985 0.100628
vt 0.386071 0.031179
vt 0.358358 0.008419
vt 0.407542 0.009873
vt 0.384443 -0.0141
vt 0.417539 0.034098
vt 0.408396 0.045386
vt 0.426073 0.058717
vt 0.429535 0.059491
vt 0.419536 0.033478
vt 0.407542 0.009873
vt 0.430963 0.056504
vt 0.421834 0.032765
vt 0.428111 0.03921
vt 0.42122 0.020725
vt 0.407542 0.009873
vt 0.384443 -0.0141
vt 0.399799 -0.003865
vt 0.445308 0.210863
vt 0.458799 0.214862
vt 0.449323 0.221603
vt 0.460975 0.225913
vt 0.433955 0.222331
vt 0.428822 0.212079
vt 0.41621 0.227211
vt 0.409777 0.218165
vt 0.407222 0.232644
vt 0.400906 0.224201
vt 0.467466 0.220833
vt 0.466026 0.233132
vt 0.448442 0.223676
vt 0.459809 0.227154
vt 0.433899 0.223998
vt 0.416549 0.228762
vt 0.407899 0.23402
vt 0.46466 0.234843
vt 0.397697 0.240102
vt 0.39014 0.231527
vt 0.389657 0.24903
vt 0.381865 0.24162
vt 0.390821 0.250033
vt 0.398492 0.241357
vt 0.383185 0.25762
vt 0.374757 0.250293
vt 0.378393 0.266673
vt 0.369994 0.260324
vt 0.379945 0.267105
vt 0.384677 0.258136
vt 0.375299 0.275918
vt 0.365505 0.269779
vt 0.37442 0.291221
vt 0.363513 0.286975
vt 0.377587 0.303257
vt 0.364206 0.299799
vt 0.384572 0.310637
vt 0.376052 0.290886
vt 0.376959 0.276009
vt 0.379087 0.302639
vt 0.386509 0.309312
vt 0.370959 0.308893
vt 0.375665 0.31082
vt 0.3881 0.312999
vt 0.384572 0.310637
vt 0.389051 0.309012
vt 0.380109 0.302678
vt 0.386187 0.310074
vt 0.385257 0.310116
vt 0.356721 0.297792
vt 0.364407 0.306534
vt 0.352568 0.296891
vt 0.360547 0.304486
vt 0.348713 0.296056
vt 0.349157 0.281617
vt 0.331542 0.272742
vt 0.335172 0.251216
vt 0.352194 0.262292
vt 0.346326 0.227569
vt 0.362528 0.240698
vt 0.366204 0.204761
vt 0.380233 0.220163
vt 0.389738 0.188969
vt 0.401546 0.2058
vt 0.413002 0.18044
vt 0.4225 0.198343
vt 0.434005 0.179166
vt 0.441148 0.197189
vt 0.450775 0.184173
vt 0.456194 0.201677
vt 0.455161 0.192358
vt 0.451862 0.177834
vt 0.445674 0.16953
vt 0.445233 0.168781
vt 0.439058 0.160454
vt 0.427544 0.164113
vt 0.420834 0.152826
vt 0.404694 0.165511
vt 0.397214 0.154146
vt 0.379564 0.17475
vt 0.370933 0.163757
vt 0.38903 0.14171
vt 0.413496 0.140484
vt 0.391478 0.111887
vt 0.412076 0.118501
vt 0.406132 0.11314
vt 0.386224 0.107029
vt 0.366124 0.113119
vt 0.360866 0.108188
vt 0.337226 0.123286
vt 0.331062 0.116904
vt 0.308665 0.141757
vt 0.301463 0.133715
vt 0.284876 0.16849
vt 0.276698 0.158606
vt 0.27278 0.197045
vt 0.262976 0.184431
vt 0.269099 0.223714
vt 0.258851 0.209944
vt 0.273143 0.245489
vt 0.262781 0.232126
vt 0.361484 0.151721
vt 0.334118 0.169792
vt 0.311332 0.196103
vt 0.299115 0.223254
vt 0.29499 0.247923
vt 0.295464 0.266939
vt 0.306552 0.256935
vt 0.310869 0.276738
vt 0.321075 0.284003
vt 0.317126 0.264796
vt 0.310582 0.232828
vt 0.321062 0.241576
vt 0.322521 0.20671
vt 0.332741 0.216399
vt 0.344613 0.181262
vt 0.354198 0.191735
vt 0.335295 0.290204
vt 0.354192 0.304437
vt 0.349688 0.299983
vt 0.384572 0.310637
vt 0.3881 0.312999
vt 0.393804 0.305834
vt 0.394704 0.310795
vt 0.3835 0.308391
vt 0.3881 0.312999
vt 0.394704 0.310795
vt 0.375665 0.31082
vt 0.46729 0.236599
vt 0.471199 0.225097
vt 0.468969 0.241203
vt 0.47377 0.2318
vt 0.467458 0.251608
vt 0.474317 0.238204
vt 0.465848 0.237519
vt 0.468969 0.241203
vt 0.467425 0.241073
vt 0.465848 0.237519
vt 0.468969 0.241203
vt 0.467458 0.251608
vt 0.46585 0.251877
vt 0.462996 0.259023
vt 0.46585 0.251877
vt 0.467458 0.251608
vt 0.462996 0.259023
vt 0.474317 0.238204
vt 0.473781 0.247265
vt 0.461472 0.264694
vt 0.473018 0.254076
vt 0.459713 0.271237
vt 0.459713 0.271237
vt 0.469202 0.263036
vt 0.459713 0.271237
vt 0.459578 0.264346
vt 0.461472 0.264694
vt 0.461133 0.258506
vt 0.462996 0.259023
vt 0.46585 0.251877
vt 0.457783 0.271085
vt 0.459578 0.264346
vt 0.459713 0.271237
vt 0.467458 0.251608
vt 0.474317 0.238204
vt 0.462996 0.259023
vt 0.469202 0.263036
vt 0.457783 0.271085
vt 0.459713 0.271237
vt 0.458019 0.289425
vt 0.461015 0.290167
vt 0.459889 0.298235
vt 0.461743 0.281396
vt 0.465901 0.289446
vt 0.471788 0.279714
vt 0.465542 0.294519
vt 0.461996 0.269364
vt 0.461743 0.281396
vt 0.480756 0.266932
vt 0.461921 0.264847
vt 0.477738 0.263855
vt 0.456559 0.288484
vt 0.458019 0.289425
vt 0.459889 0.298235
vt 0.458464 0.278566
vt 0.461743 0.281396
vt 0.455812 0.276147
vt 0.455796 0.290553
vt 0.459889 0.298235
vt 0.451791 0.27562
vt 0.458869 0.268672
vt 0.461996 0.269364
vt 0.455295 0.26645
vt 0.45045 0.265124
vt 0.449151 0.275263
vt 0.455796 0.290553
vt 0.459109 0.262813
vt 0.461921 0.264847
vt 0.45483 0.259933
vt 0.449256 0.258613
vt 0.445298 0.263678
vt 0.449151 0.275263
vt 0.443104 0.258856
vt 0.461996 0.269364
vt 0.461743 0.281396
vt 0.471788 0.279714
vt 0.480756 0.266932
vt 0.471154 0.284523
vt 0.4801 0.271744
vt 0.465282 0.294247
vt 0.465901 0.289446
vt 0.465542 0.294519
vt 0.471094 0.305148
vt 0.459889 0.298235
vt 0.459889 0.298235
vt 0.471094 0.305148
vt 0.466387 0.306484
vt 0.478145 0.320606
vt 0.480709 0.320477
vt 0.493403 0.341126
vt 0.492222 0.341401
vt 0.471094 0.305148
vt 0.465542 0.294519
vt 0.470618 0.308628
vt 0.480399 0.322148
vt 0.480709 0.320477
vt 0.493403 0.341126
vt 0.464957 0.299136
vt 0.465901 0.289446
vt 0.465282 0.294247
vt 0.470618 0.308628
vt 0.470943 0.329762
vt 0.480399 0.322148
vt 0.489228 0.342668
vt 0.457138 0.321419
vt 0.464957 0.299136
vt 0.449389 0.316175
vt 0.465282 0.294247
vt 0.444513 0.312874
vt 0.471154 0.284523
vt 0.434505 0.309183
vt 0.4801 0.271744
vt 0.415497 0.307094
vt 0.402297 0.307533
vt 0.476015 0.268537
vt 0.400136 0.306704
vt 0.493403 0.341126
vt 0.470114 0.325121
vt 0.489228 0.342668
vt 0.470943 0.329762
vt 0.457138 0.321419
vt 0.455699 0.313566
vt 0.449389 0.316175
vt 0.448296 0.308177
vt 0.444513 0.312874
vt 0.443638 0.304787
vt 0.434505 0.309183
vt 0.432916 0.300857
vt 0.415497 0.307094
vt 0.414003 0.29954
vt 0.402297 0.307533
vt 0.400514 0.298737
vt 0.400136 0.306704
vt 0.398313 0.297741
vt 0.474262 0.321576
vt 0.489228 0.342668
vt 0.470114 0.325121
vt 0.491117 0.342005
vt 0.455699 0.313566
vt 0.462299 0.30741
vt 0.455926 0.300295
vt 0.448296 0.308177
vt 0.449213 0.298855
vt 0.443638 0.304787
vt 0.438055 0.295669
vt 0.432916 0.300857
vt 0.424153 0.291273
vt 0.414003 0.29954
vt 0.41453 0.288446
vt 0.400514 0.298737
vt 0.411757 0.287898
vt 0.398313 0.297741
vt 0.47857 0.31916
vt 0.475272 0.320872
vt 0.468116 0.302507
vt 0.463689 0.304778
vt 0.462077 0.292485
vt 0.457202 0.294969
vt 0.459015 0.287406
vt 0.453915 0.289996
vt 0.453042 0.275702
vt 0.446457 0.279019
vt 0.445983 0.259256
vt 0.437804 0.262744
vt 0.440725 0.247008
vt 0.432273 0.25016
vt 0.43994 0.245178
vt 0.431311 0.248348
vt 0.424235 0.267138
vt 0.425643 0.268101
vt 0.437804 0.262744
vt 0.433337 0.274258
vt 0.475272 0.320872
vt 0.491117 0.342005
vt 0.474262 0.321576
vt 0.463689 0.304778
vt 0.462299 0.30741
vt 0.455926 0.300295
vt 0.457202 0.294969
vt 0.452974 0.294112
vt 0.453915 0.289996
vt 0.446083 0.282974
vt 0.446457 0.279019
vt 0.433337 0.274258
vt 0.492222 0.341401
vt 0.450547 0.297144
vt 0.452974 0.294112
vt 0.455926 0.300295
vt 0.446083 0.282974
vt 0.441679 0.289309
vt 0.449213 0.298855
vt 0.455926 0.300295
vt 0.439179 0.292486
vt 0.438055 0.295669
vt 0.433337 0.274258
vt 0.430748 0.278879
vt 0.433337 0.274258
vt 0.426413 0.284417
vt 0.424153 0.291273
vt 0.425643 0.268101
vt 0.421486 0.271348
vt 0.416711 0.279042
vt 0.41453 0.288446
vt 0.424235 0.267138
vt 0.420084 0.270561
vt 0.414923 0.277876
vt 0.411757 0.287898
vt 0.437804 0.262744
vt 0.446457 0.279019
vt 0.433337 0.274258
vt 0.492222 0.341401
vt 0.47857 0.31916
vt 0.478145 0.320606
vt 0.468116 0.302507
vt 0.466387 0.306484
vt 0.462077 0.292485
vt 0.459889 0.298235
vt 0.459015 0.287406
vt 0.455796 0.290553
vt 0.453042 0.275702
vt 0.449151 0.275263
vt 0.445983 0.259256
vt 0.449151 0.275263
vt 0.445983 0.259256
vt 0.445298 0.263678
vt 0.440725 0.247008
vt 0.443104 0.258856
vt 0.43994 0.245178
vt 0.417736 0.309741
vt 0.411336 0.291739
vt 0.455781 0.30696
vt 0.422608 0.313282
vt 0.430112 0.315297
vt 0.43878 0.324556
vt 0.445304 0.321722
vt 0.462444 0.304132
vt 0.455008 0.225371
vt 0.460465 0.226729
vt 0.453219 0.243139
vt 0.457323 0.244872
vt 0.446294 0.264313
vt 0.448229 0.265454
vt 0.448036 0.242119
vt 0.448892 0.223804
vt 0.439232 0.243437
vt 0.438627 0.261999
vt 0.443021 0.262168
vt 0.433047 0.263405
vt 0.427646 0.246809
vt 0.434309 0.224476
vt 0.42985 0.265438
vt 0.42093 0.250623
vt 0.417132 0.229507
vt 0.43906 0.280882
vt 0.426318 0.267509
vt 0.448926 0.267557
vt 0.413687 0.255536
vt 0.408428 0.234404
vt 0.417132 0.229507
vt 0.423248 0.27103
vt 0.407676 0.262128
vt 0.398809 0.241477
vt 0.398809 0.241477
vt 0.420448 0.274471
vt 0.402554 0.268656
vt 0.39105 0.250386
vt 0.398809 0.241477
vt 0.418747 0.277888
vt 0.399283 0.275761
vt 0.384993 0.258669
vt 0.384993 0.258669
vt 0.380742 0.267678
vt 0.39689 0.282586
vt 0.418699 0.282272
vt 0.418466 0.287156
vt 0.396266 0.292525
vt 0.37773 0.276461
vt 0.37773 0.276461
vt 0.376662 0.291638
vt 0.398037 0.301769
vt 0.37985 0.303443
vt 0.419568 0.291602
vt 0.422188 0.294846
vt 0.400111 0.309196
vt 0.37985 0.303443
vt 0.40744 0.311974
vt 0.386787 0.310899
vt 0.37985 0.303443
vt 0.426357 0.296045
vt 0.418188 0.310999
vt 0.434309 0.224476
vt 0.448892 0.223804
vt 0.417132 0.229507
vt 0.434309 0.224476
vt 0.37773 0.276461
vt 0.376662 0.291638
vt 0.376854 0.275471
vt 0.375795 0.290652
vt 0.37985 0.303443
vt 0.37899 0.302464
vt 0.379861 0.266686
vt 0.380742 0.267678
vt 0.384109 0.257676
vt 0.384993 0.258669
vt 0.390163 0.249394
vt 0.384993 0.258669
vt 0.39105 0.250386
vt 0.397919 0.240487
vt 0.398809 0.241477
vt 0.407537 0.233418
vt 0.398809 0.241477
vt 0.397919 0.240487
vt 0.408428 0.234404
vt 0.416239 0.228524
vt 0.417132 0.229507
vt 0.433417 0.2235
vt 0.417132 0.229507
vt 0.416239 0.228524
vt 0.434309 0.224476
vt 0.417132 0.229507
vt 0.448003 0.222836
vt 0.434309 0.224476
vt 0.433417 0.2235
vt 0.448892 0.223804
vt 0.454122 0.224408
vt 0.455008 0.225371
vt 0.459581 0.22577
vt 0.460465 0.226729
vt 0.460465 0.226729
vt 0.465629 0.233647
vt 0.461466 0.249629
vt 0.463135 0.255748
vt 0.468612 0.242142
vt 0.465629 0.233647
vt 0.449162 0.270132
vt 0.463802 0.263652
vt 0.468043 0.253568
vt 0.448089 0.276724
vt 0.37985 0.303443
vt 0.386787 0.310899
vt 0.37899 0.302464
vt 0.385933 0.309926
vt 0.468612 0.242142
vt 0.465629 0.233647
vt 0.467737 0.24119
vt 0.46475 0.232693
vt 0.467174 0.25262
vt 0.468043 0.253568
vt 0.465629 0.233647
vt 0.460465 0.226729
vt 0.46475 0.232693
vt 0.459581 0.22577
vt 0.356932 0.077346
vt 0.37528 0.085278
vt 0.374682 0.088559
vt 0.395126 0.097381
vt 0.347186 0.085389
vt 0.33149 0.073944
vt 0.316674 0.094797
vt 0.302643 0.082383
vt 0.286291 0.1138
vt 0.274103 0.099985
vt 0.260484 0.144126
vt 0.249953 0.128939
vt 0.249197 0.176431
vt 0.239616 0.159601
vt 0.245947 0.205383
vt 0.236612 0.187157
vt 0.389876 0.102701
vt 0.410133 0.111052
vt 0.329656 0.108357
vt 0.362741 0.100067
vt 0.298113 0.126995
vt 0.270092 0.155599
vt 0.256253 0.184986
vt 0.252447 0.210869
vt 0.262781 0.232126
vt 0.257125 0.223163
vt 0.410133 0.111052
vt 0.386224 0.107029
vt 0.389876 0.102701
vt 0.406132 0.11314
vt 0.414544 0.123304
vt 0.360866 0.108188
vt 0.362741 0.100067
vt 0.331062 0.116904
vt 0.329656 0.108357
vt 0.301463 0.133715
vt 0.298113 0.126995
vt 0.276698 0.158606
vt 0.270092 0.155599
vt 0.262976 0.184431
vt 0.256253 0.184986
vt 0.258851 0.209944
vt 0.252447 0.210869
vt 0.262781 0.232126
vt 0.377135 0.275649
vt 0.377118 0.291055
vt 0.378187 0.27605
vt 0.385333 0.258179
vt 0.386263 0.258794
vt 0.398503 0.241182
vt 0.399328 0.24199
vt 0.416476 0.228855
vt 0.417057 0.229856
vt 0.433705 0.224026
vt 0.434045 0.225079
vt 0.448195 0.2228
vt 0.448332 0.223911
vt 0.46024 0.226309
vt 0.460211 0.227402
vt 0.465438 0.232852
vt 0.465302 0.233811
vt 0.462321 0.213164
vt 0.461744 0.209521
vt 0.461209 0.206146
vt 0.247674 0.202558
vt 0.236612 0.187157
vt 0.257125 0.223163
vt 0.245947 0.205383
vt 0.270685 0.235479
vt 0.258682 0.210372
vt 0.279359 0.247523
vt 0.262781 0.232126
vt 0.281562 0.250582
vt 0.287374 0.258652
vt 0.273143 0.245489
vt 0.308509 0.274868
vt 0.295464 0.266939
vt 0.312679 0.278459
vt 0.297387 0.271183
vt 0.37528 0.085278
vt 0.380948 0.098079
vt 0.395126 0.097381
vt 0.404569 0.112566
vt 0.410133 0.111052
vt 0.414544 0.123304
vt 0.406132 0.11314
vt 0.414544 0.123304
vt 0.412076 0.118501
vt 0.423768 0.133231
vt 0.432953 0.146961
vt 0.436958 0.154551
vt 0.432953 0.146961
vt 0.423768 0.133231
vt 0.440407 0.161631
vt 0.438611 0.157945
vt 0.436958 0.154551
vt 0.287374 0.258652
vt 0.273143 0.245489
vt 0.308509 0.274868
vt 0.321749 0.284582
vt 0.336077 0.291988
vt 0.303008 0.271556
vt 0.312679 0.278459
vt 0.297387 0.271183
vt 0.297387 0.271183
vt 0.297387 0.271183
vt 0.336077 0.291988
vt 0.310869 0.276738
vt 0.321075 0.284003
vt 0.349688 0.299983
vt 0.349688 0.299983
vt 0.335295 0.290204
vt 0.354192 0.304437
vt 0.342601 0.442358
vt 0.330791 0.427336
vt 0.358329 0.430728
vt 0.344099 0.417658
vt 0.370956 0.441792
vt 0.355156 0.453521
vt 0.384677 0.452005
vt 0.369359 0.463463
vt 0.399914 0.463399
vt 0.386276 0.473688
vt 0.416247 0.473563
vt 0.405454 0.481774
vt 0.427514 0.479297
vt 0.419479 0.485443
vt 0.438482 0.486055
vt 0.382944 0.412639
vt 0.361704 0.404765
vt 0.445707 0.481429
vt 0.442903 0.489122
vt 0.436077 0.488708
vt 0.419479 0.485443
vt 0.442851 0.467567
vt 0.434448 0.459717
vt 0.421785 0.446899
vt 0.408717 0.434022
vt 0.395618 0.423485
vt 0.340419 0.41392
vt 0.335475 0.417787
vt 0.347822 0.408808
vt 0.442903 0.489122
vt 0.443207 0.489715
vt 0.436077 0.488708
vt 0.434029 0.489558
vt 0.436077 0.488708
vt 0.434029 0.489558
vt 0.419479 0.485443
vt 0.419479 0.485443
vt 0.434029 0.489558
vt 0.417537 0.486195
vt 0.417537 0.486195
vt 0.434029 0.489558
vt 0.419236 0.487194
vt 0.430138 0.489409
vt 0.410153 0.484791
vt 0.404024 0.48262
vt 0.419479 0.485443
vt 0.417537 0.486195
vt 0.405454 0.481774
vt 0.405454 0.481774
vt 0.404024 0.48262
vt 0.386276 0.473688
vt 0.385586 0.474828
vt 0.369359 0.463463
vt 0.369285 0.464963
vt 0.355156 0.453521
vt 0.355663 0.45541
vt 0.342601 0.442358
vt 0.343619 0.444694
vt 0.343619 0.444694
vt 0.330791 0.427336
vt 0.330791 0.427336
vt 0.331228 0.429696
vt 0.340419 0.41392
vt 0.349962 0.409287
vt 0.347822 0.408808
vt 0.361704 0.404765
vt 0.373929 0.435821
vt 0.36832 0.43976
vt 0.335475 0.417787
vt 0.383225 0.432905
vt 0.36407 0.40524
vt 0.396892 0.43825
vt 0.396892 0.43825
vt 0.335496 0.419829
vt 0.36436 0.442914
vt 0.331228 0.429696
vt 0.361209 0.449249
vt 0.405188 0.445402
vt 0.396892 0.43825
vt 0.41378 0.452349
vt 0.343619 0.444694
vt 0.369079 0.45902
vt 0.422331 0.460806
vt 0.37731 0.466324
vt 0.330791 0.427336
vt 0.396892 0.43825
vt 0.36407 0.40524
vt 0.383225 0.432905
vt 0.384603 0.4138
vt 0.396892 0.43825
vt 0.405188 0.445402
vt 0.384603 0.4138
vt 0.396892 0.43825
vt 0.396874 0.42456
vt 0.41378 0.452349
vt 0.409543 0.434702
vt 0.422331 0.460806
vt 0.422176 0.44716
vt 0.430579 0.469214
vt 0.434369 0.459561
vt 0.436069 0.474313
vt 0.442803 0.466993
vt 0.408717 0.434022
vt 0.395618 0.423485
vt 0.438089 0.4833
vt 0.442803 0.466993
vt 0.436069 0.474313
vt 0.446201 0.480399
vt 0.435913 0.489443
vt 0.438089 0.4833
vt 0.443207 0.489715
vt 0.343619 0.444694
vt 0.355663 0.45541
vt 0.369079 0.45902
vt 0.37731 0.466324
vt 0.436069 0.474313
vt 0.397664 0.479515
vt 0.438089 0.4833
vt 0.410153 0.484791
vt 0.435913 0.489443
vt 0.419236 0.487194
vt 0.430138 0.489409
vt 0.436069 0.474313
vt 0.386618 0.472835
vt 0.397664 0.479515
vt 0.438089 0.4833
vt 0.410153 0.484791
vt 0.430579 0.469214
vt 0.386618 0.472835
vt 0.436069 0.474313
vt 0.422331 0.460806
vt 0.37731 0.466324
vt 0.430579 0.469214
vt 0.386618 0.472835
vt 0.355663 0.45541
vt 0.369285 0.464963
vt 0.37731 0.466324
vt 0.386618 0.472835
vt 0.369285 0.464963
vt 0.385586 0.474828
vt 0.386618 0.472835
vt 0.397664 0.479515
vt 0.404024 0.48262
vt 0.410153 0.484791
vt 0.434029 0.489558
vt 0.443207 0.489715
vt 0.430138 0.489409
vt 0.435913 0.489443
vt 0.443207 0.489715
vt 0.442903 0.489122
vt 0.446201 0.480399
vt 0.446201 0.480399
vt 0.445707 0.481429
vt 0.446201 0.480399
vt 0.445707 0.481429
vt 0.442803 0.466993
vt 0.442803 0.466993
vt 0.445707 0.481429
vt 0.442851 0.467567
vt 0.434369 0.459561
vt 0.434448 0.459717
vt 0.422176 0.44716
vt 0.421785 0.446899
vt 0.409543 0.434702
vt 0.408717 0.434022
vt 0.442803 0.466993
vt 0.442851 0.467567
vt 0.434369 0.459561
vt 0.396874 0.42456
vt 0.395618 0.423485
vt 0.384603 0.4138
vt 0.384603 0.4138
vt 0.395618 0.423485
vt 0.382944 0.412639
vt 0.36407 0.40524
vt 0.382944 0.412639
vt 0.361704 0.404765
vt 0.384603 0.4138
vt 0.382944 0.412639
vt 0.36407 0.40524
vt 0.337668 0.458314
vt 0.3392 0.460151
vt 0.335191 0.459827
vt 0.329011 0.454783
vt 0.324961 0.457685
vt 0.322254 0.464188
vt 0.334 0.464756
vt 0.339049 0.460883
vt 0.320908 0.451325
vt 0.315441 0.455054
vt 0.310141 0.445109
vt 0.303974 0.450027
vt 0.297124 0.456544
vt 0.311544 0.461287
vt 0.300235 0.437601
vt 0.29197 0.442439
vt 0.294696 0.42985
vt 0.285063 0.43505
vt 0.270326 0.444641
vt 0.281582 0.45103
vt 0.289688 0.421057
vt 0.278879 0.427763
vt 0.287313 0.413061
vt 0.272988 0.418325
vt 0.285928 0.402597
vt 0.269275 0.408513
vt 0.249881 0.419328
vt 0.254278 0.431123
vt 0.261291 0.438851
vt 0.247658 0.406412
vt 0.267847 0.396961
vt 0.246809 0.387616
vt 0.267943 0.384156
vt 0.284905 0.379897
vt 0.284738 0.391505
vt 0.267943 0.384156
vt 0.289924 0.360141
vt 0.289924 0.360141
vt 0.274051 0.361185
vt 0.302815 0.337927
vt 0.286682 0.338899
vt 0.264107 0.344855
vt 0.250162 0.366265
vt 0.267943 0.384156
vt 0.254324 0.431393
vt 0.249881 0.419328
vt 0.254278 0.431123
vt 0.249888 0.41955
vt 0.261202 0.438971
vt 0.261291 0.438851
vt 0.270299 0.44483
vt 0.270326 0.444641
vt 0.281635 0.451253
vt 0.281582 0.45103
vt 0.297172 0.456754
vt 0.297124 0.456544
vt 0.311948 0.461584
vt 0.311544 0.461287
vt 0.322909 0.464435
vt 0.322254 0.464188
vt 0.33542 0.464843
vt 0.247658 0.406412
vt 0.334 0.464756
vt 0.33542 0.464843
vt 0.322254 0.464188
vt 0.33542 0.464843
vt 0.339049 0.460883
vt 0.337651 0.460049
vt 0.33542 0.464843
vt 0.329302 0.455473
vt 0.322909 0.464435
vt 0.321076 0.451771
vt 0.311948 0.461584
vt 0.310072 0.445382
vt 0.297172 0.456754
vt 0.300124 0.437938
vt 0.281635 0.451253
vt 0.294506 0.430166
vt 0.270299 0.44483
vt 0.289405 0.421318
vt 0.261202 0.438971
vt 0.287087 0.413537
vt 0.254324 0.431393
vt 0.285544 0.402998
vt 0.249888 0.41955
vt 0.284378 0.391813
vt 0.247762 0.40654
vt 0.284556 0.379925
vt 0.24703 0.387519
vt 0.289703 0.36044
vt 0.302773 0.338195
vt 0.250481 0.366396
vt 0.264323 0.344996
vt 0.24703 0.387519
vt 0.289703 0.36044
vt 0.294506 0.430166
vt 0.294696 0.42985
vt 0.289405 0.421318
vt 0.300235 0.437601
vt 0.300124 0.437938
vt 0.310141 0.445109
vt 0.310072 0.445382
vt 0.289688 0.421057
vt 0.287087 0.413537
vt 0.287313 0.413061
vt 0.285544 0.402998
vt 0.285928 0.402597
vt 0.284378 0.391813
vt 0.284738 0.391505
vt 0.284556 0.379925
vt 0.284905 0.379897
vt 0.289703 0.36044
vt 0.320908 0.451325
vt 0.321076 0.451771
vt 0.329011 0.454783
vt 0.329302 0.455473
vt 0.337668 0.458314
vt 0.247658 0.406412
vt 0.249888 0.41955
vt 0.247762 0.40654
vt 0.246809 0.387616
vt 0.24703 0.387519
vt 0.250162 0.366265
vt 0.250481 0.366396
vt 0.264107 0.344855
vt 0.264323 0.344996
vt 0.289924 0.360141
vt 0.289703 0.36044
vt 0.284905 0.379897
vt 0.302773 0.338195
vt 0.3392 0.460151
vt 0.337668 0.458314
vt 0.329302 0.455473
vt 0.302773 0.338195
vt 0.289924 0.360141
vt 0.302815 0.337927
vt 0.228708 0.452664
vt 0.226926 0.453582
vt 0.216853 0.43893
vt 0.21529 0.440177
vt 0.234069 0.462984
vt 0.235491 0.460839
vt 0.214011 0.440657
vt 0.225783 0.454055
vt 0.213479 0.459148
vt 0.200229 0.445823
vt 0.219207 0.467596
vt 0.229492 0.463649
vt 0.213673 0.469695
vt 0.207602 0.460946
vt 0.211992 0.471369
vt 0.20519 0.461827
vt 0.195094 0.446435
vt 0.19265 0.445935
vt 0.210822 0.471886
vt 0.191263 0.447203
vt 0.191495 0.450747
vt 0.203208 0.463268
vt 0.198051 0.467017
vt 0.186886 0.457962
vt 0.202352 0.473381
vt 0.208652 0.471663
vt 0.181968 0.461954
vt 0.193426 0.469277
vt 0.198379 0.474774
vt 0.194165 0.475892
vt 0.190174 0.470866
vt 0.190174 0.470866
vt 0.181968 0.461954
vt 0.180313 0.464688
vt 0.176117 0.463848
vt 0.190174 0.470866
vt 0.176117 0.463848
vt 0.180313 0.464688
vt 0.176257 0.463918
vt 0.176271 0.463967
vt 0.181726 0.470024
vt 0.190174 0.470866
vt 0.191429 0.475718
vt 0.194165 0.475892
vt 0.231807 0.464023
vt 0.251126 0.452496
vt 0.245545 0.443371
vt 0.229493 0.424976
vt 0.253003 0.45154
vt 0.247424 0.442418
vt 0.232345 0.424974
vt 0.159728 0.19896
vt 0.16082 0.200958
vt 0.141497 0.201707
vt 0.141634 0.201949
vt 0.209632 0.195675
vt 0.208418 0.193233
vt 0.253385 0.188194
vt 0.252091 0.185332
vt 0.14146 0.201305
vt 0.159728 0.19896
vt 0.141497 0.201707
vt 0.159414 0.195646
vt 0.208418 0.193233
vt 0.207593 0.188366
vt 0.252091 0.185332
vt 0.251562 0.180658
vt 0.14146 0.201305
vt 0.141597 0.201547
vt 0.159414 0.195646
vt 0.160506 0.197649
vt 0.207593 0.188366
vt 0.209211 0.191658
vt 0.251562 0.180658
vt 0.252855 0.18353
vt 0.141634 0.201949
vt 0.160506 0.197649
vt 0.141597 0.201547
vt 0.16082 0.200958
vt 0.209211 0.191658
vt 0.209632 0.195675
vt 0.252855 0.18353
vt 0.253385 0.188194
vt 0.218333 0.145313
vt 0.217368 0.148502
vt 0.214661 0.143863
vt 0.213668 0.147231
vt 0.215242 0.154832
vt 0.212245 0.151241
vt 0.209666 0.146749
vt 0.209235 0.148138
vt 0.211505 0.142814
vt 0.208796 0.144931
vt 0.219973 0.158183
vt 0.210243 0.156015
vt 0.218868 0.16356
vt 0.209556 0.162447
vt 0.197423 0.153136
vt 0.199617 0.160946
vt 0.202665 0.15169
vt 0.189789 0.151356
vt 0.194044 0.160217
vt 0.174145 0.151705
vt 0.184948 0.158615
vt 0.179852 0.148678
vt 0.189104 0.14844
vt 0.197152 0.14953
vt 0.193806 0.14652
vt 0.197597 0.148535
vt 0.197912 0.150131
vt 0.199283 0.15027
vt 0.198121 0.165112
vt 0.191699 0.164412
vt 0.194049 0.167064
vt 0.202377 0.165522
vt 0.200002 0.170306
vt 0.195401 0.169888
vt 0.195991 0.173783
vt 0.199814 0.17685
vt 0.195654 0.177539
vt 0.196312 0.183475
vt 0.189861 0.184506
vt 0.192018 0.188755
vt 0.180555 0.190896
vt 0.201965 0.182402
vt 0.200969 0.185538
vt 0.207147 0.185283
vt 0.211268 0.181882
vt 0.203843 0.17655
vt 0.210475 0.170656
vt 0.195649 0.187247
vt 0.170487 0.195145
vt 0.187175 0.193217
vt 0.211937 0.188327
vt 0.214087 0.185013
vt 0.218854 0.182376
vt 0.219292 0.179741
vt 0.218903 0.170874
vt 0.203745 0.170388
vt 0.210052 0.166315
vt 0.218809 0.166888
vt 0.224195 0.167242
vt 0.224441 0.164159
vt 0.228952 0.167555
vt 0.229362 0.164688
vt 0.2257 0.159463
vt 0.230755 0.160594
vt 0.227476 0.152049
vt 0.23211 0.153665
vt 0.228436 0.149347
vt 0.233064 0.151195
vt 0.228746 0.171062
vt 0.224129 0.170973
vt 0.228991 0.177555
vt 0.224437 0.178581
vt 0.229008 0.179567
vt 0.224238 0.180887
vt 0.230781 0.14648
vt 0.235615 0.148784
vt 0.232133 0.144146
vt 0.23695 0.146781
vt 0.239654 0.141504
vt 0.235541 0.138303
vt 0.24536 0.133917
vt 0.242303 0.129787
vt 0.247059 0.127185
vt 0.247735 0.131443
vt 0.248435 0.138088
vt 0.250872 0.137125
vt 0.252252 0.143268
vt 0.243854 0.144769
vt 0.24907 0.148823
vt 0.241878 0.149473
vt 0.247998 0.152815
vt 0.246799 0.154028
vt 0.240604 0.151123
vt 0.257672 0.144154
vt 0.255099 0.157674
vt 0.252865 0.157989
vt 0.256029 0.157151
vt 0.257007 0.156601
vt 0.255705 0.153996
vt 0.25686 0.149754
vt 0.261052 0.149006
vt 0.243567 0.155403
vt 0.237747 0.153072
vt 0.242663 0.157392
vt 0.236816 0.155327
vt 0.242348 0.163177
vt 0.235924 0.161746
vt 0.240602 0.165967
vt 0.234372 0.165258
vt 0.239852 0.168253
vt 0.23381 0.167866
vt 0.248204 0.168684
vt 0.247153 0.170224
vt 0.249863 0.16719
vt 0.251372 0.165895
vt 0.250671 0.16495
vt 0.250086 0.164126
vt 0.249893 0.163088
vt 0.249476 0.160846
vt 0.249832 0.16008
vt 0.239357 0.171518
vt 0.233474 0.171265
vt 0.23971 0.178158
vt 0.233766 0.177824
vt 0.240255 0.180384
vt 0.23402 0.179931
vt 0.249953 0.18322
vt 0.247745 0.178471
vt 0.247022 0.175002
vt 0.247278 0.173219
vt 0.247564 0.171703
vt 0.196896 0.143006
vt 0.199001 0.139278
vt 0.201677 0.144222
vt 0.207419 0.141481
vt 0.19896 0.147744
vt 0.201526 0.146054
vt 0.204626 0.143895
vt 0.206889 0.143551
vt 0.201294 0.147165
vt 0.199992 0.136132
vt 0.209019 0.136578
vt 0.200547 0.132984
vt 0.199669 0.126014
vt 0.205446 0.124071
vt 0.197395 0.119281
vt 0.210775 0.127378
vt 0.216964 0.124267
vt 0.209371 0.119029
vt 0.217833 0.117617
vt 0.223136 0.120675
vt 0.227922 0.112137
vt 0.230517 0.113616
vt 0.233484 0.089464
vt 0.237616 0.099706
vt 0.240214 0.106147
vt 0.216448 0.139695
vt 0.217753 0.136271
vt 0.220285 0.141508
vt 0.221628 0.138394
vt 0.226572 0.131342
vt 0.223287 0.128813
vt 0.235858 0.121177
vt 0.233552 0.118075
vt 0.241849 0.110198
vt 0.243622 0.113781
vt 0.225302 0.14387
vt 0.226672 0.141158
vt 0.230876 0.134674
vt 0.238836 0.125106
vt 0.248018 0.122998
vt 0.223193 0.147253
vt 0.222226 0.150217
vt 0.200254 0.14981
vt 0.20235 0.148648
vt 0.20334 0.149099
vt 0.200573 0.149136
vt 0.199964 0.148578
vt 0.201676 0.147865
vt 0.205103 0.14935
vt 0.208593 0.150272
vt 0.208188 0.149269
vt 0.199036 0.148214
vt 0.19902 0.148204
vt 0.250662 0.1583
vt 0.177795 0.106116
vt 0.175322 0.10833
vt 0.163197 0.096807
vt 0.257286 0.162836
vt 0.260587 0.160089
vt 0.178414 0.103129
vt 0.260587 0.160089
vt 0.177795 0.106116
vt 0.163197 0.096807
vt 0.261248 0.15618
vt 0.178414 0.103129
vt 0.175943 0.105345
vt 0.261248 0.15618
vt 0.257952 0.158929
vt 0.163197 0.096807
vt 0.175322 0.10833
vt 0.175943 0.105345
vt 0.163197 0.096807
vt 0.257952 0.158929
vt 0.257286 0.162836
vt 0.226584 0.06501
vt 0.222595 0.066002
vt 0.218498 0.049838
vt 0.261211 0.155395
vt 0.266337 0.154163
vt 0.227424 0.063182
vt 0.226584 0.06501
vt 0.218498 0.049838
vt 0.266337 0.154163
vt 0.267323 0.151625
vt 0.227424 0.063182
vt 0.223442 0.064173
vt 0.267323 0.151625
vt 0.218498 0.049838
vt 0.262209 0.152855
vt 0.261211 0.155395
vt 0.262209 0.152855
vt 0.222595 0.066002
vt 0.223442 0.064173
vt 0.218498 0.049838
vt 0.162726 0.149799
vt 0.161716 0.151904
vt 0.143897 0.145866
vt 0.14367 0.146355
vt 0.255305 0.170496
vt 0.256919 0.167625
vt 0.143884 0.145085
vt 0.162726 0.149799
vt 0.143897 0.145866
vt 0.162659 0.146422
vt 0.256919 0.167625
vt 0.256734 0.162936
vt 0.143884 0.145085
vt 0.143658 0.145574
vt 0.162659 0.146422
vt 0.16165 0.148531
vt 0.256734 0.162936
vt 0.255123 0.165814
vt 0.14367 0.146355
vt 0.16165 0.148531
vt 0.143658 0.145574
vt 0.161716 0.151904
vt 0.255123 0.165814
vt 0.255305 0.170496
vt 0.218139 0.336252
vt 0.051187 0.180713
vt 0.268002 0.405501
vt 0.140099 0.295446
vt 0.199238 0.310003
vt 0.449323 0.544668
vt 0.331642 0.47962
vt 0.485105 0.57548
vt 0.348141 0.516062
vt 0.485105 0.57548
vt 0.396384 0.519259
vt 0.562921 0.628025
vt 0.463851 0.563753
vt 0.685842 0.691591
vt 0.463851 0.563753
vt 0.551446 0.626135
vt 0.811353 0.771235
vt 0.811353 0.771235
vt 0.673491 0.679377
vt 0.844984 0.794198
vt 0.140099 0.295446
vt 0.105239 0.108639
vt 0.331642 0.47962
vt 0.327428 0.316498
vt 0.348141 0.516062
vt 0.362713 0.104829
vt 0.426657 0.393866
vt 0.463851 0.563753
vt 0.396384 0.519259
vt 0.348141 0.516062
vt 0.551446 0.626135
vt 0.51741 0.461367
vt 0.461132 0.187022
vt 0.551079 0.262129
vt 0.64115 0.529572
vt 0.6722 0.344879
vt 0.792353 0.605762
vt 0.818322 0.439958
vt 0.788658 0.729618
vt 0.673491 0.679377
vt 0.844984 0.794198
vt 0.811353 0.771235
vt 0.685842 0.691591
vt 0.645706 0.810599
vt 0.736921 0.858704
vt 0.562921 0.628025
vt 0.463851 0.563753
vt 0.474324 0.703635
vt 0.485105 0.57548
vt 0.449323 0.544668
vt 0.352979 0.619174
vt 0.268002 0.405501
vt 0.140099 0.295446
vt 0.285968 0.545658
vt 0.218139 0.336252
vt 0.199238 0.310003
vt 0.128473 0.202523
vt 0.204549 0.434731
vt 0.485105 0.57548
vt 0.348141 0.516062
vt 0.396384 0.519259
vn 0.42248 0.906348 -0.006623386
vn 0.3681862 0.9239897 -0.103353
vn 0.4057904 0.911496 -0.06715096
vn 0.3774348 0.9184309 -0.1184388
vn 0.5239291 0.8414058 0.1324183
vn 0.5251422 0.8027102 0.2826342
vn 0.5611076 0.7322026 0.3860539
vn 0.5070059 0.6598528 0.5545622
vn 0.8403354 -0.5269204 -0.1272451
vn 0.7732606 -0.5646855 -0.2884413
vn 0.78925 -0.5727795 -0.2213775
vn 0.79268 -0.5421495 -0.2788049
vn 0.8887618 -0.4572183 -0.03246368
vn 0.8693947 -0.4848985 -0.09500801
vn 0.8223144 -0.5582584 -0.1102113
vn 0.7440084 -0.6471106 -0.1664311
vn 0.7544388 -0.6461525 -0.115365
vn 0.8585008 -0.4410747 -0.2615903
vn 0.4563425 0.3100251 0.834048
vn 0.2438425 0.5045093 0.8282579
vn 0.5152261 0.6356313 0.5749043
vn 0.4842701 0.7243999 0.4906396
vn 0.4411893 0.8380358 0.321011
vn 0.4327793 0.8704806 0.2344476
vn 0.427545 0.8916438 0.1489179
vn 0.4586515 0.8778619 0.1378313
vn -0.6157757 0.6107458 0.497805
vn -0.6316229 0.6154143 0.4715058
vn -0.5952743 0.66063 0.457402
vn -0.6305002 0.5797219 0.5161318
vn -0.5714902 0.5233656 0.6320502
vn -0.3095468 0.6401306 0.7031456
vn -0.1861704 0.3369318 0.9229396
vn -0.662021 0.5775495 0.4776658
vn 0.3581389 0.9028175 0.2380273
vn 0.3683972 0.929339 -0.02474803
vn 0.3909643 0.8376464 0.3814387
vn 0.354112 0.9346672 -0.03165311
vn 0.3385041 0.9367121 -0.08936024
vn 0.3340621 0.9394149 -0.07682473
vn 0.009973339 0.6384709 0.7695813
vn 0.2438425 0.5045093 0.8282579
vn 0.0972432 0.750448 0.6537365
vn 0.01082676 0.8152192 0.5790514
vn 0.009973339 0.6384709 0.7695813
vn 0.009973339 0.6384709 0.7695813
vn 0.1345609 0.5097776 0.8497176
vn -0.2396175 0.4659857 0.8517281
vn 0.1333591 0.07389171 0.9883093
vn -0.1820289 0.4637831 0.8670471
vn -0.07629734 0.5226616 0.8491194
vn -0.3395003 0.4673957 0.8162602
vn -0.4937851 0.5470437 0.6759582
vn -0.6150927 0.6102053 0.49931
vn -0.5906342 0.660865 0.4630428
vn 0.4113144 0.1251102 0.9028664
vn 0.3151391 -0.09768282 0.9440049
vn 0.9003496 -0.1926633 -0.3901941
vn 0.9177831 -0.1647134 -0.3613083
vn 0.9094008 -0.1696754 -0.3797372
vn 0.9218475 -0.153561 -0.355832
vn 0.9288443 -0.1632944 -0.3325408
vn 0.9303868 -0.1646745 -0.3275097
vn 0.8585008 -0.4410747 -0.2615903
vn 0.1634898 0.8782077 -0.4494691
vn -0.2182237 0.9666376 -0.1341269
vn 0.05495854 0.8760314 -0.4791122
vn -0.2678405 0.9534817 -0.1383256
vn -0.1212003 0.9900479 -0.07152209
vn 0.272595 0.8824889 -0.3832821
vn 0.01043683 0.9968088 -0.07913938
vn 0.312252 0.8800837 -0.3577031
vn 0.336355 0.8948691 -0.2933848
vn -0.0262925 0.999621 -0.008156743
vn 0.3457142 0.9020122 -0.2585645
vn -0.1188185 0.9927509 0.0181068
vn -0.07666428 0.9959707 -0.04652861
vn 0.3787845 0.8957126 -0.2328546
vn 0.004016608 0.9944143 -0.1054701
vn -0.4198866 0.8622026 0.2833759
vn -0.3955028 0.8834808 0.251076
vn -0.3922732 0.8879951 0.2399716
vn -0.4458111 0.8758985 0.1845382
vn -0.4980225 0.8449632 0.1949632
vn -0.1976087 0.9798685 -0.02843347
vn -0.3453311 0.9374745 0.04345081
vn -0.6239183 0.7628987 0.1694448
vn -0.7179267 0.6779654 0.1579367
vn -0.7685032 0.5977629 0.2282153
vn -0.7945206 0.5819353 0.1734599
vn -0.4724931 0.8495638 0.2345032
vn -0.4991988 0.8409935 0.2086395
vn 0.4267692 0.8709182 -0.2436588
vn 0.4075395 0.8765685 -0.2560063
vn 0.3787845 0.8957126 -0.2328546
vn 0.4421236 0.8893537 -0.1165192
vn 0.2463862 0.9510307 -0.1866399
vn 0.555427 0.8215403 -0.1287341
vn 0.4662171 0.8845025 0.01723157
vn 0.3455788 0.9382083 -0.01845429
vn 0.4411759 0.8972941 -0.01506673
vn 0.9682653 0.008850328 -0.2497677
vn 0.9854232 -0.1162304 -0.1242243
vn 0.9752985 -0.05703412 -0.2134006
vn 0.9373267 -0.02873003 -0.3472655
vn 0.9294683 0.07192784 -0.361822
vn 0.912219 0.3217438 -0.2536481
vn 0.9108933 0.1355519 -0.3897424
vn 0.872667 0.4142276 -0.2585884
vn 0.8966095 0.1576975 -0.4137908
vn 0.8929454 -0.1110305 -0.4362575
vn 0.3721492 0.7176123 0.5886745
vn 0.3983649 0.7769297 0.4875302
vn 0.3887782 0.8623963 0.3242287
vn 0.1031584 0.7243161 0.681707
vn 0.3590603 0.6444584 0.6750919
vn 0.39169 0.881961 0.2621522
vn 0.3556822 0.917601 0.1774784
vn 0.3378355 0.9286771 0.1530552
vn 0.325055 0.9371333 0.1269665
vn 0.1148489 0.9424119 0.3141172
vn -0.7233551 0.4628073 0.5124128
vn -0.3938589 0.6951635 0.6013508
vn -0.4539074 0.7215943 0.5227519
vn -0.7398043 0.3984788 0.5421293
vn -0.6174305 0.5740111 0.5378575
vn -0.7863356 0.3765224 0.4898033
vn -0.1932478 0.6298727 0.7522736
vn 0.05656549 0.7982882 0.5996135
vn -0.05862779 0.919803 0.3879757
vn -0.1125311 0.8665562 0.4862274
vn -0.2020839 0.8822162 0.4252726
vn -0.6818309 0.5008271 0.533178
vn -0.5183068 0.5548013 0.65081
vn -0.2984152 0.6538209 0.6953174
vn 0.05931547 0.9610122 0.2700688
vn 0.1482069 0.6091127 0.7791126
vn -0.2506242 0.5017349 0.8279189
vn -0.579552 0.3794151 0.7212237
vn 0.1492195 0.8397263 0.5221047
vn 0.8929454 -0.1110305 -0.4362575
vn 0.8776966 -0.1476529 -0.4559028
vn 0.9108933 0.1355519 -0.3897424
vn 0.8966095 0.1576975 -0.4137908
vn 0.9294683 0.07192784 -0.361822
vn -0.2531 0.9606988 -0.1140094
vn -0.235849 0.9399198 -0.246832
vn 0.00618335 0.9499011 -0.3124894
vn -0.224889 0.9235892 -0.3104962
vn 0.04444508 0.9772428 -0.2074157
vn -0.2965517 0.9549744 -0.008999936
vn -0.02064674 0.9884046 -0.1504328
vn 0.4548042 0.833282 -0.3143157
vn 0.4521252 0.8171169 -0.3576351
vn 0.2646325 0.8384646 -0.4763893
vn 0.7029539 0.6098217 -0.3660236
vn 0.7424533 0.4862774 -0.4607573
vn 0.886907 0.1646823 -0.4315968
vn 0.7691981 0.1691989 -0.616203
vn 0.6121311 0.5487002 -0.5694064
vn 0.689615 0.1594746 -0.7063986
vn 0.6889684 0.1931592 -0.6985785
vn 0.7651367 0.5875136 -0.2634268
vn 0.8851637 0.397383 -0.2420162
vn 0.8451324 0.5166361 0.1372528
vn 0.8896503 0.3752927 0.2601493
vn 0.7133301 0.6973922 0.06931264
vn 0.5909491 0.7786291 -0.2109879
vn 0.5669835 0.8126629 0.134569
vn 0.3834936 0.9174157 -0.1062124
vn 0.4540404 0.8710545 0.1873808
vn 0.2725732 0.9608627 -0.04946479
vn 0.9674394 0.2479675 -0.05072553
vn 0.8492709 0.3333059 0.409446
vn 0.7013266 0.3796661 0.6033198
vn 0.6799375 0.3563727 0.6408458
vn 0.7239481 0.5393283 0.4301444
vn 0.63649 0.6684253 0.384822
vn 0.5798923 0.7062396 0.4061408
vn 0.5965095 0.4187325 0.6847186
vn 0.3722297 0.8920065 0.2564557
vn 0.09963679 0.9904549 0.09524547
vn 0.1526084 0.9144695 0.3747748
vn -0.09162551 0.9752798 0.2010821
vn 0.4022169 0.7624121 0.5069016
vn 0.549495 0.7043162 0.4494373
vn 0.07181459 0.8543316 0.5147429
vn -0.2020273 0.8951702 0.3973102
vn -0.04854855 0.7658561 0.6411766
vn -0.3170917 0.8006637 0.5083213
vn 0.2285222 0.6598252 0.715827
vn 0.3026728 0.7219658 0.6222175
vn -0.03746808 0.6759761 0.7359704
vn -0.3014524 0.6887339 0.6593724
vn 0.004902548 0.5282998 0.8490437
vn -0.274153 0.5120163 0.8140513
vn 0.09821669 0.3858572 0.9173155
vn -0.2424627 0.3091416 0.9195887
vn 0.07458307 0.1533915 0.9853469
vn -0.001750565 0.5304167 0.8477353
vn 0.2246547 0.5951566 0.7715691
vn 0.01086721 0.3651588 0.9308818
vn 0.5554067 0.1927816 0.8089244
vn -0.1860869 0.1368351 0.9729583
vn -0.1652896 -0.07878186 0.9830935
vn -0.159116 -0.1879119 0.9692116
vn 0.2320954 0.1872091 0.9545075
vn 0.8933655 0.09885063 0.4383226
vn -0.04822863 0.3823208 0.9227701
vn -0.05415368 0.2546587 0.9655135
vn -0.1888426 0.2216021 0.956677
vn -0.252737 0.3046356 0.9183251
vn -0.3359897 0.1568732 0.9287097
vn -0.3027993 0.2682979 0.9145102
vn -0.275533 0.139614 0.951099
vn -0.3218057 0.315038 0.8928562
vn -0.3112011 0.5351956 0.7853149
vn -0.4340276 0.5620572 0.704068
vn -0.362099 0.7520995 0.5506639
vn -0.2775299 0.7412906 0.6111181
vn -0.1927033 0.9257588 0.3253245
vn -0.1126029 0.9140875 0.3895697
vn 0.09126897 0.9952108 0.03500488
vn 0.1627866 0.9807569 0.10778
vn 0.3519236 0.9195043 -0.1751044
vn 0.4113764 0.9062922 -0.0969738
vn 0.5661159 0.7685007 -0.2981937
vn 0.6165469 0.7577388 -0.2137799
vn 0.7429181 0.563039 -0.3620218
vn 0.7799058 0.5635635 -0.2722926
vn 0.9067135 0.2432535 -0.3445263
vn 0.9366242 0.2174944 -0.2746475
vn 0.9435805 0.02829561 -0.3299322
vn 0.9147286 0.0281387 -0.4030879
vn 0.8308297 0.2381523 -0.5029965
vn 0.8130056 0.01954318 -0.5819278
vn 0.8102539 0.2048036 -0.5491303
vn 0.6961024 0.5427217 -0.4699942
vn 0.6708345 0.528645 -0.520111
vn 0.5131363 0.7654672 -0.3882668
vn 0.4665251 0.7564077 -0.4584774
vn 0.2891302 0.9213217 -0.2599423
vn 0.2353023 0.9156017 -0.3260467
vn 0.4276578 0.7434226 -0.5142291
vn 0.6247736 0.5202347 -0.5822488
vn 0.5325197 0.4777988 -0.6986638
vn 0.699339 0.195915 -0.6874172
vn 0.60697 0.2272436 -0.7615429
vn 0.4495533 0.4863294 -0.7492567
vn 0.3338885 0.7018415 -0.6292352
vn 0.2395682 0.7048678 -0.667659
vn 0.09285066 0.8655327 -0.4921705
vn -0.003470654 0.8523245 -0.523002
vn -0.1979757 0.9427361 -0.2684293
vn -0.3070174 0.9097068 -0.279596
vn -0.4965261 0.8672612 0.0363314
vn -0.5918463 0.8055772 0.02762761
vn -0.6699136 0.6864977 0.2827307
vn -0.7388725 0.6253583 0.2509868
vn -0.7476416 0.4887644 0.4496013
vn -0.8014073 0.4247413 0.421119
vn -0.7537385 0.1807877 0.6318181
vn -0.7925472 0.07663187 0.6049765
vn 0.1918924 0.9052526 -0.3790711
vn -0.092281 0.983456 -0.1558795
vn -0.3901859 0.9089331 0.1469544
vn -0.5674286 0.7268196 0.3869857
vn -0.6286388 0.5238946 0.5747588
vn -0.7782162 0.1430544 0.6114859
vn -0.5978112 0.5330752 0.5987091
vn -0.5894787 0.2015344 0.7822396
vn -0.5460002 0.2049234 0.8123362
vn -0.519647 0.5529203 0.6513418
vn -0.5144885 0.7397788 0.4336232
vn -0.4480406 0.7500488 0.4865043
vn -0.3397804 0.9197575 0.196457
vn -0.274765 0.9272835 0.2542628
vn -0.04424811 0.9935291 -0.1046041
vn 0.01712391 0.9989146 -0.04331698
vn -0.4945167 0.253541 0.8313664
vn -0.4054723 0.1011049 0.9084988
vn -0.5291103 -0.02440891 0.8482019
vn 0.7790732 0.1896906 0.5975471
vn 0.9706646 0.1993501 0.1344238
vn 0.9810594 0.1693671 0.0940068
vn 0.9664947 0.2537563 -0.03867353
vn -0.1227193 -0.3140747 0.9414335
vn -0.159116 -0.1879119 0.9692116
vn -0.1402098 -0.3068025 0.9413891
vn -0.1652896 -0.07878186 0.9830935
vn 0.8240978 0.384176 0.4162591
vn 0.9711349 0.2304704 0.06148484
vn 0.9138375 0.2352526 0.3309944
vn 0.9720498 0.04010176 0.2313243
vn 0.8342264 0.005139505 0.5513981
vn 0.9155381 -0.04779241 0.3993819
vn 0.3108415 0.4613803 0.8309669
vn 0.6987113 0.3828757 0.6043251
vn 0.1067891 0.5186921 0.8482657
vn 0.3108415 0.4613803 0.8309669
vn 0.1648193 0.5154328 0.8409302
vn 0.1890919 0.4838793 0.8544619
vn 0.1282671 0.4398573 0.8888606
vn 0.5405065 0.2663865 0.7980545
vn 0.1282671 0.4398573 0.8888606
vn 0.6604219 0.2276125 0.7155665
vn 0.7827797 0.06208409 0.6191942
vn 0.9155381 -0.04779241 0.3993819
vn 0.8900682 0.08132651 0.4485138
vn 0.8771166 0.06181069 0.4762835
vn 0.8824198 0.1195974 0.4550074
vn 0.8802281 0.1317771 0.4558874
vn 0.690805 0.335538 0.6404706
vn 0.8867878 0.20878 0.4123328
vn 0.02792305 0.625977 0.7793415
vn 0.01599868 0.6312771 0.7753924
vn -0.03232708 0.6381494 0.7692335
vn -0.07740456 0.5793183 0.8114178
vn 0.009286987 0.4755565 0.8796362
vn 0.1282671 0.4398573 0.8888606
vn 0.06746534 0.621977 0.7801237
vn 0.01599868 0.6312771 0.7753924
vn 0.3588539 0.5557403 0.7499177
vn 0.8342264 0.005139505 0.5513981
vn 0.9155381 -0.04779241 0.3993819
vn 0.7827797 0.06208409 0.6191942
vn -0.1549421 -0.6814181 0.7153057
vn -0.1549421 -0.6814181 0.7153057
vn -0.1549421 -0.6814181 0.7153057
vn 0.8569771 0.4461719 -0.2579162
vn 0.428097 0.7634861 -0.4835514
vn 0.5128413 0.7453281 -0.4260044
vn 0.5651087 0.6807243 -0.4661185
vn 0.2178624 0.8059179 -0.5504837
vn 0.1524524 0.8024063 -0.576977
vn 0.1620747 0.843907 -0.5114223
vn 0.3939752 0.7294421 -0.5591937
vn 0.4614817 0.7207404 -0.5172697
vn 0.2081162 0.7813233 -0.5884059
vn 0.2172577 0.7906435 -0.5724352
vn 0.2161613 0.780938 -0.5860121
vn 0.8809839 0.439415 -0.1754474
vn 0.8569771 0.4461719 -0.2579162
vn 0.8035292 0.3088546 -0.5088709
vn 0.944509 0.2961972 -0.1420215
vn 0.6459725 0.6330101 -0.4266353
vn 0.8413165 0.5216365 -0.1417111
vn 0.7815306 0.5928442 -0.1942827
vn 0.5128413 0.7453281 -0.4260044
vn 0.8195071 0.5623758 -0.1101882
vn 0.965657 0.2428313 -0.09240961
vn 0.9763535 0.1643749 -0.1404086
vn 0.8841549 0.4540471 -0.1100514
vn 0.8652955 0.4941622 -0.08406813
vn 0.9508138 0.0586315 -0.3041637
vn 0.9057997 0.1720324 -0.3872104
vn 0.9697189 0.2122008 -0.1208967
vn 0.9839882 0.081917 -0.1582932
vn 0.8888558 0.4297809 -0.1588197
vn 0.80606 0.5592691 -0.1936112
vn 0.9261481 0.2015259 -0.3188058
vn 0.9424524 0.2847027 -0.1752929
vn 0.9026938 0.08126309 -0.4225402
vn 0.7566194 0.5186616 -0.3981423
vn 0.5651087 0.6807243 -0.4661185
vn 0.9229102 0.04541229 0.382328
vn 0.9200574 0.05051894 0.388513
vn 0.9214923 0.04796488 0.3854235
vn 0.920059 0.05053302 0.3885073
vn 0.9572886 -0.03039741 0.287532
vn 0.976278 -0.1034755 0.1901951
vn 0.1620747 0.843907 -0.5114223
vn 0.2282836 0.7974156 -0.558583
vn 0.4014961 0.8049775 -0.4368204
vn 0.5128413 0.7453281 -0.4260044
vn 0.2282836 0.7974156 -0.558583
vn 0.1954154 0.7997203 -0.5676796
vn 0.3663359 0.7176046 -0.5923189
vn 0.4062838 0.6929945 -0.5955604
vn 0.4149589 0.6693925 -0.6162166
vn 0.3614549 0.7502503 -0.5536017
vn 0.8440627 -0.4388441 -0.3081785
vn 0.9297428 -0.3349603 -0.1529052
vn 0.8607401 -0.417311 -0.2915097
vn 0.8325318 -0.4546415 -0.316531
vn 0.8321358 -0.4612217 -0.3079359
vn 0.8403032 -0.4545228 -0.2954648
vn 0.9661321 -0.2563139 -0.02986472
vn 0.976278 -0.1034755 0.1901951
vn 0.9572886 -0.03039741 0.287532
vn -0.07684951 -0.7997575 0.5953839
vn -0.09243961 -0.7912069 0.6045218
vn -0.1568878 -0.7690629 0.6196195
vn -0.1701296 -0.7582004 0.6294346
vn -0.1004765 -0.806639 0.5824415
vn -0.1247876 -0.802464 0.5835062
vn -0.1738057 -0.7996411 0.5747745
vn -0.2580222 -0.8129886 0.5219906
vn -0.2978836 -0.817371 0.4931228
vn -0.2464714 -0.8076707 0.5356489
vn -0.1968156 -0.7971371 0.5708206
vn -0.1471184 -0.7608655 0.6320124
vn -0.2210064 -0.7829054 0.5815629
vn -0.03123264 -0.6821036 0.7305881
vn 0.02176611 -0.645031 0.7638463
vn 0.1438797 -0.5491753 0.8232284
vn -0.2338862 -0.7314737 0.6405025
vn -0.6027194 0.5973052 0.5291086
vn -0.6289915 0.5798612 0.5178133
vn -0.6093535 0.5930091 0.526335
vn -0.569324 0.6179354 0.5422416
vn -0.5573196 0.6349899 0.5349604
vn -0.5324339 0.6585136 0.5318589
vn -0.5377219 0.6710504 0.5104375
vn -0.4148377 0.7321626 0.5402293
vn -0.285349 0.7669058 0.5748316
vn -0.02499609 0.7955657 0.6053516
vn 0.1046666 0.7852272 0.6102976
vn 0.2237679 0.7750723 0.5909238
vn 0.2273345 0.7746007 0.5901802
vn -0.0951933 0.7767693 0.6225492
vn -0.4513177 0.6789359 0.5791014
vn -0.7146325 0.5143204 0.4741043
vn -0.7146893 0.5142911 0.4740505
vn 0.3124942 0.7429928 -0.5918692
vn 0.3042008 0.7587679 -0.5759628
vn 0.3485699 0.7079017 -0.6143078
vn 0.2402712 0.8383632 -0.4893024
vn 0.2941328 0.7381874 -0.6070958
vn 0.2988553 0.7459307 -0.5952082
vn 0.3134491 0.8457761 -0.4317551
vn 0.2588699 0.7602933 -0.5957689
vn 0.2605861 0.7664481 -0.5870707
vn 0.2633115 0.7627624 -0.5906442
vn 0.2691953 0.7533447 -0.6000047
vn 0.2651836 0.7454823 -0.6115012
vn 0.2531839 0.7473604 -0.6142883
vn 0.2500254 0.7524964 -0.6092919
vn 0.167626 0.7330675 -0.6591765
vn 0.02945152 0.6905822 -0.7226539
vn -0.07855532 0.6408688 -0.7636205
vn -0.1477815 0.6112871 -0.7774886
vn 0.2712657 0.8767895 -0.3970581
vn 0.2851371 0.9009929 -0.3269689
vn 0.3137692 0.9055197 -0.2856274
vn 0.3009489 0.9037863 -0.3043028
vn 0.2879787 0.9015856 -0.3228185
vn 0.2879814 0.9015877 -0.3228102
vn 0.3722245 0.9074578 -0.1948568
vn 0.4494336 0.8913614 -0.05902796
vn 0.5384261 0.8321621 0.1326787
vn 0.5514963 0.8118591 0.1916678
vn 0.5633572 0.7863894 0.2534175
vn 0.2238854 0.8544118 0.4688879
vn 0.5450283 0.7952536 0.2655486
vn 0.144317 0.8527575 0.5019735
vn 0.5385984 0.798533 0.2688065
vn 0.1392348 0.8563421 0.4972845
vn -0.2335302 0.7191439 0.6544431
vn -0.2822784 0.6964533 0.6597514
vn 0.1105522 0.8479593 0.5184044
vn -0.2318949 0.7280702 0.645088
vn -0.7281901 0.5248837 0.4407224
vn -0.7519056 0.5299813 0.3921198
vn -0.7508629 0.463658 0.4703468
vn -0.7666185 0.393971 0.5070333
vn -0.7795841 0.3340423 0.5297776
vn -0.6230457 0.5346421 0.5709395
vn -0.786459 0.3909965 0.4781255
vn -0.75348 0.4055305 0.5175065
vn -0.7277898 0.3908775 0.5635041
vn -0.6097462 0.3802247 0.6954414
vn -0.519632 0.4626096 0.7183139
vn -0.3755507 0.5611497 0.7376129
vn 0.3614549 0.7502503 -0.5536017
vn 0.2349255 0.9160853 0.3249582
vn 0.3470093 0.9216101 0.1738371
vn 0.2939231 0.9237043 -0.2457224
vn 0.3195779 0.9341656 0.1587597
vn 0.2561485 0.9236893 0.2849316
vn 0.03408367 0.836144 0.5474501
vn -0.4640667 0.6966027 0.5471626
vn 0.04612799 0.8341239 0.5496448
vn -0.104961 0.7156352 0.6905429
vn 0.1596256 0.9419578 0.295356
vn 0.3353339 0.9276491 0.1643725
vn 0.4613154 0.8863544 -0.03954471
vn -0.01432077 0.8154173 0.5786965
vn -0.1473709 0.6683611 0.7290921
vn 0.4738349 0.8635486 -0.1725236
vn 0.1758008 0.9838578 0.03343336
vn -0.1950506 0.8569849 0.4770032
vn -0.3147316 0.6966031 0.6447389
vn 0.2831413 0.9102485 -0.3021237
vn -0.1322911 0.9905522 -0.03613304
vn -0.3648198 0.8101262 0.458914
vn -0.3378154 0.7081941 0.619953
vn -0.3588209 0.6772018 0.6423747
vn -0.519632 0.4626096 0.7183139
vn -0.2318949 0.7280702 0.645088
vn 0.8361838 -0.3898419 -0.3857722
vn 0.8114582 -0.3990452 -0.4269643
vn 0.8013989 -0.405158 -0.4400075
vn 0.7908303 -0.4122698 -0.4523506
vn 0.8009931 -0.4096838 -0.4365424
vn 0.8105666 -0.4040992 -0.4238936
vn 0.8625126 -0.2588848 -0.4347996
vn 0.7469755 -0.4472189 -0.491958
vn 0.8426642 -0.2586409 -0.472252
vn 0.7613688 -0.4095879 -0.5025488
vn 0.9373265 -0.05405577 -0.3442341
vn 0.8473268 -0.2794359 -0.4516114
vn 0.9508138 0.0586315 -0.3041637
vn 0.8473268 -0.2794359 -0.4516114
vn 0.9261481 0.2015259 -0.3188058
vn 0.8655759 -0.2173992 -0.4511273
vn 0.9026938 0.08126309 -0.4225402
vn 0.8586785 -0.2168523 -0.4643774
vn -0.2044251 0.2969869 0.9327428
vn -0.2821046 0.4270966 0.8590724
vn 0.01359104 0.1535505 0.9880474
vn -0.06624519 0.0999599 0.9927838
vn -0.234198 0.195743 0.9522794
vn 0.01488139 0.15927 0.9871229
vn 0.4642332 -0.05846417 0.8837814
vn 0.4630985 -0.05804453 0.8844041
vn 0.8618122 0.4316351 0.2664036
vn 0.8987904 0.3458097 0.269428
vn 0.8551158 0.3861257 0.3459536
vn 0.8527572 0.3813867 0.3568605
vn 0.6934783 0.4683112 0.5475147
vn 0.7944854 0.2941365 0.5312971
vn 0.7827294 0.4545358 0.4251256
vn 0.8334894 0.4920962 0.2512705
vn 0.7631934 0.4894921 0.4218214
vn 0.7394068 0.3820944 0.5543299
vn 0.6149547 0.5267032 0.5868684
vn 0.6873885 0.4233564 0.5901411
vn 0.6722763 0.5840876 0.4548476
vn 0.6661102 0.7448019 0.03959051
vn 0.6671453 0.4402775 0.6008936
vn 0.6155379 0.6430587 0.4556189
vn 0.4850649 0.8739551 -0.03024231
vn 0.6428767 0.4075455 0.6485492
vn 0.6347244 0.4396298 0.6354924
vn 0.7722681 0.3250174 0.5458624
vn 0.5827402 0.6013024 0.546671
vn 0.319449 0.9457431 -0.05934883
vn 0.5103962 0.8495484 0.1332788
vn 0.6036712 0.4441386 0.6620588
vn 0.4988911 0.6430873 0.5809875
vn 0.304443 0.8982877 0.3168495
vn 0.2932711 0.9481964 0.1221293
vn 0.5517823 0.4104469 0.7259955
vn 0.4580172 0.5586152 0.6914979
vn 0.4023003 0.7391116 0.5402485
vn 0.4626344 0.7647655 0.4484453
vn 0.568963 0.4610606 0.6809583
vn 0.3461472 0.5613555 0.7517062
vn 0.0372768 0.7833571 0.6204531
vn 0.2538733 0.6856489 0.6822272
vn 0.2180544 0.637518 0.7389337
vn 0.3755444 0.5215564 0.7661237
vn 0.5875201 0.4731559 0.6564629
vn 0.5014574 0.3736507 0.7803369
vn 0.3203208 0.4540503 0.8314041
vn -0.3080627 0.6858115 0.6593633
vn 0.1778289 0.5645074 0.8060449
vn 0.1824551 0.4773799 0.8595456
vn 0.3146409 0.3811154 0.8693401
vn 0.142919 0.3530926 0.9246079
vn 0.507672 0.3782364 0.7740843
vn 0.4878705 0.3317496 0.8074185
vn 0.2608817 0.2649327 0.9283057
vn -0.08866734 0.2980054 0.9504372
vn 0.3841141 0.2048671 0.9002698
vn -0.3594334 0.1285297 0.9242769
vn -0.3617412 0.3154456 0.8772898
vn 0.5053437 0.2703935 0.8194602
vn 0.5199565 0.1090728 0.8472003
vn 0.6436684 0.7268369 -0.2395812
vn 0.810447 0.5214502 -0.2669559
vn 0.4594346 0.8765388 -0.1435256
vn 0.6436684 0.7268369 -0.2395812
vn -0.5571199 0.6549338 0.5105673
vn -0.7667789 0.4311848 0.4755309
vn -0.7340379 0.5622446 0.3808797
vn -0.775672 0.3570019 0.5204639
vn -0.6074302 0.2403168 0.7571501
vn -0.7647848 0.1072601 0.6352949
vn -0.6659193 0.7031114 0.2493706
vn -0.6461626 0.7316037 0.2173243
vn -0.5777139 0.8076991 0.1177654
vn -0.3848006 0.8893822 0.2468354
vn -0.41151 0.9077301 -0.08176591
vn -0.5246266 0.8499255 0.04892457
vn -0.3522567 0.9248155 -0.1436366
vn -0.2146094 0.9375045 -0.2739126
vn -0.007077686 0.9902761 -0.1389361
vn -0.02346849 0.9030156 -0.4289663
vn 0.03596837 0.9823254 -0.1836932
vn -0.2146094 0.9375045 -0.2739126
vn 0.319449 0.9457431 -0.05934883
vn 0.1186078 0.8419896 -0.5262943
vn 0.4594346 0.8765388 -0.1435256
vn 0.3407111 0.682355 -0.6467671
vn 0.4212905 0.8712303 -0.2519364
vn 0.1186078 0.8419896 -0.5262943
vn 0.6436684 0.7268369 -0.2395812
vn 0.3445442 0.850554 -0.3973
vn 0.5203546 0.4787177 -0.7071494
vn 0.6078085 0.7133278 -0.3489017
vn 0.3407111 0.682355 -0.6467671
vn 0.6847156 0.4988337 -0.5313468
vn 0.6129887 0.3315439 -0.7171635
vn 0.6162387 0.3256006 -0.7171012
vn 0.6731529 0.2078861 -0.709682
vn 0.717067 0.09108162 -0.6910276
vn 0.9665248 0.2272741 -0.1190641
vn 0.9577079 0.2851819 -0.03829918
vn 0.868966 0.3696105 0.3290685
vn 0.8538142 0.2202835 0.4716741
vn 0.9931083 -0.103739 -0.05453422
vn 0.9639512 0.1006144 -0.2463225
vn 0.7526832 0.3536704 0.5553245
vn 0.9064209 0.1152932 0.4063357
vn 0.9730712 -0.2225492 -0.06003563
vn 0.7719957 0.3319597 0.5420566
vn -0.4675629 0.2748552 0.8401425
vn -0.3594334 0.1285297 0.9242769
vn -0.7647848 0.1072601 0.6352949
vn -0.7476715 0.01906396 0.6637951
vn 0.9931083 -0.103739 -0.05453422
vn 0.8895173 -0.07281704 -0.4510617
vn 0.7771341 -0.3339432 -0.5334273
vn 0.7641197 -0.1026089 -0.6368614
vn 0.7564464 -0.4837286 -0.4402221
vn 0.9730712 -0.2225492 -0.06003563
vn 0.9639512 0.1006144 -0.2463225
vn 0.8528087 0.1587691 -0.4975035
vn 0.7641197 -0.1026089 -0.6368614
vn 0.6731529 0.2078861 -0.709682
vn 0.4055691 0.3477584 -0.845327
vn 0.530091 0.1055543 -0.8413452
vn 0.4738247 0.3519159 -0.8072456
vn 0.6048917 0.08267972 -0.7920038
vn 0.2904352 0.5894958 -0.7537521
vn 0.1984406 0.589613 -0.782929
vn -0.001278221 0.8060071 -0.5919043
vn -0.1118784 0.7844139 -0.610064
vn -0.3139952 0.877114 -0.3634254
vn -0.4097716 0.8303339 -0.3776675
vn -0.5965558 0.7996583 -0.06832127
vn -0.6864316 0.7237027 -0.07117557
vn -0.739802 0.6413324 0.2034351
vn -0.8130162 0.5650073 0.1406108
vn -0.8204031 0.3740802 0.4324381
vn -0.8955241 0.2229501 0.3851359
vn 0.5449902 0.351798 -0.7610676
vn 0.7018589 0.03981159 -0.7112025
vn 0.1081627 0.8158436 -0.5680669
vn 0.376963 0.5787681 -0.7231365
vn -0.2085066 0.9164919 -0.3414202
vn -0.4996943 0.8631862 -0.07221678
vn -0.6951568 0.681769 0.2279215
vn -0.7042429 0.5116432 0.4922026
vn -0.7925472 0.07663187 0.6049765
vn -0.8476014 0.007845886 0.5305755
vn 0.3956001 0.1859698 0.8993976
vn 0.4738868 0.2320228 0.8494685
vn 0.5733223 0.3095001 0.7586245
vn 0.3234783 0.123199 0.938181
vn 0.328752 0.1091163 0.9380916
vn 0.5918266 0.3450665 0.7284713
vn 0.5964064 0.4018983 0.6948218
vn 0.5779197 0.4185527 0.7005872
vn 0.5642425 0.4504225 0.6919176
vn 0.5297292 0.48282 0.697332
vn 0.5242806 0.4787179 0.7042436
vn 0.5057797 0.4371555 0.7436948
vn 0.5264791 0.3765878 0.7622344
vn 0.5293238 0.3629788 0.7668525
vn 0.5618067 0.3572087 0.7461736
vn 0.5749429 0.3663855 0.7315752
vn 0.5806606 0.3638234 0.7283309
vn 0.581013 0.3644596 0.7277315
vn -0.1075967 0.7055377 0.7004566
vn -0.03516909 0.5527428 0.8326095
vn 0.0003202765 0.7000256 0.7141176
vn 0.04242376 0.8654108 0.4992637
vn 0.1665966 0.8427482 0.5118801
vn 0.289308 0.9264088 0.2409726
vn 0.3925093 0.8752053 0.2827576
vn 0.5085285 0.8591256 0.05746256
vn 0.5783052 0.8038605 0.1391807
vn 0.686722 0.7257047 -0.04201996
vn 0.734325 0.6766232 0.05429364
vn 0.8264654 0.5553468 -0.09243844
vn 0.8531746 0.5213237 0.01773793
vn 0.943154 0.3159986 -0.1029829
vn 0.9509299 0.3080932 0.02847874
vn 0.9775584 0.2012562 -0.06225292
vn 0.9727079 0.2272331 0.04695014
vn 0.9694371 0.1058855 -0.2213144
vn 0.9709174 0.07646471 -0.2268754
vn 0.9414799 0.0758204 -0.3284312
vn -0.8738537 -0.03889567 0.4846306
vn -0.8955241 0.2229501 0.3851359
vn -0.8476014 0.007845886 0.5305755
vn -0.8204031 0.3740802 0.4324381
vn -0.8381106 0.03644453 0.5442815
vn -0.8636041 -0.08260532 0.4973574
vn -0.7903811 -0.05194862 0.6104088
vn -0.7925472 0.07663187 0.6049765
vn -0.7808229 -0.05103388 0.6226645
vn -0.7276581 -0.006473543 0.6859095
vn -0.7537385 0.1807877 0.6318181
vn -0.641131 -0.02485305 0.7670289
vn -0.7782162 0.1430544 0.6114859
vn -0.5627177 -0.05787583 0.8246206
vn -0.7038075 0.06983566 0.7069497
vn 0.530091 0.1055543 -0.8413452
vn 0.6001272 -0.1165623 -0.7913663
vn 0.6048917 0.08267972 -0.7920038
vn 0.6945928 -0.09309994 -0.7133535
vn 0.7018589 0.03981159 -0.7112025
vn 0.7353148 -0.025026 -0.6772634
vn 0.60697 0.2272436 -0.7615429
vn 0.7353148 -0.025026 -0.6772634
vn 0.699339 0.195915 -0.6874172
vn 0.8026841 0.007245297 -0.5963604
vn 0.8386869 0.1468776 -0.5244342
vn 0.8766869 -0.02389439 -0.4804675
vn 0.8386869 0.1468776 -0.5244342
vn 0.8026841 0.007245297 -0.5963604
vn 0.8792636 -0.005128258 -0.4763079
vn 0.8971121 -0.02310781 -0.4411983
vn 0.8766869 -0.02389439 -0.4804675
vn -0.7276581 -0.006473543 0.6859095
vn -0.7537385 0.1807877 0.6318181
vn -0.641131 -0.02485305 0.7670289
vn -0.5319856 0.0009641116 0.8467528
vn -0.5136325 -0.04182693 0.8569902
vn -0.4131615 0.2190962 0.8839087
vn -0.5627177 -0.05787583 0.8246206
vn -0.4351359 0.3628429 0.8240157
vn -0.4133609 0.1587929 0.8966145
vn -0.7225783 0.2717989 0.6356146
vn -0.5136325 -0.04182693 0.8569902
vn -0.5894787 0.2015344 0.7822396
vn -0.5460002 0.2049234 0.8123362
vn -0.5291103 -0.02440891 0.8482019
vn -0.5291103 -0.02440891 0.8482019
vn -0.4945167 0.253541 0.8313664
vn -0.4054723 0.1011049 0.9084988
vn 0.1233481 0.8923312 -0.4342007
vn 0.06981338 0.9526746 -0.2958674
vn 0.130497 0.8942207 -0.4281821
vn 0.2044936 0.9096663 -0.3615099
vn 0.04670648 0.865378 -0.4989384
vn 0.02607021 0.8565632 -0.5153834
vn -0.01364989 0.8376974 -0.545964
vn -0.01313111 0.8379589 -0.5455753
vn -0.06662343 0.8087582 -0.5843557
vn -0.08476345 0.7978497 -0.5968677
vn -0.1644686 0.7437352 -0.647926
vn -0.2957537 0.8232373 -0.484572
vn -0.1634834 0.7415993 -0.650618
vn -0.2756172 0.8429527 -0.4620239
vn -0.09758014 0.793723 -0.6004014
vn 0.2901533 0.7249458 -0.6247118
vn 0.2562086 0.8393551 -0.4794165
vn 0.1082742 0.7439459 -0.6594097
vn -0.05849872 0.8171475 -0.5734526
vn -0.2149282 0.9281617 -0.3038449
vn -0.3146029 0.8983266 -0.3066504
vn -0.02281142 0.657621 -0.7530035
vn -0.1499505 0.7543541 -0.6391124
vn -0.04844516 0.8191786 -0.5714889
vn -0.01416874 0.837433 -0.5463564
vn 0.2223054 0.7630816 -0.6068664
vn 0.2582732 0.9167089 -0.3048601
vn 0.2592687 0.9134766 -0.3135925
vn 0.2681678 0.9215211 -0.2808646
vn -0.14681 0.6407577 0.7535759
vn -0.0865005 0.2795475 0.9562274
vn -0.228532 0.7417566 0.6305317
vn -0.2610424 0.3778857 0.8882902
vn -0.2201132 0.960043 0.1728223
vn -0.31301 0.7671774 0.5598782
vn -0.408523 0.901591 0.142277
vn -0.4460698 0.8142266 0.3715601
vn -0.3048718 0.4787585 0.8233125
vn -0.4484864 0.4163486 0.7908944
vn -0.3096821 0.1383045 0.9407279
vn -0.2171465 0.2428097 0.945458
vn -0.139823 -0.2742341 0.9514438
vn -0.04614422 -0.268717 0.9621133
vn -0.1126079 -0.4131955 0.9036531
vn -0.3439224 -0.07187086 0.9362435
vn -0.3515343 0.9230664 -0.1561155
vn -0.5104678 0.780606 0.3606617
vn -0.4258693 0.8785864 -0.2161512
vn -0.555276 0.7815665 0.2842925
vn -0.5538311 0.7672018 0.3235314
vn -0.5417787 0.7730886 0.3298632
vn -0.5326104 0.7821493 0.3233707
vn -0.5428531 0.7768564 0.3190684
vn -0.5627901 0.7631018 0.3177153
vn -0.5667469 0.7595875 0.3191001
vn -0.556623 0.7616198 0.3318222
vn -0.596575 0.7219953 0.3504583
vn -0.5349774 0.8089679 0.2436595
vn -0.6417332 0.6273986 0.4410774
vn -0.5273866 0.8276312 0.1920672
vn -0.09820654 0.9797798 -0.174319
vn -0.2981175 0.9543973 -0.01586337
vn -0.4589633 -0.8870991 0.04907113
vn -0.4034155 -0.9150031 0.005039678
vn -0.3722169 -0.9230826 0.09681348
vn -0.3736652 -0.9272632 0.02360683
vn -0.3534983 -0.9219448 0.1582932
vn -0.3730749 -0.8988423 0.2299953
vn -0.5351444 -0.8333447 0.1384088
vn -0.2213184 -0.9743435 -0.04089988
vn -0.1086935 -0.9572942 -0.2679059
vn -0.08676512 -0.9667683 0.2404804
vn -0.02607484 -0.9953932 0.0922634
vn -0.5458681 -0.8274001 0.1320495
vn -0.4008581 -0.8870374 0.2290795
vn -0.5939799 -0.7581083 0.2691835
vn -0.3951998 -0.7653736 0.5079569
vn -0.1331512 -0.8700892 0.4745686
vn -0.1667841 -0.8806655 0.4434089
vn -0.06272241 -0.8505029 0.5222172
vn -0.6324062 -0.3375237 0.6972375
vn -0.3669203 -0.6646278 0.6508758
vn -0.001709512 -0.8411847 0.5407451
vn -0.1405247 -0.7634245 0.6304251
vn -0.5317442 -0.8291188 0.1726564
vn 0.1609623 -0.9758724 -0.1475265
vn -0.01316102 -0.9104555 -0.4133977
vn -0.2213184 -0.9743435 -0.04089988
vn 0.4742872 -0.6303999 -0.6145304
vn 0.2429282 -0.9194798 -0.3090998
vn 0.6569939 -0.5366399 -0.5295061
vn 0.5673296 -0.4098277 -0.7142677
vn 0.3513265 -0.7902551 -0.5020624
vn 0.6877525 -0.2688856 -0.6743123
vn 0.7157581 -0.4804589 -0.5068033
vn 0.7292946 -0.2240632 -0.6464714
vn 0.7736436 -0.43587 -0.4598837
vn 0.7690513 -0.2022074 -0.60636
vn 0.8144249 -0.4127387 -0.4078711
vn 0.7601889 -0.1644749 -0.6285388
vn 0.872112 -0.4163334 -0.2570744
vn 0.9108433 -0.1219893 -0.3943135
vn 0.6492433 0.01112817 -0.7604995
vn 0.6372084 0.05645245 -0.7686213
vn 0.7826473 -0.5553812 0.281096
vn 0.9294018 -0.3360596 -0.1525654
vn 0.7804081 -0.6158155 -0.108326
vn 0.9495543 -0.2134158 0.229783
vn 0.4083736 -0.5935656 0.6934774
vn 0.6000722 -0.6801803 0.4210322
vn 0.9796295 -0.05042107 0.1943806
vn -0.7199336 -0.1114018 0.6850441
vn -0.5729492 -0.20787 0.792792
vn -0.3669203 -0.6646278 0.6508758
vn -0.2970301 -0.5821965 0.756849
vn 0.1286524 -0.7978665 0.5889461
vn -0.1511456 -0.5396544 0.8282078
vn 0.3513312 -0.7361473 0.5784925
vn -0.1126079 -0.4131955 0.9036531
vn 0.3445992 -0.5299752 0.7748405
vn -0.139823 -0.2742341 0.9514438
vn -0.04614422 -0.268717 0.9621133
vn 0.3689027 -0.7832842 0.5003765
vn 0.09749933 -0.8279662 0.5522372
vn 0.1600085 -0.8420847 0.5150638
vn 0.6000722 -0.6801803 0.4210322
vn -0.05029198 -0.4780116 0.8769126
vn 0.06047709 -0.7616634 0.6451444
vn -0.2338201 -0.5391135 0.8091259
vn 0.1286524 -0.7978665 0.5889461
vn -0.001709512 -0.8411847 0.5407451
vn -0.2970301 -0.5821965 0.756849
vn 0.06047709 -0.7616634 0.6451444
vn -0.06640662 -0.7208828 0.6898682
vn -0.5729492 -0.20787 0.792792
vn -0.5122989 -0.1296105 0.8489705
vn -0.3451002 -0.475747 0.8090554
vn -0.3039011 -0.4214505 0.8544141
vn -0.5122989 -0.1296105 0.8489705
vn -0.4533041 -0.09777966 0.8859766
vn -0.3789394 -0.2711113 0.8848184
vn -0.3007052 -0.2841228 0.9104123
vn -0.3439224 -0.07187086 0.9362435
vn -0.1693744 -0.3062096 0.9367754
vn -0.1535986 0.09614529 0.9834448
vn -0.0865005 0.2795475 0.9562274
vn -0.04614422 -0.268717 0.9621133
vn 0.04548267 -0.5294473 0.8471226
vn 0.9796295 -0.05042107 0.1943806
vn 0.9895315 0.08972795 0.1130324
vn 0.9892892 -0.1144122 0.09064662
vn 0.9495543 -0.2134158 0.229783
vn 0.9936309 -0.1103429 0.02284582
vn 0.8590242 0.3697939 -0.3540196
vn 0.3399519 0.6630994 -0.6668822
vn 0.8118387 0.04686557 -0.5819979
vn 0.9108433 -0.1219893 -0.3943135
vn 0.9746665 0.07297917 -0.2114218
vn 0.7442987 0.07540356 -0.6635765
vn 0.7601889 -0.1644749 -0.6285388
vn 0.6782526 0.03237966 -0.7341151
vn 0.7690513 -0.2022074 -0.60636
vn 0.6808427 0.04746394 -0.73089
vn 0.7292946 -0.2240632 -0.6464714
vn 0.6492433 0.01112817 -0.7604995
vn 0.8118387 0.04686557 -0.5819979
vn 0.3228618 0.5052645 -0.8002925
vn 0.7601889 -0.1644749 -0.6285388
vn 0.6877525 -0.2688856 -0.6743123
vn 0.6372084 0.05645245 -0.7686213
vn 0.6168853 -0.2926562 -0.7306196
vn 0.6168853 -0.2926562 -0.7306196
vn 0.4117998 0.543933 -0.7311346
vn 0.3375082 0.5788838 -0.7422814
vn 0.368264 0.008720037 -0.9296803
vn 0.3375082 0.5788838 -0.7422814
vn 0.2562086 0.8393551 -0.4794165
vn 0.5673296 -0.4098277 -0.7142677
vn 0.4610992 0.06839271 -0.8847089
vn 0.3185345 -0.5251884 -0.7891217
vn 0.1780791 0.927279 -0.3293047
vn 0.3591481 0.9232087 0.1367419
vn 0.1582287 0.9783478 -0.1334134
vn 0.1503094 0.8813736 -0.4478703
vn 0.1079951 0.9714729 -0.2111338
vn 0.06555492 0.992351 0.1046045
vn 0.3779603 0.8580974 0.3475841
vn 0.5608502 0.6266047 0.5411225
vn 0.1697765 0.8619946 -0.4776414
vn 0.119869 0.963986 -0.2374078
vn 0.2322657 0.8716384 -0.431624
vn 0.180193 0.9582235 -0.2221223
vn 0.05985409 0.9982055 -0.001781802
vn 0.03557253 0.9980976 0.05035627
vn 0.3141389 0.8483276 -0.4262124
vn 0.2259454 0.9464346 -0.2306737
vn 0.4023098 0.8054339 -0.4352276
vn 0.2716805 0.9332086 -0.2351837
vn 0.0512726 0.9983253 -0.02679054
vn 0.07217949 0.9973912 0.0009064781
vn 0.488257 0.7700557 -0.4106329
vn 0.3149235 0.9238189 -0.2176737
vn 0.5654773 0.7464537 -0.3507739
vn 0.3591878 0.9156025 -0.18071
vn 0.6891074 0.7029317 -0.1761191
vn 0.3944333 0.915188 -0.0827859
vn 0.04536891 0.9969593 -0.06335443
vn 0.06583831 0.9972292 -0.03462898
vn 0.06346277 0.9978416 -0.0168683
vn -0.0226078 0.9962292 -0.08376271
vn 0.3455931 0.9381794 -0.01961825
vn -0.1022139 0.9882212 -0.1138909
vn 0.2531866 0.9674137 0.002696983
vn 0.702049 0.697988 0.1412091
vn 0.7364188 0.6761441 0.02273122
vn 0.4623529 0.8820452 0.09069792
vn 0.7240478 0.6085264 0.3247313
vn 0.5710677 0.7912527 0.2186343
vn 0.1478006 0.9881216 0.04207889
vn 0.5025842 0.8162534 0.2848501
vn 0.1444818 0.9861136 0.08188334
vn -0.2334615 0.9617346 -0.1433954
vn -0.1932169 0.9684018 -0.1576871
vn 0.1448111 0.987563 -0.06123046
vn -0.8548585 0.2587031 0.4497661
vn -0.9263317 0.2529804 0.2791243
vn -0.7882336 0.2613572 0.5571177
vn -0.9500309 0.2176903 0.2237241
vn -0.6529693 0.2411779 0.7179583
vn -0.5882608 0.2298264 0.7753252
vn -0.5055655 0.2138815 0.8358577
vn -0.4892671 0.2200312 0.8439217
vn -0.4213635 0.2080201 0.882712
vn -0.3653021 0.2018217 0.9087477
vn -0.3006344 0.1977445 0.9330145
vn -0.2974381 0.1750095 0.938564
vn -0.271497 0.1568207 0.949577
vn -0.262357 0.08078125 0.9615837
vn -0.1683017 0.065498 0.9835571
vn -0.1070846 -0.02784656 0.9938599
vn 0.1932695 0.2018649 0.960155
vn -0.97493 0.1805613 0.1300345
vn -0.04642398 -0.130438 0.990369
vn -0.03068917 -0.02704729 0.9991629
vn -0.1070846 -0.02784656 0.9938599
vn 0.3131534 0.3728735 0.8734416
vn 0.3994848 -0.9164469 -0.02316857
vn 0.3237041 -0.9331807 -0.1561712
vn 0.06191598 -0.9872504 0.146639
vn 0.04041107 -0.9991564 -0.0073159
vn -0.08073768 -0.9830196 0.1647836
vn -0.08333489 -0.9777501 0.1925098
vn -0.1202049 -0.9698843 0.2118378
vn -0.117872 -0.9658023 0.2309373
vn -0.1418444 -0.9611169 0.236927
vn -0.1251675 -0.9558273 0.2659457
vn -0.145507 -0.9504764 0.2746311
vn -0.1427821 -0.9436281 0.2986287
vn -0.1848425 -0.9409795 0.2835329
vn -0.1835951 -0.9368647 0.2976196
vn -0.2322233 -0.9353555 0.2668004
vn -0.2436595 -0.9314225 0.2703373
vn -0.3065473 -0.9251813 0.2237593
vn -0.3799417 -0.9162605 0.1269291
vn -0.3897221 -0.9164658 0.09059304
vn -0.409898 -0.9120561 -0.01171262
vn -0.3160366 -0.9468008 0.0607383
vn -0.3234947 -0.9435589 -0.07104822
vn -0.1925611 -0.9805946 0.03680522
vn -0.1426278 -0.9894745 -0.02444141
vn -0.07919542 -0.9956694 -0.04868934
vn -0.0652657 -0.9974239 0.02976619
vn -0.08250091 -0.9950905 -0.05466833
vn -0.1925611 -0.9805946 0.03680522
vn 0.1112204 -0.99339 0.02839585
vn 0.7669098 -0.4890461 -0.4155518
vn 0.7761238 -0.4980182 -0.3867941
vn 0.8097572 -0.5072659 -0.2949149
vn 0.6927661 -0.4900837 -0.5290491
vn 0.6234083 -0.4814577 -0.6160849
vn 0.518475 -0.4700212 -0.7143275
vn 0.4923777 -0.4563532 -0.7411518
vn 0.8249893 -0.5197669 -0.2218895
vn 0.8483321 -0.516185 -0.1178377
vn 0.8282019 -0.5571425 -0.06061305
vn 0.7960073 -0.6023962 -0.05908684
vn 0.7600859 -0.6434721 -0.09062599
vn 0.7619148 -0.6383857 -0.1093137
vn 0.7962139 -0.6004809 -0.07393387
vn 0.8134958 -0.5807277 0.03130344
vn 0.8540184 -0.5071847 0.115828
vn 0.7031608 -0.6464072 0.2961802
vn 0.4374421 -0.4547057 -0.7758138
vn 0.410962 -0.4577694 -0.7883891
vn 0.372337 -0.4706668 -0.7998987
vn 0.3469185 -0.6250443 -0.6992618
vn 0.3877911 -0.7390282 -0.5508679
vn -0.97493 0.1805613 0.1300345
vn -0.9500309 0.2176903 0.2237241
vn -0.9902025 0.09743933 0.1000219
vn -0.9973828 0.07202032 0.006356824
vn -0.9988977 -0.02712109 -0.0383123
vn -0.9661113 -0.06697693 -0.249285
vn -0.9113271 -0.1075643 -0.3973824
vn -0.8362382 -0.08188036 -0.5422189
vn -0.8380697 -0.0567628 -0.5426022
vn 0.8612354 -0.317204 0.3970581
vn 0.8506113 -0.4384809 0.2901635
vn 0.8540184 -0.5071847 0.115828
vn 0.8307847 -0.2735818 0.4847161
vn 0.4996577 -0.8106608 -0.3052399
vn 0.3877911 -0.7390282 -0.5508679
vn 0.1733301 -0.9322422 -0.3176177
vn 0.8307847 -0.2735818 0.4847161
vn 0.9076766 -0.08021863 0.4119322
vn 0.8460915 -0.2091651 0.4902847
vn 0.1974908 0.9128378 -0.3573857
vn 0.105698 0.9229852 -0.3700354
vn -0.0518615 0.8211826 -0.568304
vn -0.04207632 0.8075486 -0.5882982
vn 0.3118123 0.9348359 -0.1698676
vn 0.3533916 0.9189197 -0.1752172
vn -0.01794413 0.7982748 -0.6020262
vn 0.1689959 0.9319617 -0.3207611
vn 0.1154271 0.9063825 -0.4063834
vn 0.01088398 0.78591 -0.6182451
vn 0.2697771 0.9576017 -0.1010909
vn 0.2377137 0.966262 -0.09914603
vn 0.2999743 0.9460381 -0.1225857
vn 0.1869778 0.9222774 -0.3382953
vn 0.289303 0.9457862 -0.147622
vn 0.07658776 0.9236867 -0.3754159
vn 0.03179517 0.7833945 -0.620711
vn 0.007937931 0.801388 -0.5980923
vn 0.1485734 0.9862896 -0.07182526
vn -0.1546781 0.8594003 -0.4873457
vn -0.1285125 0.8354323 -0.5343571
vn 0.2121312 0.9323112 -0.2929097
vn 0.08801664 0.903405 -0.4196578
vn -0.1314026 0.8159927 -0.5629292
vn 0.3739528 0.9267572 0.03578492
vn 0.2457527 0.9661949 -0.07792816
vn -0.01963003 0.686996 -0.726396
vn 0.2569771 0.9576045 -0.1302166
vn 0.3366215 0.9245133 0.1787762
vn 0.3921373 0.9016603 0.1823107
vn 0.2211955 0.9378706 -0.2673412
vn 0.2852594 0.8214378 -0.4938288
vn -0.01963003 0.686996 -0.726396
vn 0.0826207 0.5100895 -0.856144
vn -0.1896759 0.5033097 -0.8430316
vn 0.1428862 0.6463422 -0.74955
vn -0.5744561 0.423676 0.7003562
vn -0.5737182 0.4242396 0.7006198
vn -0.5737178 0.423015 0.7013601
vn -0.5734235 0.4224736 0.7019271
vn -0.5739173 0.4245526 0.7002671
vn -0.5864429 0.421094 0.6919283
vn -0.5926578 0.4193285 0.687692
vn -0.6110765 0.4138694 0.6747575
vn 0.1849965 0.9782019 -0.09432499
vn 0.3160424 0.9377432 -0.1440653
vn 0.1712029 0.926767 -0.334354
vn 0.01046581 0.8168777 -0.5767159
vn 0.3086053 0.9409183 -0.1394116
vn 0.1370307 0.8767931 -0.46093
vn 0.09412117 0.7699016 -0.6311837
vn 0.1293607 0.3238094 0.937237
vn 0.1169472 0.3242987 0.9386979
vn 0.1045137 0.3247035 0.9400237
vn 0.1045216 0.3247793 0.9399967
vn 0.1562102 0.3226945 0.9335238
vn 0.1706328 0.3220017 0.9312353
vn 0.1850163 0.3212436 0.9287473
vn 0.1850178 0.3212589 0.9287418
vn -0.1038815 0.9458976 -0.3073865
vn -0.06559928 0.9468284 -0.3149804
vn -0.1038819 0.9458961 -0.3073905
vn -0.0249043 0.9574581 -0.2874957
vn 0.005944932 0.966327 -0.2572489
vn -0.004146027 0.9668 -0.2555007
vn -0.01528529 0.962431 -0.2710958
vn -0.01896373 0.9460194 -0.323555
vn -0.2809665 -0.3144487 -0.9067414
vn -0.2809762 -0.3143743 -0.9067641
vn -0.2450743 -0.3173322 -0.9160998
vn -0.2054476 -0.3589471 -0.910466
vn -0.1726101 -0.3993082 -0.9004213
vn -0.1825821 -0.3987719 -0.8986906
vn -0.1931895 -0.3792303 -0.9049101
vn -0.2020664 -0.3202178 -0.9255429
vn -0.07320239 -0.9382096 0.3382368
vn -0.05823362 -0.9400347 0.3360708
vn -0.07324267 -0.9382497 0.338117
vn -0.04323373 -0.9416276 0.3338689
vn -0.01388046 -0.9441678 0.3291725
vn 0.0005001925 -0.9451047 0.3267675
vn 0.01487687 -0.9458407 0.3242902
vn 0.0148772 -0.9458402 0.3242912
vn 0.2971676 0.7142872 0.6336285
vn 0.3777328 0.7509081 0.5417148
vn 0.3354088 0.7310013 0.5942541
vn 0.4069686 0.7513607 0.5194552
vn 0.3620333 0.6905631 0.6261426
vn 0.3794548 0.7002044 0.6047544
vn 0.438641 0.7417505 0.5073464
vn 0.4084365 0.6918777 0.5953864
vn 0.3549384 0.7247161 0.5905975
vn 0.4707358 0.7785154 0.4151162
vn 0.2485046 0.5593753 0.7907874
vn 0.2590285 0.5775507 0.7741702
vn 0.2069952 0.5002304 0.8407868
vn 0.2228566 0.5298933 0.8182592
vn 0.2610632 0.5846092 0.7681654
vn 0.2127 0.5175042 0.8288233
vn 0.3335247 0.6900694 0.6423126
vn 0.2943659 0.59219 0.7501066
vn 0.1780043 0.4627999 0.868407
vn 0.2033272 0.4426131 0.8733566
vn 0.1583795 0.5195462 0.8396356
vn 0.3513312 0.6902561 0.6325449
vn 0.3546743 0.704816 0.6143619
vn 0.3463083 0.6889555 0.6367189
vn 0.3390902 0.7003593 0.6281041
vn 0.3079618 0.736052 0.6028159
vn 0.3483677 0.6940159 0.6300648
vn 0.3347625 0.6727607 0.6597931
vn 0.2307277 0.5938318 0.7707973
vn 0.2227004 0.5891929 0.7766957
vn 0.1815212 0.535567 0.8247532
vn 0.2592108 0.5895867 0.7649819
vn 0.2283688 0.6405682 0.7331576
vn 0.2246387 0.6525341 0.7236965
vn 0.2373555 0.7497625 0.6176718
vn 0.225682 0.6675307 0.7095565
vn 0.2065374 0.5971574 0.7750776
vn 0.1721555 0.5954076 0.7847626
vn 0.1542384 0.6006771 0.7844728
vn 0.1385272 0.6727237 0.7268103
vn 0.1268256 0.6806218 0.7215741
vn 0.1929409 0.5848344 0.7878721
vn 0.1841456 0.6499106 0.7373646
vn 0.2089184 0.5968384 0.7746852
vn 0.2079451 0.5922067 0.7784922
vn 0.2569559 0.6593778 0.7065371
vn 0.2568169 0.6691234 0.6973657
vn 0.1498929 0.6447802 0.749527
vn 0.1200148 0.7181726 0.6854376
vn 0.1204337 0.7169967 0.6865941
vn 0.1995292 0.5698313 0.7971702
vn 0.1931377 0.5677085 0.800253
vn 0.1584159 0.5658213 0.8091667
vn 0.1644042 0.666258 0.727373
vn 0.2381564 0.6869388 0.6865833
vn 0.2449474 0.6712902 0.6995501
vn 0.2548425 0.6002195 0.7581502
vn 0.2707757 0.6271756 0.7302954
vn 0.2755914 0.6391767 0.7179851
vn 0.2036923 0.4899055 0.8476449
vn 0.2801012 0.6543121 0.7024379
vn 0.1996784 0.4811146 0.8536143
vn 0.2189251 0.5221958 0.8242471
vn 0.207255 0.5055891 0.8375112
vn 0.3590914 0.7375983 0.5718409
vn 0.3490487 0.7291903 0.5885971
vn 0.2751376 0.6961633 0.6630656
vn 0.2608876 0.6831106 0.6821272
vn 0.2842732 0.7622047 0.5815778
vn 0.2462678 0.7346599 0.6321606
vn 0.2255949 0.7938671 0.5646966
vn 0.1458261 0.7476189 0.6479204
vn 0.1565886 0.7244501 0.6713062
vn 0.1131205 0.6347276 0.7644113
vn 0.1855613 0.6334589 0.7511969
vn 0.1694982 0.6190547 0.7668387
vn 0.2653801 0.7155755 0.6461619
vn 0.2443047 0.6915285 0.6797819
vn 0.3209495 0.7522336 0.575444
vn 0.3713365 0.77561 0.5104297
vn 0.3022869 0.8048834 0.5106716
vn 0.3235592 0.8145548 0.4814666
vn 0.1507735 0.8603764 0.4868468
vn 0.07803719 0.8089878 0.5826225
vn 0.2312245 0.7861925 0.5730938
vn 0.09583305 0.761461 0.6410875
vn 0.2711641 0.7774603 0.5674729
vn 0.3548754 0.7716414 0.527857
vn 0.324026 0.7523481 0.5735673
vn 0.2214594 0.6901761 0.6889214
vn 0.1618882 0.6446407 0.7471483
vn 0.1007374 0.5587724 0.82318
vn 0.1487965 0.6004001 0.7857349
vn 0.07159027 0.7654994 0.6394415
vn 0.1033771 0.5749937 0.8116006
vn 0.01271959 0.4718427 0.881591
vn 0.1250811 0.6079919 0.7840284
vn 0.1335214 0.6167551 0.7757482
vn 0.258852 0.7213426 0.6423865
vn 0.2459007 0.7932924 0.556974
vn -0.04342005 0.7871096 0.6152831
vn 0.220448 0.6449122 0.7317725
vn 0.2444227 0.6674966 0.7033532
vn 0.3136461 0.7079136 0.6328385
vn 0.3379724 0.7188796 0.6074428
vn 0.1794926 0.4791673 0.8591747
vn 0.1927154 0.4847183 0.8531757
vn 0.2255596 0.4814985 0.8469251
vn 0.1959821 0.4737675 0.8585659
vn 0.3107843 0.7111548 0.6306125
vn 0.2887875 0.6751579 0.6787958
vn 0.3825476 0.7489725 0.5410151
vn 0.3278148 0.7782589 0.5355843
vn 0.1587396 0.3854982 0.9089515
vn 0.03376456 0.2940673 0.9551881
vn 0.2070128 0.5094399 0.8352345
vn 0.2482675 0.578774 0.7767779
vn 0.243559 0.6310281 0.7365341
vn 0.2688039 0.6794515 0.682708
vn 0.3471701 0.7345776 0.5829825
vn 0.3059087 0.8166257 0.4894307
vn 0.2883037 0.7763515 0.5604993
vn 0.2991404 0.7668369 0.5678698
vn 0.27862 0.787586 0.5496174
vn 0.2957162 0.7067367 0.6427094
vn 0.2600192 0.7229498 0.6401043
vn 0.3061962 0.6459214 0.6993064
vn 0.2698728 0.771673 0.575925
vn 0.2900738 0.8563518 0.4272222
vn 0.3380842 0.8845347 0.3213994
vn 0.3118421 0.792223 0.5245352
vn 0.3975745 0.7541143 0.5227295
vn 0.3899907 0.7762691 0.4952914
vn 0.42325 0.7517989 0.5056261
vn 0.3656851 0.7598765 0.5374589
vn 0.3503767 0.7317937 0.5845632
vn 0.4023966 0.6883826 0.6034951
vn 0.4190114 0.7697645 0.4815516
vn 0.4082772 0.836036 0.3665426
vn 0.396533 0.71649 0.5739369
vn 0.2397976 0.6498479 0.7212453
vn 0.2505179 0.6691127 0.6996634
vn 0.2561823 0.6850962 0.6819192
vn 0.2643714 0.6899773 0.6738241
vn 0.3639413 0.7316745 0.5763673
vn 0.3728889 0.7199252 0.585373
vn 0.3484538 0.713029 0.6084157
vn 0.3903365 0.7522385 0.5308244
vn 0.418637 0.7690876 0.4829568
vn 0.3987751 0.7555516 0.5197309
vn 0.433345 0.7597368 0.4847805
vn 0.3987773 0.7841113 0.4755483
vn 0.329415 0.7769625 0.5364841
vn 0.2743148 0.7675237 0.5793606
vn 0.2542074 0.7753103 0.5781631
vn 0.2545443 0.7702625 0.5847247
vn 0.2267687 0.6520421 0.7234757
vn 0.3195071 0.7276841 0.6069523
vn 0.2162984 0.6554865 0.7235692
vn 0.2893535 0.7240189 0.6261559
vn 0.3683658 0.7730588 0.5164171
vn 0.3882115 0.7637158 0.5157809
vn 0.3215861 0.7928228 0.5177011
vn 0.3546966 0.767248 0.5343415
vn 0.2292674 0.7853636 0.5750135
vn 0.2612596 0.7664043 0.5868286
vn 0.2029047 0.6455051 0.7363103
vn 0.2735842 0.7104896 0.6483488
vn 0.3441306 0.7613543 0.5494669
vn 0.3679293 0.7786037 0.5083349
vn 0.2882905 0.8091021 0.5120961
vn 0.2897276 0.706306 0.6459022
vn 0.3668911 0.7451072 0.5569616
vn 0.3393604 0.6515418 0.6784747
vn 0.3582341 0.6962491 0.6220173
vn 0.3322273 0.662415 0.6714398
vn 0.3460833 0.6522873 0.6743496
vn 0.3873611 0.7242303 0.5704749
vn 0.4020182 0.7529836 0.5209578
vn 0.3218319 0.6810376 0.6577325
vn 0.3450477 0.6797651 0.647195
vn 0.3744544 0.6584762 0.6528345
vn 0.405856 0.7269982 0.5538541
vn 0.3516952 0.7631829 0.5420907
vn 0.142264 0.5803285 0.8018602
vn -0.02212784 0.5750818 0.8177966
vn -0.03630791 0.5875121 0.8084005
vn -0.07871111 0.623152 0.7781299
vn 0.006222575 0.5495193 0.8354579
vn 0.00620519 0.5495073 0.8354659
vn 0.7046339 0.5905973 -0.3933013
vn 0.733847 0.565054 -0.3770711
vn 0.6895294 0.6030046 -0.4011667
vn 0.6424644 0.6385463 -0.4236723
vn 0.7338472 0.565048 -0.3770796
vn -0.05802863 -0.5002902 -0.8639111
vn -0.04387131 -0.514087 -0.8566154
vn -0.01554068 -0.5409309 -0.8409234
vn -0.01555482 -0.5409428 -0.8409156
vn -0.1002995 -0.4576676 -0.883448
vn -0.7706289 -0.5295859 0.3544995
vn -0.7838827 -0.5157678 0.3457044
vn -0.8214929 -0.4730448 0.318399
vn -0.7431496 -0.5564495 0.3716079
vn -0.7431508 -0.556464 0.371584
vn -0.008644571 0.7977211 0.6029646
vn -0.01376687 0.8098308 0.5865018
vn -0.02906074 0.8439453 0.5356416
vn 0.001586473 0.7724902 0.6350246
vn 0.001591095 0.7724909 0.635024
vn 0.9569004 0.1835238 -0.2250794
vn 0.9505695 0.1964194 -0.2404934
vn 0.9290853 0.2344742 -0.286046
vn 0.9682661 0.1575612 -0.1939982
vn 0.9682663 0.1575403 -0.1940139
vn -0.02032065 -0.7228474 -0.6907089
vn -0.01519031 -0.7368794 -0.6758535
vn -0.00495757 -0.7639146 -0.6452982
vn -0.03557508 -0.6788943 -0.7333736
vn -0.004929889 -0.7639094 -0.6453047
vn -0.9716215 -0.1489645 0.1837421
vn -0.9716218 -0.1489756 0.1837319
vn -0.9807091 -0.1226627 0.1521955
vn -0.9846095 -0.109404 0.1362895
vn -0.9936732 -0.0693853 0.08831426
vn 0.08661751 0.3529048 0.9316413
vn 0.06496136 0.3649297 0.928766
vn 0.04328388 0.3767273 0.9253123
vn 0.04326944 0.3767098 0.9253202
vn 0.1081964 0.3406561 0.9339417
vn 0.1081975 0.3406577 0.9339408
vn 0.4169031 0.8375483 -0.3531354
vn 0.439245 0.8265662 -0.3519264
vn 0.4169034 0.8375245 -0.3531916
vn 0.4613291 0.8150794 -0.3504583
vn 0.4831122 0.8030731 -0.348821
vn 0.4831147 0.8030852 -0.34879
vn -0.187402 -0.2939616 -0.9372658
vn -0.1873123 -0.293755 -0.9373484
vn -0.1660126 -0.3066827 -0.9372223
vn -0.1445689 -0.3193632 -0.9365398
vn -0.1231074 -0.3319729 -0.9352211
vn -0.1231108 -0.3319792 -0.9352184
vn -0.5608804 -0.7544651 0.3408746
vn -0.540276 -0.7682725 0.3433064
vn -0.5608888 -0.7544748 0.3408395
vn -0.519318 -0.7816034 0.3455501
vn -0.498057 -0.7944491 0.3475483
vn -0.4980539 -0.794443 0.3475666
vn -0.804564 0.05607657 0.5912125
vn -0.7712716 -0.05929653 0.6337383
vn -0.7360297 0.07518762 0.6727608
vn -0.7062151 0.07568392 0.7039403
vn -0.8179585 0.09682097 0.5670711
vn -0.6437576 0.06160661 0.7627456
vn -0.7772473 0.134739 0.6145991
vn -0.591445 0.005343443 0.8063278
vn -0.7021559 0.05825084 0.7096366
vn -0.591445 0.005343443 0.8063278
vn -0.411498 0.2076809 0.8874334
vn -0.5475366 0.06279205 0.8344225
vn -0.5882522 0.1919507 0.7855663
vn -0.5316598 0.02129927 0.8466901
vn -0.5882522 0.1919507 0.7855663
vn -0.5497419 0.1976568 0.8116129
vn -0.5140791 0.04395984 0.8566156
vn -0.5140791 0.04395984 0.8566156
vn -0.4746841 0.2522752 0.8432273
vn -0.4950978 0.04479753 0.8676816
vn -0.7062151 0.07568392 0.7039403
vn -0.6990945 0.4772326 0.5324621
vn -0.7772473 0.134739 0.6145991
vn -0.62215 0.5078325 0.5958486
vn -0.7220861 0.2670524 0.6381808
vn -0.5969669 0.6372367 0.4874013
vn -0.5978097 0.5330756 0.5987102
vn -0.5882522 0.1919507 0.7855663
vn -0.411498 0.2076809 0.8874334
vn -0.4353673 0.3573439 0.8262933
vn -0.5497419 0.1976568 0.8116129
vn -0.5196476 0.5529194 0.651342
vn -0.5610632 0.6478213 0.5153017
vn -0.4712813 0.6629885 0.5816701
vn -0.4340277 0.5620577 0.7040676
vn -0.4020528 0.6642434 0.6301858
vn -0.4055537 0.5984153 0.6909597
vn -0.3994277 0.6573458 0.6390257
vn -0.4434636 0.3398841 0.8293484
vn -0.4746841 0.2522752 0.8432273
vn -0.4950978 0.04479753 0.8676816
vn -0.5140791 0.04395984 0.8566156
vn -0.5316598 0.02129927 0.8466901
vn -0.5383595 0.1374239 0.8314348
vn -0.4779941 0.1085936 0.8716244
vn -0.5475366 0.06279205 0.8344225
vn -0.5882522 0.1919507 0.7855663
vn -0.6175095 0.1538435 0.7713717
vn -0.591445 0.005343443 0.8063278
vn -0.6437576 0.06160661 0.7627456
vn -0.6678476 0.1671304 0.725291
vn -0.7360297 0.07518762 0.6727608
vn -0.7062151 0.07568392 0.7039403
vn -0.8062188 0.1811462 0.5632027
vn -0.804564 0.05607657 0.5912125
vn -0.8179585 0.09682097 0.5670711
vn -0.8381106 0.03644453 0.5442815
vn -0.8006006 0.197772 0.5656189
vn -0.591445 0.005343443 0.8063278
vn -0.4111911 0.1473891 0.8995546
vn -0.411498 0.2076809 0.8874334
g Zepplin_0
f 3/3/3 2/2/2 1/1/1
f 4/4/4 2/2/2 3/3/3
f 5/5/5 3/3/3 1/1/1
f 6/6/6 5/5/5 1/1/1
f 7/7/7 5/5/5 6/6/6
f 8/8/8 7/7/7 6/6/6
f 11/11/11 10/10/10 9/9/9
f 12/12/12 10/10/10 11/11/11
f 11/11/11 9/9/9 13/13/13
f 13/13/13 9/9/9 14/14/14
f 13/13/13 14/14/14 15/15/15
f 15/15/15 14/14/14 16/16/16
f 15/15/15 16/16/16 17/17/17
f 17/17/17 16/16/16 18/18/18
f 21/21/21 20/20/20 19/19/19
f 22/22/22 20/20/20 21/21/21
f 23/23/23 22/22/22 21/21/21
f 24/24/24 22/22/22 23/23/23
f 25/25/25 24/24/24 23/23/23
f 26/26/26 24/24/24 25/25/25
f 29/29/29 28/28/28 27/27/27
f 27/27/27 28/28/28 30/30/30
f 27/27/27 30/30/30 31/31/31
f 31/31/31 30/30/30 32/32/32
f 33/33/33 31/31/31 32/32/32
f 28/28/28 34/34/34 30/30/30
f 37/37/37 36/36/36 35/35/35
f 36/36/36 38/38/38 35/35/35
f 36/36/36 39/39/39 38/38/38
f 40/40/40 39/39/39 36/36/36
f 42/42/42 37/37/37 41/41/41
f 45/45/45 44/44/44 43/43/43
f 48/48/48 47/47/47 46/46/46
f 49/49/49 47/47/47 48/48/48
f 48/48/48 46/46/46 50/50/50
f 50/50/50 46/46/46 51/51/51
f 50/50/50 51/51/51 52/52/52
f 52/52/52 51/51/51 53/53/53
f 52/52/52 53/53/53 54/54/54
f 54/54/54 53/53/53 55/55/55
f 49/49/49 56/56/56 47/47/47
f 57/57/57 56/56/56 49/49/49
f 60/60/60 59/59/59 58/58/58
f 61/61/61 59/59/59 60/60/60
f 61/61/61 62/62/62 59/59/59
f 59/59/59 62/62/62 63/63/63
f 62/62/62 64/64/64 63/63/63
f 67/67/67 66/66/66 65/65/65
f 68/68/68 66/66/66 67/67/67
f 66/66/66 69/69/69 65/65/65
f 65/65/65 69/69/69 70/70/70
f 69/69/69 71/71/71 70/70/70
f 70/70/70 71/71/71 72/72/72
f 71/71/71 73/73/73 72/72/72
f 74/74/74 73/73/73 71/71/71
f 74/74/74 75/75/75 73/73/73
f 76/76/76 75/75/75 74/74/74
f 76/76/76 77/77/77 75/75/75
f 75/75/75 77/77/77 78/78/78
f 77/77/77 79/79/79 78/78/78
f 80/80/80 71/71/71 69/69/69
f 81/81/81 71/71/71 80/80/80
f 81/81/81 74/74/74 71/71/71
f 82/82/82 76/76/76 74/74/74
f 82/82/82 74/74/74 81/81/81
f 83/83/83 76/76/76 82/82/82
f 83/83/83 77/77/77 76/76/76
f 84/84/84 77/77/77 83/83/83
f 84/84/84 85/85/85 77/77/77
f 87/87/87 86/86/86 84/84/84
f 87/87/87 88/88/88 86/86/86
f 89/89/89 88/88/88 87/87/87
f 89/89/89 90/90/90 88/88/88
f 80/80/80 69/69/69 91/91/91
f 91/91/91 69/69/69 66/66/66
f 91/91/91 66/66/66 92/92/92
f 92/92/92 66/66/66 68/68/68
f 95/95/95 94/94/94 93/93/93
f 97/97/97 96/96/96 93/93/93
f 98/98/98 96/96/96 94/94/94
f 98/98/98 99/99/99 96/96/96
f 96/96/96 99/99/99 100/100/100
f 96/96/96 100/100/100 101/101/101
f 104/104/104 103/103/103 102/102/102
f 102/102/102 105/105/105 104/104/104
f 106/106/106 105/105/105 102/102/102
f 107/107/107 106/106/106 102/102/102
f 108/108/108 106/106/106 107/107/107
f 109/109/109 108/108/108 107/107/107
f 110/110/110 108/108/108 109/109/109
f 106/106/106 111/111/111 105/105/105
f 114/114/114 113/113/113 112/112/112
f 113/113/113 115/115/115 112/112/112
f 112/112/112 115/115/115 116/116/116
f 117/117/117 113/113/113 114/114/114
f 118/118/118 117/117/117 114/114/114
f 119/119/119 117/117/117 118/118/118
f 120/120/120 119/119/119 118/118/118
f 121/121/121 119/119/119 120/120/120
f 124/124/124 123/123/123 122/122/122
f 122/122/122 123/123/123 125/125/125
f 125/125/125 123/123/123 126/126/126
f 127/127/127 125/125/125 126/126/126
f 128/128/128 126/126/126 123/123/123
f 128/128/128 123/123/123 129/129/129
f 129/129/129 123/123/123 130/130/130
f 131/131/131 130/130/130 123/123/123
f 131/131/131 123/123/123 132/132/132
f 133/133/133 127/127/127 126/126/126
f 134/134/134 126/126/126 128/128/128
f 135/135/135 126/126/126 134/134/134
f 136/136/136 129/129/129 130/130/130
f 137/137/137 128/128/128 129/129/129
f 138/138/138 128/128/128 137/137/137
f 138/138/138 134/134/134 128/128/128
f 139/139/139 134/134/134 138/138/138
f 139/139/139 133/133/133 134/134/134
f 137/137/137 129/129/129 140/140/140
f 140/140/140 129/129/129 136/136/136
f 143/143/143 142/142/142 141/141/141
f 144/144/144 142/142/142 143/143/143
f 143/143/143 141/141/141 145/145/145
f 148/148/148 147/147/147 146/146/146
f 149/149/149 147/147/147 148/148/148
f 148/148/148 146/146/146 150/150/150
f 150/150/150 146/146/146 151/151/151
f 150/150/150 151/151/151 152/152/152
f 152/152/152 153/153/153 150/150/150
f 150/150/150 153/153/153 154/154/154
f 150/150/150 154/154/154 155/155/155
f 153/153/153 156/156/156 154/154/154
f 154/154/154 156/156/156 157/157/157
f 154/154/154 157/157/157 155/155/155
f 156/156/156 158/158/158 157/157/157
f 158/158/158 159/159/159 157/157/157
f 157/157/157 159/159/159 160/160/160
f 159/159/159 161/161/161 160/160/160
f 162/162/162 161/161/161 159/159/159
f 165/165/165 164/164/164 163/163/163
f 166/166/166 164/164/164 165/165/165
f 165/165/165 163/163/163 167/167/167
f 167/167/167 163/163/163 168/168/168
f 167/167/167 168/168/168 169/169/169
f 169/169/169 168/168/168 170/170/170
f 169/169/169 170/170/170 171/171/171
f 171/171/171 170/170/170 172/172/172
f 166/166/166 173/173/173 164/164/164
f 174/174/174 173/173/173 166/166/166
f 165/165/165 175/175/175 166/166/166
f 166/166/166 175/175/175 176/176/176
f 166/166/166 176/176/176 174/174/174
f 165/165/165 177/177/177 175/175/175
f 167/167/167 177/177/177 165/165/165
f 167/167/167 178/178/178 177/177/177
f 169/169/169 178/178/178 167/167/167
f 169/169/169 179/179/179 178/178/178
f 171/171/171 179/179/179 169/169/169
f 174/174/174 176/176/176 180/180/180
f 171/171/171 172/172/172 181/181/181
f 181/181/181 172/172/172 182/182/182
f 181/181/181 182/182/182 183/183/183
f 183/183/183 182/182/182 184/184/184
f 183/183/183 185/185/185 181/181/181
f 181/181/181 185/185/185 186/186/186
f 171/171/171 186/186/186 179/179/179
f 181/181/181 186/186/186 171/171/171
f 183/183/183 184/184/184 187/187/187
f 187/187/187 184/184/184 188/188/188
f 187/187/187 188/188/188 189/189/189
f 189/189/189 188/188/188 190/190/190
f 189/189/189 191/191/191 187/187/187
f 187/187/187 191/191/191 192/192/192
f 183/183/183 192/192/192 185/185/185
f 187/187/187 192/192/192 183/183/183
f 189/189/189 190/190/190 193/193/193
f 193/193/193 190/190/190 194/194/194
f 193/193/193 194/194/194 195/195/195
f 195/195/195 194/194/194 196/196/196
f 195/195/195 196/196/196 197/197/197
f 197/197/197 196/196/196 198/198/198
f 197/197/197 198/198/198 199/199/199
f 195/195/195 200/200/200 193/193/193
f 193/193/193 200/200/200 201/201/201
f 189/189/189 201/201/201 191/191/191
f 193/193/193 201/201/201 189/189/189
f 195/195/195 202/202/202 200/200/200
f 197/197/197 202/202/202 195/195/195
f 197/197/197 203/203/203 202/202/202
f 199/199/199 198/198/198 204/204/204
f 205/205/205 199/199/199 204/204/204
f 206/206/206 199/199/199 205/205/205
f 207/207/207 203/203/203 197/197/197
f 207/207/207 208/208/208 203/203/203
f 209/209/209 200/200/200 202/202/202
f 209/209/209 202/202/202 210/210/210
f 210/210/210 202/202/202 211/211/211
f 202/202/202 212/212/212 211/211/211
f 211/211/211 212/212/212 213/213/213
f 212/212/212 214/214/214 213/213/213
f 213/213/213 214/214/214 215/215/215
f 214/214/214 216/216/216 215/215/215
f 214/214/214 217/217/217 216/216/216
f 212/212/212 217/217/217 214/214/214
f 202/202/202 217/217/217 212/212/212
f 217/217/217 218/218/218 216/216/216
f 217/217/217 219/219/219 218/218/218
f 220/220/220 219/219/219 217/217/217
f 220/220/220 221/221/221 219/219/219
f 222/222/222 221/221/221 220/220/220
f 222/222/222 223/223/223 221/221/221
f 224/224/224 223/223/223 222/222/222
f 224/224/224 225/225/225 223/223/223
f 226/226/226 225/225/225 224/224/224
f 226/226/226 227/227/227 225/225/225
f 228/228/228 227/227/227 226/226/226
f 228/228/228 229/229/229 227/227/227
f 230/230/230 229/229/229 228/228/228
f 230/230/230 231/231/231 229/229/229
f 232/232/232 231/231/231 230/230/230
f 232/232/232 233/233/233 231/231/231
f 233/233/233 234/234/234 231/231/231
f 231/231/231 234/234/234 235/235/235
f 231/231/231 235/235/235 229/229/229
f 234/234/234 236/236/236 235/235/235
f 235/235/235 236/236/236 237/237/237
f 235/235/235 237/237/237 238/238/238
f 229/229/229 238/238/238 227/227/227
f 229/229/229 235/235/235 238/238/238
f 238/238/238 237/237/237 239/239/239
f 238/238/238 239/239/239 240/240/240
f 227/227/227 240/240/240 225/225/225
f 227/227/227 238/238/238 240/240/240
f 240/240/240 239/239/239 241/241/241
f 240/240/240 241/241/241 242/242/242
f 242/242/242 241/241/241 243/243/243
f 241/241/241 244/244/244 243/243/243
f 241/241/241 245/245/245 244/244/244
f 239/239/239 245/245/245 241/241/241
f 245/245/245 246/246/246 244/244/244
f 245/245/245 247/247/247 246/246/246
f 247/247/247 248/248/248 246/246/246
f 246/246/246 248/248/248 249/249/249
f 246/246/246 249/249/249 250/250/250
f 244/244/244 246/246/246 250/250/250
f 250/250/250 249/249/249 251/251/251
f 250/250/250 251/251/251 252/252/252
f 252/252/252 251/251/251 253/253/253
f 252/252/252 253/253/253 254/254/254
f 254/254/254 253/253/253 255/255/255
f 254/254/254 255/255/255 256/256/256
f 256/256/256 255/255/255 257/257/257
f 256/256/256 257/257/257 258/258/258
f 258/258/258 257/257/257 259/259/259
f 258/258/258 259/259/259 260/260/260
f 260/260/260 259/259/259 261/261/261
f 260/260/260 261/261/261 262/262/262
f 262/262/262 261/261/261 263/263/263
f 264/264/264 250/250/250 252/252/252
f 244/244/244 250/250/250 264/264/264
f 265/265/265 252/252/252 254/254/254
f 264/264/264 252/252/252 265/265/265
f 266/266/266 254/254/254 256/256/256
f 265/265/265 254/254/254 266/266/266
f 267/267/267 256/256/256 258/258/258
f 266/266/266 256/256/256 267/267/267
f 268/268/268 258/258/258 260/260/260
f 267/267/267 258/258/258 268/268/268
f 269/269/269 260/260/260 262/262/262
f 268/268/268 260/260/260 269/269/269
f 243/243/243 244/244/244 264/264/264
f 270/270/270 267/267/267 268/268/268
f 270/270/270 268/268/268 271/271/271
f 272/272/272 270/270/270 271/271/271
f 273/273/273 270/270/270 272/272/272
f 273/273/273 274/274/274 270/270/270
f 274/274/274 267/267/267 270/270/270
f 274/274/274 266/266/266 267/267/267
f 275/275/275 274/274/274 273/273/273
f 275/275/275 276/276/276 274/274/274
f 276/276/276 266/266/266 274/274/274
f 276/276/276 265/265/265 266/266/266
f 277/277/277 276/276/276 275/275/275
f 277/277/277 278/278/278 276/276/276
f 278/278/278 265/265/265 276/276/276
f 279/279/279 243/243/243 278/278/278
f 279/279/279 278/278/278 277/277/277
f 242/242/242 243/243/243 279/279/279
f 221/221/221 279/279/279 277/277/277
f 221/221/221 277/277/277 219/219/219
f 219/219/219 277/277/277 275/275/275
f 223/223/223 279/279/279 221/221/221
f 223/223/223 242/242/242 279/279/279
f 225/225/225 242/242/242 223/223/223
f 225/225/225 240/240/240 242/242/242
f 219/219/219 275/275/275 218/218/218
f 218/218/218 275/275/275 273/273/273
f 218/218/218 273/273/273 280/280/280
f 280/280/280 273/273/273 272/272/272
f 216/216/216 218/218/218 280/280/280
f 216/216/216 280/280/280 281/281/281
f 215/215/215 216/216/216 281/281/281
f 278/278/278 264/264/264 265/265/265
f 243/243/243 264/264/264 278/278/278
f 280/280/280 272/272/272 282/282/282
f 284/284/284 208/208/208 283/283/283
f 284/284/284 285/285/285 208/208/208
f 286/286/286 285/285/285 284/284/284
f 289/289/289 288/288/288 287/287/287
f 287/287/287 288/288/288 290/290/290
f 293/293/293 292/292/292 291/291/291
f 294/294/294 292/292/292 293/293/293
f 295/295/295 294/294/294 293/293/293
f 296/296/296 294/294/294 295/295/295
f 292/292/292 173/173/173 291/291/291
f 291/291/291 173/173/173 174/174/174
f 174/174/174 180/180/180 291/291/291
f 291/291/291 180/180/180 297/297/297
f 291/291/291 297/297/297 298/298/298
f 301/301/301 300/300/300 299/299/299
f 301/301/301 299/299/299 302/302/302
f 302/302/302 299/299/299 303/303/303
f 306/306/306 305/305/305 304/304/304
f 309/309/309 308/308/308 307/307/307
f 310/310/310 309/309/309 307/307/307
f 311/311/311 309/309/309 310/310/310
f 312/312/312 311/311/311 310/310/310
f 314/314/314 311/311/311 313/313/313
f 317/317/317 316/316/316 315/315/315
f 317/317/317 318/318/318 316/316/316
f 319/319/319 318/318/318 317/317/317
f 319/319/319 320/320/320 318/318/318
f 323/323/323 322/322/322 321/321/321
f 326/326/326 325/325/325 324/324/324
f 329/329/329 328/328/328 327/327/327
f 332/332/332 331/331/331 330/330/330
f 331/331/331 333/333/333 330/330/330
f 331/331/331 334/334/334 333/333/333
f 333/333/333 334/334/334 335/335/335
f 331/331/331 336/336/336 334/334/334
f 332/332/332 336/336/336 331/331/331
f 338/338/338 335/335/335 337/337/337
f 337/337/337 335/335/335 339/339/339
f 337/337/337 339/339/339 340/340/340
f 340/340/340 339/339/339 341/341/341
f 344/344/344 343/343/343 342/342/342
f 343/343/343 345/345/345 342/342/342
f 343/343/343 346/346/346 345/345/345
f 342/342/342 345/345/345 347/347/347
f 342/342/342 347/347/347 348/348/348
f 349/349/349 342/342/342 348/348/348
f 348/348/348 347/347/347 350/350/350
f 345/345/345 351/351/351 347/347/347
f 345/345/345 352/352/352 351/351/351
f 347/347/347 351/351/351 353/353/353
f 347/347/347 353/353/353 350/350/350
f 350/350/350 353/353/353 354/354/354
f 350/350/350 354/354/354 355/355/355
f 355/355/355 356/356/356 350/350/350
f 352/352/352 357/357/357 351/351/351
f 351/351/351 357/357/357 353/353/353
f 358/358/358 357/357/357 352/352/352
f 353/353/353 357/357/357 359/359/359
f 353/353/353 359/359/359 354/354/354
f 354/354/354 359/359/359 360/360/360
f 354/354/354 360/360/360 361/361/361
f 362/362/362 354/354/354 361/361/361
f 361/361/361 360/360/360 363/363/363
f 365/365/365 364/364/364 345/345/345
f 368/368/368 367/367/367 366/366/366
f 369/369/369 367/367/367 368/368/368
f 368/368/368 366/366/366 370/370/370
f 370/370/370 366/366/366 371/371/371
f 374/374/374 373/373/373 372/372/372
f 377/377/377 376/376/376 375/375/375
f 377/377/377 378/378/378 376/376/376
f 376/376/376 378/378/378 379/379/379
f 378/378/378 380/380/380 379/379/379
f 381/381/381 380/380/380 378/378/378
f 384/384/384 383/383/383 382/382/382
f 384/384/384 382/382/382 385/385/385
f 385/385/385 382/382/382 386/386/386
f 385/385/385 386/386/386 387/387/387
f 388/388/388 383/383/383 384/384/384
f 388/388/388 389/389/389 383/383/383
f 390/390/390 389/389/389 388/388/388
f 393/393/393 392/392/392 391/391/391
f 393/393/393 394/394/394 392/392/392
f 391/391/391 392/392/392 395/395/395
f 391/391/391 395/395/395 396/396/396
f 396/396/396 395/395/395 397/397/397
f 396/396/396 397/397/397 398/398/398
f 398/398/398 397/397/397 399/399/399
f 398/398/398 399/399/399 400/400/400
f 400/400/400 399/399/399 401/401/401
f 400/400/400 401/401/401 402/402/402
f 402/402/402 401/401/401 403/403/403
f 402/402/402 403/403/403 404/404/404
f 402/402/402 404/404/404 405/405/405
f 405/405/405 404/404/404 406/406/406
f 407/407/407 394/394/394 393/393/393
f 410/410/410 409/409/409 408/408/408
f 410/410/410 408/408/408 411/411/411
f 411/411/411 408/408/408 412/412/412
f 411/411/411 412/412/412 413/413/413
f 413/413/413 412/412/412 414/414/414
f 413/413/413 414/414/414 415/415/415
f 415/415/415 414/414/414 416/416/416
f 415/415/415 416/416/416 417/417/417
f 417/417/417 416/416/416 418/418/418
f 417/417/417 418/418/418 419/419/419
f 419/419/419 418/418/418 420/420/420
f 419/419/419 420/420/420 421/421/421
f 421/421/421 420/420/420 422/422/422
f 421/421/421 422/422/422 423/423/423
f 423/423/423 422/422/422 424/424/424
f 427/427/427 426/426/426 425/425/425
f 425/425/425 426/426/426 428/428/428
f 427/427/427 425/425/425 429/429/429
f 429/429/429 425/425/425 430/430/430
f 431/431/431 429/429/429 430/430/430
f 432/432/432 429/429/429 431/431/431
f 433/433/433 432/432/432 431/431/431
f 434/434/434 432/432/432 433/433/433
f 435/435/435 434/434/434 433/433/433
f 436/436/436 434/434/434 435/435/435
f 437/437/437 436/436/436 435/435/435
f 438/438/438 436/436/436 437/437/437
f 439/439/439 438/438/438 437/437/437
f 440/440/440 438/438/438 439/439/439
f 441/441/441 440/440/440 439/439/439
f 442/442/442 440/440/440 441/441/441
f 444/444/444 428/428/428 443/443/443
f 445/445/445 444/444/444 443/443/443
f 446/446/446 444/444/444 445/445/445
f 447/447/447 446/446/446 445/445/445
f 448/448/448 446/446/446 447/447/447
f 449/449/449 448/448/448 447/447/447
f 450/450/450 448/448/448 449/449/449
f 451/451/451 450/450/450 449/449/449
f 452/452/452 450/450/450 451/451/451
f 453/453/453 452/452/452 451/451/451
f 454/454/454 452/452/452 453/453/453
f 455/455/455 454/454/454 453/453/453
f 456/456/456 454/454/454 455/455/455
f 457/457/457 456/456/456 455/455/455
f 458/458/458 456/456/456 457/457/457
f 459/459/459 456/456/456 458/458/458
f 460/460/460 456/456/456 459/459/459
f 460/460/460 461/461/461 456/456/456
f 462/462/462 461/461/461 460/460/460
f 465/465/465 464/464/464 463/463/463
f 466/466/466 465/465/465 463/463/463
f 467/467/467 465/465/465 466/466/466
f 467/467/467 466/466/466 468/468/468
f 468/468/468 466/466/466 469/469/469
f 468/468/468 469/469/469 470/470/470
f 470/470/470 469/469/469 471/471/471
f 470/470/470 471/471/471 472/472/472
f 472/472/472 471/471/471 473/473/473
f 472/472/472 473/473/473 474/474/474
f 443/443/443 428/428/428 475/475/475
f 478/478/478 477/477/477 476/476/476
f 477/477/477 479/479/479 476/476/476
f 476/476/476 479/479/479 480/480/480
f 476/476/476 480/480/480 481/481/481
f 482/482/482 476/476/476 481/481/481
f 481/481/481 480/480/480 483/483/483
f 481/481/481 483/483/483 484/484/484
f 479/479/479 485/485/485 480/480/480
f 480/480/480 486/486/486 483/483/483
f 480/480/480 487/487/487 486/486/486
f 483/483/483 486/486/486 488/488/488
f 483/483/483 488/488/488 484/484/484
f 484/484/484 488/488/488 489/489/489
f 487/487/487 490/490/490 486/486/486
f 486/486/486 490/490/490 491/491/491
f 486/486/486 491/491/491 488/488/488
f 488/488/488 491/491/491 492/492/492
f 488/488/488 492/492/492 489/489/489
f 489/489/489 492/492/492 493/493/493
f 494/494/494 491/491/491 490/490/490
f 495/495/495 491/491/491 494/494/494
f 495/495/495 492/492/492 491/491/491
f 496/496/496 492/492/492 495/495/495
f 496/496/496 493/493/493 492/492/492
f 497/497/497 493/493/493 496/496/496
f 500/500/500 499/499/499 498/498/498
f 503/503/503 502/502/502 501/501/501
f 503/503/503 504/504/504 502/502/502
f 505/505/505 504/504/504 503/503/503
f 505/505/505 506/506/506 504/504/504
f 507/507/507 506/506/506 505/505/505
f 507/507/507 508/508/508 506/506/506
f 509/509/509 508/508/508 507/507/507
f 509/509/509 510/510/510 508/508/508
f 511/511/511 510/510/510 509/509/509
f 511/511/511 512/512/512 510/510/510
f 515/515/515 514/514/514 513/513/513
f 515/515/515 516/516/516 514/514/514
f 517/517/517 516/516/516 515/515/515
f 517/517/517 518/518/518 516/516/516
f 521/521/521 520/520/520 519/519/519
f 521/521/521 519/519/519 522/522/522
f 521/521/521 522/522/522 523/523/523
f 524/524/524 521/521/521 523/523/523
f 525/525/525 521/521/521 524/524/524
f 526/526/526 521/521/521 525/525/525
f 529/529/529 528/528/528 527/527/527
f 530/530/530 528/528/528 529/529/529
f 531/531/531 530/530/530 529/529/529
f 532/532/532 530/530/530 531/531/531
f 529/529/529 527/527/527 533/533/533
f 533/533/533 531/531/531 529/529/529
f 533/533/533 527/527/527 534/534/534
f 533/533/533 534/534/534 535/535/535
f 536/536/536 533/533/533 535/535/535
f 537/537/537 533/533/533 536/536/536
f 537/537/537 531/531/531 533/533/533
f 536/536/536 535/535/535 538/538/538
f 538/538/538 535/535/535 539/539/539
f 535/535/535 540/540/540 539/539/539
f 538/538/538 539/539/539 541/541/541
f 541/541/541 539/539/539 542/542/542
f 539/539/539 543/543/543 542/542/542
f 537/537/537 544/544/544 531/531/531
f 544/544/544 537/537/537 536/536/536
f 544/544/544 536/536/536 538/538/538
f 544/544/544 538/538/538 541/541/541
f 544/544/544 532/532/532 531/531/531
f 545/545/545 544/544/544 541/541/541
f 532/532/532 544/544/544 546/546/546
f 547/547/547 541/541/541 542/542/542
f 545/545/545 541/541/541 547/547/547
f 542/542/542 548/548/548 547/547/547
f 542/542/542 549/549/549 548/548/548
f 545/545/545 547/547/547 550/550/550
f 544/544/544 545/545/545 550/550/550
f 550/550/550 547/547/547 551/551/551
f 547/547/547 552/552/552 551/551/551
f 547/547/547 548/548/548 553/553/553
f 554/554/554 544/544/544 550/550/550
f 555/555/555 550/550/550 551/551/551
f 554/554/554 550/550/550 555/555/555
f 551/551/551 556/556/556 555/555/555
f 551/551/551 557/557/557 556/556/556
f 554/554/554 555/555/555 558/558/558
f 544/544/544 554/554/554 558/558/558
f 558/558/558 555/555/555 559/559/559
f 555/555/555 560/560/560 559/559/559
f 555/555/555 556/556/556 561/561/561
f 559/559/559 561/561/561 562/562/562
f 559/559/559 562/562/562 563/563/563
f 563/563/563 558/558/558 559/559/559
f 564/564/564 558/558/558 563/563/563
f 564/564/564 544/544/544 558/558/558
f 544/544/544 564/564/564 565/565/565
f 564/564/564 563/563/563 565/565/565
f 565/565/565 563/563/563 566/566/566
f 563/563/563 567/567/567 566/566/566
f 563/563/563 562/562/562 568/568/568
f 566/566/566 568/568/568 569/569/569
f 566/566/566 569/569/569 570/570/570
f 570/570/570 569/569/569 571/571/571
f 572/572/572 566/566/566 570/570/570
f 565/565/565 566/566/566 572/572/572
f 544/544/544 565/565/565 572/572/572
f 572/572/572 570/570/570 573/573/573
f 544/544/544 572/572/572 573/573/573
f 573/573/573 570/570/570 574/574/574
f 570/570/570 575/575/575 574/574/574
f 576/576/576 573/573/573 574/574/574
f 576/576/576 574/574/574 577/577/577
f 574/574/574 578/578/578 577/577/577
f 579/579/579 573/573/573 576/576/576
f 579/579/579 544/544/544 573/573/573
f 580/580/580 579/579/579 576/576/576
f 535/535/535 582/582/582 581/581/581
f 539/539/539 584/584/584 583/583/583
f 587/587/587 586/586/586 585/585/585
f 588/588/588 586/586/586 587/587/587
f 588/588/588 589/589/589 586/586/586
f 590/590/590 589/589/589 588/588/588
f 587/587/587 585/585/585 591/591/591
f 591/591/591 585/585/585 592/592/592
f 591/591/591 592/592/592 593/593/593
f 593/593/593 592/592/592 594/594/594
f 593/593/593 596/596/596 595/595/595
f 595/595/595 596/596/596 597/597/597
f 595/595/595 597/597/597 598/598/598
f 598/598/598 597/597/597 599/599/599
f 602/602/602 601/601/601 600/600/600
f 600/600/600 601/601/601 603/603/603
f 600/600/600 603/603/603 604/604/604
f 604/604/604 603/603/603 605/605/605
f 608/608/608 607/607/607 606/606/606
f 606/606/606 610/610/610 609/609/609
f 613/613/613 612/612/612 611/611/611
f 611/611/611 612/612/612 614/614/614
f 611/611/611 614/614/614 615/615/615
f 615/615/615 614/614/614 616/616/616
f 615/615/615 616/616/616 617/617/617
f 617/617/617 616/616/616 618/618/618
f 530/530/530 620/620/620 619/619/619
f 621/621/621 620/620/620 530/530/530
f 530/530/530 546/546/546 621/621/621
f 546/546/546 622/622/622 621/621/621
f 622/622/622 623/623/623 621/621/621
f 621/621/621 623/623/623 624/624/624
f 625/625/625 622/622/622 546/546/546
f 626/626/626 623/623/623 622/622/622
f 627/627/627 623/623/623 626/626/626
f 628/628/628 622/622/622 625/625/625
f 626/626/626 622/622/622 628/628/628
f 628/628/628 625/625/625 544/544/544
f 544/544/544 625/625/625 546/546/546
f 532/532/532 546/546/546 530/530/530
f 631/631/631 630/630/630 629/629/629
f 632/632/632 630/630/630 631/631/631
f 635/635/635 634/634/634 633/633/633
f 636/636/636 634/634/634 635/635/635
f 635/635/635 633/633/633 637/637/637
f 637/637/637 633/633/633 638/638/638
f 641/641/641 640/640/640 639/639/639
f 642/642/642 640/640/640 641/641/641
f 645/645/645 644/644/644 643/643/643
f 646/646/646 644/644/644 645/645/645
f 645/645/645 643/643/643 647/647/647
f 647/647/647 643/643/643 648/648/648
f 647/647/647 648/648/648 649/649/649
f 649/649/649 648/648/648 650/650/650
f 649/649/649 650/650/650 651/651/651
f 651/651/651 650/650/650 652/652/652
f 651/651/651 652/652/652 653/653/653
f 653/653/653 652/652/652 654/654/654
f 653/653/653 654/654/654 655/655/655
f 655/655/655 654/654/654 656/656/656
f 655/655/655 656/656/656 657/657/657
f 657/657/657 656/656/656 658/658/658
f 659/659/659 646/646/646 645/645/645
f 660/660/660 646/646/646 659/659/659
f 661/661/661 647/647/647 649/649/649
f 662/662/662 647/647/647 661/661/661
f 662/662/662 645/645/645 647/647/647
f 659/659/659 645/645/645 662/662/662
f 663/663/663 649/649/649 651/651/651
f 661/661/661 649/649/649 663/663/663
f 664/664/664 651/651/651 653/653/653
f 663/663/663 651/651/651 664/664/664
f 665/665/665 653/653/653 655/655/655
f 664/664/664 653/653/653 665/665/665
f 666/666/666 655/655/655 657/657/657
f 665/665/665 655/655/655 666/666/666
f 666/666/666 657/657/657 667/667/667
f 667/667/667 657/657/657 668/668/668
f 671/671/671 670/670/670 669/669/669
f 669/669/669 670/670/670 672/672/672
f 669/669/669 672/672/672 673/673/673
f 671/671/671 674/674/674 670/670/670
f 675/675/675 674/674/674 671/671/671
f 675/675/675 676/676/676 674/674/674
f 677/677/677 676/676/676 675/675/675
f 677/677/677 678/678/678 676/676/676
f 679/679/679 678/678/678 677/677/677
f 679/679/679 680/680/680 678/678/678
f 681/681/681 680/680/680 679/679/679
f 681/681/681 682/682/682 680/680/680
f 683/683/683 682/682/682 681/681/681
f 683/683/683 684/684/684 682/682/682
f 685/685/685 684/684/684 683/683/683
f 685/685/685 686/686/686 684/684/684
f 200/200/200 217/217/217 202/202/202
f 200/200/200 220/220/220 217/217/217
f 687/687/687 220/220/220 200/200/200
f 688/688/688 687/687/687 200/200/200
f 688/688/688 200/200/200 209/209/209
f 689/689/689 687/687/687 688/688/688
f 689/689/689 690/690/690 687/687/687
f 691/691/691 690/690/690 689/689/689
f 691/691/691 692/692/692 690/690/690
f 693/693/693 692/692/692 691/691/691
f 693/693/693 694/694/694 692/692/692
f 695/695/695 694/694/694 693/693/693
f 695/695/695 696/696/696 694/694/694
f 697/697/697 696/696/696 695/695/695
f 697/697/697 698/698/698 696/696/696
f 699/699/699 698/698/698 697/697/697
f 699/699/699 700/700/700 698/698/698
f 701/701/701 700/700/700 699/699/699
f 701/701/701 702/702/702 700/700/700
f 703/703/703 702/702/702 701/701/701
f 696/696/696 228/228/228 694/694/694
f 694/694/694 228/228/228 226/226/226
f 694/694/694 226/226/226 692/692/692
f 696/696/696 230/230/230 228/228/228
f 698/698/698 230/230/230 696/696/696
f 698/698/698 232/232/232 230/230/230
f 700/700/700 232/232/232 698/698/698
f 700/700/700 704/704/704 232/232/232
f 702/702/702 704/704/704 700/700/700
f 704/704/704 705/705/705 232/232/232
f 705/705/705 706/706/706 232/232/232
f 706/706/706 233/233/233 232/232/232
f 692/692/692 226/226/226 224/224/224
f 692/692/692 224/224/224 690/690/690
f 690/690/690 224/224/224 222/222/222
f 690/690/690 222/222/222 687/687/687
f 687/687/687 222/222/222 220/220/220
f 709/709/709 708/708/708 707/707/707
f 710/710/710 708/708/708 709/709/709
f 709/709/709 707/707/707 711/711/711
f 711/711/711 707/707/707 712/712/712
f 713/713/713 709/709/709 711/711/711
f 714/714/714 709/709/709 713/713/713
f 715/715/715 714/714/714 713/713/713
f 716/716/716 714/714/714 715/715/715
f 717/717/717 714/714/714 716/716/716
f 719/719/719 717/717/717 718/718/718
f 720/720/720 719/719/719 718/718/718
f 721/721/721 719/719/719 720/720/720
f 724/724/724 723/723/723 722/722/722
f 725/725/725 723/723/723 724/724/724
f 726/726/726 725/725/725 724/724/724
f 727/727/727 725/725/725 726/726/726
f 730/730/730 729/729/729 728/728/728
f 731/731/731 729/729/729 730/730/730
f 733/733/733 731/731/731 732/732/732
f 734/734/734 247/247/247 245/245/245
f 734/734/734 735/735/735 247/247/247
f 239/239/239 734/734/734 245/245/245
f 237/237/237 734/734/734 239/239/239
f 237/237/237 736/736/736 734/734/734
f 236/236/236 736/736/736 237/237/237
f 736/736/736 737/737/737 734/734/734
f 737/737/737 738/738/738 734/734/734
f 741/741/741 740/740/740 739/739/739
f 743/743/743 271/271/271 742/742/742
f 271/271/271 744/744/744 742/742/742
f 271/271/271 268/268/268 744/744/744
f 742/742/742 744/744/744 745/745/745
f 744/744/744 268/268/268 746/746/746
f 744/744/744 747/747/747 745/745/745
f 748/748/748 268/268/268 269/269/269
f 751/751/751 750/750/750 749/749/749
f 752/752/752 751/751/751 749/749/749
f 755/755/755 754/754/754 753/753/753
f 758/758/758 757/757/757 756/756/756
f 759/759/759 757/757/757 758/758/758
f 758/758/758 756/756/756 760/760/760
f 760/760/760 756/756/756 761/761/761
f 760/760/760 761/761/761 762/762/762
f 762/762/762 761/761/761 763/763/763
f 762/762/762 763/763/763 764/764/764
f 764/764/764 763/763/763 765/765/765
f 764/764/764 765/765/765 766/766/766
f 766/766/766 765/765/765 767/767/767
f 766/766/766 767/767/767 768/768/768
f 768/768/768 767/767/767 769/769/769
f 768/768/768 769/769/769 770/770/770
f 758/758/758 771/771/771 759/759/759
f 759/759/759 771/771/771 772/772/772
f 770/770/770 773/773/773 768/768/768
f 770/770/770 774/774/774 773/773/773
f 770/770/770 775/775/775 774/774/774
f 770/770/770 776/776/776 775/775/775
f 768/768/768 773/773/773 777/777/777
f 768/768/768 777/777/777 766/766/766
f 766/766/766 777/777/777 778/778/778
f 766/766/766 778/778/778 764/764/764
f 764/764/764 778/778/778 779/779/779
f 764/764/764 779/779/779 762/762/762
f 762/762/762 779/779/779 780/780/780
f 762/762/762 780/780/780 760/760/760
f 760/760/760 780/780/780 781/781/781
f 758/758/758 781/781/781 771/771/771
f 760/760/760 781/781/781 758/758/758
f 759/759/759 772/772/772 782/782/782
f 782/782/782 783/783/783 759/759/759
f 759/759/759 783/783/783 757/757/757
f 782/782/782 772/772/772 784/784/784
f 787/787/787 786/786/786 785/785/785
f 788/788/788 786/786/786 787/787/787
f 791/791/791 790/790/790 789/789/789
f 794/794/794 793/793/793 792/792/792
f 797/797/797 796/796/796 795/795/795
f 798/798/798 796/796/796 797/797/797
f 797/797/797 795/795/795 799/799/799
f 799/799/799 795/795/795 800/800/800
f 803/803/803 802/802/802 801/801/801
f 805/805/805 802/802/802 804/804/804
f 806/806/806 805/805/805 804/804/804
f 807/807/807 805/805/805 806/806/806
f 808/808/808 807/807/807 806/806/806
f 809/809/809 807/807/807 808/808/808
f 810/810/810 809/809/809 808/808/808
f 811/811/811 809/809/809 810/810/810
f 812/812/812 811/811/811 810/810/810
f 813/813/813 811/811/811 812/812/812
f 815/815/815 814/814/814 812/812/812
f 817/817/817 813/813/813 816/816/816
f 820/820/820 819/819/819 818/818/818
f 820/820/820 821/821/821 819/819/819
f 822/822/822 818/818/818 819/819/819
f 823/823/823 818/818/818 822/822/822
f 818/818/818 823/823/823 824/824/824
f 822/822/822 819/819/819 825/825/825
f 825/825/825 819/819/819 826/826/826
f 819/819/819 821/821/821 826/826/826
f 825/825/825 827/827/827 822/822/822
f 823/823/823 822/822/822 828/828/828
f 829/829/829 824/824/824 823/823/823
f 830/830/830 829/829/829 823/823/823
f 830/830/830 831/831/831 829/829/829
f 829/829/829 831/831/831 824/824/824
f 832/832/832 831/831/831 830/830/830
f 832/832/832 830/830/830 833/833/833
f 830/830/830 823/823/823 833/833/833
f 833/833/833 823/823/823 834/834/834
f 835/835/835 832/832/832 833/833/833
f 832/832/832 836/836/836 831/831/831
f 837/837/837 836/836/836 832/832/832
f 837/837/837 832/832/832 835/835/835
f 838/838/838 837/837/837 835/835/835
f 839/839/839 837/837/837 838/838/838
f 824/824/824 831/831/831 840/840/840
f 843/843/843 842/842/842 841/841/841
f 845/845/845 842/842/842 844/844/844
f 848/848/848 847/847/847 846/846/846
f 846/846/846 847/847/847 849/849/849
f 846/846/846 849/849/849 850/850/850
f 850/850/850 849/849/849 851/851/851
f 850/850/850 851/851/851 852/852/852
f 852/852/852 851/851/851 853/853/853
f 852/852/852 853/853/853 854/854/854
f 854/854/854 853/853/853 855/855/855
f 854/854/854 855/855/855 856/856/856
f 856/856/856 855/855/855 857/857/857
f 849/849/849 858/858/858 851/851/851
f 859/859/859 858/858/858 849/849/849
f 862/862/862 861/861/861 860/860/860
f 860/860/860 861/861/861 863/863/863
f 865/865/865 863/863/863 864/864/864
f 864/864/864 863/863/863 866/866/866
f 869/869/869 868/868/868 867/867/867
f 870/870/870 868/868/868 869/869/869
f 873/873/873 872/872/872 871/871/871
f 875/875/875 874/874/874 873/873/873
f 876/876/876 874/874/874 875/875/875
f 877/877/877 876/876/876 875/875/875
f 880/880/880 879/879/879 878/878/878
f 882/882/882 880/880/880 881/881/881
f 885/885/885 884/884/884 883/883/883
f 888/888/888 887/887/887 886/886/886
f 889/889/889 887/887/887 888/888/888
f 892/892/892 891/891/891 890/890/890
f 893/893/893 891/891/891 892/892/892
f 896/896/896 895/895/895 894/894/894
f 897/897/897 895/895/895 896/896/896
f 897/897/897 898/898/898 895/895/895
f 899/899/899 898/898/898 897/897/897
f 902/902/902 901/901/901 900/900/900
f 903/903/903 901/901/901 902/902/902
f 906/906/906 905/905/905 904/904/904
f 908/908/908 905/905/905 907/907/907
f 911/911/911 910/910/910 909/909/909
f 914/914/914 913/913/913 912/912/912
f 916/916/916 914/914/914 915/915/915
f 917/917/917 916/916/916 915/915/915
f 918/918/918 916/916/916 917/917/917
f 919/919/919 918/918/918 917/917/917
f 920/920/920 918/918/918 919/919/919
f 923/923/923 922/922/922 921/921/921
f 926/926/926 925/925/925 924/924/924
f 929/929/929 928/928/928 927/927/927
f 932/932/932 931/931/931 930/930/930
f 935/935/935 934/934/934 933/933/933
f 938/938/938 937/937/937 936/936/936
f 939/939/939 938/938/938 936/936/936
f 940/940/940 938/938/938 939/939/939
f 940/940/940 941/941/941 938/938/938
f 938/938/938 941/941/941 942/942/942
f 938/938/938 942/942/942 937/937/937
f 937/937/937 942/942/942 943/943/943
f 944/944/944 940/940/940 939/939/939
f 945/945/945 940/940/940 944/944/944
f 946/946/946 945/945/945 944/944/944
f 947/947/947 945/945/945 946/946/946
f 947/947/947 948/948/948 945/945/945
f 945/945/945 948/948/948 949/949/949
f 940/940/940 949/949/949 941/941/941
f 945/945/945 949/949/949 940/940/940
f 950/950/950 947/947/947 946/946/946
f 951/951/951 947/947/947 950/950/950
f 952/952/952 951/951/951 950/950/950
f 953/953/953 951/951/951 952/952/952
f 953/953/953 954/954/954 951/951/951
f 951/951/951 954/954/954 955/955/955
f 947/947/947 955/955/955 948/948/948
f 951/951/951 955/955/955 947/947/947
f 956/956/956 953/953/953 952/952/952
f 957/957/957 953/953/953 956/956/956
f 958/958/958 957/957/957 956/956/956
f 959/959/959 957/957/957 958/958/958
f 960/960/960 959/959/959 958/958/958
f 961/961/961 959/959/959 960/960/960
f 961/961/961 962/962/962 959/959/959
f 959/959/959 962/962/962 963/963/963
f 959/959/959 963/963/963 957/957/957
f 957/957/957 963/963/963 964/964/964
f 953/953/953 964/964/964 954/954/954
f 957/957/957 964/964/964 953/953/953
f 961/961/961 965/965/965 962/962/962
f 966/966/966 965/965/965 961/961/961
f 966/966/966 967/967/967 965/965/965
f 968/968/968 967/967/967 966/966/966
f 968/968/968 966/966/966 969/969/969
f 969/969/969 966/966/966 970/970/970
f 970/970/970 961/961/961 960/960/960
f 966/966/966 961/961/961 970/970/970
f 972/972/972 971/971/971 969/969/969
f 974/974/974 968/968/968 973/973/973
f 975/975/975 974/974/974 973/973/973
f 976/976/976 974/974/974 975/975/975
f 976/976/976 977/977/977 974/974/974
f 974/974/974 977/977/977 978/978/978
f 979/979/979 978/978/978 967/967/967
f 974/974/974 978/978/978 979/979/979
f 982/982/982 981/981/981 980/980/980
f 980/980/980 981/981/981 983/983/983
f 980/980/980 984/984/984 982/982/982
f 982/982/982 984/984/984 985/985/985
f 984/984/984 986/986/986 985/985/985
f 985/985/985 986/986/986 987/987/987
f 986/986/986 988/988/988 987/987/987
f 987/987/987 988/988/988 989/989/989
f 990/990/990 989/989/989 988/988/988
f 991/991/991 989/989/989 990/990/990
f 990/990/990 992/992/992 991/991/991
f 991/991/991 992/992/992 993/993/993
f 994/994/994 993/993/993 992/992/992
f 995/995/995 993/993/993 994/994/994
f 994/994/994 996/996/996 995/995/995
f 997/997/997 983/983/983 981/981/981
f 1000/1000/1000 999/999/999 998/998/998
f 1001/1001/1001 943/943/943 942/942/942
f 1004/1004/1004 1003/1003/1003 1002/1002/1002
f 1003/1003/1003 1004/1004/1004 1005/1005/1005
f 1005/1005/1005 1004/1004/1004 1006/1006/1006
f 1005/1005/1005 1006/1006/1006 1007/1007/1007
f 1007/1007/1007 1006/1006/1006 1008/1008/1008
f 1007/1007/1007 1008/1008/1008 1009/1009/1009
f 1009/1009/1009 1008/1008/1008 1010/1010/1010
f 1009/1009/1009 1010/1010/1010 1011/1011/1011
f 1011/1011/1011 1010/1010/1010 1012/1012/1012
f 1011/1011/1011 1012/1012/1012 1013/1013/1013
f 1013/1013/1013 1012/1012/1012 1014/1014/1014
f 1013/1013/1013 1014/1014/1014 1015/1015/1015
f 1015/1015/1015 1014/1014/1014 1016/1016/1016
f 1015/1015/1015 1016/1016/1016 1017/1017/1017
f 1017/1017/1017 1016/1016/1016 1018/1018/1018
f 1017/1017/1017 1018/1018/1018 1019/1019/1019
f 1019/1019/1019 1018/1018/1018 1020/1020/1020
f 1019/1019/1019 1020/1020/1020 1021/1021/1021
f 1021/1021/1021 1020/1020/1020 1022/1022/1022
f 1021/1021/1021 1022/1022/1022 1023/1023/1023
f 1023/1023/1023 1022/1022/1022 1024/1024/1024
f 1023/1023/1023 1024/1024/1024 1025/1025/1025
f 1027/1027/1027 1026/1026/1026 1025/1025/1025
f 1028/1028/1028 1026/1026/1026 1027/1027/1027
f 1030/1030/1030 1029/1029/1029 1027/1027/1027
f 1033/1033/1033 1032/1032/1032 1031/1031/1031
f 1032/1032/1032 1034/1034/1034 1031/1031/1031
f 1031/1031/1031 1034/1034/1034 1035/1035/1035
f 1036/1036/1036 1035/1035/1035 1034/1034/1034
f 1037/1037/1037 1035/1035/1035 1036/1036/1036
f 1038/1038/1038 1032/1032/1032 1033/1033/1033
f 1039/1039/1039 1038/1038/1038 1033/1033/1033
f 1040/1040/1040 1038/1038/1038 1039/1039/1039
f 1039/1039/1039 1041/1041/1041 1040/1040/1040
f 1040/1040/1040 1041/1041/1041 1042/1042/1042
f 1043/1043/1043 1042/1042/1042 1041/1041/1041
f 1044/1044/1044 1042/1042/1042 1043/1043/1043
f 1045/1045/1045 1044/1044/1044 1043/1043/1043
f 1046/1046/1046 1044/1044/1044 1045/1045/1045
f 1045/1045/1045 1047/1047/1047 1046/1046/1046
f 1036/1036/1036 1048/1048/1048 1037/1037/1037
f 1037/1037/1037 1048/1048/1048 1049/1049/1049
f 1050/1050/1050 1049/1049/1049 1048/1048/1048
f 1051/1051/1051 1049/1049/1049 1050/1050/1050
f 1050/1050/1050 1052/1052/1052 1051/1051/1051
f 1055/1055/1055 1054/1054/1054 1053/1053/1053
f 1056/1056/1056 1055/1055/1055 1053/1053/1053
f 1057/1057/1057 1055/1055/1055 1056/1056/1056
f 1056/1056/1056 1058/1058/1058 1057/1057/1057
f 1057/1057/1057 1058/1058/1058 1059/1059/1059
f 1060/1060/1060 1059/1059/1059 1058/1058/1058
f 1061/1061/1061 1059/1059/1059 1060/1060/1060
f 1064/1064/1064 1063/1063/1063 1062/1062/1062
f 1065/1065/1065 1062/1062/1062 1063/1063/1063
f 1003/1003/1003 1066/1066/1066 1002/1002/1002
f 1067/1067/1067 1066/1066/1066 1003/1003/1003
f 1068/1068/1068 1067/1067/1067 1003/1003/1003
f 1071/1071/1071 1070/1070/1070 1069/1069/1069
f 1074/1074/1074 1073/1073/1073 1072/1072/1072
f 1075/1075/1075 1073/1073/1073 1074/1074/1074
f 1073/1073/1073 1076/1076/1076 1072/1072/1072
f 1072/1072/1072 1076/1076/1076 1077/1077/1077
f 1075/1075/1075 1078/1078/1078 1073/1073/1073
f 1073/1073/1073 1078/1078/1078 1079/1079/1079
f 1078/1078/1078 1080/1080/1080 1079/1079/1079
f 1081/1081/1081 1080/1080/1080 1078/1078/1078
f 1080/1080/1080 1082/1082/1082 1079/1079/1079
f 1079/1079/1079 1082/1082/1082 1083/1083/1083
f 1079/1079/1079 1083/1083/1083 1073/1073/1073
f 1080/1080/1080 1084/1084/1084 1082/1082/1082
f 1085/1085/1085 1084/1084/1084 1080/1080/1080
f 1085/1085/1085 1086/1086/1086 1084/1084/1084
f 1087/1087/1087 1086/1086/1086 1085/1085/1085
f 1088/1088/1088 1087/1087/1087 1085/1085/1085
f 1080/1080/1080 1088/1088/1088 1085/1085/1085
f 1081/1081/1081 1088/1088/1088 1080/1080/1080
f 1089/1089/1089 1087/1087/1087 1088/1088/1088
f 1087/1087/1087 1090/1090/1090 1086/1086/1086
f 1089/1089/1089 1091/1091/1091 1087/1087/1087
f 1091/1091/1091 1092/1092/1092 1087/1087/1087
f 1087/1087/1087 1092/1092/1092 1093/1093/1093
f 1092/1092/1092 1094/1094/1094 1093/1093/1093
f 1095/1095/1095 1094/1094/1094 1092/1092/1092
f 1094/1094/1094 1096/1096/1096 1093/1093/1093
f 1093/1093/1093 1096/1096/1096 1097/1097/1097
f 1087/1087/1087 1097/1097/1097 1090/1090/1090
f 1093/1093/1093 1097/1097/1097 1087/1087/1087
f 1095/1095/1095 1098/1098/1098 1094/1094/1094
f 1094/1094/1094 1098/1098/1098 1099/1099/1099
f 1094/1094/1094 1099/1099/1099 1096/1096/1096
f 1096/1096/1096 1099/1099/1099 1100/1100/1100
f 1099/1099/1099 1101/1101/1101 1100/1100/1100
f 1102/1102/1102 1101/1101/1101 1099/1099/1099
f 1098/1098/1098 1103/1103/1103 1099/1099/1099
f 1106/1106/1106 1105/1105/1105 1104/1104/1104
f 1105/1105/1105 1107/1107/1107 1104/1104/1104
f 1110/1110/1110 1109/1109/1109 1108/1108/1108
f 1111/1111/1111 1109/1109/1109 1110/1110/1110
f 1111/1111/1111 1110/1110/1110 1108/1108/1108
f 1112/1112/1112 1109/1109/1109 1111/1111/1111
f 1112/1112/1112 1113/1113/1113 1109/1109/1109
f 1114/1114/1114 1113/1113/1113 1112/1112/1112
f 1114/1114/1114 1115/1115/1115 1113/1113/1113
f 1073/1073/1073 1083/1083/1083 1116/1116/1116
f 1073/1073/1073 1116/1116/1116 1076/1076/1076
f 1118/1118/1118 1077/1077/1077 1117/1117/1117
f 1072/1072/1072 1077/1077/1077 1118/1118/1118
f 1118/1118/1118 1074/1074/1074 1072/1072/1072
f 1119/1119/1119 1074/1074/1074 1118/1118/1118
f 1120/1120/1120 1118/1118/1118 1117/1117/1117
f 1121/1121/1121 1118/1118/1118 1120/1120/1120
f 1121/1121/1121 1119/1119/1119 1118/1118/1118
f 1122/1122/1122 1119/1119/1119 1121/1121/1121
f 1125/1125/1125 1124/1124/1124 1123/1123/1123
f 1126/1126/1126 1124/1124/1124 1125/1125/1125
f 1124/1124/1124 1127/1127/1127 1123/1123/1123
f 1123/1123/1123 1127/1127/1127 1128/1128/1128
f 1127/1127/1127 1129/1129/1129 1128/1128/1128
f 1128/1128/1128 1129/1129/1129 1130/1130/1130
f 1133/1133/1133 1132/1132/1132 1131/1131/1131
f 1131/1131/1131 1132/1132/1132 1134/1134/1134
f 1132/1132/1132 1135/1135/1135 1134/1134/1134
f 1134/1134/1134 1135/1135/1135 1136/1136/1136
f 1135/1135/1135 1137/1137/1137 1136/1136/1136
f 1136/1136/1136 1137/1137/1137 1138/1138/1138
f 1141/1141/1141 1140/1140/1140 1139/1139/1139
f 1142/1142/1142 1140/1140/1140 1141/1141/1141
f 1143/1143/1143 1142/1142/1142 1141/1141/1141
f 1144/1144/1144 1142/1142/1142 1143/1143/1143
f 1145/1145/1145 1144/1144/1144 1143/1143/1143
f 1146/1146/1146 1144/1144/1144 1145/1145/1145
f 1149/1149/1149 1148/1148/1148 1147/1147/1147
f 1147/1147/1147 1148/1148/1148 1150/1150/1150
f 1148/1148/1148 1151/1151/1151 1150/1150/1150
f 1150/1150/1150 1151/1151/1151 1152/1152/1152
f 1151/1151/1151 1153/1153/1153 1152/1152/1152
f 1152/1152/1152 1153/1153/1153 1154/1154/1154
f 1157/1157/1157 1156/1156/1156 1155/1155/1155
f 1158/1158/1158 1156/1156/1156 1157/1157/1157
f 1158/1158/1158 1159/1159/1159 1156/1156/1156
f 1160/1160/1160 1159/1159/1159 1158/1158/1158
f 1158/1158/1158 1161/1161/1161 1160/1160/1160
f 1160/1160/1160 1161/1161/1161 1162/1162/1162
f 1158/1158/1158 1163/1163/1163 1161/1161/1161
f 1157/1157/1157 1163/1163/1163 1158/1158/1158
f 1164/1164/1164 1161/1161/1161 1163/1163/1163
f 1159/1159/1159 1165/1165/1165 1156/1156/1156
f 1166/1166/1166 1165/1165/1165 1159/1159/1159
f 1166/1166/1166 1159/1159/1159 1160/1160/1160
f 1166/1166/1166 1167/1167/1167 1165/1165/1165
f 1168/1168/1168 1167/1167/1167 1166/1166/1166
f 1166/1166/1166 1169/1169/1169 1168/1168/1168
f 1168/1168/1168 1169/1169/1169 1170/1170/1170
f 1166/1166/1166 1171/1171/1171 1169/1169/1169
f 1169/1169/1169 1172/1172/1172 1170/1170/1170
f 1170/1170/1170 1172/1172/1172 1173/1173/1173
f 1172/1172/1172 1174/1174/1174 1173/1173/1173
f 1173/1173/1173 1174/1174/1174 1175/1175/1175
f 1172/1172/1172 1176/1176/1176 1174/1174/1174
f 1172/1172/1172 1177/1177/1177 1176/1176/1176
f 1178/1178/1178 1177/1177/1177 1172/1172/1172
f 1178/1178/1178 1179/1179/1179 1177/1177/1177
f 1180/1180/1180 1179/1179/1179 1178/1178/1178
f 1169/1169/1169 1181/1181/1181 1172/1172/1172
f 1181/1181/1181 1178/1178/1178 1172/1172/1172
f 1182/1182/1182 1181/1181/1181 1169/1169/1169
f 1171/1171/1171 1182/1182/1182 1169/1169/1169
f 1173/1173/1173 1175/1175/1175 1183/1183/1183
f 1183/1183/1183 1170/1170/1170 1173/1173/1173
f 1183/1183/1183 1175/1175/1175 1184/1184/1184
f 1183/1183/1183 1184/1184/1184 1185/1185/1185
f 1186/1186/1186 1170/1170/1170 1183/1183/1183
f 1183/1183/1183 1185/1185/1185 1187/1187/1187
f 1187/1187/1187 1186/1186/1186 1183/1183/1183
f 1187/1187/1187 1185/1185/1185 1188/1188/1188
f 1187/1187/1187 1188/1188/1188 1189/1189/1189
f 1187/1187/1187 1189/1189/1189 1190/1190/1190
f 1190/1190/1190 1189/1189/1189 1191/1191/1191
f 1190/1190/1190 1191/1191/1191 1192/1192/1192
f 1192/1192/1192 1191/1191/1191 1193/1193/1193
f 1192/1192/1192 1193/1193/1193 1194/1194/1194
f 1194/1194/1194 1193/1193/1193 1195/1195/1195
f 1196/1196/1196 1190/1190/1190 1192/1192/1192
f 1196/1196/1196 1192/1192/1192 1197/1197/1197
f 1198/1198/1198 1196/1196/1196 1197/1197/1197
f 1199/1199/1199 1196/1196/1196 1198/1198/1198
f 1199/1199/1199 1200/1200/1200 1196/1196/1196
f 1200/1200/1200 1190/1190/1190 1196/1196/1196
f 1201/1201/1201 1200/1200/1200 1199/1199/1199
f 1197/1197/1197 1192/1192/1192 1202/1202/1202
f 1202/1202/1202 1192/1192/1192 1194/1194/1194
f 1203/1203/1203 1194/1194/1194 1195/1195/1195
f 1204/1204/1204 1194/1194/1194 1203/1203/1203
f 1205/1205/1205 1199/1199/1199 1198/1198/1198
f 1205/1205/1205 1206/1206/1206 1199/1199/1199
f 1206/1206/1206 1207/1207/1207 1199/1199/1199
f 1199/1199/1199 1207/1207/1207 1208/1208/1208
f 1199/1199/1199 1208/1208/1208 1201/1201/1201
f 1201/1201/1201 1208/1208/1208 1209/1209/1209
f 1200/1200/1200 1201/1201/1201 1210/1210/1210
f 1200/1200/1200 1210/1210/1210 1190/1190/1190
f 1190/1190/1190 1210/1210/1210 1187/1187/1187
f 1210/1210/1210 1186/1186/1186 1187/1187/1187
f 1210/1210/1210 1211/1211/1211 1186/1186/1186
f 1201/1201/1201 1211/1211/1211 1210/1210/1210
f 1201/1201/1201 1209/1209/1209 1211/1211/1211
f 1211/1211/1211 1168/1168/1168 1186/1186/1186
f 1186/1186/1186 1168/1168/1168 1170/1170/1170
f 1211/1211/1211 1212/1212/1212 1168/1168/1168
f 1211/1211/1211 1209/1209/1209 1212/1212/1212
f 1168/1168/1168 1212/1212/1212 1167/1167/1167
f 1212/1212/1212 1213/1213/1213 1167/1167/1167
f 1167/1167/1167 1213/1213/1213 1214/1214/1214
f 1213/1213/1213 1215/1215/1215 1214/1214/1214
f 1214/1214/1214 1215/1215/1215 1216/1216/1216
f 1214/1214/1214 1216/1216/1216 1217/1217/1217
f 1217/1217/1217 1216/1216/1216 1218/1218/1218
f 1217/1217/1217 1218/1218/1218 1219/1219/1219
f 1219/1219/1219 1218/1218/1218 1220/1220/1220
f 1219/1219/1219 1220/1220/1220 1221/1221/1221
f 1221/1221/1221 1220/1220/1220 1222/1222/1222
f 1213/1213/1213 1223/1223/1223 1215/1215/1215
f 1224/1224/1224 1223/1223/1223 1213/1213/1213
f 1212/1212/1212 1224/1224/1224 1213/1213/1213
f 1224/1224/1224 1225/1225/1225 1223/1223/1223
f 1226/1226/1226 1225/1225/1225 1224/1224/1224
f 1226/1226/1226 1227/1227/1227 1225/1225/1225
f 1228/1228/1228 1227/1227/1227 1226/1226/1226
f 1221/1221/1221 1222/1222/1222 1229/1229/1229
f 1229/1229/1229 1222/1222/1222 1230/1230/1230
f 1229/1229/1229 1230/1230/1230 1231/1231/1231
f 1231/1231/1231 1230/1230/1230 1232/1232/1232
f 1232/1232/1232 1233/1233/1233 1231/1231/1231
f 1231/1231/1231 1233/1233/1233 1234/1234/1234
f 1233/1233/1233 1235/1235/1235 1234/1234/1234
f 1234/1234/1234 1235/1235/1235 1236/1236/1236
f 1235/1235/1235 1237/1237/1237 1236/1236/1236
f 1238/1238/1238 1237/1237/1237 1235/1235/1235
f 1239/1239/1239 1238/1238/1238 1235/1235/1235
f 1240/1240/1240 1238/1238/1238 1239/1239/1239
f 1241/1241/1241 1240/1240/1240 1239/1239/1239
f 1242/1242/1242 1241/1241/1241 1239/1239/1239
f 1235/1235/1235 1242/1242/1242 1239/1239/1239
f 1233/1233/1233 1242/1242/1242 1235/1235/1235
f 1243/1243/1243 1241/1241/1241 1242/1242/1242
f 1244/1244/1244 1243/1243/1243 1242/1242/1242
f 1233/1233/1233 1244/1244/1244 1242/1242/1242
f 1232/1232/1232 1244/1244/1244 1233/1233/1233
f 1245/1245/1245 1243/1243/1243 1244/1244/1244
f 1244/1244/1244 1246/1246/1246 1245/1245/1245
f 1247/1247/1247 1246/1246/1246 1244/1244/1244
f 1232/1232/1232 1247/1247/1247 1244/1244/1244
f 1248/1248/1248 1240/1240/1240 1241/1241/1241
f 1246/1246/1246 1249/1249/1249 1245/1245/1245
f 1246/1246/1246 1250/1250/1250 1249/1249/1249
f 1245/1245/1245 1249/1249/1249 1251/1251/1251
f 1245/1245/1245 1251/1251/1251 1252/1252/1252
f 1245/1245/1245 1253/1253/1253 1243/1243/1243
f 1252/1252/1252 1253/1253/1253 1245/1245/1245
f 1243/1243/1243 1254/1254/1254 1241/1241/1241
f 1253/1253/1253 1254/1254/1254 1243/1243/1243
f 1254/1254/1254 1248/1248/1248 1241/1241/1241
f 1255/1255/1255 1248/1248/1248 1254/1254/1254
f 1247/1247/1247 1256/1256/1256 1246/1246/1246
f 1257/1257/1257 1256/1256/1256 1247/1247/1247
f 1257/1257/1257 1258/1258/1258 1256/1256/1256
f 1259/1259/1259 1258/1258/1258 1257/1257/1257
f 1259/1259/1259 1260/1260/1260 1258/1258/1258
f 1261/1261/1261 1260/1260/1260 1259/1259/1259
f 1261/1261/1261 1262/1262/1262 1260/1260/1260
f 1263/1263/1263 1262/1262/1262 1261/1261/1261
f 1263/1263/1263 1264/1264/1264 1262/1262/1262
f 1265/1265/1265 1264/1264/1264 1263/1263/1263
f 1264/1264/1264 1266/1266/1266 1262/1262/1262
f 1264/1264/1264 1267/1267/1267 1266/1266/1266
f 1262/1262/1262 1266/1266/1266 1268/1268/1268
f 1262/1262/1262 1268/1268/1268 1260/1260/1260
f 1260/1260/1260 1268/1268/1268 1269/1269/1269
f 1260/1260/1260 1269/1269/1269 1270/1270/1270
f 1260/1260/1260 1270/1270/1270 1271/1271/1271
f 1260/1260/1260 1272/1272/1272 1258/1258/1258
f 1260/1260/1260 1271/1271/1271 1272/1272/1272
f 1258/1258/1258 1272/1272/1272 1273/1273/1273
f 1258/1258/1258 1273/1273/1273 1274/1274/1274
f 1265/1265/1265 1275/1275/1275 1264/1264/1264
f 1276/1276/1276 1275/1275/1275 1265/1265/1265
f 1276/1276/1276 1277/1277/1277 1275/1275/1275
f 1278/1278/1278 1277/1277/1277 1276/1276/1276
f 1278/1278/1278 1279/1279/1279 1277/1277/1277
f 1280/1280/1280 1279/1279/1279 1278/1278/1278
f 1279/1279/1279 1281/1281/1281 1277/1277/1277
f 1277/1277/1277 1281/1281/1281 1282/1282/1282
f 1277/1277/1277 1282/1282/1282 1275/1275/1275
f 1275/1275/1275 1282/1282/1282 1283/1283/1283
f 1275/1275/1275 1283/1283/1283 1284/1284/1284
f 1275/1275/1275 1284/1284/1284 1285/1285/1285
f 1275/1275/1275 1285/1285/1285 1264/1264/1264
f 1264/1264/1264 1285/1285/1285 1267/1267/1267
f 1223/1223/1223 1278/1278/1278 1276/1276/1276
f 1223/1223/1223 1276/1276/1276 1215/1215/1215
f 1215/1215/1215 1276/1276/1276 1265/1265/1265
f 1215/1215/1215 1265/1265/1265 1216/1216/1216
f 1216/1216/1216 1265/1265/1265 1263/1263/1263
f 1216/1216/1216 1263/1263/1263 1218/1218/1218
f 1218/1218/1218 1263/1263/1263 1261/1261/1261
f 1218/1218/1218 1261/1261/1261 1220/1220/1220
f 1220/1220/1220 1261/1261/1261 1259/1259/1259
f 1220/1220/1220 1259/1259/1259 1222/1222/1222
f 1222/1222/1222 1259/1259/1259 1257/1257/1257
f 1222/1222/1222 1257/1257/1257 1230/1230/1230
f 1230/1230/1230 1257/1257/1257 1247/1247/1247
f 1230/1230/1230 1247/1247/1247 1232/1232/1232
f 1225/1225/1225 1278/1278/1278 1223/1223/1223
f 1225/1225/1225 1280/1280/1280 1278/1278/1278
f 1227/1227/1227 1280/1280/1280 1225/1225/1225
f 1288/1288/1288 1287/1287/1287 1286/1286/1286
f 1289/1289/1289 1287/1287/1287 1288/1288/1288
f 1288/1288/1288 1286/1286/1286 1290/1290/1290
f 1290/1290/1290 1286/1286/1286 1179/1179/1179
f 1288/1288/1288 1290/1290/1290 1291/1291/1291
f 1291/1291/1291 1292/1292/1292 1288/1288/1288
f 1289/1289/1289 1288/1288/1288 1292/1292/1292
f 1293/1293/1293 1289/1289/1289 1292/1292/1292
f 1290/1290/1290 1294/1294/1294 1291/1291/1291
f 1164/1164/1164 1289/1289/1289 1293/1293/1293
f 1289/1289/1289 1164/1164/1164 1163/1163/1163
f 1289/1289/1289 1295/1295/1295 1287/1287/1287
f 1296/1296/1296 1295/1295/1295 1289/1289/1289
f 1163/1163/1163 1296/1296/1296 1289/1289/1289
f 1296/1296/1296 1297/1297/1297 1295/1295/1295
f 1296/1296/1296 1298/1298/1298 1297/1297/1297
f 1299/1299/1299 1298/1298/1298 1296/1296/1296
f 1299/1299/1299 1300/1300/1300 1298/1298/1298
f 1301/1301/1301 1299/1299/1299 1296/1296/1296
f 1301/1301/1301 1302/1302/1302 1299/1299/1299
f 1302/1302/1302 1303/1303/1303 1299/1299/1299
f 1299/1299/1299 1303/1303/1303 1300/1300/1300
f 1302/1302/1302 1304/1304/1304 1303/1303/1303
f 1305/1305/1305 1304/1304/1304 1302/1302/1302
f 1305/1305/1305 1306/1306/1306 1304/1304/1304
f 1307/1307/1307 1306/1306/1306 1305/1305/1305
f 1307/1307/1307 1308/1308/1308 1306/1306/1306
f 1309/1309/1309 1308/1308/1308 1307/1307/1307
f 1310/1310/1310 1309/1309/1309 1307/1307/1307
f 1311/1311/1311 1301/1301/1301 1296/1296/1296
f 1312/1312/1312 1301/1301/1301 1311/1311/1311
f 1312/1312/1312 1302/1302/1302 1301/1301/1301
f 1311/1311/1311 1313/1313/1313 1312/1312/1312
f 1312/1312/1312 1313/1313/1313 1314/1314/1314
f 1314/1314/1314 1315/1315/1315 1312/1312/1312
f 1312/1312/1312 1315/1315/1315 1316/1316/1316
f 1316/1316/1316 1302/1302/1302 1312/1312/1312
f 1316/1316/1316 1305/1305/1305 1302/1302/1302
f 1315/1315/1315 1317/1317/1317 1316/1316/1316
f 1316/1316/1316 1317/1317/1317 1318/1318/1318
f 1318/1318/1318 1305/1305/1305 1316/1316/1316
f 1318/1318/1318 1307/1307/1307 1305/1305/1305
f 1318/1318/1318 1310/1310/1310 1307/1307/1307
f 1317/1317/1317 1319/1319/1319 1318/1318/1318
f 1319/1319/1319 1310/1310/1310 1318/1318/1318
f 1320/1320/1320 1319/1319/1319 1317/1317/1317
f 1313/1313/1313 1321/1321/1321 1314/1314/1314
f 1314/1314/1314 1321/1321/1321 1322/1322/1322
f 1314/1314/1314 1323/1323/1323 1315/1315/1315
f 1322/1322/1322 1323/1323/1323 1314/1314/1314
f 1315/1315/1315 1324/1324/1324 1317/1317/1317
f 1323/1323/1323 1324/1324/1324 1315/1315/1315
f 1324/1324/1324 1320/1320/1320 1317/1317/1317
f 1325/1325/1325 1320/1320/1320 1324/1324/1324
f 1311/1311/1311 1155/1155/1155 1313/1313/1313
f 1157/1157/1157 1155/1155/1155 1311/1311/1311
f 1236/1236/1236 1325/1325/1325 1324/1324/1324
f 1237/1237/1237 1325/1325/1325 1236/1236/1236
f 1324/1324/1324 1234/1234/1234 1236/1236/1236
f 1323/1323/1323 1234/1234/1234 1324/1324/1324
f 1323/1323/1323 1231/1231/1231 1234/1234/1234
f 1322/1322/1322 1231/1231/1231 1323/1323/1323
f 1322/1322/1322 1229/1229/1229 1231/1231/1231
f 1321/1321/1321 1229/1229/1229 1322/1322/1322
f 1321/1321/1321 1221/1221/1221 1229/1229/1229
f 1326/1326/1326 1221/1221/1221 1321/1321/1321
f 1155/1155/1155 1327/1327/1327 1326/1326/1326
f 1156/1156/1156 1327/1327/1327 1155/1155/1155
f 1156/1156/1156 1165/1165/1165 1327/1327/1327
f 1155/1155/1155 1326/1326/1326 1313/1313/1313
f 1313/1313/1313 1326/1326/1326 1321/1321/1321
f 1326/1326/1326 1219/1219/1219 1221/1221/1221
f 1327/1327/1327 1219/1219/1219 1326/1326/1326
f 1327/1327/1327 1217/1217/1217 1219/1219/1219
f 1165/1165/1165 1217/1217/1217 1327/1327/1327
f 1165/1165/1165 1214/1214/1214 1217/1217/1217
f 1167/1167/1167 1214/1214/1214 1165/1165/1165
f 1157/1157/1157 1311/1311/1311 1163/1163/1163
f 1163/1163/1163 1311/1311/1311 1296/1296/1296
f 1330/1330/1330 1329/1329/1329 1328/1328/1328
f 1328/1328/1328 1329/1329/1329 1331/1331/1331
f 1331/1331/1331 1329/1329/1329 1332/1332/1332
f 1332/1332/1332 1329/1329/1329 1333/1333/1333
f 1182/1182/1182 1330/1330/1330 1328/1328/1328
f 1171/1171/1171 1330/1330/1330 1182/1182/1182
f 1171/1171/1171 1334/1334/1334 1330/1330/1330
f 1171/1171/1171 1335/1335/1335 1334/1334/1334
f 1334/1334/1334 1335/1335/1335 1336/1336/1336
f 1335/1335/1335 1162/1162/1162 1336/1336/1336
f 1160/1160/1160 1162/1162/1162 1335/1335/1335
f 1166/1166/1166 1335/1335/1335 1171/1171/1171
f 1166/1166/1166 1160/1160/1160 1335/1335/1335
f 1332/1332/1332 1333/1333/1333 1337/1337/1337
f 1337/1337/1337 1333/1333/1333 1294/1294/1294
f 1337/1337/1337 1294/1294/1294 1338/1338/1338
f 1338/1338/1338 1294/1294/1294 1290/1290/1290
f 1338/1338/1338 1290/1290/1290 1180/1180/1180
f 1290/1290/1290 1179/1179/1179 1180/1180/1180
f 1256/1256/1256 1274/1274/1274 1339/1339/1339
f 1258/1258/1258 1274/1274/1274 1256/1256/1256
f 1256/1256/1256 1339/1339/1339 1246/1246/1246
f 1246/1246/1246 1339/1339/1339 1250/1250/1250
f 1209/1209/1209 1224/1224/1224 1212/1212/1212
f 1209/1209/1209 1226/1226/1226 1224/1224/1224
f 1208/1208/1208 1226/1226/1226 1209/1209/1209
f 1208/1208/1208 1228/1228/1228 1226/1226/1226
f 1207/1207/1207 1228/1228/1228 1208/1208/1208
f 1342/1342/1342 1341/1341/1341 1340/1340/1340
f 1341/1341/1341 1343/1343/1343 1340/1340/1340
f 1340/1340/1340 1343/1343/1343 1344/1344/1344
f 1347/1347/1347 1346/1346/1346 1345/1345/1345
f 1348/1348/1348 1347/1347/1347 1345/1345/1345
f 1345/1345/1345 1346/1346/1346 1349/1349/1349
f 1352/1352/1352 1351/1351/1351 1350/1350/1350
f 1353/1353/1353 1351/1351/1351 1352/1352/1352
f 1351/1351/1351 1354/1354/1354 1350/1350/1350
f 1357/1357/1357 1356/1356/1356 1355/1355/1355
f 1356/1356/1356 1358/1358/1358 1355/1355/1355
f 1355/1355/1355 1358/1358/1358 1359/1359/1359
f 1362/1362/1362 1361/1361/1361 1360/1360/1360
f 1361/1361/1361 1363/1363/1363 1360/1360/1360
f 1360/1360/1360 1363/1363/1363 1364/1364/1364
f 1367/1367/1367 1366/1366/1366 1365/1365/1365
f 1366/1366/1366 1368/1368/1368 1365/1365/1365
f 1365/1365/1365 1368/1368/1368 1369/1369/1369
f 1372/1372/1372 1371/1371/1371 1370/1370/1370
f 1371/1371/1371 1373/1373/1373 1370/1370/1370
f 1374/1374/1374 1371/1371/1371 1372/1372/1372
f 1377/1377/1377 1376/1376/1376 1375/1375/1375
f 1378/1378/1378 1376/1376/1376 1377/1377/1377
f 1379/1379/1379 1378/1378/1378 1377/1377/1377
f 1382/1382/1382 1381/1381/1381 1380/1380/1380
f 1383/1383/1383 1381/1381/1381 1382/1382/1382
f 1381/1381/1381 1384/1384/1384 1380/1380/1380
f 1380/1380/1380 1384/1384/1384 1385/1385/1385
f 1388/1388/1388 1387/1387/1387 1386/1386/1386
f 1386/1386/1386 1387/1387/1387 1389/1389/1389
f 1387/1387/1387 1390/1390/1390 1389/1389/1389
f 1389/1389/1389 1390/1390/1390 1391/1391/1391
f 1394/1394/1394 1393/1393/1393 1392/1392/1392
f 1395/1395/1395 1393/1393/1393 1394/1394/1394
f 1396/1396/1396 1395/1395/1395 1394/1394/1394
f 1397/1397/1397 1395/1395/1395 1396/1396/1396
f 1400/1400/1400 1399/1399/1399 1398/1398/1398
f 1398/1398/1398 1399/1399/1399 1401/1401/1401
f 1399/1399/1399 1402/1402/1402 1401/1401/1401
f 1401/1401/1401 1402/1402/1402 1403/1403/1403
f 1406/1406/1406 1405/1405/1405 1404/1404/1404
f 1407/1407/1407 1405/1405/1405 1406/1406/1406
f 1404/1404/1404 1405/1405/1405 1408/1408/1408
f 1410/1410/1410 1407/1407/1407 1409/1409/1409
f 1411/1411/1411 1410/1410/1410 1409/1409/1409
f 1412/1412/1412 1410/1410/1410 1411/1411/1411
f 1415/1415/1415 1414/1414/1414 1413/1413/1413
f 1416/1416/1416 1414/1414/1414 1415/1415/1415
f 1419/1419/1419 1418/1418/1418 1417/1417/1417
f 1420/1420/1420 1419/1419/1419 1417/1417/1417
f 1423/1423/1423 1422/1422/1422 1421/1421/1421
f 1426/1426/1426 1425/1425/1425 1424/1424/1424
f 1427/1427/1427 1425/1425/1425 1426/1426/1426
f 1428/1428/1428 1427/1427/1427 1426/1426/1426
f 1427/1427/1427 1429/1429/1429 1425/1425/1425
f 1430/1430/1430 1429/1429/1429 1427/1427/1427
f 1430/1430/1430 1427/1427/1427 1431/1431/1431
f 1431/1431/1431 1427/1427/1427 1432/1432/1432
f 1432/1432/1432 1427/1427/1427 1433/1433/1433
f 1434/1434/1434 1430/1430/1430 1431/1431/1431
f 1435/1435/1435 1430/1430/1430 1434/1434/1434
f 1435/1435/1435 1436/1436/1436 1430/1430/1430
f 1436/1436/1436 1429/1429/1429 1430/1430/1430
f 1437/1437/1437 1436/1436/1436 1435/1435/1435
f 1438/1438/1438 1437/1437/1437 1435/1435/1435
f 1439/1439/1439 1437/1437/1437 1438/1438/1438
f 1440/1440/1440 1439/1439/1439 1438/1438/1438
f 1441/1441/1441 1439/1439/1439 1440/1440/1440
f 1440/1440/1440 1438/1438/1438 1442/1442/1442
f 1442/1442/1442 1438/1438/1438 1443/1443/1443
f 1443/1443/1443 1435/1435/1435 1434/1434/1434
f 1438/1438/1438 1435/1435/1435 1443/1443/1443
f 1442/1442/1442 1443/1443/1443 1444/1444/1444
f 1443/1443/1443 1434/1434/1434 1445/1445/1445
f 1447/1447/1447 1445/1445/1445 1446/1446/1446
f 1448/1448/1448 1445/1445/1445 1447/1447/1447
f 1449/1449/1449 1447/1447/1447 1446/1446/1446
f 1446/1446/1446 1450/1450/1450 1449/1449/1449
f 1449/1449/1449 1451/1451/1451 1447/1447/1447
f 1452/1452/1452 1451/1451/1451 1449/1449/1449
f 1453/1453/1453 1451/1451/1451 1452/1452/1452
f 1453/1453/1453 1454/1454/1454 1451/1451/1451
f 1455/1455/1455 1454/1454/1454 1453/1453/1453
f 1453/1453/1453 1456/1456/1456 1455/1455/1455
f 1454/1454/1454 1455/1455/1455 1457/1457/1457
f 1457/1457/1457 1455/1455/1455 1458/1458/1458
f 1459/1459/1459 1457/1457/1457 1458/1458/1458
f 1460/1460/1460 1457/1457/1457 1459/1459/1459
f 1461/1461/1461 1457/1457/1457 1460/1460/1460
f 1464/1464/1464 1463/1463/1463 1462/1462/1462
