g BRM_Rookery_Egg3
v 1261.445 -2.948025 -221.4604
v 1262.423 -1.083723 -219.2614
v 1269.194 -4.071003 -226.9688
v 1271.112 -0.414047 -222.6553
v 1265.78 -6.997615 -230.6342
v 1259.704 -4.439989 -223.329
v 1261.204 -8.907297 -233.2928
v 1257.371 -5.41355 -224.6844
v 1255.918 -9.613171 -234.6844
v 1254.675 -5.773395 -225.3938
v 1250.59 -9.046188 -234.669
v 1251.914 -5.484328 -225.387
v 1245.82 -7.261774 -233.2465
v 1249.388 -4.574639 -224.6641
v 1241.878 -4.43463 -230.5606
v 1247.305 -3.133398 -223.2965
v 1239.044 -0.841519 -226.8768
v 1245.813 -1.301634 -221.4196
v 1237.562 3.165883 -222.5563
v 1245.058 0.741318 -219.217
v 1237.806 7.195294 -218.0169
v 1245.182 2.795479 -216.9029
v 1239.523 10.85222 -213.7082
v 1246.104 4.659802 -214.7052
v 1242.601 13.77876 -210.0506
v 1247.758 6.15173 -212.8386
v 1246.848 15.68847 -207.3996
v 1250.002 7.125288 -211.4853
v 1251.933 16.39438 -206.0128
v 1252.641 7.485157 -210.7772
v 1257.393 15.82738 -206.0251
v 1255.428 7.196057 -210.7834
v 1262.538 14.04297 -207.4388
v 1258.052 6.286389 -211.5041
v 1266.839 11.21582 -210.1163
v 1260.244 4.845142 -212.8691
v 1269.874 7.622725 -213.7955
v 1261.791 3.013426 -214.7447
v 1271.347 3.615338 -218.1161
v 1262.542 0.970447 -216.9473
v 1251.466 26.3853 -203.2113
v 1259.384 25.56212 -203.2293
v 1266.854 22.97158 -205.2818
v 1273.098 18.86725 -209.1689
v 1277.504 13.65079 -214.5101
v 1279.642 7.833004 -220.7827
v 1279.302 1.983243 -227.3727
v 1276.517 -3.32588 -233.6348
v 1271.56 -7.574582 -238.9562
v 1264.916 -10.34701 -242.816
v 1257.259 -11.37179 -244.8358
v 1249.665 -10.54865 -244.8102
v 1242.862 -7.958084 -242.7421
v 1237.314 -3.853753 -238.8387
v 1233.288 1.362675 -233.4886
v 1231.141 7.1805 -227.2162
v 1231.49 13.03024 -220.626
v 1233.895 18.33938 -214.3728
v 1238.197 22.58806 -209.0667
v 1244.169 25.36049 -205.2226
v 1228.388 5.226242 -241.0098
v 1233.557 -1.412949 -247.8182
v 1225.67 12.63093 -233.0262
v 1226.1 20.07623 -224.6389
v 1229.206 26.83342 -216.6789
v 1234.531 32.24104 -209.9291
v 1242.192 35.76968 -205.0352
v 1251.307 37.07402 -202.4793
v 1261.325 36.02631 -202.5035
v 1270.833 32.72914 -205.1158
v 1278.779 27.50532 -210.0632
v 1284.387 20.86607 -216.8614
v 1287.108 13.46142 -224.8449
v 1286.675 6.016046 -233.2322
v 1283.131 -0.741088 -241.2024
v 1276.822 -6.148723 -247.9753
v 1268.366 -9.677342 -252.8878
v 1258.598 -10.9817 -255.4591
v 1248.928 -9.93399 -255.4266
v 1240.446 -6.636816 -252.7904
v 1288.783 3.583849 -249.3808
v 1281.364 -2.774817 -257.3448
v 1271.421 -6.924105 -263.1213
v 1259.927 -8.457786 -266.145
v 1248.36 -7.225865 -266.1114
v 1238.334 -3.348798 -263.0127
v 1230.3 2.793789 -257.1645
v 1224.306 10.60067 -249.1567
v 1221.107 19.30765 -239.769
v 1221.616 28.06249 -229.9066
v 1225.325 36.00806 -220.5453
v 1232.208 42.36669 -212.5938
v 1285.012 2.417427 -266.7047
v 1273.964 -2.192968 -273.1233
v 1248.129 -2.528268 -276.4506
v 1236.81 1.779649 -273.0116
v 1221.232 17.27949 -257.6154
v 1217.677 26.95423 -247.1845
v 1218.243 36.682 -236.2258
v 1275.896 4.334164 -282.5092
v 1287.625 9.228528 -275.6952
v 1293.255 9.482765 -257.8555
v 1292.95 11.5294 -240.0087
v 1293.459 20.28422 -230.1463
v 1290.26 28.9912 -220.7587
v 1283.666 36.79808 -212.7649
v 1274.321 42.94075 -206.9474
v 1263.142 46.81776 -203.8757
v 1251.419 48.04967 -203.8457
v 1297.886 18.31142 -247.4419
v 1287.569 46.38851 -217.1701
v 1277.186 53.21384 -210.7061
v 1294.896 37.71396 -226.0524
v 1298.451 28.03926 -236.4833
v 1301.291 26.10152 -255.246
v 1296.375 16.72909 -266.301
v 1298.118 46.69909 -232.539
v 1290.339 55.90799 -223.1097
v 1301.892 36.42853 -243.6124
v 1298.024 25.04419 -274.3926
v 1303.037 34.60028 -263.1211
v 1289.102 17.39669 -283.9709
v 1277.144 12.40641 -290.9184
v 1263.32 10.56185 -294.5548
v 1262.338 2.524984 -286.0757
v 1261.192 -3.897154 -276.4829
v 1248.304 3.978193 -286.0453
v 1235.916 8.551467 -282.4032
v 1226.289 15.79715 -275.5083
v 1227.829 8.60495 -266.5147
v 1219.225 25.00605 -266.0623
v 1215.932 35.27662 -254.9776
v 1235.837 16.70637 -290.8231
v 1248.984 12.04349 -294.5244
v 1225.527 24.09401 -283.8047
v 1218.52 33.48331 -274.169
v 1250.04 21.35772 -301.5645
v 1264.101 19.90454 -301.5943
v 1277.659 21.71367 -298.0277
v 1289.388 26.60808 -291.2138
v 1298.138 34.10863 -281.8196
v 1303.055 43.48108 -270.7646
v 1236.857 25.93101 -297.9411
v 1219.247 42.38556 -281.6216
v 1226.223 33.17672 -291.0698
v 1303.649 45.12957 -251.2596
v 1299.801 55.6014 -239.9692
v 1291.87 64.99062 -230.3551
v 1303.655 53.80807 -259.131
v 1299.881 64.07868 -248.0576
v 1228.614 42.69618 -297.0181
v 1238.984 35.87091 -303.4825
v 1251.406 31.56293 -306.8957
v 1264.651 30.19406 -306.9237
v 1277.422 31.89824 -303.5641
v 1288.47 36.50867 -297.1455
v 1296.714 43.57397 -288.2963
v 1301.344 52.40268 -277.8827
v 1301.91 62.13048 -266.9241
v 1293.804 53.07658 -293.574
v 1297.972 61.02222 -284.2021
v 1286.385 46.71796 -301.5381
v 1276.443 42.56871 -307.3146
v 1264.949 41.03498 -310.3383
v 1283.213 56.84363 -304.2226
v 1289.522 62.25126 -297.4498
v 1274.757 53.31501 -309.1352
v 1264.982 52.01069 -311.7066
v 1254.845 53.05837 -311.6851
v 1253.028 42.26694 -310.3129
v 1241.849 46.144 -307.2412
v 1234.531 32.24104 -209.9291
v 1229.206 26.83342 -216.6789
v 1232.208 42.36669 -212.5938
v 1240.928 46.516 -206.8459
v 1242.192 35.76968 -205.0352
v 1251.419 48.04967 -203.8457
v 1251.307 37.07402 -202.4793
v 1240.043 57.18643 -210.5942
v 1230.424 52.576 -216.9793
v 1225.325 36.00806 -220.5453
v 1222.874 45.51064 -225.8123
v 1221.616 28.06249 -229.9066
v 1218.243 36.682 -236.2258
v 1251.688 58.89059 -207.2609
v 1221.449 54.97607 -232.289
v 1216.533 45.60359 -243.344
v 1217.677 26.95423 -247.1845
v 1215.932 35.27662 -254.9776
v 1229.426 62.4766 -222.9129
v 1239.678 67.37099 -216.1335
v 1252.167 69.18015 -212.5919
v 1266.13 67.72695 -212.6241
v 1264.764 57.52172 -207.2929
v 1263.142 46.81776 -203.8757
v 1279.317 63.15368 -216.2475
v 1277.186 53.21384 -210.7061
v 1274.321 42.94075 -206.9474
v 1290.339 55.90799 -223.1097
v 1287.569 46.38851 -217.1701
v 1216.551 54.48443 -250.9875
v 1215.443 43.95514 -262.8607
v 1240.109 76.67825 -223.2449
v 1229.684 71.688 -230.1564
v 1221.563 64.04053 -239.7159
v 1280.632 72.37832 -223.3585
v 1291.87 64.99062 -230.3551
v 1231.19 79.85615 -238.4315
v 1223.212 72.35561 -247.8076
v 1218.296 62.98317 -258.8626
v 1216.855 52.65619 -270.5159
v 1218.52 33.48331 -274.169
v 1219.225 25.00605 -266.0623
v 1219.247 42.38556 -281.6216
v 1292.103 73.28751 -238.6282
v 1281.08 80.53323 -231.7661
v 1299.881 64.07868 -248.0576
v 1299.801 55.6014 -239.9692
v 1219.93 61.04544 -277.6535
v 1222.038 51.37076 -288.1183
v 1226.223 33.17672 -291.0698
v 1228.614 42.69618 -297.0181
v 1221.22 70.77324 -266.678
v 1225.85 79.60193 -256.2644
v 1291.028 80.47975 -247.611
v 1280.645 87.30504 -241.1469
v 1267.893 85.1065 -228.1427
v 1267.186 77.04117 -219.6642
v 1252.907 78.52282 -219.6324
v 1253.903 86.55969 -228.1112
v 1241.399 84.75057 -231.6532
v 1243.158 91.27765 -241.0431
v 1233.456 86.66724 -247.4301
v 1255.032 92.98186 -237.7044
v 1268.223 91.61298 -237.7338
v 1245.275 96.00877 -251.0549
v 1236.208 91.8595 -256.811
v 1229.37 85.50084 -264.7614
v 1225.179 77.55527 -274.134
v 1224.031 68.80049 -284.0114
v 1226.302 60.09349 -293.4207
v 1232.505 52.28659 -301.4237
v 1238.984 35.87091 -303.4825
v 1241.849 46.144 -307.2412
v 1237.391 61.57939 -304.1254
v 1245.338 56.35552 -309.0728
v 1253.028 42.26694 -310.3129
v 1254.845 53.05837 -311.6851
v 1231.848 68.2186 -297.3257
v 1229.543 75.62331 -289.3325
v 1230.329 83.06866 -280.9369
v 1233.902 89.82581 -272.966
v 1239.891 95.23335 -266.2006
v 1247.92 98.76204 -261.298
v 1257.579 100.0664 -258.7294
v 1256.25 97.5425 -248.0435
v 1268.163 96.31052 -248.0689
v 1279.343 92.43348 -251.1406
v 1267.716 99.01866 -258.7509
v 1277.224 95.7215 -261.3631
v 1285.17 90.49768 -266.3105
v 1288.687 86.2909 -256.9581
v 1295.281 78.48403 -264.9519
v 1298.355 71.8052 -256.4932
v 1301.91 62.13048 -266.9241
v 1303.655 53.80807 -259.131
v 1298.481 69.77702 -274.3395
v 1297.972 61.02222 -284.2021
v 1301.344 52.40268 -277.8827
v 1290.778 83.85844 -273.1087
v 1293.499 76.45374 -281.0922
v 1293.066 69.00839 -289.4795
v 1289.522 62.25126 -297.4498
v 1293.804 53.07658 -293.574
v 1284.032 70.74534 -299.7747
v 1286.816 76.05441 -293.5125
v 1279.075 66.49664 -305.0961
v 1283.213 56.84363 -304.2226
v 1272.431 63.72417 -308.9559
v 1274.757 53.31501 -309.1352
v 1264.751 62.69937 -310.9762
v 1264.982 52.01069 -311.7066
v 1256.786 63.52255 -310.9593
v 1249.316 66.11313 -308.9068
v 1243.073 70.21747 -305.0197
v 1238.666 75.43388 -299.6784
v 1236.558 81.25171 -293.4052
v 1236.983 87.10146 -286.8133
v 1239.78 92.41052 -280.5508
v 1244.657 96.65923 -275.2313
v 1251.254 99.4317 -271.3726
v 1258.934 100.4565 -269.3523
v 1266.899 99.63334 -269.3692
v 1274.369 97.04276 -271.4216
v 1280.613 92.93837 -275.3087
v 1285.019 87.72201 -280.65
v 1287.156 81.90421 -286.9227
v 1260.257 98.69787 -279.5041
v 1254.967 97.99196 -280.8957
v 1265.743 98.13083 -279.5157
v 1270.888 96.34644 -280.9295
v 1275.189 93.51933 -283.6071
v 1278.224 89.92616 -287.2861
v 1279.697 85.91878 -291.6068
v 1279.463 81.88941 -296.146
v 1277.544 78.23244 -300.4594
v 1274.13 75.30593 -304.1249
v 1269.554 73.3962 -306.7835
v 1264.264 72.6903 -308.1751
v 1258.777 73.2573 -308.1635
v 1253.632 75.04172 -306.7498
v 1249.331 77.86886 -304.0723
v 1246.296 81.462 -300.3931
v 1244.824 85.46934 -296.0725
v 1245.058 89.49875 -291.5333
v 1246.976 93.15569 -287.2198
v 1250.391 96.08228 -283.5544
v 1255.926 84.23952 -301.3195
v 1254.379 86.07128 -299.4439
v 1253.628 88.11423 -297.2412
v 1253.748 90.1684 -294.9272
v 1254.726 92.03269 -292.7282
v 1256.466 93.52467 -290.8596
v 1258.799 94.49822 -289.5042
v 1261.496 94.85807 -288.7947
v 1264.293 94.569 -288.8007
v 1266.916 93.6593 -289.5214
v 1269.109 92.21806 -290.8864
v 1270.656 90.38634 -292.762
v 1271.406 88.34335 -294.9646
v 1271.287 86.2892 -297.2787
v 1270.309 84.4249 -299.4777
v 1268.568 82.93295 -301.3463
v 1266.236 81.95939 -302.7017
v 1263.539 81.59954 -303.4111
v 1260.742 81.88862 -303.4052
v 1258.119 82.79829 -302.6845
v 1262.604 89.08468 -296.8672
v 1253.566 0 -217.3214
v 1297.533 47.83232 -246.5955
v 1299.079 47.82301 -242.6423
v 1305.282 62.46607 -249.267
v 1306.494 62.6703 -245.9466
v 1303.752 64.30815 -252.0677
v 1295.415 50.46136 -250.2587
v 1302.017 67.63396 -254.1645
v 1293.862 56.04602 -253.0515
v 1299.864 71.43702 -255.3306
v 1292.441 62.6 -254.4732
v 1298.916 49.14212 -238.5893
v 1306.386 63.74641 -242.2989
v 1296.388 51.86439 -234.8902
v 1304.836 65.24952 -238.8217
v 1292.809 56.53961 -231.6962
v 1302.741 67.95958 -236.2501
v 1290.151 62.46358 -229.4877
v 1301.081 71.89059 -235.3889
v 1288.667 68.51534 -229.856
v 1305.695 78.90608 -256.5884
v 1308.094 77.74541 -255.031
v 1308.062 85.05487 -257.9316
v 1309.471 84.49628 -257.0634
v 1310.044 77.22033 -252.9303
v 1310.668 84.30101 -255.8756
v 1311.31 77.54988 -250.66
v 1311.455 84.53783 -254.5747
v 1306.662 85.85829 -258.3264
v 1311.822 78.49571 -248.4465
v 1311.747 85.12267 -253.3137
v 1311.519 79.82005 -246.5651
v 1311.56 85.91303 -252.2449
v 1310.491 81.34342 -245.3018
v 1303.362 80.42645 -257.2815
v 1290.561 67.58732 -254.12
v 1292.441 62.6 -254.4732
v 1297.635 74.46645 -255.0806
v 1299.864 71.43702 -255.3306
v 1295.942 76.61806 -253.261
v 1288.576 70.58035 -251.8441
v 1295.037 78.2794 -250.1721
v 1287.056 72.71501 -247.775
v 1295.238 79.24337 -246.3149
v 1286.441 74.13611 -242.7076
v 1296.344 79.45487 -242.4387
v 1286.857 74.58889 -237.5753
v 1297.974 78.41096 -238.9568
v 1287.684 73.07272 -233.0368
v 1299.526 75.73945 -236.3771
v 1288.667 68.51534 -229.856
v 1301.081 71.89059 -235.3889
v 1301.579 81.99407 -256.9051
v 1303.362 80.42645 -257.2815
v 1305.633 86.81097 -258.1233
v 1306.662 85.85829 -258.3264
v 1304.952 87.75119 -257.4287
v 1300.399 83.48701 -255.6438
v 1309.53 88.7191 -255.7479
v 1304.705 88.56596 -256.3683
v 1309.53 88.7191 -255.7479
v 1299.947 84.7949 -253.7551
v 1305.083 89.08896 -255.0771
v 1309.53 88.7191 -255.7479
v 1300.646 85.61147 -251.4774
v 1305.943 89.27848 -253.7551
v 1309.53 88.7191 -255.7479
v 1307.168 89.06546 -252.565
v 1302.159 85.82866 -249.1055
v 1304.291 85.33694 -246.9388
v 1308.559 88.49847 -251.7068
v 1309.53 88.7191 -255.7479
v 1309.883 87.69333 -251.3398
v 1306.631 84.30698 -245.4339
v 1308.809 82.89365 -244.8632
v 1310.932 86.79177 -251.5348
v 1309.53 88.7191 -255.7479
v 1310.491 81.34342 -245.3018
v 1311.56 85.91303 -252.2449
v 1309.53 88.7191 -255.7479
v 1311.519 79.82005 -246.5651
v 1309.53 88.7191 -255.7479
v 1311.747 85.12267 -253.3137
v 1309.53 88.7191 -255.7479
v 1311.455 84.53783 -254.5747
v 1309.53 88.7191 -255.7479
v 1310.668 84.30101 -255.8756
v 1309.471 84.49628 -257.0634
v 1309.53 88.7191 -255.7479
v 1308.062 85.05487 -257.9316
v 1309.471 84.49628 -257.0634
v 1306.662 85.85829 -258.3264
v 1309.53 88.7191 -255.7479
v 1264.821 66.47994 -309.3532
v 1268.329 64.90884 -310.3418
v 1268.776 77.21478 -314.144
v 1265.707 80.22322 -313.1953
v 1267.429 90.27543 -317.8566
v 1269.956 88.37468 -317.7752
v 1268.921 96.37251 -320.5479
v 1270.52 95.69647 -321.2182
v 1272.746 87.38125 -317.5454
v 1272.183 95.35265 -321.4982
v 1275.277 87.24339 -317.2939
v 1273.724 95.39115 -321.4354
v 1277.477 87.79565 -316.6504
v 1275.011 95.74548 -321.0674
v 1272.665 75.78671 -314.6003
v 1265.579 92.41459 -317.0411
v 1280.199 75.51667 -311.9825
v 1282.973 77.17629 -309.7834
v 1279.74 67.80707 -302.6849
v 1282.879 71.75106 -299.4364
v 1284.165 80.33387 -307.677
v 1283.487 76.38635 -296.5383
v 1283.344 84.01711 -305.7541
v 1275.844 65.21713 -306.5458
v 1276.54 75.25358 -313.8006
v 1272.078 64.41834 -309.5493
v 1279.028 88.93253 -315.7878
v 1279.743 90.50047 -314.8654
v 1275.813 96.27602 -320.1969
v 1261.962 70.28104 -307.1151
v 1264.821 66.47994 -309.3532
v 1265.707 80.22322 -313.1953
v 1263.478 84.30287 -312.0431
v 1259.901 76.33118 -304.6109
v 1262.05 88.46725 -310.4404
v 1258.42 82.71883 -302.0381
v 1261.873 91.34609 -308.1255
v 1258.647 87.05785 -299.5817
v 1263.263 92.78368 -305.9214
v 1260.682 88.89722 -297.0168
v 1266.459 93.04916 -304.4769
v 1264.387 89.17269 -294.9106
v 1270.817 92.27416 -303.858
v 1269.273 88.11664 -293.6962
v 1275.342 90.38452 -303.8689
v 1275.232 85.11169 -293.4825
v 1280.181 87.51454 -304.4264
v 1280.781 81.18419 -294.4341
v 1283.344 84.01711 -305.7541
v 1283.487 76.38635 -296.5383
v 1265.005 95.86081 -313.2898
v 1266.424 96.50715 -311.8768
v 1268.569 98.83873 -316.0005
v 1267.652 98.38667 -316.9261
v 1264.693 94.34922 -315.2814
v 1267.278 97.77354 -318.1024
v 1272.049 99.22952 -319.6337
v 1267.705 97.08833 -319.4381
v 1268.921 96.37251 -320.5479
v 1269.925 99.06969 -315.4782
v 1272.049 99.22952 -319.6337
v 1269.02 96.55148 -311.31
v 1271.63 99.09479 -315.6776
v 1272.049 99.22952 -319.6337
v 1273.305 98.9557 -316.3044
v 1274.701 98.5851 -317.2434
v 1272.462 96.06828 -311.7849
v 1275.755 95.34544 -312.7682
v 1278.186 94.12069 -313.7017
v 1275.654 97.93779 -318.3
v 1272.049 99.22952 -319.6337
v 1276.05 97.09596 -319.3023
v 1275.813 96.27602 -320.1969
v 1275.011 95.74548 -321.0674
v 1279.497 92.37914 -314.2306
v 1279.743 90.50047 -314.8654
v 1284.165 80.33387 -307.677
v 1272.049 99.22952 -319.6337
v 1268.921 96.37251 -320.5479
v 1270.52 95.69647 -321.2182
v 1272.049 99.22952 -319.6337
v 1270.52 95.69647 -321.2182
v 1272.183 95.35265 -321.4982
v 1273.724 95.39115 -321.4354
v 1275.011 95.74548 -321.0674
v 1267.429 90.27543 -317.8566
v 1265.579 92.41459 -317.0411
v 1212.46 55.16543 -266.4491
v 1211.473 50.36768 -265.916
v 1206.75 57.33085 -277.3704
v 1205.849 53.9902 -277.0625
v 1208.332 60.39094 -279.0758
v 1214.092 59.82932 -269.5802
v 1210.445 62.69828 -281.8492
v 1216.188 63.53524 -274.5443
v 1212.862 63.982 -285.2891
v 1218.431 65.56774 -280.1017
v 1215.088 63.83521 -288.5188
v 1220.499 65.48051 -285.1072
v 1203.955 59.57522 -285.646
v 1203.056 57.20647 -285.6068
v 1201.969 62.3829 -292.7681
v 1201.444 60.99176 -292.8
v 1201.563 62.23943 -297.5034
v 1202.689 63.68217 -293.2665
v 1201.563 62.23943 -297.5034
v 1205.415 61.83461 -286.6898
v 1203.524 64.66336 -294.1821
v 1201.563 62.23943 -297.5034
v 1207.22 63.59542 -288.5026
v 1204.414 65.1545 -295.3498
v 1201.563 62.23943 -297.5034
v 1209.088 64.51355 -290.6798
v 1205.247 65.06881 -296.5781
v 1201.563 62.23943 -297.5034
v 1210.709 64.35046 -292.7469
v 1205.874 64.44083 -297.7107
v 1201.563 62.23943 -297.5034
v 1211.861 63.23109 -294.567
v 1206.144 63.38612 -298.5999
v 1201.563 62.23943 -297.5034
v 1212.412 61.41214 -295.9951
v 1216.785 62.20513 -291.0325
v 1220.499 65.48051 -285.1072
v 1217.69 59.52351 -292.8063
v 1222.138 63.46394 -289.2861
v 1220.499 65.48051 -285.1072
v 1222.903 59.82849 -292.1948
v 1211.98 59.09779 -296.6089
v 1205.88 62.03331 -299.023
v 1217.396 56.22908 -293.5822
v 1222.536 55.28611 -293.6195
v 1216.196 52.86268 -293.367
v 1221.291 50.30993 -293.069
v 1201.563 62.23943 -297.5034
v 1201.563 62.23943 -297.5034
v 1201.253 59.68316 -293.3087
v 1202.792 54.96089 -286.3716
v 1205.78 50.78465 -277.9416
v 1201.563 62.23943 -297.5034
v 1201.453 58.61527 -294.1549
v 1222.536 55.28611 -293.6195
v 1224.011 60.82669 -293.9001
v 1222.903 59.82849 -292.1948
v 1223.17 65.00825 -290.5645
v 1222.138 63.46394 -289.2861
v 1221.335 67.23735 -285.6273
v 1220.499 65.48051 -285.1072
v 1219.026 67.21885 -279.6867
v 1223.596 55.63814 -295.5827
v 1221.291 50.30993 -293.069
v 1220.499 65.48051 -285.1072
v 1216.526 64.86668 -273.2535
v 1214.176 60.57994 -267.4796
v 1212.35 55.21167 -263.8505
v 1211.246 49.7104 -263.2507
v 1211.235 44.53936 -264.987
v 1211.456 45.85889 -267.4106
v 1212.548 40.67424 -269.1281
v 1212.607 42.47792 -270.9742
v 1215.632 46.673 -255.8554
v 1217.015 53.38528 -257.7046
v 1218.642 59.35225 -261.9782
v 1216.526 64.86668 -273.2535
v 1220.676 64.11584 -268.5872
v 1219.026 67.21885 -279.6867
v 1220.676 64.11584 -268.5872
v 1216.526 64.86668 -273.2535
v 1222.846 66.81629 -275.9577
v 1221.335 67.23735 -285.6273
v 1224.809 66.92993 -282.609
v 1223.17 65.00825 -290.5645
v 1226.426 64.98308 -288.6787
v 1224.011 60.82669 -293.9001
v 1227.072 60.47078 -292.3107
v 1223.596 55.63814 -295.5827
v 1226.648 54.94053 -294.2571
v 1219.711 45.95309 -291.0981
v 1221.291 50.30993 -293.069
v 1214.388 49.81017 -291.9231
v 1216.196 52.86268 -293.367
v 1212.265 47.52847 -289.3419
v 1217.884 42.5343 -287.1368
v 1209.999 46.41848 -286.0332
v 1216.116 40.77295 -281.9908
v 1208.101 46.60112 -282.6035
v 1214.371 40.80721 -276.3377
v 1206.587 48.15454 -279.7704
v 1212.607 42.47792 -270.9742
v 1205.78 50.78465 -277.9416
v 1211.456 45.85889 -267.4106
v 1205.849 53.9902 -277.0625
v 1211.473 50.36768 -265.916
v 1207.403 52.60831 -293.5801
v 1209.274 54.3158 -295.2803
v 1203.509 58.31961 -297.5178
v 1204.373 59.29949 -298.4389
v 1202.682 57.84142 -296.3773
v 1201.563 62.23943 -297.5034
v 1201.563 62.23943 -297.5034
v 1205.592 51.79318 -291.5594
v 1201.956 57.95039 -295.2038
v 1201.563 62.23943 -297.5034
v 1204.133 52.00951 -289.5596
v 1201.453 58.61527 -294.1549
v 1201.563 62.23943 -297.5034
v 1203.17 53.13956 -287.7662
v 1201.253 59.68316 -293.3087
v 1202.792 54.96089 -286.3716
v 1201.563 62.23943 -297.5034
v 1205.217 60.60951 -298.9764
v 1205.88 62.03331 -299.023
v 1201.563 62.23943 -297.5034
v 1204.373 59.29949 -298.4389
v 1205.217 60.60951 -298.9764
v 1205.88 62.03331 -299.023
v 1205.217 60.60951 -298.9764
v 1211.98 59.09779 -296.6089
v 1210.888 56.6273 -296.3902
v 1217.396 56.22908 -293.5822
v 1222.191 49.82517 -294.8029
v 1221.291 50.30993 -293.069
v 1219.711 45.95309 -291.0981
v 1220.437 44.7354 -292.4151
v 1217.884 42.5343 -287.1368
v 1218.419 40.79963 -287.8494
v 1216.116 40.77295 -281.9908
v 1218.419 40.79963 -287.8494
v 1217.884 42.5343 -287.1368
v 1216.484 38.76366 -281.9092
v 1214.371 40.80721 -276.3377
v 1214.545 38.78848 -275.3683
v 1216.484 38.76366 -281.9092
v 1212.548 40.67424 -269.1281
v 1220.947 36.25196 -278.7173
v 1222.328 38.54058 -285.3407
v 1218.419 40.79963 -287.8494
v 1219.375 36.2247 -271.3978
v 1217.441 37.97032 -264.0178
v 1211.235 44.53936 -264.987
v 1215.661 41.13428 -257.8496
v 1211.246 49.7104 -263.2507
v 1215.632 46.673 -255.8554
v 1222.328 38.54058 -285.3407
v 1223.942 42.88749 -290.4423
v 1218.419 40.79963 -287.8494
v 1220.437 44.7354 -292.4151
v 1225.35 48.42088 -293.0427
v 1222.191 49.82517 -294.8029
v 1226.648 54.94053 -294.2571
v 1223.596 55.63814 -295.5827
v 1233.978 65.88981 -227.5652
v 1233.188 62.31093 -224.271
v 1224.569 68.77617 -223.6944
v 1223.854 65.75079 -221.4994
v 1224.114 71.18282 -227.7635
v 1233.586 69.01448 -234.2311
v 1223.015 72.83257 -231.7577
v 1231.897 71.25626 -239.5946
v 1221.892 73.52447 -234.9084
v 1229.031 72.16744 -243.0337
v 1220.764 72.88932 -237.404
v 1226.187 71.39569 -245.3261
v 1219.204 70.85986 -238.638
v 1223.32 68.86099 -246.3274
v 1217.06 67.73702 -238.1914
v 1220.681 63.88079 -248.0768
v 1215.376 64.04547 -236.645
v 1219.251 59.15622 -246.6262
v 1214.792 60.4772 -234.9955
v 1217.501 53.56986 -242.9472
v 1214.911 57.40039 -232.9186
v 1215.884 75.43893 -231.4271
v 1216.148 75.12544 -228.8806
v 1211.44 76.61265 -230.0342
v 1211.642 76.44012 -228.5772
v 1208.073 74.38653 -228.0405
v 1210.889 76.25422 -231.1465
v 1210.173 75.47037 -231.8905
v 1209.404 74.39606 -232.1657
v 1208.734 73.18986 -231.7602
v 1215.322 74.79813 -233.1325
v 1214.349 73.39043 -234.108
v 1213.094 71.48117 -234.3661
v 1211.975 69.36187 -233.5908
v 1216.061 73.9814 -226.1544
v 1215.635 72.23869 -223.8715
v 1211.497 75.80756 -227.1438
v 1208.073 74.38653 -228.0405
v 1211.016 74.82941 -225.9803
v 1208.073 74.38653 -228.0405
v 1214.826 70.21562 -222.388
v 1210.453 73.67567 -225.1436
v 1208.073 74.38653 -228.0405
v 1211.176 67.27669 -232.008
v 1213.873 68.1293 -221.7161
v 1209.842 72.48523 -224.7721
v 1208.073 74.38653 -228.0405
v 1209.194 71.4112 -224.9226
v 1208.627 70.62148 -225.5441
v 1208.218 70.27068 -226.6153
v 1207.956 70.42573 -228.0427
v 1212.809 66.24442 -222.0123
v 1208.073 74.38653 -228.0405
v 1207.87 71.0508 -229.5956
v 1208.073 74.38653 -228.0405
v 1208.205 72.02695 -230.8573
v 1222.649 62.21666 -221.5133
v 1208.073 74.38653 -228.0405
v 1208.205 72.02695 -230.8573
v 1219.534 50.7245 -239.8424
v 1217.501 53.56986 -242.9472
v 1214.911 57.40039 -232.9186
v 1215.972 55.24115 -230.6861
v 1222.816 48.00092 -237.0454
v 1217.922 54.64787 -228.2648
v 1226.354 48.08078 -234.342
v 1219.945 55.83338 -225.9824
v 1228.853 50.75418 -231.6313
v 1221.44 58.65166 -223.3667
v 1230.353 54.42776 -227.7984
v 1222.649 62.21666 -221.5133
v 1231.782 58.37373 -224.5016
v 1223.854 65.75079 -221.4994
v 1210.668 64.38523 -227.419
v 1210.712 65.49185 -229.8411
v 1207.956 70.42573 -228.0427
v 1207.87 71.0508 -229.5956
v 1211.176 67.27669 -232.008
v 1208.205 72.02695 -230.8573
v 1211.975 69.36187 -233.5908
v 1208.734 73.18986 -231.7602
v 1208.218 70.27068 -226.6153
v 1211.068 64.16528 -225.0124
v 1208.627 70.62148 -225.5441
v 1211.82 64.85221 -223.1439
v 1209.194 71.4112 -224.9226
v 1212.809 66.24442 -222.0123
v 1214.792 60.4772 -234.9955
v 1213.873 68.1293 -221.7161
v 1214.826 70.21562 -222.388
v 1233.188 62.31093 -224.271
vt 0.393037 0.675465
vt 0.395761 0.680554
vt 0.408495 0.663825
vt 0.413863 0.673792
vt 0.400362 0.655434
vt 0.388896 0.671175
vt 0.390261 0.649423
vt 0.383744 0.6681
vt 0.37918 0.646368
vt 0.378082 0.666536
vt 0.368494 0.646566
vt 0.372534 0.666638
vt 0.35939 0.650006
vt 0.367697 0.668397
vt 0.352355 0.656351
vt 0.363962 0.671641
vt 0.347853 0.664993
vt 0.361581 0.676056
vt 0.34627 0.675099
vt 0.360789 0.681212
vt 0.348246 0.685697
vt 0.361804 0.68661
vt 0.353132 0.695737
vt 0.364396 0.691718
vt 0.360573 0.704227
vt 0.368358 0.696033
vt 0.370067 0.710325
vt 0.373346 0.699131
vt 0.380851 0.713423
vt 0.378921 0.700705
vt 0.391925 0.713213
vt 0.384553 0.7006
vt 0.401867 0.709709
vt 0.389608 0.698825
vt 0.40964 0.703266
vt 0.393568 0.695555
vt 0.414483 0.69453
vt 0.396044 0.691117
vt 0.415933 0.684371
vt 0.396798 0.685947
vt 0.383712 0.722523
vt 0.399838 0.722212
vt 0.414319 0.717096
vt 0.425619 0.707698
vt 0.432633 0.694973
vt 0.434695 0.680197
vt 0.431641 0.664833
vt 0.423804 0.650379
vt 0.411973 0.638224
vt 0.397304 0.629523
vt 0.381259 0.6251
vt 0.366043 0.625388
vt 0.35308 0.630362
vt 0.343208 0.639551
vt 0.336829 0.652076
vt 0.334509 0.66674
vt 0.337345 0.682143
vt 0.344252 0.696754
vt 0.354735 0.70912
vt 0.368166 0.718006
vt 0.328139 0.637749
vt 0.336383 0.621834
vt 0.325181 0.656411
vt 0.328742 0.676042
vt 0.337634 0.69469
vt 0.350703 0.710483
vt 0.367994 0.721849
vt 0.387512 0.727618
vt 0.408003 0.727216
vt 0.426501 0.72067
vt 0.440909 0.708655
vt 0.449819 0.692406
vt 0.452396 0.673563
vt 0.448446 0.653996
vt 0.438412 0.63561
vt 0.42331 0.620164
vt 0.404619 0.609115
vt 0.384143 0.603495
vt 0.364763 0.603851
vt 0.348615 0.610163
vt 0.451787 0.620048
vt 0.433968 0.601902
vt 0.411944 0.588927
vt 0.387821 0.582324
vt 0.364605 0.582723
vt 0.345484 0.590118
vt 0.331201 0.603817
vt 0.321642 0.622518
vt 0.318124 0.644468
vt 0.322305 0.667586
vt 0.332899 0.689575
vt 0.34962 0.708244
vt 0.443556 0.584097
vt 0.419016 0.569686
vt 0.365878 0.562771
vt 0.344219 0.570962
vt 0.317663 0.606938
vt 0.313724 0.631343
vt 0.318369 0.657071
vt 0.425578 0.552093
vt 0.45172 0.5674
vt 0.463435 0.604258
vt 0.46366 0.641666
vt 0.468375 0.664696
vt 0.465395 0.686897
vt 0.454928 0.706063
vt 0.437947 0.720246
vt 0.416114 0.72798
vt 0.392027 0.728458
vt 0.47671 0.628288
vt 0.467127 0.699977
vt 0.448211 0.715789
vt 0.478755 0.678624
vt 0.482022 0.653907
vt 0.487093 0.614349
vt 0.472915 0.588815
vt 0.489366 0.66787
vt 0.477013 0.690589
vt 0.4928 0.641583
vt 0.479857 0.574297
vt 0.494395 0.600367
vt 0.458147 0.552433
vt 0.431387 0.536805
vt 0.402123 0.52884
vt 0.396979 0.544297
vt 0.392155 0.562349
vt 0.368667 0.544727
vt 0.344848 0.553394
vt 0.327594 0.569521
vt 0.328196 0.586162
vt 0.316246 0.591581
vt 0.313047 0.617539
vt 0.347673 0.538081
vt 0.373103 0.529269
vt 0.329002 0.55451
vt 0.317801 0.577033
vt 0.378827 0.516988
vt 0.4074 0.516573
vt 0.436221 0.524407
vt 0.462581 0.53977
vt 0.483972 0.561256
vt 0.498302 0.586871
vt 0.353195 0.525627
vt 0.322516 0.563859
vt 0.333741 0.541739
vt 0.500269 0.628175
vt 0.496788 0.65502
vt 0.484173 0.678224
vt 0.504103 0.614187
vt 0.500694 0.640551
vt 0.342224 0.531731
vt 0.361341 0.516535
vt 0.385584 0.508379
vt 0.412614 0.507991
vt 0.439887 0.515397
vt 0.464832 0.529913
vt 0.485071 0.550205
vt 0.498627 0.574386
vt 0.504113 0.600157
vt 0.483077 0.541592
vt 0.495316 0.563406
vt 0.464786 0.523272
vt 0.442232 0.510159
vt 0.41757 0.503467
vt 0.462415 0.520147
vt 0.478027 0.535782
vt 0.443148 0.508948
vt 0.422074 0.50323
vt 0.401195 0.503527
vt 0.393133 0.503814
vt 0.37123 0.51118
vt 0.350703 0.710483
vt 0.337634 0.69469
vt 0.34962 0.708244
vt 0.369443 0.721653
vt 0.367994 0.721849
vt 0.392027 0.728458
vt 0.387512 0.727618
vt 0.371672 0.717351
vt 0.349694 0.702396
vt 0.332899 0.689575
vt 0.331243 0.68159
vt 0.322305 0.667586
vt 0.318369 0.657071
vt 0.396863 0.724944
vt 0.331715 0.670982
vt 0.317994 0.644895
vt 0.313724 0.631343
vt 0.313047 0.617539
vt 0.35131 0.693129
vt 0.374836 0.709058
vt 0.401972 0.717155
vt 0.430923 0.716599
vt 0.423857 0.724414
vt 0.416114 0.72798
vt 0.456876 0.707419
vt 0.448211 0.715789
vt 0.437947 0.720246
vt 0.477013 0.690589
vt 0.467127 0.699977
vt 0.321235 0.631507
vt 0.31512 0.603547
vt 0.379376 0.697063
vt 0.355339 0.680784
vt 0.335295 0.658155
vt 0.463581 0.695413
vt 0.484173 0.678224
vt 0.361655 0.665814
vt 0.341876 0.643588
vt 0.328008 0.617415
vt 0.321211 0.589933
vt 0.317801 0.577033
vt 0.316246 0.591581
vt 0.322516 0.563859
vt 0.488292 0.663334
vt 0.468036 0.680206
vt 0.500694 0.640551
vt 0.496788 0.65502
vt 0.330745 0.577222
vt 0.331632 0.552611
vt 0.333741 0.541739
vt 0.342224 0.531731
vt 0.337066 0.603141
vt 0.350204 0.627818
vt 0.489172 0.646486
vt 0.470037 0.662375
vt 0.441906 0.689402
vt 0.437025 0.704787
vt 0.407297 0.705346
vt 0.412678 0.689943
vt 0.385295 0.681805
vt 0.391643 0.663849
vt 0.369112 0.648774
vt 0.417722 0.671529
vt 0.445355 0.671029
vt 0.398071 0.643903
vt 0.377019 0.630324
vt 0.35995 0.611468
vt 0.348004 0.589248
vt 0.342281 0.565897
vt 0.343827 0.543725
vt 0.353956 0.524898
vt 0.361341 0.516535
vt 0.37123 0.51118
vt 0.367772 0.521529
vt 0.382497 0.509818
vt 0.393133 0.503814
vt 0.401195 0.503527
vt 0.3586 0.537573
vt 0.356537 0.556448
vt 0.361058 0.576314
vt 0.371294 0.595208
vt 0.38623 0.611238
vt 0.404854 0.622786
vt 0.426109 0.628687
vt 0.42221 0.65083
vt 0.44722 0.650392
vt 0.46948 0.642622
vt 0.447413 0.628325
vt 0.466372 0.62174
vt 0.481091 0.609619
vt 0.486747 0.628339
vt 0.497333 0.609023
vt 0.50089 0.625016
vt 0.504113 0.600157
vt 0.504103 0.614187
vt 0.500256 0.586636
vt 0.495316 0.563406
vt 0.498627 0.574386
vt 0.490132 0.593208
vt 0.492648 0.574165
vt 0.488457 0.554381
vt 0.478027 0.535782
vt 0.483077 0.541592
vt 0.470084 0.533037
vt 0.478286 0.547689
vt 0.45778 0.520705
vt 0.462415 0.520147
vt 0.442579 0.511865
vt 0.443148 0.508948
vt 0.425944 0.50735
vt 0.422074 0.50323
vt 0.409466 0.507586
vt 0.394721 0.512555
vt 0.38313 0.521796
vt 0.375827 0.53444
vt 0.373614 0.549284
vt 0.376806 0.564893
vt 0.384873 0.579727
vt 0.397008 0.592309
vt 0.412278 0.601376
vt 0.42918 0.606008
vt 0.445922 0.605732
vt 0.460828 0.600581
vt 0.472415 0.591086
vt 0.479551 0.578212
vt 0.48156 0.563253
vt 0.431282 0.583727
vt 0.419646 0.580546
vt 0.442806 0.583543
vt 0.453072 0.580014
vt 0.461066 0.573498
vt 0.466004 0.56465
vt 0.467415 0.554351
vt 0.465178 0.543619
vt 0.459531 0.533499
vt 0.451037 0.524971
vt 0.440527 0.518853
vt 0.429019 0.515727
vt 0.417621 0.515892
vt 0.407431 0.519335
vt 0.399435 0.52573
vt 0.394418 0.534469
vt 0.39288 0.544712
vt 0.394991 0.555464
vt 0.400561 0.56567
vt 0.409057 0.574318
vt 0.416045 0.533211
vt 0.413495 0.537681
vt 0.412728 0.542912
vt 0.413822 0.548393
vt 0.416676 0.553587
vt 0.421013 0.557983
vt 0.426408 0.561146
vt 0.432331 0.562762
vt 0.438196 0.562671
vt 0.443426 0.560882
vt 0.447504 0.557575
vt 0.450033 0.553076
vt 0.450768 0.547831
vt 0.449641 0.542355
vt 0.446767 0.537183
vt 0.44243 0.532818
vt 0.437056 0.529684
vt 0.431166 0.528082
vt 0.425334 0.528168
vt 0.420124 0.529934
vt 0.432289 0.543964
vt 0.377988 0.684875
vt 0.488631 0.63875
vt 0.491869 0.647036
vt 0.511376 0.637513
vt 0.514025 0.644582
vt 0.50897 0.632152
vt 0.485328 0.631846
vt 0.506787 0.628709
vt 0.484485 0.627627
vt 0.503924 0.62737
vt 0.484338 0.626566
vt 0.492101 0.655938
vt 0.514281 0.65261
vt 0.487981 0.664543
vt 0.51168 0.660418
vt 0.482482 0.67272
vt 0.508463 0.666701
vt 0.479447 0.679251
vt 0.506704 0.669761
vt 0.478933 0.680404
vt 0.519654 0.626922
vt 0.524225 0.629885
vt 0.527496 0.625894
vt 0.530244 0.627578
vt 0.528128 0.63419
vt 0.532704 0.63005
vt 0.530968 0.639112
vt 0.534491 0.632894
vt 0.524881 0.625292
vt 0.53249 0.644103
vt 0.535382 0.635757
vt 0.532453 0.648508
vt 0.53535 0.638275
vt 0.530967 0.651664
vt 0.515384 0.625901
vt 0.482536 0.62879
vt 0.484338 0.626566
vt 0.500547 0.628802
vt 0.503924 0.62737
vt 0.497907 0.633307
vt 0.479636 0.6345
vt 0.496723 0.64037
vt 0.477343 0.643766
vt 0.497578 0.648863
vt 0.476655 0.654947
vt 0.500023 0.657169
vt 0.477734 0.665975
vt 0.503023 0.664243
vt 0.47883 0.675121
vt 0.505125 0.668881
vt 0.478933 0.680404
vt 0.506704 0.669761
vt 0.512298 0.627168
vt 0.515384 0.625901
vt 0.523122 0.62601
vt 0.524881 0.625292
vt 0.522098 0.627772
vt 0.510458 0.6303
vt 0.532314 0.63165
vt 0.521944 0.63028
vt 0.532314 0.63165
vt 0.510084 0.634718
vt 0.522989 0.633194
vt 0.532314 0.63165
vt 0.511942 0.63982
vt 0.524914 0.636074
vt 0.532314 0.63165
vt 0.527431 0.63855
vt 0.515267 0.644943
vt 0.519588 0.649411
vt 0.530139 0.64021
vt 0.532314 0.63165
vt 0.532595 0.640748
vt 0.524106 0.6523
vt 0.528098 0.653078
vt 0.534416 0.640057
vt 0.532314 0.63165
vt 0.530967 0.651664
vt 0.53535 0.638275
vt 0.532314 0.63165
vt 0.532453 0.648508
vt 0.532314 0.63165
vt 0.535382 0.635757
vt 0.532314 0.63165
vt 0.534491 0.632894
vt 0.532314 0.63165
vt 0.532704 0.63005
vt 0.530244 0.627578
vt 0.532314 0.63165
vt 0.527496 0.625894
vt 0.530244 0.627578
vt 0.524881 0.625292
vt 0.532314 0.63165
vt 0.427642 0.511702
vt 0.434407 0.509228
vt 0.440473 0.504173
vt 0.435206 0.506923
vt 0.443094 0.499437
vt 0.447686 0.49915
vt 0.448869 0.495155
vt 0.452005 0.493556
vt 0.453217 0.4994
vt 0.45542 0.492875
vt 0.458559 0.499903
vt 0.458735 0.493018
vt 0.463488 0.501411
vt 0.461644 0.493891
vt 0.44813 0.502857
vt 0.44004 0.501701
vt 0.464007 0.508348
vt 0.470611 0.513425
vt 0.459744 0.526132
vt 0.468076 0.53401
vt 0.47451 0.518687
vt 0.471361 0.541352
vt 0.474364 0.523706
vt 0.450412 0.517323
vt 0.45613 0.504425
vt 0.442122 0.510782
vt 0.46729 0.503529
vt 0.469497 0.505883
vt 0.46359 0.495884
vt 0.423152 0.517375
vt 0.427642 0.511702
vt 0.435206 0.506923
vt 0.432161 0.510379
vt 0.421261 0.524198
vt 0.430848 0.514829
vt 0.420732 0.53129
vt 0.431671 0.520495
vt 0.423003 0.537643
vt 0.435242 0.525572
vt 0.428107 0.543596
vt 0.442191 0.528729
vt 0.436132 0.548165
vt 0.451181 0.529854
vt 0.446118 0.550478
vt 0.460044 0.529347
vt 0.457549 0.550139
vt 0.469138 0.527424
vt 0.46768 0.547077
vt 0.474364 0.523706
vt 0.471361 0.541352
vt 0.440265 0.510576
vt 0.443577 0.513763
vt 0.449165 0.505503
vt 0.447007 0.503407
vt 0.43896 0.505939
vt 0.445945 0.500735
vt 0.456797 0.497806
vt 0.446569 0.497706
vt 0.448869 0.495155
vt 0.452172 0.50668
vt 0.456797 0.497806
vt 0.449158 0.514988
vt 0.455839 0.506258
vt 0.456797 0.497806
vt 0.459371 0.50488
vt 0.462207 0.502775
vt 0.456325 0.51385
vt 0.463063 0.511565
vt 0.467737 0.509263
vt 0.463969 0.500352
vt 0.456797 0.497806
vt 0.464453 0.497999
vt 0.46359 0.495884
vt 0.461644 0.493891
vt 0.469787 0.507701
vt 0.469497 0.505883
vt 0.47451 0.518687
vt 0.456797 0.497806
vt 0.448869 0.495155
vt 0.452005 0.493556
vt 0.456797 0.497806
vt 0.452005 0.493556
vt 0.45542 0.492875
vt 0.458735 0.493018
vt 0.461644 0.493891
vt 0.443094 0.499437
vt 0.44004 0.501701
vt 0.312876 0.599186
vt 0.309087 0.598953
vt 0.301631 0.576804
vt 0.298556 0.576541
vt 0.306052 0.574045
vt 0.317992 0.593907
vt 0.311333 0.56882
vt 0.32376 0.584469
vt 0.316899 0.561904
vt 0.329241 0.573289
vt 0.321546 0.555045
vt 0.333579 0.562688
vt 0.296535 0.559976
vt 0.29381 0.559429
vt 0.293336 0.545695
vt 0.291739 0.545266
vt 0.292429 0.535666
vt 0.295312 0.54498
vt 0.292429 0.535666
vt 0.300413 0.558375
vt 0.297422 0.543301
vt 0.292429 0.535666
vt 0.304848 0.555016
vt 0.299476 0.540961
vt 0.292429 0.535666
vt 0.309119 0.55066
vt 0.301205 0.538345
vt 0.292429 0.535666
vt 0.312486 0.546251
vt 0.302307 0.535791
vt 0.292429 0.535666
vt 0.314514 0.542118
vt 0.302503 0.533644
vt 0.292429 0.535666
vt 0.315021 0.538636
vt 0.324535 0.549311
vt 0.333579 0.562688
vt 0.325464 0.544872
vt 0.336295 0.553327
vt 0.333579 0.562688
vt 0.336563 0.54624
vt 0.313277 0.536749
vt 0.301464 0.532407
vt 0.323646 0.542387
vt 0.334116 0.542065
vt 0.319903 0.541972
vt 0.329676 0.541942
vt 0.292429 0.535666
vt 0.292429 0.535666
vt 0.29088 0.543855
vt 0.292469 0.557226
vt 0.297284 0.573823
vt 0.292429 0.535666
vt 0.290928 0.541796
vt 0.334116 0.542065
vt 0.33927 0.542904
vt 0.336563 0.54624
vt 0.339046 0.551033
vt 0.336295 0.553327
vt 0.335996 0.562059
vt 0.333579 0.562688
vt 0.331107 0.574616
vt 0.336474 0.538025
vt 0.329676 0.541942
vt 0.333579 0.562688
vt 0.32496 0.587564
vt 0.318441 0.598546
vt 0.312661 0.604666
vt 0.308377 0.604361
vt 0.306518 0.59926
vt 0.307449 0.594554
vt 0.307896 0.589519
vt 0.308658 0.586156
vt 0.316489 0.618997
vt 0.321811 0.617063
vt 0.327408 0.609793
vt 0.32496 0.587564
vt 0.333449 0.597209
vt 0.331107 0.574616
vt 0.333449 0.597209
vt 0.32496 0.587564
vt 0.339035 0.582391
vt 0.335996 0.562059
vt 0.343228 0.568359
vt 0.339046 0.551033
vt 0.345916 0.55501
vt 0.33927 0.542904
vt 0.34559 0.546163
vt 0.336474 0.538025
vt 0.342636 0.540635
vt 0.324777 0.544954
vt 0.329676 0.541942
vt 0.315006 0.544218
vt 0.319903 0.541972
vt 0.309737 0.549042
vt 0.319718 0.552361
vt 0.304595 0.555687
vt 0.31539 0.562659
vt 0.300681 0.562923
vt 0.311754 0.574485
vt 0.298055 0.569277
vt 0.308658 0.586156
vt 0.297284 0.573823
vt 0.307449 0.594554
vt 0.298556 0.576541
vt 0.309087 0.598953
vt 0.301335 0.541459
vt 0.305872 0.538323
vt 0.295156 0.534636
vt 0.297319 0.532944
vt 0.293244 0.536916
vt 0.292429 0.535666
vt 0.292429 0.535666
vt 0.297244 0.545494
vt 0.291753 0.539415
vt 0.292429 0.535666
vt 0.294255 0.549751
vt 0.290928 0.541796
vt 0.292429 0.535666
vt 0.292626 0.553814
vt 0.29088 0.543855
vt 0.292469 0.557226
vt 0.292429 0.535666
vt 0.299561 0.532144
vt 0.301464 0.532407
vt 0.292429 0.535666
vt 0.297319 0.532944
vt 0.299561 0.532144
vt 0.301464 0.532407
vt 0.299561 0.532144
vt 0.313277 0.536749
vt 0.310093 0.536579
vt 0.323646 0.542387
vt 0.331387 0.538179
vt 0.329676 0.541942
vt 0.324777 0.544954
vt 0.325856 0.541883
vt 0.319718 0.552361
vt 0.320213 0.55042
vt 0.31539 0.562659
vt 0.320213 0.55042
vt 0.319718 0.552361
vt 0.315441 0.562298
vt 0.311754 0.574485
vt 0.311399 0.575965
vt 0.315441 0.562298
vt 0.307896 0.589519
vt 0.323854 0.568294
vt 0.327564 0.555073
vt 0.320213 0.55042
vt 0.320566 0.583556
vt 0.317155 0.599441
vt 0.306518 0.59926
vt 0.314568 0.613226
vt 0.308377 0.604361
vt 0.316489 0.618997
vt 0.327564 0.555073
vt 0.332519 0.545537
vt 0.320213 0.55042
vt 0.325856 0.541883
vt 0.337498 0.541512
vt 0.331387 0.538179
vt 0.342636 0.540635
vt 0.336474 0.538025
vt 0.362215 0.684407
vt 0.359185 0.69021
vt 0.343409 0.693526
vt 0.340768 0.697181
vt 0.343347 0.685691
vt 0.362581 0.671305
vt 0.341636 0.677756
vt 0.359862 0.660652
vt 0.339514 0.671296
vt 0.354136 0.653647
vt 0.336886 0.665805
vt 0.34782 0.648553
vt 0.332827 0.662554
vt 0.340799 0.645659
vt 0.327139 0.662525
vt 0.333372 0.640451
vt 0.322232 0.664641
vt 0.328621 0.642085
vt 0.319702 0.667006
vt 0.322901 0.648137
vt 0.31884 0.670418
vt 0.327479 0.679291
vt 0.327924 0.684595
vt 0.318474 0.682625
vt 0.31884 0.685663
vt 0.310522 0.686138
vt 0.317175 0.680148
vt 0.315369 0.678318
vt 0.313347 0.67739
vt 0.311492 0.677865
vt 0.32605 0.675468
vt 0.323469 0.672951
vt 0.320113 0.671799
vt 0.316972 0.67277
vt 0.327317 0.690008
vt 0.325774 0.69428
vt 0.318302 0.688501
vt 0.310522 0.686138
vt 0.316926 0.690653
vt 0.310522 0.686138
vt 0.323319 0.696761
vt 0.315313 0.692052
vt 0.310522 0.686138
vt 0.314528 0.675457
vt 0.320541 0.6975
vt 0.313586 0.692452
vt 0.310522 0.686138
vt 0.311825 0.691783
vt 0.310338 0.69021
vt 0.309347 0.687828
vt 0.308849 0.684856
vt 0.317607 0.696258
vt 0.310522 0.686138
vt 0.308891 0.681768
vt 0.310522 0.686138
vt 0.309951 0.679407
vt 0.336912 0.695998
vt 0.310522 0.686138
vt 0.309951 0.679407
vt 0.326137 0.653792
vt 0.322901 0.648137
vt 0.31884 0.670418
vt 0.320292 0.674437
vt 0.33203 0.658825
vt 0.324177 0.679342
vt 0.339479 0.664519
vt 0.328865 0.684521
vt 0.345713 0.67104
vt 0.333047 0.690934
vt 0.350238 0.680252
vt 0.336912 0.695998
vt 0.354728 0.688453
vt 0.340768 0.697181
vt 0.312411 0.684232
vt 0.312903 0.67947
vt 0.308849 0.684856
vt 0.308891 0.681768
vt 0.314528 0.675457
vt 0.309951 0.679407
vt 0.316972 0.67277
vt 0.311492 0.677865
vt 0.309347 0.687828
vt 0.313177 0.689244
vt 0.310338 0.69021
vt 0.315013 0.693413
vt 0.311825 0.691783
vt 0.317607 0.696258
vt 0.319702 0.667006
vt 0.320541 0.6975
vt 0.323319 0.696761
vt 0.359185 0.69021
vn 0.1564884 -0.8176903 0.5539803
vn 0.1909628 -0.7705326 0.6081223
vn 0.3386746 -0.8272164 0.4483442
vn 0.3928227 -0.7426183 0.5424098
vn 0.2442264 -0.8973624 0.3675518
vn 0.09939577 -0.8554767 0.5082127
vn 0.1176277 -0.9442095 0.3076234
vn 0.02505095 -0.8795749 0.4751005
vn -0.03027032 -0.9612172 0.2741264
vn -0.06009402 -0.8871347 0.4575813
vn -0.1902705 -0.9440734 0.2693
vn -0.1508064 -0.8767362 0.4567179
vn -0.3429586 -0.8928076 0.2920167
vn -0.2363437 -0.8492502 0.4721395
vn -0.4645143 -0.818244 0.3386787
vn -0.3051011 -0.8089666 0.5024802
vn -0.5446134 -0.7329801 0.4075984
vn -0.350186 -0.7610232 0.5460892
vn -0.5817783 -0.6378031 0.504719
vn -0.3693324 -0.7057088 0.6046228
vn -0.5718058 -0.5493979 0.6092619
vn -0.3596538 -0.6547779 0.6647668
vn -0.5129123 -0.4795734 0.7119904
vn -0.3207247 -0.6126031 0.722394
vn -0.4069593 -0.4252004 0.8084484
vn -0.2568727 -0.5800341 0.773031
vn -0.2655526 -0.3895051 0.8819113
vn -0.1761385 -0.5596273 0.8098102
vn -0.1099316 -0.3765883 0.9198349
vn -0.08806836 -0.5533411 0.828286
vn 0.04280987 -0.3895122 0.9200258
vn -0.001477891 -0.5622543 0.826963
vn 0.180732 -0.427995 0.8855259
vn 0.07684081 -0.5859626 0.8066866
vn 0.2926173 -0.4884483 0.8220665
vn 0.1400642 -0.6223037 0.770143
vn 0.3686433 -0.5654668 0.7378004
vn 0.182308 -0.6679958 0.7214884
vn 0.4029191 -0.6526132 0.6416792
vn 0.199797 -0.7189608 0.6657149
vn -0.1229689 -0.172397 0.9773218
vn 0.09319147 -0.1905974 0.9772349
vn 0.286144 -0.2447823 0.9263926
vn 0.4408796 -0.3292246 0.8350068
vn 0.5451174 -0.4359243 0.7161126
vn 0.5926394 -0.5564026 0.5824043
vn 0.5807436 -0.6816942 0.4450056
vn 0.5090459 -0.8013517 0.3141779
vn 0.3806349 -0.9027317 0.2004809
vn 0.2050127 -0.9719871 0.1149389
vn -0.002887242 -0.997736 0.06718991
vn -0.2293672 -0.9713845 0.06166776
vn -0.4433595 -0.8912341 0.09557287
vn -0.6041996 -0.7804455 0.1607721
vn -0.7056777 -0.6610952 0.254896
vn -0.7542797 -0.5333191 0.3829268
vn -0.7450646 -0.412527 0.5241187
vn -0.6773382 -0.3189663 0.6629279
vn -0.5404759 -0.2423237 0.8057078
vn -0.3461993 -0.1901467 0.9186894
vn -0.8048401 -0.5804981 0.1235085
vn -0.6947203 -0.7192102 0.01001521
vn -0.8588988 -0.4322069 0.2747546
vn -0.85 -0.2892167 0.4402881
vn -0.7826647 -0.1643224 0.6003616
vn -0.6398157 -0.06045826 0.7661467
vn -0.4048671 0.005167946 0.9143609
vn -0.1309531 0.02759984 0.9910043
vn 0.1366557 0.003966792 0.9906107
vn 0.3721323 -0.06436362 0.9259454
vn 0.5585256 -0.1692963 0.812027
vn 0.682727 -0.2998444 0.6663162
vn 0.7396334 -0.4458858 0.5041114
vn 0.7271426 -0.59775 0.3375775
vn 0.6439477 -0.744148 0.1776942
vn 0.4913118 -0.870207 0.03677756
vn 0.2782144 -0.9579139 -0.07069457
vn 0.02372572 -0.9911651 -0.1304949
vn -0.255031 -0.9580392 -0.1308441
vn -0.5126833 -0.8552327 -0.07571579
vn 0.7449025 -0.6655795 0.04608805
vn 0.5762354 -0.8089294 -0.1165594
vn 0.3365923 -0.9099851 -0.2421422
vn 0.04829377 -0.948865 -0.3119664
vn -0.2665342 -0.9130979 -0.3085641
vn -0.556159 -0.7988459 -0.2291992
vn -0.7526563 -0.6485076 -0.1137814
vn -0.8659432 -0.4999212 0.01487203
vn -0.9230415 -0.3394822 0.1809589
vn -0.9156395 -0.17335 0.3627039
vn -0.8415569 -0.0253462 0.5395734
vn -0.6935688 0.09963336 0.7134673
vn 0.6376915 -0.726274 -0.2566624
vn 0.3808073 -0.8353981 -0.3963532
vn -0.2666667 -0.8421465 -0.4686984
vn -0.5786947 -0.7262194 -0.3711036
vn -0.9080728 -0.4105936 -0.08256306
vn -0.967929 -0.2375447 0.08176724
vn -0.9562315 -0.05884013 0.2866341
vn 0.4119719 -0.739317 -0.5326251
vn 0.6783276 -0.626999 -0.3830718
vn 0.8161245 -0.5726449 -0.07758011
vn 0.835005 -0.5007754 0.2280145
vn 0.8474046 -0.3304081 0.4156152
vn 0.7842953 -0.1657454 0.5978371
vn 0.6469286 -0.0166224 0.7623694
vn 0.4387032 0.1053872 0.892431
vn 0.172611 0.1861458 0.967241
vn -0.1344537 0.2140695 0.9675207
vn 0.9100081 -0.396781 0.1202082
vn 0.7096852 0.1256151 0.69323
vn 0.4875496 0.2611792 0.833115
vn 0.8551151 -0.03730366 0.5170943
vn 0.9220458 -0.2147138 0.322071
vn 0.9573515 -0.288517 0.01536452
vn 0.8617685 -0.4692632 -0.1927357
vn 0.900019 0.08476941 0.4275276
vn 0.7503232 0.2570268 0.6090584
vn 0.9690043 -0.1003797 0.2257316
vn 0.8846602 -0.357009 -0.299868
vn 0.9804527 -0.1766155 -0.08671559
vn 0.7000433 -0.5135431 -0.4961983
vn 0.4310129 -0.6247419 -0.6510955
vn 0.1029554 -0.6682951 -0.7367373
vn 0.08805054 -0.7831582 -0.6155569
vn 0.069837 -0.8778064 -0.4738976
vn -0.2567598 -0.7486768 -0.6111935
vn -0.5808084 -0.6417738 -0.5007874
vn -0.8058121 -0.4892689 -0.3335907
vn -0.7882288 -0.5709432 -0.2296067
vn -0.9331659 -0.3193699 -0.1649374
vn -0.9915699 -0.1295712 0.0006579664
vn -0.5612436 -0.5362342 -0.6304431
vn -0.240111 -0.6345718 -0.7346192
vn -0.8059893 -0.3938248 -0.4419088
vn -0.9447335 -0.213386 -0.2488876
vn -0.2207347 -0.5022539 -0.8360725
vn 0.1149064 -0.5346851 -0.8372026
vn 0.4382701 -0.4929662 -0.7516008
vn 0.7035475 -0.3866304 -0.5962698
vn 0.8858334 -0.2359406 -0.3995388
vn 0.9805483 -0.06053481 -0.1867101
vn -0.5272455 -0.4073361 -0.7457141
vn -0.9339742 -0.08221263 -0.3477546
vn -0.7786771 -0.2667367 -0.5679027
vn 0.9918191 0.01278026 0.1270092
vn 0.9221756 0.2011364 0.3303579
vn 0.7712288 0.3783498 0.5119155
vn 0.9917505 0.12565 0.02535567
vn 0.9227067 0.3127512 0.2253865
vn -0.7260112 -0.1262377 -0.6759969
vn -0.4855149 -0.2630099 -0.8337271
vn -0.1976458 -0.3535075 -0.9143132
vn 0.1238322 -0.3827795 -0.9155027
vn 0.4333443 -0.3442498 -0.8328894
vn 0.6881758 -0.2460268 -0.6825575
vn 0.8643934 -0.1053295 -0.4916601
vn 0.9565774 0.06065234 -0.285098
vn 0.967694 0.2390731 -0.08007732
vn 0.8174952 0.03549713 -0.5748404
vn 0.9051505 0.1875193 -0.3814958
vn 0.6519155 -0.09133096 -0.7527714
vn 0.4150879 -0.1786674 -0.892065
vn 0.1293687 -0.2128816 -0.9684757
vn 0.5916535 0.07678241 -0.8025277
vn 0.7406139 0.1860409 -0.6456624
vn 0.381759 0.002678823 -0.924258
vn 0.1308976 -0.02631062 -0.9910467
vn -0.1297398 -0.005615148 -0.9915321
vn -0.1674995 -0.1876067 -0.9678572
vn -0.4350157 -0.1077075 -0.8939577
vn -0.6398157 -0.06045826 0.7661467
vn -0.7826647 -0.1643224 0.6003616
vn -0.6935688 0.09963336 0.7134673
vn -0.4470497 0.1839823 0.8753839
vn -0.4048671 0.005167946 0.9143609
vn -0.1344537 0.2140695 0.9675207
vn -0.1309531 0.02759984 0.9910043
vn -0.4688649 0.3367485 0.8165576
vn -0.7230199 0.2348696 0.6496756
vn -0.8415569 -0.0253462 0.5395734
vn -0.8773302 0.102654 0.468779
vn -0.9156395 -0.17335 0.3627039
vn -0.9562315 -0.05884013 0.2866341
vn -0.1320865 0.3823271 0.9145376
vn -0.8950229 0.2251516 0.3850207
vn -0.9803744 0.06157889 0.1872804
vn -0.967929 -0.2375447 0.08176724
vn -0.9915699 -0.1295712 0.0006579664
vn -0.7390068 0.3629108 0.5675955
vn -0.4745122 0.4802365 0.7377066
vn -0.1241957 0.5336363 0.8365452
vn 0.2224557 0.5014766 0.8360829
vn 0.2010722 0.3523717 0.9140045
vn 0.172611 0.1861458 0.967241
vn 0.5205922 0.4024105 0.7530268
vn 0.4875496 0.2611792 0.833115
vn 0.4387032 0.1053872 0.892431
vn 0.7503232 0.2570268 0.6090584
vn 0.7096852 0.1256151 0.69323
vn -0.9789668 0.1785015 0.09879874
vn -0.9971937 -0.01154403 -0.07396901
vn -0.468289 0.6140525 0.6353304
vn -0.7371121 0.4905263 0.4648114
vn -0.8942984 0.3454363 0.2844368
vn 0.5391946 0.5295131 0.6548932
vn 0.7712288 0.3783498 0.5119155
vn -0.7166063 0.5980756 0.3588605
vn -0.8745459 0.4463775 0.1895172
vn -0.9582783 0.2853326 0.01697236
vn -0.9817132 0.1116098 -0.1542151
vn -0.9447335 -0.213386 -0.2488876
vn -0.9331659 -0.3193699 -0.1649374
vn -0.9339742 -0.08221263 -0.3477546
vn 0.7732299 0.490335 0.4021033
vn 0.5438119 0.6427503 0.5395746
vn 0.9227067 0.3127512 0.2253865
vn 0.9221756 0.2011364 0.3303579
vn -0.9459199 0.2191793 -0.239157
vn -0.8899412 0.04699536 -0.4536475
vn -0.7786771 -0.2667367 -0.5679027
vn -0.7260112 -0.1262377 -0.6759969
vn -0.9253699 0.3733403 -0.06563334
vn -0.8421123 0.5296412 0.1016222
vn 0.7554641 0.5929 0.2788255
vn 0.5338338 0.7413712 0.4066819
vn 0.2458256 0.7477297 0.6168225
vn 0.2372995 0.6333431 0.7365904
vn -0.1127748 0.6678042 0.7357441
vn -0.09907395 0.7831391 0.6139036
vn -0.4499722 0.7279868 0.5172622
vn -0.4179622 0.8206379 0.3896936
vn -0.6798844 0.686767 0.2571152
vn -0.08199881 0.8772581 0.4729633
vn 0.2475753 0.8434533 0.4767525
vn -0.3678636 0.8970211 0.2450092
vn -0.6206077 0.7725804 0.1340362
vn -0.7858185 0.6184258 -0.00623224
vn -0.8710648 0.4640237 -0.1610218
vn -0.88469 0.3188291 -0.3401051
vn -0.8116974 0.1675698 -0.5595246
vn -0.6515906 0.01567287 -0.7584088
vn -0.4855149 -0.2630099 -0.8337271
vn -0.4350157 -0.1077075 -0.8939577
vn -0.5560011 0.1660898 -0.8144181
vn -0.3667248 0.06151091 -0.9282938
vn -0.1674995 -0.1876067 -0.9678572
vn -0.1297398 -0.005615148 -0.9915321
vn -0.6951252 0.2958363 -0.655196
vn -0.7713438 0.4339725 -0.4655068
vn -0.7667005 0.5719693 -0.2915846
vn -0.6852407 0.7139267 -0.1440619
vn -0.5267388 0.8497543 -0.02153376
vn -0.299596 0.9512387 0.07339759
vn -0.03520708 0.9908337 0.1304187
vn -0.06038521 0.9481888 0.3119162
vn 0.2416359 0.9174388 0.3160983
vn 0.5075793 0.8228982 0.2553461
vn 0.227028 0.9644344 0.1353682
vn 0.4625015 0.8824995 0.0853632
vn 0.6488606 0.7608104 -0.01214419
vn 0.7153651 0.6843961 0.1409069
vn 0.8525411 0.5225244 -0.01191211
vn 0.9005738 0.4201213 0.1116467
vn 0.967694 0.2390731 -0.08007732
vn 0.9917505 0.12565 0.02535567
vn 0.9161175 0.3531437 -0.1897846
vn 0.9051505 0.1875193 -0.3814958
vn 0.9565774 0.06065234 -0.285098
vn 0.7733404 0.6170854 -0.1454313
vn 0.8312273 0.4661331 -0.3029537
vn 0.8207439 0.3192247 -0.473788
vn 0.7406139 0.1860409 -0.6456624
vn 0.8174952 0.03549713 -0.5748404
vn 0.6285365 0.3430136 -0.6980571
vn 0.6967171 0.4519275 -0.5570878
vn 0.5040061 0.2549655 -0.8252093
vn 0.5916535 0.07678241 -0.8025277
vn 0.3315115 0.1960655 -0.9228534
vn 0.381759 0.002678823 -0.924258
vn 0.1275829 0.173007 -0.9766223
vn 0.1308976 -0.02631062 -0.9910467
vn -0.08421994 0.1887729 -0.9784026
vn -0.2787541 0.2414168 -0.9295235
vn -0.4356429 0.3248805 -0.839445
vn -0.543806 0.4308805 -0.7201506
vn -0.6026424 0.5497623 -0.5784321
vn -0.6006879 0.6714512 -0.433967
vn -0.5317865 0.7902826 -0.3043954
vn -0.3996146 0.8953184 -0.1967565
vn -0.2179002 0.9690539 -0.1159919
vn -0.009142524 0.9976137 -0.06843562
vn 0.202522 0.9772634 -0.06277808
vn 0.3958531 0.9127375 -0.1010478
vn 0.5512906 0.8150178 -0.1783946
vn 0.6566464 0.6976428 -0.2865483
vn 0.705951 0.5731348 -0.4161125
vn 0.01718291 0.9609889 -0.2760524
vn -0.1282438 0.9416286 -0.3112699
vn 0.1672972 0.9478998 -0.2711046
vn 0.3061128 0.9044552 -0.2970787
vn 0.4196149 0.8369908 -0.3512402
vn 0.497843 0.7540996 -0.4283526
vn 0.5349044 0.6647038 -0.5215806
vn 0.5281743 0.5770162 -0.6229641
vn 0.4778052 0.4983777 -0.7234099
vn 0.3870877 0.4353218 -0.8128088
vn 0.2633646 0.3934694 -0.8808069
vn 0.1185621 0.3769423 -0.9186172
vn -0.03181393 0.3875107 -0.9213161
vn -0.1713179 0.4241314 -0.8892484
vn -0.2856719 0.4832038 -0.8275903
vn -0.3645871 0.5593474 -0.7444507
vn -0.4024271 0.6461002 -0.6485421
vn -0.3967998 0.7362711 -0.5481375
vn -0.3462501 0.8212876 -0.4534287
vn -0.2538087 0.8926432 -0.3725175
vn -0.1246907 0.6112794 -0.7815304
vn -0.1731316 0.6548149 -0.7356922
vn -0.1976127 0.7048004 -0.6813264
vn -0.195969 0.7566903 -0.6237115
vn -0.1682881 0.8055446 -0.5681347
vn -0.1169575 0.84634 -0.5196437
vn -0.04668664 0.8745409 -0.482699
vn 0.03563517 0.886756 -0.4608621
vn 0.1216266 0.8814679 -0.4563129
vn 0.2025008 0.8593691 -0.4695509
vn 0.2702221 0.8231909 -0.4993363
vn 0.3184089 0.7770967 -0.5428963
vn 0.3427717 0.7259602 -0.5962293
vn 0.3411958 0.6747441 -0.6544508
vn 0.3137406 0.6281409 -0.7120434
vn 0.2627107 0.5903381 -0.7632064
vn 0.1927154 0.5647332 -0.802457
vn 0.1105216 0.5536996 -0.8253495
vn 0.02444946 0.558294 -0.8292829
vn -0.05666661 0.5780997 -0.8139961
vn 0.07546217 0.7437865 -0.664144
vn -0.07792491 -0.743773 0.6638745
vn 0.6907727 -0.4692016 -0.5501662
vn 0.8701506 -0.4708933 -0.14525
vn 0.7645636 -0.4275639 -0.4823189
vn 0.9106237 -0.4022577 -0.09462164
vn 0.5285375 -0.3786187 -0.7598
vn 0.45112 -0.3792927 -0.8078538
vn 0.2584091 -0.2857333 -0.9228116
vn 0.2116568 -0.2452332 -0.9460772
vn -0.04858554 -0.1424578 -0.9886077
vn -0.05075158 -0.05890368 -0.9969727
vn 0.8711467 -0.3584786 0.3355539
vn 0.8992161 -0.3047725 0.3138855
vn 0.7081538 -0.2300433 0.6675314
vn 0.7790583 -0.1895285 0.5976179
vn 0.5649425 -0.151048 0.8111871
vn 0.6426249 -0.03950737 0.7651618
vn 0.4508458 0.01927274 0.8923938
vn 0.4676494 0.226287 0.8544578
vn 0.261584 0.3686309 0.8920118
vn 0.2660554 -0.2929389 -0.9183688
vn 0.534653 -0.3494296 -0.7694446
vn 0.4052965 -0.07762437 -0.9108837
vn 0.6197543 -0.1222067 -0.7752226
vn 0.7614548 -0.3517299 -0.5444933
vn 0.804749 -0.09440741 -0.58606
vn 0.9250485 -0.2899768 -0.2453542
vn 0.9360675 0.005271699 -0.3517809
vn 0.1535319 0.05368245 -0.9866844
vn 0.9843687 -0.1562508 0.08126514
vn 0.980948 0.166677 -0.09979932
vn 0.9264897 0.03772396 0.3744245
vn 0.9218762 0.3644961 0.1314792
vn 0.7548614 0.2839356 0.5912402
vn -0.0728458 -0.1585916 -0.9846533
vn -0.3537966 0.2393347 -0.904183
vn -0.05075158 -0.05890368 -0.9969727
vn -0.384963 0.09476148 -0.9180544
vn -0.04858554 -0.1424578 -0.9886077
vn -0.6486151 0.3790986 -0.6599869
vn -0.5542812 0.5329975 -0.6392856
vn -0.7251295 0.620023 -0.2995974
vn -0.5918299 0.7333882 -0.3344834
vn -0.6306811 0.776036 -0.003087303
vn -0.5110189 0.8557969 -0.08044591
vn -0.4364469 0.8622802 0.2568793
vn -0.3394962 0.9101743 0.2373288
vn -0.1490657 0.8232471 0.5477623
vn -0.04492042 0.7608478 0.6473737
vn 0.1932234 0.5728016 0.7965947
vn 0.261584 0.3686309 0.8920118
vn 0.4676494 0.226287 0.8544578
vn -0.4235347 0.06527802 -0.9035249
vn -0.0728458 -0.1585916 -0.9846533
vn -0.1277562 0.2782515 -0.951974
vn 0.1535319 0.05368245 -0.9866844
vn -0.3424615 0.5335258 -0.77335
vn -0.680989 0.3273309 -0.6550637
vn 0.4940984 0.7146731 -0.4950851
vn -0.4302275 0.7677842 -0.4747756
vn 0.5089382 0.7396156 -0.4403983
vn -0.7650885 0.5838071 -0.2716777
vn -0.3735155 0.9203122 -0.11624
vn 0.3887541 0.8358634 -0.38756
vn -0.6518752 0.7516311 0.1005454
vn -0.2196213 0.9642317 0.148404
vn 0.4023802 0.8775761 -0.2606733
vn -0.0101523 0.9446842 0.3278241
vn -0.4354053 0.8298556 0.348944
vn -0.1683574 0.8351181 0.5236729
vn 0.2265757 0.8811057 0.41511
vn 0.4658593 0.8596824 -0.2095738
vn 0.4903103 0.7650031 0.4175716
vn 0.1375152 0.7488313 0.6483372
vn 0.4687392 0.551433 0.6900763
vn 0.7475697 0.5823587 0.3193712
vn 0.5722415 0.7835546 -0.2420369
vn 0.7548614 0.2839356 0.5912402
vn 0.9218762 0.3644961 0.1314792
vn 0.5687054 0.7220947 -0.3938953
vn 0.9264897 0.03772396 0.3744245
vn 0.6134636 0.6803193 -0.4010337
vn 0.980948 0.166677 -0.09979932
vn 0.6361458 0.6156673 -0.465051
vn 0.9360675 0.005271699 -0.3517809
vn 0.646002 0.5168986 -0.5616913
vn 0.804749 -0.09440741 -0.58606
vn 0.6197543 -0.1222067 -0.7752226
vn 0.5797417 0.5360081 -0.6136734
vn 0.4052965 -0.07762437 -0.9108837
vn 0.6197543 -0.1222067 -0.7752226
vn 0.1535319 0.05368245 -0.9866844
vn 0.5263648 0.6471679 -0.5514652
vn -0.528802 -0.2083482 -0.8227755
vn -0.1519648 -0.3253203 -0.9333131
vn -0.3327751 -0.2701018 -0.9034964
vn -0.6288685 -0.2128196 -0.7478184
vn -0.481534 -0.2491121 -0.8402786
vn -0.2018863 -0.3247872 -0.9239887
vn -0.4300681 0.05294015 -0.901243
vn -0.2293324 -0.0698271 -0.9708402
vn -0.001819274 -0.3488525 -0.9371759
vn -0.03599783 -0.1037993 -0.9939466
vn 0.223622 -0.3400224 -0.9134429
vn 0.1980675 -0.064286 -0.9780779
vn 0.4865344 -0.268775 -0.8312907
vn 0.491435 0.08891495 -0.8663635
vn -0.0004797709 -0.3165459 -0.948577
vn -0.7797441 -0.05198205 -0.6239367
vn 0.5755789 -0.3967839 -0.7150325
vn 0.8132948 -0.2889143 -0.5050545
vn 0.7671618 -0.5286214 -0.3633484
vn 0.9461686 -0.2993569 -0.1230866
vn 0.975415 0.004392955 -0.2203322
vn 0.9804235 0.1341121 0.1441661
vn 0.9190284 0.3814295 0.09949037
vn 0.596627 -0.5363056 -0.597003
vn 0.3156658 -0.3762419 -0.8710896
vn 0.3008516 -0.4524016 -0.8395362
vn 0.7474255 -0.09084073 -0.6581058
vn 0.9021529 0.1529853 -0.4033805
vn 0.6893931 0.2943901 -0.6618698
vn -0.7609789 -0.1349506 -0.6345861
vn -0.528802 -0.2083482 -0.8227755
vn -0.6288685 -0.2128196 -0.7478184
vn -0.8184618 -0.1127921 -0.5633811
vn -0.8743952 -0.07363012 -0.4795953
vn -0.9203405 0.08940132 -0.3807634
vn -0.9392667 0.1105005 -0.3249119
vn -0.874086 0.4757958 -0.09793848
vn -0.8440853 0.5344142 -0.04383568
vn -0.4983941 0.8334655 0.2386179
vn -0.4170189 0.8720602 0.2561371
vn -0.0556316 0.9140814 0.4016969
vn -0.01379254 0.9280923 0.3720945
vn 0.2214561 0.8750457 0.4304094
vn 0.286666 0.8674387 0.4066607
vn 0.438908 0.791194 0.4258775
vn 0.4920205 0.7674105 0.4110924
vn 0.6615285 0.6679685 0.3408788
vn 0.7527764 0.5593976 0.3469898
vn 0.9190284 0.3814295 0.09949037
vn 0.9804235 0.1341121 0.1441661
vn -0.7875627 0.6159723 -0.01797157
vn -0.4249785 0.8482058 0.3161331
vn -0.3797345 0.9199119 0.09779473
vn -0.60546 0.7840328 -0.1367872
vn -0.9038278 0.25692 -0.3421805
vn -0.7215803 0.5605538 -0.4063266
vn 0.02279899 0.8490788 -0.527774
vn -0.6468381 0.282459 -0.7083907
vn -0.4300681 0.05294015 -0.901243
vn -0.1090299 0.9528138 0.2832992
vn 0.02013509 0.9135462 -0.4062363
vn -0.009455295 0.8664877 0.4991087
vn 0.1254105 0.9238744 0.3615638
vn 0.03733877 0.9346637 -0.3535673
vn 0.3023312 0.8948779 0.3283134
vn 0.4940968 0.8517296 0.174428
vn 0.2344112 0.8224976 0.5182173
vn 0.4273334 0.7769098 0.4623823
vn 0.6592732 0.6915421 0.2951751
vn 0.6728243 0.7318059 -0.1084776
vn 0.02279899 0.8490788 -0.527774
vn 0.742574 0.5062405 -0.4385252
vn 0.6893931 0.2943901 -0.6618698
vn 0.491435 0.08891495 -0.8663635
vn 0.8822728 0.4694128 -0.03530066
vn 0.9021529 0.1529853 -0.4033805
vn 0.975415 0.004392955 -0.2203322
vn -0.001684701 0.7667282 -0.6419696
vn -0.4300681 0.05294015 -0.901243
vn -0.2293324 -0.0698271 -0.9708402
vn 0.01240052 0.7294501 -0.6839216
vn -0.2293324 -0.0698271 -0.9708402
vn -0.03599783 -0.1037993 -0.9939466
vn 0.1980675 -0.064286 -0.9780779
vn 0.491435 0.08891495 -0.8663635
vn -0.481534 -0.2491121 -0.8402786
vn -0.7797441 -0.05198205 -0.6239367
vn -0.9030527 0.3652765 0.225984
vn -0.9711556 0.1081985 0.2124853
vn -0.7825694 0.4373057 0.4431127
vn -0.9058842 0.09878228 0.4118445
vn -0.5858505 0.71065 0.3895584
vn -0.8135718 0.5576172 0.1648144
vn -0.3671028 0.8902851 0.2694957
vn -0.727348 0.6851168 0.03974862
vn -0.1427209 0.9871984 0.07120352
vn -0.6366281 0.7542014 -0.160888
vn 0.09960356 0.9673085 -0.233224
vn -0.5441399 0.7177812 -0.4343984
vn -0.7864491 0.4637849 0.4079234
vn -0.9265189 0.1626555 0.3392728
vn -0.8679556 0.4216266 0.2624575
vn -0.9650382 0.1816613 0.1889459
vn -0.901991 0.3698334 -0.2227906
vn -0.7161261 0.6422988 0.2731584
vn -0.869197 0.4021434 -0.2877104
vn -0.5676141 0.7184086 0.4021234
vn -0.5129858 0.8360777 0.1944726
vn -0.8437472 0.4719061 -0.2557251
vn -0.3077772 0.8980743 0.3142224
vn -0.2852954 0.9584382 0.001613609
vn -0.7749093 0.5411153 -0.3266647
vn -0.02977451 0.9909176 0.1311326
vn -0.06761029 0.9575965 -0.2800675
vn -0.7037842 0.5697225 -0.4243867
vn 0.239102 0.9595182 -0.1488456
vn 0.09429759 0.8107536 -0.5777426
vn -0.6555972 0.4775562 -0.5849208
vn 0.4397695 0.7680055 -0.4655862
vn 0.1594217 0.5223835 -0.8376755
vn -0.6299331 0.4027591 -0.6640553
vn 0.5130455 0.3970845 -0.7609916
vn 0.2861752 0.7712305 -0.5686012
vn -0.07631593 0.9269007 -0.3674655
vn 0.3417079 0.4021699 -0.8494086
vn 0.04112032 0.7171346 -0.6957206
vn -0.2983872 0.866829 -0.3994652
vn 0.06878692 0.3898648 -0.9182994
vn 0.4189764 -0.03338368 -0.9073833
vn 0.1135981 0.1385157 -0.9838235
vn 0.2479244 0.02932419 -0.9683355
vn 0.01091157 0.04319359 -0.9990072
vn 0.08648754 -0.2943549 -0.9517747
vn -0.08426896 -0.2836962 -0.9552042
vn -0.5794075 0.2588497 -0.7728415
vn -0.9407025 0.2508757 -0.2283425
vn -0.9958522 -0.07591018 0.05015934
vn -0.9679393 -0.1487986 0.2023676
vn -0.9219795 -0.2571718 0.2895104
vn -0.9283574 0.1099263 -0.3550615
vn -0.9439986 -0.3013913 -0.1342755
vn -0.875654 0.197216 -0.4408355
vn -0.8723931 0.2029425 -0.4446847
vn -0.8684833 0.1963128 -0.4551902
vn -0.8696117 0.2029563 -0.4500938
vn -0.8621144 0.2291216 -0.4519537
vn -0.869925 0.2721387 -0.411304
vn -0.7694836 0.5350901 -0.3486741
vn -0.8797256 0.3651135 -0.3045901
vn -0.8728778 0.1751005 -0.4554385
vn -0.8715392 0.1377329 -0.4705837
vn -0.6531207 0.6473008 -0.3929821
vn -0.7758004 0.6246746 0.08896832
vn -0.7917776 0.5559597 0.2529763
vn -0.8916081 0.3438202 0.2946569
vn -0.9707296 0.0559749 0.2335609
vn -0.9541125 -0.2771459 0.1133993
vn -0.9778268 -0.1768898 0.1120921
vn -0.8553622 -0.5178047 -0.01529183
vn -0.9181513 -0.3951536 -0.02918449
vn -0.815714 0.1280457 0.5641054
vn -0.6143937 0.499751 0.6105485
vn -0.4353729 0.7407162 0.5116542
vn -0.6889527 0.7129132 0.1307628
vn -0.2395282 0.905479 0.3503342
vn -0.08847169 0.974575 0.2058552
vn -0.2395282 0.905479 0.3503342
vn -0.2945451 0.8637226 0.4089333
vn -0.01745853 0.9925634 0.1204701
vn 0.1564126 0.9848803 -0.07447049
vn 0.1850629 0.9671552 -0.1742487
vn 0.3050275 0.853371 -0.4227485
vn 0.3393575 0.7552171 -0.5607885
vn 0.4377602 0.4972128 -0.7490963
vn 0.4497916 0.3772339 -0.8095567
vn 0.4288792 0.1027106 -0.8975038
vn 0.402096 -0.06199967 -0.9134959
vn -0.6317626 -0.2815371 -0.7222278
vn -0.4578436 -0.138683 -0.8781494
vn -0.1044972 -0.5360847 -0.8376715
vn 0.08648754 -0.2943549 -0.9517747
vn -0.3011066 -0.7093248 -0.6373328
vn -0.7137139 -0.4458501 -0.540213
vn -0.4870518 -0.7814012 -0.3901189
vn -0.7845923 -0.519988 -0.3376796
vn -0.6668953 -0.7333086 -0.132322
vn -0.8460919 -0.5051481 -0.1701585
vn -0.8260482 -0.5551493 0.09723032
vn -0.9181513 -0.3951536 -0.02918449
vn -0.9219795 -0.2571718 0.2895104
vn -0.9778268 -0.1768898 0.1120921
vn -0.9058842 0.09878228 0.4118445
vn -0.9711556 0.1081985 0.2124853
vn -0.2411573 -0.6940761 -0.6783079
vn 0.0003187555 -0.5664016 -0.8241293
vn -0.3991292 -0.5306454 -0.7477375
vn -0.1900617 -0.401089 -0.896105
vn -0.6199256 -0.5515385 -0.5581195
vn -0.735248 -0.02446055 -0.6773567
vn -0.6634023 0.04067783 -0.7471564
vn -0.4967085 -0.7264526 -0.4749182
vn -0.8142027 -0.4672119 -0.3446551
vn -0.8451605 0.008867066 -0.5344391
vn -0.7369876 -0.6358621 -0.2291918
vn -0.9439986 -0.3013913 -0.1342755
vn -0.8972241 0.04180544 -0.4395923
vn -0.9022628 -0.4311489 0.005692551
vn -0.9958522 -0.07591018 0.05015934
vn -0.9679393 -0.1487986 0.2023676
vn -0.6084917 0.141212 -0.7808951
vn -0.01264506 -0.1693929 -0.9854675
vn 0.1135981 0.1385157 -0.9838235
vn -0.6634023 0.04067783 -0.7471564
vn -0.1900617 -0.401089 -0.896105
vn -0.01264506 -0.1693929 -0.9854675
vn 0.1135981 0.1385157 -0.9838235
vn -0.01264506 -0.1693929 -0.9854675
vn 0.4189764 -0.03338368 -0.9073833
vn 0.2282109 -0.3484757 -0.909112
vn 0.2479244 0.02932419 -0.9683355
vn -0.8631321 0.09782601 -0.495412
vn -0.6590853 -0.07341591 -0.7484763
vn -0.6317626 -0.2815371 -0.7222278
vn -0.8781991 -0.02549274 -0.4776154
vn -0.7137139 -0.4458501 -0.540213
vn -0.9085246 -0.1337189 -0.3958564
vn -0.7845923 -0.519988 -0.3376796
vn -0.8265111 -0.3559412 -0.4361024
vn -0.7137139 -0.4458501 -0.540213
vn -0.7066444 -0.6197022 -0.3415009
vn -0.8460919 -0.5051481 -0.1701585
vn -0.7757503 -0.6091673 -0.1647015
vn -0.7066444 -0.6197022 -0.3415009
vn -0.8553622 -0.5178047 -0.01529183
vn -0.3618842 -0.9119463 -0.1933749
vn -0.1790767 -0.8613485 -0.4754055
vn -0.50784 -0.6423253 -0.5740355
vn -0.4895911 -0.8717294 0.0197103
vn -0.6666117 -0.7222049 0.1845235
vn -0.9541125 -0.2771459 0.1133993
vn -0.8638278 -0.3458605 0.3663088
vn -0.9707296 0.0559749 0.2335609
vn -0.815714 0.1280457 0.5641054
vn -0.1790767 -0.8613485 -0.4754055
vn 0.06559414 -0.671746 -0.7378717
vn -0.1038709 -0.8109738 -0.5757883
vn 0.1586193 -0.5770767 -0.8011382
vn 0.2953858 -0.3986416 -0.868235
vn 0.3334685 -0.3133011 -0.88918
vn 0.402096 -0.06199967 -0.9134959
vn 0.4288792 0.1027106 -0.8975038
vn 0.4461714 0.7379137 0.5063737
vn 0.3887001 0.3110778 0.8672616
vn 0.3634446 0.6702673 0.6470315
vn 0.2138124 0.2375774 0.9475449
vn 0.3980647 0.8465359 0.3534422
vn 0.3998312 0.8688136 0.2920583
vn 0.3555425 0.9182223 0.1745204
vn 0.2999864 0.9435526 0.1404158
vn 0.1682218 0.9797394 -0.1086842
vn 0.03593673 0.9900631 -0.135954
vn -0.2030759 0.8656769 -0.4575627
vn -0.3768736 0.8317765 -0.4075713
vn -0.5326077 0.553119 -0.6406157
vn -0.655539 0.5789691 -0.4848333
vn -0.7243945 0.2632991 -0.6371234
vn -0.842917 0.3086798 -0.4406901
vn -0.8449647 0.008391682 -0.5347561
vn -0.9228495 0.06138851 -0.380237
vn -0.9077631 -0.1447068 -0.3937335
vn -0.9518991 -0.2405482 -0.1898016
vn -0.8979313 -0.4121732 -0.1543784
vn 0.2252604 0.9626824 -0.1500017
vn 0.3306709 0.9201831 0.2095706
vn -0.07222654 0.9973688 -0.00623055
vn -0.01729497 0.9556038 0.2941467
vn -0.8324331 0.518231 0.1961933
vn -0.2245743 0.9100186 -0.3484719
vn -0.4095586 0.6831486 -0.6046237
vn -0.6002256 0.381838 -0.7028009
vn -0.7664745 0.07715524 -0.6376236
vn -0.02838436 0.831977 -0.5540836
vn -0.2971623 0.5255941 -0.7971483
vn -0.513118 0.1747117 -0.8403487
vn -0.6739287 -0.1046933 -0.7313408
vn 0.2913756 0.82928 0.4768595
vn 0.1529043 0.6624457 0.7333389
vn -0.0703512 0.846416 0.5278547
vn -0.7850952 0.5751027 0.2299619
vn -0.1856569 0.7007124 0.6888639
vn -0.7584454 0.594516 0.2670415
vn -0.01161732 0.4137487 0.9103169
vn -0.3351693 0.5289928 0.7796333
vn -0.7895933 0.558118 0.2550427
vn -0.7888185 -0.2689454 -0.5526605
vn -0.1949478 0.11614 0.9739131
vn -0.5219249 0.3220187 0.7898723
vn -0.8324331 0.518231 0.1961933
vn -0.7032896 0.1152634 0.7014971
vn -0.8620599 -0.07464556 0.5012792
vn -0.9492464 -0.2000659 0.2427035
vn -0.9682429 -0.2498996 0.007479021
vn -0.4023378 -0.1729304 0.8990102
vn -0.8744576 0.4583691 0.1588134
vn -0.9416017 -0.2202717 -0.2546893
vn -0.8928627 0.4338478 0.1207159
vn -0.8668562 -0.1059466 -0.4871711
vn 0.0403964 -0.2394329 0.9700722
vn -0.8697278 0.4734733 0.1392718
vn -0.8668562 -0.1059466 -0.4871711
vn -0.7933645 -0.6087161 0.006128955
vn -0.9518991 -0.2405482 -0.1898016
vn -0.8979313 -0.4121732 -0.1543784
vn -0.7719851 -0.6239209 0.121498
vn -0.5378691 -0.7962732 0.2768497
vn -0.4831209 -0.7256336 0.4899491
vn -0.1674283 -0.7946428 0.5835328
vn -0.1945179 -0.6543559 0.7307401
vn 0.02818313 -0.7139572 0.6996219
vn -0.06312159 -0.5190206 0.8524279
vn 0.05659807 -0.6268812 0.7770564
vn 0.0403964 -0.2394329 0.9700722
vn 0.1708529 -0.3045763 0.9370393
vn 0.2138124 0.2375774 0.9475449
vn -0.8975703 -0.4403538 -0.02135827
vn -0.8749322 -0.3737564 -0.3078957
vn -0.9682429 -0.2498996 0.007479021
vn -0.9416017 -0.2202717 -0.2546893
vn -0.7888185 -0.2689454 -0.5526605
vn -0.8668562 -0.1059466 -0.4871711
vn -0.6739287 -0.1046933 -0.7313408
vn -0.7664745 0.07715524 -0.6376236
vn -0.9492464 -0.2000659 0.2427035
vn -0.8179796 -0.4682683 0.334117
vn -0.8620599 -0.07464556 0.5012792
vn -0.6234835 -0.3792759 0.6836798
vn -0.7032896 0.1152634 0.7014971
vn -0.4023378 -0.1729304 0.8990102
vn -0.9077631 -0.1447068 -0.3937335
vn -0.1949478 0.11614 0.9739131
vn -0.01161732 0.4137487 0.9103169
vn 0.3887001 0.3110778 0.8672616
g BRM_Rookery_Egg3_0
f 3/3/3 2/2/2 1/1/1
f 4/4/4 2/2/2 3/3/3
f 3/3/3 1/1/1 5/5/5
f 5/5/5 1/1/1 6/6/6
f 5/5/5 6/6/6 7/7/7
f 7/7/7 6/6/6 8/8/8
f 7/7/7 8/8/8 9/9/9
f 9/9/9 8/8/8 10/10/10
f 9/9/9 10/10/10 11/11/11
f 11/11/11 10/10/10 12/12/12
f 11/11/11 12/12/12 13/13/13
f 13/13/13 12/12/12 14/14/14
f 13/13/13 14/14/14 15/15/15
f 15/15/15 14/14/14 16/16/16
f 15/15/15 16/16/16 17/17/17
f 17/17/17 16/16/16 18/18/18
f 17/17/17 18/18/18 19/19/19
f 19/19/19 18/18/18 20/20/20
f 19/19/19 20/20/20 21/21/21
f 21/21/21 20/20/20 22/22/22
f 21/21/21 22/22/22 23/23/23
f 23/23/23 22/22/22 24/24/24
f 23/23/23 24/24/24 25/25/25
f 25/25/25 24/24/24 26/26/26
f 25/25/25 26/26/26 27/27/27
f 27/27/27 26/26/26 28/28/28
f 27/27/27 28/28/28 29/29/29
f 29/29/29 28/28/28 30/30/30
f 29/29/29 30/30/30 31/31/31
f 31/31/31 30/30/30 32/32/32
f 31/31/31 32/32/32 33/33/33
f 33/33/33 32/32/32 34/34/34
f 33/33/33 34/34/34 35/35/35
f 35/35/35 34/34/34 36/36/36
f 35/35/35 36/36/36 37/37/37
f 37/37/37 36/36/36 38/38/38
f 37/37/37 38/38/38 39/39/39
f 39/39/39 38/38/38 40/40/40
f 39/39/39 40/40/40 4/4/4
f 4/4/4 40/40/40 2/2/2
f 41/41/41 27/27/27 29/29/29
f 42/42/42 29/29/29 31/31/31
f 41/41/41 29/29/29 42/42/42
f 43/43/43 31/31/31 33/33/33
f 42/42/42 31/31/31 43/43/43
f 44/44/44 33/33/33 35/35/35
f 43/43/43 33/33/33 44/44/44
f 45/45/45 35/35/35 37/37/37
f 44/44/44 35/35/35 45/45/45
f 46/46/46 37/37/37 39/39/39
f 45/45/45 37/37/37 46/46/46
f 47/47/47 39/39/39 4/4/4
f 46/46/46 39/39/39 47/47/47
f 47/47/47 4/4/4 48/48/48
f 48/48/48 4/4/4 3/3/3
f 48/48/48 3/3/3 49/49/49
f 49/49/49 3/3/3 5/5/5
f 49/49/49 5/5/5 50/50/50
f 50/50/50 5/5/5 7/7/7
f 50/50/50 7/7/7 51/51/51
f 51/51/51 7/7/7 9/9/9
f 51/51/51 9/9/9 52/52/52
f 52/52/52 9/9/9 11/11/11
f 52/52/52 11/11/11 53/53/53
f 53/53/53 11/11/11 13/13/13
f 53/53/53 13/13/13 54/54/54
f 54/54/54 13/13/13 15/15/15
f 54/54/54 15/15/15 55/55/55
f 55/55/55 15/15/15 17/17/17
f 55/55/55 17/17/17 56/56/56
f 56/56/56 17/17/17 19/19/19
f 56/56/56 19/19/19 57/57/57
f 57/57/57 19/19/19 21/21/21
f 57/57/57 21/21/21 58/58/58
f 58/58/58 21/21/21 23/23/23
f 58/58/58 23/23/23 59/59/59
f 59/59/59 23/23/23 25/25/25
f 59/59/59 25/25/25 60/60/60
f 60/60/60 25/25/25 27/27/27
f 60/60/60 27/27/27 41/41/41
f 61/61/61 54/54/54 55/55/55
f 62/62/62 54/54/54 61/61/61
f 63/63/63 55/55/55 56/56/56
f 61/61/61 55/55/55 63/63/63
f 64/64/64 56/56/56 57/57/57
f 63/63/63 56/56/56 64/64/64
f 65/65/65 57/57/57 58/58/58
f 64/64/64 57/57/57 65/65/65
f 66/66/66 58/58/58 59/59/59
f 65/65/65 58/58/58 66/66/66
f 67/67/67 59/59/59 60/60/60
f 66/66/66 59/59/59 67/67/67
f 68/68/68 60/60/60 41/41/41
f 67/67/67 60/60/60 68/68/68
f 68/68/68 41/41/41 69/69/69
f 69/69/69 41/41/41 42/42/42
f 69/69/69 42/42/42 70/70/70
f 70/70/70 42/42/42 43/43/43
f 70/70/70 43/43/43 71/71/71
f 71/71/71 43/43/43 44/44/44
f 71/71/71 44/44/44 72/72/72
f 72/72/72 44/44/44 45/45/45
f 72/72/72 45/45/45 73/73/73
f 73/73/73 45/45/45 46/46/46
f 73/73/73 46/46/46 74/74/74
f 74/74/74 46/46/46 47/47/47
f 74/74/74 47/47/47 75/75/75
f 75/75/75 47/47/47 48/48/48
f 75/75/75 48/48/48 76/76/76
f 76/76/76 48/48/48 49/49/49
f 76/76/76 49/49/49 77/77/77
f 77/77/77 49/49/49 50/50/50
f 77/77/77 50/50/50 78/78/78
f 78/78/78 50/50/50 51/51/51
f 78/78/78 51/51/51 79/79/79
f 79/79/79 51/51/51 52/52/52
f 79/79/79 52/52/52 80/80/80
f 80/80/80 52/52/52 53/53/53
f 80/80/80 53/53/53 62/62/62
f 62/62/62 53/53/53 54/54/54
f 81/81/81 74/74/74 75/75/75
f 82/82/82 75/75/75 76/76/76
f 81/81/81 75/75/75 82/82/82
f 83/83/83 76/76/76 77/77/77
f 82/82/82 76/76/76 83/83/83
f 84/84/84 77/77/77 78/78/78
f 83/83/83 77/77/77 84/84/84
f 85/85/85 78/78/78 79/79/79
f 84/84/84 78/78/78 85/85/85
f 86/86/86 79/79/79 80/80/80
f 85/85/85 79/79/79 86/86/86
f 87/87/87 80/80/80 62/62/62
f 86/86/86 80/80/80 87/87/87
f 87/87/87 62/62/62 88/88/88
f 88/88/88 62/62/62 61/61/61
f 88/88/88 61/61/61 89/89/89
f 89/89/89 61/61/61 63/63/63
f 89/89/89 63/63/63 90/90/90
f 90/90/90 63/63/63 64/64/64
f 90/90/90 64/64/64 91/91/91
f 91/91/91 64/64/64 65/65/65
f 91/91/91 65/65/65 92/92/92
f 93/93/93 81/81/81 82/82/82
f 94/94/94 82/82/82 83/83/83
f 93/93/93 82/82/82 94/94/94
f 95/95/95 84/84/84 85/85/85
f 96/96/96 85/85/85 86/86/86
f 95/95/95 85/85/85 96/96/96
f 97/97/97 87/87/87 88/88/88
f 98/98/98 88/88/88 89/89/89
f 97/97/97 88/88/88 98/98/98
f 99/99/99 89/89/89 90/90/90
f 98/98/98 89/89/89 99/99/99
f 100/100/100 93/93/93 94/94/94
f 101/101/101 93/93/93 100/100/100
f 101/101/101 102/102/102 93/93/93
f 102/102/102 81/81/81 93/93/93
f 102/102/102 103/103/103 81/81/81
f 103/103/103 74/74/74 81/81/81
f 103/103/103 73/73/73 74/74/74
f 104/104/104 73/73/73 103/103/103
f 104/104/104 72/72/72 73/73/73
f 105/105/105 72/72/72 104/104/104
f 105/105/105 71/71/71 72/72/72
f 106/106/106 71/71/71 105/105/105
f 106/106/106 70/70/70 71/71/71
f 107/107/107 70/70/70 106/106/106
f 107/107/107 69/69/69 70/70/70
f 108/108/108 69/69/69 107/107/107
f 108/108/108 68/68/68 69/69/69
f 109/109/109 68/68/68 108/108/108
f 110/110/110 103/103/103 102/102/102
f 110/110/110 104/104/104 103/103/103
f 111/111/111 107/107/107 106/106/106
f 112/112/112 107/107/107 111/111/111
f 113/113/113 106/106/106 105/105/105
f 111/111/111 106/106/106 113/113/113
f 114/114/114 105/105/105 104/104/104
f 113/113/113 105/105/105 114/114/114
f 114/114/114 104/104/104 110/110/110
f 115/115/115 114/114/114 110/110/110
f 115/115/115 110/110/110 116/116/116
f 116/116/116 110/110/110 102/102/102
f 116/116/116 102/102/102 101/101/101
f 117/117/117 111/111/111 113/113/113
f 118/118/118 111/111/111 117/117/117
f 119/119/119 113/113/113 114/114/114
f 117/117/117 113/113/113 119/119/119
f 119/119/119 114/114/114 115/115/115
f 120/120/120 115/115/115 116/116/116
f 121/121/121 115/115/115 120/120/120
f 121/121/121 119/119/119 115/115/115
f 122/122/122 116/116/116 101/101/101
f 120/120/120 116/116/116 122/122/122
f 122/122/122 101/101/101 123/123/123
f 123/123/123 101/101/101 100/100/100
f 123/123/123 100/100/100 124/124/124
f 124/124/124 100/100/100 125/125/125
f 100/100/100 94/94/94 125/125/125
f 125/125/125 94/94/94 126/126/126
f 94/94/94 83/83/83 126/126/126
f 126/126/126 83/83/83 84/84/84
f 126/126/126 84/84/84 95/95/95
f 127/127/127 126/126/126 95/95/95
f 125/125/125 126/126/126 127/127/127
f 127/127/127 95/95/95 128/128/128
f 128/128/128 95/95/95 96/96/96
f 128/128/128 96/96/96 129/129/129
f 129/129/129 96/96/96 130/130/130
f 96/96/96 86/86/86 130/130/130
f 130/130/130 86/86/86 87/87/87
f 130/130/130 87/87/87 97/97/97
f 131/131/131 130/130/130 97/97/97
f 129/129/129 130/130/130 131/131/131
f 131/131/131 97/97/97 132/132/132
f 132/132/132 97/97/97 98/98/98
f 133/133/133 127/127/127 128/128/128
f 134/134/134 127/127/127 133/133/133
f 134/134/134 125/125/125 127/127/127
f 124/124/124 125/125/125 134/134/134
f 135/135/135 128/128/128 129/129/129
f 133/133/133 128/128/128 135/135/135
f 136/136/136 129/129/129 131/131/131
f 135/135/135 129/129/129 136/136/136
f 137/137/137 124/124/124 134/134/134
f 138/138/138 124/124/124 137/137/137
f 138/138/138 123/123/123 124/124/124
f 139/139/139 123/123/123 138/138/138
f 139/139/139 122/122/122 123/123/123
f 140/140/140 122/122/122 139/139/139
f 140/140/140 120/120/120 122/122/122
f 141/141/141 120/120/120 140/140/140
f 141/141/141 121/121/121 120/120/120
f 142/142/142 121/121/121 141/141/141
f 143/143/143 134/134/134 133/133/133
f 137/137/137 134/134/134 143/143/143
f 144/144/144 135/135/135 136/136/136
f 145/145/145 135/135/135 144/144/144
f 145/145/145 133/133/133 135/135/135
f 143/143/143 133/133/133 145/145/145
f 142/142/142 146/146/146 121/121/121
f 146/146/146 119/119/119 121/121/121
f 146/146/146 117/117/117 119/119/119
f 147/147/147 117/117/117 146/146/146
f 147/147/147 118/118/118 117/117/117
f 148/148/148 118/118/118 147/147/147
f 149/149/149 147/147/147 146/146/146
f 149/149/149 146/146/146 142/142/142
f 150/150/150 147/147/147 149/149/149
f 151/151/151 143/143/143 145/145/145
f 152/152/152 143/143/143 151/151/151
f 152/152/152 137/137/137 143/143/143
f 153/153/153 137/137/137 152/152/152
f 153/153/153 138/138/138 137/137/137
f 154/154/154 138/138/138 153/153/153
f 154/154/154 139/139/139 138/138/138
f 155/155/155 139/139/139 154/154/154
f 155/155/155 140/140/140 139/139/139
f 156/156/156 140/140/140 155/155/155
f 156/156/156 141/141/141 140/140/140
f 157/157/157 141/141/141 156/156/156
f 157/157/157 142/142/142 141/141/141
f 158/158/158 142/142/142 157/157/157
f 158/158/158 149/149/149 142/142/142
f 159/159/159 149/149/149 158/158/158
f 160/160/160 158/158/158 157/157/157
f 161/161/161 158/158/158 160/160/160
f 162/162/162 157/157/157 156/156/156
f 160/160/160 157/157/157 162/162/162
f 163/163/163 156/156/156 155/155/155
f 162/162/162 156/156/156 163/163/163
f 164/164/164 155/155/155 154/154/154
f 163/163/163 155/155/155 164/164/164
f 165/165/165 160/160/160 162/162/162
f 166/166/166 160/160/160 165/165/165
f 167/167/167 162/162/162 163/163/163
f 165/165/165 162/162/162 167/167/167
f 167/167/167 163/163/163 168/168/168
f 168/168/168 163/163/163 164/164/164
f 168/168/168 164/164/164 169/169/169
f 169/169/169 164/164/164 170/170/170
f 164/164/164 154/154/154 170/170/170
f 170/170/170 154/154/154 153/153/153
f 170/170/170 153/153/153 171/171/171
f 171/171/171 153/153/153 152/152/152
f 174/174/174 173/173/173 172/172/172
f 174/174/174 172/172/172 175/175/175
f 175/175/175 172/172/172 176/176/176
f 175/175/175 176/176/176 177/177/177
f 177/177/177 176/176/176 178/178/178
f 179/179/179 174/174/174 175/175/175
f 180/180/180 174/174/174 179/179/179
f 180/180/180 181/181/181 174/174/174
f 182/182/182 181/181/181 180/180/180
f 182/182/182 183/183/183 181/181/181
f 184/184/184 183/183/183 182/182/182
f 179/179/179 175/175/175 185/185/185
f 185/185/185 175/175/175 177/177/177
f 186/186/186 184/184/184 182/182/182
f 187/187/187 184/184/184 186/186/186
f 187/187/187 188/188/188 184/184/184
f 189/189/189 188/188/188 187/187/187
f 190/190/190 182/182/182 180/180/180
f 186/186/186 182/182/182 190/190/190
f 191/191/191 180/180/180 179/179/179
f 190/190/190 180/180/180 191/191/191
f 192/192/192 179/179/179 185/185/185
f 191/191/191 179/179/179 192/192/192
f 192/192/192 185/185/185 193/193/193
f 193/193/193 185/185/185 194/194/194
f 185/185/185 177/177/177 194/194/194
f 194/194/194 177/177/177 195/195/195
f 193/193/193 194/194/194 196/196/196
f 196/196/196 194/194/194 197/197/197
f 194/194/194 195/195/195 197/197/197
f 197/197/197 195/195/195 198/198/198
f 196/196/196 197/197/197 199/199/199
f 199/199/199 197/197/197 200/200/200
f 201/201/201 189/189/189 187/187/187
f 202/202/202 189/189/189 201/201/201
f 203/203/203 190/190/190 191/191/191
f 204/204/204 190/190/190 203/203/203
f 204/204/204 186/186/186 190/190/190
f 205/205/205 186/186/186 204/204/204
f 201/201/201 187/187/187 205/205/205
f 205/205/205 187/187/187 186/186/186
f 206/206/206 193/193/193 196/196/196
f 206/206/206 196/196/196 207/207/207
f 207/207/207 196/196/196 199/199/199
f 208/208/208 205/205/205 204/204/204
f 209/209/209 205/205/205 208/208/208
f 209/209/209 201/201/201 205/205/205
f 210/210/210 201/201/201 209/209/209
f 210/210/210 202/202/202 201/201/201
f 211/211/211 202/202/202 210/210/210
f 211/211/211 212/212/212 202/202/202
f 212/212/212 213/213/213 202/202/202
f 202/202/202 213/213/213 189/189/189
f 214/214/214 212/212/212 211/211/211
f 215/215/215 206/206/206 207/207/207
f 216/216/216 206/206/206 215/215/215
f 215/215/215 207/207/207 217/217/217
f 217/217/217 207/207/207 218/218/218
f 219/219/219 214/214/214 211/211/211
f 220/220/220 214/214/214 219/219/219
f 220/220/220 221/221/221 214/214/214
f 222/222/222 221/221/221 220/220/220
f 223/223/223 211/211/211 210/210/210
f 219/219/219 211/211/211 223/223/223
f 223/223/223 210/210/210 224/224/224
f 225/225/225 216/216/216 215/215/215
f 226/226/226 216/216/216 225/225/225
f 226/226/226 227/227/227 216/216/216
f 227/227/227 228/228/228 216/216/216
f 227/227/227 229/229/229 228/228/228
f 229/229/229 192/192/192 228/228/228
f 229/229/229 191/191/191 192/192/192
f 203/203/203 191/191/191 229/229/229
f 228/228/228 192/192/192 193/193/193
f 228/228/228 193/193/193 206/206/206
f 230/230/230 229/229/229 227/227/227
f 230/230/230 203/203/203 229/229/229
f 231/231/231 203/203/203 230/230/230
f 231/231/231 204/204/204 203/203/203
f 208/208/208 204/204/204 231/231/231
f 232/232/232 208/208/208 231/231/231
f 233/233/233 208/208/208 232/232/232
f 233/233/233 209/209/209 208/208/208
f 224/224/224 209/209/209 233/233/233
f 224/224/224 210/210/210 209/209/209
f 234/234/234 231/231/231 230/230/230
f 232/232/232 231/231/231 234/234/234
f 234/234/234 230/230/230 235/235/235
f 235/235/235 230/230/230 227/227/227
f 235/235/235 227/227/227 226/226/226
f 236/236/236 233/233/233 232/232/232
f 237/237/237 233/233/233 236/236/236
f 237/237/237 224/224/224 233/233/233
f 238/238/238 224/224/224 237/237/237
f 238/238/238 223/223/223 224/224/224
f 239/239/239 223/223/223 238/238/238
f 239/239/239 219/219/219 223/223/223
f 240/240/240 219/219/219 239/239/239
f 240/240/240 220/220/220 219/219/219
f 241/241/241 220/220/220 240/240/240
f 241/241/241 222/222/222 220/220/220
f 242/242/242 222/222/222 241/241/241
f 242/242/242 243/243/243 222/222/222
f 244/244/244 243/243/243 242/242/242
f 245/245/245 244/244/244 242/242/242
f 246/246/246 244/244/244 245/245/245
f 246/246/246 247/247/247 244/244/244
f 248/248/248 247/247/247 246/246/246
f 249/249/249 242/242/242 241/241/241
f 245/245/245 242/242/242 249/249/249
f 250/250/250 241/241/241 240/240/240
f 249/249/249 241/241/241 250/250/250
f 250/250/250 240/240/240 251/251/251
f 251/251/251 240/240/240 239/239/239
f 251/251/251 239/239/239 252/252/252
f 252/252/252 239/239/239 238/238/238
f 252/252/252 238/238/238 253/253/253
f 253/253/253 238/238/238 237/237/237
f 253/253/253 237/237/237 254/254/254
f 254/254/254 237/237/237 236/236/236
f 254/254/254 236/236/236 255/255/255
f 255/255/255 236/236/236 256/256/256
f 236/236/236 232/232/232 256/256/256
f 256/256/256 232/232/232 234/234/234
f 256/256/256 234/234/234 257/257/257
f 257/257/257 234/234/234 235/235/235
f 257/257/257 235/235/235 258/258/258
f 259/259/259 256/256/256 257/257/257
f 255/255/255 256/256/256 259/259/259
f 259/259/259 257/257/257 260/260/260
f 260/260/260 257/257/257 258/258/258
f 260/260/260 258/258/258 261/261/261
f 261/261/261 258/258/258 262/262/262
f 258/258/258 226/226/226 262/262/262
f 258/258/258 235/235/235 226/226/226
f 262/262/262 226/226/226 225/225/225
f 262/262/262 225/225/225 263/263/263
f 263/263/263 225/225/225 264/264/264
f 225/225/225 215/215/215 264/264/264
f 264/264/264 215/215/215 217/217/217
f 264/264/264 217/217/217 265/265/265
f 265/265/265 217/217/217 266/266/266
f 267/267/267 264/264/264 265/265/265
f 263/263/263 264/264/264 267/267/267
f 267/267/267 265/265/265 268/268/268
f 268/268/268 265/265/265 269/269/269
f 270/270/270 262/262/262 263/263/263
f 261/261/261 262/262/262 270/270/270
f 271/271/271 263/263/263 267/267/267
f 270/270/270 263/263/263 271/271/271
f 272/272/272 267/267/267 268/268/268
f 271/271/271 267/267/267 272/272/272
f 272/272/272 268/268/268 273/273/273
f 273/273/273 268/268/268 274/274/274
f 275/275/275 272/272/272 273/273/273
f 276/276/276 272/272/272 275/275/275
f 276/276/276 271/271/271 272/272/272
f 275/275/275 273/273/273 277/277/277
f 277/277/277 273/273/273 278/278/278
f 277/277/277 278/278/278 279/279/279
f 279/279/279 278/278/278 280/280/280
f 279/279/279 280/280/280 281/281/281
f 281/281/281 280/280/280 282/282/282
f 281/281/281 282/282/282 283/283/283
f 283/283/283 282/282/282 248/248/248
f 283/283/283 248/248/248 284/284/284
f 284/284/284 248/248/248 246/246/246
f 284/284/284 246/246/246 285/285/285
f 285/285/285 246/246/246 245/245/245
f 285/285/285 245/245/245 286/286/286
f 286/286/286 245/245/245 249/249/249
f 286/286/286 249/249/249 287/287/287
f 287/287/287 249/249/249 250/250/250
f 287/287/287 250/250/250 288/288/288
f 288/288/288 250/250/250 251/251/251
f 288/288/288 251/251/251 289/289/289
f 289/289/289 251/251/251 252/252/252
f 289/289/289 252/252/252 290/290/290
f 290/290/290 252/252/252 253/253/253
f 290/290/290 253/253/253 291/291/291
f 291/291/291 253/253/253 254/254/254
f 291/291/291 254/254/254 292/292/292
f 292/292/292 254/254/254 255/255/255
f 292/292/292 255/255/255 293/293/293
f 293/293/293 255/255/255 259/259/259
f 293/293/293 259/259/259 294/294/294
f 294/294/294 259/259/259 260/260/260
f 294/294/294 260/260/260 295/295/295
f 295/295/295 260/260/260 261/261/261
f 295/295/295 261/261/261 296/296/296
f 296/296/296 261/261/261 270/270/270
f 296/296/296 270/270/270 297/297/297
f 297/297/297 270/270/270 271/271/271
f 297/297/297 271/271/271 276/276/276
f 298/298/298 291/291/291 292/292/292
f 299/299/299 291/291/291 298/298/298
f 300/300/300 292/292/292 293/293/293
f 298/298/298 292/292/292 300/300/300
f 301/301/301 293/293/293 294/294/294
f 300/300/300 293/293/293 301/301/301
f 302/302/302 294/294/294 295/295/295
f 301/301/301 294/294/294 302/302/302
f 303/303/303 295/295/295 296/296/296
f 302/302/302 295/295/295 303/303/303
f 304/304/304 296/296/296 297/297/297
f 303/303/303 296/296/296 304/304/304
f 305/305/305 297/297/297 276/276/276
f 304/304/304 297/297/297 305/305/305
f 305/305/305 276/276/276 306/306/306
f 306/306/306 276/276/276 275/275/275
f 306/306/306 275/275/275 307/307/307
f 307/307/307 275/275/275 277/277/277
f 307/307/307 277/277/277 308/308/308
f 308/308/308 277/277/277 279/279/279
f 308/308/308 279/279/279 309/309/309
f 309/309/309 279/279/279 281/281/281
f 309/309/309 281/281/281 310/310/310
f 310/310/310 281/281/281 283/283/283
f 310/310/310 283/283/283 311/311/311
f 311/311/311 283/283/283 284/284/284
f 311/311/311 284/284/284 312/312/312
f 312/312/312 284/284/284 285/285/285
f 312/312/312 285/285/285 313/313/313
f 313/313/313 285/285/285 286/286/286
f 313/313/313 286/286/286 314/314/314
f 314/314/314 286/286/286 287/287/287
f 314/314/314 287/287/287 315/315/315
f 315/315/315 287/287/287 288/288/288
f 315/315/315 288/288/288 316/316/316
f 316/316/316 288/288/288 289/289/289
f 316/316/316 289/289/289 317/317/317
f 317/317/317 289/289/289 290/290/290
f 317/317/317 290/290/290 299/299/299
f 299/299/299 290/290/290 291/291/291
f 318/318/318 311/311/311 312/312/312
f 319/319/319 312/312/312 313/313/313
f 318/318/318 312/312/312 319/319/319
f 320/320/320 313/313/313 314/314/314
f 319/319/319 313/313/313 320/320/320
f 321/321/321 314/314/314 315/315/315
f 320/320/320 314/314/314 321/321/321
f 322/322/322 315/315/315 316/316/316
f 321/321/321 315/315/315 322/322/322
f 323/323/323 316/316/316 317/317/317
f 322/322/322 316/316/316 323/323/323
f 324/324/324 317/317/317 299/299/299
f 323/323/323 317/317/317 324/324/324
f 324/324/324 299/299/299 325/325/325
f 325/325/325 299/299/299 298/298/298
f 325/325/325 298/298/298 326/326/326
f 326/326/326 298/298/298 300/300/300
f 326/326/326 300/300/300 327/327/327
f 327/327/327 300/300/300 301/301/301
f 327/327/327 301/301/301 328/328/328
f 328/328/328 301/301/301 302/302/302
f 328/328/328 302/302/302 329/329/329
f 329/329/329 302/302/302 303/303/303
f 329/329/329 303/303/303 330/330/330
f 330/330/330 303/303/303 304/304/304
f 330/330/330 304/304/304 331/331/331
f 331/331/331 304/304/304 305/305/305
f 331/331/331 305/305/305 332/332/332
f 332/332/332 305/305/305 306/306/306
f 332/332/332 306/306/306 333/333/333
f 333/333/333 306/306/306 307/307/307
f 333/333/333 307/307/307 334/334/334
f 334/334/334 307/307/307 308/308/308
f 334/334/334 308/308/308 335/335/335
f 335/335/335 308/308/308 309/309/309
f 335/335/335 309/309/309 336/336/336
f 336/336/336 309/309/309 310/310/310
f 336/336/336 310/310/310 337/337/337
f 337/337/337 310/310/310 311/311/311
f 337/337/337 311/311/311 318/318/318
f 338/338/338 331/331/331 332/332/332
f 338/338/338 332/332/332 333/333/333
f 338/338/338 333/333/333 334/334/334
f 338/338/338 334/334/334 335/335/335
f 338/338/338 335/335/335 336/336/336
f 338/338/338 336/336/336 337/337/337
f 338/338/338 337/337/337 318/318/318
f 338/338/338 318/318/318 319/319/319
f 338/338/338 319/319/319 320/320/320
f 338/338/338 320/320/320 321/321/321
f 338/338/338 321/321/321 322/322/322
f 338/338/338 322/322/322 323/323/323
f 338/338/338 323/323/323 324/324/324
f 338/338/338 324/324/324 325/325/325
f 338/338/338 325/325/325 326/326/326
f 338/338/338 326/326/326 327/327/327
f 338/338/338 327/327/327 328/328/328
f 338/338/338 328/328/328 329/329/329
f 338/338/338 329/329/329 330/330/330
f 338/338/338 330/330/330 331/331/331
f 216/216/216 228/228/228 206/206/206
f 339/339/339 1/1/1 2/2/2
f 339/339/339 6/6/6 1/1/1
f 339/339/339 8/8/8 6/6/6
f 339/339/339 10/10/10 8/8/8
f 339/339/339 12/12/12 10/10/10
f 339/339/339 14/14/14 12/12/12
f 339/339/339 16/16/16 14/14/14
f 339/339/339 18/18/18 16/16/16
f 339/339/339 20/20/20 18/18/18
f 339/339/339 22/22/22 20/20/20
f 339/339/339 24/24/24 22/22/22
f 339/339/339 26/26/26 24/24/24
f 339/339/339 28/28/28 26/26/26
f 339/339/339 30/30/30 28/28/28
f 339/339/339 32/32/32 30/30/30
f 339/339/339 34/34/34 32/32/32
f 339/339/339 36/36/36 34/34/34
f 339/339/339 38/38/38 36/36/36
f 339/339/339 40/40/40 38/38/38
f 339/339/339 2/2/2 40/40/40
f 342/342/342 341/341/341 340/340/340
f 343/343/343 341/341/341 342/342/342
f 342/342/342 340/340/340 344/344/344
f 344/344/344 340/340/340 345/345/345
f 344/344/344 345/345/345 346/346/346
f 346/346/346 345/345/345 347/347/347
f 346/346/346 347/347/347 348/348/348
f 348/348/348 347/347/347 349/349/349
f 343/343/343 350/350/350 341/341/341
f 351/351/351 350/350/350 343/343/343
f 351/351/351 352/352/352 350/350/350
f 353/353/353 352/352/352 351/351/351
f 353/353/353 354/354/354 352/352/352
f 355/355/355 354/354/354 353/353/353
f 355/355/355 356/356/356 354/354/354
f 357/357/357 356/356/356 355/355/355
f 357/357/357 358/358/358 356/356/356
f 346/346/346 359/359/359 344/344/344
f 344/344/344 359/359/359 360/360/360
f 359/359/359 361/361/361 360/360/360
f 360/360/360 361/361/361 362/362/362
f 360/360/360 362/362/362 363/363/363
f 363/363/363 362/362/362 364/364/364
f 363/363/363 364/364/364 365/365/365
f 365/365/365 364/364/364 366/366/366
f 359/359/359 367/367/367 361/361/361
f 365/365/365 366/366/366 368/368/368
f 368/368/368 366/366/366 369/369/369
f 368/368/368 369/369/369 370/370/370
f 370/370/370 369/369/369 371/371/371
f 343/343/343 363/363/363 365/365/365
f 342/342/342 363/363/363 343/343/343
f 342/342/342 360/360/360 363/363/363
f 344/344/344 360/360/360 342/342/342
f 353/353/353 368/368/368 370/370/370
f 353/353/353 370/370/370 355/355/355
f 355/355/355 370/370/370 372/372/372
f 355/355/355 372/372/372 357/357/357
f 351/351/351 368/368/368 353/353/353
f 351/351/351 365/365/365 368/368/368
f 343/343/343 365/365/365 351/351/351
f 373/373/373 367/367/367 359/359/359
f 346/346/346 373/373/373 359/359/359
f 348/348/348 373/373/373 346/346/346
f 376/376/376 375/375/375 374/374/374
f 377/377/377 375/375/375 376/376/376
f 376/376/376 374/374/374 378/378/378
f 378/378/378 374/374/374 379/379/379
f 378/378/378 379/379/379 380/380/380
f 380/380/380 379/379/379 381/381/381
f 380/380/380 381/381/381 382/382/382
f 382/382/382 381/381/381 383/383/383
f 382/382/382 383/383/383 384/384/384
f 384/384/384 383/383/383 385/385/385
f 384/384/384 385/385/385 386/386/386
f 386/386/386 385/385/385 387/387/387
f 386/386/386 387/387/387 388/388/388
f 388/388/388 387/387/387 389/389/389
f 388/388/388 389/389/389 390/390/390
f 376/376/376 391/391/391 377/377/377
f 377/377/377 391/391/391 392/392/392
f 391/391/391 393/393/393 392/392/392
f 392/392/392 393/393/393 394/394/394
f 391/391/391 395/395/395 393/393/393
f 396/396/396 395/395/395 391/391/391
f 376/376/376 396/396/396 391/391/391
f 393/393/393 395/395/395 397/397/397
f 396/396/396 398/398/398 395/395/395
f 395/395/395 398/398/398 399/399/399
f 400/400/400 398/398/398 396/396/396
f 400/400/400 401/401/401 398/398/398
f 398/398/398 401/401/401 402/402/402
f 403/403/403 401/401/401 400/400/400
f 403/403/403 404/404/404 401/401/401
f 401/401/401 404/404/404 405/405/405
f 404/404/404 406/406/406 405/405/405
f 407/407/407 404/404/404 403/403/403
f 407/407/407 406/406/406 404/404/404
f 408/408/408 406/406/406 407/407/407
f 408/408/408 409/409/409 406/406/406
f 406/406/406 409/409/409 410/410/410
f 409/409/409 411/411/411 410/410/410
f 412/412/412 409/409/409 408/408/408
f 412/412/412 411/411/411 409/409/409
f 413/413/413 411/411/411 412/412/412
f 413/413/413 414/414/414 411/411/411
f 411/411/411 414/414/414 415/415/415
f 416/416/416 414/414/414 413/413/413
f 416/416/416 417/417/417 414/414/414
f 414/414/414 417/417/417 418/418/418
f 419/419/419 417/417/417 416/416/416
f 384/384/384 408/408/408 407/407/407
f 384/384/384 407/407/407 382/382/382
f 382/382/382 407/407/407 403/403/403
f 382/382/382 403/403/403 380/380/380
f 380/380/380 403/403/403 400/400/400
f 380/380/380 400/400/400 378/378/378
f 378/378/378 400/400/400 396/396/396
f 378/378/378 396/396/396 376/376/376
f 388/388/388 413/413/413 412/412/412
f 390/390/390 413/413/413 388/388/388
f 390/390/390 416/416/416 413/413/413
f 417/417/417 421/421/421 420/420/420
f 421/421/421 423/423/423 422/422/422
f 423/423/423 425/425/425 424/424/424
f 425/425/425 426/426/426 424/424/424
f 388/388/388 412/412/412 386/386/386
f 386/386/386 412/412/412 408/408/408
f 386/386/386 408/408/408 384/384/384
f 429/429/429 428/428/428 427/427/427
f 428/428/428 430/430/430 427/427/427
f 394/394/394 393/393/393 431/431/431
f 434/434/434 433/433/433 432/432/432
f 434/434/434 432/432/432 435/435/435
f 435/435/435 436/436/436 434/434/434
f 434/434/434 436/436/436 437/437/437
f 436/436/436 438/438/438 437/437/437
f 437/437/437 438/438/438 439/439/439
f 437/437/437 439/439/439 440/440/440
f 440/440/440 439/439/439 441/441/441
f 440/440/440 441/441/441 442/442/442
f 442/442/442 441/441/441 443/443/443
f 442/442/442 443/443/443 444/444/444
f 444/444/444 443/443/443 445/445/445
f 446/446/446 437/437/437 440/440/440
f 434/434/434 437/437/437 446/446/446
f 446/446/446 433/433/433 434/434/434
f 435/435/435 447/447/447 436/436/436
f 448/448/448 442/442/442 444/444/444
f 448/448/448 444/444/444 449/449/449
f 449/449/449 450/450/450 448/448/448
f 449/449/449 451/451/451 450/450/450
f 452/452/452 451/451/451 449/449/449
f 452/452/452 453/453/453 451/451/451
f 454/454/454 453/453/453 452/452/452
f 448/448/448 450/450/450 455/455/455
f 448/448/448 455/455/455 456/456/456
f 456/456/456 442/442/442 448/448/448
f 456/456/456 455/455/455 457/457/457
f 456/456/456 457/457/457 446/446/446
f 446/446/446 457/457/457 433/433/433
f 449/449/449 458/458/458 452/452/452
f 449/449/449 444/444/444 458/458/458
f 444/444/444 445/445/445 458/458/458
f 452/452/452 458/458/458 459/459/459
f 458/458/458 460/460/460 459/459/459
f 458/458/458 445/445/445 460/460/460
f 456/456/456 440/440/440 442/442/442
f 446/446/446 440/440/440 456/456/456
f 463/463/463 462/462/462 461/461/461
f 463/463/463 461/461/461 464/464/464
f 464/464/464 461/461/461 465/465/465
f 464/464/464 465/465/465 466/466/466
f 466/466/466 465/465/465 467/467/467
f 466/466/466 467/467/467 468/468/468
f 468/468/468 467/467/467 469/469/469
f 468/468/468 469/469/469 470/470/470
f 470/470/470 469/469/469 471/471/471
f 470/470/470 471/471/471 472/472/472
f 472/472/472 471/471/471 473/473/473
f 472/472/472 473/473/473 474/474/474
f 474/474/474 473/473/473 475/475/475
f 474/474/474 475/475/475 476/476/476
f 476/476/476 475/475/475 477/477/477
f 476/476/476 477/477/477 478/478/478
f 478/478/478 477/477/477 479/479/479
f 478/478/478 479/479/479 480/480/480
f 480/480/480 479/479/479 481/481/481
f 468/468/468 482/482/482 466/466/466
f 468/468/468 483/483/483 482/482/482
f 470/470/470 483/483/483 468/468/468
f 483/483/483 484/484/484 482/482/482
f 482/482/482 484/484/484 485/485/485
f 482/482/482 485/485/485 486/486/486
f 466/466/466 482/482/482 486/486/486
f 486/486/486 485/485/485 487/487/487
f 487/487/487 485/485/485 488/488/488
f 485/485/485 484/484/484 488/488/488
f 489/489/489 487/487/487 488/488/488
f 490/490/490 489/489/489 488/488/488
f 483/483/483 491/491/491 484/484/484
f 484/484/484 491/491/491 492/492/492
f 493/493/493 491/491/491 483/483/483
f 493/493/493 494/494/494 491/491/491
f 491/491/491 494/494/494 495/495/495
f 494/494/494 496/496/496 495/495/495
f 496/496/496 497/497/497 495/495/495
f 498/498/498 494/494/494 493/493/493
f 498/498/498 496/496/496 494/494/494
f 499/499/499 496/496/496 498/498/498
f 499/499/499 497/497/497 496/496/496
f 500/500/500 497/497/497 499/499/499
f 500/500/500 501/501/501 497/497/497
f 497/497/497 501/501/501 502/502/502
f 501/501/501 503/503/503 502/502/502
f 503/503/503 504/504/504 502/502/502
f 504/504/504 505/505/505 502/502/502
f 506/506/506 501/501/501 500/500/500
f 506/506/506 503/503/503 501/501/501
f 507/507/507 503/503/503 506/506/506
f 507/507/507 504/504/504 503/503/503
f 472/472/472 498/498/498 493/493/493
f 472/472/472 493/493/493 470/470/470
f 470/470/470 493/493/493 483/483/483
f 474/474/474 498/498/498 472/472/472
f 474/474/474 499/499/499 498/498/498
f 476/476/476 499/499/499 474/474/474
f 476/476/476 500/500/500 499/499/499
f 478/478/478 500/500/500 476/476/476
f 478/478/478 506/506/506 500/500/500
f 480/480/480 506/506/506 478/478/478
f 480/480/480 507/507/507 506/506/506
f 508/508/508 507/507/507 480/480/480
f 511/511/511 510/510/510 509/509/509
f 514/514/514 513/513/513 512/512/512
f 515/515/515 514/514/514 512/512/512
f 516/516/516 515/515/515 512/512/512
f 517/517/517 489/489/489 490/490/490
f 518/518/518 489/489/489 517/517/517
f 518/518/518 487/487/487 489/489/489
f 486/486/486 487/487/487 518/518/518
f 464/464/464 486/486/486 518/518/518
f 464/464/464 518/518/518 463/463/463
f 466/466/466 486/486/486 464/464/464
f 521/521/521 520/520/520 519/519/519
f 522/522/522 520/520/520 521/521/521
f 521/521/521 519/519/519 523/523/523
f 523/523/523 519/519/519 524/524/524
f 523/523/523 524/524/524 525/525/525
f 525/525/525 524/524/524 526/526/526
f 525/525/525 526/526/526 527/527/527
f 527/527/527 526/526/526 528/528/528
f 527/527/527 528/528/528 529/529/529
f 529/529/529 528/528/528 530/530/530
f 521/521/521 531/531/531 522/522/522
f 522/522/522 531/531/531 532/532/532
f 531/531/531 533/533/533 532/532/532
f 532/532/532 533/533/533 534/534/534
f 534/534/534 533/533/533 535/535/535
f 531/531/531 536/536/536 533/533/533
f 533/533/533 536/536/536 537/537/537
f 538/538/538 536/536/536 531/531/531
f 538/538/538 539/539/539 536/536/536
f 536/536/536 539/539/539 540/540/540
f 541/541/541 539/539/539 538/538/538
f 541/541/541 542/542/542 539/539/539
f 539/539/539 542/542/542 543/543/543
f 544/544/544 542/542/542 541/541/541
f 544/544/544 545/545/545 542/542/542
f 542/542/542 545/545/545 546/546/546
f 547/547/547 545/545/545 544/544/544
f 547/547/547 548/548/548 545/545/545
f 545/545/545 548/548/548 549/549/549
f 550/550/550 548/548/548 547/547/547
f 550/550/550 551/551/551 548/548/548
f 548/548/548 551/551/551 552/552/552
f 553/553/553 551/551/551 550/550/550
f 523/523/523 541/541/541 538/538/538
f 525/525/525 541/541/541 523/523/523
f 525/525/525 544/544/544 541/541/541
f 527/527/527 544/544/544 525/525/525
f 527/527/527 547/547/547 544/544/544
f 529/529/529 547/547/547 527/527/527
f 529/529/529 550/550/550 547/547/547
f 554/554/554 550/550/550 529/529/529
f 554/554/554 553/553/553 550/550/550
f 529/529/529 555/555/555 554/554/554
f 556/556/556 553/553/553 554/554/554
f 554/554/554 557/557/557 556/556/556
f 554/554/554 558/558/558 557/557/557
f 556/556/556 557/557/557 559/559/559
f 556/556/556 560/560/560 553/553/553
f 560/560/560 561/561/561 553/553/553
f 553/553/553 561/561/561 551/551/551
f 562/562/562 560/560/560 556/556/556
f 556/556/556 559/559/559 562/562/562
f 562/562/562 559/559/559 563/563/563
f 562/562/562 563/563/563 564/564/564
f 564/564/564 563/563/563 565/565/565
f 523/523/523 538/538/538 521/521/521
f 521/521/521 538/538/538 531/531/531
f 551/551/551 561/561/561 566/566/566
f 568/568/568 534/534/534 567/567/567
f 569/569/569 534/534/534 568/568/568
f 532/532/532 534/534/534 569/569/569
f 570/570/570 532/532/532 569/569/569
f 522/522/522 532/532/532 570/570/570
f 572/572/572 568/568/568 571/571/571
f 575/575/575 574/574/574 573/573/573
f 575/575/575 576/576/576 574/574/574
f 577/577/577 576/576/576 575/575/575
f 577/577/577 578/578/578 576/576/576
f 579/579/579 578/578/578 577/577/577
f 579/579/579 580/580/580 578/578/578
f 573/573/573 574/574/574 581/581/581
f 573/573/573 581/581/581 582/582/582
f 528/528/528 580/580/580 583/583/583
f 528/528/528 584/584/584 580/580/580
f 526/526/526 584/584/584 528/528/528
f 526/526/526 585/585/585 584/584/584
f 524/524/524 585/585/585 526/526/526
f 524/524/524 586/586/586 585/585/585
f 519/519/519 586/586/586 524/524/524
f 519/519/519 587/587/587 586/586/586
f 520/520/520 587/587/587 519/519/519
f 520/520/520 588/588/588 587/587/587
f 589/589/589 588/588/588 520/520/520
f 589/589/589 590/590/590 588/588/588
f 591/591/591 590/590/590 589/589/589
f 587/587/587 592/592/592 586/586/586
f 586/586/586 592/592/592 593/593/593
f 586/586/586 593/593/593 585/585/585
f 585/585/585 593/593/593 594/594/594
f 585/585/585 594/594/594 595/595/595
f 595/595/595 594/594/594 596/596/596
f 599/599/599 598/598/598 597/597/597
f 597/597/597 598/598/598 600/600/600
f 597/597/597 600/600/600 601/601/601
f 601/601/601 600/600/600 602/602/602
f 601/601/601 602/602/602 603/603/603
f 603/603/603 602/602/602 604/604/604
f 603/603/603 604/604/604 605/605/605
f 605/605/605 604/604/604 606/606/606
f 605/605/605 606/606/606 607/607/607
f 607/607/607 606/606/606 608/608/608
f 611/611/611 610/610/610 609/609/609
f 612/612/612 610/610/610 611/611/611
f 611/611/611 609/609/609 613/613/613
f 613/613/613 609/609/609 614/614/614
f 613/613/613 614/614/614 615/615/615
f 615/615/615 614/614/614 616/616/616
f 615/615/615 616/616/616 617/617/617
f 617/617/617 616/616/616 618/618/618
f 617/617/617 618/618/618 619/619/619
f 619/619/619 618/618/618 620/620/620
f 619/619/619 620/620/620 621/621/621
f 621/621/621 620/620/620 622/622/622
f 621/621/621 622/622/622 623/623/623
f 623/623/623 622/622/622 624/624/624
f 613/613/613 625/625/625 611/611/611
f 611/611/611 625/625/625 626/626/626
f 611/611/611 626/626/626 612/612/612
f 625/625/625 627/627/627 626/626/626
f 626/626/626 627/627/627 628/628/628
f 625/625/625 629/629/629 627/627/627
f 627/627/627 629/629/629 630/630/630
f 628/628/628 627/627/627 631/631/631
f 632/632/632 629/629/629 625/625/625
f 632/632/632 633/633/633 629/629/629
f 629/629/629 633/633/633 634/634/634
f 635/635/635 633/633/633 632/632/632
f 635/635/635 636/636/636 633/633/633
f 633/633/633 636/636/636 637/637/637
f 638/638/638 636/636/636 635/635/635
f 638/638/638 639/639/639 636/636/636
f 640/640/640 639/639/639 638/638/638
f 613/613/613 632/632/632 625/625/625
f 615/615/615 632/632/632 613/613/613
f 615/615/615 635/635/635 632/632/632
f 617/617/617 635/635/635 615/615/615
f 617/617/617 638/638/638 635/635/635
f 619/619/619 638/638/638 617/617/617
f 619/619/619 640/640/640 638/638/638
f 621/621/621 640/640/640 619/619/619
f 643/643/643 642/642/642 641/641/641
f 646/646/646 645/645/645 644/644/644
f 649/649/649 648/648/648 647/647/647
f 650/650/650 648/648/648 649/649/649
f 650/650/650 628/628/628 648/648/648
f 626/626/626 628/628/628 650/650/650
f 651/651/651 650/650/650 649/649/649
f 612/612/612 626/626/626 650/650/650
f 612/612/612 650/650/650 651/651/651
f 653/653/653 581/581/581 652/652/652
f 653/653/653 652/652/652 654/654/654
f 654/654/654 652/652/652 655/655/655
f 654/654/654 655/655/655 656/656/656
f 656/656/656 655/655/655 657/657/657
f 660/660/660 659/659/659 658/658/658
f 658/658/658 659/659/659 661/661/661
f 658/658/658 661/661/661 662/662/662
f 618/618/618 664/664/664 663/663/663
f 618/618/618 663/663/663 620/620/620
f 620/620/620 663/663/663 665/665/665
f 664/664/664 666/666/666 663/663/663
f 664/664/664 667/667/667 666/666/666
f 668/668/668 667/667/667 664/664/664
f 663/663/663 666/666/666 669/669/669
f 663/663/663 669/669/669 665/665/665
f 665/665/665 669/669/669 670/670/670
f 665/665/665 670/670/670 671/671/671
f 671/671/671 670/670/670 672/672/672
f 671/671/671 672/672/672 673/673/673
f 673/673/673 672/672/672 674/674/674
f 677/677/677 676/676/676 675/675/675
f 678/678/678 676/676/676 677/677/677
f 678/678/678 679/679/679 676/676/676
f 680/680/680 679/679/679 678/678/678
f 680/680/680 681/681/681 679/679/679
f 682/682/682 681/681/681 680/680/680
f 685/685/685 684/684/684 683/683/683
f 686/686/686 684/684/684 685/685/685
f 685/685/685 683/683/683 687/687/687
f 687/687/687 683/683/683 688/688/688
f 687/687/687 688/688/688 689/689/689
f 689/689/689 688/688/688 690/690/690
f 689/689/689 690/690/690 691/691/691
f 691/691/691 690/690/690 692/692/692
f 691/691/691 692/692/692 693/693/693
f 693/693/693 692/692/692 694/694/694
f 693/693/693 694/694/694 695/695/695
f 695/695/695 694/694/694 696/696/696
f 695/695/695 696/696/696 697/697/697
f 697/697/697 696/696/696 698/698/698
f 697/697/697 698/698/698 699/699/699
f 699/699/699 698/698/698 700/700/700
f 699/699/699 700/700/700 701/701/701
f 701/701/701 700/700/700 702/702/702
f 701/701/701 702/702/702 703/703/703
f 691/691/691 704/704/704 689/689/689
f 689/689/689 704/704/704 705/705/705
f 704/704/704 706/706/706 705/705/705
f 705/705/705 706/706/706 707/707/707
f 707/707/707 706/706/706 708/708/708
f 706/706/706 709/709/709 708/708/708
f 704/704/704 709/709/709 706/706/706
f 709/709/709 710/710/710 708/708/708
f 710/710/710 711/711/711 708/708/708
f 711/711/711 712/712/712 708/708/708
f 713/713/713 710/710/710 709/709/709
f 713/713/713 709/709/709 704/704/704
f 714/714/714 710/710/710 713/713/713
f 714/714/714 711/711/711 710/710/710
f 715/715/715 711/711/711 714/714/714
f 715/715/715 712/712/712 711/711/711
f 716/716/716 712/712/712 715/715/715
f 705/705/705 707/707/707 717/717/717
f 687/687/687 705/705/705 717/717/717
f 689/689/689 705/705/705 687/687/687
f 687/687/687 717/717/717 685/685/685
f 685/685/685 717/717/717 718/718/718
f 717/717/717 719/719/719 718/718/718
f 717/717/717 707/707/707 719/719/719
f 719/719/719 707/707/707 720/720/720
f 718/718/718 719/719/719 721/721/721
f 721/721/721 719/719/719 722/722/722
f 718/718/718 721/721/721 723/723/723
f 723/723/723 721/721/721 724/724/724
f 724/724/724 721/721/721 725/725/725
f 686/686/686 718/718/718 723/723/723
f 685/685/685 718/718/718 686/686/686
f 693/693/693 714/714/714 713/713/713
f 695/695/695 714/714/714 693/693/693
f 695/695/695 715/715/715 714/714/714
f 697/697/697 715/715/715 695/695/695
f 697/697/697 716/716/716 715/715/715
f 699/699/699 716/716/716 697/697/697
f 699/699/699 726/726/726 716/716/716
f 701/701/701 726/726/726 699/699/699
f 723/723/723 724/724/724 727/727/727
f 727/727/727 724/724/724 728/728/728
f 728/728/728 724/724/724 729/729/729
f 730/730/730 728/728/728 729/729/729
f 731/731/731 730/730/730 729/729/729
f 732/732/732 731/731/731 729/729/729
f 733/733/733 732/732/732 729/729/729
f 734/734/734 728/728/728 730/730/730
f 727/727/727 728/728/728 734/734/734
f 736/736/736 733/733/733 735/735/735
f 738/738/738 736/736/736 737/737/737
f 739/739/739 723/723/723 727/727/727
f 712/712/712 741/741/741 740/740/740
f 691/691/691 713/713/713 704/704/704
f 693/693/693 713/713/713 691/691/691
f 744/744/744 743/743/743 742/742/742
f 744/744/744 742/742/742 745/745/745
f 745/745/745 742/742/742 746/746/746
f 745/745/745 746/746/746 747/747/747
f 747/747/747 746/746/746 748/748/748
f 747/747/747 748/748/748 749/749/749
f 749/749/749 748/748/748 750/750/750
f 749/749/749 750/750/750 751/751/751
f 751/751/751 750/750/750 752/752/752
f 751/751/751 752/752/752 753/753/753
f 753/753/753 752/752/752 754/754/754
f 753/753/753 754/754/754 755/755/755
f 745/745/745 756/756/756 744/744/744
f 744/744/744 756/756/756 757/757/757
f 756/756/756 758/758/758 757/757/757
f 757/757/757 758/758/758 759/759/759
f 757/757/757 759/759/759 760/760/760
f 760/760/760 759/759/759 761/761/761
f 760/760/760 761/761/761 762/762/762
f 762/762/762 761/761/761 763/763/763
f 756/756/756 764/764/764 758/758/758
f 765/765/765 764/764/764 756/756/756
f 765/765/765 766/766/766 764/764/764
f 767/767/767 766/766/766 765/765/765
f 767/767/767 768/768/768 766/766/766
f 769/769/769 768/768/768 767/767/767
f 770/770/770 757/757/757 760/760/760
f 744/744/744 757/757/757 770/770/770
f 745/745/745 765/765/765 756/756/756
f 747/747/747 765/765/765 745/745/745
f 747/747/747 767/767/767 765/765/765
f 749/749/749 767/767/767 747/747/747
f 749/749/749 769/769/769 767/767/767
f 751/751/751 769/769/769 749/749/749
f 751/751/751 771/771/771 769/769/769
f 753/753/753 771/771/771 751/751/751
f 755/755/755 772/772/772 753/753/753
f 755/755/755 754/754/754 773/773/773
