g Card_InHand_Fatigue_mesh
v -37.3712 9.9873 -13.0101
v -32.8077 9.9873 -14.5296
v -35.8107 9.9873 22.0993
v -29.7772 9.9873 23.0663
v 31.6125 9.9873 23.0663
v -41.5631 9.9873 18.0102
v -41.6073 9.9873 -9.9546
v -45.594 9.9873 12.3499
v -45.3385 9.9873 -5.2255
v -50.929 9.9873 11.3381
v -50.3211 9.9873 -4.2918
v -55.2336 9.9873 9.7856
v -55.3547 9.9873 -2.8746
v -61.0516 9.9873 5.5478
v -61.0598 9.9873 0.9288
v -62.7599 9.9873 3.2858
v 30.2265 9.9873 -14.5296
v 34.3813 9.9873 -13.2372
v 35.2423 9.9873 21.2729
v 39.3059 9.9873 -9.3495
v 39.1752 9.9873 17.4479
v 42.8151 9.9873 -5.1682
v 43.291 9.9873 11.9221
v 49.2566 9.9873 -4.2743
v 49.214 9.9873 11.0507
v 53.9094 9.9873 -3.0243
v 53.8684 9.9873 9.6613
v 58.2265 9.9873 -0.4162
v 58.227 9.9873 6.9665
v 61.2862 9.9873 3.306
v -29.7772 9.9873 23.0663
v -29.969 4.9742 25.4753
v -35.8107 9.9873 22.0993
v 32.1752 4.9742 25.4753
v 31.6125 9.9873 23.0663
v 36.6497 4.9742 23.2646
v 35.2423 9.9873 21.2729
v 40.9924 4.9742 19.041
v 39.1752 9.9873 17.4479
v 44.6276 4.9742 14.1604
v 43.291 9.9873 11.9221
v 49.7366 4.9742 13.4087
v 49.214 9.9873 11.0507
v 54.8635 4.9742 11.8783
v 53.8684 9.9873 9.6613
v 59.8255 4.9742 8.8105
v 58.227 9.9873 6.9665
v 64.415 4.9742 3.3188
v 61.2862 9.9873 3.306
v 61.2862 9.9873 3.306
v 59.8255 4.9742 -2.2647
v 64.415 4.9742 3.3188
v 58.2265 9.9873 -0.4162
v 54.8635 4.9742 -5.2624
v 53.9094 9.9873 -3.0243
v 49.7366 4.9742 -6.6398
v 49.2566 9.9873 -4.2743
v 44.0645 4.9742 -7.4269
v 42.8151 9.9873 -5.1682
v 40.9924 4.9742 -11.0873
v 39.3059 9.9873 -9.3495
v 35.5234 4.9742 -15.4048
v 34.3813 9.9873 -13.2372
v 30.5925 4.9742 -16.9386
v 30.2265 9.9873 -14.5296
v -33.1983 4.9742 -16.9386
v -32.8077 9.9873 -14.5296
v -38.4817 4.9742 -15.1794
v -37.3712 9.9873 -13.0101
v -43.2898 4.9742 -11.7113
v -41.6073 9.9873 -9.9546
v -46.6702 4.9742 -7.4269
v -45.3385 9.9873 -5.2255
v -50.8704 4.9742 -6.6398
v -50.3211 9.9873 -4.2918
v -56.3742 4.9742 -5.0903
v -55.3547 9.9873 -2.8746
v -62.7587 4.9742 -0.8339
v -61.0598 9.9873 0.9288
v -65.7539 4.9742 3.3188
v -62.7599 9.9873 3.2858
v -62.7599 9.9873 3.2858
v -62.7587 4.9742 7.2847
v -65.7539 4.9742 3.3188
v -61.0516 9.9873 5.5478
v -56.3742 4.9742 11.9351
v -55.2336 9.9873 9.7856
v -51.5661 4.9742 13.6692
v -50.929 9.9873 11.3381
v -46.9944 4.9742 14.5362
v -45.594 9.9873 12.3499
v -43.2898 4.9742 19.7384
v -41.5631 9.9873 18.0102
v -36.7477 4.9742 24.3889
v 0.7073 25.9741 -16.6794
v 1.5299 30.8432 -12.6449
v 4.1737 25.9923 -24.3704
v 5.9843 30.9311 -21.0314
v 2.2132 17.1036 -27.7264
v 14.5101 24.3049 -32.3267
v 16.2932 30.9392 -28.6745
v 12.3678 15.9664 -36.6308
v 9.0239 5.8989 -44.8062
v 27.7127 23.8312 -37.0738
v 29.8692 30.9397 -32.5231
v 23.8179 16.4575 -40.9686
v 14.2342 4.7452 -49.0829
v 36.1898 23.8312 -41.4268
v 39.0242 30.9211 -37.4921
v 29.9098 16.7223 -44.9253
v 18.4087 4.9703 -54.9646
v 45.4687 23.8312 -49.5602
v 47.3815 30.8664 -48.3207
v 38.9685 16.716 -52.8543
v 20.9345 4.5807 -65.0529
v 52.0036 23.8312 -61.9654
v 53.5411 30.8278 -62.0081
v 43.9488 16.7788 -65.3912
v 22.3968 4.7743 -76.2167
v 51.853 23.8312 -69.7618
v 46.7696 16.6435 -71.7861
v 24.1186 3.5716 -84.0414
v 42.7251 16.551 -85.4139
v 47.8817 23.8312 -84.6335
v 29.9547 4.7649 -89.5145
v 42.1265 16.537 -95.0693
v 47.8243 23.8312 -94.2379
v 30.5508 5.6827 -99.6511
v 42.1949 16.5765 -106.2304
v 48.0293 23.8312 -105.0374
v 29.3679 6.8688 -108.8978
v 42.5016 16.2907 -120.6599
v 50.2338 23.8312 -120.569
v 29.4548 5.7716 -119.5125
v 38.2189 16.1256 -126.5732
v 46.4836 23.8312 -126.9305
v 27.6967 6.5059 -125.1139
v 34.3112 15.5625 -132.2999
v 26.4748 5.5613 -131.2565
v 22.3405 5.6402 -139.9769
v 33.754 15.5005 -141.5682
v 40.6978 23.8312 -132.8755
v 46.4836 23.8312 -126.9305
v 40.6978 23.8312 -132.8755
v -0.079 5.7902 -42.7963
v 2.2132 17.1036 -27.7264
v 9.0239 5.8989 -44.8062
v -1.095 13.5209 -26.4467
v -0.079 5.7902 -42.7963
v -0.4242 18.5517 -18.3607
v -1.2416 16.1674 -19.0084
v -1.4615 20.6003 -14.135
v -1.4766 26.2597 -10.5416
v 0.7073 25.9741 -16.6794
v 2.2132 17.1036 -27.7264
v 51.853 23.8312 -69.7618
v 53.5411 30.8278 -62.0081
v 52.1683 30.8066 -70.3797
v 47.8817 23.8312 -84.6335
v 48.042 30.7949 -84.4125
v 47.8243 23.8312 -94.2379
v 48.042 30.7949 -84.4125
v 47.1853 30.7897 -93.7431
v 48.0293 23.8312 -105.0374
v 47.1853 30.7897 -93.7431
v 47.735 30.7894 -105.5766
v 50.2338 23.8312 -120.569
v 47.735 30.7894 -105.5766
v 49.4733 30.7839 -114.974
v 50.2338 23.8312 -120.569
v 49.4733 30.7839 -114.974
v 46.4836 23.8312 -126.9305
v 46.4836 23.8312 -126.9305
v 49.4733 30.7839 -114.974
v 46.8651 30.8902 -121.4138
v 46.4836 23.8312 -126.9305
v 46.8651 30.8902 -121.4138
v 40.6978 23.8312 -132.8755
v 42.0581 30.7938 -126.7752
v 36.3764 23.8312 -138.5518
v 33.754 15.5005 -141.5682
v 40.6978 23.8312 -132.8755
v 36.3764 23.8312 -138.5518
v 36.3764 23.8312 -138.5518
v 30.0508 13.7323 -149.9202
v 36.3764 23.8312 -138.5518
v 42.0581 30.7938 -126.7752
v 37.9645 30.862 -129.4944
v 31.0125 23.8312 -141.8761
v 31.2933 18.5886 -147.7463
v 24.3268 14.3985 -155.5474
v 30.0508 13.7323 -149.9202
v 25.0214 21.3172 -148.1019
v 24.8076 24.8575 -142.8443
v 31.7975 30.8937 -130.5954
v 37.9645 30.862 -129.4944
v 14.41 16.2087 -155.9133
v 15.2677 26.3709 -142.562
v 25.7213 30.9179 -127.2953
v 31.7975 30.8937 -130.5954
v 5.4562 16.4079 -154.6828
v 6.2525 26.3709 -140.0552
v 15.1255 31.0271 -121.7557
v 25.7213 30.9179 -127.2953
v 6.2888 31.0391 -119.048
v 5.9405 11.9239 -159.9324
v 14.4021 11.8538 -159.8296
v 19.5934 11.7828 -158.4505
v -0.0726 26.3709 -139.1197
v -0.0788 31.0428 -117.2804
v -0.8689 16.4079 -154.5807
v -0.3811 11.9 -159.8973
v -6.3977 26.3709 -140.0552
v -5.9875 31.0391 -119.9171
v -0.0788 31.0428 -117.2804
v -15.4392 31.0253 -122.7961
v -15.4128 26.3709 -142.562
v -25.8144 30.9049 -127.9022
v -25.2387 23.8312 -142.362
v -7.194 16.4079 -154.6828
v -16.1478 16.2087 -155.9133
v -6.708 11.9239 -159.9324
v -15.2267 11.8538 -159.8296
v -19.7511 11.7828 -158.4505
v -24.4845 14.3985 -155.5474
v -25.6316 19.4462 -149.4772
v -31.7676 23.8312 -142.0853
v -31.7476 30.8811 -130.8615
v -38.0679 30.8379 -131.9898
v -32.0484 18.5886 -147.9554
v -37.1315 23.8312 -138.761
v -30.8059 13.7323 -150.1294
v -6.4052 9.4991 -160.8879
v -0.0788 9.484 -160.8389
v 6.2471 9.4997 -160.8887
v 14.5234 9.109 -160.3434
v -14.6872 9.1119 -160.3591
v 30.0508 13.7323 -149.9202
v 36.3764 23.8312 -138.5518
v 31.2933 18.5886 -147.7463
v -25.8144 30.9049 -127.9022
v -31.7476 30.8811 -130.8615
v -25.2387 23.8312 -142.362
v -31.7676 23.8312 -142.0853
v -38.0679 30.8379 -131.9898
v -37.1315 23.8312 -138.761
v -42.4781 30.7831 -128.5122
v -32.0484 18.5886 -147.9554
v -37.1315 23.8312 -138.761
v -30.8059 13.7323 -150.1294
v -41.4529 23.8312 -133.0847
v -34.5091 15.5005 -141.7773
v -30.8059 13.7323 -150.1294
v -37.1315 23.8312 -138.761
v -49.2669 30.9032 -123.569
v -46.6413 23.8312 -126.9305
v -50.0156 30.8069 -116.1842
v -49.219 23.8312 -120.4917
v -48.0829 30.7965 -105.3654
v -48.187 23.8312 -105.0374
v -47.343 30.7897 -93.7431
v -47.343 30.7897 -93.7431
v -47.982 23.8312 -94.2379
v -48.1865 30.7986 -84.4116
v -48.1865 30.7986 -84.4116
v -48.0394 23.8312 -84.6335
v -52.4206 30.8205 -69.8645
v -52.4206 30.8205 -69.8645
v -51.0144 23.8312 -70.26
v -37.1315 23.8312 -138.761
v -42.4781 30.7831 -128.5122
v -41.4529 23.8312 -133.0847
v -42.4781 30.7831 -128.5122
v -49.2669 30.9032 -123.569
v -41.4529 23.8312 -133.0847
v -49.2669 30.9032 -123.569
v -50.0156 30.8069 -116.1842
v -46.6413 23.8312 -126.9305
v -48.0829 30.7965 -105.3654
v -49.219 23.8312 -120.4917
v -52.4206 30.8205 -69.8645
v -52.2795 30.8406 -61.5982
v -51.0144 23.8312 -70.26
v -52.2795 30.8406 -61.5982
v -50.5008 23.8312 -61.7994
v -46.5482 30.8633 -47.9272
v -46.9273 16.6435 -71.7861
v -44.1065 16.7788 -65.3912
v -44.6301 23.8312 -49.5602
v -46.5482 30.8633 -47.9272
v -37.2674 30.8905 -37.3523
v -36.3475 23.8312 -41.4268
v -28.7079 30.9026 -34.1479
v -27.8704 23.8312 -37.0738
v -16.5877 30.923 -28.3087
v -14.6678 24.3049 -32.3267
v -7.7224 30.9059 -20.5503
v -7.2176 25.9923 -24.3704
v -4.1905 30.8427 -11.3615
v -3.7512 25.9741 -16.6794
v -12.5255 15.9664 -36.6308
v -5.2571 17.1036 -27.7264
v -9.181 5.8966 -44.8015
v -23.9756 16.4575 -40.9686
v -14.3919 4.7452 -49.0829
v -30.0675 16.7223 -44.9253
v -18.5664 4.9703 -54.9646
v -39.1262 16.716 -52.8543
v -21.0922 4.5807 -65.0528
v -22.5545 4.7743 -76.2167
v -24.2763 3.5716 -84.0414
v -30.1124 4.7649 -89.5145
v -42.8828 16.551 -85.4139
v -48.0394 23.8312 -84.6335
v -42.2842 16.537 -95.0693
v -47.982 23.8312 -94.2379
v -30.7056 5.683 -99.6341
v -42.3526 16.5765 -106.2304
v -48.187 23.8312 -105.0374
v -30.3999 6.9631 -108.4631
v -42.6593 16.2907 -120.6599
v -49.219 23.8312 -120.4917
v -29.6063 5.7749 -119.525
v -38.3766 16.1256 -126.5731
v -46.6413 23.8312 -126.9305
v -27.8544 6.5059 -125.1139
v -35.0663 15.5625 -132.5091
v -41.4529 23.8312 -133.0847
v -26.6325 5.5613 -131.2565
v -23.1041 5.6406 -140.1637
v -34.5091 15.5005 -141.7773
v -41.4529 23.8312 -133.0847
v -5.2571 17.1036 -27.7264
v -3.7512 25.9741 -16.6794
v -2.6197 18.5517 -18.3607
v -1.4766 26.2597 -10.5416
v -1.4615 20.6003 -14.135
v -1.2416 16.1674 -19.0084
v -1.095 13.5209 -26.4467
v -5.2571 17.1036 -27.7264
v -0.079 5.7902 -42.7963
v -9.181 5.8966 -44.8015
v -5.2571 17.1036 -27.7264
v -0.079 5.7902 -42.7963
v -1.4766 26.2597 -10.5416
v -1.5432 30.9551 -9.1039
v 0.7073 25.9741 -16.6794
v -1.5432 30.9551 -9.1039
v -3.7512 25.9741 -16.6794
v -1.5432 30.9551 -9.1039
v -1.4766 26.2597 -10.5416
v -1.5432 30.9551 -9.1039
v -1.316 32.7823 -11.3856
v 1.5299 30.8432 -12.6449
v -1.5432 30.9551 -9.1039
v 0.1506 32.4139 -13.6127
v 5.9843 30.9311 -21.0314
v 4.7135 32.6785 -23.0644
v 16.2932 30.9392 -28.6745
v 15.3603 32.7087 -30.9408
v 29.8692 30.9397 -32.5231
v 28.8317 32.7107 -35.0691
v 39.0242 30.9211 -37.4921
v 37.9574 32.639 -39.9036
v 47.3815 30.8664 -48.3207
v 45.3993 32.3767 -49.7356
v 53.5411 30.8278 -62.0081
v 50.8313 32.1121 -62.7181
v 52.1683 30.8066 -70.3797
v 50.1251 31.907 -69.1279
v 48.042 30.7949 -84.4125
v 46.3099 31.753 -84.126
v 47.1853 30.7897 -93.7431
v 45.3874 31.6658 -93.734
v 47.1853 30.7897 -93.7431
v 47.735 30.7894 -105.5766
v 46.1549 31.6587 -105.4468
v 47.735 30.7894 -105.5766
v 49.4733 30.7839 -114.974
v 46.4314 31.5325 -115.5172
v 49.4733 30.7839 -114.974
v 46.8651 30.8902 -121.4138
v 45.103 31.2332 -120.532
v 42.0581 30.7938 -126.7752
v 40.6687 30.776 -125.3368
v 42.0581 30.7938 -126.7752
v 37.1871 30.1614 -127.7901
v 37.9645 30.862 -129.4944
v 31.8712 29.7946 -128.9262
v 31.7975 30.8937 -130.5954
v 25.7213 30.9179 -127.2953
v -1.5268 27.4617 -12.1394
v 0.1506 32.4139 -13.6127
v -1.316 32.7823 -11.3856
v -1.4864 21.7756 -15.753
v -1.008 26.6778 -17.4296
v -2.1317 19.3256 -19.0575
v -1.008 26.6778 -17.4296
v 0.1506 32.4139 -13.6127
v -1.5268 27.4617 -12.1394
v 4.7135 32.6785 -23.0644
v 2.8213 26.9463 -25.4933
v 0.8618 18.1865 -28.727
v 15.3603 32.7087 -30.9408
v 13.7311 25.3592 -33.8372
v 11.6501 17.1993 -38.0326
v -0.0811 6.6426 -44.6055
v 8.1416 6.4913 -46.5005
v 28.8317 32.7107 -35.0691
v 27.0458 24.9864 -38.564
v 23.0612 17.7679 -42.2764
v 12.9997 5.4097 -50.5093
v 37.9574 32.639 -39.9036
v 35.2127 25.0194 -42.7048
v 29.0085 18.1899 -45.9422
v 16.9048 5.8642 -55.9336
v 45.3993 32.3767 -49.7356
v 44.1006 24.9351 -50.5139
v 37.9445 18.2998 -53.52
v 19.3193 5.6552 -65.539
v 50.8313 32.1121 -62.7181
v 50.2962 24.7894 -62.3731
v 42.8483 18.4063 -65.7654
v 20.819 5.9277 -76.641
v 50.0193 24.6034 -69.5593
v 45.4387 18.1357 -71.8312
v 22.5468 4.6523 -84.6428
v 46.006 24.4526 -84.3244
v 41.2822 17.9308 -85.2956
v 28.1811 5.6149 -89.8778
v 45.9222 24.449 -94.226
v 40.6509 17.8857 -95.008
v 28.6725 6.3667 -99.5872
v 46.138 24.4769 -105.1139
v 40.771 17.981 -106.2351
v 27.5243 7.6427 -108.8512
v 47.1375 24.3409 -119.9715
v 41.1369 17.7168 -120.3376
v 47.1375 24.3409 -119.9715
v 27.6509 6.552 -119.1427
v 44.8424 24.1186 -125.8242
v 36.9336 17.4635 -125.8261
v 25.9056 7.1 -124.4513
v 39.0701 24.0013 -131.7258
v 32.8741 16.8812 -131.8574
v 39.0701 24.0013 -131.7258
v 24.6457 6.1052 -130.6577
v 32.1072 16.4835 -141.0008
v 39.0701 24.0013 -131.7258
v 20.5727 6.3496 -139.3673
v 28.5295 14.5315 -148.897
v 16.9986 6.9405 -147.895
v 14.1612 7.1829 -155.4374
v -1.1948 15.3218 -27.3109
v -0.0811 6.6426 -44.6055
v -2.1317 19.3256 -19.0575
v 50.2962 24.7894 -62.3731
v 50.8313 32.1121 -62.7181
v 44.1006 24.9351 -50.5139
v 50.1251 31.907 -69.1279
v 50.0193 24.6034 -69.5593
v 46.3099 31.753 -84.126
v 46.006 24.4526 -84.3244
v 45.3874 31.6658 -93.734
v 45.9222 24.449 -94.226
v 46.1549 31.6587 -105.4468
v 46.138 24.4769 -105.1139
v 46.4314 31.5325 -115.5172
v 47.1375 24.3409 -119.9715
v 47.1375 24.3409 -119.9715
v 45.103 31.2332 -120.532
v 46.4314 31.5325 -115.5172
v 44.8424 24.1186 -125.8242
v 47.1375 24.3409 -119.9715
v 44.8424 24.1186 -125.8242
v 39.0701 24.0013 -131.7258
v 45.103 31.2332 -120.532
v 40.6687 30.776 -125.3368
v 32.1072 16.4835 -141.0008
v 35.0504 23.0688 -137.2632
v 39.0701 24.0013 -131.7258
v 39.0701 24.0013 -131.7258
v 35.0504 23.0688 -137.2632
v 40.6687 30.776 -125.3368
v 35.0504 23.0688 -137.2632
v 37.1871 30.1614 -127.7901
v 40.6687 30.776 -125.3368
v 32.1072 16.4835 -141.0008
v 28.5295 14.5315 -148.897
v 35.0504 23.0688 -137.2632
v 28.5295 14.5315 -148.897
v 29.9927 17.794 -146.4513
v 35.0504 23.0688 -137.2632
v 28.5295 14.5315 -148.897
v 23.3069 14.1154 -153.8504
v 29.9927 17.794 -146.4513
v 14.1612 7.1829 -155.4374
v 23.3069 14.1154 -153.8504
v 28.5295 14.5315 -148.897
v 18.5507 11.8362 -156.7447
v 13.5978 8.3443 -158.7439
v 26.1557 29.546 -125.9064
v 25.7213 30.9179 -127.2953
v 31.8712 29.7946 -128.9262
v 15.1255 31.0271 -121.7557
v 15.529 29.5383 -120.4826
v 15.1255 31.0271 -121.7557
v 6.2888 31.0391 -119.048
v 6.669 29.5223 -117.7987
v -0.0788 31.0428 -117.2804
v -0.0789 29.5146 -115.9903
v -0.0788 31.0428 -117.2804
v -5.9875 31.0391 -119.9171
v -6.6394 29.5222 -118.0159
v -5.9875 31.0391 -119.9171
v -0.0789 29.5146 -115.9903
v -15.4392 31.0253 -122.7961
v -15.6511 29.5452 -120.4606
v -25.8144 30.9049 -127.9022
v -26.3453 29.5842 -125.8562
v -31.7476 30.8811 -130.8615
v -32.2531 29.8344 -129.234
v -31.7476 30.8811 -130.8615
v -38.0679 30.8379 -131.9898
v -37.3648 30.3398 -130.185
v -38.0679 30.8379 -131.9898
v -32.2531 29.8344 -129.234
v -42.4781 30.7831 -128.5122
v -41.2629 30.9978 -126.9383
v -42.4781 30.7831 -128.5122
v -49.2669 30.9032 -123.569
v -37.3648 30.3398 -130.185
v -35.7731 23.2287 -137.4224
v -41.2629 30.9978 -126.9383
v -35.7731 23.2287 -137.4224
v -39.2736 24.189 -131.7052
v -41.2629 30.9978 -126.9383
v -32.8654 16.4858 -141.205
v -41.2629 30.9978 -126.9383
v -39.2736 24.189 -131.7052
v -47.6774 31.8352 -122.7911
v -29.2945 14.541 -149.099
v -32.8654 16.4858 -141.205
v -35.7731 23.2287 -137.4224
v -30.7478 17.794 -146.6604
v -29.2945 14.541 -149.099
v -20.7285 6.3517 -139.3778
v -32.8654 16.4858 -141.205
v -24.8034 6.1052 -130.6577
v -33.0318 16.8812 -131.8574
v -39.2736 24.189 -131.7052
v -26.0633 7.1 -124.4513
v -37.0913 17.4635 -125.8261
v -39.2736 24.189 -131.7052
v -45.0627 24.4949 -125.8973
v -41.2901 17.7103 -120.328
v -47.3987 24.6111 -120.2122
v -40.9203 17.9724 -106.2399
v -46.3175 24.5337 -105.1436
v -40.8058 17.883 -95.0181
v -46.0799 24.449 -94.226
v -41.4284 17.9194 -85.3035
v -46.1605 24.4563 -84.3524
v -45.5444 18.0858 -71.871
v -49.1696 24.5963 -70.1548
v -42.935 18.3499 -65.7905
v -48.8004 24.7729 -62.2704
v -50.8492 32.0486 -69.7144
v -46.4781 31.8067 -84.156
v -50.8605 32.2112 -61.9267
v -43.218 24.88 -50.512
v -45.261 32.3586 -48.6492
v -35.3322 24.9223 -42.7605
v -36.4068 32.5048 -39.1975
v -27.1705 24.893 -38.6173
v -27.8785 32.5612 -36.5358
v -13.7394 25.3143 -33.7825
v -15.1133 32.6471 -30.6692
v -5.7757 26.9017 -25.4164
v -6.0419 32.5748 -22.0323
v -2.0142 26.6399 -17.4139
v -2.674 32.4114 -12.6349
v -3.9045 18.2499 -28.6518
v -1.0274 19.4992 -19.1136
v -11.7462 17.2205 -37.9798
v -0.0811 6.6426 -44.6055
v -1.1948 15.3218 -27.3109
v -0.0811 6.6426 -44.6055
v -8.2708 6.5086 -46.4738
v -23.2189 17.7679 -42.2764
v -13.1574 5.4097 -50.5093
v -29.1554 18.184 -45.9411
v -17.0625 5.8643 -55.9336
v -38.0516 18.2656 -53.5206
v -19.477 5.6552 -65.539
v -20.9767 5.9277 -76.641
v -22.7045 4.6523 -84.6428
v -28.3388 5.6149 -89.8778
v -28.8235 6.3596 -99.6324
v -28.5456 7.7114 -108.4225
v -27.8054 6.5354 -119.1028
v -39.2736 24.189 -131.7052
v -45.0627 24.4949 -125.8973
v -47.6774 31.8352 -122.7911
v -47.3987 24.6111 -120.2122
v -47.6774 31.8352 -122.7911
v -48.3478 31.9107 -116.1647
v -46.3175 24.5337 -105.1436
v -46.3454 31.7775 -105.5023
v -46.0799 24.449 -94.226
v -45.5451 31.6658 -93.734
v -46.1605 24.4563 -84.3524
v -46.4781 31.8067 -84.156
v -49.1696 24.5963 -70.1548
v -1.4669 18.5927 -19.9425
v -2.1317 19.3256 -19.0575
v -1.4864 21.7756 -15.753
v -1.0274 19.4992 -19.1136
v -2.0142 26.6399 -17.4139
v -1.4864 21.7756 -15.753
v -1.5268 27.4617 -12.1394
v -1.0274 19.4992 -19.1136
v -2.674 32.4114 -12.6349
v -1.316 32.7823 -11.3856
v -1.5268 27.4617 -12.1394
v -1.1948 15.3218 -27.3109
v -1.4669 18.5927 -19.9425
v -1.0274 19.4992 -19.1136
v -1.4669 18.5927 -19.9425
v -1.1948 15.3218 -27.3109
v -2.1317 19.3256 -19.0575
v -1.316 32.7823 -11.3856
v -1.5432 30.9551 -9.1039
v -2.674 32.4114 -12.6349
v -2.674 32.4114 -12.6349
v -1.5432 30.9551 -9.1039
v -4.1905 30.8427 -11.3615
v -6.0419 32.5748 -22.0323
v -7.7224 30.9059 -20.5503
v -15.1133 32.6471 -30.6692
v -16.5877 30.923 -28.3087
v -27.8785 32.5612 -36.5358
v -28.7079 30.9026 -34.1479
v -36.4068 32.5048 -39.1975
v -37.2674 30.8905 -37.3523
v -45.261 32.3586 -48.6492
v -46.5482 30.8633 -47.9272
v -46.5482 30.8633 -47.9272
v -50.8605 32.2112 -61.9267
v -52.2795 30.8406 -61.5982
v -52.2795 30.8406 -61.5982
v -50.8492 32.0486 -69.7144
v -52.4206 30.8205 -69.8645
v -46.4781 31.8067 -84.156
v -52.4206 30.8205 -69.8645
v -48.1865 30.7986 -84.4116
v -45.5451 31.6658 -93.734
v -47.343 30.7897 -93.7431
v -46.3454 31.7775 -105.5023
v -47.343 30.7897 -93.7431
v -48.0829 30.7965 -105.3654
v -48.3478 31.9107 -116.1647
v -50.0156 30.8069 -116.1842
v -47.6774 31.8352 -122.7911
v -49.2669 30.9032 -123.569
v -47.6774 31.8352 -122.7911
v -49.2669 30.9032 -123.569
v -41.2629 30.9978 -126.9383
v -17.3697 7.7979 -149.2889
v -13.9125 7.5437 -155.5037
v -23.4487 14.1169 -153.8598
v -13.9125 7.5437 -155.5037
v -29.2945 14.541 -149.099
v -18.6544 11.9421 -156.7856
v -23.4487 14.1169 -153.8598
v -13.731 8.4266 -158.7417
v -23.4487 14.1169 -153.8598
v -29.2945 14.541 -149.099
v -30.7478 17.794 -146.6604
v 5.5696 21.2478 -50.7347
v -0.4895 21.2478 -50.1672
v 6.8537 18.8001 -60.0595
v -0.3987 18.8001 -58.708
v 11.2508 21.2478 -53.0072
v 12.2684 17.251 -61.7784
v 17.2788 18.851 -56.8883
v 17.7691 15.1662 -65.5602
v 12.0106 17.0169 -78.7962
v 21.293 13.7178 -81.8904
v 24.7309 9.2604 -82.3201
v 8.7445 19.1433 -78.1086
v 8.4007 20.3478 -80.9449
v -0.4895 19.1433 -77.7649
v 8.4007 20.3478 -80.9449
v -0.4895 20.3478 -80.9449
v 22.0621 10.6344 -65.0035
v 24.1338 5.4118 -63.5384
v 28.3398 5.4118 -81.3611
v 21.379 14.0711 -55.934
v 21.293 16.3281 -53.4415
v 24.0434 5.4118 -51.1208
v 24.3872 5.4118 -54.7307
v 19.574 18.7716 -51.9803
v -9.3798 20.3478 -80.9449
v -9.7236 19.1433 -78.1086
v -7.8327 18.8001 -60.0595
v -6.5486 21.2478 -50.7347
v -0.1395 21.3186 -43.9994
v 6.4669 21.3186 -44.7607
v 12.0106 20.8502 -48.2416
v 19.574 18.7716 -51.9803
v 19.574 18.7716 -51.9803
v -12.2298 21.2478 -53.0072
v -13.2475 17.251 -61.7785
v -18.2578 18.851 -56.8883
v -18.7482 15.1662 -65.5602
v -12.9896 17.0169 -78.7962
v -22.2721 13.7178 -81.8904
v -25.71 9.2604 -82.3201
v -9.3798 20.3478 -80.9449
v -23.0411 10.6344 -65.0035
v -25.1128 5.4118 -63.5384
v -29.3188 5.4118 -81.3611
v -22.358 14.0711 -55.934
v -22.2721 16.3281 -53.4415
v -25.0224 5.4118 -51.1208
v -25.3662 5.4118 -54.7307
v -20.5531 18.7716 -51.9803
v -20.5531 18.7716 -51.9803
v -20.5531 18.7716 -51.9803
v -12.9896 20.8502 -48.2416
v -7.446 21.3186 -44.7607
v -22.6158 5.4118 -49.23
v -20.5531 18.7716 -51.9803
v -14.1929 5.4118 -45.7491
v -12.9896 20.8502 -48.2416
v -8.1335 5.4118 -41.4946
v -7.446 21.3186 -44.7607
v -0.2691 5.4118 -40.7597
v -0.1395 21.3186 -43.9994
v 6.4669 21.3186 -44.7607
v 7.1545 5.4118 -41.4946
v 12.0106 20.8502 -48.2416
v 13.2139 5.4118 -45.7491
v 19.574 18.7716 -51.9803
v 21.6368 5.4118 -49.23
v 12.0106 17.0169 -78.7962
v 12.9857 20.6547 -81.8199
v 21.293 13.7178 -81.8904
v 21.293 13.7178 -81.8904
v 12.9857 20.6547 -81.8199
v 17.3366 18.1676 -83.4786
v 23.6761 15.8136 -85.7793
v 29.5163 13.2018 -83.1067
v 17.1431 20.2925 -89.2438
v 24.3458 16.7175 -90.2318
v 29.5163 13.2018 -83.1067
v 5.7598 20.2925 -91.4215
v 15.5187 18.8001 -96.6271
v 7.1975 18.8001 -97.7049
v 12.9857 20.6547 -81.8199
v 12.9857 20.6547 -81.8199
v 5.7598 20.2925 -91.4215
v 29.5163 13.2018 -83.1067
v 29.743 13.1033 -90.3249
v 33.4117 10.2151 -82.7499
v 32.4663 10.3787 -90.2274
v 24.8928 18.8001 -97.4793
v 30.182 13.1033 -97.0047
v 34.1853 10.1879 -97.0173
v 29.5441 13.1033 -101.0569
v 33.5482 5.4118 -89.9382
v 35.6179 5.4118 -96.9265
v 33.9274 10.4199 -98.3065
v 35.1837 5.4118 -98.385
v 34.6534 5.4118 -81.9265
v 33.1539 10.4934 -81.2887
v 24.8928 18.8001 -97.4793
v 29.5441 13.1033 -101.0569
v 33.9274 10.4199 -98.3065
v 29.5441 13.1033 -101.0569
v 29.5441 13.1033 -101.0569
v 30.474 5.4118 -101.4478
v 28.6846 10.4192 -104.3229
v 29.834 5.4118 -104.0148
v 29.1203 5.4118 -108.348
v 27.7645 9.8448 -107.984
v 28.6846 10.4192 -104.3229
v 27.7645 9.8448 -107.984
v 29.2158 5.4118 -113.001
v 27.6822 10.1186 -112.8871
v 27.5672 11.1405 -117.3011
v 23.2411 14.1216 -117.9259
v 23.8741 12.0341 -112.6044
v 23.9762 11.2857 -106.9668
v 27.7645 9.8448 -107.984
v 23.8246 11.4865 -103.7923
v 22.1084 15.3806 -129.3332
v 25.8483 9.3921 -129.5058
v 11.7148 14.2385 -151.2613
v 19.4021 5.4118 -148.6723
v 29.9122 5.4118 -115.8709
v 28.0315 5.4118 -129.6299
v 16.4799 17.0451 -117.3011
v 15.4083 13.3716 -113.0098
v 7.5413 18.8001 -114.4648
v 7.3365 14.3734 -110.1057
v 14.6292 7.6325 -110.5911
v 6.639 7.6512 -108.2688
v -0.4895 20.5929 -109.1259
v 9.8374 18.8802 -126.7378
v -0.4895 20.5929 -109.1259
v 15.0314 17.3989 -127.8364
v -0.4895 14.2385 -152.2144
v -0.4895 18.8802 -124.7498
v -0.4895 20.5929 -109.1259
v -10.8164 18.8802 -126.7378
v -0.4895 20.5929 -109.1259
v -16.0105 17.3989 -127.8364
v -17.4589 17.0451 -117.3011
v -8.5203 18.8001 -114.4648
v -0.4895 20.5929 -109.1259
v -16.3874 13.3716 -113.0098
v -8.3156 14.3734 -110.1057
v -15.6083 7.6325 -110.5911
v -7.6181 7.6512 -108.2688
v -0.4895 20.5929 -109.1259
v -24.2202 14.1216 -117.9259
v -23.0874 15.3806 -129.3332
v -28.5463 11.1405 -117.3011
v -28.6612 10.1186 -112.8871
v -24.8913 12.0341 -112.812
v -24.9553 11.2857 -106.9668
v -28.7435 9.8448 -107.984
v -24.8036 11.4865 -103.7923
v -26.8273 9.3921 -129.5058
v -12.6938 14.2385 -151.2613
v -20.3812 5.4118 -148.6723
v -22.9415 7.6102 -109.3374
v -30.1948 5.4118 -113.001
v -28.7435 9.8448 -107.984
v -30.0994 5.4118 -108.348
v -29.0106 5.4118 -129.6299
v -30.8913 5.4118 -115.8709
v -22.9415 7.6102 -109.3374
v -30.813 5.4118 -104.0148
v -29.6636 10.4192 -104.3229
v -31.4531 5.4118 -101.4478
v -30.5231 13.1033 -101.0569
v -36.1628 5.4118 -98.385
v -30.5231 13.1033 -101.0569
v -34.9065 10.4199 -98.3065
v -34.9065 10.4199 -98.3065
v -36.597 5.4118 -96.9265
v -35.1643 10.1879 -97.0173
v -34.5272 5.4118 -89.9382
v -33.4453 10.3787 -90.2274
v -31.161 13.1033 -97.0047
v -30.5231 13.1033 -101.0569
v -30.722 13.1033 -90.3249
v -34.5458 10.2151 -83.0062
v -30.4953 13.2018 -83.1067
v -25.3248 16.7175 -90.2319
v -25.8718 18.8001 -97.4793
v -35.6324 5.4118 -81.9265
v -34.1329 10.4934 -81.2887
v -18.1221 20.2925 -89.2438
v -24.3081 15.8136 -85.3388
v -18.3156 18.1676 -83.4786
v -22.2721 13.7178 -81.8904
v -13.9647 20.6547 -81.8199
v -30.4953 13.2018 -83.1067
v -30.4953 13.2018 -83.1067
v -6.7388 20.2925 -91.4215
v -16.4977 18.8001 -96.6271
v -8.1765 18.8001 -97.7049
v -13.9647 20.6547 -81.8199
v -6.7388 20.2925 -91.4215
v -13.9647 20.6547 -81.8199
v 24.7309 9.2604 -82.3201
v 21.293 13.7178 -81.8904
v 29.5163 13.2018 -83.1067
v 33.1539 10.4934 -81.2887
v 28.3398 5.4118 -81.3611
v 12.0106 17.0169 -78.7962
v 8.4007 20.3478 -80.9449
v 12.9857 20.6547 -81.8199
v 24.3458 16.7175 -90.2318
v 15.5187 18.8001 -96.6271
v 24.8928 18.8001 -97.4793
v 5.7598 20.2925 -91.4215
v -0.4895 20.8138 -99.7528
v 7.1975 18.8001 -97.7049
v -0.4895 20.5929 -105.7167
v -0.4895 18.6334 -95.6779
v -6.7388 20.2925 -91.4215
v -4.1652 18.2439 -91.3225
v -9.3798 20.3478 -80.9449
v -6.5408 18.2918 -84.0966
v -9.3798 20.3478 -80.9449
v -6.7388 20.2925 -91.4215
v -0.4895 18.6334 -95.6779
v 8.4007 20.3478 -80.9449
v 5.5618 18.2918 -84.0965
v -0.6578 18.1325 -84.3669
v -6.5408 18.2918 -84.0966
v -9.3798 20.3478 -80.9449
v 5.5618 18.2918 -84.0965
v 3.1861 18.2439 -91.3225
v 3.1861 18.2439 -91.3225
v -0.4895 18.8458 -89.726
v -0.4895 18.6334 -95.6779
v -4.1652 18.2439 -91.3225
v -6.5408 18.2918 -84.0966
v 3.1861 18.2439 -91.3225
v 8.4007 20.3478 -80.9449
v 5.5618 18.2918 -84.0965
v 5.7598 20.2925 -91.4215
v 8.4007 20.3478 -80.9449
v 3.1861 18.2439 -91.3225
v -0.4895 20.8138 -99.7528
v -0.4895 18.6334 -95.6779
v -0.4895 18.6334 -95.6779
v 5.7598 20.2925 -91.4215
v -8.1765 18.8001 -97.7049
v -6.7388 20.2925 -91.4215
v -0.4895 20.5929 -105.7167
v 7.1975 18.8001 -97.7049
v -0.4895 20.5929 -105.7167
v 7.0466 14.3734 -101.518
v 3.879 15.2698 -105.5764
v 14.8717 14.3734 -99.4763
v 13.9626 8.3892 -101.4342
v 6.9394 8.3249 -103.2934
v 15.5187 18.8001 -96.6271
v 22.7853 14.3734 -100.6271
v 24.8928 18.8001 -97.4793
v 23.8246 11.4865 -103.7923
v 22.5878 8.47 -102.7172
v -0.4895 20.5929 -109.1259
v 3.879 15.2698 -105.5764
v 6.9394 8.3249 -103.2934
v 6.639 7.6512 -108.2688
v -0.4895 20.5929 -109.1259
v 3.879 15.2698 -105.5764
v 6.639 7.6512 -108.2688
v 3.879 15.2698 -105.5764
v 7.3365 14.3734 -110.1057
v 6.639 7.6512 -108.2688
v 14.6292 7.6325 -110.5911
v 6.9394 8.3249 -103.2934
v 13.9626 8.3892 -101.4342
v 21.9625 7.6103 -109.3374
v 21.9625 7.6103 -109.3374
v 22.5878 8.47 -102.7172
v 7.0466 14.3734 -101.518
v 3.879 15.2698 -105.5764
v 6.9394 8.3249 -103.2934
v 22.5878 8.47 -102.7172
v 23.8246 11.4865 -103.7923
v 22.7853 14.3734 -100.6271
v 22.5878 8.47 -102.7172
v 23.9762 11.2857 -106.9668
v 23.8246 11.4865 -103.7923
v 21.9625 7.6103 -109.3374
v 23.8741 12.0341 -112.6044
v 23.8246 11.4865 -103.7923
v 27.7645 9.8448 -107.984
v 28.6846 10.4192 -104.3229
v 28.6846 10.4192 -104.3229
v 24.8928 18.8001 -97.4793
v 23.8246 11.4865 -103.7923
v 24.8928 18.8001 -97.4793
v 28.6846 10.4192 -104.3229
v 29.5441 13.1033 -101.0569
v 34.1853 10.1879 -97.0173
v 29.5441 13.1033 -101.0569
v 33.9274 10.4199 -98.3065
v 29.5163 13.2018 -83.1067
v 33.1539 10.4934 -81.2887
v 24.7309 9.2604 -82.3201
v 33.1539 10.4934 -81.2887
v 34.6534 5.4118 -81.9265
v 28.3398 5.4118 -81.3611
v -22.2721 13.7178 -81.8904
v -13.9647 20.6547 -81.8199
v -12.9896 17.0169 -78.7962
v -30.4953 13.2018 -83.1067
v -22.2721 13.7178 -81.8904
v -25.71 9.2604 -82.3201
v -13.9647 20.6547 -81.8199
v -9.3798 20.3478 -80.9449
v -12.9896 17.0169 -78.7962
v -25.8718 18.8001 -97.4793
v -16.4977 18.8001 -96.6271
v -25.3248 16.7175 -90.2319
v -8.0256 14.3734 -101.518
v -0.4895 20.5929 -105.7167
v -8.1765 18.8001 -97.7049
v -4.8581 15.2698 -105.5764
v -15.8507 14.3734 -99.4763
v -14.9417 8.3892 -101.4342
v -7.9184 8.3249 -103.2934
v -16.4977 18.8001 -96.6271
v -23.7643 14.3734 -100.6271
v -25.8718 18.8001 -97.4793
v -24.8036 11.4865 -103.7923
v -23.5669 8.47 -102.7172
v -4.8581 15.2698 -105.5764
v -0.4895 20.5929 -109.1259
v -7.6181 7.6512 -108.2688
v -7.9184 8.3249 -103.2934
v -0.4895 20.5929 -109.1259
v -4.8581 15.2698 -105.5764
v -8.3156 14.3734 -110.1057
v -4.8581 15.2698 -105.5764
v -7.6181 7.6512 -108.2688
v -7.9184 8.3249 -103.2934
v -15.6083 7.6325 -110.5911
v -7.6181 7.6512 -108.2688
v -14.9417 8.3892 -101.4342
v -22.9415 7.6102 -109.3374
v -23.5669 8.47 -102.7172
v -22.9415 7.6102 -109.3374
v -7.9184 8.3249 -103.2934
v -4.8581 15.2698 -105.5764
v -8.0256 14.3734 -101.518
v -23.7643 14.3734 -100.6271
v -24.8036 11.4865 -103.7923
v -23.5669 8.47 -102.7172
v -24.8036 11.4865 -103.7923
v -24.9553 11.2857 -106.9668
v -23.5669 8.47 -102.7172
v -22.9415 7.6102 -109.3374
v -24.8913 12.0341 -112.812
v -29.6636 10.4192 -104.3229
v -28.7435 9.8448 -107.984
v -24.8036 11.4865 -103.7923
v -25.8718 18.8001 -97.4793
v -29.6636 10.4192 -104.3229
v -29.6636 10.4192 -104.3229
v -25.8718 18.8001 -97.4793
v -30.5231 13.1033 -101.0569
v -30.5231 13.1033 -101.0569
v -25.8718 18.8001 -97.4793
v -34.9065 10.4199 -98.3065
v -30.5231 13.1033 -101.0569
v -35.1643 10.1879 -97.0173
v -35.6324 5.4118 -81.9265
v -33.4453 10.3787 -90.2274
v -34.5458 10.2151 -83.0062
v -25.71 9.2604 -82.3201
v -34.1329 10.4934 -81.2887
v -30.4953 13.2018 -83.1067
v -29.3188 5.4118 -81.3611
v -34.1329 10.4934 -81.2887
v -25.71 9.2604 -82.3201
v -29.3188 5.4118 -81.3611
v -35.6324 5.4118 -81.9265
v -34.1329 10.4934 -81.2887
v 29.5441 13.1033 -101.0569
v 28.6846 10.4192 -104.3229
v 30.474 5.4118 -101.4478
v 21.9625 7.6103 -109.3374
v 21.9625 7.6103 -109.3374
v -31.4531 5.4118 -101.4478
v -29.6636 10.4192 -104.3229
v -30.5231 13.1033 -101.0569
v -29.6636 10.4192 -104.3229
v -28.7435 9.8448 -107.984
v 97.5987 4.0969 75.7931
v -99.3154 4.0969 51.2333
v 94.3397 4.0969 72.1267
v -94.766 4.0969 46.3485
v 97.7985 4.0969 69.2
v -99.1516 4.0969 41.7192
v 97.3436 4.0969 -26.2404
v 97.7219 4.0969 115.9881
v -99.3154 4.0969 116.7696
v -95.0617 4.0969 123.5953
v 94.0539 4.0969 123.6296
v -86.8748 4.0969 127.9415
v 89.3928 4.0969 127.72
v 93.5551 4.0969 -31.6502
v -98.7194 4.0969 -35.9295
v 97.2862 4.0969 -36.5472
v -89.2349 4.0969 -60.7605
v -98.7562 4.0969 -76.4246
v -99.3013 4.0969 -98.7436
v 97.0556 4.0969 -133.6581
v -96.5692 4.0969 -102.6527
v -99.3154 4.0969 -107.6766
v -99.3154 4.0969 -132.5109
v 94.0247 4.0969 -139.3579
v -97.5543 4.0969 -138.3813
v 88.1561 4.0969 -143.5422
v -89.8228 4.0969 -144.4277
v -98.5544 4.0969 -65.5756
v -100.2328 2.0472 117.0321
v -100.2328 2.0472 50.8722
v -99.3154 4.0969 116.7696
v -99.3154 4.0969 51.2333
v -95.0617 4.0969 123.5953
v -95.7098 2.0472 124.2899
v -86.8748 4.0969 127.9415
v -87.1027 2.0472 128.8591
v 89.3928 4.0969 127.72
v -87.1027 2.0472 128.8591
v -86.8748 4.0969 127.9415
v 89.7387 2.0472 128.637
v 94.0539 4.0969 123.6296
v 89.7387 2.0472 128.637
v 89.3928 4.0969 127.72
v 94.7999 2.0472 124.1956
v 97.7219 4.0969 115.9881
v 98.6399 2.0472 116.1955
v 97.5987 4.0969 75.7931
v 98.515 2.0472 75.4431
v 94.3397 4.0969 72.1267
v 98.515 2.0472 75.4431
v 95.6499 2.0472 72.2198
v 97.7985 4.0969 69.2
v 95.6499 2.0472 72.2198
v 94.3397 4.0969 72.1267
v 98.7179 2.0472 69.6238
v 97.3436 4.0969 -26.2404
v 98.7179 2.0472 69.6238
v 97.7985 4.0969 69.2
v 98.2596 2.0472 -26.5316
v 93.5551 4.0969 -31.6502
v 94.691 2.0472 -31.6274
v 98.2043 2.0472 -36.2385
v 94.691 2.0472 -31.6274
v 97.2862 4.0969 -36.5472
v 93.5551 4.0969 -31.6502
v 97.0556 4.0969 -133.6581
v 98.2043 2.0472 -36.2385
v 97.9724 2.0472 -133.8879
v 94.0247 4.0969 -139.3579
v 94.7332 2.0472 -139.9794
v 88.1561 4.0969 -143.5422
v 88.4517 2.0472 -144.4582
v -89.8228 4.0969 -144.4277
v -90.1369 2.0472 -145.3467
v -97.5543 4.0969 -138.3813
v -90.1369 2.0472 -145.3467
v -89.8228 4.0969 -144.4277
v -98.3492 2.0472 -138.9242
v -99.3154 4.0969 -132.5109
v -100.2328 2.0472 -132.6456
v -99.3154 4.0969 -107.6766
v -100.2328 2.0472 -107.4422
v -96.5692 4.0969 -102.6527
v -97.647 2.0472 -102.7119
v -99.3013 4.0969 -98.7436
v -97.647 2.0472 -102.7119
v -100.2257 2.0472 -99.0223
v -98.7562 4.0969 -76.4246
v -99.6674 2.0472 -76.1574
v -89.2349 4.0969 -60.7605
v -91.715 2.0472 -63.0744
v -98.5544 4.0969 -65.5756
v -91.715 2.0472 -63.0744
v -89.2349 4.0969 -60.7605
v -99.4635 2.0472 -67.0778
v -98.7194 4.0969 -35.9295
v -99.4635 2.0472 -67.0778
v -98.5544 4.0969 -65.5756
v -99.6367 2.0472 -35.9499
v -99.1516 4.0969 41.7192
v -100.071 2.0472 42.0826
v -94.766 4.0969 46.3485
v -100.071 2.0472 42.0826
v -96.0246 2.0472 46.3538
v -99.3154 4.0969 51.2333
v -96.0246 2.0472 46.3538
v -94.766 4.0969 46.3485
v -100.2328 2.0472 50.8722
v 83.0407 4.9085 -148.4431
v -87.053 4.9085 111.9735
v -84.2758 4.9085 -148.8956
v -68.0288 4.9085 108.6544
v 64.1523 4.9085 105.5011
v 46.6627 4.9085 112.2544
v -53.5277 4.9085 114.7265
v 32.3122 4.9085 121.0112
v -42.2135 4.9085 118.1208
v -27.2234 4.9085 126.136
v 16.1681 4.9085 137.8076
v -14.307 4.9085 137.9604
v 1.2302 4.9085 159.5722
v 83.2673 4.9085 106.9002
v 74.4272 4.9085 107.9081
v 83.0407 3.1917 -152.1321
v -84.2758 3.1917 -152.5846
v 83.0407 -1.7 -152.9011
v -84.2758 -1.7 -153.3536
v -94.766 -0.0026 46.3485
v -99.3154 -0.0026 51.2333
v 94.3397 -0.0026 72.1267
v 97.5987 -0.0026 75.7931
v 97.7985 -0.0026 69.2
v -99.1516 -0.0026 41.7192
v 97.3436 -0.0026 -26.2404
v 97.7219 -0.0026 115.9881
v -99.3154 -0.0026 116.7696
v -95.0617 -0.0026 123.5953
v 94.0539 -0.0026 123.6297
v -86.8748 -0.0026 127.9415
v 89.3928 -0.0026 127.72
v 93.5551 -0.0026 -31.6502
v -98.7194 -0.0026 -35.9295
v 97.2862 -0.0026 -36.5472
v -89.2349 -0.0026 -60.7605
v -98.7562 -0.0026 -76.4246
v -99.3013 -0.0026 -98.7436
v 97.0556 -0.0026 -133.6581
v -96.5692 -0.0026 -102.6527
v -99.3154 -0.0026 -107.6766
v -99.3154 -0.0026 -132.5109
v 94.0247 -0.0026 -139.3579
v -97.5543 -0.0026 -138.3813
v 88.1561 -0.0026 -143.5422
v -89.8228 -0.0026 -144.4277
v -98.5544 -0.0026 -65.5756
v -98.7194 -0.0026 -35.9295
v -89.2349 -0.0026 -60.7605
v -99.3154 -0.0026 51.2333
v -100.2328 2.0472 50.8722
v -99.3154 -0.0026 116.7696
v -100.2328 2.0472 117.0321
v -99.3154 -0.0026 116.7696
v -100.2328 2.0472 117.0321
v -95.0617 -0.0026 123.5953
v -95.7098 2.0472 124.2899
v -86.8748 -0.0026 127.9415
v -87.1027 2.0472 128.8591
v -86.8748 -0.0026 127.9415
v -87.1027 2.0472 128.8591
v 89.3928 -0.0026 127.72
v 89.7387 2.0472 128.637
v 89.3928 -0.0026 127.72
v 89.7387 2.0472 128.637
v 94.0539 -0.0026 123.6297
v 94.7999 2.0472 124.1956
v 97.7219 -0.0026 115.9881
v 98.6399 2.0472 116.1955
v 97.5987 -0.0026 75.7931
v 98.515 2.0472 75.4431
v 98.515 2.0472 75.4431
v 94.3397 -0.0026 72.1267
v 95.6499 2.0472 72.2198
v 94.3397 -0.0026 72.1267
v 95.6499 2.0472 72.2198
v 97.7985 -0.0026 69.2
v 98.7179 2.0472 69.6238
v 97.7985 -0.0026 69.2
v 98.7179 2.0472 69.6238
v 97.3436 -0.0026 -26.2404
v 98.2596 2.0472 -26.5316
v 93.5551 -0.0026 -31.6502
v 94.691 2.0472 -31.6274
v 93.5551 -0.0026 -31.6502
v 94.691 2.0472 -31.6274
v 97.2862 -0.0026 -36.5472
v 98.2043 2.0472 -36.2385
v 98.2043 2.0472 -36.2385
v 97.0556 -0.0026 -133.6581
v 97.9724 2.0472 -133.8879
v 94.0247 -0.0026 -139.3579
v 94.7332 2.0472 -139.9794
v 88.1561 -0.0026 -143.5422
v 88.4517 2.0472 -144.4582
v -89.8228 -0.0026 -144.4277
v -90.1369 2.0472 -145.3467
v -89.8228 -0.0026 -144.4277
v -90.1369 2.0472 -145.3467
v -97.5543 -0.0026 -138.3813
v -98.3492 2.0472 -138.9242
v -99.3154 -0.0026 -132.5109
v -100.2328 2.0472 -132.6456
v -99.3154 -0.0026 -107.6766
v -99.3154 -0.0026 -107.6766
v -100.2328 2.0472 -132.6456
v -100.2328 2.0472 -107.4422
v -99.3154 -0.0026 -107.6766
v -100.2328 2.0472 -107.4422
v -96.5692 -0.0026 -102.6527
v -97.647 2.0472 -102.7119
v -97.647 2.0472 -102.7119
v -99.3013 -0.0026 -98.7436
v -100.2257 2.0472 -99.0223
v -98.7562 -0.0026 -76.4246
v -99.6674 2.0472 -76.1574
v -98.7562 -0.0026 -76.4246
v -99.6674 2.0472 -76.1574
v -89.2349 -0.0026 -60.7605
v -91.715 2.0472 -63.0744
v -89.2349 -0.0026 -60.7605
v -91.715 2.0472 -63.0744
v -98.5544 -0.0026 -65.5756
v -99.4635 2.0472 -67.0778
v -98.5544 -0.0026 -65.5756
v -99.4635 2.0472 -67.0778
v -98.7194 -0.0026 -35.9295
v -99.6367 2.0472 -35.9499
v -99.1516 -0.0026 41.7192
v -100.071 2.0472 42.0826
v -99.1516 -0.0026 41.7192
v -100.071 2.0472 42.0826
v -94.766 -0.0026 46.3485
v -96.0246 2.0472 46.3538
v -94.766 -0.0026 46.3485
v -96.0246 2.0472 46.3538
v -99.3154 -0.0026 51.2333
v -100.2328 2.0472 50.8722
vt 0.174876 0.538509
vt 0.187086 0.542589
vt 0.179388 0.445255
vt 0.195559 0.442743
vt 0.360002 0.443318
vt 0.16394 0.456064
vt 0.163558 0.530353
vt 0.15309 0.471063
vt 0.153608 0.517755
vt 0.138789 0.473701
vt 0.14027 0.515228
vt 0.127244 0.477785
vt 0.1268 0.511416
vt 0.111619 0.488988
vt 0.111554 0.501259
vt 0.107022 0.494981
vt 0.355934 0.543179
vt 0.367076 0.539785
vt 0.369708 0.448116
vt 0.380304 0.529503
vt 0.380207 0.458314
vt 0.389744 0.518428
vt 0.39118 0.473032
vt 0.407007 0.516114
vt 0.407037 0.475402
vt 0.419482 0.512837
vt 0.419492 0.479137
vt 0.431071 0.505949
vt 0.431142 0.486336
vt 0.439302 0.496089
vt 0.195559 0.442743
vt 0.195068 0.436747
vt 0.179388 0.445255
vt 0.361532 0.437329
vt 0.360002 0.443318
vt 0.373497 0.443243
vt 0.369708 0.448116
vt 0.38509 0.454504
vt 0.380207 0.458314
vt 0.394781 0.467504
vt 0.39118 0.473032
vt 0.408459 0.469548
vt 0.407037 0.475402
vt 0.422178 0.473662
vt 0.419492 0.479137
vt 0.435441 0.481858
vt 0.431142 0.486336
vt 0.447683 0.49649
vt 0.439302 0.496089
vt 0.439302 0.496089
vt 0.435336 0.511279
vt 0.447683 0.49649
vt 0.431071 0.505949
vt 0.422016 0.519196
vt 0.419482 0.512837
vt 0.40827 0.522808
vt 0.407007 0.516114
vt 0.393069 0.524845
vt 0.389744 0.518428
vt 0.384805 0.534541
vt 0.380304 0.529503
vt 0.370115 0.545959
vt 0.367076 0.539785
vt 0.356892 0.549987
vt 0.355934 0.543179
vt 0.186017 0.54939
vt 0.187086 0.542589
vt 0.171881 0.544667
vt 0.174876 0.538509
vt 0.159034 0.535409
vt 0.163558 0.530353
vt 0.15002 0.523996
vt 0.153608 0.517755
vt 0.138776 0.521865
vt 0.14027 0.515228
vt 0.124048 0.517698
vt 0.1268 0.511416
vt 0.106986 0.506331
vt 0.111554 0.501259
vt 0.099002 0.495271
vt 0.107022 0.494981
vt 0.107022 0.494981
vt 0.107063 0.484764
vt 0.099002 0.495271
vt 0.111619 0.488988
vt 0.124209 0.472469
vt 0.127244 0.477785
vt 0.137105 0.467908
vt 0.138789 0.473701
vt 0.149359 0.465647
vt 0.15309 0.471063
vt 0.159332 0.451862
vt 0.16394 0.456064
vt 0.1769 0.439569
vt 0.267493 0.548437
vt 0.265251 0.537333
vt 0.25828 0.568899
vt 0.253399 0.559647
vt 0.263563 0.578515
vt 0.230667 0.590269
vt 0.225857 0.580047
vt 0.236446 0.602357
vt 0.245481 0.624857
vt 0.195347 0.603041
vt 0.189527 0.590398
vt 0.205816 0.613948
vt 0.231565 0.636361
vt 0.17268 0.614684
vt 0.165051 0.603685
vt 0.189535 0.624494
vt 0.220438 0.652006
vt 0.147902 0.636378
vt 0.142767 0.632534
vt 0.165345 0.645643
vt 0.213767 0.678861
vt 0.130514 0.669394
vt 0.126396 0.668956
vt 0.152123 0.678989
vt 0.209956 0.708516
vt 0.130991 0.690104
vt 0.144627 0.696015
vt 0.205418 0.729416
vt 0.15559 0.732187
vt 0.14177 0.729573
vt 0.189836 0.743914
vt 0.157284 0.757832
vt 0.142014 0.755087
vt 0.188335 0.770773
vt 0.157207 0.787479
vt 0.141567 0.783778
vt 0.191591 0.79523
vt 0.156521 0.825837
vt 0.135808 0.825059
vt 0.191459 0.823518
vt 0.168049 0.84152
vt 0.145914 0.841923
vt 0.196221 0.838322
vt 0.178571 0.856742
vt 0.199552 0.854705
vt 0.210709 0.877826
vt 0.180151 0.881363
vt 0.161468 0.857662
vt 0.145914 0.841923
vt 0.161468 0.857662
vt 0.269846 0.619442
vt 0.263563 0.578515
vt 0.245481 0.624857
vt 0.272413 0.575374
vt 0.269846 0.619442
vt 0.27054 0.553493
vt 0.272735 0.555399
vt 0.273278 0.542092
vt 0.273285 0.532088
vt 0.267493 0.548437
vt 0.263563 0.578515
vt 0.318856 0.077774
vt 0.318439 0.075586
vt 0.318425 0.077886
vt 0.318828 0.081857
vt 0.318399 0.081739
vt 0.31881 0.084497
vt 0.318399 0.081739
vt 0.318382 0.084302
vt 0.31879 0.087466
vt 0.318382 0.084302
vt 0.31836 0.087555
vt 0.318761 0.091737
vt 0.31836 0.087555
vt 0.318343 0.09014
vt 0.408526 0.823943
vt 0.406542 0.80851
vt 0.39842 0.840807
vt 0.39842 0.840807
vt 0.406542 0.80851
vt 0.399494 0.825585
vt 0.39842 0.840807
vt 0.399494 0.825585
vt 0.382866 0.856546
vt 0.386567 0.83979
vt 0.371237 0.871585
vt 0.705394 0.019437
vt 0.704897 0.016985
vt 0.704886 0.018541
vt 0.704886 0.018541
vt 0.705488 0.021744
vt 0.371237 0.871585
vt 0.386567 0.83979
vt 0.375576 0.84697
vt 0.356837 0.880365
vt 0.357534 0.896386
vt 0.338799 0.917384
vt 0.354185 0.902542
vt 0.34073 0.897051
vt 0.340207 0.882796
vt 0.359047 0.849834
vt 0.375576 0.84697
vt 0.312232 0.918116
vt 0.314656 0.881835
vt 0.342802 0.841009
vt 0.359047 0.849834
vt 0.288259 0.914748
vt 0.29053 0.875091
vt 0.314471 0.826185
vt 0.342802 0.841009
vt 0.290826 0.818908
vt 0.289507 0.92906
vt 0.312174 0.928872
vt 0.326093 0.925263
vt 0.273596 0.872547
vt 0.273786 0.814152
vt 0.271317 0.914417
vt 0.272574 0.92891
vt 0.256645 0.874973
vt 0.257934 0.821102
vt 0.273786 0.814152
vt 0.232588 0.828662
vt 0.232472 0.881547
vt 0.204748 0.842139
vt 0.206154 0.881129
vt 0.254373 0.914629
vt 0.230377 0.91783
vt 0.255626 0.928942
vt 0.232808 0.928595
vt 0.220702 0.924894
vt 0.20805 0.916926
vt 0.205034 0.900382
vt 0.188668 0.880333
vt 0.188827 0.849947
vt 0.171887 0.852889
vt 0.18786 0.896348
vt 0.174331 0.871452
vt 0.191168 0.902528
vt 0.256428 0.931679
vt 0.273375 0.931609
vt 0.290319 0.9318
vt 0.312494 0.93046
vt 0.234248 0.930228
vt 0.350996 0.827896
vt 0.350394 0.824693
vt 0.3507 0.82726
vt 0.204748 0.842139
vt 0.188827 0.849947
vt 0.206154 0.881129
vt 0.188668 0.880333
vt 0.171887 0.852889
vt 0.174331 0.871452
vt 0.160106 0.843614
vt 0.004344 0.896348
vt 0.004748 0.871452
vt 0.003954 0.902528
vt 0.004734 0.856332
vt 0.004077 0.880163
vt 0.003954 0.902528
vt 0.004748 0.871452
vt 0.005287 0.830409
vt 0.004719 0.839935
vt 0.005261 0.810792
vt 0.004703 0.822806
vt 0.005233 0.78207
vt 0.004665 0.781761
vt 0.005204 0.751203
vt 0.005204 0.751203
vt 0.004638 0.753074
vt 0.005181 0.726405
vt 0.005181 0.726405
vt 0.004614 0.727559
vt 0.005147 0.687719
vt 0.005147 0.687719
vt 0.004578 0.689348
vt 0.174331 0.871452
vt 0.160106 0.843614
vt 0.162809 0.856332
vt 0.160106 0.843614
vt 0.141968 0.830409
vt 0.162809 0.856332
vt 0.402367 0.831525
vt 0.404303 0.811908
vt 0.395366 0.841051
vt 0.399023 0.783186
vt 0.402209 0.823922
vt 0.410307 0.688835
vt 0.409851 0.666875
vt 0.406545 0.690464
vt 0.409851 0.666875
vt 0.405089 0.667993
vt 0.39437 0.63061
vt 0.395611 0.695137
vt 0.387994 0.678165
vt 0.389248 0.635534
vt 0.39437 0.63061
vt 0.36941 0.602602
vt 0.366984 0.614005
vt 0.346452 0.594168
vt 0.344236 0.602521
vt 0.31393 0.578768
vt 0.308825 0.589995
vt 0.29011 0.558242
vt 0.288794 0.568793
vt 0.280562 0.53387
vt 0.279436 0.548395
vt 0.303128 0.602123
vt 0.283574 0.578445
vt 0.294246 0.624675
vt 0.33384 0.6135
vt 0.308245 0.636092
vt 0.350195 0.623933
vt 0.319482 0.65166
vt 0.374535 0.644912
vt 0.326343 0.678467
vt 0.330366 0.708095
vt 0.335052 0.728963
vt 0.350737 0.743351
vt 0.384906 0.731385
vt 0.398711 0.728675
vt 0.383393 0.757042
vt 0.398648 0.75419
vt 0.352421 0.770154
vt 0.383682 0.786687
vt 0.399299 0.782877
vt 0.351686 0.793508
vt 0.38464 0.82504
vt 0.402209 0.823922
vt 0.349664 0.822998
vt 0.373224 0.840802
vt 0.395366 0.841051
vt 0.345024 0.837802
vt 0.364413 0.856648
vt 0.381526 0.857448
vt 0.341809 0.854208
vt 0.332442 0.877896
vt 0.363007 0.881279
vt 0.381526 0.857448
vt 0.283574 0.578445
vt 0.279436 0.548395
vt 0.276421 0.553472
vt 0.273285 0.532088
vt 0.273278 0.542092
vt 0.272735 0.555399
vt 0.272413 0.575374
vt 0.283574 0.578445
vt 0.269846 0.619442
vt 0.294246 0.624675
vt 0.283574 0.578445
vt 0.269846 0.619442
vt 0.318818 0.061425
vt 0.318531 0.060991
vt 0.318824 0.063117
vt 0.27345 0.527889
vt 0.004621 0.547279
vt 0.005008 0.526773
vt 0.004629 0.530972
vt 0.27345 0.527889
vt 0.271472 0.532688
vt 0.279083 0.536217
vt 0.270885 0.526773
vt 0.275379 0.538648
vt 0.290936 0.558531
vt 0.287513 0.563778
vt 0.318478 0.57893
vt 0.315958 0.584799
vt 0.354807 0.589282
vt 0.352004 0.595892
vt 0.379284 0.602569
vt 0.376403 0.608826
vt 0.401568 0.631418
vt 0.396245 0.635036
vt 0.417938 0.66784
vt 0.410673 0.669597
vt 0.414182 0.690068
vt 0.408721 0.686634
vt 0.402996 0.727309
vt 0.398359 0.726454
vt 0.400613 0.752088
vt 0.395798 0.751976
vt 0.400613 0.752088
vt 0.401974 0.783529
vt 0.397743 0.783099
vt 0.401974 0.783529
vt 0.406542 0.80851
vt 0.398388 0.809864
vt 0.406542 0.80851
vt 0.399494 0.825585
vt 0.394783 0.823198
vt 0.386567 0.83979
vt 0.382859 0.835957
vt 0.386567 0.83979
vt 0.37351 0.842492
vt 0.375576 0.84697
vt 0.35926 0.84549
vt 0.359047 0.849834
vt 0.342802 0.841009
vt 0.004731 0.535119
vt 0.005138 0.538648
vt 0.005162 0.532688
vt 0.004276 0.545179
vt 0.00468 0.549241
vt 0.004085 0.554149
vt 0.27224 0.549241
vt 0.275379 0.538648
vt 0.2709 0.535119
vt 0.287513 0.563778
vt 0.282421 0.570676
vt 0.277142 0.579957
vt 0.315958 0.584799
vt 0.311566 0.593073
vt 0.305952 0.604858
vt 0.274466 0.623063
vt 0.296474 0.628186
vt 0.352004 0.595892
vt 0.347187 0.605784
vt 0.336479 0.616193
vt 0.30945 0.638968
vt 0.376403 0.608826
vt 0.369025 0.616858
vt 0.352375 0.625953
vt 0.319859 0.653378
vt 0.396245 0.635036
vt 0.392759 0.637693
vt 0.37624 0.646158
vt 0.326236 0.678934
vt 0.410673 0.669597
vt 0.409243 0.669267
vt 0.38926 0.678725
vt 0.330148 0.708419
vt 0.408433 0.68837
vt 0.396142 0.694885
vt 0.334701 0.729795
vt 0.397543 0.727568
vt 0.384881 0.730631
vt 0.349744 0.743677
vt 0.397225 0.753872
vt 0.383098 0.75643
vt 0.350968 0.769414
vt 0.397701 0.782795
vt 0.383314 0.786249
vt 0.347805 0.79391
vt 0.400238 0.822285
vt 0.384161 0.823737
vt 0.400238 0.822285
vt 0.348047 0.821339
vt 0.394035 0.837829
vt 0.37285 0.838299
vt 0.343322 0.835381
vt 0.378517 0.853463
vt 0.361919 0.85433
vt 0.378517 0.853463
vt 0.339889 0.851937
vt 0.359778 0.878645
vt 0.378517 0.853463
vt 0.328896 0.875016
vt 0.35012 0.899745
vt 0.319242 0.897589
vt 0.31157 0.91758
vt 0.271646 0.576407
vt 0.274466 0.623063
vt 0.269214 0.554149
vt 0.004638 0.669267
vt 0.005235 0.669597
vt 0.00462 0.637693
vt 0.005234 0.686634
vt 0.004641 0.68837
vt 0.005259 0.726454
vt 0.004665 0.727568
vt 0.005276 0.751976
vt 0.004689 0.753872
vt 0.005304 0.783099
vt 0.004718 0.782795
vt 0.005319 0.809864
vt 0.004744 0.822285
vt 0.14689 0.805404
vt 0.152345 0.806317
vt 0.148739 0.792983
vt 0.153093 0.820949
vt 0.14689 0.805404
vt 0.153093 0.820949
vt 0.168611 0.836582
vt 0.152345 0.806317
vt 0.164268 0.819077
vt 0.362334 0.876622
vt 0.362861 0.866188
vt 0.362924 0.85144
vt 0.168611 0.836582
vt 0.17943 0.85133
vt 0.164268 0.819077
vt 0.17943 0.85133
vt 0.173617 0.825611
vt 0.164268 0.819077
vt 0.359778 0.878645
vt 0.35012 0.899745
vt 0.367697 0.868211
vt 0.390176 0.821621
vt 0.390436 0.814873
vt 0.390842 0.790086
vt 0.19421 0.833895
vt 0.208246 0.847038
vt 0.190267 0.827148
vt 0.31157 0.91758
vt 0.336083 0.912889
vt 0.35012 0.899745
vt 0.323316 0.920717
vt 0.31003 0.926264
vt 0.343978 0.837434
vt 0.342802 0.841009
vt 0.35926 0.84549
vt 0.314471 0.826185
vt 0.315564 0.822927
vt 0.314471 0.826185
vt 0.290826 0.818908
vt 0.291856 0.815715
vt 0.273786 0.814152
vt 0.273798 0.810849
vt 0.273786 0.814152
vt 0.257934 0.821102
vt 0.256205 0.816168
vt 0.257934 0.821102
vt 0.273798 0.810849
vt 0.232588 0.828662
vt 0.232043 0.822576
vt 0.204748 0.842139
vt 0.203346 0.836806
vt 0.188827 0.849947
vt 0.187489 0.845704
vt 0.188827 0.849947
vt 0.171887 0.852889
vt 0.173787 0.848141
vt 0.171887 0.852889
vt 0.187489 0.845704
vt 0.160106 0.843614
vt 0.163376 0.839427
vt 0.160106 0.843614
vt 0.141968 0.830409
vt 0.156483 0.791673
vt 0.152288 0.811489
vt 0.166894 0.782959
vt 0.164892 0.798469
vt 0.164828 0.78317
vt 0.164285 0.769938
vt 0.165431 0.80909
vt 0.166894 0.782959
vt 0.16161 0.796191
vt 0.184037 0.771814
vt 0.16182 0.824223
vt 0.161682 0.803062
vt 0.161142 0.792441
vt 0.161562 0.817469
vt 0.195226 0.89974
vt 0.218263 0.874657
vt 0.185735 0.878578
vt 0.20743 0.851474
vt 0.185378 0.853713
vt 0.168503 0.852176
vt 0.204114 0.834894
vt 0.174561 0.837605
vt 0.16866 0.852659
vt 0.153207 0.837151
vt 0.163365 0.82294
vt 0.147004 0.822017
vt 0.164489 0.785497
vt 0.150042 0.782004
vt 0.164902 0.755694
vt 0.150782 0.75301
vt 0.163326 0.729879
vt 0.150659 0.726779
vt 0.152427 0.694143
vt 0.142733 0.689024
vt 0.159474 0.677993
vt 0.143796 0.668068
vt 0.138238 0.687235
vt 0.14981 0.72566
vt 0.138281 0.666534
vt 0.158861 0.636875
vt 0.153405 0.631303
vt 0.180057 0.616353
vt 0.177212 0.606265
vt 0.201959 0.605426
vt 0.200082 0.59927
vt 0.237982 0.592674
vt 0.234331 0.583797
vt 0.259393 0.570395
vt 0.258712 0.560944
vt 0.269545 0.549193
vt 0.267822 0.536024
vt 0.264375 0.579707
vt 0.272172 0.554295
vt 0.243282 0.604497
vt 0.274466 0.623063
vt 0.271646 0.576407
vt 0.274466 0.623063
vt 0.252511 0.62796
vt 0.212509 0.615759
vt 0.239383 0.638723
vt 0.196573 0.625405
vt 0.228871 0.65306
vt 0.172671 0.64545
vt 0.222313 0.678571
vt 0.218191 0.708028
vt 0.213487 0.729372
vt 0.198345 0.743148
vt 0.196955 0.768997
vt 0.197616 0.792241
vt 0.199498 0.820715
vt 0.160817 0.831044
vt 0.160806 0.815537
vt 0.160216 0.806667
vt 0.160811 0.800403
vt 0.160216 0.806667
vt 0.160226 0.789052
vt 0.160855 0.760389
vt 0.160264 0.760756
vt 0.160889 0.731395
vt 0.160319 0.72954
vt 0.16093 0.705195
vt 0.160331 0.704076
vt 0.160953 0.66744
vt 0.273348 0.557682
vt 0.27512 0.555265
vt 0.27336 0.546295
vt 0.272162 0.555411
vt 0.318782 0.06331
vt 0.319085 0.062895
vt 0.318741 0.061854
vt 0.319219 0.063838
vt 0.318435 0.061948
vt 0.318414 0.061603
vt 0.2709 0.535119
vt 0.272688 0.577523
vt 0.273348 0.557682
vt 0.272162 0.555411
vt 0.273348 0.557682
vt 0.272688 0.577523
vt 0.27512 0.555265
vt 0.271472 0.532688
vt 0.270885 0.526773
vt 0.267822 0.536024
vt 0.267822 0.536024
vt 0.270885 0.526773
vt 0.263772 0.532754
vt 0.258712 0.560944
vt 0.254225 0.557126
vt 0.234331 0.583797
vt 0.230404 0.577652
vt 0.200082 0.59927
vt 0.197883 0.593052
vt 0.177212 0.606265
vt 0.174924 0.601486
vt 0.153405 0.631303
vt 0.149964 0.629493
vt 0.149964 0.629493
vt 0.138281 0.666534
vt 0.134483 0.665759
vt 0.134483 0.665759
vt 0.138238 0.687235
vt 0.134027 0.687719
vt 0.14981 0.72566
vt 0.134027 0.687719
vt 0.145231 0.726405
vt 0.152219 0.751125
vt 0.147403 0.751203
vt 0.149964 0.782371
vt 0.147403 0.751203
vt 0.145311 0.78207
vt 0.144499 0.810666
vt 0.140032 0.810792
vt 0.146233 0.828282
vt 0.141968 0.830409
vt 0.146233 0.828282
vt 0.141968 0.830409
vt 0.163376 0.839427
vt 0.227167 0.900901
vt 0.236369 0.917464
vt 0.21084 0.912476
vt 0.236369 0.917464
vt 0.195226 0.89974
vt 0.223655 0.920469
vt 0.21084 0.912476
vt 0.236825 0.925996
vt 0.15344 0.807012
vt 0.169054 0.794276
vt 0.172924 0.787521
vt 0.289545 0.638217
vt 0.27332 0.636653
vt 0.292896 0.663199
vt 0.273482 0.65954
vt 0.304741 0.644307
vt 0.307384 0.667941
vt 0.320852 0.654868
vt 0.322083 0.678207
vt 0.306533 0.713165
vt 0.331368 0.721739
vt 0.340573 0.723273
vt 0.297791 0.711136
vt 0.296843 0.71857
vt 0.273059 0.710137
vt 0.296843 0.71857
vt 0.273029 0.718487
vt 0.333588 0.677135
vt 0.339151 0.673685
vt 0.350249 0.72107
vt 0.331844 0.652758
vt 0.331637 0.645953
vt 0.339026 0.640696
vt 0.339913 0.650289
vt 0.327046 0.641857
vt 0.249215 0.718404
vt 0.248321 0.710963
vt 0.253556 0.663061
vt 0.257084 0.638104
vt 0.274315 0.620265
vt 0.292005 0.62235
vt 0.306822 0.631687
vt 0.327046 0.641857
vt 0.327046 0.641857
vt 0.241844 0.644087
vt 0.239035 0.667702
vt 0.225661 0.654535
vt 0.224265 0.677865
vt 0.239565 0.712931
vt 0.214671 0.721331
vt 0.205458 0.722801
vt 0.249215 0.718404
vt 0.212771 0.676713
vt 0.207235 0.673223
vt 0.195801 0.72053
vt 0.214687 0.652348
vt 0.21494 0.645545
vt 0.207595 0.640237
vt 0.20664 0.649823
vt 0.219559 0.641482
vt 0.219559 0.641482
vt 0.219559 0.641482
vt 0.239854 0.631452
vt 0.254736 0.62222
vt 0.214059 0.635236
vt 0.219559 0.641482
vt 0.236654 0.626068
vt 0.239854 0.631452
vt 0.252926 0.614823
vt 0.254736 0.62222
vt 0.273999 0.612944
vt 0.274315 0.620265
vt 0.292005 0.62235
vt 0.293877 0.614966
vt 0.306822 0.631687
vt 0.310068 0.626325
vt 0.327046 0.641857
vt 0.332598 0.635651
vt 0.306533 0.713165
vt 0.309116 0.720913
vt 0.331368 0.721739
vt 0.331368 0.721739
vt 0.309116 0.720913
vt 0.320755 0.725561
vt 0.337715 0.731923
vt 0.353384 0.725089
vt 0.320183 0.740703
vt 0.339467 0.743684
vt 0.353384 0.725089
vt 0.28967 0.746381
vt 0.315762 0.760422
vt 0.293462 0.763207
vt 0.309116 0.720913
vt 0.309116 0.720913
vt 0.28967 0.746381
vt 0.353384 0.725089
vt 0.353923 0.744274
vt 0.363822 0.724419
vt 0.361219 0.744261
vt 0.340864 0.762774
vt 0.355036 0.762023
vt 0.36576 0.76233
vt 0.353289 0.772782
vt 0.36412 0.743904
vt 0.369598 0.762488
vt 0.365057 0.765734
vt 0.368421 0.766359
vt 0.367156 0.722631
vt 0.363145 0.720512
vt 0.340864 0.762774
vt 0.353289 0.772782
vt 0.365057 0.765734
vt 0.353289 0.772782
vt 0.353289 0.772782
vt 0.355777 0.774451
vt 0.350956 0.781667
vt 0.354038 0.781264
vt 0.352085 0.792769
vt 0.348457 0.791431
vt 0.350956 0.781667
vt 0.348457 0.791431
vt 0.352297 0.805131
vt 0.34819 0.804433
vt 0.34784 0.816075
vt 0.336246 0.817454
vt 0.337992 0.803492
vt 0.338319 0.788577
vt 0.348457 0.791431
vt 0.337943 0.780126
vt 0.333104 0.847645
vt 0.343121 0.848623
vt 0.305056 0.905892
vt 0.325673 0.8998
vt 0.354135 0.812761
vt 0.348968 0.849294
vt 0.318141 0.815494
vt 0.315311 0.804381
vt 0.294224 0.807734
vt 0.293717 0.79651
vt 0.313247 0.798412
vt 0.291866 0.792167
vt 0.272763 0.793331
vt 0.300259 0.840352
vt 0.272763 0.793331
vt 0.314162 0.843439
vt 0.272356 0.90831
vt 0.272615 0.834974
vt 0.272763 0.793331
vt 0.244934 0.840159
vt 0.272763 0.793331
vt 0.23101 0.843148
vt 0.22723 0.815176
vt 0.2512 0.807583
vt 0.272763 0.793331
vt 0.230141 0.804083
vt 0.25179 0.796363
vt 0.232251 0.798129
vt 0.253676 0.792033
vt 0.272763 0.793331
vt 0.209113 0.817009
vt 0.21204 0.847222
vt 0.197531 0.81555
vt 0.197264 0.803905
vt 0.207364 0.803586
vt 0.207247 0.788118
vt 0.19709 0.790902
vt 0.207684 0.77967
vt 0.20202 0.848129
vt 0.239674 0.905664
vt 0.219106 0.899428
vt 0.212619 0.794732
vt 0.193155 0.804574
vt 0.19709 0.790902
vt 0.193455 0.792214
vt 0.19617 0.84876
vt 0.191263 0.812192
vt 0.212619 0.794732
vt 0.191584 0.780696
vt 0.19466 0.781121
vt 0.189894 0.773871
vt 0.192389 0.772219
vt 0.177307 0.765691
vt 0.192389 0.772219
vt 0.180673 0.765089
vt 0.180673 0.765089
vt 0.176158 0.761812
vt 0.179995 0.76168
vt 0.181768 0.743267
vt 0.184663 0.743644
vt 0.190718 0.761449
vt 0.192389 0.772219
vt 0.191957 0.743708
vt 0.181784 0.724463
vt 0.192633 0.724527
vt 0.206415 0.743219
vt 0.204882 0.762299
vt 0.178883 0.721973
vt 0.182906 0.719882
vt 0.225719 0.740373
vt 0.209185 0.730303
vt 0.225255 0.725227
vt 0.214671 0.721331
vt 0.236925 0.720661
vt 0.192633 0.724527
vt 0.192633 0.724527
vt 0.25619 0.746264
vt 0.23 0.760122
vt 0.25228 0.763064
vt 0.236925 0.720661
vt 0.25619 0.746264
vt 0.236925 0.720661
vt 0.212873 0.72105
vt 0.216439 0.725115
vt 0.208483 0.725165
vt 0.204896 0.72219
vt 0.209547 0.717298
vt 0.306533 0.713165
vt 0.296843 0.71857
vt 0.309116 0.720913
vt 0.339467 0.743684
vt 0.315762 0.760422
vt 0.340864 0.762774
vt 0.28967 0.746381
vt 0.272851 0.768413
vt 0.293462 0.763207
vt 0.272795 0.784274
vt 0.27289 0.757764
vt 0.25619 0.746264
vt 0.263085 0.746191
vt 0.249215 0.718404
vt 0.25679 0.726969
vt 0.249215 0.718404
vt 0.25619 0.746264
vt 0.27289 0.757764
vt 0.296843 0.71857
vt 0.289209 0.727082
vt 0.272546 0.727755
vt 0.25679 0.726969
vt 0.249215 0.718404
vt 0.289209 0.727082
vt 0.282777 0.74626
vt 0.282777 0.74626
vt 0.272946 0.741936
vt 0.27289 0.757764
vt 0.263085 0.746191
vt 0.25679 0.726969
vt 0.282777 0.74626
vt 0.296843 0.71857
vt 0.289209 0.727082
vt 0.28967 0.746381
vt 0.296843 0.71857
vt 0.282777 0.74626
vt 0.272851 0.768413
vt 0.27289 0.757764
vt 0.27289 0.757764
vt 0.28967 0.746381
vt 0.25228 0.763064
vt 0.25619 0.746264
vt 0.272795 0.784274
vt 0.293462 0.763207
vt 0.272795 0.784274
vt 0.293021 0.773694
vt 0.284498 0.784373
vt 0.314002 0.768343
vt 0.311548 0.77402
vt 0.292718 0.778898
vt 0.315762 0.760422
vt 0.335189 0.771474
vt 0.340864 0.762774
vt 0.337943 0.780126
vt 0.33464 0.777502
vt 0.272763 0.793331
vt 0.284498 0.784373
vt 0.292718 0.778898
vt 0.291866 0.792167
vt 0.272763 0.793331
vt 0.284498 0.784373
vt 0.254348 0.786893
vt 0.253735 0.779099
vt 0.253796 0.791236
vt 0.291866 0.792167
vt 0.313247 0.798412
vt 0.292718 0.778898
vt 0.311548 0.77402
vt 0.332902 0.795152
vt 0.332902 0.795152
vt 0.33464 0.777502
vt 0.293021 0.773694
vt 0.284498 0.784373
vt 0.292718 0.778898
vt 0.33464 0.777502
vt 0.337943 0.780126
vt 0.335189 0.771474
vt 0.33464 0.777502
vt 0.338319 0.788577
vt 0.337943 0.780126
vt 0.332902 0.795152
vt 0.337992 0.803492
vt 0.337943 0.780126
vt 0.348457 0.791431
vt 0.350956 0.781667
vt 0.350956 0.781667
vt 0.340864 0.762774
vt 0.337943 0.780126
vt 0.340864 0.762774
vt 0.350956 0.781667
vt 0.353289 0.772782
vt 0.36576 0.76233
vt 0.353289 0.772782
vt 0.365057 0.765734
vt 0.353384 0.725089
vt 0.363145 0.720512
vt 0.340573 0.723273
vt 0.181189 0.721628
vt 0.177178 0.723748
vt 0.194085 0.722186
vt 0.214671 0.721331
vt 0.236925 0.720661
vt 0.239565 0.712931
vt 0.121514 0.055789
vt 0.099475 0.055707
vt 0.108688 0.056084
vt 0.236925 0.720661
vt 0.249215 0.718404
vt 0.239565 0.712931
vt 0.204882 0.762299
vt 0.23 0.760122
vt 0.206415 0.743219
vt 0.252648 0.773552
vt 0.272795 0.784274
vt 0.25228 0.763064
vt 0.261094 0.784291
vt 0.231706 0.768055
vt 0.234123 0.773749
vt 0.252918 0.778759
vt 0.23 0.760122
vt 0.210497 0.771038
vt 0.204882 0.762299
vt 0.207684 0.77967
vt 0.211006 0.77707
vt 0.261094 0.784291
vt 0.272763 0.793331
vt 0.253676 0.792033
vt 0.252918 0.778759
vt 0.272763 0.793331
vt 0.261094 0.784291
vt 0.289711 0.794843
vt 0.289773 0.782771
vt 0.289159 0.790514
vt 0.252918 0.778759
vt 0.232251 0.798129
vt 0.253676 0.792033
vt 0.234123 0.773749
vt 0.212619 0.794732
vt 0.211006 0.77707
vt 0.212619 0.794732
vt 0.252918 0.778759
vt 0.261094 0.784291
vt 0.252648 0.773552
vt 0.210497 0.771038
vt 0.207684 0.77967
vt 0.211006 0.77707
vt 0.207684 0.77967
vt 0.207247 0.788118
vt 0.211006 0.77707
vt 0.212619 0.794732
vt 0.207364 0.803586
vt 0.19466 0.781121
vt 0.19709 0.790902
vt 0.207684 0.77967
vt 0.204882 0.762299
vt 0.19466 0.781121
vt 0.19466 0.781121
vt 0.204882 0.762299
vt 0.192389 0.772219
vt 0.192389 0.772219
vt 0.204882 0.762299
vt 0.180673 0.765089
vt 0.192389 0.772219
vt 0.179995 0.76168
vt 0.003107 0.721973
vt 0.003532 0.743644
vt 0.003501 0.724463
vt 0.205458 0.722801
vt 0.182906 0.719882
vt 0.192633 0.724527
vt 0.118346 0.056423
vt 0.131241 0.056012
vt 0.108688 0.056109
vt 0.348534 0.721646
vt 0.365451 0.723089
vt 0.361429 0.720998
vt 0.319459 0.086443
vt 0.319618 0.087363
vt 0.319933 0.086616
vt 0.332902 0.795152
vt 0.332902 0.795152
vt 0.003156 0.773871
vt 0.003571 0.781121
vt 0.003781 0.772219
vt 0.19466 0.781121
vt 0.19709 0.790902
vt 0.537256 0.304342
vt 0.009554 0.367742
vt 0.528491 0.314051
vt 0.021695 0.380761
vt 0.537729 0.321859
vt 0.009903 0.393018
vt 0.535609 0.575394
vt 0.537965 0.197564
vt 0.010173 0.193643
vt 0.021632 0.17555
vt 0.528212 0.17723
vt 0.043603 0.164081
vt 0.515765 0.16632
vt 0.52541 0.589729
vt 0.010328 0.599297
vt 0.535358 0.602773
vt 0.035499 0.66535
vt 0.009847 0.706873
vt 0.008176 0.766158
vt 0.533823 0.860748
vt 0.015458 0.776569
vt 0.008054 0.789889
vt 0.007819 0.855862
vt 0.52565 0.875861
vt 0.012481 0.871473
vt 0.509891 0.886922
vt 0.033134 0.887608
vt 0.01049 0.678054
vt 0.007718 0.193103
vt 0.007094 0.368858
vt 0.010173 0.193643
vt 0.009554 0.367742
vt 0.021632 0.17555
vt 0.019903 0.173865
vt 0.043603 0.164081
vt 0.043001 0.161807
vt 0.736468 0.027649
vt 0.263704 0.023135
vt 0.264306 0.025409
vt 0.737403 0.025382
vt 0.528212 0.17723
vt 0.5167 0.164053
vt 0.515765 0.16632
vt 0.530216 0.175899
vt 0.537965 0.197564
vt 0.540426 0.197188
vt 0.537256 0.304342
vt 0.539707 0.305446
vt 0.528491 0.314051
vt 0.539707 0.305446
vt 0.532002 0.313982
vt 0.537729 0.321859
vt 0.532002 0.313982
vt 0.528491 0.314051
vt 0.540195 0.320907
vt 0.535609 0.575394
vt 0.540195 0.320907
vt 0.537729 0.321859
vt 0.53806 0.576342
vt 0.52541 0.589729
vt 0.528452 0.589845
vt 0.53782 0.602128
vt 0.528452 0.589845
vt 0.535358 0.602773
vt 0.52541 0.589729
vt 0.533823 0.860748
vt 0.53782 0.602128
vt 0.536277 0.861533
vt 0.52565 0.875861
vt 0.527542 0.877685
vt 0.509891 0.886922
vt 0.510674 0.889524
vt 0.033134 0.887608
vt 0.032284 0.890212
vt 0.012481 0.871473
vt 0.032284 0.890212
vt 0.033134 0.887608
vt 0.010347 0.873073
vt 0.007819 0.855862
vt 0.005361 0.856377
vt 0.008054 0.789889
vt 0.005599 0.789423
vt 0.015458 0.776569
vt 0.01257 0.776881
vt 0.008176 0.766158
vt 0.01257 0.776881
vt 0.005697 0.767056
vt 0.009847 0.706873
vt 0.007409 0.70632
vt 0.035499 0.66535
vt 0.028834 0.671639
vt 0.01049 0.678054
vt 0.028834 0.671639
vt 0.035499 0.66535
vt 0.008041 0.682202
vt 0.010328 0.599297
vt 0.008041 0.682202
vt 0.01049 0.678054
vt 0.007871 0.599821
vt 0.009903 0.393018
vt 0.007444 0.392209
vt 0.021695 0.380761
vt 0.007444 0.392209
vt 0.018323 0.380901
vt 0.009554 0.367742
vt 0.018323 0.380901
vt 0.021695 0.380761
vt 0.007094 0.368858
vt 0.496142 0.899828
vt 0.042975 0.206433
vt 0.047951 0.899463
vt 0.093903 0.215429
vt 0.447944 0.225043
vt 0.401159 0.206939
vt 0.132804 0.199434
vt 0.362801 0.183542
vt 0.163144 0.190523
vt 0.203373 0.169371
vt 0.319715 0.138771
vt 0.238083 0.13808
vt 0.279907 0.080813
vt 0.49916 0.221506
vt 0.47549 0.218745
vt 0.496107 0.909767
vt 0.047916 0.909402
vt 0.4961 0.912205
vt 0.047909 0.91184
vt 0.713389 0.045918
vt 0.72258 0.044571
vt 0.329733 0.039016
vt 0.323098 0.038012
vt 0.32274 0.039824
vt 0.722316 0.047186
vt 0.324345 0.066055
vt 0.322561 0.026965
vt 0.722111 0.026559
vt 0.713437 0.024687
vt 0.329944 0.024861
vt 0.696804 0.0235
vt 0.339367 0.023732
vt 0.332066 0.067539
vt 0.721994 0.068529
vt 0.324535 0.068888
vt 0.702939 0.075362
vt 0.722358 0.079659
vt 0.723623 0.085792
vt 0.325696 0.095579
vt 0.718111 0.086869
vt 0.723716 0.088248
vt 0.723893 0.095073
vt 0.331883 0.097143
vt 0.720364 0.096688
vt 0.343814 0.098287
vt 0.704729 0.098358
vt 0.125923 0.10612
vt 0.126085 0.027363
vt 0.100913 0.093416
vt 0.585611 0.093731
vt 0.586296 0.09124
vt 0.411681 0.101404
vt 0.41071 0.098986
vt -0.002667 0.193974
vt -0.000212 0.193103
vt -0.014126 0.175882
vt -0.012396 0.173865
vt -0.036097 0.164413
vt -0.035495 0.161807
vt 0.696804 0.0235
vt 0.69726 0.023231
vt 0.339367 0.023732
vt 0.338659 0.023463
vt 0.339367 0.023732
vt 0.338659 0.023463
vt 0.329944 0.024861
vt 0.328427 0.024689
vt 0.322561 0.026965
vt 0.320698 0.026891
vt 0.323098 0.038012
vt 0.321242 0.038092
vt 0.321242 0.038092
vt 0.329733 0.039016
vt 0.327075 0.038975
vt 0.329733 0.039016
vt 0.327075 0.038975
vt 0.32274 0.039824
vt 0.320872 0.039691
vt 0.32274 0.039824
vt 0.320872 0.039691
vt 0.324345 0.066055
vt 0.322489 0.066119
vt 0.332066 0.067539
vt 0.329762 0.067516
vt 0.332066 0.067539
vt 0.329762 0.067516
vt 0.324535 0.068888
vt 0.322671 0.068787
vt 0.322671 0.068787
vt 0.325696 0.095579
vt 0.323839 0.095626
vt 0.331883 0.097143
vt 0.330451 0.097297
vt 0.343814 0.098287
vt 0.343221 0.098522
vt 0.704729 0.098358
vt 0.705373 0.098593
vt 0.157965 0.114502
vt 0.158815 0.116774
vt 0.178619 0.098367
vt 0.180753 0.099636
vt 0.183281 0.082756
vt 0.185739 0.082939
vt 0.183046 0.016783
vt -0.000548 0.79022
vt 0.002145 0.856377
vt 0.001907 0.789423
vt 0.058072 0.095851
vt 0.060527 0.095054
vt 0.050668 0.082531
vt 0.053556 0.082512
vt 0.053556 0.082512
vt 0.05795 0.072121
vt 0.060428 0.072687
vt 0.056253 0.011891
vt 0.058691 0.011007
vt 0.126565 0.134938
vt 0.129004 0.134054
vt 0.100913 0.093416
vt 0.107578 0.099374
vt 0.045249 0.938142
vt 0.051914 0.9441
vt 0.070258 0.950846
vt 0.072708 0.954663
vt 0.703815 0.032142
vt 0.707452 0.029432
vt 0.625239 0.037476
vt 0.624636 0.035055
vt 0.419121 0.051467
vt 0.417812 0.049093
vt 0.610881 0.093055
vt 0.609642 0.090644
vt 0.599112 0.105333
vt 0.598784 0.101973
vt 0.599112 0.105333
vt 0.598784 0.101973
vt 0.585611 0.093731
vt 0.586296 0.09124
vn 0 1 0
vn 0 1 0
vn 0 1 0
vn 0 1 0
vn 0 1 0
vn 0 1 0
vn 0 1 0
vn 0 1 0
vn 0 1 0
vn 0 1 0
vn 0 1 0
vn 0 1 0
vn 0 1 0
vn 0 1 0
vn 0 1 0
vn 0 1 0
vn 0 1 0
vn 0 1 0
vn 0 1 0
vn 0 1 0
vn 0 1 0
vn 0 1 0
vn 0 1 0
vn 0 1 0
vn 0 1 0
vn 0 1 0
vn 0 1 0
vn 0 1 0
vn 0 1 0
vn 0 1 0
vn -0.04765446 0.4341159 0.8995957
vn -0.09530734 0.4341172 0.8958007
vn -0.2743384 0.4414596 0.8543136
vn 0.1356398 0.4414522 0.8869734
vn 0.2712815 0.4414556 0.8552914
vn 0.4798549 0.4369739 0.7607845
vn 0.5569205 0.4369728 0.7063245
vn 0.6614051 0.4341207 0.6116228
vn 0.6929578 0.4341173 0.5756315
vn 0.5557828 0.4579652 0.6938106
vn 0.3472517 0.4579635 0.8183432
vn 0.1737275 0.433936 0.8840353
vn 0.2160116 0.4339353 0.8746651
vn 0.3319481 0.4358531 0.836566
vn 0.404461 0.4358573 0.8040148
vn 0.5516349 0.43718 0.7103327
vn 0.6248538 0.4371791 0.6468634
vn 0.6916081 0.4331298 0.5779938
vn 0.691607 0.4331248 0.5779988
vn 0.6962907 0.4331256 -0.5723473
vn 0.6260296 0.437656 -0.6454023
vn 0.6963004 0.4331169 -0.572342
vn 0.5484844 0.4376598 -0.7124738
vn 0.3914502 0.4362285 -0.8102292
vn 0.3134904 0.4362293 -0.8434617
vn 0.1974775 0.4337375 -0.8791327
vn 0.1607702 0.433737 -0.8865805
vn 0.328392 0.4548291 -0.827822
vn 0.5266919 0.4548278 -0.7181415
vn 0.6488734 0.4347648 -0.624454
vn 0.6047394 0.4347629 -0.6672866
vn 0.4672094 0.4384224 -0.7677898
vn 0.3690986 0.4384221 -0.8194829
vn 0.1799495 0.4366998 -0.8814258
vn 0.08997518 0.4366996 -0.8950966
vn -0.09580462 0.4371895 -0.8942521
vn -0.1916094 0.4371909 -0.8787206
vn -0.3686431 0.4367484 -0.8205809
vn -0.4501632 0.4367473 -0.7788485
vn -0.591499 0.43616 -0.6781545
vn -0.6520284 0.4361614 -0.6201792
vn -0.5522312 0.4538028 -0.6993595
vn -0.3630851 0.4538034 -0.8137761
vn -0.192234 0.4334394 -0.880441
vn -0.2183376 0.4334422 -0.8743321
vn -0.3324397 0.4369993 -0.8357723
vn -0.4184361 0.437001 -0.7962043
vn -0.5837042 0.4381776 -0.6835859
vn -0.6616154 0.4381698 -0.6085
vn -0.7310189 0.433125 -0.5272705
vn -0.731016 0.4331175 -0.5272806
vn -0.7192552 0.4331339 0.5432007
vn -0.6615528 0.4365375 0.60974
vn -0.7192501 0.4331371 0.5432048
vn -0.5981999 0.436534 0.6720082
vn -0.4590303 0.4362802 0.7739191
vn -0.3835267 0.4362786 0.813983
vn -0.2604356 0.4341114 0.8623924
vn -0.2143813 0.4341097 0.8749796
vn -0.3760927 0.4566734 0.8062281
vn -0.5751064 0.4566732 0.6787505
vn -0.6702574 0.4375102 0.5994496
vn -0.5988804 0.4375154 0.6707628
vn -0.4032992 0.4414601 0.8015378
vn 0.8658143 -0.3161756 0.3878125
vn 0.7328767 -0.5184416 0.4405793
vn 0.6712547 -0.485187 0.5603667
vn 0.5700536 -0.5655494 0.5959805
vn 0.6827487 -0.5426506 0.4892694
vn 0.3807229 -0.5362329 0.7533289
vn 0.3388267 -0.5411614 0.7696368
vn 0.4240592 -0.5714462 0.7025831
vn 0.3327771 -0.7102497 0.6203265
vn 0.3249322 -0.5800124 0.7469971
vn 0.3311977 -0.572561 0.749988
vn 0.3854344 -0.6565636 0.6483553
vn 0.4202788 -0.7034258 0.5731997
vn 0.4389629 -0.6249977 0.6455148
vn 0.5753608 -0.4869343 0.6571568
vn 0.4427648 -0.7411641 0.5046136
vn 0.5252465 -0.7706515 0.3608494
vn 0.6617267 -0.5807757 0.4741491
vn 0.8347524 -0.2711186 0.4792527
vn 0.4935243 -0.8040106 0.3316637
vn 0.5017121 -0.8394628 0.2087755
vn 0.8274252 -0.5058768 0.2438361
vn 0.9839496 -0.1610989 0.07674967
vn 0.5021539 -0.8322436 0.2349726
vn 0.4472094 -0.8822724 0.1469668
vn 0.9268686 -0.3410149 -0.1569181
vn 0.6493551 -0.7594095 0.04043565
vn 0.3956469 -0.8928148 0.2152794
vn 0.7610964 -0.6353214 -0.130763
vn 0.9356528 -0.3226456 -0.1430166
vn 0.6093408 -0.7929073 -0.001363301
vn 0.7387325 -0.6724591 -0.04553089
vn 0.9531162 -0.3023794 -0.01167426
vn 0.6966078 -0.7127225 -0.08224523
vn 0.699549 -0.7140544 0.02752496
vn 0.9447213 -0.3217994 0.06282196
vn 0.6400445 -0.7677475 -0.0301147
vn 0.6693845 -0.7240253 -0.1664686
vn 0.8848581 -0.4576234 -0.08721808
vn 0.6100577 -0.7903445 -0.05643767
vn 0.6472256 -0.6828486 -0.3388463
vn 0.7601205 -0.4555232 -0.4633739
vn 0.6239807 -0.7438244 -0.2395272
vn 0.7005524 -0.6439195 -0.3075613
vn 0.7083542 -0.6539339 -0.2657158
vn 0.6967046 -0.6907375 -0.1936089
vn 0.8587119 -0.4239355 -0.2879108
vn 0.7906787 -0.4170232 -0.4482397
vn 0.8246161 -0.149725 -0.5455188
vn 0.8130413 0.009432022 -0.5821297
vn 0.02372572 -0.8545018 0.5189064
vn 0.6238871 -0.5896679 0.5128903
vn 0.3327771 -0.7102497 0.6203265
vn 0.8183781 -0.5130566 0.258902
vn 0.2747391 -0.7994705 0.5341959
vn 0.8928754 -0.332078 0.3041345
vn 0.8852503 -0.3773526 0.2719135
vn 0.8825545 -0.2999933 0.3620796
vn 0.9271516 -0.1703804 0.3337073
vn 0.8658143 -0.3161756 0.3878125
vn 0.7517125 -0.4773613 0.4550325
vn 0.9268686 -0.3410149 -0.1569181
vn 0.9839496 -0.1610989 0.07674967
vn 0.9711319 -0.04619044 -0.2340283
vn 0.9356528 -0.3226456 -0.1430166
vn 0.9916323 0.02068223 -0.1274274
vn 0.9531162 -0.3023794 -0.01167426
vn 0.8381647 0.5294676 -0.1309352
vn 0.8305404 0.5566293 -0.01914109
vn 0.9447213 -0.3217994 0.06282196
vn 0.9520374 0.3053728 -0.01929171
vn 0.9034442 0.4137737 0.1121599
vn 0.9344013 -0.3144538 -0.167371
vn 0.9921904 0.01994498 0.1231276
vn 0.9466559 0.2297733 -0.2259352
vn 0.9849177 0.1664372 -0.04728566
vn 0.7195057 0.68296 -0.1260054
vn 0.8087879 0.1711569 -0.5626433
vn 0.8246161 -0.149725 -0.5455188
vn 0.8900154 0.429047 -0.1542439
vn 0.753612 0.3707266 -0.5427989
vn 0.8087879 0.1711569 -0.5626433
vn 0.5240028 0.7692841 -0.365545
vn 0.7480808 0.1427041 -0.6480822
vn 0.5356719 0.6626476 -0.5234058
vn 0.7110006 0.3540008 -0.6075867
vn 0.8587119 -0.4239355 -0.2879108
vn 0.8130413 0.009432022 -0.5821297
vn 0.7110006 0.3540008 -0.6075867
vn 0.8538672 0.04035375 -0.5189242
vn 0.8491248 -0.01007495 -0.5280961
vn 0.6476576 0.4324504 -0.6273166
vn 0.3675072 0.8516551 -0.3736604
vn 0.2374004 0.8562155 -0.458842
vn 0.2822575 0.7565266 -0.5899137
vn 0.6134335 0.4254999 -0.665319
vn 0.3505285 0.5964177 -0.7220911
vn 0.8491248 -0.01007495 -0.5280961
vn 0.1981292 0.7640107 -0.6140296
vn 0.08562023 0.8623178 -0.4990762
vn 0.02011551 0.9577082 -0.2870373
vn 0.09776159 0.9709636 -0.2183398
vn 0.06236757 0.7347661 -0.6754473
vn -0.02397523 0.8990881 -0.4371108
vn 0.03595957 0.9928803 -0.1135591
vn 0.03600848 0.9993485 0.002460836
vn -0.05295033 0.7888965 -0.6122406
vn -0.06776245 0.9180872 -0.3905433
vn 0.0266417 0.9995782 -0.01156034
vn 0.1456405 0.9766327 0.1580427
vn -0.0514868 0.9754719 -0.2140176
vn 0.003593532 0.5371287 -0.8434926
vn 0.1265305 0.4425834 -0.8877556
vn 0.2048145 0.4987329 -0.8422093
vn 0.006300065 0.9444231 -0.3286718
vn 0.0175083 0.9777264 -0.209152
vn 0.0001415609 0.8112051 -0.5847617
vn -0.001217735 0.6092564 -0.7929723
vn 0.06959436 0.9145013 -0.3985524
vn -0.03524905 0.9935213 0.1080414
vn 0.09043024 0.9887725 0.11896
vn -0.06216118 0.9839361 0.1673492
vn -0.01053139 0.8912458 -0.4533982
vn -0.1256445 0.9895046 0.07137357
vn -0.05878006 0.858377 -0.5096409
vn 0.05338505 0.7880124 -0.6133404
vn -0.09418512 0.7356103 -0.6708254
vn 0.01094404 0.5623827 -0.8268046
vn -0.1304935 0.4061649 -0.9044343
vn -0.2376131 0.4589571 -0.8560948
vn -0.3148867 0.613058 -0.7245732
vn -0.1361701 0.7959208 -0.5898878
vn -0.1838239 0.7726822 -0.6075945
vn 0.09181722 0.8623801 -0.4978655
vn -0.1536002 0.9307682 -0.3317792
vn -0.5902275 0.4362198 -0.6792229
vn -0.6696141 0.3723037 -0.6426561
vn -0.837769 0.0006550764 -0.5460244
vn -0.02581393 0.3042142 -0.9522539
vn 0.002128662 0.3645226 -0.9311922
vn 0.02127128 0.3679317 -0.9296095
vn 0.1166218 0.2516236 -0.9607731
vn -0.1821712 0.1517616 -0.9714845
vn 0.8491248 -0.01007495 -0.5280961
vn 0.7110006 0.3540008 -0.6075867
vn 0.6134335 0.4254999 -0.665319
vn 0.02553708 0.9284305 -0.3706273
vn -0.01367501 0.9932598 -0.1150991
vn -0.05878006 0.858377 -0.5096409
vn -0.1838239 0.7726822 -0.6075945
vn -0.2974097 0.6996903 -0.6496006
vn -0.7260637 0.3008173 -0.6183369
vn -0.4245962 0.7443032 -0.5154908
vn -0.5902275 0.4362198 -0.6792229
vn -0.7260637 0.3008173 -0.6183369
vn -0.837769 0.0006550764 -0.5460244
vn -0.8019659 -0.08929294 -0.5906585
vn -0.8587449 -0.4238733 -0.2879041
vn -0.837769 0.0006550764 -0.5460244
vn -0.7672553 0.2206604 -0.6021861
vn -0.7442297 0.2861242 -0.6035354
vn -0.8313991 -0.38386 -0.4017797
vn -0.8988531 0.4339305 -0.06137775
vn -0.9158226 -0.372534 -0.149958
vn -0.8773739 0.4682686 0.1045917
vn -0.9466416 -0.319349 0.04342634
vn -0.9551519 0.2960403 0.00671336
vn -0.8343784 0.5511755 0.004280942
vn -0.9532153 -0.302076 -0.0114324
vn -0.8458918 0.5197148 -0.1198472
vn -0.9917812 0.0218821 -0.1260608
vn -0.9315391 -0.3420683 -0.1233868
vn -0.9505959 0.2722227 -0.1492052
vn -0.9789329 -0.1321753 -0.1556285
vn -0.9284156 -0.3619494 -0.08388816
vn -0.7260637 0.3008173 -0.6183369
vn -0.6151241 0.4188414 -0.6679777
vn -0.7466683 0.02869758 -0.6645774
vn -0.4245962 0.7443032 -0.5154908
vn -0.4853433 0.7318064 -0.4784363
vn -0.7466683 0.02869758 -0.6645774
vn -0.9067665 -0.1492083 -0.3943495
vn -0.9849706 -0.1382833 -0.1034931
vn -0.8313991 -0.38386 -0.4017797
vn -0.9930212 -0.06036467 0.1013169
vn -0.9158226 -0.372534 -0.149958
vn -0.9789329 -0.1321753 -0.1556285
vn -0.9924601 0.009534391 0.1221974
vn -0.9284156 -0.3619494 -0.08388816
vn -0.9609026 -0.2309703 0.1527053
vn -0.8392851 -0.4783082 0.2584992
vn -0.8791115 -0.0572059 0.4731708
vn -0.6813954 -0.7298269 0.05525525
vn -0.5344715 -0.8089479 0.2448337
vn -0.6923427 -0.5415949 0.4767982
vn -0.8266844 -0.3039539 0.4735028
vn -0.5569803 -0.4403126 0.7042001
vn -0.4591246 -0.5664693 0.684337
vn -0.3749748 -0.4296482 0.8214599
vn -0.3624426 -0.5261518 0.7692852
vn -0.4109215 -0.5033424 0.7601249
vn -0.4292346 -0.5382579 0.7252835
vn -0.6771772 -0.4929663 0.5462741
vn -0.7429914 -0.4373822 0.506617
vn -0.7381957 -0.512855 0.4382315
vn -0.8469651 -0.3495346 0.400594
vn -0.482155 -0.5681352 0.666895
vn -0.6885247 -0.5668642 0.4523259
vn -0.36935 -0.7125385 0.5965478
vn -0.3854344 -0.6565636 0.6483553
vn -0.420536 -0.7033187 0.5731426
vn -0.4427648 -0.741164 0.5046141
vn -0.5252462 -0.7706515 0.3608499
vn -0.5108114 -0.7920713 0.3342078
vn -0.5017123 -0.8394625 0.2087763
vn -0.4472095 -0.8822723 0.1469666
vn -0.3956469 -0.8928148 0.2152794
vn -0.6093568 -0.7928948 -0.001450672
vn -0.7703807 -0.6251744 -0.1251822
vn -0.9315391 -0.3420683 -0.1233868
vn -0.7404445 -0.6711199 -0.03660747
vn -0.9532153 -0.302076 -0.0114324
vn -0.6937437 -0.7173131 -0.06466696
vn -0.7076068 -0.7063401 0.01939283
vn -0.9466416 -0.319349 0.04342634
vn -0.6535169 -0.756375 -0.02850613
vn -0.6872986 -0.7036396 -0.1803111
vn -0.9158226 -0.372534 -0.149958
vn -0.6194493 -0.7816831 -0.07248519
vn -0.662872 -0.6858626 -0.300322
vn -0.8313991 -0.38386 -0.4017797
vn -0.623972 -0.7438799 -0.2393776
vn -0.7045494 -0.6600521 -0.2606557
vn -0.8019659 -0.08929294 -0.5906585
vn -0.7035002 -0.6772426 -0.2154762
vn -0.6895695 -0.7056466 -0.1629625
vn -0.8587449 -0.4238733 -0.2879041
vn -0.8095208 -0.3129485 -0.4967286
vn -0.7579933 -0.5026593 0.4156677
vn -0.8469651 -0.3495346 0.400594
vn -0.8503286 -0.4105337 0.3292466
vn -0.9161544 -0.1898903 0.3529913
vn -0.822445 -0.3897312 0.4143594
vn -0.7814127 -0.5376788 0.3166948
vn -0.7318096 -0.6337323 0.2506751
vn -0.6885247 -0.5668642 0.4523259
vn -0.240467 -0.8246673 0.5119566
vn -0.36935 -0.7125385 0.5965478
vn -0.6307786 -0.6173383 0.4701189
vn 0.02372572 -0.8545018 0.5189064
vn 0.9271516 -0.1703804 0.3337073
vn 0.8383577 -0.02863146 0.544368
vn 0.8658143 -0.3161756 0.3878125
vn 0.8152648 -0.3421763 0.4671816
vn -0.8469651 -0.3495346 0.400594
vn -0.8193964 -0.058051 0.5702804
vn -0.9161544 -0.1898903 0.3529913
vn -0.7522934 -0.4281229 0.5007648
vn 0.6305091 0.6581448 0.4114653
vn 0.6215443 0.6830019 0.3836547
vn 0.8446214 0.2634124 0.466078
vn 0.5994003 0.7399755 0.305214
vn 0.513427 0.7742404 0.3700601
vn 0.4298451 0.7983887 0.4216736
vn 0.2897469 0.8102093 0.509517
vn 0.2253874 0.8210207 0.524524
vn 0.193746 0.8308061 0.5217505
vn 0.2273289 0.8397304 0.4931271
vn 0.3343488 0.8318402 0.4430043
vn 0.3915969 0.8358088 0.384806
vn 0.4656316 0.8343714 0.2949769
vn 0.4386975 0.8705441 0.2229295
vn 0.4452737 0.8901323 0.09693204
vn 0.4261999 0.9046267 -0.002012869
vn 0.430382 0.8980294 -0.09118386
vn 0.4374448 0.8926658 -0.1085812
vn 0.6445462 0.757233 -0.1056337
vn 0.4601331 0.8847684 -0.07390783
vn 0.8305404 0.5566293 -0.01914109
vn 0.4534607 0.8912761 0.0004533358
vn 0.7589962 0.6502455 -0.03325143
vn 0.4695397 0.8816605 0.04698078
vn 0.4065992 0.9127892 0.03863933
vn 0.7757564 0.6265767 0.07485773
vn 0.5948094 0.7826234 -0.1835822
vn 0.2123721 0.9751535 -0.06303672
vn 0.4696971 0.8742689 -0.1226318
vn 0.409555 0.8443708 -0.3454022
vn 0.07118995 0.993357 -0.09040925
vn 0.3675072 0.8516551 -0.3736604
vn -0.127432 0.9894174 0.06938478
vn 0.1288372 0.9710734 -0.2010406
vn -0.1883265 0.904039 0.3837271
vn -0.07511667 0.9969932 0.0190257
vn 0.1398728 0.8042107 0.5776511
vn -0.03639244 0.9547988 0.2950167
vn 0.1456405 0.9766327 0.1580427
vn -0.9487832 0.1558305 -0.2748223
vn -0.8866361 0.2788045 -0.3689776
vn -0.8213462 0.1117903 -0.5593686
vn -0.9954176 0.09550334 -0.004790294
vn -0.9320835 0.2745115 -0.236355
vn -0.9455097 0.2705741 -0.1811106
vn -0.9320835 0.2745115 -0.236355
vn -0.8866361 0.2788045 -0.3689776
vn -0.9487832 0.1558305 -0.2748223
vn -0.7386787 0.4516738 -0.5003445
vn -0.6665394 0.4214112 -0.614929
vn -0.7368008 0.4650351 -0.4907821
vn -0.440571 0.4336562 -0.7860276
vn -0.4067349 0.4453548 -0.7976376
vn -0.3341529 0.609583 -0.7188535
vn -0.179909 0.7521002 -0.6340174
vn -0.2707537 0.6684666 -0.6927083
vn -0.3244154 0.4367262 -0.8390619
vn -0.3464969 0.4987092 -0.7944992
vn -0.3614151 0.6497102 -0.6687719
vn -0.4364216 0.7410508 -0.5102743
vn -0.5174032 0.4569354 -0.7235357
vn -0.5187035 0.5186102 -0.6796986
vn -0.4559557 0.7260983 -0.5146704
vn -0.4833552 0.8171917 -0.3139516
vn -0.7702982 0.2876681 -0.5691112
vn -0.7131079 0.4509069 -0.5368055
vn -0.5133098 0.7959844 -0.3208144
vn -0.4801175 0.8686618 -0.1221226
vn -0.9606518 0.1098554 -0.2551078
vn -0.8797617 0.4471977 -0.161349
vn -0.5568078 0.8137439 -0.1666914
vn -0.4263783 0.8900918 -0.1610531
vn -0.9326409 0.3517619 0.08027802
vn -0.6559595 0.754349 -0.02597625
vn -0.5166597 0.8384129 -0.1735697
vn -0.9466109 0.2874838 0.1458804
vn -0.7220091 0.6918026 0.01059426
vn -0.6580134 0.7419392 -0.1286253
vn -0.9536101 0.300977 -0.006366378
vn -0.737099 0.6756107 0.01533603
vn -0.6750463 0.7347028 0.06726271
vn -0.9436889 0.3291471 -0.03336866
vn -0.70591 0.7082345 0.00975568
vn -0.6304266 0.7759644 0.02101138
vn -0.9542441 0.2656142 0.1373584
vn -0.6611058 0.7334942 0.1578784
vn -0.9267596 0.3667094 0.08149216
vn -0.6280172 0.7514421 0.2023094
vn -0.7617 0.4836137 0.431197
vn -0.6106689 0.6843882 0.398367
vn -0.6900333 0.6848398 0.2341977
vn -0.7495296 0.5164392 0.4141206
vn -0.741719 0.6455923 0.1818337
vn -0.8003033 0.3525473 0.485
vn -0.7382173 0.6605009 0.1370176
vn -0.8064914 0.5332369 0.2554017
vn -0.7495296 0.5164392 0.4141206
vn -0.5916842 0.7731023 0.2285227
vn -0.7276099 0.5880505 0.3532426
vn -0.5177149 0.8190542 0.2472274
vn -0.5830703 0.7114578 0.3922459
vn -0.8390378 0.4545558 -0.2989895
vn -0.4953829 0.6657703 -0.5579835
vn -0.9455097 0.2705741 -0.1811106
vn -0.8797617 0.4471977 -0.161349
vn -0.9606518 0.1098554 -0.2551078
vn -0.7131079 0.4509069 -0.5368055
vn -0.9909243 0.02985242 0.1310649
vn -0.9326409 0.3517619 0.08027802
vn -0.9791375 0.02385129 0.2017938
vn -0.9466109 0.2874838 0.1458804
vn -0.9993006 -0.03511564 0.012856
vn -0.9536101 0.300977 -0.006366378
vn -0.9990475 -0.02228701 -0.03751479
vn -0.9436889 0.3291471 -0.03336866
vn -0.9928559 -0.1048586 0.05693607
vn -0.9542441 0.2656142 0.1373584
vn -0.9542441 0.2656142 0.1373584
vn -0.7991245 -0.3551037 0.4850788
vn -0.9928559 -0.1048586 0.05693607
vn -0.7993282 0.307507 0.5162498
vn -0.9712861 0.1654894 0.1709285
vn -0.7870271 -0.3493825 0.5084489
vn -0.7164078 -0.3173234 0.6213419
vn -0.7991245 -0.3551037 0.4850788
vn -0.5682537 -0.5329748 0.6269175
vn -0.8064914 0.5332369 0.2554017
vn -0.7993677 -0.1811048 0.5728983
vn -0.8109867 0.1119821 0.5742478
vn -0.7683059 -0.1419813 0.6241373
vn -0.7993677 -0.1811048 0.5728983
vn -0.5682537 -0.5329748 0.6269175
vn -0.741422 -0.2789563 0.6103088
vn -0.3040375 -0.728432 0.6139609
vn -0.5682537 -0.5329748 0.6269175
vn -0.8064914 0.5332369 0.2554017
vn -0.7583097 0.4884362 0.4317366
vn -0.8581533 -0.02421973 0.5128219
vn -0.7583097 0.4884362 0.4317366
vn -0.7936565 -0.0945661 0.6009714
vn -0.7993677 -0.1811048 0.5728983
vn -0.8118681 0.1713578 0.5581278
vn -0.6721862 0.3930097 0.6274625
vn -0.7936565 -0.0945661 0.6009714
vn -0.5830703 0.7114578 0.3922459
vn -0.6721862 0.3930097 0.6274625
vn -0.7583097 0.4884362 0.4317366
vn -0.6109853 0.686905 0.3935207
vn -0.6300405 0.6928542 0.3507165
vn 0.321602 0.7033913 0.6338872
vn 0.2199848 0.8808686 0.4191385
vn 0.1398728 0.8042107 0.5776511
vn 0.1264274 0.9579457 0.2575969
vn 0.2597121 0.6622659 0.7028182
vn 0.2959941 0.6858243 0.6648553
vn 0.2135595 0.6575623 0.7224986
vn 0.2072382 0.6456913 0.7349389
vn 0.0492507 0.8201427 0.5700354
vn -0.1032453 0.7020656 0.704588
vn 0.02750437 0.6520103 0.7577111
vn -0.227542 0.7419912 0.6306138
vn -0.1643819 0.8132983 0.5581437
vn -0.09136461 0.9690016 0.2295398
vn -0.1032453 0.7020656 0.704588
vn -0.06216118 0.9839361 0.1673492
vn -0.2120629 0.838501 0.5019416
vn -0.1933946 0.9649173 0.1775759
vn -0.2392551 0.8448175 0.4785817
vn -0.1923946 0.8494384 0.4913643
vn -0.09582602 0.9029431 0.4189403
vn -0.1023058 0.9512481 0.2909648
vn 0.0349831 0.9435618 0.3293436
vn 0.07960384 0.991774 0.1002375
vn 0.05248211 0.9912915 0.1207758
vn -0.09582602 0.9029431 0.4189403
vn 0.04503969 0.9988525 -0.01628439
vn -0.08469278 0.960375 -0.2655313
vn -0.2150045 0.9167069 -0.3367811
vn -0.3585021 0.8511716 -0.3833838
vn 0.4612757 -0.5800592 0.6713837
vn 0.8398073 -0.07993669 0.5369671
vn 0.6076869 -0.3912525 0.6911137
vn 0.8398073 -0.07993669 0.5369671
vn 0.7946848 0.2227579 0.5646725
vn 0.6076869 -0.3912525 0.6911137
vn 0.8092418 0.5442252 0.2212386
vn 0.6076869 -0.3912525 0.6911137
vn 0.7405736 -0.1329101 0.6587
vn 0.7392893 -0.1061146 0.6649745
vn 0.7402964 0.4953243 0.4545493
vn 0.8092418 0.5442252 0.2212386
vn 0.8398073 -0.07993669 0.5369671
vn 0.77132 -0.1234556 0.624359
vn 0.7104616 0.6012416 0.3657224
vn 0.5675659 0.7917695 0.2257653
vn 0.8092418 0.5442252 0.2212386
vn 0.7352973 0.6675269 0.1172418
vn 0.7472105 0.6443255 0.1628531
vn 0.8098475 0.3996477 0.4294519
vn 0.6900525 0.6848494 0.2341128
vn 0.6153901 0.6787951 0.4006648
vn 0.8085423 0.3265146 0.489538
vn 0.7476521 0.4436448 0.4941616
vn 0.6672733 0.7248092 0.1714582
vn 0.9042771 0.4135663 0.1060459
vn 0.7137342 0.7004109 0.002848902
vn 0.929639 0.3635043 -0.06029897
vn 0.7373518 0.6753293 0.01557854
vn 0.9535332 0.3012039 -0.007116257
vn 0.7219629 0.6918508 0.01058082
vn 0.9527805 0.2749639 0.1288573
vn 0.6809556 0.7313834 -0.03711844
vn 0.9277347 0.3713129 0.03788062
vn 0.5958238 0.7812432 -0.1861536
vn 0.8473242 0.49537 -0.1914423
vn 0.9699919 0.2308466 0.07632586
vn 0.976363 0.09129591 0.1959092
vn 0.9182736 0.2911056 -0.2683859
vn 0.7022558 0.5109246 -0.4957752
vn 0.7416948 0.3609268 -0.5653501
vn 0.5150477 0.5317747 -0.6722659
vn 0.4642978 0.3757585 -0.8020182
vn 0.3330033 0.4425809 -0.8326049
vn 0.3276559 0.3252961 -0.8870311
vn 0.489965 0.4173121 -0.7653658
vn 0.5481071 0.4184519 -0.7242075
vn 0.7347629 0.3707281 -0.5680529
vn 0.8093995 0.3595264 -0.4643416
vn 0.9454173 0.2301357 -0.2307021
vn 0.8819309 0.2275891 -0.4127965
vn 0.7483097 0.4940385 -0.4426722
vn 0.9306611 0.309916 -0.1944789
vn 0.3653472 0.6151198 -0.6986766
vn 0.184516 0.7676564 -0.6137244
vn 0.7651455 0.5812041 -0.2770457
vn 0.4824149 0.7100891 -0.5128834
vn 0.2704474 0.6687028 -0.6926001
vn 0.361357 0.6500391 -0.6684836
vn 0.4362092 0.7410164 -0.5105057
vn 0.4640945 0.7217933 -0.5134498
vn 0.4832174 0.8172343 -0.3140528
vn 0.5403443 0.7737643 -0.330631
vn 0.4797824 0.8688388 -0.1221803
vn 0.4259184 0.8903432 -0.1608803
vn 0.5164883 0.8385808 -0.1732683
vn 0.6580238 0.74192 -0.1286831
vn 0.6802987 0.7311119 0.0516635
vn 0.6424574 0.7660161 0.02163465
vn 0.6251305 0.7495501 0.2176843
vn 0.7570116 0.1317924 0.639972
vn 0.7476521 0.4436448 0.4941616
vn 0.8403785 -0.06134376 0.5385172
vn 0.9042771 0.4135663 0.1060459
vn 0.9095023 0.06769217 0.4101504
vn 0.9955071 0.07907242 -0.05208683
vn 0.929639 0.3635043 -0.06029897
vn 0.9954858 -0.02396191 -0.09183582
vn 0.9535332 0.3012039 -0.007116257
vn 0.9993312 -0.03451008 0.01209119
vn 0.9527805 0.2749639 0.1288573
vn 0.976363 0.09129591 0.1959092
vn 0.9277347 0.3713129 0.03788062
vn 0.1832669 -0.8397039 0.5111855
vn -0.2651013 -0.8309994 0.4890412
vn 0.1927286 -0.7809039 0.5941757
vn 0.5914373 -0.6812338 0.4314191
vn 0.9454173 0.2301357 -0.2307021
vn 0.9947435 0.09899347 -0.02618559
vn 0.930154 0.1290269 -0.3437523
vn 0.9941097 0.07826557 -0.07496947
vn 0.8819309 0.2275891 -0.4127965
vn 0.6631144 0.07917948 -0.7443184
vn 0.930154 0.1290269 -0.3437523
vn 0.7175637 -0.6263782 0.304553
vn 0.389037 -0.7617052 0.5181269
vn 0.8186933 -0.4615342 0.341654
vn -0.02597624 -0.8413396 0.5398822
vn -0.4438073 -0.8250127 0.3498417
vn -0.2651013 -0.8309994 0.4890412
vn -0.6024316 0.6512169 0.4615115
vn -0.7308779 0.4905668 0.474512
vn -0.5484122 0.7412491 0.3870319
vn -0.5484122 0.7412491 0.3870319
vn -0.5162615 0.7207505 0.4625936
vn -0.5389284 0.7842335 0.3074639
vn -0.5339844 0.7903716 0.3002888
vn -0.4496942 0.8181222 0.3584009
vn -0.3293823 0.8351695 0.4404534
vn -0.2723681 0.8453349 0.4595916
vn -0.2116737 0.8401708 0.4993068
vn -0.2096537 0.8188584 0.5343371
vn -0.2931057 0.8018334 0.5207227
vn -0.41921 0.7547143 0.5046479
vn -0.5652955 0.7228704 0.3973656
vn -0.6169654 0.7103091 0.3388433
vn -0.7604587 0.5226585 0.3853967
vn -0.6711888 0.7202659 0.1752788
vn -0.6560679 0.7496725 0.08698315
vn -0.819535 0.5678151 0.07712694
vn -0.6387299 0.766508 -0.06700386
vn -0.7289339 0.6640498 -0.1664131
vn -0.5284745 0.8385018 -0.1327759
vn -0.5687202 0.8151914 -0.1096361
vn -0.6612007 0.7446002 -0.09156469
vn -0.4592928 0.8880315 -0.02121552
vn -0.7611959 0.6484544 -0.009360191
vn -0.4705408 0.8805202 0.05723331
vn -0.8343784 0.5511755 0.004280942
vn -0.8007709 0.5932617 0.0825026
vn -0.5297122 0.8469654 0.04532762
vn -0.6839271 0.7224364 -0.101634
vn -0.4386806 0.8724793 -0.2152658
vn -0.3585021 0.8511716 -0.3833838
vn -0.4386806 0.8724793 -0.2152658
vn -0.4853433 0.7318064 -0.4784363
vn -0.08469278 0.960375 -0.2655313
vn 0.4786594 0.8392151 0.258076
vn 0.5583026 0.7433282 0.3684582
vn 0.6399617 0.3958046 0.6586258
vn 0.5583026 0.7433282 0.3684582
vn 0.7402964 0.4953243 0.4545493
vn 0.5982267 0.7367787 0.3150903
vn 0.549705 0.6741132 0.4933517
vn 0.6252328 0.7433484 0.2377335
vn 0.6291482 0.1776826 0.7567042
vn 0.7948205 0.1538017 0.587031
vn 0.77132 -0.1234556 0.624359
vn -0.005296565 0.9965708 -0.08257429
vn -0.0002386689 0.9831813 -0.1826322
vn 0.04160777 0.9803998 -0.1925743
vn -0.0002260384 0.9967889 -0.08007452
vn 0.1267563 0.9745544 -0.1848689
vn 0.2578993 0.9445997 -0.2030254
vn 0.5127212 0.7976321 -0.3176477
vn 0.5313717 0.8428597 -0.08503937
vn 0.4244736 0.8475509 0.3185587
vn 0.4861605 0.7518165 0.4454435
vn 0.7905472 0.6017969 0.1134705
vn 0.2472349 0.9607743 0.1256489
vn 0.1177401 0.9643913 0.2368265
vn 0 0.9662362 0.2576575
vn -0.1063318 0.9643845 0.2421901
vn -1.886907E-05 0.9625621 -0.2710611
vn 0.8529741 0.5189852 -0.05558179
vn 0.8654746 0.4938164 0.08425478
vn 0.6986436 0.6962138 0.1648737
vn 0.8956845 0.4169361 -0.1546398
vn 0.875168 0.4675862 -0.1242744
vn 0.9014566 0.2989234 0.3130826
vn 0.9399936 0.3411692 0.003953124
vn 0.6530114 0.5240082 0.5468011
vn 0.1063295 0.9643846 0.2421908
vn -0.2472239 0.9607773 0.1256479
vn -0.04183317 0.9804243 -0.1924015
vn 0.005277069 0.9965689 -0.0825981
vn -2.880434E-05 0.9999331 -0.0115683
vn 0.03446081 0.9992611 -0.01701846
vn 0.1283924 0.9912528 0.03054973
vn 0.5876992 0.8088624 0.01873993
vn 0.4359714 0.8894426 -0.137189
vn -0.1267546 0.9745548 -0.1848679
vn -0.2579012 0.9445994 -0.2030244
vn -0.5127221 0.7976304 -0.3176506
vn -0.5313753 0.8428577 -0.08503659
vn -0.4244772 0.8475496 0.3185572
vn -0.4844896 0.7462178 0.4565401
vn -0.7905504 0.6017922 0.1134737
vn -0.1177424 0.9643906 0.2368281
vn -0.8529761 0.5189826 -0.05557798
vn -0.8654764 0.4938131 0.08425709
vn -0.6986523 0.6962046 0.1648757
vn -0.8956847 0.416932 -0.1546497
vn -0.8751687 0.4675811 -0.1242886
vn -0.9014596 0.2989178 0.3130794
vn -0.9399936 0.3411692 0.003953129
vn -0.5876969 0.8088642 0.01873809
vn -0.6530102 0.5240076 0.5468033
vn -0.4359671 0.8894439 -0.1371943
vn -0.1283915 0.991253 0.03054951
vn -0.03452434 0.9992587 -0.01702855
vn -0.4887669 0.2476729 0.8365197
vn -0.5868074 0.2515247 0.7696703
vn -0.4724495 0.1982906 0.858762
vn -0.5251993 0.1810581 0.8314949
vn -0.4077015 0.1953839 0.8919667
vn -0.2480011 0.2034276 0.9471604
vn 0.00402705 0.2022832 0.9793188
vn 0.005366594 0.1995257 0.9798779
vn 0.2532647 0.2026544 0.9459324
vn 0.4092906 0.1953109 0.8912546
vn 0.5251985 0.1810593 0.8314951
vn 0.4724512 0.1982915 0.858761
vn 0.5868094 0.2515284 0.7696677
vn 0.4887665 0.2476764 0.8365189
vn 0.4244736 0.8475509 0.3185587
vn 0.3791605 0.6182925 0.6884416
vn 0.4639249 0.6834045 0.563677
vn 0.4639249 0.6834045 0.563677
vn 0.3305411 0.8565329 0.3963506
vn 0.3859829 0.8678187 0.3129026
vn 0.3658202 0.8420404 0.3964132
vn 0.3833055 0.8006692 0.4604408
vn 0.2284111 0.9729206 0.03541064
vn 0.3956862 0.9087802 0.1324804
vn 0.3886097 0.8667902 0.3125014
vn -0.1479035 0.9836068 0.1031617
vn 0.07021572 0.858663 -0.5077084
vn 0.2542326 0.8633478 -0.4358858
vn 0.2862334 0.9176856 0.2755424
vn 0.326012 0.9432518 0.06318423
vn 0.1211235 0.9901023 -0.07089769
vn 0.4625157 0.8731434 0.1539473
vn 0.647567 0.7602786 0.05131725
vn 0.8097821 0.5862903 -0.022726
vn 0.8622298 0.5063176 0.01422425
vn 0.5284402 0.8481315 -0.03773538
vn 0.6732987 0.7393665 0.002451848
vn 0.8062091 0.585888 0.08223265
vn 0.6908614 0.6241145 -0.3649541
vn 0.962745 0.2390809 0.1263429
vn 0.9602604 0.2747181 -0.04929393
vn 0.8387482 0.4374207 -0.3242911
vn 0.7245575 0.17777 -0.6658936
vn 0.9709263 0.2351701 -0.04468898
vn 0.8279973 0.5593354 0.03955364
vn 0.4710504 0.8634233 -0.1805871
vn 0.6910981 0.5617046 -0.4548311
vn 0.8726881 0.2403194 -0.4250435
vn 0.6980394 0.4800995 -0.531268
vn 0.6938947 0.3881771 -0.6064888
vn 0.8517776 0.1553752 -0.5003333
vn 0.8747403 0.3269894 -0.3576413
vn 0.957943 0.2077035 -0.1980013
vn 0.9525434 0.2703989 -0.1398054
vn 0.7034863 0.7055683 -0.08532552
vn 0.8085212 0.4705124 -0.3534286
vn 0.785562 0.6162227 -0.05623019
vn 0.9402977 0.3328857 0.07090481
vn 0.665797 0.7366927 0.1183141
vn 0.823725 0.5667049 0.01796499
vn 0.4453802 0.8841227 0.1412919
vn 0.3064337 0.8343809 0.4581561
vn 0.3893228 0.920337 0.0375192
vn 0.7034863 0.7055683 -0.08532552
vn 0.07563533 0.8806786 -0.4676372
vn 0.4864931 0.8619251 -0.1428626
vn 0.8353558 0.477667 -0.2720571
vn 0.5716964 0.7621406 -0.3038173
vn 0.7825375 0.502536 -0.3675494
vn 0.9083914 0.4171833 -0.02798393
vn 0.8467884 0.4721057 -0.2450828
vn 0.3011822 0.9090904 0.2878262
vn 0.1741796 0.5827665 0.7937534
vn 0.3559837 0.8246569 0.4395641
vn 0.5188968 0.461515 0.7195485
vn 0.1628166 0.3258559 0.9312941
vn 0.5663318 0.1620541 0.8080883
vn 0.481779 0.8545897 0.193818
vn 0.1508195 0.9857439 -0.07458173
vn 0.1926044 0.9665275 0.1694936
vn 0.2802811 0.9552158 -0.09489494
vn 0 0.982313 -0.1872464
vn 0 0.9904517 -0.1378598
vn -0.07336561 0.9847904 0.157497
vn -0.1508181 0.9857442 -0.07458096
vn 0.07336896 0.98479 0.1574978
vn -0.2802797 0.9552163 -0.09489417
vn -0.3036949 0.9077756 0.2893317
vn -0.3559826 0.8246592 0.4395608
vn -0.1926016 0.9665282 0.1694926
vn -0.1805705 0.5846791 0.7909137
vn -0.5188961 0.4615184 0.7195469
vn -0.1628177 0.3258557 0.931294
vn -0.5663318 0.1620541 0.8080883
vn -0.4817751 0.8545925 0.1938156
vn -0.443864 0.8843861 0.1443818
vn -0.4864937 0.8619242 -0.1428656
vn -0.8237243 0.5667057 0.01797261
vn -0.6643642 0.7377025 0.1200638
vn -0.3106575 0.8334634 0.4569798
vn -0.3889404 0.9205098 0.03724383
vn -0.7034836 0.7055708 -0.08532705
vn -0.07563847 0.8806795 -0.467635
vn -0.8353519 0.4776731 -0.272058
vn -0.5716947 0.7621425 -0.3038157
vn -0.7825319 0.5025474 -0.3675458
vn 0.02382692 0.7754301 0.6309837
vn -0.9402948 0.3328921 0.07091232
vn -0.7855589 0.6162266 -0.0562322
vn -0.9525396 0.2704127 -0.1398054
vn -0.8467798 0.4721223 -0.2450803
vn -0.9083882 0.4171907 -0.02797644
vn 0.03957182 0.5046869 0.862395
vn -0.9579418 0.2077028 -0.1980081
vn -0.8747362 0.3269952 -0.357646
vn -0.8517693 0.1553798 -0.5003461
vn -0.6938905 0.3881802 -0.6064917
vn -0.7245542 0.1777713 -0.6658968
vn -0.6980357 0.4801019 -0.5312704
vn -0.8726954 0.2403287 -0.4250232
vn -0.8387505 0.4374373 -0.3242624
vn -0.9602583 0.2747312 -0.04926323
vn -0.8062005 0.5858964 0.08225732
vn -0.962743 0.2390868 0.1263466
vn -0.8658665 0.5002341 0.006395372
vn -0.6732987 0.7393665 0.002451852
vn -0.6908562 0.6241226 -0.3649501
vn -0.645361 0.7623518 0.0482595
vn -0.8104025 0.5858405 -0.006211676
vn -0.4565743 0.872527 0.1738866
vn -0.3956522 0.9085193 0.1343579
vn -0.5284395 0.848132 -0.03773363
vn -0.9753519 0.2184983 -0.03077417
vn -0.8190625 0.5639144 0.1055327
vn -0.2288928 0.9727424 0.03714953
vn -0.3642782 0.835483 0.4114238
vn -0.3834824 0.8672711 0.3174618
vn -0.461669 0.677215 0.5729237
vn -0.3305403 0.8565345 0.3963479
vn -0.3762745 0.7957866 0.4744904
vn -0.3819715 0.8634224 0.3295443
vn 0.147907 0.9836057 0.1031657
vn -0.07021522 0.8586633 -0.5077078
vn -0.2542326 0.8633478 -0.4358858
vn -0.2862334 0.9176867 0.2755388
vn -0.1211233 0.9901024 -0.0708975
vn -0.3260107 0.9432526 0.06317984
vn -0.05373134 0.1770919 0.9827266
vn 0.374499 0.5757509 0.7268159
vn 0.04071216 0.4543687 0.8898829
vn -0.07405549 0.1378969 0.9876742
vn -0.02465025 0.009109494 0.9996547
vn 0.4244736 0.8475509 0.3185587
vn -0.1172871 0.926949 0.3563839
vn 0.2884643 0.7770312 0.5594736
vn 0.3956862 0.9087802 0.1324804
vn 0.1577069 0.9852231 -0.0668138
vn 0.5414253 0.8308969 0.128332
vn -0.08261421 0.9959431 0.03566797
vn 0 0.9966847 0.08136018
vn 0.2542326 0.8633478 -0.4358858
vn 0.501453 0.8299966 -0.2442348
vn 0.118938 0.9511446 0.2849173
vn 0.2245809 0.9603662 0.1651067
vn 0.2851133 0.9410506 0.1820279
vn 0.2127058 0.9502653 0.2274907
vn 0.413651 0.9011036 0.1300194
vn 0.2371064 0.9044638 0.3545783
vn 0.3085164 0.9261488 0.2169472
vn 0.2749783 0.9334719 0.2302543
vn -0.01847403 0.9928825 0.1176566
vn -0.008151471 0.9263511 -0.3765729
vn 0.001163897 0.9893788 -0.1453556
vn 0.008632524 0.9264296 -0.3763691
vn 0.01847463 0.992882 0.1176604
vn -0.2139864 0.9461192 -0.2430395
vn -0.2839858 0.9409209 0.1844454
vn -0.1757226 0.9702847 0.1663406
vn 0.001332415 0.9988555 0.04781313
vn 0 0.9406284 0.3394379
vn 0.2851133 0.9410506 0.1820279
vn 0.2143644 0.9460846 -0.2428412
vn -0.3849543 0.9033757 0.1890038
vn -0.2371071 0.9044634 0.3545789
vn -0.4129901 0.9014378 0.1298037
vn -0.2245769 0.9603679 0.165102
vn -0.2127068 0.9502655 0.2274894
vn -0.2839858 0.9409209 0.1844454
vn 0 0.9966847 0.08136018
vn -0.1189345 0.9511463 0.284913
vn -0.2749738 0.9334745 0.2302495
vn -0.3085117 0.9261516 0.2169419
vn -0.2542326 0.8633478 -0.4358858
vn 0.0826167 0.9959429 0.03566966
vn -0.5014502 0.8299998 -0.2442296
vn 0.2542326 0.8633478 -0.4358858
vn 0.6533769 0.705588 -0.2743066
vn 0.5135655 0.4214541 -0.7474136
vn 0.8283295 0.5331506 -0.1721068
vn 0.02553248 0.4518584 -0.8917243
vn 0.1171175 0.2931368 -0.9488701
vn 0.5504304 0.2261443 -0.8036698
vn 0.07429503 0.767123 -0.6371834
vn -0.3271812 0.5014895 -0.8009124
vn 0.0008771677 0.6641868 -0.7475662
vn -0.3306092 0.8114975 -0.4818395
vn -0.4193908 0.3127328 -0.8522379
vn 0.4022447 0.9042594 0.143227
vn 0.8759044 0.4810376 -0.03733975
vn 0.8918474 0.274931 -0.3591951
vn 0.9328315 0.2443627 0.2647874
vn 0.3093041 0.9416035 0.1330931
vn 0.8458558 0.5263785 0.08633379
vn 0.7843843 0.2667942 0.5599662
vn 0.8433257 0.4898899 0.2209289
vn 0.5188968 0.461515 0.7195485
vn -0.03603444 0.9906001 -0.1319578
vn -0.002238308 0.9951609 -0.09823404
vn -0.0118057 0.9942136 -0.1067702
vn 0.0004245914 0.9953548 -0.09627363
vn 0.01563876 0.9730583 0.2300284
vn -0.005585029 0.9945955 -0.1036757
vn -0.02805016 0.9916181 -0.1261222
vn 0.5135655 0.4214541 -0.7474136
vn 0.8404675 0.4553561 -0.2937095
vn 0.7350914 0.2992602 -0.6083452
vn -0.7134213 0.4052508 -0.5716658
vn -0.7784242 0.4392098 -0.4484981
vn -0.3271812 0.5014895 -0.8009124
vn -0.9206668 0.3498443 -0.1731524
vn -0.9055089 0.4242074 0.01008179
vn -0.7784242 0.4392098 -0.4484981
vn -0.8888509 0.4556056 0.0486571
vn -0.8940863 0.4416019 0.07481571
vn 0.07563533 0.8806786 -0.4676372
vn 0.4969134 0.8580936 -0.1294313
vn 0.4232452 0.7329308 -0.5326124
vn 0.2045787 0.8012816 -0.5622236
vn 0.1639181 0.7228945 -0.6712334
vn 0.07563533 0.8806786 -0.4676372
vn 0.3457737 0.8149965 -0.4649959
vn 0.7272776 0.5259567 -0.4409499
vn 0.6910981 0.5617046 -0.4548311
vn 0.8062091 0.585888 0.08223265
vn 0.6756036 0.6926384 -0.2526099
vn 0.8562759 0.5000162 -0.1295198
vn 0.120719 0.6260327 0.7703961
vn -0.07405549 0.1378969 0.9876742
vn -0.05373134 0.1770919 0.9827266
vn -0.07405549 0.1378969 0.9876742
vn 0.0887644 -0.09821443 0.9911987
vn -0.02465025 0.009109494 0.9996547
vn -0.461669 0.677215 0.5729237
vn -0.3791604 0.6182963 0.6884383
vn -0.4244772 0.8475496 0.3185572
vn -0.04189632 0.4403687 0.8968389
vn -0.370412 0.5658326 0.7366331
vn 0.05373193 0.1770923 0.9827265
vn -0.2884636 0.7770338 0.5594706
vn 0.1172848 0.9269494 0.3563831
vn -0.4244772 0.8475496 0.3185572
vn -0.5414244 0.8308972 0.1283341
vn -0.157706 0.9852233 -0.06681236
vn -0.3956522 0.9085193 0.1343579
vn -0.5135678 0.4214578 -0.7474098
vn -0.653374 0.705593 -0.2743008
vn -0.2542326 0.8633478 -0.4358858
vn -0.8283293 0.5331542 -0.1720966
vn -0.02553242 0.4518583 -0.8917243
vn -0.1171162 0.2931374 -0.9488701
vn -0.5504352 0.2261433 -0.8036668
vn -0.07429434 0.7671232 -0.6371832
vn 0.327185 0.5014868 -0.8009126
vn -0.0008771832 0.6641868 -0.7475662
vn 0.330615 0.8114923 -0.4818444
vn 0.4193971 0.3127257 -0.8522375
vn -0.8759032 0.4810404 -0.03733084
vn -0.4022414 0.9042613 0.143225
vn -0.9328298 0.2443589 0.2647966
vn -0.891855 0.2749266 -0.3591795
vn -0.3093013 0.9416047 0.1330913
vn -0.8458526 0.5263824 0.08634135
vn -0.5188961 0.4615184 0.7195469
vn -0.8433235 0.489892 0.2209329
vn -0.7843821 0.2667908 0.5599709
vn 0.01180589 0.9942136 -0.1067705
vn 0.002233872 0.9951609 -0.09823395
vn 0.03603463 0.9906 -0.1319585
vn -0.0004283974 0.9953544 -0.09627805
vn -0.02408733 0.9743911 0.2235659
vn 0.02805224 0.9916162 -0.1261364
vn 0.005579236 0.9945949 -0.1036823
vn -0.735099 0.2992585 -0.608337
vn -0.8404699 0.4553601 -0.2936965
vn -0.5135678 0.4214578 -0.7474098
vn 0.327185 0.5014868 -0.8009126
vn 0.7784328 0.4391894 -0.448503
vn 0.7134266 0.405238 -0.5716683
vn 0.7784328 0.4391894 -0.448503
vn 0.9048888 0.4255836 0.007415443
vn 0.9206728 0.3498269 -0.1731551
vn 0.8879799 0.4577068 0.04467743
vn 0.8925751 0.4459133 0.06686607
vn -0.423242 0.7329336 -0.5326111
vn -0.4969147 0.8580933 -0.129428
vn -0.07563847 0.8806795 -0.467635
vn -0.1639182 0.7228945 -0.6712334
vn -0.2045787 0.8012816 -0.5622236
vn -0.7272733 0.5259603 -0.4409527
vn -0.3457731 0.814997 -0.4649954
vn -0.6910936 0.5617126 -0.454828
vn -0.6910936 0.5617126 -0.454828
vn -0.4710499 0.8634239 -0.1805857
vn -0.8562725 0.5000336 -0.1294748
vn -0.6755979 0.692647 -0.2526019
vn -0.8062005 0.5858964 0.08225732
vn -0.9753519 0.2184983 -0.03077417
vn -0.8658665 0.5002341 0.006395372
vn -0.8104025 0.5858405 -0.006211676
vn 0.05373193 0.1770923 0.9827265
vn 0.07405669 0.1378968 0.9876741
vn -0.1212148 0.6153736 0.7788596
vn 0.02465118 0.009110384 0.9996547
vn 0.07405669 0.1378968 0.9876741
vn 0.05373193 0.1770923 0.9827265
vn 0.02465118 0.009110384 0.9996547
vn -0.0887644 -0.09821443 0.9911987
vn 0.07405669 0.1378968 0.9876741
vn 0.6910981 0.5617046 -0.4548311
vn 0.8747403 0.3269894 -0.3576413
vn 0.8517776 0.1553752 -0.5003333
vn -0.05089661 0.4950019 0.8674
vn -0.03267029 0.769937 0.637283
vn -0.8517693 0.1553798 -0.5003461
vn -0.8747362 0.3269952 -0.357646
vn -0.6910936 0.5617126 -0.454828
vn -0.8085169 0.470517 -0.3534323
vn -0.7034836 0.7055708 -0.08532705
vn 0 1 0
vn 0 1 0
vn 0 1 0
vn 0 1 0
vn 0 1 0
vn 0 1 0
vn 0 1 0
vn 0 1 0
vn 0 1 0
vn 0 1 0
vn 0 1 0
vn 0 1 0
vn 0 1 0
vn 0 1 0
vn 0 1 0
vn 0 1 0
vn 0 1 0
vn 0 1 0
vn 0 1 0
vn 0 1 0
vn 0 1 0
vn 0 1 0
vn 0 1 0
vn 0 1 0
vn 0 1 0
vn 0 1 0
vn 0 1 0
vn 0 1 0
vn -0.9309739 0 0.3650854
vn -0.9854752 0.09322675 -0.1419416
vn -0.8920584 0.4204777 0.165621
vn -0.789777 0.430466 -0.4369799
vn -0.6761891 0.4191316 0.6058854
vn -0.6141877 0 0.7891601
vn -0.2913383 0.4176815 0.8606185
vn -0.1596787 0 0.987169
vn 0.2113655 0.4286327 0.8784068
vn -0.1596787 0 0.987169
vn -0.2913383 0.4176815 0.8606185
vn 0.3433126 0.2325309 0.9099812
vn 0.6858889 0.4147368 0.5979546
vn 0.5477819 0.0928987 0.8314474
vn 0.2113655 0.4286327 0.8784068
vn 0.8358936 1.740556E-05 0.5488915
vn 0.8690332 0.4162858 0.2673714
vn 0.9893638 0 0.1454621
vn 0.8775994 0.4288924 -0.214174
vn 0.9085307 0.2327115 -0.3470122
vn 0.6821999 0.4085235 -0.6063924
vn 0.8283788 0.09293563 -0.5524052
vn 0.7474158 0 -0.6643566
vn 0.7486404 0.4385986 0.4971606
vn 0.6459439 0 0.7633849
vn 0.5895858 0.4085224 0.6967769
vn 0.8816892 0.2397562 0.4063756
vn 0.8874832 0.422693 -0.1835865
vn 0.9829704 0.09470539 0.1574807
vn 0.7486404 0.4385986 0.4971606
vn 0.9164372 0 -0.4001784
vn 0.7476516 0.4085081 -0.5235821
vn 0.8191159 0 -0.5736281
vn 0.9224558 0.2299494 0.3101587
vn 0.7954262 0 0.6060504
vn 0.8201721 0.425043 0.382957
vn 0.7260311 0.4085053 0.5531747
vn 0.896594 0.4175702 -0.1474935
vn 0.9881214 0.09222946 0.1229223
vn 0.9466694 0 -0.3222064
vn 0.7282118 0.4167019 -0.5441204
vn 0.6978421 0 -0.7162517
vn 0.3674358 0.4231111 -0.8282319
vn 0.2053579 0 -0.978687
vn -0.1922233 0.4258671 -0.8841308
vn -0.3147301 0.2305238 -0.9207627
vn -0.6901502 0.4231505 -0.5870574
vn -0.5075329 0.09238071 -0.8566658
vn -0.1922233 0.4258671 -0.8841308
vn -0.8805875 0 -0.4738835
vn -0.8940929 0.4117524 -0.1762323
vn -0.9953141 0 -0.09669424
vn -0.896027 0.4181238 0.1493589
vn -0.9443826 0 0.3288486
vn -0.8789168 0.4583681 0.1319234
vn -0.9655808 0.2546402 -0.05302746
vn -0.8335127 0.4240626 -0.3541573
vn -0.9122474 0.09824286 -0.3976846
vn -0.9831573 0 -0.182761
vn -0.890518 0.4189742 0.1773088
vn -0.9308578 0 0.3653817
vn -0.7799596 0.4085334 0.4740924
vn -0.8545223 0 0.5194147
vn 0.4189776 0.4084886 -0.8109223
vn 0.4590211 0 -0.8884254
vn 0.4189779 0.4084912 -0.8109208
vn 0.4590201 0 -0.8884259
vn -0.9127297 0.4085325 -0.005079666
vn -0.9999845 0 -0.005564869
vn -0.9127246 0.4085438 -0.00507994
vn -0.9999845 0 -0.005565233
vn -0.8756342 0.4313078 0.217344
vn -0.9040741 0.2344394 0.3573348
vn -0.6626192 0.4085058 0.6277412
vn -0.8144013 0.0933755 0.5727404
vn -0.7259527 0 0.6877447
vn -0.789777 0.430466 -0.4369799
vn -0.7317812 0 -0.6815397
vn -0.667932 0.4085279 -0.6220705
vn -0.9047344 0.2338343 -0.3560578
vn 0.0002317058 0.9963231 -0.08567571
vn 0 1 0
vn 0.0007770201 0.9578369 -0.2873115
vn 0 1 0
vn 0 1 0
vn 0 1 0
vn 0 1 0
vn 0 1 0
vn 0 1 0
vn 0 1 0
vn 0 1 0
vn 0 1 0
vn 0 1 0
vn 0 1 0
vn 0 1 0
vn 0.001842287 0.7320903 -0.6812052
vn 0.002411516 0.4526767 -0.8916715
vn 0.002671676 0.1552982 -0.9878641
vn 0.00267172 0.1552997 -0.9878638
vn 0 -1 0
vn 0 -1 0
vn 0 -1 0
vn 0 -1 0
vn 0 -1 0
vn 0 -1 0
vn 0 -1 0
vn 0 -1 0
vn 0 -1 0
vn 0 -1 0
vn 0 -1 0
vn 0 -1 0
vn 0 -1 0
vn 0 -1 0
vn 0 -1 0
vn 0 -1 0
vn 0 -1 0
vn 0 -1 0
vn 0 -1 0
vn 0 -1 0
vn 0 -1 0
vn 0 -1 0
vn 0 -1 0
vn 0 -1 0
vn 0 -1 0
vn 0 -1 0
vn 0 -1 0
vn 0 -1 0
vn 0 -1 0
vn 0 -1 0
vn -0.7897841 -0.4304489 -0.4369837
vn -0.9854768 -0.09320787 -0.1419428
vn -0.8920661 -0.4204608 0.1656224
vn -0.9309739 0 0.3650854
vn -0.8920661 -0.4204608 0.1656224
vn -0.9309739 0 0.3650854
vn -0.6761948 -0.4191148 0.6058906
vn -0.6141877 0 0.7891601
vn -0.2913408 -0.4176647 0.8606259
vn -0.1596787 0 0.987169
vn -0.2913408 -0.4176647 0.8606259
vn -0.1596787 0 0.987169
vn 0.2113641 -0.4286155 0.8784156
vn 0.3433147 -0.2325042 0.9099873
vn 0.2113641 -0.4286155 0.8784156
vn 0.5477828 -0.09286815 0.8314502
vn 0.6858982 -0.4147061 0.5979653
vn 0.8358936 1.740556E-05 0.5488915
vn 0.8690433 -0.4162635 0.2673732
vn 0.9893638 0 0.1454621
vn 0.8776073 -0.4288754 -0.214176
vn 0.9085343 -0.2326927 -0.3470151
vn 0.8283808 -0.09291684 -0.5524054
vn 0.6822055 -0.408507 -0.6063974
vn 0.7474158 0 -0.6643566
vn 0.5895906 -0.4085058 0.6967826
vn 0.6459439 0 0.7633849
vn 0.7486475 -0.4385815 0.4971654
vn 0.8816942 -0.2397369 0.4063759
vn 0.7486475 -0.4385815 0.4971654
vn 0.982972 -0.09468623 0.1574821
vn 0.887491 -0.4226761 -0.1835882
vn 0.9164372 0 -0.4001784
vn 0.7476577 -0.4084915 -0.5235864
vn 0.8191159 0 -0.5736281
vn 0.726037 -0.4084886 0.5531792
vn 0.7954262 0 0.6060504
vn 0.8201793 -0.4250261 0.3829604
vn 0.9224604 -0.2299308 0.3101588
vn 0.988123 -0.09221077 0.1229233
vn 0.8966016 -0.4175533 -0.1474947
vn 0.9466694 0 -0.3222064
vn 0.728218 -0.4166851 -0.544125
vn 0.6978421 0 -0.7162517
vn 0.367439 -0.4230941 -0.828239
vn 0.2053579 0 -0.978687
vn -0.1922251 -0.4258501 -0.8841387
vn -0.3147328 -0.2305052 -0.9207664
vn -0.1922251 -0.4258501 -0.8841387
vn -0.507533 -0.09236198 -0.8566676
vn -0.6901562 -0.4231336 -0.5870624
vn -0.8805875 0 -0.4738835
vn -0.8941003 -0.4117358 -0.1762338
vn -0.9953141 0 -0.09669424
vn -0.8960347 -0.418107 0.1493602
vn -0.8960347 -0.418107 0.1493602
vn -0.9953141 0 -0.09669424
vn -0.9443826 0 0.3288486
vn -0.8960347 -0.418107 0.1493602
vn -0.9443826 0 0.3288486
vn -0.8789259 -0.4583504 0.1319247
vn -0.9655861 -0.2546199 -0.05303022
vn -0.9122497 -0.09822299 -0.3976841
vn -0.83352 -0.4240457 -0.3541604
vn -0.9831573 0 -0.182761
vn -0.8905255 -0.4189574 0.1773104
vn -0.9308578 0 0.3653817
vn -0.8905255 -0.4189574 0.1773104
vn -0.9308578 0 0.3653817
vn -0.7799659 -0.4085168 0.4740962
vn -0.8545223 0 0.5194147
vn 0.4189813 -0.4084747 -0.8109273
vn 0.4590211 0 -0.8884254
vn 0.418981 -0.408472 -0.8109288
vn 0.4590201 0 -0.8884259
vn -0.9127321 -0.4085272 -0.005079981
vn -0.9999845 0 -0.005564869
vn -0.9127371 -0.4085159 -0.005079709
vn -0.9999845 0 -0.005565233
vn -0.8756421 -0.4312907 0.2173459
vn -0.9040778 -0.2344205 0.3573379
vn -0.8756421 -0.4312907 0.2173459
vn -0.8144034 -0.09335653 0.5727405
vn -0.6626245 -0.4084892 0.6277462
vn -0.7259527 0 0.6877447
vn -0.6679374 -0.4085113 -0.6220756
vn -0.7317812 0 -0.6815397
vn -0.7897841 -0.4304489 -0.4369837
vn -0.9047392 -0.2338155 -0.3560579
g Card_InHand_Fatigue_mesh_0
f 3/3/3 2/2/2 1/1/1
f 4/4/4 2/2/2 3/3/3
f 5/5/5 2/2/2 4/4/4
f 3/3/3 1/1/1 6/6/6
f 6/6/6 1/1/1 7/7/7
f 6/6/6 7/7/7 8/8/8
f 8/8/8 7/7/7 9/9/9
f 8/8/8 9/9/9 10/10/10
f 10/10/10 9/9/9 11/11/11
f 10/10/10 11/11/11 12/12/12
f 12/12/12 11/11/11 13/13/13
f 12/12/12 13/13/13 14/14/14
f 14/14/14 13/13/13 15/15/15
f 14/14/14 15/15/15 16/16/16
f 17/17/17 2/2/2 5/5/5
f 17/17/17 5/5/5 18/18/18
f 18/18/18 5/5/5 19/19/19
f 18/18/18 19/19/19 20/20/20
f 20/20/20 19/19/19 21/21/21
f 20/20/20 21/21/21 22/22/22
f 22/22/22 21/21/21 23/23/23
f 22/22/22 23/23/23 24/24/24
f 24/24/24 23/23/23 25/25/25
f 24/24/24 25/25/25 26/26/26
f 26/26/26 25/25/25 27/27/27
f 26/26/26 27/27/27 28/28/28
f 28/28/28 27/27/27 29/29/29
f 28/28/28 29/29/29 30/30/30
f 33/33/33 32/32/32 31/31/31
f 32/32/32 34/34/34 31/31/31
f 31/31/31 34/34/34 35/35/35
f 34/34/34 36/36/36 35/35/35
f 35/35/35 36/36/36 37/37/37
f 36/36/36 38/38/38 37/37/37
f 37/37/37 38/38/38 39/39/39
f 38/38/38 40/40/40 39/39/39
f 39/39/39 40/40/40 41/41/41
f 40/40/40 42/42/42 41/41/41
f 41/41/41 42/42/42 43/43/43
f 42/42/42 44/44/44 43/43/43
f 43/43/43 44/44/44 45/45/45
f 44/44/44 46/46/46 45/45/45
f 45/45/45 46/46/46 47/47/47
f 46/46/46 48/48/48 47/47/47
f 47/47/47 48/48/48 49/49/49
f 52/52/52 51/51/51 50/50/50
f 50/50/50 51/51/51 53/53/53
f 51/51/51 54/54/54 53/53/53
f 53/53/53 54/54/54 55/55/55
f 54/54/54 56/56/56 55/55/55
f 55/55/55 56/56/56 57/57/57
f 56/56/56 58/58/58 57/57/57
f 57/57/57 58/58/58 59/59/59
f 58/58/58 60/60/60 59/59/59
f 59/59/59 60/60/60 61/61/61
f 60/60/60 62/62/62 61/61/61
f 61/61/61 62/62/62 63/63/63
f 62/62/62 64/64/64 63/63/63
f 63/63/63 64/64/64 65/65/65
f 64/64/64 66/66/66 65/65/65
f 65/65/65 66/66/66 67/67/67
f 66/66/66 68/68/68 67/67/67
f 67/67/67 68/68/68 69/69/69
f 68/68/68 70/70/70 69/69/69
f 69/69/69 70/70/70 71/71/71
f 70/70/70 72/72/72 71/71/71
f 71/71/71 72/72/72 73/73/73
f 72/72/72 74/74/74 73/73/73
f 73/73/73 74/74/74 75/75/75
f 74/74/74 76/76/76 75/75/75
f 75/75/75 76/76/76 77/77/77
f 76/76/76 78/78/78 77/77/77
f 77/77/77 78/78/78 79/79/79
f 78/78/78 80/80/80 79/79/79
f 79/79/79 80/80/80 81/81/81
f 84/84/84 83/83/83 82/82/82
f 82/82/82 83/83/83 85/85/85
f 83/83/83 86/86/86 85/85/85
f 85/85/85 86/86/86 87/87/87
f 86/86/86 88/88/88 87/87/87
f 87/87/87 88/88/88 89/89/89
f 88/88/88 90/90/90 89/89/89
f 89/89/89 90/90/90 91/91/91
f 90/90/90 92/92/92 91/91/91
f 91/91/91 92/92/92 93/93/93
f 92/92/92 94/94/94 93/93/93
f 93/93/93 94/94/94 33/33/33
f 94/94/94 32/32/32 33/33/33
f 97/97/97 96/96/96 95/95/95
f 98/98/98 96/96/96 97/97/97
f 97/97/97 95/95/95 99/99/99
f 100/100/100 98/98/98 97/97/97
f 101/101/101 98/98/98 100/100/100
f 102/102/102 97/97/97 99/99/99
f 100/100/100 97/97/97 102/102/102
f 102/102/102 99/99/99 103/103/103
f 104/104/104 101/101/101 100/100/100
f 105/105/105 101/101/101 104/104/104
f 106/106/106 100/100/100 102/102/102
f 104/104/104 100/100/100 106/106/106
f 107/107/107 102/102/102 103/103/103
f 106/106/106 102/102/102 107/107/107
f 108/108/108 105/105/105 104/104/104
f 109/109/109 105/105/105 108/108/108
f 110/110/110 104/104/104 106/106/106
f 108/108/108 104/104/104 110/110/110
f 111/111/111 106/106/106 107/107/107
f 110/110/110 106/106/106 111/111/111
f 112/112/112 109/109/109 108/108/108
f 113/113/113 109/109/109 112/112/112
f 114/114/114 108/108/108 110/110/110
f 112/112/112 108/108/108 114/114/114
f 115/115/115 110/110/110 111/111/111
f 114/114/114 110/110/110 115/115/115
f 116/116/116 113/113/113 112/112/112
f 117/117/117 113/113/113 116/116/116
f 118/118/118 112/112/112 114/114/114
f 116/116/116 112/112/112 118/118/118
f 119/119/119 114/114/114 115/115/115
f 118/118/118 114/114/114 119/119/119
f 120/120/120 117/117/117 116/116/116
f 121/121/121 116/116/116 118/118/118
f 120/120/120 116/116/116 121/121/121
f 122/122/122 118/118/118 119/119/119
f 121/121/121 118/118/118 122/122/122
f 123/123/123 120/120/120 121/121/121
f 124/124/124 120/120/120 123/123/123
f 125/125/125 121/121/121 122/122/122
f 123/123/123 121/121/121 125/125/125
f 126/126/126 124/124/124 123/123/123
f 127/127/127 124/124/124 126/126/126
f 128/128/128 123/123/123 125/125/125
f 126/126/126 123/123/123 128/128/128
f 129/129/129 127/127/127 126/126/126
f 130/130/130 127/127/127 129/129/129
f 131/131/131 126/126/126 128/128/128
f 129/129/129 126/126/126 131/131/131
f 132/132/132 130/130/130 129/129/129
f 133/133/133 130/130/130 132/132/132
f 134/134/134 129/129/129 131/131/131
f 132/132/132 129/129/129 134/134/134
f 135/135/135 133/133/133 132/132/132
f 136/136/136 133/133/133 135/135/135
f 137/137/137 132/132/132 134/134/134
f 135/135/135 132/132/132 137/137/137
f 138/138/138 136/136/136 135/135/135
f 139/139/139 135/135/135 137/137/137
f 138/138/138 135/135/135 139/139/139
f 140/140/140 138/138/138 139/139/139
f 141/141/141 138/138/138 140/140/140
f 141/141/141 142/142/142 138/138/138
f 144/144/144 143/143/143 138/138/138
f 147/147/147 146/146/146 145/145/145
f 149/149/149 99/99/99 148/148/148
f 99/99/99 150/150/150 148/148/148
f 148/148/148 150/150/150 151/151/151
f 150/150/150 152/152/152 151/151/151
f 150/150/150 153/153/153 152/152/152
f 154/154/154 153/153/153 150/150/150
f 155/155/155 154/154/154 150/150/150
f 158/158/158 157/157/157 156/156/156
f 159/159/159 158/158/158 156/156/156
f 160/160/160 158/158/158 159/159/159
f 161/161/161 160/160/160 159/159/159
f 163/163/163 162/162/162 161/161/161
f 164/164/164 163/163/163 161/161/161
f 166/166/166 165/165/165 164/164/164
f 167/167/167 166/166/166 164/164/164
f 169/169/169 168/168/168 167/167/167
f 172/172/172 171/171/171 170/170/170
f 175/175/175 174/174/174 173/173/173
f 178/178/178 177/177/177 176/176/176
f 179/179/179 177/177/177 178/178/178
f 180/180/180 179/179/179 178/178/178
f 183/183/183 182/182/182 181/181/181
f 185/185/185 184/184/184 181/181/181
f 188/188/188 187/187/187 186/186/186
f 189/189/189 188/188/188 186/186/186
f 189/189/189 186/186/186 190/190/190
f 191/191/191 189/189/189 190/190/190
f 191/191/191 190/190/190 192/192/192
f 193/193/193 189/189/189 191/191/191
f 194/194/194 189/189/189 193/193/193
f 194/194/194 195/195/195 189/189/189
f 195/195/195 196/196/196 189/189/189
f 197/197/197 194/194/194 193/193/193
f 191/191/191 197/197/197 193/193/193
f 198/198/198 194/194/194 197/197/197
f 198/198/198 199/199/199 194/194/194
f 199/199/199 200/200/200 194/194/194
f 201/201/201 198/198/198 197/197/197
f 202/202/202 198/198/198 201/201/201
f 202/202/202 203/203/203 198/198/198
f 203/203/203 204/204/204 198/198/198
f 205/205/205 203/203/203 202/202/202
f 201/201/201 197/197/197 206/206/206
f 206/206/206 197/197/197 207/207/207
f 197/197/197 208/208/208 207/207/207
f 197/197/197 191/191/191 208/208/208
f 209/209/209 205/205/205 202/202/202
f 210/210/210 205/205/205 209/209/209
f 211/211/211 202/202/202 201/201/201
f 209/209/209 202/202/202 211/211/211
f 212/212/212 201/201/201 206/206/206
f 211/211/211 201/201/201 212/212/212
f 211/211/211 213/213/213 209/209/209
f 213/213/213 214/214/214 209/209/209
f 209/209/209 214/214/214 215/215/215
f 213/213/213 216/216/216 214/214/214
f 217/217/217 216/216/216 213/213/213
f 217/217/217 218/218/218 216/216/216
f 219/219/219 218/218/218 217/217/217
f 220/220/220 217/217/217 213/213/213
f 220/220/220 213/213/213 211/211/211
f 212/212/212 220/220/220 211/211/211
f 221/221/221 217/217/217 220/220/220
f 221/221/221 219/219/219 217/217/217
f 222/222/222 221/221/221 220/220/220
f 222/222/222 220/220/220 212/212/212
f 223/223/223 221/221/221 222/222/222
f 223/223/223 224/224/224 221/221/221
f 224/224/224 225/225/225 221/221/221
f 225/225/225 226/226/226 221/221/221
f 226/226/226 219/219/219 221/221/221
f 225/225/225 227/227/227 226/226/226
f 226/226/226 227/227/227 219/219/219
f 227/227/227 228/228/228 219/219/219
f 227/227/227 229/229/229 228/228/228
f 230/230/230 227/227/227 225/225/225
f 230/230/230 231/231/231 227/227/227
f 232/232/232 230/230/230 225/225/225
f 233/233/233 223/223/223 222/222/222
f 233/233/233 222/222/222 234/234/234
f 234/234/234 222/222/222 212/212/212
f 234/234/234 212/212/212 235/235/235
f 235/235/235 212/212/212 206/206/206
f 235/235/235 206/206/206 236/236/236
f 236/236/236 206/206/206 207/207/207
f 207/207/207 208/208/208 236/236/236
f 237/237/237 223/223/223 233/233/233
f 237/237/237 224/224/224 223/223/223
f 240/240/240 239/239/239 238/238/238
f 243/243/243 242/242/242 241/241/241
f 246/246/246 245/245/245 244/244/244
f 246/246/246 247/247/247 245/245/245
f 250/250/250 249/249/249 248/248/248
f 252/252/252 251/251/251 249/249/249
f 252/252/252 254/254/254 253/253/253
f 256/256/256 255/255/255 251/251/251
f 258/258/258 257/257/257 256/256/256
f 260/260/260 259/259/259 258/258/258
f 260/260/260 261/261/261 259/259/259
f 263/263/263 262/262/262 260/260/260
f 263/263/263 264/264/264 262/262/262
f 266/266/266 265/265/265 263/263/263
f 266/266/266 267/267/267 265/265/265
f 269/269/269 268/268/268 266/266/266
f 272/272/272 271/271/271 270/270/270
f 275/275/275 274/274/274 273/273/273
f 278/278/278 277/277/277 276/276/276
f 280/280/280 279/279/279 277/277/277
f 283/283/283 282/282/282 281/281/281
f 285/285/285 284/284/284 283/283/283
f 285/285/285 286/286/286 284/284/284
f 287/287/287 285/285/285 283/283/283
f 288/288/288 285/285/285 287/287/287
f 288/288/288 289/289/289 285/285/285
f 289/289/289 290/290/290 285/285/285
f 289/289/289 291/291/291 290/290/290
f 292/292/292 291/291/291 289/289/289
f 292/292/292 293/293/293 291/291/291
f 294/294/294 293/293/293 292/292/292
f 294/294/294 295/295/295 293/293/293
f 296/296/296 295/295/295 294/294/294
f 296/296/296 297/297/297 295/295/295
f 298/298/298 297/297/297 296/296/296
f 298/298/298 299/299/299 297/297/297
f 300/300/300 299/299/299 298/298/298
f 301/301/301 298/298/298 296/296/296
f 302/302/302 298/298/298 301/301/301
f 302/302/302 300/300/300 298/298/298
f 303/303/303 302/302/302 301/301/301
f 304/304/304 296/296/296 294/294/294
f 301/301/301 296/296/296 304/304/304
f 305/305/305 301/301/301 304/304/304
f 303/303/303 301/301/301 305/305/305
f 304/304/304 294/294/294 306/306/306
f 306/306/306 294/294/294 292/292/292
f 307/307/307 304/304/304 306/306/306
f 305/305/305 304/304/304 307/307/307
f 306/306/306 292/292/292 308/308/308
f 308/308/308 292/292/292 289/289/289
f 309/309/309 306/306/306 308/308/308
f 307/307/307 306/306/306 309/309/309
f 308/308/308 289/289/289 288/288/288
f 310/310/310 308/308/308 288/288/288
f 309/309/309 308/308/308 310/310/310
f 310/310/310 288/288/288 311/311/311
f 311/311/311 288/288/288 287/287/287
f 311/311/311 287/287/287 312/312/312
f 312/312/312 287/287/287 313/313/313
f 287/287/287 283/283/283 313/313/313
f 313/313/313 283/283/283 314/314/314
f 313/313/313 314/314/314 315/315/315
f 315/315/315 314/314/314 316/316/316
f 317/317/317 313/313/313 315/315/315
f 312/312/312 313/313/313 317/317/317
f 315/315/315 316/316/316 318/318/318
f 318/318/318 316/316/316 319/319/319
f 320/320/320 315/315/315 318/318/318
f 317/317/317 315/315/315 320/320/320
f 318/318/318 319/319/319 321/321/321
f 321/321/321 319/319/319 322/322/322
f 323/323/323 318/318/318 321/321/321
f 320/320/320 318/318/318 323/323/323
f 321/321/321 322/322/322 324/324/324
f 324/324/324 322/322/322 325/325/325
f 326/326/326 321/321/321 324/324/324
f 323/323/323 321/321/321 326/326/326
f 324/324/324 325/325/325 327/327/327
f 327/327/327 325/325/325 328/328/328
f 329/329/329 324/324/324 327/327/327
f 326/326/326 324/324/324 329/329/329
f 329/329/329 327/327/327 330/330/330
f 330/330/330 327/327/327 331/331/331
f 327/327/327 332/332/332 331/331/331
f 335/335/335 334/334/334 333/333/333
f 335/335/335 336/336/336 334/334/334
f 337/337/337 336/336/336 335/335/335
f 338/338/338 337/337/337 335/335/335
f 338/338/338 335/335/335 339/339/339
f 339/339/339 335/335/335 340/340/340
f 341/341/341 339/339/339 340/340/340
f 344/344/344 343/343/343 342/342/342
f 347/347/347 346/346/346 345/345/345
f 96/96/96 348/348/348 95/95/95
f 351/351/351 350/350/350 349/349/349
f 300/300/300 352/352/352 299/299/299
f 355/355/355 354/354/354 353/353/353
f 353/353/353 354/354/354 356/356/356
f 354/354/354 357/357/357 356/356/356
f 356/356/356 357/357/357 358/358/358
f 357/357/357 359/359/359 358/358/358
f 358/358/358 359/359/359 360/360/360
f 359/359/359 361/361/361 360/360/360
f 360/360/360 361/361/361 362/362/362
f 361/361/361 363/363/363 362/362/362
f 362/362/362 363/363/363 364/364/364
f 363/363/363 365/365/365 364/364/364
f 364/364/364 365/365/365 366/366/366
f 365/365/365 367/367/367 366/366/366
f 366/366/366 367/367/367 368/368/368
f 367/367/367 369/369/369 368/368/368
f 368/368/368 369/369/369 370/370/370
f 369/369/369 371/371/371 370/370/370
f 370/370/370 371/371/371 372/372/372
f 371/371/371 373/373/373 372/372/372
f 372/372/372 375/375/375 374/374/374
f 375/375/375 376/376/376 374/374/374
f 374/374/374 378/378/378 377/377/377
f 378/378/378 379/379/379 377/377/377
f 377/377/377 381/381/381 380/380/380
f 381/381/381 382/382/382 380/380/380
f 380/380/380 382/382/382 383/383/383
f 382/382/382 384/384/384 383/383/383
f 383/383/383 386/386/386 385/385/385
f 386/386/386 196/196/196 385/385/385
f 385/385/385 388/388/388 387/387/387
f 388/388/388 200/200/200 387/387/387
f 387/387/387 390/390/390 389/389/389
f 390/390/390 391/391/391 389/389/389
f 394/394/394 393/393/393 392/392/392
f 392/392/392 396/396/396 395/395/395
f 395/395/395 396/396/396 397/397/397
f 400/400/400 399/399/399 398/398/398
f 399/399/399 401/401/401 398/398/398
f 398/398/398 401/401/401 402/402/402
f 398/398/398 402/402/402 403/403/403
f 401/401/401 404/404/404 402/402/402
f 402/402/402 404/404/404 405/405/405
f 402/402/402 405/405/405 403/403/403
f 403/403/403 405/405/405 406/406/406
f 403/403/403 406/406/406 407/407/407
f 407/407/407 406/406/406 408/408/408
f 404/404/404 409/409/409 405/405/405
f 405/405/405 409/409/409 410/410/410
f 405/405/405 410/410/410 406/406/406
f 406/406/406 410/410/410 411/411/411
f 406/406/406 411/411/411 408/408/408
f 408/408/408 411/411/411 412/412/412
f 409/409/409 413/413/413 410/410/410
f 410/410/410 413/413/413 414/414/414
f 410/410/410 414/414/414 411/411/411
f 411/411/411 414/414/414 415/415/415
f 411/411/411 415/415/415 412/412/412
f 412/412/412 415/415/415 416/416/416
f 413/413/413 417/417/417 414/414/414
f 414/414/414 417/417/417 418/418/418
f 414/414/414 418/418/418 415/415/415
f 415/415/415 418/418/418 419/419/419
f 415/415/415 419/419/419 416/416/416
f 416/416/416 419/419/419 420/420/420
f 417/417/417 421/421/421 418/418/418
f 418/418/418 422/422/422 419/419/419
f 419/419/419 422/422/422 423/423/423
f 419/419/419 423/423/423 420/420/420
f 420/420/420 423/423/423 424/424/424
f 422/422/422 425/425/425 423/423/423
f 423/423/423 425/425/425 426/426/426
f 423/423/423 426/426/426 424/424/424
f 424/424/424 426/426/426 427/427/427
f 425/425/425 428/428/428 426/426/426
f 426/426/426 428/428/428 429/429/429
f 426/426/426 429/429/429 427/427/427
f 427/427/427 429/429/429 430/430/430
f 428/428/428 431/431/431 429/429/429
f 429/429/429 431/431/431 432/432/432
f 429/429/429 432/432/432 430/430/430
f 430/430/430 432/432/432 433/433/433
f 431/431/431 434/434/434 432/432/432
f 432/432/432 434/434/434 435/435/435
f 432/432/432 435/435/435 433/433/433
f 433/433/433 435/435/435 436/436/436
f 434/434/434 437/437/437 435/435/435
f 435/435/435 438/438/438 436/436/436
f 435/435/435 439/439/439 438/438/438
f 436/436/436 438/438/438 440/440/440
f 437/437/437 441/441/441 438/438/438
f 438/438/438 441/441/441 442/442/442
f 438/438/438 442/442/442 440/440/440
f 440/440/440 442/442/442 443/443/443
f 441/441/441 444/444/444 442/442/442
f 442/442/442 445/445/445 443/443/443
f 442/442/442 446/446/446 445/445/445
f 443/443/443 445/445/445 447/447/447
f 445/445/445 448/448/448 447/447/447
f 449/449/449 448/448/448 445/445/445
f 447/447/447 448/448/448 450/450/450
f 448/448/448 451/451/451 450/450/450
f 450/450/450 451/451/451 452/452/452
f 451/451/451 453/453/453 452/452/452
f 403/403/403 455/455/455 454/454/454
f 456/456/456 403/403/403 454/454/454
f 398/398/398 403/403/403 456/456/456
f 459/459/459 458/458/458 457/457/457
f 458/458/458 460/460/460 457/457/457
f 457/457/457 460/460/460 461/461/461
f 460/460/460 462/462/462 461/461/461
f 461/461/461 462/462/462 463/463/463
f 462/462/462 464/464/464 463/463/463
f 463/463/463 464/464/464 465/465/465
f 464/464/464 466/466/466 465/465/465
f 465/465/465 466/466/466 467/467/467
f 466/466/466 468/468/468 467/467/467
f 467/467/467 468/468/468 469/469/469
f 472/472/472 471/471/471 470/470/470
f 474/474/474 471/471/471 473/473/473
f 477/477/477 476/476/476 475/475/475
f 477/477/477 478/478/478 476/476/476
f 481/481/481 480/480/480 479/479/479
f 484/484/484 483/483/483 482/482/482
f 487/487/487 486/486/486 485/485/485
f 490/490/490 489/489/489 488/488/488
f 493/493/493 492/492/492 491/491/491
f 496/496/496 495/495/495 494/494/494
f 499/499/499 498/498/498 497/497/497
f 498/498/498 500/500/500 497/497/497
f 500/500/500 501/501/501 497/497/497
f 504/504/504 503/503/503 502/502/502
f 503/503/503 505/505/505 502/502/502
f 502/502/502 507/507/507 506/506/506
f 507/507/507 508/508/508 506/506/506
f 506/506/506 508/508/508 509/509/509
f 508/508/508 510/510/510 509/509/509
f 509/509/509 512/512/512 511/511/511
f 512/512/512 513/513/513 511/511/511
f 516/516/516 515/515/515 514/514/514
f 515/515/515 517/517/517 514/514/514
f 514/514/514 517/517/517 518/518/518
f 517/517/517 519/519/519 518/518/518
f 518/518/518 519/519/519 520/520/520
f 519/519/519 521/521/521 520/520/520
f 520/520/520 523/523/523 522/522/522
f 523/523/523 524/524/524 522/522/522
f 527/527/527 526/526/526 525/525/525
f 526/526/526 528/528/528 525/525/525
f 525/525/525 530/530/530 529/529/529
f 530/530/530 531/531/531 529/529/529
f 534/534/534 533/533/533 532/532/532
f 537/537/537 536/536/536 535/535/535
f 536/536/536 538/538/538 535/535/535
f 541/541/541 540/540/540 539/539/539
f 544/544/544 543/543/543 542/542/542
f 544/544/544 542/542/542 545/545/545
f 548/548/548 547/547/547 546/546/546
f 548/548/548 549/549/549 547/547/547
f 550/550/550 549/549/549 548/548/548
f 551/551/551 550/550/550 548/548/548
f 550/550/550 552/552/552 549/549/549
f 553/553/553 552/552/552 550/550/550
f 554/554/554 553/553/553 550/550/550
f 555/555/555 553/553/553 554/554/554
f 555/555/555 556/556/556 553/553/553
f 557/557/557 556/556/556 555/555/555
f 557/557/557 558/558/558 556/556/556
f 559/559/559 558/558/558 557/557/557
f 559/559/559 560/560/560 558/558/558
f 561/561/561 560/560/560 559/559/559
f 561/561/561 562/562/562 560/560/560
f 563/563/563 562/562/562 561/561/561
f 563/563/563 564/564/564 562/562/562
f 565/565/565 564/564/564 563/563/563
f 565/565/565 566/566/566 564/564/564
f 567/567/567 566/566/566 565/565/565
f 568/568/568 567/567/567 565/565/565
f 568/568/568 565/565/565 569/569/569
f 570/570/570 567/567/567 568/568/568
f 570/570/570 571/571/571 567/567/567
f 572/572/572 571/571/571 570/570/570
f 572/572/572 573/573/573 571/571/571
f 574/574/574 573/573/573 572/572/572
f 574/574/574 575/575/575 573/573/573
f 576/576/576 575/575/575 574/574/574
f 576/576/576 577/577/577 575/575/575
f 578/578/578 577/577/577 576/576/576
f 578/578/578 579/579/579 577/577/577
f 580/580/580 579/579/579 578/578/578
f 580/580/580 581/581/581 579/579/579
f 582/582/582 581/581/581 580/580/580
f 579/579/579 583/583/583 577/577/577
f 581/581/581 583/583/583 579/579/579
f 581/581/581 584/584/584 583/583/583
f 577/577/577 583/583/583 585/585/585
f 577/577/577 585/585/585 575/575/575
f 583/583/583 586/586/586 585/585/585
f 584/584/584 587/587/587 583/583/583
f 587/587/587 588/588/588 583/583/583
f 585/585/585 586/586/586 589/589/589
f 575/575/575 585/585/585 590/590/590
f 585/585/585 589/589/589 590/590/590
f 590/590/590 589/589/589 591/591/591
f 590/590/590 591/591/591 592/592/592
f 573/573/573 590/590/590 592/592/592
f 575/575/575 590/590/590 573/573/573
f 592/592/592 591/591/591 593/593/593
f 573/573/573 592/592/592 571/571/571
f 571/571/571 592/592/592 594/594/594
f 592/592/592 593/593/593 594/594/594
f 594/594/594 593/593/593 595/595/595
f 571/571/571 594/594/594 567/567/567
f 567/567/567 594/594/594 566/566/566
f 594/594/594 595/595/595 566/566/566
f 566/566/566 595/595/595 596/596/596
f 566/566/566 596/596/596 564/564/564
f 564/564/564 596/596/596 597/597/597
f 564/564/564 597/597/597 562/562/562
f 562/562/562 597/597/597 598/598/598
f 562/562/562 598/598/598 560/560/560
f 560/560/560 598/598/598 599/599/599
f 560/560/560 599/599/599 558/558/558
f 558/558/558 599/599/599 600/600/600
f 558/558/558 600/600/600 556/556/556
f 556/556/556 600/600/600 601/601/601
f 556/556/556 601/601/601 553/553/553
f 553/553/553 601/601/601 552/552/552
f 604/604/604 603/603/603 602/602/602
f 604/604/604 605/605/605 603/603/603
f 607/607/607 605/605/605 606/606/606
f 607/607/607 608/608/608 605/605/605
f 609/609/609 608/608/608 607/607/607
f 609/609/609 610/610/610 608/608/608
f 611/611/611 610/610/610 609/609/609
f 611/611/611 612/612/612 610/610/610
f 613/613/613 612/612/612 611/611/611
f 613/613/613 614/614/614 612/612/612
f 617/617/617 616/616/616 615/615/615
f 617/617/617 615/615/615 618/618/618
f 621/621/621 620/620/620 619/619/619
f 619/619/619 620/620/620 622/622/622
f 624/624/624 621/621/621 623/623/623
f 582/582/582 625/625/625 581/581/581
f 628/628/628 627/627/627 626/626/626
f 631/631/631 630/630/630 629/629/629
f 634/634/634 633/633/633 632/632/632
f 637/637/637 636/636/636 635/635/635
f 638/638/638 637/637/637 635/635/635
f 639/639/639 637/637/637 638/638/638
f 640/640/640 639/639/639 638/638/638
f 641/641/641 639/639/639 640/640/640
f 642/642/642 641/641/641 640/640/640
f 643/643/643 641/641/641 642/642/642
f 644/644/644 643/643/643 642/642/642
f 645/645/645 643/643/643 644/644/644
f 646/646/646 645/645/645 644/644/644
f 647/647/647 645/645/645 646/646/646
f 649/649/649 648/648/648 646/646/646
f 650/650/650 647/647/647 649/649/649
f 652/652/652 651/651/651 649/649/649
f 653/653/653 650/650/650 652/652/652
f 654/654/654 653/653/653 652/652/652
f 656/656/656 655/655/655 654/654/654
f 657/657/657 656/656/656 654/654/654
f 658/658/658 656/656/656 657/657/657
f 659/659/659 658/658/658 657/657/657
f 661/661/661 660/660/660 659/659/659
f 662/662/662 661/661/661 659/659/659
f 663/663/663 661/661/661 662/662/662
f 664/664/664 663/663/663 662/662/662
f 665/665/665 663/663/663 664/664/664
f 668/668/668 667/667/667 666/666/666
f 546/546/546 547/547/547 669/669/669
f 546/546/546 669/669/669 670/670/670
f 673/673/673 672/672/672 671/671/671
f 675/675/675 672/672/672 674/674/674
f 674/674/674 672/672/672 676/676/676
f 679/679/679 678/678/678 677/677/677
f 682/682/682 681/681/681 680/680/680
f 683/683/683 681/681/681 682/682/682
f 684/684/684 682/682/682 680/680/680
f 685/685/685 682/682/682 684/684/684
f 686/686/686 685/685/685 684/684/684
f 687/687/687 685/685/685 686/686/686
f 687/687/687 688/688/688 685/685/685
f 689/689/689 688/688/688 687/687/687
f 689/689/689 687/687/687 690/690/690
f 688/688/688 691/691/691 685/685/685
f 691/691/691 683/683/683 682/682/682
f 685/685/685 691/691/691 682/682/682
f 688/688/688 692/692/692 691/691/691
f 693/693/693 683/683/683 691/691/691
f 694/694/694 693/693/693 691/691/691
f 695/695/695 693/693/693 694/694/694
f 690/690/690 687/687/687 696/696/696
f 687/687/687 686/686/686 696/696/696
f 697/697/697 690/690/690 696/696/696
f 698/698/698 690/690/690 697/697/697
f 696/696/696 686/686/686 699/699/699
f 699/699/699 686/686/686 700/700/700
f 701/701/701 699/699/699 700/700/700
f 702/702/702 699/699/699 701/701/701
f 702/702/702 696/696/696 699/699/699
f 697/697/697 696/696/696 702/702/702
f 703/703/703 701/701/701 700/700/700
f 704/704/704 693/693/693 695/695/695
f 705/705/705 693/693/693 704/704/704
f 705/705/705 683/683/683 693/693/693
f 706/706/706 683/683/683 705/705/705
f 706/706/706 681/681/681 683/683/683
f 707/707/707 681/681/681 706/706/706
f 707/707/707 708/708/708 681/681/681
f 681/681/681 708/708/708 680/680/680
f 680/680/680 708/708/708 709/709/709
f 710/710/710 680/680/680 709/709/709
f 684/684/684 680/680/680 710/710/710
f 711/711/711 684/684/684 710/710/710
f 700/700/700 686/686/686 711/711/711
f 686/686/686 684/684/684 712/712/712
f 707/707/707 706/706/706 713/713/713
f 713/713/713 706/706/706 714/714/714
f 706/706/706 705/705/705 714/714/714
f 713/713/713 714/714/714 715/715/715
f 715/715/715 714/714/714 716/716/716
f 714/714/714 717/717/717 716/716/716
f 716/716/716 717/717/717 718/718/718
f 719/719/719 716/716/716 718/718/718
f 714/714/714 705/705/705 717/717/717
f 705/705/705 720/720/720 717/717/717
f 721/721/721 716/716/716 719/719/719
f 721/721/721 715/715/715 716/716/716
f 721/721/721 719/719/719 722/722/722
f 722/722/722 719/719/719 723/723/723
f 724/724/724 715/715/715 721/721/721
f 725/725/725 715/715/715 724/724/724
f 725/725/725 724/724/724 726/726/726
f 726/726/726 724/724/724 727/727/727
f 727/727/727 721/721/721 722/722/722
f 724/724/724 721/721/721 727/727/727
f 728/728/728 715/715/715 725/725/725
f 725/725/725 726/726/726 729/729/729
f 730/730/730 713/713/713 715/715/715
f 731/731/731 713/713/713 728/728/728
f 731/731/731 707/707/707 713/713/713
f 732/732/732 707/707/707 731/731/731
f 732/732/732 708/708/708 707/707/707
f 734/734/734 726/726/726 733/733/733
f 735/735/735 734/734/734 733/733/733
f 736/736/736 734/734/734 735/735/735
f 737/737/737 736/736/736 735/735/735
f 738/738/738 736/736/736 737/737/737
f 739/739/739 738/738/738 737/737/737
f 740/740/740 738/738/738 739/739/739
f 739/739/739 741/741/741 740/740/740
f 742/742/742 741/741/741 739/739/739
f 742/742/742 743/743/743 741/741/741
f 744/744/744 743/743/743 742/742/742
f 744/744/744 745/745/745 743/743/743
f 746/746/746 745/745/745 744/744/744
f 746/746/746 701/701/701 745/745/745
f 749/749/749 748/748/748 747/747/747
f 752/752/752 751/751/751 750/750/750
f 753/753/753 752/752/752 750/750/750
f 753/753/753 750/750/750 754/754/754
f 753/753/753 755/755/755 752/752/752
f 756/756/756 755/755/755 753/753/753
f 757/757/757 756/756/756 753/753/753
f 755/755/755 758/758/758 752/752/752
f 756/756/756 759/759/759 755/755/755
f 755/755/755 760/760/760 758/758/758
f 759/759/759 760/760/760 755/755/755
f 761/761/761 758/758/758 694/694/694
f 752/752/752 763/763/763 762/762/762
f 765/765/765 756/756/756 764/764/764
f 766/766/766 765/765/765 764/764/764
f 767/767/767 765/765/765 766/766/766
f 765/765/765 768/768/768 756/756/756
f 767/767/767 769/769/769 765/765/765
f 769/769/769 768/768/768 765/765/765
f 770/770/770 769/769/769 767/767/767
f 770/770/770 771/771/771 769/769/769
f 772/772/772 770/770/770 767/767/767
f 773/773/773 770/770/770 772/772/772
f 773/773/773 774/774/774 770/770/770
f 775/775/775 774/774/774 773/773/773
f 772/772/772 767/767/767 776/776/776
f 776/776/776 767/767/767 766/766/766
f 776/776/776 766/766/766 777/777/777
f 777/777/777 766/766/766 764/764/764
f 779/779/779 778/778/778 769/769/769
f 775/775/775 781/781/781 780/780/780
f 783/783/783 782/782/782 775/775/775
f 785/785/785 784/784/784 783/783/783
f 785/785/785 786/786/786 784/784/784
f 788/788/788 786/786/786 787/787/787
f 786/786/786 790/790/790 789/789/789
f 789/789/789 790/790/790 791/791/791
f 790/790/790 792/792/792 791/791/791
f 792/792/792 793/793/793 791/791/791
f 791/791/791 793/793/793 794/794/794
f 795/795/795 791/791/791 794/794/794
f 796/796/796 791/791/791 795/795/795
f 797/797/797 796/796/796 795/795/795
f 792/792/792 798/798/798 793/793/793
f 799/799/799 798/798/798 792/792/792
f 799/799/799 800/800/800 798/798/798
f 801/801/801 800/800/800 799/799/799
f 802/802/802 792/792/792 790/790/790
f 802/802/802 799/799/799 792/792/792
f 803/803/803 799/799/799 802/802/802
f 803/803/803 801/801/801 799/799/799
f 793/793/793 804/804/804 794/794/794
f 794/794/794 804/804/804 805/805/805
f 804/804/804 806/806/806 805/805/805
f 805/805/805 806/806/806 807/807/807
f 805/805/805 807/807/807 808/808/808
f 808/808/808 807/807/807 809/809/809
f 806/806/806 810/810/810 807/807/807
f 804/804/804 811/811/811 806/806/806
f 811/811/811 812/812/812 806/806/806
f 813/813/813 811/811/811 804/804/804
f 813/813/813 814/814/814 811/811/811
f 814/814/814 815/815/815 811/811/811
f 815/815/815 816/816/816 811/811/811
f 817/817/817 815/815/815 814/814/814
f 817/817/817 818/818/818 815/815/815
f 817/817/817 814/814/814 819/819/819
f 820/820/820 817/817/817 819/819/819
f 821/821/821 817/817/817 820/820/820
f 821/821/821 822/822/822 817/817/817
f 823/823/823 821/821/821 820/820/820
f 824/824/824 821/821/821 823/823/823
f 825/825/825 824/824/824 823/823/823
f 826/826/826 824/824/824 825/825/825
f 821/821/821 824/824/824 827/827/827
f 798/798/798 814/814/814 813/813/813
f 798/798/798 813/813/813 793/793/793
f 793/793/793 813/813/813 804/804/804
f 820/820/820 819/819/819 828/828/828
f 828/828/828 819/819/819 829/829/829
f 828/828/828 829/829/829 830/830/830
f 831/831/831 828/828/828 830/830/830
f 832/832/832 828/828/828 831/831/831
f 832/832/832 831/831/831 833/833/833
f 833/833/833 831/831/831 834/834/834
f 833/833/833 834/834/834 835/835/835
f 830/830/830 829/829/829 836/836/836
f 829/829/829 837/837/837 836/836/836
f 836/836/836 837/837/837 838/838/838
f 829/829/829 814/814/814 837/837/837
f 800/800/800 814/814/814 798/798/798
f 819/819/819 814/814/814 829/829/829
f 832/832/832 820/820/820 828/828/828
f 823/823/823 820/820/820 832/832/832
f 839/839/839 823/823/823 832/832/832
f 831/831/831 830/830/830 840/840/840
f 831/831/831 840/840/840 841/841/841
f 841/841/841 840/840/840 842/842/842
f 836/836/836 838/838/838 843/843/843
f 844/844/844 836/836/836 843/843/843
f 840/840/840 830/830/830 844/844/844
f 830/830/830 836/836/836 844/844/844
f 825/825/825 823/823/823 845/845/845
f 847/847/847 842/842/842 846/846/846
f 848/848/848 847/847/847 846/846/846
f 850/850/850 849/849/849 848/848/848
f 852/852/852 851/851/851 850/850/850
f 854/854/854 853/853/853 850/850/850
f 855/855/855 853/853/853 854/854/854
f 856/856/856 855/855/855 854/854/854
f 857/857/857 855/855/855 856/856/856
f 857/857/857 858/858/858 855/855/855
f 858/858/858 859/859/859 855/855/855
f 860/860/860 858/858/858 857/857/857
f 861/861/861 860/860/860 857/857/857
f 862/862/862 860/860/860 861/861/861
f 862/862/862 863/863/863 860/860/860
f 863/863/863 864/864/864 860/860/860
f 860/860/860 864/864/864 858/858/858
f 865/865/865 857/857/857 856/856/856
f 866/866/866 861/861/861 865/865/865
f 862/862/862 861/861/861 866/866/866
f 868/868/868 867/867/867 863/863/863
f 869/869/869 867/867/867 868/868/868
f 870/870/870 869/869/869 868/868/868
f 870/870/870 871/871/871 869/869/869
f 872/872/872 870/870/870 868/868/868
f 868/868/868 863/863/863 873/873/873
f 869/869/869 874/874/874 867/867/867
f 867/867/867 875/875/875 863/863/863
f 867/867/867 876/876/876 875/875/875
f 874/874/874 876/876/876 867/867/867
f 704/704/704 874/874/874 877/877/877
f 879/879/879 878/878/878 869/869/869
f 882/882/882 881/881/881 880/880/880
f 884/884/884 883/883/883 880/880/880
f 887/887/887 886/886/886 885/885/885
f 890/890/890 889/889/889 888/888/888
f 893/893/893 892/892/892 891/891/891
f 894/894/894 892/892/892 893/893/893
f 892/892/892 896/896/896 895/895/895
f 896/896/896 898/898/898 897/897/897
f 897/897/897 900/900/900 899/899/899
f 902/902/902 901/901/901 897/897/897
f 904/904/904 695/695/695 903/903/903
f 905/905/905 695/695/695 904/904/904
f 906/906/906 695/695/695 905/905/905
f 907/907/907 695/695/695 906/906/906
f 909/909/909 905/905/905 908/908/908
f 911/911/911 905/905/905 910/910/910
f 912/912/912 911/911/911 909/909/909
f 913/913/913 905/905/905 911/911/911
f 913/913/913 911/911/911 912/912/912
f 914/914/914 905/905/905 913/913/913
f 917/917/917 916/916/916 915/915/915
f 920/920/920 919/919/919 918/918/918
f 922/922/922 918/918/918 921/921/921
f 920/920/920 924/924/924 923/923/923
f 926/926/926 921/921/921 925/925/925
f 925/925/925 921/921/921 927/927/927
f 930/930/930 929/929/929 928/928/928
f 931/931/931 929/929/929 930/930/930
f 928/928/928 932/932/932 930/930/930
f 932/932/932 933/933/933 930/930/930
f 930/930/930 933/933/933 934/934/934
f 935/935/935 932/932/932 928/928/928
f 935/935/935 936/936/936 932/932/932
f 937/937/937 936/936/936 935/935/935
f 936/936/936 937/937/937 938/938/938
f 932/932/932 939/939/939 933/933/933
f 936/936/936 939/939/939 932/932/932
f 929/929/929 941/941/941 940/940/940
f 943/943/943 941/941/941 942/942/942
f 945/945/945 807/807/807 944/944/944
f 948/948/948 947/947/947 946/946/946
f 951/951/951 950/950/950 949/949/949
f 952/952/952 950/950/950 951/951/951
f 952/952/952 953/953/953 950/950/950
f 955/955/955 954/954/954 952/952/952
f 958/958/958 957/957/957 956/956/956
f 961/961/961 960/960/960 959/959/959
f 964/964/964 963/963/963 962/962/962
f 962/962/962 963/963/963 965/965/965
f 965/965/965 963/963/963 966/966/966
f 969/969/969 968/968/968 967/967/967
f 972/972/972 971/971/971 970/970/970
f 975/975/975 974/974/974 973/973/973
f 978/978/978 977/977/977 976/976/976
f 981/981/981 980/980/980 979/979/979
f 984/984/984 983/983/983 982/982/982
f 987/987/987 986/986/986 985/985/985
f 990/990/990 989/989/989 988/988/988
f 993/993/993 992/992/992 991/991/991
f 996/996/996 995/995/995 994/994/994
f 999/999/999 998/998/998 997/997/997
f 997/997/997 998/998/998 1000/1000/1000
f 997/997/997 1001/1001/1001 999/999/999
f 997/997/997 1002/1002/1002 1001/1001/1001
f 1003/1003/1003 1002/1002/1002 997/997/997
f 999/999/999 1001/1001/1001 1004/1004/1004
f 1001/1001/1001 1005/1005/1005 1004/1004/1004
f 1004/1004/1004 1005/1005/1005 1006/1006/1006
f 1005/1005/1005 1007/1007/1007 1006/1006/1006
f 1001/1001/1001 1008/1008/1008 1005/1005/1005
f 1002/1002/1002 1008/1008/1008 1001/1001/1001
f 998/998/998 1010/1010/1010 1009/1009/1009
f 1012/1012/1012 1009/1009/1009 1011/1011/1011
f 1014/1014/1014 1013/1013/1013 824/824/824
f 1017/1017/1017 1016/1016/1016 1015/1015/1015
f 1020/1020/1020 1019/1019/1019 1018/1018/1018
f 1018/1018/1018 1019/1019/1019 1021/1021/1021
f 1019/1019/1019 1022/1022/1022 1021/1021/1021
f 1021/1021/1021 1024/1024/1024 1023/1023/1023
f 1027/1027/1027 1026/1026/1026 1025/1025/1025
f 1030/1030/1030 1029/1029/1029 1028/1028/1028
f 1033/1033/1033 1032/1032/1032 1031/1031/1031
f 1034/1034/1034 1032/1032/1032 1033/1033/1033
f 1035/1035/1035 1032/1032/1032 1034/1034/1034
f 1038/1038/1038 1037/1037/1037 1036/1036/1036
f 1040/1040/1040 1039/1039/1039 1038/1038/1038
f 1043/1043/1043 1042/1042/1042 1041/1041/1041
f 858/858/858 1045/1045/1045 1044/1044/1044
f 1048/1048/1048 1047/1047/1047 1046/1046/1046
f 1051/1051/1051 1050/1050/1050 1049/1049/1049
f 1054/1054/1054 1053/1053/1053 1052/1052/1052
f 1057/1057/1057 1056/1056/1056 1055/1055/1055
f 1060/1060/1060 1059/1059/1059 1058/1058/1058
f 1063/1063/1063 1062/1062/1062 1061/1061/1061
f 1064/1064/1064 805/805/805 808/808/808
f 794/794/794 805/805/805 1065/1065/1065
f 1068/1068/1068 1067/1067/1067 1066/1066/1066
f 1070/1070/1070 842/842/842 1069/1069/1069
f 1073/1073/1073 1072/1072/1072 1071/1071/1071
f 1074/1074/1074 1072/1072/1072 1073/1073/1073
f 1075/1075/1075 1074/1074/1074 1073/1073/1073
f 1076/1076/1076 1074/1074/1074 1075/1075/1075
f 1077/1077/1077 1076/1076/1076 1075/1075/1075
f 1071/1071/1071 1072/1072/1072 1078/1078/1078
f 1078/1078/1078 1072/1072/1072 1079/1079/1079
f 1080/1080/1080 1078/1078/1078 1079/1079/1079
f 1081/1081/1081 1078/1078/1078 1080/1080/1080
f 1082/1082/1082 1081/1081/1081 1080/1080/1080
f 1083/1083/1083 1081/1081/1081 1082/1082/1082
f 1084/1084/1084 1076/1076/1076 1077/1077/1077
f 1085/1085/1085 1076/1076/1076 1084/1084/1084
f 1086/1086/1086 1085/1085/1085 1084/1084/1084
f 1087/1087/1087 1085/1085/1085 1086/1086/1086
f 1088/1088/1088 1087/1087/1087 1086/1086/1086
f 1089/1089/1089 1088/1088/1088 1086/1086/1086
f 1090/1090/1090 1089/1089/1089 1086/1086/1086
f 1091/1091/1091 1089/1089/1089 1090/1090/1090
f 1092/1092/1092 1091/1091/1091 1090/1090/1090
f 1093/1093/1093 1092/1092/1092 1090/1090/1090
f 1094/1094/1094 1093/1093/1093 1090/1090/1090
f 1095/1095/1095 1093/1093/1093 1094/1094/1094
f 1096/1096/1096 1095/1095/1095 1094/1094/1094
f 1097/1097/1097 1095/1095/1095 1096/1096/1096
f 1098/1098/1098 1085/1085/1085 1087/1087/1087
f 1101/1101/1101 1100/1100/1100 1099/1099/1099
f 1102/1102/1102 1100/1100/1100 1101/1101/1101
f 1101/1101/1101 1099/1099/1099 1103/1103/1103
f 1103/1103/1103 1099/1099/1099 1104/1104/1104
f 1103/1103/1103 1104/1104/1104 1105/1105/1105
f 1105/1105/1105 1104/1104/1104 1106/1106/1106
f 1109/1109/1109 1108/1108/1108 1107/1107/1107
f 1107/1107/1107 1108/1108/1108 1110/1110/1110
f 1113/1113/1113 1112/1112/1112 1111/1111/1111
f 1111/1111/1111 1112/1112/1112 1114/1114/1114
f 1111/1111/1111 1114/1114/1114 1115/1115/1115
f 1115/1115/1115 1114/1114/1114 1116/1116/1116
f 1115/1115/1115 1116/1116/1116 1117/1117/1117
f 1117/1117/1117 1116/1116/1116 1118/1118/1118
f 1117/1117/1117 1120/1120/1120 1119/1119/1119
f 1119/1119/1119 1120/1120/1120 1121/1121/1121
f 1124/1124/1124 1123/1123/1123 1122/1122/1122
f 1122/1122/1122 1123/1123/1123 1125/1125/1125
f 1128/1128/1128 1127/1127/1127 1126/1126/1126
f 1126/1126/1126 1127/1127/1127 1129/1129/1129
f 1126/1126/1126 1129/1129/1129 1130/1130/1130
f 1130/1130/1130 1129/1129/1129 1131/1131/1131
f 1134/1134/1134 1133/1133/1133 1132/1132/1132
f 1135/1135/1135 1133/1133/1133 1134/1134/1134
f 1134/1134/1134 1137/1137/1137 1136/1136/1136
f 1136/1136/1136 1137/1137/1137 1138/1138/1138
f 1136/1136/1136 1138/1138/1138 1139/1139/1139
f 1139/1139/1139 1138/1138/1138 1140/1140/1140
f 1139/1139/1139 1140/1140/1140 1141/1141/1141
f 1141/1141/1141 1140/1140/1140 1142/1142/1142
f 1141/1141/1141 1142/1142/1142 1143/1143/1143
f 1143/1143/1143 1142/1142/1142 1144/1144/1144
f 1147/1147/1147 1146/1146/1146 1145/1145/1145
f 1145/1145/1145 1146/1146/1146 1148/1148/1148
f 1145/1145/1145 1148/1148/1148 1149/1149/1149
f 1149/1149/1149 1148/1148/1148 1150/1150/1150
f 1149/1149/1149 1150/1150/1150 1151/1151/1151
f 1151/1151/1151 1150/1150/1150 1152/1152/1152
f 1151/1151/1151 1152/1152/1152 1153/1153/1153
f 1153/1153/1153 1152/1152/1152 1154/1154/1154
f 1153/1153/1153 1156/1156/1156 1155/1155/1155
f 1155/1155/1155 1156/1156/1156 1157/1157/1157
f 1155/1155/1155 1157/1157/1157 1158/1158/1158
f 1158/1158/1158 1157/1157/1157 1159/1159/1159
f 1158/1158/1158 1159/1159/1159 1160/1160/1160
f 1160/1160/1160 1159/1159/1159 1161/1161/1161
f 1164/1164/1164 1163/1163/1163 1162/1162/1162
f 1162/1162/1162 1163/1163/1163 1165/1165/1165
f 1168/1168/1168 1167/1167/1167 1166/1166/1166
f 1166/1166/1166 1167/1167/1167 1169/1169/1169
f 1166/1166/1166 1169/1169/1169 1170/1170/1170
f 1170/1170/1170 1169/1169/1169 1171/1171/1171
f 1170/1170/1170 1173/1173/1173 1172/1172/1172
f 1172/1172/1172 1173/1173/1173 1174/1174/1174
f 1177/1177/1177 1176/1176/1176 1175/1175/1175
f 1175/1175/1175 1176/1176/1176 1178/1178/1178
f 1181/1181/1181 1180/1180/1180 1179/1179/1179
f 1182/1182/1182 1179/1179/1179 1180/1180/1180
f 1183/1183/1183 1179/1179/1179 1182/1182/1182
f 1183/1183/1183 1182/1182/1182 1184/1184/1184
f 1185/1185/1185 1184/1184/1184 1182/1182/1182
f 1186/1186/1186 1184/1184/1184 1185/1185/1185
f 1187/1187/1187 1186/1186/1186 1185/1185/1185
f 1188/1188/1188 1186/1186/1186 1187/1187/1187
f 1189/1189/1189 1186/1186/1186 1188/1188/1188
f 1190/1190/1190 1189/1189/1189 1188/1188/1188
f 1191/1191/1191 1189/1189/1189 1190/1190/1190
f 1179/1179/1179 1183/1183/1183 1192/1192/1192
f 1193/1193/1193 1192/1192/1192 1183/1183/1183
f 1194/1194/1194 1181/1181/1181 1179/1179/1179
f 1195/1195/1195 1181/1181/1181 1194/1194/1194
f 1196/1196/1196 1195/1195/1195 1194/1194/1194
f 1197/1197/1197 1195/1195/1195 1196/1196/1196
f 1200/1200/1200 1199/1199/1199 1198/1198/1198
f 1201/1201/1201 1199/1199/1199 1200/1200/1200
f 1200/1200/1200 1198/1198/1198 1202/1202/1202
f 1202/1202/1202 1198/1198/1198 1203/1203/1203
f 1202/1202/1202 1203/1203/1203 1204/1204/1204
f 1205/1205/1205 1199/1199/1199 1201/1201/1201
f 1206/1206/1206 1199/1199/1199 1205/1205/1205
f 1206/1206/1206 1205/1205/1205 1207/1207/1207
f 1207/1207/1207 1205/1205/1205 1208/1208/1208
f 1207/1207/1207 1208/1208/1208 1209/1209/1209
f 1209/1209/1209 1208/1208/1208 1210/1210/1210
f 1204/1204/1204 1203/1203/1203 1211/1211/1211
f 1211/1211/1211 1203/1203/1203 1212/1212/1212
f 1211/1211/1211 1212/1212/1212 1213/1213/1213
f 1213/1213/1213 1212/1212/1212 1214/1214/1214
f 1213/1213/1213 1214/1214/1214 1215/1215/1215
f 1213/1213/1213 1215/1215/1215 1216/1216/1216
f 1213/1213/1213 1216/1216/1216 1217/1217/1217
f 1217/1217/1217 1216/1216/1216 1218/1218/1218
f 1217/1217/1217 1218/1218/1218 1219/1219/1219
f 1217/1217/1217 1219/1219/1219 1220/1220/1220
f 1217/1217/1217 1220/1220/1220 1221/1221/1221
f 1221/1221/1221 1220/1220/1220 1222/1222/1222
f 1221/1221/1221 1222/1222/1222 1223/1223/1223
f 1223/1223/1223 1222/1222/1222 1224/1224/1224
f 1227/1227/1227 1226/1226/1226 1225/1225/1225
f 1230/1230/1230 1229/1229/1229 1228/1228/1228
f 1231/1231/1231 1229/1229/1229 1230/1230/1230
f 1234/1234/1234 1233/1233/1233 1232/1232/1232
f 1235/1235/1235 1233/1233/1233 1234/1234/1234
f 1236/1236/1236 1235/1235/1235 1234/1234/1234
f 1237/1237/1237 1235/1235/1235 1236/1236/1236
f 1240/1240/1240 1239/1239/1239 1238/1238/1238
f 1241/1241/1241 1239/1239/1239 1240/1240/1240
f 1244/1244/1244 1243/1243/1243 1242/1242/1242
f 1245/1245/1245 1243/1243/1243 1244/1244/1244
f 1246/1246/1246 1245/1245/1245 1244/1244/1244
f 1247/1247/1247 1245/1245/1245 1246/1246/1246
f 1248/1248/1248 1247/1247/1247 1246/1246/1246
f 1249/1249/1249 1247/1247/1247 1248/1248/1248
f 1251/1251/1251 1250/1250/1250 1248/1248/1248
f 1252/1252/1252 1250/1250/1250 1251/1251/1251
f 1255/1255/1255 1254/1254/1254 1253/1253/1253
f 1256/1256/1256 1254/1254/1254 1255/1255/1255
f 1259/1259/1259 1258/1258/1258 1257/1257/1257
f 1260/1260/1260 1258/1258/1258 1259/1259/1259
f 1261/1261/1261 1260/1260/1260 1259/1259/1259
f 1262/1262/1262 1260/1260/1260 1261/1261/1261
f 1265/1265/1265 1264/1264/1264 1263/1263/1263
f 1266/1266/1266 1264/1264/1264 1265/1265/1265
f 1268/1268/1268 1267/1267/1267 1265/1265/1265
f 1269/1269/1269 1267/1267/1267 1268/1268/1268
f 1270/1270/1270 1269/1269/1269 1268/1268/1268
f 1271/1271/1271 1269/1269/1269 1270/1270/1270
f 1272/1272/1272 1271/1271/1271 1270/1270/1270
f 1273/1273/1273 1271/1271/1271 1272/1272/1272
f 1274/1274/1274 1273/1273/1273 1272/1272/1272
f 1275/1275/1275 1273/1273/1273 1274/1274/1274
f 1278/1278/1278 1277/1277/1277 1276/1276/1276
f 1279/1279/1279 1277/1277/1277 1278/1278/1278
f 1280/1280/1280 1279/1279/1279 1278/1278/1278
f 1281/1281/1281 1279/1279/1279 1280/1280/1280
f 1282/1282/1282 1281/1281/1281 1280/1280/1280
f 1285/1285/1285 1284/1284/1284 1283/1283/1283
f 1288/1288/1288 1287/1287/1287 1286/1286/1286
f 1289/1289/1289 1287/1287/1287 1288/1288/1288
f 1291/1291/1291 1290/1290/1290 1288/1288/1288
f 1292/1292/1292 1290/1290/1290 1291/1291/1291
f 1293/1293/1293 1292/1292/1292 1291/1291/1291
f 1294/1294/1294 1292/1292/1292 1293/1293/1293
f 1297/1297/1297 1296/1296/1296 1295/1295/1295
f 1298/1298/1298 1296/1296/1296 1297/1297/1297
f 1301/1301/1301 1300/1300/1300 1299/1299/1299
f 1302/1302/1302 1300/1300/1300 1301/1301/1301
f 1305/1305/1305 1304/1304/1304 1303/1303/1303
f 1306/1306/1306 1304/1304/1304 1305/1305/1305
f 1307/1307/1307 1306/1306/1306 1305/1305/1305
f 1308/1308/1308 1306/1306/1306 1307/1307/1307
f 1311/1311/1311 1310/1310/1310 1309/1309/1309
f 1312/1312/1312 1310/1310/1310 1311/1311/1311
f 1315/1315/1315 1314/1314/1314 1313/1313/1313
f 1316/1316/1316 1314/1314/1314 1315/1315/1315
