g GreySkull_mesh
v 118.9013 139.0455 -859.7266
v 188.0879 138.7968 -875.402
v 135.8263 109.3556 -850.0793
v 195.102 110.0672 -867.1964
v 201.7871 110.072 -919.0429
v 195.102 110.0672 -867.1964
v 188.0879 138.7968 -875.402
v 193.5393 134.4481 -921.584
v 203.059 107.1748 -977.0256
v 199.4337 139.8211 -978.49
v 135.5057 136.7157 -909.6446
v 188.0879 138.7968 -875.402
v 118.9013 139.0455 -859.7266
v 193.5393 134.4481 -921.584
v 148.8011 141.8098 -967.999
v 199.4337 139.8211 -978.49
v 152.4906 135.4128 -990.8218
v 202.9886 135.365 -1001.746
v 159.0117 128.2218 -1045.831
v 208.803 127.6354 -1057.335
v 203.059 107.1748 -977.0256
v 199.4337 139.8211 -978.49
v 212.2841 114.4229 -990.8131
v 221.3239 95.66473 -980.1681
v 212.9938 92.39928 -967.2005
v 227.4168 78.72929 -967.3855
v 219.8204 78.7293 -955.0898
v 232.5786 70.72237 -955.8842
v 225.7106 70.79651 -944.9232
v 211.7319 71.03498 -941.7369
v 206.5844 78.72929 -951.6791
v 203.8233 78.72931 -926.1127
v 208.8819 71.83299 -920.4359
v 193.4397 78.87249 -876.8916
v 189.4132 90.89304 -886.2305
v 185.4724 95.61117 -867.4804
v 180.759 105.4936 -878.183
v 184.4669 105.6281 -897.4646
v 196.3419 90.8619 -940.0394
v 187.2171 105.6593 -957.0253
v 198.5987 91.08508 -961.587
v 188.8591 106.1547 -973.671
v 203.059 107.1748 -977.0256
v 189.337 87.50854 -858.7051
v 225.6266 71.79598 -925.6746
v 225.1625 73.50981 -877.4178
v 322.752 71.98862 -956.5402
v 307.6783 71.60327 -969.6155
v 322.4448 71.36818 -974.5375
v 307.8942 78.44896 -981.7303
v 294.2802 71.50754 -974.7631
v 295.3739 78.44339 -988.7719
v 324.0492 78.21387 -986.6523
v 298.3065 95.00645 -1001.792
v 301.8834 115.2075 -1017.671
v 212.2841 114.4229 -990.8131
v 312.7138 95.92397 -993.7964
v 301.8834 115.2075 -1017.671
v 318.5924 117.2372 -1008.513
v 328.5785 95.53213 -999.8431
v 318.5924 117.2372 -1008.513
v 314.9043 134.0013 -1029.796
v 272.5313 120.4181 -1061.967
v 286.1279 139.636 -1072.318
v 323.6743 148.4884 -1038.255
v 336.7643 147.515 -1027.727
v 332.3691 140.7988 -1016.273
v 318.5924 117.2372 -1008.513
v 353.6211 137.6676 -1010.113
v 364.6267 149.2234 -1038.758
v 378.7839 138.8945 -1020.13
v 351.4449 150.8546 -1049.116
v 294.8761 154.0794 -1080.837
v 325.9828 157.3351 -1093.793
v 370.9664 136.9729 -988.317
v 353.6211 137.6676 -1010.113
v 401.3349 138.7713 -1000.33
v 404.3535 137.5956 -954.7191
v 462.751 140.8228 -978.5444
v 370.9664 136.9729 -988.317
v 202.9886 135.365 -1001.746
v 212.2841 114.4229 -990.8131
v 218.4562 108.3006 -1043.981
v 208.803 127.6354 -1057.335
v 178.4131 105.4085 -865.9831
v 180.759 105.4936 -878.183
v 185.4724 95.61117 -867.4804
v 181.5855 95.84612 -858.3791
v 158.2599 96.03147 -850.5581
v 155.1584 105.5929 -857.7999
v 157.793 105.5848 -869.6162
v 180.759 105.4936 -878.183
v 160.8028 88.192 -844.6204
v 184.1865 88.00584 -852.1445
v 163.416 80.13471 -838.5176
v 186.8599 79.94768 -845.7365
v 192.4827 78.68179 -853.9744
v 189.337 87.50854 -858.7051
v 166.5917 70.34432 -831.1024
v 190.7057 70.10067 -837.7186
v 197.8144 70.46311 -846.8436
v 198.761 70.51575 -847.9809
v 193.648 76.59193 -855.8085
v 198.761 70.51575 -847.9809
v 192.4827 78.68179 -853.9744
v 193.648 76.59193 -855.8085
v 218.4391 77.75024 -861.7538
v 198.761 70.51575 -847.9809
v 221.1703 70.93578 -853.508
v 211.366 86.90656 -865.0505
v 192.4827 78.68179 -853.9744
v 189.337 87.50854 -858.7051
v 212.0468 83.33459 -862.5844
v 212.9371 78.66305 -859.3589
v 193.4397 78.87249 -876.8916
v 211.366 86.90656 -865.0505
v 189.337 87.50854 -858.7051
v 218.6512 79.14252 -882.727
v 193.4397 78.87249 -876.8916
v 201.7179 73.51434 -868.774
v 357.4226 73.48425 -926.181
v 341.363 72.0718 -961.1036
v 379.2234 73.48001 -934.2188
v 380.8278 80.32571 -946.3336
v 342.9673 78.91756 -973.2184
v 383.65 93.1671 -957.7711
v 346.9279 94.74414 -985.8252
v 387.0924 108.829 -971.7208
v 351.7584 114.0469 -1001.201
v 334.1026 116.6542 -1015.932
v 328.5785 95.53213 -999.8431
v 318.5924 117.2372 -1008.513
v 334.1026 116.6542 -1015.932
v 332.3691 140.7988 -1016.273
v 334.1026 116.6542 -1015.932
v 318.5924 117.2372 -1008.513
v 343.0536 137.029 -1023.691
v 332.3691 140.7988 -1016.273
v 353.6211 137.6676 -1010.113
v 342.0549 109.1175 -998.7266
v 370.9664 136.9729 -988.317
v 342.0549 109.1175 -998.7266
v 353.6211 137.6676 -1010.113
v 370.9664 136.9729 -988.317
v 362.3156 103.676 -973.82
v 370.9664 136.9729 -988.317
v 397.3286 104.9818 -941.1558
v 397.3286 104.9818 -941.1558
v 404.3535 137.5956 -954.7191
v 404.3535 137.5956 -954.7191
v 451.9013 104.4337 -960.7961
v 397.3286 104.9818 -941.1558
v 462.751 140.8228 -978.5444
v 218.4562 108.3006 -1043.981
v 218.4562 108.3006 -1043.981
v 301.8834 115.2075 -1017.671
v 212.2841 114.4229 -990.8131
v 166.5613 105.2147 -1040.838
v 166.1764 206.0212 -1110.191
v 183.4142 204.5332 -1110.965
v 179.4156 104.9208 -1045.775
v 183.363 255.2055 -1125.795
v 202.7101 250.1728 -1128.129
v 195.1107 274.4261 -1133.444
v 215.2002 272.8466 -1137.167
v 209.8123 295.2286 -1142.948
v 230.8761 293.2447 -1146.139
v 304.8401 104.6159 -1089.92
v 290.672 215.6663 -1132.816
v 281.2974 249.9295 -1145.192
v 272.1032 268.4959 -1152.232
v 264.8812 283.1604 -1155.888
v 307.3698 217.1138 -1135.613
v 323.266 104.4698 -1096.564
v 294.9063 249.4855 -1147.138
v 282.9153 267.5367 -1154.012
v 272.8647 281.5232 -1157.253
v 426.5366 83.99443 -936.4751
v 403.0388 103.6271 -945.0239
v 438.4598 104.8554 -957.6887
v 397.187 81.86845 -923.5323
v 394.2724 83.83161 -927.9427
v 396.777 103.6876 -952.035
v 425.5859 77.6879 -930.338
v 395.7787 76.63037 -918.3585
v 392.2054 78.08173 -920.7916
v 394.2724 83.83161 -927.9427
v 388.8932 70.98714 -915.9944
v 394.067 70.26555 -912.0717
v 424.4308 70.02484 -922.8806
v 380.3335 79.75683 -943.5493
v 394.2724 83.83161 -927.9427
v 386.797 103.7888 -967.2862
v 376.2349 86.59357 -919.7596
v 394.2724 83.83161 -927.9427
v 392.2054 78.08173 -920.7916
v 377.0845 81.57283 -913.5954
v 376.4045 85.59126 -916.0866
v 376.2349 86.59357 -919.7596
v 380.3335 79.75683 -943.5493
v 394.2724 83.83161 -927.9427
v 358.2331 81.32993 -934.1536
v 376.2349 86.59357 -919.7596
v 392.2054 78.08173 -920.7916
v 376.4045 85.59126 -916.0866
v 376.7275 85.22577 -914.2988
v 360.1779 85.69428 -908.6964
v 374.8535 77.22989 -906.7153
v 360.1779 85.69428 -908.6964
v 357.8915 77.43902 -900.5101
v 387.6924 70.33453 -917.2058
v 392.2054 78.08173 -920.7916
v 388.8932 70.98714 -915.9944
v 387.0446 73.83503 -925.3298
v 387.6924 70.33453 -917.2058
v 370.9171 76.89699 -918.8094
v 387.0446 73.83503 -925.3298
v 370.6737 70.67912 -909.7562
v 376.2349 86.59357 -919.7596
v 358.2331 81.32993 -928.5438
v 358.2331 81.32993 -934.1536
v 376.4045 85.59126 -916.0866
v 358.9648 85.13411 -910.4922
v 343.3655 76.41457 -924.0675
v 360.1779 85.69428 -908.6964
v 356.0024 77.29932 -902.7628
v 351.5209 76.0426 -909.2368
v 356.0024 77.29932 -902.7628
v 351.0791 70.49817 -900.5201
v 298.0569 75.19433 -888.3259
v 300.3902 70.44997 -882.1239
v 354.4345 70.74252 -894.7078
v 341.106 73.16009 -922.5555
v 260.584 76.80261 -873.8207
v 265.1613 70.95979 -863.6669
v 246.2332 71.94442 -857.7613
v 240.2641 78.13279 -867.6912
v 242.0072 72.16425 -858.8334
v 235.7274 78.42977 -866.3228
v 234.4853 76.56352 -857.2056
v 240.7652 70.298 -849.7163
v 221.2378 71.58658 -842.6712
v 215.0482 78.02953 -851.7935
v 360.1779 85.69428 -908.6964
v 357.8915 77.43902 -900.5101
v 356.0024 77.29932 -902.7628
v 372.7517 71.13047 -901.4725
v 354.4345 70.74252 -894.7078
v 373.4823 78.25946 -909.4469
v 237.8702 78.73024 -889.5167
v 290.0231 77.77364 -907.3593
v 295.8679 84.58065 -892.6299
v 343.0013 85.10532 -910.9503
v 295.8679 84.58065 -892.6299
v 235.7403 88.62867 -870.0849
v 343.0013 85.10532 -910.9503
v 341.3702 81.14907 -927.575
v 349.2559 84.18744 -919.4063
v 354.0736 76.47451 -903.1831
v 299.7461 77.45403 -882.7168
v 295.8679 84.58065 -892.6299
v 262.0186 77.24179 -868.1666
v 235.7403 88.62867 -870.0849
v 295.8679 84.58065 -892.6299
v 236.2285 85.06256 -867.2688
v 236.9935 77.66462 -860.6389
v 234.1549 83.49077 -861.8598
v 343.0013 85.10532 -910.9503
v 354.0736 76.47451 -903.1831
v 234.1549 83.49077 -861.8598
v 236.9935 77.66462 -860.6389
v 235.5681 78.9481 -853.4847
v 210.7599 83.88541 -854.3294
v 234.1549 83.49077 -861.8598
v 235.5681 78.9481 -853.4847
v 212.9371 79.15549 -846.283
v 212.0468 83.33459 -862.5844
v 234.1549 83.49077 -861.8598
v 234.1549 83.49077 -861.8598
v 236.2285 85.06256 -867.2688
v 210.7599 83.88541 -854.3294
v 212.9371 78.66305 -859.3589
v 212.0468 83.33459 -862.5844
v 212.9371 79.15549 -846.283
v 219.9742 75.2882 -879.669
v 236.2285 85.06256 -867.2688
v 212.0468 83.33459 -862.5844
v 238.1202 78.03511 -883.8967
v 211.366 86.90656 -865.0505
v 219.9742 75.2882 -879.669
v 212.0468 83.33459 -862.5844
v 218.6512 79.14252 -882.727
v 264.4537 81.96002 -905.4072
v 297.9546 94.11718 -886.7661
v 261.6687 94.99577 -875.5452
v 288.4243 81.55138 -912.9808
v 315.7663 81.87231 -923.6546
v 338.3177 94.00089 -902.8403
v 297.9546 94.11718 -886.7661
v 267.9553 86.19083 -869.5027
v 261.6687 94.99577 -875.5452
v 300.6148 85.66934 -879.9696
v 338.3177 94.00089 -902.8403
v 336.2261 84.82024 -892.9268
v 271.8322 78.69704 -865.59
v 303.2646 78.21204 -875.9377
v 273.6406 70.57542 -860.6377
v 304.8528 70.73172 -870.5754
v 333.5302 70.37057 -882.045
v 336.2914 77.5602 -888.2912
v 303.2646 78.21204 -875.9377
v 332.1029 77.61673 -889.3875
v 333.412 77.60516 -889.8763
v 329.079 77.57372 -893.7186
v 326.2437 77.53376 -892.6986
v 332.1029 77.61673 -889.3875
v 303.2646 78.21204 -875.9377
v 301.5722 77.93729 -877.7203
v 275.7786 78.22841 -869.3222
v 275.7786 78.22841 -869.3222
v 271.8322 78.69704 -865.59
v 299.7624 84.49689 -882.5001
v 274.5446 83.87229 -874.4842
v 332.7917 83.75108 -893.9756
v 301.5722 77.93729 -877.7203
v 275.7786 78.22841 -869.3222
v 301.5722 77.93729 -877.7203
v 332.1029 77.61673 -889.3875
v 271.8322 78.69704 -865.59
v 272.4652 78.49776 -868.2812
v 273.8442 78.06388 -874.1436
v 276.7177 77.96284 -875.1446
v 75.18736 158.9118 -1064.949
v 91.45302 145.3602 -1064.546
v 78.12797 153.6278 -1073.918
v 73.54216 166.9846 -1078.693
v 71.4183 169.7008 -1074.814
v 91.45302 145.3602 -1064.546
v 75.18736 158.9118 -1064.949
v 87.11726 148.7602 -1053.907
v 87.11726 148.7602 -1053.907
v 75.18736 158.9118 -1064.949
v 87.88606 160.2676 -1049.323
v 77.01184 167.7922 -1060.81
v 111.3612 146.6871 -1046.347
v 91.45302 145.3602 -1064.546
v 87.11726 148.7602 -1053.907
v 111.3612 146.6871 -1046.347
v 114.4942 142.8675 -1057.621
v 129.7192 146.7363 -1042.168
v 87.11726 148.7602 -1053.907
v 110.2442 158.5734 -1043.737
v 111.3612 146.6871 -1046.347
v 127.4339 159.9279 -1039.534
v 129.7192 146.7363 -1042.168
v 110.2442 158.5734 -1043.737
v 114.4942 142.8675 -1057.621
v 129.7192 146.7363 -1042.168
v 132.0651 143.1015 -1055.068
v 118.5157 152.9682 -1068.015
v 114.4942 142.8675 -1057.621
v 96.74171 153.3837 -1071.701
v 118.5157 152.9682 -1068.015
v 133.6822 153.9023 -1067.492
v 114.4942 142.8675 -1057.621
v 91.45302 145.3602 -1064.546
v 85.94843 161.6384 -1076.398
v 91.45302 145.3602 -1064.546
v 96.74171 153.3837 -1071.701
v 131.4921 167.3243 -1064.992
v 118.5157 152.9682 -1068.015
v 133.6822 153.9023 -1067.492
v 110.2442 158.5734 -1043.737
v 87.11726 148.7602 -1053.907
v 87.88606 160.2676 -1049.323
v 348.6657 161.9457 -1163.299
v 349.6352 162.1281 -1165.545
v 353.1145 160.6494 -1163.939
v 345.2882 161.4573 -1164.146
v 343.5662 161.5419 -1160.941
v 350.45 161.5552 -1159.253
v 355.909 159.9133 -1161.131
v 357.363 153.5928 -1151.432
v 349.0736 156.9437 -1148.583
v 354.7498 141.8171 -1137.698
v 355.909 159.9133 -1161.131
v 349.0736 156.9437 -1148.583
v 340.8057 155.8253 -1153.138
v 336.3058 150.3862 -1142.967
v 336.3058 150.3862 -1142.967
v 346.4897 150.7424 -1136.666
v 340.8057 155.8253 -1153.138
v 343.5662 161.5419 -1160.941
v 328.201 144.7923 -1128.23
v 337.7332 144.9884 -1119.53
v 346.4897 150.7424 -1136.666
v 336.3058 150.3862 -1142.967
v 318.2383 145.5054 -1117.711
v 328.201 144.7923 -1128.23
v 337.7332 144.9884 -1119.53
v 327.9327 144.2927 -1107.926
v 352.9496 159.0102 -1166.065
v 353.1145 160.6494 -1163.939
v 349.6352 162.1281 -1165.545
v 353.8356 157.3416 -1165.709
v 355.909 159.9133 -1161.131
v 345.2882 161.4573 -1164.146
v 344.8779 159.785 -1166.282
v 349.6352 162.1281 -1165.545
v 344.8779 159.785 -1166.282
v 350.0836 158.6361 -1167.27
v 349.6352 162.1281 -1165.545
v 352.9496 159.0102 -1166.065
v 343.5662 161.5419 -1160.941
v 343.04 158.7467 -1164.883
v 345.2882 161.4573 -1164.146
v 344.8779 159.785 -1166.282
v 339.3713 149.5941 -1159.346
v 343.04 158.7467 -1164.883
v 343.5662 161.5419 -1160.941
v 340.8057 155.8253 -1153.138
v 334.1109 141.16 -1150.288
v 339.3713 149.5941 -1159.346
v 336.3058 150.3862 -1142.967
v 324.9151 135.6611 -1134.183
v 336.3058 150.3862 -1142.967
v 346.4897 150.7424 -1136.666
v 349.0736 156.9437 -1148.583
v 354.7498 141.8171 -1137.698
v 354.7498 141.8171 -1137.698
v 337.7332 144.9884 -1119.53
v 346.4897 150.7424 -1136.666
v 348.6186 131.6706 -1117.911
v 337.7332 144.9884 -1119.53
v 334.8828 129.5021 -1105.366
v 337.7332 144.9884 -1119.53
v 313.9708 134.4113 -1124.876
v 328.201 144.7923 -1128.23
v 318.2383 145.5054 -1117.711
v 324.9151 135.6611 -1134.183
v 336.3058 150.3862 -1142.967
v 328.201 144.7923 -1128.23
v 324.9151 135.6611 -1134.183
v 337.7332 144.9884 -1119.53
v 334.8828 129.5021 -1105.366
v 327.9327 144.2927 -1107.926
v 350.0836 158.6361 -1167.27
v 353.8356 157.3416 -1165.709
v 352.9496 159.0102 -1166.065
v 349.3976 155.9648 -1167.137
v 344.8779 159.785 -1166.282
v 349.3976 155.9648 -1167.137
v 346.4685 143.8114 -1162.054
v 353.4314 146.2853 -1158.176
v 341.9255 131.2567 -1151.701
v 352.2836 132.6463 -1145.007
v 349.3976 155.9648 -1167.137
v 353.4314 146.2853 -1158.176
v 353.8356 157.3416 -1165.709
v 353.4314 146.2853 -1158.176
v 355.909 159.9133 -1161.131
v 353.8356 157.3416 -1165.709
v 357.363 153.5928 -1151.432
v 354.7498 141.8171 -1137.698
v 345.259 121.9089 -1124.614
v 352.2836 132.6463 -1145.007
v 348.6186 131.6706 -1117.911
v 330.8813 118.1009 -1111.621
v 354.7498 141.8171 -1137.698
v 353.4314 146.2853 -1158.176
v 352.2836 132.6463 -1145.007
v 333.4488 123.3159 -1133.714
v 352.2836 132.6463 -1145.007
v 341.9255 131.2567 -1151.701
v 352.2836 132.6463 -1145.007
v 333.4488 123.3159 -1133.714
v 345.259 121.9089 -1124.614
v 330.8813 118.1009 -1111.621
v 348.6186 131.6706 -1117.911
v 330.8813 118.1009 -1111.621
v 334.8828 129.5021 -1105.366
v 330.8813 118.1009 -1111.621
v 333.4488 123.3159 -1133.714
v 321.3969 119.1263 -1121.377
v 324.9151 135.6611 -1134.183
v 321.3969 119.1263 -1121.377
v 333.4488 123.3159 -1133.714
v 341.9255 131.2567 -1151.701
v 333.4488 123.3159 -1133.714
v 324.9151 135.6611 -1134.183
v 334.1109 141.16 -1150.288
v 346.4685 143.8114 -1162.054
v 339.3713 149.5941 -1159.346
v 349.3976 155.9648 -1167.137
v 339.3713 149.5941 -1159.346
v 321.3969 119.1263 -1121.377
v 324.9151 135.6611 -1134.183
v 313.9708 134.4113 -1124.876
v 343.04 158.7467 -1164.883
v 339.3713 149.5941 -1159.346
v 349.3976 155.9648 -1167.137
v 344.8779 159.785 -1166.282
v 76.28354 173.6052 -1078.663
v 73.89528 174.162 -1078.627
v 73.07388 170.7612 -1078.561
v 73.07388 170.7612 -1078.561
v 78.50129 169.8238 -1079.365
v 76.28354 173.6052 -1078.663
v 73.54216 166.9846 -1078.693
v 73.07388 170.7612 -1078.561
v 71.4183 169.7008 -1074.814
v 73.54216 166.9846 -1078.693
v 71.5049 171.6551 -1076.567
v 72.34098 173.8586 -1075.041
v 72.93052 173.6121 -1072.355
v 85.94843 161.6384 -1076.398
v 78.50129 169.8238 -1079.365
v 73.54216 166.9846 -1078.693
v 78.12797 153.6278 -1073.918
v 91.45302 145.3602 -1064.546
v 71.5049 171.6551 -1076.567
v 73.07388 170.7612 -1078.561
v 73.89528 174.162 -1078.627
v 75.76825 176.7522 -1075.252
v 72.34098 173.8586 -1075.041
v 73.89528 174.162 -1078.627
v 72.93052 173.6121 -1072.355
v 71.5049 171.6551 -1076.567
v 72.93052 173.6121 -1072.355
v 75.76825 176.7522 -1075.252
v 77.22813 175.6292 -1073.401
v 77.01184 167.7922 -1060.81
v 77.22813 175.6292 -1073.401
v 83.22302 173.3477 -1065.469
v 77.19838 175.6701 -1077.328
v 77.22813 175.6292 -1073.401
v 75.76825 176.7522 -1075.252
v 80.01353 173.735 -1076.906
v 77.22813 175.6292 -1073.401
v 87.19808 170.3764 -1072.871
v 83.22302 173.3477 -1065.469
v 97.69455 164.8071 -1068.217
v 93.35867 168.2071 -1057.578
v 78.50129 169.8238 -1079.365
v 85.94843 161.6384 -1076.398
v 97.69455 164.8071 -1068.217
v 76.28354 173.6052 -1078.663
v 77.19838 175.6701 -1077.328
v 77.19838 175.6701 -1077.328
v 75.76825 176.7522 -1075.252
v 73.89528 174.162 -1078.627
v 77.19838 175.6701 -1077.328
v 73.89528 174.162 -1078.627
v 76.28354 173.6052 -1078.663
v 114.554 168.7843 -1053.867
v 93.35867 168.2071 -1057.578
v 97.69455 164.8071 -1068.217
v 117.1448 165.2779 -1064.384
v 114.554 168.7843 -1053.867
v 128.5616 171.7616 -1052.172
v 131.4921 167.3243 -1064.992
v 118.5157 152.9682 -1068.015
v 96.74171 153.3837 -1071.701
v 97.69455 164.8071 -1068.217
v 127.4339 159.9279 -1039.534
v 114.554 168.7843 -1053.867
v 128.5616 171.7616 -1052.172
v 114.554 168.7843 -1053.867
v 127.4339 159.9279 -1039.534
v 110.2442 158.5734 -1043.737
v 114.554 168.7843 -1053.867
v 110.2442 158.5734 -1043.737
v 93.35867 168.2071 -1057.578
v 110.2442 158.5734 -1043.737
v 87.88606 160.2676 -1049.323
v 93.35867 168.2071 -1057.578
v 412.6575 262.8656 -1171.645
v 412.7758 222.0044 -1137.527
v 410.5551 223.8215 -1137.679
v 415.4792 219.8746 -1138.141
v 407.8288 224.4872 -1137.334
v 409.702 264.859 -1172.442
v 402.3287 180.7729 -1098.253
v 403.5074 222.6503 -1136.384
v 409.702 264.859 -1172.442
v 397.0641 178.7474 -1098.879
v 400.0936 217.0554 -1135.939
v 409.702 264.859 -1172.442
v 391.0328 171.9758 -1101.516
v 387.3924 190.3587 -1127.014
v 389.7095 223.4831 -1154.392
v 409.702 264.859 -1172.442
v 382.6294 205.336 -1141.874
v 379.8373 174.634 -1117.842
v 371.866 184.8852 -1126.239
v 369.774 161.8814 -1108.233
v 363.1469 173.2914 -1118.867
v 361.3939 152.9183 -1103.117
v 354.4694 163.682 -1112.443
v 353.0353 145.6371 -1098.729
v 343.9491 153.2809 -1110.956
v 342.5739 136.2348 -1097.959
v 333.8902 146.7628 -1110.942
v 332.4764 129.2393 -1097.582
v 341.277 120.1601 -1085.704
v 331.1432 112.7144 -1084.983
v 340.9524 111.8216 -1080.036
v 351.3583 120.282 -1080.127
v 351.6829 128.6205 -1085.796
v 357.6387 120.7594 -1078.353
v 359.7407 133.7061 -1088.265
v 366.1724 122.4845 -1077.245
v 367.8012 140.1884 -1091.253
v 375.6013 126.4183 -1073.394
v 377.2044 145.6815 -1095.179
v 380.8662 128.2135 -1071.603
v 385.2073 159.122 -1101.196
v 383.6008 130.4923 -1067.3
v 330.8186 104.3759 -1079.314
v 408.1751 179.6222 -1099.229
v 412.9014 178.6152 -1101.299
v 416.2502 178.7782 -1105.391
v 417.6867 178.955 -1109.943
v 416.3489 217.7067 -1138.808
v 385.9547 129.5579 -1066.741
v 391.0328 171.9758 -1101.516
v 397.0641 178.7474 -1098.879
v 475.6599 229.2744 -1084.728
v 484.9387 256.404 -1107.221
v 487.9456 253.5658 -1108.058
v 479.7741 224.7357 -1086.408
v 476.1145 253.2557 -1105.327
v 462.6441 217.7546 -1075.914
v 457.7077 224.5888 -1088.286
v 448.4368 197.6063 -1063.051
v 445.7609 202.175 -1075.372
v 442.1435 185.9653 -1056.986
v 440.5749 183.0639 -1055.474
v 438.5803 179.3744 -1053.552
v 435.0477 183.4974 -1065.325
v 431.6933 168.2941 -1050.514
v 434.5442 171.4918 -1049.883
v 502.7845 308.5821 -1150.482
v 494.4051 306.8558 -1152.607
v 502.7845 308.5821 -1150.482
v 475.538 276.484 -1136.821
v 459.5713 246.0273 -1117.339
v 443.2664 220.7476 -1101.615
v 426.8367 199.3467 -1092.92
v 420.444 162.8543 -1061.605
v 410.1343 182.5299 -1084.84
v 406.4554 148.1554 -1056.171
v 391.5685 161.2842 -1083.012
v 404.148 145.0311 -1055.635
v 399.6643 140.7636 -1056.18
v 395.7306 134.5756 -1054.07
v 389.2135 126.3235 -1052.794
v 371.6012 147.2837 -1083.533
v 368.5053 111.8011 -1056.231
v 387.9891 108.1461 -1037.082
v 366.8956 93.35226 -1042.035
v 353.9738 110.2987 -1066.239
v 349.3697 96.19371 -1058.859
v 346.3094 110.8995 -1071.657
v 331.7621 102.2704 -1076.987
v 336.5981 115.1571 -1081.877
v 327.3451 122.0218 -1093.255
v 356.4108 138.6296 -1086.104
v 346.8417 137.9803 -1090.602
v 338.4174 142.645 -1098.342
v 326.8141 155.7178 -1115.246
v 333.4484 82.99696 -1063.567
v 348.5029 77.84157 -1046.169
v 365.7333 80.03096 -1031.785
v 387.7467 104.5475 -1033.972
v 387.1049 95.02081 -1025.737
v 394.3943 109.6079 -1032.034
v 403.7173 122.5732 -1034.834
v 402.2048 127.1567 -1040.673
v 404.1095 126.2372 -1037.89
v 407.5379 126.0121 -1035.191
v 407.3645 128.6024 -1037.713
v 408.4978 128.0422 -1036.371
v 401.5261 129.8738 -1043.881
v 403.8684 140.6693 -1051.704
v 404.9372 133.9706 -1044.34
v 405.7697 141.7499 -1050.828
v 407.4316 143.3412 -1050.578
v 417.1202 143.8803 -1045.323
v 408.5082 145.2058 -1052.16
v 418.2052 150.0738 -1050.638
v 419.9683 150.3633 -1048.134
v 422.953 152.5303 -1045.807
v 422.989 151.0517 -1043.634
v 418.6357 144.1575 -1042.794
v 416.3799 139.654 -1041.696
v 415.1137 137.6863 -1040.695
v 411.3543 134.9746 -1040.82
v 405.7956 131.6375 -1041.668
v 408.9548 147.7849 -1054.272
v 408.3016 148.126 -1055.657
v 419.5222 152.8966 -1051.738
v 421.5299 156.347 -1052.444
v 502.1826 250.1661 -1100.785
v 495.0385 252.5726 -1099.419
v 505.0977 306.9091 -1147.744
v 489.797 223.4659 -1073.62
v 481.5236 225.9405 -1079.491
v 489.2908 254.4542 -1103.332
v 505.0977 306.9091 -1147.744
v 500.9519 224.0342 -1079.227
v 479.8979 204.3283 -1058.229
v 475.9151 205.3517 -1062.276
v 473.8739 203.9185 -1070.776
v 479.7741 224.7357 -1086.408
v 489.2908 254.4542 -1103.332
v 487.9456 253.5658 -1108.058
v 503.9455 309.1546 -1149.44
v 486.2417 203.7229 -1056.12
v 493.7339 201.3018 -1056.739
v 499.8203 200.0052 -1059.405
v 503.1873 197.7 -1065.743
v 503.6625 221.8782 -1083.927
v 504.1794 248.1723 -1103.702
v 505.0977 306.9091 -1147.744
v 502.3747 198.483 -1073.97
v 503.3342 221.2789 -1089.481
v 504.1794 248.1723 -1103.702
v 506.8859 305.6658 -1146.898
v 504.3776 246.0699 -1106.349
v 503.3342 221.2789 -1089.481
v 489.2908 254.4542 -1103.332
v 503.9455 309.1546 -1149.44
v 505.0977 306.9091 -1147.744
v 504.1794 248.1723 -1103.702
v 506.8859 305.6658 -1146.898
v 504.3776 246.0699 -1106.349
v 507.9235 304.9054 -1146.44
v 507.9987 245.2038 -1108.235
v 508.983 304.1289 -1145.972
v 504.3776 246.0699 -1106.349
v 507.9235 304.9054 -1146.44
v 507.9987 245.2038 -1108.235
v 503.3342 221.2789 -1089.481
v 508.0319 218.8567 -1091.375
v 502.3747 198.483 -1073.97
v 508.0624 194.6297 -1075.872
v 511.1286 193.0506 -1083.582
v 510.6673 216.9285 -1096.993
v 507.9987 245.2038 -1108.235
v 510.1657 242.8962 -1111.579
v 508.983 304.1289 -1145.972
v 487.9456 253.5658 -1108.058
v 502.7845 308.5821 -1150.482
v 503.9455 309.1546 -1149.44
v 437.0414 174.4879 -1048.875
v 441.2214 178.9275 -1047.259
v 442.1438 183.5692 -1053.014
v 443.5832 186.3725 -1054.634
v 445.6122 189.3852 -1055.363
v 449.5673 192.504 -1056.641
v 454.1387 197.6063 -1059.723
v 456.0105 200.2717 -1061.429
v 452.4339 194.0846 -1056.882
v 453.6492 195.4164 -1057.651
v 458.1245 202.0501 -1062.788
v 461.5416 204.292 -1064.443
v 466.2471 207.9359 -1067.199
v 468.8155 211.8325 -1070.338
v 467.5423 208.7711 -1067.813
v 469.6797 211.7895 -1070.231
v 473.8739 203.9185 -1070.776
v 410.7247 68.60181 -972.0086
v 490.8761 245.7759 -1108.414
v 490.6653 241.7464 -1113.487
v 410.9355 72.63146 -966.9346
v 406.6367 66.68245 -976.6594
v 486.5774 239.8268 -1118.138
v 480.525 240.9157 -1120.19
v 400.5844 67.77129 -978.7111
v 395.3996 71.35895 -977.2034
v 475.3403 244.5034 -1118.682
v 393.5084 75.76673 -972.8422
v 473.4491 248.9111 -1114.321
v 475.7364 252.0766 -1109.147
v 395.7957 78.93219 -967.6677
v 393.5084 75.76673 -972.8422
v 473.4491 248.9111 -1114.321
v 481.132 252.5185 -1105.58
v 401.1913 79.37412 -964.1015
v 407.1704 76.88578 -963.8119
v 487.1111 250.0302 -1105.291
v 490.8761 245.7759 -1108.414
v 410.9355 72.63146 -966.9346
v 373.9868 164.5571 -1022.65
v 364.3396 155.6701 -1049.487
v 383.0941 148.8314 -1027.161
v 364.3396 155.6701 -1049.487
v 373.9868 164.5571 -1022.65
v 361.0126 169.4439 -1046.517
v 355.921 169.4875 -1054.99
v 354.2786 170.3679 -1058.26
v 360.6279 156.0357 -1058.173
v 359.868 156.1821 -1063.982
v 364.3396 155.6701 -1049.487
v 352.427 171.3603 -1061.948
v 358.8247 156.0745 -1068.619
v 360.2495 163.0264 -1015.856
v 361.0126 169.4439 -1046.517
v 373.9868 164.5571 -1022.65
v 346.5183 168.5092 -1036.872
v 333.7268 153.8016 -1041.058
v 341.0902 168.851 -1046.76
v 338.4759 169.8043 -1050.08
v 330.6564 153.7964 -1041.671
v 327.9818 154.1525 -1045.202
v 354.2786 170.3679 -1058.26
v 355.921 169.4875 -1054.99
v 361.0126 169.4439 -1046.517
v 346.5183 168.5092 -1036.872
v 352.427 171.3603 -1061.948
v 335.5287 170.879 -1053.821
v 325.3065 154.643 -1051.066
v 335.5287 170.879 -1053.821
v 360.2495 163.0264 -1015.856
v 339.6494 152.9737 -1032.942
v 346.5183 168.5092 -1036.872
v 333.7268 153.8016 -1041.058
v 339.6494 152.9737 -1032.942
v 355.6212 149.0904 -1009.811
v 364.333 166.2197 -1006.763
v 355.6212 149.0904 -1009.811
v 360.2495 163.0264 -1015.856
v 364.333 166.2197 -1006.763
v 362.1434 150.5699 -1001.262
v 365.8718 151.1794 -995.556
v 360.2495 163.0264 -1015.856
v 373.9868 164.5571 -1022.65
v 364.333 166.2197 -1006.763
v 381.4836 166.8683 -1019.409
v 373.9868 164.5571 -1022.65
v 383.0941 148.8314 -1027.161
v 381.4836 166.8683 -1019.409
v 395.6585 147.4919 -1025.484
v 395.6585 147.4919 -1025.484
v 386.9533 164.7907 -1017.71
v 406.7995 146.0513 -1020.562
v 394.6611 167.6415 -1011.723
v 413.3377 149.9287 -1013.712
v 403.0901 170.7593 -1005.175
v 380.3566 168.7849 -990.506
v 373.0423 164.9946 -996.8726
v 386.9533 164.7907 -1017.71
v 420.4875 154.1688 -1006.221
v 388.3553 172.93 -983.5436
v 413.6183 174.6533 -996.9968
v 427.9191 158.9719 -999.433
v 364.333 166.2197 -1006.763
v 381.4836 166.8683 -1019.409
v 373.0423 164.9946 -996.8726
v 373.0423 164.9946 -996.8726
v 386.9533 164.7907 -1017.71
v 373.0423 164.9946 -996.8726
v 365.8718 151.1794 -995.556
v 364.333 166.2197 -1006.763
v 373.0423 164.9946 -996.8726
v 370.092 146.488 -983.0907
v 379.981 150.6427 -979.3203
v 380.3566 168.7849 -990.506
v 388.3553 172.93 -983.5436
v 388.5311 156.7543 -968.9246
v 388.3553 172.93 -983.5436
v 403.0901 170.7593 -1005.175
v 401.1581 175.7204 -980.1072
v 401.1581 175.7204 -980.1072
v 413.6183 174.6533 -996.9968
v 388.3553 172.93 -983.5436
v 401.1581 175.7204 -980.1072
v 402.4164 161.341 -964.3056
v 388.5311 156.7543 -968.9246
v 388.3553 172.93 -983.5436
v 402.4164 161.341 -964.3056
v 401.1581 175.7204 -980.1072
v 422.2397 179.6866 -955.6516
v 402.4164 161.341 -964.3056
v 401.1581 175.7204 -980.1072
v 415.5459 193.3991 -976.2399
v 426.9332 195.9525 -996.1466
v 415.5459 193.3991 -976.2399
v 401.1581 175.7204 -980.1072
v 434.4495 209.1292 -994.4377
v 433.074 196.7999 -951.2951
v 422.2397 179.6866 -955.6516
v 423.5909 210.0564 -976.0807
v 441.0614 220.1822 -994.0435
v 434.4495 209.1292 -994.4377
v 433.6066 224.9243 -976.8303
v 443.1837 218.6649 -957.2001
v 445.7004 230.2335 -994.213
v 441.105 238.1805 -977.9608
v 459.0479 248.922 -1002.039
v 415.5459 193.3991 -976.2399
v 423.5909 210.0564 -976.0807
v 423.5909 210.0564 -976.0807
v 433.074 196.7999 -951.2951
v 451.1432 237.0338 -962.4006
v 443.1837 218.6649 -957.2001
v 451.1432 237.0338 -962.4006
v 441.105 238.1805 -977.9608
v 463.9355 264.4575 -987.0901
v 451.1432 237.0338 -962.4006
v 453.1603 258.9927 -993.4359
v 461.0947 270.1946 -994.8162
v 426.9332 195.9525 -996.1466
v 401.1581 175.7204 -980.1072
v 413.6183 174.6533 -996.9968
v 468.0354 229.3725 -962.8026
v 443.1837 218.6649 -957.2001
v 451.1432 237.0338 -962.4006
v 463.9355 264.4575 -987.0901
v 468.0354 229.3725 -962.8026
v 451.1432 237.0338 -962.4006
v 476.36 262.9666 -989.6028
v 473.4615 226.508 -968.8506
v 480.3102 259.852 -992.3745
v 460.8815 208.0579 -959.1564
v 443.1837 218.6649 -957.2001
v 433.074 196.7999 -951.2951
v 463.5476 200.3936 -962.6127
v 446.6886 185.3804 -956.8313
v 472.5525 270.2937 -1000.132
v 476.3523 267.8301 -1002.918
v 465.9459 276.6201 -1011.203
v 457.7092 277.0315 -1004.023
v 461.0947 270.1946 -994.8162
v 469.5147 274.8722 -1013.967
v 460.7875 276.339 -1020.701
v 457.7459 277.4328 -1019.362
v 451.5055 277.519 -1014.206
v 448.0456 275.4024 -1026.877
v 444.942 275.0332 -1026.87
v 448.0456 275.4024 -1026.877
v 476.2201 262.6371 -1008.405
v 480.1284 254.4535 -998.3336
v 474.8893 222.8581 -978.7646
v 469.4933 269.9844 -1018.929
v 460.7036 271.9581 -1024.103
v 448.6003 272.3485 -1028.827
v 444.0719 273.2372 -1027.468
v 443.5866 270.8014 -1028.912
v 442.3609 272.277 -1028.006
v 439.4797 269.1 -1028.272
v 444.942 275.0332 -1026.87
v 448.0456 275.4024 -1026.877
v 461.0947 270.1946 -994.8162
v 453.1603 258.9927 -993.4359
v 455.2337 264.8282 -998.8759
v 455.2337 264.8282 -998.8759
v 454.4283 270.5926 -1005.457
v 457.7092 277.0315 -1004.023
v 461.0947 270.1946 -994.8162
v 454.4283 270.5926 -1005.457
v 448.6418 272.2716 -1014.259
v 457.7092 277.0315 -1004.023
v 448.6418 272.2716 -1014.259
v 451.5055 277.519 -1014.206
v 440.2008 271.8674 -1023.45
v 440.2008 271.8674 -1023.45
v 441.9466 276.3426 -1024.918
v 444.942 275.0332 -1026.87
v 451.5055 277.519 -1014.206
v 441.9466 276.3426 -1024.918
v 441.9466 276.3426 -1024.918
v 442.3609 272.277 -1028.006
v 444.942 275.0332 -1026.87
v 442.3609 272.277 -1028.006
v 441.9466 276.3426 -1024.918
v 441.0229 273.1942 -1026.936
v 441.0229 273.1942 -1026.936
v 441.9466 276.3426 -1024.918
v 440.2008 271.8674 -1023.45
v 439.8286 270.7482 -1025.663
v 439.4797 269.1 -1028.272
v 441.0229 273.1942 -1026.936
v 442.3609 272.277 -1028.006
v 441.0229 273.1942 -1026.936
v 439.4797 269.1 -1028.272
v 352.707 156.4294 -1074.099
v 352.427 171.3603 -1061.948
v 347.4947 168.3451 -1066.877
v 358.8247 156.0745 -1068.619
v 335.5287 170.879 -1053.821
v 347.4947 168.3451 -1066.877
v 352.427 171.3603 -1061.948
v 347.4947 168.3451 -1066.877
v 333.8333 168.0897 -1060.994
v 325.3065 154.643 -1051.066
v 333.8333 168.0897 -1060.994
v 335.5287 170.879 -1053.821
v 325.351 155.7329 -1060.45
v 322.7536 160.4271 -1068.205
v 333.8333 168.0897 -1060.994
v 325.351 155.7329 -1060.45
v 331.8093 172.9005 -1066.953
v 331.8093 172.9005 -1066.953
v 347.4947 168.3451 -1066.877
v 333.8333 168.0897 -1060.994
v 346.085 172.9945 -1072.779
v 323.5602 164.1425 -1077.747
v 331.8093 172.9005 -1066.953
v 322.7536 160.4271 -1068.205
v 330.3049 172.9048 -1075.83
v 313.4002 180.3305 -1110.382
v 330.3049 172.9048 -1075.83
v 323.5602 164.1425 -1077.747
v 330.3049 172.9048 -1075.83
v 313.4002 180.3305 -1110.382
v 321.2165 188.543 -1106.432
v 313.4002 180.3305 -1110.382
v 308.8676 199.3159 -1129.467
v 321.2165 188.543 -1106.432
v 321.2165 188.543 -1106.432
v 308.8676 199.3159 -1129.467
v 318.7621 209.8943 -1123.492
v 321.2165 188.543 -1106.432
v 340.8904 172.8295 -1079.88
v 330.3049 172.9048 -1075.83
v 332.7405 187.944 -1109.745
v 340.8904 172.8295 -1079.88
v 331.8093 172.9005 -1066.953
v 330.3049 172.9048 -1075.83
v 346.085 172.9945 -1072.779
v 332.7405 187.944 -1109.745
v 344.9304 164.2509 -1085.79
v 340.8904 172.8295 -1079.88
v 336.4482 179.1326 -1117.009
v 344.9304 164.2509 -1085.79
v 332.7405 187.944 -1109.745
v 336.5143 198.4278 -1135.597
v 336.4482 179.1326 -1117.009
v 332.7405 187.944 -1109.745
v 333.8931 209.018 -1127.708
v 333.8931 209.018 -1127.708
v 338.3221 200.7319 -1138.54
v 321.2165 188.543 -1106.432
v 333.8931 209.018 -1127.708
v 332.7405 187.944 -1109.745
v 318.7621 209.8943 -1123.492
v 340.8904 172.8295 -1079.88
v 351.4063 160.7933 -1080.56
v 346.085 172.9945 -1072.779
v 344.9304 164.2509 -1085.79
v 346.085 172.9945 -1072.779
v 351.4063 160.7933 -1080.56
v 347.4947 168.3451 -1066.877
v 352.707 156.4294 -1074.099
v 334.359 214.3162 -1130.116
v 338.3221 200.7319 -1138.54
v 333.8931 209.018 -1127.708
v 339.2265 206.0308 -1143.382
v 334.8334 219.7131 -1132.568
v 343.2994 210.5767 -1147.812
v 318.6359 215.5595 -1126.174
v 318.5073 221.3302 -1128.906
v 335.9964 228.8504 -1137.529
v 302.9366 208.6418 -1131.843
v 302.3371 214.5902 -1137.605
v 316.3443 231.2727 -1133.751
v 306.0145 203.5426 -1130.078
v 318.7621 209.8943 -1123.492
v 318.7621 209.8943 -1123.492
v 333.8931 209.018 -1127.708
v 335.9964 228.8504 -1137.529
v 343.2994 210.5767 -1147.812
v 334.8334 219.7131 -1132.568
v 316.3443 231.2727 -1133.751
v 335.9964 228.8504 -1137.529
v 318.5073 221.3302 -1128.906
v 304.1508 220.3077 -1142.958
v 316.3443 231.2727 -1133.751
v 302.3371 214.5902 -1137.605
v 316.5683 235.7316 -1140.584
v 316.5683 235.7316 -1140.584
v 335.9964 228.8504 -1137.529
v 316.3443 231.2727 -1133.751
v 334.8842 233.1701 -1143.704
v 316.7505 239.3615 -1146.147
v 333.9789 236.6866 -1148.73
v 343.12 219.6149 -1157.581
v 342.8775 214.8419 -1151.938
v 335.9964 228.8504 -1137.529
v 343.2994 210.5767 -1147.812
v 335.9964 228.8504 -1137.529
v 316.5683 235.7316 -1140.584
v 304.1508 220.3077 -1142.958
v 302.6325 227.1835 -1149.32
v 316.7505 239.3615 -1146.147
v 468.7779 254.6048 -1011.85
v 465.5672 263.1534 -1020.548
v 457.3761 262.8728 -1013.903
v 459.7799 255.83 -1007.407
v 454.4283 270.5926 -1005.457
v 457.8193 266.2529 -1024.247
v 452.0923 266.3638 -1019.722
v 448.6418 272.2716 -1014.259
v 454.4283 270.5926 -1005.457
v 459.0479 248.922 -1002.039
v 442.5142 267.6613 -1024.929
v 448.6418 272.2716 -1014.259
v 459.7799 255.83 -1007.407
v 454.4283 270.5926 -1005.457
v 455.2337 264.8282 -998.8759
v 453.1603 258.9927 -993.4359
v 459.0479 248.922 -1002.039
v 441.105 238.1805 -977.9608
v 476.2201 262.6371 -1008.405
v 465.5672 263.1534 -1020.548
v 468.7779 254.6048 -1011.85
v 469.4933 269.9844 -1018.929
v 460.7036 271.9581 -1024.103
v 457.8193 266.2529 -1024.247
v 448.6003 272.3485 -1028.827
v 480.1284 254.4535 -998.3336
v 468.7779 254.6048 -1011.85
v 471.4722 247.4313 -1004.552
v 464.8511 224.0049 -994.3248
v 471.4722 247.4313 -1004.552
v 474.8893 222.8581 -978.7646
v 457.7469 210.3877 -994.1426
v 468.8051 202.8772 -975.8565
v 449.2906 194.1789 -993.9259
v 434.4495 209.1292 -994.4377
v 441.0614 220.1822 -994.0435
v 455.8849 181.7872 -974.4094
v 426.9332 195.9525 -996.1466
v 439.6679 178.5231 -996.0298
v 439.6679 178.5231 -996.0298
v 413.6183 174.6533 -996.9968
v 444.0874 165.2591 -978.4186
v 427.9191 158.9719 -999.433
v 445.7004 230.2335 -994.213
v 464.8511 224.0049 -994.3248
v 459.0479 248.922 -1002.039
v 440.9225 164.9179 -967.1085
v 424.3134 143.9982 -973.1111
v 435.2176 166.4538 -959.5609
v 446.6886 185.3804 -956.8313
v 452.8589 183.009 -963.6119
v 463.5476 200.3936 -962.6127
v 417.1022 145.9772 -966.465
v 409.8766 137.1143 -984.3187
v 402.4374 138.6367 -977.5341
v 398.2798 131.9191 -993.6282
v 390.6163 133.4197 -987.0987
v 387.6754 127.1684 -1002.141
v 395.1816 129.2895 -1010.746
v 405.1197 133.8048 -1002.828
v 413.3377 149.9287 -1013.712
v 420.4875 154.1688 -1006.221
v 415.9879 138.7425 -994.1698
v 427.9191 158.9719 -999.433
v 429.5624 144.91 -983.3548
v 406.7995 146.0513 -1020.562
v 388.5311 156.7543 -968.9246
v 379.981 150.6427 -979.3203
v 379.8069 128.649 -995.8448
v 379.8069 128.649 -995.8448
v 395.6585 147.4919 -1025.484
v 386.4482 130.1048 -1016.678
v 378.7727 127.5771 -1009.961
v 379.8069 128.649 -995.8448
v 371.1766 128.5734 -1005.407
v 377.3097 134.8019 -1020.299
v 371.1115 132.2123 -1016.315
v 371.1766 128.5734 -1005.407
v 365.5988 132.8959 -1014.542
v 351.315 137.7656 -1041.859
v 347.2746 138.3731 -1038.656
v 339.6494 152.9737 -1032.942
v 355.6212 149.0904 -1009.811
v 371.1766 128.5734 -1005.407
v 357.1288 140.1671 -1045.926
v 364.3396 155.6701 -1049.487
v 352.1638 141.3244 -1059.046
v 345.0078 139.2732 -1055.467
v 342.295 138.9616 -1060.649
v 350.3528 141.0017 -1064.254
v 359.868 156.1821 -1063.982
v 360.6279 156.0357 -1058.173
v 364.3396 155.6701 -1049.487
v 336.4254 140.091 -1057.033
v 339.845 140.2227 -1052.103
v 327.9818 154.1525 -1045.202
v 333.7268 153.8016 -1041.058
v 339.237 138.6106 -1066.49
v 332.5703 139.9424 -1062.59
v 330.5968 144.0031 -1069.554
v 336.4168 142.7891 -1072.744
v 325.351 155.7329 -1060.45
v 325.3065 154.643 -1051.066
v 344.2581 144.2582 -1075.438
v 348.3113 140.638 -1070.124
v 328.1765 148.4042 -1076.691
v 322.7536 160.4271 -1068.205
v 325.351 155.7329 -1060.45
v 334.0001 147.0198 -1080.07
v 327.401 155.3051 -1083.714
v 323.5602 164.1425 -1077.747
v 322.7536 160.4271 -1068.205
v 331.5027 154.1814 -1086.259
v 317.1079 171.5191 -1117.645
v 313.4002 180.3305 -1110.382
v 323.5602 164.1425 -1077.747
v 321.2915 170.2917 -1120.557
v 313.287 187.8611 -1138.56
v 313.4002 180.3305 -1110.382
v 319.1743 186.3713 -1142.336
v 328.4182 186.9848 -1142.776
v 328.6319 170.9202 -1120.958
v 336.4482 179.1326 -1117.009
v 344.9304 164.2509 -1085.79
v 337.7873 154.971 -1087.821
v 344.9304 164.2509 -1085.79
v 342.4521 148.4981 -1082.516
v 351.4063 160.7933 -1080.56
v 344.9304 164.2509 -1085.79
v 352.707 156.4294 -1074.099
v 351.4063 160.7933 -1080.56
v 318.929 190.8208 -1146.895
v 328.698 191.1039 -1146.81
v 336.5143 198.4278 -1135.597
v 336.4482 179.1326 -1117.009
v 338.3221 200.7319 -1138.54
v 328.983 195.2999 -1150.918
v 339.2265 206.0308 -1143.382
v 343.2994 210.5767 -1147.812
v 318.6791 195.3531 -1151.538
v 330.2831 200.0142 -1158.781
v 343.2994 210.5767 -1147.812
v 317.6466 200.5848 -1160.304
v 310.631 202.4365 -1155.003
v 312.6567 196.9171 -1147.256
v 302.3371 214.5902 -1137.605
v 302.9366 208.6418 -1131.843
v 312.9748 192.3473 -1142.868
v 306.0145 203.5426 -1130.078
v 308.8676 199.3159 -1129.467
v 308.8676 199.3159 -1129.467
v 329.9263 205.7511 -1161.801
v 317.9997 206.6065 -1163.716
v 329.6359 210.4212 -1164.259
v 342.8775 214.8419 -1151.938
v 343.12 219.6149 -1157.581
v 318.2871 211.5084 -1166.494
v 311.6103 208.3127 -1158.682
v 312.4074 213.0962 -1161.676
v 304.1508 220.3077 -1142.958
v 302.3371 214.5902 -1137.605
v 343.2994 210.5767 -1147.812
v 313.4002 180.3305 -1110.382
v 308.8676 199.3159 -1129.467
v 304.1508 220.3077 -1142.958
v 302.6325 227.1835 -1149.32
v 343.2994 210.5767 -1147.812
v 446.5733 267.9305 -1027.875
v 452.0923 266.3638 -1019.722
v 457.8193 266.2529 -1024.247
v 442.5142 267.6613 -1024.929
v 443.352 268.8364 -1028.476
v 446.5733 267.9305 -1027.875
v 442.5142 267.6613 -1024.929
v 443.352 268.8364 -1028.476
v 441.1336 268.3489 -1026.531
v 439.4797 269.1 -1028.272
v 446.5733 267.9305 -1027.875
v 443.5866 270.8014 -1028.912
v 443.352 268.8364 -1028.476
v 448.6003 272.3485 -1028.827
v 457.8193 266.2529 -1024.247
v 439.4797 269.1 -1028.272
v 448.6418 272.2716 -1014.259
v 442.5142 267.6613 -1024.929
v 440.2008 271.8674 -1023.45
v 440.2008 271.8674 -1023.45
v 442.5142 267.6613 -1024.929
v 439.8286 270.7482 -1025.663
v 441.1336 268.3489 -1026.531
v 439.4797 269.1 -1028.272
v 459.0479 248.922 -1002.039
v 464.8511 224.0049 -994.3248
v 471.4722 247.4313 -1004.552
v 439.6679 178.5231 -996.0298
v 413.6183 174.6533 -996.9968
v 427.9191 158.9719 -999.433
v 371.1766 128.5734 -1005.407
v 355.6212 149.0904 -1009.811
v 362.1434 150.5699 -1001.262
v 365.8718 151.1794 -995.556
v 379.8069 128.649 -995.8448
v 379.8069 128.649 -995.8448
v 365.8718 151.1794 -995.556
v 370.092 146.488 -983.0907
v 383.0941 148.8314 -1027.161
v 364.3396 155.6701 -1049.487
v 377.3097 134.8019 -1020.299
v 383.0941 148.8314 -1027.161
v 395.6585 147.4919 -1025.484
v 333.7268 153.8016 -1041.058
v 330.6564 153.7964 -1041.671
v 325.3065 154.643 -1051.066
v 339.6494 152.9737 -1032.942
v 347.2746 138.3731 -1038.656
v 333.7268 153.8016 -1041.058
v 348.3113 140.638 -1070.124
v 352.707 156.4294 -1074.099
v 344.2581 144.2582 -1075.438
v 358.8247 156.0745 -1068.619
v 306.0145 203.5426 -1130.078
v 318.7621 209.8943 -1123.492
v 308.8676 199.3159 -1129.467
v 471.4722 247.4313 -1004.552
v 468.7779 254.6048 -1011.85
v 473.4615 226.508 -968.8506
v 422.2397 179.6866 -955.6516
v 433.074 196.7999 -951.2951
v 402.4164 161.341 -964.3056
v 402.4164 161.341 -964.3056
v 402.4164 161.341 -964.3056
v 453.1603 258.9927 -993.4359
v 459.7799 255.83 -1007.407
v 455.2337 264.8282 -998.8759
v 374.922 148.6504 -980.1783
v 370.092 146.488 -983.0907
v 373.0423 164.9946 -996.8726
v 373.0423 164.9946 -996.8726
v 379.981 150.6427 -979.3203
v 374.922 148.6504 -980.1783
v 379.8069 128.649 -995.8448
v 374.922 148.6504 -980.1783
v 379.981 150.6427 -979.3203
v 379.8069 128.649 -995.8448
v 370.092 146.488 -983.0907
v 374.922 148.6504 -980.1783
v 348.3113 140.638 -1070.124
v 358.8247 156.0745 -1068.619
v 348.3113 140.638 -1070.124
v 64.3155 252.2391 -1012.467
v 63.2687 213.0864 -981.8737
v 61.65372 252.0683 -1013.741
v 67.99237 212.6421 -979.0184
v 56.91377 211.8801 -988.2527
v 57.99939 250.6551 -1016.855
v 72.9065 213.1117 -978.1392
v 68.70965 254.0212 -1011.81
v 77.22906 221.7014 -974.7234
v 79.01756 207.985 -962.1019
v 85.11683 208.3449 -958.025
v 81.94856 224.8141 -973.912
v 72.98755 204.7307 -970.3275
v 88.31507 225.8469 -973.0995
v 92.49414 209.5003 -956.9775
v 98.78421 225.514 -976.474
v 78.9733 261.8141 -1009.385
v 85.16137 261.3957 -1011.82
v 100.2845 226.6123 -980.8144
v 86.0903 261.7365 -1013.954
v 104.8362 209.104 -960.9642
v 106.5774 210.4508 -966.199
v 103.2683 221.0559 -981.1403
v 107.1903 209.7229 -967.8685
v 109.3148 205.6466 -968.0828
v 104.4153 215.5986 -985.0603
v 111.0151 197.2346 -971.1773
v 110.4792 200.8194 -968.6533
v 115.5688 198.4854 -977.4446
v 108.4043 216.6861 -990.3464
v 114.8211 202.6041 -987.1793
v 108.0083 220.1091 -998.4473
v 91.12297 255.9075 -1020.025
v 92.01967 256.7275 -1024.605
v 94.71067 257.1825 -1026.43
v 112.8402 221.1987 -1001.982
v 116.193 222.6754 -1007.794
v 96.44443 257.818 -1030.593
v 120.507 203.8878 -991.3272
v 124.2906 206.0608 -998.1339
v 123.0038 210.3878 -1003.077
v 115.5135 226.0658 -1012.049
v 88.86095 255.5725 -1017.364
v 87.5961 259.0118 -1014.435
v 97.0153 258.0012 -1032.421
v 82.4973 282.8574 -1048.08
v 80.65719 285.0758 -1045.382
v 74.53698 296.8079 -1057.175
v 73.04443 300.1857 -1055.649
v 75.04543 288.8693 -1039.702
v 76.80365 286.559 -1042.405
v 70.6526 302.3668 -1055.179
v 71.73184 289.6945 -1037.511
v 67.36115 306.5223 -1054.488
v 69.25157 289.1794 -1036.805
v 65.63655 307.5049 -1054.711
v 68.21224 288.4405 -1036.939
v 63.2959 306.7922 -1055.244
v 65.45636 285.7329 -1037.911
v 55.6211 297.6585 -1060.363
v 61.46528 282.9333 -1038.395
v 60.40183 282.2858 -1038.443
v 58.8409 280.7121 -1039.026
v 72.14967 259.2973 -1009.771
v 74.79597 261.0728 -1009.341
v 63.2959 306.7922 -1055.244
v 56.18888 300.4846 -1065.902
v 58.12184 301.3943 -1067.402
v 64.47216 293.9052 -1066.826
v 74.53698 296.8079 -1057.175
v 73.04443 300.1857 -1055.649
v 66.14412 291.713 -1067.042
v 70.6526 302.3668 -1055.179
v 64.47216 293.9052 -1066.826
v 70.6526 302.3668 -1055.179
v 61.95485 296.2468 -1067.811
v 61.0838 298.9107 -1067.485
v 68.5985 305.0211 -1054.793
v 67.36115 306.5223 -1054.488
v 59.84641 300.4117 -1067.18
v 65.63655 307.5049 -1054.711
v 58.12184 301.3943 -1067.402
v 70.6526 302.3668 -1055.179
v 67.36115 306.5223 -1054.488
v 70.6526 302.3668 -1055.179
v 77.72705 286.3107 -1043.03
v 73.04443 300.1857 -1055.649
v 79.62567 285.113 -1044.881
v 58.12184 301.3943 -1067.402
v 65.63655 307.5049 -1054.711
v 63.2959 306.7922 -1055.244
v 97.0153 258.0012 -1032.421
v 80.97311 274.4892 -1054.892
v 93.56615 252.2141 -1043.919
v 71.45447 292.4787 -1066.616
v 102.0327 241.6203 -1038.442
v 97.0153 258.0012 -1032.421
v 101.7413 244.1314 -1028.547
v 108.7424 231.7383 -1027.881
v 101.7413 244.1314 -1028.547
v 109.2553 232.5418 -1037.529
v 106.696 210.7539 -1004.402
v 116.5505 199.7335 -1002.166
v 110.0992 183.8296 -988.6018
v 100.7493 218.8704 -998.6306
v 97.83194 223.4068 -1010.241
v 97.0153 258.0012 -1032.421
v 101.7413 244.1314 -1028.547
v 91.38914 236.6282 -1010.285
v 87.74985 247.062 -1025.432
v 117.2244 223.8655 -1030.173
v 114.8431 226.5564 -1039.355
v 125.7395 217.363 -1035.9
v 121.2852 221.162 -1044.107
v 125.7935 216.8895 -1047.916
v 121.9706 192.6893 -1006.872
v 129.3096 185.6897 -1010.77
v 139.799 178.0021 -1020.852
v 133.3741 211.0581 -1045.358
v 143.3313 195.311 -1052.484
v 142.3943 197.4505 -1052.682
v 144.5633 161.8898 -1002.76
v 146.931 159.1538 -1005.373
v 148.7366 171.0919 -1036.471
v 155.1668 148.3597 -1012.154
v 159.6519 147.218 -1029.543
v 153.6848 165.9828 -1052.422
v 158.6107 145.022 -1019.761
v 155.5517 146.9993 -1010.699
v 165.1518 137.5685 -1052.848
v 159.1847 156.3333 -1075.726
v 152.085 150.1772 -1005.137
v 151.2876 151.5531 -1005.188
v 145.6874 159.4441 -1001.548
v 145.2922 159.4249 -999.9918
v 146.7459 157.9298 -1002.184
v 150.1277 153.0921 -1004.219
v 147.1136 156.7312 -1000.889
v 148.5151 154.3288 -1000.837
v 147.4205 155.1683 -998.5403
v 146.5475 156.9388 -999.191
v 145.8888 157.407 -997.726
v 146.2957 156.0309 -996.1807
v 144.7237 157.9028 -995.9679
v 144.9914 156.5529 -994.1552
v 141.7729 159.4993 -992.1302
v 141.8954 158.2449 -990.1603
v 139.4852 160.8201 -989.3053
v 139.9009 159.5425 -987.9596
v 138.2872 161.8049 -988.3514
v 138.608 160.3836 -986.5331
v 136.4599 163.569 -987.3663
v 136.0828 162.7383 -985.0229
v 135.5572 164.5192 -987.0207
v 133.4436 165.257 -984.4915
v 133.4278 166.1472 -986.069
v 130.3461 168.1088 -983.889
v 129.8476 169.7605 -985.5667
v 127.1441 171.4589 -983.598
v 126.5422 173.929 -986.3058
v 123.6302 175.8818 -984.5087
v 124.5663 176.2353 -986.5486
v 121.3195 179.2144 -985.74
v 126.4163 174.4457 -986.8723
v 125.9397 176.4012 -989.0161
v 128.7003 172.3258 -987.4971
v 120.476 180.6564 -985.8688
v 124.9099 180.6272 -993.6488
v 130.1569 175.5671 -994.7233
v 132.9012 172.3365 -994.7894
v 130.843 174.29 -994.3297
v 133.9893 170.6903 -994.4783
v 136.8159 167.6365 -995.4647
v 134.7084 169.1997 -993.4802
v 134.0268 169.7053 -992.8385
v 134.9974 166.4162 -989.1488
v 136.2975 165.2411 -989.9933
v 137.9156 163.4514 -990.4579
v 129.4671 175.6616 -994.1006
v 133.8238 167.5705 -988.8987
v 133.3465 169.6008 -991.6016
v 133.3195 168.6099 -989.7678
v 144.6658 158.1946 -996.3597
v 127.4817 176.0779 -991.2388
v 128.536 174.3277 -990.4256
v 128.3682 174.2234 -989.9713
v 129.2936 174.1774 -991.5307
v 129.4102 174.8959 -992.8322
v 128.876 173.263 -989.4004
v 129.2031 172.3126 -988.4238
v 71.45447 292.4787 -1066.616
v 74.53698 296.8079 -1057.175
v 66.14412 291.713 -1067.042
v 152.7599 189.3892 -1100.231
v 147.26 199.0387 -1076.927
v 141.2004 204.4443 -1082.399
v 149.2627 197.9944 -1106.413
v 155.6084 174.7339 -1089.367
v 149.2482 188.8094 -1069.344
v 148.1277 192.0923 -1069.37
v 148.2431 191.5067 -1068.222
v 147.6645 192.0613 -1067.005
v 147.4357 194.8983 -1070.383
v 147.287 193.4158 -1062.507
v 146.0533 195.4481 -1064.234
v 146.0335 196.1407 -1065.847
v 145.3881 198.3667 -1064.097
v 145.5258 198.3069 -1065.525
v 145.0685 199.4757 -1065.803
v 144.3552 200.2597 -1062.615
v 143.1936 203.2374 -1063.819
v 142.3118 204.1479 -1060.977
v 135.5755 208.2211 -1064.357
v 140.9422 205.2068 -1058.584
v 136.8803 207.1927 -1068.153
v 141.9444 203.1432 -1058.489
v 142.6686 202.3116 -1059.615
v 132.2633 210.9365 -1057.451
v 141.4519 203.1312 -1057.085
v 141.9996 200.9004 -1055.474
v 145.0858 199.9728 -1066.294
v 144.5119 201.8761 -1068.069
v 138.5226 205.7702 -1072.51
v 145.1442 200.263 -1067.473
v 145.3636 200.0869 -1068.298
v 146.0982 198.5484 -1069.288
v 146.914 196.8625 -1070.236
v 140.2097 204.2243 -1077.061
v 128.3327 215.1942 -1050.897
v 65.04184 305.0578 -1067.836
v 62.39928 311.5636 -1068.295
v 62.52397 309.824 -1070.878
v 64.9172 306.9898 -1064.941
v 60.6826 307.9637 -1072.553
v 63.0144 302.9343 -1069.7
v 60.3781 312.3439 -1066.054
v 62.69878 307.8265 -1062.369
v 59.42472 307.1762 -1061.325
v 57.45298 311.8134 -1065.21
v 54.9976 310.2495 -1066.118
v 56.6269 305.3434 -1062.296
v 57.15922 312.3262 -1070.734
v 57.15922 312.3262 -1070.734
v 57.15922 312.3262 -1070.734
v 57.15922 312.3262 -1070.734
v 71.90434 291.0132 -1053.975
v 69.59676 291.8836 -1051.3
v 66.19104 291.2072 -1050.214
v 63.28072 289.3006 -1051.224
v 72.03401 289.0035 -1056.986
v 54.9976 310.2495 -1066.118
v 54.11645 308.3799 -1068.335
v 57.15922 312.3262 -1070.734
v 57.78095 306.8751 -1072.528
v 60.6826 307.9637 -1072.553
v 57.15922 312.3262 -1070.734
v 60.6826 307.9637 -1072.553
v 59.78364 301.6131 -1069.661
v 63.0144 302.9343 -1069.7
v 57.78095 306.8751 -1072.528
v 66.5644 285.4203 -1058.885
v 63.52438 285.5235 -1056.884
v 56.86113 301.7122 -1067.737
v 55.2014 307.0503 -1070.854
v 54.11645 308.3799 -1068.335
v 55.6144 303.1854 -1064.829
v 56.6269 305.3434 -1062.296
v 54.9976 310.2495 -1066.118
v 57.15922 312.3262 -1070.734
v 63.28072 289.3006 -1051.224
v 62.2275 287.0559 -1053.858
v 69.92508 286.7946 -1058.926
v 72.03401 289.0035 -1056.986
v 57.15922 312.3262 -1070.734
v 65.04184 305.0578 -1067.836
v 57.15922 312.3262 -1070.734
v 175.4807 160.0649 -994.9044
v 186.4252 159.0796 -964.6106
v 172.4525 163.9526 -966.9623
v 186.4252 159.0796 -964.6106
v 172.1745 169.393 -950.9508
v 190.0164 163.4898 -946.5427
v 186.4252 159.0796 -964.6106
v 175.4807 160.0649 -994.9044
v 190.6733 154.1646 -995.3842
v 192.7718 138.2986 -997.5146
v 186.4252 159.0796 -964.6106
v 190.6733 154.1646 -995.3842
v 192.129 139.5998 -1002.592
v 188.2338 158.08 -1010.633
v 189.9527 155.3212 -999.8882
v 190.6733 154.1646 -995.3842
v 186.4252 159.0796 -964.6106
v 192.7718 138.2986 -997.5146
v 191.3952 142.2489 -955.5093
v 191.3952 142.2489 -955.5093
v 190.0164 163.4898 -946.5427
v 186.4252 159.0796 -964.6106
v 190.0164 163.4898 -946.5427
v 191.3952 142.2489 -955.5093
v 193.2143 142.0739 -944.3451
v 198.6391 141.912 -936.1371
v 195.8302 169.1668 -936.4327
v 200.6633 143.4527 -931.9765
v 195.8302 169.1668 -936.4327
v 200.1224 144.7173 -927.2811
v 193.958 170.0156 -925.41
v 200.1224 144.7173 -927.2811
v 198.5091 150.511 -916.0914
v 172.4525 163.9526 -966.9623
v 163.4339 149.944 -993.3848
v 175.4807 160.0649 -994.9044
v 163.5208 154.7554 -965.7196
v 172.1745 169.393 -950.9508
v 159.162 158.5413 -948.171
v 162.587 150.205 -999.6555
v 175.4807 160.0649 -994.9044
v 172.1745 169.393 -950.9508
v 154.139 160.5258 -941.6473
v 159.162 158.5413 -948.171
v 171.0486 177.2096 -943.2449
v 151.7277 162.271 -937.4902
v 190.0164 163.4898 -946.5427
v 171.0486 177.2096 -943.2449
v 172.1745 169.393 -950.9508
v 195.8302 169.1668 -936.4327
v 195.8302 169.1668 -936.4327
v 171.8014 175.7623 -932.9232
v 171.0486 177.2096 -943.2449
v 171.8014 175.7623 -932.9232
v 193.958 170.0156 -925.41
v 152.4814 163.7755 -932.6024
v 171.0486 177.2096 -943.2449
v 171.8014 175.7623 -932.9232
v 171.8014 175.7623 -932.9232
v 155.6947 163.939 -928.3217
v 152.4814 163.7755 -932.6024
v 151.7277 162.271 -937.4902
v 171.0486 177.2096 -943.2449
v 198.6391 141.912 -936.1371
v 200.1224 144.7173 -927.2811
v 200.6633 143.4527 -931.9765
v 177.8705 134.5594 -932.5859
v 193.2143 142.0739 -944.3451
v 178.3625 131.1772 -957.9579
v 178.052 132.2697 -914.3676
v 178.3625 131.1772 -957.9579
v 193.2143 142.0739 -944.3451
v 191.3952 142.2489 -955.5093
v 192.7718 138.2986 -997.5146
v 178.3625 131.1772 -957.9579
v 191.3952 142.2489 -955.5093
v 180.4291 128.0551 -998.6885
v 180.4291 128.0551 -998.6885
v 164.3897 136.0501 -960.3096
v 178.3625 131.1772 -957.9579
v 160.5748 139.9467 -939.5778
v 177.8705 134.5594 -932.5859
v 180.4291 128.0551 -998.6885
v 165.2365 133.9552 -998.2089
v 154.2968 139.3428 -926.0359
v 160.5748 139.9467 -939.5778
v 178.052 132.2697 -914.3676
v 163.4339 149.944 -993.3848
v 164.3897 136.0501 -960.3096
v 165.2365 133.9552 -998.2089
v 163.5208 154.7554 -965.7196
v 159.162 158.5413 -948.171
v 160.5748 139.9467 -939.5778
v 162.587 150.205 -999.6555
v 160.5748 139.9467 -939.5778
v 154.139 160.5258 -941.6473
v 154.2968 139.3428 -926.0359
v 151.7277 162.271 -937.4902
v 160.5748 139.9467 -939.5778
v 159.162 158.5413 -948.171
v 154.2968 139.3428 -926.0359
v 151.7277 162.271 -937.4902
v 152.4814 163.7755 -932.6024
v 155.6947 163.939 -928.3217
v 158.6054 145.8382 -913.7709
v 178.052 132.2697 -914.3676
v 154.2968 139.3428 -926.0359
v 158.6054 145.8382 -913.7709
v 177.1981 139.476 -905.472
v 154.2968 139.3428 -926.0359
v 152.4814 163.7755 -932.6024
v 155.6947 163.939 -928.3217
v 178.052 132.2697 -914.3676
v 198.5091 150.511 -916.0914
v 200.1224 144.7173 -927.2811
v 177.1981 139.476 -905.472
v 162.587 150.205 -999.6555
v 165.2365 133.9552 -998.2089
v 166.4752 134.1506 -1005.385
v 158.0342 152.1538 -1004.471
v 164.2099 137.36 -1017.022
v 166.4752 134.1506 -1005.385
v 156.227 155.524 -1013.152
v 162.6409 139.583 -1025.082
v 176.9823 134.8622 -1025.918
v 178.1128 132.6296 -1016.988
v 166.4752 134.1506 -1005.385
v 175.8312 137.1355 -1035.012
v 161.0432 141.8465 -1033.29
v 155.3535 157.447 -1019.296
v 189.0972 146.3368 -1031.703
v 190.529 143.7644 -1023.2
v 191.9351 141.2381 -1014.85
v 179.7449 129.4063 -1004.094
v 166.4752 134.1506 -1005.385
v 158.0988 146.0178 -1048.414
v 173.7099 141.3248 -1051.77
v 186.4588 151.0772 -1047.372
v 173.7099 141.3248 -1051.77
v 152.9334 161.1228 -1026.984
v 153.0415 161.935 -1034.191
v 158.0988 146.0178 -1048.414
v 165.2365 133.9552 -998.2089
v 179.7449 129.4063 -1004.094
v 166.4752 134.1506 -1005.385
v 191.9351 141.2381 -1014.85
v 179.7449 129.4063 -1004.094
v 192.129 139.5998 -1002.592
v 173.7099 141.3248 -1051.77
v 155.7936 174.9371 -1083.384
v 158.0988 146.0178 -1048.414
v 155.7936 174.9371 -1083.384
v 169.512 172.4292 -1088.52
v 166.2811 194.0721 -1104.203
v 169.512 172.4292 -1088.52
v 166.2811 194.0721 -1104.203
v 151.6501 196.5018 -1097.808
v 165.1224 200.357 -1108.433
v 150.3599 202.4626 -1101.917
v 163.5535 208.8677 -1114.162
v 177.1997 213.5892 -1106.554
v 178.7847 207.7756 -1102.888
v 166.2811 194.0721 -1104.203
v 181.1178 179.4548 -1082.453
v 176.8113 221.7193 -1112.966
v 161.4637 218.9601 -1120.577
v 174.6981 232.7572 -1116.174
v 148.6128 210.5343 -1107.481
v 161.4637 218.9601 -1120.577
v 161.4637 218.9601 -1120.577
v 146.1651 219.7445 -1113.564
v 159.7236 227.364 -1125.919
v 144.1268 227.4138 -1118.63
v 158.2491 234.4849 -1130.446
v 144.1268 227.4138 -1118.63
v 142.3998 233.9122 -1122.922
v 186.4588 151.0772 -1047.372
v 169.512 172.4292 -1088.52
v 173.7099 141.3248 -1051.77
v 186.4588 151.0772 -1047.372
v 181.1178 179.4548 -1082.453
v 166.2811 194.0721 -1104.203
v 169.512 172.4292 -1088.52
v 158.0988 146.0178 -1048.414
v 155.7936 174.9371 -1083.384
v 155.2368 160.463 -1040.66
v 155.7936 174.9371 -1083.384
v 153.0572 184.715 -1072.152
v 151.6501 196.5018 -1097.808
v 151.6501 196.5018 -1097.808
v 150.6008 213.3146 -1089.992
v 153.0572 184.715 -1072.152
v 150.3599 202.4626 -1101.917
v 153.0415 161.935 -1034.191
v 158.0988 146.0178 -1048.414
v 155.2368 160.463 -1040.66
v 143.4592 228.4723 -1094.682
v 148.6128 210.5343 -1107.481
v 146.1651 219.7445 -1113.564
v 145.5737 220.0789 -1091.331
v 150.3599 202.4626 -1101.917
v 146.1651 219.7445 -1113.564
v 143.4981 235.9144 -1099.076
v 144.1268 227.4138 -1118.63
v 139.8332 242.3291 -1100.979
v 139.7809 246.8125 -1105.826
v 142.3998 233.9122 -1122.922
v 144.1268 227.4138 -1118.63
v 139.8332 242.3291 -1100.979
v 142.3998 233.9122 -1122.922
v 141.7185 249.5135 -1110.063
v 150.6008 213.3146 -1089.992
v 150.3599 202.4626 -1101.917
v 145.5737 220.0789 -1091.331
v 174.6981 232.7572 -1116.174
v 159.7236 227.364 -1125.919
v 161.4637 218.9601 -1120.577
v 175.775 242.4785 -1121.516
v 158.2491 234.4849 -1130.446
v 171.3821 247.3819 -1124.551
v 168.463 251.8499 -1126.156
v 137.9926 308.5379 -1161.196
v 158.2491 234.4849 -1130.446
v 151.4926 314.9839 -1152.013
v 127.8038 308.9791 -1157.614
v 141.7185 249.5135 -1110.063
v 142.3998 233.9122 -1122.922
v 125.8211 312.7832 -1140.593
v 142.3998 233.9122 -1122.922
v 137.9926 308.5379 -1161.196
v 127.8038 308.9791 -1157.614
v 137.9926 308.5379 -1161.196
v 142.3998 233.9122 -1122.922
v 158.2491 234.4849 -1130.446
v 176.683 160.0656 -1001.179
v 188.2338 158.08 -1010.633
v 189.9527 155.3212 -999.8882
v 174.3309 162.8105 -1010.667
v 158.0342 152.1538 -1004.471
v 156.227 155.524 -1013.152
v 162.587 150.205 -999.6555
v 175.4807 160.0649 -994.9044
v 175.4807 160.0649 -994.9044
v 172.7018 164.7118 -1017.239
v 155.3535 157.447 -1019.296
v 171.0428 166.6478 -1023.93
v 185.8309 161.9367 -1025.653
v 187.0432 159.9909 -1018.075
v 190.529 143.7644 -1023.2
v 191.9351 141.2381 -1014.85
v 189.0972 146.3368 -1031.703
v 183.5968 165.5224 -1039.617
v 183.5968 165.5224 -1039.617
v 167.9857 170.2154 -1036.261
v 186.4588 151.0772 -1047.372
v 152.9334 161.1228 -1026.984
v 153.0415 161.935 -1034.191
v 167.9857 170.2154 -1036.261
v 188.2338 158.08 -1010.633
v 192.129 139.5998 -1002.592
v 190.6733 154.1646 -995.3842
v 175.4807 160.0649 -994.9044
v 189.9527 155.3212 -999.8882
v 165.2868 191.4964 -1066.114
v 183.5968 165.5224 -1039.617
v 167.9857 170.2154 -1036.261
v 179.0052 188.9884 -1071.25
v 165.2868 191.4964 -1066.114
v 174.651 224.1054 -1095.33
v 179.0052 188.9884 -1071.25
v 174.651 224.1054 -1095.33
v 165.2868 191.4964 -1066.114
v 161.549 225.5064 -1087.561
v 171.4136 231.8783 -1099.359
v 156.8374 233.0079 -1091.012
v 167.0297 242.4038 -1104.815
v 153.2293 243.3031 -1097.109
v 143.4592 228.4723 -1094.682
v 145.5737 220.0789 -1091.331
v 161.549 225.5064 -1087.561
v 150.6008 213.3146 -1089.992
v 143.4981 235.9144 -1099.076
v 151.2201 252.1813 -1101.066
v 165.802 252.0066 -1108.723
v 174.6981 232.7572 -1116.174
v 176.8113 221.7193 -1112.966
v 177.1997 213.5892 -1106.554
v 174.651 224.1054 -1095.33
v 178.7847 207.7756 -1102.888
v 164.7798 260.0028 -1111.976
v 149.5195 259.2459 -1103.385
v 175.775 242.4785 -1121.516
v 164.7798 260.0028 -1111.976
v 161.903 266.5822 -1113.369
v 139.8332 242.3291 -1100.979
v 149.5195 259.2459 -1103.385
v 179.0052 188.9884 -1071.25
v 181.1178 179.4548 -1082.453
v 179.0052 188.9884 -1071.25
v 174.651 224.1054 -1095.33
v 164.7798 260.0028 -1111.976
v 171.3821 247.3819 -1124.551
v 168.463 251.8499 -1126.156
v 161.903 266.5822 -1113.369
v 151.4926 314.9839 -1152.013
v 179.0052 188.9884 -1071.25
v 186.4588 151.0772 -1047.372
v 183.5968 165.5224 -1039.617
v 181.1178 179.4548 -1082.453
v 186.4588 151.0772 -1047.372
v 167.9857 170.2154 -1036.261
v 153.0572 184.715 -1072.152
v 165.2868 191.4964 -1066.114
v 155.2368 160.463 -1040.66
v 150.6008 213.3146 -1089.992
v 165.2868 191.4964 -1066.114
v 161.549 225.5064 -1087.561
v 167.9857 170.2154 -1036.261
v 153.0415 161.935 -1034.191
v 155.2368 160.463 -1040.66
v 161.903 266.5822 -1113.369
v 149.51 318.7879 -1134.991
v 151.4926 314.9839 -1152.013
v 161.903 266.5822 -1113.369
v 148.1293 265.8383 -1107.154
v 149.51 318.7879 -1134.991
v 139.3211 319.2291 -1131.409
v 149.5195 259.2459 -1103.385
v 125.8211 312.7832 -1140.593
v 148.1293 265.8383 -1107.154
v 141.7185 249.5135 -1110.063
v 148.1293 265.8383 -1107.154
v 125.8211 312.7832 -1140.593
v 139.3211 319.2291 -1131.409
v 141.7185 249.5135 -1110.063
v 148.1293 265.8383 -1107.154
v 149.5195 259.2459 -1103.385
v 149.5195 259.2459 -1103.385
v 139.7809 246.8125 -1105.826
v 139.8332 242.3291 -1100.979
v 149.5195 259.2459 -1103.385
v 192.129 139.5998 -1002.592
v 180.4291 128.0551 -998.6885
v 192.7718 138.2986 -997.5146
v 180.4291 128.0551 -998.6885
v 192.129 139.5998 -1002.592
v 179.7449 129.4063 -1004.094
v 179.7449 129.4063 -1004.094
v 165.2365 133.9552 -998.2089
v 180.4291 128.0551 -998.6885
v 317.3538 185.1505 -1032.828
v 310.9958 218.1285 -1023.797
v 317.6475 219.0214 -1026.188
v 313.4362 183.3851 -1031.675
v 328.8669 212.0817 -1030.131
v 327.3394 219.3143 -1031.389
v 339.6441 217.7065 -1035.688
v 321.42 185.06 -1032.366
v 327.3629 184.6478 -1033.352
v 333.9307 183.9662 -1036.983
v 343.32 201.5865 -1038.769
v 339.6441 217.7065 -1035.688
v 347.8056 211.1914 -1041.608
v 349.4174 221.4265 -1045.036
v 309.9857 180.2443 -1030.135
v 305.263 214.3552 -1018.902
v 307.1711 177.4432 -1026.835
v 301.5361 186.7853 -1015.059
v 307.1183 171.8505 -1023.14
v 301.5361 186.7853 -1015.059
v 306.6293 175.6698 -1015.433
v 308.5256 168.7822 -1012.263
v 306.6293 175.6698 -1015.433
v 309.8857 164.0778 -1019.522
v 310.0579 159.4008 -1012.664
v 310.4846 158.2025 -1016.64
v 309.1844 162.5301 -1009.196
v 302.2829 168.6807 -1008.112
v 306.6293 175.6698 -1015.433
v 308.9642 162.5157 -1005.666
v 303.3221 165.9191 -1001.926
v 298.3879 168.1641 -1005.135
v 300.3683 174.5735 -1011.213
v 306.6293 175.6698 -1015.433
v 291.9451 174.9583 -1004.829
v 301.5361 186.7853 -1015.059
v 292.7836 167.1734 -1000.739
v 293.4852 161.787 -997.8924
v 288.0154 163.711 -994.5392
v 294.9525 153.7905 -990.2376
v 290.8965 154.8966 -986.7892
v 288.858 154.4401 -986.1777
v 287.5935 169.6749 -996.7217
v 283.4384 165.322 -991.7333
v 283.9512 171.4303 -993.902
v 276.6355 169.8039 -991.3795
v 275.6953 164.1081 -989.2819
v 284.9393 154.3027 -984.1819
v 275.8377 153.4864 -981.5144
v 268.6662 161.0996 -987.8216
v 269.1743 151.7819 -981.3362
v 269.2129 168.4413 -989.0718
v 282.8037 178.2777 -1001.15
v 286.5735 176.9089 -1002.667
v 285.9684 182.4614 -1003.661
v 281.7431 183.5016 -1002.668
v 285.4013 188.2067 -1005.34
v 282.2848 188.8354 -1004.683
v 278.7455 189.8355 -1004.458
v 273.2295 182.9356 -1001.391
v 274.1348 175.074 -998.3795
v 274.9051 194.5055 -1004.326
v 267.4052 179.8544 -999.3106
v 266.7057 184.1234 -999.4296
v 269.4649 188.8164 -1001.029
v 274.9051 194.5055 -1004.326
v 263.2974 183.3554 -998.3494
v 262.2492 177.5188 -996.9747
v 266.2341 174.8106 -997.6813
v 261.8149 174.778 -996.1808
v 258.2208 181.188 -996.6516
v 260.914 183.9311 -997.6857
v 257.9587 190.0039 -999.0547
v 260.2496 190.711 -999.8084
v 262.8397 211.3381 -1004.893
v 255.0528 210.7819 -1002.202
v 254.6357 188.3178 -996.9337
v 247.499 208.1162 -996.8969
v 246.5423 214.3202 -1000.029
v 234.213 213.1245 -991.6227
v 235.8322 220.4126 -996.1594
v 257.2956 220.371 -1003.256
v 266.1143 221.3016 -1008.631
v 244.6717 189.6006 -991.8309
v 249.2208 177.1665 -990.8492
v 255.8469 174.7339 -994.1547
v 249.3996 168.4238 -989.7557
v 256.2338 166.4752 -990.8578
v 249.4684 162.203 -987.032
v 256.5159 160.1721 -988.3488
v 264.2278 161.9822 -986.808
v 264.3302 152.0019 -978.4537
v 255.2518 148.8686 -980.0663
v 263.2632 167.54 -989.8904
v 240.6667 161.15 -988.6372
v 239.8944 168.5413 -989.5911
v 238.9058 178.0023 -990.8128
v 231.6745 161.8091 -989.2968
v 231.6739 169.8534 -992.5367
v 226.4933 169.8994 -996.3877
v 225.1577 158.3601 -992.1738
v 246.2848 153.5602 -977.1373
v 246.2848 153.5602 -977.1373
v 229.2255 179.6708 -993.4321
v 226.3657 149.7554 -983.554
v 228.8678 149.9363 -982.7563
v 225.2233 150.058 -985.3244
v 231.6115 149.6807 -982.4668
v 233.2808 149.2299 -981.7659
v 236.5558 147.2496 -979.1894
v 246.2848 153.5602 -977.1373
v 245.7471 146.3386 -970.3524
v 237.6093 141.9518 -973.9777
v 246.8917 142.682 -965.8937
v 239.0067 137.4555 -968.8069
v 248.479 138.4226 -963.4653
v 241.9909 132.412 -963.6427
v 246.2549 128.6786 -959.3109
v 252.1316 130.9804 -958.2834
v 254.1631 128.1355 -956.803
v 255.4542 133.0507 -962.1648
v 248.479 138.4226 -963.4653
v 257.3323 128.8442 -959.8931
v 249.2117 123.2227 -956.4028
v 258.1422 125.1074 -955.3608
v 253.1374 120.2489 -954.9877
v 258.1422 125.1074 -955.3608
v 317.6475 219.0214 -1026.188
v 310.9958 218.1285 -1023.797
v 316.4168 223.2563 -1029.344
v 327.3394 219.3143 -1031.389
v 309.6763 222.2357 -1026.167
v 316.4168 223.2563 -1029.344
v 310.9958 218.1285 -1023.797
v 305.205 217.7326 -1022.971
v 327.3394 219.3143 -1031.389
v 336.3934 219.3177 -1039.037
v 339.6441 217.7065 -1035.688
v 339.3974 221.2525 -1043.153
v 331.7893 219.2238 -1042.146
v 323.5988 219.9581 -1038.135
v 327.3394 219.3143 -1031.389
v 316.4168 223.2563 -1029.344
v 320.2003 219.1914 -1041.172
v 331.3611 219.8795 -1044.616
v 313.4434 220.4664 -1037.42
v 311 219.166 -1040.398
v 318.5706 217.3842 -1054.176
v 331.3611 219.8795 -1044.616
v 303.3573 215.0959 -1049.716
v 305.993 219.263 -1035.326
v 308.1033 221.8548 -1031.946
v 316.4168 223.2563 -1029.344
v 301.5005 219.3503 -1030.775
v 304.4284 218.8246 -1025.292
v 294.588 222.4 -1025.389
v 289.3049 216.8493 -1042.73
v 289.3049 216.8493 -1042.73
v 318.5706 217.3842 -1054.176
v 325.9947 234.1034 -1057.14
v 331.3611 219.8795 -1044.616
v 312.9288 230.7225 -1069.087
v 334.2958 235.7254 -1052.872
v 339.3974 221.2525 -1043.153
v 343.7074 224.3491 -1041.542
v 325.3303 244.8246 -1059.535
v 325.3303 244.8246 -1059.535
v 330.2631 249.911 -1060.622
v 341.1601 236.3064 -1051.266
v 343.7074 224.3491 -1041.542
v 339.6441 217.7065 -1035.688
v 303.3573 215.0959 -1049.716
v 312.9288 230.7225 -1069.087
v 318.5706 217.3842 -1054.176
v 297.5843 229.2996 -1068.61
v 303.3573 215.0959 -1049.716
v 305.993 219.263 -1035.326
v 289.3049 216.8493 -1042.73
v 290.9792 232.3899 -1061.16
v 303.3573 215.0959 -1049.716
v 289.3049 216.8493 -1042.73
v 303.3573 215.0959 -1049.716
v 290.9792 232.3899 -1061.16
v 297.5843 229.2996 -1068.61
v 286.4887 244.6384 -1033.181
v 290.9792 232.3899 -1061.16
v 289.3049 216.8493 -1042.73
v 287.5669 232.3604 -1026.108
v 286.4887 244.6384 -1033.181
v 289.3049 216.8493 -1042.73
v 287.2422 236.957 -1021.43
v 287.2422 236.957 -1021.43
v 284.7346 250.2932 -1030.628
v 286.4887 244.6384 -1033.181
v 290.0784 246.5649 -1039.04
v 290.8181 242.8712 -1049.377
v 290.9792 232.3899 -1061.16
v 287.2422 236.957 -1021.43
v 278.8603 246.8403 -1022.131
v 279.2026 256.8906 -1024.4
v 269.7752 252.2398 -1024.249
v 268.824 236.1417 -1013.636
v 287.8698 256.6815 -1030.548
v 279.4501 262.9475 -1026.393
v 285.5503 263.9458 -1031.2
v 296.5688 261.4356 -1036.59
v 296.8631 254.1373 -1035.628
v 280.0018 274.0096 -1030.37
v 269.1523 258.6073 -1022.445
v 272.8694 266.4215 -1025.377
v 259.5403 273.8327 -1025.298
v 259.9075 265.2116 -1022.219
v 239.9482 270.9263 -1019.78
v 258.0504 256.7943 -1020.233
v 236.3791 259.9111 -1021.652
v 279.6167 277.7796 -1032.999
v 297.5132 273.0916 -1043.5
v 297.2997 268.481 -1039.69
v 313.2065 272.5305 -1050.691
v 313.5526 263.9785 -1047.188
v 328.5144 270.7394 -1060.143
v 278.4092 288.5971 -1042.067
v 294.5455 277.8698 -1054.165
v 313.2065 272.5305 -1050.691
v 308.9327 274.6342 -1062.167
v 322.8849 269.3083 -1066.468
v 256.4566 284.1679 -1037.496
v 258.4153 279.7518 -1028.962
v 240.8487 282.2595 -1024.803
v 237.9191 286.2564 -1037.449
v 221.8187 282.963 -1022.18
v 219.1741 288.4334 -1039.143
v 223.705 274.949 -1015.75
v 223.705 274.949 -1015.75
v 207.1229 290.2463 -1036.279
v 204.8178 280.0998 -1028.765
v 192.2927 278.3936 -1042.45
v 192.8301 272.2049 -1037.221
v 173.1992 262.795 -1050.568
v 175.7895 255.6175 -1042.981
v 171.1376 267.7317 -1059.597
v 193.6998 286.8871 -1048.602
v 170.8796 272.9543 -1069.205
v 195.8407 299.8101 -1057.963
v 210.4259 297.5539 -1040.945
v 216.6868 311.4056 -1049.789
v 218.6891 327.5313 -1075.891
v 200.8315 316.6754 -1084.376
v 177.413 288.3465 -1085.432
v 184.0602 297.0893 -1096.172
v 225.3019 333.0225 -1101.417
v 213.0422 323.132 -1108.805
v 194.3249 304.1191 -1107.414
v 202.6865 310.5509 -1117.635
v 224.1301 297.4287 -1043.689
v 232.7316 313.0406 -1051.578
v 232.1672 329.3246 -1076.841
v 234.5155 334.4979 -1101.541
v 242.8651 330.7487 -1077.598
v 241.8303 335.6692 -1101.639
v 248.0025 336.6579 -1101.721
v 251.8932 331.9502 -1078.235
v 260.222 334.8652 -1104.231
v 267.8815 331.0043 -1081.317
v 280.8934 323.507 -1090.546
v 290.4296 307.2112 -1067.761
v 274.8885 314.6775 -1057.966
v 276.6964 301.2852 -1049.802
v 292.3912 293.2275 -1061.281
v 270.034 328.1083 -1111.888
v 298.9511 303.9148 -1072.868
v 303.8971 289.406 -1067.565
v 287.9891 320.421 -1095.209
v 274.6301 325.8478 -1115.338
v 280.0768 323.1691 -1119.426
v 296.3991 316.7637 -1100.735
v 286.9385 319.7947 -1124.577
v 306.9925 312.1569 -1107.696
v 310.6432 297.8656 -1122.622
v 289.7557 307.8335 -1136.567
v 311.2057 282.3306 -1142.401
v 294.6996 294.1759 -1149.483
v 309.0493 300.0082 -1078.92
v 329.137 297.2449 -1092.83
v 329.137 297.2449 -1092.83
v 315.3095 286.1174 -1073.286
v 329.137 297.2449 -1092.83
v 322.5343 276.3689 -1142.633
v 325.634 285.8053 -1119.275
v 336.774 262.2918 -1136.144
v 331.1697 283.1268 -1113.067
v 277.7758 316.0775 -1131.783
v 272.7641 319.3325 -1126.419
v 266.7425 316.1733 -1132.177
v 270.231 313.0168 -1137.718
v 281.0241 307.3398 -1142.646
v 272.2538 306.1278 -1145.533
v 280.3783 296.3081 -1155.052
v 266.4221 296.747 -1156.242
v 260.2272 307.6073 -1141.906
v 256.6361 297.0002 -1155.922
v 256.2843 308.7152 -1140.387
v 250.3664 297.4769 -1155.402
v 252.9563 309.6504 -1139.105
v 245.3903 298.3521 -1154.621
v 246.7169 314.8208 -1135.704
v 238.7518 303.9153 -1153.533
v 258.0546 319.128 -1126.861
v 253.2365 323.5875 -1124.594
v 263.4643 323.1834 -1120.099
v 256.391 328.6804 -1115.398
v 263.2145 317.8352 -1129.423
v 268.3696 321.4536 -1123.062
v 246.061 330.7917 -1113.468
v 244.4625 325.9613 -1123.141
v 232.7089 306.716 -1150.088
v 240.1245 318.3213 -1132.738
v 241.4467 329.9282 -1113.654
v 241.1308 325.2008 -1123.548
v 228.5038 307.7285 -1146.894
v 236.5668 318.1625 -1131.742
v 232.35 317.9749 -1130.562
v 223.4638 309.9185 -1143.565
v 227.0404 317.7379 -1129.073
v 232.2109 323.1639 -1124.635
v 220.719 320.1738 -1119.92
v 209.8867 311.3466 -1129.866
v 218.3999 311.2608 -1138.963
v 229.0909 327.6159 -1114.15
v 235.9783 328.905 -1113.874
v 237.1831 324.2994 -1124.029
v 294.588 222.4 -1025.389
v 287.5669 232.3604 -1026.108
v 289.3049 216.8493 -1042.73
v 296.6237 223.7615 -1018.97
v 304.4284 218.8246 -1025.292
v 287.2422 236.957 -1021.43
v 290.5381 227.1363 -1017.698
v 287.2422 236.957 -1021.43
v 296.6237 223.7615 -1018.97
v 308.1033 221.8548 -1031.946
v 316.4168 223.2563 -1029.344
v 309.6763 222.2357 -1026.167
v 304.4284 218.8246 -1025.292
v 305.205 217.7326 -1022.971
v 296.6237 223.7615 -1018.97
v 304.4284 218.8246 -1025.292
v 305.263 214.3552 -1018.902
v 296.6237 223.7615 -1018.97
v 304.4284 218.8246 -1025.292
v 309.6763 222.2357 -1026.167
v 305.205 217.7326 -1022.971
v 305.205 217.7326 -1022.971
v 310.9958 218.1285 -1023.797
v 305.263 214.3552 -1018.902
v 296.6222 213.4811 -1017.397
v 290.5381 227.1363 -1017.698
v 296.6237 223.7615 -1018.97
v 305.263 214.3552 -1018.902
v 292.8014 190.7021 -1010.913
v 301.5361 186.7853 -1015.059
v 290.8045 192.3099 -1010.038
v 289.325 214.3051 -1013.125
v 290.0692 183.4021 -1007.109
v 286.9671 222.3092 -1015.224
v 287.2422 236.957 -1021.43
v 280.1057 240.1288 -1020.867
v 278.8603 246.8403 -1022.131
v 289.5345 188.9178 -1008.093
v 290.8045 192.3099 -1010.038
v 306.6293 175.6698 -1015.433
v 300.3683 174.5735 -1011.213
v 278.8603 246.8403 -1022.131
v 280.1057 240.1288 -1020.867
v 278.5356 242.0996 -1020.324
v 278.7455 189.8355 -1004.458
v 274.9051 194.5055 -1004.326
v 276.2633 194.102 -1006.817
v 274.4165 208.7131 -1018.382
v 274.5118 193.4333 -1010.07
v 278.7455 189.8355 -1004.458
v 276.2633 194.102 -1006.817
v 277.1465 186.5399 -1008.125
v 280.4314 185.6459 -1008.369
v 282.2848 188.8354 -1004.683
v 278.7455 189.8355 -1004.458
v 277.1465 186.5399 -1008.125
v 283.3117 184.8666 -1008.678
v 285.4013 188.2067 -1005.34
v 285.4636 185.8034 -1010.678
v 277.1465 186.5399 -1008.125
v 274.5118 193.4333 -1010.07
v 284.9333 192.3028 -1015.809
v 280.4314 185.6459 -1008.369
v 283.3117 184.8666 -1008.678
v 274.4165 208.7131 -1018.382
v 285.4636 185.8034 -1010.678
v 274.9051 194.5055 -1004.326
v 272.5375 208.9852 -1016.931
v 274.4165 208.7131 -1018.382
v 274.6527 219.7156 -1019.576
v 276.451 219.9364 -1020.636
v 278.5637 234.6365 -1023.695
v 277.3957 235.7972 -1023.536
v 275.5319 234.2744 -1022.277
v 264.9276 210.6561 -1007.418
v 260.2496 190.711 -999.8084
v 262.8397 211.3381 -1004.893
v 266.1143 221.3016 -1008.631
v 268.0925 219.9016 -1013.375
v 275.5319 234.2744 -1022.277
v 259.6582 188.9426 -1004.281
v 260.914 183.9311 -997.6857
v 260.2496 190.711 -999.8084
v 259.1418 181.9244 -1001.866
v 264.7955 209.199 -1012.33
v 264.9276 210.6561 -1007.418
v 259.6582 188.9426 -1004.281
v 264.7955 209.199 -1012.33
v 269.9139 192.4311 -1007.512
v 268.1452 185.9699 -1005.007
v 265.2281 181.8124 -1002.766
v 261.854 181.7768 -1001.216
v 259.1418 181.9244 -1001.866
v 270.561 208.1811 -1018.135
v 269.9139 192.4311 -1007.512
v 264.7955 209.199 -1012.33
v 268.2923 219.8438 -1016.231
v 272.9633 219.9884 -1019.946
v 275.5319 234.2744 -1022.277
v 234.213 213.1245 -991.6227
v 225.032 221.2191 -993.3871
v 235.8322 220.4126 -996.1594
v 225.032 221.2191 -993.3871
v 221.7991 213.5203 -990.3918
v 212.3947 223.1017 -989.4155
v 223.4821 197.8396 -989.2393
v 231.9595 197.0424 -990.5673
v 218.679 198.2767 -988.8858
v 211.0901 211.7207 -986.895
v 211.2051 198.0499 -986.8301
v 201.3387 209.9437 -987.8691
v 202.0365 197.9087 -988.2584
v 199.1759 209.2396 -988.3872
v 200.8239 220.1322 -989.6169
v 202.2895 220.3655 -989.629
v 200.1742 197.5386 -988.5148
v 202.4702 186.5559 -988.466
v 201.0782 186.3727 -988.596
v 202.5263 229.2806 -991.7553
v 203.9591 229.7266 -992.0098
v 202.1459 239.1406 -999.6073
v 203.6787 240.4032 -1000.024
v 199.9762 245.8236 -1002.674
v 200.9519 247.0982 -1003.101
v 202.1469 183.4798 -988.6391
v 210.69 187.8111 -987.5817
v 207.9293 231.0656 -992.1805
v 207.1752 243.5016 -1001.281
v 207.1752 243.5016 -1001.281
v 209.9928 259.9136 -1007.277
v 197.3015 249.6014 -1004.987
v 198.9587 251.0308 -1005.273
v 195.6735 253.7103 -1008.699
v 197.8224 255.2193 -1008.864
v 195.7192 256.3345 -1016.574
v 197.285 258.0412 -1014.783
v 199.4147 261.2846 -1021.921
v 197.2092 258.296 -1022.938
v 193.2758 267.0719 -1032.884
v 202.906 271.6842 -1022.533
v 208.8041 269.0258 -1015.604
v 223.705 274.949 -1015.75
v 190.2022 258.1621 -1031.298
v 180.3785 253.053 -1038.769
v 235.8322 220.4126 -996.1594
v 225.032 221.2191 -993.3871
v 224.7355 221.7508 -999.4728
v 213.4586 224.3582 -994.0689
v 215.4078 223.7287 -999.3475
v 225.2213 220.9871 -1005.677
v 214.5304 224.5282 -1001.607
v 209.1755 227.1973 -995.6063
v 233.5631 219.2613 -1002.639
v 232.2877 218.5987 -1010.237
v 245.2119 217.1446 -1008.974
v 231.795 214.5112 -1022.178
v 218.8931 221.125 -1017.33
v 214.5304 224.5282 -1001.607
v 231.795 214.5112 -1022.178
v 245.8805 216.2546 -1002.701
v 254.6216 219.878 -1009.671
v 247.2848 215.5798 -1026.382
v 257.2956 220.371 -1003.256
v 259.1602 223.5684 -1012.199
v 247.2848 215.5798 -1026.382
v 235.8322 220.4126 -996.1594
v 263.6515 231.1749 -1016.175
v 264.8957 222.9107 -1007.591
v 268.824 236.1417 -1013.636
v 264.9308 246.2288 -1024.262
v 240.4803 235.476 -1042.108
v 269.7752 252.2398 -1024.249
v 247.2848 215.5798 -1026.382
v 215.4063 240.5618 -1016.161
v 218.8931 221.125 -1017.33
v 214.5304 224.5282 -1001.607
v 217.8059 238.0197 -1034.78
v 211.5847 242.1755 -1006.938
v 209.1755 227.1973 -995.6063
v 217.3346 248.9384 -1017.313
v 217.8059 238.0197 -1034.78
v 207.1752 243.5016 -1001.281
v 213.5038 253.7034 -1014.42
v 217.3346 248.9384 -1017.313
v 213.4586 224.3582 -994.0689
v 207.9293 231.0656 -992.1805
v 209.1755 227.1973 -995.6063
v 212.3947 223.1017 -989.4155
v 225.032 221.2191 -993.3871
v 212.3947 223.1017 -989.4155
v 213.4586 224.3582 -994.0689
v 225.9854 258.0825 -1019.227
v 217.3346 248.9384 -1017.313
v 213.5038 253.7034 -1014.42
v 223.705 274.949 -1015.75
v 217.8059 238.0197 -1034.78
v 231.795 214.5112 -1022.178
v 218.8931 221.125 -1017.33
v 231.795 214.5112 -1022.178
v 217.8059 238.0197 -1034.78
v 229.9863 234.6537 -1044.085
v 240.4803 235.476 -1042.108
v 231.795 214.5112 -1022.178
v 229.9863 234.6537 -1044.085
v 231.795 214.5112 -1022.178
v 247.2848 215.5798 -1026.382
v 231.795 214.5112 -1022.178
v 240.4803 235.476 -1042.108
v 247.2848 215.5798 -1026.382
v 235.8322 220.4126 -996.1594
v 245.8805 216.2546 -1002.701
v 246.5423 214.3202 -1000.029
v 257.2956 220.371 -1003.256
v 269.7752 252.2398 -1024.249
v 264.9308 246.2288 -1024.262
v 259.2003 248.5583 -1026.612
v 250.9636 245.3109 -1033.766
v 240.4803 235.476 -1042.108
v 290.9792 232.3899 -1061.16
v 306.4243 244.5756 -1055.309
v 297.5843 229.2996 -1068.61
v 312.9288 230.7225 -1069.087
v 290.8181 242.8712 -1049.377
v 306.4243 244.5756 -1055.309
v 290.9792 232.3899 -1061.16
v 296.8631 254.1373 -1035.628
v 296.8631 254.1373 -1035.628
v 290.8181 242.8712 -1049.377
v 290.0784 246.5649 -1039.04
v 296.8631 254.1373 -1035.628
v 290.0784 246.5649 -1039.04
v 287.8698 256.6815 -1030.548
v 284.7346 250.2932 -1030.628
v 306.4243 244.5756 -1055.309
v 296.8631 254.1373 -1035.628
v 311.6739 254.8835 -1050.451
v 314.6385 245.0677 -1057.382
v 319.4644 253.776 -1055.531
v 325.3303 244.8246 -1059.535
v 313.5526 263.9785 -1047.188
v 296.5688 261.4356 -1036.59
v 328.4512 266.1111 -1054.377
v 330.2631 249.911 -1060.622
v 312.9288 230.7225 -1069.087
v 325.3303 244.8246 -1059.535
v 339.8687 255.8212 -1058.977
v 313.2065 272.5305 -1050.691
v 322.8849 269.3083 -1066.468
v 328.5144 270.7394 -1060.143
v 334.6769 267.4682 -1070.883
v 328.5144 270.7394 -1060.143
v 334.6769 267.4682 -1070.883
v 341.4416 264.2456 -1064.738
v 328.4512 266.1111 -1054.377
v 343.9657 261.6582 -1077.034
v 313.5526 263.9785 -1047.188
v 328.4512 266.1111 -1054.377
v 341.4416 264.2456 -1064.738
v 339.8687 255.8212 -1058.977
v 343.9657 261.6582 -1077.034
v 347.36 256.5308 -1073.878
v 349.137 250.6476 -1068.607
v 339.8687 255.8212 -1058.977
v 339.8687 255.8212 -1058.977
v 348.1274 244.3189 -1062.814
v 341.1601 236.3064 -1051.266
v 342.6257 253.1924 -1087.151
v 333.8064 280.1181 -1082.515
v 348.3515 244.3074 -1109.97
v 344.2568 236.8991 -1098.86
v 343.9312 261.2383 -1094.121
v 340.1851 242.1484 -1078.831
v 343.9657 261.6582 -1077.034
v 347.2899 250.6538 -1119.375
v 339.4662 270.2917 -1101.063
v 333.8064 280.1181 -1082.515
v 336.0896 276.5065 -1107.684
v 342.5027 257.3069 -1128.891
v 332.3273 287.493 -1086.545
v 329.137 297.2449 -1092.83
v 332.3273 287.493 -1086.545
v 333.8064 280.1181 -1082.515
v 322.8849 269.3083 -1066.468
v 256.343 300.8179 -1046.391
v 256.2432 315.4338 -1054.2
v 245.5243 314.3381 -1053.008
v 241.5259 299.5743 -1044.828
v 349.4174 221.4265 -1045.036
v 339.6441 217.7065 -1035.688
v 343.7074 224.3491 -1041.542
v 347.5948 232.0451 -1054.27
v 341.1601 236.3064 -1051.266
v 348.1274 244.3189 -1062.814
v 341.1601 236.3064 -1051.266
v 341.1601 236.3064 -1051.266
v 330.2631 249.911 -1060.622
v 339.8687 255.8212 -1058.977
v 296.5688 261.4356 -1036.59
v 311.6739 254.8835 -1050.451
v 296.8631 254.1373 -1035.628
v 213.5038 253.7034 -1014.42
v 207.1752 243.5016 -1001.281
v 209.9928 259.9136 -1007.277
v 223.705 274.949 -1015.75
v 286.4319 214.4143 -1014.041
v 283.9379 220.567 -1015.912
v 286.9671 222.3092 -1015.224
v 289.325 214.3051 -1013.125
v 278.5637 234.6365 -1023.695
v 287.322 193.5181 -1011.589
v 290.8045 192.3099 -1010.038
v 289.5345 188.9178 -1008.093
v 287.322 193.5181 -1011.589
v 290.8045 192.3099 -1010.038
v 287.322 193.5181 -1011.589
v 289.5345 188.9178 -1008.093
v 285.4636 185.8034 -1010.678
v 285.4013 188.2067 -1005.34
v 285.4636 185.8034 -1010.678
v 289.5345 188.9178 -1008.093
v 287.322 193.5181 -1011.589
v 285.4636 185.8034 -1010.678
v 284.9333 192.3028 -1015.809
v 319.4644 253.776 -1055.531
v 330.2631 249.911 -1060.622
v 325.3303 244.8246 -1059.535
v 277.3957 235.7972 -1023.536
v 276.4856 240.1189 -1019.386
v 278.5356 242.0996 -1020.324
v 276.4856 240.1189 -1019.386
v 277.3957 235.7972 -1023.536
v 275.5319 234.2744 -1022.277
v 266.1143 221.3016 -1008.631
v 268.0925 219.9016 -1013.375
v 275.5319 234.2744 -1022.277
v 268.2923 219.8438 -1016.231
v 264.7955 209.199 -1012.33
v 264.9276 210.6561 -1007.418
v 260.2496 190.711 -999.8084
v 259.6582 188.9426 -1004.281
v 266.1143 221.3016 -1008.631
v 255.0528 210.7819 -1002.202
v 257.2956 220.371 -1003.256
v 264.8957 222.9107 -1007.591
v 268.824 236.1417 -1013.636
v 276.4856 240.1189 -1019.386
v 278.8603 246.8403 -1022.131
v 276.451 219.9364 -1020.636
v 283.9645 213.3189 -1018.415
v 274.4165 208.7131 -1018.382
v 284.9333 192.3028 -1015.809
v 283.9645 213.3189 -1018.415
v 276.451 219.9364 -1020.636
v 281.4048 219.4237 -1020.255
v 278.5637 234.6365 -1023.695
v 281.4048 219.4237 -1020.255
v 275.5319 234.2744 -1022.277
v 274.6527 219.7156 -1019.576
v 272.9633 219.9884 -1019.946
v 272.5375 208.9852 -1016.931
v 274.9051 194.5055 -1004.326
v 270.561 208.1811 -1018.135
v 272.5375 208.9852 -1016.931
v 272.9633 219.9884 -1019.946
v 270.561 208.1811 -1018.135
v 271.4572 194.6091 -1004.102
v 269.9139 192.4311 -1007.512
v 269.4649 188.8164 -1001.029
v 268.1452 185.9699 -1005.007
v 266.7057 184.1234 -999.4296
v 265.2281 181.8124 -1002.766
v 263.2974 183.3554 -998.3494
v 261.854 181.7768 -1001.216
v 260.914 183.9311 -997.6857
v 259.1418 181.9244 -1001.866
v 274.9051 194.5055 -1004.326
v 269.4649 188.8164 -1001.029
v 271.4572 194.6091 -1004.102
v 270.561 208.1811 -1018.135
v 280.1057 240.1288 -1020.867
v 278.5637 234.6365 -1023.695
v 277.3957 235.7972 -1023.536
v 277.3957 235.7972 -1023.536
v 278.5356 242.0996 -1020.324
v 280.1057 240.1288 -1020.867
v 286.9671 222.3092 -1015.224
v 278.5637 234.6365 -1023.695
v 280.1057 240.1288 -1020.867
v 283.9379 220.567 -1015.912
v 281.4048 219.4237 -1020.255
v 283.9379 220.567 -1015.912
v 283.9645 213.3189 -1018.415
v 281.4048 219.4237 -1020.255
v 286.4319 214.4143 -1014.041
v 287.322 193.5181 -1011.589
v 283.9645 213.3189 -1018.415
v 286.4319 214.4143 -1014.041
v 284.9333 192.3028 -1015.809
v 276.2633 194.102 -1006.817
v 274.4165 208.7131 -1018.382
v 274.5118 193.4333 -1010.07
v 227.6982 183.0071 -993.4794
v 228.8289 181.2176 -993.4016
v 226.8115 180.0869 -994.0854
v 221.4993 185.1826 -993.8704
v 244.6717 189.6006 -991.8309
v 231.9595 197.0424 -990.5673
v 222.4538 186.6827 -991.9852
v 217.0994 188.3176 -990.7684
v 217.6783 189.6666 -989.6141
v 214.7744 188.2259 -988.8512
v 210.3235 182.4776 -989.9358
v 210.5941 184.3131 -988.3738
v 206.4395 183.1364 -987.4485
v 206.1598 181.3447 -988.3076
v 202.5982 182.1311 -988.9623
v 202.1469 183.4798 -988.6391
v 223.4821 197.8396 -989.2393
v 203.697 184.7655 -987.9411
v 229.2255 179.6708 -993.4321
v 226.4933 169.8994 -996.3877
v 226.8115 180.0869 -994.0854
v 231.6739 169.8534 -992.5367
v 238.9058 178.0023 -990.8128
v 228.8289 181.2176 -993.4016
v 234.5185 248.6263 -1027.786
v 250.9636 245.3109 -1033.766
v 240.4803 235.476 -1042.108
v 236.3791 259.9111 -1021.652
v 258.0504 256.7943 -1020.233
v 259.2003 248.5583 -1026.612
v 269.1523 258.6073 -1022.445
v 269.7752 252.2398 -1024.249
v 225.9854 258.0825 -1019.227
v 226.5245 249.8495 -1023.813
v 217.3346 248.9384 -1017.313
v 217.8059 238.0197 -1034.78
v 217.3346 248.9384 -1017.313
v 226.5245 249.8495 -1023.813
v 217.8059 238.0197 -1034.78
v 234.5185 248.6263 -1027.786
v 240.4803 235.476 -1042.108
v 229.9863 234.6537 -1044.085
v 217.8059 238.0197 -1034.78
v 207.1752 243.5016 -1001.281
v 207.9293 231.0656 -992.1805
v 269.7752 252.2398 -1024.249
v 269.1523 258.6073 -1022.445
v 279.2026 256.8906 -1024.4
v 264.3302 152.0019 -978.4537
v 269.5364 145.1444 -976.7166
v 271.8022 144.4665 -975.2791
v 269.5364 145.1444 -976.7166
v 273.5228 143.5636 -974.5854
v 275.9585 144.4678 -974.9193
v 282.6565 146.5356 -978.0183
v 285.7477 148.3679 -980.1149
v 289.4239 148.2148 -980.5631
v 292.7872 149.112 -981.7031
v 295.8144 147.802 -985.5159
v 295.8144 147.802 -985.5159
v 305.2274 157.4953 -991.5883
v 310.3269 154.4649 -997.0967
v 305.2274 157.4953 -991.5883
v 245.7471 146.3386 -970.3524
v 256.9875 142.6303 -973.6995
v 258.0771 142.3712 -973.1046
v 264.4028 144.9297 -972.5336
v 229.2255 179.6708 -993.4321
v 226.8115 180.0869 -994.0854
v 228.8289 181.2176 -993.4016
v 245.7471 146.3386 -970.3524
v 253.7294 138.071 -972.1633
v 246.8917 142.682 -965.8937
v 253.6739 137.6308 -969.7128
v 248.479 138.4226 -963.4653
v 254.2112 135.0588 -965.7214
v 255.4542 133.0507 -962.1648
v 254.3698 142.6132 -975.4879
v 253.7294 138.071 -972.1633
v 255.2518 148.8686 -980.0663
v 253.7294 138.071 -972.1633
v 254.3698 142.6132 -975.4879
v 255.1336 138.4634 -971.767
v 256.9875 142.6303 -973.6995
v 255.1336 138.4634 -971.767
v 254.3698 142.6132 -975.4879
v 255.2518 148.8686 -980.0663
v 264.3302 152.0019 -978.4537
v 269.0859 144.6846 -974.6725
v 264.4028 144.9297 -972.5336
v 264.3302 152.0019 -978.4537
v 269.5364 145.1444 -976.7166
v 269.0859 144.6846 -974.6725
v 294.9525 153.7905 -990.2376
v 306.033 151.4372 -984.127
v 295.8144 147.802 -985.5159
v 297.402 142.4731 -979.7224
v 305.2274 157.4953 -991.5883
v 305.1526 145.5119 -977.3596
v 302.2448 139.3073 -972.2124
v 296.7775 136.1017 -972.8173
v 299.0531 134.3642 -969.5876
v 310.1022 146.2996 -988.9728
v 305.2274 157.4953 -991.5883
v 310.3269 154.4649 -997.0967
v 305.2274 157.4953 -991.5883
v 310.1022 146.2996 -988.9728
v 306.033 151.4372 -984.127
v 305.1526 145.5119 -977.3596
v 307.4722 139.7752 -981.0945
v 302.2448 139.3073 -972.2124
v 304.5918 134.507 -974.2526
v 299.0531 134.3642 -969.5876
v 296.7775 136.1017 -972.8173
v 299.0531 134.3642 -969.5876
v 296.0162 133.0055 -969.8708
v 297.2076 130.9139 -967.7071
v 304.5918 134.507 -974.2526
v 301.7791 132.537 -970.6622
v 299.0531 134.3642 -969.5876
v 297.2076 130.9139 -967.7071
v 276.4856 240.1189 -1019.386
v 278.8603 246.8403 -1022.131
v 278.5356 242.0996 -1020.324
v 258.1422 125.1074 -955.3608
v 257.3323 128.8442 -959.8931
v 259.7454 124.9722 -957.8524
v 187.6157 300.0175 -1100.645
v 217.6783 189.6666 -989.6141
v 214.7744 188.2259 -988.8512
v 210.5941 184.3131 -988.3738
v 206.4395 183.1364 -987.4485
v 203.697 184.7655 -987.9411
v 212.3947 223.1017 -989.4155
v 212.3947 223.1017 -989.4155
v 228.8289 181.2176 -993.4016
v 340.1851 242.1484 -1078.831
v 344.2568 236.8991 -1098.86
v 337.4704 228.3572 -1086.054
v 334.6769 267.4682 -1070.883
v 333.8064 280.1181 -1082.515
v 91.7067 237.5436 -1026.05
v 168.5558 59.31779 -907.0729
v 172.7138 62.98927 -904.2513
v 94.7155 240.2004 -1024.008
v 161.9307 56.78342 -906.7303
v 86.91274 235.7098 -1025.802
v 155.9383 56.57203 -903.384
v 82.5766 235.5568 -1023.38
v 80.7273 237.1563 -1019.919
v 153.3827 58.78251 -898.5999
v 155.4596 62.3806 -894.6161
v 82.23025 239.7599 -1017.036
v 82.23025 239.7599 -1017.036
v 161.1973 65.68266 -893.2972
v 155.4596 62.3806 -894.6161
v 86.38202 242.1493 -1016.082
v 91.24 243.2065 -1017.502
v 167.9108 67.1437 -895.2599
v 172.4591 66.08002 -899.5859
v 94.5312 242.4368 -1020.632
v 172.7138 62.98927 -904.2513
v 94.7155 240.2004 -1024.008
v 85.94843 161.6384 -1076.398
v 96.74171 153.3837 -1071.701
v 97.69455 164.8071 -1068.217
v 145.0212 193.3002 -1055.934
v 144.3314 193.7567 -1053.273
v 146.7271 193.2784 -1060.681
v 147.22 192.9158 -1061.551
v 145.4274 193.9758 -1058.615
v 184.1405 164.1943 -925.2785
v 171.8014 175.7623 -932.9232
v 193.958 170.0156 -925.41
v 173.1419 165.8852 -929.1609
v 188.0763 151.8747 -921.1431
v 198.5091 150.511 -916.0914
v 177.1981 139.476 -905.472
v 188.0763 151.8747 -921.1431
v 175.7093 144.9396 -916.7482
v 166.8726 147.4304 -919.1465
v 158.6054 145.8382 -913.7709
v 161.8013 161.7774 -926.2632
v 173.763 146.5256 -938.2969
v 161.8013 161.7774 -926.2632
v 169.7456 157.8912 -943.9348
v 180.7634 144.5524 -936.397
v 188.0763 151.8747 -921.1431
v 190.5605 150.0464 -939.8786
v 171.8014 175.7623 -932.9232
v 173.1419 165.8852 -929.1609
v 155.6947 163.939 -928.3217
v 171.8014 175.7623 -932.9232
v 161.8013 161.7774 -926.2632
v 158.6054 145.8382 -913.7709
v 190.5605 150.0464 -939.8786
v 184.1405 164.1943 -925.2785
v 188.0763 151.8747 -921.1431
v 187.4425 159.8059 -943.1547
v 173.1419 165.8852 -929.1609
v 178.7296 161.1454 -946.2302
v 169.7456 157.8912 -943.9348
v 161.8013 161.7774 -926.2632
vt 0.434987 0.207542
vt 0.54478 0.221121
vt 0.465802 0.240352
vt 0.560279 0.2462
vt 0.596952 0.17461
vt 0.560279 0.2462
vt 0.54478 0.221121
vt 0.578529 0.157872
vt 0.629847 0.092441
vt 0.615446 0.075559
vt 0.486502 0.143968
vt 0.54478 0.221121
vt 0.434987 0.207542
vt 0.578529 0.157872
vt 0.534966 0.063434
vt 0.615446 0.075559
vt 0.554573 0.034555
vt 0.634263 0.045165
vt 0.595353 -0.039309
vt 0.674217 -0.029707
vt 0.629847 0.092441
vt 0.615446 0.075559
vt 0.648257 0.074437
vt 0.661166 0.101806
vt 0.643417 0.117379
vt 0.668058 0.129609
vt 0.650889 0.143273
vt 0.671736 0.151554
vt 0.656324 0.163618
vt 0.63472 0.160913
vt 0.630227 0.141345
vt 0.613148 0.176452
vt 0.619517 0.189514
vt 0.572982 0.24139
vt 0.568177 0.222042
vt 0.551282 0.245427
vt 0.546759 0.224338
vt 0.562093 0.198356
vt 0.605923 0.148359
vt 0.59701 0.113699
vt 0.620225 0.118498
vt 0.607881 0.090304
vt 0.629847 0.092441
vt 0.554962 0.262587
vt 0.646063 0.190642
vt 0.620174 0.25861
vt 0.800179 0.196361
vt 0.785492 0.170147
vt 0.809096 0.170782
vt 0.790463 0.15056
vt 0.769068 0.155987
vt 0.776197 0.134072
vt 0.816119 0.151912
vt 0.783284 0.110774
vt 0.792065 0.081906
vt 0.648257 0.074437
vt 0.799669 0.12939
vt 0.792065 0.081906
vt 0.811086 0.103137
vt 0.825713 0.129043
vt 0.811086 0.103137
vt 0.813161 0.063569
vt 0.771348 7.8E-05
vt 0.792133 -0.016253
vt 0.827324 0.049864
vt 0.841228 0.072687
vt 0.830143 0.089872
vt 0.811086 0.103137
vt 0.85871 0.111328
vt 0.887745 0.070508
vt 0.900635 0.109437
vt 0.873497 0.047596
vt 0.806208 -0.030583
vt 0.858332 -0.034663
vt 0.872778 0.152661
vt 0.85871 0.111328
vt 0.92328 0.1504
vt 0.903874 0.219257
vt 1.001548 0.214021
vt 0.872778 0.152661
vt 0.634263 0.045165
vt 0.648257 0.074437
vt 0.686624 0.003144
vt 0.674217 -0.029707
vt 0.537058 0.240776
vt 0.546759 0.224338
vt 0.551282 0.245427
vt 0.540901 0.256439
vt 0.50322 0.255564
vt 0.499137 0.240458
vt 0.509088 0.224753
vt 0.546759 0.224338
vt 0.506544 0.267859
vt 0.544028 0.269185
vt 0.509935 0.280409
vt 0.547221 0.282197
vt 0.559902 0.273699
vt 0.554962 0.262587
vt 0.514026 0.295543
vt 0.55182 0.29854
vt 0.566494 0.289082
vt 0.568407 0.287932
vt 0.563183 0.272317
vt 0.568407 0.287932
vt 0.559902 0.273699
vt 0.563183 0.272317
vt 0.601265 0.276204
vt 0.568407 0.287932
vt 0.603012 0.291411
vt 0.590011 0.265034
vt 0.559902 0.273699
vt 0.554962 0.262587
vt 0.590829 0.270021
vt 0.591895 0.27652
vt 0.572982 0.24139
vt 0.590011 0.265034
vt 0.554962 0.262587
vt 0.611918 0.24592
vt 0.572982 0.24139
vt 0.582322 0.258912
vt 0.833708 0.256904
vt 0.829012 0.199366
vt 0.868905 0.256623
vt 0.876108 0.237985
vt 0.836095 0.180574
vt 0.88363 0.21886
vt 0.845024 0.158989
vt 0.892917 0.195247
vt 0.856079 0.132265
vt 0.837609 0.100687
vt 0.825713 0.129043
vt 0.811086 0.103137
vt 0.837609 0.100687
vt 0.830143 0.089872
vt 0.837609 0.100687
vt 0.811086 0.103137
vt 0.850511 0.086115
vt 0.830143 0.089872
vt 0.85871 0.111328
vt 0.841735 0.132622
vt 0.872778 0.152661
vt 0.841735 0.132622
vt 0.85871 0.111328
vt 0.872778 0.152661
vt 0.85918 0.181116
vt 0.872778 0.152661
vt 0.892535 0.246042
vt 0.892535 0.246042
vt 0.903874 0.219257
vt 0.903874 0.219257
vt 0.981663 0.246195
vt 0.892535 0.246042
vt 1.001548 0.214021
vt 0.686624 0.003144
vt 0.686624 0.003144
vt 0.792065 0.081906
vt 0.648257 0.074437
vt 0.610851 -0.017967
vt 0.615736 -0.168697
vt 0.642645 -0.159733
vt 0.632076 -0.018293
vt 0.634991 -0.209497
vt 0.667682 -0.199601
vt 0.651464 -0.225546
vt 0.685321 -0.219202
vt 0.673446 -0.244043
vt 0.708964 -0.236004
vt 0.836277 -0.016778
vt 0.813856 -0.140162
vt 0.798293 -0.182215
vt 0.783446 -0.208377
vt 0.77053 -0.226359
vt 0.840397 -0.136034
vt 0.866373 -0.01674
vt 0.820441 -0.177435
vt 0.801474 -0.204571
vt 0.784198 -0.223075
vt 0.935783 0.274457
vt 0.903039 0.243856
vt 0.960569 0.243566
vt 0.887489 0.278524
vt 0.885223 0.270111
vt 0.897627 0.230462
vt 0.932308 0.284656
vt 0.883789 0.286774
vt 0.879665 0.281028
vt 0.885223 0.270111
vt 0.87382 0.288302
vt 0.879314 0.296749
vt 0.92811 0.296977
vt 0.874079 0.241893
vt 0.885223 0.270111
vt 0.891116 0.203224
vt 0.854636 0.271693
vt 0.885223 0.270111
vt 0.879665 0.281028
vt 0.853678 0.282487
vt 0.853186 0.277351
vt 0.854636 0.271693
vt 0.874079 0.241893
vt 0.885223 0.270111
vt 0.837338 0.243462
vt 0.854636 0.271693
vt 0.879665 0.281028
vt 0.853186 0.277351
vt 0.852801 0.28019
vt 0.826107 0.279548
vt 0.847824 0.292474
vt 0.826107 0.279548
vt 0.820377 0.292563
vt 0.872855 0.286157
vt 0.879665 0.281028
vt 0.87382 0.288302
vt 0.87543 0.273194
vt 0.872855 0.286157
vt 0.84848 0.273288
vt 0.87543 0.273194
vt 0.844745 0.287947
vt 0.854636 0.271693
vt 0.834453 0.251486
vt 0.837338 0.243462
vt 0.853186 0.277351
vt 0.825412 0.27652
vt 0.811953 0.25179
vt 0.826107 0.279548
vt 0.818866 0.288418
vt 0.816061 0.277256
vt 0.818866 0.288418
vt 0.812157 0.291119
vt 0.729251 0.279917
vt 0.730588 0.291373
vt 0.813906 0.30104
vt 0.808662 0.25381
vt 0.667909 0.2809
vt 0.670846 0.299464
vt 0.640586 0.297891
vt 0.63537 0.278816
vt 0.635051 0.294134
vt 0.628099 0.278351
vt 0.622197 0.291292
vt 0.629159 0.307029
vt 0.597359 0.306687
vt 0.591221 0.288602
vt 0.826107 0.279548
vt 0.820377 0.292563
vt 0.818866 0.288418
vt 0.843371 0.300673
vt 0.813906 0.30104
vt 0.847061 0.287562
vt 0.642988 0.246225
vt 0.726903 0.24783
vt 0.725963 0.269776
vt 0.802786 0.26765
vt 0.725963 0.269776
vt 0.627039 0.269851
vt 0.802786 0.26765
vt 0.809877 0.244256
vt 0.8163 0.259045
vt 0.816505 0.287075
vt 0.728214 0.288109
vt 0.725963 0.269776
vt 0.666933 0.289577
vt 0.627039 0.269851
vt 0.725963 0.269776
vt 0.627344 0.275235
vt 0.627214 0.287349
vt 0.622056 0.282391
vt 0.802786 0.26765
vt 0.816505 0.287075
vt 0.622056 0.282391
vt 0.627214 0.287349
vt 0.621123 0.296454
vt 0.584565 0.281008
vt 0.622056 0.282391
vt 0.621123 0.296454
vt 0.585024 0.295055
vt 0.590829 0.270021
vt 0.622056 0.282391
vt 0.622056 0.282391
vt 0.627344 0.275235
vt 0.584565 0.281008
vt 0.591895 0.27652
vt 0.590829 0.270021
vt 0.585024 0.295055
vt 0.613398 0.252183
vt 0.627344 0.275235
vt 0.590829 0.270021
vt 0.640659 0.2546
vt 0.590011 0.265034
vt 0.613398 0.252183
vt 0.590829 0.270021
vt 0.611918 0.24592
vt 0.68826 0.236142
vt 0.723501 0.276338
vt 0.665271 0.27344
vt 0.726552 0.23777
vt 0.771075 0.236463
vt 0.789883 0.274131
vt 0.723501 0.276338
vt 0.673631 0.288039
vt 0.665271 0.27344
vt 0.725965 0.290027
vt 0.789883 0.274131
vt 0.783862 0.290064
vt 0.679224 0.297864
vt 0.729566 0.299372
vt 0.681473 0.308231
vt 0.730959 0.310017
vt 0.777745 0.308474
vt 0.783233 0.298883
vt 0.729566 0.299372
vt 0.777803 0.29515
vt 0.779925 0.295128
vt 0.775719 0.287426
vt 0.771156 0.287438
vt 0.777803 0.29515
vt 0.729566 0.299372
vt 0.728134 0.296038
vt 0.686906 0.294699
vt 0.686906 0.294699
vt 0.679224 0.297864
vt 0.726345 0.286314
vt 0.68627 0.284995
vt 0.77973 0.287114
vt 0.728134 0.296038
vt 0.686906 0.294699
vt 0.728134 0.296038
vt 0.777803 0.29515
vt 0.679224 0.297864
vt 0.681565 0.294404
vt 0.686663 0.286868
vt 0.691309 0.286945
vt 0.677074 0.479174
vt 0.712419 0.484808
vt 0.685087 0.465766
vt 0.66966 0.452548
vt 0.664448 0.458197
vt 0.712419 0.484808
vt 0.677074 0.479174
vt 0.703156 0.501734
vt 0.703156 0.501734
vt 0.677074 0.479174
vt 0.698093 0.505486
vt 0.675171 0.483024
vt 0.745646 0.515365
vt 0.712419 0.484808
vt 0.703156 0.501734
vt 0.745646 0.515365
vt 0.753011 0.497502
vt 0.77693 0.522476
vt 0.703156 0.501734
vt 0.737367 0.515664
vt 0.745646 0.515365
vt 0.766124 0.522398
vt 0.77693 0.522476
vt 0.737367 0.515664
vt 0.753011 0.497502
vt 0.77693 0.522476
vt 0.782808 0.501766
vt 0.754527 0.476108
vt 0.753011 0.497502
vt 0.717062 0.469651
vt 0.754527 0.476108
vt 0.779979 0.47666
vt 0.753011 0.497502
vt 0.712419 0.484808
vt 0.694003 0.458517
vt 0.712419 0.484808
vt 0.717062 0.469651
vt 0.7692 0.476
vt 0.754527 0.476108
vt 0.779979 0.47666
vt 0.737367 0.515664
vt 0.703156 0.501734
vt 0.698093 0.505486
vt 0.417805 0.197502
vt 0.419404 0.193565
vt 0.425906 0.196978
vt 0.412183 0.196264
vt 0.409196 0.201728
vt 0.421009 0.204621
vt 0.430962 0.20212
vt 0.435682 0.221486
vt 0.420302 0.224922
vt 0.435347 0.249902
vt 0.430962 0.20212
vt 0.420302 0.224922
vt 0.406545 0.217603
vt 0.400835 0.237325
vt 0.400835 0.237325
vt 0.418104 0.24794
vt 0.406545 0.217603
vt 0.409196 0.201728
vt 0.389065 0.264798
vt 0.405238 0.279544
vt 0.418104 0.24794
vt 0.400835 0.237325
vt 0.371819 0.282435
vt 0.389065 0.264798
vt 0.405238 0.279544
vt 0.388793 0.299594
vt 0.426207 0.194057
vt 0.425906 0.196978
vt 0.419404 0.193565
vt 0.428319 0.195407
vt 0.430962 0.20212
vt 0.412183 0.196264
vt 0.412086 0.193341
vt 0.419404 0.193565
vt 0.412086 0.193341
vt 0.421427 0.192157
vt 0.419404 0.193565
vt 0.426207 0.194057
vt 0.409196 0.201728
vt 0.409311 0.1962
vt 0.412183 0.196264
vt 0.412086 0.193341
vt 0.406359 0.209691
vt 0.409311 0.1962
vt 0.409196 0.201728
vt 0.406545 0.217603
vt 0.400463 0.228756
vt 0.406359 0.209691
vt 0.400835 0.237325
vt 0.386855 0.258422
vt 0.400835 0.237325
vt 0.418104 0.24794
vt 0.420302 0.224922
vt 0.435347 0.249902
vt 0.435347 0.249902
vt 0.405238 0.279544
vt 0.418104 0.24794
vt 0.428489 0.287629
vt 0.405238 0.279544
vt 0.405998 0.309726
vt 0.405238 0.279544
vt 0.368751 0.274723
vt 0.389065 0.264798
vt 0.371819 0.282435
vt 0.386855 0.258422
vt 0.400835 0.237325
vt 0.389065 0.264798
vt 0.386855 0.258422
vt 0.405238 0.279544
vt 0.405998 0.309726
vt 0.388793 0.299594
vt 0.421427 0.192157
vt 0.428319 0.195407
vt 0.426207 0.194057
vt 0.421208 0.19357
vt 0.412086 0.193341
vt 0.421208 0.19357
vt 0.420544 0.207587
vt 0.431535 0.213122
vt 0.417296 0.230552
vt 0.434359 0.241312
vt 0.421208 0.19357
vt 0.431535 0.213122
vt 0.428319 0.195407
vt 0.431535 0.213122
vt 0.430962 0.20212
vt 0.428319 0.195407
vt 0.435682 0.221486
vt 0.435347 0.249902
vt 0.426231 0.280186
vt 0.434359 0.241312
vt 0.428489 0.287629
vt 0.403346 0.303587
vt 0.435347 0.249902
vt 0.431535 0.213122
vt 0.434359 0.241312
vt 0.4058 0.264261
vt 0.434359 0.241312
vt 0.417296 0.230552
vt 0.434359 0.241312
vt 0.4058 0.264261
vt 0.426231 0.280186
vt 0.403346 0.303587
vt 0.428489 0.287629
vt 0.403346 0.303587
vt 0.405998 0.309726
vt 0.403346 0.303587
vt 0.4058 0.264261
vt 0.386994 0.286749
vt 0.386855 0.258422
vt 0.386994 0.286749
vt 0.4058 0.264261
vt 0.417296 0.230552
vt 0.4058 0.264261
vt 0.386855 0.258422
vt 0.400463 0.228756
vt 0.420544 0.207587
vt 0.406359 0.209691
vt 0.421208 0.19357
vt 0.406359 0.209691
vt 0.386994 0.286749
vt 0.386855 0.258422
vt 0.368751 0.274723
vt 0.409311 0.1962
vt 0.406359 0.209691
vt 0.421208 0.19357
vt 0.412086 0.193341
vt 0.6706 0.450075
vt 0.666158 0.449923
vt 0.666693 0.451338
vt 0.666693 0.451338
vt 0.676581 0.45031
vt 0.6706 0.450075
vt 0.66966 0.452548
vt 0.666693 0.451338
vt 0.664448 0.458197
vt 0.66966 0.452548
vt 0.663475 0.454434
vt 0.66365 0.45623
vt 0.664809 0.460959
vt 0.694003 0.458517
vt 0.676581 0.45031
vt 0.66966 0.452548
vt 0.685087 0.465766
vt 0.712419 0.484808
vt 0.663475 0.454434
vt 0.666693 0.451338
vt 0.666158 0.449923
vt 0.667906 0.454764
vt 0.66365 0.45623
vt 0.666158 0.449923
vt 0.664809 0.460959
vt 0.663475 0.454434
vt 0.664809 0.460959
vt 0.667906 0.454764
vt 0.671072 0.45839
vt 0.675171 0.483024
vt 0.671072 0.45839
vt 0.682722 0.472942
vt 0.670997 0.451591
vt 0.671072 0.45839
vt 0.667906 0.454764
vt 0.676963 0.453058
vt 0.671072 0.45839
vt 0.691254 0.46129
vt 0.682722 0.472942
vt 0.712423 0.471385
vt 0.70308 0.488437
vt 0.676581 0.45031
vt 0.694003 0.458517
vt 0.712423 0.471385
vt 0.6706 0.450075
vt 0.670997 0.451591
vt 0.670997 0.451591
vt 0.667906 0.454764
vt 0.666158 0.449923
vt 0.670997 0.451591
vt 0.666158 0.449923
vt 0.6706 0.450075
vt 0.73926 0.494618
vt 0.70308 0.488437
vt 0.712423 0.471385
vt 0.745607 0.477802
vt 0.73926 0.494618
vt 0.761803 0.496462
vt 0.7692 0.476
vt 0.754527 0.476108
vt 0.717062 0.469651
vt 0.712423 0.471385
vt 0.766124 0.522398
vt 0.73926 0.494618
vt 0.761803 0.496462
vt 0.73926 0.494618
vt 0.766124 0.522398
vt 0.737367 0.515664
vt 0.73926 0.494618
vt 0.737367 0.515664
vt 0.70308 0.488437
vt 0.737367 0.515664
vt 0.698093 0.505486
vt 0.70308 0.488437
vt 0.87822 0.431843
vt 0.892127 0.511735
vt 0.887609 0.510655
vt 0.89759 0.511603
vt 0.882575 0.510967
vt 0.872223 0.429429
vt 0.887354 0.597802
vt 0.875563 0.513463
vt 0.872223 0.429429
vt 0.878905 0.59753
vt 0.871435 0.516735
vt 0.872223 0.429429
vt 0.870722 0.595681
vt 0.858255 0.543944
vt 0.850933 0.481311
vt 0.872223 0.429429
vt 0.8448 0.511513
vt 0.85051 0.566429
vt 0.833178 0.547613
vt 0.83755 0.588162
vt 0.822167 0.565214
vt 0.826293 0.60049
vt 0.810633 0.580205
vt 0.814569 0.610831
vt 0.796329 0.58694
vt 0.800103 0.615772
vt 0.78152 0.589564
vt 0.785501 0.619092
vt 0.803612 0.64257
vt 0.7892 0.64653
vt 0.805997 0.655168
vt 0.820566 0.651927
vt 0.818224 0.639272
vt 0.830992 0.654745
vt 0.830117 0.633183
vt 0.844804 0.655984
vt 0.841593 0.625654
vt 0.859423 0.661057
vt 0.855755 0.616864
vt 0.867738 0.663434
vt 0.864964 0.601335
vt 0.871625 0.669896
vt 0.791629 0.659073
vt 0.897845 0.596574
vt 0.906342 0.593395
vt 0.912083 0.586253
vt 0.914513 0.578306
vt 0.899827 0.511395
vt 0.870722 0.595681
vt 0.878905 0.59753
vt 0.871625 0.669896
vt 0.559742 0.711464
vt 0.568658 0.659987
vt 0.574831 0.659725
vt 0.568278 0.710339
vt 0.553752 0.664744
vt 0.540046 0.731642
vt 0.529356 0.707083
vt 0.521014 0.761981
vt 0.514992 0.738711
vt 0.51352 0.776847
vt 0.511652 0.780552
vt 0.509276 0.785264
vt 0.501927 0.763348
vt 0.500693 0.794464
vt 0.504663 0.794428
vt 0.586447 0.557284
vt 0.571558 0.55424
vt 0.586447 0.557284
vt 0.545985 0.597633
vt 0.526319 0.646447
vt 0.505027 0.685155
vt 0.482795 0.709179
vt 0.482992 0.777421
vt 0.459051 0.729897
vt 0.463591 0.79204
vt 0.433909 0.741251
vt 0.460594 0.794001
vt 0.454226 0.794687
vt 0.449668 0.800396
vt 0.441208 0.805473
vt 0.404405 0.745673
vt 0.411033 0.804722
vt 0.444916 0.838101
vt 0.414399 0.834716
vt 0.387134 0.78844
vt 0.384227 0.805703
vt 0.37406 0.77913
vt 0.3527 0.773284
vt 0.356245 0.760414
vt 0.338191 0.738699
vt 0.381507 0.744557
vt 0.365475 0.73716
vt 0.349478 0.722209
vt 0.324852 0.688177
vt 0.362268 0.802399
vt 0.388978 0.832965
vt 0.416797 0.856081
vt 0.445641 0.844474
vt 0.447558 0.861345
vt 0.455234 0.846071
vt 0.46688 0.837056
vt 0.462935 0.825662
vt 0.466413 0.830669
vt 0.472294 0.8353
vt 0.471203 0.830168
vt 0.473296 0.832622
vt 0.460925 0.819326
vt 0.461538 0.802254
vt 0.465422 0.817101
vt 0.464418 0.803357
vt 0.467126 0.802874
vt 0.483092 0.812042
vt 0.468007 0.799902
vt 0.483059 0.800741
vt 0.486 0.804939
vt 0.490466 0.808174
vt 0.490965 0.812409
vt 0.485596 0.816255
vt 0.483114 0.819644
vt 0.481564 0.822019
vt 0.476016 0.822746
vt 0.467611 0.822463
vt 0.467973 0.795394
vt 0.466457 0.793319
vt 0.484458 0.797861
vt 0.486851 0.795437
vt 0.601204 0.674195
vt 0.587791 0.675607
vt 0.591155 0.563133
vt 0.586316 0.733425
vt 0.571036 0.722071
vt 0.576993 0.667797
vt 0.591155 0.563133
vt 0.605855 0.723301
vt 0.574078 0.767866
vt 0.566829 0.760395
vt 0.563651 0.746071
vt 0.568278 0.710339
vt 0.576993 0.667797
vt 0.574831 0.659725
vt 0.588419 0.558913
vt 0.585338 0.771782
vt 0.599072 0.771609
vt 0.610036 0.767439
vt 0.616495 0.757251
vt 0.611193 0.715876
vt 0.605294 0.669842
vt 0.591155 0.563133
vt 0.614881 0.742595
vt 0.610768 0.706326
vt 0.605294 0.669842
vt 0.594776 0.565295
vt 0.606198 0.666024
vt 0.610768 0.706326
vt 0.576993 0.667797
vt 0.588419 0.558913
vt 0.591155 0.563133
vt 0.605294 0.669842
vt 0.594776 0.565295
vt 0.606198 0.666024
vt 0.596885 0.566507
vt 0.612879 0.663035
vt 0.599038 0.567744
vt 0.606198 0.666024
vt 0.596885 0.566507
vt 0.612879 0.663035
vt 0.610768 0.706326
vt 0.619662 0.703977
vt 0.614881 0.742595
vt 0.625758 0.740773
vt 0.631485 0.727963
vt 0.624785 0.694878
vt 0.612879 0.663035
vt 0.617332 0.658078
vt 0.599038 0.567744
vt 0.574831 0.659725
vt 0.586447 0.557284
vt 0.588419 0.558913
vt 0.508072 0.795068
vt 0.513979 0.796303
vt 0.51422 0.784612
vt 0.515893 0.780756
vt 0.518526 0.778362
vt 0.524565 0.774941
vt 0.530977 0.767708
vt 0.533481 0.763687
vt 0.529085 0.773957
vt 0.530783 0.772134
vt 0.536669 0.760645
vt 0.542006 0.756924
vt 0.549194 0.750748
vt 0.552582 0.743745
vt 0.55122 0.749365
vt 0.554116 0.743943
vt 0.563651 0.746071
vt 0.997361 0.794426
vt 0.995926 0.500912
vt 0.994582 0.494073
vt 0.998611 0.801276
vt 0.989771 0.789621
vt 0.986395 0.489152
vt 0.975182 0.488429
vt 0.979381 0.78909
vt 0.971022 0.793562
vt 0.966154 0.492245
vt 0.968605 0.802125
vt 0.963535 0.498839
vt 0.968588 0.505129
vt 0.973876 0.806774
vt 0.968605 0.802125
vt 0.963535 0.498839
vt 0.97896 0.50815
vt 0.982902 0.809219
vt 0.992909 0.807896
vt 0.989766 0.506478
vt 0.995926 0.500912
vt 0.998611 0.801276
vt 0.460388 0.438109
vt 0.446897 0.395142
vt 0.481275 0.435672
vt 0.446897 0.395142
vt 0.460388 0.438109
vt 0.436364 0.395346
vt 0.427577 0.380734
vt 0.424432 0.374778
vt 0.440414 0.380138
vt 0.439061 0.370136
vt 0.446897 0.395142
vt 0.420884 0.368057
vt 0.437312 0.362236
vt 0.437314 0.450296
vt 0.436364 0.395346
vt 0.460388 0.438109
vt 0.411736 0.412287
vt 0.399161 0.415916
vt 0.406361 0.401694
vt 0.401505 0.395635
vt 0.393837 0.414291
vt 0.390367 0.409073
vt 0.424432 0.374778
vt 0.427577 0.380734
vt 0.436364 0.395346
vt 0.411736 0.412287
vt 0.420884 0.368057
vt 0.391929 0.382242
vt 0.384344 0.399162
vt 0.391929 0.382242
vt 0.437314 0.450296
vt 0.405605 0.424393
vt 0.411736 0.412287
vt 0.399161 0.415916
vt 0.405605 0.424393
vt 0.434285 0.465206
vt 0.443213 0.464879
vt 0.434285 0.465206
vt 0.437314 0.450296
vt 0.443213 0.464879
vt 0.444908 0.479334
vt 0.451068 0.488891
vt 0.437314 0.450296
vt 0.460388 0.438109
vt 0.443213 0.464879
vt 0.472497 0.442906
vt 0.460388 0.438109
vt 0.481275 0.435672
vt 0.472497 0.442906
vt 0.503153 0.438982
vt 0.503153 0.438982
vt 0.482599 0.446524
vt 0.52261 0.447856
vt 0.494918 0.455878
vt 0.532565 0.458274
vt 0.508426 0.466135
vt 0.46991 0.492039
vt 0.458615 0.48228
vt 0.482599 0.446524
vt 0.543491 0.469706
vt 0.482305 0.502748
vt 0.52535 0.478986
vt 0.554771 0.479798
vt 0.443213 0.464879
vt 0.472497 0.442906
vt 0.458615 0.48228
vt 0.458615 0.48228
vt 0.482599 0.446524
vt 0.458615 0.48228
vt 0.451068 0.488891
vt 0.443213 0.464879
vt 0.458615 0.48228
vt 0.459875 0.511613
vt 0.475357 0.516797
vt 0.46991 0.492039
vt 0.482305 0.502748
vt 0.487962 0.532764
vt 0.482305 0.502748
vt 0.508426 0.466135
vt 0.503489 0.507819
vt 0.503489 0.507819
vt 0.52535 0.478986
vt 0.482305 0.502748
vt 0.503489 0.507819
vt 0.510285 0.53934
vt 0.487962 0.532764
vt 0.482305 0.502748
vt 0.510285 0.53934
vt 0.503489 0.507819
vt 0.538682 0.548916
vt 0.510285 0.53934
vt 0.503489 0.507819
vt 0.522758 0.509069
vt 0.541793 0.473578
vt 0.522758 0.509069
vt 0.503489 0.507819
vt 0.550859 0.472255
vt 0.552238 0.551511
vt 0.538682 0.548916
vt 0.531526 0.504152
vt 0.559089 0.469302
vt 0.550859 0.472255
vt 0.54447 0.498125
vt 0.56329 0.534685
vt 0.564213 0.465656
vt 0.553616 0.491862
vt 0.582295 0.445378
vt 0.522758 0.509069
vt 0.531526 0.504152
vt 0.531526 0.504152
vt 0.552238 0.551511
vt 0.571797 0.519864
vt 0.56329 0.534685
vt 0.571797 0.519864
vt 0.553616 0.491862
vt 0.586402 0.466835
vt 0.571797 0.519864
vt 0.568707 0.457302
vt 0.579557 0.450953
vt 0.541793 0.473578
vt 0.503489 0.507819
vt 0.52535 0.478986
vt 0.603997 0.521526
vt 0.56329 0.534685
vt 0.571797 0.519864
vt 0.586402 0.466835
vt 0.603997 0.521526
vt 0.571797 0.519864
vt 0.609174 0.462825
vt 0.614407 0.511722
vt 0.61716 0.458912
vt 0.597513 0.53444
vt 0.56329 0.534685
vt 0.552238 0.551511
vt 0.604361 0.530697
vt 0.579331 0.545214
vt 0.600186 0.441334
vt 0.607753 0.437183
vt 0.586374 0.41908
vt 0.571352 0.431917
vt 0.579557 0.450953
vt 0.593348 0.414721
vt 0.577132 0.40201
vt 0.571295 0.404025
vt 0.559979 0.413322
vt 0.554389 0.391196
vt 0.548898 0.391347
vt 0.554389 0.391196
vt 0.609018 0.429156
vt 0.618368 0.450088
vt 0.617952 0.495371
vt 0.594762 0.407555
vt 0.578316 0.397494
vt 0.556354 0.388823
vt 0.547898 0.390942
vt 0.547798 0.389252
vt 0.545116 0.390332
vt 0.540938 0.391045
vt 0.548898 0.391347
vt 0.554389 0.391196
vt 0.579557 0.450953
vt 0.568707 0.457302
vt 0.570641 0.445512
vt 0.570641 0.445512
vt 0.567415 0.431626
vt 0.571352 0.431917
vt 0.579557 0.450953
vt 0.567415 0.431626
vt 0.556453 0.415143
vt 0.571352 0.431917
vt 0.556453 0.415143
vt 0.559979 0.413322
vt 0.541349 0.398705
vt 0.541349 0.398705
vt 0.543064 0.394384
vt 0.548898 0.391347
vt 0.559979 0.413322
vt 0.543064 0.394384
vt 0.543064 0.394384
vt 0.545116 0.390332
vt 0.548898 0.391347
vt 0.545116 0.390332
vt 0.543064 0.394384
vt 0.542407 0.391919
vt 0.542407 0.391919
vt 0.543064 0.394384
vt 0.541349 0.398705
vt 0.541037 0.395131
vt 0.540938 0.391045
vt 0.542407 0.391919
vt 0.545116 0.390332
vt 0.542407 0.391919
vt 0.540938 0.391045
vt 0.42671 0.352718
vt 0.420884 0.368057
vt 0.413477 0.360681
vt 0.437312 0.362236
vt 0.391929 0.382242
vt 0.413477 0.360681
vt 0.420884 0.368057
vt 0.413477 0.360681
vt 0.39005 0.370904
vt 0.384344 0.399162
vt 0.39005 0.370904
vt 0.391929 0.382242
vt 0.380116 0.376349
vt 0.373892 0.361336
vt 0.39005 0.370904
vt 0.380116 0.376349
vt 0.384757 0.358853
vt 0.384757 0.358853
vt 0.413477 0.360681
vt 0.39005 0.370904
vt 0.409352 0.348766
vt 0.376278 0.343157
vt 0.384757 0.358853
vt 0.373892 0.361336
vt 0.38417 0.341928
vt 0.35933 0.285317
vt 0.38417 0.341928
vt 0.376278 0.343157
vt 0.38417 0.341928
vt 0.35933 0.285317
vt 0.369667 0.288806
vt 0.35933 0.285317
vt 0.334641 0.239743
vt 0.369667 0.288806
vt 0.369667 0.288806
vt 0.334641 0.239743
vt 0.347706 0.245642
vt 0.369667 0.288806
vt 0.406481 0.333362
vt 0.38417 0.341928
vt 0.385896 0.276061
vt 0.406481 0.333362
vt 0.384757 0.358853
vt 0.38417 0.341928
vt 0.409352 0.348766
vt 0.385896 0.276061
vt 0.410554 0.329694
vt 0.406481 0.333362
vt 0.390429 0.269921
vt 0.410554 0.329694
vt 0.385896 0.276061
vt 0.383242 0.229429
vt 0.390429 0.269921
vt 0.385896 0.276061
vt 0.378606 0.234606
vt 0.378606 0.234606
vt 0.38552 0.223285
vt 0.369667 0.288806
vt 0.378606 0.234606
vt 0.385896 0.276061
vt 0.347706 0.245642
vt 0.406481 0.333362
vt 0.422923 0.339997
vt 0.409352 0.348766
vt 0.410554 0.329694
vt 0.409352 0.348766
vt 0.422923 0.339997
vt 0.413477 0.360681
vt 0.42671 0.352718
vt 0.373347 0.232092
vt 0.38552 0.223285
vt 0.378606 0.234606
vt 0.38508 0.212476
vt 0.37208 0.225405
vt 0.390486 0.202677
vt 0.345215 0.23848
vt 0.342664 0.231146
vt 0.370555 0.212577
vt 0.320464 0.231541
vt 0.316955 0.218808
vt 0.334798 0.218179
vt 0.327942 0.236849
vt 0.347706 0.245642
vt 0.347706 0.245642
vt 0.378606 0.234606
vt 0.370555 0.212577
vt 0.390486 0.202677
vt 0.37208 0.225405
vt 0.334798 0.218179
vt 0.370555 0.212577
vt 0.342664 0.231146
vt 0.317776 0.206833
vt 0.334798 0.218179
vt 0.316955 0.218808
vt 0.333367 0.204054
vt 0.333367 0.204054
vt 0.370555 0.212577
vt 0.334798 0.218179
vt 0.366885 0.199688
vt 0.332197 0.192513
vt 0.363886 0.189157
vt 0.386717 0.181383
vt 0.388118 0.193501
vt 0.370555 0.212577
vt 0.390486 0.202677
vt 0.370555 0.212577
vt 0.333367 0.204054
vt 0.317776 0.206833
vt 0.31223 0.192482
vt 0.332197 0.192513
vt 0.598008 0.42584
vt 0.589724 0.407149
vt 0.57509 0.419193
vt 0.581533 0.433361
vt 0.567415 0.431626
vt 0.574857 0.399355
vt 0.564516 0.407457
vt 0.556453 0.415143
vt 0.567415 0.431626
vt 0.582295 0.445378
vt 0.546864 0.397604
vt 0.556453 0.415143
vt 0.581533 0.433361
vt 0.567415 0.431626
vt 0.570641 0.445512
vt 0.568707 0.457302
vt 0.582295 0.445378
vt 0.553616 0.491862
vt 0.609018 0.429156
vt 0.589724 0.407149
vt 0.598008 0.42584
vt 0.594762 0.407555
vt 0.578316 0.397494
vt 0.574857 0.399355
vt 0.556354 0.388823
vt 0.618368 0.450088
vt 0.598008 0.42584
vt 0.604908 0.441412
vt 0.599912 0.467537
vt 0.604908 0.441412
vt 0.617952 0.495371
vt 0.591344 0.47236
vt 0.61285 0.506792
vt 0.581282 0.478024
vt 0.550859 0.472255
vt 0.559089 0.469302
vt 0.596307 0.515816
vt 0.541793 0.473578
vt 0.569185 0.479416
vt 0.569185 0.479416
vt 0.52535 0.478986
vt 0.580683 0.513927
vt 0.554771 0.479798
vt 0.564213 0.465656
vt 0.599912 0.467537
vt 0.582295 0.445378
vt 0.575341 0.533475
vt 0.553084 0.529364
vt 0.565079 0.546007
vt 0.579331 0.545214
vt 0.590716 0.534156
vt 0.604361 0.530697
vt 0.540199 0.540113
vt 0.530613 0.512348
vt 0.517502 0.52342
vt 0.512554 0.498131
vt 0.499088 0.508743
vt 0.496112 0.485186
vt 0.508136 0.469961
vt 0.523561 0.48195
vt 0.532565 0.458274
vt 0.543491 0.469706
vt 0.540499 0.495116
vt 0.554771 0.479798
vt 0.561757 0.511639
vt 0.52261 0.447856
vt 0.487962 0.532764
vt 0.475357 0.516797
vt 0.482322 0.49538
vt 0.482322 0.49538
vt 0.503153 0.438982
vt 0.493091 0.459658
vt 0.480923 0.471834
vt 0.482322 0.49538
vt 0.467744 0.479223
vt 0.476067 0.451996
vt 0.466419 0.459593
vt 0.467744 0.479223
vt 0.456845 0.462377
vt 0.430925 0.414401
vt 0.423846 0.419633
vt 0.405605 0.424393
vt 0.434285 0.465206
vt 0.467744 0.479223
vt 0.439969 0.406659
vt 0.446897 0.395142
vt 0.43112 0.383933
vt 0.419674 0.390749
vt 0.415174 0.382052
vt 0.428152 0.375188
vt 0.439061 0.370136
vt 0.440414 0.380138
vt 0.446897 0.395142
vt 0.404788 0.387797
vt 0.410556 0.396134
vt 0.390367 0.409073
vt 0.399161 0.415916
vt 0.410103 0.37225
vt 0.398287 0.378399
vt 0.393439 0.365074
vt 0.403794 0.360087
vt 0.380116 0.376349
vt 0.384344 0.399162
vt 0.416619 0.354957
vt 0.424807 0.365335
vt 0.387684 0.351281
vt 0.373892 0.361336
vt 0.380116 0.376349
vt 0.398132 0.346032
vt 0.383787 0.336677
vt 0.376278 0.343157
vt 0.373892 0.361336
vt 0.391225 0.332749
vt 0.359929 0.271963
vt 0.35933 0.285317
vt 0.376278 0.343157
vt 0.367614 0.267451
vt 0.346916 0.228864
vt 0.35933 0.285317
vt 0.357723 0.222957
vt 0.373532 0.221924
vt 0.380025 0.266499
vt 0.390429 0.269921
vt 0.410554 0.329694
vt 0.40169 0.329775
vt 0.410554 0.329694
vt 0.412016 0.341302
vt 0.422923 0.339997
vt 0.410554 0.329694
vt 0.42671 0.352718
vt 0.422923 0.339997
vt 0.355554 0.213084
vt 0.372434 0.213107
vt 0.383242 0.229429
vt 0.390429 0.269921
vt 0.38552 0.223285
vt 0.371311 0.204093
vt 0.38508 0.212476
vt 0.390486 0.202677
vt 0.353335 0.202988
vt 0.371756 0.188252
vt 0.390486 0.202677
vt 0.349463 0.185333
vt 0.336462 0.193755
vt 0.342215 0.209755
vt 0.316955 0.218808
vt 0.320464 0.231541
vt 0.344592 0.219417
vt 0.327942 0.236849
vt 0.334641 0.239743
vt 0.334641 0.239743
vt 0.368905 0.180352
vt 0.347683 0.176605
vt 0.366573 0.173892
vt 0.388118 0.193501
vt 0.386717 0.181383
vt 0.346227 0.169466
vt 0.335802 0.184643
vt 0.335263 0.177189
vt 0.317776 0.206833
vt 0.316955 0.218808
vt 0.390486 0.202677
vt 0.35933 0.285317
vt 0.334641 0.239743
vt 0.317776 0.206833
vt 0.31223 0.192482
vt 0.390486 0.202677
vt 0.554089 0.392198
vt 0.564516 0.407457
vt 0.574857 0.399355
vt 0.546864 0.397604
vt 0.548 0.390775
vt 0.554089 0.392198
vt 0.546864 0.397604
vt 0.548 0.390775
vt 0.544159 0.394462
vt 0.540938 0.391045
vt 0.554089 0.392198
vt 0.547798 0.389252
vt 0.548 0.390775
vt 0.556354 0.388823
vt 0.574857 0.399355
vt 0.540938 0.391045
vt 0.556453 0.415143
vt 0.546864 0.397604
vt 0.541349 0.398705
vt 0.541349 0.398705
vt 0.546864 0.397604
vt 0.541037 0.395131
vt 0.544159 0.394462
vt 0.540938 0.391045
vt 0.582295 0.445378
vt 0.599912 0.467537
vt 0.604908 0.441412
vt 0.569185 0.479416
vt 0.52535 0.478986
vt 0.554771 0.479798
vt 0.467744 0.479223
vt 0.434285 0.465206
vt 0.444908 0.479334
vt 0.451068 0.488891
vt 0.482322 0.49538
vt 0.482322 0.49538
vt 0.451068 0.488891
vt 0.459875 0.511613
vt 0.481275 0.435672
vt 0.446897 0.395142
vt 0.476067 0.451996
vt 0.481275 0.435672
vt 0.503153 0.438982
vt 0.399161 0.415916
vt 0.393837 0.414291
vt 0.384344 0.399162
vt 0.405605 0.424393
vt 0.423846 0.419633
vt 0.399161 0.415916
vt 0.424807 0.365335
vt 0.42671 0.352718
vt 0.416619 0.354957
vt 0.437312 0.362236
vt 0.327942 0.236849
vt 0.347706 0.245642
vt 0.334641 0.239743
vt 0.604908 0.441412
vt 0.598008 0.42584
vt 0.614407 0.511722
vt 0.538682 0.548916
vt 0.552238 0.551511
vt 0.510285 0.53934
vt 0.510285 0.53934
vt 0.510285 0.53934
vt 0.568707 0.457302
vt 0.581533 0.433361
vt 0.570641 0.445512
vt 0.467385 0.51593
vt 0.459875 0.511613
vt 0.458615 0.48228
vt 0.458615 0.48228
vt 0.475357 0.516797
vt 0.467385 0.51593
vt 0.482322 0.49538
vt 0.467385 0.51593
vt 0.475357 0.516797
vt 0.482322 0.49538
vt 0.459875 0.511613
vt 0.467385 0.51593
vt 0.424807 0.365335
vt 0.437312 0.362236
vt 0.424807 0.365335
vt 0.054278 0.881797
vt 0.076444 0.949239
vt 0.049626 0.87958
vt 0.085007 0.954396
vt 0.066014 0.938426
vt 0.043981 0.87452
vt 0.093358 0.955791
vt 0.061029 0.882337
vt 0.095845 0.959084
vt 0.107113 0.985516
vt 0.117592 0.992553
vt 0.102319 0.95953
vt 0.098471 0.972105
vt 0.112953 0.960639
vt 0.129855 0.994044
vt 0.131642 0.954783
vt 0.074601 0.883906
vt 0.085971 0.879683
vt 0.133655 0.946762
vt 0.087431 0.875727
vt 0.151725 0.987172
vt 0.154014 0.977581
vt 0.142134 0.947976
vt 0.155488 0.974859
vt 0.161511 0.975729
vt 0.147284 0.942831
vt 0.169209 0.972925
vt 0.166268 0.976237
vt 0.176458 0.961604
vt 0.15368 0.93318
vt 0.172863 0.943298
vt 0.151031 0.917783
vt 0.1 0.866951
vt 0.101111 0.858446
vt 0.105659 0.855007
vt 0.158927 0.911186
vt 0.164003 0.900433
vt 0.108385 0.84731
vt 0.182094 0.93563
vt 0.187516 0.923006
vt 0.182868 0.912901
vt 0.16088 0.89175
vt 0.096152 0.871838
vt 0.091796 0.875847
vt 0.109298 0.843965
vt 0.067871 0.806144
vt 0.063139 0.810161
vt 0.044541 0.783973
vt 0.039641 0.785378
vt 0.050541 0.818991
vt 0.055204 0.814984
vt 0.033855 0.785343
vt 0.043986 0.822652
vt 0.025119 0.784903
vt 0.039805 0.824139
vt 0.021313 0.78409
vt 0.038389 0.824182
vt 0.017487 0.783406
vt 0.03512 0.82347
vt 0.009451 0.777803
vt 0.029679 0.82368
vt 0.028168 0.823844
vt 0.026354 0.823398
vt 0.063913 0.88411
vt 0.067559 0.884248
vt 0.017487 0.783406
vt 0.008626 0.766506
vt 0.011562 0.763381
vt 0.028053 0.767567
vt 0.044541 0.783973
vt 0.039641 0.785378
vt 0.032518 0.768086
vt 0.033855 0.785343
vt 0.028053 0.767567
vt 0.033855 0.785343
vt 0.021939 0.764792
vt 0.018608 0.764272
vt 0.028368 0.78496
vt 0.025119 0.784903
vt 0.015362 0.764201
vt 0.021313 0.78409
vt 0.011562 0.763381
vt 0.033855 0.785343
vt 0.025119 0.784903
vt 0.033855 0.785343
vt 0.057038 0.813946
vt 0.039641 0.785378
vt 0.061243 0.811056
vt 0.011562 0.763381
vt 0.021313 0.78409
vt 0.017487 0.783406
vt 0.109298 0.843965
vt 0.07042 0.796955
vt 0.1065 0.825506
vt 0.041697 0.768544
vt 0.127988 0.839341
vt 0.109298 0.843965
vt 0.125993 0.856028
vt 0.145653 0.861728
vt 0.125993 0.856028
vt 0.146098 0.84434
vt 0.15405 0.910453
vt 0.17748 0.918051
vt 0.175047 0.946804
vt 0.138954 0.917875
vt 0.131186 0.895865
vt 0.109298 0.843965
vt 0.125993 0.856028
vt 0.112018 0.891193
vt 0.099305 0.860509
vt 0.165149 0.860523
vt 0.159416 0.843322
vt 0.183804 0.852787
vt 0.173836 0.836935
vt 0.184425 0.831765
vt 0.190805 0.912189
vt 0.207353 0.907751
vt 0.229608 0.892877
vt 0.200696 0.838476
vt 0.226474 0.83168
vt 0.223723 0.830567
vt 0.246138 0.929241
vt 0.25159 0.925644
vt 0.248637 0.868291
vt 0.271153 0.917516
vt 0.279441 0.888366
vt 0.259777 0.842638
vt 0.278757 0.905751
vt 0.2725 0.920462
vt 0.293557 0.852017
vt 0.274094 0.806184
vt 0.264941 0.928982
vt 0.262876 0.928446
vt 0.249317 0.932124
vt 0.248667 0.934804
vt 0.251892 0.931524
vt 0.260118 0.929608
vt 0.253144 0.934142
vt 0.256765 0.935018
vt 0.254488 0.93869
vt 0.252087 0.936993
vt 0.250737 0.939358
vt 0.252149 0.942464
vt 0.248476 0.942227
vt 0.249645 0.945786
vt 0.242589 0.948325
vt 0.243465 0.952124
vt 0.237988 0.952767
vt 0.239379 0.955498
vt 0.235423 0.954093
vt 0.23673 0.957685
vt 0.231374 0.955222
vt 0.231179 0.959529
vt 0.22933 0.955511
vt 0.22527 0.959579
vt 0.224821 0.956746
vt 0.218521 0.959616
vt 0.216738 0.956388
vt 0.211193 0.959266
vt 0.208821 0.953788
vt 0.202764 0.956344
vt 0.204179 0.952671
vt 0.196992 0.953189
vt 0.208325 0.952643
vt 0.206447 0.948306
vt 0.213368 0.952223
vt 0.194742 0.952505
vt 0.202388 0.938936
vt 0.213944 0.9386
vt 0.220417 0.939542
vt 0.215916 0.939746
vt 0.223188 0.940615
vt 0.229821 0.939954
vt 0.225382 0.942869
vt 0.223947 0.943811
vt 0.227361 0.951231
vt 0.2302 0.950155
vt 0.23391 0.949932
vt 0.212844 0.939718
vt 0.224682 0.951282
vt 0.222828 0.946012
vt 0.223291 0.949459
vt 0.248223 0.941458
vt 0.209243 0.944552
vt 0.21199 0.946515
vt 0.211762 0.947336
vt 0.213359 0.944645
vt 0.213165 0.94216
vt 0.21315 0.948629
vt 0.214252 0.950629
vt 0.041697 0.768544
vt 0.044541 0.783973
vt 0.032518 0.768086
vt 0.246117 0.751031
vt 0.231468 0.787787
vt 0.217994 0.7761
vt 0.235515 0.736751
vt 0.25852 0.775483
vt 0.240228 0.804761
vt 0.236563 0.803508
vt 0.236932 0.805639
vt 0.23576 0.807638
vt 0.233841 0.800644
vt 0.23306 0.814756
vt 0.231042 0.811075
vt 0.230785 0.808155
vt 0.227864 0.810232
vt 0.228377 0.807863
vt 0.227081 0.806983
vt 0.225162 0.812153
vt 0.222124 0.809078
vt 0.220097 0.813695
vt 0.206617 0.805993
vt 0.217125 0.817492
vt 0.209464 0.799719
vt 0.21989 0.818387
vt 0.221683 0.816728
vt 0.19933 0.817081
vt 0.218999 0.820823
vt 0.221014 0.824403
vt 0.22675 0.805881
vt 0.225153 0.802175
vt 0.2131 0.792692
vt 0.226745 0.803735
vt 0.227303 0.802374
vt 0.229397 0.801237
vt 0.231605 0.800137
vt 0.216928 0.785328
vt 0.189567 0.827207
vt 0.023958 0.762857
vt 0.014827 0.75926
vt 0.016205 0.755255
vt 0.022463 0.767351
vt 0.014053 0.752974
vt 0.021635 0.760339
vt 0.010594 0.763048
vt 0.017843 0.771718
vt 0.012265 0.773906
vt 0.005568 0.764825
vt 0.002098 0.763816
vt 0.008348 0.772889
vt 0.004687 0.75445
vt 0.004687 0.75445
vt 0.004687 0.75445
vt 0.004687 0.75445
vt 0.043384 0.79144
vt 0.03864 0.795948
vt 0.03289 0.79819
vt 0.028832 0.797114
vt 0.044895 0.786783
vt 0.002098 0.763816
vt 0.001727 0.760537
vt 0.004687 0.75445
vt 0.00945 0.753484
vt 0.014053 0.752974
vt 0.004687 0.75445
vt 0.014053 0.752974
vt 0.01659 0.760968
vt 0.021635 0.760339
vt 0.00945 0.753484
vt 0.037263 0.784783
vt 0.031694 0.788364
vt 0.011177 0.764447
vt 0.004602 0.756479
vt 0.001727 0.760537
vt 0.007922 0.769152
vt 0.008348 0.772889
vt 0.002098 0.763816
vt 0.004687 0.75445
vt 0.028832 0.797114
vt 0.028363 0.793232
vt 0.042475 0.784156
vt 0.044895 0.786783
vt 0.004687 0.75445
vt 0.023958 0.762857
vt 0.004687 0.75445
vt 0.121379 0.487219
vt 0.140629 0.539476
vt 0.114264 0.534011
vt 0.140629 0.539476
vt 0.111089 0.559986
vt 0.14467 0.569231
vt 0.140629 0.539476
vt 0.121379 0.487219
vt 0.15112 0.498783
vt 0.161926 0.49968
vt 0.140629 0.539476
vt 0.15112 0.498783
vt 0.160319 0.491616
vt 0.145144 0.472709
vt 0.14941 0.490633
vt 0.15112 0.498783
vt 0.140629 0.539476
vt 0.161926 0.49968
vt 0.157139 0.559839
vt 0.157139 0.559839
vt 0.14467 0.569231
vt 0.140629 0.539476
vt 0.14467 0.569231
vt 0.157139 0.559839
vt 0.160317 0.578891
vt 0.169626 0.592904
vt 0.151947 0.585057
vt 0.172355 0.59958
vt 0.151947 0.585057
vt 0.170846 0.607248
vt 0.148314 0.603818
vt 0.170846 0.607248
vt 0.165386 0.624853
vt 0.114264 0.534011
vt 0.105746 0.492985
vt 0.121379 0.487219
vt 0.103507 0.538837
vt 0.111089 0.559986
vt 0.094149 0.567817
vt 0.10417 0.482193
vt 0.121379 0.487219
vt 0.111089 0.559986
vt 0.084533 0.578457
vt 0.094149 0.567817
vt 0.105244 0.57108
vt 0.079507 0.585115
vt 0.14467 0.569231
vt 0.105244 0.57108
vt 0.111089 0.559986
vt 0.151947 0.585057
vt 0.151947 0.585057
vt 0.10727 0.589315
vt 0.105244 0.57108
vt 0.10727 0.589315
vt 0.148314 0.603818
vt 0.080035 0.593105
vt 0.105244 0.57108
vt 0.10727 0.589315
vt 0.10727 0.589315
vt 0.085474 0.600417
vt 0.080035 0.593105
vt 0.079507 0.585115
vt 0.105244 0.57108
vt 0.169626 0.592904
vt 0.170846 0.607248
vt 0.172355 0.59958
vt 0.137804 0.600878
vt 0.160317 0.578891
vt 0.140252 0.558783
vt 0.139205 0.632353
vt 0.140252 0.558783
vt 0.160317 0.578891
vt 0.157139 0.559839
vt 0.161926 0.49968
vt 0.140252 0.558783
vt 0.157139 0.559839
vt 0.145232 0.489457
vt 0.145232 0.489457
vt 0.114207 0.553425
vt 0.140252 0.558783
vt 0.105813 0.587576
vt 0.137804 0.600878
vt 0.145232 0.489457
vt 0.116665 0.489738
vt 0.095438 0.610759
vt 0.105813 0.587576
vt 0.139205 0.632353
vt 0.105746 0.492985
vt 0.114207 0.553425
vt 0.116665 0.489738
vt 0.103507 0.538837
vt 0.094149 0.567817
vt 0.105813 0.587576
vt 0.10417 0.482193
vt 0.105813 0.587576
vt 0.084533 0.578457
vt 0.095438 0.610759
vt 0.079507 0.585115
vt 0.105813 0.587576
vt 0.094149 0.567817
vt 0.095438 0.610759
vt 0.079507 0.585115
vt 0.080035 0.593105
vt 0.085474 0.600417
vt 0.099544 0.629989
vt 0.139205 0.632353
vt 0.095438 0.610759
vt 0.099544 0.629989
vt 0.134307 0.645686
vt 0.095438 0.610759
vt 0.080035 0.593105
vt 0.085474 0.600417
vt 0.139205 0.632353
vt 0.165386 0.624853
vt 0.170846 0.607248
vt 0.134307 0.645686
vt 0.10417 0.482193
vt 0.116665 0.489738
vt 0.118671 0.477506
vt 0.095419 0.473346
vt 0.113261 0.456726
vt 0.118671 0.477506
vt 0.090637 0.457404
vt 0.109505 0.442299
vt 0.136153 0.442442
vt 0.139137 0.458318
vt 0.118671 0.477506
vt 0.133108 0.426245
vt 0.105673 0.42758
vt 0.088172 0.446246
vt 0.151291 0.428764
vt 0.154949 0.444116
vt 0.159467 0.470985
vt 0.144368 0.490969
vt 0.118671 0.477506
vt 0.098591 0.400379
vt 0.127482 0.396312
vt 0.144529 0.400382
vt 0.127482 0.396312
vt 0.082161 0.431826
vt 0.081934 0.419177
vt 0.098591 0.400379
vt 0.116665 0.489738
vt 0.144368 0.490969
vt 0.118671 0.477506
vt 0.159467 0.470985
vt 0.144368 0.490969
vt 0.160319 0.491616
vt 0.127482 0.396312
vt 0.080039 0.329718
vt 0.098591 0.400379
vt 0.080039 0.329718
vt 0.104985 0.321827
vt 0.088423 0.286
vt 0.104985 0.321827
vt 0.088423 0.286
vt 0.061666 0.296152
vt 0.083168 0.27603
vt 0.056272 0.286547
vt 0.076004 0.26244
vt 0.097512 0.273807
vt 0.103264 0.282659
vt 0.088423 0.286
vt 0.12154 0.329579
vt 0.09264 0.259085
vt 0.067035 0.246856
vt 0.083157 0.248665
vt 0.048921 0.273458
vt 0.067035 0.246856
vt 0.067035 0.246856
vt 0.039667 0.258873
vt 0.059503 0.233769
vt 0.031902 0.246635
vt 0.053076 0.222603
vt 0.031902 0.246635
vt 0.025281 0.236199
vt 0.144529 0.400382
vt 0.104985 0.321827
vt 0.127482 0.396312
vt 0.144529 0.400382
vt 0.12154 0.329579
vt 0.088423 0.286
vt 0.104985 0.321827
vt 0.098591 0.400379
vt 0.080039 0.329718
vt 0.086448 0.408585
vt 0.080039 0.329718
vt 0.070265 0.345401
vt 0.061666 0.296152
vt 0.061666 0.296152
vt 0.050926 0.303016
vt 0.070265 0.345401
vt 0.056272 0.286547
vt 0.081934 0.419177
vt 0.098591 0.400379
vt 0.086448 0.408585
vt 0.030143 0.288535
vt 0.048921 0.273458
vt 0.039667 0.258873
vt 0.038444 0.297907
vt 0.056272 0.286547
vt 0.039667 0.258873
vt 0.026126 0.27764
vt 0.031902 0.246635
vt 0.016059 0.271543
vt 0.013463 0.260988
vt 0.025281 0.236199
vt 0.031902 0.246635
vt 0.016059 0.271543
vt 0.025281 0.236199
vt 0.015411 0.252256
vt 0.050926 0.303016
vt 0.056272 0.286547
vt 0.038444 0.297907
vt 0.083157 0.248665
vt 0.059503 0.233769
vt 0.067035 0.246856
vt 0.079957 0.234921
vt 0.053076 0.222603
vt 0.069525 0.227336
vt 0.061916 0.222467
vt 0.004549 0.167113
vt 0.053076 0.222603
vt 0.025564 0.180761
vt -0.014419 0.173467
vt 0.015411 0.252256
vt 0.025281 0.236199
vt -0.020363 0.202863
vt 0.025281 0.236199
vt 0.004549 0.167113
vt -0.014419 0.173467
vt 0.004549 0.167113
vt 0.025281 0.236199
vt 0.053076 0.222603
vt 0.123441 0.476454
vt 0.145144 0.472709
vt 0.14941 0.490633
vt 0.113699 0.461459
vt 0.095419 0.473346
vt 0.090637 0.457404
vt 0.10417 0.482193
vt 0.121379 0.487219
vt 0.121379 0.487219
vt 0.108405 0.44985
vt 0.088172 0.446246
vt 0.104592 0.43738
vt 0.13823 0.433836
vt 0.14125 0.447494
vt 0.154949 0.444116
vt 0.159467 0.470985
vt 0.151291 0.428764
vt 0.132652 0.408606
vt 0.132652 0.408606
vt 0.103462 0.412743
vt 0.144529 0.400382
vt 0.082161 0.431826
vt 0.081934 0.419177
vt 0.103462 0.412743
vt 0.145144 0.472709
vt 0.160319 0.491616
vt 0.15112 0.498783
vt 0.121379 0.487219
vt 0.14941 0.490633
vt 0.088012 0.353312
vt 0.132652 0.408606
vt 0.103462 0.412743
vt 0.113133 0.345336
vt 0.088012 0.353312
vt 0.087591 0.289198
vt 0.113133 0.345336
vt 0.087591 0.289198
vt 0.088012 0.353312
vt 0.063718 0.302342
vt 0.077799 0.278835
vt 0.051369 0.293155
vt 0.064429 0.264683
vt 0.039372 0.278022
vt 0.030143 0.288535
vt 0.038444 0.297907
vt 0.063718 0.302342
vt 0.050926 0.303016
vt 0.026126 0.27764
vt 0.030906 0.267181
vt 0.057074 0.253567
vt 0.083157 0.248665
vt 0.09264 0.259085
vt 0.097512 0.273807
vt 0.087591 0.289198
vt 0.103264 0.282659
vt 0.0509 0.244236
vt 0.023938 0.259981
vt 0.079957 0.234921
vt 0.0509 0.244236
vt 0.042122 0.238818
vt 0.016059 0.271543
vt 0.023938 0.259981
vt 0.113133 0.345336
vt 0.12154 0.329579
vt 0.113133 0.345336
vt 0.087591 0.289198
vt 0.0509 0.244236
vt 0.069525 0.227336
vt 0.061916 0.222467
vt 0.042122 0.238818
vt 0.025564 0.180761
vt 0.113133 0.345336
vt 0.144529 0.400382
vt 0.132652 0.408606
vt 0.12154 0.329579
vt 0.144529 0.400382
vt 0.103462 0.412743
vt 0.070265 0.345401
vt 0.088012 0.353312
vt 0.086448 0.408585
vt 0.050926 0.303016
vt 0.088012 0.353312
vt 0.063718 0.302342
vt 0.103462 0.412743
vt 0.081934 0.419177
vt 0.086448 0.408585
vt 0.042122 0.238818
vt 0.019675 0.210254
vt 0.025564 0.180761
vt 0.042122 0.238818
vt 0.017748 0.250331
vt 0.019675 0.210254
vt 0.000618 0.216648
vt 0.023938 0.259981
vt -0.020363 0.202863
vt 0.017748 0.250331
vt 0.015411 0.252256
vt 0.017748 0.250331
vt -0.020363 0.202863
vt 0.000618 0.216648
vt 0.015411 0.252256
vt 0.017748 0.250331
vt 0.023938 0.259981
vt 0.023938 0.259981
vt 0.013463 0.260988
vt 0.016059 0.271543
vt 0.023938 0.259981
vt 0.160319 0.491616
vt 0.145232 0.489457
vt 0.161926 0.49968
vt 0.145232 0.489457
vt 0.160319 0.491616
vt 0.144368 0.490969
vt 0.144368 0.490969
vt 0.116665 0.489738
vt 0.145232 0.489457
vt 0.354607 0.409971
vt 0.330651 0.41696
vt 0.341833 0.411086
vt 0.348604 0.413353
vt 0.364138 0.405137
vt 0.358705 0.401171
vt 0.381156 0.395428
vt 0.361696 0.410805
vt 0.37279 0.409657
vt 0.384001 0.404695
vt 0.393872 0.39681
vt 0.381156 0.395428
vt 0.39816 0.388792
vt 0.397124 0.378982
vt 0.343953 0.417799
vt 0.322195 0.427538
vt 0.340296 0.425282
vt 0.326942 0.443722
vt 0.342494 0.434166
vt 0.326942 0.443722
vt 0.340217 0.446813
vt 0.346208 0.454571
vt 0.340217 0.446813
vt 0.35039 0.443647
vt 0.352508 0.45697
vt 0.353704 0.450548
vt 0.34979 0.461898
vt 0.335497 0.461753
vt 0.340217 0.446813
vt 0.349417 0.467966
vt 0.338382 0.473296
vt 0.328997 0.467048
vt 0.329842 0.454466
vt 0.340217 0.446813
vt 0.315142 0.465363
vt 0.326942 0.443722
vt 0.319749 0.474934
vt 0.323127 0.481547
vt 0.312954 0.486697
vt 0.32884 0.497172
vt 0.321457 0.502732
vt 0.318152 0.503919
vt 0.309795 0.481051
vt 0.304428 0.491014
vt 0.302796 0.485353
vt 0.290862 0.490214
vt 0.291619 0.495607
vt 0.311502 0.507376
vt 0.296264 0.512188
vt 0.280806 0.49905
vt 0.285576 0.513008
vt 0.27865 0.494616
vt 0.297977 0.47064
vt 0.305062 0.468462
vt 0.301716 0.464929
vt 0.29396 0.466309
vt 0.29834 0.460124
vt 0.292662 0.461058
vt 0.286089 0.461119
vt 0.279443 0.468708
vt 0.284337 0.476463
vt 0.277417 0.459801
vt 0.270672 0.473311
vt 0.267626 0.47172
vt 0.270395 0.467413
vt 0.277417 0.459801
vt 0.262049 0.473842
vt 0.262758 0.478104
vt 0.270806 0.477753
vt 0.263189 0.480355
vt 0.254196 0.477484
vt 0.257668 0.474807
vt 0.249881 0.470456
vt 0.253554 0.468915
vt 0.248977 0.453178
vt 0.23556 0.458088
vt 0.244849 0.47469
vt 0.22352 0.468278
vt 0.219007 0.46072
vt 0.196805 0.469056
vt 0.196907 0.462847
vt 0.235176 0.453004
vt 0.250303 0.443213
vt 0.226964 0.483144
vt 0.24039 0.488806
vt 0.252903 0.483867
vt 0.244542 0.493444
vt 0.257152 0.492158
vt 0.247376 0.500064
vt 0.260351 0.498432
vt 0.272814 0.500516
vt 0.277204 0.51787
vt 0.263022 0.516056
vt 0.26879 0.493489
vt 0.232728 0.497634
vt 0.228123 0.493691
vt 0.222184 0.488604
vt 0.216999 0.496297
vt 0.212916 0.485338
vt 0.203335 0.474725
vt 0.206877 0.489339
vt 0.245679 0.519653
vt 0.245679 0.519653
vt 0.203589 0.476713
vt 0.213313 0.509833
vt 0.217505 0.51114
vt 0.211226 0.506717
vt 0.222304 0.511712
vt 0.225355 0.513045
vt 0.231817 0.518038
vt 0.245679 0.519653
vt 0.247891 0.533379
vt 0.235933 0.528491
vt 0.251503 0.542004
vt 0.241259 0.537799
vt 0.25652 0.54716
vt 0.249286 0.547256
vt 0.258683 0.556446
vt 0.266784 0.557223
vt 0.271246 0.560229
vt 0.272453 0.548184
vt 0.25652 0.54716
vt 0.275739 0.554524
vt 0.266087 0.562039
vt 0.279908 0.563829
vt 0.274517 0.565721
vt 0.279908 0.563829
vt 0.341833 0.411086
vt 0.330651 0.41696
vt 0.338026 0.404632
vt 0.358705 0.401171
vt 0.326695 0.411746
vt 0.338026 0.404632
vt 0.330651 0.41696
vt 0.320699 0.419194
vt 0.358705 0.401171
vt 0.37485 0.389276
vt 0.381156 0.395428
vt 0.379525 0.382365
vt 0.366817 0.384156
vt 0.352056 0.390622
vt 0.358705 0.401171
vt 0.338026 0.404632
vt 0.346479 0.386381
vt 0.36587 0.380081
vt 0.334077 0.392671
vt 0.330314 0.387992
vt 0.344366 0.364399
vt 0.36587 0.380081
vt 0.318539 0.373105
vt 0.321455 0.39689
vt 0.324104 0.401906
vt 0.338026 0.404632
vt 0.313505 0.404874
vt 0.31888 0.414721
vt 0.300039 0.413275
vt 0.293088 0.38474
vt 0.293088 0.38474
vt 0.344366 0.364399
vt 0.350751 0.352768
vt 0.36587 0.380081
vt 0.332212 0.341009
vt 0.36483 0.359715
vt 0.379525 0.382365
vt 0.385933 0.38406
vt 0.34523 0.344336
vt 0.34523 0.344336
vt 0.351965 0.340395
vt 0.376784 0.362343
vt 0.385933 0.38406
vt 0.381156 0.395428
vt 0.318539 0.373105
vt 0.332212 0.341009
vt 0.344366 0.364399
vt 0.314189 0.354493
vt 0.318539 0.373105
vt 0.321455 0.39689
vt 0.293088 0.38474
vt 0.296297 0.365395
vt 0.318539 0.373105
vt 0.293088 0.38474
vt 0.318539 0.373105
vt 0.296297 0.365395
vt 0.314189 0.354493
vt 0.276094 0.39137
vt 0.296297 0.365395
vt 0.293088 0.38474
vt 0.283361 0.408428
vt 0.276094 0.39137
vt 0.293088 0.38474
vt 0.28079 0.415072
vt 0.28079 0.415072
vt 0.270473 0.393828
vt 0.276094 0.39137
vt 0.28165 0.380205
vt 0.288243 0.373779
vt 0.296297 0.365395
vt 0.28079 0.415072
vt 0.261521 0.410261
vt 0.257633 0.402537
vt 0.242862 0.404513
vt 0.248453 0.429199
vt 0.273256 0.391597
vt 0.255346 0.396722
vt 0.265861 0.387709
vt 0.286769 0.378972
vt 0.290475 0.383453
vt 0.251317 0.38541
vt 0.238836 0.40541
vt 0.241929 0.397258
vt 0.214444 0.394636
vt 0.219168 0.403389
vt 0.180482 0.405675
vt 0.219774 0.410038
vt 0.179429 0.406356
vt 0.248898 0.379224
vt 0.28335 0.362052
vt 0.284995 0.370706
vt 0.311923 0.349292
vt 0.316189 0.358954
vt 0.340295 0.332953
vt 0.241721 0.35858
vt 0.275868 0.340892
vt 0.311923 0.349292
vt 0.303301 0.327727
vt 0.330742 0.322129
vt 0.203934 0.368614
vt 0.209598 0.38578
vt 0.176552 0.392368
vt 0.169257 0.367889
vt 0.141691 0.396861
vt 0.13409 0.36396
vt 0.149164 0.411471
vt 0.149164 0.411471
vt 0.111226 0.368463
vt 0.112353 0.386004
vt 0.090575 0.361884
vt 0.094826 0.373729
vt 0.064503 0.35334
vt 0.073005 0.369728
vt 0.058119 0.335145
vt 0.088597 0.347378
vt 0.054804 0.315701
vt 0.085558 0.325086
vt 0.113407 0.357088
vt 0.117584 0.335312
vt 0.112724 0.280326
vt 0.085583 0.269423
vt 0.058203 0.279831
vt 0.065516 0.256446
vt 0.122065 0.230513
vt 0.10463 0.221416
vt 0.080452 0.232728
vt 0.092312 0.211011
vt 0.138497 0.352128
vt 0.146234 0.331352
vt 0.13675 0.277777
vt 0.138403 0.229598
vt 0.155849 0.275747
vt 0.15139 0.228873
vt 0.16236 0.22826
vt 0.171987 0.274035
vt 0.185988 0.224428
vt 0.202127 0.268735
vt 0.229856 0.254995
vt 0.255063 0.304057
vt 0.222996 0.318919
vt 0.232669 0.339406
vt 0.26505 0.321738
vt 0.207538 0.213384
vt 0.27219 0.296094
vt 0.287712 0.311877
vt 0.244424 0.247772
vt 0.217147 0.208061
vt 0.228508 0.201768
vt 0.261634 0.23924
vt 0.242779 0.193861
vt 0.283229 0.228534
vt 0.296275 0.207795
vt 0.253539 0.177539
vt 0.304084 0.179119
vt 0.268828 0.160538
vt 0.292417 0.286691
vt 0.330314 0.262478
vt 0.330314 0.262478
vt 0.309894 0.302851
vt 0.330314 0.262478
vt 0.327144 0.18153
vt 0.328778 0.219462
vt 0.358618 0.19981
vt 0.339949 0.231947
vt 0.227645 0.182358
vt 0.216846 0.190684
vt 0.207274 0.181587
vt 0.215223 0.172916
vt 0.23775 0.166627
vt 0.222239 0.161922
vt 0.241726 0.149335
vt 0.216046 0.146945
vt 0.199467 0.167853
vt 0.19806 0.147405
vt 0.191689 0.170101
vt 0.18638 0.148119
vt 0.185117 0.172001
vt 0.176859 0.149113
vt 0.171064 0.175746
vt 0.161932 0.148352
vt 0.189809 0.189966
vt 0.17869 0.192016
vt 0.197796 0.200517
vt 0.181976 0.20661
vt 0.199961 0.185862
vt 0.207706 0.195866
vt 0.161755 0.20919
vt 0.16126 0.193566
vt 0.149435 0.153282
vt 0.157145 0.179515
vt 0.15364 0.209253
vt 0.155484 0.193178
vt 0.141201 0.158641
vt 0.150666 0.181429
vt 0.142987 0.183694
vt 0.130815 0.163679
vt 0.133322 0.186554
vt 0.140041 0.192142
vt 0.120383 0.202276
vt 0.105116 0.188158
vt 0.120808 0.171481
vt 0.131944 0.209425
vt 0.144032 0.209329
vt 0.148646 0.192719
vt 0.300039 0.413275
vt 0.283361 0.408428
vt 0.293088 0.38474
vt 0.303055 0.424118
vt 0.31888 0.414721
vt 0.28079 0.415072
vt 0.29087 0.425175
vt 0.28079 0.415072
vt 0.303055 0.424118
vt 0.324104 0.401906
vt 0.338026 0.404632
vt 0.326695 0.411746
vt 0.31888 0.414721
vt 0.320699 0.419194
vt 0.303055 0.424118
vt 0.31888 0.414721
vt 0.322195 0.427538
vt 0.303055 0.424118
vt 0.31888 0.414721
vt 0.326695 0.411746
vt 0.320699 0.419194
vt 0.320699 0.419194
vt 0.330651 0.41696
vt 0.322195 0.427538
vt 0.307374 0.430487
vt 0.29087 0.425175
vt 0.303055 0.424118
vt 0.322195 0.427538
vt 0.310165 0.449607
vt 0.326942 0.443722
vt 0.306025 0.450589
vt 0.294205 0.437708
vt 0.308434 0.458644
vt 0.286635 0.431237
vt 0.28079 0.415072
vt 0.266718 0.414934
vt 0.261521 0.410261
vt 0.305224 0.455106
vt 0.306025 0.450589
vt 0.340217 0.446813
vt 0.329842 0.454466
vt 0.261521 0.410261
vt 0.266718 0.414934
vt 0.263052 0.415192
vt 0.286089 0.461119
vt 0.277417 0.459801
vt 0.279955 0.455597
vt 0.270437 0.430417
vt 0.277191 0.450156
vt 0.286089 0.461119
vt 0.279955 0.455597
vt 0.284707 0.455841
vt 0.290785 0.455715
vt 0.292662 0.461058
vt 0.286089 0.461119
vt 0.284707 0.455841
vt 0.296109 0.455437
vt 0.29834 0.460124
vt 0.299451 0.451656
vt 0.284707 0.455841
vt 0.277191 0.450156
vt 0.295811 0.440549
vt 0.290785 0.455715
vt 0.296109 0.455437
vt 0.270437 0.430417
vt 0.299451 0.451656
vt 0.277417 0.459801
vt 0.267024 0.432866
vt 0.270437 0.430417
vt 0.266052 0.424474
vt 0.269124 0.422528
vt 0.266405 0.411887
vt 0.26382 0.411751
vt 0.261188 0.414531
vt 0.252943 0.448978
vt 0.253554 0.468915
vt 0.248977 0.453178
vt 0.250303 0.443213
vt 0.254412 0.435335
vt 0.261188 0.414531
vt 0.2533 0.461722
vt 0.257668 0.474807
vt 0.253554 0.468915
vt 0.25547 0.468214
vt 0.253356 0.440858
vt 0.252943 0.448978
vt 0.2533 0.461722
vt 0.253356 0.440858
vt 0.269618 0.454944
vt 0.269328 0.461441
vt 0.266061 0.466691
vt 0.260232 0.469388
vt 0.25547 0.468214
vt 0.26391 0.431033
vt 0.269618 0.454944
vt 0.253356 0.440858
vt 0.25479 0.430322
vt 0.262956 0.423726
vt 0.261188 0.414531
vt 0.196805 0.469056
vt 0.177796 0.468915
vt 0.196907 0.462847
vt 0.177796 0.468915
vt 0.175731 0.474246
vt 0.154664 0.476038
vt 0.185576 0.477378
vt 0.200343 0.476123
vt 0.177468 0.479218
vt 0.157668 0.483608
vt 0.164408 0.486529
vt 0.14172 0.481051
vt 0.148805 0.485285
vt 0.138274 0.480878
vt 0.135773 0.475923
vt 0.13824 0.475628
vt 0.145763 0.484631
vt 0.154855 0.488905
vt 0.152601 0.488667
vt 0.134217 0.470059
vt 0.13653 0.469397
vt 0.128588 0.453077
vt 0.130676 0.451904
vt 0.121335 0.445318
vt 0.122426 0.444116
vt 0.155749 0.489661
vt 0.168516 0.487896
vt 0.142892 0.468627
vt 0.135339 0.448603
vt 0.135339 0.448603
vt 0.13208 0.432149
vt 0.114629 0.439878
vt 0.116856 0.438867
vt 0.109601 0.431798
vt 0.112668 0.430969
vt 0.108325 0.41676
vt 0.110247 0.419355
vt 0.112389 0.405369
vt 0.109979 0.40464
vt 0.098334 0.383501
vt 0.11328 0.400428
vt 0.125288 0.413899
vt 0.149164 0.411471
vt 0.097485 0.389701
vt 0.082582 0.378242
vt 0.196907 0.462847
vt 0.177796 0.468915
vt 0.177134 0.459208
vt 0.155974 0.467871
vt 0.159723 0.458764
vt 0.178356 0.448528
vt 0.157784 0.454505
vt 0.147012 0.464208
vt 0.193875 0.454467
vt 0.191941 0.441312
vt 0.215369 0.444034
vt 0.192998 0.421725
vt 0.167134 0.427937
vt 0.157784 0.454505
vt 0.192998 0.421725
vt 0.216955 0.455373
vt 0.230688 0.441868
vt 0.219735 0.413957
vt 0.235176 0.453004
vt 0.237018 0.436136
vt 0.219735 0.413957
vt 0.196907 0.462847
vt 0.241521 0.426446
vt 0.247435 0.444494
vt 0.248453 0.429199
vt 0.236954 0.406684
vt 0.201154 0.395629
vt 0.242862 0.404513
vt 0.219735 0.413957
vt 0.151455 0.423149
vt 0.167134 0.427937
vt 0.157784 0.454505
vt 0.15967 0.407694
vt 0.143854 0.438991
vt 0.147012 0.464208
vt 0.150737 0.418103
vt 0.15967 0.407694
vt 0.135339 0.448603
vt 0.141509 0.421563
vt 0.150737 0.418103
vt 0.155974 0.467871
vt 0.142892 0.468627
vt 0.147012 0.464208
vt 0.154664 0.476038
vt 0.177796 0.468915
vt 0.154664 0.476038
vt 0.155974 0.467871
vt 0.161683 0.411373
vt 0.150737 0.418103
vt 0.141509 0.421563
vt 0.149164 0.411471
vt 0.15967 0.407694
vt 0.192998 0.421725
vt 0.167134 0.427937
vt 0.192998 0.421725
vt 0.15967 0.407694
vt 0.185504 0.400015
vt 0.201154 0.395629
vt 0.192998 0.421725
vt 0.185504 0.400015
vt 0.192998 0.421725
vt 0.219735 0.413957
vt 0.192998 0.421725
vt 0.201154 0.395629
vt 0.219735 0.413957
vt 0.196907 0.462847
vt 0.216955 0.455373
vt 0.219007 0.46072
vt 0.235176 0.453004
vt 0.242862 0.404513
vt 0.236954 0.406684
vt 0.22566 0.401639
vt 0.212885 0.398631
vt 0.201154 0.395629
vt 0.296297 0.365395
vt 0.311644 0.351963
vt 0.314189 0.354493
vt 0.332212 0.341009
vt 0.288243 0.373779
vt 0.311644 0.351963
vt 0.296297 0.365395
vt 0.290475 0.383453
vt 0.290475 0.383453
vt 0.288243 0.373779
vt 0.28165 0.380205
vt 0.290475 0.383453
vt 0.28165 0.380205
vt 0.273256 0.391597
vt 0.270473 0.393828
vt 0.311644 0.351963
vt 0.290475 0.383453
vt 0.316667 0.356635
vt 0.326076 0.348079
vt 0.331074 0.347975
vt 0.34523 0.344336
vt 0.316189 0.358954
vt 0.286769 0.378972
vt 0.342094 0.345187
vt 0.351965 0.340395
vt 0.332212 0.341009
vt 0.34523 0.344336
vt 0.366769 0.341
vt 0.311923 0.349292
vt 0.330742 0.322129
vt 0.340295 0.332953
vt 0.352745 0.314926
vt 0.340295 0.332953
vt 0.352745 0.314926
vt 0.36622 0.327295
vt 0.342094 0.345187
vt 0.37179 0.306255
vt 0.316189 0.358954
vt 0.342094 0.345187
vt 0.36622 0.327295
vt 0.366769 0.341
vt 0.37179 0.306255
vt 0.379907 0.314023
vt 0.38539 0.325836
vt 0.366769 0.341
vt 0.366769 0.341
vt 0.386051 0.338693
vt 0.376784 0.362343
vt 0.372749 0.291639
vt 0.345978 0.288642
vt 0.386455 0.254683
vt 0.382051 0.277608
vt 0.371895 0.27575
vt 0.372757 0.311041
vt 0.37179 0.306255
vt 0.382087 0.235122
vt 0.360227 0.259352
vt 0.345978 0.288642
vt 0.351597 0.24466
vt 0.370896 0.215107
vt 0.34023 0.278175
vt 0.330314 0.262478
vt 0.34023 0.278175
vt 0.345978 0.288642
vt 0.330742 0.322129
vt 0.195665 0.345833
vt 0.188299 0.325539
vt 0.169112 0.328187
vt 0.169189 0.349191
vt 0.397124 0.378982
vt 0.381156 0.395428
vt 0.385933 0.38406
vt 0.389848 0.358647
vt 0.376784 0.362343
vt 0.386051 0.338693
vt 0.376784 0.362343
vt 0.376784 0.362343
vt 0.351965 0.340395
vt 0.366769 0.341
vt 0.286769 0.378972
vt 0.316667 0.356635
vt 0.290475 0.383453
vt 0.141509 0.421563
vt 0.135339 0.448603
vt 0.13208 0.432149
vt 0.149164 0.411471
vt 0.289073 0.436062
vt 0.282044 0.430632
vt 0.286635 0.431237
vt 0.294205 0.437708
vt 0.266405 0.411887
vt 0.29946 0.447482
vt 0.306025 0.450589
vt 0.305224 0.455106
vt 0.29946 0.447482
vt 0.306025 0.450589
vt 0.29946 0.447482
vt 0.305224 0.455106
vt 0.299451 0.451656
vt 0.29834 0.460124
vt 0.299451 0.451656
vt 0.305224 0.455106
vt 0.29946 0.447482
vt 0.299451 0.451656
vt 0.295811 0.440549
vt 0.331074 0.347975
vt 0.351965 0.340395
vt 0.34523 0.344336
vt 0.26382 0.411751
vt 0.260285 0.417571
vt 0.263052 0.415192
vt 0.260285 0.417571
vt 0.26382 0.411751
vt 0.261188 0.414531
vt 0.250303 0.443213
vt 0.254412 0.435335
vt 0.261188 0.414531
vt 0.25479 0.430322
vt 0.253356 0.440858
vt 0.252943 0.448978
vt 0.253554 0.468915
vt 0.2533 0.461722
vt 0.250303 0.443213
vt 0.23556 0.458088
vt 0.235176 0.453004
vt 0.247435 0.444494
vt 0.248453 0.429199
vt 0.260285 0.417571
vt 0.261521 0.410261
vt 0.269124 0.422528
vt 0.285206 0.428755
vt 0.270437 0.430417
vt 0.295811 0.440549
vt 0.285206 0.428755
vt 0.269124 0.422528
vt 0.278074 0.42338
vt 0.266405 0.411887
vt 0.278074 0.42338
vt 0.261188 0.414531
vt 0.266052 0.424474
vt 0.262956 0.423726
vt 0.267024 0.432866
vt 0.277417 0.459801
vt 0.26391 0.431033
vt 0.267024 0.432866
vt 0.262956 0.423726
vt 0.26391 0.431033
vt 0.271366 0.460157
vt 0.269618 0.454944
vt 0.270395 0.467413
vt 0.269328 0.461441
vt 0.267626 0.47172
vt 0.266061 0.466691
vt 0.262049 0.473842
vt 0.260232 0.469388
vt 0.257668 0.474807
vt 0.25547 0.468214
vt 0.277417 0.459801
vt 0.270395 0.467413
vt 0.271366 0.460157
vt 0.26391 0.431033
vt 0.266718 0.414934
vt 0.266405 0.411887
vt 0.26382 0.411751
vt 0.26382 0.411751
vt 0.263052 0.415192
vt 0.266718 0.414934
vt 0.286635 0.431237
vt 0.266405 0.411887
vt 0.266718 0.414934
vt 0.282044 0.430632
vt 0.278074 0.42338
vt 0.282044 0.430632
vt 0.285206 0.428755
vt 0.278074 0.42338
vt 0.289073 0.436062
vt 0.29946 0.447482
vt 0.285206 0.428755
vt 0.289073 0.436062
vt 0.295811 0.440549
vt 0.279955 0.455597
vt 0.270437 0.430417
vt 0.277191 0.450156
vt 0.199413 0.475565
vt 0.202194 0.476272
vt 0.19922 0.47545
vt 0.18787 0.473056
vt 0.226964 0.483144
vt 0.200343 0.476123
vt 0.18879 0.475757
vt 0.179351 0.478523
vt 0.179706 0.480103
vt 0.175463 0.483235
vt 0.170484 0.485137
vt 0.170059 0.487389
vt 0.163326 0.490875
vt 0.16368 0.489748
vt 0.157133 0.489561
vt 0.155749 0.489661
vt 0.185576 0.477378
vt 0.157767 0.490533
vt 0.203589 0.476713
vt 0.203335 0.474725
vt 0.19922 0.47545
vt 0.212916 0.485338
vt 0.222184 0.488604
vt 0.202194 0.476272
vt 0.181568 0.399519
vt 0.212885 0.398631
vt 0.201154 0.395629
vt 0.179429 0.406356
vt 0.219774 0.410038
vt 0.22566 0.401639
vt 0.238836 0.40541
vt 0.242862 0.404513
vt 0.161683 0.411373
vt 0.166698 0.406166
vt 0.150737 0.418103
vt 0.15967 0.407694
vt 0.150737 0.418103
vt 0.166698 0.406166
vt 0.15967 0.407694
vt 0.181568 0.399519
vt 0.201154 0.395629
vt 0.185504 0.400015
vt 0.15967 0.407694
vt 0.135339 0.448603
vt 0.142892 0.468627
vt 0.242862 0.404513
vt 0.238836 0.40541
vt 0.257633 0.402537
vt 0.277204 0.51787
vt 0.288951 0.522882
vt 0.292894 0.524539
vt 0.288951 0.522882
vt 0.296196 0.524596
vt 0.299975 0.525351
vt 0.310749 0.520249
vt 0.316078 0.516918
vt 0.321619 0.515404
vt 0.327002 0.513188
vt 0.332688 0.507077
vt 0.332688 0.507077
vt 0.34497 0.493709
vt 0.354882 0.485225
vt 0.34497 0.493709
vt 0.247891 0.533379
vt 0.268627 0.528765
vt 0.270591 0.526277
vt 0.279894 0.526895
vt 0.203589 0.476713
vt 0.19922 0.47545
vt 0.202194 0.476272
vt 0.247891 0.533379
vt 0.265411 0.532316
vt 0.251503 0.542004
vt 0.266695 0.536607
vt 0.25652 0.54716
vt 0.269221 0.542836
vt 0.272453 0.548184
vt 0.264178 0.525725
vt 0.265411 0.532316
vt 0.263022 0.516056
vt 0.265411 0.532316
vt 0.264178 0.525725
vt 0.267233 0.533272
vt 0.268627 0.528765
vt 0.267233 0.533272
vt 0.264178 0.525725
vt 0.263022 0.516056
vt 0.277204 0.51787
vt 0.287976 0.525707
vt 0.279894 0.526895
vt 0.277204 0.51787
vt 0.288951 0.522882
vt 0.287976 0.525707
vt 0.32884 0.497172
vt 0.348713 0.508343
vt 0.332688 0.507077
vt 0.336101 0.518955
vt 0.34497 0.493709
vt 0.349511 0.521677
vt 0.346965 0.532269
vt 0.337335 0.530587
vt 0.345053 0.535579
vt 0.357645 0.50164
vt 0.34497 0.493709
vt 0.354882 0.485225
vt 0.34497 0.493709
vt 0.357645 0.50164
vt 0.348713 0.508343
vt 0.349511 0.521677
vt 0.355672 0.517029
vt 0.346965 0.532269
vt 0.354394 0.529015
vt 0.345053 0.535579
vt 0.337335 0.530587
vt 0.345053 0.535579
vt 0.339438 0.536883
vt 0.343663 0.538766
vt 0.354394 0.529015
vt 0.349389 0.535676
vt 0.345053 0.535579
vt 0.343663 0.538766
vt 0.260285 0.417571
vt 0.261521 0.410261
vt 0.263052 0.415192
vt 0.279908 0.563829
vt 0.275739 0.554524
vt 0.281489 0.558974
vt 0.070409 0.246969
vt 0.179706 0.480103
vt 0.175463 0.483235
vt 0.170059 0.487389
vt 0.163326 0.490875
vt 0.157767 0.490533
vt 0.154664 0.476038
vt 0.154664 0.476038
vt 0.202194 0.476272
vt 0.372757 0.311041
vt 0.382051 0.277608
vt 0.373356 0.303843
vt 0.352745 0.314926
vt 0.345978 0.288642
vt 0.947513 0.403891
vt 0.954099 0.753568
vt 0.954334 0.759195
vt 0.947689 0.407906
vt 0.947941 0.749147
vt 0.94274 0.400678
vt 0.938741 0.747988
vt 0.935601 0.399763
vt 0.929425 0.401571
vt 0.930781 0.75063
vt 0.927779 0.75585
vt 0.927096 0.405265
vt 0.927096 0.405265
vt 0.931161 0.761213
vt 0.927779 0.75585
vt 0.929717 0.40912
vt 0.93607 0.411326
vt 0.939356 0.764198
vt 0.948515 0.763398
vt 0.943172 0.410845
vt 0.954334 0.759195
vt 0.947689 0.407906
vt 0.694003 0.458517
vt 0.717062 0.469651
vt 0.712423 0.471385
vt 0.230486 0.826431
vt 0.229069 0.830857
vt 0.232473 0.818041
vt 0.233284 0.816589
vt 0.230723 0.82149
vt 0.205293 0.412092
vt 0.172193 0.386167
vt 0.229425 0.401646
vt 0.176237 0.405674
vt 0.216579 0.437153
vt 0.242832 0.44389
vt 0.190488 0.476607
vt 0.216579 0.437153
vt 0.185146 0.453634
vt 0.162957 0.447455
vt 0.142473 0.457297
vt 0.146812 0.416933
vt 0.173749 0.438585
vt 0.146812 0.416933
vt 0.166163 0.423705
vt 0.182972 0.442766
vt 0.216579 0.437153
vt 0.20244 0.433115
vt 0.172193 0.386167
vt 0.176237 0.405674
vt 0.132535 0.412432
vt 0.172193 0.386167
vt 0.146812 0.416933
vt 0.142473 0.457297
vt 0.20244 0.433115
vt 0.205293 0.412092
vt 0.216579 0.437153
vt 0.194313 0.420628
vt 0.176237 0.405674
vt 0.178619 0.416015
vt 0.166163 0.423705
vt 0.146812 0.416933
vn 0.20337 0.4055075 0.8911814
vn 0.2314624 0.3648167 0.9018503
vn 0.2314624 0.3648167 0.9018503
vn 0.2589625 0.3231923 0.9102117
vn 0.94951 0.3059313 0.06954615
vn 0.955384 0.2684403 0.1232124
vn 0.9491441 0.2979108 0.1018559
vn 0.9644525 0.255763 0.06645883
vn 0.819777 0.4024363 0.4074441
vn 0.9362634 0.2297623 0.2657448
vn 0.02408776 0.9996191 -0.01347062
vn 0.00628296 0.997508 -0.07027301
vn -0.007539765 0.9987643 -0.0491235
vn 0.04661582 0.9982483 0.0364302
vn 0.03403722 0.999119 -0.02454823
vn -1.570548E-05 0.9922844 -0.1239837
vn -0.02923867 0.9793202 -0.2001923
vn -0.02984482 0.9873642 -0.1556311
vn -0.02421951 0.9903696 -0.1363135
vn -0.02064383 0.9899625 -0.1398145
vn 0.6664431 0.5123225 0.5416449
vn 0.9362634 0.2297623 0.2657448
vn 0.7397517 0.4753472 0.4762485
vn 0.3851252 0.6243417 0.6796145
vn 0.4033062 0.684211 0.607618
vn 0.3711731 0.7440319 0.5555601
vn 0.3677977 0.7909127 0.4890623
vn 0.307061 0.9030502 0.3003563
vn 0.1074487 0.9852514 0.1331701
vn 0.341072 0.9134951 0.2218029
vn 0.5356497 0.7405003 0.4058802
vn 0.7952138 0.5952843 0.1152033
vn 0.3595812 0.9326246 0.03020885
vn 0.8144159 0.5718948 0.09830039
vn 0.880609 0.4575895 0.1230433
vn 0.8453445 0.5107237 0.1566972
vn 0.8599792 0.4929037 0.1322185
vn 0.8797799 0.4624303 0.1102067
vn 0.8253087 0.557847 0.08759238
vn 0.8096321 0.5821251 0.07500849
vn 0.54978 0.7020699 0.4525924
vn 0.5218478 0.7129059 0.4684443
vn 0.456866 0.5740266 0.6795343
vn 0.7610374 0.5620607 0.3238979
vn -0.01011737 0.9991903 -0.03894155
vn -0.01182328 0.9993153 -0.03506019
vn -0.009270282 0.9994366 -0.03225854
vn -0.009155046 0.9886856 0.149723
vn -0.05978677 0.9477942 0.3132278
vn -0.09593658 0.7789096 0.6197549
vn -0.0276413 0.9467061 0.3209104
vn -0.06097987 0.7816347 0.6207486
vn -0.01540752 0.72104 0.6927222
vn -0.09426393 0.632712 0.7686285
vn -0.2361128 0.7218256 0.6505526
vn 0.5349963 0.4498452 0.7151352
vn -0.06811919 0.5896849 0.8047555
vn -0.2195776 0.790908 0.5711831
vn -0.1734916 0.6214491 0.7640037
vn -0.0674604 0.6103733 0.7892361
vn -0.06659053 0.546172 0.835022
vn -0.5433624 0.6741178 0.5003225
vn -0.4461044 0.8024881 0.3962368
vn -0.586521 0.6503407 0.4827526
vn -0.3106903 0.8773869 0.3656003
vn -0.162459 0.9155262 0.3679933
vn -0.3693699 0.7154998 0.5929805
vn -0.3165971 0.6215056 0.7165871
vn -0.1263269 0.8468226 0.5166556
vn 0.07582975 0.9419752 0.3270053
vn 0.01797603 0.9844492 0.174747
vn -0.01833525 0.988849 0.1477881
vn -0.3383473 0.8759579 0.3438298
vn -0.03074113 0.9872809 0.1559851
vn -0.216292 0.9580426 0.1880749
vn -0.1068973 0.9028201 0.4165199
vn -0.04342112 0.9984056 0.0360679
vn -0.04560371 0.9985456 0.02875719
vn -0.04350988 0.998643 0.02862113
vn -0.3212347 0.8969014 0.3039342
vn 0.8966869 0.440223 0.04643667
vn 0.8309342 0.4227721 0.3616796
vn 0.8941954 0.4457152 0.04186341
vn 0.8863381 0.4621641 0.02844517
vn 0.4062758 0.8352248 0.3705935
vn 0.717061 0.6879109 0.1122598
vn 0.8453445 0.5107237 0.1566972
vn 0.5059509 0.6478986 0.5694216
vn 0.2522536 0.6407091 0.7251621
vn 0.1487167 0.9033656 0.402261
vn 0.007710558 0.999959 0.004751408
vn 0.4627211 0.8813862 0.09511893
vn 0.2428581 0.6403473 0.7286805
vn 0.4803472 0.6243883 0.6159593
vn 0.2338795 0.6399428 0.7319654
vn 0.4545843 0.6666972 0.5906505
vn 0.547247 0.6418951 0.537114
vn 0.6849034 0.5787009 0.4427332
vn 0.2181038 0.6495714 0.7283459
vn 0.4118291 0.6666793 0.621237
vn 0.5844186 0.6896437 0.4276054
vn 0.4331 0.796985 0.4209977
vn 0.8248947 0.5548505 -0.1081193
vn 0.7083906 0.6809468 0.1857264
vn 0.7006806 0.6332927 0.3286139
vn 0.0983946 0.8162109 0.5693138
vn 0.116429 0.8010756 0.5871305
vn 0.2526161 0.7924904 0.5551072
vn 0.1343619 0.7852418 0.6044354
vn 0.628513 0.5311257 0.5682226
vn 0.4824814 0.6276987 0.610906
vn 0.5988095 0.5924567 0.5389083
vn 0.3067278 0.8213409 0.4809545
vn 0.2074623 0.5822819 0.7860708
vn 0.1068966 0.9474184 -0.3016149
vn -0.1074662 0.8907251 -0.4416558
vn -0.1040835 0.8891177 -0.4456863
vn -0.1108456 0.8923056 -0.4376118
vn 0.6324176 0.7715524 -0.06895604
vn 0.2601291 0.9655627 0.00464822
vn -0.01271066 0.9993191 -0.0346366
vn -0.1824412 0.9612839 0.2065152
vn -0.1823387 0.9613228 0.2064241
vn -0.3803323 0.7814388 0.4946724
vn -0.4135401 0.7250417 0.550726
vn -0.4538634 0.6382769 0.6217803
vn -0.4526018 0.6247066 0.6363124
vn -0.4445406 0.6360163 0.630767
vn -0.4445052 0.6235305 0.6431367
vn -0.1890516 0.6297103 0.7534748
vn -0.0674604 0.6103733 0.7892361
vn 0.06552649 0.5150108 0.8546755
vn 0.1176754 0.4315405 0.8943854
vn 0.2966186 0.19006 0.9358925
vn 0.4813855 0.2013594 0.8530665
vn 0.3917052 0.3450387 0.852945
vn 0.5821337 0.05326222 0.8113468
vn -0.07396621 0.5735894 0.8157967
vn -0.1438369 0.7862048 0.6009933
vn -0.5229204 0.4706324 0.7106753
vn -0.4457897 0.7865621 0.4273073
vn -0.5229204 0.4706324 0.7106753
vn -0.1263269 0.8468226 0.5166556
vn -0.649101 0.4460093 0.6162333
vn -0.6340271 0.4412285 0.6350803
vn -0.5748183 0.6070659 0.5486848
vn -0.3580655 0.4357442 0.8257821
vn -0.6362625 0.4249256 0.6439008
vn -0.6517962 0.4066253 0.64017
vn 0.3334145 0.3152291 0.8885186
vn 0.3334145 0.3152291 0.8885186
vn -0.1695855 0.4286791 0.8873979
vn 0.3412802 0.3279006 0.8809138
vn -0.09693966 0.9942085 0.04639095
vn -0.09693966 0.9942085 0.04639095
vn -0.3654703 0.8138629 0.4517287
vn -0.04446909 0.9918529 -0.1193739
vn 0.2035355 0.5414346 0.8157339
vn 0.07737359 0.4280155 0.9004533
vn 0.1813294 0.4063201 0.8955576
vn 0.3019766 0.5135136 0.8031898
vn 0.1455392 0.2742108 0.9505929
vn 0.1981403 0.3056217 0.9313086
vn 0.1917903 0.2740827 0.9423879
vn 0.2355843 0.2658235 0.9347929
vn 0.1830622 0.2869354 0.9402959
vn 0.2445421 0.2267488 0.9427534
vn 0.2203872 0.4055394 0.8871117
vn 0.1492846 0.3595678 0.9211
vn 0.1718436 0.4084413 0.8964627
vn 0.2197274 0.3546019 0.908833
vn 0.2703002 0.2878321 0.9187439
vn 0.1887923 0.3668864 0.9109071
vn 0.3201483 0.3503172 0.8802175
vn 0.13552 0.3928021 0.9095828
vn 0.1692773 0.4017913 0.8999494
vn 0.2039366 0.3416441 0.9174362
vn 0.2610497 0.6363254 0.7259085
vn -0.1231132 0.7114033 0.6919166
vn 0.2453956 0.6186879 0.7463286
vn -0.01464063 0.7210016 0.6927786
vn -0.3328871 0.7393993 0.5852134
vn -0.6263068 0.6317852 0.4567136
vn 0.265227 0.6478992 0.7140597
vn 0.0002292886 0.6884866 0.725249
vn -0.1249886 0.7770552 0.6168979
vn -0.289433 0.8368053 0.4647423
vn -0.4570121 0.658389 0.5980502
vn -0.05476697 0.7090978 0.70298
vn 0.2621672 0.6470339 0.7159718
vn -0.6625597 0.6095916 0.4352157
vn -0.4890123 0.698706 0.5221847
vn -0.6615239 0.6094886 0.4369325
vn 0.05540445 0.9477291 0.314229
vn -0.2354288 0.7556096 0.6112508
vn 0.1099191 0.7570789 0.6440104
vn 0.4617558 0.5225071 0.7167762
vn 0.3649316 0.841998 0.3973214
vn -0.04858379 0.99865 -0.01837806
vn -0.01448362 0.9603332 -0.2784787
vn -0.1524605 0.9764808 0.15245
vn -0.1694981 0.9748774 -0.1445145
vn 0.03153396 0.9939751 0.1049718
vn 0.1099191 0.7570789 0.6440104
vn 0.08429455 0.9805827 0.1770652
vn 0.1883534 0.8539975 0.4849858
vn -0.164361 0.8849652 0.4356857
vn 0.2680965 0.6344986 0.7249385
vn 0.00457675 0.8077056 0.5895683
vn -0.1903674 0.7173397 0.6702119
vn -0.7311193 0.5869093 0.3478536
vn -0.4581421 0.6914377 0.5585873
vn -0.4570121 0.658389 0.5980502
vn -0.7517747 0.5816946 0.31059
vn 0.2860255 0.8426409 0.45623
vn 0.2860255 0.8426409 0.45623
vn 0.3109393 0.8816095 0.3550794
vn 0.2575732 0.7932482 0.5517368
vn 0.03153396 0.9939751 0.1049718
vn -0.2853725 0.9579133 -0.0310583
vn -0.1694981 0.9748774 -0.1445145
vn -0.00341981 0.9988869 0.04704534
vn -0.4932822 0.8657959 0.084084
vn -0.6042601 0.7684184 0.2107201
vn -0.3854364 0.8987764 0.2089015
vn -0.6879792 0.6199754 0.3772469
vn -0.547612 0.7138813 0.4364569
vn -0.4751066 0.7206596 0.5048996
vn -0.2796024 0.8124826 0.5115609
vn 0.2113621 0.816377 0.5374521
vn 0.2221105 0.8390738 0.4966108
vn -0.2665235 0.77224 0.5767239
vn -0.6662401 0.6402164 0.3824226
vn 0.2092137 0.8674751 0.4513499
vn 0.2030263 0.8854666 0.418006
vn 0.08990988 0.8707423 0.4834503
vn 0.1002765 0.8521261 0.5136396
vn 0.3055864 0.8591349 0.4104924
vn 0.3778579 0.841162 0.3868721
vn 0.379827 0.8477519 0.3702001
vn 0.3893832 0.8405312 0.3766803
vn 0.2160215 0.8464218 0.4867287
vn 0.196525 0.8587632 0.4731846
vn -0.164361 0.8849652 0.4356857
vn -0.1903674 0.7173397 0.6702119
vn -0.419222 0.734827 0.5331812
vn 0.2174556 0.7267201 0.6516065
vn -0.2665235 0.77224 0.5767239
vn 0.2136361 0.718503 0.6619011
vn -0.1133763 0.9001381 -0.4205914
vn -0.138108 0.9370601 -0.3206936
vn 0.002569257 0.9993098 -0.03705823
vn 0.04824932 0.9988307 -0.0030142
vn -0.1262795 0.906865 -0.4020565
vn -0.1135248 0.8802062 -0.4608136
vn 0.0828607 0.991305 0.1022184
vn -0.148636 0.9652117 -0.2151131
vn 0.1769619 0.9839228 0.02408957
vn 0.3570294 0.8349385 0.4188171
vn 0.205313 0.8195409 0.5349759
vn 0.0924346 0.973756 0.2079786
vn 0.2305808 0.720865 0.6535949
vn 0.2477822 0.6869189 0.6831883
vn 0.2230793 0.8038806 0.5513725
vn 0.3257076 0.7384248 0.5904602
vn 0.6839541 0.5739692 0.4502954
vn 0.5113876 0.7827386 0.3546872
vn 0.1315893 0.9706306 0.2013966
vn 0.3570294 0.8349385 0.4188171
vn 0.6643599 0.6566978 0.356895
vn 0.6839541 0.5739692 0.4502954
vn 0.4448973 0.8133841 0.3747969
vn 0.107834 0.9496154 0.2942831
vn 0.4152363 0.8677139 0.273224
vn 0.4448973 0.8133841 0.3747969
vn 0.1570676 0.8693683 0.4685387
vn 0.05708314 0.9492502 0.3092987
vn 0.04765743 0.9732199 0.2248814
vn 0.2533131 0.9189206 0.302353
vn 0.1726967 0.9462385 0.2735113
vn -0.9400678 -0.33601 -0.05805038
vn -0.9400678 -0.33601 -0.05805038
vn -0.9534587 -0.2718215 -0.1304974
vn -0.9177011 -0.3969902 0.01495088
vn -0.1914016 0.8771175 -0.4404887
vn -0.1417022 0.9660909 -0.2158447
vn -0.06160339 0.9934813 -0.09591713
vn -0.2277343 0.8873513 -0.4009299
vn 0.628513 0.5311257 0.5682226
vn 0.8940204 0.3939785 0.2133268
vn 0.4855118 0.5574857 0.6734152
vn 0.8822956 0.4385301 0.1710142
vn -0.1067157 0.9096408 -0.4014538
vn -0.1297337 0.9119115 -0.3893412
vn -0.1035705 0.907976 -0.4060205
vn -0.134349 0.9117342 -0.3881897
vn -0.1526635 0.9135605 -0.3769632
vn -0.1465701 0.9155015 -0.3746653
vn 0.2530024 0.6554874 0.7115659
vn 0.2386192 0.6561369 0.7159226
vn 0.2367306 0.6589724 0.7139425
vn 0.2625472 0.6621707 0.7018539
vn 0.2734895 0.6664069 0.6936175
vn 0.2652993 0.6788689 0.6846555
vn 0.1910682 0.8858952 0.4227086
vn 0.2437134 0.7103114 0.6603497
vn 0.2552196 0.5719022 0.7796094
vn 0.2725089 0.5981188 0.7536529
vn 0.3025931 0.5771575 0.758503
vn 0.1219672 0.9502046 0.2867669
vn 0.1492574 0.9104244 0.3858105
vn 0.05117762 0.9920052 0.1153542
vn 0.007824524 0.9999657 -0.002722042
vn -0.005023891 0.9999667 -0.006421878
vn -0.01411898 0.9999003 -7.128269E-05
vn -0.00353425 0.9996293 -0.02699575
vn -0.02199432 0.9942254 -0.1050338
vn 0.1315061 0.9243806 0.3580876
vn 0.08361791 0.9841204 0.1565729
vn 0.04977213 0.9977936 0.04394064
vn 0.01166421 0.9935916 -0.1124259
vn 0.2426614 0.6385742 0.7303004
vn 0.2053606 0.6845872 0.699405
vn 0.287604 0.5820987 0.7605557
vn 0.175304 0.8670042 0.4664465
vn 0.1051192 0.9712237 0.2137166
vn 0.275322 0.5930168 0.7566563
vn 0.06945023 0.9838113 0.1652029
vn 0.1124731 0.9692875 0.2187048
vn 0.06243446 0.9962996 -0.0590688
vn 0.04143108 0.9978555 -0.05067345
vn 0.02040026 0.9988979 -0.04227144
vn -0.8431501 -0.4886823 0.2242491
vn -0.4178257 -0.8884956 0.1897293
vn -0.8149442 -0.5750971 0.07161857
vn -0.9223494 -0.3082896 -0.2328712
vn -0.9849727 -0.1063731 -0.1360639
vn -0.3954991 -0.9183919 -0.01169785
vn -0.8431501 -0.4886823 0.2242491
vn -0.5922619 -0.7364381 0.3269326
vn -0.5598547 -0.4428988 0.700288
vn -0.8431501 -0.4886823 0.2242491
vn -0.6142539 -0.2369329 0.7526985
vn -0.7627763 -0.1377538 0.6318198
vn -0.1359182 -0.9526402 0.2720346
vn -0.4178257 -0.8884956 0.1897293
vn -0.406437 -0.8016944 0.4382864
vn -0.2199566 -0.6804519 0.6990024
vn -0.09212983 -0.9554042 0.2805618
vn -0.1165345 -0.809831 0.5749725
vn -0.4537843 -0.2682448 0.8497791
vn -0.2585509 -0.26856 0.9279153
vn -0.2254445 -0.5899031 0.7753639
vn -0.2497339 0.09982629 0.963155
vn -0.1619126 -0.6756884 0.7191868
vn -0.2553413 -0.0217188 0.966607
vn -0.01571523 -0.9931355 -0.1159095
vn -0.04625571 -0.9573358 0.2852516
vn 0.05622219 -0.9174065 -0.39396
vn 0.08254471 -0.5628541 -0.8224242
vn 0.08675624 -0.8672951 -0.490176
vn 0.03507656 -0.6900694 -0.7228927
vn 0.09213007 -0.7413164 -0.6648021
vn 0.06903505 -0.7573114 -0.6493949
vn 0.1132434 -0.7244759 -0.6799343
vn 0.09010296 -0.6202595 -0.7792044
vn 0.0542673 -0.4469184 -0.8929272
vn -0.1070882 -0.7426117 -0.6611051
vn 0.1038567 -0.3429437 -0.933597
vn -0.07593621 0.515191 -0.8537049
vn 0.07329016 -0.1651725 -0.9835379
vn 0.02238264 0.1865946 -0.982182
vn -0.2585509 -0.26856 0.9279153
vn -0.416469 -0.4913141 0.7649602
vn -0.6142539 -0.2369329 0.7526985
vn 0.05758053 0.9974008 0.04331376
vn 0.1102143 0.9617417 -0.2508104
vn 0.5427131 0.8036318 -0.2442096
vn -0.4026584 0.8664775 -0.2950981
vn -0.2642372 0.9628716 0.05529071
vn 0.1431704 0.9501621 0.2769371
vn 0.5251057 0.8494668 -0.05167284
vn 0.4446215 0.7437121 0.4992033
vn 0.1336284 0.8685217 0.4772983
vn 0.6151513 0.5873587 0.5259264
vn 0.3505472 0.9093886 0.2238952
vn 0.007414582 0.8881323 0.459528
vn -0.6834981 0.7147011 0.1484343
vn -0.639156 0.7681891 0.03694786
vn -0.440823 0.8759339 0.1959973
vn -0.006353188 0.9234318 0.3837098
vn -0.2534593 0.8734667 0.4157094
vn -0.09945893 0.975021 0.1985997
vn -0.4489022 0.8721072 -0.19472
vn 0.2305015 0.9179868 0.322753
vn 0.1509339 0.8950353 0.4196796
vn -0.5538707 0.8277884 0.0894072
vn -0.1894843 0.9615769 -0.198659
vn -0.3427998 0.924256 -0.1680446
vn 0.3178909 0.8733177 0.3691365
vn 0.03469885 0.9954278 0.08899075
vn 0.5599357 0.4046419 -0.7230055
vn 0.5427131 0.8036318 -0.2442096
vn 0.1203847 0.8450331 -0.5209863
vn 0.7177845 0.1061917 -0.6881197
vn 0.8819823 0.2964298 -0.3663831
vn -0.4026584 0.8664775 -0.2950981
vn -0.3391665 0.5188006 -0.7847369
vn 0.1203847 0.8450331 -0.5209863
vn -0.3870332 0.3555862 -0.8507431
vn 0.1618755 0.1619536 -0.9734308
vn 0.1219834 0.6282287 -0.7684067
vn 0.5599357 0.4046419 -0.7230055
vn -0.6310335 0.7647922 -0.1299601
vn -0.7776313 0.555925 -0.2936614
vn -0.4026584 0.8664775 -0.2950981
vn -0.3668118 0.6630158 -0.6525789
vn -0.9382419 0.1732368 -0.2994849
vn -0.7776313 0.555925 -0.2936614
vn -0.875286 0.4417062 -0.1969012
vn -0.7631039 0.6445438 0.04728363
vn -0.8615553 -0.00379786 -0.5076495
vn -0.8934034 0.09132326 -0.4398755
vn -0.7887625 0.6017673 -0.1254187
vn -0.8139511 0.02631993 -0.5803369
vn -0.6977897 0.714818 -0.0460944
vn 0.268521 0.870526 0.4124088
vn 0.543476 0.67506 0.4989266
vn 0.7596091 0.4778773 0.4411657
vn 0.6151513 0.5873587 0.5259264
vn 0.4802142 0.7609771 0.4362431
vn 0.2506107 0.8486835 0.465758
vn 0.589673 0.5534469 0.5882026
vn 0.3857797 0.8230497 0.416849
vn 0.6083693 0.4717479 0.6382325
vn 0.4380981 0.7557969 0.4866633
vn -0.5648026 0.5867879 -0.5802395
vn -0.4489022 0.8721072 -0.19472
vn -0.1894843 0.9615769 -0.198659
vn -0.7573408 0.5151239 -0.4013504
vn -0.639156 0.7681891 0.03694786
vn -0.540294 0.8118013 -0.2214973
vn -0.8213331 0.2954265 -0.487991
vn 0.6307353 0.5207284 0.5753389
vn 0.6938298 0.1539349 0.7034944
vn 0.6795601 0.4230728 0.5993392
vn 0.1618755 0.1619536 -0.9734308
vn 0.6865043 -0.009879739 -0.7270586
vn 0.5599357 0.4046419 -0.7230055
vn -0.04448285 -0.3196374 -0.9464952
vn -0.2840735 0.2481854 -0.9261243
vn 0.2984428 -0.2935087 -0.9081765
vn 0.5475054 -0.5430486 -0.6366602
vn 0.7708134 -0.4367198 -0.4638129
vn 0.4474923 -0.7499218 -0.4872041
vn 0.6658008 -0.6881163 -0.2884531
vn -0.04448285 -0.3196374 -0.9464952
vn 0.7708134 -0.4367198 -0.4638129
vn 0.5630226 -0.2411573 -0.7904737
vn 0.7708134 -0.4367198 -0.4638129
vn 0.9117158 -0.003705969 -0.4108048
vn 0.6865043 -0.009879739 -0.7270586
vn 0.9289948 -0.3006569 -0.2158107
vn 0.9461216 -0.3237776 -0.004700238
vn 0.8537879 -0.452096 0.2581771
vn 0.7657748 -0.595742 -0.2422401
vn 0.7493988 -0.516259 0.4145819
vn 0.5146745 -0.7882468 0.3373087
vn 0.9831018 -0.1561477 0.09554479
vn 0.7708134 -0.4367198 -0.4638129
vn 0.8774688 -0.4292607 -0.2139713
vn 0.1687831 -0.9455165 -0.2784076
vn 0.5328418 -0.7830432 -0.3208159
vn 0.4474923 -0.7499218 -0.4872041
vn 0.3340969 -0.8350863 -0.4370471
vn -0.1113166 -0.8878825 -0.4464004
vn 0.1301667 -0.9403498 -0.3143228
vn 0.08638906 -0.971812 -0.219359
vn 0.7493988 -0.516259 0.4145819
vn 0.6210354 -0.5554461 0.5529869
vn 0.7374904 -0.06332506 0.6723822
vn 0.3023713 -0.9526317 0.03262615
vn -0.002827259 -0.9325008 -0.3611567
vn -0.252434 -0.807373 -0.5333159
vn -0.7281739 -0.2972909 -0.6175604
vn -0.5637578 -0.4273941 -0.7067612
vn -0.2852966 -0.7959414 -0.533932
vn -0.66057 -0.4452417 -0.6044891
vn -0.2010382 -0.8565719 -0.475256
vn -0.7907076 -0.1672397 -0.5889077
vn -0.8615553 -0.00379786 -0.5076495
vn -0.566333 -0.3315313 -0.7545555
vn -0.8439665 0.01330743 -0.5362307
vn -0.1516798 -0.2847449 -0.9465271
vn -0.682897 -0.158678 -0.7130729
vn -0.3819758 -0.6893906 -0.6154958
vn -0.6287205 -0.4558344 -0.6300203
vn -0.554963 -0.4323249 -0.7107117
vn -0.4411595 -0.3330164 -0.8333536
vn -0.5138923 -0.3179747 -0.7967477
vn -0.1516798 -0.2847449 -0.9465271
vn -0.2509326 0.03431107 -0.9673963
vn 0.1521043 0.2835958 -0.9468039
vn -0.2332828 0.424557 -0.8748317
vn -0.271551 0.07281379 -0.9596656
vn -0.5168437 -0.03785021 -0.8552426
vn 0.2337944 0.1281626 -0.9638022
vn 0.1521043 0.2835958 -0.9468039
vn -0.2738692 -0.2015782 -0.9404052
vn -0.610002 -0.04157805 -0.7913083
vn -0.9849727 -0.1063731 -0.1360639
vn -0.8329004 -0.2594335 -0.4888468
vn -0.9276273 0.1475314 -0.3431357
vn -0.8500493 0.5260966 0.02527207
vn -0.5626383 0.705386 0.431125
vn 0.2873798 -0.1661552 -0.9432949
vn 0.2337944 0.1281626 -0.9638022
vn -0.02175921 -0.207727 -0.9779448
vn 0.1496619 -0.4227547 -0.8938008
vn 0.09010296 -0.6202595 -0.7792044
vn -0.9276273 0.1475314 -0.3431357
vn -0.5168437 -0.03785021 -0.8552426
vn -0.4479493 0.5438309 -0.7096404
vn -0.4680276 0.8834808 0.02029113
vn -0.8500493 0.5260966 0.02527207
vn -0.638064 0.6118757 -0.4674212
vn -0.5626383 0.705386 0.431125
vn -0.9276273 0.1475314 -0.3431357
vn -0.5626383 0.705386 0.431125
vn -0.5320829 0.8169693 0.2223712
vn 0.1324672 0.9529089 0.2727947
vn -0.3044523 0.8110009 0.4995861
vn -0.2719086 0.7954803 0.5415504
vn -0.3461554 0.7991366 0.4914846
vn 0.4060617 0.8210346 -0.4012681
vn 0.5292285 0.8470572 -0.04910533
vn 0.2516179 0.918395 -0.3053505
vn 0.5342323 0.6163352 -0.5785559
vn 0.3097714 0.9344329 0.1757178
vn 0.579702 0.6396376 -0.5047863
vn 0.486542 0.8694572 -0.08556279
vn 0.4001213 0.7903644 -0.4639259
vn 0.08080399 0.9572719 0.2776709
vn 0.2337944 0.1281626 -0.9638022
vn 0.3505713 -0.07852724 -0.933238
vn 0.3788388 0.7346271 -0.5628536
vn 0.1521043 0.2835958 -0.9468039
vn 0.3505647 0.7774661 -0.5221598
vn 0.3505647 0.7774661 -0.5221598
vn -0.2505625 0.9535398 -0.167273
vn -0.4479493 0.5438309 -0.7096404
vn 0.115178 0.6016431 -0.7904173
vn -0.2332828 0.424557 -0.8748317
vn 0.1521043 0.2835958 -0.9468039
vn -0.08557475 0.9927506 -0.08439888
vn 0.158806 0.981385 0.108001
vn 0.3357434 0.8055714 -0.4881917
vn 0.000200224 0.687104 -0.726559
vn -0.03061524 0.9476957 -0.3177037
vn -0.1507311 0.9245601 -0.3499554
vn -0.07593621 0.515191 -0.8537049
vn 0.03610311 0.2537181 -0.9666042
vn 0.2060622 0.04657741 -0.9774297
vn 0.2916882 0.6099793 -0.7367789
vn -0.2533726 0.2877323 0.9235868
vn -0.1953811 0.7268687 0.6583982
vn -0.2322 0.7202469 0.653703
vn -0.1556008 0.8707761 0.4664089
vn -0.2239569 0.7262048 0.6499768
vn -0.1533018 0.7372811 0.6579629
vn -0.1953811 0.7268687 0.6583982
vn -0.18746 0.5512275 0.8130233
vn 0.0947415 0.8780496 0.469098
vn -0.1533018 0.7372811 0.6579629
vn -0.1059595 0.7508791 0.6518844
vn 0.08080399 0.9572719 0.2776709
vn 0.5047932 0.5625713 0.6547497
vn 0.5154634 0.5485476 0.6583259
vn 0.3204583 0.6118409 0.7231579
vn 0.803665 0.3863688 0.4525945
vn 0.09812528 0.6532741 0.7507359
vn -0.187137 0.6576488 0.7297108
vn 0.01052145 0.6627476 0.748769
vn -0.436092 0.623745 0.6486649
vn -0.3496486 0.6405842 0.6836651
vn -0.6571543 0.5380692 0.5278538
vn -0.7137156 0.5051449 0.4852203
vn -0.5246693 0.5932548 0.6105495
vn -0.7869837 0.4536706 0.4181384
vn -0.5698723 0.5510258 0.6096033
vn -0.5466717 0.5653334 0.6176957
vn -0.3496486 0.6405842 0.6836651
vn -0.2386917 0.6170993 0.7498097
vn -0.2254991 0.6153786 0.7552876
vn -0.07902985 0.6188921 0.7814902
vn -0.1078109 0.617982 0.7787651
vn -0.1515897 0.614391 0.7743025
vn -0.1539555 0.6123067 0.7754858
vn -0.2277238 0.6029126 0.7646165
vn -0.2960097 0.5941748 0.7478867
vn -0.4295497 0.5687267 0.7014534
vn -0.4149735 0.5723439 0.7072619
vn -0.3754348 0.5809159 0.7222088
vn -0.375435 0.5809182 0.7222068
vn -0.3969446 0.5518488 0.7334152
vn -0.3521256 0.5524325 0.7555302
vn -0.3662936 0.5328164 0.7628472
vn -0.3680986 0.5324684 0.7622209
vn -0.3173448 0.5757284 0.7535443
vn -0.213802 0.594511 0.7751423
vn -0.177749 0.6135822 0.7693648
vn -0.3173564 0.6054478 0.7298752
vn -0.2222686 0.6367035 0.7383803
vn -0.3721397 0.6762577 0.6357575
vn -0.295037 0.6607951 0.6901471
vn -0.6450514 0.5860474 0.4903643
vn -0.6931345 0.5150029 0.504318
vn -0.8583605 0.4112815 0.3066997
vn -0.3401477 0.5376765 0.7714944
vn 0.3686991 0.5987147 0.7110568
vn 0.5551563 0.534027 0.637665
vn 0.7378358 0.4313485 0.5191693
vn 0.914464 0.2619111 0.3084773
vn 0.9136289 0.2742395 0.3001247
vn -0.7414297 0.4762798 0.4726939
vn -0.7869837 0.4536706 0.4181384
vn -0.6571543 0.5380692 0.5278538
vn 0.3018917 0.5435962 0.7831759
vn 0.148923 0.6056047 0.7817064
vn 0.5990901 0.3759548 0.7069293
vn 0.6573946 0.3280453 0.6783941
vn -0.3294719 0.6797757 0.6552507
vn -0.1799785 0.6694415 0.7207327
vn -0.6063516 0.640334 0.4714977
vn -0.5232754 0.6635329 0.5347027
vn -0.675719 0.6076096 0.4173899
vn -0.7297643 0.5817086 0.359248
vn -0.7297698 0.5817009 0.3592493
vn -0.7289854 0.5742758 0.372542
vn -0.6539934 0.5945197 0.4678023
vn -0.7124043 0.5557407 0.4285234
vn -0.7501945 0.5529052 0.3626347
vn 0.1493609 0.6003303 0.7856812
vn -0.3465571 0.6778982 0.6483458
vn -0.1707242 0.645048 0.7448263
vn -0.6190151 0.6354373 0.4615623
vn -0.6354918 0.6303292 0.4459095
vn -0.5655801 0.6423491 0.5172106
vn -0.5158901 0.6236991 0.5872452
vn -0.5602133 0.5938402 0.5775075
vn -0.4294211 0.6124274 0.6637244
vn -0.4516287 0.5677114 0.6882844
vn -0.5602229 0.5619231 0.608599
vn -0.5927988 0.5430055 0.5947559
vn -0.577967 0.5546625 0.5985847
vn -0.5806632 0.5567409 0.5940285
vn -0.5438838 0.5656691 0.6198458
vn -0.4612087 0.5769999 0.6740605
vn -0.5036667 0.5542947 0.6626291
vn -0.5647615 0.5577227 0.6082678
vn -0.538401 0.5484436 0.6397921
vn -0.483284 0.5314182 0.6957235
vn -0.5492664 0.4959764 0.6725428
vn -0.50495 0.4981861 0.704866
vn -0.5426227 0.4643964 0.6999261
vn -0.5086375 0.4761558 0.7173308
vn -0.5281736 0.4623178 0.7122465
vn -0.4502153 0.5486473 0.7044802
vn -0.4508624 0.5125938 0.7307329
vn -0.4970049 0.4687324 0.7302576
vn -0.5259998 0.4589981 0.7159923
vn -0.5788127 0.4575036 0.6750306
vn -0.5939716 0.4763288 0.6483122
vn -0.5631977 0.5190704 0.6429417
vn -0.5598083 0.5631239 0.6078703
vn -0.5501532 0.5531765 0.6255615
vn -0.5905077 0.550867 0.5897849
vn -0.5625296 0.5638201 0.6047045
vn -0.589397 0.5523005 0.5895553
vn -0.5128741 0.5831649 0.6299832
vn -0.471575 0.5972435 0.6487812
vn -0.4706425 0.5991045 0.6477417
vn -0.470662 0.5990966 0.6477349
vn -0.5870468 0.5540063 0.590299
vn -0.5868905 0.5547156 0.5897884
vn -0.5293084 0.5701243 0.628324
vn -0.5980363 0.5501231 0.5828526
vn -0.4666228 0.6193153 0.6314363
vn -0.5773365 0.5933831 0.5608734
vn -0.400051 0.6566171 0.639385
vn -0.5507645 0.5940842 0.5862784
vn -0.7273712 0.5158181 0.4526177
vn -0.7437561 0.5247092 0.4141343
vn -0.7566694 0.5285942 0.384759
vn -0.7634101 0.5055693 0.402001
vn -0.6329831 0.5650256 0.5292243
vn -0.4687615 0.6210999 0.6280904
vn -0.4687778 0.6210962 0.6280819
vn -0.4529769 0.6123994 0.6479034
vn -0.4787017 0.6464005 0.5941474
vn -0.424718 0.6175096 0.6620397
vn -0.7273818 0.5158163 0.4526027
vn -0.719344 0.5232262 0.4569229
vn 0.6481196 0.4653955 0.6027835
vn -0.02786219 0.6650129 0.746312
vn 0.2383843 0.6131747 0.7531199
vn 0.07875671 0.6587818 0.7482004
vn -0.6312737 0.5953364 0.4970595
vn -0.6053114 0.602316 0.5203975
vn 0.05303059 0.6365315 0.7694253
vn 0.6673534 0.4576874 0.5875046
vn -0.3059969 0.6705099 0.6758567
vn -0.7323318 0.5430258 0.4108687
vn -0.9112564 0.3796767 0.1595539
vn -0.9067934 0.3858461 0.1698484
vn -0.7150716 0.5533565 0.4271643
vn -0.8454638 0.4529735 0.2828535
vn -0.8115387 0.4807756 0.3320538
vn 0.04322797 0.6583132 0.7515019
vn 0.3412161 0.5965725 0.7264109
vn 0.6949924 0.4377936 0.5703704
vn 0.9617864 0.152924 0.2271146
vn 0.9804251 0.1038928 0.167251
vn 0.9203144 0.2165341 0.3257828
vn 0.3627228 0.5718806 0.7357885
vn 0.9929634 -0.08825935 -0.0789556
vn 0.9989993 -0.04334329 -0.01103439
vn 0.9770496 0.108069 0.1835623
vn 0.9975207 0.005738843 0.07013838
vn 0.8478754 0.2717353 0.455266
vn 0.8778463 0.2453261 0.4113404
vn -0.1463987 0.6616552 0.7353773
vn -0.3334292 0.6483714 0.6844265
vn 0.2383843 0.6131747 0.7531199
vn 0.6677994 0.4391955 0.6009586
vn 0.04194804 0.5800272 0.8135164
vn 0.3528425 0.514217 0.7817181
vn 0.1924163 0.5367277 0.8215226
vn 0.3932617 0.4974031 0.7732628
vn 0.02305204 0.5388843 0.8420643
vn 0.726635 0.363923 0.582719
vn 0.1924163 0.5367277 0.8215226
vn 0.6479455 0.4086015 0.6428152
vn 0.6946304 0.383271 0.6087626
vn 0.7560293 0.3528435 0.5512904
vn 0.5347847 0.458077 0.7100499
vn 0.7673075 0.346338 0.5397122
vn 0.9166654 0.2122609 0.3386291
vn 0.9010586 0.2281989 0.3688071
vn 0.7274696 0.3676254 0.579344
vn 0.8819623 0.2436475 0.403458
vn 0.8819623 0.2436476 0.4034579
vn -0.8454638 0.4529735 0.2828535
vn -0.5138254 0.6241164 0.5886104
vn -0.5788445 0.6042 0.5476143
vn -0.7607498 0.5575536 0.3322555
vn -0.7388451 0.5752742 0.3509524
vn -0.7356181 0.5800082 0.3499379
vn -0.7356172 0.5800145 0.3499293
vn -0.6243578 0.6371559 0.4518956
vn -0.3453284 0.6943494 0.6313694
vn -0.3502931 0.6847089 0.6391155
vn -0.2723858 0.6730576 0.6876041
vn -0.3330328 0.6844075 0.648595
vn -0.3440137 0.6847689 0.6424533
vn -0.05993962 0.6502336 0.7573661
vn -0.05993155 0.6502309 0.7573692
vn -0.05994019 0.6499763 0.757587
vn -0.06048339 0.6497185 0.7577649
vn -0.05929684 0.6496232 0.7579404
vn 0.3276668 0.5318432 0.7808824
vn 0.6733582 0.3123378 0.6700999
vn 0.9090959 -0.416569 0.003866934
vn 0.8956566 -0.05267274 0.4416162
vn 0.8240469 -0.5343161 -0.18829
vn 0.8956567 -0.05267291 0.4416159
vn 0.4417457 -0.6810916 -0.5839307
vn 0.4417474 -0.6810916 -0.5839293
vn -0.1961403 -0.5645614 -0.8017477
vn -0.1961414 -0.5645608 -0.8017478
vn -0.6670548 -0.2619176 -0.6974503
vn -0.8066229 -0.1031417 -0.5819978
vn -0.9410424 0.2828544 -0.1855605
vn -0.9410426 0.2828517 -0.1855631
vn -0.7703464 0.5771471 0.2710491
vn -0.6185029 0.648339 0.4439717
vn -0.9410424 0.2828544 -0.1855605
vn -0.9410426 0.2828517 -0.1855631
vn -0.1306877 0.6628004 0.7373034
vn -0.1306868 0.6628004 0.7373036
vn 0.4992952 0.3982362 0.7694883
vn 0.4992937 0.398237 0.7694889
vn 0.8956566 -0.05267274 0.4416162
vn 0.8956567 -0.05267291 0.4416159
vn 0.654336 0.4410399 -0.6142706
vn 0.8690082 0.2296932 -0.4382531
vn 0.4017598 0.4745813 -0.7831742
vn 0.8572701 -0.05175087 -0.5122595
vn 0.654336 0.4410399 -0.6142706
vn 0.841279 0.3001692 -0.4496087
vn 0.8483691 0.3564201 -0.391452
vn 0.8758577 0.4139024 -0.2481086
vn 0.9572057 0.05069802 -0.2849333
vn 0.9742358 -0.04042568 -0.2218787
vn 0.8783241 0.0270431 -0.4773003
vn 0.6961732 0.5290172 -0.4852667
vn 0.8798246 -0.1012833 -0.4643818
vn -0.3551774 0.8849932 0.3010582
vn 0.001509055 0.9925497 0.1218312
vn -0.1463223 0.9855486 -0.08534548
vn -0.4766449 0.7761934 0.4127147
vn -0.5710322 0.5239105 0.6320128
vn -0.2295193 0.9293132 0.2893058
vn -0.3455146 0.7882449 0.509205
vn -0.4097455 0.5729955 0.709778
vn -0.6686608 0.5895423 0.4531364
vn 0.07965609 0.9722195 0.2201008
vn 0.02560263 0.9920906 0.1228851
vn 0.001509055 0.9925497 0.1218312
vn -0.259643 0.9316359 0.2542441
vn -0.01445836 0.9994953 0.02828761
vn -0.2594994 0.9646716 0.04548439
vn -0.7770489 0.5670705 0.2731776
vn -0.5380895 0.7777144 0.3249924
vn -0.506577 0.7568863 0.4129199
vn -0.772174 0.2282252 0.5930098
vn -0.5688899 0.6636757 0.4856943
vn -0.6667263 0.3380487 0.6642283
vn -0.6924364 0.4557797 0.5592823
vn -0.8233091 0.2092199 0.5276258
vn -0.7015024 0.6503406 0.2914646
vn -0.8687831 -0.06592857 0.4907846
vn -0.698672 0.6389114 0.3219466
vn -0.7962369 0.3544325 0.4902902
vn -0.8116553 -0.05680004 0.5813686
vn -0.8498859 -0.03987372 0.5254559
vn -0.2964616 0.9470127 0.1236019
vn -0.04923338 0.9444593 -0.3249197
vn -0.3584199 0.9330833 -0.02984663
vn 0.1967581 0.8492599 -0.4899427
vn 0.3477958 0.7702602 -0.534544
vn 0.3116634 0.09389836 -0.9455416
vn 0.1796325 0.6344375 -0.751812
vn 0.2973588 0.2811863 -0.912421
vn 0.3346366 0.4989169 -0.7994376
vn 0.2720408 0.7048029 -0.6551693
vn 0.4080512 0.5345254 -0.7401195
vn 0.09768657 0.839 -0.5352908
vn 0.4299161 0.5231564 -0.735853
vn 0.07445807 0.8607886 -0.5034868
vn -0.245232 0.9415193 -0.2310902
vn -0.3211616 0.9094333 0.2641709
vn 0.2973261 0.8089166 -0.5071992
vn 0.4226886 0.4968468 -0.757943
vn -0.2719855 0.9599124 0.06776528
vn 0.153403 0.4861268 -0.8603187
vn 0.4658698 0.1025272 -0.8788933
vn -0.1316168 0.9837617 -0.122024
vn 0.04505564 0.9987463 0.0218126
vn -0.2172304 0.9513124 0.2186678
vn -0.1199672 0.9851628 0.1227278
vn 0.03576156 0.9992608 0.0140998
vn -0.6358301 0.4912515 0.5953082
vn -0.8033205 0.0683512 0.5916116
vn -0.7962369 0.3544325 0.4902902
vn -0.5880808 0.6976749 0.4091587
vn -0.6964625 0.4967092 0.5178996
vn -0.6665017 0.4587404 0.5876502
vn -0.7114671 0.3794136 0.5914896
vn -0.5874231 0.5325881 0.6093307
vn -0.6377474 0.5126296 0.5748819
vn -0.3304949 0.9114916 0.2448595
vn 0.07445807 0.8607886 -0.5034868
vn -0.4831287 0.8635141 -0.1446723
vn -0.5487745 0.8357024 -0.02117128
vn -0.02431912 0.720492 -0.6930367
vn -0.5214354 0.7701675 0.3673515
vn -0.4792264 0.825373 0.2984987
vn -0.4332622 0.4383307 0.787496
vn -0.6377474 0.5126296 0.5748819
vn -0.5471309 0.6820906 0.4851806
vn -0.4332622 0.4383307 0.787496
vn -0.6041449 0.7491299 0.2716862
vn -0.7299107 0.4454993 0.5184214
vn -0.4887843 0.6095176 0.624162
vn -0.6715334 0.6342651 0.3830805
vn -0.8344476 0.5189743 0.1853725
vn -0.733005 0.5357047 -0.4191946
vn -0.8560426 0.5126837 0.0659279
vn -0.6194916 0.7837976 -0.04349189
vn -0.774112 0.4492864 -0.4459734
vn -0.760175 0.4046031 0.5083604
vn -0.7299107 0.4454993 0.5184214
vn -0.8585826 0.5121883 0.0223443
vn -0.771911 0.4388734 -0.4599386
vn -0.774112 0.4492864 -0.4459734
vn -0.8600621 0.5091341 0.03279699
vn -0.5601179 0.4566742 0.6911704
vn -0.8084134 0.3950666 -0.4363373
vn -0.8540191 0.5200837 -0.01281522
vn -0.8720765 0.07969844 -0.4828362
vn -0.8605989 0.5075586 -0.04187797
vn -0.859674 0.502367 -0.09267101
vn -0.8421109 0.5216414 0.1368926
vn -0.760175 0.4046031 0.5083604
vn -0.6926661 0.5335054 0.4853716
vn -0.7159016 0.4766766 0.5101611
vn -0.5408826 0.504571 0.6729444
vn -0.7984759 0.5903513 0.1179898
vn -0.1390839 0.7450989 0.6522908
vn -0.4997643 0.6036131 0.6211981
vn -0.6617326 0.5909724 0.4613692
vn -0.4722569 0.6687136 0.5742782
vn -0.389828 0.3521382 -0.8509011
vn -0.4710177 0.8131011 -0.3420655
vn -0.2588177 0.4879174 -0.8336366
vn 0.4133324 0.2916882 0.8625974
vn -0.2123817 0.3408008 0.9158323
vn -0.1282104 0.4808486 0.8673792
vn -0.1390839 0.7450989 0.6522908
vn 0.4133324 0.2916882 0.8625974
vn -0.07584633 0.5554387 0.8280913
vn 0.5627325 0.5768884 0.5920573
vn 0.8621109 -0.03588726 0.5054472
vn 0.9235831 0.3138843 0.2201612
vn 0.4447954 -0.04200489 0.8946466
vn 0.167747 0.1653114 0.971871
vn 0.2150161 -0.08318921 0.973061
vn 0.7614605 -0.3507997 0.5450848
vn 0.4185323 -0.3290669 0.8464902
vn 0.4358224 0.8217666 0.3670948
vn 0.8331293 0.5520484 -0.03373723
vn 0.3177763 0.94714 0.0440902
vn 0.212119 0.93231 0.2929229
vn -0.05282031 0.7923418 0.6077864
vn 0.6768361 0.6453915 -0.354066
vn 0.3431441 0.7797537 -0.5236757
vn 0.04819395 0.9853094 -0.1638372
vn 0.05717608 0.9937713 -0.095654
vn 0.03467133 0.7274643 -0.6852689
vn -0.07143168 0.9312965 -0.3571895
vn 0.05426956 0.806895 -0.5881967
vn 0.869998 -0.03008508 -0.4921365
vn 0.8940082 -0.2063065 -0.3977273
vn 0.9345427 -0.2905962 -0.2053869
vn 0.716284 0.1686905 -0.6771121
vn 0.4712008 0.2327467 -0.8507636
vn 0.1660638 0.2311866 -0.9586322
vn -0.03915375 0.4307827 -0.901606
vn -0.05354232 0.1219219 -0.9910945
vn -0.1716505 0.4502814 -0.8762321
vn -0.2527271 0.1860399 -0.9494831
vn 0.02206021 0.5708851 -0.8207336
vn 0.07274453 0.6088893 -0.7899126
vn -0.7391339 0.4627371 0.4894441
vn -0.8286472 0.487428 0.2752412
vn -0.9183252 0.3654574 0.1520513
vn -0.7539708 0.5140352 0.4090182
vn -0.8887107 0.1842119 0.4198325
vn -0.7861898 0.3279135 0.5238115
vn -0.7391339 0.4627371 0.4894441
vn -0.9423583 -0.05237498 0.3304809
vn -0.8221125 -0.1485123 0.5496137
vn -0.7861898 0.3279135 0.5238115
vn -0.7763295 0.1411858 0.6143118
vn -0.7183389 0.4143544 0.5588377
vn -0.9106133 0.0975251 0.401587
vn -0.8942654 0.2413927 0.3768542
vn -0.8706061 0.4223615 0.2523007
vn -0.02705312 0.7808495 -0.6241331
vn 0.05717608 0.9937713 -0.095654
vn -0.1007448 0.7399611 -0.6650624
vn -0.3661191 0.7222278 -0.5868081
vn -0.1716505 0.4502814 -0.8762321
vn -0.02705312 0.7808495 -0.6241331
vn -0.1716505 0.4502814 -0.8762321
vn -0.1007448 0.7399611 -0.6650624
vn -0.569312 0.509698 -0.6450518
vn -0.8559452 0.4215397 -0.2994364
vn -0.805104 0.578222 -0.1321624
vn -0.8636313 0.4214036 0.2766947
vn -0.912461 0.3994635 -0.08856503
vn -0.7223778 0.4450172 -0.5292732
vn -0.765762 0.4806459 -0.4273034
vn -0.1716505 0.4502814 -0.8762321
vn -0.765762 0.4806459 -0.4273034
vn -0.4821768 0.2696277 -0.8335505
vn 0.741477 0.1866485 -0.6444952
vn 0.5561703 0.6635105 -0.5004283
vn 0.4776607 0.8147585 -0.3286469
vn 0.7805704 0.2343555 -0.5794716
vn -0.3157642 0.9395267 -0.1325992
vn 0.0005635177 0.8663455 -0.499445
vn 0.2121601 0.931234 -0.2962961
vn 0.1124704 0.9913731 -0.06730382
vn -0.4903457 0.866864 0.09004451
vn -0.8865893 0.4029456 0.2271433
vn -0.719924 0.6674449 0.1903334
vn -0.5345956 0.8448614 -0.02041449
vn -0.9840139 0.06960683 0.1639252
vn -0.7420682 0.5121644 0.4324611
vn -0.6467852 0.6500075 0.3989475
vn -0.7786894 0.5479853 0.3055405
vn -0.4386333 0.759824 0.4798629
vn -0.05347417 0.9195728 0.3892637
vn 0.5373556 0.8105558 0.2329126
vn -0.3995863 0.8169458 0.415849
vn 0.4544659 0.8560991 0.2460791
vn -0.9666481 0.2404372 0.08821293
vn -0.5276447 0.8261437 0.1976808
vn -0.8867778 0.3457763 0.3066983
vn -0.6376943 0.7100089 0.2987193
vn -0.9368377 0.1664227 0.3076338
vn -0.7734992 0.5206052 0.3614821
vn -0.7949404 0.5502003 0.2556353
vn -0.5975671 0.6854399 0.4160355
vn -0.9368377 0.1664227 0.3076338
vn -0.4317037 0.7060075 0.5614137
vn -0.9532295 0.03611314 0.3000821
vn -0.8142975 0.09592556 0.5724665
vn -0.3936369 0.5774935 0.7152281
vn -0.7324787 0.4191932 0.5364253
vn -0.9020073 0.02338701 0.431087
vn -0.5936581 0.2009113 0.7792334
vn 0.01681294 0.7852848 0.6189064
vn 0.2727264 0.9461058 0.1746547
vn -0.2200045 0.9154307 0.3370233
vn 0.6467654 0.6938989 0.316542
vn 0.3112362 0.9501148 -0.02034451
vn -0.2278071 0.9334543 0.2770681
vn -0.2402433 0.9481305 0.2081621
vn 0.3392761 0.9402897 0.02732748
vn 0.8702601 0.4632041 0.1675992
vn 0.8476275 0.502704 -0.1697539
vn 0.5945073 0.8036388 -0.02693888
vn 0.9925363 0.09816029 -0.0723621
vn 0.9217947 0.280545 -0.2675613
vn 0.8843927 0.3995582 0.2412525
vn 0.9736437 -0.2276976 0.01311017
vn 0.9566506 -0.1721966 -0.2348787
vn 0.9501284 0.2995252 0.08683648
vn 0.9449552 0.0185632 0.3266728
vn 0.8498561 0.1200484 0.5131599
vn 0.955768 -0.2914483 0.03956502
vn 0.0230326 0.7668497 0.6414133
vn 0.4700079 0.4676113 0.7486202
vn 0.5236524 0.6665208 0.5306017
vn 0.05483228 0.4757144 0.8778891
vn 0.5061416 0.8345065 -0.2177604
vn 0.8352773 0.2821856 -0.4718932
vn 0.6149677 0.7697402 -0.1712154
vn 0.8580621 0.3524088 -0.3735471
vn 0.7168255 0.6947541 0.05897404
vn 0.8355418 0.5090226 -0.2067987
vn 0.6697573 0.7302063 0.134996
vn 0.6914312 0.5460618 -0.473011
vn 0.6850698 0.2663363 0.6780444
vn 0.955768 -0.2914483 0.03956502
vn 0.689567 0.3247804 0.6473137
vn 0.9490739 -0.2664306 0.1681477
vn 0.6348279 0.2319811 0.7370062
vn 0.9455233 -0.253716 0.2039948
vn -0.1168205 0.3660315 0.923241
vn -0.1563246 0.4564193 0.8759247
vn 0.516158 0.5583106 0.6495153
vn -0.4776287 0.3470433 0.8071132
vn -0.640566 0.4729437 0.6049788
vn -0.3839533 0.6286012 0.6763434
vn -0.4566312 0.1023248 0.8837519
vn -0.1787722 0.3822797 0.9065886
vn -0.04381379 0.3634692 0.9305753
vn 0.5908434 0.359726 0.7221505
vn 0.6033933 0.5468377 0.5804181
vn 0.9390031 -0.1308801 0.3180308
vn 0.6348279 0.2319811 0.7370062
vn -0.04259838 0.5773883 0.8153576
vn 0.3892743 0.585947 0.7107262
vn -0.1563246 0.4564193 0.8759247
vn -0.9659524 0.2568083 0.03138926
vn -0.7127532 0.4803486 0.5111243
vn -0.8270074 0.3874 0.4074064
vn -0.6954481 0.5522328 0.4597727
vn -0.1538515 0.7915321 0.5914446
vn 0.6033933 0.5468377 0.5804181
vn -0.04259838 0.5773883 0.8153576
vn 0.635284 0.6626596 0.3966061
vn -0.08610361 0.8365902 0.5410205
vn 0.6201313 0.6908776 0.3716521
vn 0.9151227 0.3485488 0.2026429
vn 0.9340616 0.306357 0.1835059
vn 0.7295803 0.5489702 0.4078534
vn 0.9760825 -0.1770437 0.1261682
vn 0.6614614 0.5482566 0.5117457
vn -0.2745331 0.777312 0.5660545
vn -0.7318015 0.5216749 0.4385451
vn -0.659115 0.5455689 0.5176119
vn -0.08610361 0.8365902 0.5410205
vn -0.3703235 -0.6741689 -0.6390279
vn -0.3275608 -0.8366109 -0.4390741
vn -0.5878263 -0.7853853 -0.193985
vn -0.8196212 -0.3884078 -0.421142
vn -0.9423583 -0.05237498 0.3304809
vn -0.09666504 -0.8805134 -0.4640603
vn -0.3365782 -0.9404076 0.0484629
vn -0.7023709 -0.5040324 0.5026195
vn -0.9455738 -0.1644942 0.2807699
vn -0.4982635 -0.3849509 -0.7768824
vn -0.4658487 -0.8660498 0.181501
vn -0.6159562 -0.6540323 0.439135
vn -0.8196212 -0.3884078 -0.421142
vn -0.9455738 -0.1644942 0.2807699
vn -0.9358833 -0.1940216 -0.2940719
vn -0.8810146 -0.0792572 -0.4664028
vn -0.5800787 -0.2781207 -0.7656094
vn -0.8223165 0.2881283 -0.490691
vn 0.869998 -0.03008508 -0.4921365
vn 0.5829603 -0.2247119 -0.7808086
vn 0.5229668 -0.5120787 -0.6813818
vn 0.716284 0.1686905 -0.6771121
vn 0.4712008 0.2327467 -0.8507636
vn 0.3262026 -0.2115833 -0.9213166
vn 0.1660638 0.2311866 -0.9586322
vn 0.8940082 -0.2063065 -0.3977273
vn 0.7026493 -0.3717313 -0.6067123
vn 0.464275 -0.4249384 -0.7770946
vn 0.4811337 -0.3652334 -0.796941
vn 0.7249222 -0.3921057 -0.5663399
vn 0.9345427 -0.2905962 -0.2053869
vn 0.358366 -0.178283 -0.9164
vn 0.8986045 -0.4037967 -0.1716341
vn 0.4508215 -0.2120519 -0.8670605
vn 0.04303911 0.02597122 -0.9987357
vn -0.0006881776 0.00895357 -0.9999597
vn 0.8396142 -0.536539 -0.08469976
vn -0.1268141 0.1707661 -0.9771168
vn 0.4719296 -0.182985 -0.8624378
vn 0.5538297 -0.2531323 -0.7932192
vn 0.03679779 0.3674355 -0.9293208
vn 0.8206173 -0.5555236 -0.1340931
vn 0.741867 -0.3122485 -0.5934089
vn -0.0437816 -0.1136737 -0.9925529
vn 0.3643909 -0.3745808 -0.8525892
vn -0.4982635 -0.3849509 -0.7768824
vn 0.6946887 -0.5803415 0.424984
vn 0.5222243 -0.7572585 0.3922261
vn 0.2839021 -0.4499704 0.8467149
vn 0.4185323 -0.3290669 0.8464902
vn 0.7032156 -0.5095333 0.4958465
vn 0.7614605 -0.3507997 0.5450848
vn 0.05575462 -0.6965824 0.7153072
vn 0.2552262 -0.9379345 0.234816
vn -0.07197281 -0.7769943 0.6253797
vn 0.2635191 -0.9438542 0.1992407
vn -0.1341807 -0.804171 0.5790548
vn 0.1140955 -0.9900486 0.08237702
vn 0.4331232 -0.8309144 -0.3492644
vn 0.5807903 -0.777891 -0.2399339
vn 0.6871752 -0.6292392 -0.3631095
vn 0.7032291 -0.5735101 -0.4201845
vn 0.5630745 -0.796739 -0.21944
vn 0.7398888 -0.4750734 -0.4763085
vn 0.6414729 -0.7592377 -0.109866
vn 0.5000663 -0.6687715 -0.5501621
vn -0.2958493 -0.5656235 0.7697682
vn -0.2359286 -0.5958169 0.7676848
vn -0.292044 -0.8113959 0.5063072
vn -0.1888102 -0.8156257 0.5469053
vn 0.2499724 -0.5647371 -0.7865023
vn 0.1035584 -0.7794391 -0.6178595
vn -0.103327 -0.9615482 -0.2544575
vn -0.292044 -0.8113959 0.5063072
vn -0.5873144 -0.7727979 0.2405101
vn 0.2289496 -0.7286335 -0.6455039
vn -0.06117071 -0.9417315 -0.3307565
vn -0.3794833 -0.9215131 -0.08249894
vn -0.5224288 -0.8458175 0.1079858
vn -0.05575345 -0.9899523 -0.1299462
vn -0.5548079 -0.7964495 0.2405335
vn -0.7158493 -0.5509642 0.4289504
vn -0.8713698 -0.1831968 0.4551411
vn -0.5873144 -0.7727979 0.2405101
vn 0.4033568 -0.8419333 -0.3584015
vn 0.8500886 -0.1436963 -0.5066565
vn 0.6241403 -0.7524068 -0.2105533
vn 0.04409938 -0.9981887 -0.04092061
vn 0.115852 -0.9931717 0.01372519
vn 0.635159 -0.7564162 -0.1562292
vn 0.9742358 -0.04042568 -0.2218787
vn 0.9572057 0.05069802 -0.2849333
vn 0.8572701 -0.05175087 -0.5122595
vn -0.3599194 -0.9012271 0.2413461
vn -0.4036268 -0.8814418 0.245246
vn -0.4697535 -0.8253419 0.3132768
vn -0.520137 -0.7814199 0.3447323
vn -0.1341612 -0.9580069 -0.2534235
vn -0.6661483 -0.7451215 0.03225528
vn -0.7005229 -0.6874291 -0.1915956
vn -0.2482904 -0.8617532 -0.4424176
vn -0.9812208 -0.1920825 0.01760937
vn -0.9719925 -0.1530405 0.1783516
vn 0.2353046 -0.7669666 -0.5969875
vn 0.4681431 -0.7684757 -0.4362189
vn -0.7370954 -0.6055788 -0.2999412
vn -0.9208263 -0.38809 -0.03827724
vn -0.9073699 -0.4203328 0.0005422704
vn -0.2398452 -0.7725596 -0.5878996
vn -0.7538005 -0.6011469 -0.2653438
vn -0.9994404 0.03323692 -0.003757435
vn -0.9866422 -0.1625214 0.01112953
vn -0.2469329 -0.8453285 -0.4737551
vn -0.6927887 -0.6859275 -0.2225922
vn -0.9636424 -0.2395221 0.1184174
vn -0.9347914 -0.339933 -0.1030071
vn -0.2351429 -0.8361905 -0.4954728
vn -0.7867998 -0.5188726 -0.3342413
vn -0.979899 -0.1029591 0.1708718
vn -0.3194341 -0.7219712 -0.6137748
vn 0.4106545 -0.6906254 -0.5953146
vn 0.4291963 -0.7514535 -0.5011071
vn 0.9066631 -0.3232742 -0.2710274
vn 0.6981494 -0.417053 -0.5819402
vn 0.3055548 -0.6012233 -0.738354
vn 0.8379708 -0.2267348 -0.4963832
vn 0.4324136 -0.6085925 -0.6653072
vn 0.722307 0.0532413 -0.6895201
vn 0.7746709 -0.1738115 -0.6080087
vn 0.6889756 -0.4136484 -0.5951533
vn 0.6214838 -0.3305691 -0.7102689
vn -0.2312134 -0.6960285 -0.6797681
vn 0.5529454 -0.6600168 -0.508556
vn 0.9736437 -0.2276976 0.01311017
vn 0.9566506 -0.1721966 -0.2348787
vn 0.955768 -0.2914483 0.03956502
vn 0.501011 -0.7215724 -0.4778299
vn 0.9490739 -0.2664306 0.1681477
vn 0.9493964 -0.3109634 -0.04413939
vn -0.256848 -0.7996699 -0.5427311
vn 0.3607884 -0.6928654 -0.624315
vn 0.8430036 -0.5005553 -0.1969499
vn -0.2004356 -0.6452165 -0.7372389
vn -0.7660984 -0.4360053 -0.472221
vn -0.7660549 -0.5432135 -0.3436261
vn -0.9154984 -0.3053733 -0.2619346
vn -0.8670936 -0.456386 -0.199651
vn -0.7694008 -0.5153239 -0.3774436
vn -0.8750227 -0.4717375 -0.1086239
vn -0.9262494 -0.3697703 -0.07301901
vn -0.9741864 -0.2030961 0.09855341
vn 0.437978 -0.4330383 -0.7878154
vn -0.2820324 -0.4498423 -0.8474076
vn 0.4195276 -0.4914865 -0.763176
vn 0.6955984 -0.4513979 -0.5589122
vn 0.644004 -0.5975354 -0.4777135
vn -0.4189763 -0.4207421 -0.8046334
vn -0.7768824 -0.2405179 -0.5818976
vn -0.8489318 -0.2809013 -0.4476708
vn -0.9870704 0.09019448 -0.1325023
vn -0.9876096 -0.09713969 -0.1232524
vn 0.7615446 -0.5302217 -0.3727125
vn -0.969816 -0.02298285 0.2427522
vn -0.9738443 -0.07437628 0.2146985
vn -0.923529 -0.1629804 -0.3471767
vn -0.8825496 -0.4092047 -0.2316414
vn 0.8732834 -0.3979242 -0.2811268
vn -0.1179471 -0.9708527 -0.2086472
vn -0.3365782 -0.9404076 0.0484629
vn -0.1992552 -0.9482564 -0.2471986
vn -0.4231444 -0.9007164 0.09827841
vn -0.07003698 -0.7368709 -0.6723958
vn 0.02134949 -0.7276806 -0.6855837
vn -0.1970224 -0.9771855 -0.07931321
vn -0.07003698 -0.7368709 -0.6723958
vn -0.08263007 -0.9403994 -0.3298809
vn -0.08432747 -0.6587708 -0.7476028
vn 0.07334392 -0.4699395 -0.8796462
vn -0.05354232 0.1219219 -0.9910945
vn -0.07003698 -0.7368709 -0.6723958
vn 0.1660638 0.2311866 -0.9586322
vn 0.1166418 -0.5866825 -0.8013728
vn -0.2532639 -0.1295453 -0.9586843
vn -0.7817949 -0.2530332 0.5698867
vn -0.6300643 -0.6019962 0.4905297
vn -0.7806852 -0.07434543 0.6204863
vn -0.7578818 -0.2655397 0.5959058
vn -0.517002 -0.8120862 0.2706009
vn -0.7284362 -0.5460672 0.4137526
vn -0.7243657 -0.5462287 0.4206286
vn -0.7120088 -0.5467338 0.440597
vn -0.4982635 -0.3849509 -0.7768824
vn -0.1160304 -0.2240488 -0.9676461
vn 0.1050294 -0.5452992 -0.8316355
vn 0.05033343 0.08426806 -0.995171
vn 0.03679779 0.3674355 -0.9293208
vn 0.2133038 0.3369905 -0.9170272
vn -0.6552463 -0.6085253 0.447604
vn -0.8687831 -0.06592857 0.4907846
vn -0.8116553 -0.05680004 0.5813686
vn -0.8498859 -0.03987372 0.5254559
vn -0.292044 -0.8113959 0.5063072
vn -0.4275774 -0.7840306 0.4499708
vn -0.8347203 -0.2883354 0.4691532
vn -0.5792892 -0.6587278 0.480106
vn 0.2504471 -0.5127907 -0.821171
vn 0.8219397 -0.2346083 -0.5190127
vn 0.2289496 -0.7286335 -0.6455039
vn 0.2621995 -0.1568373 -0.9521835
vn 0.2518451 -0.3538501 -0.9007576
vn -0.4381868 -0.8495644 0.2936541
vn 0.0255155 -0.9925159 -0.1194203
vn -0.7726176 -0.5923177 0.2285207
vn -0.8137525 -0.1735011 0.554711
vn -0.5548079 -0.7964495 0.2405335
vn -0.7407829 -0.3903297 0.5467022
vn 0.5118564 -0.6920401 -0.5090025
vn 0.7009686 -0.1003109 -0.7061025
vn 0.2353046 -0.7669666 -0.5969875
vn 0.8798246 -0.1012833 -0.4643818
vn -0.4566312 0.1023248 0.8837519
vn -0.2687471 0.3134896 0.9107685
vn -0.6536629 0.2241895 0.7228166
vn -0.2284219 -0.5517343 -0.8021302
vn -0.01496826 -0.6761952 -0.7365705
vn 0.8621109 -0.03588726 0.5054472
vn 0.04429791 -0.2903439 0.9558964
vn 0.2150161 -0.08318921 0.973061
vn -0.1711183 -0.3946514 0.9027562
vn -0.2793575 -0.05188909 0.9587841
vn -0.1711183 -0.3946514 0.9027562
vn -0.9497546 0.0950549 -0.2982123
vn -0.8196212 -0.3884078 -0.421142
vn -0.992695 0.07305723 -0.09601696
vn -0.4873494 0.5958976 0.6382763
vn -0.6964625 0.4967092 0.5178996
vn -0.5196872 0.7659246 0.3785298
vn -0.4344565 0.8212624 0.3698318
vn -0.6665017 0.4587404 0.5876502
vn -0.4873494 0.5958976 0.6382763
vn -0.1888102 -0.8156257 0.5469053
vn -0.03583214 -0.6216434 0.7824804
vn -0.2359286 -0.5958169 0.7676848
vn -0.292044 -0.8113959 0.5063072
vn -0.5792892 -0.6587278 0.480106
vn -0.03583214 -0.6216434 0.7824804
vn 0.4681431 -0.7684757 -0.4362189
vn 0.8857932 -0.2676182 -0.3791449
vn 0.3345263 -0.9119622 -0.2375232
vn -0.3461899 0.5847729 0.7336165
vn -0.4862161 0.5409012 0.6863088
vn -0.5843982 0.4989376 0.6399531
vn -0.2904116 0.6016123 0.7441261
vn -0.6735228 0.4509025 0.585708
vn -0.6735266 0.4508995 0.5857059
vn -0.6601608 0.4567604 0.5962867
vn -0.6314048 0.4581208 0.6256621
vn -0.6880882 0.439727 0.577213
vn -0.7407995 0.4205903 0.5237556
vn -0.3472643 0.615959 0.7071081
vn -0.3326947 0.6243201 0.7067804
vn -0.8079134 0.3975989 0.4349608
vn -0.02789028 0.7012219 0.7123974
vn 0.09079705 0.7108958 0.6974117
vn 0.4472015 0.7003866 0.5562997
vn 0.06764226 0.7176264 0.6931357
vn 0.5254471 0.6894106 0.4986163
vn 0.7877624 0.557704 0.2615275
vn 0.7856081 0.562494 0.2577215
vn 0.4778324 0.6900317 0.5436289
vn 0.7940836 0.5473909 0.2641865
vn 0.9167686 0.3977053 0.03695952
vn 0.8823854 0.4532621 0.1262912
vn 0.9484156 0.3096619 -0.067951
vn 0.8374058 0.4935261 0.2349114
vn 0.909891 0.4041837 0.09345571
vn 0.9569651 0.2485402 -0.149818
vn 0.703518 0.5749958 0.4176632
vn 0.7410888 0.5686006 0.3570445
vn 0.6910548 0.5635377 0.4526242
vn 0.6481697 0.5991969 0.4699352
vn 0.6958109 0.6013532 0.3927106
vn 0.5919348 0.6246898 0.5092895
vn 0.514816 0.6465939 0.5629217
vn 0.4932701 0.6187989 0.6113694
vn 0.6920341 0.6023435 0.3978328
vn 0.7281808 0.6103711 0.3117692
vn 0.4981689 0.6037089 0.6223853
vn 0.6813885 0.5848832 0.4400242
vn 0.7846488 0.5469481 0.2918457
vn 0.7270598 0.5992912 0.3350135
vn 0.8037838 0.5318711 0.2665422
vn 0.8973572 0.4346652 0.07626493
vn 0.8920434 0.4511142 -0.02747126
vn 0.8972044 0.4200843 -0.1362114
vn 0.667726 0.6256832 0.4033145
vn 0.7929837 0.4818707 -0.372797
vn 0.7229633 0.6906559 0.0178473
vn 0.7493782 0.5858587 0.3085481
vn 0.7505437 0.5691274 0.3358244
vn 0.7681758 0.6175745 -0.1688419
vn 0.2263746 0.7229084 0.6528077
vn 0.4334759 0.6987196 0.5691131
vn -0.116977 0.68495 0.7191383
vn -0.1857026 0.6658319 0.7226219
vn -0.5238504 0.5374876 0.6608237
vn -0.6732645 0.6124539 0.4142644
vn -0.6545284 0.4675371 0.5941393
vn -0.664934 0.5642329 0.4893915
vn -0.4330873 0.6080476 0.6653673
vn -0.5250958 0.5679326 0.6338193
vn -0.6826457 0.4694994 0.559969
vn -0.6328713 0.4776853 0.6093363
vn -0.2789371 0.6438333 0.7125115
vn -0.6309965 0.7144756 0.3022713
vn -0.6847814 0.7282986 0.02560457
vn -0.3681667 0.8977438 -0.2418871
vn 0.5283652 0.5115086 -0.677635
vn 0.6850713 0.6049027 -0.4059187
vn 0.6575775 0.5608985 -0.5029758
vn 0.2377855 0.7657111 -0.5976157
vn 0.6934114 0.5046422 -0.514312
vn 0.5283652 0.5115086 -0.677635
vn 0.7435122 0.5404709 -0.393803
vn 0.6752002 0.3642904 -0.6414025
vn 0.6030757 0.5048715 -0.6175795
vn 0.7524602 0.6327021 -0.1830076
vn 0.6345757 0.6534889 -0.4126329
vn 0.4882886 0.6374375 -0.5960265
vn 0.251226 0.8055652 -0.5366097
vn 0.1339293 0.8595678 -0.4931593
vn 0.798368 0.5969415 -0.07917881
vn 0.5809401 0.8112565 0.06611731
vn 0.7246727 0.5870768 0.3608188
vn 0.6706578 0.6093358 0.4229987
vn 0.7008865 0.6018009 0.3828759
vn 0.5567929 0.6299098 0.5414754
vn -0.1006085 0.9111889 -0.3995156
vn 0.251226 0.8055652 -0.5366097
vn -0.5461155 0.8320332 -0.09735887
vn 0.8876032 0.4390202 -0.1393623
vn 0.8720019 0.2314694 -0.4313172
vn 0.8342603 0.3497304 -0.4262609
vn 0.8840238 0.2158325 -0.4146304
vn 0.8728861 0.4706804 -0.1285683
vn 0.8920434 0.4511142 -0.02747126
vn 0.8650489 0.4375793 0.2453868
vn 0.7467932 0.5998713 0.2871487
vn 0.792147 0.489872 0.3640448
vn 0.7341817 0.675683 0.06655572
vn 0.6541818 0.5417144 0.5278178
vn 0.6096207 0.5645567 0.5564516
vn 0.4518476 0.5455803 0.7058157
vn 0.8766042 0.4647055 0.1249551
vn 0.7920262 0.5304107 0.3022564
vn 0.8107362 0.50512 0.2959065
vn 0.7188616 0.5195537 0.4618461
vn 0.8988178 0.4380484 0.01549934
vn 0.89553 0.4366823 0.08564156
vn 0.7349353 0.6239472 0.265631
vn 0.670927 0.7410808 0.02561573
vn 0.729093 0.6405649 0.2410397
vn 0.6602159 0.7509998 -0.0106911
vn 0.6306598 0.7760595 -0.0001550117
vn 0.7763252 0.4875836 0.3994763
vn 0.7386348 0.561417 0.3731347
vn 0.8197675 0.4720029 0.324337
vn 0.7863145 0.5872614 0.1919206
vn 0.8612183 0.4012228 0.311967
vn 0.8590944 0.3929931 0.327892
vn 0.7851477 0.5496196 0.2854147
vn 0.8363544 0.4945416 0.2365163
vn 0.8791589 0.4190328 0.2269164
vn 0.851667 0.4753805 0.2206275
vn 0.8898048 0.4320791 0.1468162
vn 0.9250721 0.339889 0.1694611
vn 0.8695237 0.4539958 0.1944646
vn 0.8534533 0.4737606 0.2171829
vn 0.9257535 0.3726402 0.06418546
vn 0.9474253 0.3047942 0.09739457
vn 0.8362904 0.4931877 0.2395502
vn 0.8388154 0.4893581 0.2385735
vn 0.8384584 0.4941715 0.2297435
vn 0.7685966 0.5647223 0.3005794
vn 0.8403884 0.4904531 0.230658
vn 0.840724 0.4916073 0.2269476
vn 0.8405547 0.4951952 0.219658
vn 0.8405591 0.4951882 0.2196565
vn 0.8405552 0.4951995 0.2196458
vn 0.8405514 0.4952068 0.2196441
vn 0.8102778 0.5271437 0.2560655
vn 0.7772242 0.5574369 0.2918676
vn 0.7417466 0.585797 0.326579
vn 0.7417436 0.5857257 0.3267137
vn 0.7417463 0.5856933 0.3267656
vn 0.7417333 0.5856626 0.3268501
vn 0.7417197 0.5856639 0.3268789
vn 0.7417169 0.5856521 0.3269063
vn 0.7417034 0.5856604 0.326922
vn 0.7416841 0.5856701 0.3269481
vn 0.7416782 0.5856687 0.3269644
vn 0.7208732 0.6006367 0.3457996
vn 0.6947575 0.623884 0.3578838
vn 0.6696706 0.6447369 0.3685859
vn 0.6698921 0.6402591 0.3759161
vn 0.6752295 0.6265869 0.3891709
vn 0.6785778 0.6132258 0.4043342
vn 0.6759375 0.6139482 0.4076469
vn 0.6718582 0.6154666 0.412077
vn 0.6692626 0.6169822 0.4140295
vn 0.6692631 0.6169834 0.4140272
vn 0.677722 0.5649403 0.4706753
vn 0.6724431 0.6151229 0.411636
vn 0.6904219 0.5950258 0.4114145
vn 0.6890339 0.6116285 0.3887711
vn 0.5660576 0.5912644 0.5744435
vn 0.7186522 0.5683694 0.4006183
vn 0.6663848 0.5709156 0.4795692
vn 0.7108743 0.5676335 0.415271
vn 0.6212029 0.5156084 0.5901312
vn 0.7483938 0.5786387 0.3241665
vn 0.7423225 0.5840747 0.3283505
vn 0.7424419 0.5836689 0.3288018
vn 0.7005429 0.6172759 0.3580645
vn 0.7250259 0.5977544 0.3420926
vn 0.7417774 0.5856655 0.3267447
vn 0.7417421 0.585806 0.326573
vn 0.6722214 0.5744589 0.4670283
vn 0.6686257 0.6427664 0.3738866
vn 0.6576946 0.653478 0.3747056
vn 0.6936181 0.6294315 0.3502997
vn 0.7416935 0.5859712 0.3263873
vn 0.6946204 0.6016406 0.3943742
vn 0.6946164 0.601593 0.3944537
vn 0.6946362 0.6015675 0.3944579
vn 0.6946124 0.6016524 0.3943703
vn 0.6946129 0.6016518 0.3943706
vn 0.6987097 0.6074662 0.3778748
vn 0.7007935 0.6123489 0.3659472
vn -0.1010484 0.9164278 -0.387233
vn 0.3366874 0.6928214 -0.6376834
vn 0.2377855 0.7657111 -0.5976157
vn 0.8703353 0.4892782 0.05588803
vn 0.8629761 0.4975545 0.08781694
vn 0.7409343 0.668407 0.06518085
vn 0.8668625 0.4705764 0.1646428
vn 0.9560683 0.2701653 0.1137723
vn 0.9489968 0.2881259 0.1280175
vn 0.9403638 0.3108376 0.1381888
vn 0.941496 0.2634068 0.2102433
vn 0.9211457 0.3794411 0.08668914
vn 0.9526816 0.2677823 0.1438417
vn 0.9240443 0.3822204 0.007051602
vn 0.937018 0.3458489 0.04884359
vn 0.961324 0.2566742 0.09987193
vn 0.947527 0.308064 0.08537657
vn 0.9512657 0.2980048 0.07928862
vn 0.9163942 0.3709547 0.1503804
vn 0.9047525 0.3976687 0.1525865
vn 0.7962421 0.6002256 0.07568187
vn 0.8088481 0.5698752 0.1449374
vn 0.5454571 0.8355327 -0.06604216
vn 0.7350813 0.6663697 0.1249275
vn 0.5636014 0.8239949 -0.05818768
vn 0.8618249 0.41247 0.2951715
vn 0.8879842 0.3725047 0.2696745
vn 0.590372 0.8044558 -0.06566518
vn 0.85298 0.4266054 0.3007206
vn 0.8555694 0.4033834 0.3244729
vn 0.9068377 0.3683659 0.2048215
vn 0.8116694 0.5818484 0.0514329
vn 0.5823954 0.8105979 -0.06120894
vn 0.9008693 0.4079234 0.1484353
vn 0.9040296 0.4203709 0.07758064
vn 0.9152649 0.3875946 0.1098201
vn 0.9425268 0.300335 0.1464317
vn 0.5913844 0.8051782 0.04418785
vn 0.6394455 0.7687956 -0.007924045
vn 0.8752973 0.1334865 -0.4647965
vn 0.6925766 0.7048185 -0.1535204
vn 0.625413 0.4530391 -0.6353064
vn 0.8568472 0.5030366 0.1129911
vn 0.3483787 -0.03281625 -0.9367793
vn 0.4853025 -0.305333 -0.8193005
vn 0.3010241 0.8601756 0.4116824
vn 0.4315247 0.6535283 0.6218418
vn -0.2174407 0.5455158 0.8094023
vn -0.3259602 0.8137369 0.4812297
vn -0.7641725 0.4914959 0.4176986
vn -0.7599189 0.1755882 0.6258531
vn 0.1199389 0.8302891 -0.5442744
vn -0.5007493 0.8544208 -0.1386185
vn -0.2283886 0.9636376 -0.1387124
vn 0.01673432 0.9541486 -0.2988653
vn 0.8222189 0.5193799 0.2328099
vn 0.4406616 0.6327493 0.6367461
vn -0.196245 0.5026507 0.8419205
vn -0.8109915 0.06492914 0.5814438
vn 0.8942365 0.09368903 -0.4376796
vn -0.7641725 0.4914959 0.4176986
vn -0.9986969 0.01148495 -0.04972674
vn -0.6728106 0.6770071 -0.2983072
vn -0.3271109 -0.2314333 -0.916208
vn 0.3483787 -0.03281625 -0.9367793
vn -0.2032372 0.4961712 -0.8441024
vn 0.3483787 -0.03281625 -0.9367793
vn -0.1521881 -0.5551743 -0.817692
vn 0.4853025 -0.305333 -0.8193005
vn -0.3271109 -0.2314333 -0.916208
vn -0.02407729 -0.5608245 -0.8275846
vn -0.7041852 -0.5719209 -0.420749
vn -0.7235413 -0.523782 -0.4496004
vn -0.7703274 -0.1180404 -0.6266275
vn -0.9986969 0.01148495 -0.04972674
vn -0.9558674 -0.2613977 0.134122
vn -0.7599189 0.1755882 0.6258531
vn -0.7641725 0.4914959 0.4176986
vn -0.6639137 0.51419 -0.54298
vn -0.8109915 0.06492914 0.5814438
vn -0.9464409 -0.285577 0.1506499
vn 0.4943071 -0.3262426 -0.8057458
vn 0.8942365 0.09368903 -0.4376796
vn -0.4784078 0.4426417 -0.7584156
vn 0.8752973 0.1334865 -0.4647965
vn 0.0330337 0.6494455 -0.7596903
vn 0.1767055 0.9841718 -0.01345048
vn 0.51183 0.8429515 -0.1657194
vn 0.3520786 0.9154389 -0.1949671
vn 0.6224278 0.7601548 -0.186409
vn 0.3741818 0.8307773 -0.4120644
vn 0.7628512 0.4316951 -0.4813494
vn 0.6224278 0.7601548 -0.186409
vn 0.1767055 0.9841718 -0.01345048
vn 0.647464 0.7619544 -0.01469305
vn 0.9416446 -0.3364753 -0.00947952
vn 0.9813126 0.1889756 -0.03624763
vn 0.9899467 0.1383731 -0.02930277
vn 0.9544867 -0.25443 -0.1556293
vn 0.9772234 0.2016221 -0.06620447
vn 0.9808353 0.1558772 -0.1168944
vn 0.9255505 0.3750217 -0.05210494
vn 0.7104405 0.6886756 -0.144914
vn 0.9832382 0.1819674 0.0114244
vn 0.9727582 0.1929746 -0.1284606
vn 0.9890782 -0.04755948 -0.139507
vn 0.7628512 0.4316951 -0.4813494
vn 0.7651381 0.6257675 -0.1515878
vn 0.7628512 0.4316951 -0.4813494
vn 0.9714237 -0.2176443 -0.09469439
vn 0.9280478 -0.2059484 -0.3103429
vn 0.8540258 0.0784828 -0.5142764
vn 0.9065944 0.2843431 -0.3118264
vn 0.9671556 0.1456856 -0.2082924
vn 0.9661565 0.1542051 -0.2067908
vn 0.9833087 -0.0005619078 0.181944
vn 0.9696485 0.2301728 0.0824759
vn 0.9729846 0.2183051 0.07512502
vn 0.9717205 0.235432 0.01819607
vn -0.6947616 0.6973698 -0.176016
vn -0.9343286 0.3562768 -0.009843329
vn -0.6233915 0.7798918 -0.05614075
vn -0.8894948 0.4149339 -0.1913873
vn -0.6423313 0.6178945 -0.45345
vn -0.8903911 0.2755566 -0.3623154
vn -0.7572691 0.6125946 0.2264321
vn -0.42309 0.9056314 -0.02875291
vn -0.4785206 0.6933109 -0.5388303
vn -0.8005685 0.133836 -0.5841045
vn -0.8987824 0.1539872 -0.4104609
vn -0.3135689 0.8147032 -0.4877838
vn -0.813562 0.3957666 -0.4260113
vn 0.7628512 0.4316951 -0.4813494
vn -0.03149471 0.8245189 -0.5649572
vn -0.0133725 0.8208439 -0.5709959
vn 0.6431653 0.6715074 -0.3679894
vn 0.330125 0.9251537 -0.1873717
vn -0.1353898 0.9336783 0.3315335
vn -0.02469697 0.9618734 -0.2723777
vn -0.1297323 0.9787541 0.1587764
vn 0.2604889 0.9650086 -0.03006847
vn -0.783733 0.566526 0.2545796
vn -0.4757808 0.8439184 -0.2478596
vn -0.1832206 0.8103738 0.556529
vn -0.1451363 0.7655922 0.6267408
vn -0.5598444 0.4892164 0.6687611
vn -0.7340463 0.6635099 0.1446746
vn -0.8454523 0.4901943 -0.2119432
vn -0.4757808 0.8439184 -0.2478596
vn 0.278472 -0.9553539 0.09875345
vn 0.4104761 -0.8869032 0.2119248
vn 0.1591559 -0.9485247 0.2738072
vn 0.122433 -0.9922651 -0.02049686
vn 0.4989266 -0.8637354 -0.07094633
vn 0.2306738 -0.9699535 0.07732926
vn 0.4029713 -0.8906113 0.2107738
vn 0.6123636 -0.7891457 0.04753739
vn 0.7942584 -0.5656008 -0.2219221
vn 0.9285021 -0.3518491 -0.1186843
vn 0.8872713 -0.4610868 -0.01219194
vn 0.2306738 -0.9699535 0.07732926
vn 0.8518781 -0.5192121 -0.06872121
vn 0.4382629 -0.8923538 -0.1078432
vn -0.1193618 -0.9928491 0.001826614
vn -0.3473343 -0.9351144 0.07014287
vn 0.1432886 -0.9833133 0.1120871
vn -0.4910178 -0.8662416 -0.09234059
vn 0.122433 -0.9922651 -0.02049686
vn -0.3549863 -0.9344416 -0.02834974
vn -0.5601342 -0.821166 -0.1092518
vn -0.6326879 -0.7640638 -0.1261448
vn -0.5879638 -0.7848849 -0.1955872
vn -0.2151008 -0.9467245 0.2396754
vn -0.9343286 0.3562768 -0.009843329
vn -0.9903537 -0.1013608 -0.09447511
vn -0.989325 -0.1442239 -0.02087145
vn -0.8894948 0.4149339 -0.1913873
vn -0.8987824 0.1539872 -0.4104609
vn -0.8934402 -0.2566621 -0.3686314
vn -0.9827228 0.02025148 0.1839721
vn -0.6904998 -0.6962273 -0.1961572
vn -0.8005685 0.133836 -0.5841045
vn -0.8513754 -0.5090302 -0.1266813
vn -0.946813 0.08898184 -0.3092368
vn -0.8048232 -0.4811776 -0.3474592
vn -0.9112136 -0.004287323 -0.4119119
vn -0.9625366 -0.2236371 0.1533281
vn -0.9746944 0.1730138 -0.141552
vn -0.783733 0.566526 0.2545796
vn -0.8189565 0.3593132 0.447442
vn -0.7084909 -0.4934014 0.5045749
vn -0.4188158 -0.8438113 0.3355231
vn -0.7954408 -0.535336 0.2840586
vn -0.7084909 -0.4934014 0.5045749
vn -0.4758985 -0.7051796 0.5255875
vn -0.8863441 -0.1513303 0.4375995
vn -0.7965791 0.4882931 0.3564147
vn -0.5598444 0.4892164 0.6687611
vn 0.577862 -0.7582031 0.3019994
vn 0.6035157 -0.6307306 0.4877989
vn 0.7445674 -0.6316748 0.2158851
vn 0.5833787 -0.6028057 0.5443293
vn -0.9523938 -0.2470711 0.1786112
vn -0.848708 -0.5267984 -0.04667034
vn -0.8365147 -0.5435575 0.06920033
vn -0.881625 -0.4171148 0.2208
vn -0.6711714 -0.7371531 -0.07832052
vn -0.6874291 -0.7262246 -0.006243336
vn -0.9155259 -0.4006783 0.03562964
vn -0.6792479 -0.7295312 -0.08004141
vn 0.1449185 -0.9522522 -0.2687271
vn 0.1291104 -0.9549318 -0.2672744
vn -0.6343445 -0.7618992 -0.1308309
vn 0.08973905 -0.9607333 -0.2625615
vn -0.7847924 -0.6186258 -0.03745684
vn -0.916403 -0.3962017 0.05683209
vn 0.5835885 -0.7528237 -0.3044352
vn 0.5555453 -0.7731727 -0.3058977
vn 0.5744367 -0.7836565 -0.2364426
vn 0.1536892 -0.9656885 -0.2093446
vn -0.4965724 -0.8610151 -0.109859
vn -0.5265552 -0.8140366 -0.2451205
vn -0.1065485 -0.8824679 -0.4581462
vn 0.6269877 -0.6530347 -0.424773
vn 0.3614672 -0.8495673 -0.3841572
vn -0.91965 -0.3923818 0.01674066
vn -0.9606775 -0.2587313 -0.1007816
vn -0.7508944 -0.6117114 -0.2489314
vn -0.3515061 -0.9332358 -0.07425965
vn 0.1536892 -0.9656885 -0.2093446
vn -0.5856085 -0.8099857 0.0313971
vn 0.5744367 -0.7836565 -0.2364426
vn 0.2645566 -0.9417543 -0.2076258
vn 0.9237708 -0.3361644 -0.1834148
vn -0.1125829 -0.8355975 -0.5376821
vn -0.6453909 -0.5659701 -0.51298
vn -0.6653425 -0.6916363 -0.2809956
vn -0.7225317 -0.5185014 -0.4572791
vn 0.1490319 -0.7046286 -0.6937491
vn 0.09602834 -0.566172 -0.8186744
vn -0.04708588 -0.6534185 -0.755531
vn -0.02295627 -0.5789504 -0.8150395
vn -0.5997228 -0.5254928 -0.6034814
vn 0.07151715 -0.5407588 -0.838132
vn -0.5905516 -0.5365788 -0.6027703
vn 0.07178891 -0.5630274 -0.8233143
vn 0.5368751 -0.4187117 -0.7324245
vn 0.5348783 -0.4048828 -0.741603
vn 0.09602834 -0.566172 -0.8186744
vn 0.6010041 -0.4740614 -0.6434749
vn 0.4980226 -0.3624995 -0.7877612
vn 0.07461508 -0.4890177 -0.8690767
vn 0.55782 -0.3173012 -0.7669138
vn -0.7694012 -0.4698207 -0.4327704
vn -0.04476801 -0.5017497 -0.8638536
vn 0.07461508 -0.4890177 -0.8690767
vn -0.5660101 -0.5467816 -0.6169785
vn 0.1271384 -0.5363356 -0.834374
vn -0.5580896 -0.5129866 -0.6522123
vn 0.0790611 -0.3931297 -0.9160779
vn -0.3444252 -0.5707114 -0.7454259
vn -0.340333 -0.4910615 -0.8018928
vn 0.7612726 -0.5173345 -0.3909336
vn 0.4160877 -0.6291344 -0.6565523
vn 0.1640356 -0.8015705 -0.5749583
vn 0.8467087 -0.4107666 -0.3381646
vn 0.7776563 -0.3581974 -0.5166675
vn 0.3625315 -0.506811 -0.7821211
vn 0.4101282 -0.5875911 -0.6975182
vn -0.9771495 -0.1852658 -0.1041896
vn -0.7777104 -0.4654379 -0.422533
vn -0.9803095 -0.1222779 -0.1550525
vn -0.7225317 -0.5185014 -0.4572791
vn -0.9865812 -0.1597019 -0.03395261
vn -0.8170008 -0.4138631 -0.4015308
vn -0.9897382 -0.1384345 0.03541561
vn -0.8868349 0.02564773 0.4613743
vn -0.9229828 0.2220008 0.3143537
vn -0.9389714 -0.2893942 0.1859666
vn -0.9814202 0.0131184 -0.1914215
vn -0.8997188 -0.3581291 -0.2494987
vn -0.9654438 0.1235095 -0.2294859
vn -0.9792251 -0.195616 -0.05340893
vn -0.7694012 -0.4698207 -0.4327704
vn -0.7810704 -0.4391025 -0.4439797
vn -0.9330174 -0.3355714 0.1298865
vn -0.7899181 -0.5178881 -0.3283615
vn -0.9828838 -0.1829103 -0.02198585
vn -0.9677862 -0.2485769 0.03999317
vn -0.9635296 -0.2651815 0.03591114
vn -0.980649 -0.03870445 0.1919099
vn -0.9784039 0.2054064 0.02311114
vn -0.9968796 -0.05935327 -0.05204197
vn -0.8691421 -0.4204103 -0.2604751
vn -0.980649 -0.03870445 0.1919099
vn -0.9434412 -0.177393 -0.2800902
vn -0.9867438 0.1340225 0.09151266
vn -0.8090883 0.02548637 0.5871341
vn -0.9389714 -0.2893942 0.1859666
vn -0.7443182 -0.0918625 0.6614769
vn 0.55782 -0.3173012 -0.7669138
vn 0.1271384 -0.5363356 -0.834374
vn 0.1771345 -0.4593855 -0.8703955
vn 0.5523583 -0.3047161 -0.7759177
vn 0.1661926 -0.3645727 -0.9162242
vn 0.4634831 -0.06813607 -0.8834822
vn 0.5519735 -0.1185356 -0.8253936
vn 0.3342214 -0.2862719 -0.8979667
vn 0.5251575 -0.1671115 -0.8344359
vn 0.9068338 0.05526828 -0.4178492
vn -0.9785264 -0.2036808 0.03162745
vn -0.9678541 0.1425374 0.2072232
vn -0.9968796 -0.05935327 -0.05204197
vn -0.9324616 -0.06261013 0.3558023
vn -0.340333 -0.4910615 -0.8018928
vn 0.1500616 -0.347074 -0.9257544
vn -0.3137325 -0.4479199 -0.8372213
vn -0.3429495 -0.444637 -0.8274561
vn -0.5481034 -0.3553551 -0.7571694
vn 0.0790611 -0.3931297 -0.9160779
vn -0.08078425 0.9651648 0.2488593
vn 0.6618596 0.7413151 0.1113265
vn 0.3359368 0.9309074 0.1433797
vn -0.04460429 0.9534023 0.2983865
vn -0.4045063 0.7855873 0.4682172
vn -0.3927392 0.8473494 0.3574282
vn -0.5665609 0.7917041 0.2285024
vn -0.07642318 0.9968843 -0.01951957
vn 0.03455406 0.9993486 0.01040641
vn -0.0418731 0.9581312 0.2832511
vn -0.3759221 0.8416226 0.3877552
vn -0.07573761 0.9559002 0.283758
vn 0.738974 0.6714725 0.05515417
vn 0.7390385 0.6714031 0.05513655
vn 0.9670882 0.2372334 -0.09198287
vn 0.9718614 0.2284018 -0.05760276
vn 0.9667596 0.2387589 -0.09148876
vn 0.6232631 0.744845 0.2382206
vn 0.8137018 0.579567 0.04462635
vn -0.07054863 0.9757106 0.2073928
vn 0.9568489 -0.1116608 -0.2682762
vn -0.3244364 0.8962827 0.3023547
vn -0.4248549 0.9045806 0.03510509
vn -0.2876867 0.8966824 0.3364478
vn 0.7500761 0.6574696 0.07155238
vn 0.9829606 0.1666921 -0.0774745
vn 0.3628207 0.9310194 0.03954731
vn 0.1767055 0.9841718 -0.01345048
vn 0.3359368 0.9309074 0.1433797
vn 0.2096726 0.7166738 0.6651437
vn 0.3368704 0.8685853 0.363425
vn -0.2212541 0.85554 0.4680788
vn 0.635237 0.5736681 0.517087
vn 0.073635 0.6515788 0.7549987
vn 0.6224973 0.4893028 0.6108028
vn 0.7721475 0.4788154 0.4177607
vn 0.7945972 0.4532119 0.4039978
vn 0.391961 0.663945 0.6368231
vn 0.1889304 0.4226406 0.886386
vn 0.7665877 0.4900376 0.4149777
vn 0.05731169 0.477356 0.876839
vn 0.7211986 0.4385266 0.5362527
vn 0.01247205 0.4675606 0.883873
vn -0.3996913 0.3680284 0.8395249
vn -0.449367 0.01486026 0.8932236
vn 0.05021774 0.4368595 0.898127
vn -0.6007528 0.09062221 0.7942818
vn -0.3571454 0.3181224 0.8782057
vn 0.09257068 0.3507467 0.9318838
vn 0.6786608 0.3417487 0.650098
vn 0.8746074 0.2444692 0.4186844
vn 0.9280909 0.3038889 0.2151719
vn 0.9619303 0.2713623 0.03244406
vn 0.8557794 0.4123074 0.3124808
vn 0.9793117 0.1947094 0.05510731
vn 0.7309357 0.4361891 0.5248544
vn 0.2604072 0.3970244 0.8800907
vn 0.8817627 0.3818 0.2769897
vn 0.7666612 0.4774889 0.4292258
vn 0.7501024 0.4325553 0.5002424
vn -0.4012332 0.3382128 0.8512485
vn -0.1022657 0.4412448 0.8915406
vn 0.9382558 0.2790267 0.2044998
vn 0.9810388 -0.08463019 -0.1743578
vn 0.8783538 0.3893398 0.2773249
vn 0.7945972 0.4532119 0.4039978
vn 0.8817222 0.4692061 0.04910699
vn 0.8184339 0.559314 -0.1316582
vn 0.9098239 0.4145724 0.01871492
vn 0.7501024 0.4325553 0.5002424
vn 0.9554685 0.2799675 0.09326364
vn 0.9821761 0.1813801 0.04930864
vn 0.98478 0.0211507 -0.1725137
vn 0.972609 0.2243459 -0.0608322
vn 0.9735621 -0.02706594 -0.2268136
vn 0.9769787 0.2118496 -0.02514527
vn -0.4122135 0.8403338 0.3520215
vn -0.7682025 0.4254299 0.4784081
vn -0.2464991 0.6835705 0.6870003
vn -0.6237844 0.7769099 0.08546402
vn -0.8090883 0.02548637 0.5871341
vn -0.3836698 0.547253 0.7438492
vn -0.3851174 0.2198462 0.8962991
vn -0.4150453 0.8679827 0.2726601
vn -0.6427311 0.7633594 -0.06464753
vn -0.8305269 0.5530418 -0.06610538
vn 0.8905023 0.3619283 0.2757057
vn 0.9659613 0.2525352 0.05607796
vn 0.9616178 0.1539556 -0.2271319
vn 0.6730425 0.4568624 0.5816275
vn 0.103488 0.4480777 0.8879846
vn 0.3338985 0.4318011 0.83789
vn -0.1744582 0.3832706 0.9070105
vn 0.2604072 0.3970244 0.8800907
vn -0.8549906 0.04655599 0.5165497
vn -0.7004504 0.1948782 0.6865798
vn -0.9417328 0.1238261 0.3127405
vn -0.2175785 0.389569 0.8949277
vn -0.665811 0.1963346 0.7198253
vn -0.1744582 0.3832706 0.9070105
vn -0.9678541 0.1425374 0.2072232
vn -0.7004504 0.1948782 0.6865798
vn -0.69899 0.4316349 0.5701793
vn -0.8033382 0.4525723 0.3870736
vn -0.9784039 0.2054064 0.02311114
vn -0.7729337 0.09080063 0.627956
vn -0.69899 0.4316349 0.5701793
vn 0.9237708 -0.3361644 -0.1834148
vn 0.6402715 -0.7537393 -0.1480858
vn 0.8872713 -0.4610868 -0.01219194
vn 0.6402715 -0.7537393 -0.1480858
vn 0.9237708 -0.3361644 -0.1834148
vn 0.2645566 -0.9417543 -0.2076258
vn -0.1259208 -0.9723007 -0.1969143
vn -0.5601342 -0.821166 -0.1092518
vn -0.3549863 -0.9344416 -0.02834974
vn 0.2073092 -0.1547882 0.9659521
vn 0.3891795 0.1614114 0.9069099
vn 0.3407375 0.2421758 0.9084321
vn 0.4365214 -0.1696866 0.8835472
vn 0.3157214 -0.02752306 0.9484527
vn 0.3732337 0.558238 0.7409906
vn 0.4733954 0.3999185 0.7848325
vn 0.02021834 -0.08792739 0.9959216
vn 0.3162592 -0.1276806 0.9400414
vn 0.4506108 -0.1339305 0.8826169
vn 0.4969512 -0.07449757 0.8645748
vn 0.5413679 0.118303 0.8324212
vn 0.6171193 0.06017624 0.7845652
vn 0.6393412 0.3422948 0.6885325
vn 0.6760285 -0.1281166 0.7256525
vn 0.5903243 0.1217738 0.7979275
vn 0.886053 0.01543225 0.463327
vn 0.7579275 0.2048389 0.6193439
vn 0.9546876 0.2972172 0.01527957
vn 0.9030305 0.2010076 0.3796469
vn 0.8832162 0.4243987 0.1995367
vn 0.8978382 0.3272559 0.2946018
vn 0.8328016 0.3887255 0.3941243
vn 0.9779322 0.2052158 0.0391823
vn 0.9852037 0.148771 0.08509262
vn 0.9888932 0.1331754 0.06599
vn 0.8011119 0.4932201 0.339048
vn 0.5051154 0.6648349 0.5503209
vn 0.7592784 0.4317448 0.4869218
vn 0.6583831 0.7102728 0.2490867
vn 0.3689605 0.7927196 0.485246
vn 0.3721139 0.6295371 0.6820662
vn 0.5166373 0.3927402 0.7608162
vn 0.4766697 0.4075161 0.7789202
vn 0.5235999 0.3856061 0.7597046
vn 0.7579275 0.2048389 0.6193439
vn 0.5876752 0.4090166 0.6980998
vn 0.2422556 0.6637401 0.7076449
vn 0.5084972 0.5348271 0.6748263
vn 0.2095051 0.6951264 0.6876823
vn 0.441749 0.6515511 0.6167164
vn 0.1710086 0.654968 0.7360523
vn 0.6088406 0.4385834 0.6610277
vn 0.4248053 0.3812935 0.82107
vn 0.3369331 0.5772799 0.7437903
vn 0.1661087 0.5292014 0.8320779
vn 0.1491287 0.4267572 0.891986
vn 0.2871579 0.5827206 0.7602481
vn 0.009418787 0.5878373 0.8089244
vn 0.1608843 0.4535739 0.8765768
vn 0.06598314 0.5814106 0.8109303
vn 0.0443087 0.5246967 0.8501354
vn 0.3144374 0.4714241 0.8239468
vn 0.4984535 0.3943859 0.7720129
vn 0.442979 0.264194 0.8567211
vn 0.2055625 0.3162061 0.9261521
vn 0.4158441 0.2767754 0.8662962
vn 0.205564 0.327482 0.9222249
vn 0.350511 0.3965072 0.8484834
vn 0.2248059 0.2463331 0.9427525
vn 0.06054948 0.6199183 0.7823268
vn 0.3339794 0.5276065 0.781082
vn 0.2459102 0.2001374 0.9484056
vn 0.2981839 0.09627052 0.9496412
vn 0.2532789 0.2601015 0.9317709
vn 0.4534704 0.4955415 0.7408125
vn 0.2909344 0.1226831 0.9488446
vn 0.3052005 0.2075665 0.9293916
vn 0.1357241 0.5257512 0.8397408
vn 0.2003446 0.4359113 0.8774073
vn 0.287908 0.2082161 0.9347486
vn 0.1994054 0.2201616 0.9548646
vn 0.2943701 0.2366641 0.9259245
vn 0.4338003 0.2001875 0.8784887
vn 0.5037911 0.141948 0.8520829
vn 0.4021203 0.1874678 0.8961892
vn 0.4574059 0.2102376 0.8640487
vn 0.4167482 0.2555246 0.8723692
vn 0.3533859 0.5140144 0.7816058
vn 0.2890995 0.2600634 0.9212972
vn 0.4541796 0.5486771 0.7019077
vn 0.3065305 0.1801022 0.9346669
vn 0.6783515 0.01258322 0.7346298
vn 0.1297605 0.1014193 0.9863449
vn 0.2557581 0.1565171 0.9539865
vn 0.3592237 0.2523548 0.898485
vn 0.1395986 0.2628259 0.954691
vn 0.06274649 0.4305856 0.9003659
vn 0.09080854 0.5434225 0.8345333
vn 0.03467973 0.5456097 0.8373216
vn -0.06840381 0.4582502 0.8861872
vn 0.09062465 0.621638 0.7780446
vn -0.01344913 0.6243796 0.7810053
vn -0.1108596 0.6040901 0.7891674
vn -0.1861953 0.4778336 0.8584908
vn -0.1013409 0.1612835 0.9816912
vn -0.1725283 0.06988826 0.982522
vn -0.3055739 0.4127154 0.8580738
vn -0.4127835 0.145076 0.8992012
vn -0.5135997 0.09746577 0.8524763
vn -0.6096659 0.4479587 0.6539422
vn 0.2925692 0.6517529 0.6997294
vn 0.01534623 0.68501 0.7283721
vn -0.3423817 -0.08766655 0.9354621
vn -0.5375453 0.5106026 0.6710663
vn -0.1715621 0.5061614 0.8452023
vn -0.7189358 0.438952 0.5389364
vn -0.08531298 0.5198528 0.8499851
vn -0.2128137 0.5836009 0.7836583
vn -0.4649603 0.5808191 0.6681774
vn -0.2442682 0.6981657 0.6729767
vn -0.5521371 0.561121 0.6166748
vn -0.5718165 0.5357962 0.6212474
vn -0.5548655 0.4640027 0.6905257
vn -0.5186824 0.4372095 0.734722
vn -0.2836502 0.4873935 0.8258269
vn -0.4464536 0.4592576 0.7679594
vn -0.3210144 0.3746841 0.8698055
vn 0.04798109 0.540031 0.8402763
vn 0.06313369 0.4778398 0.8761753
vn 0.4678601 0.6747031 0.5708613
vn 0.07377329 0.6527569 0.7539669
vn 0.5222837 0.6599513 0.5400779
vn -0.2132344 0.2909015 0.9326882
vn 0.3311929 0.6105891 0.7193692
vn -0.1625565 0.2413592 0.9567242
vn 0.1138903 0.5452279 0.8305152
vn 0.3407375 0.2421758 0.9084321
vn 0.353516 0.2523122 0.900758
vn 0.2263868 0.8450134 0.4844599
vn 0.3412245 0.779057 0.5259619
vn -0.01394671 0.6504259 0.7594418
vn 0.3153061 0.7452817 0.5874839
vn 0.353516 0.2523122 0.900758
vn 0.2195453 0.7734284 0.5946499
vn 0.3412245 0.779057 0.5259619
vn 0.02110123 0.9811409 0.1921391
vn 0.1309629 0.7456061 0.6533914
vn -0.3286435 0.7761975 0.538062
vn -0.07896135 0.9913706 0.1046395
vn 0.07651357 0.9840167 -0.1608009
vn 0.2519252 0.9358881 0.2462667
vn 0.162295 0.9535329 0.2538415
vn -0.0207337 0.9884862 -0.1498843
vn -0.3037609 0.8036155 0.5117925
vn -0.09001951 0.9373193 -0.3366441
vn -0.1408326 0.9590176 -0.2458684
vn -0.06766709 0.9968967 0.04022508
vn -0.0996695 0.9849777 0.1410143
vn -0.09577558 0.988785 0.1145915
vn -0.2038254 0.934278 -0.2925405
vn -0.3009978 0.9416739 -0.1505015
vn 0.03139646 0.9808219 -0.1923609
vn -0.06412776 0.9868759 -0.1482012
vn 0.00697268 0.9930356 0.1176078
vn 0.5004066 0.8065135 -0.3148479
vn 0.2178903 0.9263806 -0.3071527
vn 0.1180701 0.992498 -0.03173679
vn -0.429933 0.5599581 0.7082404
vn -0.5918443 0.3162472 0.7414231
vn -0.3294775 0.7127627 0.619204
vn -0.3731317 0.5790007 0.724935
vn -0.3523128 0.4166355 0.8380278
vn -0.3286435 0.7761975 0.538062
vn -0.4870032 0.5639954 0.6668862
vn -0.1915502 0.05240389 0.9800828
vn -0.3345045 0.1090124 0.9360678
vn -0.01535541 0.05939506 0.9981165
vn 0.2138985 0.5025654 0.8376607
vn 0.09463283 0.6298512 0.7709295
vn -0.1488021 0.9165834 0.3711237
vn 0.1053412 0.9651464 0.2395741
vn -0.3731317 0.5790007 0.724935
vn -0.3069025 0.9044939 0.2961446
vn 0.3325011 0.7998454 0.4996903
vn 0.04635407 0.9862316 0.1587405
vn -0.2038254 0.934278 -0.2925405
vn 0.2178903 0.9263806 -0.3071527
vn 0.7562036 0.5248486 0.3907557
vn 0.2840524 0.7675678 0.5745901
vn 0.5723935 0.7693259 0.2837312
vn 0.2386757 0.8714068 0.4285837
vn 0.7562036 0.5248486 0.3907557
vn 0.3325011 0.7998454 0.4996903
vn 0.9782668 -0.05841265 0.1989529
vn 0.8616172 0.326871 0.3882925
vn 0.9138613 0.3916494 0.1070905
vn 0.9033769 0.3529612 -0.2435745
vn 0.9782668 -0.05841265 0.1989529
vn 0.9687399 0.232432 -0.08670948
vn 0.9236526 0.3742469 0.08249424
vn 0.8718795 0.4175073 0.2559567
vn 0.8074069 0.05119874 0.5877693
vn 0.9782668 -0.05841265 0.1989529
vn 0.6964225 -0.4798898 0.5335741
vn 0.6193117 -0.6598492 0.425502
vn 0.7375171 -0.4810604 0.473972
vn 0.5817135 0.382709 0.7177348
vn 0.3747596 0.316799 0.8713172
vn 0.3992856 0.05909423 0.9149202
vn -0.149309 0.1699701 0.9740724
vn -0.009338104 0.4162039 0.9092233
vn 0.5571215 -0.05678255 0.8284875
vn 0.4245549 0.2660111 0.8654428
vn 0.5220799 0.2525155 0.8146585
vn 0.5441548 0.1252583 0.8295819
vn 0.5666293 -0.245804 0.7864552
vn 0.4188595 0.4076627 0.8113987
vn 0.1733251 -0.02107516 0.984639
vn 0.2375433 0.3034156 0.9227742
vn 0.1965113 0.455905 0.8680633
vn 0.1888193 0.2632782 0.9460613
vn 0.1798668 0.2157094 0.9597485
vn -0.004898486 -0.3069837 0.9517022
vn 0.1198262 -0.3876118 0.9140015
vn 0.2830543 0.6484741 0.7066553
vn 0.4794775 0.6767206 0.5587043
vn 0.4740952 0.3890446 0.7898595
vn 0.4017398 0.7562654 0.5163987
vn 0.4947914 0.09758295 0.8635156
vn 0.4550782 0.72289 0.5199364
vn 0.4256015 0.5874838 0.6882777
vn 0.516216 0.7048382 0.4865431
vn 0.3546674 0.8330186 0.4246069
vn 0.4548607 0.7234169 0.5193937
vn 0.3304343 0.8844023 0.3296144
vn 0.1089238 0.7236033 0.6815673
vn 0.2113152 0.6776714 0.704349
vn 0.1991212 0.7512832 0.6292251
vn 0.0529873 0.7735913 0.6314657
vn -0.07191323 0.8148772 0.5751554
vn 0.1576533 0.6888795 0.7075242
vn 0.1276217 0.2714047 0.9539666
vn 0.2199723 0.2015071 0.9544669
vn -0.3410249 0.6828936 0.6460328
vn -0.58147 0.5453795 0.6037002
vn -0.6655387 0.5052782 0.5493197
vn -0.6629981 0.4436779 0.6029787
vn -0.6525937 0.4945939 0.5740195
vn -0.6325714 0.3740662 0.6781799
vn -0.6870106 0.5673566 0.4540075
vn -0.6677051 0.5430046 0.5092306
vn -0.7350056 0.5677153 0.3707642
vn -0.6632957 0.618957 0.4206321
vn -0.214391 0.5591459 0.8008699
vn -0.1997102 0.6736039 0.7115994
vn -0.336716 0.8707752 0.3582916
vn -0.6826138 0.7306904 0.0114013
vn -0.7643894 0.6179196 0.1840768
vn -0.7468735 0.6637501 -0.04019766
vn -0.3400185 0.9353408 -0.09759586
vn -0.5521197 0.7716675 -0.315742
vn -0.6918535 0.6999623 -0.1771769
vn -0.5602912 0.7716224 -0.301119
vn 0.06615431 0.4442511 0.8934565
vn -0.002689862 0.6710805 0.7413796
vn -0.09426729 0.922339 0.3747058
vn -0.152405 0.9810161 -0.1199172
vn -0.1145124 0.9377824 0.3277972
vn -0.1575495 0.9618694 -0.223574
vn -0.02080072 0.9898921 -0.1402884
vn 0.0358504 0.926466 0.374667
vn 0.2603587 0.9548126 -0.1433402
vn 0.3616699 0.8762326 0.3184514
vn 0.5236054 0.8403479 0.1401881
vn 0.6139522 0.6069646 0.5046353
vn 0.3515121 0.6420715 0.6813101
vn 0.4607868 0.4932846 0.7377979
vn 0.6178125 0.4161233 0.667195
vn 0.259847 0.9025664 -0.343298
vn 0.5628535 0.6310513 0.533826
vn 0.5282947 0.4508216 0.7194891
vn 0.4674127 0.8754054 0.1232509
vn 0.1969999 0.92075 -0.3367646
vn 0.2321761 0.930572 -0.2830722
vn 0.4588358 0.8829591 0.09926249
vn 0.4087856 0.8271791 -0.3855764
vn 0.5587103 0.8274115 -0.0568596
vn 0.6013922 0.6604899 -0.4495336
vn 0.476691 0.6945924 -0.5388015
vn 0.5496933 0.6730311 -0.4948396
vn 0.4620804 0.6866816 -0.5612041
vn 0.5247701 0.6957504 0.4904566
vn 0.74521 0.6653914 0.04377676
vn 0.7503889 0.6346167 -0.1848732
vn 0.4936994 0.5072109 0.7063979
vn 0.7158652 0.6165415 0.3277401
vn 0.5918625 0.6824749 -0.428867
vn 0.6824284 0.6353218 -0.3614663
vn 0.7511376 0.5725582 -0.3285873
vn 0.7916046 0.5400135 -0.2859155
vn 0.1185581 0.8304298 -0.5443623
vn 0.02905718 0.8622091 -0.5057184
vn -0.03461 0.8454623 -0.5329124
vn -0.005463916 0.7999837 -0.5999967
vn 0.2388351 0.7509388 -0.6156693
vn 0.01943292 0.7502005 -0.6609249
vn 0.1834497 0.7247393 -0.6641531
vn -0.004001661 0.7688344 -0.6394354
vn -0.07733013 0.7813175 -0.6193245
vn 0.001348712 0.7980481 -0.6025923
vn -0.02279409 0.7942943 -0.6071054
vn 0.01707355 0.7991396 -0.6009029
vn 0.1033798 0.7722516 -0.6268492
vn 0.2518356 0.7369642 -0.6272659
vn 0.2090751 0.7434612 -0.6352583
vn 0.2700126 0.7629817 -0.5873263
vn 0.1195406 0.7668676 -0.6305745
vn 0.2039061 0.7804393 -0.5910473
vn 0.125852 0.8186504 -0.5603326
vn 0.1389464 0.8409585 -0.5229557
vn -0.0407517 0.8282949 -0.5588084
vn 0.01742904 0.8617308 -0.5070664
vn -0.01905019 0.8915507 -0.4525203
vn -0.008510482 0.8412197 -0.5406265
vn 0.01923073 0.8344389 -0.5507649
vn -0.06655955 0.8172162 -0.5724748
vn -0.1507321 0.8939053 -0.4221528
vn -0.1451421 0.8478556 -0.5099752
vn -0.1276699 0.8531658 -0.505775
vn -0.1712396 0.8132123 -0.5562039
vn -0.1394851 0.8126566 -0.5658032
vn -0.1038967 0.8756552 -0.4716284
vn -0.2623144 0.8470045 -0.4623576
vn -0.2372288 0.8188802 -0.5226449
vn -0.4041598 0.8054962 -0.4333945
vn -0.3685288 0.8710239 -0.3248136
vn -0.2425052 0.8950335 -0.3743078
vn -0.2689761 0.8535513 -0.4462085
vn -0.1506291 0.8935277 -0.4229884
vn -0.1413765 0.8246071 -0.5477552
vn 0.5004066 0.8065135 -0.3148479
vn 0.9033769 0.3529612 -0.2435745
vn 0.7300788 0.6473287 -0.2189762
vn 0.690759 0.7170675 -0.0930928
vn 0.1022794 0.9944389 0.02510745
vn 0.952978 0.2816787 -0.1117586
vn 0.2996169 0.2947132 0.9073995
vn 0.4562294 0.4061268 0.7917801
vn 0.4685155 0.4680505 0.749281
vn -0.3009978 0.9416739 -0.1505015
vn 0.1293648 0.9820637 0.1371709
vn -0.3845081 0.9019413 0.1966096
vn -0.1312184 0.9861033 0.1018922
vn 0.3765106 0.7225028 0.5798531
vn 0.6905558 0.7196041 0.07281964
vn 0.2682561 0.9633309 0.00569514
vn 0.5397039 0.2194597 0.8127466
vn 0.6539639 0.6556192 0.3774846
vn -0.2486994 0.9468842 0.2038601
vn -0.1688128 0.8443601 0.5084864
vn -0.1006185 0.7147352 0.6921196
vn 0.2195453 0.7734284 0.5946499
vn 0.1523812 0.6216465 0.7683331
vn 0.3121897 0.398649 0.8623321
vn 0.3580176 0.202863 0.911411
vn 0.2996169 0.2947132 0.9073995
vn 0.3939323 0.351993 0.8490691
vn 0.5397039 0.2194597 0.8127466
vn 0.424269 0.2192049 0.878604
vn 0.683681 0.1543511 0.7132714
vn 0.2987755 0.2524581 0.920325
vn 0.01115199 0.1923237 0.9812681
vn 0.529855 0.2506283 0.8102094
vn 0.03730973 0.2982976 0.9537434
vn 0.3107685 0.4010365 0.8617381
vn 0.1174856 0.01026657 0.9930215
vn 0.3747596 0.316799 0.8713172
vn 0.3518819 0.3384382 0.8727192
vn 0.4234843 0.2687853 0.86511
vn 0.6646774 0.4041821 0.6283636
vn 0.5166373 0.3927402 0.7608162
vn 0.3747596 0.316799 0.8713172
vn 0.3384971 0.2869596 0.8961439
vn 0.5075557 0.06629547 0.8590647
vn 0.7277953 0.4525867 0.5152469
vn 0.4534704 0.4955415 0.7408125
vn 0.8892378 0.4517858 0.07173264
vn 0.6191792 0.3328614 0.7112105
vn 0.8694002 0.055001 -0.4910379
vn 0.6483909 0.5733475 -0.500861
vn 0.9546862 0.2899291 -0.06719604
vn 0.5458617 0.4907777 -0.6790966
vn 0.1391889 0.7106646 -0.6896248
vn 0.09068346 0.7135076 -0.6947542
vn 0.5494289 0.5009866 -0.6686856
vn 0.5458617 0.4907777 -0.6790966
vn -0.1796089 0.7675436 -0.6153191
vn -0.3574036 0.7914397 -0.4958687
vn -0.7169898 0.6882083 -0.1108832
vn 0.3584874 0.5353279 0.7647946
vn 0.4732706 0.4129821 0.7781135
vn 0.3074939 0.4904805 0.8153995
vn 0.2411458 0.6461697 0.7240949
vn 0.3256726 0.6164166 0.7169156
vn 0.4415264 0.303021 0.8445311
vn 0.3980402 0.5882162 0.7039644
vn 0.4534704 0.4955415 0.7408125
vn 0.3683254 0.3485502 0.861887
vn 0.4415264 0.303021 0.8445311
vn 0.3084934 0.1552451 0.9384725
vn 0.1660566 0.1851049 0.9685874
vn 0.02214901 0.09765768 0.9949735
vn 0.3279435 -0.2518518 0.9105073
vn 0.6508453 -0.1073787 0.7515785
vn 0.9426741 -0.135647 0.3049021
vn 0.8055177 0.09574442 0.5847857
vn 0.5037911 0.141948 0.8520829
vn 0.71513 -0.02492105 0.6985472
vn 0.9436381 -0.2555234 0.2103684
vn 0.809033 -0.2116063 0.5483506
vn 0.9817323 -0.1515085 -0.1150952
vn 0.9703415 -0.06370928 -0.233192
vn 0.9859555 -0.04813268 0.1599221
vn 0.9338366 -0.1758737 -0.3114766
vn 0.9407488 -0.08685796 0.3277916
vn 0.9426741 -0.135647 0.3049021
vn 0.1504257 0.3622699 0.9198546
vn 0.556289 0.257783 0.789994
vn 0.3677009 0.3539784 0.8599391
vn 0.1948806 0.3307478 0.9233782
vn 0.2859786 0.4075755 0.8672361
vn 0.08600943 0.4139203 0.9062408
vn -0.2027681 0.3318625 0.9212776
vn 0.5700808 0.3066271 0.7622255
vn 0.3677009 0.3539784 0.8599391
vn 0.8790168 -0.01430467 0.476576
vn 0.8358138 -0.1484017 0.5285757
vn 0.2481499 0.1285026 0.9601608
vn 0.7223284 -0.1650405 0.6715679
vn 0.2890995 0.2600634 0.9212972
vn 0.2441251 0.7528217 0.6112792
vn 0.3889552 0.7132586 0.5830747
vn 0.2465689 0.5250427 0.8145759
vn 0.2007235 0.1548657 0.9673297
vn 0.2235418 0.4312481 0.8741019
vn 0.1403059 -0.06519227 0.9879596
vn 0.1664225 -0.06884959 0.983648
vn 0.1981128 -0.01685553 0.9800342
vn 0.09180242 0.1058618 0.9901341
vn 0.1057835 -0.05565324 0.9928306
vn -0.1506806 0.06932596 0.9861487
vn -0.1488615 -0.03621858 0.9881946
vn -0.2102448 0.02770219 0.9772562
vn -0.1087015 0.184688 0.9767672
vn -0.04154793 0.215821 0.9755486
vn -0.1183713 -0.01995501 0.9927689
vn -0.1602251 0.0130195 0.9869947
vn -0.08893363 -0.0307484 0.9955628
vn 0.006004896 0.3692071 0.9293278
vn -0.09076894 0.4393724 0.8937073
vn -0.1327603 0.536286 0.8335299
vn -0.1433553 0.4907289 0.8594384
vn -0.1141748 0.401506 0.9087117
vn -0.1208736 0.3969829 0.9098319
vn -0.2648463 -0.1384543 0.9542991
vn 0.0575901 -0.04336303 0.9973981
vn -0.1493495 0.4917402 0.8578382
vn -0.1072331 0.4465228 0.8883234
vn 0.2888266 0.4231164 0.8588083
vn -0.2858828 0.5778327 0.7644477
vn -0.2354554 0.4619204 0.8550967
vn -0.2728425 0.5011573 0.8212176
vn -0.4230781 0.6623606 0.6182908
vn -0.508717 0.6786357 0.5297741
vn -0.7543672 0.637347 0.157223
vn -0.6602717 0.6729547 0.3334266
vn -0.7839233 0.505684 0.3602055
vn -0.790255 0.4516602 0.4141259
vn -0.7003694 0.3709344 0.6098284
vn -0.679041 0.4205943 0.6016675
vn -0.4742378 0.5994425 0.6448001
vn 0.07452521 0.339334 0.9377092
vn -0.6978495 0.3518006 0.6238931
vn -0.636516 0.2846909 0.7167974
vn 0.3012063 0.9341698 0.1913157
vn 0.2268745 0.9077712 0.3528164
vn 0.1990786 0.9784619 -0.05458941
vn 0.46808 0.8824756 0.04623792
vn 0.3734985 0.9265208 0.04536685
vn 0.2633188 0.9623024 -0.0680965
vn 0.7221207 0.6489081 0.2397083
vn 0.7920558 0.5831083 0.1806441
vn 0.2103961 0.97048 -0.1179065
vn 0.2188 0.9548154 -0.2011322
vn -0.02589479 0.9975408 -0.06512854
vn 0.128483 0.9587643 -0.2535022
vn 0.3738338 0.9274955 -0.0005500898
vn 0.3936296 0.9180416 0.04749133
vn 0.342575 0.9359388 0.08161442
vn 0.03331636 0.9786777 0.2026819
vn -0.4188164 0.9053161 0.07068031
vn -0.4625957 0.8858337 0.03610944
vn -0.3321187 0.8943413 0.2997511
vn -0.5290173 0.7887463 0.3130816
vn -0.5481065 0.8166812 0.1805852
vn 0.2826447 0.9592223 -0.002125031
vn -0.6673594 0.4662147 0.5807541
vn -0.4598623 0.7110489 0.5319175
vn -0.4942633 0.498616 0.7120997
vn -0.5812113 0.1703679 0.7957187
vn -0.4275916 0.43348 0.7932594
vn -0.2073763 0.2567725 0.9439613
vn -0.5434523 0.6678179 0.5086049
vn 0.9670942 0.04618881 0.2501905
vn 0.8831944 0.3396968 0.3233784
vn 0.7807721 0.5436506 0.3079595
vn 0.8592973 0.341962 0.3803553
vn 0.8377389 0.1994089 0.5083597
vn 0.7834116 0.5347697 0.3166826
vn 0.7491471 -0.2681793 0.6056885
vn 0.9167689 -0.05319621 0.3958597
vn 0.6575778 0.286362 0.6968416
vn 0.7050998 -0.02677307 0.7086025
vn 0.7846047 -0.1476285 0.6021638
vn 0.46808 0.8824756 0.04623792
vn 0.866129 0.4997912 -0.005401613
vn 0.723787 0.6887695 -0.04158169
vn 0.4583905 0.5335379 0.7107851
vn 0.2441251 0.7528217 0.6112792
vn 0.2780871 0.4636782 0.8412313
vn 0.46808 0.8824756 0.04623792
vn 0.3808946 -0.3070714 0.8721391
vn 0.7491471 -0.2681793 0.6056885
vn 0.7050998 -0.02677307 0.7086025
vn 0.2861549 0.1225406 0.9503153
vn 0.7472259 0.5071826 0.4294405
vn 0.2583166 0.8748995 0.4096626
vn 0.6610612 0.7473955 0.06631821
vn 0.2583166 0.8748995 0.4096626
vn 0.8592973 0.341962 0.3803553
vn 0.2130368 0.7279304 0.6517151
vn -0.4275916 0.43348 0.7932594
vn 0.222422 0.8092975 0.5436599
vn 0.2130368 0.7279304 0.6517151
vn 0.2482056 0.920628 0.3013932
vn -0.3617896 0.9100403 0.2023242
vn 0.222422 0.8092975 0.5436599
vn -0.3704785 0.5579813 0.7425648
vn -0.2598881 0.798008 0.5437291
vn 0.3569441 0.8781704 0.3184456
vn 0.03331636 0.9786777 0.2026819
vn 0.3533859 0.5140144 0.7816058
vn -0.241352 0.8295799 0.5035338
vn -0.149309 0.1699701 0.9740724
vn -0.5812113 0.1703679 0.7957187
vn -0.2230618 -0.3628076 0.904773
vn -0.2230625 -0.5468518 0.8069673
vn -0.4379281 -0.03424214 0.8983577
vn 0.5655779 -0.6202937 0.5434681
vn 0.3048024 -0.6734114 0.6735077
vn 0.2158404 -0.7092313 0.6711214
vn 0.1500439 -0.6512895 0.7438473
vn 0.6193117 -0.6598492 0.425502
vn 0.3048024 -0.6734114 0.6735077
vn 0.5655779 -0.6202937 0.5434681
vn 0.4630678 -0.6883417 0.5583493
vn 0.5452036 -0.5563332 0.6270936
vn 0.6193117 -0.6598492 0.425502
vn 0.6964225 -0.4798898 0.5335741
vn 0.5620002 -0.4503182 0.6938078
vn 0.6964225 -0.4798898 0.5335741
vn 0.5571215 -0.05678255 0.8284875
vn 0.8074069 0.05119874 0.5877693
vn 0.3048024 -0.6734114 0.6735077
vn 0.5620002 -0.4503182 0.6938078
vn 0.5177403 -0.3718317 0.7705104
vn 0.2517583 -0.5079429 0.823779
vn 0.3754748 -0.3328516 0.8650019
vn -0.1371243 -0.07895539 0.9874021
vn 0.5190668 -0.02787244 0.8542791
vn 0.5441548 0.1252583 0.8295819
vn 0.3859619 -0.1889647 0.9029539
vn -0.01535541 0.05939506 0.9981165
vn 0.1500439 -0.6512895 0.7438473
vn 0.2373181 -0.3776374 0.8950253
vn 0.422279 0.2113338 0.8814865
vn 0.2081552 0.9757888 0.067138
vn 0.1373828 0.9791924 -0.1493593
vn 0.2662365 0.9524857 0.1479498
vn 0.3366063 0.9333438 -0.1247618
vn 0.3347146 0.8991655 0.2818999
vn 0.4503661 0.8731749 0.186376
vn 0.7074851 0.635814 0.3085538
vn 0.4564499 0.6183093 0.6398025
vn 0.7740022 0.6327689 0.02289389
vn 0.4249606 0.4565731 0.7816325
vn 0.4252919 0.1450564 0.8933563
vn 0.7074851 0.635814 0.3085538
vn 0.4968655 0.2461674 0.8321816
vn 0.8735474 0.4860214 0.02642361
vn 0.852218 0.5086384 0.1225218
vn 0.8156295 0.3640655 0.449672
vn 0.6356851 0.206026 0.7439473
vn 0.7148805 0.325175 0.6190373
vn 0.6951688 0.3703183 0.6161207
vn 0.3308258 0.5187769 0.788305
vn 0.989817 0.04406544 0.1353536
vn 0.9083932 0.3895763 0.151829
vn 0.9813733 0.05173797 0.1850123
vn 0.9531166 -0.1615251 0.2558873
vn 0.951369 0.2766206 0.1355656
vn 0.9661489 -0.1914407 0.1729359
vn 0.9343667 0.3519441 0.05562566
vn 0.9249442 0.3762952 -0.05366569
vn 0.9166052 0.399793 -0.000531213
vn 0.7842622 0.4836771 0.3885733
vn 0.8975365 0.426535 -0.1117867
vn 0.8509845 0.4862425 -0.1984785
vn 0.8299542 0.4564465 0.3206753
vn 0.74521 0.6653914 0.04377676
vn 0.8299542 0.4564465 0.3206753
vn 0.7306734 0.477535 0.4879311
vn 0.4407705 0.6888984 0.5754481
vn 0.09943933 0.4873463 0.8675283
vn 0.1070163 0.70523 0.7008553
vn -0.004888303 0.6969837 0.7170703
vn 0.03545712 0.4709377 0.8814535
vn 0.6393412 0.3422948 0.6885325
vn 0.4733954 0.3999185 0.7848325
vn 0.4421116 0.5497782 0.7087181
vn 0.6185871 0.5283861 0.5815136
vn 0.3308258 0.5187769 0.788305
vn 0.6951688 0.3703183 0.6161207
vn 0.2138985 0.5025654 0.8376607
vn -0.06011635 0.4802099 0.8750911
vn -0.01535541 0.05939506 0.9981165
vn 0.1250246 0.1314573 0.9834063
vn 0.5441548 0.1252583 0.8295819
vn 0.5177403 -0.3718317 0.7705104
vn 0.6061146 -0.3589303 0.7097846
vn 0.7050998 -0.02677307 0.7086025
vn 0.8822094 0.178836 0.4355735
vn 0.827117 -0.1540879 0.5404947
vn 0.3934947 -0.09744076 0.9141483
vn -0.5608535 0.05588471 0.8260267
vn -0.6908087 0.0168473 0.7228413
vn -0.07452457 0.2595967 0.9628373
vn 0.01115199 0.1923237 0.9812681
vn -0.2613755 0.05067349 0.9639061
vn -0.6366065 0.1985766 0.7451843
vn 0.2198911 0.2603321 0.9401463
vn 0.09673882 0.3494449 0.9319495
vn -0.6366065 0.1985766 0.7451843
vn 0.2987755 0.2524581 0.920325
vn -0.6366065 0.1985766 0.7451843
vn -0.4294905 0.4064294 0.8064446
vn -0.7719516 0.254761 0.5823982
vn -0.3574036 0.7914397 -0.4958687
vn -0.5112737 0.7814021 -0.3577848
vn -0.3971653 0.8350945 -0.380627
vn -0.6366065 0.1985766 0.7451843
vn -0.8246596 0.4698592 0.3149107
vn -0.8784028 0.1408123 0.456706
vn 0.3754748 -0.3328516 0.8650019
vn -0.01535541 0.05939506 0.9981165
vn -0.004025013 -0.119329 0.9928467
vn 0.3279435 -0.2518518 0.9105073
vn 0.7192596 -0.1720774 0.6730937
vn 0.4135942 -0.2292585 0.8811244
vn 0.7192596 -0.1720774 0.6730937
vn 0.4445161 -0.2097183 0.8708753
vn 0.809033 -0.2116063 0.5483506
vn 0.7538938 -0.05995067 0.6542553
vn 0.9436381 -0.2555234 0.2103684
vn 0.845087 -0.2751486 0.4583897
vn 0.8358138 -0.1484017 0.5285757
vn 0.9407488 -0.08685796 0.3277916
vn 0.9426741 -0.135647 0.3049021
vn 0.9859555 -0.04813268 0.1599221
vn 0.9817323 -0.1515085 -0.1150952
vn 0.71513 -0.02492105 0.6985472
vn 0.4021203 0.1874678 0.8961892
vn 0.4429508 -0.04304119 0.8955122
vn 0.6321209 -0.02163224 0.7745678
vn 0.5004689 0.252889 0.8279964
vn 0.6436075 -0.0848676 0.7606359
vn 0.3747596 0.316799 0.8713172
vn 0.1660566 0.1851049 0.9685874
vn -0.5885762 0.04506141 0.8071849
vn 0.3549756 0.2721438 0.8943881
vn 0.1503033 0.4756712 0.8666867
vn -0.441584 0.146273 0.8852163
vn 0.1660566 0.1851049 0.9685874
vn -0.3590344 0.1638254 0.9188338
vn -0.2613755 0.05067349 0.9639061
vn -0.5121505 0.0718641 0.855884
vn 0.3293096 0.1209865 0.9364387
vn 0.3084934 0.1552451 0.9384725
vn 0.07511436 0.1621556 0.9839022
vn -0.04185901 0.4012357 0.9150179
vn -0.04857099 0.500389 0.8644372
vn -0.5709243 0.4650881 0.6765638
vn -0.4580821 0.3364384 0.8227819
vn -0.313242 0.2363644 0.9197887
vn -0.7316997 0.3263016 0.5984502
vn -0.9244545 0.3121164 0.2190146
vn -0.9341751 0.3082005 0.1798035
vn -0.9151257 0.3977431 0.06591877
vn -0.890056 0.4558307 0.004316838
vn -0.7171368 0.6716807 -0.1859024
vn -0.4800863 0.821773 -0.3069302
vn -0.1531659 0.8780456 -0.453405
vn 0.01242274 0.8836482 -0.4679868
vn 0.1145871 0.8612651 -0.495068
vn 0.1624409 0.8609174 -0.4821141
vn 0.3339794 0.5276065 0.781082
vn 0.2532789 0.2601015 0.9317709
vn 0.06993319 0.5922176 0.8027377
vn 0.1963933 0.3898521 0.8996916
vn -0.1934995 -0.07139738 0.9784991
vn -0.2613755 0.05067349 0.9639061
vn 0.2267755 -0.2080317 0.9514704
vn 0.3279435 -0.2518518 0.9105073
vn 0.2218399 -0.1939279 0.955604
vn -0.1934995 -0.07139738 0.9784991
vn -0.4586814 0.1433416 0.8769632
vn -0.5174819 0.002368221 0.8556909
vn -0.4388626 -0.3156956 0.8412704
vn -0.6908087 0.0168473 0.7228413
vn -0.5121505 0.0718641 0.855884
vn -0.6908087 0.0168473 0.7228413
vn -0.6662763 0.001083824 0.7457042
vn -0.6522577 -0.007573494 0.7579595
vn -0.5608535 0.05588471 0.8260267
vn -0.6366065 0.1985766 0.7451843
vn -0.5885762 0.04506141 0.8071849
vn -0.5608535 0.05588471 0.8260267
vn -0.6798531 0.1512109 0.7175897
vn 0.8809875 -0.00583117 -0.4731036
vn 0.8763667 -0.2259158 -0.4253742
vn 0.8694002 0.055001 -0.4910379
vn -0.1136913 -0.244311 0.9630091
vn -0.2194958 -0.02707414 0.9752377
vn -0.2358297 -0.1452954 0.9608713
vn -0.1703396 -0.5622172 0.8092566
vn 0.1297605 0.1014193 0.9863449
vn 0.1664225 -0.06884959 0.983648
vn 0.02607837 -0.4951773 0.8684005
vn 0.2419315 -0.6894458 0.6827399
vn 0.2451782 -0.3315383 0.9110269
vn 0.4466983 -0.3850647 0.8075802
vn 0.4821951 -0.554974 0.6778583
vn 0.3941815 -0.4286908 0.8129238
vn 0.01982237 -0.3173407 0.9481044
vn 0.09577003 -0.4424776 0.8916512
vn -0.2630689 -0.3490713 0.8994132
vn -0.2648463 -0.1384543 0.9542991
vn 0.1403059 -0.06519227 0.9879596
vn -0.2338901 0.03245027 0.9717214
vn -0.3423817 -0.08766655 0.9354621
vn -0.5135997 0.09746577 0.8524763
vn -0.2358297 -0.1452954 0.9608713
vn -0.4127835 0.145076 0.8992012
vn -0.1725283 0.06988826 0.982522
vn -0.2194958 -0.02707414 0.9752377
vn 0.1927706 -0.6416109 0.7424115
vn -0.2230625 -0.5468518 0.8069673
vn -0.1863901 -0.5729291 0.7981296
vn 0.1198262 -0.3876118 0.9140015
vn -0.004898486 -0.3069837 0.9517022
vn -0.2230618 -0.3628076 0.904773
vn 0.1733251 -0.02107516 0.984639
vn -0.149309 0.1699701 0.9740724
vn 0.3808946 -0.3070714 0.8721391
vn 0.3951634 -0.5992708 0.6962186
vn 0.7491471 -0.2681793 0.6056885
vn 0.2903675 -0.7633321 0.5770708
vn 0.7183155 -0.3737289 0.5868131
vn 0.3951634 -0.5992708 0.6962186
vn 0.5083888 -0.6869624 0.5192528
vn 0.1927706 -0.6416109 0.7424115
vn -0.1863901 -0.5729291 0.7981296
vn 0.08830804 -0.7682468 0.6340334
vn 0.2903675 -0.7633321 0.5770708
vn 0.8822094 0.178836 0.4355735
vn 0.866129 0.4997912 -0.005401613
vn -0.04872377 0.09743057 0.994049
vn 0.1733251 -0.02107516 0.984639
vn 0.3992856 0.05909423 0.9149202
vn 0.1809939 0.6456767 0.7418509
vn 0.3218562 0.6448488 0.6932377
vn -0.1676176 0.5734534 0.8019075
vn 0.0621524 0.5724354 0.8175908
vn -0.06712363 0.5817069 0.8106242
vn 0.04012139 0.5901639 0.8062858
vn 0.1894485 0.5772985 0.7942517
vn 0.2274132 0.6052103 0.7628917
vn 0.09404436 0.6714773 0.7350334
vn 0.3096282 0.6829307 0.6616162
vn 0.680663 0.5572025 0.4756292
vn 0.2119806 0.6790756 0.7027948
vn 0.2486398 0.7301998 0.6363854
vn 0.7218568 0.5461108 0.4250714
vn 0.379379 0.7088035 0.5947009
vn 0.6129646 0.5167643 0.5976864
vn -0.3960507 0.592199 0.7017437
vn -0.2746252 0.6448388 0.7132769
vn -0.1043082 0.6444175 0.7575262
vn -0.3423817 -0.08766655 0.9354621
vn -0.2358297 -0.1452954 0.9608713
vn -0.2194958 -0.02707414 0.9752377
vn 0.6129646 0.5167643 0.5976864
vn 0.6744545 0.6193278 0.4019257
vn 0.6896783 0.6452396 0.3286484
vn 0.6434183 0.6806174 0.3503897
vn 0.5602493 0.6888198 0.4600523
vn 0.5699359 0.7571808 0.3191398
vn 0.4678601 0.6747031 0.5708613
vn 0.3058941 0.5338548 0.788307
vn 0.4626957 0.6938711 0.5517749
vn 0.05856583 0.6214283 0.781279
vn 0.1281853 0.5739239 0.8088138
vn -0.03066547 0.5869405 0.8090491
vn -0.4239444 0.5601343 0.7117027
vn -0.3960507 0.592199 0.7017437
vn -0.4239444 0.5601343 0.7117027
vn -0.4389334 0.5615681 0.7014118
vn -0.1067132 0.6330734 0.7667009
vn 0.1809939 0.6456767 0.7418509
vn 0.5616319 0.6375285 0.5273775
vn -0.1043082 0.6444175 0.7575262
vn 0.4671749 0.5943676 0.6545799
vn 0.6071554 0.5944981 0.5271948
vn 0.5616319 0.6375285 0.5273775
vn 0.2095051 0.6951264 0.6876823
vn -0.3186494 0.6731529 0.6673288
vn -0.0008622138 0.6542568 0.7562719
vn -0.4194635 0.6798259 0.6015705
vn 0.09081177 0.7615423 0.6417215
vn -0.4446989 0.6939653 0.5662642
vn -0.4476245 0.6622605 0.6008689
vn -0.4216773 0.6630532 0.6185052
vn -0.3791578 0.6335577 0.6744211
vn 0.862309 0.3309141 0.3833002
vn 0.4923867 0.6667681 0.5594422
vn 0.7218568 0.5461108 0.4250714
vn 0.7910617 0.4938043 0.3610799
vn 0.862309 0.3309141 0.3833002
vn 0.8662616 0.3779221 0.3267503
vn 0.8876494 0.1498749 0.4354493
vn 0.8750219 0.1087124 0.4717183
vn 0.7951615 0.06912612 0.6024447
vn 0.706366 0.2168544 0.6738109
vn 0.5766119 0.219685 0.786929
vn -0.4216773 0.6630532 0.6185052
vn -0.01971131 0.5819692 0.8129719
vn -0.3488945 0.636476 0.6878743
vn 0.08250453 0.4425523 0.8929393
vn 0.706366 0.2168544 0.6738109
vn 0.5297191 0.331017 0.7809131
vn 0.2335418 0.4485423 0.8627097
vn 0.08250453 0.4425523 0.8929393
vn 0.398082 0.2324167 0.8874193
vn 0.3747596 0.316799 0.8713172
vn 0.1751753 0.07211871 0.9818923
vn 0.5285197 0.6989431 0.4818148
vn 0.5222837 0.6599513 0.5400779
vn 0.6701667 0.6269946 0.3971832
vn -0.6874149 0.7071286 -0.1656194
vn 0.2451782 -0.3315383 0.9110269
vn 0.4466983 -0.3850647 0.8075802
vn 0.3941815 -0.4286908 0.8129238
vn 0.01982237 -0.3173407 0.9481044
vn -0.2338901 0.03245027 0.9717214
vn 0.07523826 0.240896 0.9676302
vn 0.109344 0.3825468 0.9174431
vn -0.2194958 -0.02707414 0.9752377
vn 0.9661489 -0.1914407 0.1729359
vn 0.9531166 -0.1615251 0.2558873
vn 0.9087626 -0.3194922 0.2684682
vn 0.5301806 0.7943348 0.2965482
vn 0.7842622 0.4836771 0.3885733
vn 0.4265582 -0.3677069 -0.8263412
vn 0.4265553 -0.3677082 -0.8263421
vn 0.8757157 0.06184062 -0.4788504
vn 0.8757128 0.06183584 -0.4788563
vn -0.02395885 -0.5607988 -0.8276054
vn -0.2019516 -0.599876 -0.7741862
vn -0.6426368 -0.590609 -0.4880565
vn -0.6426393 -0.5906084 -0.4880539
vn -0.9468195 -0.2878131 0.1438622
vn -0.9468193 -0.2878174 0.143855
vn -0.7663767 0.1192544 0.6312252
vn -0.6035892 0.2688473 0.7506007
vn -0.6035892 0.2688473 0.7506007
vn -0.16279 0.5160914 0.8409215
vn -0.7663767 0.1192544 0.6312252
vn -0.1627888 0.5160916 0.8409218
vn 0.3759126 0.6333511 0.6764289
vn 0.375904 0.6333511 0.6764337
vn 0.7785157 0.5506793 0.3011072
vn 0.8945292 0.4418322 0.06783579
vn 0.8757157 0.06184062 -0.4788504
vn 0.8757128 0.06183584 -0.4788563
vn 0.3505713 -0.07852724 -0.933238
vn 0.2928866 0.2635565 -0.9191058
vn 0.5101832 0.5747986 -0.6397811
vn 0.8853964 0.3966724 0.2423306
vn 0.8993127 0.3594415 0.2490754
vn 0.847555 0.4251285 0.3176733
vn 0.9423844 0.2600709 0.210416
vn 0.7490678 0.6065623 0.26642
vn -0.2110776 0.3191496 0.9238992
vn -0.2788439 0.5896375 0.7580065
vn -0.2465146 0.325875 0.9127081
vn -0.08670309 0.34432 0.9348403
vn -0.2653612 0.604487 0.7511184
vn -0.2808803 0.606515 0.743805
vn -0.0549922 0.880857 0.4701775
vn -0.4005018 0.7729471 0.4920884
vn -0.03864973 0.9835536 0.1764329
vn 0.386176 0.8171856 0.4278736
vn 0.1609552 0.7071857 0.6884634
vn 0.3877791 0.5478905 0.7412444
vn 0.6088437 0.7719904 0.1825927
vn 0.6089494 0.4892316 0.6243661
vn 0.8504701 0.4420487 0.2851202
vn -0.2849032 0.9541228 -0.09208523
vn -0.4059526 0.8950433 0.184662
vn -0.5238393 0.8382792 -0.1512623
vn -0.2105802 0.500033 0.8400136
vn -0.08670309 0.34432 0.9348403
vn -0.4047721 0.5636455 0.7200439
vn -0.2036866 0.686511 0.6980075
vn 0.08693869 0.5126588 0.8541795
vn 0.1609552 0.7071857 0.6884634
vn -0.9391187 -0.3309856 -0.09221902
vn -0.7911862 -0.6115624 0.003986156
vn -0.9391189 -0.3309853 -0.09221934
vn -0.5179548 -0.8479785 0.1124953
vn 0.09623186 -0.9505033 0.2954367
vn 0.09623119 -0.9505034 0.2954368
vn 0.3980283 -0.8420215 0.3641061
vn 0.3980294 -0.8420212 0.3641057
g GreySkull_mesh_0
f 3/3/3 2/2/2 1/1/1
f 2/2/2 3/3/3 4/4/4
f 7/7/7 6/6/6 5/5/5
f 8/8/8 7/7/7 5/5/5
f 8/8/8 5/5/5 9/9/9
f 10/10/10 8/8/8 9/9/9
f 13/13/13 12/12/12 11/11/11
f 14/14/14 11/11/11 12/12/12
f 11/11/11 14/14/14 15/15/15
f 16/16/16 15/15/15 14/14/14
f 15/15/15 16/16/16 17/17/17
f 18/18/18 17/17/17 16/16/16
f 17/17/17 18/18/18 19/19/19
f 20/20/20 19/19/19 18/18/18
f 23/23/23 22/22/22 21/21/21
f 23/23/23 21/21/21 24/24/24
f 25/25/25 24/24/24 21/21/21
f 24/24/24 25/25/25 26/26/26
f 27/27/27 26/26/26 25/25/25
f 28/28/28 26/26/26 27/27/27
f 28/28/28 27/27/27 29/29/29
f 29/29/29 27/27/27 30/30/30
f 31/31/31 30/30/30 27/27/27
f 27/27/27 25/25/25 31/31/31
f 30/30/30 31/31/31 32/32/32
f 32/32/32 33/33/33 30/30/30
f 32/32/32 34/34/34 33/33/33
f 34/34/34 32/32/32 35/35/35
f 35/35/35 36/36/36 34/34/34
f 35/35/35 37/37/37 36/36/36
f 35/35/35 38/38/38 37/37/37
f 38/38/38 35/35/35 39/39/39
f 39/39/39 35/35/35 32/32/32
f 32/32/32 31/31/31 39/39/39
f 39/39/39 40/40/40 38/38/38
f 41/41/41 40/40/40 39/39/39
f 41/41/41 39/39/39 31/31/31
f 41/41/41 42/42/42 40/40/40
f 43/43/43 42/42/42 41/41/41
f 43/43/43 41/41/41 25/25/25
f 41/41/41 31/31/31 25/25/25
f 44/44/44 34/34/34 36/36/36
f 33/33/33 45/45/45 30/30/30
f 45/45/45 33/33/33 46/46/46
f 45/45/45 46/46/46 47/47/47
f 47/47/47 48/48/48 45/45/45
f 48/48/48 47/47/47 49/49/49
f 48/48/48 49/49/49 50/50/50
f 48/48/48 50/50/50 51/51/51
f 52/52/52 51/51/51 50/50/50
f 51/51/51 52/52/52 26/26/26
f 28/28/28 51/51/51 26/26/26
f 28/28/28 29/29/29 51/51/51
f 51/51/51 29/29/29 48/48/48
f 29/29/29 45/45/45 48/48/48
f 53/53/53 50/50/50 49/49/49
f 52/52/52 54/54/54 26/26/26
f 52/52/52 50/50/50 54/54/54
f 26/26/26 54/54/54 24/24/24
f 54/54/54 55/55/55 24/24/24
f 56/56/56 24/24/24 55/55/55
f 57/57/57 54/54/54 50/50/50
f 50/50/50 53/53/53 57/57/57
f 54/54/54 57/57/57 58/58/58
f 59/59/59 58/58/58 57/57/57
f 60/60/60 57/57/57 53/53/53
f 57/57/57 60/60/60 61/61/61
f 58/58/58 59/59/59 62/62/62
f 58/58/58 62/62/62 63/63/63
f 64/64/64 63/63/63 62/62/62
f 62/62/62 65/65/65 64/64/64
f 65/65/65 62/62/62 66/66/66
f 67/67/67 66/66/66 62/62/62
f 67/67/67 62/62/62 68/68/68
f 66/66/66 67/67/67 69/69/69
f 66/66/66 69/69/69 70/70/70
f 71/71/71 70/70/70 69/69/69
f 70/70/70 72/72/72 66/66/66
f 65/65/65 66/66/66 72/72/72
f 73/73/73 64/64/64 65/65/65
f 72/72/72 74/74/74 65/65/65
f 73/73/73 65/65/65 74/74/74
f 76/76/76 75/75/75 71/71/71
f 75/75/75 78/78/78 77/77/77
f 77/77/77 78/78/78 79/79/79
f 77/77/77 71/71/71 80/80/80
f 82/82/82 81/81/81 22/22/22
f 81/81/81 82/82/82 83/83/83
f 83/83/83 84/84/84 81/81/81
f 87/87/87 86/86/86 85/85/85
f 87/87/87 85/85/85 88/88/88
f 85/85/85 89/89/89 88/88/88
f 89/89/89 85/85/85 90/90/90
f 90/90/90 85/85/85 91/91/91
f 92/92/92 91/91/91 85/85/85
f 93/93/93 88/88/88 89/89/89
f 88/88/88 93/93/93 94/94/94
f 95/95/95 94/94/94 93/93/93
f 94/94/94 95/95/95 96/96/96
f 96/96/96 97/97/97 94/94/94
f 98/98/98 94/94/94 97/97/97
f 87/87/87 88/88/88 98/98/98
f 94/94/94 98/98/98 88/88/88
f 99/99/99 96/96/96 95/95/95
f 96/96/96 99/99/99 100/100/100
f 97/97/97 96/96/96 101/101/101
f 100/100/100 101/101/101 96/96/96
f 102/102/102 97/97/97 101/101/101
f 105/105/105 104/104/104 103/103/103
f 108/108/108 107/107/107 106/106/106
f 107/107/107 108/108/108 109/109/109
f 112/112/112 111/111/111 110/110/110
f 113/113/113 110/110/110 111/111/111
f 114/114/114 113/113/113 111/111/111
f 117/117/117 116/116/116 115/115/115
f 118/118/118 115/115/115 116/116/116
f 120/120/120 33/33/33 119/119/119
f 120/120/120 46/46/46 33/33/33
f 121/121/121 47/47/47 46/46/46
f 47/47/47 121/121/121 122/122/122
f 123/123/123 122/122/122 121/121/121
f 123/123/123 124/124/124 122/122/122
f 125/125/125 122/122/122 124/124/124
f 124/124/124 126/126/126 125/125/125
f 127/127/127 125/125/125 126/126/126
f 126/126/126 128/128/128 127/127/127
f 129/129/129 127/127/127 128/128/128
f 127/127/127 129/129/129 130/130/130
f 127/127/127 130/130/130 60/60/60
f 127/127/127 60/60/60 125/125/125
f 53/53/53 125/125/125 60/60/60
f 53/53/53 49/49/49 125/125/125
f 122/122/122 125/125/125 49/49/49
f 122/122/122 49/49/49 47/47/47
f 133/133/133 132/132/132 131/131/131
f 136/136/136 135/135/135 134/134/134
f 137/137/137 134/134/134 135/135/135
f 140/140/140 139/139/139 138/138/138
f 143/143/143 142/142/142 141/141/141
f 145/145/145 144/144/144 142/142/142
f 145/145/145 147/147/147 146/146/146
f 149/149/149 144/144/144 148/148/148
f 152/152/152 151/151/151 150/150/150
f 153/153/153 150/150/150 151/151/151
f 63/63/63 154/154/154 58/58/58
f 157/157/157 156/156/156 155/155/155
f 160/160/160 159/159/159 158/158/158
f 161/161/161 160/160/160 158/158/158
f 159/159/159 160/160/160 162/162/162
f 163/163/163 162/162/162 160/160/160
f 162/162/162 163/163/163 164/164/164
f 165/165/165 164/164/164 163/163/163
f 164/164/164 165/165/165 166/166/166
f 167/167/167 166/166/166 165/165/165
f 168/168/168 160/160/160 161/161/161
f 168/168/168 169/169/169 160/160/160
f 163/163/163 160/160/160 169/169/169
f 170/170/170 163/163/163 169/169/169
f 165/165/165 163/163/163 171/171/171
f 170/170/170 171/171/171 163/163/163
f 167/167/167 165/165/165 172/172/172
f 171/171/171 172/172/172 165/165/165
f 169/169/169 168/168/168 173/173/173
f 174/174/174 173/173/173 168/168/168
f 170/170/170 169/169/169 175/175/175
f 173/173/173 175/175/175 169/169/169
f 171/171/171 170/170/170 176/176/176
f 175/175/175 176/176/176 170/170/170
f 172/172/172 171/171/171 177/177/177
f 176/176/176 177/177/177 171/171/171
f 180/180/180 179/179/179 178/178/178
f 181/181/181 178/178/178 179/179/179
f 181/181/181 179/179/179 182/182/182
f 183/183/183 182/182/182 179/179/179
f 178/178/178 181/181/181 184/184/184
f 185/185/185 184/184/184 181/181/181
f 185/185/185 181/181/181 186/186/186
f 187/187/187 186/186/186 181/181/181
f 186/186/186 188/188/188 185/185/185
f 189/189/189 185/185/185 188/188/188
f 184/184/184 185/185/185 190/190/190
f 189/189/189 190/190/190 185/185/185
f 192/192/192 183/183/183 191/191/191
f 193/193/193 191/191/191 183/183/183
f 196/196/196 195/195/195 194/194/194
f 196/196/196 198/198/198 197/197/197
f 201/201/201 200/200/200 199/199/199
f 202/202/202 199/199/199 200/200/200
f 205/205/205 204/204/204 203/203/203
f 205/205/205 207/207/207 206/206/206
f 206/206/206 209/209/209 208/208/208
f 210/210/210 208/208/208 209/209/209
f 213/213/213 212/212/212 211/211/211
f 214/214/214 211/211/211 212/212/212
f 217/217/217 216/216/216 215/215/215
f 218/218/218 215/215/215 216/216/216
f 221/221/221 220/220/220 219/219/219
f 219/219/219 220/220/220 222/222/222
f 222/222/222 220/220/220 223/223/223
f 224/224/224 223/223/223 220/220/220
f 225/225/225 222/222/222 223/223/223
f 225/225/225 223/223/223 226/226/226
f 223/223/223 224/224/224 227/227/227
f 223/223/223 227/227/227 228/228/228
f 228/228/228 227/227/227 229/229/229
f 227/227/227 230/230/230 229/229/229
f 231/231/231 229/229/229 230/230/230
f 228/228/228 229/229/229 232/232/232
f 233/233/233 227/227/227 224/224/224
f 230/230/230 234/234/234 231/231/231
f 235/235/235 231/231/231 234/234/234
f 235/235/235 234/234/234 236/236/236
f 237/237/237 236/236/236 234/234/234
f 238/238/238 236/236/236 237/237/237
f 239/239/239 238/238/238 237/237/237
f 239/239/239 240/240/240 238/238/238
f 241/241/241 238/238/238 240/240/240
f 241/241/241 240/240/240 242/242/242
f 243/243/243 242/242/242 240/240/240
f 228/228/228 245/245/245 244/244/244
f 248/248/248 247/247/247 246/246/246
f 249/249/249 246/246/246 247/247/247
f 252/252/252 251/251/251 250/250/250
f 252/252/252 253/253/253 251/251/251
f 250/250/250 255/255/255 254/254/254
f 257/257/257 251/251/251 256/256/256
f 258/258/258 257/257/257 256/256/256
f 256/256/256 259/259/259 258/258/258
f 261/261/261 260/260/260 256/256/256
f 260/260/260 261/261/261 262/262/262
f 262/262/262 264/264/264 263/263/263
f 263/263/263 265/265/265 262/262/262
f 265/265/265 266/266/266 262/262/262
f 267/267/267 266/266/266 265/265/265
f 269/269/269 268/268/268 260/260/260
f 272/272/272 271/271/271 270/270/270
f 275/275/275 274/274/274 273/273/273
f 276/276/276 275/275/275 273/273/273
f 273/273/273 278/278/278 277/277/277
f 280/280/280 277/277/277 279/279/279
f 283/283/283 282/282/282 281/281/281
f 284/284/284 281/281/281 282/282/282
f 287/287/287 286/286/286 285/285/285
f 288/288/288 285/285/285 286/286/286
f 291/291/291 290/290/290 289/289/289
f 292/292/292 289/289/289 290/290/290
f 29/29/29 30/30/30 45/45/45
f 295/295/295 294/294/294 293/293/293
f 296/296/296 293/293/293 294/294/294
f 296/296/296 294/294/294 297/297/297
f 298/298/298 297/297/297 294/294/294
f 301/301/301 300/300/300 299/299/299
f 302/302/302 299/299/299 300/300/300
f 299/299/299 302/302/302 303/303/303
f 304/304/304 303/303/303 302/302/302
f 307/307/307 306/306/306 305/305/305
f 308/308/308 306/306/306 307/307/307
f 308/308/308 309/309/309 306/306/306
f 310/310/310 306/306/306 309/309/309
f 312/312/312 311/311/311 310/310/310
f 313/313/313 312/312/312 310/310/310
f 313/313/313 314/314/314 312/312/312
f 314/314/314 315/315/315 312/312/312
f 318/318/318 317/317/317 316/316/316
f 318/318/318 319/319/319 317/317/317
f 321/321/321 317/317/317 320/320/320
f 323/323/323 319/319/319 322/322/322
f 325/325/325 324/324/324 322/322/322
f 325/325/325 322/322/322 326/326/326
f 328/328/328 324/324/324 327/327/327
f 330/330/330 329/329/329 319/319/319
f 330/330/330 319/319/319 331/331/331
f 332/332/332 331/331/331 319/319/319
f 335/335/335 334/334/334 333/333/333
f 335/335/335 333/333/333 336/336/336
f 337/337/337 336/336/336 333/333/333
f 340/340/340 339/339/339 338/338/338
f 343/343/343 342/342/342 341/341/341
f 344/344/344 342/342/342 343/343/343
f 347/347/347 346/346/346 345/345/345
f 349/349/349 348/348/348 346/346/346
f 348/348/348 349/349/349 350/350/350
f 353/353/353 352/352/352 351/351/351
f 355/355/355 354/354/354 353/353/353
f 356/356/356 353/353/353 354/354/354
f 359/359/359 358/358/358 357/357/357
f 361/361/361 360/360/360 359/359/359
f 360/360/360 361/361/361 362/362/362
f 364/364/364 359/359/359 363/363/363
f 366/366/366 362/362/362 365/365/365
f 369/369/369 368/368/368 367/367/367
f 372/372/372 371/371/371 370/370/370
f 375/375/375 374/374/374 373/373/373
f 378/378/378 377/377/377 376/376/376
f 376/376/376 377/377/377 379/379/379
f 379/379/379 380/380/380 376/376/376
f 376/376/376 380/380/380 381/381/381
f 381/381/381 378/378/378 376/376/376
f 378/378/378 381/381/381 382/382/382
f 384/384/384 383/383/383 381/381/381
f 384/384/384 385/385/385 383/383/383
f 386/386/386 381/381/381 383/383/383
f 388/388/388 387/387/387 381/381/381
f 388/388/388 389/389/389 387/387/387
f 391/391/391 387/387/387 390/390/390
f 393/393/393 392/392/392 381/381/381
f 395/395/395 391/391/391 394/394/394
f 397/397/397 394/394/394 396/396/396
f 399/399/399 398/398/398 395/395/395
f 401/401/401 400/400/400 398/398/398
f 404/404/404 403/403/403 402/402/402
f 402/402/402 403/403/403 405/405/405
f 406/406/406 405/405/405 403/403/403
f 409/409/409 408/408/408 407/407/407
f 412/412/412 411/411/411 410/410/410
f 412/412/412 413/413/413 411/411/411
f 416/416/416 415/415/415 414/414/414
f 415/415/415 416/416/416 417/417/417
f 420/420/420 419/419/419 418/418/418
f 420/420/420 418/418/418 421/421/421
f 423/423/423 422/422/422 421/421/421
f 424/424/424 421/421/421 422/422/422
f 426/426/426 422/422/422 425/425/425
f 429/429/429 428/428/428 427/427/427
f 432/432/432 431/431/431 430/430/430
f 434/434/434 433/433/433 430/430/430
f 433/433/433 436/436/436 435/435/435
f 439/439/439 438/438/438 437/437/437
f 440/440/440 437/437/437 438/438/438
f 443/443/443 442/442/442 441/441/441
f 446/446/446 445/445/445 444/444/444
f 449/449/449 448/448/448 447/447/447
f 450/450/450 447/447/447 448/448/448
f 447/447/447 450/450/450 451/451/451
f 454/454/454 453/453/453 452/452/452
f 454/454/454 455/455/455 453/453/453
f 454/454/454 456/456/456 455/455/455
f 459/459/459 458/458/458 457/457/457
f 462/462/462 461/461/461 460/460/460
f 463/463/463 460/460/460 461/461/461
f 463/463/463 464/464/464 460/460/460
f 466/466/466 464/464/464 465/465/465
f 467/467/467 465/465/465 464/464/464
f 468/468/468 465/465/465 467/467/467
f 471/471/471 470/470/470 469/469/469
f 474/474/474 473/473/473 472/472/472
f 477/477/477 476/476/476 475/475/475
f 477/477/477 478/478/478 476/476/476
f 481/481/481 480/480/480 479/479/479
f 484/484/484 483/483/483 482/482/482
f 487/487/487 486/486/486 485/485/485
f 489/489/489 485/485/485 488/488/488
f 491/491/491 488/488/488 490/490/490
f 488/488/488 491/491/491 492/492/492
f 491/491/491 493/493/493 492/492/492
f 492/492/492 495/495/495 494/494/494
f 498/498/498 497/497/497 496/496/496
f 501/501/501 500/500/500 499/499/499
f 499/499/499 502/502/502 501/501/501
f 505/505/505 504/504/504 503/503/503
f 508/508/508 507/507/507 506/506/506
f 506/506/506 507/507/507 509/509/509
f 512/512/512 511/511/511 510/510/510
f 513/513/513 510/510/510 511/511/511
f 513/513/513 511/511/511 514/514/514
f 515/515/515 514/514/514 511/511/511
f 518/518/518 517/517/517 516/516/516
f 518/518/518 516/516/516 519/519/519
f 519/519/519 516/516/516 520/520/520
f 523/523/523 522/522/522 521/521/521
f 526/526/526 525/525/525 524/524/524
f 525/525/525 527/527/527 524/524/524
f 526/526/526 528/528/528 525/525/525
f 531/531/531 530/530/530 529/529/529
f 529/529/529 532/532/532 531/531/531
f 534/534/534 533/533/533 532/532/532
f 537/537/537 536/536/536 535/535/535
f 535/535/535 539/539/539 538/538/538
f 538/538/538 539/539/539 540/540/540
f 541/541/541 540/540/540 539/539/539
f 540/540/540 541/541/541 542/542/542
f 543/543/543 542/542/542 541/541/541
f 540/540/540 544/544/544 538/538/538
f 544/544/544 540/540/540 545/545/545
f 540/540/540 546/546/546 545/545/545
f 544/544/544 547/547/547 538/538/538
f 547/547/547 548/548/548 538/538/538
f 551/551/551 550/550/550 549/549/549
f 554/554/554 553/553/553 552/552/552
f 557/557/557 556/556/556 555/555/555
f 557/557/557 559/559/559 558/558/558
f 559/559/559 560/560/560 558/558/558
f 561/561/561 558/558/558 560/560/560
f 558/558/558 561/561/561 562/562/562
f 562/562/562 563/563/563 558/558/558
f 564/564/564 558/558/558 563/563/563
f 567/567/567 566/566/566 565/565/565
f 570/570/570 569/569/569 568/568/568
f 573/573/573 572/572/572 571/571/571
f 576/576/576 575/575/575 574/574/574
f 579/579/579 578/578/578 577/577/577
f 578/578/578 580/580/580 577/577/577
f 581/581/581 579/579/579 577/577/577
f 577/577/577 582/582/582 581/581/581
f 581/581/581 583/583/583 579/579/579
f 581/581/581 584/584/584 583/583/583
f 584/584/584 581/581/581 585/585/585
f 586/586/586 583/583/583 584/584/584
f 584/584/584 587/587/587 586/586/586
f 584/584/584 588/588/588 587/587/587
f 589/589/589 586/586/586 587/587/587
f 590/590/590 589/589/589 587/587/587
f 587/587/587 591/591/591 590/590/590
f 591/591/591 587/587/587 592/592/592
f 593/593/593 590/590/590 591/591/591
f 590/590/590 593/593/593 594/594/594
f 595/595/595 594/594/594 593/593/593
f 594/594/594 595/595/595 596/596/596
f 597/597/597 596/596/596 595/595/595
f 596/596/596 597/597/597 598/598/598
f 599/599/599 598/598/598 597/597/597
f 598/598/598 599/599/599 600/600/600
f 601/601/601 600/600/600 599/599/599
f 600/600/600 601/601/601 602/602/602
f 601/601/601 603/603/603 602/602/602
f 602/602/602 603/603/603 604/604/604
f 602/602/602 604/604/604 605/605/605
f 605/605/605 604/604/604 606/606/606
f 606/606/606 607/607/607 605/605/605
f 607/607/607 608/608/608 605/605/605
f 609/609/609 605/605/605 608/608/608
f 609/609/609 602/602/602 605/605/605
f 602/602/602 609/609/609 600/600/600
f 608/608/608 610/610/610 609/609/609
f 611/611/611 609/609/609 610/610/610
f 611/611/611 600/600/600 609/609/609
f 600/600/600 611/611/611 598/598/598
f 610/610/610 612/612/612 611/611/611
f 613/613/613 611/611/611 612/612/612
f 613/613/613 598/598/598 611/611/611
f 612/612/612 614/614/614 613/613/613
f 615/615/615 613/613/613 614/614/614
f 614/614/614 616/616/616 615/615/615
f 617/617/617 615/615/615 616/616/616
f 616/616/616 618/618/618 617/617/617
f 589/589/589 617/617/617 618/618/618
f 607/607/607 606/606/606 619/619/619
f 615/615/615 596/596/596 613/613/613
f 598/598/598 613/613/613 596/596/596
f 596/596/596 615/615/615 594/594/594
f 617/617/617 594/594/594 615/615/615
f 594/594/594 617/617/617 590/590/590
f 589/589/589 590/590/590 617/617/617
f 620/620/620 579/579/579 583/583/583
f 579/579/579 620/620/620 578/578/578
f 621/621/621 578/578/578 620/620/620
f 622/622/622 578/578/578 621/621/621
f 580/580/580 578/578/578 622/622/622
f 623/623/623 580/580/580 622/622/622
f 624/624/624 580/580/580 623/623/623
f 580/580/580 624/624/624 577/577/577
f 627/627/627 626/626/626 625/625/625
f 630/630/630 629/629/629 628/628/628
f 631/631/631 630/630/630 628/628/628
f 629/629/629 632/632/632 628/628/628
f 628/628/628 632/632/632 633/633/633
f 634/634/634 633/633/633 632/632/632
f 633/633/633 634/634/634 635/635/635
f 636/636/636 635/635/635 634/634/634
f 635/635/635 636/636/636 637/637/637
f 637/637/637 636/636/636 638/638/638
f 638/638/638 636/636/636 639/639/639
f 640/640/640 639/639/639 636/636/636
f 640/640/640 641/641/641 639/639/639
f 642/642/642 639/639/639 641/641/641
f 629/629/629 630/630/630 643/643/643
f 632/632/632 629/629/629 644/644/644
f 645/645/645 644/644/644 629/629/629
f 632/632/632 646/646/646 634/634/634
f 646/646/646 632/632/632 644/644/644
f 634/634/634 647/647/647 636/636/636
f 647/647/647 634/634/634 646/646/646
f 647/647/647 648/648/648 636/636/636
f 640/640/640 636/636/636 648/648/648
f 648/648/648 649/649/649 640/640/640
f 650/650/650 640/640/640 649/649/649
f 640/640/640 650/650/650 641/641/641
f 649/649/649 651/651/651 650/650/650
f 652/652/652 650/650/650 651/651/651
f 651/651/651 653/653/653 652/652/652
f 652/652/652 653/653/653 654/654/654
f 655/655/655 654/654/654 653/653/653
f 656/656/656 655/655/655 653/653/653
f 657/657/657 656/656/656 653/653/653
f 653/653/653 658/658/658 657/657/657
f 659/659/659 657/657/657 658/658/658
f 657/657/657 659/659/659 660/660/660
f 661/661/661 660/660/660 659/659/659
f 659/659/659 662/662/662 661/661/661
f 663/663/663 661/661/661 662/662/662
f 664/664/664 663/663/663 662/662/662
f 664/664/664 665/665/665 663/663/663
f 666/666/666 665/665/665 664/664/664
f 667/667/667 665/665/665 666/666/666
f 658/658/658 668/668/668 659/659/659
f 662/662/662 659/659/659 668/668/668
f 668/668/668 669/669/669 662/662/662
f 664/664/664 662/662/662 669/669/669
f 664/664/664 669/669/669 666/666/666
f 669/669/669 670/670/670 666/666/666
f 666/666/666 670/670/670 667/667/667
f 670/670/670 671/671/671 667/667/667
f 672/672/672 663/663/663 665/665/665
f 673/673/673 663/663/663 672/672/672
f 661/661/661 663/663/663 674/674/674
f 673/673/673 674/674/674 663/663/663
f 660/660/660 661/661/661 675/675/675
f 674/674/674 676/676/676 661/661/661
f 675/675/675 661/661/661 676/676/676
f 660/660/660 675/675/675 677/677/677
f 677/677/677 678/678/678 660/660/660
f 660/660/660 678/678/678 679/679/679
f 680/680/680 679/679/679 678/678/678
f 678/678/678 681/681/681 680/680/680
f 682/682/682 680/680/680 681/681/681
f 683/683/683 682/682/682 681/681/681
f 657/657/657 660/660/660 679/679/679
f 684/684/684 657/657/657 679/679/679
f 657/657/657 684/684/684 656/656/656
f 685/685/685 656/656/656 684/684/684
f 684/684/684 686/686/686 685/685/685
f 687/687/687 685/685/685 686/686/686
f 687/687/687 686/686/686 688/688/688
f 688/688/688 686/686/686 689/689/689
f 688/688/688 689/689/689 690/690/690
f 691/691/691 690/690/690 689/689/689
f 692/692/692 691/691/691 689/689/689
f 693/693/693 692/692/692 689/689/689
f 693/693/693 689/689/689 694/694/694
f 695/695/695 694/694/694 689/689/689
f 695/695/695 689/689/689 696/696/696
f 696/696/696 689/689/689 697/697/697
f 698/698/698 697/697/697 689/689/689
f 698/698/698 689/689/689 699/699/699
f 699/699/699 689/689/689 686/686/686
f 700/700/700 690/690/690 691/691/691
f 691/691/691 650/650/650 700/700/700
f 700/700/700 650/650/650 701/701/701
f 701/701/701 650/650/650 652/652/652
f 702/702/702 650/650/650 691/691/691
f 703/703/703 650/650/650 702/702/702
f 650/650/650 703/703/703 641/641/641
f 706/706/706 705/705/705 704/704/704
f 704/704/704 705/705/705 707/707/707
f 707/707/707 705/705/705 708/708/708
f 705/705/705 709/709/709 708/708/708
f 705/705/705 710/710/710 709/709/709
f 711/711/711 704/704/704 707/707/707
f 707/707/707 708/708/708 712/712/712
f 713/713/713 712/712/712 708/708/708
f 708/708/708 714/714/714 713/713/713
f 708/708/708 715/715/715 714/714/714
f 715/715/715 708/708/708 716/716/716
f 716/716/716 717/717/717 715/715/715
f 718/718/718 717/717/717 716/716/716
f 719/719/719 707/707/707 712/712/712
f 711/711/711 707/707/707 720/720/720
f 719/719/719 720/720/720 707/707/707
f 721/721/721 711/711/711 720/720/720
f 721/721/721 722/722/722 711/711/711
f 723/723/723 711/711/711 722/722/722
f 711/711/711 723/723/723 704/704/704
f 724/724/724 704/704/704 723/723/723
f 725/725/725 704/704/704 724/724/724
f 722/722/722 726/726/726 723/723/723
f 727/727/727 723/723/723 726/726/726
f 723/723/723 727/727/727 728/728/728
f 730/730/730 729/729/729 728/728/728
f 730/730/730 728/728/728 731/731/731
f 734/734/734 733/733/733 732/732/732
f 736/736/736 734/734/734 735/735/735
f 738/738/738 736/736/736 737/737/737
f 740/740/740 738/738/738 739/739/739
f 743/743/743 742/742/742 741/741/741
f 743/743/743 741/741/741 744/744/744
f 745/745/745 743/743/743 744/744/744
f 745/745/745 744/744/744 746/746/746
f 747/747/747 745/745/745 746/746/746
f 747/747/747 748/748/748 745/745/745
f 749/749/749 745/745/745 748/748/748
f 745/745/745 749/749/749 750/750/750
f 751/751/751 750/750/750 749/749/749
f 752/752/752 750/750/750 751/751/751
f 755/755/755 754/754/754 753/753/753
f 639/639/639 642/642/642 756/756/756
f 756/756/756 757/757/757 639/639/639
f 758/758/758 639/639/639 757/757/757
f 638/638/638 639/639/639 758/758/758
f 758/758/758 759/759/759 638/638/638
f 638/638/638 759/759/759 637/637/637
f 759/759/759 760/760/760 637/637/637
f 635/635/635 637/637/637 760/760/760
f 760/760/760 761/761/761 635/635/635
f 762/762/762 635/635/635 761/761/761
f 763/763/763 635/635/635 762/762/762
f 633/633/633 635/635/635 763/763/763
f 761/761/761 764/764/764 762/762/762
f 765/765/765 762/762/762 764/764/764
f 766/766/766 633/633/633 763/763/763
f 766/766/766 767/767/767 633/633/633
f 768/768/768 633/633/633 767/767/767
f 633/633/633 768/768/768 769/769/769
f 770/770/770 769/769/769 768/768/768
f 769/769/769 771/771/771 633/633/633
f 628/628/628 633/633/633 771/771/771
f 628/628/628 771/771/771 631/631/631
f 771/771/771 772/772/772 631/631/631
f 775/775/775 774/774/774 773/773/773
f 776/776/776 773/773/773 774/774/774
f 773/773/773 777/777/777 775/775/775
f 778/778/778 775/775/775 777/777/777
f 778/778/778 777/777/777 779/779/779
f 780/780/780 779/779/779 777/777/777
f 780/780/780 781/781/781 779/779/779
f 782/782/782 779/779/779 781/781/781
f 781/781/781 783/783/783 782/782/782
f 784/784/784 782/782/782 783/783/783
f 787/787/787 786/786/786 785/785/785
f 785/785/785 788/788/788 787/787/787
f 789/789/789 785/785/785 786/786/786
f 786/786/786 790/790/790 789/789/789
f 790/790/790 791/791/791 789/789/789
f 792/792/792 789/789/789 791/791/791
f 793/793/793 792/792/792 791/791/791
f 794/794/794 793/793/793 791/791/791
f 797/797/797 796/796/796 795/795/795
f 800/800/800 799/799/799 798/798/798
f 800/800/800 798/798/798 801/801/801
f 801/801/801 803/803/803 802/802/802
f 804/804/804 802/802/802 803/803/803
f 803/803/803 801/801/801 805/805/805
f 802/802/802 804/804/804 806/806/806
f 807/807/807 806/806/806 804/804/804
f 810/810/810 809/809/809 808/808/808
f 811/811/811 808/808/808 809/809/809
f 813/813/813 812/812/812 811/811/811
f 813/813/813 814/814/814 812/812/812
f 815/815/815 812/812/812 814/814/814
f 814/814/814 816/816/816 815/815/815
f 813/813/813 817/817/817 814/814/814
f 817/817/817 813/813/813 818/818/818
f 818/818/818 813/813/813 819/819/819
f 820/820/820 819/819/819 813/813/813
f 821/821/821 814/814/814 817/817/817
f 814/814/814 821/821/821 822/822/822
f 816/816/816 814/814/814 823/823/823
f 824/824/824 823/823/823 814/814/814
f 827/827/827 826/826/826 825/825/825
f 826/826/826 827/827/827 828/828/828
f 830/830/830 825/825/825 829/829/829
f 833/833/833 832/832/832 831/831/831
f 835/835/835 834/834/834 832/832/832
f 836/836/836 834/834/834 835/835/835
f 839/839/839 838/838/838 837/837/837
f 838/838/838 839/839/839 840/840/840
f 843/843/843 842/842/842 841/841/841
f 842/842/842 843/843/843 844/844/844
f 846/846/846 845/845/845 843/843/843
f 845/845/845 846/846/846 847/847/847
f 846/846/846 848/848/848 847/847/847
f 849/849/849 847/847/847 848/848/848
f 848/848/848 850/850/850 849/849/849
f 850/850/850 848/848/848 851/851/851
f 852/852/852 851/851/851 848/848/848
f 848/848/848 853/853/853 852/852/852
f 849/849/849 850/850/850 854/854/854
f 851/851/851 855/855/855 850/850/850
f 856/856/856 854/854/854 850/850/850
f 854/854/854 856/856/856 857/857/857
f 860/860/860 859/859/859 858/858/858
f 862/862/862 859/859/859 861/861/861
f 865/865/865 864/864/864 863/863/863
f 867/867/867 866/866/866 864/864/864
f 869/869/869 863/863/863 868/868/868
f 870/870/870 869/869/869 868/868/868
f 870/870/870 868/868/868 871/871/871
f 874/874/874 873/873/873 872/872/872
f 876/876/876 873/873/873 875/875/875
f 879/879/879 878/878/878 877/877/877
f 882/882/882 881/881/881 880/880/880
f 885/885/885 884/884/884 883/883/883
f 887/887/887 886/886/886 884/884/884
f 890/890/890 889/889/889 888/888/888
f 888/888/888 889/889/889 891/891/891
f 889/889/889 893/893/893 892/892/892
f 894/894/894 889/889/889 892/892/892
f 896/896/896 894/894/894 895/895/895
f 897/897/897 895/895/895 894/894/894
f 897/897/897 894/894/894 898/898/898
f 895/895/895 897/897/897 899/899/899
f 900/900/900 899/899/899 897/897/897
f 899/899/899 900/900/900 901/901/901
f 903/903/903 896/896/896 902/902/902
f 905/905/905 898/898/898 904/904/904
f 907/907/907 906/906/906 897/897/897
f 909/909/909 897/897/897 908/908/908
f 911/911/911 910/910/910 909/909/909
f 912/912/912 909/909/909 910/910/910
f 910/910/910 913/913/913 912/912/912
f 916/916/916 915/915/915 914/914/914
f 919/919/919 918/918/918 917/917/917
f 922/922/922 921/921/921 920/920/920
f 923/923/923 920/920/920 921/921/921
f 921/921/921 924/924/924 923/923/923
f 925/925/925 923/923/923 924/924/924
f 921/921/921 926/926/926 924/924/924
f 926/926/926 921/921/921 927/927/927
f 927/927/927 928/928/928 926/926/926
f 926/926/926 929/929/929 924/924/924
f 926/926/926 930/930/930 929/929/929
f 930/930/930 926/926/926 928/928/928
f 923/923/923 925/925/925 931/931/931
f 923/923/923 931/931/931 920/920/920
f 931/931/931 925/925/925 932/932/932
f 931/931/931 932/932/932 933/933/933
f 933/933/933 934/934/934 931/931/931
f 935/935/935 931/931/931 934/934/934
f 935/935/935 920/920/920 931/931/931
f 936/936/936 933/933/933 932/932/932
f 936/936/936 937/937/937 933/933/933
f 938/938/938 933/933/933 937/937/937
f 938/938/938 939/939/939 933/933/933
f 934/934/934 933/933/933 939/939/939
f 940/940/940 938/938/938 937/937/937
f 938/938/938 941/941/941 939/939/939
f 942/942/942 941/941/941 938/938/938
f 932/932/932 943/943/943 936/936/936
f 943/943/943 932/932/932 944/944/944
f 925/925/925 944/944/944 932/932/932
f 944/944/944 925/925/925 945/945/945
f 924/924/924 945/945/945 925/925/925
f 946/946/946 936/936/936 943/943/943
f 946/946/946 947/947/947 936/936/936
f 937/937/937 936/936/936 947/947/947
f 947/947/947 948/948/948 937/937/937
f 940/940/940 937/937/937 948/948/948
f 949/949/949 940/940/940 948/948/948
f 949/949/949 948/948/948 950/950/950
f 950/950/950 951/951/951 949/949/949
f 951/951/951 950/950/950 952/952/952
f 949/949/949 951/951/951 953/953/953
f 953/953/953 954/954/954 949/949/949
f 957/957/957 956/956/956 955/955/955
f 955/955/955 959/959/959 958/958/958
f 962/962/962 961/961/961 960/960/960
f 962/962/962 960/960/960 963/963/963
f 966/966/966 965/965/965 964/964/964
f 965/965/965 966/966/966 967/967/967
f 969/969/969 968/968/968 966/966/966
f 972/972/972 971/971/971 970/970/970
f 975/975/975 974/974/974 973/973/973
f 978/978/978 977/977/977 976/976/976
f 981/981/981 980/980/980 979/979/979
f 981/981/981 979/979/979 982/982/982
f 984/984/984 983/983/983 982/982/982
f 987/987/987 986/986/986 985/985/985
f 990/990/990 989/989/989 988/988/988
f 991/991/991 988/988/988 989/989/989
f 994/994/994 993/993/993 992/992/992
f 996/996/996 992/992/992 995/995/995
f 999/999/999 998/998/998 997/997/997
f 1000/1000/1000 997/997/997 998/998/998
f 1003/1003/1003 1002/1002/1002 1001/1001/1001
f 1004/1004/1004 1001/1001/1001 1002/1002/1002
f 1007/1007/1007 1006/1006/1006 1005/1005/1005
f 1008/1008/1008 1005/1005/1005 1006/1006/1006
f 1011/1011/1011 1010/1010/1010 1009/1009/1009
f 1012/1012/1012 1009/1009/1009 1010/1010/1010
f 1015/1015/1015 1014/1014/1014 1013/1013/1013
f 1018/1018/1018 1017/1017/1017 1016/1016/1016
f 1021/1021/1021 1020/1020/1020 1019/1019/1019
f 1024/1024/1024 1023/1023/1023 1022/1022/1022
f 1027/1027/1027 1026/1026/1026 1025/1025/1025
f 1028/1028/1028 1025/1025/1025 1026/1026/1026
f 1031/1031/1031 1030/1030/1030 1029/1029/1029
f 1029/1029/1029 1030/1030/1030 1032/1032/1032
f 1035/1035/1035 1034/1034/1034 1033/1033/1033
f 1033/1033/1033 1037/1037/1037 1036/1036/1036
f 1040/1040/1040 1039/1039/1039 1038/1038/1038
f 1042/1042/1042 1041/1041/1041 1039/1039/1039
f 1044/1044/1044 1043/1043/1043 1039/1039/1039
f 1047/1047/1047 1046/1046/1046 1045/1045/1045
f 1048/1048/1048 1045/1045/1045 1046/1046/1046
f 1051/1051/1051 1050/1050/1050 1049/1049/1049
f 1052/1052/1052 1049/1049/1049 1050/1050/1050
f 1055/1055/1055 1054/1054/1054 1053/1053/1053
f 1055/1055/1055 1056/1056/1056 1054/1054/1054
f 1059/1059/1059 1058/1058/1058 1057/1057/1057
f 1060/1060/1060 1057/1057/1057 1058/1058/1058
f 1057/1057/1057 1060/1060/1060 1061/1061/1061
f 1060/1060/1060 1062/1062/1062 1061/1061/1061
f 1057/1057/1057 1061/1061/1061 1063/1063/1063
f 1063/1063/1063 1061/1061/1061 1064/1064/1064
f 1061/1061/1061 1065/1065/1065 1064/1064/1064
f 1064/1064/1064 1066/1066/1066 1063/1063/1063
f 1066/1066/1066 1064/1064/1064 1067/1067/1067
f 1068/1068/1068 1067/1067/1067 1064/1064/1064
f 1069/1069/1069 1063/1063/1063 1066/1066/1066
f 1063/1063/1063 1069/1069/1069 1070/1070/1070
f 1071/1071/1071 1057/1057/1057 1063/1063/1063
f 1072/1072/1072 1057/1057/1057 1071/1071/1071
f 1075/1075/1075 1074/1074/1074 1073/1073/1073
f 1078/1078/1078 1077/1077/1077 1076/1076/1076
f 1081/1081/1081 1080/1080/1080 1079/1079/1079
f 1082/1082/1082 1079/1079/1079 1080/1080/1080
f 1085/1085/1085 1084/1084/1084 1083/1083/1083
f 1086/1086/1086 1083/1083/1083 1084/1084/1084
f 1083/1083/1083 1086/1086/1086 1087/1087/1087
f 1088/1088/1088 1087/1087/1087 1086/1086/1086
f 1088/1088/1088 1086/1086/1086 1089/1089/1089
f 1090/1090/1090 1089/1089/1089 1086/1086/1086
f 1091/1091/1091 1090/1090/1090 1086/1086/1086
f 1090/1090/1090 1093/1093/1093 1092/1092/1092
f 1096/1096/1096 1095/1095/1095 1094/1094/1094
f 1097/1097/1097 1096/1096/1096 1094/1094/1094
f 1100/1100/1100 1099/1099/1099 1098/1098/1098
f 1100/1100/1100 1098/1098/1098 1101/1101/1101
f 1100/1100/1100 1101/1101/1101 1102/1102/1102
f 1099/1099/1099 1100/1100/1100 1103/1103/1103
f 1104/1104/1104 1103/1103/1103 1100/1100/1100
f 1105/1105/1105 1104/1104/1104 1100/1100/1100
f 1105/1105/1105 1100/1100/1100 1106/1106/1106
f 1098/1098/1098 1107/1107/1107 1101/1101/1101
f 1104/1104/1104 1109/1109/1109 1108/1108/1108
f 1112/1112/1112 1111/1111/1111 1110/1110/1110
f 1114/1114/1114 1113/1113/1113 1110/1110/1110
f 1113/1113/1113 1114/1114/1114 1115/1115/1115
f 1118/1118/1118 1117/1117/1117 1116/1116/1116
f 1119/1119/1119 1116/1116/1116 1117/1117/1117
f 1119/1119/1119 1117/1117/1117 1120/1120/1120
f 1121/1121/1121 1120/1120/1120 1117/1117/1117
f 1120/1120/1120 1121/1121/1121 1122/1122/1122
f 1116/1116/1116 1123/1123/1123 1118/1118/1118
f 1125/1125/1125 1124/1124/1124 1123/1123/1123
f 1127/1127/1127 1123/1123/1123 1126/1126/1126
f 1126/1126/1126 1123/1123/1123 1128/1128/1128
f 1126/1126/1126 1128/1128/1128 1129/1129/1129
f 1129/1129/1129 1128/1128/1128 1130/1130/1130
f 1130/1130/1130 1131/1131/1131 1129/1129/1129
f 1131/1131/1131 1132/1132/1132 1129/1129/1129
f 1132/1132/1132 1133/1133/1133 1129/1129/1129
f 1130/1130/1130 1134/1134/1134 1131/1131/1131
f 1132/1132/1132 1131/1131/1131 1135/1135/1135
f 1136/1136/1136 1135/1135/1135 1131/1131/1131
f 1131/1131/1131 1134/1134/1134 1137/1137/1137
f 1138/1138/1138 1135/1135/1135 1136/1136/1136
f 1139/1139/1139 1137/1137/1137 1134/1134/1134
f 1139/1139/1139 1140/1140/1140 1137/1137/1137
f 1133/1133/1133 1141/1141/1141 1129/1129/1129
f 1142/1142/1142 1129/1129/1129 1141/1141/1141
f 1141/1141/1141 1143/1143/1143 1142/1142/1142
f 1139/1139/1139 1134/1134/1134 1144/1144/1144
f 1144/1144/1144 1145/1145/1145 1139/1139/1139
f 1146/1146/1146 1145/1145/1145 1144/1144/1144
f 1146/1146/1146 1144/1144/1144 1147/1147/1147
f 1148/1148/1148 1147/1147/1147 1144/1144/1144
f 1148/1148/1148 1144/1144/1144 1134/1134/1134
f 1148/1148/1148 1149/1149/1149 1147/1147/1147
f 1134/1134/1134 1149/1149/1149 1148/1148/1148
f 1145/1145/1145 1146/1146/1146 1150/1150/1150
f 1150/1150/1150 1151/1151/1151 1145/1145/1145
f 1152/1152/1152 1151/1151/1151 1150/1150/1150
f 1152/1152/1152 1153/1153/1153 1151/1151/1151
f 1154/1154/1154 1153/1153/1153 1152/1152/1152
f 1154/1154/1154 1155/1155/1155 1153/1153/1153
f 1155/1155/1155 1156/1156/1156 1153/1153/1153
f 1153/1153/1153 1156/1156/1156 1157/1157/1157
f 1157/1157/1157 1156/1156/1156 1158/1158/1158
f 1158/1158/1158 1159/1159/1159 1157/1157/1157
f 1160/1160/1160 1157/1157/1157 1159/1159/1159
f 1157/1157/1157 1160/1160/1160 1153/1153/1153
f 1151/1151/1151 1153/1153/1153 1160/1160/1160
f 1159/1159/1159 1161/1161/1161 1160/1160/1160
f 1162/1162/1162 1160/1160/1160 1161/1161/1161
f 1160/1160/1160 1162/1162/1162 1151/1151/1151
f 1139/1139/1139 1162/1162/1162 1161/1161/1161
f 1163/1163/1163 1158/1158/1158 1156/1156/1156
f 1154/1154/1154 1152/1152/1152 1164/1164/1164
f 1164/1164/1164 1165/1165/1165 1154/1154/1154
f 1145/1145/1145 1151/1151/1151 1162/1162/1162
f 1162/1162/1162 1139/1139/1139 1145/1145/1145
f 1165/1165/1165 1166/1166/1166 1154/1154/1154
f 1167/1167/1167 1155/1155/1155 1154/1154/1154
f 1163/1163/1163 1156/1156/1156 1168/1168/1168
f 1169/1169/1169 1168/1168/1168 1156/1156/1156
f 1156/1156/1156 1155/1155/1155 1169/1169/1169
f 1170/1170/1170 1169/1169/1169 1155/1155/1155
f 1155/1155/1155 1171/1171/1171 1170/1170/1170
f 1172/1172/1172 1170/1170/1170 1171/1171/1171
f 1169/1169/1169 1170/1170/1170 1173/1173/1173
f 1174/1174/1174 1173/1173/1173 1170/1170/1170
f 1170/1170/1170 1175/1175/1175 1174/1174/1174
f 1176/1176/1176 1174/1174/1174 1175/1175/1175
f 1176/1176/1176 1177/1177/1177 1174/1174/1174
f 1178/1178/1178 1177/1177/1177 1176/1176/1176
f 1178/1178/1178 1176/1176/1176 1179/1179/1179
f 1180/1180/1180 1179/1179/1179 1176/1176/1176
f 1176/1176/1176 1181/1181/1181 1180/1180/1180
f 1177/1177/1177 1182/1182/1182 1174/1174/1174
f 1174/1174/1174 1182/1182/1182 1173/1173/1173
f 1183/1183/1183 1173/1173/1173 1182/1182/1182
f 1184/1184/1184 1183/1183/1183 1182/1182/1182
f 1184/1184/1184 1182/1182/1182 1185/1185/1185
f 1177/1177/1177 1185/1185/1185 1182/1182/1182
f 1185/1185/1185 1186/1186/1186 1184/1184/1184
f 1187/1187/1187 1184/1184/1184 1186/1186/1186
f 1187/1187/1187 1188/1188/1188 1184/1184/1184
f 1189/1189/1189 1184/1184/1184 1188/1188/1188
f 1189/1189/1189 1190/1190/1190 1184/1184/1184
f 1186/1186/1186 1185/1185/1185 1191/1191/1191
f 1192/1192/1192 1191/1191/1191 1185/1185/1185
f 1185/1185/1185 1177/1177/1177 1192/1192/1192
f 1178/1178/1178 1192/1192/1192 1177/1177/1177
f 1191/1191/1191 1192/1192/1192 1193/1193/1193
f 1194/1194/1194 1193/1193/1193 1192/1192/1192
f 1192/1192/1192 1178/1178/1178 1194/1194/1194
f 1186/1186/1186 1191/1191/1191 1195/1195/1195
f 1196/1196/1196 1195/1195/1195 1191/1191/1191
f 1196/1196/1196 1197/1197/1197 1195/1195/1195
f 1198/1198/1198 1195/1195/1195 1197/1197/1197
f 1197/1197/1197 1196/1196/1196 1199/1199/1199
f 1200/1200/1200 1199/1199/1199 1196/1196/1196
f 1198/1198/1198 1201/1201/1201 1195/1195/1195
f 1201/1201/1201 1202/1202/1202 1195/1195/1195
f 1197/1197/1197 1203/1203/1203 1198/1198/1198
f 1203/1203/1203 1197/1197/1197 1204/1204/1204
f 1205/1205/1205 1204/1204/1204 1197/1197/1197
f 1198/1198/1198 1206/1206/1206 1201/1201/1201
f 1206/1206/1206 1198/1198/1198 1203/1203/1203
f 1207/1207/1207 1206/1206/1206 1203/1203/1203
f 1207/1207/1207 1203/1203/1203 1208/1208/1208
f 1209/1209/1209 1208/1208/1208 1203/1203/1203
f 1210/1210/1210 1206/1206/1206 1207/1207/1207
f 1207/1207/1207 1211/1211/1211 1210/1210/1210
f 1211/1211/1211 1207/1207/1207 1212/1212/1212
f 1213/1213/1213 1212/1212/1212 1207/1207/1207
f 1214/1214/1214 1210/1210/1210 1211/1211/1211
f 1211/1211/1211 1215/1215/1215 1214/1214/1214
f 1216/1216/1216 1215/1215/1215 1211/1211/1211
f 1217/1217/1217 1214/1214/1214 1215/1215/1215
f 1217/1217/1217 1218/1218/1218 1214/1214/1214
f 1219/1219/1219 1214/1214/1214 1218/1218/1218
f 1214/1214/1214 1219/1219/1219 1210/1210/1210
f 1219/1219/1219 1218/1218/1218 1220/1220/1220
f 1220/1220/1220 1221/1221/1221 1219/1219/1219
f 1222/1222/1222 1210/1210/1210 1219/1219/1219
f 1222/1222/1222 1219/1219/1219 1223/1223/1223
f 1222/1222/1222 1206/1206/1206 1210/1210/1210
f 1206/1206/1206 1222/1222/1222 1224/1224/1224
f 1224/1224/1224 1222/1222/1222 1225/1225/1225
f 1226/1226/1226 1225/1225/1225 1222/1222/1222
f 1224/1224/1224 1201/1201/1201 1206/1206/1206
f 1224/1224/1224 1227/1227/1227 1201/1201/1201
f 1227/1227/1227 1224/1224/1224 1228/1228/1228
f 1229/1229/1229 1218/1218/1218 1217/1217/1217
f 1230/1230/1230 1218/1218/1218 1229/1229/1229
f 1230/1230/1230 1231/1231/1231 1218/1218/1218
f 1231/1231/1231 1232/1232/1232 1218/1218/1218
f 1231/1231/1231 1230/1230/1230 1233/1233/1233
f 1230/1230/1230 1234/1234/1234 1233/1233/1233
f 1230/1230/1230 1229/1229/1229 1234/1234/1234
f 1233/1233/1233 1234/1234/1234 1235/1235/1235
f 1235/1235/1235 1234/1234/1234 1236/1236/1236
f 1237/1237/1237 1234/1234/1234 1229/1229/1229
f 1234/1234/1234 1237/1237/1237 1238/1238/1238
f 1238/1238/1238 1239/1239/1239 1234/1234/1234
f 1240/1240/1240 1238/1238/1238 1237/1237/1237
f 1240/1240/1240 1237/1237/1237 1241/1241/1241
f 1242/1242/1242 1241/1241/1241 1237/1237/1237
f 1237/1237/1237 1229/1229/1229 1242/1242/1242
f 1241/1241/1241 1242/1242/1242 1243/1243/1243
f 1244/1244/1244 1243/1243/1243 1242/1242/1242
f 1242/1242/1242 1229/1229/1229 1245/1245/1245
f 1244/1244/1244 1242/1242/1242 1246/1246/1246
f 1245/1245/1245 1246/1246/1246 1242/1242/1242
f 1229/1229/1229 1217/1217/1217 1245/1245/1245
f 1245/1245/1245 1217/1217/1217 1215/1215/1215
f 1246/1246/1246 1245/1245/1245 1247/1247/1247
f 1215/1215/1215 1248/1248/1248 1245/1245/1245
f 1238/1238/1238 1240/1240/1240 1249/1249/1249
f 1250/1250/1250 1249/1249/1249 1240/1240/1240
f 1240/1240/1240 1241/1241/1241 1250/1250/1250
f 1249/1249/1249 1250/1250/1250 1251/1251/1251
f 1249/1249/1249 1251/1251/1251 1252/1252/1252
f 1253/1253/1253 1252/1252/1252 1251/1251/1251
f 1254/1254/1254 1251/1251/1251 1250/1250/1250
f 1250/1250/1250 1255/1255/1255 1254/1254/1254
f 1256/1256/1256 1254/1254/1254 1255/1255/1255
f 1256/1256/1256 1255/1255/1255 1257/1257/1257
f 1255/1255/1255 1250/1250/1250 1241/1241/1241
f 1255/1255/1255 1241/1241/1241 1257/1257/1257
f 1258/1258/1258 1257/1257/1257 1241/1241/1241
f 1259/1259/1259 1249/1249/1249 1252/1252/1252
f 1261/1261/1261 1215/1215/1215 1260/1260/1260
f 1263/1263/1263 1256/1256/1256 1262/1262/1262
f 1238/1238/1238 1249/1249/1249 1264/1264/1264
f 1267/1267/1267 1266/1266/1266 1265/1265/1265
f 1268/1268/1268 1265/1265/1265 1266/1266/1266
f 1270/1270/1270 1268/1268/1268 1269/1269/1269
f 1273/1273/1273 1272/1272/1272 1271/1271/1271
f 1274/1274/1274 1272/1272/1272 1273/1273/1273
f 1277/1277/1277 1276/1276/1276 1275/1275/1275
f 1278/1278/1278 1275/1275/1275 1276/1276/1276
f 1275/1275/1275 1278/1278/1278 1279/1279/1279
f 1280/1280/1280 1276/1276/1276 1277/1277/1277
f 1283/1283/1283 1282/1282/1282 1281/1281/1281
f 1286/1286/1286 1285/1285/1285 1284/1284/1284
f 1287/1287/1287 1285/1285/1285 1286/1286/1286
f 1286/1286/1286 1288/1288/1288 1287/1287/1287
f 1291/1291/1291 1290/1290/1290 1289/1289/1289
f 1294/1294/1294 1293/1293/1293 1292/1292/1292
f 1297/1297/1297 1296/1296/1296 1295/1295/1295
f 1298/1298/1298 1297/1297/1297 1295/1295/1295
f 1295/1295/1295 1299/1299/1299 1298/1298/1298
f 1302/1302/1302 1301/1301/1301 1300/1300/1300
f 1305/1305/1305 1304/1304/1304 1303/1303/1303
f 1173/1173/1173 1306/1306/1306 1169/1169/1169
f 1307/1307/1307 1169/1169/1169 1306/1306/1306
f 1309/1309/1309 1193/1193/1193 1308/1308/1308
f 1310/1310/1310 1191/1191/1191 1193/1193/1193
f 1196/1196/1196 1191/1191/1191 1310/1310/1310
f 1313/1313/1313 1312/1312/1312 1311/1311/1311
f 1316/1316/1316 1315/1315/1315 1314/1314/1314
f 1315/1315/1315 1317/1317/1317 1314/1314/1314
f 1320/1320/1320 1319/1319/1319 1318/1318/1318
f 1322/1322/1322 1321/1321/1321 1143/1143/1143
f 1149/1149/1149 1134/1134/1134 1130/1130/1130
f 1130/1130/1130 1323/1323/1323 1149/1149/1149
f 1128/1128/1128 1323/1323/1323 1130/1130/1130
f 1146/1146/1146 1147/1147/1147 1324/1324/1324
f 1325/1325/1325 1324/1324/1324 1147/1147/1147
f 1324/1324/1324 1326/1326/1326 1146/1146/1146
f 1150/1150/1150 1146/1146/1146 1327/1327/1327
f 1150/1150/1150 1328/1328/1328 1152/1152/1152
f 1164/1164/1164 1152/1152/1152 1328/1328/1328
f 1331/1331/1331 1330/1330/1330 1329/1329/1329
f 1334/1334/1334 1333/1333/1333 1332/1332/1332
f 1337/1337/1337 1336/1336/1336 1335/1335/1335
f 1340/1340/1340 1339/1339/1339 1338/1338/1338
f 1343/1343/1343 1342/1342/1342 1341/1341/1341
f 1187/1187/1187 1186/1186/1186 1344/1344/1344
f 1344/1344/1344 1345/1345/1345 1187/1187/1187
f 1188/1188/1188 1187/1187/1187 1345/1345/1345
f 1195/1195/1195 1346/1346/1346 1186/1186/1186
f 1349/1349/1349 1348/1348/1348 1347/1347/1347
f 1350/1350/1350 1347/1347/1347 1348/1348/1348
f 1351/1351/1351 1348/1348/1348 1349/1349/1349
f 1349/1349/1349 1352/1352/1352 1351/1351/1351
f 1350/1350/1350 1353/1353/1353 1347/1347/1347
f 1354/1354/1354 1347/1347/1347 1353/1353/1353
f 1353/1353/1353 1355/1355/1355 1354/1354/1354
f 1355/1355/1355 1353/1353/1353 1356/1356/1356
f 1356/1356/1356 1357/1357/1357 1355/1355/1355
f 1358/1358/1358 1355/1355/1355 1357/1357/1357
f 1359/1359/1359 1356/1356/1356 1353/1353/1353
f 1358/1358/1358 1357/1357/1357 1360/1360/1360
f 1361/1361/1361 1360/1360/1360 1357/1357/1357
f 1360/1360/1360 1361/1361/1361 1362/1362/1362
f 1360/1360/1360 1362/1362/1362 1363/1363/1363
f 1360/1360/1360 1363/1363/1363 1358/1358/1358
f 1363/1363/1363 1362/1362/1362 1364/1364/1364
f 1365/1365/1365 1364/1364/1364 1362/1362/1362
f 1364/1364/1364 1365/1365/1365 1366/1366/1366
f 1367/1367/1367 1362/1362/1362 1361/1361/1361
f 1368/1368/1368 1362/1362/1362 1367/1367/1367
f 1362/1362/1362 1368/1368/1368 1365/1365/1365
f 1369/1369/1369 1365/1365/1365 1368/1368/1368
f 1370/1370/1370 1369/1369/1369 1368/1368/1368
f 1370/1370/1370 1371/1371/1371 1369/1369/1369
f 1372/1372/1372 1369/1369/1369 1371/1371/1371
f 1372/1372/1372 1371/1371/1371 1373/1373/1373
f 1374/1374/1374 1373/1373/1373 1371/1371/1371
f 1373/1373/1373 1375/1375/1375 1372/1372/1372
f 1376/1376/1376 1372/1372/1372 1375/1375/1375
f 1377/1377/1377 1376/1376/1376 1375/1375/1375
f 1376/1376/1376 1377/1377/1377 1378/1378/1378
f 1378/1378/1378 1379/1379/1379 1376/1376/1376
f 1379/1379/1379 1378/1378/1378 1380/1380/1380
f 1380/1380/1380 1378/1378/1378 1381/1381/1381
f 1382/1382/1382 1381/1381/1381 1378/1378/1378
f 1378/1378/1378 1377/1377/1377 1382/1382/1382
f 1382/1382/1382 1383/1383/1383 1381/1381/1381
f 1384/1384/1384 1381/1381/1381 1383/1383/1383
f 1385/1385/1385 1382/1382/1382 1377/1377/1377
f 1386/1386/1386 1382/1382/1382 1385/1385/1385
f 1382/1382/1382 1386/1386/1386 1383/1383/1383
f 1387/1387/1387 1383/1383/1383 1386/1386/1386
f 1383/1383/1383 1387/1387/1387 1388/1388/1388
f 1388/1388/1388 1384/1384/1384 1383/1383/1383
f 1379/1379/1379 1389/1389/1389 1376/1376/1376
f 1372/1372/1372 1376/1376/1376 1389/1389/1389
f 1369/1369/1369 1372/1372/1372 1389/1389/1389
f 1389/1389/1389 1390/1390/1390 1369/1369/1369
f 1365/1365/1365 1369/1369/1369 1390/1390/1390
f 1390/1390/1390 1366/1366/1366 1365/1365/1365
f 1391/1391/1391 1384/1384/1384 1388/1388/1388
f 1391/1391/1391 1392/1392/1392 1384/1384/1384
f 1392/1392/1392 1393/1393/1393 1384/1384/1384
f 1392/1392/1392 1394/1394/1394 1393/1393/1393
f 1394/1394/1394 1395/1395/1395 1393/1393/1393
f 1390/1390/1390 1396/1396/1396 1366/1366/1366
f 1397/1397/1397 1396/1396/1396 1390/1390/1390
f 1390/1390/1390 1389/1389/1389 1397/1397/1397
f 1397/1397/1397 1398/1398/1398 1396/1396/1396
f 1396/1396/1396 1364/1364/1364 1366/1366/1366
f 1396/1396/1396 1399/1399/1399 1364/1364/1364
f 1399/1399/1399 1396/1396/1396 1400/1400/1400
f 1401/1401/1401 1399/1399/1399 1400/1400/1400
f 1400/1400/1400 1402/1402/1402 1401/1401/1401
f 1402/1402/1402 1403/1403/1403 1401/1401/1401
f 1402/1402/1402 1404/1404/1404 1403/1403/1403
f 1405/1405/1405 1403/1403/1403 1404/1404/1404
f 1404/1404/1404 1406/1406/1406 1405/1405/1405
f 1407/1407/1407 1405/1405/1405 1406/1406/1406
f 1406/1406/1406 1408/1408/1408 1407/1407/1407
f 1408/1408/1408 1406/1406/1406 1409/1409/1409
f 1403/1403/1403 1405/1405/1405 1410/1410/1410
f 1410/1410/1410 1411/1411/1411 1403/1403/1403
f 1401/1401/1401 1411/1411/1411 1399/1399/1399
f 1401/1401/1401 1403/1403/1403 1411/1411/1411
f 1411/1411/1411 1410/1410/1410 1358/1358/1358
f 1355/1355/1355 1358/1358/1358 1410/1410/1410
f 1411/1411/1411 1358/1358/1358 1363/1363/1363
f 1363/1363/1363 1399/1399/1399 1411/1411/1411
f 1410/1410/1410 1354/1354/1354 1355/1355/1355
f 1354/1354/1354 1410/1410/1410 1405/1405/1405
f 1405/1405/1405 1407/1407/1407 1354/1354/1354
f 1347/1347/1347 1354/1354/1354 1407/1407/1407
f 1407/1407/1407 1408/1408/1408 1347/1347/1347
f 1349/1349/1349 1347/1347/1347 1408/1408/1408
f 1408/1408/1408 1409/1409/1409 1349/1349/1349
f 1352/1352/1352 1349/1349/1349 1409/1409/1409
f 1413/1413/1413 1406/1406/1406 1412/1412/1412
f 1413/1413/1413 1412/1412/1412 1414/1414/1414
f 1363/1363/1363 1364/1364/1364 1399/1399/1399
f 1417/1417/1417 1416/1416/1416 1415/1415/1415
f 1418/1418/1418 1415/1415/1415 1416/1416/1416
f 1419/1419/1419 1417/1417/1417 1415/1415/1415
f 1422/1422/1422 1421/1421/1421 1420/1420/1420
f 1422/1422/1422 1423/1423/1423 1421/1421/1421
f 1424/1424/1424 1421/1421/1421 1423/1423/1423
f 1425/1425/1425 1424/1424/1424 1423/1423/1423
f 1426/1426/1426 1425/1425/1425 1423/1423/1423
f 1427/1427/1427 1425/1425/1425 1426/1426/1426
f 1428/1428/1428 1427/1427/1427 1426/1426/1426
f 1429/1429/1429 1424/1424/1424 1396/1396/1396
f 1424/1424/1424 1430/1430/1430 1396/1396/1396
f 1432/1432/1432 1431/1431/1431 1397/1397/1397
f 1433/1433/1433 1431/1431/1431 1432/1432/1432
f 1432/1432/1432 1397/1397/1397 1379/1379/1379
f 1379/1379/1379 1380/1380/1380 1432/1432/1432
f 1434/1434/1434 1432/1432/1432 1380/1380/1380
f 1434/1434/1434 1433/1433/1433 1432/1432/1432
f 1433/1433/1433 1434/1434/1434 1393/1393/1393
f 1393/1393/1393 1434/1434/1434 1380/1380/1380
f 1380/1380/1380 1381/1381/1381 1393/1393/1393
f 1381/1381/1381 1384/1384/1384 1393/1393/1393
f 1389/1389/1389 1379/1379/1379 1397/1397/1397
f 1437/1437/1437 1436/1436/1436 1435/1435/1435
f 1440/1440/1440 1439/1439/1439 1438/1438/1438
f 1392/1392/1392 1438/1438/1438 1439/1439/1439
f 1439/1439/1439 1441/1441/1441 1392/1392/1392
f 1440/1440/1440 1438/1438/1438 1442/1442/1442
f 1394/1394/1394 1392/1392/1392 1441/1441/1441
f 1444/1444/1444 1442/1442/1442 1443/1443/1443
f 1446/1446/1446 1445/1445/1445 1442/1442/1442
f 1447/1447/1447 1442/1442/1442 1445/1445/1445
f 1445/1445/1445 1446/1446/1446 1448/1448/1448
f 1448/1448/1448 1449/1449/1449 1445/1445/1445
f 1449/1449/1449 1448/1448/1448 1450/1450/1450
f 1448/1448/1448 1451/1451/1451 1450/1450/1450
f 1451/1451/1451 1448/1448/1448 1452/1452/1452
f 1446/1446/1446 1453/1453/1453 1452/1452/1452
f 1452/1452/1452 1448/1448/1448 1454/1454/1454
f 1452/1452/1452 1455/1455/1455 1451/1451/1451
f 1455/1455/1455 1452/1452/1452 1456/1456/1456
f 1445/1445/1445 1457/1457/1457 1447/1447/1447
f 1445/1445/1445 1449/1449/1449 1457/1457/1457
f 1458/1458/1458 1447/1447/1447 1457/1457/1457
f 1457/1457/1457 1459/1459/1459 1458/1458/1458
f 1458/1458/1458 1459/1459/1459 1460/1460/1460
f 1461/1461/1461 1460/1460/1460 1459/1459/1459
f 1459/1459/1459 1457/1457/1457 1462/1462/1462
f 1462/1462/1462 1457/1457/1457 1449/1449/1449
f 1462/1462/1462 1463/1463/1463 1459/1459/1459
f 1463/1463/1463 1464/1464/1464 1459/1459/1459
f 1465/1465/1465 1459/1459/1459 1464/1464/1464
f 1465/1465/1465 1461/1461/1461 1459/1459/1459
f 1464/1464/1464 1466/1466/1466 1465/1465/1465
f 1467/1467/1467 1465/1465/1465 1466/1466/1466
f 1464/1464/1464 1463/1463/1463 1468/1468/1468
f 1468/1468/1468 1469/1469/1469 1464/1464/1464
f 1470/1470/1470 1464/1464/1464 1469/1469/1469
f 1464/1464/1464 1470/1470/1470 1466/1466/1466
f 1471/1471/1471 1470/1470/1470 1469/1469/1469
f 1472/1472/1472 1470/1470/1470 1471/1471/1471
f 1473/1473/1473 1470/1470/1470 1472/1472/1472
f 1472/1472/1472 1471/1471/1471 1474/1474/1474
f 1475/1475/1475 1474/1474/1474 1471/1471/1471
f 1472/1472/1472 1476/1476/1476 1473/1473/1473
f 1477/1477/1477 1473/1473/1473 1476/1476/1476
f 1475/1475/1475 1471/1471/1471 1478/1478/1478
f 1479/1479/1479 1478/1478/1478 1471/1471/1471
f 1471/1471/1471 1469/1469/1469 1479/1479/1479
f 1480/1480/1480 1469/1469/1469 1468/1468/1468
f 1481/1481/1481 1480/1480/1480 1468/1468/1468
f 1480/1480/1480 1482/1482/1482 1469/1469/1469
f 1483/1483/1483 1479/1479/1479 1469/1469/1469
f 1482/1482/1482 1483/1483/1483 1469/1469/1469
f 1484/1484/1484 1483/1483/1483 1482/1482/1482
f 1485/1485/1485 1483/1483/1483 1484/1484/1484
f 1485/1485/1485 1484/1484/1484 1486/1486/1486
f 1487/1487/1487 1486/1486/1486 1484/1484/1484
f 1487/1487/1487 1488/1488/1488 1486/1486/1486
f 1489/1489/1489 1486/1486/1486 1488/1488/1488
f 1488/1488/1488 1490/1490/1490 1489/1489/1489
f 1491/1491/1491 1489/1489/1489 1490/1490/1490
f 1490/1490/1490 1492/1492/1492 1491/1491/1491
f 1493/1493/1493 1491/1491/1491 1492/1492/1492
f 1493/1493/1493 1492/1492/1492 1494/1494/1494
f 1495/1495/1495 1493/1493/1493 1494/1494/1494
f 1494/1494/1494 1496/1496/1496 1495/1495/1495
f 1497/1497/1497 1495/1495/1495 1496/1496/1496
f 1496/1496/1496 1498/1498/1498 1497/1497/1497
f 1497/1497/1497 1498/1498/1498 1499/1499/1499
f 1500/1500/1500 1499/1499/1499 1498/1498/1498
f 1501/1501/1501 1499/1499/1499 1500/1500/1500
f 1501/1501/1501 1500/1500/1500 1502/1502/1502
f 1501/1501/1501 1502/1502/1502 1503/1503/1503
f 1504/1504/1504 1503/1503/1503 1502/1502/1502
f 1503/1503/1503 1504/1504/1504 1505/1505/1505
f 1506/1506/1506 1505/1505/1505 1504/1504/1504
f 1505/1505/1505 1506/1506/1506 1507/1507/1507
f 1508/1508/1508 1507/1507/1507 1506/1506/1506
f 1509/1509/1509 1507/1507/1507 1508/1508/1508
f 1506/1506/1506 1510/1510/1510 1508/1508/1508
f 1508/1508/1508 1511/1511/1511 1509/1509/1509
f 1510/1510/1510 1511/1511/1511 1508/1508/1508
f 1510/1510/1510 1512/1512/1512 1511/1511/1511
f 1509/1509/1509 1511/1511/1511 1513/1513/1513
f 1514/1514/1514 1513/1513/1513 1511/1511/1511
f 1513/1513/1513 1514/1514/1514 1449/1449/1449
f 1513/1513/1513 1449/1449/1449 1450/1450/1450
f 1462/1462/1462 1449/1449/1449 1514/1514/1514
f 1514/1514/1514 1463/1463/1463 1462/1462/1462
f 1463/1463/1463 1514/1514/1514 1515/1515/1515
f 1463/1463/1463 1515/1515/1515 1516/1516/1516
f 1517/1517/1517 1516/1516/1516 1515/1515/1515
f 1516/1516/1516 1518/1518/1518 1463/1463/1463
f 1518/1518/1518 1468/1468/1468 1463/1463/1463
f 1519/1519/1519 1468/1468/1468 1518/1518/1518
f 1519/1519/1519 1518/1518/1518 1520/1520/1520
f 1521/1521/1521 1520/1520/1520 1518/1518/1518
f 1520/1520/1520 1521/1521/1521 1522/1522/1522
f 1522/1522/1522 1523/1523/1523 1520/1520/1520
f 1519/1519/1519 1520/1520/1520 1523/1523/1523
f 1523/1523/1523 1524/1524/1524 1519/1519/1519
f 1525/1525/1525 1515/1515/1515 1514/1514/1514
f 1522/1522/1522 1521/1521/1521 1526/1526/1526
f 1521/1521/1521 1527/1527/1527 1526/1526/1526
f 1528/1528/1528 1526/1526/1526 1527/1527/1527
f 1524/1524/1524 1481/1481/1481 1519/1519/1519
f 1468/1468/1468 1519/1519/1519 1481/1481/1481
f 1529/1529/1529 1481/1481/1481 1524/1524/1524
f 1530/1530/1530 1525/1525/1525 1514/1514/1514
f 1511/1511/1511 1530/1530/1530 1514/1514/1514
f 1530/1530/1530 1511/1511/1511 1531/1531/1531
f 1532/1532/1532 1531/1531/1531 1511/1511/1511
f 1531/1531/1531 1533/1533/1533 1530/1530/1530
f 1534/1534/1534 1530/1530/1530 1533/1533/1533
f 1534/1534/1534 1525/1525/1525 1530/1530/1530
f 1535/1535/1535 1532/1532/1532 1511/1511/1511
f 1536/1536/1536 1535/1535/1535 1511/1511/1511
f 1512/1512/1512 1536/1536/1536 1511/1511/1511
f 1539/1539/1539 1538/1538/1538 1537/1537/1537
f 1542/1542/1542 1541/1541/1541 1540/1540/1540
f 1540/1540/1540 1543/1543/1543 1542/1542/1542
f 1540/1540/1540 1541/1541/1541 1544/1544/1544
f 1545/1545/1545 1544/1544/1544 1541/1541/1541
f 1544/1544/1544 1545/1545/1545 1477/1477/1477
f 1473/1473/1473 1477/1477/1477 1545/1545/1545
f 1546/1546/1546 1545/1545/1545 1541/1541/1541
f 1547/1547/1547 1545/1545/1545 1546/1546/1546
f 1548/1548/1548 1545/1545/1545 1547/1547/1547
f 1549/1549/1549 1546/1546/1546 1541/1541/1541
f 1545/1545/1545 1548/1548/1548 1550/1550/1550
f 1550/1550/1550 1548/1548/1548 1551/1551/1551
f 1552/1552/1552 1551/1551/1551 1548/1548/1548
f 1551/1551/1551 1552/1552/1552 1553/1553/1553
f 1554/1554/1554 1553/1553/1553 1552/1552/1552
f 1554/1554/1554 1555/1555/1555 1553/1553/1553
f 1553/1553/1553 1555/1555/1555 1556/1556/1556
f 1556/1556/1556 1555/1555/1555 1557/1557/1557
f 1557/1557/1557 1558/1558/1558 1556/1556/1556
f 1557/1557/1557 1559/1559/1559 1558/1558/1558
f 1558/1558/1558 1559/1559/1559 1560/1560/1560
f 1559/1559/1559 1557/1557/1557 1561/1561/1561
f 1560/1560/1560 1562/1562/1562 1558/1558/1558
f 1563/1563/1563 1558/1558/1558 1562/1562/1562
f 1563/1563/1563 1556/1556/1556 1558/1558/1558
f 1559/1559/1559 1564/1564/1564 1560/1560/1560
f 1565/1565/1565 1562/1562/1562 1560/1560/1560
f 1560/1560/1560 1465/1465/1465 1565/1565/1565
f 1560/1560/1560 1564/1564/1564 1465/1465/1465
f 1566/1566/1566 1565/1565/1565 1465/1465/1465
f 1467/1467/1467 1566/1566/1566 1465/1465/1465
f 1555/1555/1555 1567/1567/1567 1557/1557/1557
f 1568/1568/1568 1557/1557/1557 1567/1567/1567
f 1568/1568/1568 1561/1561/1561 1557/1557/1557
f 1561/1561/1561 1568/1568/1568 1569/1569/1569
f 1567/1567/1567 1570/1570/1570 1568/1568/1568
f 1570/1570/1570 1571/1571/1571 1568/1568/1568
f 1571/1571/1571 1572/1572/1572 1568/1568/1568
f 1541/1541/1541 1568/1568/1568 1572/1572/1572
f 1569/1569/1569 1568/1568/1568 1541/1541/1541
f 1573/1573/1573 1541/1541/1541 1572/1572/1572
f 1549/1549/1549 1541/1541/1541 1573/1573/1573
f 1574/1574/1574 1569/1569/1569 1541/1541/1541
f 1542/1542/1542 1574/1574/1574 1541/1541/1541
f 1564/1564/1564 1575/1575/1575 1465/1465/1465
f 1575/1575/1575 1461/1461/1461 1465/1465/1465
f 1578/1578/1578 1577/1577/1577 1576/1576/1576
f 1579/1579/1579 1576/1576/1576 1577/1577/1577
f 1580/1580/1580 1578/1578/1578 1576/1576/1576
f 1581/1581/1581 1580/1580/1580 1576/1576/1576
f 1577/1577/1577 1582/1582/1582 1579/1579/1579
f 1583/1583/1583 1579/1579/1579 1582/1582/1582
f 1582/1582/1582 1584/1584/1584 1583/1583/1583
f 1582/1582/1582 1585/1585/1585 1584/1584/1584
f 1585/1585/1585 1586/1586/1586 1584/1584/1584
f 1587/1587/1587 1584/1584/1584 1586/1586/1586
f 1588/1588/1588 1577/1577/1577 1578/1578/1578
f 1589/1589/1589 1586/1586/1586 1585/1585/1585
f 1590/1590/1590 1585/1585/1585 1582/1582/1582
f 1591/1591/1591 1582/1582/1582 1577/1577/1577
f 1579/1579/1579 1583/1583/1583 1592/1592/1592
f 1593/1593/1593 1592/1592/1592 1583/1583/1583
f 1594/1594/1594 1593/1593/1593 1583/1583/1583
f 1583/1583/1583 1584/1584/1584 1594/1594/1594
f 1584/1584/1584 1587/1587/1587 1594/1594/1594
f 1595/1595/1595 1594/1594/1594 1587/1587/1587
f 1592/1592/1592 1596/1596/1596 1579/1579/1579
f 1576/1576/1576 1579/1579/1579 1596/1596/1596
f 1599/1599/1599 1598/1598/1598 1597/1597/1597
f 1602/1602/1602 1601/1601/1601 1600/1600/1600
f 1605/1605/1605 1604/1604/1604 1603/1603/1603
f 1606/1606/1606 1603/1603/1603 1604/1604/1604
f 1604/1604/1604 1605/1605/1605 1607/1607/1607
f 1607/1607/1607 1608/1608/1608 1604/1604/1604
f 1609/1609/1609 1604/1604/1604 1608/1608/1608
f 1604/1604/1604 1609/1609/1609 1606/1606/1606
f 1610/1610/1610 1606/1606/1606 1609/1609/1609
f 1611/1611/1611 1610/1610/1610 1609/1609/1609
f 1612/1612/1612 1611/1611/1611 1609/1609/1609
f 1612/1612/1612 1609/1609/1609 1608/1608/1608
f 1612/1612/1612 1613/1613/1613 1611/1611/1611
f 1614/1614/1614 1611/1611/1611 1613/1613/1613
f 1615/1615/1615 1610/1610/1610 1611/1611/1611
f 1613/1613/1613 1612/1612/1612 1616/1616/1616
f 1617/1617/1617 1616/1616/1616 1612/1612/1612
f 1612/1612/1612 1608/1608/1608 1617/1617/1617
f 1618/1618/1618 1607/1607/1607 1605/1605/1605
f 1618/1618/1618 1605/1605/1605 1619/1619/1619
f 1620/1620/1620 1606/1606/1606 1610/1610/1610
f 1605/1605/1605 1621/1621/1621 1619/1619/1619
f 1622/1622/1622 1578/1578/1578 1580/1580/1580
f 1625/1625/1625 1624/1624/1624 1623/1623/1623
f 1625/1625/1625 1627/1627/1627 1626/1626/1626
f 1628/1628/1628 1626/1626/1626 1627/1627/1627
f 1631/1631/1631 1630/1630/1630 1629/1629/1629
f 1634/1634/1634 1633/1633/1633 1632/1632/1632
f 1635/1635/1635 1634/1634/1634 1632/1632/1632
f 1637/1637/1637 1635/1635/1635 1636/1636/1636
f 1638/1638/1638 1635/1635/1635 1637/1637/1637
f 1641/1641/1641 1640/1640/1640 1639/1639/1639
f 1644/1644/1644 1643/1643/1643 1642/1642/1642
f 1647/1647/1647 1646/1646/1646 1645/1645/1645
f 1647/1647/1647 1645/1645/1645 1648/1648/1648
f 1649/1649/1649 1648/1648/1648 1645/1645/1645
f 1650/1650/1650 1648/1648/1648 1649/1649/1649
f 1652/1652/1652 1650/1650/1650 1651/1651/1651
f 1651/1651/1651 1653/1653/1653 1652/1652/1652
f 1655/1655/1655 1654/1654/1654 1653/1653/1653
f 1658/1658/1658 1657/1657/1657 1656/1656/1656
f 1659/1659/1659 1656/1656/1656 1657/1657/1657
f 1656/1656/1656 1659/1659/1659 1660/1660/1660
f 1661/1661/1661 1660/1660/1660 1659/1659/1659
f 1657/1657/1657 1663/1663/1663 1662/1662/1662
f 1666/1666/1666 1665/1665/1665 1664/1664/1664
f 1664/1664/1664 1665/1665/1665 1667/1667/1667
f 1667/1667/1667 1665/1665/1665 1668/1668/1668
f 1671/1671/1671 1670/1670/1670 1669/1669/1669
f 1669/1669/1669 1670/1670/1670 1672/1672/1672
f 1675/1675/1675 1674/1674/1674 1673/1673/1673
f 1677/1677/1677 1673/1673/1673 1676/1676/1676
f 1680/1680/1680 1679/1679/1679 1678/1678/1678
f 1682/1682/1682 1681/1681/1681 1678/1678/1678
f 1685/1685/1685 1684/1684/1684 1683/1683/1683
f 1688/1688/1688 1687/1687/1687 1686/1686/1686
f 1689/1689/1689 1686/1686/1686 1687/1687/1687
f 1690/1690/1690 1686/1686/1686 1689/1689/1689
f 1689/1689/1689 1691/1691/1691 1690/1690/1690
f 1692/1692/1692 1689/1689/1689 1687/1687/1687
f 1695/1695/1695 1694/1694/1694 1693/1693/1693
f 1698/1698/1698 1697/1697/1697 1696/1696/1696
f 1699/1699/1699 1696/1696/1696 1697/1697/1697
f 1702/1702/1702 1701/1701/1701 1700/1700/1700
f 1701/1701/1701 1702/1702/1702 1703/1703/1703
f 1704/1704/1704 1703/1703/1703 1702/1702/1702
f 1706/1706/1706 1705/1705/1705 1701/1701/1701
f 1708/1708/1708 1704/1704/1704 1707/1707/1707
f 1709/1709/1709 1707/1707/1707 1704/1704/1704
f 1712/1712/1712 1711/1711/1711 1710/1710/1710
f 1713/1713/1713 1710/1710/1710 1711/1711/1711
f 1713/1713/1713 1711/1711/1711 1714/1714/1714
f 1715/1715/1715 1714/1714/1714 1711/1711/1711
f 1710/1710/1710 1716/1716/1716 1712/1712/1712
f 1719/1719/1719 1718/1718/1718 1717/1717/1717
f 1718/1718/1718 1719/1719/1719 1720/1720/1720
f 1722/1722/1722 1721/1721/1721 1718/1718/1718
f 1725/1725/1725 1724/1724/1724 1723/1723/1723
f 1727/1727/1727 1726/1726/1726 1723/1723/1723
f 1730/1730/1730 1729/1729/1729 1728/1728/1728
f 1731/1731/1731 1730/1730/1730 1728/1728/1728
f 1734/1734/1734 1733/1733/1733 1732/1732/1732
f 1737/1737/1737 1736/1736/1736 1735/1735/1735
f 1738/1738/1738 1735/1735/1735 1736/1736/1736
f 1741/1741/1741 1740/1740/1740 1739/1739/1739
f 1742/1742/1742 1741/1741/1741 1739/1739/1739
f 1744/1744/1744 1742/1742/1742 1743/1743/1743
f 1745/1745/1745 1743/1743/1743 1742/1742/1742
f 1743/1743/1743 1745/1745/1745 1746/1746/1746
f 1746/1746/1746 1747/1747/1747 1743/1743/1743
f 1748/1748/1748 1743/1743/1743 1747/1747/1747
f 1743/1743/1743 1748/1748/1748 1749/1749/1749
f 1747/1747/1747 1746/1746/1746 1750/1750/1750
f 1751/1751/1751 1750/1750/1750 1746/1746/1746
f 1746/1746/1746 1752/1752/1752 1751/1751/1751
f 1752/1752/1752 1746/1746/1746 1745/1745/1745
f 1750/1750/1750 1753/1753/1753 1747/1747/1747
f 1754/1754/1754 1747/1747/1747 1753/1753/1753
f 1747/1747/1747 1754/1754/1754 1748/1748/1748
f 1755/1755/1755 1748/1748/1748 1754/1754/1754
f 1748/1748/1748 1755/1755/1755 1756/1756/1756
f 1756/1756/1756 1757/1757/1757 1748/1748/1748
f 1751/1751/1751 1758/1758/1758 1750/1750/1750
f 1759/1759/1759 1750/1750/1750 1758/1758/1758
f 1753/1753/1753 1750/1750/1750 1760/1760/1760
f 1761/1761/1761 1760/1760/1760 1750/1750/1750
f 1762/1762/1762 1751/1751/1751 1752/1752/1752
f 1762/1762/1762 1763/1763/1763 1751/1751/1751
f 1764/1764/1764 1751/1751/1751 1763/1763/1763
f 1767/1767/1767 1766/1766/1766 1765/1765/1765
f 1770/1770/1770 1769/1769/1769 1768/1768/1768
f 1773/1773/1773 1772/1772/1772 1771/1771/1771
f 1775/1775/1775 1771/1771/1771 1774/1774/1774
f 1777/1777/1777 1774/1774/1774 1776/1776/1776
f 1779/1779/1779 1778/1778/1778 1774/1774/1774
f 1778/1778/1778 1779/1779/1779 1780/1780/1780
f 1781/1781/1781 1780/1780/1780 1779/1779/1779
f 1780/1780/1780 1781/1781/1781 1782/1782/1782
f 1780/1780/1780 1782/1782/1782 1783/1783/1783
f 1783/1783/1783 1784/1784/1784 1780/1780/1780
f 1785/1785/1785 1780/1780/1780 1784/1784/1784
f 1784/1784/1784 1786/1786/1786 1785/1785/1785
f 1787/1787/1787 1783/1783/1783 1782/1782/1782
f 1782/1782/1782 1788/1788/1788 1787/1787/1787
f 1789/1789/1789 1787/1787/1787 1788/1788/1788
f 1790/1790/1790 1782/1782/1782 1781/1781/1781
f 1782/1782/1782 1790/1790/1790 1791/1791/1791
f 1793/1793/1793 1792/1792/1792 1790/1790/1790
f 1792/1792/1792 1793/1793/1793 1794/1794/1794
f 1795/1795/1795 1794/1794/1794 1793/1793/1793
f 1794/1794/1794 1795/1795/1795 1796/1796/1796
f 1798/1798/1798 1796/1796/1796 1797/1797/1797
f 1801/1801/1801 1800/1800/1800 1799/1799/1799
f 1803/1803/1803 1802/1802/1802 1800/1800/1800
f 1805/1805/1805 1804/1804/1804 1803/1803/1803
f 1808/1808/1808 1807/1807/1807 1806/1806/1806
f 1810/1810/1810 1809/1809/1809 1808/1808/1808
f 1810/1810/1810 1811/1811/1811 1809/1809/1809
f 1814/1814/1814 1813/1813/1813 1812/1812/1812
f 1812/1812/1812 1813/1813/1813 1815/1815/1815
f 1818/1818/1818 1817/1817/1817 1816/1816/1816
f 1821/1821/1821 1820/1820/1820 1819/1819/1819
f 1822/1822/1822 1819/1819/1819 1820/1820/1820
f 1820/1820/1820 1823/1823/1823 1822/1822/1822
f 1819/1819/1819 1825/1825/1825 1824/1824/1824
f 1826/1826/1826 1824/1824/1824 1825/1825/1825
f 1825/1825/1825 1827/1827/1827 1826/1826/1826
f 1829/1829/1829 1826/1826/1826 1828/1828/1828
f 1831/1831/1831 1828/1828/1828 1830/1830/1830
f 1833/1833/1833 1832/1832/1832 1828/1828/1828
f 1836/1836/1836 1835/1835/1835 1834/1834/1834
f 1839/1839/1839 1838/1838/1838 1837/1837/1837
f 1840/1840/1840 1837/1837/1837 1838/1838/1838
f 1838/1838/1838 1841/1841/1841 1840/1840/1840
f 1842/1842/1842 1840/1840/1840 1841/1841/1841
f 1843/1843/1843 1842/1842/1842 1841/1841/1841
f 1843/1843/1843 1845/1845/1845 1844/1844/1844
f 1844/1844/1844 1846/1846/1846 1843/1843/1843
f 1849/1849/1849 1848/1848/1848 1847/1847/1847
f 1850/1850/1850 1847/1847/1847 1848/1848/1848
f 1853/1853/1853 1852/1852/1852 1851/1851/1851
f 1856/1856/1856 1855/1855/1855 1854/1854/1854
f 1859/1859/1859 1858/1858/1858 1857/1857/1857
f 1860/1860/1860 1857/1857/1857 1858/1858/1858
f 1857/1857/1857 1860/1860/1860 1861/1861/1861
f 1862/1862/1862 1861/1861/1861 1860/1860/1860
f 1863/1863/1863 1857/1857/1857 1861/1861/1861
f 1857/1857/1857 1863/1863/1863 1864/1864/1864
f 1857/1857/1857 1865/1865/1865 1859/1859/1859
f 1866/1866/1866 1862/1862/1862 1860/1860/1860
f 1867/1867/1867 1862/1862/1862 1866/1866/1866
f 1866/1866/1866 1868/1868/1868 1867/1867/1867
f 1868/1868/1868 1866/1866/1866 1869/1869/1869
f 1870/1870/1870 1869/1869/1869 1866/1866/1866
f 1860/1860/1860 1870/1870/1870 1866/1866/1866
f 1870/1870/1870 1860/1860/1860 1858/1858/1858
f 1870/1870/1870 1871/1871/1871 1869/1869/1869
f 1871/1871/1871 1870/1870/1870 1872/1872/1872
f 1873/1873/1873 1869/1869/1869 1871/1871/1871
f 1869/1869/1869 1874/1874/1874 1868/1868/1868
f 1869/1869/1869 1873/1873/1873 1875/1875/1875
f 1876/1876/1876 1868/1868/1868 1874/1874/1874
f 1875/1875/1875 1873/1873/1873 1877/1877/1877
f 1878/1878/1878 1867/1867/1867 1868/1868/1868
f 1868/1868/1868 1879/1879/1879 1878/1878/1878
f 1868/1868/1868 1880/1880/1880 1879/1879/1879
f 1881/1881/1881 1872/1872/1872 1870/1870/1870
f 1872/1872/1872 1881/1881/1881 1882/1882/1882
f 1885/1885/1885 1884/1884/1884 1883/1883/1883
f 1888/1888/1888 1887/1887/1887 1886/1886/1886
f 1886/1886/1886 1887/1887/1887 1889/1889/1889
f 1892/1892/1892 1891/1891/1891 1890/1890/1890
f 1895/1895/1895 1894/1894/1894 1893/1893/1893
f 1893/1893/1893 1896/1896/1896 1895/1895/1895
f 1896/1896/1896 1897/1897/1897 1895/1895/1895
f 1896/1896/1896 1898/1898/1898 1897/1897/1897
f 1898/1898/1898 1899/1899/1899 1897/1897/1897
f 1899/1899/1899 1900/1900/1900 1897/1897/1897
f 1901/1901/1901 1897/1897/1897 1900/1900/1900
f 1897/1897/1897 1901/1901/1901 1902/1902/1902
f 1903/1903/1903 1902/1902/1902 1901/1901/1901
f 1904/1904/1904 1900/1900/1900 1899/1899/1899
f 1905/1905/1905 1904/1904/1904 1899/1899/1899
f 1905/1905/1905 1899/1899/1899 1906/1906/1906
f 1898/1898/1898 1906/1906/1906 1899/1899/1899
f 1898/1898/1898 1907/1907/1907 1906/1906/1906
f 1907/1907/1907 1898/1898/1898 1908/1908/1908
f 1896/1896/1896 1908/1908/1908 1898/1898/1898
f 1908/1908/1908 1896/1896/1896 1909/1909/1909
f 1910/1910/1910 1909/1909/1909 1896/1896/1896
f 1909/1909/1909 1910/1910/1910 1911/1911/1911
f 1906/1906/1906 1912/1912/1912 1905/1905/1905
f 1913/1913/1913 1905/1905/1905 1912/1912/1912
f 1914/1914/1914 1906/1906/1906 1907/1907/1907
f 1906/1906/1906 1914/1914/1914 1915/1915/1915
f 1912/1912/1912 1916/1916/1916 1913/1913/1913
f 1917/1917/1917 1904/1904/1904 1905/1905/1905
f 1918/1918/1918 1917/1917/1917 1905/1905/1905
f 1920/1920/1920 1911/1911/1911 1919/1919/1919
f 1922/1922/1922 1921/1921/1921 1911/1911/1911
f 1914/1914/1914 1924/1924/1924 1923/1923/1923
f 1924/1924/1924 1925/1925/1925 1915/1915/1915
f 1926/1926/1926 1915/1915/1915 1925/1925/1925
f 1927/1927/1927 1926/1926/1926 1925/1925/1925
f 1930/1930/1930 1929/1929/1929 1928/1928/1928
f 1928/1928/1928 1932/1932/1932 1931/1931/1931
f 1935/1935/1935 1934/1934/1934 1933/1933/1933
f 1933/1933/1933 1934/1934/1934 1936/1936/1936
f 1938/1938/1938 1937/1937/1937 1934/1934/1934
f 1939/1939/1939 1937/1937/1937 1938/1938/1938
f 1942/1942/1942 1941/1941/1941 1940/1940/1940
f 1945/1945/1945 1944/1944/1944 1943/1943/1943
f 1948/1948/1948 1947/1947/1947 1946/1946/1946
f 1948/1948/1948 1949/1949/1949 1947/1947/1947
f 1947/1947/1947 1950/1950/1950 1946/1946/1946
f 1953/1953/1953 1952/1952/1952 1951/1951/1951
f 1956/1956/1956 1955/1955/1955 1954/1954/1954
f 1959/1959/1959 1958/1958/1958 1957/1957/1957
f 1957/1957/1957 1961/1961/1961 1960/1960/1960
f 1963/1963/1963 1961/1961/1961 1962/1962/1962
f 1966/1966/1966 1965/1965/1965 1964/1964/1964
f 1969/1969/1969 1968/1968/1968 1967/1967/1967
f 1972/1972/1972 1971/1971/1971 1970/1970/1970
f 1975/1975/1975 1974/1974/1974 1973/1973/1973
f 1976/1976/1976 1973/1973/1973 1974/1974/1974
f 1977/1977/1977 1975/1975/1975 1973/1973/1973
f 1978/1978/1978 1975/1975/1975 1977/1977/1977
f 1977/1977/1977 1979/1979/1979 1978/1978/1978
f 1980/1980/1980 1977/1977/1977 1973/1973/1973
f 1981/1981/1981 1977/1977/1977 1980/1980/1980
f 1982/1982/1982 1977/1977/1977 1981/1981/1981
f 1983/1983/1983 1977/1977/1977 1982/1982/1982
f 1984/1984/1984 1977/1977/1977 1983/1983/1983
f 1985/1985/1985 1984/1984/1984 1983/1983/1983
f 1985/1985/1985 1986/1986/1986 1984/1984/1984
f 1987/1987/1987 1976/1976/1976 1974/1974/1974
f 1988/1988/1988 1987/1987/1987 1974/1974/1974
f 1987/1987/1987 1988/1988/1988 1989/1989/1989
f 1990/1990/1990 1989/1989/1989 1988/1988/1988
f 1991/1991/1991 1989/1989/1989 1990/1990/1990
f 1993/1993/1993 1991/1991/1991 1992/1992/1992
f 1995/1995/1995 1994/1994/1994 1991/1991/1991
f 1996/1996/1996 1991/1991/1991 1994/1994/1994
f 1994/1994/1994 1997/1997/1997 1996/1996/1996
f 1998/1998/1998 1996/1996/1996 1997/1997/1997
f 1997/1997/1997 1994/1994/1994 1999/1999/1999
f 1994/1994/1994 2000/2000/2000 1999/1999/1999
f 1994/1994/1994 2001/2001/2001 2000/2000/2000
f 1999/1999/1999 2000/2000/2000 2002/2002/2002
f 2002/2002/2002 2000/2000/2000 2003/2003/2003
f 2004/2004/2004 2003/2003/2003 2000/2000/2000
f 2000/2000/2000 2005/2005/2005 2004/2004/2004
f 2005/2005/2005 2000/2000/2000 2006/2006/2006
f 2007/2007/2007 2004/2004/2004 2005/2005/2005
f 2005/2005/2005 2008/2008/2008 2007/2007/2007
f 2004/2004/2004 2007/2007/2007 2009/2009/2009
f 2009/2009/2009 2010/2010/2010 2004/2004/2004
f 2003/2003/2003 2004/2004/2004 2010/2010/2010
f 2009/2009/2009 2011/2011/2011 2010/2010/2010
f 2011/2011/2011 2012/2012/2012 2010/2010/2010
f 2013/2013/2013 2012/2012/2012 2011/2011/2011
f 2013/2013/2013 2011/2011/2011 2014/2014/2014
f 2011/2011/2011 2009/2009/2009 2015/2015/2015
f 2015/2015/2015 2009/2009/2009 2007/2007/2007
f 2011/2011/2011 2015/2015/2015 2016/2016/2016
f 2017/2017/2017 2016/2016/2016 2015/2015/2015
f 2017/2017/2017 2018/2018/2018 2016/2016/2016
f 2019/2019/2019 2016/2016/2016 2018/2018/2018
f 2016/2016/2016 2019/2019/2019 2020/2020/2020
f 2011/2011/2011 2016/2016/2016 2020/2020/2020
f 2014/2014/2014 2011/2011/2011 2020/2020/2020
f 2021/2021/2021 2020/2020/2020 2019/2019/2019
f 2019/2019/2019 2022/2022/2022 2021/2021/2021
f 2023/2023/2023 2021/2021/2021 2022/2022/2022
f 2018/2018/2018 2024/2024/2024 2019/2019/2019
f 2022/2022/2022 2019/2019/2019 2024/2024/2024
f 2017/2017/2017 2015/2015/2015 2025/2025/2025
f 2026/2026/2026 2025/2025/2025 2015/2015/2015
f 2026/2026/2026 2027/2027/2027 2025/2025/2025
f 2025/2025/2025 2027/2027/2027 2028/2028/2028
f 2027/2027/2027 2029/2029/2029 2028/2028/2028
f 2028/2028/2028 2029/2029/2029 2030/2030/2030
f 2031/2031/2031 2028/2028/2028 2030/2030/2030
f 2028/2028/2028 2031/2031/2031 2032/2032/2032
f 2028/2028/2028 2032/2032/2032 2025/2025/2025
f 2033/2033/2033 2025/2025/2025 2032/2032/2032
f 2024/2024/2024 2018/2018/2018 2033/2033/2033
f 2031/2031/2031 2034/2034/2034 2032/2032/2032
f 2032/2032/2032 2035/2035/2035 2033/2033/2033
f 2032/2032/2032 2036/2036/2036 2035/2035/2035
f 2036/2036/2036 2032/2032/2032 2037/2037/2037
f 2037/2037/2037 2032/2032/2032 2038/2038/2038
f 2036/2036/2036 2039/2039/2039 2035/2035/2035
f 2035/2035/2035 2039/2039/2039 2040/2040/2040
f 2035/2035/2035 2040/2040/2040 2041/2041/2041
f 2041/2041/2041 2033/2033/2033 2035/2035/2035
f 2042/2042/2042 2041/2041/2041 2040/2040/2040
f 2040/2040/2040 2039/2039/2039 2043/2043/2043
f 2044/2044/2044 2043/2043/2043 2039/2039/2039
f 2044/2044/2044 2045/2045/2045 2043/2043/2043
f 2046/2046/2046 2045/2045/2045 2044/2044/2044
f 2046/2046/2046 2047/2047/2047 2045/2045/2045
f 2047/2047/2047 2048/2048/2048 2045/2045/2045
f 2045/2045/2045 2048/2048/2048 2049/2049/2049
f 2045/2045/2045 2049/2049/2049 2043/2043/2043
f 2048/2048/2048 2050/2050/2050 2049/2049/2049
f 2050/2050/2050 2048/2048/2048 2051/2051/2051
f 2050/2050/2050 2051/2051/2051 2052/2052/2052
f 2053/2053/2053 2052/2052/2052 2051/2051/2051
f 2054/2054/2054 2051/2051/2051 2048/2048/2048
f 2047/2047/2047 2055/2055/2055 2048/2048/2048
f 2056/2056/2056 2049/2049/2049 2050/2050/2050
f 2056/2056/2056 2057/2057/2057 2049/2049/2049
f 2058/2058/2058 2049/2049/2049 2057/2057/2057
f 2043/2043/2043 2049/2049/2049 2058/2058/2058
f 2059/2059/2059 2058/2058/2058 2057/2057/2057
f 2060/2060/2060 2058/2058/2058 2059/2059/2059
f 2059/2059/2059 2061/2061/2061 2060/2060/2060
f 2062/2062/2062 2060/2060/2060 2061/2061/2061
f 2062/2062/2062 2063/2063/2063 2060/2060/2060
f 2063/2063/2063 2062/2062/2062 2064/2064/2064
f 2065/2065/2065 2064/2064/2064 2062/2062/2062
f 2066/2066/2066 2060/2060/2060 2063/2063/2063
f 2061/2061/2061 2059/2059/2059 2067/2067/2067
f 2068/2068/2068 2067/2067/2067 2059/2059/2059
f 2059/2059/2059 2057/2057/2057 2068/2068/2068
f 2058/2058/2058 2060/2060/2060 2042/2042/2042
f 2066/2066/2066 2042/2042/2042 2060/2060/2060
f 2068/2068/2068 2057/2057/2057 2069/2069/2069
f 2056/2056/2056 2069/2069/2069 2057/2057/2057
f 2067/2067/2067 2068/2068/2068 2070/2070/2070
f 2071/2071/2071 2070/2070/2070 2068/2068/2068
f 2068/2068/2068 2069/2069/2069 2071/2071/2071
f 2071/2071/2071 2072/2072/2072 2070/2070/2070
f 2070/2070/2070 2072/2072/2072 2073/2073/2073
f 2074/2074/2074 2065/2065/2065 2062/2062/2062
f 2062/2062/2062 2061/2061/2061 2075/2075/2075
f 2061/2061/2061 2067/2067/2067 2075/2075/2075
f 2076/2076/2076 2071/2071/2071 2069/2069/2069
f 2070/2070/2070 2073/2073/2073 2077/2077/2077
f 2078/2078/2078 2070/2070/2070 2077/2077/2077
f 2079/2079/2079 2077/2077/2077 2073/2073/2073
f 2078/2078/2078 2080/2080/2080 2070/2070/2070
f 2067/2067/2067 2070/2070/2070 2080/2080/2080
f 2081/2081/2081 2067/2067/2067 2080/2080/2080
f 2082/2082/2082 2067/2067/2067 2081/2081/2081
f 2082/2082/2082 2083/2083/2083 2067/2067/2067
f 2083/2083/2083 2082/2082/2082 2084/2084/2084
f 2085/2085/2085 2084/2084/2084 2082/2082/2082
f 2084/2084/2084 2085/2085/2085 2086/2086/2086
f 2087/2087/2087 2086/2086/2086 2085/2085/2085
f 2086/2086/2086 2087/2087/2087 2088/2088/2088
f 2089/2089/2089 2088/2088/2088 2087/2087/2087
f 2089/2089/2089 2090/2090/2090 2088/2088/2088
f 2091/2091/2091 2088/2088/2088 2090/2090/2090
f 2091/2091/2091 2090/2090/2090 2092/2092/2092
f 2091/2091/2091 2092/2092/2092 2093/2093/2093
f 2091/2091/2091 2093/2093/2093 2094/2094/2094
f 2095/2095/2095 2093/2093/2093 2092/2092/2092
f 2096/2096/2096 2092/2092/2092 2090/2090/2090
f 2095/2095/2095 2092/2092/2092 2097/2097/2097
f 2096/2096/2096 2098/2098/2098 2092/2092/2092
f 2092/2092/2092 2098/2098/2098 2099/2099/2099
f 2102/2102/2102 2101/2101/2101 2100/2100/2100
f 2100/2100/2100 2103/2103/2103 2102/2102/2102
f 2106/2106/2106 2105/2105/2105 2104/2104/2104
f 2104/2104/2104 2107/2107/2107 2106/2106/2106
f 2110/2110/2110 2109/2109/2109 2108/2108/2108
f 2109/2109/2109 2110/2110/2110 2111/2111/2111
f 2109/2109/2109 2111/2111/2111 2112/2112/2112
f 2109/2109/2109 2112/2112/2112 2113/2113/2113
f 2113/2113/2113 2114/2114/2114 2109/2109/2109
f 2114/2114/2114 2113/2113/2113 2115/2115/2115
f 2116/2116/2116 2113/2113/2113 2112/2112/2112
f 2112/2112/2112 2117/2117/2117 2116/2116/2116
f 2117/2117/2117 2112/2112/2112 2111/2111/2111
f 2113/2113/2113 2116/2116/2116 2118/2118/2118
f 2119/2119/2119 2118/2118/2118 2116/2116/2116
f 2119/2119/2119 2116/2116/2116 2120/2120/2120
f 2121/2121/2121 2120/2120/2120 2116/2116/2116
f 2122/2122/2122 2119/2119/2119 2120/2120/2120
f 2119/2119/2119 2122/2122/2122 2123/2123/2123
f 2118/2118/2118 2119/2119/2119 2123/2123/2123
f 2118/2118/2118 2123/2123/2123 2124/2124/2124
f 2118/2118/2118 2125/2125/2125 2113/2113/2113
f 2118/2118/2118 2124/2124/2124 2125/2125/2125
f 2124/2124/2124 2123/2123/2123 2126/2126/2126
f 2124/2124/2124 2126/2126/2126 2127/2127/2127
f 2126/2126/2126 2128/2128/2128 2127/2127/2127
f 2129/2129/2129 2128/2128/2128 2126/2126/2126
f 2123/2123/2123 2130/2130/2130 2126/2126/2126
f 2133/2133/2133 2132/2132/2132 2131/2131/2131
f 2134/2134/2134 2131/2131/2131 2132/2132/2132
f 2132/2132/2132 2133/2133/2133 2135/2135/2135
f 2136/2136/2136 2135/2135/2135 2133/2133/2133
f 2137/2137/2137 2135/2135/2135 2136/2136/2136
f 2132/2132/2132 2135/2135/2135 2138/2138/2138
f 2132/2132/2132 2139/2139/2139 2134/2134/2134
f 2140/2140/2140 2138/2138/2138 2135/2135/2135
f 2135/2135/2135 2141/2141/2141 2140/2140/2140
f 2141/2141/2141 2135/2135/2135 2142/2142/2142
f 2137/2137/2137 2136/2136/2136 2143/2143/2143
f 2146/2146/2146 2145/2145/2145 2144/2144/2144
f 2147/2147/2147 2144/2144/2144 2145/2145/2145
f 2150/2150/2150 2149/2149/2149 2148/2148/2148
f 2153/2153/2153 2152/2152/2152 2151/2151/2151
f 2156/2156/2156 2155/2155/2155 2154/2154/2154
f 2159/2159/2159 2158/2158/2158 2157/2157/2157
f 2162/2162/2162 2161/2161/2161 2160/2160/2160
f 2160/2160/2160 2161/2161/2161 2163/2163/2163
f 2166/2166/2166 2165/2165/2165 2164/2164/2164
f 2166/2166/2166 2167/2167/2167 2165/2165/2165
f 2167/2167/2167 2166/2166/2166 2168/2168/2168
f 2169/2169/2169 2168/2168/2168 2166/2166/2166
f 2171/2171/2171 2170/2170/2170 2165/2165/2165
f 2171/2171/2171 2165/2165/2165 2172/2172/2172
f 2172/2172/2172 2173/2173/2173 2171/2171/2171
f 2171/2171/2171 2173/2173/2173 2174/2174/2174
f 2165/2165/2165 2175/2175/2175 2172/2172/2172
f 2172/2172/2172 2175/2175/2175 2176/2176/2176
f 2177/2177/2177 2176/2176/2176 2175/2175/2175
f 2177/2177/2177 2175/2175/2175 2178/2178/2178
f 2179/2179/2179 2178/2178/2178 2175/2175/2175
f 2180/2180/2180 2176/2176/2176 2177/2177/2177
f 2176/2176/2176 2181/2181/2181 2172/2172/2172
f 2181/2181/2181 2176/2176/2176 2182/2182/2182
f 2182/2182/2182 2176/2176/2176 2180/2180/2180
f 2182/2182/2182 2180/2180/2180 2183/2183/2183
f 2182/2182/2182 2183/2183/2183 2184/2184/2184
f 2182/2182/2182 2184/2184/2184 2181/2181/2181
f 2184/2184/2184 2183/2183/2183 2185/2185/2185
f 2186/2186/2186 2181/2181/2181 2184/2184/2184
f 2185/2185/2185 2186/2186/2186 2184/2184/2184
f 2187/2187/2187 2186/2186/2186 2185/2185/2185
f 2180/2180/2180 2188/2188/2188 2183/2183/2183
f 2188/2188/2188 2180/2180/2180 2189/2189/2189
f 2190/2190/2190 2189/2189/2189 2180/2180/2180
f 2177/2177/2177 2190/2190/2190 2180/2180/2180
f 2178/2178/2178 2190/2190/2190 2177/2177/2177
f 2190/2190/2190 2191/2191/2191 2189/2189/2189
f 2192/2192/2192 2191/2191/2191 2190/2190/2190
f 2178/2178/2178 2192/2192/2192 2190/2190/2190
f 2191/2191/2191 2192/2192/2192 2193/2193/2193
f 2188/2188/2188 2189/2189/2189 2194/2194/2194
f 2195/2195/2195 2194/2194/2194 2189/2189/2189
f 2189/2189/2189 2196/2196/2196 2195/2195/2195
f 2195/2195/2195 2196/2196/2196 2197/2197/2197
f 2197/2197/2197 2196/2196/2196 2198/2198/2198
f 2188/2188/2188 2194/2194/2194 2199/2199/2199
f 2200/2200/2200 2188/2188/2188 2199/2199/2199
f 2199/2199/2199 2201/2201/2201 2200/2200/2200
f 2201/2201/2201 2199/2199/2199 2202/2202/2202
f 2202/2202/2202 2203/2203/2203 2201/2201/2201
f 2204/2204/2204 2203/2203/2203 2202/2202/2202
f 2205/2205/2205 2201/2201/2201 2203/2203/2203
f 2201/2201/2201 2185/2185/2185 2200/2200/2200
f 2185/2185/2185 2201/2201/2201 2206/2206/2206
f 2204/2204/2204 2207/2207/2207 2203/2203/2203
f 2208/2208/2208 2203/2203/2203 2207/2207/2207
f 2207/2207/2207 2209/2209/2209 2208/2208/2208
f 2210/2210/2210 2208/2208/2208 2209/2209/2209
f 2209/2209/2209 2211/2211/2211 2210/2210/2210
f 2211/2211/2211 2212/2212/2212 2210/2210/2210
f 2213/2213/2213 2211/2211/2211 2209/2209/2209
f 2214/2214/2214 2213/2213/2213 2209/2209/2209
f 2207/2207/2207 2214/2214/2214 2209/2209/2209
f 2215/2215/2215 2213/2213/2213 2214/2214/2214
f 2215/2215/2215 2214/2214/2214 2216/2216/2216
f 2217/2217/2217 2216/2216/2216 2214/2214/2214
f 2217/2217/2217 2214/2214/2214 2207/2207/2207
f 2207/2207/2207 2204/2204/2204 2217/2217/2217
f 2218/2218/2218 2216/2216/2216 2217/2217/2217
f 2218/2218/2218 2219/2219/2219 2216/2216/2216
f 2220/2220/2220 2216/2216/2216 2219/2219/2219
f 2216/2216/2216 2220/2220/2220 2221/2221/2221
f 2215/2215/2215 2216/2216/2216 2221/2221/2221
f 2222/2222/2222 2221/2221/2221 2220/2220/2220
f 2219/2219/2219 2223/2223/2223 2220/2220/2220
f 2224/2224/2224 2220/2220/2220 2223/2223/2223
f 2220/2220/2220 2224/2224/2224 2225/2225/2225
f 2226/2226/2226 2225/2225/2225 2224/2224/2224
f 2217/2217/2217 2227/2227/2227 2218/2218/2218
f 2227/2227/2227 2228/2228/2228 2218/2218/2218
f 2218/2218/2218 2228/2228/2228 2219/2219/2219
f 2229/2229/2229 2219/2219/2219 2228/2228/2228
f 2219/2219/2219 2229/2229/2229 2223/2223/2223
f 2230/2230/2230 2223/2223/2223 2229/2229/2229
f 2229/2229/2229 2231/2231/2231 2230/2230/2230
f 2232/2232/2232 2230/2230/2230 2231/2231/2231
f 2232/2232/2232 2231/2231/2231 2233/2233/2233
f 2231/2231/2231 2234/2234/2234 2233/2233/2233
f 2233/2233/2233 2234/2234/2234 2235/2235/2235
f 2236/2236/2236 2235/2235/2235 2234/2234/2234
f 2236/2236/2236 2237/2237/2237 2235/2235/2235
f 2237/2237/2237 2236/2236/2236 2238/2238/2238
f 2239/2239/2239 2238/2238/2238 2236/2236/2236
f 2240/2240/2240 2238/2238/2238 2239/2239/2239
f 2241/2241/2241 2238/2238/2238 2240/2240/2240
f 2242/2242/2242 2235/2235/2235 2237/2237/2237
f 2241/2241/2241 2243/2243/2243 2238/2238/2238
f 2238/2238/2238 2243/2243/2243 2237/2237/2237
f 2243/2243/2243 2241/2241/2241 2244/2244/2244
f 2237/2237/2237 2243/2243/2243 2245/2245/2245
f 2237/2237/2237 2245/2245/2245 2242/2242/2242
f 2242/2242/2242 2245/2245/2245 2246/2246/2246
f 2246/2246/2246 2245/2245/2245 2247/2247/2247
f 2248/2248/2248 2247/2247/2247 2245/2245/2245
f 2247/2247/2247 2248/2248/2248 2249/2249/2249
f 2250/2250/2250 2249/2249/2249 2248/2248/2248
f 2250/2250/2250 2251/2251/2251 2249/2249/2249
f 2252/2252/2252 2249/2249/2249 2251/2251/2251
f 2251/2251/2251 2253/2253/2253 2252/2252/2252
f 2254/2254/2254 2252/2252/2252 2253/2253/2253
f 2248/2248/2248 2255/2255/2255 2250/2250/2250
f 2245/2245/2245 2255/2255/2255 2248/2248/2248
f 2243/2243/2243 2255/2255/2255 2245/2245/2245
f 2255/2255/2255 2243/2243/2243 2244/2244/2244
f 2256/2256/2256 2250/2250/2250 2255/2255/2255
f 2250/2250/2250 2257/2257/2257 2251/2251/2251
f 2255/2255/2255 2244/2244/2244 2258/2258/2258
f 2255/2255/2255 2258/2258/2258 2259/2259/2259
f 2253/2253/2253 2251/2251/2251 2260/2260/2260
f 2261/2261/2261 2260/2260/2260 2251/2251/2251
f 2251/2251/2251 2257/2257/2257 2261/2261/2261
f 2260/2260/2260 2261/2261/2261 2262/2262/2262
f 2263/2263/2263 2262/2262/2262 2261/2261/2261
f 2261/2261/2261 2257/2257/2257 2263/2263/2263
f 2249/2249/2249 2252/2252/2252 2264/2264/2264
f 2247/2247/2247 2249/2249/2249 2264/2264/2264
f 2264/2264/2264 2265/2265/2265 2247/2247/2247
f 2246/2246/2246 2247/2247/2247 2265/2265/2265
f 2264/2264/2264 2266/2266/2266 2265/2265/2265
f 2266/2266/2266 2264/2264/2264 2267/2267/2267
f 2264/2264/2264 2268/2268/2268 2267/2267/2267
f 2268/2268/2268 2264/2264/2264 2252/2252/2252
f 2252/2252/2252 2254/2254/2254 2268/2268/2268
f 2269/2269/2269 2267/2267/2267 2268/2268/2268
f 2268/2268/2268 2270/2270/2270 2269/2269/2269
f 2270/2270/2270 2268/2268/2268 2254/2254/2254
f 2271/2271/2271 2269/2269/2269 2270/2270/2270
f 2269/2269/2269 2272/2272/2272 2267/2267/2267
f 2266/2266/2266 2267/2267/2267 2272/2272/2272
f 2269/2269/2269 2271/2271/2271 2272/2272/2272
f 2273/2273/2273 2272/2272/2272 2271/2271/2271
f 2272/2272/2272 2273/2273/2273 2274/2274/2274
f 2275/2275/2275 2274/2274/2274 2273/2273/2273
f 2274/2274/2274 2275/2275/2275 2276/2276/2276
f 2277/2277/2277 2276/2276/2276 2275/2275/2275
f 2276/2276/2276 2277/2277/2277 2278/2278/2278
f 2279/2279/2279 2278/2278/2278 2277/2277/2277
f 2276/2276/2276 2278/2278/2278 2280/2280/2280
f 2274/2274/2274 2276/2276/2276 2280/2280/2280
f 2281/2281/2281 2280/2280/2280 2278/2278/2278
f 2280/2280/2280 2281/2281/2281 2282/2282/2282
f 2283/2283/2283 2282/2282/2282 2281/2281/2281
f 2280/2280/2280 2282/2282/2282 2284/2284/2284
f 2280/2280/2280 2284/2284/2284 2274/2274/2274
f 2274/2274/2274 2284/2284/2284 2272/2272/2272
f 2285/2285/2285 2284/2284/2284 2282/2282/2282
f 2266/2266/2266 2272/2272/2272 2284/2284/2284
f 2284/2284/2284 2285/2285/2285 2266/2266/2266
f 2265/2265/2265 2266/2266/2266 2285/2285/2285
f 2283/2283/2283 2281/2281/2281 2286/2286/2286
f 2287/2287/2287 2286/2286/2286 2281/2281/2281
f 2281/2281/2281 2278/2278/2278 2287/2287/2287
f 2279/2279/2279 2288/2288/2288 2278/2278/2278
f 2289/2289/2289 2278/2278/2278 2288/2288/2288
f 2289/2289/2289 2287/2287/2287 2278/2278/2278
f 2290/2290/2290 2286/2286/2286 2287/2287/2287
f 2291/2291/2291 2290/2290/2290 2287/2287/2287
f 2287/2287/2287 2289/2289/2289 2291/2291/2291
f 2288/2288/2288 2292/2292/2292 2289/2289/2289
f 2293/2293/2293 2289/2289/2289 2292/2292/2292
f 2293/2293/2293 2291/2291/2291 2289/2289/2289
f 2294/2294/2294 2293/2293/2293 2292/2292/2292
f 2292/2292/2292 2295/2295/2295 2294/2294/2294
f 2296/2296/2296 2294/2294/2294 2295/2295/2295
f 2296/2296/2296 2297/2297/2297 2294/2294/2294
f 2296/2296/2296 2298/2298/2298 2297/2297/2297
f 2298/2298/2298 2296/2296/2296 2299/2299/2299
f 2300/2300/2300 2299/2299/2299 2296/2296/2296
f 2295/2295/2295 2300/2300/2300 2296/2296/2296
f 2301/2301/2301 2297/2297/2297 2298/2298/2298
f 2301/2301/2301 2302/2302/2302 2297/2297/2297
f 2302/2302/2302 2290/2290/2290 2291/2291/2291
f 2303/2303/2303 2297/2297/2297 2302/2302/2302
f 2303/2303/2303 2294/2294/2294 2297/2297/2297
f 2303/2303/2303 2291/2291/2291 2293/2293/2293
f 2294/2294/2294 2303/2303/2303 2293/2293/2293
f 2303/2303/2303 2302/2302/2302 2291/2291/2291
f 2299/2299/2299 2226/2226/2226 2298/2298/2298
f 2224/2224/2224 2298/2298/2298 2226/2226/2226
f 2298/2298/2298 2224/2224/2224 2301/2301/2301
f 2223/2223/2223 2301/2301/2301 2224/2224/2224
f 2223/2223/2223 2230/2230/2230 2301/2301/2301
f 2302/2302/2302 2301/2301/2301 2230/2230/2230
f 2230/2230/2230 2232/2232/2232 2302/2302/2302
f 2290/2290/2290 2302/2302/2302 2232/2232/2232
f 2290/2290/2290 2232/2232/2232 2286/2286/2286
f 2232/2232/2232 2233/2233/2233 2286/2286/2286
f 2286/2286/2286 2233/2233/2233 2283/2283/2283
f 2235/2235/2235 2283/2283/2283 2233/2233/2233
f 2235/2235/2235 2242/2242/2242 2283/2283/2283
f 2282/2282/2282 2283/2283/2283 2242/2242/2242
f 2285/2285/2285 2282/2282/2282 2242/2242/2242
f 2242/2242/2242 2246/2246/2246 2285/2285/2285
f 2265/2265/2265 2285/2285/2285 2246/2246/2246
f 2306/2306/2306 2305/2305/2305 2304/2304/2304
f 2304/2304/2304 2305/2305/2305 2307/2307/2307
f 2307/2307/2307 2308/2308/2308 2304/2304/2304
f 2309/2309/2309 2307/2307/2307 2305/2305/2305
f 2312/2312/2312 2311/2311/2311 2310/2310/2310
f 2315/2315/2315 2314/2314/2314 2313/2313/2313
f 2313/2313/2313 2316/2316/2316 2315/2315/2315
f 2319/2319/2319 2318/2318/2318 2317/2317/2317
f 2317/2317/2317 2321/2321/2321 2320/2320/2320
f 2324/2324/2324 2323/2323/2323 2322/2322/2322
f 2327/2327/2327 2326/2326/2326 2325/2325/2325
f 2330/2330/2330 2329/2329/2329 2328/2328/2328
f 2330/2330/2330 2328/2328/2328 2331/2331/2331
f 2328/2328/2328 2332/2332/2332 2331/2331/2331
f 2333/2333/2333 2331/2331/2331 2332/2332/2332
f 2332/2332/2332 2328/2328/2328 2334/2334/2334
f 2328/2328/2328 2335/2335/2335 2334/2334/2334
f 2332/2332/2332 2334/2334/2334 2336/2336/2336
f 2336/2336/2336 2007/2007/2007 2332/2332/2332
f 2333/2333/2333 2332/2332/2332 2007/2007/2007
f 2328/2328/2328 2337/2337/2337 2335/2335/2335
f 2329/2329/2329 2337/2337/2337 2328/2328/2328
f 2329/2329/2329 2338/2338/2338 2337/2337/2337
f 2338/2338/2338 2339/2339/2339 2337/2337/2337
f 2338/2338/2338 2340/2340/2340 2339/2339/2339
f 2007/2007/2007 2336/2336/2336 2026/2026/2026
f 2027/2027/2027 2026/2026/2026 2336/2336/2336
f 2336/2336/2336 2029/2029/2029 2027/2027/2027
f 2336/2336/2336 2341/2341/2341 2029/2029/2029
f 2341/2341/2341 2336/2336/2336 2342/2342/2342
f 2007/2007/2007 2026/2026/2026 2015/2015/2015
f 2344/2344/2344 2343/2343/2343 2333/2333/2333
f 2347/2347/2347 2346/2346/2346 2345/2345/2345
f 2350/2350/2350 2349/2349/2349 2348/2348/2348
f 2350/2350/2350 2351/2351/2351 2349/2349/2349
f 2354/2354/2354 2353/2353/2353 2352/2352/2352
f 2355/2355/2355 2352/2352/2352 2353/2353/2353
f 2358/2358/2358 2357/2357/2357 2356/2356/2356
f 2359/2359/2359 2358/2358/2358 2356/2356/2356
f 2356/2356/2356 2357/2357/2357 2360/2360/2360
f 2361/2361/2361 2360/2360/2360 2357/2357/2357
f 2360/2360/2360 2361/2361/2361 2362/2362/2362
f 2365/2365/2365 2364/2364/2364 2363/2363/2363
f 2366/2366/2366 2365/2365/2365 2363/2363/2363
f 2367/2367/2367 2365/2365/2365 2366/2366/2366
f 2365/2365/2365 2368/2368/2368 2364/2364/2364
f 2369/2369/2369 2365/2365/2365 2367/2367/2367
f 2372/2372/2372 2371/2371/2371 2370/2370/2370
f 2371/2371/2371 2372/2372/2372 2373/2373/2373
f 2374/2374/2374 2373/2373/2373 2372/2372/2372
f 2374/2374/2374 2375/2375/2375 2373/2373/2373
f 2375/2375/2375 2376/2376/2376 2373/2373/2373
f 2376/2376/2376 2377/2377/2377 2373/2373/2373
f 2380/2380/2380 2379/2379/2379 2378/2378/2378
f 2380/2380/2380 2378/2378/2378 2381/2381/2381
f 2382/2382/2382 2381/2381/2381 2378/2378/2378
f 2382/2382/2382 2383/2383/2383 2381/2381/2381
f 2386/2386/2386 2385/2385/2385 2384/2384/2384
f 2387/2387/2387 2384/2384/2384 2385/2385/2385
f 2389/2389/2389 2384/2384/2384 2388/2388/2388
f 2392/2392/2392 2391/2391/2391 2390/2390/2390
f 2393/2393/2393 2392/2392/2392 2390/2390/2390
f 2394/2394/2394 2393/2393/2393 2390/2390/2390
f 2395/2395/2395 2394/2394/2394 2390/2390/2390
f 2396/2396/2396 2395/2395/2395 2390/2390/2390
f 2399/2399/2399 2398/2398/2398 2397/2397/2397
f 2399/2399/2399 2397/2397/2397 2400/2400/2400
f 2401/2401/2401 2400/2400/2400 2397/2397/2397
f 2401/2401/2401 2402/2402/2402 2400/2400/2400
f 2405/2405/2405 2404/2404/2404 2403/2403/2403
f 2407/2407/2407 2052/2052/2052 2406/2406/2406
f 2407/2407/2407 2406/2406/2406 2408/2408/2408
f 2052/2052/2052 2407/2407/2407 2409/2409/2409
f 2410/2410/2410 2052/2052/2052 2409/2409/2409
f 2050/2050/2050 2052/2052/2052 2410/2410/2410
f 2410/2410/2410 2056/2056/2056 2050/2050/2050
f 2407/2407/2407 2411/2411/2411 2409/2409/2409
f 2412/2412/2412 2411/2411/2411 2407/2407/2407
f 2407/2407/2407 2408/2408/2408 2412/2412/2412
f 2411/2411/2411 2412/2412/2412 2413/2413/2413
f 2413/2413/2413 2412/2412/2412 2414/2414/2414
f 2413/2413/2413 2414/2414/2414 2415/2415/2415
f 2414/2414/2414 2416/2416/2416 2415/2415/2415
f 2416/2416/2416 2414/2414/2414 2417/2417/2417
f 2418/2418/2418 2417/2417/2417 2414/2414/2414
f 2412/2412/2412 2418/2418/2418 2414/2414/2414
f 2419/2419/2419 2415/2415/2415 2416/2416/2416
f 2415/2415/2415 2419/2419/2419 2420/2420/2420
f 2421/2421/2421 2420/2420/2420 2419/2419/2419
f 2417/2417/2417 2418/2418/2418 2422/2422/2422
f 2423/2423/2423 2422/2422/2422 2418/2418/2418
f 2422/2422/2422 2423/2423/2423 2424/2424/2424
f 2425/2425/2425 2424/2424/2424 2423/2423/2423
f 2425/2425/2425 2426/2426/2426 2424/2424/2424
f 2427/2427/2427 2426/2426/2426 2425/2425/2425
f 2420/2420/2420 2421/2421/2421 2428/2428/2428
f 2429/2429/2429 2415/2415/2415 2420/2420/2420
f 2429/2429/2429 2413/2413/2413 2415/2415/2415
f 2423/2423/2423 2430/2430/2430 2425/2425/2425
f 2431/2431/2431 2425/2425/2425 2430/2430/2430
f 2432/2432/2432 2427/2427/2427 2425/2425/2425
f 2432/2432/2432 2433/2433/2433 2427/2427/2427
f 2426/2426/2426 2427/2427/2427 2434/2434/2434
f 2435/2435/2435 2434/2434/2434 2427/2427/2427
f 2427/2427/2427 2433/2433/2433 2435/2435/2435
f 2435/2435/2435 2436/2436/2436 2434/2434/2434
f 2437/2437/2437 2436/2436/2436 2435/2435/2435
f 2433/2433/2433 2437/2437/2437 2435/2435/2435
f 2436/2436/2436 2437/2437/2437 2438/2438/2438
f 2439/2439/2439 2438/2438/2438 2437/2437/2437
f 2437/2437/2437 2433/2433/2433 2439/2439/2439
f 2439/2439/2439 2440/2440/2440 2438/2438/2438
f 2441/2441/2441 2438/2438/2438 2440/2440/2440
f 2440/2440/2440 2442/2442/2442 2441/2441/2441
f 2443/2443/2443 2442/2442/2442 2440/2440/2440
f 2440/2440/2440 2444/2444/2444 2443/2443/2443
f 2440/2440/2440 2439/2439/2439 2444/2444/2444
f 2433/2433/2433 2444/2444/2444 2439/2439/2439
f 2443/2443/2443 2444/2444/2444 2208/2208/2208
f 2443/2443/2443 2208/2208/2208 2442/2442/2442
f 2203/2203/2203 2208/2208/2208 2444/2444/2444
f 2205/2205/2205 2203/2203/2203 2444/2444/2444
f 2445/2445/2445 2444/2444/2444 2433/2433/2433
f 2446/2446/2446 2441/2441/2441 2442/2442/2442
f 2447/2447/2447 2446/2446/2446 2442/2442/2442
f 2212/2212/2212 2447/2447/2447 2442/2442/2442
f 2442/2442/2442 2210/2210/2210 2212/2212/2212
f 2210/2210/2210 2442/2442/2442 2208/2208/2208
f 2450/2450/2450 2449/2449/2449 2448/2448/2448
f 2449/2449/2449 2450/2450/2450 2451/2451/2451
f 2452/2452/2452 2451/2451/2451 2450/2450/2450
f 2450/2450/2450 2453/2453/2453 2452/2452/2452
f 2452/2452/2452 2453/2453/2453 2454/2454/2454
f 2454/2454/2454 2455/2455/2455 2452/2452/2452
f 2451/2451/2451 2452/2452/2452 2455/2455/2455
f 2453/2453/2453 2450/2450/2450 2456/2456/2456
f 2456/2456/2456 2457/2457/2457 2453/2453/2453
f 2457/2457/2457 2456/2456/2456 2458/2458/2458
f 2457/2457/2457 2458/2458/2458 2459/2459/2459
f 2453/2453/2453 2457/2457/2457 2460/2460/2460
f 2453/2453/2453 2460/2460/2460 2461/2461/2461
f 2457/2457/2457 2462/2462/2462 2460/2460/2460
f 2458/2458/2458 2456/2456/2456 2463/2463/2463
f 2458/2458/2458 2463/2463/2463 2464/2464/2464
f 2458/2458/2458 2464/2464/2464 2465/2465/2465
f 2466/2466/2466 2464/2464/2464 2463/2463/2463
f 2464/2464/2464 2466/2466/2466 2467/2467/2467
f 2464/2464/2464 2467/2467/2467 2468/2468/2468
f 2456/2456/2456 2469/2469/2469 2463/2463/2463
f 2469/2469/2469 2456/2456/2456 2450/2450/2450
f 2467/2467/2467 2470/2470/2470 2468/2468/2468
f 2467/2467/2467 2471/2471/2471 2470/2470/2470
f 2471/2471/2471 2467/2467/2467 2466/2466/2466
f 2472/2472/2472 2470/2470/2470 2471/2471/2471
f 2472/2472/2472 2473/2473/2473 2470/2470/2470
f 2473/2473/2473 2474/2474/2474 2470/2470/2470
f 2473/2473/2473 2472/2472/2472 2475/2475/2475
f 2476/2476/2476 2470/2470/2470 2474/2474/2474
f 2479/2479/2479 2478/2478/2478 2477/2477/2477
f 2480/2480/2480 2477/2477/2477 2478/2478/2478
f 2477/2477/2477 2481/2481/2481 2479/2479/2479
f 2482/2482/2482 2479/2479/2479 2481/2481/2481
f 2477/2477/2477 2483/2483/2483 2481/2481/2481
f 2477/2477/2477 2484/2484/2484 2483/2483/2483
f 2481/2481/2481 2485/2485/2485 2482/2482/2482
f 2481/2481/2481 2486/2486/2486 2485/2485/2485
f 2486/2486/2486 2481/2481/2481 2487/2487/2487
f 2490/2490/2490 2489/2489/2489 2488/2488/2488
f 2488/2488/2488 2489/2489/2489 2491/2491/2491
f 2494/2494/2494 2493/2493/2493 2492/2492/2492
f 2497/2497/2497 2496/2496/2496 2495/2495/2495
f 2495/2495/2495 2498/2498/2498 2497/2497/2497
f 2495/2495/2495 2187/2187/2187 2206/2206/2206
f 2187/2187/2187 2185/2185/2185 2206/2206/2206
f 2183/2183/2183 2200/2200/2200 2185/2185/2185
f 2183/2183/2183 2188/2188/2188 2200/2200/2200
f 2501/2501/2501 2500/2500/2500 2499/2499/2499
f 2504/2504/2504 2503/2503/2503 2502/2502/2502
f 2507/2507/2507 2506/2506/2506 2505/2505/2505
f 2509/2509/2509 2508/2508/2508 2458/2458/2458
f 2512/2512/2512 2511/2511/2511 2510/2510/2510
f 2515/2515/2515 2514/2514/2514 2513/2513/2513
f 2515/2515/2515 2516/2516/2516 2514/2514/2514
f 2519/2519/2519 2518/2518/2518 2517/2517/2517
f 2519/2519/2519 2520/2520/2520 2518/2518/2518
f 2521/2521/2521 2518/2518/2518 2520/2520/2520
f 2524/2524/2524 2523/2523/2523 2522/2522/2522
f 2525/2525/2525 2523/2523/2523 2524/2524/2524
f 2528/2528/2528 2527/2527/2527 2526/2526/2526
f 2526/2526/2526 2527/2527/2527 2529/2529/2529
f 2532/2532/2532 2531/2531/2531 2530/2530/2530
f 2535/2535/2535 2534/2534/2534 2533/2533/2533
f 2536/2536/2536 2534/2534/2534 2535/2535/2535
f 2539/2539/2539 2538/2538/2538 2537/2537/2537
f 2540/2540/2540 2539/2539/2539 2537/2537/2537
f 2539/2539/2539 2540/2540/2540 2541/2541/2541
f 2542/2542/2542 2541/2541/2541 2540/2540/2540
f 2541/2541/2541 2543/2543/2543 2539/2539/2539
f 2543/2543/2543 2544/2544/2544 2539/2539/2539
f 2541/2541/2541 2545/2545/2545 2543/2543/2543
f 2546/2546/2546 2545/2545/2545 2541/2541/2541
f 2537/2537/2537 2547/2547/2547 2540/2540/2540
f 2548/2548/2548 2540/2540/2540 2547/2547/2547
f 2549/2549/2549 2545/2545/2545 2546/2546/2546
f 2552/2552/2552 2551/2551/2551 2550/2550/2550
f 2551/2551/2551 2552/2552/2552 2553/2553/2553
f 2556/2556/2556 2555/2555/2555 2554/2554/2554
f 2556/2556/2556 2554/2554/2554 2557/2557/2557
f 2555/2555/2555 2556/2556/2556 2558/2558/2558
f 2557/2557/2557 2554/2554/2554 2559/2559/2559
f 2562/2562/2562 2561/2561/2561 2560/2560/2560
f 2564/2564/2564 2563/2563/2563 2561/2561/2561
f 2565/2565/2565 2564/2564/2564 2561/2561/2561
f 2565/2565/2565 2561/2561/2561 2566/2566/2566
f 2568/2568/2568 2565/2565/2565 2567/2567/2567
f 2568/2568/2568 2566/2566/2566 2569/2569/2569
f 2571/2571/2571 2563/2563/2563 2570/2570/2570
f 2573/2573/2573 2572/2572/2572 2570/2570/2570
f 2574/2574/2574 2570/2570/2570 2572/2572/2572
f 2575/2575/2575 2573/2573/2573 2570/2570/2570
f 2570/2570/2570 2576/2576/2576 2575/2575/2575
f 2572/2572/2572 2577/2577/2577 2574/2574/2574
f 2574/2574/2574 2577/2577/2577 2578/2578/2578
f 2578/2578/2578 2579/2579/2579 2574/2574/2574
f 2574/2574/2574 2579/2579/2579 2570/2570/2570
f 2578/2578/2578 2577/2577/2577 2580/2580/2580
f 2581/2581/2581 2580/2580/2580 2577/2577/2577
f 2580/2580/2580 2582/2582/2582 2578/2578/2578
f 2579/2579/2579 2578/2578/2578 2582/2582/2582
f 2580/2580/2580 2581/2581/2581 2263/2263/2263
f 2262/2262/2262 2263/2263/2263 2581/2581/2581
f 2263/2263/2263 2583/2583/2583 2580/2580/2580
f 2582/2582/2582 2580/2580/2580 2583/2583/2583
f 2585/2585/2585 2584/2584/2584 2258/2258/2258
f 2584/2584/2584 2259/2259/2259 2258/2258/2258
f 2585/2585/2585 2258/2258/2258 2586/2586/2586
f 2258/2258/2258 2197/2197/2197 2586/2586/2586
f 2258/2258/2258 2244/2244/2244 2197/2197/2197
f 2244/2244/2244 2195/2195/2195 2197/2197/2197
f 2195/2195/2195 2244/2244/2244 2241/2241/2241
f 2195/2195/2195 2241/2241/2241 2194/2194/2194
f 2194/2194/2194 2241/2241/2241 2240/2240/2240
f 2240/2240/2240 2587/2587/2587 2194/2194/2194
f 2240/2240/2240 2239/2239/2239 2587/2587/2587
f 2588/2588/2588 2587/2587/2587 2239/2239/2239
f 2239/2239/2239 2236/2236/2236 2588/2588/2588
f 2234/2234/2234 2588/2588/2588 2236/2236/2236
f 2588/2588/2588 2589/2589/2589 2587/2587/2587
f 2589/2589/2589 2588/2588/2588 2234/2234/2234
f 2590/2590/2590 2587/2587/2587 2589/2589/2589
f 2589/2589/2589 2234/2234/2234 2231/2231/2231
f 2231/2231/2231 2229/2229/2229 2589/2589/2589
f 2228/2228/2228 2589/2589/2589 2229/2229/2229
f 2589/2589/2589 2228/2228/2228 2590/2590/2590
f 2227/2227/2227 2590/2590/2590 2228/2228/2228
f 2590/2590/2590 2227/2227/2227 2202/2202/2202
f 2204/2204/2204 2202/2202/2202 2227/2227/2227
f 2204/2204/2204 2227/2227/2227 2217/2217/2217
f 2587/2587/2587 2590/2590/2590 2199/2199/2199
f 2202/2202/2202 2199/2199/2199 2590/2590/2590
f 2199/2199/2199 2194/2194/2194 2587/2587/2587
f 2593/2593/2593 2592/2592/2592 2591/2591/2591
f 2591/2591/2591 2594/2594/2594 2593/2593/2593
f 2595/2595/2595 2593/2593/2593 2594/2594/2594
f 2597/2597/2597 2594/2594/2594 2596/2596/2596
f 2600/2600/2600 2599/2599/2599 2598/2598/2598
f 2603/2603/2603 2602/2602/2602 2601/2601/2601
f 2606/2606/2606 2605/2605/2605 2604/2604/2604
f 2604/2604/2604 2607/2607/2607 2606/2606/2606
f 2610/2610/2610 2609/2609/2609 2608/2608/2608
f 2610/2610/2610 2608/2608/2608 2611/2611/2611
f 2609/2609/2609 2610/2610/2610 2612/2612/2612
f 2611/2611/2611 2608/2608/2608 2613/2613/2613
f 2611/2611/2611 2613/2613/2613 2614/2614/2614
f 2617/2617/2617 2616/2616/2616 2615/2615/2615
f 2620/2620/2620 2619/2619/2619 2618/2618/2618
f 2623/2623/2623 2622/2622/2622 2621/2621/2621
f 2626/2626/2626 2625/2625/2625 2624/2624/2624
f 2629/2629/2629 2628/2628/2628 2627/2627/2627
f 2632/2632/2632 2631/2631/2631 2630/2630/2630
f 2635/2635/2635 2634/2634/2634 2633/2633/2633
f 2635/2635/2635 2633/2633/2633 2636/2636/2636
f 2639/2639/2639 2638/2638/2638 2637/2637/2637
f 2639/2639/2639 2637/2637/2637 2640/2640/2640
f 2641/2641/2641 2640/2640/2640 2637/2637/2637
f 2643/2643/2643 2641/2641/2641 2642/2642/2642
f 2646/2646/2646 2645/2645/2645 2644/2644/2644
f 2647/2647/2647 2646/2646/2646 2644/2644/2644
f 2647/2647/2647 2644/2644/2644 2648/2648/2648
f 2648/2648/2648 2644/2644/2644 2649/2649/2649
f 2648/2648/2648 2649/2649/2649 2650/2650/2650
f 2653/2653/2653 2652/2652/2652 2651/2651/2651
f 2654/2654/2654 2652/2652/2652 2653/2653/2653
f 2657/2657/2657 2656/2656/2656 2655/2655/2655
f 2656/2656/2656 2659/2659/2659 2658/2658/2658
f 2662/2662/2662 2661/2661/2661 2660/2660/2660
f 2661/2661/2661 2662/2662/2662 2663/2663/2663
f 2666/2666/2666 2665/2665/2665 2664/2664/2664
f 2665/2665/2665 2666/2666/2666 2667/2667/2667
f 2670/2670/2670 2669/2669/2669 2668/2668/2668
f 2669/2669/2669 2670/2670/2670 2671/2671/2671
f 2672/2672/2672 2671/2671/2671 2670/2670/2670
f 2671/2671/2671 2672/2672/2672 2673/2673/2673
f 2674/2674/2674 2673/2673/2673 2672/2672/2672
f 2673/2673/2673 2674/2674/2674 2675/2675/2675
f 2676/2676/2676 2675/2675/2675 2674/2674/2674
f 2675/2675/2675 2676/2676/2676 2677/2677/2677
f 2678/2678/2678 2677/2677/2677 2676/2676/2676
f 2681/2681/2681 2680/2680/2680 2679/2679/2679
f 2682/2682/2682 2681/2681/2681 2679/2679/2679
f 2685/2685/2685 2684/2684/2684 2683/2683/2683
f 2688/2688/2688 2687/2687/2687 2686/2686/2686
f 2691/2691/2691 2690/2690/2690 2689/2689/2689
f 2693/2693/2693 2692/2692/2692 2690/2690/2690
f 2696/2696/2696 2695/2695/2695 2694/2694/2694
f 2697/2697/2697 2694/2694/2694 2695/2695/2695
f 2700/2700/2700 2699/2699/2699 2698/2698/2698
f 2701/2701/2701 2698/2698/2698 2699/2699/2699
f 2704/2704/2704 2703/2703/2703 2702/2702/2702
f 2707/2707/2707 2706/2706/2706 2705/2705/2705
f 2705/2705/2705 2708/2708/2708 2707/2707/2707
f 2705/2705/2705 2706/2706/2706 2709/2709/2709
f 2705/2705/2705 2709/2709/2709 2710/2710/2710
f 2708/2708/2708 2705/2705/2705 2711/2711/2711
f 2711/2711/2711 2705/2705/2705 2710/2710/2710
f 2708/2708/2708 2711/2711/2711 2712/2712/2712
f 2713/2713/2713 2712/2712/2712 2711/2711/2711
f 2712/2712/2712 2713/2713/2713 2714/2714/2714
f 2714/2714/2714 2715/2715/2715 2712/2712/2712
f 2715/2715/2715 2714/2714/2714 2716/2716/2716
f 2716/2716/2716 2717/2717/2717 2715/2715/2715
f 2718/2718/2718 2715/2715/2715 2717/2717/2717
f 2718/2718/2718 2717/2717/2717 2719/2719/2719
f 2720/2720/2720 2719/2719/2719 2717/2717/2717
f 2710/2710/2710 2721/2721/2721 2711/2711/2711
f 2711/2711/2711 2721/2721/2721 2713/2713/2713
f 2722/2722/2722 2720/2720/2720 2717/2717/2717
f 2725/2725/2725 2724/2724/2724 2723/2723/2723
f 2726/2726/2726 2723/2723/2723 2724/2724/2724
f 2728/2728/2728 2723/2723/2723 2727/2727/2727
f 2731/2731/2731 2730/2730/2730 2729/2729/2729
f 2729/2729/2729 2730/2730/2730 2732/2732/2732
f 2730/2730/2730 2733/2733/2733 2732/2732/2732
f 2730/2730/2730 2734/2734/2734 2733/2733/2733
f 2735/2735/2735 2733/2733/2733 2734/2734/2734
f 2734/2734/2734 2736/2736/2736 2735/2735/2735
f 2732/2732/2732 2737/2737/2737 2729/2729/2729
f 2738/2738/2738 2729/2729/2729 2737/2737/2737
f 2738/2738/2738 2737/2737/2737 2739/2739/2739
f 2740/2740/2740 2729/2729/2729 2738/2738/2738
f 2743/2743/2743 2742/2742/2742 2741/2741/2741
f 2746/2746/2746 2745/2745/2745 2744/2744/2744
f 2747/2747/2747 2746/2746/2746 2744/2744/2744
f 2749/2749/2749 2455/2455/2455 2748/2748/2748
f 2752/2752/2752 2751/2751/2751 2750/2750/2750
f 2022/2022/2022 2063/2063/2063 2753/2753/2753
f 2023/2023/2023 2022/2022/2022 2753/2753/2753
f 2023/2023/2023 2753/2753/2753 2754/2754/2754
f 2022/2022/2022 2024/2024/2024 2063/2063/2063
f 2066/2066/2066 2063/2063/2063 2024/2024/2024
f 2066/2066/2066 2024/2024/2024 2041/2041/2041
f 2024/2024/2024 2033/2033/2033 2041/2041/2041
f 2066/2066/2066 2041/2041/2041 2042/2042/2042
f 2756/2756/2756 2755/2755/2755 2023/2023/2023
f 2021/2021/2021 2023/2023/2023 2755/2755/2755
f 2757/2757/2757 2021/2021/2021 2755/2755/2755
f 2758/2758/2758 2021/2021/2021 2757/2757/2757
f 2758/2758/2758 2759/2759/2759 2021/2021/2021
f 2759/2759/2759 2020/2020/2020 2021/2021/2021
f 2760/2760/2760 2020/2020/2020 2759/2759/2759
f 2020/2020/2020 2760/2760/2760 2014/2014/2014
f 2761/2761/2761 2014/2014/2014 2760/2760/2760
f 2761/2761/2761 2762/2762/2762 2014/2014/2014
f 2013/2013/2013 2014/2014/2014 2762/2762/2762
f 2762/2762/2762 2763/2763/2763 2013/2013/2013
f 2012/2012/2012 2013/2013/2013 2764/2764/2764
f 2012/2012/2012 2765/2765/2765 2010/2010/2010
f 2003/2003/2003 2010/2010/2010 2765/2765/2765
f 2767/2767/2767 2766/2766/2766 2003/2003/2003
f 2002/2002/2002 2003/2003/2003 2766/2766/2766
f 2768/2768/2768 2065/2065/2065 2074/2074/2074
f 2770/2770/2770 2065/2065/2065 2769/2769/2769
f 2065/2065/2065 2770/2770/2770 2771/2771/2771
f 2771/2771/2771 2064/2064/2064 2065/2065/2065
f 2774/2774/2774 2773/2773/2773 2772/2772/2772
f 2777/2777/2777 2776/2776/2776 2775/2775/2775
f 2776/2776/2776 2777/2777/2777 2778/2778/2778
f 2779/2779/2779 2778/2778/2778 2777/2777/2777
f 2779/2779/2779 2780/2780/2780 2778/2778/2778
f 2780/2780/2780 2779/2779/2779 2781/2781/2781
f 2783/2783/2783 2782/2782/2782 2775/2775/2775
f 2775/2775/2775 2782/2782/2782 2784/2784/2784
f 2787/2787/2787 2786/2786/2786 2785/2785/2785
f 2790/2790/2790 2789/2789/2789 2788/2788/2788
f 2788/2788/2788 2791/2791/2791 2790/2790/2790
f 2794/2794/2794 2793/2793/2793 2792/2792/2792
f 2797/2797/2797 2796/2796/2796 2795/2795/2795
f 2800/2800/2800 2799/2799/2799 2798/2798/2798
f 2801/2801/2801 2799/2799/2799 2800/2800/2800
f 2802/2802/2802 2798/2798/2798 2799/2799/2799
f 2799/2799/2799 2801/2801/2801 2803/2803/2803
f 2803/2803/2803 2801/2801/2801 2804/2804/2804
f 2805/2805/2805 2804/2804/2804 2801/2801/2801
f 2804/2804/2804 2805/2805/2805 2806/2806/2806
f 2809/2809/2809 2808/2808/2808 2807/2807/2807
f 2812/2812/2812 2811/2811/2811 2810/2810/2810
f 2811/2811/2811 2812/2812/2812 2813/2813/2813
f 2813/2813/2813 2814/2814/2814 2811/2811/2811
f 2814/2814/2814 2813/2813/2813 2815/2815/2815
f 2815/2815/2815 2816/2816/2816 2814/2814/2814
f 2817/2817/2817 2816/2816/2816 2815/2815/2815
f 2820/2820/2820 2819/2819/2819 2818/2818/2818
f 2821/2821/2821 2819/2819/2819 2820/2820/2820
f 2824/2824/2824 2823/2823/2823 2822/2822/2822
f 2825/2825/2825 2823/2823/2823 2824/2824/2824
f 2828/2828/2828 2827/2827/2827 2826/2826/2826
f 2018/2018/2018 2017/2017/2017 2033/2033/2033
f 2025/2025/2025 2033/2033/2033 2017/2017/2017
f 2042/2042/2042 2040/2040/2040 2058/2058/2058
f 2043/2043/2043 2058/2058/2058 2040/2040/2040
f 2831/2831/2831 2830/2830/2830 2829/2829/2829
f 2832/2832/2832 2220/2220/2220 2225/2225/2225
f 2222/2222/2222 2220/2220/2220 2832/2832/2832
f 2411/2411/2411 2833/2833/2833 2409/2409/2409
f 2833/2833/2833 2411/2411/2411 2413/2413/2413
f 2833/2833/2833 2413/2413/2413 2834/2834/2834
f 2834/2834/2834 2413/2413/2413 2429/2429/2429
f 2429/2429/2429 2835/2835/2835 2834/2834/2834
f 2835/2835/2835 2429/2429/2429 2836/2836/2836
f 2837/2837/2837 2836/2836/2836 2429/2429/2429
f 2420/2420/2420 2837/2837/2837 2429/2429/2429
f 2420/2420/2420 2428/2428/2428 2837/2837/2837
f 2412/2412/2412 2838/2838/2838 2418/2418/2418
f 2418/2418/2418 2839/2839/2839 2423/2423/2423
f 2430/2430/2430 2423/2423/2423 2839/2839/2839
f 2069/2069/2069 2056/2056/2056 2840/2840/2840
f 2843/2843/2843 2842/2842/2842 2841/2841/2841
f 2844/2844/2844 2585/2585/2585 2586/2586/2586
f 2844/2844/2844 2563/2563/2563 2845/2845/2845
f 2848/2848/2848 2847/2847/2847 2846/2846/2846
f 2846/2846/2846 2849/2849/2849 2848/2848/2848
f 2847/2847/2847 2850/2850/2850 2846/2846/2846
f 2851/2851/2851 2846/2846/2846 2850/2850/2850
f 2850/2850/2850 2852/2852/2852 2851/2851/2851
f 2853/2853/2853 2851/2851/2851 2852/2852/2852
f 2854/2854/2854 2853/2853/2853 2852/2852/2852
f 2852/2852/2852 2855/2855/2855 2854/2854/2854
f 2855/2855/2855 2856/2856/2856 2854/2854/2854
f 2857/2857/2857 2854/2854/2854 2856/2856/2856
f 2860/2860/2860 2859/2859/2859 2858/2858/2858
f 2861/2861/2861 2858/2858/2858 2859/2859/2859
f 2862/2862/2862 2861/2861/2861 2859/2859/2859
f 2859/2859/2859 2863/2863/2863 2862/2862/2862
f 2863/2863/2863 2864/2864/2864 2862/2862/2862
f 2865/2865/2865 2862/2862/2862 2864/2864/2864
f 2864/2864/2864 2866/2866/2866 2865/2865/2865
f 2867/2867/2867 2865/2865/2865 2866/2866/2866
f 2870/2870/2870 2869/2869/2869 2868/2868/2868
f 2872/2872/2872 1470/1470/1470 2871/2871/2871
f 2872/2872/2872 1466/1466/1466 1470/1470/1470
f 1470/1470/1470 1473/1473/1473 2871/2871/2871
f 1473/1473/1473 2873/2873/2873 2871/2871/2871
f 2873/2873/2873 1473/1473/1473 2874/2874/2874
f 2874/2874/2874 1473/1473/1473 1545/1545/1545
f 2874/2874/2874 1545/1545/1545 1550/1550/1550
f 2875/2875/2875 2871/2871/2871 2873/2873/2873
f 2878/2878/2878 2877/2877/2877 2876/2876/2876
f 2879/2879/2879 2876/2876/2876 2877/2877/2877
f 2876/2876/2876 2880/2880/2880 2878/2878/2878
f 2881/2881/2881 2878/2878/2878 2880/2880/2880
f 2881/2881/2881 2883/2883/2883 2882/2882/2882
f 2884/2884/2884 2882/2882/2882 2883/2883/2883
f 2884/2884/2884 2885/2885/2885 2882/2882/2882
f 2886/2886/2886 2882/2882/2882 2885/2885/2885
f 2885/2885/2885 2887/2887/2887 2886/2886/2886
f 2885/2885/2885 2884/2884/2884 2888/2888/2888
f 2889/2889/2889 2885/2885/2885 2888/2888/2888
f 2888/2888/2888 2890/2890/2890 2889/2889/2889
f 2891/2891/2891 2888/2888/2888 2884/2884/2884
f 2884/2884/2884 2892/2892/2892 2891/2891/2891
f 2893/2893/2893 2891/2891/2891 2892/2892/2892
f 2895/2895/2895 2894/2894/2894 2887/2887/2887
f 2898/2898/2898 2897/2897/2897 2896/2896/2896
f 2896/2896/2896 2899/2899/2899 2898/2898/2898
f 2902/2902/2902 2901/2901/2901 2900/2900/2900
f 2903/2903/2903 2900/2900/2900 2901/2901/2901
f 2901/2901/2901 2904/2904/2904 2903/2903/2903
f 2905/2905/2905 2903/2903/2903 2904/2904/2904
f 2905/2905/2905 2904/2904/2904 2906/2906/2906
f 2904/2904/2904 2907/2907/2907 2906/2906/2906
