g GVG_Stove_mesh
v 321.1816 235.1641 -138.6564
v 324.1646 228.8849 -138.1035
v 314.1277 235.1503 -125.9316
v 316.6972 228.8722 -124.6154
v 308.7988 237.7195 -129.5485
v 315.0732 237.7195 -140.8865
v 325.167 235.183 -152.884
v 318.6302 237.7195 -153.6315
v 328.3664 228.9061 -153.1302
v 325.9113 235.2048 -168.0461
v 319.2898 237.7195 -167.336
v 329.1407 228.9349 -169.0492
v 323.3701 235.2267 -183.5252
v 316.9576 237.7195 -181.4707
v 326.4827 228.9672 -185.1882
v 318.9785 235.2416 -195.1328
v 313.0168 237.7195 -191.8689
v 323.1039 228.9846 -194.1045
v 310.1994 235.2613 -209.6931
v 304.839 237.7195 -205.4416
v 312.8278 229.0224 -212.3205
v 296.6747 235.271 -224.5823
v 292.0635 237.7195 -219.4866
v 299.0002 229.0378 -227.5389
v 283.1065 235.2749 -234.7714
v 279.3621 237.7195 -228.9908
v 285.0985 229.0423 -237.987
v 268.1739 235.2747 -242.6923
v 265.4102 237.7195 -236.3842
v 269.787 229.0423 -246.1121
v 252.5518 235.2699 -246.7868
v 250.8856 237.7195 -240.121
v 253.7181 229.0358 -250.3563
v 236.6929 235.2594 -250.1534
v 236.2402 237.7195 -243.3287
v 237.3265 229.0188 -253.7993
v 222.7296 235.2444 -250.3059
v 221.7896 237.7195 -243.9842
v 222.7417 228.9939 -253.9198
v 206.0368 235.2264 -246.6906
v 208.2594 237.7195 -240.3294
v 205.3616 228.965 -250.1232
v 192.782 235.208 -239.7455
v 196.3367 237.7195 -234.0935
v 191.4047 228.937 -242.8157
v 181.6969 235.1916 -230.1821
v 186.4397 237.7195 -225.5669
v 179.6748 228.9139 -232.7044
v 173.2186 235.1792 -218.3897
v 178.8913 237.7195 -215.0781
v 170.683 228.8977 -220.2126
v 167.683 235.1713 -204.838
v 173.9493 237.7195 -202.9856
v 164.8164 228.8881 -205.8773
v 165.3176 235.1676 -190.0651
v 171.8229 237.7195 -189.6997
v 162.315 228.8835 -190.3179
v 166.23 235.1667 -174.6668
v 172.6543 237.7195 -175.7092
v 163.2623 228.882 -174.1991
v 170.3954 235.1673 -159.2741
v 176.4803 237.7195 -161.5792
v 167.5887 228.8826 -158.1934
v 177.6514 235.1678 -144.5248
v 183.2012 237.7195 -147.9205
v 175.0855 228.8829 -142.9498
v 187.7035 235.1675 -131.0314
v 192.5698 237.7195 -135.3445
v 185.4251 228.883 -129.0691
v 200.1389 235.1659 -119.3535
v 204.2008 237.7195 -124.4203
v 198.1814 228.882 -117.0881
v 214.4449 235.1628 -109.9739
v 217.5913 237.7195 -115.6385
v 212.8484 228.8799 -107.4688
v 230.0313 235.1582 -103.2791
v 232.1491 237.7195 -109.382
v 228.8551 228.8765 -100.5896
v 246.2532 235.1526 -99.5435
v 247.2258 237.7195 -105.9057
v 245.5784 228.8725 -96.73533
v 262.4389 235.1469 -98.91676
v 262.1559 237.7195 -105.322
v 262.3569 228.8687 -96.08464
v 277.9195 235.1422 -101.4162
v 276.2995 237.7195 -107.5996
v 278.5099 228.8658 -98.69504
v 292.0603 235.14 -106.927
v 289.085 237.7195 -112.5775
v 293.3626 228.8644 -104.4896
v 304.2911 235.1424 -115.2125
v 300.0406 237.7195 -119.9981
v 306.2791 228.8663 -113.2495
v 259.8008 253.3561 -130.4656
v 276.2991 246.7042 -124.4291
v 277.1899 247.397 -126.6141
v 279.7527 249.3902 -132.9003
v 318.6035 193.6314 -111.4337
v 330.0061 193.6361 -123.8432
v 325.6563 163.456 -113.4119
v 337.3191 163.4596 -126.0808
v 338.1506 193.6465 -138.5962
v 345.6272 163.4674 -141.1631
v 337.791 113.7218 -134.3166
v 346.9156 113.7259 -150.4393
v 350.2351 163.4804 -158.022
v 352.398 113.7327 -168.2416
v 350.9619 163.4979 -175.9473
v 354.0176 113.742 -186.9842
v 347.7953 163.5176 -194.1918
v 351.7172 113.7524 -205.8929
v 340.8867 163.5364 -212.0065
v 342.6963 193.6637 -155.0634
v 335.855 193.7295 -202.2501
v 340.4512 193.7133 -190.3068
v 343.4662 193.6871 -172.5445
v 353.4415 89.73037 -173.1724
v 355.4919 89.73562 -192.3094
v 353.6093 89.74152 -211.5385
v 345.602 113.7623 -224.1929
v 340.8867 163.5364 -212.0065
v 347.877 89.74713 -230.0726
v 335.9314 113.7702 -241.1399
v 338.5345 89.75161 -247.1556
v 321.2132 112.171 -256.1617
v 325.1821 88.18623 -262.121
v 305.7535 112.1725 -268.4344
v 309.9019 88.18707 -274.3081
v 288.2855 112.1725 -277.5748
v 292.5307 88.18707 -283.2494
v 269.8683 111.8413 -283.4923
v 274.3 87.698 -288.9971
v 249.4198 111.8259 -283.5914
v 252.8119 87.6802 -293.1894
v 240.3304 111.8222 -282.2612
v 232.8442 87.67566 -290.8815
v 212.3652 111.7516 -277.1983
v 214.6406 87.58582 -281.7063
v 197.6223 112.1386 -267.828
v 191.9214 161.8208 -259.7625
v 207.6492 161.8379 -267.8546
v 224.8119 161.8555 -273.3936
v 190.0283 192.7588 -253.966
v 177.1727 192.74 -242.9362
v 178.7588 161.8067 -248.5097
v 205.3614 192.7816 -261.9152
v 221.0915 192.8051 -267.2383
v 200.3729 88.16782 -271.7195
v 167.3464 192.7269 -229.2843
v 283.0827 253.3561 -155.7832
v 281.1264 253.3561 -148.7733
v 239.6358 257.1546 -158.4128
v 283.4455 253.3561 -163.3206
v 282.1628 253.3561 -171.0947
v 279.2504 253.3561 -178.7792
v 274.8039 253.3561 -186.0348
v 268.9981 253.3561 -192.5342
v 262.0792 253.3561 -197.9837
v 254.3503 253.3561 -202.1414
v 246.1552 253.3561 -204.8306
v 237.8579 253.3561 -205.9499
v 229.8204 253.3561 -205.4771
v 222.3787 253.3561 -203.4669
v 215.8213 253.3561 -200.0372
v 210.3779 253.3561 -195.3476
v 206.2263 253.3561 -189.5787
v 203.5082 253.3561 -182.9279
v 202.3387 253.3561 -175.6206
v 202.796 253.3561 -167.9259
v 204.9003 253.3561 -160.1544
v 208.5968 253.3561 -152.6421
v 213.7495 253.3561 -145.7253
v 220.1466 253.3561 -139.717
v 227.5114 253.3561 -134.887
v 235.5182 253.3561 -131.4459
v 243.8103 253.3561 -129.5339
v 252.0219 253.3561 -129.2129
v 266.8329 253.3561 -133.2034
v 274.4962 247.9711 -126.1002
v 274.8163 252.2298 -136.0396
v 272.8584 253.3561 -137.2847
v 269.6806 253.7195 -139.3057
v 274.9314 253.3561 -139.5452
v 277.5148 249.776 -141.6775
v 277.9216 245.7598 -132.8028
v 275.1455 248.1977 -127.0574
v 276.6066 249.9281 -142.6298
v 273.3596 253.7871 -144.3386
v 275.7795 253.3561 -140.4701
v 277.6755 253.3561 -142.5375
v 284.1391 250.1087 -139.84
v 282.3622 249.8177 -137.0287
v 279.7243 250.9951 -137.5471
v 276.7444 252.9893 -140.4214
v 275.1455 248.1977 -127.0574
v 280.028 246.8804 -131.9645
v 275.1455 248.1977 -127.0574
v 277.9216 245.7598 -132.8028
v 183.7853 112.1312 -255.4524
v 197.6223 112.1386 -267.828
v 178.7588 161.8067 -248.5097
v 191.9214 161.8208 -259.7625
v 168.72 161.7968 -234.5622
v 172.9715 112.126 -240.4272
v 162.2275 161.7909 -218.5065
v 165.6298 112.1229 -223.3758
v 156.9721 161.7881 -202.4124
v 161.2226 112.1214 -205.4599
v 158.1988 161.7872 -184.2297
v 161.565 112.1209 -186.5348
v 163.2632 161.7875 -166.1035
v 165.7949 112.1211 -167.8326
v 171.9376 161.7878 -148.7728
v 173.7286 112.1212 -150.1173
v 183.8541 161.7878 -132.933
v 185.0346 112.1212 -134.1067
v 198.5238 161.7873 -119.2129
v 199.2494 112.1209 -120.4459
v 215.3574 161.7859 -108.1557
v 215.7967 112.1202 -109.6847
v 233.6852 161.7839 -100.2038
v 234.0089 112.1191 -102.2584
v 252.7775 161.7814 -95.68386
v 253.1512 112.1179 -98.47175
v 271.8673 161.7791 -94.79346
v 272.4476 112.1166 -98.48654
v 290.1761 161.7773 -97.58831
v 291.1097 112.1157 -102.3121
v 311.1324 163.4548 -103.6862
v 309.7317 112.6615 -109.7085
v 325.6563 163.456 -113.4119
v 324.8717 112.6621 -120.562
v 337.3191 163.4596 -126.0808
v 337.791 113.7218 -134.3166
v 304.4309 193.6298 -101.8909
v 285.776 192.701 -95.76422
v 267.9714 192.7033 -92.97775
v 249.4375 192.7065 -93.77968
v 230.9284 192.7096 -98.11183
v 213.1826 192.7124 -105.7801
v 196.9002 192.7142 -116.4683
v 182.7227 192.7149 -129.7519
v 171.2169 192.7149 -145.1108
v 162.8554 192.7146 -161.9422
v 157.9977 192.7141 -179.5757
v 156.8688 192.7154 -197.2942
v 160.9669 192.7191 -213.5902
v 167.3464 192.7269 -229.2843
v 177.1727 192.74 -242.9362
v 185.4251 228.883 -129.0691
v 198.1814 228.882 -117.0881
v 175.0855 228.8829 -142.9498
v 167.5887 228.8826 -158.1934
v 163.2623 228.882 -174.1991
v 162.315 228.8835 -190.3179
v 164.8164 228.8881 -205.8773
v 170.683 228.8977 -220.2126
v 212.8484 228.8799 -107.4688
v 228.8551 228.8765 -100.5896
v 245.5784 228.8725 -96.73533
v 262.3569 228.8687 -96.08464
v 278.5099 228.8658 -98.69504
v 311.1324 163.4548 -103.6862
v 304.4309 193.6298 -101.8909
v 285.776 192.701 -95.76422
v 186.2105 88.16359 -258.8022
v 200.3729 88.16782 -271.7195
v 175.0228 88.16064 -243.2571
v 167.2713 88.15888 -225.7251
v 163.2734 88.15804 -206.9303
v 163.1891 88.15778 -187.6469
v 167.0164 88.15787 -168.6669
v 174.5928 88.15793 -150.766
v 185.6042 88.15794 -134.673
v 199.5995 88.15778 -121.0408
v 216.0086 88.15737 -110.4224
v 234.1651 88.15676 -103.2496
v 253.3315 88.15604 -99.81685
v 272.7276 88.15533 -100.2683
v 291.5602 88.15481 -104.5913
v 309.0558 88.15454 -112.6142
v 324.4933 88.1549 -124.0118
v 338.0188 89.72416 -138.2902
v 347.5372 89.72647 -154.9149
v 338.0188 89.72416 -138.2902
v 309.2884 190.9301 -206.3341
v 321.6306 162.7347 -215.4808
v 340.8867 163.5364 -212.0065
v 322.1164 111.5017 -224.0796
v 296.2465 225.008 -198.2097
v 345.602 113.7623 -224.1929
v 340.8867 163.5364 -212.0065
v 322.1164 111.5017 -224.0796
v 316.13 108.6509 -230.2798
v 345.602 113.7623 -224.1929
v 322.1164 111.5017 -224.0796
v 335.9314 113.7702 -241.1399
v 345.602 113.7623 -224.1929
v 304.784 106.3687 -240.0487
v 321.2132 112.171 -256.1617
v 292.3246 106.2966 -251.1043
v 305.7535 112.1725 -268.4344
v 276.363 106.4436 -258.5015
v 288.2855 112.1725 -277.5748
v 262.8936 105.8569 -262.9913
v 269.8683 111.8413 -283.4923
v 247.7162 105.0788 -266.8385
v 249.4198 111.8259 -283.5914
v 241.0478 108.5193 -265.6917
v 240.3304 111.8222 -282.2612
v 241.0478 108.5193 -265.6917
v 231.8925 162.1216 -255.2945
v 240.3304 111.8222 -282.2612
v 241.0478 108.5193 -265.6917
v 224.8119 161.8555 -273.3936
v 230.1821 191.1483 -248.6666
v 221.0915 192.8051 -267.2383
v 232.9615 225.6804 -235.411
v 222.7417 228.9939 -253.9198
v 202.7379 253.3206 -191.1847
v 205.1452 254.8786 -185.8248
v 187.3253 281.0939 -178.4235
v 189.804 282.0354 -173.2841
v 183.4034 279.8985 -182.5015
v 198.9239 251.1783 -195.4053
v 178.4222 278.5659 -185.1192
v 194.0767 248.6616 -198.074
v 172.8693 277.2265 -186.0203
v 188.6709 246.0166 -198.9292
v 167.2883 276.0118 -185.1166
v 183.2355 243.5026 -197.8873
v 162.2255 275.0402 -182.4964
v 178.3026 241.3654 -195.0503
v 205.9104 255.6999 -179.8509
v 190.5971 282.6303 -167.5872
v 204.9585 255.7043 -173.8472
v 189.6265 282.8208 -161.8899
v 205.071 327.6835 -170.7614
v 200.9125 329.6422 -169.1857
v 197.0443 331.4642 -166.0015
v 193.8625 332.9629 -161.5124
v 158.1764 274.407 -178.4167
v 191.6976 333.9825 -156.1488
v 155.5374 274.1743 -173.2767
v 190.7754 334.4169 -150.4289
v 154.567 274.3649 -167.5791
v 191.1898 334.2218 -144.9105
v 154.567 274.3649 -167.5791
v 155.36 274.96 -161.8818
v 192.8925 333.4198 -140.138
v 155.36 274.96 -161.8818
v 157.8387 275.9012 -156.7428
v 209.1035 325.7843 -170.5788
v 212.6182 324.1286 -168.6546
v 187.3253 281.0939 -178.4235
v 215.2855 322.8725 -165.1701
v 204.9585 255.7043 -173.8472
v 202.3827 254.891 -168.4017
v 189.6265 282.8208 -161.8899
v 186.9876 282.5881 -156.7495
v 198.4353 253.3401 -164.0473
v 182.9385 281.9549 -152.6697
v 200.9125 329.6422 -169.1857
v 205.071 327.6835 -170.7614
v 199.1807 332.2699 -174.3739
v 205.0254 329.4719 -176.59
v 209.1035 325.7843 -170.5788
v 211.0214 326.3167 -176.375
v 212.6182 324.1286 -168.6546
v 216.3105 323.1889 -173.4585
v 215.2855 322.8725 -165.1701
v 217.5085 321.8453 -166.6232
v 216.865 322.1284 -160.4562
v 194.0103 334.5722 -170.2159
v 197.0443 331.4642 -166.0015
v 189.853 336.2949 -164.573
v 193.8625 332.9629 -161.5124
v 186.9854 337.3393 -157.9045
v 191.6976 333.9825 -156.1488
v 185.6343 337.6007 -150.7073
v 190.7754 334.4169 -150.4289
v 185.967 336.9854 -143.5221
v 191.1898 334.2218 -144.9105
v 192.8925 333.4198 -140.138
v 199.1807 332.2699 -174.3739
v 205.0254 329.4719 -176.59
v 206.8867 340.9482 -167.7951
v 213.1548 341.0366 -169.0742
v 211.0214 326.3167 -176.375
v 220.2734 341.2125 -170.2674
v 216.3105 323.1889 -173.4585
v 200.5889 341.6672 -165.8653
v 194.0103 334.5722 -170.2159
v 196.0663 341.6812 -161.0664
v 189.853 336.2949 -164.573
v 193.0151 341.8766 -155.2806
v 186.9854 337.3393 -157.9045
v 194.4388 340.4925 -148.6937
v 185.6343 337.6007 -150.7073
v 194.4388 340.4925 -148.6937
v 195.2526 340.9417 -142.986
v 185.967 336.9854 -143.5221
v 197.7927 341.4602 -137.8168
v 220.2734 341.2125 -170.2674
v 213.1716 340.3766 -166.9229
v 213.1548 341.0366 -169.0742
v 218.8578 340.7957 -165.9562
v 228.4982 340.1911 -170.0467
v 223.9589 341.2982 -163.2795
v 233.7316 339.3927 -162.7481
v 207.4576 340.0818 -166.0847
v 206.8867 340.9482 -167.7951
v 202.2746 339.9405 -163.5237
v 200.5889 341.6672 -165.8653
v 198.1303 339.9659 -159.4908
v 196.0663 341.6812 -161.0664
v 195.4302 340.1562 -154.3809
v 193.0151 341.8766 -155.2806
v 194.4388 340.4925 -148.6937
v 235.6137 339.3354 -155.2971
v 227.976 341.835 -159.1546
v 223.9589 341.2982 -163.2795
v 230.516 342.3533 -153.9852
v 227.976 341.835 -159.1546
v 236.0115 339.5501 -148.0027
v 233.6343 340.5271 -141.3698
v 231.33 342.8026 -148.2778
v 230.3383 343.1389 -142.5908
v 229.7433 341.42 -135.8974
v 227.6384 343.3292 -137.4806
v 224.8243 341.9072 -131.6308
v 223.4939 343.3547 -133.4477
v 218.311 343.2132 -130.8869
v 230.516 342.3533 -153.9852
v 213.1716 340.3766 -166.9229
v 218.8578 340.7957 -165.9562
v 210.7658 388.3384 -153.8099
v 218.819 388.4216 -152.4408
v 223.9589 341.2982 -163.2795
v 223.6359 388.5211 -146.7229
v 227.976 341.835 -159.1546
v 229.5314 388.6276 -139.5854
v 202.673 388.28 -152.6226
v 207.4576 340.0818 -166.0847
v 195.3322 388.252 -148.9955
v 202.2746 339.9405 -163.5237
v 189.4624 388.2569 -143.2836
v 198.1303 339.9659 -159.4908
v 227.976 341.835 -159.1546
v 230.516 342.3533 -153.9852
v 229.5314 388.6276 -139.5854
v 234.5889 388.7306 -135.1299
v 230.516 342.3533 -153.9852
v 231.33 342.8026 -148.2778
v 234.5889 388.7306 -135.1299
v 236.484 388.8196 -127.4024
v 231.33 342.8026 -148.2778
v 230.3383 343.1389 -142.5908
v 235.0797 388.8863 -119.3477
v 233.7316 339.3927 -162.7481
v 216.865 322.1284 -160.4562
v 235.6137 339.3354 -155.2971
v 217.5085 321.8453 -166.6232
v 228.4982 340.1911 -170.0467
v 216.3105 323.1889 -173.4585
v 217.2213 321.9607 -154.966
v 190.5971 282.6303 -167.5872
v 189.6265 282.8208 -161.8899
v 216.3281 322.3813 -149.2323
v 186.9876 282.5881 -156.7495
v 229.7433 341.42 -135.8974
v 182.9385 281.9549 -152.6697
v 224.8243 341.9072 -131.6308
v 177.8756 280.9834 -150.0498
v 193.5023 251.2028 -161.2104
v 188.0668 248.6888 -160.1685
v 172.2945 279.7687 -149.1462
v 182.661 246.044 -161.0236
v 166.7417 278.4292 -150.0473
v 177.8139 243.5271 -163.6923
v 161.7607 277.0967 -152.665
v 173.9999 241.3849 -167.913
v 157.8387 275.9012 -156.7428
v 206.9109 342.4995 -131.0153
v 201.8098 341.9968 -133.6922
v 157.8387 275.9012 -156.7428
v 192.8925 333.4198 -140.138
v 212.5969 342.9186 -130.0488
v 218.311 343.2132 -130.8869
v 201.8987 388.7595 -102.9532
v 194.6739 388.6599 -106.7442
v 197.7927 341.4602 -137.8168
v 197.7927 341.4602 -137.8168
v 188.9841 388.5533 -112.5863
v 195.2526 340.9417 -142.986
v 185.3866 388.4505 -119.9075
v 209.9518 388.8427 -101.584
v 218.0449 388.9011 -102.7712
v 225.3857 388.9291 -106.3981
v 223.4939 343.3547 -133.4477
v 231.2556 388.924 -112.1098
v 227.6384 343.3292 -137.4806
v 235.0797 388.8863 -119.3477
v 230.3383 343.1389 -142.5908
v 194.4388 340.4925 -148.6937
v 184.2339 388.3614 -127.9914
v 195.4302 340.1562 -154.3809
v 185.6382 388.2946 -136.0463
v 198.1303 339.9659 -159.4908
v 189.4624 388.2569 -143.2836
v 173.9999 241.3849 -167.913
v 171.5926 239.8268 -173.2727
v 157.8387 275.9012 -156.7428
v 155.36 274.96 -161.8818
v 170.8274 239.0054 -179.2468
v 155.36 274.96 -161.8818
v 154.567 274.3649 -167.5791
v 171.7792 239.0011 -185.2504
v 154.567 274.3649 -167.5791
v 155.5374 274.1743 -173.2767
v 174.3551 239.8143 -190.696
v 158.1764 274.407 -178.4167
v 178.3026 241.3654 -195.0503
v 162.2255 275.0402 -182.4964
v 233.6343 340.5271 -141.3698
v 236.0115 339.5501 -148.0027
v 198.4353 253.3401 -164.0473
v 187.3253 281.0939 -178.4235
v 189.804 282.0354 -173.2841
v 215.2855 322.8725 -165.1701
v 220.2734 341.2125 -170.2674
v 216.3105 323.1889 -173.4585
v 228.4982 340.1911 -170.0467
v 192.8925 333.4198 -140.138
v 185.967 336.9854 -143.5221
v 197.7927 341.4602 -137.8168
v 230.1222 392.4001 -141.3034
v 227.8682 388.6708 -138.9347
v 223.9043 389.9418 -147.1077
v 221.4486 388.5638 -145.1118
v 232.6452 388.8787 -134.3506
v 235.979 392.0861 -135.6256
v 234.0378 389.1335 -127.6575
v 239.001 392.8479 -128.3974
v 234.8745 389.3239 -120.1592
v 238.8481 394.4734 -119.6334
v 231.5606 389.4601 -113.0834
v 236.7992 394.4726 -112.5649
v 222.1337 383.8291 -136.966
v 225.2575 383.9713 -133.9909
v 217.9628 383.7575 -141.0438
v 215.4113 383.7094 -143.7142
v 217.5757 388.4953 -149.101
v 226.6383 384.2812 -124.7005
v 224.4626 384.376 -120.0851
v 211.7816 383.6748 -144.1085
v 212.1518 388.4447 -149.6606
v 206.3644 383.6696 -143.5571
v 203.8157 388.4356 -148.8373
v 201.8172 383.7013 -141.4747
v 196.854 388.4793 -145.6691
v 198.3471 383.795 -138.6699
v 191.5583 388.6179 -141.4552
v 189.0436 389.7259 -143.0004
v 185.6728 390.2603 -137.7554
v 188.3992 388.7685 -135.3077
v 196.2636 383.9 -134.6241
v 195.222 384.0182 -130.8128
v 194.959 388.3189 -148.3435
v 182.2431 390.2514 -132.0676
v 186.7886 388.9381 -129.5985
v 195.6176 384.1599 -124.409
v 184.0104 390.677 -118.8629
v 187.3652 389.1461 -119.6449
v 190.2339 389.2811 -114.2773
v 187.3768 391.305 -113.8772
v 194.1519 389.8896 -105.3163
v 195.5325 389.3894 -107.702
v 197.5867 383.4714 -121.1307
v 200.6427 330.1509 -144.9929
v 203.9688 330.3002 -141.5083
v 201.0509 383.5478 -116.8764
v 208.2347 330.4059 -139.2335
v 205.7659 383.6259 -114.5827
v 211.9349 341.7566 -134.1173
v 211.3364 384.437 -113.9206
v 216.7399 341.7649 -134.8341
v 215.7306 384.4471 -114.6368
v 221.0796 341.7169 -137.0142
v 221.6317 384.3505 -117.0451
v 224.5193 341.6084 -140.4252
v 226.7306 341.4399 -144.712
v 226.6383 384.2812 -124.7005
v 202.7738 389.5054 -104.2019
v 211.4816 389.5432 -103.6989
v 218.1359 389.5587 -104.7911
v 219.3509 392.4515 -101.9246
v 213.8878 391.7377 -101.5566
v 227.3128 389.4061 -108.4897
v 228.9412 391.9818 -104.8833
v 235.4977 396.2456 -100.4174
v 240.1859 397.6258 -104.7268
v 242.7105 398.4009 -96.0437
v 231.792 397.0902 -97.64274
v 241.5114 398.3644 -94.61144
v 243.985 398.4398 -97.56597
v 202.9592 390.552 -102.0933
v 203.5527 393.9027 -95.34266
v 198.5445 393.7845 -96.66474
v 204.4612 395.2097 -85.01122
v 210.0059 394.7409 -94.74317
v 197.495 341.2554 -145.0335
v 195.222 384.0182 -130.8128
v 196.8637 341.0431 -149.7846
v 195.222 384.0182 -130.8128
v 196.2636 383.9 -134.6241
v 197.7113 340.8296 -154.5016
v 222.5563 395.6678 -164.9379
v 220.1862 394.8791 -164.9719
v 222.4564 396.5058 -174.964
v 215.1913 394.446 -164.7832
v 217.7738 395.9256 -174.5383
v 207.5685 393.3662 -164.544
v 204.7584 389.6741 -152.7827
v 212.9129 389.9474 -153.4473
v 218.028 389.6012 -151.8504
v 173.1978 397.0778 -154.4647
v 171.6815 397.0219 -152.0097
v 173.4144 396.9677 -148.7606
v 174.7293 393.6882 -125.1146
v 176.8998 394.2316 -118.8166
v 178.7139 394.6855 -113.5528
v 166.7728 395.157 -117.7518
v 171.5825 395.2981 -113.2857
v 254.5562 398.7055 -136.516
v 244.3596 397.5931 -134.6741
v 252.5683 398.6211 -137.8932
v 243.7366 397.3289 -137.8245
v 245.3151 397.5734 -129.3385
v 255.1948 398.9541 -130.982
v 246.0996 397.2177 -124.5354
v 237.0579 394.9706 -139.0414
v 222.1337 383.8291 -136.966
v 225.2575 383.9713 -133.9909
v 223.4279 340.6682 -156.3536
v 219.7751 340.5796 -160.7966
v 217.9628 383.7575 -141.0438
v 217.0652 340.4877 -164.1992
v 215.4113 383.7094 -143.7142
v 226.4347 340.8899 -153.7947
v 212.4567 340.4335 -164.9592
v 211.7816 383.6748 -144.1085
v 207.6981 340.4397 -164.2527
v 206.3644 383.6696 -143.5571
v 203.3904 340.5106 -162.1064
v 201.8172 383.7013 -141.4747
v 199.9546 340.6445 -158.7439
v 198.3471 383.795 -138.6699
v 197.7113 340.8296 -154.5016
v 196.2636 383.9 -134.6241
v 226.1826 384.1487 -129.6022
v 227.5197 341.2046 -149.4088
v 226.6383 384.2812 -124.7005
v 226.6383 384.2812 -124.7005
v 226.7306 341.4399 -144.712
v 226.1826 384.1487 -129.6022
v 372.7389 60.01355 -254.9747
v 374.997 60.01355 -250.543
v 368.6577 65.13948 -252.6326
v 370.1134 65.13948 -249.7757
v 366.3905 65.13948 -254.8999
v 369.2219 60.01355 -258.4918
v 363.5336 65.13948 -256.3555
v 364.7901 60.01355 -260.7499
v 360.3666 65.13948 -256.8571
v 359.8775 60.01355 -261.528
v 357.1997 65.13948 -256.3555
v 354.9648 60.01355 -260.7499
v 354.3428 65.13948 -254.8999
v 350.5331 60.01355 -258.4918
v 352.0755 65.13948 -252.6325
v 347.016 60.01355 -254.9747
v 350.6198 65.13948 -249.7756
v 344.7579 60.01355 -250.5429
v 344.7579 60.01355 -240.7177
v 350.6198 65.13948 -243.4417
v 350.5331 60.01355 -232.7688
v 354.3428 65.13948 -238.3175
v 359.8774 60.01355 -229.7327
v 360.3666 65.13948 -236.3603
v 363.5336 65.13948 -236.8619
v 364.7901 60.01355 -230.5108
v 366.3905 65.13948 -238.3175
v 369.2219 60.01355 -232.7689
v 368.6578 65.13948 -240.5848
v 372.7389 60.01355 -236.286
v 370.1135 65.13948 -243.4417
v 374.997 60.01355 -240.7177
v 359.8774 55.88668 -228.1831
v 365.2689 55.88668 -229.037
v 370.1327 55.88668 -231.5152
v 373.9926 55.88668 -235.3751
v 376.4707 55.88668 -240.2388
v 375.7751 60.01355 -245.6303
v 370.6151 65.13948 -246.6087
v 370.1135 65.13948 -243.4417
v 377.3247 55.88668 -245.6303
v 376.4708 55.88668 -251.0218
v 373.9926 55.88668 -255.8856
v 370.1328 55.88668 -259.7455
v 365.2689 55.88668 -262.2237
v 359.8774 55.88668 -263.0775
v 354.486 55.88668 -262.2236
v 349.6222 55.88668 -259.7454
v 345.7623 55.88668 -255.8856
v 343.2842 55.88668 -251.0218
v 343.2842 55.88668 -240.2388
v 349.6222 55.88668 -231.5152
v 370.4117 81.8304 -240.2052
v 371.6119 80.87327 -236.9888
v 371.8461 79.35905 -233.771
v 368.3632 82.13683 -243.1055
v 365.6666 81.76247 -245.4056
v 362.5861 80.74403 -246.8804
v 359.4232 79.18118 -247.3857
v 356.4875 77.22691 -246.8719
v 354.0663 75.07249 -245.3892
v 339.6376 86.82522 -239.8276
v 341.1383 87.78857 -237.1628
v 337.7352 85.21188 -241.8424
v 335.6173 83.10652 -243.0098
v 333.4912 80.71519 -243.2158
v 356.4875 77.22691 -246.8719
v 352.3965 72.92886 -243.083
v 350.6198 65.13948 -243.4417
v 351.876 69.49159 -236.961
v 370.4117 81.8304 -240.2052
v 342.0903 88.00765 -234.1089
v 371.6119 80.87327 -236.9888
v 342.4006 87.46105 -230.9647
v 371.8461 79.35905 -233.771
v 342.0387 86.20224 -228.038
v 371.0913 77.436 -230.8668
v 341.0399 84.35441 -225.6154
v 370.4117 81.8304 -240.2052
v 369.4216 75.29234 -228.5605
v 339.5023 82.09848 -223.9338
v 367.0005 73.13793 -227.0779
v 337.5761 79.65527 -223.1581
v 368.3632 82.13683 -243.1055
v 368.3632 82.13683 -243.1055
v 368.6577 65.13948 -252.6326
v 370.4117 81.8304 -240.2052
v 352.3965 72.92886 -243.083
v 328.6668 72.90942 -235.4092
v 351.876 69.49159 -236.961
v 330.0274 76.01606 -240.7585
v 354.0663 75.07249 -245.3892
v 331.5651 78.27198 -242.44
v 356.4875 77.22691 -246.8719
v 329.9291 72.58189 -229.211
v 351.876 69.49159 -236.961
v 355.1248 68.22802 -230.8443
v 333.3322 75.15858 -224.5315
v 360.9018 69.62081 -227.0693
v 360.3666 65.13948 -236.3603
v 354.3428 65.13948 -238.3175
v 351.876 69.49159 -236.961
v 350.6198 65.13948 -243.4417
v 364.0648 71.18366 -226.564
v 363.5336 65.13948 -236.8619
v 367.0005 73.13793 -227.0779
v 335.45 77.26395 -223.364
v 364.0648 71.18366 -226.564
v 337.5761 79.65527 -223.1581
v 366.3905 65.13948 -238.3175
v 363.5336 65.13948 -236.8619
v 367.0005 73.13793 -227.0779
v 367.0005 73.13793 -227.0779
v 364.0648 71.18366 -226.564
v 337.5761 79.65527 -223.1581
v 369.4216 75.29234 -228.5605
v 366.3905 65.13948 -238.3175
v 367.0005 73.13793 -227.0779
v 368.6578 65.13948 -240.5848
v 371.0913 77.436 -230.8668
v 370.1135 65.13948 -243.4417
v 370.6151 65.13948 -246.6087
v 370.1135 65.13948 -243.4417
v 371.8461 79.35905 -233.771
v 371.0913 77.436 -230.8668
v 331.5651 78.27198 -242.44
v 356.4875 77.22691 -246.8719
v 333.4912 80.71519 -243.2158
v 266.5119 60.04011 -315.987
v 270.87 60.04011 -314.2022
v 265.0826 64.8935 -312.006
v 267.9579 64.8935 -310.8286
v 261.9844 64.8935 -312.2374
v 261.8155 60.04011 -316.3377
v 258.9662 64.8935 -311.5001
v 257.2406 60.04011 -315.22
v 256.3237 64.8935 -309.866
v 253.2351 60.04011 -312.7433
v 254.3154 64.8935 -307.4955
v 250.1909 60.04011 -309.15
v 253.138 64.8935 -304.6204
v 248.4062 60.04011 -304.7919
v 252.9066 64.8935 -301.5221
v 248.0555 60.04011 -300.0956
v 253.6439 64.8935 -298.5039
v 249.1731 60.04011 -295.5207
v 255.2779 64.8935 -295.8614
v 251.6499 60.04011 -291.5152
v 257.6484 64.8935 -293.853
v 255.2432 60.04011 -288.471
v 260.5236 64.8935 -292.6756
v 259.6013 60.04011 -286.6862
v 263.6219 64.8935 -292.4443
v 264.2976 60.04011 -286.3355
v 266.64 64.8935 -293.1816
v 268.8725 60.04011 -287.4533
v 269.2826 64.8935 -294.8156
v 272.878 60.04011 -289.9299
v 271.2909 64.8935 -297.1862
v 275.9221 60.04011 -293.5232
v 272.4683 64.8935 -300.0613
v 277.707 60.04011 -297.8813
v 272.6997 64.8935 -303.1595
v 278.0576 60.04011 -302.5777
v 271.9623 64.8935 -306.1778
v 276.9399 60.04011 -307.1525
v 270.3284 64.8935 -308.8203
v 274.4633 60.04011 -311.1581
v 269.4394 56.13268 -286.0999
v 264.4186 56.13268 -284.8733
v 259.2645 56.13268 -285.2581
v 254.4816 56.13268 -287.2169
v 250.538 56.13268 -290.5578
v 247.8199 56.13268 -294.9538
v 246.5932 56.13268 -299.9746
v 246.9781 56.13268 -305.1287
v 248.9369 56.13268 -309.9116
v 252.2778 56.13268 -313.8551
v 256.6737 56.13268 -316.5733
v 261.6945 56.13268 -317.8
v 266.8487 56.13268 -317.4151
v 271.6316 56.13268 -315.4563
v 275.5751 56.13268 -312.1154
v 278.2932 56.13268 -307.7194
v 279.5199 56.13268 -302.6986
v 279.135 56.13268 -297.5446
v 277.1763 56.13268 -292.7617
v 273.8353 56.13268 -288.8181
v 259.1129 74.0745 -314.7965
v 261.9765 73.97269 -313.5956
v 261.9765 73.97269 -313.5956
v 264.3387 73.56959 -311.6181
v 265.9684 72.90469 -309.0579
v 266.7059 72.04301 -306.1653
v 266.4792 71.06899 -303.2238
v 254.9525 87.30682 -284.5645
v 252.5545 88.12226 -286.3639
v 261.9765 73.97269 -313.5956
v 249.6923 88.34057 -287.5526
v 259.1129 74.0745 -314.7965
v 246.6461 87.94045 -288.0144
v 256.0283 73.8651 -315.1036
v 243.714 86.96104 -287.7041
v 253.0246 73.36494 -314.4867
v 241.1831 85.49814 -286.6519
v 250.3959 72.62299 -313.0061
v 257.4851 84.25456 -279.8809
v 256.6514 85.97413 -282.3306
v 239.301 83.69508 -284.9608
v 248.3994 71.7119 -310.8068
v 257.372 82.31657 -277.4552
v 266.4792 71.06899 -303.2238
v 271.2909 64.8935 -297.1862
v 265.3105 70.07793 -300.5212
v 265.3105 70.07793 -300.5212
v 265.3105 70.07793 -300.5212
v 263.314 69.16681 -298.3219
v 260.6853 68.42488 -296.8413
v 257.6816 67.92472 -296.2244
v 254.597 67.71529 -296.5314
v 257.6484 64.8935 -293.853
v 251.7334 67.81711 -297.7323
v 254.597 67.71529 -296.5314
v 251.7334 67.81711 -297.7323
v 245.9317 75.70422 -272.6991
v 243.0695 75.92253 -273.8878
v 249.3712 68.22022 -299.7098
v 240.6716 76.73799 -275.6872
v 247.7415 68.88512 -302.27
v 253.6439 64.8935 -298.5039
v 252.9066 64.8935 -301.5221
v 247.004 69.74679 -305.1625
v 253.138 64.8935 -304.6204
v 247.2306 70.72083 -308.1041
v 254.3154 64.8935 -307.4955
v 248.3994 71.7119 -310.8068
v 256.3237 64.8935 -309.866
v 250.3959 72.62299 -313.0061
v 258.9662 64.8935 -311.5001
v 255.2779 64.8935 -295.8614
v 251.7334 67.81711 -297.7323
v 238.1389 79.79022 -280.3708
v 238.252 81.72826 -282.7965
v 248.3994 71.7119 -310.8068
v 239.301 83.69508 -284.9608
v 238.9726 78.07066 -277.9211
v 253.0246 73.36494 -314.4867
v 261.9844 64.8935 -312.2374
v 256.0283 73.8651 -315.1036
v 257.6484 64.8935 -293.853
v 261.9844 64.8935 -312.2374
v 265.0826 64.8935 -312.006
v 256.0283 73.8651 -315.1036
v 259.1129 74.0745 -314.7965
v 266.4792 71.06899 -303.2238
v 265.3105 70.07793 -300.5212
v 257.372 82.31657 -277.4552
v 256.323 80.34977 -275.291
v 257.6816 67.92472 -296.2244
v 248.978 76.10439 -272.2373
v 251.91 77.08381 -272.5477
v 260.6853 68.42488 -296.8413
v 254.441 78.54664 -273.5999
v 263.314 69.16681 -298.3219
v 256.323 80.34977 -275.291
v 265.3105 70.07793 -300.5212
v 336.4098 60.01355 -113.846
v 334.1443 60.01355 -109.4181
v 332.1193 65.13948 -115.7782
v 330.6589 65.13948 -112.9237
v 332.6262 65.13948 -118.9443
v 337.196 60.01355 -118.7573
v 332.1298 65.13948 -122.112
v 336.4261 60.01355 -123.6713
v 330.6789 65.13948 -124.9714
v 334.1753 60.01355 -128.1068
v 328.4153 65.13948 -127.2424
v 330.6641 60.01355 -131.6297
v 325.5608 65.13948 -128.7028
v 326.2361 60.01355 -133.8951
v 330.6215 60.01355 -105.9068
v 328.3879 65.13948 -110.6601
v 326.1859 60.01355 -103.6561
v 325.5285 65.13948 -109.2092
v 321.2721 60.01355 -102.8861
v 322.3607 65.13948 -108.7129
v 316.3607 60.01355 -103.6724
v 319.1946 65.13948 -109.2197
v 311.9327 60.01355 -105.9378
v 316.3401 65.13948 -110.6801
v 308.4215 60.01355 -109.4607
v 314.0766 65.13948 -112.9511
v 312.1293 65.13948 -118.9782
v 305.4008 60.01355 -118.8101
v 314.0966 65.13948 -124.9989
v 308.4525 60.01355 -128.1494
v 319.227 65.13948 -128.7133
v 316.4108 60.01355 -133.9114
v 307.1663 55.88668 -108.5519
v 311.0198 55.88668 -104.6857
v 315.8794 55.88668 -102.1993
v 321.2695 55.88668 -101.3365
v 326.6624 55.88668 -102.1815
v 331.5302 55.88668 -104.6516
v 335.3965 55.88668 -108.5051
v 337.8828 55.88668 -113.3648
v 338.7457 55.88668 -118.7548
v 337.9006 55.88668 -124.1477
v 335.4304 55.88668 -129.0156
v 331.577 55.88668 -132.8818
v 326.7174 55.88668 -135.3681
v 315.9344 55.88668 -135.3859
v 325.5608 65.13948 -128.7028
v 319.227 65.13948 -128.7133
v 307.2003 55.88668 -129.0623
v 303.8512 55.88668 -118.8127
v 320.1177 80.17828 -115.671
v 318.407 79.31718 -113.0994
v 321.1503 80.45396 -118.694
v 321.4038 80.11716 -121.8726
v 320.8533 79.2009 -124.8956
v 319.5527 77.79485 -127.4671
v 317.6293 76.03664 -129.3354
v 325.5608 65.13948 -128.7028
v 312.7099 72.1698 -130.3175
v 316.1856 77.95488 -111.231
v 313.6711 76.22475 -110.2487
v 325.5608 65.13948 -128.7028
v 312.7099 72.1698 -130.3175
v 319.227 65.13948 -128.7133
v 312.7099 72.1698 -130.3175
v 307.974 69.07738 -127.4667
v 319.227 65.13948 -128.7133
v 314.0966 65.13948 -124.9989
v 305.2307 67.94059 -121.8721
v 312.1293 65.13948 -118.9782
v 305.5277 69.19364 -115.6705
v 314.0766 65.13948 -112.9511
v 306.8283 70.5997 -113.099
v 316.3401 65.13948 -110.6801
v 308.7516 72.3579 -111.2308
v 319.1946 65.13948 -109.2197
v 311.1095 74.29617 -110.2486
v 319.1946 65.13948 -109.2197
v 322.3607 65.13948 -108.7129
v 313.6711 76.22475 -110.2487
v 197.8114 144.5971 -263.0429
v 199.6479 148.8027 -263.9879
v 195.6239 145.0092 -265.3422
v 197.3704 149.009 -266.2409
v 192.3245 142.9148 -263.2012
v 194.3423 142.3949 -260.7917
v 188.7327 143.5256 -260.6357
v 190.5657 143.0371 -258.0941
v 186.2204 146.6084 -258.6256
v 187.924 146.2786 -255.9806
v 185.7471 150.9857 -257.9388
v 187.4264 150.8811 -255.2584
v 193.8069 145.8944 -266.5836
v 195.2927 149.2968 -267.3481
v 191.0004 144.1127 -264.7624
v 187.945 144.6324 -262.58
v 185.8078 147.2548 -260.8701
v 185.4052 150.9783 -260.2859
v 189.8621 145.8715 -265.8745
v 191.9012 147.166 -267.1977
v 187.6422 146.2491 -264.2889
v 186.0895 148.1543 -263.0466
v 185.797 150.8596 -262.6221
v 187.8542 148.2174 -265.5952
v 189.0212 148.019 -266.4288
v 190.0932 148.6995 -267.1245
v 192.9807 149.638 -267.7532
v 190.6608 149.9991 -267.4164
v 187.0379 149.2191 -264.9421
v 186.8841 150.6414 -264.7189
v 188.56 150.3448 -266.3709
v 189.2628 155.0867 -256.2034
v 187.4264 150.8811 -255.2584
v 187.4937 154.9854 -258.8375
v 185.7471 150.9857 -257.9388
v 190.793 157.0799 -260.9785
v 192.7319 157.289 -258.4546
v 194.3848 156.4691 -263.544
v 196.5085 156.6467 -261.1521
v 196.8971 153.3862 -265.5541
v 199.1502 153.4052 -263.2657
v 197.3704 149.009 -266.2409
v 199.6479 148.8027 -263.9879
v 186.8909 154.3807 -261.0503
v 185.4052 150.9783 -260.2859
v 189.6975 156.1623 -262.8716
v 192.7529 155.6427 -265.054
v 194.89 153.0203 -266.7639
v 195.2927 149.2968 -267.3481
v 186.8765 153.3316 -263.1776
v 185.797 150.8596 -262.6221
v 188.9155 154.6261 -264.5008
v 191.1354 154.2486 -266.0864
v 192.6882 152.3433 -267.3287
v 192.9807 149.638 -267.7532
v 187.4516 151.941 -265.0109
v 186.8841 150.6414 -264.7189
v 188.5236 152.6215 -265.7066
v 189.6907 152.423 -266.5402
v 190.507 151.4214 -267.1933
v 190.6608 149.9991 -267.4164
v 188.56 150.3448 -266.3709
v 199.9408 83.82642 -270.6924
v 201.6874 87.82617 -271.5911
v 197.7601 84.75375 -272.4531
v 199.2458 88.15614 -273.2176
v 194.9535 82.9721 -270.6318
v 196.6415 81.73195 -268.5513
v 191.8982 83.4917 -268.4495
v 193.0497 82.34279 -265.9858
v 189.761 86.1141 -266.7396
v 190.5373 85.42561 -263.9757
v 189.3584 89.83762 -266.1553
v 190.064 89.80286 -263.2889
v 193.8153 84.73089 -271.744
v 195.8544 86.02533 -273.0672
v 191.5954 85.1084 -270.1584
v 190.0427 87.01369 -268.9161
v 189.7502 89.71899 -268.4916
v 191.8074 87.0768 -271.4647
v 192.9744 86.87833 -272.2983
v 194.0464 87.55885 -272.9939
v 196.9338 88.49731 -273.6227
v 194.6139 88.85845 -273.2859
v 190.991 88.07846 -270.8116
v 190.8373 89.50072 -270.5884
v 192.5132 89.2042 -272.2404
v 191.8106 93.80261 -264.1876
v 190.064 89.80286 -263.2889
v 190.8441 93.24001 -266.9198
v 189.3584 89.83762 -266.1553
v 193.6507 95.02167 -268.7411
v 195.1099 95.89707 -266.3286
v 196.7061 94.50205 -270.9235
v 198.7017 95.28624 -268.8941
v 198.8432 91.87966 -272.6334
v 201.2141 92.20342 -270.9042
v 199.2458 88.15614 -273.2176
v 201.6874 87.82617 -271.5911
v 190.8296 92.19096 -269.0471
v 189.7502 89.71899 -268.4916
v 192.8687 93.48541 -270.3703
v 195.0886 93.10789 -271.9559
v 196.6413 91.20261 -273.1982
v 196.9338 88.49731 -273.6227
v 191.4048 90.80032 -270.8804
v 190.8373 89.50072 -270.5884
v 192.4767 91.48085 -271.576
v 193.6438 91.28238 -272.4096
v 194.4601 90.28071 -273.0627
v 194.6139 88.85845 -273.2859
v 192.5132 89.2042 -272.2404
v 199.0368 202.4317 -254.3431
v 201.4117 206.4486 -254.7626
v 196.9164 203.43 -256.5225
v 199.1751 207.2503 -256.9214
v 193.3748 201.5189 -254.609
v 195.313 200.4222 -252.3312
v 189.9033 202.2469 -251.9119
v 191.6628 201.1878 -249.4953
v 187.8277 205.3362 -249.4614
v 189.4803 204.4359 -246.9187
v 187.9409 209.6065 -248.1935
v 189.5993 208.9261 -245.5856
v 195.2292 204.7032 -257.5985
v 197.1506 207.953 -257.938
v 192.2166 203.0775 -255.9708
v 189.2635 203.6969 -253.6766
v 187.4979 206.3247 -251.5921
v 187.5942 209.9573 -250.5135
v 189.1727 205.5528 -255.1507
v 191.3183 205.1028 -256.8176
v 193.5071 206.284 -258.0002
v 187.8899 207.4621 -253.6362
v 187.9599 210.1013 -252.8526
v 189.6399 207.6331 -256.19
v 190.7679 207.3965 -257.0663
v 191.9186 208.0175 -257.688
v 188.9655 208.6368 -255.3937
v 189.0022 210.0243 -254.9818
v 191.9743 212.943 -246.0051
v 189.5993 208.9261 -245.5856
v 190.1996 213.4268 -248.5925
v 187.9409 209.6065 -248.1935
v 193.7411 215.338 -250.506
v 195.6981 214.9525 -248.017
v 197.2127 214.6099 -253.2031
v 199.3483 214.1869 -250.8529
v 199.2883 211.5207 -255.6536
v 201.5307 210.9388 -253.4295
v 199.1751 207.2503 -256.9214
v 201.4117 206.4486 -254.7626
v 189.5155 213.2071 -250.8529
v 187.5942 209.9573 -250.5135
v 192.5281 214.8328 -252.4806
v 195.4812 214.2134 -254.7749
v 197.2469 211.5856 -256.8594
v 197.1506 207.953 -257.938
v 189.3558 212.4624 -253.0992
v 187.9599 210.1013 -252.8526
v 191.5446 213.6435 -254.2818
v 193.6902 213.1935 -255.9487
v 194.973 211.2843 -257.4632
v 194.903 208.6451 -258.2468
v 189.7361 211.2657 -255.1115
v 189.0022 210.0243 -254.9818
v 190.8869 211.8866 -255.7332
v 192.0148 211.65 -256.6095
v 192.6892 210.6463 -257.4057
v 192.6525 209.2588 -257.8177
v 191.9186 208.0175 -257.688
v 193.5071 206.284 -258.0002
v 190.6192 209.734 -256.6926
v 190.7679 207.3965 -257.0663
v 189.6399 207.6331 -256.19
v 188.9655 208.6368 -255.3937
v 195.2292 204.7032 -257.5985
v 290.6949 255.0039 -141.8891
v 291.7228 254.8429 -140.2045
v 283.2354 250.7789 -127.1384
v 284.7024 250.9202 -126.3534
v 307.2628 245.7546 -136.754
v 290.6949 255.0039 -141.8891
v 307.1998 245.272 -138.1286
v 275.5168 246.3702 -111.7353
v 276.8131 246.5186 -110.7863
v 298.2899 243.2273 -123.1733
v 280.4029 247.4036 -131.1937
v 290.6949 255.0039 -141.8891
v 285.4074 249.9156 -147.7062
v 272.5107 241.7268 -116.9983
v 288.1341 240.3669 -107.8022
v 307.1998 245.272 -138.1286
v 290.6949 255.0039 -141.8891
v 302.5939 240.565 -141.9369
v 285.4074 249.9156 -147.7062
v 162.4573 121.8003 -241.6636
v 86.30846 120.561 -293.298
v 201.4366 121.8003 -313.0396
v 119.3588 120.561 -363.5823
v 162.4573 121.8003 -241.6636
v 162.7048 171.5575 -243.5475
v 86.30846 120.561 -293.298
v 86.55597 171.5575 -295.182
v 173.4691 134.4182 -225.0422
v 166.2047 171.5575 -229.0923
v 216.396 134.4182 -316.3265
v 215.0102 171.5575 -318.4614
v 162.7663 132.7435 -230.0753
v 173.4691 134.4182 -225.0422
v 207.7631 133.4804 -313.8537
v 216.396 134.4182 -316.3265
v 124.4292 134.2172 -372.6806
v 125.3236 134.4182 -376.2241
v 143.2553 84.50903 -367.434
v 207.7631 133.4804 -313.8537
v 124.4292 134.2172 -372.6806
v 149.7501 84.45345 -363.6284
v 229.3588 83.77215 -316.9821
v 146.6308 74.98182 -368.0724
v 148.8105 73.30695 -370.8289
v 234.2256 72.57008 -317.6872
v 161.4641 57.06568 -368.3599
v 242.0207 56.3288 -319.8324
v 229.3588 83.77215 -316.9821
v 162.7663 132.7435 -230.0753
v 207.7631 133.4804 -313.8537
v 172.1901 76.03346 -245.0735
v 234.2256 72.57008 -317.6872
v 177.0568 64.83139 -245.7785
v 242.0207 56.3288 -319.8324
v 196.2848 55.59191 -234.9309
v 216.396 134.4182 -316.3265
v 215.0102 171.5575 -318.4614
v 125.3236 134.4182 -376.2241
v 115.3195 171.5575 -379.8499
v 119.6063 171.5575 -365.4662
v 73.86922 171.5575 -291.7023
v 115.3195 171.5575 -379.8499
v 86.55597 171.5575 -295.182
v 201.6841 171.5575 -314.9236
v 215.0102 171.5575 -318.4614
v 162.7048 171.5575 -243.5475
v 166.2047 171.5575 -229.0923
v 86.30846 120.561 -293.298
v 86.55597 171.5575 -295.182
v 119.3588 120.561 -363.5823
v 119.6063 171.5575 -365.4662
v 119.3588 120.561 -363.5823
v 119.6063 171.5575 -365.4662
v 201.4366 121.8003 -313.0396
v 201.6841 171.5575 -314.9236
v 201.4366 121.8003 -313.0396
v 201.6841 171.5575 -314.9236
v 162.4573 121.8003 -241.6636
v 162.7048 171.5575 -243.5475
v 267.3345 113.3521 -240.1332
v 194.8956 97.08044 -255.903
v 279.2193 97.08044 -269.7042
v 211.3907 97.08044 -275.7766
v 302.9593 107.1469 -218.8066
v 305.7704 97.08044 -247.9042
v 335.161 97.08044 -199.5292
v 329.7702 97.08044 -228.1989
v 166.8361 97.08044 -222.0963
v 247.1175 109.0406 -189.8306
v 164.7412 97.08044 -182.6207
v 229.1017 109.0406 -145.0049
v 276.9867 109.0406 -131.9082
v 298.1774 109.0406 -169.3092
v 177.164 97.08044 -147.2021
v 215.1297 97.08044 -110.2408
v 255.2821 97.08044 -98.59635
v 234.4667 97.08044 -102.5813
v 344.3311 97.08044 -150.7597
v 319.3751 97.08044 -120.4298
v 268.9128 97.08044 -99.17216
v 288.4506 97.08044 -101.192
vt 0.504132 0.795494
vt 0.513572 0.793937
vt 0.489161 0.822508
vt 0.497768 0.822489
vt 0.476531 0.815971
vt 0.48987 0.791868
vt 0.512585 0.765291
vt 0.497431 0.764773
vt 0.522458 0.76213
vt 0.514155 0.733104
vt 0.498834 0.735639
vt 0.524084 0.728436
vt 0.508748 0.700244
vt 0.493876 0.70559
vt 0.51844 0.694277
vt 0.499415 0.675602
vt 0.485498 0.683484
vt 0.511277 0.675405
vt 0.480763 0.64469
vt 0.468113 0.65463
vt 0.4895 0.636849
vt 0.452038 0.613077
vt 0.440953 0.624772
vt 0.460213 0.60463
vt 0.423224 0.591441
vt 0.413951 0.604567
vt 0.430775 0.582509
vt 0.391515 0.574621
vt 0.384291 0.588849
vt 0.398354 0.565304
vt 0.358344 0.565925
vt 0.353413 0.580905
vt 0.364333 0.556316
vt 0.324674 0.558773
vt 0.322279 0.574086
vt 0.329635 0.54902
vt 0.295031 0.558444
vt 0.291558 0.572692
vt 0.298768 0.548757
vt 0.259596 0.566115
vt 0.262794 0.580462
vt 0.261985 0.556786
vt 0.231461 0.580856
vt 0.237448 0.593719
vt 0.232451 0.572249
vt 0.207933 0.601158
vt 0.216408 0.611846
vt 0.207629 0.59365
vt 0.189938 0.626194
vt 0.20036 0.634144
vt 0.188601 0.620094
vt 0.178189 0.654967
vt 0.189854 0.659851
vt 0.176186 0.650442
vt 0.173168 0.686334
vt 0.185334 0.688096
vt 0.170893 0.683384
vt 0.175106 0.719031
vt 0.187101 0.717838
vt 0.1729 0.717511
vt 0.183951 0.751716
vt 0.195235 0.747877
vt 0.182059 0.7514
vt 0.199358 0.783035
vt 0.209523 0.776914
vt 0.197932 0.783675
vt 0.220703 0.811687
vt 0.22944 0.80365
vt 0.219824 0.813064
vt 0.247109 0.836483
vt 0.254166 0.826873
vt 0.246833 0.838431
vt 0.277489 0.856398
vt 0.282633 0.845543
vt 0.277888 0.858796
vt 0.310587 0.870611
vt 0.313581 0.858843
vt 0.311781 0.87336
vt 0.345036 0.878541
vt 0.345633 0.866234
vt 0.347191 0.881519
vt 0.379408 0.879869
vt 0.377373 0.867474
vt 0.382717 0.882894
vt 0.412281 0.87456
vt 0.407441 0.862632
vt 0.416919 0.877366
vt 0.442309 0.862857
vt 0.434621 0.85205
vt 0.448367 0.865097
vt 0.468278 0.845265
vt 0.457912 0.836274
vt 0.475713 0.846551
vt 0.36354 0.821027
vt 0.40253 0.830921
vt 0.404052 0.82657
vt 0.408436 0.814037
vt 0.519096 0.834457
vt 0.542852 0.808603
vt 0.547968 0.817139
vt 0.57194 0.791099
vt 0.559817 0.777869
vt 0.589014 0.760101
vt 0.594922 0.754109
vt 0.613269 0.721689
vt 0.59848 0.725452
vt 0.624291 0.685893
vt 0.599966 0.688612
vt 0.627544 0.648206
vt 0.593448 0.651117
vt 0.622914 0.610185
vt 0.579239 0.614504
vt 0.56928 0.743566
vt 0.554995 0.645272
vt 0.564579 0.670152
vt 0.570873 0.707151
vt 0.636348 0.667414
vt 0.640427 0.629331
vt 0.636678 0.591065
vt 0.610612 0.573388
vt 0.579239 0.614504
vt 0.625268 0.554182
vt 0.591162 0.539311
vt 0.606673 0.520186
vt 0.562279 0.508642
vt 0.58078 0.489971
vt 0.531211 0.48398
vt 0.550391 0.465734
vt 0.496108 0.465612
vt 0.515844 0.447951
vt 0.459261 0.453633
vt 0.479821 0.436397
vt 0.418182 0.45343
vt 0.437104 0.428057
vt 0.399921 0.456102
vt 0.397404 0.432644
vt 0.34377 0.466256
vt 0.361256 0.450864
vt 0.313933 0.485189
vt 0.274033 0.515828
vt 0.306328 0.499211
vt 0.341571 0.487839
vt 0.251731 0.537213
vt 0.224968 0.560179
vt 0.247005 0.538937
vt 0.283652 0.520664
vt 0.316401 0.509585
vt 0.332573 0.470877
vt 0.204511 0.588608
vt 0.413395 0.766814
vt 0.409206 0.781824
vt 0.318121 0.762794
vt 0.414172 0.750673
vt 0.411425 0.734026
vt 0.405189 0.717571
vt 0.395667 0.702034
vt 0.383235 0.688117
vt 0.368419 0.676448
vt 0.351869 0.667545
vt 0.33432 0.661786
vt 0.316553 0.659389
vt 0.299342 0.660402
vt 0.283407 0.664706
vt 0.269365 0.672051
vt 0.257709 0.682093
vt 0.248819 0.694446
vt 0.242999 0.708687
vt 0.240494 0.724335
vt 0.241474 0.740812
vt 0.24598 0.757453
vt 0.253895 0.77354
vt 0.264929 0.788351
vt 0.278627 0.801217
vt 0.294398 0.811559
vt 0.311543 0.818928
vt 0.329299 0.823022
vt 0.346883 0.82371
vt 0.378598 0.815164
vt 0.397984 0.827928
vt 0.396317 0.808589
vt 0.391501 0.806425
vt 0.384493 0.802258
vt 0.39594 0.801584
vt 0.403441 0.795445
vt 0.40651 0.812624
vt 0.399246 0.825986
vt 0.401416 0.793476
vt 0.392335 0.791509
vt 0.397756 0.799604
vt 0.401816 0.795177
vt 0.417422 0.79952
vt 0.413781 0.805402
vt 0.407497 0.804815
vt 0.400025 0.799546
vt 0.399246 0.825986
vt 0.410394 0.814914
vt 0.399246 0.825986
vt 0.40651 0.812624
vt 0.286132 0.510056
vt 0.313933 0.485189
vt 0.247005 0.538937
vt 0.274033 0.515828
vt 0.226391 0.567582
vt 0.264404 0.540248
vt 0.213059 0.600558
vt 0.249653 0.574513
vt 0.202266 0.633614
vt 0.240797 0.610514
vt 0.204787 0.670961
vt 0.241486 0.648545
vt 0.215188 0.708192
vt 0.249986 0.686127
vt 0.233005 0.743789
vt 0.265928 0.721726
vt 0.257482 0.776324
vt 0.288648 0.7539
vt 0.287613 0.804504
vt 0.317213 0.781351
vt 0.32219 0.827215
vt 0.350465 0.802976
vt 0.359836 0.843547
vt 0.387064 0.817899
vt 0.399053 0.85283
vt 0.425531 0.825508
vt 0.438264 0.854658
vt 0.464308 0.825477
vt 0.475871 0.848916
vt 0.50181 0.817789
vt 0.518115 0.83713
vt 0.538982 0.803153
vt 0.547968 0.817139
vt 0.569413 0.781338
vt 0.57194 0.791099
vt 0.594922 0.754109
vt 0.489568 0.854339
vt 0.451177 0.866677
vt 0.414095 0.872481
vt 0.375493 0.870813
vt 0.336943 0.861792
vt 0.299982 0.845822
vt 0.26607 0.823563
vt 0.236543 0.795898
vt 0.21258 0.76391
vt 0.195166 0.728856
vt 0.185049 0.692131
vt 0.182697 0.655229
vt 0.19123 0.621291
vt 0.204511 0.588608
vt 0.224968 0.560179
vt 0.219824 0.813064
vt 0.246833 0.838431
vt 0.197932 0.783675
vt 0.182059 0.7514
vt 0.1729 0.717511
vt 0.170893 0.683384
vt 0.176186 0.650442
vt 0.188601 0.620094
vt 0.277888 0.858796
vt 0.311781 0.87336
vt 0.347191 0.881519
vt 0.382717 0.882894
vt 0.416919 0.877366
vt 0.518115 0.83713
vt 0.489568 0.854339
vt 0.451177 0.866677
vt 0.30441 0.496565
vt 0.332573 0.470877
vt 0.282162 0.527479
vt 0.266748 0.562345
vt 0.258797 0.599723
vt 0.25863 0.638073
vt 0.266241 0.675819
vt 0.281309 0.71142
vt 0.303208 0.743425
vt 0.331041 0.770535
vt 0.363675 0.791653
vt 0.399783 0.805917
vt 0.437901 0.812744
vt 0.476475 0.811846
vt 0.513929 0.803248
vt 0.548723 0.787293
vt 0.579424 0.764626
vt 0.605658 0.73683
vt 0.6246 0.703746
vt 0.605658 0.73683
vt 0.501015 0.635768
vt 0.54003 0.607091
vt 0.579239 0.614504
vt 0.564393 0.572902
vt 0.456476 0.665223
vt 0.610612 0.573388
vt 0.579239 0.614504
vt 0.564393 0.572902
vt 0.553651 0.559564
vt 0.610612 0.573388
vt 0.564393 0.572902
vt 0.591162 0.539311
vt 0.610612 0.573388
vt 0.531934 0.539278
vt 0.562279 0.508642
vt 0.506993 0.517096
vt 0.531211 0.48398
vt 0.474928 0.502311
vt 0.496108 0.465612
vt 0.448218 0.493146
vt 0.459261 0.453633
vt 0.418197 0.485222
vt 0.418182 0.45343
vt 0.403067 0.488474
vt 0.399921 0.456102
vt 0.403067 0.488474
vt 0.355969 0.525095
vt 0.399921 0.456102
vt 0.403067 0.488474
vt 0.341571 0.487839
vt 0.336271 0.547742
vt 0.316401 0.509585
vt 0.322332 0.586825
vt 0.298768 0.548757
vt 0.747757 0.208586
vt 0.751941 0.220681
vt 0.696731 0.247266
vt 0.701491 0.25881
vt 0.689013 0.23793
vt 0.740937 0.198721
vt 0.6791 0.231713
vt 0.732158 0.192049
vt 0.667966 0.229218
vt 0.722289 0.189214
vt 0.656702 0.230682
vt 0.712297 0.190479
vt 0.646405 0.235956
vt 0.703157 0.195707
vt 0.753069 0.233813
vt 0.702823 0.271427
vt 0.751026 0.246685
vt 0.700591 0.283877
vt 0.704773 0.283988
vt 0.694231 0.288351
vt 0.684407 0.296235
vt 0.676313 0.306889
vt 0.638079 0.24452
vt 0.6708 0.319283
vt 0.632532 0.255538
vt 0.668449 0.33221
vt 0.630303 0.267938
vt 0.669505 0.344397
vt 0.630303 0.267938
vt 0.631609 0.280514
vt 0.673843 0.354634
vt 0.631609 0.280514
vt 0.636327 0.292038
vt 0.714977 0.283556
vt 0.723855 0.287088
vt 0.696731 0.247266
vt 0.730583 0.294243
vt 0.751026 0.246685
vt 0.746014 0.258021
vt 0.700591 0.283877
vt 0.695015 0.294936
vt 0.738532 0.266704
vt 0.686644 0.303513
vt 0.694231 0.288351
vt 0.704773 0.283988
vt 0.688608 0.277986
vt 0.703476 0.271839
vt 0.714977 0.283556
vt 0.718875 0.270944
vt 0.723855 0.287088
vt 0.732645 0.276041
vt 0.730583 0.294243
vt 0.736172 0.290573
vt 0.734564 0.30434
vt 0.675541 0.288251
vt 0.684407 0.296235
vt 0.665102 0.301585
vt 0.676313 0.306889
vt 0.657991 0.316916
vt 0.6708 0.319283
vt 0.654798 0.333075
vt 0.668449 0.33221
vt 0.655967 0.348796
vt 0.669505 0.344397
vt 0.673843 0.354634
vt 0.688608 0.277986
vt 0.703476 0.271839
vt 0.699904 0.296498
vt 0.713837 0.293683
vt 0.718875 0.270944
vt 0.729611 0.291098
vt 0.732645 0.276041
vt 0.685356 0.301131
vt 0.675541 0.288251
vt 0.675248 0.311853
vt 0.665102 0.301585
vt 0.6683 0.324863
vt 0.657991 0.316916
vt 0.672432 0.338921
vt 0.654798 0.333075
vt 0.672432 0.338921
vt 0.67394 0.351873
vt 0.655967 0.348796
vt 0.679254 0.363661
vt 0.729611 0.291098
vt 0.714315 0.298188
vt 0.713837 0.293683
vt 0.726727 0.300534
vt 0.748638 0.291134
vt 0.737782 0.306737
vt 0.76083 0.307056
vt 0.701763 0.299925
vt 0.699904 0.296498
vt 0.690294 0.305575
vt 0.685356 0.301131
vt 0.681031 0.314584
vt 0.675248 0.311853
vt 0.674876 0.326073
vt 0.6683 0.324863
vt 0.672432 0.338921
vt 0.765065 0.323649
vt 0.7464 0.316193
vt 0.737782 0.306737
vt 0.751735 0.327978
vt 0.7464 0.316193
vt 0.765814 0.340019
vt 0.759881 0.355282
vt 0.753262 0.340938
vt 0.750827 0.353805
vt 0.750617 0.367928
vt 0.74467 0.365316
vt 0.739315 0.377692
vt 0.735391 0.374341
vt 0.723903 0.379994
vt 0.751735 0.327978
vt 0.714315 0.298188
vt 0.726727 0.300534
vt 0.676029 0.350275
vt 0.69437 0.353444
vt 0.737782 0.306737
vt 0.705306 0.366556
vt 0.7464 0.316193
vt 0.718704 0.382918
vt 0.657582 0.352959
vt 0.701763 0.299925
vt 0.640832 0.361231
vt 0.690294 0.305575
vt 0.62742 0.374283
vt 0.681031 0.314584
vt 0.7464 0.316193
vt 0.751735 0.327978
vt 0.718704 0.382918
vt 0.73019 0.39315
vt 0.751735 0.327978
vt 0.753262 0.340938
vt 0.73019 0.39315
vt 0.73446 0.410854
vt 0.753262 0.340938
vt 0.750827 0.353805
vt 0.731206 0.429295
vt 0.76083 0.307056
vt 0.734564 0.30434
vt 0.765065 0.323649
vt 0.736172 0.290573
vt 0.748638 0.291134
vt 0.732645 0.276041
vt 0.735461 0.316407
vt 0.702823 0.271427
vt 0.700591 0.283877
vt 0.733211 0.329283
vt 0.695015 0.294936
vt 0.750617 0.367928
vt 0.686644 0.303513
vt 0.739315 0.377692
vt 0.676305 0.308768
vt 0.729323 0.27188
vt 0.719299 0.273052
vt 0.665016 0.310189
vt 0.709446 0.270118
vt 0.653885 0.307643
vt 0.700725 0.263379
vt 0.644001 0.301387
vt 0.693982 0.253504
vt 0.636327 0.292038
vt 0.698911 0.379357
vt 0.687858 0.373132
vt 0.636327 0.292038
vt 0.673843 0.354634
vt 0.711331 0.381722
vt 0.723903 0.379994
vt 0.655472 0.46669
vt 0.639035 0.457974
vt 0.679254 0.363661
vt 0.679254 0.363661
vt 0.626111 0.444568
vt 0.67394 0.351873
vt 0.617967 0.427786
vt 0.673815 0.469864
vt 0.692268 0.467183
vt 0.709024 0.45891
vt 0.735391 0.374341
vt 0.722442 0.445855
vt 0.74467 0.365316
vt 0.731206 0.429295
vt 0.750827 0.353805
vt 0.672432 0.338921
vt 0.615398 0.409271
vt 0.674876 0.326073
vt 0.618656 0.390835
vt 0.681031 0.314584
vt 0.62742 0.374283
vt 0.693982 0.253504
vt 0.689866 0.241461
vt 0.636327 0.292038
vt 0.631609 0.280514
vt 0.68877 0.228422
vt 0.631609 0.280514
vt 0.630303 0.267938
vt 0.690798 0.215649
vt 0.630303 0.267938
vt 0.632532 0.255538
vt 0.695752 0.20438
vt 0.638079 0.24452
vt 0.703157 0.195707
vt 0.646405 0.235956
vt 0.759881 0.355282
vt 0.765814 0.340019
vt 0.738532 0.266704
vt 0.696731 0.247266
vt 0.701491 0.25881
vt 0.730583 0.294243
vt 0.729611 0.291098
vt 0.732645 0.276041
vt 0.748638 0.291134
vt 0.673843 0.354634
vt 0.655967 0.348796
vt 0.679254 0.363661
vt 0.71748 0.380888
vt 0.714874 0.384426
vt 0.704942 0.366381
vt 0.700279 0.370258
vt 0.725648 0.395007
vt 0.7311 0.393725
vt 0.728658 0.410433
vt 0.737504 0.410664
vt 0.730441 0.42767
vt 0.736057 0.43159
vt 0.722774 0.443916
vt 0.731363 0.447787
vt 0.705104 0.386478
vt 0.712127 0.393332
vt 0.695646 0.377147
vt 0.689863 0.371037
vt 0.691478 0.36111
vt 0.715064 0.414671
vt 0.710038 0.425244
vt 0.681614 0.370121
vt 0.679121 0.359807
vt 0.66927 0.371375
vt 0.660082 0.361683
vt 0.658883 0.376137
vt 0.644146 0.368943
vt 0.650907 0.382577
vt 0.631946 0.37864
vt 0.625394 0.375664
vt 0.617296 0.387925
vt 0.624618 0.392763
vt 0.646083 0.391852
vt 0.643623 0.400601
vt 0.639932 0.362754
vt 0.60946 0.400927
vt 0.620814 0.405896
vt 0.644424 0.415273
vt 0.613189 0.431347
vt 0.62198 0.428752
vt 0.628438 0.441092
vt 0.62043 0.443086
vt 0.636954 0.461904
vt 0.640471 0.456179
vt 0.649405 0.422388
vt 0.693289 0.342298
vt 0.700574 0.350106
vt 0.657246 0.432124
vt 0.709977 0.355208
vt 0.667937 0.437393
vt 0.710631 0.372066
vt 0.680067 0.439332
vt 0.721355 0.370469
vt 0.690079 0.437704
vt 0.731078 0.365578
vt 0.703601 0.432162
vt 0.73883 0.357909
vt 0.743878 0.348257
vt 0.715064 0.414671
vt 0.65694 0.464243
vt 0.676819 0.465413
vt 0.692019 0.462925
vt 0.692787 0.471061
vt 0.680781 0.471512
vt 0.713102 0.454387
vt 0.715063 0.464032
vt 0.727176 0.476601
vt 0.736997 0.467473
vt 0.742269 0.487835
vt 0.718098 0.483434
vt 0.739541 0.491103
vt 0.74517 0.484361
vt 0.656618 0.469635
vt 0.655585 0.486935
vt 0.644197 0.483841
vt 0.656732 0.511347
vt 0.669775 0.488776
vt 0.67873 0.347452
vt 0.643623 0.400601
vt 0.677466 0.336745
vt 0.643623 0.400601
vt 0.646083 0.391852
vt 0.679505 0.326116
vt 0.697895 0.328344
vt 0.693011 0.327889
vt 0.697084 0.305746
vt 0.681866 0.328115
vt 0.686749 0.306452
vt 0.665165 0.328147
vt 0.661357 0.353274
vt 0.679807 0.351889
vt 0.691743 0.35537
vt 0.583662 0.353049
vt 0.580225 0.358654
vt 0.584242 0.366083
vt 0.589714 0.418619
vt 0.594281 0.433334
vt 0.5981 0.445638
vt 0.570376 0.436265
vt 0.581296 0.446579
vt 0.769266 0.395065
vt 0.746598 0.398723
vt 0.764757 0.39186
vt 0.745345 0.391358
vt 0.748804 0.410959
vt 0.770569 0.407902
vt 0.750842 0.421796
vt 0.731618 0.387368
vt 0.705104 0.386478
vt 0.712127 0.393332
vt 0.737011 0.321908
vt 0.728917 0.311951
vt 0.695646 0.377147
vt 0.72293 0.304316
vt 0.689863 0.371037
vt 0.743577 0.327722
vt 0.712682 0.302595
vt 0.681614 0.370121
vt 0.702058 0.304175
vt 0.66927 0.371375
vt 0.692397 0.308997
vt 0.658883 0.376137
vt 0.684638 0.316563
vt 0.650907 0.382577
vt 0.679505 0.326116
vt 0.646083 0.391852
vt 0.714115 0.403427
vt 0.745793 0.33766
vt 0.715064 0.414671
vt 0.715064 0.414671
vt 0.743878 0.348257
vt 0.714115 0.403427
vt 0.770379 0.518237
vt 0.774402 0.526132
vt 0.761304 0.523702
vt 0.763903 0.528803
vt 0.757256 0.519655
vt 0.764114 0.511971
vt 0.752156 0.517056
vt 0.756219 0.507949
vt 0.746502 0.51616
vt 0.747467 0.506563
vt 0.740847 0.517056
vt 0.738716 0.507949
vt 0.735747 0.519655
vt 0.730821 0.511972
vt 0.731699 0.523702
vt 0.724556 0.518237
vt 0.7291 0.528803
vt 0.720533 0.526132
vt 0.720533 0.543635
vt 0.7291 0.540111
vt 0.730821 0.557795
vt 0.735747 0.54926
vt 0.747467 0.563204
vt 0.746502 0.552754
vt 0.752156 0.551858
vt 0.756219 0.561818
vt 0.757256 0.54926
vt 0.764114 0.557795
vt 0.761304 0.545212
vt 0.770379 0.55153
vt 0.763903 0.540111
vt 0.774402 0.543635
vt 0.748942 0.564851
vt 0.75853 0.563332
vt 0.767179 0.558925
vt 0.774043 0.552061
vt 0.77845 0.543412
vt 0.775788 0.534883
vt 0.764799 0.534457
vt 0.763903 0.540111
vt 0.779969 0.533824
vt 0.77845 0.524237
vt 0.774043 0.515587
vt 0.767179 0.508723
vt 0.75853 0.504316
vt 0.748942 0.502798
vt 0.739354 0.504316
vt 0.730705 0.508723
vt 0.723841 0.515587
vt 0.719434 0.524237
vt 0.719434 0.543412
vt 0.730705 0.558925
vt 0.758526 0.550299
vt 0.761024 0.555826
vt 0.761982 0.561199
vt 0.754732 0.545165
vt 0.750018 0.54093
vt 0.744848 0.538013
vt 0.739733 0.536698
vt 0.735175 0.537113
vt 0.731622 0.539211
vt 0.701285 0.552311
vt 0.703622 0.557373
vt 0.698475 0.548252
vt 0.69547 0.545593
vt 0.692566 0.544591
vt 0.735175 0.537113
vt 0.729417 0.542784
vt 0.7291 0.540111
vt 0.729749 0.552836
vt 0.758526 0.550299
vt 0.705255 0.562938
vt 0.761024 0.555826
vt 0.706022 0.568457
vt 0.761982 0.561199
vt 0.705849 0.573384
vt 0.761309 0.565892
vt 0.704752 0.577235
vt 0.758526 0.550299
vt 0.759075 0.569444
vt 0.702844 0.579632
vt 0.755503 0.571512
vt 0.700312 0.580345
vt 0.754732 0.545165
vt 0.754732 0.545165
vt 0.761304 0.523702
vt 0.758526 0.550299
vt 0.729417 0.542784
vt 0.686918 0.556525
vt 0.729749 0.552836
vt 0.688158 0.547763
vt 0.731622 0.539211
vt 0.690047 0.545341
vt 0.735175 0.537113
vt 0.689305 0.567539
vt 0.729749 0.552836
vt 0.73602 0.563435
vt 0.694414 0.576632
vt 0.745846 0.570564
vt 0.746502 0.552754
vt 0.735747 0.54926
vt 0.729749 0.552836
vt 0.7291 0.540111
vt 0.750944 0.571896
vt 0.752156 0.551858
vt 0.755503 0.571512
vt 0.697408 0.57931
vt 0.750944 0.571896
vt 0.700312 0.580345
vt 0.757256 0.54926
vt 0.752156 0.551858
vt 0.755503 0.571512
vt 0.755503 0.571512
vt 0.750944 0.571896
vt 0.700312 0.580345
vt 0.759075 0.569444
vt 0.757256 0.54926
vt 0.755503 0.571512
vt 0.761304 0.545212
vt 0.761309 0.565892
vt 0.763903 0.540111
vt 0.764799 0.534457
vt 0.763903 0.540111
vt 0.761982 0.561199
vt 0.761309 0.565892
vt 0.690047 0.545341
vt 0.735175 0.537113
vt 0.692566 0.544591
vt 0.477576 0.376445
vt 0.486139 0.379952
vt 0.472461 0.385376
vt 0.478122 0.387694
vt 0.46636 0.38492
vt 0.468348 0.375756
vt 0.460418 0.386372
vt 0.459359 0.377952
vt 0.455215 0.38959
vt 0.451488 0.382819
vt 0.45126 0.394257
vt 0.445506 0.389879
vt 0.448942 0.399918
vt 0.441999 0.398443
vt 0.448486 0.406019
vt 0.44131 0.40767
vt 0.449938 0.411962
vt 0.443506 0.41666
vt 0.453155 0.417165
vt 0.448373 0.42453
vt 0.457823 0.421119
vt 0.455434 0.430512
vt 0.463484 0.423437
vt 0.463997 0.434019
vt 0.469584 0.423893
vt 0.473225 0.434708
vt 0.475527 0.422441
vt 0.482214 0.432511
vt 0.48073 0.419224
vt 0.490085 0.427645
vt 0.484685 0.414556
vt 0.496066 0.420585
vt 0.487003 0.408895
vt 0.499573 0.412021
vt 0.487459 0.402795
vt 0.500262 0.402793
vt 0.486007 0.396852
vt 0.498066 0.393804
vt 0.48279 0.391649
vt 0.493199 0.385934
vt 0.485164 0.434197
vt 0.475315 0.436603
vt 0.465204 0.435848
vt 0.455822 0.432006
vt 0.448086 0.425452
vt 0.442754 0.416829
vt 0.440348 0.40698
vt 0.441103 0.396869
vt 0.444945 0.387487
vt 0.451499 0.379751
vt 0.460122 0.374419
vt 0.469971 0.372012
vt 0.480082 0.372768
vt 0.489464 0.37661
vt 0.4972 0.383164
vt 0.502532 0.391787
vt 0.504938 0.401636
vt 0.504183 0.411747
vt 0.500341 0.421129
vt 0.493787 0.428865
vt 0.45627 0.381969
vt 0.46198 0.38432
vt 0.46198 0.38432
vt 0.466843 0.388136
vt 0.470382 0.393041
vt 0.472251 0.398553
vt 0.472269 0.404131
vt 0.441545 0.44511
vt 0.436373 0.441741
vt 0.46198 0.38432
vt 0.430571 0.439432
vt 0.45627 0.381969
vt 0.424714 0.438412
vt 0.450275 0.381315
vt 0.419376 0.43878
vt 0.444583 0.38242
vt 0.415085 0.440499
vt 0.439754 0.385175
vt 0.448079 0.453626
vt 0.445578 0.449206
vt 0.41226 0.443397
vt 0.436259 0.389309
vt 0.448805 0.457934
vt 0.472269 0.404131
vt 0.484685 0.414556
vt 0.470436 0.409229
vt 0.470436 0.409229
vt 0.470436 0.409229
vt 0.466933 0.413349
vt 0.462105 0.41609
vt 0.456424 0.417185
vt 0.450444 0.416529
vt 0.457823 0.421119
vt 0.444749 0.414186
vt 0.450444 0.416529
vt 0.444749 0.414186
vt 0.429406 0.465616
vt 0.423635 0.463322
vt 0.439894 0.410384
vt 0.418482 0.459976
vt 0.436354 0.405494
vt 0.449938 0.411962
vt 0.448486 0.406019
vt 0.434474 0.399992
vt 0.448942 0.399918
vt 0.434441 0.394415
vt 0.45126 0.394257
vt 0.436259 0.389309
vt 0.455215 0.38959
vt 0.439754 0.385175
vt 0.460418 0.386372
vt 0.453155 0.417165
vt 0.444749 0.414186
vt 0.411929 0.451496
vt 0.411174 0.447187
vt 0.436259 0.389309
vt 0.41226 0.443397
vt 0.414448 0.455902
vt 0.444583 0.38242
vt 0.46636 0.38492
vt 0.450275 0.381315
vt 0.457823 0.421119
vt 0.46636 0.38492
vt 0.472461 0.385376
vt 0.450275 0.381315
vt 0.45627 0.381969
vt 0.472269 0.404131
vt 0.470436 0.409229
vt 0.448805 0.457934
vt 0.447689 0.461709
vt 0.456424 0.417185
vt 0.435234 0.466635
vt 0.440552 0.46628
vt 0.462105 0.41609
vt 0.444844 0.464584
vt 0.466933 0.413349
vt 0.447689 0.461709
vt 0.470436 0.409229
vt 0.61493 0.773624
vt 0.610479 0.782325
vt 0.604352 0.771843
vt 0.601476 0.777464
vt 0.60535 0.765608
vt 0.616475 0.763974
vt 0.604372 0.75937
vt 0.614962 0.754319
vt 0.601515 0.75374
vt 0.61054 0.745603
vt 0.597058 0.749268
vt 0.60364 0.738681
vt 0.591437 0.746392
vt 0.59494 0.73423
vt 0.603557 0.789224
vt 0.597004 0.781921
vt 0.594841 0.793646
vt 0.591373 0.784778
vt 0.585186 0.795159
vt 0.585135 0.785756
vt 0.575536 0.793614
vt 0.578901 0.784758
vt 0.566835 0.789163
vt 0.57328 0.781882
vt 0.559936 0.782241
vt 0.568822 0.77741
vt 0.564988 0.765541
vt 0.554001 0.76387
vt 0.568862 0.753686
vt 0.559997 0.74552
vt 0.578964 0.746371
vt 0.575634 0.734198
vt 0.559278 0.782386
vt 0.566837 0.789969
vt 0.576369 0.794846
vt 0.586941 0.796538
vt 0.597519 0.794881
vt 0.607067 0.790036
vt 0.61465 0.782477
vt 0.619527 0.772946
vt 0.621219 0.762373
vt 0.619562 0.751795
vt 0.614717 0.742247
vt 0.607159 0.734664
vt 0.597627 0.729787
vt 0.576477 0.729752
vt 0.591437 0.746392
vt 0.578964 0.746371
vt 0.559345 0.742156
vt 0.552776 0.76226
vt 0.574209 0.778018
vt 0.571195 0.78277
vt 0.576136 0.772136
vt 0.576785 0.765703
vt 0.576092 0.759354
vt 0.574128 0.753713
vt 0.571087 0.749334
vt 0.591437 0.746392
vt 0.563054 0.745904
vt 0.567391 0.785923
vt 0.563173 0.787171
vt 0.591437 0.746392
vt 0.563054 0.745904
vt 0.578964 0.746371
vt 0.563054 0.745904
vt 0.555068 0.750341
vt 0.578964 0.746371
vt 0.568862 0.753686
vt 0.550162 0.760933
vt 0.564988 0.765541
vt 0.550191 0.773655
vt 0.568822 0.77741
vt 0.552134 0.779287
vt 0.57328 0.781882
vt 0.555153 0.783678
vt 0.578901 0.784758
vt 0.558957 0.786396
vt 0.578901 0.784758
vt 0.585135 0.785756
vt 0.563173 0.787171
vt 0.296041 0.504066
vt 0.297386 0.503356
vt 0.291346 0.499498
vt 0.292616 0.498814
vt 0.285825 0.503257
vt 0.290233 0.508014
vt 0.278156 0.508661
vt 0.282172 0.513696
vt 0.271244 0.513661
vt 0.274911 0.51896
vt 0.267722 0.516354
vt 0.271215 0.521802
vt 0.287133 0.497221
vt 0.288207 0.496636
vt 0.282437 0.500422
vt 0.275909 0.50502
vt 0.270025 0.509271
vt 0.267027 0.511554
vt 0.2791 0.49866
vt 0.282512 0.496332
vt 0.274354 0.502003
vt 0.270076 0.50509
vt 0.267897 0.506744
vt 0.273642 0.499905
vt 0.276139 0.498146
vt 0.277933 0.496921
vt 0.283287 0.495906
vt 0.278339 0.496698
vt 0.271391 0.501528
vt 0.270247 0.502395
vt 0.273845 0.498933
vt 0.272517 0.521123
vt 0.271215 0.521802
vt 0.268953 0.515699
vt 0.267722 0.516354
vt 0.274488 0.511931
vt 0.278341 0.517166
vt 0.282205 0.506494
vt 0.286454 0.511447
vt 0.289132 0.501481
vt 0.293732 0.50617
vt 0.292616 0.498814
vt 0.297386 0.503356
vt 0.268074 0.51099
vt 0.267027 0.511554
vt 0.272779 0.507782
vt 0.279341 0.50316
vt 0.285236 0.4989
vt 0.288207 0.496636
vt 0.268658 0.506329
vt 0.267897 0.506744
vt 0.272075 0.503997
vt 0.27684 0.500641
vt 0.281124 0.49755
vt 0.283287 0.495906
vt 0.270648 0.502174
vt 0.270247 0.502395
vt 0.272443 0.500948
vt 0.274946 0.499186
vt 0.277198 0.497562
vt 0.278339 0.496698
vt 0.273845 0.498933
vt 0.334062 0.471754
vt 0.335372 0.47104
vt 0.32923 0.468506
vt 0.330338 0.467894
vt 0.324626 0.471645
vt 0.328648 0.475439
vt 0.31828 0.476116
vt 0.321191 0.480693
vt 0.312599 0.480222
vt 0.314519 0.485525
vt 0.309748 0.482398
vt 0.311171 0.488093
vt 0.321409 0.469908
vt 0.324754 0.467625
vt 0.316794 0.473158
vt 0.312664 0.47614
vt 0.310593 0.477716
vt 0.316137 0.471091
vt 0.318566 0.469381
vt 0.320325 0.46818
vt 0.325555 0.46718
vt 0.320743 0.467946
vt 0.313964 0.472658
vt 0.312877 0.473485
vt 0.316374 0.470118
vt 0.312446 0.487406
vt 0.311171 0.488093
vt 0.31083 0.481806
vt 0.309748 0.482398
vt 0.315444 0.47866
vt 0.317873 0.483712
vt 0.321823 0.474167
vt 0.325374 0.478427
vt 0.327514 0.470053
vt 0.332061 0.473584
vt 0.330338 0.467894
vt 0.335372 0.47104
vt 0.31138 0.477281
vt 0.310593 0.477716
vt 0.31473 0.474995
vt 0.319362 0.471733
vt 0.323498 0.468747
vt 0.325555 0.46718
vt 0.313291 0.473254
vt 0.312877 0.473485
vt 0.315051 0.472052
vt 0.317485 0.470338
vt 0.319659 0.46877
vt 0.320743 0.467946
vt 0.316374 0.470118
vt 0.264713 0.539443
vt 0.267275 0.539824
vt 0.259676 0.535195
vt 0.262104 0.53555
vt 0.253422 0.538602
vt 0.258135 0.543019
vt 0.245719 0.544471
vt 0.250042 0.549189
vt 0.239489 0.550579
vt 0.2435 0.555616
vt 0.237105 0.554603
vt 0.241003 0.559856
vt 0.255375 0.533338
vt 0.257435 0.533637
vt 0.250054 0.536239
vt 0.243497 0.541235
vt 0.238192 0.546429
vt 0.236162 0.549845
vt 0.242173 0.53873
vt 0.246942 0.535098
vt 0.250809 0.532988
vt 0.238316 0.542504
vt 0.236841 0.544981
vt 0.24188 0.537203
vt 0.24439 0.535292
vt 0.246424 0.534181
vt 0.239851 0.539187
vt 0.239076 0.540488
vt 0.243529 0.560275
vt 0.241003 0.559856
vt 0.239501 0.554992
vt 0.237105 0.554603
vt 0.245778 0.551581
vt 0.250131 0.556694
vt 0.253526 0.545675
vt 0.258274 0.550483
vt 0.259763 0.539548
vt 0.264824 0.544035
vt 0.262104 0.53555
vt 0.267275 0.539824
vt 0.238199 0.55017
vt 0.236162 0.549845
vt 0.243535 0.547266
vt 0.250126 0.542243
vt 0.255436 0.537035
vt 0.257435 0.533637
vt 0.238321 0.545212
vt 0.236841 0.544981
vt 0.242196 0.5431
vt 0.246983 0.539454
vt 0.250843 0.535673
vt 0.252301 0.533205
vt 0.239855 0.540606
vt 0.239076 0.540488
vt 0.241892 0.539496
vt 0.244406 0.53758
vt 0.246436 0.535594
vt 0.247206 0.534296
vt 0.246424 0.534181
vt 0.250809 0.532988
vt 0.242648 0.536806
vt 0.24439 0.535292
vt 0.24188 0.537203
vt 0.239851 0.539187
vt 0.255375 0.533338
vt 0.428808 0.797291
vt 0.431098 0.80083
vt 0.415125 0.826982
vt 0.418186 0.828725
vt 0.469122 0.804191
vt 0.428808 0.797291
vt 0.469237 0.801045
vt 0.401044 0.857863
vt 0.403729 0.859958
vt 0.451304 0.83202
vt 0.41091 0.816793
vt 0.428808 0.797291
vt 0.420238 0.782618
vt 0.397186 0.84449
vt 0.431188 0.86344
vt 0.469237 0.801045
vt 0.428808 0.797291
vt 0.461863 0.79087
vt 0.420238 0.782618
vt 0.234501 0.412748
vt 0.081645 0.308229
vt 0.313162 0.268708
vt 0.148305 0.16647
vt 0.234501 0.412748
vt 0.204954 0.424251
vt 0.081645 0.308229
vt 0.047862 0.317731
vt 0.249349 0.450315
vt 0.213573 0.451273
vt 0.336457 0.265077
vt 0.312858 0.269706
vt 0.228629 0.439573
vt 0.249349 0.450315
vt 0.319461 0.269869
vt 0.336457 0.265077
vt 0.149962 0.150683
vt 0.15165 0.143531
vt 0.218055 0.151914
vt 0.319461 0.269869
vt 0.149962 0.150683
vt 0.230983 0.159459
vt 0.389403 0.251923
vt 0.230314 0.148892
vt 0.235593 0.143139
vt 0.404753 0.247985
vt 0.26975 0.145069
vt 0.428199 0.240138
vt 0.389403 0.251923
vt 0.228629 0.439573
vt 0.319461 0.269869
vt 0.280269 0.392426
vt 0.404753 0.247985
vt 0.296091 0.387828
vt 0.428199 0.240138
vt 0.338864 0.406484
vt 0.336457 0.265077
vt 0.312858 0.269706
vt 0.15165 0.143531
vt 0.1072 0.143064
vt 0.116043 0.172737
vt 0.025187 0.322111
vt 0.1072 0.143064
vt 0.047862 0.317731
vt 0.285367 0.277005
vt 0.312858 0.269706
vt 0.204954 0.424251
vt 0.213573 0.451273
vt 0.081645 0.308229
vt 0.047862 0.317731
vt 0.148305 0.16647
vt 0.116043 0.172737
vt 0.148305 0.16647
vt 0.116043 0.172737
vt 0.313162 0.268708
vt 0.285367 0.277005
vt 0.313162 0.268708
vt 0.285367 0.277005
vt 0.234501 0.412748
vt 0.204954 0.424251
vt 0.453423 0.541209
vt 0.316795 0.504851
vt 0.485141 0.477298
vt 0.349726 0.465175
vt 0.527917 0.582105
vt 0.538149 0.52082
vt 0.596825 0.617398
vt 0.586063 0.560161
vt 0.260776 0.572344
vt 0.414979 0.640859
vt 0.256594 0.651154
vt 0.378825 0.730816
vt 0.474921 0.757099
vt 0.517447 0.682042
vt 0.281395 0.721865
vt 0.357191 0.795656
vt 0.437352 0.818903
vt 0.395796 0.810947
vt 0.615133 0.714763
vt 0.56531 0.775314
vt 0.464565 0.817753
vt 0.503571 0.813721
vn 0.6345654 0.7315144 0.2494261
vn 0.8410992 0.3802267 0.3846812
vn 0.5655255 0.724503 0.3940511
vn 0.7360448 0.3549652 0.5764006
vn 0.3313153 0.9146035 0.2317987
vn 0.3647029 0.9214627 0.1337852
vn 0.6651216 0.7402285 0.09836243
vn 0.3778268 0.9246739 0.04717178
vn 0.8975257 0.4022159 0.1807484
vn 0.6604481 0.7494329 -0.04646405
vn 0.3735428 0.9269747 -0.03440606
vn 0.9073317 0.4199658 -0.01944072
vn 0.627713 0.7580425 -0.1770539
vn 0.3550974 0.9285733 -0.1079709
vn 0.8777332 0.4332273 -0.204692
vn 0.5855912 0.7576604 -0.2881558
vn 0.327902 0.9289041 -0.1720971
vn 0.6929678 0.4333633 -0.5761873
vn 0.5059699 0.7708334 -0.3870534
vn 0.2899477 0.92894 -0.230219
vn 0.722904 0.4870155 -0.4901282
vn 0.4197102 0.7745133 -0.4732573
vn 0.2412843 0.9290912 -0.280306
vn 0.5974531 0.5145931 -0.6150152
vn 0.3323153 0.7756634 -0.536575
vn 0.1899402 0.9293187 -0.3166851
vn 0.4774505 0.5183233 -0.7094941
vn 0.2194605 0.775642 -0.5917909
vn 0.1235468 0.9298914 -0.3464653
vn 0.3417418 0.5184322 -0.7838627
vn 0.1433758 0.7727307 -0.6183289
vn 0.07762511 0.9292434 -0.3612215
vn 0.2040739 0.5138955 -0.8332258
vn 0.06013369 0.7705396 -0.6345491
vn 0.02864942 0.9306094 -0.3648908
vn 0.1205501 0.5111629 -0.8509878
vn -0.07557707 0.7588882 -0.6468205
vn -0.05540716 0.9307438 -0.3614501
vn -0.09376667 0.4643681 -0.8806645
vn -0.2389885 0.7538815 -0.6120026
vn -0.1430778 0.9334524 -0.3289306
vn -0.2923773 0.3993439 -0.8689303
vn -0.3815131 0.7502763 -0.5399382
vn -0.2157072 0.9317564 -0.2920622
vn -0.4922031 0.3720701 -0.7869562
vn -0.5012038 0.7436718 -0.4424329
vn -0.2830957 0.9288885 -0.2387948
vn -0.6655299 0.3503188 -0.6590498
vn -0.5956116 0.7383997 -0.3162478
vn -0.3404252 0.9246581 -0.1706405
vn -0.808237 0.3268432 -0.4898229
vn -0.6559322 0.734917 -0.1721915
vn -0.3836164 0.918991 -0.09107058
vn -0.9070198 0.3035115 -0.2918831
vn -0.6796611 0.7331554 -0.02332411
vn -0.4101472 0.9120076 -0.004639489
vn -0.9497834 0.2975535 -0.0968162
vn -0.670087 0.7326348 0.1192883
vn -0.4190156 0.9040816 0.08403859
vn -0.9516646 0.2816285 0.1225555
vn -0.6334207 0.7327124 0.2488185
vn -0.4101961 0.8958566 0.1708216
vn -0.9124261 0.2651771 0.3117045
vn -0.575923 0.7327922 0.3623923
vn -0.3841994 0.8881888 0.2520151
vn -0.8402988 0.252432 0.4797666
vn -0.5022637 0.7324747 0.4595779
vn -0.3419359 0.8820169 0.3242314
vn -0.7421488 0.243413 0.624472
vn -0.4152179 0.731519 0.5408087
vn -0.2848226 0.8781633 0.3843245
vn -0.6227191 0.2380404 0.7453575
vn -0.3159837 0.7298256 0.6062252
vn -0.2148621 0.8771614 0.4294438
vn -0.4847699 0.2362564 0.8421289
vn -0.2048008 0.727433 0.6549029
vn -0.1347239 0.8791188 0.4571648
vn -0.3297472 0.2381026 0.9135502
vn -0.08179426 0.7245455 0.6843563
vn -0.04774702 0.8836833 0.4656436
vn -0.1588045 0.2437298 0.9567533
vn 0.0518895 0.7215954 0.6903677
vn 0.04206407 0.8901211 0.4537787
vn 0.0258782 0.2533514 0.9670282
vn 0.192632 0.7192761 0.667484
vn 0.1373271 0.8935039 0.4275418
vn 0.2194781 0.2670951 0.9383441
vn 0.3329924 0.7184811 0.6106563
vn 0.2008148 0.9087092 0.3659522
vn 0.402891 0.2945968 0.86654
vn 0.4616117 0.7200805 0.5180721
vn 0.2757709 0.9053585 0.3229187
vn 0.5882815 0.3281044 0.7391024
vn 0.1001917 0.9222987 0.3732651
vn 0.2352839 0.8797598 0.4131153
vn 0.2856537 0.9045528 0.3165222
vn 0.2945143 0.8917637 0.3435388
vn 0.6402025 0.1803179 0.7467437
vn 0.7892489 0.2280339 0.5701637
vn 0.6546756 -0.00212819 0.7559069
vn 0.8105826 0.03238773 0.5847281
vn 0.8916826 0.2672024 0.3653832
vn 0.9231853 0.07280066 0.3773977
vn 0.8049679 -0.08905714 0.5865965
vn 0.919127 -0.04790166 0.3910381
vn 0.9806786 0.1144139 0.1586793
vn 0.9825084 0.005354445 0.1861411
vn 0.9863404 0.1550107 -0.05571523
vn 0.9975373 0.06655885 -0.02212427
vn 0.9482378 0.1915481 -0.2532868
vn 0.9667014 0.1281224 -0.2215242
vn 0.7031151 0.2456905 -0.6672821
vn 0.9432541 0.295801 0.1509083
vn 0.5801475 0.3536478 -0.7337316
vn 0.9127365 0.3240089 -0.248858
vn 0.9476585 0.3141161 -0.05722119
vn 0.9857491 0.01380403 0.1676545
vn 0.9964452 0.07563093 -0.03710444
vn 0.9622201 0.1371166 -0.2352263
vn 0.9205652 0.1689179 -0.3521739
vn 0.9200302 0.1950282 -0.3398653
vn 0.8883489 0.1911752 -0.4174785
vn 0.8029886 0.2208498 -0.5535654
vn 0.7524526 0.2474594 -0.6103925
vn 0.6602095 0.2708237 -0.7005553
vn 0.6331436 0.2842466 -0.7199535
vn 0.5479346 0.2866242 -0.7858843
vn 0.4956416 0.2848678 -0.8204814
vn 0.3925693 0.2786061 -0.876509
vn 0.338853 0.2710977 -0.9009354
vn 0.1946952 0.253774 -0.9474664
vn 0.1563881 0.2928913 -0.9432695
vn 0.01522447 0.3227019 -0.9463782
vn -0.02236853 0.3697059 -0.9288796
vn -0.1801023 0.2682313 -0.9463694
vn -0.2444687 0.2931427 -0.9242848
vn -0.391794 0.164407 -0.9052445
vn -0.5172874 0.09932391 -0.8500286
vn -0.6045228 0.06346945 -0.7940553
vn -0.5674251 0.0986415 -0.8174953
vn -0.3606922 0.1325286 -0.9232212
vn -0.309234 0.1265214 -0.9425321
vn -0.5486879 0.1942498 -0.8131473
vn -0.7268902 0.1601806 -0.667812
vn -0.7375503 0.05289092 -0.6732178
vn -0.3807271 0.2166757 -0.8989429
vn -0.2762666 0.2644864 -0.9239717
vn -0.6377756 0.04908414 -0.7686566
vn -0.8685505 0.121126 -0.4805711
vn 0.2764125 0.9595054 0.05427095
vn 0.2539298 0.9595706 0.1214239
vn -0.005967551 0.9998926 0.01338505
vn 0.2771776 0.9607911 -0.00729163
vn 0.2676848 0.9613982 -0.06370466
vn 0.2505502 0.9612928 -0.1146329
vn 0.2277581 0.9605467 -0.1596132
vn 0.1960856 0.9601442 -0.1991824
vn 0.1572297 0.9602983 -0.2304473
vn 0.1154015 0.9609007 -0.2516993
vn 0.06389192 0.9610231 -0.2689841
vn 0.02475348 0.9626302 -0.2696856
vn -0.02574096 0.9656682 -0.2585005
vn -0.08531553 0.966912 -0.240421
vn -0.1371472 0.9665043 -0.2169334
vn -0.1875479 0.9649653 -0.1834877
vn -0.2347104 0.9619409 -0.1399307
vn -0.2763644 0.9571514 -0.08650895
vn -0.3097974 0.950496 -0.02414468
vn -0.3320413 0.9421774 0.04527922
vn -0.3402621 0.9328004 0.1187643
vn -0.3322687 0.9233824 0.1922562
vn -0.3070149 0.9152208 0.2609842
vn -0.264936 0.9096221 0.3199946
vn -0.2080517 0.9075622 0.3647538
vn -0.1398539 0.9093987 0.3917078
vn -0.06498703 0.9147452 0.3987707
vn 0.01125086 0.9225678 0.3856711
vn 0.1467329 0.9550101 0.2577306
vn 0.2216516 0.877207 0.4258854
vn 0.5567839 0.7706858 0.3098952
vn 0.1829148 0.9596832 0.2134254
vn 0.06658397 0.9950192 0.07418414
vn 0.3618122 0.931201 0.04423361
vn 0.8035989 0.594675 -0.02430158
vn 0.8443192 0.5007018 0.1908475
vn 0.4144977 0.8577441 0.3040832
vn 0.579978 0.6829731 -0.4440419
vn 0.07484392 0.9954575 0.05884561
vn 0.1588387 0.9765002 0.1456632
vn 0.2658979 0.9394988 0.2159637
vn 0.3483635 0.9028164 0.2521219
vn 0.3295731 0.8966708 0.2955727
vn 0.3308998 0.8982781 0.2891401
vn 0.3217207 0.898921 0.2973836
vn 0.3239857 0.9282655 0.1826376
vn 0.0494806 0.9758551 -0.2127406
vn 0.0494806 0.9758551 -0.2127406
vn -0.2556311 0.8393814 -0.4796788
vn -0.7445067 0.01923652 -0.6673378
vn -0.6045228 0.06346945 -0.7940553
vn -0.7375503 0.05289092 -0.6732178
vn -0.5674251 0.0986415 -0.8174953
vn -0.87543 0.01215305 -0.483192
vn -0.8718979 -0.01553151 -0.4894414
vn -0.9420315 -0.004122898 -0.335499
vn -0.9427586 -0.03762103 -0.3313473
vn -0.9932643 -0.02958026 -0.1120308
vn -0.9926243 -0.07165728 -0.09778613
vn -0.9853755 -0.05817303 0.1601594
vn -0.9895923 -0.0726814 0.1241953
vn -0.934104 -0.06533746 0.3509713
vn -0.9459553 -0.05967427 0.3187592
vn -0.8521539 -0.06761152 0.518905
vn -0.8671463 -0.04548901 0.495972
vn -0.7457045 -0.06731439 0.6628675
vn -0.7579989 -0.03450321 0.6513426
vn -0.6187332 -0.06615353 0.782811
vn -0.6230208 -0.02973525 0.7816398
vn -0.4734316 -0.06500809 0.8784284
vn -0.4661607 -0.03252229 0.884102
vn -0.3109125 -0.06386018 0.9482907
vn -0.2910854 -0.0423961 0.9557573
vn -0.1321324 -0.06181469 0.9893028
vn -0.1018469 -0.05710433 0.9931597
vn 0.06085908 -0.05721252 0.9965054
vn 0.09632324 -0.07279951 0.9926843
vn 0.2302631 -0.04841211 0.9719234
vn 0.2753956 -0.08919372 0.9571843
vn 0.4387677 -0.0275934 0.8981767
vn 0.4800928 -0.1117112 0.8700755
vn 0.6546756 -0.00212819 0.7559069
vn 0.6592069 -0.1127763 0.7434566
vn 0.8105826 0.03238773 0.5847281
vn 0.8049679 -0.08905714 0.5865965
vn 0.4296779 0.1174755 0.895308
vn 0.2404886 0.05614172 0.969027
vn 0.05613671 0.02173111 0.9981865
vn -0.1358255 -0.004207184 0.9907238
vn -0.3130908 -0.022109 0.9494659
vn -0.4739423 -0.03175973 0.8799829
vn -0.6179712 -0.03316677 0.7855008
vn -0.7445017 -0.02633531 0.6671011
vn -0.8513871 -0.01122326 0.5244177
vn -0.9341004 0.01211557 0.3568048
vn -0.9853299 0.04320787 0.1651001
vn -0.9911135 0.0839647 -0.1031698
vn -0.9508219 0.09187809 -0.2957975
vn -0.8685505 0.121126 -0.4805711
vn -0.7268902 0.1601806 -0.667812
vn -0.7421488 0.243413 0.624472
vn -0.6227191 0.2380404 0.7453575
vn -0.8402988 0.252432 0.4797666
vn -0.9124261 0.2651771 0.3117045
vn -0.9516646 0.2816285 0.1225555
vn -0.9497834 0.2975535 -0.0968162
vn -0.9070198 0.3035115 -0.2918831
vn -0.808237 0.3268432 -0.4898229
vn -0.4847699 0.2362564 0.8421289
vn -0.3297472 0.2381026 0.9135502
vn -0.1588045 0.2437298 0.9567533
vn 0.0258782 0.2533514 0.9670282
vn 0.2194781 0.2670951 0.9383441
vn 0.4387677 -0.0275934 0.8981767
vn 0.4296779 0.1174755 0.895308
vn 0.2404886 0.05614172 0.969027
vn -0.7693747 0.01140997 -0.6386958
vn -0.6377756 0.04908414 -0.7686566
vn -0.8858555 -0.01856125 -0.4635898
vn -0.9575166 -0.04580411 -0.2847176
vn -0.9950467 -0.07523953 -0.06496917
vn -0.9881042 -0.06711516 0.1383683
vn -0.9412925 -0.05397673 0.3332488
vn -0.8577412 -0.04075767 0.5124634
vn -0.7416413 -0.0316104 0.6700515
vn -0.5977224 -0.0292491 0.8011695
vn -0.4309579 -0.03457711 0.9017093
vn -0.2466727 -0.04656753 0.9679794
vn -0.05088947 -0.06238545 0.9967539
vn 0.1494016 -0.07776826 0.9857136
vn 0.336879 -0.0962616 0.9366143
vn 0.52979 -0.1177346 0.8399174
vn 0.6846424 -0.1115232 0.7202967
vn 0.8254734 -0.08331448 0.5582585
vn 0.9290182 -0.04087163 0.3677697
vn 0.8254734 -0.08331448 0.5582585
vn 0.1108199 0.2942129 -0.9492932
vn 0.1437283 0.2812282 -0.9488165
vn 0.4904853 0.265617 -0.829983
vn 0.07096475 0.2010849 -0.9769999
vn 0.1064911 0.2689693 -0.9572435
vn -0.06749975 0.6639436 -0.74473
vn 0.0992185 0.2438902 -0.9647141
vn 0.01869162 0.5044824 -0.8632197
vn -0.1748806 0.9824127 -0.06543653
vn -0.1253583 0.8653716 -0.4851981
vn -0.06749975 0.6639436 -0.74473
vn -0.2158974 0.9723247 0.08929111
vn -0.1457418 0.9821318 -0.1190646
vn -0.2074158 0.9717143 0.1129169
vn -0.1842515 0.9685416 0.1672674
vn -0.1439059 0.9671206 0.2096872
vn -0.1269061 0.9666083 0.2226278
vn -0.111623 0.9672541 0.2279472
vn -0.1090354 0.9673246 0.2288984
vn -0.1078218 0.9655199 0.2369507
vn -0.07046369 0.9546483 0.2892775
vn 0.1253082 0.931417 0.341702
vn 0.1722859 0.9307935 0.3223988
vn 0.5921038 0.7750123 0.2208371
vn 0.02801944 0.9805533 0.1942425
vn 0.2604828 0.9203134 0.2918425
vn 0.9450359 0.2174773 -0.2441536
vn 0.9492467 0.2566914 -0.1817698
vn 0.8163918 0.5411008 0.201778
vn 0.8991794 0.2210573 -0.3776377
vn 0.9037669 0.1402662 -0.4043896
vn 0.8887476 0.1377695 -0.4372038
vn 0.8878862 0.1115294 -0.4463399
vn 0.8776634 0.1297746 -0.4613734
vn 0.5441611 0.5771592 -0.6089138
vn 0.7295012 0.5782253 -0.3653537
vn 0.7328784 0.2634766 -0.6272714
vn 0.7816089 0.5646252 -0.2651151
vn 0.5255817 0.2332479 -0.8181438
vn 0.3218091 0.5227606 -0.7894049
vn 0.217507 0.3118786 -0.9248905
vn 0.07756688 0.4253127 -0.9017164
vn -0.08321244 0.3507076 -0.9327807
vn -0.1776082 0.2935794 -0.9392904
vn -0.3535844 0.3421595 -0.8705773
vn -0.4290499 0.1368341 -0.8928564
vn -0.5915372 0.295742 -0.7500802
vn -0.6538355 -0.03209753 -0.7559557
vn 0.8531041 0.5168653 -0.07115974
vn 0.8757427 0.4814645 0.03559263
vn 0.8862596 0.3939786 0.2435668
vn 0.8734522 0.3408657 0.3476951
vn 0.02631098 0.2751004 -0.9610553
vn -0.2705142 0.4280224 -0.8623334
vn -0.4930345 0.5123705 -0.7031311
vn -0.6547015 0.5507184 -0.5177599
vn -0.7915495 0.2258302 -0.5678469
vn -0.769792 0.5564547 -0.3126954
vn -0.9355015 0.1454576 -0.3219924
vn -0.8423524 0.5323573 -0.08389352
vn -0.9817981 0.1778821 -0.06656118
vn -0.8641523 0.472136 0.1741511
vn -0.9976593 0.06392912 -0.02427083
vn -0.9641022 0.09152043 0.2492606
vn -0.7419827 0.2750152 0.611415
vn -0.9551618 -0.01580781 0.295662
vn -0.8290673 -0.01190561 0.5590219
vn 0.3676695 0.0469314 -0.9287716
vn 0.6515503 -0.2027115 -0.73102
vn 0.7883282 0.1390492 -0.5993363
vn 0.8030339 -0.3979969 -0.4435481
vn 0.8862596 0.3939786 0.2435668
vn 0.8145396 0.2280575 0.5333995
vn 0.9348188 -0.1461137 0.3236733
vn 0.8214278 -0.2481881 0.5134774
vn 0.6506031 0.04911476 0.7578281
vn 0.5743511 -0.318171 0.7542467
vn -0.5277116 -0.8177472 -0.2298041
vn -0.4621079 -0.8482147 -0.2588204
vn -0.5092291 -0.8247254 -0.2459952
vn -0.447724 -0.8589388 -0.2485306
vn -0.3931487 -0.8903772 -0.229483
vn -0.4046213 -0.8935581 -0.1945134
vn -0.3689594 -0.918127 -0.1446091
vn -0.4147125 -0.9032413 -0.1103121
vn -0.4098976 -0.9103343 -0.05723167
vn -0.4440774 -0.8947649 -0.04680839
vn -0.4206945 -0.9071996 -0.002246863
vn -0.5551341 -0.8066317 -0.2029079
vn -0.5644447 -0.8074282 -0.1716445
vn -0.5739207 -0.8060338 -0.1446532
vn -0.5701902 -0.8142903 -0.1086941
vn -0.5664808 -0.8192535 -0.08901221
vn -0.5492284 -0.8338557 -0.05507003
vn -0.5367205 -0.8423951 -0.04797358
vn -0.5058658 -0.8623402 -0.02166171
vn -0.4854534 -0.8742126 -0.009342532
vn -0.4655372 -0.8849685 0.01028334
vn -0.464145 -0.8856003 0.01677795
vn -0.1392099 0.6557525 -0.7420304
vn 0.02335546 0.5541266 -0.8321047
vn -0.1067055 0.6360202 -0.7642593
vn -0.02743883 0.5041406 -0.8631856
vn 0.2071386 0.318307 -0.9250806
vn 0.1379088 0.2344645 -0.9622929
vn 0.539496 -0.128884 -0.8320655
vn -0.3038816 0.7069708 -0.63863
vn -0.3802886 0.7334405 -0.5634232
vn -0.4659584 0.7737909 -0.4291042
vn -0.4598269 0.8004308 -0.3845384
vn -0.5749138 0.8093185 -0.1203229
vn -0.4968255 0.8666164 -0.04626703
vn -0.4320605 0.8999857 0.05787451
vn -0.3322499 0.9431565 -0.008123708
vn -0.1951957 0.978791 0.06218397
vn -0.3661453 0.9288678 0.0560554
vn -0.3948867 0.9133248 0.09950954
vn -0.6239509 0.652095 0.4306478
vn 0.01989841 0.9858475 0.1664596
vn -0.02203499 0.9753127 0.2197261
vn 0.03155526 0.9398996 0.3399895
vn 0.00825886 0.9998968 0.01175446
vn 0.1018889 0.9945586 -0.02172318
vn 0.1287746 0.9765038 -0.1727933
vn 0.2484211 0.9580059 -0.1432191
vn 0.08081859 0.9231043 0.3759612
vn 0.1624617 0.8877527 0.4306988
vn 0.25936 0.8741608 0.4105792
vn 0.3365395 0.8508947 0.4033849
vn 0.4267413 0.842289 0.3293038
vn 0.4730904 0.833575 0.2851987
vn 0.5281983 0.8307406 0.1757176
vn 0.53782 0.8305799 0.1445224
vn -0.01125542 0.9996017 -0.02588236
vn 0.4283346 0.8920186 -0.144334
vn 0.5363958 0.7152202 -0.4480399
vn 0.4435645 0.717837 -0.5366195
vn 0.6668741 0.6469268 -0.3698172
vn 0.6192845 0.6340421 -0.4631172
vn 0.5476149 0.8358288 -0.03883438
vn 0.5734475 0.8085228 0.1320938
vn 0.836988 0.5403921 -0.08618326
vn 0.5645211 0.8032697 0.1899308
vn 0.5048285 0.8075641 0.3049402
vn 0.4520728 0.8204522 0.3499837
vn 0.3475024 0.8317319 0.4329712
vn 0.3051393 0.8410801 0.4466254
vn 0.2247999 0.8356618 0.501133
vn 0.7609695 0.5500226 -0.3440938
vn -0.05150828 0.2603804 -0.9641312
vn 0.2464079 0.2638769 -0.9325514
vn 0.05344133 0.2664756 -0.962359
vn 0.4621404 0.2573534 -0.8486433
vn 0.5644871 0.453907 -0.6894366
vn 0.7236348 0.2363154 -0.6484656
vn 0.6192845 0.6340421 -0.4631172
vn 0.7649371 0.2140022 -0.6075147
vn -0.2457704 0.2384706 -0.9395365
vn -0.3454385 0.2202579 -0.9122273
vn -0.5277966 0.1743124 -0.8312917
vn -0.6146538 0.14487 -0.7753795
vn -0.7658961 0.07675591 -0.6383665
vn -0.8305153 0.037439 -0.5557361
vn 0.7322717 0.4000509 -0.5511237
vn 0.7609695 0.5500226 -0.3440938
vn 0.7649371 0.2140022 -0.6075147
vn 0.917466 0.07400946 -0.3908693
vn 0.8537707 0.3264477 -0.4055953
vn 0.9037977 0.4261734 -0.03906131
vn 0.917466 0.07400946 -0.3908693
vn 0.9909561 -0.1286684 0.03808458
vn 0.994917 -0.07507047 -0.06711532
vn 0.9338394 -0.233765 0.2707357
vn 0.891149 -0.2757849 0.3602721
vn 0.7235663 -0.6567001 -0.2125952
vn 0.7787147 -0.618582 -0.1046887
vn 0.6892058 -0.7192292 -0.08777665
vn 0.7653902 -0.5987988 -0.2358346
vn 0.7523804 -0.5249582 -0.397923
vn 0.7341941 -0.273513 -0.6214094
vn 0.7482731 -0.6611487 0.05449622
vn 0.8270934 -0.5620039 0.008258783
vn 0.8973635 -0.270143 0.3489435
vn 0.693562 -0.6722407 0.2589676
vn 0.8214278 -0.2481881 0.5134774
vn 0.6269666 -0.6460527 0.435349
vn 0.5743511 -0.318171 0.7542467
vn 0.3493993 -0.5060048 0.7885933
vn 0.2898584 -0.313325 0.9043282
vn 0.4245228 -0.1173275 0.8977832
vn 0.1652553 -0.2584285 0.9517907
vn 0.07315538 -0.326427 0.9423872
vn -0.1058073 -0.3697906 0.9230709
vn -0.2353326 -0.2717311 0.9331564
vn -0.3703205 -0.448514 0.8134481
vn -0.5439234 -0.1875976 0.8178964
vn -0.6072153 -0.4896949 0.6256904
vn -0.7530128 -0.2065888 0.6247343
vn -0.2953705 -0.296178 0.9083143
vn -0.6169398 -0.1083824 0.7795117
vn -0.7984105 -0.09869245 0.5939702
vn -0.7419827 0.2750152 0.611415
vn 0.01266933 -0.4012618 0.9158758
vn 0.2312948 -0.4380314 0.8686952
vn -0.2995471 -0.5172158 0.8017227
vn -0.5485196 -0.4783988 0.6857557
vn -0.6808028 -0.2253586 0.696937
vn -0.7284398 -0.02939029 0.6844792
vn -0.7658259 -0.4082424 0.4968389
vn -0.873664 -0.3482215 0.3397837
vn -0.9213187 -0.306695 0.2389776
vn -0.03822064 -0.5270372 0.8489823
vn 0.2243518 -0.5090913 0.8309587
vn 0.4787744 -0.4623921 0.7463033
vn 0.5605192 -0.4396939 0.7017745
vn 0.709888 -0.3846752 0.5899864
vn 0.7767965 -0.3517469 0.5223614
vn 0.891149 -0.2757849 0.3602721
vn 0.9338394 -0.233765 0.2707357
vn -0.9726308 -0.2279285 0.04514473
vn -0.9813631 -0.1808805 -0.06487532
vn -0.9584819 -0.09265307 -0.2696808
vn -0.92682 -0.04661259 -0.3726014
vn -0.8305153 0.037439 -0.5557361
vn -0.7658961 0.07675591 -0.6383665
vn -0.6072153 -0.4896949 0.6256904
vn -0.7914153 -0.4869078 0.3695709
vn -0.7984105 -0.09869245 0.5939702
vn -0.9335963 -0.1309017 0.3335608
vn -0.8977751 -0.4353057 0.06714896
vn -0.9551618 -0.01580781 0.295662
vn -0.998899 -0.0463978 0.00693632
vn -0.90901 -0.335493 -0.2472758
vn -0.9976593 0.06392912 -0.02427083
vn -0.9355015 0.1454576 -0.3219924
vn -0.8227869 -0.1958822 -0.5335278
vn -0.7915495 0.2258302 -0.5678469
vn -0.6538355 -0.03209753 -0.7559557
vn -0.5915372 0.295742 -0.7500802
vn 0.5668837 -0.7166734 0.4062291
vn 0.6535075 -0.7405908 0.156375
vn 0.6506031 0.04911476 0.7578281
vn 0.7710061 -0.3448712 -0.535363
vn 0.8387997 -0.4869117 -0.2435815
vn 0.8030339 -0.3979969 -0.4435481
vn 0.1379088 0.2344645 -0.9622929
vn 0.2827227 0.1066126 -0.9532584
vn 0.04682937 0.1641556 -0.9853222
vn -0.7419827 0.2750152 0.611415
vn -0.4364296 0.006248042 0.8997167
vn -0.6808028 -0.2253586 0.696937
vn -0.52505 0.6936621 0.4931079
vn -0.485605 0.7535586 0.4430997
vn -0.3857863 0.8620427 0.3287116
vn -0.3960318 0.8351 0.3817941
vn -0.5411217 0.7549802 0.3703947
vn -0.5393178 0.7970991 0.2716051
vn -0.5808369 0.8094286 0.08633513
vn -0.6024129 0.7973532 0.03641962
vn -0.6143779 0.7827446 -0.09924982
vn -0.6665691 0.7139523 -0.2143776
vn -0.5355188 0.787147 -0.3059725
vn -0.5398284 0.7944384 -0.2783035
vn -0.4734216 0.7487544 0.4639386
vn -0.533334 0.8187005 0.2128011
vn -0.4773396 0.7445669 0.4666553
vn -0.3606511 0.7653861 0.5330243
vn -0.1828477 0.8595283 0.4772607
vn -0.7285537 0.6475486 -0.2233612
vn -0.6522164 0.6227787 -0.432158
vn -0.02853332 0.7597408 0.6495997
vn 0.006370995 0.8621662 0.5065856
vn 0.1328225 0.7662765 0.6286321
vn 0.1065796 0.9063275 0.4089147
vn 0.3078445 0.7874652 0.533976
vn 0.2413192 0.9304827 0.275621
vn 0.4260772 0.819159 0.3839749
vn 0.3901473 0.8862515 0.2496864
vn 0.2781073 0.9531562 0.1189515
vn 0.4047554 0.9111121 0.0777677
vn 0.4145213 0.8981466 0.1466456
vn 0.5040845 0.8413675 0.1949343
vn 0.7884979 0.6150291 -0.003217113
vn 0.09057758 0.9896012 0.1117373
vn 0.3180516 0.9462569 0.05866132
vn 0.4171817 0.9087859 -0.008225921
vn 0.7776073 0.5914326 -0.2133876
vn 0.3943995 0.8959271 -0.2043611
vn 0.4379655 0.8890637 -0.133237
vn 0.3926407 0.8750755 -0.2829773
vn 0.4503275 0.8214649 -0.3498581
vn 0.1968042 0.9411629 -0.2747372
vn 0.1897313 0.9228026 -0.3353169
vn 0.6411932 0.6332861 -0.4333821
vn 0.8064764 0.2800919 -0.5207151
vn 0.6186915 0.3552693 -0.7007172
vn 0.4492497 0.6664969 -0.5949425
vn 0.2690054 0.4159045 -0.8687115
vn 0.1319523 0.6866011 -0.7149599
vn -0.04003019 0.4241796 -0.9046928
vn -0.06237645 0.6901391 -0.7209835
vn -0.2330304 0.4118046 -0.8809733
vn -0.2146031 0.6901287 -0.6911351
vn -0.4769981 0.374797 -0.7949843
vn -0.4262789 0.6735818 -0.6037995
vn -0.7484506 0.2852791 -0.5986965
vn -0.9213967 0.164107 -0.3522744
vn -0.8207538 0.5440279 -0.174347
vn 0.05455398 0.8582203 -0.5103741
vn -0.05814032 0.8186999 -0.5712706
vn -0.151128 0.8357263 -0.5279413
vn -0.1507053 0.7807881 -0.6063479
vn -0.06686848 0.8373362 -0.5425833
vn -0.3388178 0.8296171 -0.4437768
vn -0.2964793 0.8544856 -0.426561
vn -0.2898337 0.9231216 -0.2526717
vn -0.2728497 0.9587225 -0.08002602
vn -0.1404436 0.9822634 -0.1242351
vn -0.1244807 0.9173914 -0.3780179
vn -0.1093525 0.9917924 -0.06625627
vn -0.101066 0.9931126 -0.0592709
vn 0.04183946 0.9116592 -0.4088116
vn -0.03279622 0.9473487 -0.3185199
vn 0.06937347 0.9355002 -0.3464485
vn -0.05389013 0.9912301 -0.1206596
vn -0.09800074 0.954909 -0.2802583
vn 0.966765 0.1411249 -0.2131881
vn 0.8586439 0.5103026 0.04818776
vn 0.9944395 -0.01099475 0.1047342
vn 0.9992662 0.03090551 0.02262566
vn 0.9475414 -0.1043168 0.3021311
vn 0.9181651 -0.1397543 0.370731
vn -0.3098321 0.9208136 0.236868
vn -0.1660969 0.9524698 0.2553685
vn -0.1700886 0.9786248 0.1156004
vn -0.0877252 0.9692211 0.2300317
vn -0.1235962 0.9854407 0.1167507
vn -0.08662781 0.9695706 0.2289725
vn -0.01527766 0.9474531 0.3195294
vn -0.03631351 0.9305787 0.3642864
vn -0.2222734 0.918633 0.3266618
vn 0.3143757 0.9348525 0.1649812
vn 0.45495 0.8904611 -0.009981979
vn 0.5320536 0.8430319 -0.078842
vn 0.2936023 0.945556 -0.1404329
vn 0.2616552 0.9496946 -0.1720948
vn 0.2356107 0.9507752 -0.2012811
vn 0.07931983 0.9902642 -0.114391
vn 0.08059091 0.9897313 -0.1180551
vn -0.1141075 0.9931924 0.02341948
vn -0.2984611 0.9536575 0.03818726
vn -0.1200805 0.9927053 0.01080637
vn -0.3740655 0.9095321 0.1811804
vn -0.3577681 0.9298312 0.08611592
vn -0.1329975 0.9905773 0.03268636
vn -0.3949569 0.9183245 0.02624927
vn -0.4032624 0.7579606 0.5127136
vn -0.6788724 -0.3213969 0.6601789
vn -0.7723541 -0.2810211 0.5696458
vn -0.6588024 -0.3262745 0.6778821
vn -0.7114506 -0.3130562 0.6291533
vn -0.6923173 -0.3262574 0.6436248
vn -0.5458589 -0.3738033 0.7498727
vn -0.3182846 -0.4174204 0.8511493
vn -0.8838514 -0.2162351 0.4147881
vn -0.03465685 -0.4333875 0.900541
vn 0.04382572 -0.4321367 0.9007425
vn 0.2124786 -0.4180047 0.8832469
vn 0.2966656 -0.4040743 0.8652824
vn 0.4883018 -0.3624747 0.7938346
vn 0.5492093 -0.341141 0.762884
vn 0.716569 -0.2746672 0.6411604
vn 0.7916216 -0.2336622 0.5645682
vn 0.9181651 -0.1397543 0.370731
vn 0.9475414 -0.1043168 0.3021311
vn -0.976257 -0.1140039 0.1841884
vn -0.9971153 -0.04810609 0.0587107
vn -0.9830287 0.06781049 -0.1704597
vn -0.8207538 0.5440279 -0.174347
vn -0.9213967 0.164107 -0.3522744
vn -0.5412782 0.8393978 0.0492866
vn 0.6931639 0.5213426 -0.4977207
vn 0.8081328 0.5297743 -0.2574112
vn 0.7140224 0.5051455 -0.4847679
vn 0.8601182 0.4400418 -0.2579919
vn 0.5096629 0.5532333 -0.6589208
vn 0.5069946 0.5171469 -0.6895763
vn 0.2631786 0.5873715 -0.7653311
vn 0.2692428 0.5178682 -0.8119858
vn -0.002864929 0.6096135 -0.7926936
vn 0.005646854 0.5233834 -0.8520786
vn -0.2602608 0.6214126 -0.7389931
vn -0.2555205 0.5328178 -0.8067307
vn -0.4827594 0.6240612 -0.6144028
vn -0.4872528 0.5447686 -0.6825042
vn -0.6546301 0.6164063 -0.4376103
vn -0.6670099 0.5576652 -0.4940722
vn -0.7427809 0.6462331 -0.1750978
vn -0.8422211 0.4996015 -0.2026376
vn -0.7653392 0.5872719 0.2633776
vn -0.7851012 0.5958957 0.1688918
vn -0.4568354 0.5990195 0.6576299
vn -0.3026751 0.7946267 0.5262665
vn -0.05857658 0.6687379 0.7411872
vn -0.04802502 0.7918177 0.6088665
vn 0.1616221 0.7833204 0.6002395
vn 0.242653 0.5872309 0.7721913
vn 0.3481193 0.7704259 0.5340946
vn 0.4738154 0.5780165 0.6643764
vn 0.5116957 0.7535375 0.4127334
vn 0.6627659 0.5666391 0.4895526
vn 0.6348864 0.7336274 0.2423014
vn 0.7899779 0.5539497 0.2628204
vn -0.0739743 0.350565 0.9336123
vn 0.3358889 0.3510988 0.8740184
vn 0.5895382 0.3511021 0.7274423
vn 0.7854773 0.3511023 0.5096593
vn 0.904527 0.3510968 0.2419956
vn 0.840903 0.5411599 0.00528627
vn 0.9342821 0.3565097 0.004221983
vn 0.8836579 0.4078843 0.2297371
vn 0.9350377 0.3510946 -0.04936656
vn 0.8740175 0.3511034 -0.3358869
vn 0.7274466 0.3511039 -0.5895317
vn 0.5096596 0.3511062 -0.7854753
vn 0.2419874 0.3510969 -0.9045293
vn -0.04936815 0.3510886 -0.9350399
vn -0.3358895 0.3510994 -0.874018
vn -0.5895345 0.3511015 -0.7274455
vn -0.7854754 0.3511023 -0.5096623
vn -0.9107835 0.350553 -0.2181421
vn -0.9169922 0.3497253 0.1918785
vn -0.6290763 0.3497372 0.694224
vn 0.8726636 0.2364707 -0.4272468
vn 0.9816757 0.0590556 -0.1811775
vn 0.987034 -0.1467311 0.06506926
vn 0.4537821 0.7435749 -0.4910989
vn 0.235297 0.6941634 -0.6802738
vn 0.01409255 0.5746455 -0.8182811
vn -0.1958674 0.3931645 -0.8983638
vn -0.4197481 0.2989771 -0.8569855
vn -0.745398 0.4741901 -0.4685356
vn 0.0813052 0.891316 -0.4460328
vn 0.1639931 0.9686869 -0.1864183
vn -0.01220291 0.7139422 -0.7000982
vn -0.1021067 0.4081224 -0.9071992
vn -0.1627628 0.00832792 -0.9866301
vn -0.3928713 0.1780956 -0.9021829
vn -0.9250097 0.3434499 -0.1624783
vn -0.8602377 0.4417646 0.2546276
vn -0.8970072 -0.3159753 0.3090914
vn 0.4004107 0.905482 -0.1406184
vn 0.2286197 0.9710655 0.06902765
vn 0.2591693 0.9347053 0.243223
vn 0.2697131 0.9092641 0.3170072
vn 0.282519 0.8404784 0.4623626
vn 0.282543 0.7852813 0.5509109
vn 0.2789581 0.6929139 0.6648705
vn 0.2636679 0.5969716 0.7576966
vn 0.2116636 0.9772981 0.009321307
vn 0.245516 0.4832563 0.8403483
vn 0.2119719 0.3416924 0.915595
vn 0.1797082 0.1992059 0.963339
vn 0.1305125 0.02301252 0.9911795
vn 0.3603761 0.8096601 -0.4632274
vn 0.4908152 0.6586691 -0.5703119
vn 0.7140224 0.5051455 -0.4847679
vn 0.7864693 0.4743867 -0.3955038
vn -0.1668431 -0.7897894 -0.5902508
vn -0.1633763 -0.9192777 -0.3581013
vn -0.1645242 -0.9630802 -0.2130918
vn -0.176203 -0.6775229 -0.7140836
vn -0.1764864 -0.5303943 -0.829177
vn -0.1814007 -0.3666618 -0.9124982
vn -0.1742892 -0.2035467 -0.9634272
vn -0.1509924 -0.9781999 0.1425703
vn -0.4462004 -0.8940303 0.04018625
vn -0.248293 -0.8955076 0.3693464
vn -0.0854537 -0.7440735 0.6626102
vn 0.03809854 -0.7367357 0.6751066
vn 0.06142909 -0.8970271 0.4376859
vn -0.5657992 -0.7078372 0.4228921
vn -0.6880153 -0.7038403 0.1767594
vn -0.9792503 -0.03622608 0.19939
vn 0.2442056 -0.6566613 0.7135542
vn 0.3115486 -0.8118674 0.4937702
vn 0.5360159 -0.7148706 0.4490512
vn 0.03081438 -0.3322414 0.942691
vn 0.2360508 -0.5531458 0.798943
vn 0.1305125 0.02301252 0.9911795
vn 0.5265064 -0.692713 0.492889
vn 0.3115486 -0.8118674 0.4937702
vn 0.4855019 -0.5804677 0.6537164
vn 0.2315056 -0.05643652 0.9711952
vn 0.08383654 -0.1576423 0.9839311
vn 0.1305125 0.02301252 0.9911795
vn 0.7301292 -0.5549716 0.398645
vn 0.5265064 -0.692713 0.492889
vn 0.5360159 -0.7148706 0.4490512
vn 0.7483595 -0.5212158 0.4102342
vn 0.8933713 -0.359877 0.269028
vn 0.9249375 -0.3035813 0.2287555
vn 0.9342821 0.3565097 0.004221983
vn 0.9734436 -0.05069897 0.2232425
vn 0.987034 -0.1467311 0.06506926
vn 0.8933713 -0.359877 0.269028
vn -0.1814007 -0.3666618 -0.9124982
vn -0.3928713 0.1780956 -0.9021829
vn -0.1627628 0.00832792 -0.9866301
vn 0.2016149 0.5100544 -0.8361793
vn 0.4474972 0.5189497 -0.7283113
vn 0.2224696 0.2689839 -0.9370993
vn 0.4733338 0.3836258 -0.7929605
vn 0.0008936221 0.4571961 -0.8893654
vn -0.0667786 0.505627 -0.860164
vn -0.2577769 0.6438389 -0.7204322
vn -0.3288616 0.5063868 -0.7971339
vn -0.4635481 0.6512046 -0.6008792
vn -0.5564584 0.5122087 -0.6542142
vn -0.6152879 0.6664187 -0.4210784
vn -0.7259033 0.5221702 -0.4476635
vn -0.6971294 0.6869163 -0.2053203
vn -0.820902 0.5347841 -0.2003145
vn -0.7042871 0.709651 0.01936789
vn -0.8339375 0.5483944 0.06173997
vn -0.6420984 0.7318305 0.2283284
vn -0.7662153 0.5614836 0.3124906
vn -0.5229097 0.7513538 0.4025332
vn -0.6265024 0.5729013 0.5284684
vn -0.3625073 0.6475247 0.6702985
vn -0.429511 0.5818433 0.6906364
vn -0.1763349 0.7115485 0.6801506
vn -0.1942022 0.5878454 0.7853173
vn 0.02358256 0.7826768 0.6219813
vn 0.05788207 0.5906588 0.8048428
vn 0.1963046 0.8000343 0.5669299
vn 0.3041292 0.590189 0.747785
vn 0.3613802 0.7946276 0.4878231
vn 0.5224254 0.58645 0.6189895
vn 0.5164031 0.7739718 0.3664635
vn 0.6926552 0.5795747 0.4293272
vn 0.6473498 0.7375119 0.1923919
vn 0.7982213 0.5698626 0.1951903
vn 0.7315255 0.6808742 -0.03578861
vn 0.8275831 0.5578631 -0.06241089
vn 0.7406129 0.5999059 -0.302664
vn 0.7756955 0.5444772 -0.3191254
vn 0.6537291 0.4975099 -0.5701948
vn 0.6452841 0.5309762 -0.5492474
vn 0.4068047 0.3511056 0.8433473
vn 0.1262935 0.3511085 0.9277783
vn -0.1665961 0.3511062 0.9213957
vn -0.4431677 0.3511004 0.8248217
vn -0.676358 0.3511084 0.6475048
vn -0.8433497 0.3510874 0.4068155
vn -0.927783 0.3510982 0.1262887
vn -0.9213977 0.351103 -0.1665916
vn -0.8248209 0.3511024 -0.4431678
vn -0.6475068 0.3510945 -0.6763634
vn -0.4068191 0.3510967 -0.8433441
vn -0.1262912 0.3511084 -0.9277787
vn 0.1665928 0.3511085 -0.9213954
vn 0.4431711 0.3511003 -0.8248199
vn 0.6763613 0.3510889 -0.6475121
vn 0.8433459 0.3511069 -0.4068066
vn 0.9277764 0.3511145 -0.1262917
vn 0.9213973 0.3511041 0.166592
vn 0.8248209 0.3511036 0.4431666
vn 0.6475103 0.3510971 0.6763588
vn 0.295708 -0.09574906 -0.9504678
vn 0.5658469 0.1270503 -0.8146628
vn 0.4758687 0.5755292 -0.6650678
vn 0.6592681 0.625299 -0.4175724
vn 0.7590049 0.6328009 -0.153214
vn 0.8012218 0.5906098 0.09603955
vn 0.8070347 0.493289 0.3245932
vn 0.5976829 0.7803319 -0.1840038
vn 0.3734785 0.8707861 -0.3197585
vn 0.4682223 0.6755197 -0.5695972
vn 0.1291686 0.8965932 -0.4235992
vn 0.04769614 0.892046 -0.4494206
vn -0.1269298 0.8609955 -0.4925198
vn -0.1934916 0.8430471 -0.5018293
vn -0.3856082 0.7601279 -0.5229837
vn -0.4425887 0.7302976 -0.5203658
vn -0.6315319 0.5841506 -0.5098387
vn -0.6871222 0.5307572 -0.4961449
vn 0.9200337 0.3578939 0.1595298
vn 0.7888494 0.6142426 -0.02056324
vn -0.8351827 0.3219368 -0.4458998
vn -0.8833299 0.2209757 -0.413398
vn 0.9451331 0.01790189 0.3261946
vn 0.7455103 0.5946595 0.3009892
vn 0.5164031 0.7739718 0.3664635
vn 0.3785294 0.7947455 0.4744418
vn 0.6970607 0.5115988 0.5023673
vn 0.3785294 0.7947455 0.4744418
vn 0.2193661 0.8082005 0.5465258
vn 0.08191235 0.7992107 0.5954431
vn -0.05632088 0.7432549 0.6666334
vn -0.269887 0.5295719 0.8041857
vn -0.4364007 0.524652 0.7309546
vn -0.5744122 -0.06510231 0.8159732
vn -0.01445604 -0.9490782 0.3147087
vn -0.4254031 -0.7675792 0.4794314
vn -0.08506607 -0.9532036 0.2901151
vn -0.3109176 -0.9276419 0.2069076
vn -0.556172 -0.7710606 0.3100618
vn -0.5373182 -0.8364145 0.108166
vn -0.6340159 -0.769954 0.07207367
vn -0.63276 -0.7318222 0.253083
vn -0.6157008 -0.7879464 0.007276372
vn -0.7352288 -0.6668143 -0.1216435
vn -0.6024979 -0.7732428 -0.1977162
vn -0.8094275 -0.4880596 -0.3265348
vn -0.5635639 -0.7224004 -0.4006661
vn -0.7510966 -0.4059464 -0.5206356
vn -0.4743235 -0.6400969 -0.6043949
vn -0.3948351 -0.573158 -0.7180496
vn -0.3175268 -0.5231057 -0.790909
vn -0.6474994 -0.4391643 0.6227996
vn -0.4676079 -0.6273865 0.6226789
vn -0.9108307 -0.3761177 -0.1700671
vn -0.9448615 -0.01910471 -0.3269123
vn -0.7963481 -0.2619629 -0.5451653
vn -0.8351827 0.3219368 -0.4458998
vn -0.752269 -0.6586432 -0.01674457
vn -0.2175821 -0.4467908 -0.8677764
vn -0.08944309 -0.3674538 -0.9257308
vn 0.0193657 -0.2884362 -0.9573032
vn -0.4648232 0.204898 0.8613688
vn -0.06547707 0.1635489 -0.9843599
vn 0.2224696 0.2689839 -0.9370993
vn 0.0193657 -0.2884362 -0.9573032
vn 0.295708 -0.09574906 -0.9504678
vn 0.8642237 0.415575 0.2835751
vn 0.8862562 0.03371222 0.461967
vn 0.9451331 0.01790189 0.3261946
vn 0.8351647 -0.3396443 0.4325988
vn 0.1979246 -0.9019314 0.3838564
vn 0.1448787 -0.9198865 0.3644435
vn 0.3850296 -0.8184307 0.4265249
vn 0.4329245 -0.7856696 0.4419272
vn 0.6274629 -0.6289775 0.4589961
vn 0.6811464 -0.566758 0.4634922
vn 0.8351647 -0.3396443 0.4325988
vn 0.8831555 -0.2305772 0.408498
vn 0.8096528 0.5213394 0.2695691
vn 0.6824241 0.529774 0.5036236
vn 0.7250245 0.634354 0.2682061
vn 0.6081607 0.6237476 0.4909985
vn 0.7758299 0.6306131 0.02037823
vn 0.8558752 0.5171446 0.006258576
vn 0.7545599 0.6131331 -0.2338958
vn 0.8155968 0.5178682 -0.2580977
vn 0.6617726 0.5803237 -0.4746382
vn 0.693487 0.5233834 -0.4951218
vn 0.5039462 0.5276023 -0.683867
vn 0.5035962 0.5328187 -0.6800699
vn 0.2214683 0.5546509 -0.8020687
vn 0.2063242 0.482145 -0.8514497
vn 0.4888579 0.5411626 0.6842229
vn 0.4356541 0.5959543 0.6745695
vn 0.250397 0.5539516 0.7940019
vn 0.2188836 0.5451532 0.8092576
vn -0.007859291 0.5666416 0.8239269
vn -0.0317486 0.4626615 0.8859663
vn -0.2602743 0.5780183 0.773403
vn -0.2530898 0.4815519 0.8390789
vn -0.4831647 0.5872316 0.6493929
vn -0.3914067 0.7833198 0.4829193
vn -0.6347059 0.6687385 0.3872173
vn -0.5213411 0.7918162 0.3181676
vn -0.6037736 0.7946258 0.06346083
vn -0.8005828 0.5990182 0.0156294
vn -0.5365586 0.7834771 -0.3134783
vn -0.6621624 0.5872703 -0.4654616
vn -0.2622774 0.7543573 -0.6017936
vn -0.2637929 0.5651456 -0.7816801
vn -0.799599 0.3505664 0.4875907
vn -0.5109652 0.3511011 0.7846289
vn -0.2434949 0.3511074 0.9041205
vn 0.04782199 0.3511038 0.9351144
vn 0.3344401 0.3511014 0.8745728
vn 0.5883357 0.3510938 0.728419
vn 0.7846282 0.3510991 0.5109676
vn 0.9041256 0.3510957 0.2434932
vn 0.9351141 0.3511057 -0.04781601
vn 0.8745724 0.3510949 -0.3344481
vn 0.7284222 0.3510902 -0.5883338
vn 0.5109668 0.3511004 -0.7846282
vn 0.2196559 0.3505706 -0.9104129
vn -0.1903614 0.3497289 -0.9173071
vn 0.19717 0.4583795 -0.8666096
vn -0.2210921 0.5737156 -0.7886499
vn -0.6931848 0.3497236 -0.6302288
vn -0.9312348 0.34973 -0.1024239
vn 0.7002413 0.5732015 0.425561
vn 0.5466874 0.5016723 0.6704161
vn 0.7864278 0.600056 0.1465065
vn 0.7989073 0.5833955 -0.1462759
vn 0.735911 0.5221547 -0.4310329
vn 0.600992 0.4129704 -0.6842982
vn 0.3676064 0.2216689 -0.9031768
vn 0.19717 0.4583795 -0.8666096
vn -0.03112337 -0.2046951 -0.9783309
vn 0.336822 0.3817278 0.8607176
vn 0.08819845 0.206966 0.9743644
vn 0.1316464 0.3369381 -0.9322779
vn -0.03112337 -0.2046951 -0.9783309
vn -0.1836652 -0.2382474 -0.9536799
vn -0.03112337 -0.2046951 -0.9783309
vn -0.3414988 -0.72834 -0.5940534
vn -0.2078932 -0.5234615 -0.8262981
vn -0.3604155 -0.8770081 -0.317738
vn -0.4008895 -0.911213 -0.09475461
vn -0.4163897 -0.905635 0.08028042
vn -0.4768468 -0.8174408 0.3231216
vn -0.5039281 -0.7478004 0.4322627
vn -0.489193 -0.5777506 0.6533716
vn -0.46754 -0.4932113 0.7335864
vn -0.3818255 -0.3074686 0.8715919
vn -0.2920381 -0.1866453 0.9380178
vn -0.1691622 -0.02773683 0.9851978
vn -0.3021325 0.3432703 0.8893152
vn -0.0317486 0.4626615 0.8859663
vn 0.08819845 0.206966 0.9743644
vn 0.4085336 -0.748199 -0.5227796
vn 0.6742684 -0.2279337 -0.7024304
vn 0.3614221 -0.6340225 -0.683659
vn 0.5806394 -0.104169 -0.8074694
vn -0.06134626 -0.9194817 -0.3883171
vn -0.04179215 -0.983292 -0.1771723
vn -0.5294227 -0.8477728 -0.03151102
vn -0.5050439 -0.8388814 0.2029998
vn -0.8620459 -0.4412763 0.2493028
vn -0.8017372 -0.3686726 0.4704233
vn -0.9279696 0.1441714 0.3436379
vn -0.8170262 0.2460206 0.5214806
vn 0.1243615 -0.5133643 -0.849112
vn 0.3159636 -0.0624126 -0.9467162
vn -0.2434639 -0.7533065 -0.6109456
vn -0.6470168 -0.6905979 -0.3231776
vn -0.9321506 -0.3491852 -0.09573317
vn -0.9899568 0.1405185 -0.01549345
vn -0.3902661 -0.520346 -0.7595607
vn -0.1246687 -0.3426006 -0.9311727
vn -0.6838186 -0.4788156 -0.5505704
vn -0.8932198 -0.2338801 -0.3840033
vn -0.9384694 0.120905 -0.3235075
vn -0.6495971 -0.2540775 -0.716567
vn -0.4783849 -0.2645634 -0.8373495
vn -0.3301065 -0.1501515 -0.9319251
vn 0.01150393 -0.01347468 -0.999843
vn -0.2614293 0.04543822 -0.9641525
vn -0.7783543 -0.1227056 -0.6157174
vn -0.8154964 0.07937986 -0.5732926
vn -0.5724521 0.06634426 -0.8172496
vn -0.5450932 0.7678435 0.3365854
vn -0.8170262 0.2460206 0.5214806
vn -0.7012461 0.6798863 0.2144959
vn -0.9279696 0.1441714 0.3436379
vn -0.2720309 0.9584112 -0.08629748
vn -0.0919412 0.9956939 -0.0118432
vn 0.1925135 0.876551 -0.4411314
vn 0.3668477 0.8452755 -0.3884999
vn 0.516514 0.4707261 -0.7152833
vn 0.6579719 0.378591 -0.6509547
vn 0.5806394 -0.104169 -0.8074694
vn 0.6742684 -0.2279337 -0.7024304
vn -0.7983541 0.5914735 -0.1130921
vn -0.9899568 0.1405185 -0.01549345
vn -0.430528 0.8314193 -0.3512659
vn -0.02698028 0.7687074 -0.6390312
vn 0.2581546 0.4272956 -0.8664725
vn 0.3159636 -0.0624126 -0.9467162
vn -0.8022919 0.450023 -0.3921825
vn -0.9384694 0.120905 -0.3235075
vn -0.5366971 0.6277705 -0.5637909
vn -0.2431402 0.5862437 -0.7727879
vn -0.03374599 0.3413094 -0.9393451
vn 0.01150393 -0.01347468 -0.999843
vn -0.7468144 0.2749677 -0.6055253
vn -0.8154964 0.07937986 -0.5732926
vn -0.5985465 0.3893676 -0.7000964
vn -0.4273311 0.3788801 -0.8208764
vn -0.2985668 0.2475079 -0.9217363
vn -0.2614293 0.04543822 -0.9641525
vn -0.5724521 0.06634426 -0.8172496
vn 0.2548424 -0.688984 -0.6784957
vn 0.5239241 -0.2020821 -0.8274457
vn 0.1637747 -0.5334267 -0.8298396
vn 0.3610679 -0.06669573 -0.9301515
vn -0.216129 -0.7824921 -0.5839473
vn -0.1909268 -0.9035187 -0.3836678
vn -0.633532 -0.7187576 -0.2863994
vn -0.6431202 -0.7637459 -0.05557349
vn -0.9290012 -0.3665676 -0.05084349
vn -0.9290166 -0.3230517 0.1804598
vn -0.9896744 0.1395459 0.03273483
vn -0.9394161 0.2502302 0.23427
vn -0.3902643 -0.5203442 -0.7595627
vn -0.1246706 -0.3425927 -0.9311753
vn -0.6838205 -0.4788165 -0.5505671
vn -0.8932201 -0.2338777 -0.3840039
vn -0.9384681 0.1209084 -0.3235101
vn -0.6495943 -0.2540661 -0.7165736
vn -0.4783824 -0.2645516 -0.8373545
vn -0.3301111 -0.1501537 -0.9319231
vn 0.01150756 -0.01348024 -0.9998429
vn -0.2614374 0.04543406 -0.9641505
vn -0.7783561 -0.1226947 -0.6157173
vn -0.8154932 0.07938327 -0.5732967
vn -0.5724553 0.06634533 -0.8172474
vn -0.6703357 0.7371361 0.08532517
vn -0.9394161 0.2502302 0.23427
vn -0.7923801 0.6062732 -0.06757565
vn -0.9896744 0.1395459 0.03273483
vn -0.4124755 0.8553388 -0.3134638
vn -0.2245639 0.9516722 -0.2095016
vn 0.004926217 0.7916076 -0.6110101
vn 0.2276302 0.8119 -0.53759
vn 0.3003947 0.4394199 -0.8465655
vn 0.51353 0.3712053 -0.7736238
vn 0.3610679 -0.06669573 -0.9301515
vn 0.5239241 -0.2020821 -0.8274457
vn -0.8022923 0.4500236 -0.3921809
vn -0.9384681 0.1209084 -0.3235101
vn -0.5366983 0.6277719 -0.5637883
vn -0.2431445 0.5862424 -0.7727875
vn -0.03375001 0.341309 -0.9393451
vn 0.01150756 -0.01348024 -0.9998429
vn -0.7468154 0.2749621 -0.6055267
vn -0.8154932 0.07938327 -0.5732967
vn -0.5985526 0.389363 -0.7000937
vn -0.4273339 0.3788762 -0.8208766
vn -0.2985762 0.2475092 -0.9217328
vn -0.2614374 0.04543406 -0.9641505
vn -0.5724553 0.06634533 -0.8172474
vn 0.3041996 -0.7187313 -0.6252103
vn 0.636026 -0.2184681 -0.7400963
vn 0.272166 -0.5789214 -0.7686193
vn 0.559323 -0.07060581 -0.8259373
vn -0.1838379 -0.8433912 -0.5048713
vn -0.1722918 -0.9368213 -0.304436
vn -0.6372221 -0.7592636 -0.1321618
vn -0.6111885 -0.7850242 0.1009245
vn -0.9121961 -0.3538513 0.2066098
vn -0.8421431 -0.3199477 0.4340835
vn -0.8996542 0.2173097 0.3786803
vn -0.7756643 0.2790929 0.5660847
vn 0.05271148 -0.4072553 -0.911792
vn 0.3021127 0.02366871 -0.9529783
vn -0.3429736 -0.6265759 -0.6998368
vn -0.7338014 -0.5505235 -0.3980697
vn -0.9704908 -0.2081457 -0.1217495
vn -0.9626334 0.2697808 0.02356547
vn -0.7428785 -0.3073064 -0.5947219
vn -0.4580283 -0.3586583 -0.8133721
vn -0.1717273 -0.1959343 -0.9654633
vn -0.9174633 -0.06149963 -0.3930382
vn -0.9151075 0.2848804 -0.2853447
vn -0.679646 -0.06884694 -0.7303023
vn -0.511691 -0.08546175 -0.8549085
vn -0.3498515 0.02012825 -0.9365889
vn -0.7895654 0.063605 -0.6103613
vn -0.7994571 0.2613102 -0.5409114
vn -0.437501 0.7807707 0.4460829
vn -0.7756643 0.2790929 0.5660847
vn -0.6042942 0.7311159 0.3166986
vn -0.8996542 0.2173097 0.3786803
vn -0.1428352 0.9886534 0.0465038
vn 0.04082552 0.991751 0.1215037
vn 0.3057096 0.8947531 -0.325513
vn 0.4745118 0.8341692 -0.2810699
vn 0.5722454 0.4902388 -0.6574199
vn 0.7004313 0.3726126 -0.6087329
vn 0.559323 -0.07060581 -0.8259373
vn 0.636026 -0.2184681 -0.7400963
vn -0.7132303 0.7007082 -0.01762145
vn -0.9626334 0.2697808 0.02356547
vn -0.3175459 0.9200313 -0.2295798
vn 0.0732763 0.8439772 -0.5313502
vn 0.3099631 0.5015993 -0.8076639
vn 0.3021127 0.02366871 -0.9529783
vn -0.7367029 0.5995268 -0.3127883
vn -0.9151075 0.2848804 -0.2853447
vn -0.4504002 0.7622489 -0.4648831
vn -0.1655576 0.7109014 -0.6835275
vn 0.009030953 0.4650913 -0.8852167
vn 0.006674933 0.1187178 -0.9929056
vn -0.7055444 0.4487683 -0.5484654
vn -0.7994571 0.2613102 -0.5409114
vn -0.5437013 0.5543506 -0.6301463
vn -0.3757569 0.5377414 -0.7547456
vn -0.2658408 0.4052859 -0.8746839
vn -0.2559381 0.2075793 -0.9441432
vn -0.3498515 0.02012825 -0.9365889
vn -0.1717273 -0.1959343 -0.9654633
vn -0.5610085 0.2492477 -0.7893953
vn -0.511691 -0.08546175 -0.8549085
vn -0.679646 -0.06884694 -0.7303023
vn -0.7895654 0.063605 -0.6103613
vn 0.05271148 -0.4072553 -0.911792
vn -0.1021786 0.9851966 -0.1376485
vn 0.1534066 0.9764948 0.1514073
vn -0.3985738 0.9151305 0.06062205
vn 0.1328731 0.9359823 0.3260087
vn 0.4877986 0.8696579 0.07581382
vn 0.4166121 0.7765173 -0.4727106
vn 0.4962888 0.5987851 -0.6286125
vn -0.4852022 0.8742779 0.01472973
vn 0.06462459 0.9512094 0.3017025
vn 0.3771557 0.8332652 0.4042556
vn -0.6855597 0.7173507 -0.1241612
vn -0.5175834 0.855606 -0.006765111
vn -0.644361 0.760569 -0.07958557
vn -0.7423534 0.6525974 -0.1517502
vn 0.3625702 0.8372946 0.4092437
vn 0.4962888 0.5987851 -0.6286125
vn 0.5170355 0.6218702 -0.5881765
vn 0.4338246 0.3602501 -0.8258426
vn 0.4789256 0.397275 -0.7828172
vn -0.01187618 0.9999084 -0.006485711
vn -0.01179219 0.9999125 -0.005995675
vn -0.01179219 0.9999125 -0.005995675
vn -0.0117082 0.9999163 -0.005505637
vn 0.5612723 -0.03410125 -0.8269284
vn 0.5610901 -0.03369138 -0.8270688
vn 0.5610901 -0.03369138 -0.8270688
vn 0.5609078 -0.03328151 -0.8272091
vn 0.8831628 0.2180375 0.415311
vn 0.8828127 0.1396198 0.4484953
vn 0.8828127 0.1396198 0.4484953
vn 0.8760617 0.06018989 0.4784277
vn 0.1269607 -0.9901227 0.05948089
vn 0.1256601 -0.9903185 0.05898071
vn 0.1088506 -0.9940581 0.0002409001
vn 0.07702535 -0.9963828 -0.0358944
vn 0.05301594 -0.9951409 -0.08296993
vn 0.03193925 -0.9983094 -0.04856261
vn 0.5195956 0.2095754 -0.8283107
vn 0.5184054 0.2209687 -0.8260924
vn 0.5724784 0.1313936 -0.8093233
vn 0.4913441 0.2479446 -0.8349278
vn 0.4433472 0.4458748 -0.7775854
vn 0.4182084 0.4941194 -0.7621993
vn 0.4267763 0.5205191 -0.7395417
vn 0.5027148 0.2956041 -0.81234
vn 0.4990049 0.3069104 -0.810432
vn 0.4875112 0.3401985 -0.8041131
vn 0.7970017 0.1966171 0.5710778
vn 0.824097 0.1524967 0.5455354
vn 0.8297096 0.3322373 0.4485536
vn 0.7608017 0.1782256 0.6240324
vn 0.7369964 0.2784185 0.6158892
vn 0.6621996 0.5398591 0.5196576
vn 0.5977641 0.6647688 0.4480632
vn 0.3364893 0.9224703 0.1892711
vn 0.5492904 -0.02751138 -0.8351786
vn 0.5369283 0.01526778 -0.8434897
vn 0.5369283 0.01526778 -0.8434897
vn 0.5234644 0.05801562 -0.8500701
vn 0 1 0
vn 0 1 0
vn 0 1 0
vn 0 1 0
vn 0 1 0
vn 0 1 0
vn 0 1 0
vn 0 1 0
vn 0.9048828 0.01132768 0.4255098
vn 0.9048828 0.01132756 0.42551
vn 0.9048828 0.01132756 0.42551
vn 0.9048828 0.01132743 0.42551
vn -0.5244167 0.0339748 0.8507837
vn -0.5242231 0.03440095 0.8508859
vn -0.5242231 0.03440095 0.8508859
vn -0.5240294 0.03482709 0.8509879
vn -0.8775699 -0.01377977 -0.4792506
vn -0.8775699 -0.01377991 -0.4792507
vn -0.8775699 -0.01377991 -0.4792507
vn -0.8775698 -0.01378004 -0.4792507
vn 0.005978485 0.9838341 -0.1789818
vn -0.09167734 0.969827 -0.2259
vn 0.1331656 0.9461691 -0.29501
vn 0 1 0
vn 0.2461823 0.9591874 -0.1391185
vn 0.2288929 0.9547629 -0.1898311
vn 0.2542859 0.963755 -0.08071531
vn 0 1 0
vn -0.1621624 0.9856691 -0.04647373
vn -0.04831614 0.9988141 0.005998818
vn -0.1736745 0.9847947 0.004083158
vn -0.1385825 0.9840854 0.111224
vn 0.05609412 0.9757586 0.2115391
vn 0.1599715 0.9871121 0.004337684
vn -0.2279266 0.9609132 0.1571472
vn -0.09903463 0.9734257 0.2064813
vn -0.0232697 0.9765108 0.2142083
vn 0 1 0
vn 0.2331385 0.9689024 0.0829127
vn 0.2030396 0.949433 0.2394828
vn 0.02545004 0.9369308 0.3485869
vn 0.1105983 0.9393969 0.3245021
g GVG_Stove_mesh_0
f 3/3/3 2/2/2 1/1/1
f 4/4/4 2/2/2 3/3/3
f 3/3/3 1/1/1 5/5/5
f 5/5/5 1/1/1 6/6/6
f 7/7/7 6/6/6 1/1/1
f 8/8/8 6/6/6 7/7/7
f 9/9/9 1/1/1 2/2/2
f 7/7/7 1/1/1 9/9/9
f 10/10/10 8/8/8 7/7/7
f 11/11/11 8/8/8 10/10/10
f 12/12/12 7/7/7 9/9/9
f 10/10/10 7/7/7 12/12/12
f 13/13/13 11/11/11 10/10/10
f 14/14/14 11/11/11 13/13/13
f 15/15/15 10/10/10 12/12/12
f 13/13/13 10/10/10 15/15/15
f 16/16/16 14/14/14 13/13/13
f 17/17/17 14/14/14 16/16/16
f 18/18/18 13/13/13 15/15/15
f 16/16/16 13/13/13 18/18/18
f 19/19/19 17/17/17 16/16/16
f 20/20/20 17/17/17 19/19/19
f 21/21/21 16/16/16 18/18/18
f 19/19/19 16/16/16 21/21/21
f 22/22/22 20/20/20 19/19/19
f 23/23/23 20/20/20 22/22/22
f 24/24/24 19/19/19 21/21/21
f 22/22/22 19/19/19 24/24/24
f 25/25/25 23/23/23 22/22/22
f 26/26/26 23/23/23 25/25/25
f 27/27/27 22/22/22 24/24/24
f 25/25/25 22/22/22 27/27/27
f 28/28/28 26/26/26 25/25/25
f 29/29/29 26/26/26 28/28/28
f 30/30/30 25/25/25 27/27/27
f 28/28/28 25/25/25 30/30/30
f 31/31/31 29/29/29 28/28/28
f 32/32/32 29/29/29 31/31/31
f 33/33/33 28/28/28 30/30/30
f 31/31/31 28/28/28 33/33/33
f 34/34/34 32/32/32 31/31/31
f 35/35/35 32/32/32 34/34/34
f 36/36/36 31/31/31 33/33/33
f 34/34/34 31/31/31 36/36/36
f 37/37/37 35/35/35 34/34/34
f 38/38/38 35/35/35 37/37/37
f 39/39/39 34/34/34 36/36/36
f 37/37/37 34/34/34 39/39/39
f 40/40/40 38/38/38 37/37/37
f 41/41/41 38/38/38 40/40/40
f 40/40/40 37/37/37 42/42/42
f 42/42/42 37/37/37 39/39/39
f 43/43/43 41/41/41 40/40/40
f 44/44/44 41/41/41 43/43/43
f 45/45/45 40/40/40 42/42/42
f 43/43/43 40/40/40 45/45/45
f 46/46/46 44/44/44 43/43/43
f 47/47/47 44/44/44 46/46/46
f 48/48/48 43/43/43 45/45/45
f 46/46/46 43/43/43 48/48/48
f 49/49/49 47/47/47 46/46/46
f 50/50/50 47/47/47 49/49/49
f 51/51/51 46/46/46 48/48/48
f 49/49/49 46/46/46 51/51/51
f 52/52/52 50/50/50 49/49/49
f 53/53/53 50/50/50 52/52/52
f 54/54/54 49/49/49 51/51/51
f 52/52/52 49/49/49 54/54/54
f 55/55/55 53/53/53 52/52/52
f 56/56/56 53/53/53 55/55/55
f 57/57/57 52/52/52 54/54/54
f 55/55/55 52/52/52 57/57/57
f 58/58/58 56/56/56 55/55/55
f 59/59/59 56/56/56 58/58/58
f 60/60/60 55/55/55 57/57/57
f 58/58/58 55/55/55 60/60/60
f 61/61/61 59/59/59 58/58/58
f 62/62/62 59/59/59 61/61/61
f 63/63/63 58/58/58 60/60/60
f 61/61/61 58/58/58 63/63/63
f 64/64/64 62/62/62 61/61/61
f 65/65/65 62/62/62 64/64/64
f 66/66/66 61/61/61 63/63/63
f 64/64/64 61/61/61 66/66/66
f 67/67/67 65/65/65 64/64/64
f 68/68/68 65/65/65 67/67/67
f 69/69/69 64/64/64 66/66/66
f 67/67/67 64/64/64 69/69/69
f 70/70/70 68/68/68 67/67/67
f 71/71/71 68/68/68 70/70/70
f 72/72/72 67/67/67 69/69/69
f 70/70/70 67/67/67 72/72/72
f 73/73/73 71/71/71 70/70/70
f 74/74/74 71/71/71 73/73/73
f 75/75/75 70/70/70 72/72/72
f 73/73/73 70/70/70 75/75/75
f 76/76/76 74/74/74 73/73/73
f 77/77/77 74/74/74 76/76/76
f 78/78/78 73/73/73 75/75/75
f 76/76/76 73/73/73 78/78/78
f 79/79/79 77/77/77 76/76/76
f 80/80/80 77/77/77 79/79/79
f 81/81/81 76/76/76 78/78/78
f 79/79/79 76/76/76 81/81/81
f 82/82/82 80/80/80 79/79/79
f 83/83/83 80/80/80 82/82/82
f 82/82/82 79/79/79 84/84/84
f 84/84/84 79/79/79 81/81/81
f 85/85/85 83/83/83 82/82/82
f 86/86/86 83/83/83 85/85/85
f 85/85/85 82/82/82 87/87/87
f 87/87/87 82/82/82 84/84/84
f 88/88/88 86/86/86 85/85/85
f 89/89/89 86/86/86 88/88/88
f 90/90/90 85/85/85 87/87/87
f 88/88/88 85/85/85 90/90/90
f 91/91/91 89/89/89 88/88/88
f 92/92/92 89/89/89 91/91/91
f 93/93/93 88/88/88 90/90/90
f 91/91/91 88/88/88 93/93/93
f 3/3/3 92/92/92 91/91/91
f 5/5/5 92/92/92 3/3/3
f 4/4/4 91/91/91 93/93/93
f 3/3/3 91/91/91 4/4/4
f 94/94/94 83/83/83 86/86/86
f 95/95/95 86/86/86 89/89/89
f 89/89/89 92/92/92 95/95/95
f 95/95/95 92/92/92 96/96/96
f 97/97/97 96/96/96 92/92/92
f 93/93/93 98/98/98 4/4/4
f 4/4/4 98/98/98 99/99/99
f 98/98/98 100/100/100 99/99/99
f 99/99/99 100/100/100 101/101/101
f 99/99/99 101/101/101 102/102/102
f 102/102/102 101/101/101 103/103/103
f 101/101/101 104/104/104 103/103/103
f 103/103/103 104/104/104 105/105/105
f 103/103/103 105/105/105 106/106/106
f 106/106/106 105/105/105 107/107/107
f 106/106/106 107/107/107 108/108/108
f 108/108/108 107/107/107 109/109/109
f 108/108/108 109/109/109 110/110/110
f 110/110/110 109/109/109 111/111/111
f 110/110/110 111/111/111 112/112/112
f 113/113/113 103/103/103 106/106/106
f 102/102/102 103/103/103 113/113/113
f 114/114/114 110/110/110 112/112/112
f 115/115/115 110/110/110 114/114/114
f 115/115/115 108/108/108 110/110/110
f 116/116/116 108/108/108 115/115/115
f 116/116/116 106/106/106 108/108/108
f 113/113/113 106/106/106 116/116/116
f 107/107/107 117/117/117 109/109/109
f 109/109/109 117/117/117 118/118/118
f 109/109/109 118/118/118 111/111/111
f 111/111/111 118/118/118 119/119/119
f 111/111/111 119/119/119 120/120/120
f 121/121/121 111/111/111 120/120/120
f 120/120/120 119/119/119 122/122/122
f 120/120/120 122/122/122 123/123/123
f 123/123/123 122/122/122 124/124/124
f 123/123/123 124/124/124 125/125/125
f 125/125/125 124/124/124 126/126/126
f 125/125/125 126/126/126 127/127/127
f 127/127/127 126/126/126 128/128/128
f 127/127/127 128/128/128 129/129/129
f 129/129/129 128/128/128 130/130/130
f 129/129/129 130/130/130 131/131/131
f 131/131/131 130/130/130 132/132/132
f 131/131/131 132/132/132 133/133/133
f 133/133/133 132/132/132 134/134/134
f 133/133/133 134/134/134 135/135/135
f 135/135/135 134/134/134 136/136/136
f 135/135/135 136/136/136 137/137/137
f 137/137/137 136/136/136 138/138/138
f 137/137/137 138/138/138 139/139/139
f 140/140/140 137/137/137 139/139/139
f 141/141/141 137/137/137 140/140/140
f 141/141/141 135/135/135 137/137/137
f 142/142/142 135/135/135 141/141/141
f 143/143/143 141/141/141 140/140/140
f 143/143/143 140/140/140 144/144/144
f 144/144/144 140/140/140 145/145/145
f 146/146/146 141/141/141 143/143/143
f 146/146/146 142/142/142 141/141/141
f 147/147/147 142/142/142 146/146/146
f 139/139/139 138/138/138 148/148/148
f 48/48/48 143/143/143 144/144/144
f 48/48/48 144/144/144 51/51/51
f 51/51/51 144/144/144 149/149/149
f 45/45/45 143/143/143 48/48/48
f 45/45/45 146/146/146 143/143/143
f 42/42/42 146/146/146 45/45/45
f 42/42/42 147/147/147 146/146/146
f 39/39/39 147/147/147 42/42/42
f 152/152/152 151/151/151 150/150/150
f 152/152/152 150/150/150 153/153/153
f 152/152/152 153/153/153 154/154/154
f 152/152/152 154/154/154 155/155/155
f 152/152/152 155/155/155 156/156/156
f 152/152/152 156/156/156 157/157/157
f 152/152/152 157/157/157 158/158/158
f 152/152/152 158/158/158 159/159/159
f 152/152/152 159/159/159 160/160/160
f 152/152/152 160/160/160 161/161/161
f 152/152/152 161/161/161 162/162/162
f 152/152/152 162/162/162 163/163/163
f 152/152/152 163/163/163 164/164/164
f 152/152/152 164/164/164 165/165/165
f 152/152/152 165/165/165 166/166/166
f 152/152/152 166/166/166 167/167/167
f 153/153/153 11/11/11 154/154/154
f 153/153/153 8/8/8 11/11/11
f 150/150/150 8/8/8 153/153/153
f 156/156/156 20/20/20 157/157/157
f 156/156/156 17/17/17 20/20/20
f 155/155/155 17/17/17 156/156/156
f 155/155/155 14/14/14 17/17/17
f 154/154/154 11/11/11 14/14/14
f 154/154/154 14/14/14 155/155/155
f 162/162/162 38/38/38 163/163/163
f 162/162/162 35/35/35 38/38/38
f 161/161/161 35/35/35 162/162/162
f 161/161/161 32/32/32 35/35/35
f 160/160/160 32/32/32 161/161/161
f 160/160/160 29/29/29 32/32/32
f 159/159/159 29/29/29 160/160/160
f 159/159/159 26/26/26 29/29/29
f 158/158/158 26/26/26 159/159/159
f 158/158/158 23/23/23 26/26/26
f 157/157/157 23/23/23 158/158/158
f 157/157/157 20/20/20 23/23/23
f 163/163/163 38/38/38 41/41/41
f 163/163/163 41/41/41 164/164/164
f 164/164/164 41/41/41 44/44/44
f 164/164/164 44/44/44 165/165/165
f 165/165/165 44/44/44 47/47/47
f 165/165/165 47/47/47 166/166/166
f 166/166/166 47/47/47 50/50/50
f 166/166/166 50/50/50 167/167/167
f 167/167/167 50/50/50 53/53/53
f 167/167/167 53/53/53 168/168/168
f 152/152/152 167/167/167 168/168/168
f 152/152/152 168/168/168 169/169/169
f 152/152/152 169/169/169 170/170/170
f 152/152/152 170/170/170 171/171/171
f 152/152/152 171/171/171 172/172/172
f 152/152/152 172/172/172 173/173/173
f 152/152/152 173/173/173 174/174/174
f 152/152/152 174/174/174 175/175/175
f 152/152/152 175/175/175 176/176/176
f 152/152/152 176/176/176 177/177/177
f 152/152/152 177/177/177 94/94/94
f 152/152/152 94/94/94 178/178/178
f 168/168/168 53/53/53 56/56/56
f 168/168/168 56/56/56 169/169/169
f 169/169/169 56/56/56 59/59/59
f 169/169/169 59/59/59 170/170/170
f 170/170/170 59/59/59 62/62/62
f 170/170/170 62/62/62 171/171/171
f 171/171/171 62/62/62 65/65/65
f 171/171/171 65/65/65 172/172/172
f 172/172/172 65/65/65 68/68/68
f 172/172/172 68/68/68 173/173/173
f 173/173/173 68/68/68 71/71/71
f 173/173/173 71/71/71 174/174/174
f 174/174/174 71/71/71 74/74/74
f 174/174/174 74/74/74 175/175/175
f 175/175/175 74/74/74 77/77/77
f 175/175/175 77/77/77 176/176/176
f 176/176/176 77/77/77 80/80/80
f 176/176/176 80/80/80 177/177/177
f 177/177/177 80/80/80 83/83/83
f 177/177/177 83/83/83 94/94/94
f 178/178/178 94/94/94 179/179/179
f 178/178/178 179/179/179 180/180/180
f 181/181/181 178/178/178 180/180/180
f 182/182/182 178/178/178 181/181/181
f 182/182/182 181/181/181 183/183/183
f 181/181/181 180/180/180 183/183/183
f 184/184/184 183/183/183 180/180/180
f 184/184/184 180/180/180 185/185/185
f 185/185/185 180/180/180 186/186/186
f 180/180/180 179/179/179 186/186/186
f 179/179/179 95/95/95 186/186/186
f 186/186/186 95/95/95 96/96/96
f 187/187/187 183/183/183 184/184/184
f 188/188/188 182/182/182 183/183/183
f 152/152/152 182/182/182 188/188/188
f 152/152/152 188/188/188 151/151/151
f 189/189/189 188/188/188 183/183/183
f 190/190/190 188/188/188 189/189/189
f 188/188/188 190/190/190 151/151/151
f 190/190/190 191/191/191 151/151/151
f 191/191/191 190/190/190 192/192/192
f 191/191/191 192/192/192 5/5/5
f 191/191/191 5/5/5 151/151/151
f 192/192/192 190/190/190 193/193/193
f 190/190/190 189/189/189 194/194/194
f 190/190/190 194/194/194 193/193/193
f 151/151/151 5/5/5 6/6/6
f 151/151/151 6/6/6 150/150/150
f 150/150/150 6/6/6 8/8/8
f 192/192/192 92/92/92 5/5/5
f 97/97/97 92/92/92 192/192/192
f 152/152/152 178/178/178 182/182/182
f 196/196/196 195/195/195 96/96/96
f 198/198/198 197/197/197 196/196/196
f 201/201/201 200/200/200 199/199/199
f 202/202/202 200/200/200 201/201/201
f 201/201/201 199/199/199 203/203/203
f 203/203/203 199/199/199 204/204/204
f 203/203/203 204/204/204 205/205/205
f 205/205/205 204/204/204 206/206/206
f 205/205/205 206/206/206 207/207/207
f 207/207/207 206/206/206 208/208/208
f 207/207/207 208/208/208 209/209/209
f 209/209/209 208/208/208 210/210/210
f 209/209/209 210/210/210 211/211/211
f 211/211/211 210/210/210 212/212/212
f 211/211/211 212/212/212 213/213/213
f 213/213/213 212/212/212 214/214/214
f 213/213/213 214/214/214 215/215/215
f 215/215/215 214/214/214 216/216/216
f 215/215/215 216/216/216 217/217/217
f 217/217/217 216/216/216 218/218/218
f 217/217/217 218/218/218 219/219/219
f 219/219/219 218/218/218 220/220/220
f 219/219/219 220/220/220 221/221/221
f 221/221/221 220/220/220 222/222/222
f 221/221/221 222/222/222 223/223/223
f 223/223/223 222/222/222 224/224/224
f 223/223/223 224/224/224 225/225/225
f 225/225/225 224/224/224 226/226/226
f 225/225/225 226/226/226 227/227/227
f 227/227/227 226/226/226 228/228/228
f 227/227/227 228/228/228 229/229/229
f 229/229/229 228/228/228 230/230/230
f 229/229/229 230/230/230 231/231/231
f 231/231/231 230/230/230 232/232/232
f 231/231/231 232/232/232 233/233/233
f 233/233/233 232/232/232 234/234/234
f 235/235/235 227/227/227 229/229/229
f 236/236/236 227/227/227 235/235/235
f 236/236/236 225/225/225 227/227/227
f 237/237/237 225/225/225 236/236/236
f 237/237/237 223/223/223 225/225/225
f 238/238/238 223/223/223 237/237/237
f 238/238/238 221/221/221 223/223/223
f 239/239/239 221/221/221 238/238/238
f 239/239/239 219/219/219 221/221/221
f 240/240/240 219/219/219 239/239/239
f 240/240/240 217/217/217 219/219/219
f 241/241/241 217/217/217 240/240/240
f 241/241/241 215/215/215 217/217/217
f 242/242/242 215/215/215 241/241/241
f 242/242/242 213/213/213 215/215/215
f 243/243/243 213/213/213 242/242/242
f 243/243/243 211/211/211 213/213/213
f 244/244/244 211/211/211 243/243/243
f 244/244/244 209/209/209 211/211/211
f 245/245/245 209/209/209 244/244/244
f 245/245/245 207/207/207 209/209/209
f 246/246/246 207/207/207 245/245/245
f 246/246/246 205/205/205 207/207/207
f 247/247/247 205/205/205 246/246/246
f 247/247/247 203/203/203 205/205/205
f 248/248/248 203/203/203 247/247/247
f 248/248/248 201/201/201 203/203/203
f 249/249/249 201/201/201 248/248/248
f 250/250/250 243/243/243 242/242/242
f 250/250/250 242/242/242 251/251/251
f 252/252/252 243/243/243 250/250/250
f 252/252/252 244/244/244 243/243/243
f 253/253/253 244/244/244 252/252/252
f 253/253/253 245/245/245 244/244/244
f 254/254/254 245/245/245 253/253/253
f 254/254/254 246/246/246 245/245/245
f 255/255/255 246/246/246 254/254/254
f 255/255/255 247/247/247 246/246/246
f 256/256/256 247/247/247 255/255/255
f 256/256/256 248/248/248 247/247/247
f 257/257/257 248/248/248 256/256/256
f 251/251/251 242/242/242 241/241/241
f 251/251/251 241/241/241 258/258/258
f 258/258/258 241/241/241 240/240/240
f 258/258/258 240/240/240 259/259/259
f 259/259/259 240/240/240 239/239/239
f 259/259/259 239/239/239 260/260/260
f 260/260/260 239/239/239 238/238/238
f 260/260/260 238/238/238 261/261/261
f 261/261/261 238/238/238 237/237/237
f 261/261/261 237/237/237 262/262/262
f 262/262/262 237/237/237 236/236/236
f 98/98/98 263/263/263 100/100/100
f 264/264/264 263/263/263 98/98/98
f 93/93/93 264/264/264 98/98/98
f 90/90/90 264/264/264 93/93/93
f 90/90/90 265/265/265 264/264/264
f 87/87/87 265/265/265 90/90/90
f 199/199/199 267/267/267 266/266/266
f 200/200/200 267/267/267 199/199/199
f 199/199/199 266/266/266 204/204/204
f 204/204/204 266/266/266 268/268/268
f 204/204/204 268/268/268 206/206/206
f 206/206/206 268/268/268 269/269/269
f 206/206/206 269/269/269 208/208/208
f 208/208/208 269/269/269 270/270/270
f 208/208/208 270/270/270 210/210/210
f 210/210/210 270/270/270 271/271/271
f 210/210/210 271/271/271 212/212/212
f 212/212/212 271/271/271 272/272/272
f 212/212/212 272/272/272 214/214/214
f 214/214/214 272/272/272 273/273/273
f 214/214/214 273/273/273 216/216/216
f 216/216/216 273/273/273 274/274/274
f 216/216/216 274/274/274 218/218/218
f 218/218/218 274/274/274 275/275/275
f 218/218/218 275/275/275 220/220/220
f 220/220/220 275/275/275 276/276/276
f 220/220/220 276/276/276 222/222/222
f 222/222/222 276/276/276 277/277/277
f 222/222/222 277/277/277 224/224/224
f 224/224/224 277/277/277 278/278/278
f 224/224/224 278/278/278 226/226/226
f 226/226/226 278/278/278 279/279/279
f 226/226/226 279/279/279 228/228/228
f 228/228/228 279/279/279 280/280/280
f 228/228/228 280/280/280 230/230/230
f 230/230/230 280/280/280 281/281/281
f 230/230/230 281/281/281 232/232/232
f 232/232/232 281/281/281 282/282/282
f 232/232/232 282/282/282 234/234/234
f 234/234/234 282/282/282 283/283/283
f 105/105/105 285/285/285 284/284/284
f 104/104/104 285/285/285 105/105/105
f 105/105/105 284/284/284 107/107/107
f 107/107/107 284/284/284 117/117/117
f 2/2/2 99/99/99 102/102/102
f 4/4/4 99/99/99 2/2/2
f 2/2/2 102/102/102 9/9/9
f 9/9/9 102/102/102 113/113/113
f 9/9/9 113/113/113 12/12/12
f 12/12/12 113/113/113 116/116/116
f 12/12/12 116/116/116 15/15/15
f 15/15/15 116/116/116 115/115/115
f 15/15/15 115/115/115 18/18/18
f 18/18/18 115/115/115 114/114/114
f 286/286/286 18/18/18 114/114/114
f 286/286/286 114/114/114 287/287/287
f 287/287/287 114/114/114 288/288/288
f 287/287/287 288/288/288 289/289/289
f 290/290/290 18/18/18 286/286/286
f 293/293/293 292/292/292 291/291/291
f 296/296/296 295/295/295 294/294/294
f 294/294/294 298/298/298 297/297/297
f 294/294/294 297/297/297 299/299/299
f 299/299/299 297/297/297 300/300/300
f 299/299/299 300/300/300 301/301/301
f 301/301/301 300/300/300 302/302/302
f 301/301/301 302/302/302 303/303/303
f 303/303/303 302/302/302 304/304/304
f 303/303/303 304/304/304 305/305/305
f 305/305/305 304/304/304 306/306/306
f 305/305/305 306/306/306 307/307/307
f 307/307/307 306/306/306 308/308/308
f 307/307/307 308/308/308 309/309/309
f 311/311/311 308/308/308 310/310/310
f 314/314/314 313/313/313 312/312/312
f 312/312/312 313/313/313 315/315/315
f 312/312/312 315/315/315 316/316/316
f 316/316/316 315/315/315 317/317/317
f 316/316/316 317/317/317 318/318/318
f 318/318/318 317/317/317 319/319/319
f 179/179/179 86/86/86 95/95/95
f 94/94/94 86/86/86 179/179/179
f 322/322/322 321/321/321 320/320/320
f 323/323/323 321/321/321 322/322/322
f 322/322/322 320/320/320 324/324/324
f 324/324/324 320/320/320 325/325/325
f 324/324/324 325/325/325 326/326/326
f 326/326/326 325/325/325 327/327/327
f 326/326/326 327/327/327 328/328/328
f 328/328/328 327/327/327 329/329/329
f 328/328/328 329/329/329 330/330/330
f 330/330/330 329/329/329 331/331/331
f 330/330/330 331/331/331 332/332/332
f 332/332/332 331/331/331 333/333/333
f 323/323/323 334/334/334 321/321/321
f 335/335/335 334/334/334 323/323/323
f 335/335/335 336/336/336 334/334/334
f 337/337/337 336/336/336 335/335/335
f 338/338/338 326/326/326 328/328/328
f 339/339/339 328/328/328 330/330/330
f 338/338/338 328/328/328 339/339/339
f 340/340/340 330/330/330 332/332/332
f 339/339/339 330/330/330 340/340/340
f 340/340/340 332/332/332 341/341/341
f 341/341/341 332/332/332 342/342/342
f 341/341/341 342/342/342 343/343/343
f 343/343/343 342/342/342 344/344/344
f 343/343/343 344/344/344 345/345/345
f 345/345/345 344/344/344 346/346/346
f 345/345/345 348/348/348 347/347/347
f 347/347/347 348/348/348 349/349/349
f 347/347/347 351/351/351 350/350/350
f 350/350/350 351/351/351 352/352/352
f 353/353/353 326/326/326 338/338/338
f 353/353/353 324/324/324 326/326/326
f 354/354/354 324/324/324 353/353/353
f 354/354/354 355/355/355 324/324/324
f 356/356/356 355/355/355 354/354/354
f 359/359/359 358/358/358 357/357/357
f 360/360/360 358/358/358 359/359/359
f 360/360/360 361/361/361 358/358/358
f 362/362/362 361/361/361 360/360/360
f 365/365/365 364/364/364 363/363/363
f 366/366/366 364/364/364 365/365/365
f 366/366/366 367/367/367 364/364/364
f 368/368/368 367/367/367 366/366/366
f 368/368/368 369/369/369 367/367/367
f 370/370/370 369/369/369 368/368/368
f 370/370/370 371/371/371 369/369/369
f 372/372/372 371/371/371 370/370/370
f 372/372/372 373/373/373 371/371/371
f 365/365/365 363/363/363 374/374/374
f 374/374/374 363/363/363 375/375/375
f 374/374/374 375/375/375 376/376/376
f 376/376/376 375/375/375 377/377/377
f 376/376/376 377/377/377 378/378/378
f 378/378/378 377/377/377 379/379/379
f 378/378/378 379/379/379 380/380/380
f 380/380/380 379/379/379 381/381/381
f 380/380/380 381/381/381 382/382/382
f 382/382/382 381/381/381 383/383/383
f 382/382/382 383/383/383 384/384/384
f 387/387/387 386/386/386 385/385/385
f 388/388/388 386/386/386 387/387/387
f 388/388/388 389/389/389 386/386/386
f 390/390/390 389/389/389 388/388/388
f 390/390/390 391/391/391 389/389/389
f 387/387/387 385/385/385 392/392/392
f 392/392/392 385/385/385 393/393/393
f 392/392/392 393/393/393 394/394/394
f 394/394/394 393/393/393 395/395/395
f 394/394/394 395/395/395 396/396/396
f 396/396/396 395/395/395 397/397/397
f 396/396/396 397/397/397 398/398/398
f 400/400/400 397/397/397 399/399/399
f 400/400/400 399/399/399 401/401/401
f 401/401/401 399/399/399 402/402/402
f 401/401/401 402/402/402 403/403/403
f 406/406/406 405/405/405 404/404/404
f 404/404/404 405/405/405 407/407/407
f 404/404/404 407/407/407 408/408/408
f 408/408/408 407/407/407 409/409/409
f 408/408/408 409/409/409 410/410/410
f 406/406/406 411/411/411 405/405/405
f 412/412/412 411/411/411 406/406/406
f 412/412/412 413/413/413 411/411/411
f 414/414/414 413/413/413 412/412/412
f 414/414/414 415/415/415 413/413/413
f 416/416/416 415/415/415 414/414/414
f 416/416/416 417/417/417 415/415/415
f 418/418/418 417/417/417 416/416/416
f 418/418/418 419/419/419 417/417/417
f 410/410/410 421/421/421 420/420/420
f 410/410/410 422/422/422 421/421/421
f 420/420/420 424/424/424 423/423/423
f 420/420/420 423/423/423 425/425/425
f 425/425/425 427/427/427 426/426/426
f 426/426/426 427/427/427 428/428/428
f 426/426/426 428/428/428 429/429/429
f 429/429/429 428/428/428 430/430/430
f 429/429/429 430/430/430 431/431/431
f 431/431/431 430/430/430 432/432/432
f 431/431/431 432/432/432 433/433/433
f 425/425/425 434/434/434 427/427/427
f 437/437/437 436/436/436 435/435/435
f 438/438/438 436/436/436 437/437/437
f 438/438/438 439/439/439 436/436/436
f 440/440/440 439/439/439 438/438/438
f 440/440/440 441/441/441 439/439/439
f 442/442/442 441/441/441 440/440/440
f 437/437/437 435/435/435 443/443/443
f 443/443/443 435/435/435 444/444/444
f 443/443/443 444/444/444 445/445/445
f 445/445/445 444/444/444 446/446/446
f 445/445/445 446/446/446 447/447/447
f 447/447/447 446/446/446 448/448/448
f 451/451/451 450/450/450 449/449/449
f 452/452/452 450/450/450 451/451/451
f 455/455/455 454/454/454 453/453/453
f 456/456/456 454/454/454 455/455/455
f 456/456/456 458/458/458 457/457/457
f 459/459/459 458/458/458 456/456/456
f 462/462/462 461/461/461 460/460/460
f 460/460/460 461/461/461 463/463/463
f 460/460/460 463/463/463 464/464/464
f 464/464/464 463/463/463 465/465/465
f 462/462/462 466/466/466 461/461/461
f 466/466/466 467/467/467 461/461/461
f 466/466/466 468/468/468 467/467/467
f 469/469/469 468/468/468 466/466/466
f 469/469/469 470/470/470 468/468/468
f 471/471/471 470/470/470 469/469/469
f 471/471/471 472/472/472 470/470/470
f 473/473/473 472/472/472 471/471/471
f 473/473/473 474/474/474 472/472/472
f 474/474/474 475/475/475 472/472/472
f 474/474/474 476/476/476 475/475/475
f 477/477/477 476/476/476 474/474/474
f 477/477/477 478/478/478 476/476/476
f 479/479/479 478/478/478 477/477/477
f 479/479/479 480/480/480 478/478/478
f 481/481/481 480/480/480 479/479/479
f 481/481/481 482/482/482 480/480/480
f 483/483/483 482/482/482 481/481/481
f 484/484/484 481/481/481 479/479/479
f 485/485/485 481/481/481 484/484/484
f 485/485/485 486/486/486 481/481/481
f 487/487/487 486/486/486 485/485/485
f 484/484/484 479/479/479 488/488/488
f 488/488/488 479/479/479 477/477/477
f 488/488/488 477/477/477 489/489/489
f 489/489/489 477/477/477 474/474/474
f 489/489/489 474/474/474 473/473/473
f 490/490/490 485/485/485 484/484/484
f 491/491/491 485/485/485 490/490/490
f 491/491/491 492/492/492 485/485/485
f 493/493/493 487/487/487 485/485/485
f 494/494/494 492/492/492 491/491/491
f 494/494/494 495/495/495 492/492/492
f 496/496/496 495/495/495 494/494/494
f 497/497/497 484/484/484 488/488/488
f 490/490/490 484/484/484 497/497/497
f 498/498/498 488/488/488 489/489/489
f 497/497/497 488/488/488 498/498/498
f 498/498/498 489/489/489 499/499/499
f 499/499/499 489/489/489 500/500/500
f 499/499/499 500/500/500 501/501/501
f 501/501/501 500/500/500 502/502/502
f 501/501/501 502/502/502 503/503/503
f 503/503/503 502/502/502 504/504/504
f 496/496/496 505/505/505 495/495/495
f 506/506/506 505/505/505 496/496/496
f 506/506/506 507/507/507 505/505/505
f 508/508/508 507/507/507 506/506/506
f 508/508/508 509/509/509 507/507/507
f 510/510/510 509/509/509 508/508/508
f 513/513/513 512/512/512 511/511/511
f 514/514/514 512/512/512 513/513/513
f 516/516/516 515/515/515 512/512/512
f 517/517/517 515/515/515 516/516/516
f 519/519/519 518/518/518 515/515/515
f 520/520/520 518/518/518 519/519/519
f 520/520/520 521/521/521 518/518/518
f 522/522/522 521/521/521 520/520/520
f 522/522/522 523/523/523 521/521/521
f 524/524/524 523/523/523 522/522/522
f 525/525/525 471/471/471 469/469/469
f 525/525/525 469/469/469 526/526/526
f 526/526/526 469/469/469 466/466/466
f 526/526/526 466/466/466 462/462/462
f 472/472/472 475/475/475 527/527/527
f 530/530/530 529/529/529 528/528/528
f 461/461/461 529/529/529 530/530/530
f 461/461/461 467/467/467 529/529/529
f 533/533/533 532/532/532 531/531/531
f 536/536/536 535/535/535 534/534/534
f 539/539/539 538/538/538 537/537/537
f 540/540/540 538/538/538 539/539/539
f 538/538/538 541/541/541 537/537/537
f 537/537/537 541/541/541 542/542/542
f 541/541/541 543/543/543 542/542/542
f 542/542/542 543/543/543 544/544/544
f 543/543/543 545/545/545 544/544/544
f 544/544/544 545/545/545 546/546/546
f 545/545/545 547/547/547 546/546/546
f 546/546/546 547/547/547 548/548/548
f 549/549/549 541/541/541 538/538/538
f 550/550/550 541/541/541 549/549/549
f 550/550/550 543/543/543 541/541/541
f 551/551/551 538/538/538 540/540/540
f 549/549/549 538/538/538 551/551/551
f 551/551/551 540/540/540 552/552/552
f 552/552/552 540/540/540 553/553/553
f 554/554/554 547/547/547 545/545/545
f 555/555/555 547/547/547 554/554/554
f 552/552/552 553/553/553 556/556/556
f 556/556/556 553/553/553 557/557/557
f 556/556/556 557/557/557 558/558/558
f 558/558/558 557/557/557 559/559/559
f 558/558/558 559/559/559 560/560/560
f 560/560/560 559/559/559 561/561/561
f 560/560/560 561/561/561 562/562/562
f 562/562/562 561/561/561 563/563/563
f 563/563/563 561/561/561 564/564/564
f 565/565/565 563/563/563 564/564/564
f 566/566/566 563/563/563 565/565/565
f 567/567/567 563/563/563 566/566/566
f 562/562/562 563/563/563 567/567/567
f 567/567/567 566/566/566 568/568/568
f 564/564/564 561/561/561 569/569/569
f 561/561/561 559/559/559 569/569/569
f 570/570/570 566/566/566 565/565/565
f 571/571/571 566/566/566 570/570/570
f 568/568/568 566/566/566 571/571/571
f 568/568/568 571/571/571 572/572/572
f 573/573/573 571/571/571 570/570/570
f 574/574/574 571/571/571 573/573/573
f 572/572/572 571/571/571 574/574/574
f 574/574/574 573/573/573 575/575/575
f 575/575/575 573/573/573 576/576/576
f 577/577/577 575/575/575 576/576/576
f 578/578/578 575/575/575 577/577/577
f 579/579/579 574/574/574 575/575/575
f 572/572/572 574/574/574 579/579/579
f 580/580/580 572/572/572 579/579/579
f 580/580/580 579/579/579 581/581/581
f 581/581/581 579/579/579 582/582/582
f 582/582/582 575/575/575 578/578/578
f 579/579/579 575/575/575 582/582/582
f 581/581/581 582/582/582 583/583/583
f 583/583/583 582/582/582 584/584/584
f 582/582/582 578/578/578 584/584/584
f 583/583/583 584/584/584 585/585/585
f 585/585/585 584/584/584 586/586/586
f 585/585/585 586/586/586 587/587/587
f 587/587/587 586/586/586 588/588/588
f 587/587/587 588/588/588 589/589/589
f 589/589/589 588/588/588 590/590/590
f 589/589/589 590/590/590 591/591/591
f 591/591/591 590/590/590 555/555/555
f 591/591/591 555/555/555 592/592/592
f 592/592/592 555/555/555 593/593/593
f 584/584/584 594/594/594 586/586/586
f 584/584/584 578/578/578 594/594/594
f 586/586/586 594/594/594 595/595/595
f 586/586/586 595/595/595 588/588/588
f 588/588/588 595/595/595 596/596/596
f 588/588/588 596/596/596 590/590/590
f 596/596/596 595/595/595 597/597/597
f 597/597/597 595/595/595 598/598/598
f 595/595/595 594/594/594 598/598/598
f 590/590/590 596/596/596 599/599/599
f 597/597/597 599/599/599 596/596/596
f 590/590/590 599/599/599 555/555/555
f 555/555/555 599/599/599 547/547/547
f 547/547/547 599/599/599 548/548/548
f 548/548/548 599/599/599 600/600/600
f 600/600/600 599/599/599 597/597/597
f 601/601/601 548/548/548 600/600/600
f 602/602/602 548/548/548 601/601/601
f 603/603/603 602/602/602 601/601/601
f 604/604/604 603/603/603 601/601/601
f 600/600/600 604/604/604 601/601/601
f 597/597/597 604/604/604 600/600/600
f 605/605/605 603/603/603 604/604/604
f 606/606/606 602/602/602 603/603/603
f 598/598/598 594/594/594 607/607/607
f 608/608/608 598/598/598 607/607/607
f 608/608/608 607/607/607 609/609/609
f 609/609/609 607/607/607 577/577/577
f 610/610/610 608/608/608 609/609/609
f 610/610/610 611/611/611 608/608/608
f 611/611/611 598/598/598 608/608/608
f 607/607/607 578/578/578 577/577/577
f 594/594/594 578/578/578 607/607/607
f 612/612/612 572/572/572 580/580/580
f 612/612/612 613/613/613 572/572/572
f 614/614/614 613/613/613 612/612/612
f 614/614/614 616/616/616 615/615/615
f 617/617/617 616/616/616 614/614/614
f 620/620/620 619/619/619 618/618/618
f 620/620/620 621/621/621 619/619/619
f 622/622/622 621/621/621 620/620/620
f 622/622/622 623/623/623 621/621/621
f 623/623/623 624/624/624 621/621/621
f 623/623/623 569/569/569 624/624/624
f 621/621/621 624/624/624 625/625/625
f 621/621/621 625/625/625 619/619/619
f 619/619/619 625/625/625 626/626/626
f 619/619/619 626/626/626 618/618/618
f 618/618/618 626/626/626 539/539/539
f 569/569/569 559/559/559 624/624/624
f 624/624/624 557/557/557 625/625/625
f 559/559/559 557/557/557 624/624/624
f 625/625/625 553/553/553 626/626/626
f 557/557/557 553/553/553 625/625/625
f 626/626/626 540/540/540 539/539/539
f 553/553/553 540/540/540 626/626/626
f 627/627/627 564/564/564 569/569/569
f 628/628/628 564/564/564 627/627/627
f 628/628/628 565/565/565 564/564/564
f 629/629/629 565/565/565 628/628/628
f 629/629/629 570/570/570 565/565/565
f 570/570/570 630/630/630 573/573/573
f 573/573/573 630/630/630 631/631/631
f 632/632/632 573/573/573 631/631/631
f 631/631/631 633/633/633 632/632/632
f 630/630/630 633/633/633 631/631/631
f 632/632/632 633/633/633 634/634/634
f 576/576/576 573/573/573 632/632/632
f 637/637/637 636/636/636 635/635/635
f 638/638/638 636/636/636 637/637/637
f 636/636/636 639/639/639 635/635/635
f 635/635/635 639/639/639 640/640/640
f 639/639/639 641/641/641 640/640/640
f 639/639/639 544/544/544 641/641/641
f 641/641/641 544/544/544 546/546/546
f 639/639/639 542/542/542 544/544/544
f 636/636/636 542/542/542 639/639/639
f 638/638/638 542/542/542 636/636/636
f 642/642/642 542/542/542 638/638/638
f 642/642/642 537/537/537 542/542/542
f 645/645/645 644/644/644 643/643/643
f 645/645/645 643/643/643 646/646/646
f 646/646/646 643/643/643 647/647/647
f 646/646/646 647/647/647 648/648/648
f 648/648/648 647/647/647 649/649/649
f 650/650/650 644/644/644 645/645/645
f 648/648/648 649/649/649 651/651/651
f 651/651/651 649/649/649 652/652/652
f 651/651/651 652/652/652 653/653/653
f 653/653/653 652/652/652 654/654/654
f 653/653/653 654/654/654 655/655/655
f 655/655/655 654/654/654 656/656/656
f 655/655/655 656/656/656 657/657/657
f 657/657/657 656/656/656 658/658/658
f 657/657/657 658/658/658 659/659/659
f 659/659/659 658/658/658 660/660/660
f 650/650/650 661/661/661 644/644/644
f 662/662/662 661/661/661 650/650/650
f 662/662/662 663/663/663 661/661/661
f 665/665/665 664/664/664 662/662/662
f 666/666/666 545/545/545 543/543/543
f 554/554/554 545/545/545 666/666/666
f 666/666/666 543/543/543 550/550/550
f 669/669/669 668/668/668 667/667/667
f 670/670/670 668/668/668 669/669/669
f 669/669/669 667/667/667 671/671/671
f 671/671/671 667/667/667 672/672/672
f 671/671/671 672/672/672 673/673/673
f 673/673/673 672/672/672 674/674/674
f 673/673/673 674/674/674 675/675/675
f 675/675/675 674/674/674 676/676/676
f 675/675/675 676/676/676 677/677/677
f 677/677/677 676/676/676 678/678/678
f 677/677/677 678/678/678 679/679/679
f 679/679/679 678/678/678 680/680/680
f 679/679/679 680/680/680 681/681/681
f 681/681/681 680/680/680 682/682/682
f 681/681/681 682/682/682 683/683/683
f 683/683/683 682/682/682 684/684/684
f 685/685/685 683/683/683 684/684/684
f 686/686/686 683/683/683 685/685/685
f 687/687/687 686/686/686 685/685/685
f 688/688/688 686/686/686 687/687/687
f 689/689/689 688/688/688 687/687/687
f 690/690/690 688/688/688 689/689/689
f 690/690/690 689/689/689 691/691/691
f 691/691/691 689/689/689 692/692/692
f 691/691/691 692/692/692 693/693/693
f 693/693/693 692/692/692 694/694/694
f 693/693/693 694/694/694 695/695/695
f 695/695/695 694/694/694 696/696/696
f 695/695/695 696/696/696 697/697/697
f 697/697/697 696/696/696 698/698/698
f 689/689/689 687/687/687 699/699/699
f 689/689/689 699/699/699 692/692/692
f 692/692/692 700/700/700 694/694/694
f 692/692/692 699/699/699 700/700/700
f 694/694/694 700/700/700 701/701/701
f 694/694/694 701/701/701 696/696/696
f 696/696/696 701/701/701 702/702/702
f 696/696/696 702/702/702 698/698/698
f 698/698/698 702/702/702 703/703/703
f 698/698/698 703/703/703 704/704/704
f 705/705/705 698/698/698 704/704/704
f 706/706/706 698/698/698 705/705/705
f 705/705/705 704/704/704 670/670/670
f 670/670/670 704/704/704 668/668/668
f 704/704/704 703/703/703 707/707/707
f 704/704/704 707/707/707 668/668/668
f 668/668/668 707/707/707 708/708/708
f 668/668/668 708/708/708 667/667/667
f 667/667/667 708/708/708 709/709/709
f 667/667/667 709/709/709 672/672/672
f 672/672/672 709/709/709 710/710/710
f 672/672/672 710/710/710 674/674/674
f 674/674/674 710/710/710 711/711/711
f 674/674/674 711/711/711 676/676/676
f 676/676/676 711/711/711 712/712/712
f 676/676/676 712/712/712 678/678/678
f 678/678/678 712/712/712 713/713/713
f 678/678/678 713/713/713 680/680/680
f 680/680/680 713/713/713 714/714/714
f 680/680/680 714/714/714 682/682/682
f 682/682/682 714/714/714 715/715/715
f 682/682/682 715/715/715 684/684/684
f 684/684/684 715/715/715 716/716/716
f 717/717/717 684/684/684 716/716/716
f 685/685/685 684/684/684 717/717/717
f 718/718/718 685/685/685 717/717/717
f 687/687/687 685/685/685 718/718/718
f 699/699/699 687/687/687 718/718/718
f 719/719/719 670/670/670 669/669/669
f 720/720/720 670/670/670 719/719/719
f 720/720/720 705/705/705 670/670/670
f 721/721/721 705/705/705 720/720/720
f 722/722/722 669/669/669 671/671/671
f 722/722/722 671/671/671 723/723/723
f 723/723/723 671/671/671 673/673/673
f 723/723/723 673/673/673 724/724/724
f 724/724/724 673/673/673 675/675/675
f 724/724/724 675/675/675 725/725/725
f 725/725/725 675/675/675 677/677/677
f 725/725/725 677/677/677 726/726/726
f 726/726/726 677/677/677 679/679/679
f 726/726/726 679/679/679 727/727/727
f 727/727/727 679/679/679 681/681/681
f 728/728/728 722/722/722 723/723/723
f 729/729/729 722/722/722 728/728/728
f 730/730/730 723/723/723 724/724/724
f 728/728/728 723/723/723 730/730/730
f 731/731/731 724/724/724 725/725/725
f 730/730/730 724/724/724 731/731/731
f 731/731/731 725/725/725 732/732/732
f 732/732/732 725/725/725 733/733/733
f 727/727/727 681/681/681 734/734/734
f 734/734/734 681/681/681 683/683/683
f 735/735/735 734/734/734 683/683/683
f 736/736/736 734/734/734 735/735/735
f 738/738/738 737/737/737 729/729/729
f 740/740/740 739/739/739 738/738/738
f 740/740/740 741/741/741 739/739/739
f 742/742/742 741/741/741 740/740/740
f 742/742/742 743/743/743 741/741/741
f 744/744/744 743/743/743 742/742/742
f 738/738/738 739/739/739 745/745/745
f 744/744/744 746/746/746 743/743/743
f 747/747/747 746/746/746 744/744/744
f 747/747/747 748/748/748 746/746/746
f 749/749/749 748/748/748 747/747/747
f 729/729/729 745/745/745 750/750/750
f 753/753/753 752/752/752 751/751/751
f 756/756/756 755/755/755 754/754/754
f 754/754/754 755/755/755 757/757/757
f 757/757/757 758/758/758 754/754/754
f 759/759/759 758/758/758 757/757/757
f 759/759/759 760/760/760 758/758/758
f 762/762/762 761/761/761 755/755/755
f 763/763/763 761/761/761 762/762/762
f 763/763/763 764/764/764 761/761/761
f 765/765/765 764/764/764 763/763/763
f 765/765/765 763/763/763 766/766/766
f 766/766/766 763/763/763 767/767/767
f 763/763/763 768/768/768 767/767/767
f 767/767/767 768/768/768 769/769/769
f 765/765/765 766/766/766 770/770/770
f 770/770/770 766/766/766 771/771/771
f 770/770/770 771/771/771 772/772/772
f 764/764/764 765/765/765 773/773/773
f 773/773/773 765/765/765 774/774/774
f 773/773/773 774/774/774 775/775/775
f 778/778/778 777/777/777 776/776/776
f 781/781/781 780/780/780 779/779/779
f 784/784/784 783/783/783 782/782/782
f 782/782/782 783/783/783 785/785/785
f 782/782/782 785/785/785 786/786/786
f 786/786/786 785/785/785 787/787/787
f 790/790/790 789/789/789 788/788/788
f 791/791/791 789/789/789 790/790/790
f 794/794/794 793/793/793 792/792/792
f 797/797/797 796/796/796 795/795/795
f 798/798/798 796/796/796 797/797/797
f 797/797/797 795/795/795 799/799/799
f 799/799/799 795/795/795 800/800/800
f 799/799/799 800/800/800 801/801/801
f 801/801/801 800/800/800 802/802/802
f 801/801/801 802/802/802 803/803/803
f 803/803/803 802/802/802 804/804/804
f 803/803/803 804/804/804 805/805/805
f 805/805/805 804/804/804 806/806/806
f 805/805/805 806/806/806 807/807/807
f 807/807/807 806/806/806 808/808/808
f 807/807/807 808/808/808 809/809/809
f 809/809/809 808/808/808 810/810/810
f 809/809/809 810/810/810 811/811/811
f 811/811/811 810/810/810 812/812/812
f 811/811/811 812/812/812 813/813/813
f 813/813/813 812/812/812 814/814/814
f 813/813/813 814/814/814 815/815/815
f 815/815/815 814/814/814 816/816/816
f 815/815/815 816/816/816 817/817/817
f 817/817/817 816/816/816 818/818/818
f 817/817/817 818/818/818 819/819/819
f 819/819/819 818/818/818 820/820/820
f 819/819/819 820/820/820 821/821/821
f 821/821/821 820/820/820 822/822/822
f 821/821/821 822/822/822 823/823/823
f 823/823/823 822/822/822 824/824/824
f 823/823/823 824/824/824 825/825/825
f 825/825/825 824/824/824 826/826/826
f 825/825/825 826/826/826 827/827/827
f 827/827/827 826/826/826 828/828/828
f 827/827/827 828/828/828 829/829/829
f 829/829/829 828/828/828 830/830/830
f 829/829/829 830/830/830 831/831/831
f 831/831/831 830/830/830 832/832/832
f 831/831/831 832/832/832 833/833/833
f 833/833/833 832/832/832 834/834/834
f 833/833/833 834/834/834 798/798/798
f 798/798/798 834/834/834 796/796/796
f 822/822/822 835/835/835 824/824/824
f 822/822/822 836/836/836 835/835/835
f 820/820/820 836/836/836 822/822/822
f 820/820/820 837/837/837 836/836/836
f 818/818/818 837/837/837 820/820/820
f 818/818/818 838/838/838 837/837/837
f 816/816/816 838/838/838 818/818/818
f 816/816/816 839/839/839 838/838/838
f 814/814/814 839/839/839 816/816/816
f 814/814/814 840/840/840 839/839/839
f 812/812/812 840/840/840 814/814/814
f 812/812/812 841/841/841 840/840/840
f 810/810/810 841/841/841 812/812/812
f 810/810/810 842/842/842 841/841/841
f 808/808/808 842/842/842 810/810/810
f 808/808/808 843/843/843 842/842/842
f 806/806/806 843/843/843 808/808/808
f 806/806/806 844/844/844 843/843/843
f 804/804/804 844/844/844 806/806/806
f 804/804/804 845/845/845 844/844/844
f 802/802/802 845/845/845 804/804/804
f 802/802/802 846/846/846 845/845/845
f 800/800/800 846/846/846 802/802/802
f 800/800/800 847/847/847 846/846/846
f 795/795/795 847/847/847 800/800/800
f 795/795/795 848/848/848 847/847/847
f 796/796/796 848/848/848 795/795/795
f 796/796/796 849/849/849 848/848/848
f 834/834/834 849/849/849 796/796/796
f 834/834/834 850/850/850 849/849/849
f 832/832/832 850/850/850 834/834/834
f 832/832/832 851/851/851 850/850/850
f 830/830/830 851/851/851 832/832/832
f 830/830/830 852/852/852 851/851/851
f 828/828/828 852/852/852 830/830/830
f 828/828/828 853/853/853 852/852/852
f 826/826/826 853/853/853 828/828/828
f 826/826/826 854/854/854 853/853/853
f 824/824/824 854/854/854 826/826/826
f 824/824/824 835/835/835 854/854/854
f 855/855/855 798/798/798 797/797/797
f 856/856/856 798/798/798 855/855/855
f 857/857/857 833/833/833 798/798/798
f 858/858/858 833/833/833 857/857/857
f 858/858/858 831/831/831 833/833/833
f 859/859/859 831/831/831 858/858/858
f 859/859/859 829/829/829 831/831/831
f 860/860/860 829/829/829 859/859/859
f 860/860/860 827/827/827 829/829/829
f 861/861/861 827/827/827 860/860/860
f 861/861/861 825/825/825 827/827/827
f 862/862/862 859/859/859 858/858/858
f 862/862/862 858/858/858 863/863/863
f 863/863/863 858/858/858 864/864/864
f 863/863/863 864/864/864 865/865/865
f 865/865/865 864/864/864 866/866/866
f 865/865/865 866/866/866 867/867/867
f 867/867/867 866/866/866 868/868/868
f 867/867/867 868/868/868 869/869/869
f 869/869/869 868/868/868 870/870/870
f 869/869/869 870/870/870 871/871/871
f 871/871/871 870/870/870 872/872/872
f 873/873/873 861/861/861 860/860/860
f 873/873/873 860/860/860 874/874/874
f 874/874/874 859/859/859 862/862/862
f 874/874/874 860/860/860 859/859/859
f 871/871/871 872/872/872 875/875/875
f 875/875/875 872/872/872 876/876/876
f 877/877/877 861/861/861 873/873/873
f 880/880/880 879/879/879 878/878/878
f 881/881/881 823/823/823 825/825/825
f 883/883/883 823/823/823 882/882/882
f 883/883/883 821/821/821 823/823/823
f 884/884/884 821/821/821 883/883/883
f 884/884/884 819/819/819 821/821/821
f 885/885/885 819/819/819 884/884/884
f 885/885/885 817/817/817 819/819/819
f 886/886/886 817/817/817 885/885/885
f 886/886/886 887/887/887 817/817/817
f 888/888/888 887/887/887 886/886/886
f 891/891/891 890/890/890 889/889/889
f 892/892/892 890/890/890 891/891/891
f 892/892/892 893/893/893 890/890/890
f 894/894/894 893/893/893 892/892/892
f 894/894/894 895/895/895 893/893/893
f 895/895/895 896/896/896 893/893/893
f 895/895/895 897/897/897 896/896/896
f 898/898/898 897/897/897 895/895/895
f 898/898/898 899/899/899 897/897/897
f 900/900/900 899/899/899 898/898/898
f 900/900/900 901/901/901 899/899/899
f 902/902/902 901/901/901 900/900/900
f 902/902/902 903/903/903 901/901/901
f 904/904/904 903/903/903 902/902/902
f 904/904/904 905/905/905 903/903/903
f 893/893/893 896/896/896 906/906/906
f 893/893/893 906/906/906 907/907/907
f 908/908/908 900/900/900 898/898/898
f 909/909/909 900/900/900 908/908/908
f 909/909/909 910/910/910 900/900/900
f 911/911/911 910/910/910 909/909/909
f 908/908/908 898/898/898 912/912/912
f 912/912/912 898/898/898 895/895/895
f 912/912/912 895/895/895 894/894/894
f 913/913/913 905/905/905 904/904/904
f 913/913/913 914/914/914 905/905/905
f 915/915/915 914/914/914 913/913/913
f 907/907/907 906/906/906 916/916/916
f 919/919/919 918/918/918 917/917/917
f 920/920/920 918/918/918 919/919/919
f 923/923/923 922/922/922 921/921/921
f 924/924/924 922/922/922 923/923/923
f 926/926/926 889/889/889 925/925/925
f 891/891/891 889/889/889 926/926/926
f 926/926/926 925/925/925 927/927/927
f 927/927/927 925/925/925 928/928/928
f 927/927/927 928/928/928 929/929/929
f 929/929/929 928/928/928 930/930/930
f 929/929/929 930/930/930 931/931/931
f 931/931/931 930/930/930 932/932/932
f 935/935/935 934/934/934 933/933/933
f 936/936/936 934/934/934 935/935/935
f 935/935/935 933/933/933 937/937/937
f 937/937/937 933/933/933 938/938/938
f 937/937/937 938/938/938 939/939/939
f 939/939/939 938/938/938 940/940/940
f 939/939/939 940/940/940 941/941/941
f 941/941/941 940/940/940 942/942/942
f 941/941/941 942/942/942 943/943/943
f 943/943/943 942/942/942 944/944/944
f 943/943/943 944/944/944 945/945/945
f 945/945/945 944/944/944 946/946/946
f 936/936/936 947/947/947 934/934/934
f 948/948/948 947/947/947 936/936/936
f 948/948/948 949/949/949 947/947/947
f 950/950/950 949/949/949 948/948/948
f 950/950/950 951/951/951 949/949/949
f 952/952/952 951/951/951 950/950/950
f 952/952/952 953/953/953 951/951/951
f 954/954/954 953/953/953 952/952/952
f 954/954/954 955/955/955 953/953/953
f 956/956/956 955/955/955 954/954/954
f 956/956/956 957/957/957 955/955/955
f 958/958/958 957/957/957 956/956/956
f 958/958/958 959/959/959 957/957/957
f 957/957/957 959/959/959 960/960/960
f 959/959/959 961/961/961 960/960/960
f 960/960/960 961/961/961 962/962/962
f 961/961/961 963/963/963 962/962/962
f 962/962/962 963/963/963 964/964/964
f 957/957/957 960/960/960 965/965/965
f 957/957/957 965/965/965 955/955/955
f 955/955/955 965/965/965 966/966/966
f 955/955/955 966/966/966 953/953/953
f 953/953/953 966/966/966 967/967/967
f 953/953/953 967/967/967 951/951/951
f 951/951/951 967/967/967 968/968/968
f 951/951/951 968/968/968 949/949/949
f 949/949/949 968/968/968 969/969/969
f 949/949/949 969/969/969 947/947/947
f 947/947/947 969/969/969 970/970/970
f 947/947/947 970/970/970 934/934/934
f 934/934/934 970/970/970 971/971/971
f 934/934/934 971/971/971 933/933/933
f 933/933/933 971/971/971 972/972/972
f 933/933/933 972/972/972 938/938/938
f 938/938/938 972/972/972 973/973/973
f 938/938/938 973/973/973 940/940/940
f 940/940/940 973/973/973 974/974/974
f 940/940/940 974/974/974 942/942/942
f 942/942/942 974/974/974 975/975/975
f 942/942/942 975/975/975 944/944/944
f 944/944/944 975/975/975 976/976/976
f 944/944/944 976/976/976 946/946/946
f 946/946/946 976/976/976 977/977/977
f 978/978/978 946/946/946 977/977/977
f 964/964/964 946/946/946 978/978/978
f 964/964/964 979/979/979 946/946/946
f 980/980/980 979/979/979 964/964/964
f 981/981/981 964/964/964 978/978/978
f 962/962/962 964/964/964 981/981/981
f 982/982/982 962/962/962 981/981/981
f 960/960/960 962/962/962 982/982/982
f 965/965/965 960/960/960 982/982/982
f 983/983/983 936/936/936 935/935/935
f 984/984/984 936/936/936 983/983/983
f 983/983/983 935/935/935 985/985/985
f 985/985/985 935/935/935 937/937/937
f 985/985/985 937/937/937 986/986/986
f 986/986/986 937/937/937 939/939/939
f 986/986/986 939/939/939 987/987/987
f 987/987/987 939/939/939 941/941/941
f 987/987/987 941/941/941 988/988/988
f 988/988/988 941/941/941 943/943/943
f 988/988/988 943/943/943 989/989/989
f 989/989/989 943/943/943 990/990/990
f 990/990/990 991/991/991 989/989/989
f 984/984/984 948/948/948 936/936/936
f 992/992/992 948/948/948 984/984/984
f 992/992/992 950/950/950 948/948/948
f 993/993/993 950/950/950 992/992/992
f 993/993/993 952/952/952 950/950/950
f 996/996/996 995/995/995 994/994/994
f 999/999/999 998/998/998 997/997/997
f 1000/1000/1000 998/998/998 999/999/999
f 1000/1000/1000 1001/1001/1001 998/998/998
f 1002/1002/1002 1001/1001/1001 1000/1000/1000
f 1002/1002/1002 1003/1003/1003 1001/1001/1001
f 1004/1004/1004 1003/1003/1003 1002/1002/1002
f 1003/1003/1003 1004/1004/1004 1005/1005/1005
f 1005/1005/1005 1004/1004/1004 1006/1006/1006
f 1005/1005/1005 1006/1006/1006 1007/1007/1007
f 1007/1007/1007 1006/1006/1006 1008/1008/1008
f 1007/1007/1007 1010/1010/1010 1009/1009/1009
f 1009/1009/1009 1010/1010/1010 1011/1011/1011
f 1009/1009/1009 1011/1011/1011 1012/1012/1012
f 1015/1015/1015 1014/1014/1014 1013/1013/1013
f 1016/1016/1016 1014/1014/1014 1015/1015/1015
f 1015/1015/1015 1013/1013/1013 1017/1017/1017
f 1017/1017/1017 1013/1013/1013 1018/1018/1018
f 1017/1017/1017 1018/1018/1018 1019/1019/1019
f 1019/1019/1019 1018/1018/1018 1020/1020/1020
f 1019/1019/1019 1020/1020/1020 1021/1021/1021
f 1021/1021/1021 1020/1020/1020 1022/1022/1022
f 1021/1021/1021 1022/1022/1022 1023/1023/1023
f 1023/1023/1023 1022/1022/1022 1024/1024/1024
f 1025/1025/1025 1016/1016/1016 1015/1015/1015
f 1026/1026/1026 1016/1016/1016 1025/1025/1025
f 1027/1027/1027 1015/1015/1015 1017/1017/1017
f 1025/1025/1025 1015/1015/1015 1027/1027/1027
f 1028/1028/1028 1017/1017/1017 1019/1019/1019
f 1027/1027/1027 1017/1017/1017 1028/1028/1028
f 1029/1029/1029 1019/1019/1019 1021/1021/1021
f 1028/1028/1028 1019/1019/1019 1029/1029/1029
f 1030/1030/1030 1021/1021/1021 1023/1023/1023
f 1029/1029/1029 1021/1021/1021 1030/1030/1030
f 1031/1031/1031 1025/1025/1025 1027/1027/1027
f 1032/1032/1032 1025/1025/1025 1031/1031/1031
f 1032/1032/1032 1026/1026/1026 1025/1025/1025
f 1033/1033/1033 1027/1027/1027 1028/1028/1028
f 1031/1031/1031 1027/1027/1027 1033/1033/1033
f 1034/1034/1034 1028/1028/1028 1029/1029/1029
f 1033/1033/1033 1028/1028/1028 1034/1034/1034
f 1035/1035/1035 1029/1029/1029 1030/1030/1030
f 1034/1034/1034 1029/1029/1029 1035/1035/1035
f 1036/1036/1036 1031/1031/1031 1033/1033/1033
f 1037/1037/1037 1031/1031/1031 1036/1036/1036
f 1037/1037/1037 1032/1032/1032 1031/1031/1031
f 1038/1038/1038 1032/1032/1032 1037/1037/1037
f 1038/1038/1038 1039/1039/1039 1032/1032/1032
f 1039/1039/1039 1026/1026/1026 1032/1032/1032
f 1040/1040/1040 1039/1039/1039 1038/1038/1038
f 1041/1041/1041 1033/1033/1033 1034/1034/1034
f 1036/1036/1036 1033/1033/1033 1041/1041/1041
f 1042/1042/1042 1034/1034/1034 1035/1035/1035
f 1041/1041/1041 1034/1034/1034 1042/1042/1042
f 1043/1043/1043 1040/1040/1040 1038/1038/1038
f 1043/1043/1043 1038/1038/1038 1037/1037/1037
f 1043/1043/1043 1037/1037/1037 1036/1036/1036
f 1043/1043/1043 1036/1036/1036 1041/1041/1041
f 1043/1043/1043 1041/1041/1041 1042/1042/1042
f 1046/1046/1046 1045/1045/1045 1044/1044/1044
f 1047/1047/1047 1045/1045/1045 1046/1046/1046
f 1046/1046/1046 1044/1044/1044 1048/1048/1048
f 1048/1048/1048 1044/1044/1044 1049/1049/1049
f 1048/1048/1048 1049/1049/1049 1050/1050/1050
f 1050/1050/1050 1049/1049/1049 1051/1051/1051
f 1050/1050/1050 1051/1051/1051 1052/1052/1052
f 1052/1052/1052 1051/1051/1051 1053/1053/1053
f 1052/1052/1052 1053/1053/1053 1054/1054/1054
f 1054/1054/1054 1053/1053/1053 1055/1055/1055
f 1056/1056/1056 1047/1047/1047 1046/1046/1046
f 1057/1057/1057 1047/1047/1047 1056/1056/1056
f 1058/1058/1058 1046/1046/1046 1048/1048/1048
f 1056/1056/1056 1046/1046/1046 1058/1058/1058
f 1059/1059/1059 1048/1048/1048 1050/1050/1050
f 1058/1058/1058 1048/1048/1048 1059/1059/1059
f 1060/1060/1060 1050/1050/1050 1052/1052/1052
f 1059/1059/1059 1050/1050/1050 1060/1060/1060
f 1061/1061/1061 1052/1052/1052 1054/1054/1054
f 1060/1060/1060 1052/1052/1052 1061/1061/1061
f 1062/1062/1062 1057/1057/1057 1056/1056/1056
f 1063/1063/1063 1057/1057/1057 1062/1062/1062
f 1064/1064/1064 1056/1056/1056 1058/1058/1058
f 1062/1062/1062 1056/1056/1056 1064/1064/1064
f 1065/1065/1065 1058/1058/1058 1059/1059/1059
f 1064/1064/1064 1058/1058/1058 1065/1065/1065
f 1066/1066/1066 1059/1059/1059 1060/1060/1060
f 1065/1065/1065 1059/1059/1059 1066/1066/1066
f 1066/1066/1066 1060/1060/1060 1067/1067/1067
f 1067/1067/1067 1060/1060/1060 1061/1061/1061
f 1068/1068/1068 1063/1063/1063 1062/1062/1062
f 1069/1069/1069 1063/1063/1063 1068/1068/1068
f 1070/1070/1070 1062/1062/1062 1064/1064/1064
f 1068/1068/1068 1062/1062/1062 1070/1070/1070
f 1071/1071/1071 1064/1064/1064 1065/1065/1065
f 1070/1070/1070 1064/1064/1064 1071/1071/1071
f 1072/1072/1072 1065/1065/1065 1066/1066/1066
f 1071/1071/1071 1065/1065/1065 1072/1072/1072
f 1072/1072/1072 1066/1066/1066 1073/1073/1073
f 1073/1073/1073 1066/1066/1066 1067/1067/1067
f 1074/1074/1074 1069/1069/1069 1068/1068/1068
f 1074/1074/1074 1068/1068/1068 1070/1070/1070
f 1074/1074/1074 1070/1070/1070 1071/1071/1071
f 1074/1074/1074 1071/1071/1071 1072/1072/1072
f 1074/1074/1074 1072/1072/1072 1073/1073/1073
f 1077/1077/1077 1076/1076/1076 1075/1075/1075
f 1078/1078/1078 1076/1076/1076 1077/1077/1077
f 1077/1077/1077 1075/1075/1075 1079/1079/1079
f 1079/1079/1079 1075/1075/1075 1080/1080/1080
f 1079/1079/1079 1080/1080/1080 1081/1081/1081
f 1081/1081/1081 1080/1080/1080 1082/1082/1082
f 1081/1081/1081 1082/1082/1082 1083/1083/1083
f 1083/1083/1083 1082/1082/1082 1084/1084/1084
f 1083/1083/1083 1084/1084/1084 1085/1085/1085
f 1085/1085/1085 1084/1084/1084 1086/1086/1086
f 1087/1087/1087 1077/1077/1077 1079/1079/1079
f 1088/1088/1088 1077/1077/1077 1087/1087/1087
f 1088/1088/1088 1078/1078/1078 1077/1077/1077
f 1089/1089/1089 1079/1079/1079 1081/1081/1081
f 1087/1087/1087 1079/1079/1079 1089/1089/1089
f 1090/1090/1090 1081/1081/1081 1083/1083/1083
f 1089/1089/1089 1081/1081/1081 1090/1090/1090
f 1091/1091/1091 1083/1083/1083 1085/1085/1085
f 1090/1090/1090 1083/1083/1083 1091/1091/1091
f 1092/1092/1092 1087/1087/1087 1089/1089/1089
f 1093/1093/1093 1087/1087/1087 1092/1092/1092
f 1093/1093/1093 1088/1088/1088 1087/1087/1087
f 1094/1094/1094 1088/1088/1088 1093/1093/1093
f 1094/1094/1094 1095/1095/1095 1088/1088/1088
f 1096/1096/1096 1095/1095/1095 1094/1094/1094
f 1097/1097/1097 1089/1089/1089 1090/1090/1090
f 1092/1092/1092 1089/1089/1089 1097/1097/1097
f 1098/1098/1098 1090/1090/1090 1091/1091/1091
f 1097/1097/1097 1090/1090/1090 1098/1098/1098
f 1099/1099/1099 1096/1096/1096 1094/1094/1094
f 1099/1099/1099 1094/1094/1094 1093/1093/1093
f 1099/1099/1099 1093/1093/1093 1092/1092/1092
f 1099/1099/1099 1092/1092/1092 1097/1097/1097
f 1099/1099/1099 1097/1097/1097 1098/1098/1098
f 1095/1095/1095 1078/1078/1078 1088/1088/1088
f 1102/1102/1102 1101/1101/1101 1100/1100/1100
f 1103/1103/1103 1101/1101/1101 1102/1102/1102
f 1102/1102/1102 1100/1100/1100 1104/1104/1104
f 1104/1104/1104 1100/1100/1100 1105/1105/1105
f 1104/1104/1104 1105/1105/1105 1106/1106/1106
f 1106/1106/1106 1105/1105/1105 1107/1107/1107
f 1106/1106/1106 1107/1107/1107 1108/1108/1108
f 1108/1108/1108 1107/1107/1107 1109/1109/1109
f 1108/1108/1108 1109/1109/1109 1110/1110/1110
f 1110/1110/1110 1109/1109/1109 1111/1111/1111
f 1112/1112/1112 1103/1103/1103 1102/1102/1102
f 1113/1113/1113 1103/1103/1103 1112/1112/1112
f 1114/1114/1114 1102/1102/1102 1104/1104/1104
f 1112/1112/1112 1102/1102/1102 1114/1114/1114
f 1115/1115/1115 1104/1104/1104 1106/1106/1106
f 1114/1114/1114 1104/1104/1104 1115/1115/1115
f 1116/1116/1116 1106/1106/1106 1108/1108/1108
f 1115/1115/1115 1106/1106/1106 1116/1116/1116
f 1116/1116/1116 1108/1108/1108 1117/1117/1117
f 1117/1117/1117 1108/1108/1108 1110/1110/1110
f 1118/1118/1118 1113/1113/1113 1112/1112/1112
f 1119/1119/1119 1113/1113/1113 1118/1118/1118
f 1120/1120/1120 1112/1112/1112 1114/1114/1114
f 1118/1118/1118 1112/1112/1112 1120/1120/1120
f 1121/1121/1121 1114/1114/1114 1115/1115/1115
f 1120/1120/1120 1114/1114/1114 1121/1121/1121
f 1122/1122/1122 1115/1115/1115 1116/1116/1116
f 1121/1121/1121 1115/1115/1115 1122/1122/1122
f 1122/1122/1122 1116/1116/1116 1123/1123/1123
f 1123/1123/1123 1116/1116/1116 1117/1117/1117
f 1124/1124/1124 1119/1119/1119 1118/1118/1118
f 1124/1124/1124 1118/1118/1118 1120/1120/1120
f 1124/1124/1124 1120/1120/1120 1121/1121/1121
f 1124/1124/1124 1121/1121/1121 1122/1122/1122
f 1124/1124/1124 1122/1122/1122 1123/1123/1123
f 1127/1127/1127 1126/1126/1126 1125/1125/1125
f 1128/1128/1128 1126/1126/1126 1127/1127/1127
f 1127/1127/1127 1125/1125/1125 1129/1129/1129
f 1129/1129/1129 1125/1125/1125 1130/1130/1130
f 1129/1129/1129 1130/1130/1130 1131/1131/1131
f 1131/1131/1131 1130/1130/1130 1132/1132/1132
f 1131/1131/1131 1132/1132/1132 1133/1133/1133
f 1133/1133/1133 1132/1132/1132 1134/1134/1134
f 1133/1133/1133 1134/1134/1134 1135/1135/1135
f 1135/1135/1135 1134/1134/1134 1136/1136/1136
f 1137/1137/1137 1128/1128/1128 1127/1127/1127
f 1138/1138/1138 1128/1128/1128 1137/1137/1137
f 1139/1139/1139 1127/1127/1127 1129/1129/1129
f 1137/1137/1137 1127/1127/1127 1139/1139/1139
f 1140/1140/1140 1129/1129/1129 1131/1131/1131
f 1139/1139/1139 1129/1129/1129 1140/1140/1140
f 1141/1141/1141 1131/1131/1131 1133/1133/1133
f 1140/1140/1140 1131/1131/1131 1141/1141/1141
f 1142/1142/1142 1133/1133/1133 1135/1135/1135
f 1141/1141/1141 1133/1133/1133 1142/1142/1142
f 1143/1143/1143 1139/1139/1139 1140/1140/1140
f 1144/1144/1144 1139/1139/1139 1143/1143/1143
f 1144/1144/1144 1137/1137/1137 1139/1139/1139
f 1145/1145/1145 1137/1137/1137 1144/1144/1144
f 1146/1146/1146 1140/1140/1140 1141/1141/1141
f 1143/1143/1143 1140/1140/1140 1146/1146/1146
f 1147/1147/1147 1141/1141/1141 1142/1142/1142
f 1146/1146/1146 1141/1141/1141 1147/1147/1147
f 1148/1148/1148 1144/1144/1144 1143/1143/1143
f 1149/1149/1149 1144/1144/1144 1148/1148/1148
f 1149/1149/1149 1145/1145/1145 1144/1144/1144
f 1150/1150/1150 1145/1145/1145 1149/1149/1149
f 1151/1151/1151 1143/1143/1143 1146/1146/1146
f 1148/1148/1148 1143/1143/1143 1151/1151/1151
f 1152/1152/1152 1146/1146/1146 1147/1147/1147
f 1151/1151/1151 1146/1146/1146 1152/1152/1152
f 1155/1155/1155 1154/1154/1154 1153/1153/1153
f 1156/1156/1156 1154/1154/1154 1155/1155/1155
f 1155/1155/1155 1153/1153/1153 1157/1157/1157
f 1157/1157/1157 1153/1153/1153 1158/1158/1158
f 1157/1157/1157 1158/1158/1158 1159/1159/1159
f 1159/1159/1159 1158/1158/1158 1160/1160/1160
f 1159/1159/1159 1160/1160/1160 1161/1161/1161
f 1161/1161/1161 1160/1160/1160 1162/1162/1162
f 1161/1161/1161 1162/1162/1162 1163/1163/1163
f 1163/1163/1163 1162/1162/1162 1164/1164/1164
f 1165/1165/1165 1156/1156/1156 1155/1155/1155
f 1166/1166/1166 1156/1156/1156 1165/1165/1165
f 1167/1167/1167 1155/1155/1155 1157/1157/1157
f 1165/1165/1165 1155/1155/1155 1167/1167/1167
f 1168/1168/1168 1157/1157/1157 1159/1159/1159
f 1167/1167/1167 1157/1157/1157 1168/1168/1168
f 1169/1169/1169 1159/1159/1159 1161/1161/1161
f 1168/1168/1168 1159/1159/1159 1169/1169/1169
f 1170/1170/1170 1161/1161/1161 1163/1163/1163
f 1169/1169/1169 1161/1161/1161 1170/1170/1170
f 1171/1171/1171 1166/1166/1166 1165/1165/1165
f 1172/1172/1172 1166/1166/1166 1171/1171/1171
f 1173/1173/1173 1165/1165/1165 1167/1167/1167
f 1171/1171/1171 1165/1165/1165 1173/1173/1173
f 1174/1174/1174 1167/1167/1167 1168/1168/1168
f 1173/1173/1173 1167/1167/1167 1174/1174/1174
f 1175/1175/1175 1168/1168/1168 1169/1169/1169
f 1174/1174/1174 1168/1168/1168 1175/1175/1175
f 1176/1176/1176 1169/1169/1169 1170/1170/1170
f 1175/1175/1175 1169/1169/1169 1176/1176/1176
f 1177/1177/1177 1172/1172/1172 1171/1171/1171
f 1178/1178/1178 1172/1172/1172 1177/1177/1177
f 1179/1179/1179 1171/1171/1171 1173/1173/1173
f 1177/1177/1177 1171/1171/1171 1179/1179/1179
f 1180/1180/1180 1173/1173/1173 1174/1174/1174
f 1179/1179/1179 1173/1173/1173 1180/1180/1180
f 1181/1181/1181 1174/1174/1174 1175/1175/1175
f 1180/1180/1180 1174/1174/1174 1181/1181/1181
f 1182/1182/1182 1175/1175/1175 1176/1176/1176
f 1181/1181/1181 1175/1175/1175 1182/1182/1182
f 1182/1182/1182 1176/1176/1176 1183/1183/1183
f 1183/1183/1183 1176/1176/1176 1184/1184/1184
f 1176/1176/1176 1170/1170/1170 1184/1184/1184
f 1185/1185/1185 1182/1182/1182 1183/1183/1183
f 1185/1185/1185 1178/1178/1178 1177/1177/1177
f 1185/1185/1185 1177/1177/1177 1179/1179/1179
f 1185/1185/1185 1179/1179/1179 1180/1180/1180
f 1185/1185/1185 1180/1180/1180 1181/1181/1181
f 1185/1185/1185 1181/1181/1181 1182/1182/1182
f 1185/1185/1185 1183/1183/1183 1186/1186/1186
f 1185/1185/1185 1186/1186/1186 1187/1187/1187
f 1185/1185/1185 1187/1187/1187 1188/1188/1188
f 1185/1185/1185 1188/1188/1188 1178/1178/1178
f 1184/1184/1184 1170/1170/1170 1189/1189/1189
f 1192/1192/1192 1191/1191/1191 1190/1190/1190
f 1193/1193/1193 1191/1191/1191 1192/1192/1192
f 1191/1191/1191 1193/1193/1193 1194/1194/1194
f 1194/1194/1194 1195/1195/1195 1191/1191/1191
f 1196/1196/1196 1195/1195/1195 1194/1194/1194
f 1192/1192/1192 1197/1197/1197 1193/1193/1193
f 1193/1193/1193 1197/1197/1197 1198/1198/1198
f 1194/1194/1194 1193/1193/1193 1199/1199/1199
f 1200/1200/1200 1197/1197/1197 1192/1192/1192
f 1201/1201/1201 1200/1200/1200 1192/1192/1192
f 1202/1202/1202 1200/1200/1200 1201/1201/1201
f 1203/1203/1203 1197/1197/1197 1200/1200/1200
f 1204/1204/1204 1193/1193/1193 1198/1198/1198
f 1199/1199/1199 1193/1193/1193 1204/1204/1204
f 1207/1207/1207 1206/1206/1206 1205/1205/1205
f 1208/1208/1208 1206/1206/1206 1207/1207/1207
f 1211/1211/1211 1210/1210/1210 1209/1209/1209
f 1212/1212/1212 1210/1210/1210 1211/1211/1211
f 1215/1215/1215 1214/1214/1214 1213/1213/1213
f 1216/1216/1216 1214/1214/1214 1215/1215/1215
f 1219/1219/1219 1218/1218/1218 1217/1217/1217
f 1220/1220/1220 1218/1218/1218 1219/1219/1219
f 1223/1223/1223 1222/1222/1222 1221/1221/1221
f 1224/1224/1224 1222/1222/1222 1223/1223/1223
f 1225/1225/1225 1224/1224/1224 1223/1223/1223
f 1226/1226/1226 1224/1224/1224 1225/1225/1225
f 1229/1229/1229 1228/1228/1228 1227/1227/1227
f 1227/1227/1227 1228/1228/1228 1230/1230/1230
f 1230/1230/1230 1228/1228/1228 1231/1231/1231
f 1230/1230/1230 1232/1232/1232 1227/1227/1227
f 1230/1230/1230 1231/1231/1231 1232/1232/1232
f 1232/1232/1232 1231/1231/1231 1233/1233/1233
f 1233/1233/1233 1231/1231/1231 1234/1234/1234
f 1233/1233/1233 1234/1234/1234 1235/1235/1235
f 1235/1235/1235 1234/1234/1234 1236/1236/1236
f 1239/1239/1239 1238/1238/1238 1237/1237/1237
f 1237/1237/1237 1238/1238/1238 1240/1240/1240
f 1237/1237/1237 1240/1240/1240 1241/1241/1241
f 1241/1241/1241 1240/1240/1240 1242/1242/1242
f 1241/1241/1241 1242/1242/1242 1243/1243/1243
f 1243/1243/1243 1242/1242/1242 1244/1244/1244
f 1247/1247/1247 1246/1246/1246 1245/1245/1245
f 1248/1248/1248 1246/1246/1246 1247/1247/1247
f 1251/1251/1251 1250/1250/1250 1249/1249/1249
f 1249/1249/1249 1250/1250/1250 1252/1252/1252
f 1253/1253/1253 1251/1251/1251 1249/1249/1249
f 1254/1254/1254 1251/1251/1251 1253/1253/1253
f 1255/1255/1255 1254/1254/1254 1253/1253/1253
f 1256/1256/1256 1254/1254/1254 1255/1255/1255
f 1252/1252/1252 1256/1256/1256 1255/1255/1255
f 1250/1250/1250 1256/1256/1256 1252/1252/1252
f 1259/1259/1259 1258/1258/1258 1257/1257/1257
f 1260/1260/1260 1258/1258/1258 1259/1259/1259
f 1263/1263/1263 1262/1262/1262 1261/1261/1261
f 1264/1264/1264 1262/1262/1262 1263/1263/1263
f 1267/1267/1267 1266/1266/1266 1265/1265/1265
f 1268/1268/1268 1266/1266/1266 1267/1267/1267
f 1271/1271/1271 1270/1270/1270 1269/1269/1269
f 1272/1272/1272 1270/1270/1270 1271/1271/1271
f 1273/1273/1273 1271/1271/1271 1269/1269/1269
f 1274/1274/1274 1271/1271/1271 1273/1273/1273
f 1275/1275/1275 1274/1274/1274 1273/1273/1273
f 1276/1276/1276 1274/1274/1274 1275/1275/1275
f 1270/1270/1270 1277/1277/1277 1269/1269/1269
f 1269/1269/1269 1277/1277/1277 1278/1278/1278
f 1278/1278/1278 1273/1273/1273 1269/1269/1269
f 1277/1277/1277 1279/1279/1279 1278/1278/1278
f 1278/1278/1278 1279/1279/1279 1280/1280/1280
f 1280/1280/1280 1281/1281/1281 1278/1278/1278
f 1278/1278/1278 1281/1281/1281 1282/1282/1282
f 1282/1282/1282 1273/1273/1273 1278/1278/1278
f 1282/1282/1282 1275/1275/1275 1273/1273/1273
f 1279/1279/1279 1283/1283/1283 1280/1280/1280
f 1280/1280/1280 1283/1283/1283 1284/1284/1284
f 1280/1280/1280 1284/1284/1284 1281/1281/1281
f 1285/1285/1285 1281/1281/1281 1284/1284/1284
f 1286/1286/1286 1285/1285/1285 1284/1284/1284
f 1281/1281/1281 1287/1287/1287 1282/1282/1282
f 1287/1287/1287 1275/1275/1275 1282/1282/1282
f 1288/1288/1288 1287/1287/1287 1281/1281/1281
f 1285/1285/1285 1289/1289/1289 1281/1281/1281
f 1289/1289/1289 1290/1290/1290 1281/1281/1281
f 1290/1290/1290 1288/1288/1288 1281/1281/1281
