g NAX_SpiderNest_EggCluster3
v 496.167 56.11985 -222.4752
v 471.072 40.79037 -232.8712
v 496.8146 40.79037 -222.3029
v 471.2465 55.42021 -235.1818
v 513.6804 55.42022 -199.1697
v 511.429 40.79038 -198.6217
v 471.072 70.05004 -232.8712
v 495.2133 72.00342 -219.0635
v 508.675 71.10713 -196.9806
v 511.4763 55.42022 -169.9932
v 509.3328 70.05004 -170.8732
v 491.3268 70.05004 -149.6563
v 492.5437 55.42021 -147.6844
v 492.4634 83.24781 -217.1757
v 487.7951 83.24781 -155.3788
v 503.112 83.24781 -173.427
v 504.8951 83.24781 -197.0314
v 493.423 93.72162 -177.4048
v 482.2946 93.72162 -164.292
v 471.8786 83.44455 -156.9589
v 494.7185 93.72162 -194.5543
v 485.6863 93.72162 -209.1901
v 469.7765 93.72162 -215.7217
v 470.5653 83.24781 -226.1657
v 447.5653 83.24781 -220.5674
v 444.0337 70.05004 -226.29
v 426.0277 70.05004 -205.0731
v 423.8842 55.42021 -205.953
v 442.8169 55.42021 -228.2619
v 432.2485 83.24781 -202.5192
v 423.9315 70.05004 -177.3245
v 430.4654 83.24781 -178.9149
v 442.8972 83.24781 -158.7705
v 438.546 70.05004 -153.6434
v 453.0659 93.72162 -211.6543
v 441.9376 93.72162 -198.5415
v 440.6421 93.72162 -181.3919
v 449.6743 93.72162 -166.7562
v 459.9971 100.4462 -200.423
v 468.7823 100.4462 -202.5614
v 477.1466 100.4462 -199.1275
v 454.1466 100.4462 -193.5292
v 453.4655 100.4462 -184.5132
v 449.6743 93.72162 -166.7562
v 458.214 100.4462 -176.8187
v 481.8951 100.4462 -191.4331
v 481.214 100.4462 -182.417
v 465.5841 93.72162 -160.2246
v 475.3635 100.4462 -175.5232
v 466.5783 100.4462 -173.3849
v 465.5841 93.72162 -160.2246
v 449.6743 93.72162 -166.7562
v 465.5841 93.72162 -160.2246
v 467.6803 102.7634 -187.9731
v 471.2465 55.42021 -235.1818
v 444.0337 40.79037 -226.29
v 471.072 40.79037 -232.8712
v 442.8169 55.42021 -228.2619
v 423.8842 55.42021 -205.953
v 426.0277 40.79037 -205.0731
v 421.6802 55.42021 -176.7765
v 423.9315 40.79037 -177.3245
v 438.546 40.79037 -153.6434
v 437.0466 55.42021 -151.8767
v 471.0749 55.42021 -150.9474
v 471.2494 40.79037 -153.0609
v 491.3268 40.79037 -149.6563
v 492.5437 55.42021 -147.6844
v 426.0277 70.05004 -205.0731
v 423.9315 70.05004 -177.3245
v 438.546 70.05004 -153.6434
v 471.3477 70.12553 -153.4741
v 491.3268 70.05004 -149.6563
v 492.5437 55.42021 -147.6844
v 491.3268 40.79037 -149.6563
v 492.5437 55.42021 -147.6844
v 511.4763 55.42022 -169.9932
v 509.3328 40.79038 -170.8732
v 513.6804 55.42022 -199.1697
v 511.429 40.79038 -198.6217
v 471.3477 70.12553 -153.4741
v 471.8786 83.44455 -156.9589
v 449.6743 93.72162 -166.7562
v 465.5841 93.72162 -160.2246
v 482.7215 51.97408 -232.6167
v 483.2344 49.52035 -228.2131
v 486.0239 53.23639 -228.0166
v 485.957 55.03999 -232.1862
v 482.0397 54.74054 -236.8474
v 483.5088 57.21715 -236.4702
v 480.3337 58.08126 -239.1637
v 481.275 59.40142 -238.8364
v 479.5119 48.29676 -230.6573
v 479.4503 50.4843 -233.7588
v 474.4071 47.51428 -232.065
v 475.7269 50.12432 -235.2123
v 479.3553 53.54397 -237.4283
v 476.8425 53.61077 -237.9352
v 477.191 57.09407 -239.1513
v 479.0631 57.18252 -239.3571
v 476.6078 58.17566 -239.6048
v 471.0897 53.60469 -237.2948
v 469.5695 50.11582 -233.317
v 464.8228 54.99553 -233.9675
v 467.2871 58.41523 -238.2833
v 472.0497 58.5597 -240.6348
v 474.5751 55.51256 -239.2612
v 463.8858 62.59853 -232.3698
v 466.6823 64.19066 -237.3142
v 468.3593 68.30148 -236.02
v 466.0408 68.39832 -231.6457
v 463.8858 62.59853 -232.3698
v 466.6823 64.19066 -237.3142
v 472.1838 65.20309 -239.403
v 471.3129 62.07796 -240.0835
v 476.0002 63.29046 -239.6335
v 475.6792 61.63067 -239.8812
v 467.2871 58.41523 -238.2833
v 472.0497 58.5597 -240.6348
v 471.3124 71.83062 -234.7078
v 470.3409 73.71037 -228.978
v 476.0682 71.3318 -232.9283
v 475.3106 74.66036 -226.0078
v 474.4119 67.55257 -238.134
v 477.2214 68.4434 -236.9239
v 476.8539 64.49593 -239.2088
v 477.985 64.92601 -238.8375
v 478.6659 61.53074 -239.4655
v 475.9192 59.81641 -239.8684
v 479.2235 64.70056 -238.5361
v 476.6078 58.17566 -239.6048
v 479.0631 57.18252 -239.3571
v 480.3869 71.39548 -232.1923
v 480.6391 73.40549 -225.1589
v 483.7254 69.95516 -231.5836
v 483.7162 69.16844 -224.9568
v 482.8651 66.37016 -235.7365
v 479.4809 68.00392 -236.49
v 480.1498 63.9352 -238.3663
v 481.0013 62.61366 -238.3501
v 486.5649 65.96999 -230.9556
v 486.076 65.02583 -225.0035
v 487.7927 60.7789 -231.2941
v 486.7789 59.61166 -225.8695
v 484.3874 63.81631 -235.8447
v 485.3056 60.58127 -236.1206
v 481.3159 61.15525 -238.6108
v 481.275 59.40142 -238.8364
v 480.3337 58.08126 -239.1637
v 485.957 55.03999 -232.1862
v 486.0239 53.23639 -228.0166
v 487.7927 60.7789 -231.2941
v 483.5088 57.21715 -236.4702
v 485.957 55.03999 -232.1862
v 486.7789 59.61166 -225.8695
v 487.7927 60.7789 -231.2941
v 485.3056 60.58127 -236.1206
v 465.9864 57.19294 -234.2251
v 462.3504 60.82213 -238.2947
v 459.3146 57.44654 -236.4144
v 462.8077 51.99217 -231.4025
v 456.3259 62.17262 -240.2938
v 457.8916 50.88717 -230.856
v 455.6709 55.61367 -234.8317
v 451.3539 55.38329 -233.2491
v 452.6468 50.64201 -227.8453
v 453.3923 60.79551 -239.0239
v 450.5385 61.23677 -237.8839
v 451.6828 65.8302 -240.3206
v 450.2093 65.15226 -239.1608
v 449.0487 67.02914 -238.4084
v 448.186 53.33035 -227.612
v 447.1895 58.69529 -232.2816
v 444.3776 59.29055 -225.8973
v 444.0136 63.36127 -230.7702
v 447.4983 63.5399 -237.3752
v 444.8675 66.91462 -235.7967
v 445.5659 66.48448 -221.4628
v 443.9912 69.47595 -227.4924
v 445.0763 70.85166 -233.5721
v 452.9817 66.87074 -240.6242
v 457.9816 64.95755 -240.9208
v 464.743 66.89095 -239.2332
v 468.3052 65.14152 -234.5537
v 443.9912 69.47595 -227.4924
v 448.3719 72.60305 -220.5458
v 445.5659 66.48448 -221.4628
v 446.9345 74.61204 -225.9767
v 446.5978 74.12032 -232.0276
v 445.0763 70.85166 -233.5721
v 448.5312 72.54782 -236.2248
v 447.859 70.87264 -236.7448
v 448.1915 68.87811 -237.4822
v 451.0587 70.88507 -238.8975
v 449.6204 73.78082 -236.2217
v 444.8675 66.91462 -235.7967
v 449.0487 67.02914 -238.4084
v 447.4983 63.5399 -237.3752
v 451.6828 65.8302 -240.3206
v 452.9817 66.87074 -240.6242
v 450.2093 65.15226 -239.1608
v 449.3499 76.23093 -232.2124
v 452.7776 76.86243 -232.7793
v 451.3681 78.11953 -225.8085
v 455.9048 77.90701 -227.487
v 454.2741 77.97066 -219.9409
v 460.5074 78.85394 -221.0832
v 450.8852 74.3459 -236.7649
v 452.4854 74.07571 -237.6963
v 459.9157 78.27544 -229.7294
v 465.2296 78.18083 -224.7908
v 467.4007 74.25691 -228.3335
v 463.2426 76.44514 -232.7876
v 458.0098 75.11729 -236.5872
v 455.2483 76.51856 -234.3801
v 453.4856 73.19415 -238.5308
v 468.8287 70.38853 -231.5008
v 465.019 72.18649 -236.185
v 468.3052 65.14152 -234.5537
v 464.743 66.89095 -239.2332
v 459.3642 68.74475 -240.926
v 459.2112 72.35113 -239.0484
v 454.4436 69.83898 -240.2388
v 454.3589 71.78649 -239.5351
v 454.4042 68.26574 -240.6005
v 457.9816 64.95755 -240.9208
v 493.8423 76.8781 -223.5491
v 482.4328 71.85651 -224.333
v 493.6227 68.43053 -219.6399
v 484.8371 78.94202 -226.7192
v 498.4507 80.19001 -217.9731
v 498.4336 71.68571 -212.368
v 476.5448 81.26275 -227.844
v 473.5866 76.29061 -228.0305
v 469.9948 85.45354 -227.6036
v 465.864 80.33947 -226.3663
v 476.5448 81.26275 -227.844
v 461.4703 87.14402 -219.5913
v 466.2206 91.50464 -222.4552
v 466.7218 97.39587 -215.5983
v 462.7375 94.57079 -210.6349
v 471.9281 97.80838 -218.7627
v 471.6226 94.14852 -222.9957
v 476.9883 94.86201 -222.5339
v 477.6433 97.25716 -219.6371
v 473.9312 89.16654 -227.0491
v 478.7546 86.97214 -227.0204
v 478.3963 92.59615 -223.8383
v 480.3909 91.6156 -224.5844
v 484.1402 95.97134 -219.3656
v 483.8282 91.43124 -223.6241
v 478.8417 98.6141 -217.5617
v 484.7079 84.42333 -226.5008
v 486.514 91.45049 -222.5843
v 489.5677 85.62579 -223.895
v 484.8371 78.94202 -226.7192
v 493.8423 76.8781 -223.5491
v 488.8063 92.32458 -220.3756
v 474.7447 100.6011 -214.2679
v 478.5657 101.4471 -211.5114
v 470.3236 101.2518 -210.2392
v 476.3205 102.4707 -206.1058
v 466.6202 99.23978 -203.6125
v 473.4095 99.96037 -199.4496
v 481.2053 99.18903 -215.8587
v 481.1991 98.55018 -199.9322
v 482.3971 100.3172 -204.6015
v 488.0657 93.93123 -199.7811
v 488.34 96.67715 -204.2334
v 487.2506 98.38694 -209.7169
v 483.1286 100.1502 -209.9028
v 485.7542 97.91614 -214.9428
v 483.2612 98.82442 -215.1481
v 487.7425 96.7114 -215.5429
v 494.0942 93.72661 -204.5382
v 495.792 89.815 -198.734
v 498.2252 88.7188 -207.2374
v 499.9431 83.41242 -200.8616
v 491.6327 95.94778 -210.4463
v 494.2671 93.37299 -212.9798
v 489.1706 94.98786 -216.744
v 489.2646 93.47861 -218.4093
v 499.3224 84.9724 -210.8633
v 501.3627 78.80632 -204.7638
v 498.4336 71.68571 -212.368
v 498.4507 80.19001 -217.9731
v 495.0071 90.13807 -216.1815
v 493.5364 87.56821 -220.7844
v 482.4328 71.85651 -224.333
v 508.7347 49.20541 -198.4413
v 512.9871 55.48062 -199.463
v 511.1282 52.42711 -202.158
v 511.4791 53.31282 -194.7486
v 512.8689 55.15161 -204.9334
v 513.5764 57.62071 -203.5782
v 507.5612 47.92047 -203.2348
v 509.7047 50.95366 -205.3188
v 504.9907 47.17931 -208.028
v 508.1707 50.61249 -208.9986
v 511.4602 53.96603 -207.2965
v 510.1013 54.04216 -209.4693
v 510.865 56.66433 -209.5273
v 512.0859 57.56686 -208.4137
v 512.8035 58.46075 -207.3436
v 506.5012 52.53643 -212.6213
v 502.3008 49.7744 -212.6991
v 499.5117 55.41103 -216.6957
v 504.4977 57.3417 -215.3191
v 509.0068 55.90796 -211.67
v 508.1975 58.91064 -213.1169
v 512.0013 60.48385 -199.8245
v 513.6396 61.01567 -202.8442
v 497.5295 63.25561 -216.5928
v 503.3605 63.10864 -215.0614
v 503.5691 67.20434 -212.939
v 498.9775 68.87477 -213.5688
v 507.3719 65.54151 -212.1352
v 507.282 62.42487 -213.2558
v 510.1215 63.68031 -210.7628
v 510.0928 62.02393 -211.1804
v 499.5117 55.41103 -216.6957
v 504.4977 57.3417 -215.3191
v 508.1975 58.91064 -213.1169
v 510.2699 60.2101 -211.0194
v 510.5792 58.56693 -210.3645
v 509.0068 55.90796 -211.67
v 511.8342 61.91416 -208.719
v 512.0859 57.56686 -208.4137
v 512.8035 58.46075 -207.3436
v 510.865 56.66433 -209.5273
v 510.3969 64.88019 -209.8454
v 508.0288 67.89385 -210.3194
v 510.9063 65.30482 -208.7687
v 509.054 68.80914 -208.0462
v 505.9725 71.72094 -206.569
v 504.6365 70.71558 -209.8752
v 500.0189 74.15555 -208.6158
v 502.1065 75.15788 -203.5444
v 511.5437 65.07455 -207.667
v 507.9214 71.20863 -203.5617
v 505.1548 73.8854 -199.0977
v 509.8992 68.87923 -200.8626
v 507.2728 69.65565 -196.8434
v 511.6549 66.80435 -204.313
v 510.2956 68.36163 -206.1115
v 512.0658 64.3063 -206.8867
v 511.3172 64.75463 -199.952
v 509.1961 65.53785 -195.3615
v 512.0013 60.48385 -199.8245
v 509.6856 60.05796 -195.0332
v 513.6396 61.01567 -202.8442
v 512.7906 64.24913 -203.2981
v 512.6479 62.98341 -206.268
v 513.0554 61.52686 -206.2245
v 513.2025 59.77569 -206.4233
v 512.9871 55.48062 -199.463
v 511.4791 53.31282 -194.7486
v 513.5764 57.62071 -203.5782
v 512.8689 55.15161 -204.9334
v 514.7059 65.36805 -183.4179
v 510.7899 62.0481 -189.6255
v 511.5417 56.26285 -184.1144
v 510.4032 58.36246 -175.9303
v 514.3876 65.7979 -177.5735
v 508.9714 63.47238 -171.3808
v 512.9965 68.40025 -173.4872
v 515.7456 71.83122 -179.1631
v 514.5334 73.47437 -176.0193
v 507.3365 67.03133 -169.1189
v 510.7833 71.67662 -170.7837
v 504.8558 71.79559 -168.7475
v 508.5427 75.45652 -170.1983
v 515.6107 71.76116 -182.9095
v 512.9378 68.18171 -187.3661
v 514.8499 72.87753 -185.9648
v 510.7899 62.0481 -189.6255
v 514.7059 65.36805 -183.4179
v 512.9378 68.18171 -187.3661
v 515.6107 71.76116 -182.9095
v 509.7547 67.82333 -192.712
v 511.6615 71.67632 -190.4829
v 507.3272 73.59516 -195.7931
v 510.5305 76.20692 -192.8111
v 513.4507 75.43482 -188.0638
v 511.9373 78.09185 -189.5651
v 512.1724 78.96658 -186.4877
v 513.4761 77.92451 -185.241
v 511.4193 80.49379 -185.3842
v 512.7169 79.72948 -180.8945
v 514.2909 77.03696 -183.6402
v 514.8499 72.87753 -185.9648
v 514.8133 76.32166 -181.9421
v 515.6107 71.76116 -182.9095
v 514.6208 76.56277 -180.0936
v 504.2188 79.94761 -195.6073
v 508.4319 81.19772 -192.8239
v 505.2542 86.01716 -189.5407
v 499.485 85.08647 -192.2181
v 510.0275 81.38976 -188.5769
v 508.5495 83.81673 -186.6696
v 510.429 81.73712 -183.6847
v 509.975 82.29229 -182.088
v 503.0358 87.07964 -183.7049
v 496.9063 88.83759 -184.7262
v 502.8993 85.57217 -178.3734
v 497.8517 87.96954 -176.5592
v 506.9146 84.32635 -179.4373
v 506.8807 84.8224 -183.0447
v 510.0409 82.21318 -180.1841
v 500.8534 82.53599 -171.8184
v 504.7388 83.05818 -174.0541
v 506.4103 78.95972 -171.5835
v 502.914 76.00328 -168.8897
v 509.2638 80.30779 -174.6253
v 507.7764 82.52496 -176.4693
v 511.321 80.48158 -177.7925
v 510.5289 81.51443 -178.7594
v 512.2753 79.3466 -177.4401
v 508.5427 75.45652 -170.1983
v 504.8558 71.79559 -168.7475
v 511.0571 77.99689 -173.8334
v 513.0265 75.61256 -174.2375
v 510.7833 71.67662 -170.7837
v 513.2141 78.08759 -177.7037
v 513.9516 77.13946 -178.6364
v 514.5334 73.47437 -176.0193
v 515.7456 71.83122 -179.1631
v 512.9965 68.40025 -173.4872
v 496.7943 92.25355 -189.8698
v 498.8302 89.82831 -193.5396
v 496.1838 89.05404 -189.0096
v 498.709 86.66315 -192.694
v 497.4187 93.2047 -193.786
v 496.0467 95.5462 -191.1259
v 495.3487 96.33449 -193.9321
v 494.8409 97.30836 -192.5747
v 498.5145 88.8363 -195.4272
v 498.3897 85.8071 -195.4242
v 497.0229 89.12374 -198.5196
v 496.827 85.1046 -198.4085
v 496.8859 92.02226 -197.795
v 497.9149 92.1738 -195.5662
v 494.7459 95.21866 -196.5496
v 495.6851 95.24011 -195.6374
v 491.2818 99.40793 -193.9686
v 493.1635 96.17336 -197.4097
v 493.264 98.74552 -191.3307
v 491.4421 86.95576 -201.3284
v 492.9141 90.75416 -201.0717
v 492.8063 94.33788 -199.1654
v 486.6927 94.88838 -200.7772
v 489.3305 96.54421 -199.4128
v 490.5965 98.01026 -197.076
v 488.9056 99.35732 -196.4415
v 485.7218 99.44976 -197.9095
v 487.7661 100.6024 -195.2076
v 483.8965 101.415 -195.8932
v 482.2908 98.73363 -199.0138
v 479.5892 101.7389 -195.8658
v 477.6777 96.94756 -198.5646
v 475.141 99.92712 -194.9534
v 483.4325 92.40105 -200.6199
v 479.5539 102.6085 -192.4392
v 475.0715 101.8073 -191.4441
v 480.6627 102.484 -188.9552
v 476.9468 101.7307 -186.8662
v 484.0966 102.6374 -191.0806
v 483.4534 102.293 -193.2914
v 487.8122 101.4299 -192.7746
v 487.526 101.1229 -194.0934
v 488.6978 101.3333 -191.7761
v 482.0774 102.6355 -185.8748
v 479.4409 100.426 -183.3494
v 482.955 97.91129 -181.7918
v 485.5743 102.5997 -188.7994
v 485.5347 100.8726 -183.5047
v 488.2179 101.7603 -187.6263
v 490.0831 100.7052 -191.0194
v 491.6316 99.72622 -190.9809
v 488.9495 98.52531 -184.3593
v 487.6619 94.71303 -181.678
v 494.3154 94.95113 -187.0374
v 493.2044 91.06982 -184.4646
v 494.6444 97.59872 -189.178
v 491.322 99.86878 -187.2345
v 502.3416 78.38965 -163.0745
v 501.8891 76.4005 -168.0661
v 501.8088 72.59955 -165.4948
v 501.3266 81.0558 -166.8579
v 498.1134 85.79268 -160.9191
v 497.9748 87.09521 -163.5868
v 494.5815 89.92141 -159.9398
v 494.2227 90.88182 -161.5575
v 499.2951 84.24932 -172.7764
v 499.7892 86.60246 -170.8796
v 493.7296 89.64754 -175.016
v 494.4297 91.76229 -173.2002
v 493.333 93.01706 -168.4296
v 495.7313 90.08344 -166.0763
v 492.2657 92.70599 -164.7001
v 493.5116 91.8562 -163.1572
v 491.0042 91.82075 -159.1028
v 490.6291 93.40157 -163.5509
v 493.8618 89.49194 -158.2635
v 486.979 95.16264 -176.5654
v 489.2219 96.71445 -173.7534
v 482.7494 99.13564 -170.3766
v 479.3043 97.09473 -174.1377
v 489.6275 95.2793 -167.747
v 482.7494 99.13564 -170.3766
v 486.9534 96.10143 -165.9628
v 488.8113 93.6053 -162.1124
v 487.7873 93.43337 -160.7033
v 484.0048 95.16302 -162.5361
v 479.784 96.03391 -164.1735
v 482.7494 99.13564 -170.3766
v 479.3289 92.57201 -159.1745
v 472.8357 89.98637 -159.8341
v 474.386 95.17918 -166.3369
v 482.7494 99.13564 -170.3766
v 479.3043 97.09473 -174.1377
v 483.6028 93.27876 -158.9722
v 487.4196 92.80051 -158.9427
v 480.9912 89.70673 -155.0047
v 475.8229 85.10421 -155.2244
v 483.6602 85.95972 -152.8758
v 484.4312 91.09759 -156.2605
v 486.2553 89.1277 -154.4383
v 487.8073 91.92638 -157.5856
v 488.7166 91.0118 -156.6029
v 489.9597 90.2567 -156.1469
v 488.6389 87.51232 -153.4939
v 491.3932 89.5771 -156.2852
v 491.496 86.26621 -153.6013
v 486.7236 83.23904 -151.479
v 490.5958 80.56002 -151.3809
v 492.6763 89.30309 -157.0542
v 494.1772 85.49178 -155.0941
v 496.7128 85.46415 -157.8551
v 498.9455 77.77863 -157.0163
v 495.2173 78.63798 -153.3197
v 475.8229 85.10421 -155.2244
v 483.6602 85.95972 -152.8758
v 480.534 79.85863 -152.7714
v 486.7236 83.23904 -151.479
v 484.2545 77.72939 -152.0667
v 490.5958 80.56002 -151.3809
v 489.1723 75.06883 -152.4039
v 495.2173 78.63798 -153.3197
v 492.7123 73.24254 -154.5459
v 498.9455 77.77863 -157.0163
v 497.3585 70.77178 -159.0417
v 502.3416 78.38965 -163.0745
v 501.8088 72.59955 -165.4948
v 459.9545 95.1675 -166.8134
v 453.4172 99.21552 -169.8394
v 459.6103 100.1491 -168.2488
v 452.1007 93.27364 -168.8893
v 457.566 103.3364 -172.5498
v 460.5627 102.9466 -170.357
v 460.4491 105.481 -175.1888
v 462.4812 105.4644 -174.4644
v 465.3305 100.5678 -167.9207
v 466.472 95.82999 -165.8805
v 465.0147 103.6117 -170.6255
v 469.2792 104.0874 -171.1787
v 471.0825 101.7473 -169.2298
v 465.4489 105.4239 -173.8568
v 467.394 105.3829 -174.5507
v 463.5169 106.3496 -178.5468
v 469.3912 105.9066 -176.085
v 459.059 105.4651 -176.872
v 473.6537 104.9289 -175.3042
v 469.4716 106.2029 -178.6135
v 474.0544 105.3459 -179.0038
v 476.7154 102.5376 -174.2592
v 477.6558 103.2001 -180.2768
v 479.5786 99.28409 -181.696
v 478.8739 97.12508 -173.9488
v 468.5934 106.3247 -180.2946
v 472.7483 96.00294 -167.8256
v 474.1712 103.7545 -184.6843
v 475.6136 99.68752 -187.2844
v 469.6615 99.49967 -190.0985
v 468.7708 103.7232 -187.6063
v 471.6787 105.5582 -182.5754
v 468.148 105.5275 -184.5184
v 466.4009 106.3334 -181.5122
v 464.3377 100.0795 -189.8301
v 463.9979 102.9158 -187.9973
v 459.5789 101.6268 -187.2745
v 459.1986 98.21778 -188.7072
v 460.71 104.5014 -184.8157
v 463.9265 104.8998 -185.1126
v 462.1673 105.9713 -181.7293
v 464.4661 106.1706 -181.8442
v 460.3913 105.843 -181.0572
v 455.4334 100.5983 -186.437
v 453.5779 95.68021 -188.3468
v 452.0597 99.48357 -183.4137
v 449.9444 94.0501 -185.112
v 455.4886 104.0918 -181.6707
v 457.5198 104.128 -183.8205
v 459.1644 105.5851 -179.8589
v 458.9077 105.4165 -178.4024
v 448.3907 94.04733 -181.358
v 450.8486 99.46961 -180.1157
v 449.3347 93.01727 -174.3842
v 450.8368 99.58584 -174.4118
v 454.5854 103.6741 -178.787
v 455.2451 103.7994 -175.2291
v 453.4172 99.21552 -169.8394
v 449.3347 93.01727 -174.3842
v 450.8368 99.58584 -174.4118
v 460.2153 85.27814 -154.5677
v 455.4577 89.80112 -155.5221
v 460.1807 89.69237 -153.9779
v 454.193 84.87987 -156.8164
v 452.0783 86.70026 -161.203
v 453.5145 91.78654 -158.9705
v 464.5196 89.6369 -153.599
v 465.169 85.16785 -153.6337
v 469.9105 85.67542 -155.1243
v 468.9131 90.73929 -154.2424
v 474.5708 88.37139 -159.5643
v 473.1892 92.82227 -157.9369
v 473.1892 92.82227 -157.9369
v 475.1818 92.69529 -164.8998
v 474.5708 88.37139 -159.5643
v 473.9138 95.36713 -162.4318
v 470.9847 95.2008 -157.9215
v 471.2968 96.78136 -160.681
v 467.8771 97.53569 -160.062
v 467.8095 96.43746 -158.1807
v 468.9131 90.73929 -154.2424
v 467.6542 93.32912 -154.9586
v 464.5196 89.6369 -153.599
v 466.2815 95.59376 -157.1498
v 464.414 92.9679 -154.6716
v 464.8167 95.47919 -156.5838
v 463.3882 97.90964 -159.9358
v 462.5763 95.86053 -157.0348
v 467.2153 98.25105 -161.335
v 461.0228 92.56499 -154.6723
v 461.0409 96.21886 -157.5891
v 458.7725 93.76675 -156.2462
v 460.1807 89.69237 -153.9779
v 455.4577 89.80112 -155.5221
v 459.9861 96.85137 -158.9092
v 457.0343 95.16122 -158.1789
v 459.8657 97.34691 -160.1255
v 456.5211 96.31827 -161.0097
v 453.5145 91.78654 -158.9705
v 453.503 93.65718 -163.4837
v 452.0783 86.70026 -161.203
v 451.3945 89.95139 -166.314
v 460.0634 97.96794 -161.2107
v 454.4093 94.74535 -166.07
v 452.5579 91.17149 -169.2632
v 455.3677 93.38984 -171.2534
v 456.9998 96.49932 -168.0707
v 458.7442 98.26672 -164.8124
v 457.2147 97.59498 -163.131
v 460.9984 98.52424 -162.0666
v 459.727 95.23644 -170.685
v 460.1748 97.39729 -168.39
v 463.6898 96.83854 -170.9453
v 463.5686 98.44692 -168.5307
v 461.1674 98.75075 -165.4769
v 463.6134 99.01276 -165.5854
v 462.3435 98.77193 -162.5565
v 464.088 98.8588 -162.5871
v 465.5571 98.7806 -162.2783
v 467.2103 98.71926 -167.9649
v 467.682 96.2244 -171.3762
v 472.192 95.12173 -169.128
v 471.2968 97.48289 -165.6839
v 466.8312 99.10052 -164.92
v 469.5034 98.28896 -163.3996
v 435.5485 79.21913 -164.1927
v 429.34 82.66603 -169.8261
v 433.9465 84.23991 -164.4433
v 430.5023 77.03714 -171.4485
v 437.9819 85.3531 -161.1045
v 439.8464 80.40448 -159.8868
v 445.4579 82.99387 -159.7219
v 442.557 88.40891 -160.2477
v 428.0703 84.09572 -175.3688
v 429.4893 78.08693 -177.8321
v 431.658 82.43581 -183.9607
v 448.2887 92.75791 -163.1825
v 454.3128 93.79837 -169.7731
v 451.8504 88.33846 -163.657
v 450.9547 96.33506 -168.3747
v 446.9923 96.98389 -168.1502
v 445.4704 94.7551 -164.7655
v 442.1039 95.09358 -166.8999
v 443.0337 96.65596 -169.4222
v 441.0115 91.06675 -162.3314
v 442.557 88.40891 -160.2477
v 440.2231 93.42292 -166.1163
v 437.6373 89.34218 -163.2277
v 437.9819 85.3531 -161.1045
v 438.4649 92.70274 -166.1112
v 438.4078 95.51057 -171.5742
v 436.3844 92.44919 -167.9546
v 443.1034 97.59515 -171.6952
v 434.3777 87.88613 -165.384
v 432.1631 88.34666 -168.9199
v 433.9465 84.23991 -164.4433
v 429.34 82.66603 -169.8261
v 434.9583 92.32736 -169.5447
v 434.4151 92.79125 -171.8562
v 430.764 89.30186 -172.5132
v 435.0078 93.55203 -173.4723
v 431.7076 90.86295 -176.3569
v 428.0703 84.09572 -175.3688
v 430.7004 86.92696 -180.4305
v 431.658 82.43581 -183.9607
v 435.8293 94.60146 -174.9435
v 434.7188 84.75195 -186.488
v 433.4168 89.04713 -182.7142
v 438.1924 88.40488 -187.3698
v 437.3897 92.64487 -184.2491
v 434.0024 93.26571 -178.66
v 436.855 95.15793 -180.2994
v 437.355 95.88209 -175.8544
v 442.5215 92.85404 -186.1573
v 441.1569 95.55209 -184.262
v 446.6519 96.89678 -186.0742
v 444.7311 98.61446 -183.9693
v 442.7343 98.85883 -180.5157
v 440.0611 97.27034 -180.8929
v 440.92 97.77195 -175.5558
v 439.0942 96.90152 -176.1221
v 442.1263 98.07405 -174.2962
v 447.7643 100.0377 -181.3483
v 450.7935 97.43519 -184.0843
v 453.4454 96.34058 -177.0661
v 450.0337 98.68681 -174.565
v 445.3487 99.86306 -177.8828
v 446.772 98.8983 -173.289
v 445.4579 82.99387 -159.7219
v 425.3667 80.71765 -198.2003
v 427.2654 74.41048 -188.9287
v 428.1558 73.39198 -199.9974
v 425.726 81.83487 -191.0421
v 425.8095 87.24104 -196.4547
v 425.8727 87.28258 -192.6108
v 430.2641 79.29369 -183.5887
v 428.4029 84.21494 -186.6962
v 427.0641 89.13091 -188.966
v 432.1216 88.30238 -184.4078
v 434.9265 84.46167 -182.3941
v 429.6407 91.21508 -186.6058
v 427.1792 82.08804 -203.6468
v 430.0827 75.11919 -206.0995
v 426.0567 87.85162 -200.6088
v 434.8962 77.80072 -208.0186
v 430.3502 84.20761 -206.6118
v 427.1792 82.08804 -203.6468
v 428.4029 84.21494 -186.6962
v 434.9265 84.46167 -182.3941
v 430.2641 79.29369 -183.5887
v 441.8141 89.84898 -181.9758
v 434.9265 84.46167 -182.3941
v 437.3127 92.31818 -184.8815
v 441.4907 95.85484 -187.8496
v 445.8032 94.95798 -186.1746
v 436.7485 97.02611 -189.6147
v 433.7453 94.90535 -187.3148
v 433.0363 96.90309 -192.5677
v 430.752 95.42814 -190.4601
v 432.1216 88.30238 -184.4078
v 429.6407 91.21508 -186.6058
v 429.0388 94.13825 -190.2501
v 427.0641 89.13091 -188.966
v 427.783 92.44921 -191.7127
v 430.8202 95.1488 -195.9067
v 427.5621 91.89232 -193.7473
v 434.3192 97.25457 -193.9538
v 425.8727 87.28258 -192.6108
v 427.5478 91.57112 -195.7371
v 425.8095 87.24104 -196.4547
v 428.1612 92.16886 -197.8291
v 438.8678 98.20036 -192.9077
v 434.8714 97.0192 -195.722
v 439.3349 97.89748 -196.082
v 443.9809 98.01007 -191.6616
v 444.4651 97.63067 -196.9498
v 448.8426 96.91113 -191.5534
v 448.4324 96.11366 -197.1493
v 434.5646 96.32304 -197.1199
v 447.7229 93.67536 -201.6824
v 443.3131 95.74026 -200.5067
v 445.9309 90.76463 -205.8519
v 441.6369 93.65257 -203.8813
v 438.6964 96.42085 -198.7701
v 437.2553 95.09807 -201.1558
v 433.5571 95.39819 -198.3972
v 438.636 90.742 -206.7897
v 442.5462 85.96565 -207.7417
v 438.9206 83.14581 -208.7157
v 434.5892 87.38628 -207.5928
v 434.9673 93.67983 -203.2099
v 431.5827 91.62541 -204.132
v 432.2371 94.56994 -199.211
v 430.7042 93.68356 -199.5242
v 429.2198 92.811 -198.9089
v 430.3502 84.20761 -206.6118
v 434.8962 77.80072 -208.0186
v 428.6246 89.53774 -203.554
v 426.0567 87.85162 -200.6088
v 427.1792 82.08804 -203.6468
v 430.0827 75.11919 -206.0995
v 434.8962 77.80072 -208.0186
v 427.1792 82.08804 -203.6468
v 448.5375 95.87746 -196.6876
v 447.2179 98.41123 -204.4412
v 449.7219 100.4531 -198.8452
v 445.3734 92.58523 -203.6683
v 452.0793 102.5631 -203.623
v 452.1145 102.9664 -199.9113
v 456.45 104.9653 -201.543
v 456.0032 104.6165 -203.3622
v 452.9225 101.7165 -194.2447
v 451.7562 99.29877 -191.5135
v 456.8778 103.3263 -191.3719
v 456.6065 100.1414 -188.3113
v 457.3544 105.0171 -194.5126
v 454.8925 104.1639 -196.8581
v 458.6101 105.385 -198.596
v 457.2571 105.3426 -199.3531
v 459.9349 105.2071 -203.7334
v 460.5275 105.8122 -198.5758
v 456.507 104.1265 -205.4299
v 462.6723 103.7081 -191.7456
v 463.5672 100.1152 -188.9033
v 467.6981 103.4195 -194.9913
v 469.8221 99.63653 -193.4418
v 461.791 105.4504 -195.2307
v 464.9043 105.2831 -197.2367
v 462.468 105.6647 -200.1832
v 463.4731 105.4189 -201.6828
v 473.311 98.83459 -198.4324
v 470.274 102.9749 -199.2247
v 470.4901 101.9325 -203.9927
v 473.0757 97.57488 -203.565
v 466.949 104.6905 -200.5828
v 467.1647 104.0035 -203.6667
v 463.627 105.0195 -203.6001
v 468.2311 100.4805 -207.4524
v 469.7682 97.45715 -207.6362
v 464.9446 98.72698 -210.223
v 465.6888 95.10796 -210.6322
v 465.7932 102.8478 -206.4531
v 463.8004 102.0987 -208.5219
v 463.094 104.6103 -204.8953
v 461.9914 104.1904 -206.202
v 460.6068 103.9741 -206.9495
v 461.7318 97.28255 -212.7796
v 461.894 91.90488 -214.3067
v 457.2365 96.22546 -213.4426
v 457.0482 90.34353 -214.9423
v 458.1386 101.493 -210.7095
v 461.0762 101.4549 -210.3671
v 458.9482 103.7597 -207.1154
v 457.625 103.8016 -206.4356
v 453.1204 90.74785 -213.9852
v 453.8779 96.59093 -212.4784
v 449.3292 97.65136 -209.2023
v 448.0774 91.03426 -208.978
v 452.842 102.2448 -207.1011
v 455.2754 101.4385 -209.658
vt 0.961552 0.50669
vt 0.921443 0.484469
vt 0.966349 0.502905
vt 0.917977 0.484198
vt 0.992462 0.547411
vt 0.991843 0.544214
vt 0.91385 0.492086
vt 0.956015 0.517012
vt 0.980024 0.555791
vt 0.988593 0.598626
vt 0.981433 0.601599
vt 0.949628 0.639076
vt 0.95536 0.637785
vt 0.948363 0.523468
vt 0.94007 0.633248
vt 0.96728 0.601186
vt 0.970448 0.559254
vt 0.947452 0.597374
vt 0.927593 0.620774
vt 0.911743 0.630505
vt 0.949764 0.56677
vt 0.933646 0.540651
vt 0.905254 0.528995
vt 0.909462 0.507498
vt 0.868603 0.517443
vt 0.86609 0.503711
vt 0.834285 0.541189
vt 0.83484 0.535504
vt 0.868073 0.496345
vt 0.841393 0.549505
vt 0.830582 0.590203
vt 0.838226 0.591437
vt 0.86031 0.627223
vt 0.856397 0.632033
vt 0.875433 0.536254
vt 0.855574 0.559654
vt 0.853262 0.590259
vt 0.86938 0.616377
vt 0.885935 0.558281
vt 0.901658 0.554454
vt 0.916629 0.5606
vt 0.875464 0.570619
vt 0.874245 0.586756
vt 0.86938 0.616377
vt 0.882743 0.600528
vt 0.925128 0.574371
vt 0.923909 0.590508
vt 0.897772 0.628033
vt 0.913437 0.602846
vt 0.897714 0.606674
vt 0.897772 0.628033
vt 0.86938 0.616377
vt 0.897772 0.628033
vt 0.899054 0.581273
vt 0.917977 0.484198
vt 0.874277 0.49595
vt 0.921443 0.484469
vt 0.868073 0.496345
vt 0.83484 0.535504
vt 0.842867 0.532961
vt 0.830972 0.586719
vt 0.839211 0.581366
vt 0.864704 0.622676
vt 0.857945 0.630426
vt 0.917675 0.632057
vt 0.921753 0.623692
vt 0.956776 0.629631
vt 0.95536 0.637785
vt 0.834285 0.541189
vt 0.830582 0.590203
vt 0.856397 0.632033
vt 0.914317 0.632356
vt 0.949628 0.639076
vt 0.95536 0.637785
vt 0.956776 0.629631
vt 0.95536 0.637785
vt 0.988593 0.598626
vt 0.988186 0.59262
vt 0.992462 0.547411
vt 0.991843 0.544214
vt 0.914317 0.632356
vt 0.911743 0.630505
vt 0.86938 0.616377
vt 0.897772 0.628033
vt 0.938982 0.487804
vt 0.940493 0.494878
vt 0.944458 0.4962
vt 0.943893 0.489357
vt 0.937093 0.4811
vt 0.939051 0.4824
vt 0.933255 0.477889
vt 0.934576 0.478803
vt 0.934283 0.49028
vt 0.933624 0.485417
vt 0.92555 0.487613
vt 0.927194 0.482778
vt 0.932685 0.479773
vt 0.928261 0.478901
vt 0.927984 0.477659
vt 0.93125 0.47732
vt 0.926683 0.477138
vt 0.918172 0.480023
vt 0.916413 0.486096
vt 0.906813 0.486219
vt 0.91024 0.479522
vt 0.918573 0.475426
vt 0.923796 0.477061
vt 0.903149 0.491011
vt 0.907652 0.482717
vt 0.909521 0.486068
vt 0.905403 0.493815
vt 0.903149 0.491011
vt 0.907652 0.482717
vt 0.917081 0.479298
vt 0.916362 0.477296
vt 0.924301 0.4784
vt 0.924163 0.477537
vt 0.91024 0.479522
vt 0.918573 0.475426
vt 0.913807 0.48931
vt 0.911593 0.499941
vt 0.922343 0.492324
vt 0.920138 0.505452
vt 0.920399 0.482143
vt 0.925127 0.48451
vt 0.925495 0.479458
vt 0.927378 0.480223
vt 0.929445 0.478243
vt 0.925052 0.477095
vt 0.929618 0.480696
vt 0.926683 0.477138
vt 0.93125 0.47732
vt 0.92996 0.493641
vt 0.929891 0.506615
vt 0.936225 0.494336
vt 0.936408 0.505829
vt 0.935614 0.486065
vt 0.929227 0.485161
vt 0.931446 0.480798
vt 0.933281 0.480486
vt 0.942239 0.494391
vt 0.941613 0.504632
vt 0.945694 0.492427
vt 0.944201 0.50166
vt 0.938941 0.485209
vt 0.941368 0.483884
vt 0.934204 0.479651
vt 0.934576 0.478803
vt 0.933255 0.477889
vt 0.943893 0.489357
vt 0.944458 0.4962
vt 0.945694 0.492427
vt 0.939051 0.4824
vt 0.943893 0.489357
vt 0.944201 0.50166
vt 0.945694 0.492427
vt 0.941368 0.483884
vt 0.908276 0.486338
vt 0.900921 0.480121
vt 0.896488 0.482557
vt 0.904073 0.489937
vt 0.889954 0.47695
vt 0.895754 0.490607
vt 0.890584 0.484863
vt 0.883069 0.487581
vt 0.886632 0.495817
vt 0.885167 0.478832
vt 0.880024 0.480951
vt 0.88077 0.477842
vt 0.87836 0.479712
vt 0.875792 0.481523
vt 0.878076 0.496934
vt 0.874839 0.490144
vt 0.869729 0.501525
vt 0.867944 0.494029
vt 0.874032 0.482442
vt 0.868448 0.486101
vt 0.869801 0.511269
vt 0.866178 0.501434
vt 0.867705 0.49106
vt 0.882774 0.477574
vt 0.892113 0.476559
vt 0.903515 0.480032
vt 0.91026 0.48783
vt 0.866178 0.501434
vt 0.873037 0.514556
vt 0.869801 0.511269
vt 0.869929 0.505494
vt 0.869472 0.494654
vt 0.867705 0.49106
vt 0.873335 0.486816
vt 0.872616 0.485459
vt 0.873763 0.483637
vt 0.878267 0.481658
vt 0.874915 0.487144
vt 0.868448 0.486101
vt 0.875792 0.481523
vt 0.874032 0.482442
vt 0.88077 0.477842
vt 0.882774 0.477574
vt 0.87836 0.479712
vt 0.87375 0.494887
vt 0.879645 0.49405
vt 0.876796 0.50674
vt 0.884897 0.503708
vt 0.881989 0.5171
vt 0.892796 0.515317
vt 0.876996 0.486331
vt 0.879902 0.484612
vt 0.891905 0.499832
vt 0.90135 0.508561
vt 0.906246 0.501227
vt 0.898297 0.493925
vt 0.889392 0.486847
vt 0.884117 0.491124
vt 0.881916 0.482906
vt 0.909798 0.494597
vt 0.902586 0.486791
vt 0.91026 0.48783
vt 0.903515 0.480032
vt 0.893524 0.477523
vt 0.892273 0.481772
vt 0.884536 0.479018
vt 0.88385 0.480765
vt 0.8849 0.477974
vt 0.892113 0.476559
vt 0.95239 0.510407
vt 0.933458 0.507657
vt 0.954081 0.515015
vt 0.935912 0.505348
vt 0.959747 0.521202
vt 0.961785 0.52876
vt 0.920603 0.50398
vt 0.916659 0.502309
vt 0.90786 0.505541
vt 0.901894 0.506352
vt 0.920603 0.50398
vt 0.892239 0.520257
vt 0.89951 0.516365
vt 0.898803 0.530255
vt 0.892459 0.538316
vt 0.907998 0.524715
vt 0.908434 0.516133
vt 0.917823 0.517155
vt 0.918361 0.522997
vt 0.913877 0.507537
vt 0.923041 0.506991
vt 0.920931 0.5142
vt 0.924745 0.5126
vt 0.930305 0.523122
vt 0.930921 0.514261
vt 0.920145 0.527089
vt 0.934286 0.507222
vt 0.935704 0.51612
vt 0.94262 0.512183
vt 0.935912 0.505348
vt 0.95239 0.510407
vt 0.939569 0.520301
vt 0.912289 0.533546
vt 0.918904 0.538723
vt 0.904199 0.540944
vt 0.914612 0.548701
vt 0.898118 0.552219
vt 0.91007 0.559879
vt 0.924222 0.530298
vt 0.924378 0.558598
vt 0.92606 0.550765
vt 0.937838 0.557504
vt 0.937627 0.550359
vt 0.935242 0.541053
vt 0.927412 0.541229
vt 0.932687 0.531574
vt 0.927994 0.531465
vt 0.936551 0.53016
vt 0.948649 0.548954
vt 0.952651 0.558158
vt 0.957256 0.542693
vt 0.961611 0.552498
vt 0.943695 0.539048
vt 0.949046 0.533789
vt 0.939541 0.527528
vt 0.940093 0.524131
vt 0.960127 0.535171
vt 0.965248 0.54424
vt 0.961785 0.52876
vt 0.959747 0.521202
vt 0.951172 0.527166
vt 0.949194 0.518252
vt 0.933458 0.507657
vt 0.985214 0.546916
vt 0.991232 0.546914
vt 0.988668 0.541319
vt 0.989081 0.554564
vt 0.991099 0.537219
vt 0.991778 0.540295
vt 0.983456 0.538163
vt 0.986511 0.535365
vt 0.979131 0.529571
vt 0.983902 0.528823
vt 0.988898 0.53274
vt 0.986497 0.528949
vt 0.987234 0.529576
vt 0.989172 0.531784
vt 0.990228 0.533914
vt 0.980531 0.523006
vt 0.973817 0.522111
vt 0.967594 0.516645
vt 0.975893 0.51959
vt 0.984146 0.525604
vt 0.982028 0.523891
vt 0.988354 0.547709
vt 0.991114 0.542548
vt 0.962228 0.518971
vt 0.972533 0.521627
vt 0.971929 0.526502
vt 0.963426 0.525855
vt 0.979028 0.527457
vt 0.979599 0.524618
vt 0.984307 0.529357
vt 0.98464 0.52816
vt 0.967594 0.516645
vt 0.975893 0.51959
vt 0.982028 0.523891
vt 0.985371 0.527939
vt 0.986294 0.528634
vt 0.984146 0.525604
vt 0.987731 0.532462
vt 0.989172 0.531784
vt 0.990228 0.533914
vt 0.987234 0.529576
vt 0.984514 0.531309
vt 0.979635 0.531317
vt 0.985314 0.533325
vt 0.981231 0.535587
vt 0.975103 0.539021
vt 0.97298 0.532893
vt 0.963991 0.536091
vt 0.967444 0.545352
vt 0.98649 0.535203
vt 0.978668 0.54419
vt 0.973143 0.552855
vt 0.982707 0.548289
vt 0.977887 0.555611
vt 0.986287 0.541606
vt 0.983527 0.538875
vt 0.987588 0.536362
vt 0.986165 0.548709
vt 0.982245 0.557027
vt 0.988354 0.547709
vt 0.984379 0.556014
vt 0.991114 0.542548
vt 0.988878 0.542668
vt 0.988918 0.537078
vt 0.989969 0.536744
vt 0.990629 0.535901
vt 0.991232 0.546914
vt 0.989081 0.554564
vt 0.991778 0.540295
vt 0.991099 0.537219
vt 0.991997 0.578033
vt 0.985862 0.566111
vt 0.988515 0.574089
vt 0.986032 0.589097
vt 0.991338 0.588466
vt 0.982329 0.598666
vt 0.988285 0.596472
vt 0.992353 0.587498
vt 0.989832 0.593561
vt 0.978616 0.603756
vt 0.983617 0.602263
vt 0.973111 0.605899
vt 0.978768 0.604477
vt 0.99213 0.580854
vt 0.988232 0.571909
vt 0.990529 0.575788
vt 0.985862 0.566111
vt 0.991997 0.578033
vt 0.988232 0.571909
vt 0.99213 0.580854
vt 0.982698 0.562369
vt 0.985169 0.567442
vt 0.977055 0.558617
vt 0.982112 0.564663
vt 0.987463 0.57284
vt 0.984164 0.570975
vt 0.984377 0.576693
vt 0.98693 0.578588
vt 0.982684 0.579111
vt 0.985164 0.586843
vt 0.98858 0.581157
vt 0.990529 0.575788
vt 0.98967 0.583948
vt 0.99213 0.580854
vt 0.989274 0.587296
vt 0.970038 0.560811
vt 0.977216 0.566119
vt 0.970422 0.573392
vt 0.960388 0.568353
vt 0.980003 0.573715
vt 0.976805 0.577833
vt 0.980634 0.582504
vt 0.979697 0.585508
vt 0.966219 0.584096
vt 0.954878 0.582815
vt 0.966341 0.593117
vt 0.956775 0.597088
vt 0.973778 0.590841
vt 0.9736 0.584581
vt 0.979833 0.588865
vt 0.963441 0.603821
vt 0.970216 0.600013
vt 0.974161 0.603118
vt 0.968671 0.606966
vt 0.978903 0.598143
vt 0.975738 0.595558
vt 0.982512 0.592577
vt 0.980864 0.59118
vt 0.98447 0.592853
vt 0.978768 0.604477
vt 0.973111 0.605899
vt 0.982626 0.59883
vt 0.98667 0.597374
vt 0.983617 0.602263
vt 0.986428 0.591998
vt 0.987955 0.590053
vt 0.989832 0.593561
vt 0.992353 0.587498
vt 0.988285 0.596472
vt 0.953833 0.574686
vt 0.95806 0.567416
vt 0.953538 0.575253
vt 0.958622 0.567977
vt 0.954711 0.567986
vt 0.95168 0.573438
vt 0.950236 0.568663
vt 0.949085 0.571381
vt 0.957742 0.563759
vt 0.958264 0.562866
vt 0.955015 0.558336
vt 0.955658 0.557352
vt 0.954053 0.560483
vt 0.955851 0.564503
vt 0.949439 0.563654
vt 0.95111 0.565289
vt 0.942191 0.569521
vt 0.946373 0.562402
vt 0.945905 0.574039
vt 0.94562 0.552701
vt 0.947289 0.554269
vt 0.946197 0.558723
vt 0.935143 0.556008
vt 0.939431 0.558933
vt 0.941321 0.563545
vt 0.937954 0.565081
vt 0.932234 0.562483
vt 0.935595 0.567662
vt 0.928458 0.566679
vt 0.926283 0.560295
vt 0.92066 0.566825
vt 0.918504 0.560568
vt 0.913178 0.567915
vt 0.929965 0.555557
vt 0.920368 0.573224
vt 0.912552 0.574764
vt 0.922387 0.579428
vt 0.91593 0.582939
vt 0.928499 0.575667
vt 0.927436 0.571602
vt 0.935465 0.572267
vt 0.935032 0.569813
vt 0.937076 0.574026
vt 0.924881 0.584993
vt 0.92074 0.588833
vt 0.927684 0.590841
vt 0.931155 0.579742
vt 0.931531 0.588693
vt 0.936107 0.581587
vt 0.939716 0.57519
vt 0.942737 0.574962
vt 0.938245 0.58644
vt 0.936918 0.590054
vt 0.948737 0.580559
vt 0.947727 0.583963
vt 0.948661 0.577541
vt 0.942146 0.581709
vt 0.967083 0.618024
vt 0.966761 0.608549
vt 0.967532 0.611903
vt 0.96464 0.612161
vt 0.957776 0.624226
vt 0.957209 0.6199
vt 0.950468 0.627306
vt 0.949589 0.624734
vt 0.960255 0.602656
vt 0.960559 0.606768
vt 0.949019 0.60036
vt 0.949738 0.60426
vt 0.947468 0.613166
vt 0.952476 0.616425
vt 0.945642 0.619719
vt 0.948078 0.622197
vt 0.943616 0.629415
vt 0.942547 0.621994
vt 0.949293 0.630152
vt 0.935584 0.599323
vt 0.939194 0.604834
vt 0.926998 0.611639
vt 0.921372 0.604267
vt 0.940283 0.615107
vt 0.926998 0.611639
vt 0.935297 0.618557
vt 0.939252 0.624626
vt 0.937468 0.627085
vt 0.930272 0.624375
vt 0.922507 0.621732
vt 0.926998 0.611639
vt 0.922601 0.629532
vt 0.911708 0.627515
vt 0.913092 0.617593
vt 0.926998 0.611639
vt 0.921372 0.604267
vt 0.930042 0.630123
vt 0.936974 0.63002
vt 0.926311 0.636028
vt 0.918315 0.634129
vt 0.932029 0.638586
vt 0.932081 0.634246
vt 0.935837 0.636846
vt 0.937888 0.632155
vt 0.939742 0.633608
vt 0.942149 0.634173
vt 0.940491 0.637997
vt 0.944874 0.633704
vt 0.945889 0.637396
vt 0.938169 0.640173
vt 0.945719 0.639467
vt 0.947229 0.632245
vt 0.950851 0.634487
vt 0.955366 0.629569
vt 0.961212 0.628566
vt 0.954393 0.635398
vt 0.918315 0.634129
vt 0.932029 0.638586
vt 0.928046 0.63677
vt 0.938169 0.640173
vt 0.935188 0.637322
vt 0.945719 0.639467
vt 0.94457 0.635856
vt 0.954393 0.635398
vt 0.951288 0.631472
vt 0.961212 0.628566
vt 0.960107 0.622728
vt 0.967083 0.618024
vt 0.967532 0.611903
vt 0.887325 0.616738
vt 0.874507 0.612626
vt 0.885325 0.615771
vt 0.873837 0.612428
vt 0.880772 0.609088
vt 0.886251 0.612893
vt 0.885341 0.605038
vt 0.88899 0.606332
vt 0.895447 0.616493
vt 0.898783 0.618617
vt 0.894045 0.612624
vt 0.901559 0.611785
vt 0.905424 0.614527
vt 0.894325 0.607409
vt 0.897825 0.606151
vt 0.890603 0.599288
vt 0.901264 0.603565
vt 0.882852 0.602014
vt 0.909174 0.604656
vt 0.901328 0.599122
vt 0.909781 0.598152
vt 0.915301 0.605771
vt 0.91681 0.595198
vt 0.921287 0.591438
vt 0.920595 0.604614
vt 0.899719 0.596144
vt 0.909947 0.615198
vt 0.910418 0.587471
vt 0.914087 0.581564
vt 0.903488 0.576472
vt 0.900747 0.582224
vt 0.905463 0.591812
vt 0.899138 0.588317
vt 0.895782 0.593961
vt 0.893804 0.577129
vt 0.892415 0.581276
vt 0.884857 0.582176
vt 0.885127 0.578571
vt 0.886082 0.587467
vt 0.891739 0.587057
vt 0.888286 0.593459
vt 0.892355 0.593315
vt 0.885136 0.594625
vt 0.877724 0.58336
vt 0.875794 0.578442
vt 0.872002 0.588427
vt 0.869769 0.58372
vt 0.876836 0.592978
vt 0.880467 0.589135
vt 0.883007 0.596694
vt 0.882594 0.599253
vt 0.866996 0.59042
vt 0.86984 0.594322
vt 0.868975 0.602543
vt 0.869786 0.604564
vt 0.875335 0.598016
vt 0.876482 0.604433
vt 0.874507 0.612626
vt 0.868975 0.602543
vt 0.869786 0.604564
vt 0.890518 0.635353
vt 0.880798 0.635137
vt 0.889242 0.637852
vt 0.879922 0.631225
vt 0.875651 0.624014
vt 0.876778 0.62964
vt 0.896987 0.638509
vt 0.899356 0.636978
vt 0.90765 0.634494
vt 0.904517 0.637725
vt 0.915226 0.627472
vt 0.911583 0.631821
vt 0.911583 0.631821
vt 0.915171 0.61936
vt 0.915226 0.627472
vt 0.912199 0.624627
vt 0.907013 0.632627
vt 0.907145 0.628214
vt 0.90083 0.629567
vt 0.901007 0.63257
vt 0.904517 0.637725
vt 0.901573 0.637301
vt 0.896987 0.638509
vt 0.898507 0.634134
vt 0.89589 0.637694
vt 0.895922 0.635108
vt 0.892703 0.629915
vt 0.891816 0.634427
vt 0.899452 0.627524
vt 0.889951 0.63756
vt 0.888974 0.633555
vt 0.885604 0.635147
vt 0.889242 0.637852
vt 0.880798 0.635137
vt 0.886915 0.631403
vt 0.882112 0.632155
vt 0.886562 0.629392
vt 0.880872 0.627476
vt 0.876778 0.62964
vt 0.876231 0.622196
vt 0.875651 0.624014
vt 0.873517 0.615959
vt 0.886743 0.627654
vt 0.877542 0.61793
vt 0.875246 0.611092
vt 0.879633 0.608246
vt 0.881677 0.614919
vt 0.884301 0.621312
vt 0.881754 0.6241
vt 0.88826 0.626305
vt 0.8869 0.609847
vt 0.8871 0.614636
vt 0.893536 0.609891
vt 0.892878 0.614721
vt 0.8885 0.620279
vt 0.892802 0.62017
vt 0.890597 0.62551
vt 0.893693 0.625483
vt 0.896342 0.62601
vt 0.899316 0.61582
vt 0.900837 0.608926
vt 0.90919 0.61259
vt 0.906957 0.619501
vt 0.898534 0.621388
vt 0.903533 0.623845
vt 0.848435 0.616306
vt 0.8364 0.6074
vt 0.844118 0.617462
vt 0.840131 0.602757
vt 0.850965 0.623755
vt 0.855714 0.624323
vt 0.864932 0.625451
vt 0.858218 0.626267
vt 0.833717 0.598
vt 0.838025 0.59177
vt 0.840585 0.582227
vt 0.867183 0.622443
vt 0.877636 0.611017
vt 0.874784 0.620174
vt 0.870922 0.614323
vt 0.863657 0.614932
vt 0.86158 0.620262
vt 0.855471 0.61656
vt 0.856678 0.612554
vt 0.854694 0.623415
vt 0.858218 0.626267
vt 0.852601 0.617423
vt 0.849185 0.621261
vt 0.850965 0.623755
vt 0.849675 0.617201
vt 0.848749 0.608346
vt 0.846039 0.613832
vt 0.856529 0.608791
vt 0.843809 0.616955
vt 0.839731 0.610807
vt 0.844118 0.617462
vt 0.8364 0.6074
vt 0.843531 0.610957
vt 0.842425 0.606982
vt 0.836955 0.60471
vt 0.843257 0.604338
vt 0.838171 0.598351
vt 0.833717 0.598
vt 0.837549 0.589876
vt 0.840585 0.582227
vt 0.844413 0.602043
vt 0.845339 0.578439
vt 0.841755 0.586462
vt 0.850448 0.577976
vt 0.847774 0.58483
vt 0.841548 0.594992
vt 0.84608 0.592654
vt 0.846759 0.600818
vt 0.856867 0.58149
vt 0.853646 0.585699
vt 0.863073 0.582874
vt 0.859143 0.587164
vt 0.855501 0.593417
vt 0.851186 0.592249
vt 0.852574 0.601946
vt 0.849566 0.60066
vt 0.854643 0.604293
vt 0.864158 0.592294
vt 0.870321 0.586595
vt 0.875371 0.598797
vt 0.868605 0.604006
vt 0.859886 0.598441
vt 0.862711 0.606355
vt 0.864932 0.625451
vt 0.829929 0.556436
vt 0.835177 0.571003
vt 0.837055 0.55112
vt 0.830231 0.569472
vt 0.828752 0.561457
vt 0.828852 0.56831
vt 0.839041 0.581932
vt 0.834273 0.577906
vt 0.830416 0.575353
vt 0.83967 0.583219
vt 0.845794 0.585628
vt 0.834381 0.580191
vt 0.832735 0.547167
vt 0.839954 0.540818
vt 0.829008 0.554243
vt 0.847692 0.538183
vt 0.837736 0.54251
vt 0.832735 0.547167
vt 0.834273 0.577906
vt 0.845794 0.585628
vt 0.839041 0.581932
vt 0.856478 0.588024
vt 0.845794 0.585628
vt 0.847733 0.583602
vt 0.854154 0.579384
vt 0.862116 0.582101
vt 0.845338 0.576586
vt 0.840602 0.580049
vt 0.83874 0.571272
vt 0.835101 0.574592
vt 0.83967 0.583219
vt 0.834381 0.580191
vt 0.832429 0.574577
vt 0.830416 0.575353
vt 0.830698 0.571458
vt 0.835306 0.564781
vt 0.830472 0.567662
vt 0.840928 0.5689
vt 0.828852 0.56831
vt 0.830543 0.564019
vt 0.828752 0.561457
vt 0.831457 0.560466
vt 0.84878 0.571055
vt 0.841985 0.565669
vt 0.849704 0.565288
vt 0.857977 0.573225
vt 0.858953 0.563657
vt 0.866984 0.573087
vt 0.86648 0.562849
vt 0.841644 0.562964
vt 0.865911 0.554035
vt 0.857443 0.556742
vt 0.86355 0.545752
vt 0.855057 0.550105
vt 0.848997 0.560045
vt 0.846812 0.555393
vt 0.840119 0.560408
vt 0.850555 0.544074
vt 0.858904 0.541005
vt 0.853276 0.538468
vt 0.844333 0.541678
vt 0.843147 0.551311
vt 0.83772 0.549068
vt 0.838009 0.55871
vt 0.835538 0.557889
vt 0.833152 0.55873
vt 0.837736 0.54251
vt 0.847692 0.538183
vt 0.833073 0.54949
vt 0.829008 0.554243
vt 0.832735 0.547167
vt 0.839954 0.540818
vt 0.847692 0.538183
vt 0.832735 0.547167
vt 0.866735 0.563604
vt 0.863649 0.550494
vt 0.867542 0.561107
vt 0.862032 0.550174
vt 0.871161 0.553176
vt 0.871109 0.559945
vt 0.878313 0.557613
vt 0.87761 0.554247
vt 0.872912 0.569721
vt 0.871512 0.57388
vt 0.879542 0.575355
vt 0.879952 0.579865
vt 0.87992 0.570236
vt 0.875747 0.565774
vt 0.882069 0.563023
vt 0.879654 0.561652
vt 0.884495 0.553756
vt 0.885389 0.563187
vt 0.878652 0.550396
vt 0.88982 0.574801
vt 0.892416 0.578798
vt 0.898907 0.568897
vt 0.903739 0.570532
vt 0.887756 0.569079
vt 0.893387 0.565431
vt 0.888911 0.560259
vt 0.890782 0.557496
vt 0.910196 0.561365
vt 0.903644 0.561177
vt 0.904313 0.552328
vt 0.910112 0.551816
vt 0.897216 0.559253
vt 0.897791 0.553521
vt 0.891169 0.55394
vt 0.900663 0.54571
vt 0.904231 0.544504
vt 0.895261 0.540246
vt 0.897581 0.538475
vt 0.89565 0.548189
vt 0.892286 0.544265
vt 0.890326 0.551497
vt 0.888466 0.549031
vt 0.886044 0.547628
vt 0.889915 0.535261
vt 0.891687 0.531006
vt 0.882176 0.533775
vt 0.883481 0.529431
vt 0.882315 0.540172
vt 0.887586 0.540774
vt 0.883131 0.547268
vt 0.880747 0.548499
vt 0.876368 0.531251
vt 0.876073 0.535601
vt 0.867642 0.541761
vt 0.867298 0.540258
vt 0.872617 0.546852
vt 0.877204 0.542039
vn 0.5751785 0.07215267 -0.8148397
vn 0.2104553 -0.1011359 -0.972358
vn 0.7024176 -0.04041568 -0.7106167
vn -0.006513397 7.719143E-05 -0.9999788
vn 0.951063 0.05776378 -0.3035497
vn 0.9596694 -0.156434 -0.2335877
vn 0.16244 0.3157505 -0.9348341
vn 0.6931857 0.2581346 -0.6729488
vn 0.931713 0.3013862 -0.2026753
vn 0.9103504 0.04424812 0.411466
vn 0.8598917 0.3401473 0.380639
vn 0.323771 0.2641718 0.9085073
vn 0.5145164 0.0453995 0.8562778
vn 0.5626455 0.5294427 -0.6349179
vn 0.2962148 0.5210052 0.8005063
vn 0.7702268 0.5684455 0.2891718
vn 0.816595 0.5572333 -0.1505442
vn 0.5832695 0.7898551 0.1895407
vn 0.2902075 0.7858849 0.5460445
vn -0.07645354 0.3882822 0.9183636
vn 0.5669584 0.8096402 -0.1517924
vn 0.3856817 0.827485 -0.4080664
vn 0.07561788 0.8223187 -0.5639805
vn 0.012808 0.6133051 -0.7897422
vn -0.4402662 0.5451738 -0.7134082
vn -0.507249 0.2590398 -0.8219469
vn -0.8814338 0.309673 -0.356619
vn -0.8788055 0 -0.4771802
vn -0.525175 0 -0.8509943
vn -0.751331 0.5886899 -0.2982383
vn -0.9067473 0.3593014 0.2207073
vn -0.7542409 0.6304104 0.1835851
vn -0.4211454 0.5210187 0.7424123
vn -0.4729169 0.2642634 0.8405442
vn -0.3302311 0.7775655 -0.535107
vn -0.5380141 0.8223191 -0.1852891
vn -0.570179 0.809713 0.1387833
vn -0.4149692 0.7381489 0.5319179
vn -0.1880685 0.9336808 -0.3047462
vn 0.0232239 0.951288 -0.3074275
vn 0.1961333 0.9406238 -0.2770533
vn -0.2852041 0.9512882 -0.117087
vn -0.3479466 0.9336812 0.08469135
vn -0.3957711 0.8109196 0.4310158
vn -0.1961324 0.940624 0.2770534
vn 0.3215224 0.940624 -0.1088571
vn 0.3312755 0.9336811 0.1360009
vn -0.09239272 0.7015991 0.7065567
vn 0.1619129 0.9512881 0.2623643
vn 0.004172949 0.9406239 0.3394248
vn -0.09239272 0.7015991 0.7065567
vn -0.4149692 0.7381489 0.5319179
vn -0.008375505 0.8094887 0.5870758
vn 0 1 0
vn -0.006513397 7.719143E-05 -0.9999788
vn -0.5187095 -0.1564308 -0.8405175
vn 0.2104553 -0.1011359 -0.972358
vn -0.525175 0 -0.8509943
vn -0.8788055 0 -0.4771802
vn -0.9489012 -0.1555427 -0.2745781
vn -0.9716315 0 0.2364997
vn -0.9596695 -0.1564303 0.2335895
vn -0.4901512 -0.1599074 0.8568438
vn -0.4982721 0 0.8670208
vn -0.09183506 0.006720912 0.9957515
vn -0.09180159 -0.1434512 0.9853904
vn 0.3413909 -0.1604306 0.9261286
vn 0.1721352 -0.05627905 0.9834644
vn -0.8814338 0.309673 -0.356619
vn -0.9067473 0.3593014 0.2207073
vn -0.4729169 0.2642634 0.8405442
vn -0.08789528 0.2624324 0.960939
vn 0.323771 0.2641718 0.9085073
vn 0.1721351 0.05627906 0.9834644
vn 0.3413909 -0.1604306 0.9261286
vn 0.5145164 -0.0453995 0.8562778
vn 0.9103504 0.04424812 0.411466
vn 0.9489 -0.1555477 0.274579
vn 0.951063 0.05776378 -0.3035497
vn 0.9596694 -0.156434 -0.2335877
vn -0.08789528 0.2624324 0.960939
vn -0.07645354 0.3882822 0.9183636
vn -0.4074486 0.6511647 0.6402891
vn -0.1479255 0.6335305 0.7594453
vn 0.603297 -0.6581877 -0.4503573
vn 0.6469956 -0.6315408 -0.4272622
vn 0.8483672 -0.4597756 -0.2624492
vn 0.8551365 -0.3934244 -0.3375782
vn 0.5374004 -0.4925756 -0.6845218
vn 0.7026049 -0.2737262 -0.656826
vn 0.4144205 -0.1666636 -0.8946949
vn 0.4736485 -0.04313713 -0.8796569
vn 0.4388241 -0.7386509 -0.5116916
vn 0.3853987 -0.7346898 -0.5582998
vn 0.0361075 -0.7704265 -0.6365055
vn 0.06129077 -0.6981914 -0.7132828
vn 0.2321328 -0.5646414 -0.7920192
vn 0.1308803 -0.4899817 -0.8618518
vn 0.09659721 -0.3757667 -0.921666
vn 0.1487935 -0.2969392 -0.9432325
vn 0.1390127 -0.1913384 -0.97163
vn -0.2988554 -0.593504 -0.7472875
vn -0.3442078 -0.6367244 -0.6900022
vn -0.6473505 -0.3839303 -0.6584337
vn -0.6304323 -0.153703 -0.7608748
vn -0.05354619 -0.167627 -0.9843951
vn 0.0533598 -0.4511286 -0.8908624
vn -0.8687291 0.2032337 -0.4516701
vn -0.6332874 0.267123 -0.7263555
vn -0.5561517 0.5357115 -0.6353805
vn -0.7149945 0.5837431 -0.3847424
vn -0.8687291 0.2032337 -0.4516701
vn -0.6332874 0.267123 -0.7263555
vn -0.1653406 0.3921158 -0.9049353
vn -0.1976108 0.163551 -0.9665408
vn 0.09520257 0.2286544 -0.9688413
vn 0.1184038 0.09072423 -0.9888122
vn -0.6304323 -0.153703 -0.7608748
vn -0.05354619 -0.167627 -0.9843951
vn -0.2296815 0.8021923 -0.5511206
vn -0.1306347 0.9177694 -0.3750119
vn 0.145126 0.8508652 -0.5049423
vn 0.1351182 0.9159415 -0.3778812
vn 0.03392279 0.5673062 -0.8228079
vn 0.1698923 0.6379276 -0.7511225
vn 0.1489349 0.3482617 -0.9254902
vn 0.2307397 0.3913175 -0.890859
vn 0.2338408 0.115605 -0.9653776
vn 0.1834694 -0.02853735 -0.9826111
vn 0.3541533 0.3544956 -0.8653948
vn 0.1390127 -0.1913384 -0.97163
vn 0.1487935 -0.2969392 -0.9432325
vn 0.2907783 0.8215118 -0.4904757
vn 0.5230873 0.8364182 -0.1636598
vn 0.6824694 0.6754538 -0.2792805
vn 0.8259149 0.5554243 0.09679056
vn 0.5297877 0.46825 -0.7071541
vn 0.2986022 0.630484 -0.716468
vn 0.4117499 0.2767088 -0.8682708
vn 0.4364975 0.2688919 -0.8585843
vn 0.8775491 0.4298312 -0.2124918
vn 0.9492451 0.2722442 0.1575334
vn 0.9733097 -0.009838287 -0.2292846
vn 0.9902866 -0.1095273 0.08565243
vn 0.6793656 0.3033591 -0.6681584
vn 0.7131236 -0.007395127 -0.7009993
vn 0.4515533 0.1861891 -0.8726014
vn 0.4736485 -0.04313713 -0.8796569
vn 0.4144205 -0.1666636 -0.8946949
vn 0.8551365 -0.3934244 -0.3375782
vn 0.8483672 -0.4597756 -0.2624492
vn 0.9733097 -0.009838287 -0.2292846
vn 0.7026049 -0.2737262 -0.656826
vn 0.8551365 -0.3934244 -0.3375782
vn 0.9902866 -0.1095273 0.08565243
vn 0.9733097 -0.009838287 -0.2292846
vn 0.7131236 -0.007395127 -0.7009993
vn 0.3748528 -0.4849737 -0.7901177
vn 0.3792014 -0.4112386 -0.8289084
vn 0.107618 -0.620778 -0.7765649
vn 0.150308 -0.6150098 -0.774061
vn -0.02287597 -0.4162427 -0.9089657
vn -0.1176298 -0.6941417 -0.7101623
vn -0.09950905 -0.6595843 -0.7450145
vn -0.3993436 -0.6640273 -0.6321332
vn -0.3826298 -0.7379395 -0.5559134
vn -0.2603032 -0.5297182 -0.8072427
vn -0.4712628 -0.4627988 -0.7508186
vn -0.4092918 -0.1192158 -0.9045817
vn -0.515247 -0.1720934 -0.8395858
vn -0.546672 0.07387166 -0.834082
vn -0.6458008 -0.5964132 -0.4766892
vn -0.7105658 -0.515273 -0.4791554
vn -0.9394212 -0.2911621 -0.1808655
vn -0.9705487 -0.1726 -0.1680605
vn -0.6360801 -0.3085502 -0.7072473
vn -0.7638208 0.05833011 -0.6427872
vn -0.963041 0.1031932 0.2488033
vn -0.9498371 0.2841588 0.130626
vn -0.8456361 0.3306227 -0.4190326
vn -0.1839857 0.04904054 -0.9817048
vn 0.09848782 -0.1323331 -0.9863003
vn 0.538631 -0.005682918 -0.8425226
vn 0.7613662 -0.02008895 -0.6480108
vn -0.9498371 0.2841588 0.130626
vn -0.7503353 0.5367625 0.3858535
vn -0.963041 0.1031932 0.2488033
vn -0.7360797 0.6599514 0.150502
vn -0.7511758 0.6188675 -0.2296474
vn -0.8456361 0.3306227 -0.4190326
vn -0.6031724 0.5329177 -0.5934491
vn -0.6293122 0.3088301 -0.7131551
vn -0.5958018 0.2205765 -0.7722475
vn -0.4125341 0.3307536 -0.8487743
vn -0.5052427 0.6518817 -0.565491
vn -0.7638208 0.05833011 -0.6427872
vn -0.546672 0.07387166 -0.834082
vn -0.6360801 -0.3085502 -0.7072473
vn -0.4092918 -0.1192158 -0.9045817
vn -0.1839857 0.04904054 -0.9817048
vn -0.515247 -0.1720934 -0.8395858
vn -0.5075405 0.8077592 -0.2998795
vn -0.1866394 0.9198719 -0.3449658
vn -0.368919 0.92761 0.05863775
vn -0.07115395 0.9914317 -0.1095458
vn -0.2697853 0.9568163 0.1082524
vn -0.06229825 0.9964232 -0.057095
vn -0.4014506 0.6840753 -0.6089978
vn -0.1864074 0.7105531 -0.6785032
vn 0.1389443 0.9566172 -0.2560821
vn 0.2983136 0.9048786 -0.3036508
vn 0.5785488 0.7541358 -0.3107417
vn 0.4960356 0.7715084 -0.3984011
vn 0.1227215 0.7653916 -0.6317556
vn -0.03894223 0.8990132 -0.4361867
vn -0.09676176 0.6282728 -0.7719524
vn 0.7586887 0.4792982 -0.4412083
vn 0.5691427 0.5011002 -0.6519011
vn 0.7613662 -0.02008895 -0.6480108
vn 0.538631 -0.005682918 -0.8425226
vn 0.1590552 0.2611795 -0.9520959
vn 0.1589065 0.5383344 -0.8276139
vn -0.1246692 0.3176325 -0.9399825
vn -0.08528751 0.4858742 -0.8698577
vn -0.1509175 0.1621125 -0.9751633
vn 0.09848782 -0.1323331 -0.9863003
vn 0.4992492 -0.136766 -0.8555964
vn 0.2075946 -0.3220684 -0.9236755
vn 0.6782295 -0.3417581 -0.6505429
vn 0.2551565 -0.100057 -0.9617088
vn 0.8540236 0.07550638 -0.5147254
vn 0.9481691 -0.1258489 -0.2917831
vn 0.1031204 -0.01044218 -0.9946141
vn 0.02485814 -0.05347711 -0.9982596
vn -0.319613 0.2001298 -0.9261726
vn -0.4431449 0.1438599 -0.8848315
vn 0.1031204 -0.01044218 -0.9946141
vn -0.7153272 0.4138409 -0.5630655
vn -0.4944417 0.5454271 -0.6767841
vn -0.5478907 0.7424807 -0.3854064
vn -0.7048323 0.6834005 -0.1901976
vn -0.1994309 0.7974951 -0.569411
vn -0.2023177 0.6634105 -0.7203846
vn 0.08262566 0.6840721 -0.7247196
vn 0.06184539 0.8007919 -0.5957411
vn -0.03046722 0.4321277 -0.9012976
vn 0.1437506 0.3336013 -0.9316898
vn 0.1305256 0.5796188 -0.8043663
vn 0.1332482 0.5738616 -0.8080394
vn 0.2961261 0.7344425 -0.6106584
vn 0.2733815 0.4990914 -0.8222958
vn 0.1104612 0.8513811 -0.5127851
vn 0.2852807 0.2305116 -0.9303114
vn 0.3790516 0.5124918 -0.7705011
vn 0.4880594 0.2688729 -0.8303647
vn 0.2551565 -0.100057 -0.9617088
vn 0.4992492 -0.136766 -0.8555964
vn 0.4753364 0.5919669 -0.650869
vn -0.0916887 0.9006057 -0.4248558
vn 0.1414853 0.9522522 -0.2705503
vn -0.3460949 0.922647 -0.1701199
vn 0.06655042 0.9877627 0.1410528
vn -0.4082761 0.9091589 0.0821029
vn -0.03212548 0.9397454 0.3403624
vn 0.2203093 0.8662618 -0.4483908
vn 0.3060183 0.8573182 0.4139544
vn 0.407959 0.8758354 0.2578406
vn 0.4321896 0.7745064 0.4619002
vn 0.4704866 0.8313326 0.2958523
vn 0.4574559 0.88813 -0.04426253
vn 0.3517008 0.929627 -0.110001
vn 0.3805291 0.8675618 -0.3202095
vn 0.3237819 0.8802345 -0.3469183
vn 0.4601223 0.8106769 -0.3620639
vn 0.586697 0.772317 0.2435427
vn 0.7052209 0.65574 0.269571
vn 0.8419536 0.5393142 0.01595001
vn 0.9289598 0.366494 0.05211274
vn 0.5841284 0.8072258 -0.0847383
vn 0.7292894 0.633507 -0.2584679
vn 0.5208423 0.7082769 -0.4765157
vn 0.5254411 0.6578175 -0.5396181
vn 0.9462302 0.2636502 -0.1874487
vn 0.9730625 0.143475 -0.1804558
vn 0.9481691 -0.1258489 -0.2917831
vn 0.8540236 0.07550638 -0.5147254
vn 0.7241502 0.5220889 -0.4505881
vn 0.6156742 0.4515803 -0.6457713
vn 0.2075946 -0.3220684 -0.9236755
vn 0.8163014 -0.5775101 0.01158129
vn 0.9639568 -0.1960975 0.1798142
vn 0.8130555 -0.5817349 -0.02292146
vn 0.9584019 -0.1729737 0.2270374
vn 0.9017948 -0.3909589 -0.1841664
vn 0.9966022 -0.07995971 0.01976257
vn 0.7614014 -0.6364954 -0.123051
vn 0.755465 -0.629678 -0.1810482
vn 0.5952116 -0.6793985 -0.4291163
vn 0.6872833 -0.5879542 -0.4265576
vn 0.8068434 -0.4262635 -0.409027
vn 0.7476284 -0.3566721 -0.5602115
vn 0.7725067 -0.2270905 -0.5930121
vn 0.8257478 -0.1710861 -0.5374665
vn 0.9199802 -0.09599419 -0.3800282
vn 0.5277404 -0.4522557 -0.7189958
vn 0.3794956 -0.5563217 -0.7392491
vn 0.3007438 -0.1579359 -0.9405368
vn 0.4549026 -0.07886427 -0.8870423
vn 0.6949397 -0.2155677 -0.6859952
vn 0.6507849 -0.04773362 -0.7577602
vn 0.9020427 0.1191647 0.4148719
vn 0.9837458 0.139402 0.1131867
vn 0.2571437 0.3100469 -0.9152858
vn 0.3321051 0.2434037 -0.9112962
vn 0.3206664 0.4804708 -0.8162849
vn 0.2847947 0.5375147 -0.7937065
vn 0.499934 0.3748466 -0.7807407
vn 0.5443487 0.1566931 -0.8240946
vn 0.6951401 0.2385648 -0.6781351
vn 0.7164358 0.08376806 -0.6926057
vn 0.3007438 -0.1579359 -0.9405368
vn 0.4549026 -0.07886427 -0.8870423
vn 0.6507849 -0.04773362 -0.7577602
vn 0.740914 -0.003866113 -0.6715888
vn 0.7740477 -0.1044098 -0.6244587
vn 0.6949397 -0.2155677 -0.6859952
vn 0.8600469 0.1255477 -0.494527
vn 0.8257478 -0.1710861 -0.5374665
vn 0.9199802 -0.09599419 -0.3800282
vn 0.7725067 -0.2270905 -0.5930121
vn 0.7312574 0.3375762 -0.5927099
vn 0.5519226 0.5608185 -0.6171418
vn 0.7931814 0.3849938 -0.4718507
vn 0.6863914 0.6039002 -0.4051808
vn 0.53071 0.7729213 -0.3477637
vn 0.3973627 0.6630662 -0.6343863
vn 0.4049329 0.7581111 -0.511172
vn 0.5218774 0.8188983 -0.2388505
vn 0.8572387 0.3782375 -0.3493971
vn 0.6709554 0.7345615 -0.1011842
vn 0.697333 0.7105667 0.09392381
vn 0.8094898 0.5407622 0.2286976
vn 0.7922552 0.480645 0.3759151
vn 0.8730929 0.4870503 -0.02215353
vn 0.7400798 0.6301526 -0.2349246
vn 0.9146917 0.2953298 -0.2758972
vn 0.869667 0.3335265 0.3639221
vn 0.8880022 0.2551919 0.3825299
vn 0.9020427 0.1191647 0.4148719
vn 0.8845171 0.1875559 0.4271443
vn 0.9837458 0.139402 0.1131867
vn 0.9386413 0.3438033 0.02742167
vn 0.9338351 0.2556476 -0.2501925
vn 0.9429422 0.1831352 -0.2780677
vn 0.9584239 0.03230514 -0.2835138
vn 0.9639568 -0.1960975 0.1798142
vn 0.9584019 -0.1729737 0.2270374
vn 0.9966022 -0.07995971 0.01976257
vn 0.9017948 -0.3909589 -0.1841664
vn 0.9581659 -0.2426549 -0.1517783
vn 0.8689731 -0.1721579 -0.4639476
vn 0.9421519 -0.31971 -0.1006733
vn 0.8811252 -0.3695807 0.295006
vn 0.8932955 -0.3011812 0.3336362
vn 0.7278008 -0.2964992 0.6183802
vn 0.7981271 -0.1580941 0.5813773
vn 0.987321 0.02422541 0.1568769
vn 0.8957074 0.1725754 0.4097877
vn 0.5400621 -0.09948432 0.8357247
vn 0.6112424 0.05789451 0.789323
vn 0.2963855 0.09498185 0.9503336
vn 0.4337696 0.3244572 0.840578
vn 0.9771687 -0.02356454 -0.211154
vn 0.8698233 -0.1528349 -0.4690939
vn 0.9327516 0.0428874 -0.3579597
vn 0.8689731 -0.1721579 -0.4639476
vn 0.9581659 -0.2426549 -0.1517783
vn 0.8698233 -0.1528349 -0.4690939
vn 0.9771687 -0.02356454 -0.211154
vn 0.8315791 -0.08812693 -0.5483701
vn 0.81302 -0.09399218 -0.5745989
vn 0.695107 0.03793893 -0.7179044
vn 0.7321332 0.139337 -0.6667579
vn 0.883739 0.2340431 -0.405252
vn 0.8397229 0.4123994 -0.3532594
vn 0.8166224 0.5125061 -0.265453
vn 0.8175901 0.519793 -0.2477131
vn 0.7706746 0.6188965 -0.1517488
vn 0.7770391 0.6280728 0.04165236
vn 0.901694 0.3929912 -0.1802939
vn 0.9327516 0.0428874 -0.3579597
vn 0.9440553 0.3245851 -0.05834497
vn 0.9771687 -0.02356454 -0.211154
vn 0.9092206 0.3870409 0.1533533
vn 0.3904218 0.4692002 -0.7920998
vn 0.6432135 0.5095369 -0.5715318
vn 0.4273786 0.8142412 -0.3928851
vn 0.1632891 0.8851569 -0.4356995
vn 0.7653959 0.5934466 -0.2489782
vn 0.6683635 0.7413971 -0.06017015
vn 0.6989546 0.7145172 -0.0304567
vn 0.6412785 0.7673061 -0.001767253
vn 0.3494283 0.936702 0.02212157
vn 0.3376402 0.9412413 -0.007989857
vn 0.3555023 0.8757058 0.3267378
vn 0.4911943 0.8268259 0.27402
vn 0.5072812 0.8375976 0.2027218
vn 0.5869534 0.8082958 0.04629888
vn 0.6325235 0.7702436 0.08147931
vn 0.3264346 0.6827912 0.6536335
vn 0.3779702 0.7473212 0.5464883
vn 0.3685925 0.5457621 0.7525179
vn 0.2506288 0.3667586 0.8959203
vn 0.523385 0.6582015 0.5411459
vn 0.4943447 0.7824099 0.3787586
vn 0.6407432 0.6929142 0.3306327
vn 0.6225444 0.7498503 0.223971
vn 0.7381939 0.5994036 0.3094915
vn 0.4337696 0.3244572 0.840578
vn 0.2963855 0.09498185 0.9503336
vn 0.6177207 0.5562545 0.5558797
vn 0.7796571 0.3417747 0.5247142
vn 0.6112424 0.05789451 0.789323
vn 0.8131435 0.4999894 0.2980071
vn 0.8698894 0.4295881 0.2423766
vn 0.8957074 0.1725754 0.4097877
vn 0.987321 0.02422541 0.1568769
vn 0.7981271 -0.1580941 0.5813773
vn 0.8841841 0.1941882 0.424864
vn 0.9725219 0.1671978 0.1620066
vn 0.8518404 0.02121628 0.5233717
vn 0.9950121 -0.00281935 0.09971432
vn 0.8845854 0.4657645 0.02391831
vn 0.8653814 0.4803517 0.1427493
vn 0.7448109 0.6359205 -0.2021432
vn 0.700091 0.7055289 -0.1100079
vn 0.9534661 0.05103067 -0.2971505
vn 0.9408305 -0.04543054 -0.3358182
vn 0.7384635 0.017642 -0.6740627
vn 0.7102216 -0.05399705 -0.7019043
vn 0.7179028 0.374434 -0.5868686
vn 0.8592315 0.4074779 -0.3093267
vn 0.6060742 0.5999542 -0.5222346
vn 0.6835492 0.6244876 -0.377857
vn 0.494912 0.8079523 -0.3198051
vn 0.5164875 0.6506872 -0.556639
vn 0.6265638 0.7781169 -0.04418153
vn 0.2282223 -0.02100117 -0.9733825
vn 0.3833953 0.219375 -0.8971525
vn 0.4435991 0.4846276 -0.7538938
vn 0.07396906 0.3224213 -0.9437018
vn 0.3090348 0.602028 -0.7362472
vn 0.4167802 0.7307234 -0.5406824
vn 0.3596532 0.7630421 -0.537044
vn 0.1949806 0.7017002 -0.6852732
vn 0.3255665 0.8365594 -0.4406528
vn 0.1552325 0.8626826 -0.4813331
vn -0.07123205 0.5253609 -0.8478926
vn -0.1663514 0.8325722 -0.5283471
vn -0.2885875 0.453844 -0.8430557
vn -0.3595224 0.7936068 -0.490848
vn -0.1503138 0.1494888 -0.9772711
vn -0.132455 0.9768834 -0.167793
vn -0.1958089 0.975293 -0.1022866
vn -0.09321384 0.994873 0.03922776
vn -0.1968126 0.9589704 0.2040602
vn 0.09316223 0.9915394 -0.09038954
vn 0.1311074 0.9600387 -0.2472582
vn 0.2936217 0.9297006 -0.2223578
vn 0.3000028 0.9040985 -0.3043094
vn 0.3852542 0.9120589 -0.1404554
vn -0.04344909 0.9100919 0.4121225
vn -0.04819478 0.776136 0.6287211
vn 0.1608015 0.5129334 0.8432331
vn 0.1766978 0.9835125 0.03848492
vn 0.2575706 0.7404757 0.6207682
vn 0.4154182 0.8778999 0.2381584
vn 0.5024243 0.8618951 -0.0686045
vn 0.5330245 0.8454671 -0.03271424
vn 0.5063805 0.4632308 0.7273211
vn 0.4984444 0.3797985 0.7792986
vn 0.7387255 0.3079971 0.5995186
vn 0.7579213 0.1560777 0.6333997
vn 0.729974 0.6061586 0.3157685
vn 0.5646406 0.7717621 0.2925137
vn 0.9588636 0.09531432 0.267387
vn 0.9844182 0.0902794 -0.1508994
vn 0.9576167 -0.1815798 0.2236046
vn 0.9575795 0.2852549 -0.04088059
vn 0.8176655 0.4923824 0.2982995
vn 0.7940003 0.583426 0.1708148
vn 0.660045 0.6698782 0.3400056
vn 0.6229805 0.7440282 0.2414898
vn 0.8854336 0.2126758 -0.4132509
vn 0.8360602 0.5143434 -0.1909301
vn 0.6072246 0.4019926 -0.6853322
vn 0.6653448 0.5868961 -0.4613775
vn 0.6450117 0.755408 0.1154058
vn 0.6893286 0.7140148 0.1225105
vn 0.5555329 0.8160711 0.1594089
vn 0.5778686 0.802237 0.1499453
vn 0.380499 0.8232456 0.4212923
vn 0.4290158 0.8646166 0.2615028
vn 0.6072804 0.6200913 0.4966862
vn 0.3089017 0.6982895 -0.6457332
vn 0.4996567 0.8429465 -0.1994605
vn 0.04162965 0.9966097 -0.07096425
vn -0.2124211 0.9271873 -0.3085469
vn 0.4809819 0.849498 0.2168166
vn 0.0542584 0.998363 0.01809411
vn 0.2825825 0.8906321 0.3562605
vn 0.3040868 0.8873371 0.346647
vn 0.2206729 0.9029955 0.3686497
vn 0.08972223 0.8966226 0.4336103
vn -0.143428 0.8715872 0.4687901
vn 0.04990584 0.9673223 0.2485896
vn -0.2184525 0.8030479 0.5544299
vn -0.3768256 0.6895342 0.6185024
vn -0.3679301 0.8885385 0.2740926
vn 0.0542584 0.998363 0.01809411
vn -0.2124211 0.9271873 -0.3085469
vn -0.004796417 0.8484114 0.5293157
vn 0.1465781 0.8676977 0.47499
vn -0.2140744 0.6152556 0.7587047
vn -0.3523886 0.3123826 0.8821788
vn -0.1551506 0.3848807 0.9098325
vn 0.0008744394 0.7156457 0.6984629
vn 0.006138713 0.6385872 0.769525
vn 0.1297075 0.8022556 0.5827194
vn 0.1742247 0.7430489 0.6461611
vn 0.2950877 0.7011805 0.6490526
vn 0.1509151 0.5431054 0.825991
vn 0.4067534 0.6449342 0.6470019
vn 0.3839974 0.4477243 0.8075203
vn -0.03299726 0.2047615 0.9782556
vn 0.2435798 0.06274387 0.9678491
vn 0.5279139 0.5986183 0.6024641
vn 0.6034809 0.3659106 0.7084633
vn 0.7296165 0.4234476 0.536984
vn 0.7529423 -0.04381198 0.6566266
vn 0.5133018 -0.1004907 0.8523045
vn -0.3523886 0.3123826 0.8821788
vn -0.1551506 0.3848807 0.9098325
vn -0.2617596 0.1056771 0.9593301
vn -0.03299726 0.2047615 0.9782556
vn -0.09997481 -0.08890392 0.9910102
vn 0.2435798 0.06274387 0.9678491
vn 0.2036031 -0.2642809 0.9427096
vn 0.5133018 -0.1004907 0.8523045
vn 0.497455 -0.3798569 0.7799021
vn 0.7529423 -0.04381198 0.6566266
vn 0.7537169 -0.3203263 0.5738484
vn 0.9588636 0.09531432 0.267387
vn 0.9576167 -0.1815798 0.2236046
vn -0.2051793 0.273998 0.9395885
vn -0.5595427 0.4810187 0.6749319
vn -0.2314577 0.5140662 0.8259317
vn -0.6301497 0.2567843 0.7327845
vn -0.3282771 0.802974 0.4974604
vn -0.1748133 0.7703849 0.6131455
vn -0.1969975 0.9295421 0.3116783
vn -0.08792388 0.9250223 0.3695988
vn -0.03016822 0.5311444 0.846744
vn 0.07684634 0.3649534 0.9278489
vn -0.0511271 0.8000756 0.5977165
vn 0.1025136 0.8482364 0.5196018
vn 0.3126958 0.5605879 0.7667871
vn 0.01099736 0.9441298 0.3293903
vn 0.04592525 0.9616156 0.2705299
vn -0.07111676 0.9949009 0.07151487
vn 0.0717281 0.9672545 0.2434626
vn -0.2919103 0.9464448 0.1379516
vn 0.3246693 0.8902441 0.319461
vn 0.1402542 0.9886016 0.05473228
vn 0.4060763 0.9137578 -0.01219808
vn 0.7039238 0.5787287 0.411782
vn 0.7043666 0.7029252 -0.09881292
vn 0.8605421 0.4854187 -0.1543892
vn 0.8131419 0.3509175 0.4643891
vn 0.09148505 0.9929685 -0.07512573
vn 0.5154395 0.3228286 0.7937908
vn 0.4853292 0.7155299 -0.5024665
vn 0.5312464 0.5820119 -0.6156619
vn 0.2523781 0.550991 -0.7954333
vn 0.1347954 0.7241262 -0.6763664
vn 0.2386605 0.9398918 -0.2442221
vn 0.03607467 0.9239337 -0.3808479
vn -0.01368168 0.9815828 -0.1905471
vn -0.157218 0.4926766 -0.8558927
vn -0.1547985 0.718777 -0.6777883
vn -0.3016044 0.5640647 -0.7686779
vn -0.2857426 0.4090285 -0.8666295
vn -0.2219126 0.8370806 -0.5000509
vn -0.09322143 0.9016044 -0.4223973
vn -0.127901 0.9609647 -0.2453326
vn -0.06971215 0.9735752 -0.2174662
vn -0.2155636 0.9584608 -0.1867759
vn -0.4591402 0.5705751 -0.680907
vn -0.5569106 0.4655315 -0.6878452
vn -0.741515 0.5204505 -0.4234226
vn -0.7720959 0.4430114 -0.4556412
vn -0.5635622 0.7802431 -0.2713273
vn -0.3402517 0.8274531 -0.4467104
vn -0.298171 0.9535363 -0.04315658
vn -0.2877446 0.9572673 0.02902539
vn -0.8875818 0.4310952 -0.1623444
vn -0.847412 0.5227123 -0.09308439
vn -0.9217955 0.2690537 0.2791115
vn -0.8187871 0.5359408 0.2058037
vn -0.5356214 0.8444139 0.008649481
vn -0.480181 0.8285622 0.2879424
vn -0.5595427 0.4810187 0.6749319
vn -0.9217955 0.2690537 0.2791115
vn -0.8187871 0.5359408 0.2058037
vn -0.2317271 -0.114049 0.9660721
vn -0.5783672 0.1903971 0.7932467
vn -0.2439577 0.1484889 0.9583505
vn -0.656495 -0.02950832 0.7537529
vn -0.9227259 0.1639359 0.3488581
vn -0.8189664 0.418317 0.3928164
vn 0.02536507 0.1155699 0.9929755
vn 0.05688718 0.0005038807 0.9983805
vn 0.4000489 -0.03123903 0.9159612
vn 0.4458744 0.1714228 0.8785273
vn 0.7977918 0.04912285 0.6009285
vn 0.7906912 0.2936105 0.5372153
vn 0.7906912 0.2936105 0.5372153
vn 0.9081971 0.4179189 0.02284169
vn 0.7977918 0.04912285 0.6009285
vn 0.7233438 0.6596848 0.2039358
vn 0.4407688 0.6584611 0.6100425
vn 0.4375897 0.8254268 0.3566313
vn 0.2153248 0.8712058 0.4411754
vn 0.1333678 0.7821245 0.6086825
vn 0.4458744 0.1714228 0.8785273
vn 0.1454088 0.543171 0.826935
vn 0.02536507 0.1155699 0.9929755
vn 0.09489252 0.7223222 0.6850155
vn 0.0228456 0.5240878 0.8513578
vn 0.09476729 0.7181883 0.6893655
vn -0.02269925 0.8843901 0.4661961
vn -0.05193014 0.7012537 0.7110178
vn 0.1634952 0.9311073 0.3260498
vn -0.1623301 0.4649876 0.8703077
vn -0.1722156 0.7314173 0.6598262
vn -0.3273536 0.5431587 0.773187
vn -0.2439577 0.1484889 0.9583505
vn -0.5783672 0.1903971 0.7932467
vn -0.2566734 0.810021 0.5272428
vn -0.4659728 0.6861326 0.5586515
vn -0.2912306 0.8628238 0.4131823
vn -0.557438 0.7560123 0.3430865
vn -0.8189664 0.418317 0.3928164
vn -0.845094 0.5174145 0.1345294
vn -0.9227259 0.1639359 0.3488581
vn -0.8857207 0.462337 0.04175567
vn -0.2764462 0.8960615 0.3473491
vn -0.7249061 0.6714866 -0.1536784
vn -0.7817128 0.5887415 -0.2056904
vn -0.5653321 0.7105187 -0.4190021
vn -0.4359361 0.7995807 -0.4130743
vn -0.3737441 0.9240022 -0.080841
vn -0.5530649 0.8254488 0.1129309
vn -0.1819179 0.9588419 0.2180091
vn -0.2798411 0.7334131 -0.6195113
vn -0.2902104 0.835061 -0.4673874
vn -0.1306235 0.8021768 -0.5826232
vn -0.1421857 0.9193987 -0.366728
vn -0.1903821 0.974811 -0.1161818
vn -0.05889792 0.9965668 -0.05818694
vn -0.08253139 0.9830557 0.1636769
vn -0.02494118 0.9827765 0.1831074
vn 0.06522467 0.9605736 0.2702668
vn 0.1893887 0.9118833 -0.3641438
vn 0.2507702 0.7975665 -0.5486364
vn 0.5711145 0.7275935 -0.3800473
vn 0.5572546 0.8157048 -0.1552197
vn 0.1459804 0.9881182 0.04808332
vn 0.3606558 0.9155169 0.1782031
vn -0.6904176 -0.1909779 0.6977471
vn -0.8751745 0.03353566 0.4826438
vn -0.7331321 0.08989426 0.6741189
vn -0.909723 -0.288254 0.2988537
vn -0.4957775 0.1413303 0.8568724
vn -0.4324773 0.05844579 0.8997486
vn 0.0112559 0.1584412 0.9873043
vn -0.06692902 0.3704334 0.9264446
vn -0.9904478 0.1183029 -0.07083663
vn -0.9750823 -0.1737197 -0.1379711
vn -0.8740898 0.127075 -0.4688485
vn 0.3401077 0.5688121 0.7488521
vn 0.6568535 0.6205021 0.4283931
vn 0.4446929 0.3001167 0.8439065
vn 0.3762682 0.8125595 0.4451621
vn -0.03771936 0.8824654 0.4688627
vn -0.0807361 0.7346416 0.6736345
vn -0.3390327 0.8062204 0.4848358
vn -0.2939574 0.8731064 0.3889401
vn -0.3475619 0.6504436 0.6753694
vn -0.06692902 0.3704334 0.9264446
vn -0.4054288 0.7410195 0.5352734
vn -0.483928 0.5250072 0.7001294
vn -0.4957775 0.1413303 0.8568724
vn -0.4610184 0.7062669 0.5372607
vn -0.4717579 0.8282107 0.3025087
vn -0.5755036 0.6584586 0.485003
vn -0.2703783 0.9056472 0.3266477
vn -0.6691905 0.435596 0.6020302
vn -0.7491198 0.429911 0.5039801
vn -0.7331321 0.08989426 0.6741189
vn -0.8751745 0.03353566 0.4826438
vn -0.6261003 0.6745899 0.3910589
vn -0.6297402 0.7476862 0.2106954
vn -0.7959028 0.5575058 0.2360637
vn -0.6459436 0.7490716 0.1471344
vn -0.791826 0.6097991 -0.03401146
vn -0.9904478 0.1183029 -0.07083663
vn -0.8220943 0.3739597 -0.4293194
vn -0.8740898 0.127075 -0.4688485
vn -0.6309072 0.7640606 0.134787
vn -0.696637 0.3450013 -0.6290238
vn -0.687659 0.4380028 -0.5790325
vn -0.5195168 0.4470116 -0.7282053
vn -0.5382273 0.5621799 -0.6279055
vn -0.7109773 0.6617001 -0.2380426
vn -0.5853613 0.7744939 -0.239815
vn -0.5555047 0.8295819 0.05664267
vn -0.3407339 0.4498359 -0.8255592
vn -0.4424363 0.6018572 -0.6648444
vn -0.1260217 0.6726665 -0.7291353
vn -0.297386 0.8013123 -0.5190956
vn -0.4102141 0.8888019 -0.2043418
vn -0.5084018 0.8155363 -0.2764566
vn -0.4390979 0.8932537 0.09638994
vn -0.4921047 0.8692188 0.0478696
vn -0.3292097 0.9143282 0.2358495
vn 0.167283 0.9593649 -0.2272342
vn 0.4037741 0.8431754 -0.3549953
vn 0.6035048 0.797093 0.02061066
vn 0.3980615 0.90128 0.1710008
vn -0.1671349 0.9797661 0.1101106
vn -0.02300854 0.9569952 0.2891898
vn 0.0112559 0.1584412 0.9873043
vn -0.9872344 -0.1130929 -0.1121521
vn -0.9625701 -0.1940673 0.1891998
vn -0.9230055 -0.2865528 -0.256804
vn -0.9599694 0.006245922 0.2800354
vn -0.9726662 0.2312579 -0.02098098
vn -0.9665129 0.2162184 0.1382119
vn -0.7725149 0.09381537 0.6280282
vn -0.7609912 0.09904576 0.6411571
vn -0.8505366 0.2158742 0.4795682
vn -0.4446329 0.2468669 0.8610217
vn -0.4130587 0.2701799 0.8697042
vn -0.5544534 0.4628268 0.6916449
vn -0.7982748 -0.07524904 -0.5975742
vn -0.728239 -0.06324074 -0.6823992
vn -0.8874377 0.2996582 -0.3502274
vn -0.4235871 -0.0181147 -0.9056742
vn -0.5265436 0.08117408 -0.8462639
vn -0.7982748 -0.07524904 -0.5975742
vn -0.7609912 0.09904576 0.6411571
vn -0.4130587 0.2701799 0.8697042
vn -0.7725149 0.09381537 0.6280282
vn -0.1907844 0.5992112 0.7775263
vn -0.4130587 0.2701799 0.8697042
vn -0.1589956 0.5593472 0.8135423
vn -0.05161195 0.8083664 0.5864128
vn 0.01661927 0.8322166 0.5542017
vn -0.116599 0.8944691 0.4316592
vn -0.2678625 0.7045003 0.657213
vn -0.3538306 0.9255633 0.1346715
vn -0.5464824 0.8123502 0.2035784
vn -0.4446329 0.2468669 0.8610217
vn -0.5544534 0.4628268 0.6916449
vn -0.7353699 0.6176746 0.278764
vn -0.8505366 0.2158742 0.4795682
vn -0.8308861 0.5563306 -0.01117013
vn -0.5568146 0.8059096 -0.2011647
vn -0.8552782 0.5143712 -0.06262112
vn -0.2797699 0.9582627 -0.05883233
vn -0.9665129 0.2162184 0.1382119
vn -0.8657977 0.4962133 -0.0645509
vn -0.9726662 0.2312579 -0.02098098
vn -0.80417 0.574564 -0.1522722
vn -0.09317549 0.9895903 0.1096779
vn -0.2726353 0.9262414 -0.2602823
vn -0.08555805 0.9504303 -0.2989348
vn 0.07391139 0.9764467 0.2027039
vn 0.1915967 0.9346152 -0.2996416
vn 0.2618255 0.962073 0.07656936
vn 0.3230077 0.8878343 -0.3277443
vn -0.2662196 0.8814003 -0.3902061
vn 0.2440097 0.8045097 -0.541501
vn 0.09129128 0.8406296 -0.5338613
vn 0.1681702 0.637936 -0.7515028
vn 0.02622017 0.798632 -0.6012483
vn -0.09886438 0.8831941 -0.4584692
vn -0.1247383 0.8616175 -0.4919915
vn -0.3013617 0.8784248 -0.3708788
vn -0.01866483 0.5330765 -0.8458611
vn 0.0942001 0.2682181 -0.9587417
vn -0.1048181 0.1413383 -0.9843965
vn -0.2671455 0.3613953 -0.8933234
vn -0.2200592 0.7782946 -0.5880743
vn -0.3940161 0.6846856 -0.6131534
vn -0.3689677 0.8468295 -0.3830701
vn -0.5105312 0.7702807 -0.3821329
vn -0.6615967 0.6769183 -0.322601
vn -0.5265436 0.08117408 -0.8462639
vn -0.4235871 -0.0181147 -0.9056742
vn -0.6259767 0.4921188 -0.6049563
vn -0.8874377 0.2996582 -0.3502274
vn -0.7982748 -0.07524904 -0.5975742
vn -0.728239 -0.06324074 -0.6823992
vn -0.4235871 -0.0181147 -0.9056742
vn -0.7982748 -0.07524904 -0.5975742
vn -0.8642674 0.4171669 0.2810936
vn -0.8264046 0.5565484 -0.08549474
vn -0.7722027 0.60677 0.1885029
vn -0.9417578 0.2455233 -0.2298053
vn -0.5404288 0.8316386 -0.1277257
vn -0.5578073 0.827548 0.06336714
vn -0.3294966 0.9403886 -0.08426958
vn -0.3083206 0.930634 -0.1971267
vn -0.6615942 0.6842265 0.3068019
vn -0.6522213 0.6505585 0.3890772
vn -0.3487855 0.7741088 0.5283031
vn -0.1505956 0.6719985 0.7250786
vn -0.2721578 0.9203547 0.2808512
vn -0.4270104 0.8874471 0.1734933
vn -0.173706 0.9826751 0.0646211
vn -0.2406249 0.9701625 0.02973977
vn -0.05824536 0.9702122 -0.2351505
vn -0.04960047 0.9985979 0.01849577
vn -0.2507662 0.9005216 -0.3552141
vn 0.1323714 0.7949443 0.5920654
vn 0.3524524 0.6155511 0.704893
vn 0.5009789 0.765434 0.4038946
vn 0.6227207 0.569423 0.5366344
vn 0.06165073 0.9637126 0.2597255
vn 0.2402477 0.9636527 0.1168534
vn 0.107308 0.9925689 -0.05737494
vn 0.1654057 0.9751319 -0.1475086
vn 0.8032727 0.5794965 0.137611
vn 0.638082 0.7666947 0.07092738
vn 0.6674564 0.6785462 -0.3067196
vn 0.7762488 0.4263231 -0.4644205
vn 0.3740294 0.926477 -0.0417414
vn 0.3667998 0.859586 -0.3557662
vn 0.1918958 0.928244 -0.3186519
vn 0.5307781 0.5345651 -0.6576585
vn 0.5821877 0.3051559 -0.7536162
vn 0.4581786 0.4167024 -0.7851315
vn 0.5393099 0.2151543 -0.8141582
vn 0.3530208 0.7431322 -0.5684462
vn 0.3079753 0.7263115 -0.6145102
vn 0.1942168 0.884208 -0.4248012
vn 0.1440695 0.8817705 -0.4491378
vn 0.05984234 0.8647301 -0.498659
vn 0.2949444 0.3794829 -0.8769267
vn 0.2364417 0.2621269 -0.93562
vn -0.1143309 0.3653399 -0.9238264
vn -0.07925149 0.2486707 -0.9653404
vn -0.09132647 0.6959499 -0.7122593
vn 0.1907775 0.6839428 -0.7041494
vn -0.08594204 0.8759713 -0.4746453
vn -0.1702673 0.8807172 -0.4419799
vn -0.4268691 0.2323528 -0.8739536
vn -0.3740951 0.4554722 -0.8078354
vn -0.6984653 0.356462 -0.6205489
vn -0.788327 0.1287547 -0.6016333
vn -0.478052 0.752017 -0.4538025
vn -0.2784137 0.7082665 -0.6487252
g NAX_SpiderNest_EggCluster3_0
f 3/3/3 2/2/2 1/1/1
f 4/4/4 1/1/1 2/2/2
f 1/1/1 5/5/5 3/3/3
f 6/6/6 3/3/3 5/5/5
f 7/7/7 1/1/1 4/4/4
f 8/8/8 1/1/1 7/7/7
f 8/8/8 5/5/5 1/1/1
f 8/8/8 9/9/9 5/5/5
f 9/9/9 10/10/10 5/5/5
f 9/9/9 11/11/11 10/10/10
f 11/11/11 12/12/12 10/10/10
f 13/13/13 10/10/10 12/12/12
f 8/8/8 7/7/7 14/14/14
f 14/14/14 9/9/9 8/8/8
f 12/12/12 11/11/11 15/15/15
f 16/16/16 15/15/15 11/11/11
f 11/11/11 9/9/9 16/16/16
f 17/17/17 16/16/16 9/9/9
f 14/14/14 17/17/17 9/9/9
f 16/16/16 17/17/17 18/18/18
f 18/18/18 19/19/19 16/16/16
f 15/15/15 16/16/16 19/19/19
f 19/19/19 20/20/20 15/15/15
f 21/21/21 18/18/18 17/17/17
f 17/17/17 14/14/14 21/21/21
f 22/22/22 21/21/21 14/14/14
f 22/22/22 14/14/14 23/23/23
f 24/24/24 23/23/23 14/14/14
f 24/24/24 14/14/14 7/7/7
f 24/24/24 7/7/7 25/25/25
f 7/7/7 26/26/26 25/25/25
f 26/26/26 27/27/27 25/25/25
f 27/27/27 26/26/26 28/28/28
f 29/29/29 28/28/28 26/26/26
f 26/26/26 4/4/4 29/29/29
f 7/7/7 4/4/4 26/26/26
f 30/30/30 25/25/25 27/27/27
f 27/27/27 31/31/31 30/30/30
f 32/32/32 30/30/30 31/31/31
f 32/32/32 31/31/31 33/33/33
f 34/34/34 33/33/33 31/31/31
f 24/24/24 25/25/25 35/35/35
f 23/23/23 24/24/24 35/35/35
f 25/25/25 30/30/30 35/35/35
f 36/36/36 35/35/35 30/30/30
f 30/30/30 32/32/32 36/36/36
f 37/37/37 36/36/36 32/32/32
f 38/38/38 32/32/32 33/33/33
f 37/37/37 32/32/32 38/38/38
f 33/33/33 20/20/20 38/38/38
f 35/35/35 36/36/36 39/39/39
f 39/39/39 23/23/23 35/35/35
f 23/23/23 39/39/39 40/40/40
f 40/40/40 41/41/41 23/23/23
f 22/22/22 23/23/23 41/41/41
f 42/42/42 39/39/39 36/36/36
f 37/37/37 43/43/43 36/36/36
f 42/42/42 36/36/36 43/43/43
f 37/37/37 44/44/44 43/43/43
f 45/45/45 43/43/43 44/44/44
f 41/41/41 46/46/46 22/22/22
f 21/21/21 22/22/22 46/46/46
f 46/46/46 47/47/47 21/21/21
f 18/18/18 21/21/21 47/47/47
f 18/18/18 47/47/47 19/19/19
f 20/20/20 19/19/19 48/48/48
f 49/49/49 19/19/19 47/47/47
f 49/49/49 50/50/50 19/19/19
f 50/50/50 45/45/45 51/51/51
f 52/52/52 51/51/51 45/45/45
f 53/53/53 19/19/19 50/50/50
f 54/54/54 42/42/42 43/43/43
f 54/54/54 43/43/43 45/45/45
f 54/54/54 45/45/45 50/50/50
f 54/54/54 50/50/50 49/49/49
f 54/54/54 49/49/49 47/47/47
f 54/54/54 47/47/47 46/46/46
f 54/54/54 46/46/46 41/41/41
f 54/54/54 41/41/41 40/40/40
f 54/54/54 40/40/40 39/39/39
f 54/54/54 39/39/39 42/42/42
f 57/57/57 56/56/56 55/55/55
f 58/58/58 55/55/55 56/56/56
f 58/58/58 56/56/56 59/59/59
f 60/60/60 59/59/59 56/56/56
f 59/59/59 60/60/60 61/61/61
f 62/62/62 61/61/61 60/60/60
f 62/62/62 63/63/63 61/61/61
f 64/64/64 61/61/61 63/63/63
f 63/63/63 65/65/65 64/64/64
f 66/66/66 65/65/65 63/63/63
f 66/66/66 67/67/67 65/65/65
f 68/68/68 65/65/65 67/67/67
f 59/59/59 61/61/61 69/69/69
f 70/70/70 69/69/69 61/61/61
f 64/64/64 71/71/71 61/61/61
f 70/70/70 61/61/61 71/71/71
f 64/64/64 65/65/65 71/71/71
f 72/72/72 71/71/71 65/65/65
f 65/65/65 73/73/73 72/72/72
f 74/74/74 73/73/73 65/65/65
f 77/77/77 76/76/76 75/75/75
f 77/77/77 75/75/75 78/78/78
f 78/78/78 79/79/79 77/77/77
f 79/79/79 78/78/78 80/80/80
f 20/20/20 33/33/33 81/81/81
f 34/34/34 81/81/81 33/33/33
f 81/81/81 15/15/15 20/20/20
f 15/15/15 81/81/81 12/12/12
f 84/84/84 83/83/83 82/82/82
f 87/87/87 86/86/86 85/85/85
f 88/88/88 87/87/87 85/85/85
f 85/85/85 89/89/89 88/88/88
f 90/90/90 88/88/88 89/89/89
f 91/91/91 90/90/90 89/89/89
f 91/91/91 92/92/92 90/90/90
f 86/86/86 93/93/93 85/85/85
f 94/94/94 85/85/85 93/93/93
f 85/85/85 94/94/94 89/89/89
f 93/93/93 95/95/95 94/94/94
f 96/96/96 94/94/94 95/95/95
f 94/94/94 96/96/96 97/97/97
f 97/97/97 89/89/89 94/94/94
f 98/98/98 97/97/97 96/96/96
f 98/98/98 99/99/99 97/97/97
f 100/100/100 97/97/97 99/99/99
f 91/91/91 89/89/89 100/100/100
f 97/97/97 100/100/100 89/89/89
f 101/101/101 100/100/100 99/99/99
f 96/96/96 95/95/95 102/102/102
f 103/103/103 102/102/102 95/95/95
f 103/103/103 104/104/104 102/102/102
f 105/105/105 102/102/102 104/104/104
f 106/106/106 102/102/102 105/105/105
f 102/102/102 106/106/106 107/107/107
f 102/102/102 107/107/107 96/96/96
f 98/98/98 96/96/96 107/107/107
f 107/107/107 99/99/99 98/98/98
f 99/99/99 107/107/107 101/101/101
f 107/107/107 106/106/106 101/101/101
f 104/104/104 108/108/108 105/105/105
f 109/109/109 105/105/105 108/108/108
f 112/112/112 111/111/111 110/110/110
f 113/113/113 112/112/112 110/110/110
f 113/113/113 110/110/110 114/114/114
f 115/115/115 113/113/113 114/114/114
f 115/115/115 114/114/114 116/116/116
f 116/116/116 117/117/117 115/115/115
f 113/113/113 115/115/115 118/118/118
f 119/119/119 118/118/118 115/115/115
f 115/115/115 117/117/117 119/119/119
f 120/120/120 110/110/110 111/111/111
f 111/111/111 121/121/121 120/120/120
f 120/120/120 121/121/121 122/122/122
f 121/121/121 123/123/123 122/122/122
f 120/120/120 122/122/122 124/124/124
f 120/120/120 124/124/124 110/110/110
f 114/114/114 110/110/110 124/124/124
f 114/114/114 124/124/124 116/116/116
f 125/125/125 124/124/124 122/122/122
f 124/124/124 125/125/125 126/126/126
f 126/126/126 116/116/116 124/124/124
f 127/127/127 126/126/126 125/125/125
f 126/126/126 128/128/128 116/116/116
f 128/128/128 126/126/126 127/127/127
f 128/128/128 117/117/117 116/116/116
f 117/117/117 128/128/128 129/129/129
f 129/129/129 119/119/119 117/117/117
f 130/130/130 128/128/128 127/127/127
f 129/129/129 131/131/131 119/119/119
f 128/128/128 131/131/131 129/129/129
f 131/131/131 128/128/128 132/132/132
f 122/122/122 123/123/123 133/133/133
f 123/123/123 134/134/134 133/133/133
f 133/133/133 134/134/134 135/135/135
f 134/134/134 136/136/136 135/135/135
f 133/133/133 135/135/135 137/137/137
f 138/138/138 133/133/133 137/137/137
f 138/138/138 137/137/137 130/130/130
f 127/127/127 138/138/138 130/130/130
f 138/138/138 127/127/127 125/125/125
f 139/139/139 130/130/130 137/137/137
f 128/128/128 130/130/130 139/139/139
f 140/140/140 128/128/128 139/139/139
f 139/139/139 137/137/137 140/140/140
f 133/133/133 138/138/138 122/122/122
f 125/125/125 122/122/122 138/138/138
f 135/135/135 136/136/136 141/141/141
f 137/137/137 135/135/135 141/141/141
f 136/136/136 142/142/142 141/141/141
f 141/141/141 142/142/142 143/143/143
f 144/144/144 143/143/143 142/142/142
f 141/141/141 143/143/143 145/145/145
f 145/145/145 137/137/137 141/141/141
f 145/145/145 140/140/140 137/137/137
f 146/146/146 145/145/145 143/143/143
f 146/146/146 147/147/147 145/145/145
f 140/140/140 145/145/145 147/147/147
f 147/147/147 146/146/146 148/148/148
f 148/148/148 128/128/128 147/147/147
f 128/128/128 140/140/140 147/147/147
f 128/128/128 148/148/148 149/149/149
f 132/132/132 128/128/128 149/149/149
f 151/151/151 150/150/150 144/144/144
f 150/150/150 153/153/153 152/152/152
f 156/156/156 155/155/155 154/154/154
f 157/157/157 156/156/156 90/90/90
f 90/90/90 92/92/92 157/157/157
f 160/160/160 159/159/159 158/158/158
f 160/160/160 158/158/158 161/161/161
f 162/162/162 159/159/159 160/160/160
f 161/161/161 163/163/163 160/160/160
f 164/164/164 160/160/160 163/163/163
f 162/162/162 160/160/160 164/164/164
f 164/164/164 163/163/163 165/165/165
f 165/165/165 163/163/163 166/166/166
f 164/164/164 165/165/165 167/167/167
f 167/167/167 162/162/162 164/164/164
f 168/168/168 167/167/167 165/165/165
f 167/167/167 168/168/168 169/169/169
f 167/167/167 169/169/169 162/162/162
f 170/170/170 169/169/169 168/168/168
f 171/171/171 169/169/169 170/170/170
f 166/166/166 172/172/172 165/165/165
f 173/173/173 165/165/165 172/172/172
f 173/173/173 168/168/168 165/165/165
f 172/172/172 174/174/174 173/173/173
f 175/175/175 173/173/173 174/174/174
f 173/173/173 175/175/175 176/176/176
f 168/168/168 173/173/173 176/176/176
f 176/176/176 170/170/170 168/168/168
f 177/177/177 176/176/176 175/175/175
f 174/174/174 178/178/178 175/175/175
f 179/179/179 175/175/175 178/178/178
f 177/177/177 175/175/175 180/180/180
f 179/179/179 180/180/180 175/175/175
f 181/181/181 162/162/162 169/169/169
f 181/181/181 182/182/182 162/162/162
f 162/162/162 182/182/182 159/159/159
f 159/159/159 182/182/182 183/183/183
f 184/184/184 159/159/159 183/183/183
f 159/159/159 184/184/184 158/158/158
f 187/187/187 186/186/186 185/185/185
f 188/188/188 185/185/185 186/186/186
f 185/185/185 188/188/188 189/189/189
f 189/189/189 190/190/190 185/185/185
f 190/190/190 189/189/189 191/191/191
f 192/192/192 190/190/190 191/191/191
f 192/192/192 193/193/193 190/190/190
f 192/192/192 194/194/194 193/193/193
f 194/194/194 192/192/192 191/191/191
f 195/195/195 194/194/194 191/191/191
f 193/193/193 196/196/196 190/190/190
f 193/193/193 197/197/197 196/196/196
f 194/194/194 197/197/197 193/193/193
f 198/198/198 196/196/196 197/197/197
f 197/197/197 194/194/194 199/199/199
f 199/199/199 194/194/194 200/200/200
f 201/201/201 198/198/198 197/197/197
f 189/189/189 188/188/188 202/202/202
f 189/189/189 202/202/202 191/191/191
f 195/195/195 191/191/191 202/202/202
f 202/202/202 203/203/203 195/195/195
f 202/202/202 204/204/204 203/203/203
f 205/205/205 203/203/203 204/204/204
f 204/204/204 206/206/206 205/205/205
f 207/207/207 205/205/205 206/206/206
f 208/208/208 195/195/195 203/203/203
f 194/194/194 195/195/195 208/208/208
f 209/209/209 194/194/194 208/208/208
f 208/208/208 203/203/203 209/209/209
f 186/186/186 206/206/206 204/204/204
f 188/188/188 186/186/186 204/204/204
f 204/204/204 202/202/202 188/188/188
f 205/205/205 207/207/207 210/210/210
f 211/211/211 210/210/210 207/207/207
f 211/211/211 212/212/212 210/210/210
f 213/213/213 210/210/210 212/212/212
f 213/213/213 214/214/214 210/210/210
f 215/215/215 210/210/210 214/214/214
f 210/210/210 215/215/215 205/205/205
f 203/203/203 205/205/205 215/215/215
f 215/215/215 209/209/209 203/203/203
f 216/216/216 215/215/215 214/214/214
f 209/209/209 215/215/215 216/216/216
f 212/212/212 217/217/217 213/213/213
f 218/218/218 213/213/213 217/217/217
f 218/218/218 214/214/214 213/213/213
f 217/217/217 219/219/219 218/218/218
f 220/220/220 218/218/218 219/219/219
f 220/220/220 221/221/221 218/218/218
f 222/222/222 218/218/218 221/221/221
f 214/214/214 218/218/218 222/222/222
f 221/221/221 223/223/223 222/222/222
f 224/224/224 222/222/222 223/223/223
f 222/222/222 224/224/224 214/214/214
f 216/216/216 214/214/214 224/224/224
f 224/224/224 194/194/194 216/216/216
f 194/194/194 224/224/224 223/223/223
f 225/225/225 194/194/194 223/223/223
f 223/223/223 221/221/221 225/225/225
f 226/226/226 225/225/225 221/221/221
f 221/221/221 220/220/220 226/226/226
f 200/200/200 225/225/225 226/226/226
f 194/194/194 225/225/225 200/200/200
f 194/194/194 209/209/209 216/216/216
f 229/229/229 228/228/228 227/227/227
f 230/230/230 227/227/227 228/228/228
f 227/227/227 231/231/231 229/229/229
f 232/232/232 229/229/229 231/231/231
f 230/230/230 228/228/228 233/233/233
f 236/236/236 235/235/235 234/234/234
f 237/237/237 234/234/234 235/235/235
f 236/236/236 238/238/238 235/235/235
f 239/239/239 235/235/235 238/238/238
f 238/238/238 240/240/240 239/239/239
f 240/240/240 238/238/238 241/241/241
f 240/240/240 242/242/242 239/239/239
f 243/243/243 239/239/239 242/242/242
f 243/243/243 242/242/242 244/244/244
f 245/245/245 244/244/244 242/242/242
f 239/239/239 243/243/243 246/246/246
f 239/239/239 246/246/246 235/235/235
f 243/243/243 244/244/244 246/246/246
f 235/235/235 246/246/246 237/237/237
f 247/247/247 237/237/237 246/246/246
f 246/246/246 248/248/248 247/247/247
f 248/248/248 246/246/246 244/244/244
f 249/249/249 247/247/247 248/248/248
f 249/249/249 248/248/248 250/250/250
f 244/244/244 250/250/250 248/248/248
f 250/250/250 244/244/244 245/245/245
f 249/249/249 250/250/250 251/251/251
f 249/249/249 251/251/251 247/247/247
f 252/252/252 250/250/250 245/245/245
f 253/253/253 237/237/237 247/247/247
f 253/253/253 247/247/247 251/251/251
f 251/251/251 254/254/254 253/253/253
f 250/250/250 254/254/254 251/251/251
f 255/255/255 253/253/253 254/254/254
f 253/253/253 255/255/255 256/256/256
f 257/257/257 256/256/256 255/255/255
f 254/254/254 250/250/250 258/258/258
f 254/254/254 258/258/258 255/255/255
f 256/256/256 237/237/237 253/253/253
f 252/252/252 245/245/245 259/259/259
f 259/259/259 260/260/260 252/252/252
f 260/260/260 259/259/259 261/261/261
f 260/260/260 261/261/261 262/262/262
f 262/262/262 261/261/261 263/263/263
f 262/262/262 263/263/263 264/264/264
f 265/265/265 252/252/252 260/260/260
f 261/261/261 241/241/241 263/263/263
f 241/241/241 261/261/261 240/240/240
f 261/261/261 259/259/259 240/240/240
f 242/242/242 240/240/240 259/259/259
f 259/259/259 245/245/245 242/242/242
f 264/264/264 266/266/266 262/262/262
f 267/267/267 262/262/262 266/266/266
f 266/266/266 268/268/268 267/267/267
f 269/269/269 267/267/267 268/268/268
f 267/267/267 269/269/269 270/270/270
f 271/271/271 267/267/267 270/270/270
f 260/260/260 262/262/262 271/271/271
f 267/267/267 271/271/271 262/262/262
f 271/271/271 270/270/270 272/272/272
f 273/273/273 271/271/271 272/272/272
f 273/273/273 250/250/250 265/265/265
f 250/250/250 273/273/273 272/272/272
f 274/274/274 250/250/250 272/272/272
f 272/272/272 270/270/270 274/274/274
f 265/265/265 260/260/260 273/273/273
f 271/271/271 273/273/273 260/260/260
f 269/269/269 268/268/268 275/275/275
f 268/268/268 276/276/276 275/275/275
f 275/275/275 276/276/276 277/277/277
f 278/278/278 277/277/277 276/276/276
f 275/275/275 277/277/277 279/279/279
f 275/275/275 279/279/279 269/269/269
f 270/270/270 269/269/269 279/279/279
f 279/279/279 274/274/274 270/270/270
f 280/280/280 279/279/279 277/277/277
f 274/274/274 279/279/279 281/281/281
f 280/280/280 281/281/281 279/279/279
f 250/250/250 274/274/274 281/281/281
f 282/282/282 250/250/250 281/281/281
f 277/277/277 278/278/278 283/283/283
f 283/283/283 280/280/280 277/277/277
f 284/284/284 283/283/283 278/278/278
f 284/284/284 285/285/285 283/283/283
f 286/286/286 283/283/283 285/285/285
f 283/283/283 286/286/286 287/287/287
f 280/280/280 283/283/283 287/287/287
f 281/281/281 287/287/287 282/282/282
f 287/287/287 281/281/281 280/280/280
f 288/288/288 287/287/287 286/286/286
f 287/287/287 288/288/288 282/282/282
f 258/258/258 282/282/282 288/288/288
f 288/288/288 286/286/286 255/255/255
f 255/255/255 258/258/258 288/288/288
f 257/257/257 255/255/255 286/286/286
f 250/250/250 282/282/282 258/258/258
f 250/250/250 252/252/252 265/265/265
f 234/234/234 237/237/237 289/289/289
f 292/292/292 291/291/291 290/290/290
f 293/293/293 290/290/290 291/291/291
f 292/292/292 294/294/294 291/291/291
f 295/295/295 291/291/291 294/294/294
f 290/290/290 296/296/296 292/292/292
f 297/297/297 292/292/292 296/296/296
f 297/297/297 294/294/294 292/292/292
f 296/296/296 298/298/298 297/297/297
f 299/299/299 297/297/297 298/298/298
f 297/297/297 299/299/299 300/300/300
f 297/297/297 300/300/300 294/294/294
f 301/301/301 300/300/300 299/299/299
f 302/302/302 300/300/300 301/301/301
f 302/302/302 303/303/303 300/300/300
f 300/300/300 303/303/303 294/294/294
f 304/304/304 294/294/294 303/303/303
f 298/298/298 305/305/305 299/299/299
f 301/301/301 299/299/299 305/305/305
f 305/305/305 298/298/298 306/306/306
f 306/306/306 307/307/307 305/305/305
f 308/308/308 305/305/305 307/307/307
f 305/305/305 308/308/308 309/309/309
f 309/309/309 301/301/301 305/305/305
f 302/302/302 301/301/301 309/309/309
f 310/310/310 309/309/309 308/308/308
f 312/312/312 311/311/311 295/295/295
f 315/315/315 314/314/314 313/313/313
f 315/315/315 313/313/313 316/316/316
f 314/314/314 315/315/315 317/317/317
f 317/317/317 318/318/318 314/314/314
f 318/318/318 317/317/317 319/319/319
f 319/319/319 320/320/320 318/318/318
f 314/314/314 321/321/321 313/313/313
f 321/321/321 314/314/314 322/322/322
f 314/314/314 318/318/318 322/322/322
f 323/323/323 322/322/322 318/318/318
f 324/324/324 323/323/323 318/318/318
f 320/320/320 324/324/324 318/318/318
f 324/324/324 325/325/325 323/323/323
f 326/326/326 323/323/323 325/325/325
f 320/320/320 327/327/327 324/324/324
f 327/327/327 325/325/325 324/324/324
f 327/327/327 320/320/320 319/319/319
f 325/325/325 327/327/327 328/328/328
f 328/328/328 327/327/327 329/329/329
f 325/325/325 328/328/328 330/330/330
f 330/330/330 326/326/326 325/325/325
f 331/331/331 327/327/327 319/319/319
f 319/319/319 317/317/317 331/331/331
f 332/332/332 331/331/331 317/317/317
f 331/331/331 332/332/332 333/333/333
f 327/327/327 331/331/331 333/333/333
f 334/334/334 333/333/333 332/332/332
f 334/334/334 332/332/332 335/335/335
f 336/336/336 335/335/335 332/332/332
f 336/336/336 337/337/337 335/335/335
f 335/335/335 337/337/337 338/338/338
f 339/339/339 327/327/327 333/333/333
f 333/333/333 334/334/334 339/339/339
f 316/316/316 337/337/337 336/336/336
f 315/315/315 316/316/316 336/336/336
f 336/336/336 332/332/332 315/315/315
f 317/317/317 315/315/315 332/332/332
f 340/340/340 335/335/335 338/338/338
f 340/340/340 338/338/338 341/341/341
f 342/342/342 340/340/340 341/341/341
f 342/342/342 341/341/341 343/343/343
f 344/344/344 340/340/340 342/342/342
f 344/344/344 345/345/345 340/340/340
f 345/345/345 344/344/344 339/339/339
f 334/334/334 335/335/335 345/345/345
f 340/340/340 345/345/345 335/335/335
f 345/345/345 339/339/339 334/334/334
f 346/346/346 339/339/339 344/344/344
f 342/342/342 343/343/343 347/347/347
f 344/344/344 342/342/342 347/347/347
f 343/343/343 348/348/348 347/347/347
f 347/347/347 348/348/348 349/349/349
f 348/348/348 350/350/350 349/349/349
f 347/347/347 349/349/349 351/351/351
f 352/352/352 347/347/347 351/351/351
f 352/352/352 344/344/344 347/347/347
f 346/346/346 344/344/344 352/352/352
f 352/352/352 351/351/351 353/353/353
f 353/353/353 346/346/346 352/352/352
f 354/354/354 353/353/353 351/351/351
f 353/353/353 327/327/327 346/346/346
f 327/327/327 353/353/353 354/354/354
f 355/355/355 327/327/327 354/354/354
f 354/354/354 351/351/351 355/355/355
f 349/349/349 350/350/350 356/356/356
f 350/350/350 357/357/357 356/356/356
f 356/356/356 358/358/358 349/349/349
f 358/358/358 355/355/355 351/351/351
f 355/355/355 358/358/358 329/329/329
f 327/327/327 355/355/355 329/329/329
f 359/359/359 329/329/329 358/358/358
f 327/327/327 339/339/339 346/346/346
f 362/362/362 361/361/361 360/360/360
f 360/360/360 363/363/363 362/362/362
f 360/360/360 364/364/364 363/363/363
f 364/364/364 365/365/365 363/363/363
f 365/365/365 364/364/364 366/366/366
f 367/367/367 366/366/366 364/364/364
f 367/367/367 364/364/364 360/360/360
f 367/367/367 368/368/368 366/366/366
f 369/369/369 365/365/365 366/366/366
f 370/370/370 369/369/369 366/366/366
f 371/371/371 369/369/369 370/370/370
f 372/372/372 371/371/371 370/370/370
f 373/373/373 367/367/367 360/360/360
f 375/375/375 373/373/373 374/374/374
f 378/378/378 377/377/377 376/376/376
f 377/377/377 378/378/378 379/379/379
f 376/376/376 380/380/380 378/378/378
f 381/381/381 378/378/378 380/380/380
f 380/380/380 382/382/382 381/381/381
f 383/383/383 381/381/381 382/382/382
f 381/381/381 383/383/383 384/384/384
f 385/385/385 384/384/384 383/383/383
f 385/385/385 386/386/386 384/384/384
f 387/387/387 384/384/384 386/386/386
f 386/386/386 388/388/388 387/387/387
f 389/389/389 387/387/387 388/388/388
f 387/387/387 389/389/389 390/390/390
f 387/387/387 390/390/390 384/384/384
f 378/378/378 381/381/381 391/391/391
f 384/384/384 391/391/391 381/381/381
f 391/391/391 384/384/384 390/390/390
f 390/390/390 392/392/392 391/391/391
f 389/389/389 392/392/392 390/390/390
f 393/393/393 391/391/391 392/392/392
f 392/392/392 389/389/389 394/394/394
f 382/382/382 395/395/395 383/383/383
f 396/396/396 383/383/383 395/395/395
f 396/396/396 385/385/385 383/383/383
f 395/395/395 397/397/397 396/396/396
f 397/397/397 395/395/395 398/398/398
f 396/396/396 397/397/397 399/399/399
f 396/396/396 399/399/399 385/385/385
f 399/399/399 386/386/386 385/385/385
f 388/388/388 386/386/386 399/399/399
f 400/400/400 399/399/399 397/397/397
f 399/399/399 400/400/400 388/388/388
f 401/401/401 388/388/388 400/400/400
f 389/389/389 388/388/388 401/401/401
f 402/402/402 389/389/389 401/401/401
f 397/397/397 398/398/398 403/403/403
f 397/397/397 403/403/403 400/400/400
f 404/404/404 403/403/403 398/398/398
f 403/403/403 404/404/404 405/405/405
f 406/406/406 405/405/405 404/404/404
f 405/405/405 407/407/407 403/403/403
f 408/408/408 403/403/403 407/407/407
f 408/408/408 407/407/407 402/402/402
f 408/408/408 400/400/400 403/403/403
f 400/400/400 408/408/408 401/401/401
f 402/402/402 401/401/401 408/408/408
f 409/409/409 402/402/402 407/407/407
f 406/406/406 410/410/410 405/405/405
f 411/411/411 405/405/405 410/410/410
f 411/411/411 410/410/410 412/412/412
f 410/410/410 413/413/413 412/412/412
f 414/414/414 411/411/411 412/412/412
f 414/414/414 415/415/415 411/411/411
f 407/407/407 405/405/405 415/415/415
f 411/411/411 415/415/415 405/405/405
f 416/416/416 415/415/415 414/414/414
f 416/416/416 417/417/417 415/415/415
f 415/415/415 417/417/417 407/407/407
f 409/409/409 407/407/407 417/417/417
f 417/417/417 389/389/389 409/409/409
f 389/389/389 417/417/417 416/416/416
f 418/418/418 389/389/389 416/416/416
f 412/412/412 413/413/413 419/419/419
f 413/413/413 420/420/420 419/419/419
f 414/414/414 412/412/412 421/421/421
f 419/419/419 421/421/421 412/412/412
f 421/421/421 416/416/416 414/414/414
f 418/418/418 416/416/416 421/421/421
f 421/421/421 419/419/419 422/422/422
f 419/419/419 423/423/423 422/422/422
f 422/422/422 424/424/424 421/421/421
f 418/418/418 421/421/421 424/424/424
f 389/389/389 418/418/418 424/424/424
f 425/425/425 389/389/389 424/424/424
f 424/424/424 422/422/422 425/425/425
f 422/422/422 423/423/423 426/426/426
f 426/426/426 425/425/425 422/422/422
f 394/394/394 425/425/425 426/426/426
f 389/389/389 425/425/425 394/394/394
f 394/394/394 426/426/426 427/427/427
f 428/428/428 426/426/426 423/423/423
f 394/394/394 427/427/427 392/392/392
f 393/393/393 392/392/392 427/427/427
f 389/389/389 402/402/402 409/409/409
f 431/431/431 430/430/430 429/429/429
f 430/430/430 431/431/431 432/432/432
f 433/433/433 429/429/429 430/430/430
f 429/429/429 433/433/433 434/434/434
f 435/435/435 434/434/434 433/433/433
f 436/436/436 434/434/434 435/435/435
f 437/437/437 430/430/430 432/432/432
f 437/437/437 432/432/432 438/438/438
f 439/439/439 437/437/437 438/438/438
f 439/439/439 438/438/438 440/440/440
f 441/441/441 437/437/437 439/439/439
f 441/441/441 442/442/442 437/437/437
f 433/433/433 430/430/430 442/442/442
f 437/437/437 442/442/442 430/430/430
f 442/442/442 441/441/441 443/443/443
f 443/443/443 444/444/444 442/442/442
f 435/435/435 433/433/433 444/444/444
f 442/442/442 444/444/444 433/433/433
f 444/444/444 445/445/445 435/435/435
f 444/444/444 443/443/443 445/445/445
f 445/445/445 436/436/436 435/435/435
f 446/446/446 445/445/445 443/443/443
f 436/436/436 445/445/445 447/447/447
f 447/447/447 434/434/434 436/436/436
f 440/440/440 448/448/448 439/439/439
f 439/439/439 449/449/449 441/441/441
f 449/449/449 439/439/439 448/448/448
f 441/441/441 449/449/449 450/450/450
f 443/443/443 441/441/441 450/450/450
f 443/443/443 450/450/450 446/446/446
f 449/449/449 451/451/451 450/450/450
f 449/449/449 448/448/448 451/451/451
f 452/452/452 450/450/450 451/451/451
f 450/450/450 452/452/452 446/446/446
f 453/453/453 446/446/446 452/452/452
f 445/445/445 446/446/446 453/453/453
f 454/454/454 445/445/445 453/453/453
f 453/453/453 452/452/452 454/454/454
f 452/452/452 451/451/451 455/455/455
f 455/455/455 454/454/454 452/452/452
f 454/454/454 455/455/455 456/456/456
f 445/445/445 454/454/454 456/456/456
f 455/455/455 457/457/457 456/456/456
f 455/455/455 458/458/458 457/457/457
f 458/458/458 455/455/455 451/451/451
f 458/458/458 459/459/459 457/457/457
f 460/460/460 459/459/459 458/458/458
f 459/459/459 460/460/460 461/461/461
f 462/462/462 458/458/458 451/451/451
f 458/458/458 462/462/462 460/460/460
f 462/462/462 451/451/451 448/448/448
f 459/459/459 461/461/461 463/463/463
f 464/464/464 463/463/463 461/461/461
f 463/463/463 464/464/464 465/465/465
f 466/466/466 465/465/465 464/464/464
f 465/465/465 467/467/467 463/463/463
f 468/468/468 463/463/463 467/467/467
f 463/463/463 468/468/468 459/459/459
f 457/457/457 459/459/459 468/468/468
f 467/467/467 469/469/469 468/468/468
f 470/470/470 468/468/468 469/469/469
f 468/468/468 470/470/470 457/457/457
f 456/456/456 457/457/457 470/470/470
f 470/470/470 445/445/445 456/456/456
f 445/445/445 470/470/470 469/469/469
f 471/471/471 445/445/445 469/469/469
f 466/466/466 472/472/472 465/465/465
f 472/472/472 466/466/466 473/473/473
f 473/473/473 474/474/474 472/472/472
f 467/467/467 465/465/465 475/475/475
f 472/472/472 475/475/475 465/465/465
f 475/475/475 469/469/469 467/467/467
f 471/471/471 469/469/469 475/475/475
f 472/472/472 476/476/476 475/475/475
f 476/476/476 472/472/472 474/474/474
f 477/477/477 475/475/475 476/476/476
f 475/475/475 477/477/477 471/471/471
f 478/478/478 471/471/471 477/477/477
f 445/445/445 471/471/471 478/478/478
f 479/479/479 445/445/445 478/478/478
f 477/477/477 476/476/476 480/480/480
f 476/476/476 474/474/474 480/480/480
f 481/481/481 480/480/480 474/474/474
f 480/480/480 481/481/481 482/482/482
f 483/483/483 482/482/482 481/481/481
f 482/482/482 484/484/484 480/480/480
f 485/485/485 480/480/480 484/484/484
f 485/485/485 484/484/484 479/479/479
f 485/485/485 477/477/477 480/480/480
f 478/478/478 477/477/477 485/485/485
f 479/479/479 478/478/478 485/485/485
f 447/447/447 479/479/479 484/484/484
f 483/483/483 429/429/429 482/482/482
f 429/429/429 483/483/483 431/431/431
f 484/484/484 482/482/482 434/434/434
f 429/429/429 434/434/434 482/482/482
f 434/434/434 447/447/447 484/484/484
f 445/445/445 479/479/479 447/447/447
f 488/488/488 487/487/487 486/486/486
f 489/489/489 486/486/486 487/487/487
f 486/486/486 489/489/489 490/490/490
f 491/491/491 490/490/490 489/489/489
f 490/490/490 491/491/491 492/492/492
f 493/493/493 492/492/492 491/491/491
f 487/487/487 494/494/494 489/489/489
f 495/495/495 489/489/489 494/494/494
f 489/489/489 495/495/495 491/491/491
f 494/494/494 496/496/496 495/495/495
f 497/497/497 495/495/495 496/496/496
f 497/497/497 498/498/498 495/495/495
f 499/499/499 495/495/495 498/498/498
f 499/499/499 491/491/491 495/495/495
f 498/498/498 500/500/500 499/499/499
f 501/501/501 499/499/499 500/500/500
f 493/493/493 491/491/491 501/501/501
f 499/499/499 501/501/501 491/491/491
f 501/501/501 502/502/502 493/493/493
f 502/502/502 492/492/492 493/493/493
f 500/500/500 503/503/503 501/501/501
f 503/503/503 502/502/502 501/501/501
f 492/492/492 502/502/502 504/504/504
f 492/492/492 504/504/504 490/490/490
f 496/496/496 505/505/505 497/497/497
f 506/506/506 497/497/497 505/505/505
f 506/506/506 498/498/498 497/497/497
f 505/505/505 507/507/507 506/506/506
f 507/507/507 505/505/505 508/508/508
f 506/506/506 509/509/509 498/498/498
f 509/509/509 500/500/500 498/498/498
f 503/503/503 500/500/500 509/509/509
f 506/506/506 510/510/510 509/509/509
f 511/511/511 509/509/509 510/510/510
f 509/509/509 511/511/511 503/503/503
f 512/512/512 503/503/503 511/511/511
f 502/502/502 503/503/503 512/512/512
f 513/513/513 502/502/502 512/512/512
f 512/512/512 511/511/511 514/514/514
f 513/513/513 512/512/512 514/514/514
f 514/514/514 511/511/511 515/515/515
f 516/516/516 515/515/515 511/511/511
f 515/515/515 517/517/517 514/514/514
f 517/517/517 515/515/515 518/518/518
f 519/519/519 518/518/518 515/515/515
f 515/515/515 520/520/520 519/519/519
f 521/521/521 519/519/519 520/520/520
f 522/522/522 514/514/514 517/517/517
f 514/514/514 522/522/522 513/513/513
f 523/523/523 513/513/513 522/522/522
f 517/517/517 518/518/518 524/524/524
f 524/524/524 522/522/522 517/517/517
f 525/525/525 524/524/524 518/518/518
f 524/524/524 525/525/525 526/526/526
f 522/522/522 524/524/524 527/527/527
f 527/527/527 523/523/523 522/522/522
f 524/524/524 526/526/526 527/527/527
f 528/528/528 527/527/527 526/526/526
f 527/527/527 528/528/528 529/529/529
f 523/523/523 527/527/527 529/529/529
f 530/530/530 529/529/529 528/528/528
f 529/529/529 502/502/502 523/523/523
f 502/502/502 529/529/529 530/530/530
f 531/531/531 502/502/502 530/530/530
f 528/528/528 526/526/526 532/532/532
f 530/530/530 532/532/532 531/531/531
f 528/528/528 532/532/532 530/530/530
f 531/531/531 532/532/532 533/533/533
f 502/502/502 531/531/531 533/533/533
f 534/534/534 533/533/533 532/532/532
f 532/532/532 535/535/535 534/534/534
f 535/535/535 532/532/532 526/526/526
f 536/536/536 534/534/534 535/535/535
f 537/537/537 502/502/502 533/533/533
f 533/533/533 534/534/534 537/537/537
f 538/538/538 537/537/537 534/534/534
f 534/534/534 536/536/536 538/538/538
f 538/538/538 539/539/539 537/537/537
f 539/539/539 538/538/538 540/540/540
f 541/541/541 540/540/540 538/538/538
f 541/541/541 538/538/538 536/536/536
f 504/504/504 537/537/537 539/539/539
f 502/502/502 537/537/537 504/504/504
f 539/539/539 540/540/540 486/486/486
f 490/490/490 539/539/539 486/486/486
f 504/504/504 539/539/539 490/490/490
f 502/502/502 513/513/513 523/523/523
f 544/544/544 543/543/543 542/542/542
f 543/543/543 544/544/544 545/545/545
f 546/546/546 545/545/545 544/544/544
f 545/545/545 546/546/546 547/547/547
f 548/548/548 547/547/547 546/546/546
f 547/547/547 548/548/548 549/549/549
f 550/550/550 549/549/549 548/548/548
f 549/549/549 550/550/550 551/551/551
f 552/552/552 551/551/551 550/550/550
f 553/553/553 551/551/551 552/552/552
f 552/552/552 554/554/554 553/553/553
f 557/557/557 556/556/556 555/555/555
f 558/558/558 555/555/555 556/556/556
f 556/556/556 557/557/557 559/559/559
f 560/560/560 559/559/559 557/557/557
f 559/559/559 560/560/560 561/561/561
f 562/562/562 561/561/561 560/560/560
f 555/555/555 563/563/563 557/557/557
f 560/560/560 557/557/557 563/563/563
f 563/563/563 555/555/555 564/564/564
f 563/563/563 565/565/565 560/560/560
f 560/560/560 565/565/565 562/562/562
f 563/563/563 566/566/566 565/565/565
f 566/566/566 563/563/563 567/567/567
f 564/564/564 567/567/567 563/563/563
f 565/565/565 566/566/566 568/568/568
f 568/568/568 562/562/562 565/565/565
f 569/569/569 568/568/568 566/566/566
f 568/568/568 570/570/570 562/562/562
f 568/568/568 569/569/569 570/570/570
f 570/570/570 561/561/561 562/562/562
f 571/571/571 570/570/570 569/569/569
f 569/569/569 566/566/566 571/571/571
f 561/561/561 570/570/570 572/572/572
f 561/561/561 572/572/572 559/559/559
f 566/566/566 567/567/567 573/573/573
f 573/573/573 571/571/571 566/566/566
f 574/574/574 571/571/571 573/573/573
f 570/570/570 571/571/571 574/574/574
f 574/574/574 573/573/573 575/575/575
f 575/575/575 573/573/573 576/576/576
f 576/576/576 573/573/573 567/567/567
f 575/575/575 576/576/576 577/577/577
f 577/577/577 576/576/576 578/578/578
f 579/579/579 578/578/578 576/576/576
f 580/580/580 570/570/570 574/574/574
f 581/581/581 576/576/576 567/567/567
f 576/576/576 581/581/581 579/579/579
f 567/567/567 564/564/564 581/581/581
f 582/582/582 577/577/577 578/578/578
f 577/577/577 582/582/582 575/575/575
f 582/582/582 578/578/578 583/583/583
f 583/583/583 584/584/584 582/582/582
f 585/585/585 582/582/582 584/584/584
f 582/582/582 585/585/585 586/586/586
f 586/586/586 575/575/575 582/582/582
f 575/575/575 586/586/586 574/574/574
f 580/580/580 574/574/574 586/586/586
f 587/587/587 586/586/586 585/585/585
f 586/586/586 587/587/587 580/580/580
f 588/588/588 580/580/580 587/587/587
f 584/584/584 589/589/589 585/585/585
f 590/590/590 585/585/585 589/589/589
f 590/590/590 587/587/587 585/585/585
f 590/590/590 589/589/589 591/591/591
f 591/591/591 589/589/589 592/592/592
f 593/593/593 590/590/590 591/591/591
f 590/590/590 593/593/593 594/594/594
f 590/590/590 594/594/594 587/587/587
f 594/594/594 588/588/588 587/587/587
f 595/595/595 594/594/594 593/593/593
f 595/595/595 596/596/596 594/594/594
f 596/596/596 588/588/588 594/594/594
f 596/596/596 570/570/570 588/588/588
f 570/570/570 596/596/596 595/595/595
f 597/597/597 570/570/570 595/595/595
f 595/595/595 593/593/593 597/597/597
f 591/591/591 592/592/592 598/598/598
f 592/592/592 599/599/599 598/598/598
f 598/598/598 599/599/599 600/600/600
f 601/601/601 600/600/600 599/599/599
f 598/598/598 600/600/600 602/602/602
f 603/603/603 598/598/598 602/602/602
f 593/593/593 591/591/591 603/603/603
f 598/598/598 603/603/603 591/591/591
f 603/603/603 597/597/597 593/593/593
f 603/603/603 602/602/602 604/604/604
f 597/597/597 603/603/603 604/604/604
f 570/570/570 597/597/597 604/604/604
f 605/605/605 570/570/570 604/604/604
f 601/601/601 606/606/606 600/600/600
f 607/607/607 600/600/600 606/606/606
f 600/600/600 607/607/607 602/602/602
f 606/606/606 608/608/608 607/607/607
f 609/609/609 607/607/607 608/608/608
f 607/607/607 609/609/609 610/610/610
f 602/602/602 607/607/607 610/610/610
f 602/602/602 610/610/610 604/604/604
f 604/604/604 610/610/610 605/605/605
f 611/611/611 610/610/610 609/609/609
f 605/605/605 610/610/610 572/572/572
f 611/611/611 572/572/572 610/610/610
f 556/556/556 611/611/611 609/609/609
f 558/558/558 556/556/556 608/608/608
f 556/556/556 559/559/559 611/611/611
f 559/559/559 572/572/572 611/611/611
f 570/570/570 605/605/605 572/572/572
f 570/570/570 580/580/580 588/588/588
f 614/614/614 613/613/613 612/612/612
f 617/617/617 616/616/616 615/615/615
f 618/618/618 615/615/615 616/616/616
f 618/618/618 616/616/616 619/619/619
f 620/620/620 619/619/619 616/616/616
f 615/615/615 621/621/621 617/617/617
f 622/622/622 621/621/621 615/615/615
f 622/622/622 623/623/623 621/621/621
f 624/624/624 621/621/621 623/623/623
f 623/623/623 625/625/625 624/624/624
f 626/626/626 624/624/624 625/625/625
f 629/629/629 628/628/628 627/627/627
f 630/630/630 627/627/627 628/628/628
f 627/627/627 630/630/630 631/631/631
f 632/632/632 631/631/631 630/630/630
f 633/633/633 631/631/631 632/632/632
f 633/633/633 634/634/634 631/631/631
f 627/627/627 631/631/631 635/635/635
f 636/636/636 635/635/635 631/631/631
f 631/631/631 634/634/634 636/636/636
f 636/636/636 637/637/637 635/635/635
f 638/638/638 636/636/636 634/634/634
f 638/638/638 639/639/639 636/636/636
f 637/637/637 636/636/636 639/639/639
f 639/639/639 638/638/638 640/640/640
f 634/634/634 641/641/641 638/638/638
f 641/641/641 634/634/634 633/633/633
f 641/641/641 640/640/640 638/638/638
f 640/640/640 641/641/641 642/642/642
f 639/639/639 640/640/640 642/642/642
f 643/643/643 641/641/641 633/633/633
f 637/637/637 639/639/639 644/644/644
f 639/639/639 642/642/642 644/644/644
f 642/642/642 645/645/645 644/644/644
f 641/641/641 645/645/645 642/642/642
f 646/646/646 644/644/644 645/645/645
f 644/644/644 646/646/646 647/647/647
f 637/637/637 644/644/644 647/647/647
f 648/648/648 647/647/647 646/646/646
f 645/645/645 641/641/641 649/649/649
f 646/646/646 645/645/645 649/649/649
f 650/650/650 648/648/648 646/646/646
f 646/646/646 649/649/649 650/650/650
f 649/649/649 651/651/651 650/650/650
f 641/641/641 651/651/651 649/649/649
f 652/652/652 650/650/650 651/651/651
f 650/650/650 652/652/652 653/653/653
f 653/653/653 648/648/648 650/650/650
f 654/654/654 653/653/653 652/652/652
f 653/653/653 654/654/654 655/655/655
f 656/656/656 655/655/655 654/654/654
f 651/651/651 641/641/641 657/657/657
f 657/657/657 652/652/652 651/651/651
f 654/654/654 658/658/658 656/656/656
f 659/659/659 656/656/656 658/658/658
f 660/660/660 659/659/659 658/658/658
f 661/661/661 660/660/660 658/658/658
f 661/661/661 658/658/658 662/662/662
f 663/663/663 662/662/662 658/658/658
f 662/662/662 663/663/663 657/657/657
f 658/658/658 654/654/654 663/663/663
f 652/652/652 663/663/663 654/654/654
f 663/663/663 652/652/652 657/657/657
f 664/664/664 662/662/662 657/657/657
f 641/641/641 664/664/664 657/657/657
f 661/661/661 665/665/665 660/660/660
f 665/665/665 661/661/661 666/666/666
f 661/661/661 662/662/662 666/666/666
f 666/666/666 667/667/667 665/665/665
f 667/667/667 666/666/666 668/668/668
f 669/669/669 668/668/668 666/666/666
f 669/669/669 666/666/666 662/662/662
f 662/662/662 664/664/664 669/669/669
f 668/668/668 669/669/669 670/670/670
f 671/671/671 670/670/670 669/669/669
f 671/671/671 669/669/669 664/664/664
f 664/664/664 641/641/641 671/671/671
f 671/671/671 672/672/672 670/670/670
f 641/641/641 672/672/672 671/671/671
f 672/672/672 641/641/641 673/673/673
f 668/668/668 674/674/674 667/667/667
f 668/668/668 670/670/670 674/674/674
f 675/675/675 667/667/667 674/674/674
f 675/675/675 674/674/674 676/676/676
f 677/677/677 676/676/676 674/674/674
f 674/674/674 678/678/678 677/677/677
f 678/678/678 674/674/674 670/670/670
f 670/670/670 672/672/672 678/678/678
f 673/673/673 678/678/678 672/672/672
f 679/679/679 677/677/677 678/678/678
f 679/679/679 678/678/678 643/643/643
f 673/673/673 643/643/643 678/678/678
f 641/641/641 643/643/643 673/673/673
f 628/628/628 676/676/676 677/677/677
f 630/630/630 628/628/628 677/677/677
f 677/677/677 679/679/679 630/630/630
f 632/632/632 630/630/630 679/679/679
f 632/632/632 679/679/679 633/633/633
f 643/643/643 633/633/633 679/679/679
f 682/682/682 681/681/681 680/680/680
f 683/683/683 680/680/680 681/681/681
f 684/684/684 682/682/682 680/680/680
f 684/684/684 680/680/680 685/685/685
f 685/685/685 686/686/686 684/684/684
f 687/687/687 684/684/684 686/686/686
f 681/681/681 688/688/688 683/683/683
f 689/689/689 683/683/683 688/688/688
f 690/690/690 689/689/689 688/688/688
f 693/693/693 692/692/692 691/691/691
f 694/694/694 691/691/691 692/692/692
f 695/695/695 691/691/691 694/694/694
f 691/691/691 695/695/695 696/696/696
f 696/696/696 695/695/695 697/697/697
f 698/698/698 697/697/697 695/695/695
f 696/696/696 697/697/697 699/699/699
f 699/699/699 700/700/700 696/696/696
f 691/691/691 696/696/696 700/700/700
f 691/691/691 700/700/700 693/693/693
f 701/701/701 699/699/699 697/697/697
f 702/702/702 699/699/699 701/701/701
f 699/699/699 702/702/702 700/700/700
f 703/703/703 700/700/700 702/702/702
f 704/704/704 702/702/702 701/701/701
f 697/697/697 705/705/705 701/701/701
f 705/705/705 697/697/697 698/698/698
f 705/705/705 704/704/704 701/701/701
f 704/704/704 705/705/705 706/706/706
f 707/707/707 705/705/705 698/698/698
f 698/698/698 695/695/695 707/707/707
f 703/703/703 702/702/702 708/708/708
f 702/702/702 704/704/704 708/708/708
f 706/706/706 708/708/708 704/704/704
f 708/708/708 706/706/706 709/709/709
f 708/708/708 709/709/709 710/710/710
f 703/703/703 708/708/708 710/710/710
f 711/711/711 710/710/710 709/709/709
f 712/712/712 709/709/709 706/706/706
f 705/705/705 712/712/712 706/706/706
f 712/712/712 705/705/705 713/713/713
f 709/709/709 714/714/714 711/711/711
f 709/709/709 712/712/712 714/714/714
f 713/713/713 714/714/714 712/712/712
f 713/713/713 715/715/715 714/714/714
f 705/705/705 715/715/715 713/713/713
f 716/716/716 714/714/714 715/715/715
f 714/714/714 716/716/716 717/717/717
f 717/717/717 711/711/711 714/714/714
f 718/718/718 717/717/717 716/716/716
f 718/718/718 719/719/719 717/717/717
f 715/715/715 705/705/705 720/720/720
f 715/715/715 720/720/720 716/716/716
f 721/721/721 719/719/719 718/718/718
f 722/722/722 721/721/721 718/718/718
f 722/722/722 723/723/723 721/721/721
f 722/722/722 724/724/724 723/723/723
f 724/724/724 722/722/722 725/725/725
f 722/722/722 718/718/718 725/725/725
f 716/716/716 725/725/725 718/718/718
f 720/720/720 725/725/725 716/716/716
f 726/726/726 724/724/724 725/725/725
f 720/720/720 727/727/727 725/725/725
f 726/726/726 725/725/725 727/727/727
f 724/724/724 728/728/728 723/723/723
f 728/728/728 724/724/724 729/729/729
f 729/729/729 730/730/730 728/728/728
f 730/730/730 729/729/729 731/731/731
f 731/731/731 729/729/729 732/732/732
f 733/733/733 732/732/732 729/729/729
f 724/724/724 726/726/726 733/733/733
f 724/724/724 733/733/733 729/729/729
f 732/732/732 733/733/733 734/734/734
f 735/735/735 734/734/734 733/733/733
f 735/735/735 726/726/726 727/727/727
f 726/726/726 735/735/735 733/733/733
f 727/727/727 705/705/705 735/735/735
f 705/705/705 734/734/734 735/735/735
f 734/734/734 705/705/705 736/736/736
f 731/731/731 737/737/737 730/730/730
f 731/731/731 732/732/732 737/737/737
f 738/738/738 730/730/730 737/737/737
f 737/737/737 739/739/739 738/738/738
f 740/740/740 739/739/739 737/737/737
f 741/741/741 740/740/740 737/737/737
f 741/741/741 737/737/737 732/732/732
f 732/732/732 734/734/734 741/741/741
f 736/736/736 741/741/741 734/734/734
f 742/742/742 740/740/740 741/741/741
f 742/742/742 741/741/741 736/736/736
f 707/707/707 742/742/742 736/736/736
f 705/705/705 707/707/707 736/736/736
f 740/740/740 692/692/692 739/739/739
f 694/694/694 692/692/692 740/740/740
f 740/740/740 742/742/742 694/694/694
f 695/695/695 694/694/694 742/742/742
f 742/742/742 707/707/707 695/695/695
f 705/705/705 727/727/727 720/720/720
f 743/743/743 693/693/693 700/700/700
f 746/746/746 745/745/745 744/744/744
f 747/747/747 744/744/744 745/745/745
f 744/744/744 747/747/747 748/748/748
f 749/749/749 748/748/748 747/747/747
f 745/745/745 750/750/750 747/747/747
f 751/751/751 747/747/747 750/750/750
f 751/751/751 749/749/749 747/747/747
f 751/751/751 752/752/752 749/749/749
f 751/751/751 753/753/753 752/752/752
f 753/753/753 751/751/751 754/754/754
f 755/755/755 752/752/752 753/753/753
f 744/744/744 756/756/756 746/746/746
f 757/757/757 746/746/746 756/756/756
f 756/756/756 744/744/744 758/758/758
f 758/758/758 744/744/744 748/748/748
f 761/761/761 760/760/760 759/759/759
f 764/764/764 763/763/763 762/762/762
f 767/767/767 766/766/766 765/765/765
f 767/767/767 765/765/765 768/768/768
f 765/765/765 769/769/769 768/768/768
f 767/767/767 768/768/768 770/770/770
f 770/770/770 771/771/771 767/767/767
f 770/770/770 772/772/772 771/771/771
f 773/773/773 771/771/771 772/772/772
f 774/774/774 766/766/766 767/767/767
f 767/767/767 771/771/771 774/774/774
f 775/775/775 774/774/774 771/771/771
f 771/771/771 773/773/773 775/775/775
f 776/776/776 775/775/775 773/773/773
f 776/776/776 777/777/777 775/775/775
f 776/776/776 778/778/778 777/777/777
f 776/776/776 773/773/773 778/778/778
f 778/778/778 773/773/773 779/779/779
f 779/779/779 773/773/773 772/772/772
f 778/778/778 779/779/779 780/780/780
f 781/781/781 779/779/779 772/772/772
f 772/772/772 770/770/770 781/781/781
f 780/780/780 782/782/782 778/778/778
f 777/777/777 778/778/778 782/782/782
f 780/780/780 783/783/783 782/782/782
f 779/779/779 783/783/783 780/780/780
f 784/784/784 782/782/782 783/783/783
f 783/783/783 779/779/779 785/785/785
f 783/783/783 785/785/785 784/784/784
f 786/786/786 781/781/781 770/770/770
f 787/787/787 781/781/781 786/786/786
f 779/779/779 781/781/781 787/787/787
f 787/787/787 786/786/786 788/788/788
f 788/788/788 786/786/786 789/789/789
f 788/788/788 789/789/789 790/790/790
f 790/790/790 789/789/789 791/791/791
f 790/790/790 791/791/791 792/792/792
f 793/793/793 779/779/779 787/787/787
f 787/787/787 788/788/788 793/793/793
f 789/789/789 769/769/769 791/791/791
f 769/769/769 789/789/789 768/768/768
f 789/789/789 786/786/786 768/768/768
f 770/770/770 768/768/768 786/786/786
f 792/792/792 794/794/794 790/790/790
f 795/795/795 790/790/790 794/794/794
f 790/790/790 795/795/795 788/788/788
f 794/794/794 796/796/796 795/795/795
f 797/797/797 795/795/795 796/796/796
f 795/795/795 797/797/797 798/798/798
f 798/798/798 788/788/788 795/795/795
f 798/798/798 793/793/793 788/788/788
f 799/799/799 798/798/798 797/797/797
f 798/798/798 799/799/799 793/793/793
f 800/800/800 793/793/793 799/799/799
f 796/796/796 801/801/801 797/797/797
f 797/797/797 801/801/801 799/799/799
f 801/801/801 796/796/796 802/802/802
f 802/802/802 803/803/803 801/801/801
f 804/804/804 801/801/801 803/803/803
f 801/801/801 804/804/804 805/805/805
f 805/805/805 799/799/799 801/801/801
f 799/799/799 805/805/805 800/800/800
f 806/806/806 805/805/805 804/804/804
f 805/805/805 806/806/806 807/807/807
f 800/800/800 805/805/805 807/807/807
f 808/808/808 807/807/807 806/806/806
f 807/807/807 779/779/779 800/800/800
f 779/779/779 807/807/807 808/808/808
f 809/809/809 779/779/779 808/808/808
f 810/810/810 804/804/804 803/803/803
f 810/810/810 803/803/803 811/811/811
f 806/806/806 804/804/804 812/812/812
f 810/810/810 812/812/812 804/804/804
f 808/808/808 812/812/812 809/809/809
f 812/812/812 808/808/808 806/806/806
f 812/812/812 810/810/810 813/813/813
f 812/812/812 813/813/813 809/809/809
f 810/810/810 814/814/814 813/813/813
f 785/785/785 809/809/809 813/813/813
f 779/779/779 809/809/809 785/785/785
f 813/813/813 784/784/784 785/785/785
f 779/779/779 793/793/793 800/800/800
f 817/817/817 816/816/816 815/815/815
f 820/820/820 819/819/819 818/818/818
f 821/821/821 818/818/818 819/819/819
f 819/819/819 820/820/820 822/822/822
f 823/823/823 822/822/822 820/820/820
f 823/823/823 824/824/824 822/822/822
f 825/825/825 822/822/822 824/824/824
f 818/818/818 826/826/826 820/820/820
f 823/823/823 820/820/820 826/826/826
f 826/826/826 818/818/818 827/827/827
f 827/827/827 828/828/828 826/826/826
f 828/828/828 827/827/827 829/829/829
f 830/830/830 826/826/826 828/828/828
f 830/830/830 831/831/831 826/826/826
f 831/831/831 823/823/823 826/826/826
f 832/832/832 831/831/831 830/830/830
f 832/832/832 833/833/833 831/831/831
f 824/824/824 823/823/823 833/833/833
f 831/831/831 833/833/833 823/823/823
f 833/833/833 834/834/834 824/824/824
f 833/833/833 832/832/832 834/834/834
f 834/834/834 825/825/825 824/824/824
f 835/835/835 834/834/834 832/832/832
f 825/825/825 834/834/834 836/836/836
f 825/825/825 836/836/836 822/822/822
f 829/829/829 837/837/837 828/828/828
f 828/828/828 837/837/837 830/830/830
f 837/837/837 829/829/829 838/838/838
f 838/838/838 839/839/839 837/837/837
f 839/839/839 838/838/838 840/840/840
f 837/837/837 839/839/839 841/841/841
f 841/841/841 830/830/830 837/837/837
f 830/830/830 841/841/841 832/832/832
f 835/835/835 832/832/832 841/841/841
f 842/842/842 841/841/841 839/839/839
f 841/841/841 842/842/842 835/835/835
f 843/843/843 835/835/835 842/842/842
f 834/834/834 835/835/835 843/843/843
f 844/844/844 834/834/834 843/843/843
f 840/840/840 845/845/845 839/839/839
f 846/846/846 839/839/839 845/845/845
f 845/845/845 847/847/847 846/846/846
f 847/847/847 845/845/845 848/848/848
f 846/846/846 847/847/847 849/849/849
f 846/846/846 849/849/849 839/839/839
f 842/842/842 839/839/839 849/849/849
f 849/849/849 843/843/843 842/842/842
f 844/844/844 843/843/843 849/849/849
f 850/850/850 849/849/849 847/847/847
f 849/849/849 850/850/850 844/844/844
f 851/851/851 844/844/844 850/850/850
f 852/852/852 847/847/847 848/848/848
f 847/847/847 852/852/852 850/850/850
f 852/852/852 848/848/848 853/853/853
f 854/854/854 852/852/852 853/853/853
f 854/854/854 853/853/853 855/855/855
f 852/852/852 854/854/854 856/856/856
f 856/856/856 850/850/850 852/852/852
f 851/851/851 850/850/850 856/856/856
f 857/857/857 856/856/856 854/854/854
f 856/856/856 857/857/857 858/858/858
f 858/858/858 851/851/851 856/856/856
f 859/859/859 858/858/858 857/857/857
f 858/858/858 834/834/834 851/851/851
f 834/834/834 858/858/858 859/859/859
f 860/860/860 834/834/834 859/859/859
f 859/859/859 857/857/857 860/860/860
f 861/861/861 854/854/854 855/855/855
f 855/855/855 862/862/862 861/861/861
f 861/861/861 862/862/862 863/863/863
f 862/862/862 864/864/864 863/863/863
f 861/861/861 863/863/863 865/865/865
f 866/866/866 861/861/861 865/865/865
f 857/857/857 854/854/854 866/866/866
f 861/861/861 866/866/866 854/854/854
f 866/866/866 860/860/860 857/857/857
f 867/867/867 866/866/866 865/865/865
f 860/860/860 866/866/866 867/867/867
f 834/834/834 860/860/860 867/867/867
f 868/868/868 834/834/834 867/867/867
f 867/867/867 865/865/865 868/868/868
f 864/864/864 869/869/869 863/863/863
f 870/870/870 863/863/863 869/869/869
f 870/870/870 869/869/869 871/871/871
f 872/872/872 871/871/871 869/869/869
f 871/871/871 873/873/873 870/870/870
f 874/874/874 870/870/870 873/873/873
f 870/870/870 874/874/874 863/863/863
f 865/865/865 863/863/863 874/874/874
f 874/874/874 868/868/868 865/865/865
f 874/874/874 873/873/873 836/836/836
f 868/868/868 874/874/874 836/836/836
f 872/872/872 821/821/821 871/871/871
f 819/819/819 871/871/871 821/821/821
f 871/871/871 819/819/819 873/873/873
f 822/822/822 873/873/873 819/819/819
f 873/873/873 822/822/822 836/836/836
f 834/834/834 868/868/868 836/836/836
f 834/834/834 844/844/844 851/851/851
