g polySurface26
v 1309.648 281.7116 -892.4515
v 1314.869 287.1113 -897.6057
v 1310.632 281.513 -891.3305
v 1316.233 287.1324 -896.5826
v 1311.968 280.4497 -890.9153
v 1314.63 286.295 -899.0305
v 1309.294 280.9551 -893.7028
v 1315.275 284.9549 -899.864
v 1309.777 279.6864 -894.3521
v 1301.09 275.3874 -885.8688
v 1300.414 275.6716 -886.9474
v 1301.815 274.3776 -885.4744
v 1300.182 275.0639 -888.0775
v 1300.531 273.9202 -888.5978
v 1319.439 285.9185 -895.8193
v 1311.968 280.4497 -890.9153
v 1319.439 285.9185 -895.8193
v 1312.451 279.1812 -891.5641
v 1320.085 284.5783 -896.6526
v 1311.798 278.4503 -892.8974
v 1319.577 283.6154 -897.9652
v 1310.815 278.6489 -894.0181
v 1316.428 283.8752 -899.6174
v 1309.777 279.6864 -894.3521
v 1315.275 284.9549 -899.864
v 1301.932 272.6263 -887.1252
v 1302.164 273.2339 -885.9947
v 1301.815 274.3776 -885.4744
v 1301.256 272.9105 -888.2034
v 1300.531 273.9202 -888.5978
v 1409.981 271.4035 -905.0397
v 1431.487 242.1512 -899.5212
v 1408.066 271.2219 -901.1301
v 1429.261 242.2164 -895.5055
v 1404.773 268.9421 -899.4153
v 1425.504 240.1664 -893.8421
v 1430.878 240.009 -903.5375
v 1409.395 269.3803 -908.8534
v 1395.821 282.9178 -907.5498
v 1397.298 283.412 -911.3651
v 1393.156 280.3271 -905.7689
v 1396.722 281.5193 -914.9808
v 1384.997 290.121 -909.8175
v 1385.829 290.9658 -913.518
v 1383.226 287.1768 -908.0027
v 1385.234 289.2165 -916.9363
v 1375.344 293.6386 -910.1115
v 1375.313 294.7425 -913.5906
v 1374.732 290.4718 -908.4029
v 1374.655 293.1368 -916.802
v 1383.561 285.8977 -918.0699
v 1373.757 289.7622 -917.865
v 1366.743 294.2891 -908.81
v 1365.881 295.4086 -911.9183
v 1367.214 291.217 -907.3948
v 1365.132 293.9208 -914.8991
v 1364.936 290.6965 -916.0062
v 1381.553 283.8581 -909.137
v 1390.865 277.1567 -907.0665
v 1402.031 265.9 -900.8997
v 1422.416 237.202 -895.5055
v 1402.031 265.9 -900.8997
v 1422.416 237.202 -895.5055
v 1401.445 263.877 -904.7137
v 1421.807 235.0598 -899.5211
v 1403.359 264.0585 -908.6229
v 1424.034 234.9944 -903.5374
v 1406.653 266.338 -910.3376
v 1427.791 237.0446 -905.2007
v 1390.289 275.2643 -910.6817
v 1390.865 277.1567 -907.0665
v 1391.766 275.7581 -914.4974
v 1394.431 278.3491 -916.2778
v 1380.958 282.1086 -912.555
v 1381.553 283.8581 -909.137
v 1381.79 282.9534 -916.2552
v 1383.561 285.8977 -918.0699
v 1373.175 285.4918 -912.6769
v 1373.833 287.0974 -909.4651
v 1383.226 287.1768 -908.0027
v 1374.732 290.4718 -908.4029
v 1373.144 286.5956 -916.1558
v 1373.757 289.7622 -917.865
v 1367.018 287.9928 -908.502
v 1367.214 291.217 -907.3948
v 1366.269 286.5048 -911.4825
v 1365.406 287.6248 -914.5909
v 1364.936 290.6965 -916.0062
v 1385.234 289.2165 -916.9363
v 1396.722 281.5193 -914.9808
v 1409.395 269.3803 -908.8534
v 1430.878 240.009 -903.5375
v 1357.702 293.9879 -909.0754
v 1365.881 295.4086 -911.9183
v 1359.063 293.016 -906.3711
v 1366.743 294.2891 -908.81
v 1360.162 290.2399 -905.2784
v 1367.214 291.217 -907.3948
v 1365.132 293.9208 -914.8991
v 1356.878 292.5864 -911.8068
v 1364.936 290.6965 -916.0062
v 1357.072 289.6323 -912.9661
v 1351.993 290.7763 -903.2346
v 1350.492 291.6096 -905.6258
v 1353.261 288.2751 -902.3399
v 1349.638 290.2869 -908.1132
v 1349.931 287.5833 -909.2399
v 1345.043 288.3111 -899.8773
v 1343.706 289.0917 -902.0998
v 1346.167 285.9965 -899.0328
v 1342.941 287.8813 -904.3984
v 1343.195 285.3887 -905.4267
v 1337.798 286.2538 -896.9523
v 1336.876 287.0396 -899.1078
v 1338.532 284.0688 -896.0567
v 1336.305 285.9659 -901.2607
v 1336.42 283.6615 -902.1507
v 1327.815 284.7125 -894.9192
v 1327.499 285.4723 -896.9996
v 1327.968 282.6869 -893.9811
v 1327.206 284.5217 -899.0036
v 1327.106 282.4175 -899.7573
v 1320.841 285.9057 -895.0789
v 1321.132 286.5301 -896.9581
v 1320.201 284.4304 -893.598
v 1320.201 284.4304 -893.598
v 1321.115 285.6557 -898.7587
v 1320.8 283.7952 -899.4258
v 1310.344 288.8824 -897.4671
v 1311.019 289.3091 -899.0425
v 1309.552 287.4544 -896.793
v 1309.552 287.4544 -896.793
v 1311.183 288.4846 -900.596
v 1310.74 286.8916 -901.2175
v 1297.972 294.802 -902.9603
v 1298.79 295.0585 -904.2291
v 1297.058 293.6761 -902.4713
v 1299.031 294.2952 -905.5339
v 1297.058 293.6761 -902.4713
v 1309.552 287.4544 -896.793
v 1296.582 292.3405 -903.0482
v 1309.109 285.8617 -897.4144
v 1360.162 290.2399 -905.2784
v 1367.214 291.217 -907.3948
v 1360.355 287.2858 -906.4377
v 1367.018 287.9928 -908.502
v 1359.53 285.8842 -909.1696
v 1366.269 286.5048 -911.4825
v 1358.17 286.8561 -911.874
v 1365.406 287.6248 -914.5909
v 1357.072 289.6323 -912.9661
v 1364.936 290.6965 -916.0062
v 1353.555 285.5713 -903.4666
v 1353.261 288.2751 -902.3399
v 1352.701 284.2489 -905.9538
v 1351.2 285.0823 -908.3453
v 1349.931 287.5833 -909.2399
v 1346.422 283.5041 -900.0612
v 1346.167 285.9965 -899.0328
v 1345.656 282.2936 -902.3597
v 1344.32 283.0742 -904.5822
v 1343.195 285.3887 -905.4267
v 1338.647 281.7645 -896.9463
v 1338.532 284.0688 -896.0567
v 1338.077 280.6906 -899.0995
v 1337.155 281.4767 -901.2548
v 1336.42 283.6615 -902.1507
v 1327.869 280.5829 -894.7347
v 1327.968 282.6869 -893.9811
v 1327.575 279.6324 -896.7384
v 1327.26 280.3925 -898.8187
v 1327.106 282.4175 -899.7573
v 1319.869 281.6956 -896.0657
v 1319.886 282.5697 -894.2653
v 1320.201 284.4304 -893.598
v 1320.371 282.0377 -898.5689
v 1320.8 283.7952 -899.4258
v 1309.273 285.0373 -898.9674
v 1309.109 285.8617 -897.4144
v 1309.552 287.4544 -896.793
v 1309.948 285.4637 -900.5428
v 1310.74 286.8916 -901.2175
v 1296.823 291.5775 -904.3531
v 1296.582 292.3405 -903.0482
v 1297.64 291.8338 -905.6218
v 1298.555 292.9598 -906.1105
v 1299.031 294.2952 -905.5339
v 1311.183 288.4846 -900.596
v 1443.411 67.59219 -855.2653
v 1457.358 41.63448 -846.1538
v 1434.413 72.11158 -848.4744
v 1419.845 91.74833 -838.5314
v 1434.413 72.11158 -848.4744
v 1457.358 41.63448 -846.1538
v 1441.981 50.2307 -846.3199
v 1457.358 41.63448 -846.1538
v 1462.498 38.38476 -839.2494
v 1441.981 50.2307 -846.3199
v 1441.981 50.2307 -846.3199
v 1462.498 38.38476 -839.2494
v 1450.866 38.2419 -838.2101
v 1457.358 41.63448 -846.1538
v 1470.361 38.36636 -839.2597
v 1457.358 41.63448 -846.1538
v 1443.411 67.59219 -855.2653
v 1457.969 43.76465 -857.2004
v 1443.411 67.59219 -855.2653
v 1434.759 64.16756 -866.8598
v 1457.969 43.76465 -857.2004
v 1434.585 92.06647 -854.4405
v 1449.694 40.16477 -868.8921
v 1451.911 38.21086 -867.4193
v 1464.12 42.37498 -856.6458
v 1460.932 43.36459 -856.0239
v 1460.113 46.61825 -849.9836
v 1469.884 40.19503 -853.9044
v 1471.478 39.7002 -854.2152
v 1468.319 44.12896 -850.4266
v 1468.319 44.12896 -850.4266
v 1476.524 41.63965 -850.87
v 1479.991 37.22989 -858.5356
v 1483.631 43.15213 -852.3638
v 1434.585 92.06647 -854.4405
v 1443.411 67.59219 -855.2653
v 1424.643 104.104 -843.0206
v 1424.643 104.104 -843.0206
v 1419.845 91.74833 -838.5314
v 1411.424 113.1164 -842.2043
v 1406.77 98.17915 -835.1217
v 1426.896 126.5793 -852.829
v 1435.615 114.7285 -851.5062
v 1418.248 131.2595 -862.1445
v 1438.675 134.7966 -861.7073
v 1448.782 125.6314 -862.1649
v 1428.312 137.7484 -869.0894
v 1443.074 145.2173 -869.4699
v 1454.222 141.511 -872.9958
v 1431.77 144.4772 -874.1907
v 1426.97 139.6825 -884.3864
v 1424.756 132.3901 -879.5936
v 1418.248 131.2595 -862.1445
v 1431.42 133.7272 -894.0983
v 1427.786 123.4113 -887.4341
v 1416.473 124.6012 -872.2928
v 1418.248 131.2595 -862.1445
v 1401.92 115.4018 -851.3635
v 1418.275 114.2 -878.8305
v 1395.92 111.7965 -862.9161
v 1447.148 155.942 -879.1096
v 1436.428 153.1995 -882.7004
v 1436.428 153.1995 -882.7004
v 1457.737 155.7467 -883.9232
v 1431.856 149.1257 -892.5922
v 1436.428 153.1995 -882.7004
v 1446.527 202.4582 -891.5803
v 1449.556 202.8159 -901.2118
v 1461.992 152.7283 -894.3216
v 1437.828 200.3346 -886.9008
v 1436.428 153.1995 -882.7004
v 1428.556 197.69 -889.9155
v 1436.428 153.1995 -882.7004
v 1424.14 196.073 -898.8574
v 1436.111 146.1068 -902.9897
v 1427.169 196.4304 -908.4885
v 1432.54 256.8757 -905.1631
v 1430.115 257.1777 -897.9091
v 1423.388 256.1604 -894.4042
v 1416.298 254.4194 -896.7014
v 1412.998 252.9745 -903.4543
v 1415.422 252.6724 -910.7078
v 1421.439 291.0395 -903.0543
v 1423.669 289.688 -908.9307
v 1413.899 291.9217 -900.3978
v 1407.935 290.5057 -902.336
v 1405.295 288.5492 -907.8622
v 1395.952 311.6506 -913.4444
v 1398.209 313.7607 -908.7745
v 1394.568 322.1456 -916.8644
v 1396.636 324.3308 -912.6177
v 1416.088 311.4017 -909.3156
v 1406.925 313.6989 -907.467
v 1396.636 324.3308 -912.6177
v 1403.476 324.4705 -910.9642
v 1396.636 324.3308 -912.6177
v 1414.446 323.572 -913.4895
v 1418.139 309.1892 -913.9528
v 1416.408 320.9332 -917.5134
v 1407.251 363.0028 -933.9924
v 1402.205 364.4709 -933.8633
v 1398.661 363.0578 -934.9991
v 1398.661 363.0578 -934.9991
v 1397.41 359.7804 -936.8784
v 1405.669 386.0094 -959.1083
v 1403.03 385.6452 -959.8069
v 1403.03 385.6452 -959.8069
v 1401.628 383.717 -961.1885
v 1407.843 385.9419 -977.1108
v 1398.661 363.0578 -934.9991
v 1396.636 324.3308 -912.6177
v 1401.628 383.717 -961.1885
v 1398.661 363.0578 -934.9991
v 1402.286 381.3549 -962.4449
v 1407.214 384.344 -977.4503
v 1401.628 383.717 -961.1885
v 1407.892 382.7327 -977.4918
v 1402.286 381.3549 -962.4449
v 1411.424 113.1164 -842.2043
v 1401.92 115.4018 -851.3635
v 1406.77 98.17915 -835.1217
v 1416.473 124.6012 -872.2928
v 1395.92 111.7965 -862.9161
v 1401.92 115.4018 -851.3635
v 1406.77 98.17915 -835.1217
v 1393.608 98.58289 -842.3278
v 1403.203 85.23822 -829.4471
v 1389.069 83.24576 -835.667
v 1401.337 56.69837 -825.2106
v 1409.36 59.06744 -822.4747
v 1426.15 57.73895 -824.5087
v 1428.604 37.84732 -818.7251
v 1412.368 38.21074 -818.1124
v 1428.604 37.84732 -818.7251
v 1387.526 95.43634 -855.823
v 1401.92 115.4018 -851.3635
v 1395.92 111.7965 -862.9161
v 1385.044 78.87012 -848.3969
v 1393.936 89.13441 -866.5378
v 1399.734 103.2888 -872.1238
v 1395.92 111.7965 -862.9161
v 1418.275 114.2 -878.8305
v 1391.191 68.78753 -831.8068
v 1385.939 47.97757 -837.7474
v 1410.56 359.5554 -935.3418
v 1416.408 320.9332 -917.5134
v 1407.251 363.0028 -933.9924
v 1408.002 384.5964 -959.5037
v 1405.669 386.0094 -959.1083
v 1409.41 386.59 -976.6736
v 1405.669 386.0094 -959.1083
v 1410.998 385.9089 -976.3935
v 1409.41 386.59 -976.6736
v 1405.669 386.0094 -959.1083
v 1407.843 385.9419 -977.1108
v 1407.843 385.9419 -977.1108
v 1403.03 385.6452 -959.8069
v 1407.214 384.344 -977.4503
v 1411.675 384.2976 -976.4356
v 1408.66 382.234 -960.7599
v 1410.998 385.9089 -976.3935
v 1416.418 81.15013 -834.8921
v 1426.15 57.73895 -824.5087
v 1403.203 85.23822 -829.4471
v 1406.77 98.17915 -835.1217
v 1416.418 81.15013 -834.8921
v 1416.418 81.15013 -834.8921
v 1429.557 54.31872 -833.8669
v 1426.15 57.73895 -824.5087
v 1435.141 38.54705 -833.8264
v 1421.189 76.5801 -841.0467
v 1429.557 54.31872 -833.8669
v 1441.981 50.2307 -846.3199
v 1434.413 72.11158 -848.4744
v 1441.981 50.2307 -846.3199
v 1450.866 38.2419 -838.2101
v 1429.557 54.31872 -833.8669
v 1429.557 54.31872 -833.8669
v 1450.866 38.2419 -838.2101
v 1435.141 38.54705 -833.8264
v 1426.15 57.73895 -824.5087
v 1435.141 38.54705 -833.8264
v 1428.604 37.84732 -818.7251
v 1385.939 47.97757 -837.7474
v 1391.191 68.78753 -831.8068
v 1389.606 46.70258 -833.465
v 1396.737 49.92325 -829.7099
v 1401.337 56.69837 -825.2106
v 1403.777 38.2107 -815.2281
v 1399.611 39.04768 -827.7186
v 1399.611 39.04768 -827.7186
v 1379.728 45.43897 -838.5871
v 1389.606 46.70258 -833.465
v 1399.611 39.04768 -827.7186
v 1388.901 36.92821 -828.5606
v 1376.122 46.49558 -836.9716
v 1376.838 36.44318 -833.6116
v 1369.66 43.08762 -837.1656
v 1370.751 37.00808 -833.6062
v 1369.016 45.10125 -839.825
v 1379.728 45.43897 -838.5871
v 1389.606 46.70258 -833.465
v 1376.122 46.49558 -836.9716
v 1369.016 45.10125 -839.825
v 1370.587 38.20442 -842.1566
v 1385.939 47.97757 -837.7474
v 1387.489 38.43132 -839.5458
v 1395.365 47.69402 -854.759
v 1396.839 39.02537 -855.9555
v 1413.833 48.28682 -861.4426
v 1413.672 38.21079 -863.7037
v 1439.618 46.97783 -863.6322
v 1436.149 38.21086 -864.9009
v 1449.694 40.16477 -868.8921
v 1385.044 78.87012 -848.3969
v 1385.939 47.97757 -837.7474
v 1392.893 74.8173 -859.836
v 1395.365 47.69402 -854.759
v 1409.577 71.21711 -866.6645
v 1413.833 48.28682 -861.4426
v 1410.375 82.09621 -869.8031
v 1393.936 89.13441 -866.5378
v 1411.755 94.7696 -873.5603
v 1399.734 103.2888 -872.1238
v 1424.034 104.6813 -879.6236
v 1418.275 114.2 -878.8305
v 1433.413 99.3632 -870.9928
v 1428.337 88.33485 -866.5815
v 1433.413 99.3632 -870.9928
v 1436.254 114.7999 -888.5178
v 1427.786 123.4113 -887.4341
v 1447.032 111.5122 -881.1802
v 1442.549 130.031 -897.6241
v 1431.42 133.7272 -894.0983
v 1453.824 130.7868 -892.9039
v 1458.665 135.5392 -882.7024
v 1452.148 116.0378 -870.231
v 1433.413 99.3632 -870.9928
v 1454.222 141.511 -872.9958
v 1448.782 125.6314 -862.1649
v 1438.826 103.3672 -859.0891
v 1435.615 114.7285 -851.5062
v 1434.585 92.06647 -854.4405
v 1433.413 99.3632 -870.9928
v 1428.337 88.33485 -866.5815
v 1434.585 92.06647 -854.4405
v 1457.737 155.7467 -883.9232
v 1461.992 152.7283 -894.3216
v 1446.7 145.9117 -907.8037
v 1457.42 148.6543 -904.2131
v 1445.141 201.1984 -910.1536
v 1435.868 198.5535 -913.1677
v 1427.169 196.4304 -908.4885
v 1436.111 146.1068 -902.9897
v 1449.556 202.8159 -901.2118
v 1415.422 252.6724 -910.7078
v 1422.149 253.6899 -914.2128
v 1429.24 255.4309 -911.9156
v 1432.54 256.8757 -905.1631
v 1413.32 287.2432 -916.5226
v 1407.526 287.1979 -913.7384
v 1412.998 252.9745 -903.4543
v 1405.295 288.5492 -907.8622
v 1421.03 287.7313 -914.457
v 1423.669 289.688 -908.9307
v 1397.963 309.9001 -918.3567
v 1406.579 308.2264 -921.0102
v 1403.244 318.6053 -923.2297
v 1396.471 320.1976 -921.2995
v 1395.952 311.6506 -913.4444
v 1394.568 322.1456 -916.8644
v 1414.278 319.4691 -922.1889
v 1418.139 309.1892 -913.9528
v 1415.84 307.5618 -918.9099
v 1414.278 319.4691 -922.1889
v 1414.278 319.4691 -922.1889
v 1416.408 320.9332 -917.5134
v 1402.941 355.2796 -938.674
v 1399.182 356.5585 -938.4007
v 1407.772 356.5037 -937.3932
v 1414.278 319.4691 -922.1889
v 1404.618 379.942 -962.8401
v 1407.259 380.3064 -962.1418
v 1397.41 359.7804 -936.8784
v 1399.182 356.5585 -938.4007
v 1402.286 381.3549 -962.4449
v 1404.618 379.942 -962.8401
v 1410.56 359.5554 -935.3418
v 1414.278 319.4691 -922.1889
v 1409.479 382.0517 -977.2119
v 1404.618 379.942 -962.8401
v 1407.892 382.7327 -977.4918
v 1402.286 381.3549 -962.4449
v 1404.618 379.942 -962.8401
v 1411.046 382.7 -976.7747
v 1411.046 382.7 -976.7747
v 1407.259 380.3064 -962.1418
v 1428.337 88.33485 -866.5815
v 1434.759 64.16756 -866.8598
v 1434.585 92.06647 -854.4405
v 1435.615 114.7285 -851.5062
v 1434.585 92.06647 -854.4405
v 1424.643 104.104 -843.0206
v 1407.772 356.5037 -937.3932
v 1414.278 319.4691 -922.1889
v 1410.56 359.5554 -935.3418
v 1408.66 382.234 -960.7599
v 1407.259 380.3064 -962.1418
v 1408.66 382.234 -960.7599
v 1411.675 384.2976 -976.4356
v 1410.56 359.5554 -935.3418
v 1408.002 384.5964 -959.5037
v 1410.998 385.9089 -976.3935
v 1411.046 382.7 -976.7747
v 1407.259 380.3064 -962.1418
v 1411.675 384.2976 -976.4356
v 1407.214 384.344 -977.4503
v 1401.628 383.717 -961.1885
v 1407.892 382.7327 -977.4918
v 1434.759 64.16756 -866.8598
v 1439.618 46.97783 -863.6322
v 1449.694 40.16477 -868.8921
v 1424.643 104.104 -843.0206
v 1443.411 67.59219 -855.2653
v 1419.845 91.74833 -838.5314
v 1419.845 91.74833 -838.5314
v 1421.189 76.5801 -841.0467
v 1416.418 81.15013 -834.8921
v 1434.413 72.11158 -848.4744
v 1428.337 88.33485 -866.5815
v 1410.375 82.09621 -869.8031
v 1434.759 64.16756 -866.8598
v 1399.182 356.5585 -938.4007
v 1396.471 320.1976 -921.2995
v 1476.075 38.11945 -843.7763
v 1460.113 46.61825 -849.9836
v 1468.319 44.12896 -850.4266
v 1470.361 38.36636 -839.2597
v 1481.788 37.87247 -848.2929
v 1470.361 38.36636 -839.2597
v 1457.358 41.63448 -846.1538
v 1460.113 46.61825 -849.9836
v 1481.788 37.87247 -848.2929
v 1468.319 44.12896 -850.4266
v 1476.524 41.63965 -850.87
v 1483.631 43.15213 -852.3638
v 1490.404 36.38 -842.3393
v 1469.884 40.19503 -853.9044
v 1471.478 39.7002 -854.2152
v 1479.991 37.22989 -858.5356
v 1483.631 43.15213 -852.3638
v 1479.991 37.22989 -858.5356
v 1489.19 35.2918 -855.3361
v 1490.404 36.38 -842.3393
v 1483.631 43.15213 -852.3638
v 1489.19 35.2918 -855.3361
v 1457.358 41.63448 -846.1538
v 1457.969 43.76465 -857.2004
v 1460.113 46.61825 -849.9836
v 1449.694 40.16477 -868.8921
v 1436.149 38.21086 -864.9009
v 1451.911 38.21086 -867.4193
v 1401.337 56.69837 -825.2106
v 1412.368 38.21074 -818.1124
v 1403.777 38.2107 -815.2281
v 1387.489 38.43132 -839.5458
v 1385.939 47.97757 -837.7474
v 1379.526 37.54372 -840.0068
v 1379.728 45.43897 -838.5871
v 1379.526 37.54372 -840.0068
v 1379.728 45.43897 -838.5871
v 1370.587 38.20442 -842.1566
v 1414.825 330.4216 -920.9094
v 1409.036 311.4968 -919.09
v 1417.531 328.4731 -921.7438
v 1412.042 309.7193 -920.0386
v 1426.15 340.4994 -924.1544
v 1417.531 328.4731 -921.7438
v 1412.042 309.7193 -920.0386
v 1420.114 327.0275 -920.0016
v 1414.686 307.5269 -916.9815
v 1421.061 326.9323 -916.7047
v 1414.816 306.0128 -912.0191
v 1419.816 328.2433 -913.7811
v 1428.252 339.3944 -921.669
v 1428.729 338.7079 -918.2663
v 1427.16 339.0306 -915.543
v 1433.128 349.8802 -919.4551
v 1432.251 350.8816 -917.2945
v 1419.816 328.2433 -913.7811
v 1413.212 306.3323 -907.6287
v 1433.128 349.8802 -919.4551
v 1432.251 350.8816 -917.2945
v 1426.15 340.4994 -924.1544
v 1417.531 328.4731 -921.7438
v 1428.252 339.3944 -921.669
v 1432.908 350.2141 -922.2726
v 1431.709 351.6804 -924.1069
v 1433.128 349.8802 -919.4551
v 1442.492 357.1859 -920.2122
v 1441.863 359.0663 -921.6998
v 1441.794 356.3744 -917.9338
v 1430.241 353.4084 -923.8933
v 1423.597 341.4313 -924.1522
v 1426.15 340.4994 -924.1544
v 1433.128 349.8802 -919.4551
v 1440.459 356.9122 -916.4885
v 1433.128 349.8802 -919.4551
v 1432.251 350.8816 -917.2945
v 1423.597 341.4313 -924.1522
v 1414.825 330.4216 -920.9094
v 1426.15 340.4994 -924.1544
v 1440.568 360.7204 -921.8233
v 1430.241 353.4084 -923.8933
v 1441.863 359.0663 -921.6998
v 1419.816 328.2433 -913.7811
v 1413.212 306.3323 -907.6287
v 1417.109 330.1929 -912.9451
v 1424.023 340.0951 -915.0842
v 1410.212 308.1012 -906.7094
v 1414.527 331.6383 -914.6873
v 1421.792 341.3236 -917.3161
v 1429.609 354.1138 -918.8623
v 1430.788 352.631 -917.0546
v 1427.16 339.0306 -915.543
v 1419.816 328.2433 -913.7811
v 1429.379 354.421 -921.7155
v 1421.415 341.876 -921.0002
v 1414.527 331.6383 -914.6873
v 1413.58 331.733 -917.9849
v 1405.583 313.4407 -907.6
v 1430.241 353.4084 -923.8933
v 1423.597 341.4313 -924.1522
v 1413.58 331.733 -917.9849
v 1438.271 360.6429 -917.8226
v 1438.894 358.7619 -916.3307
v 1432.251 350.8816 -917.2945
v 1438.981 361.4556 -920.1097
v 1440.568 360.7204 -921.8233
v 1440.568 360.7204 -921.8233
v 1403.008 318.6699 -911.0355
v 1414.825 330.4216 -920.9094
v 1423.597 341.4313 -924.1522
v 1414.527 331.6383 -914.6873
v 1410.212 308.1012 -906.7094
v 1405.583 313.4407 -907.6
v 1413.58 331.733 -917.9849
v 1405.583 313.4407 -907.6
v 1403.008 318.6699 -911.0355
v 1414.825 330.4216 -920.9094
v 1403.008 318.6699 -911.0355
v 1409.036 311.4968 -919.09
v 1440.459 356.9122 -916.4885
v 1432.251 350.8816 -917.2945
v 1438.894 358.7619 -916.3307
v 1410.368 366.1581 -943.4293
v 1401.955 363.7737 -939.2789
v 1411.567 364.2725 -945.257
v 1420.693 372.0833 -950.114
v 1410.368 366.1581 -943.4293
v 1402.466 364.601 -936.3895
v 1401.955 363.7737 -939.2789
v 1408.811 372.7204 -940.4871
v 1402.466 364.601 -936.3895
v 1410.368 366.1581 -943.4293
v 1419.622 373.9488 -949.3503
v 1429.629 375.9749 -952.8992
v 1420.693 372.0833 -950.114
v 1429.038 377.5782 -952.039
v 1444.843 376.5655 -956.905
v 1408.811 372.7204 -940.4871
v 1404.012 363.9589 -934.2797
v 1402.466 364.601 -936.3895
v 1410.702 371.9512 -938.4521
v 1406.534 362.2463 -934.1726
v 1412.886 370.0738 -938.3054
v 1420.077 373.502 -943.446
v 1421.321 371.1877 -942.3594
v 1419.267 374.7297 -946.2257
v 1430.62 377.4348 -948.0438
v 1431.812 375.7487 -947.2872
v 1429.458 378.1844 -950.0267
v 1429.038 377.5782 -952.039
v 1443.928 378.0131 -951.765
v 1444.614 375.833 -950.9194
v 1443.737 379.0777 -954.001
v 1444.131 378.4015 -956.2761
v 1444.131 378.4015 -956.2761
v 1408.811 372.7204 -940.4871
v 1419.622 373.9488 -949.3503
v 1429.038 377.5782 -952.039
v 1419.622 373.9488 -949.3503
v 1410.368 366.1581 -943.4293
v 1420.693 372.0833 -950.114
v 1444.131 378.4015 -956.2761
v 1429.038 377.5782 -952.039
v 1444.843 376.5655 -956.905
v 1411.567 364.2725 -945.257
v 1401.955 363.7737 -939.2789
v 1402.143 353.9306 -939.5571
v 1411.567 364.2725 -945.257
v 1402.143 353.9306 -939.5571
v 1413.752 362.3951 -945.1105
v 1404.657 352.211 -939.4656
v 1415.642 361.6254 -943.0753
v 1406.212 351.5779 -937.3361
v 1416.132 362.4147 -940.3423
v 1406.729 352.412 -934.431
v 1421.985 369.8662 -948.79
v 1422.719 368.553 -946.2615
v 1422.572 369.0326 -943.6559
v 1431.985 373.5311 -950.1709
v 1430.849 374.2946 -952.13
v 1420.693 372.0833 -950.114
v 1411.567 364.2725 -945.257
v 1432.385 374.1335 -948.1663
v 1431.812 375.7487 -947.2872
v 1421.321 371.1877 -942.3594
v 1416.132 362.4147 -940.3423
v 1445.729 373.3214 -953.8427
v 1445.532 374.3855 -956.0664
v 1429.629 375.9749 -952.8992
v 1420.693 372.0833 -950.114
v 1444.843 376.5655 -956.905
v 1445.379 373.8136 -951.932
v 1444.614 375.833 -950.9194
v 1421.321 371.1877 -942.3594
v 1416.132 362.4147 -940.3423
v 1412.886 370.0738 -938.3054
v 1406.729 352.412 -934.431
v 1406.534 362.2463 -934.1726
v 1416.132 362.4147 -940.3423
v 1406.729 352.412 -934.431
v 1412.886 370.0738 -938.3054
v 1400.14 380.3069 -950.3054
v 1406.378 361.4398 -935.0339
v 1396.474 378.3159 -946.3165
v 1403.134 360.8867 -933.2515
v 1408.014 359.9655 -938.0748
v 1402.469 380.3894 -955.3801
v 1387.852 388.4288 -955.264
v 1389.959 389.8787 -956.4306
v 1392.558 388.2209 -958.7952
v 1396.474 378.3159 -946.3165
v 1403.134 360.8867 -933.2515
v 1393.852 375.9312 -946.5641
v 1400.191 358.6216 -933.8003
v 1393.089 373.2636 -948.7788
v 1399.866 356.0883 -935.951
v 1386.804 385.0393 -955.5069
v 1387.369 381.7389 -956.8933
v 1389.959 389.8787 -956.4306
v 1400.14 380.3069 -950.3054
v 1387.852 388.4288 -955.264
v 1387.852 388.4288 -955.264
v 1396.474 378.3159 -946.3165
v 1386.804 385.0393 -955.5069
v 1392.558 388.2209 -958.7952
v 1400.199 374.963 -953.2824
v 1402.469 380.3894 -955.3801
v 1407.681 357.4396 -940.2
v 1400.199 374.963 -953.2824
v 1404.744 355.1681 -940.7697
v 1407.681 357.4396 -940.2
v 1397.578 372.5782 -953.5305
v 1393.237 384.7987 -960.4764
v 1397.578 372.5782 -953.5305
v 1401.508 354.6075 -939.0132
v 1404.744 355.1681 -940.7697
v 1394.633 371.8745 -951.6645
v 1399.866 356.0883 -935.951
v 1393.089 373.2636 -948.7788
v 1389.375 380.2886 -959.0263
v 1387.369 381.7389 -956.8933
v 1392.096 381.6576 -960.6652
v 1389.375 380.2886 -959.0263
v 1394.633 371.8745 -951.6645
v 1392.096 381.6576 -960.6652
v 1392.096 381.6576 -960.6652
v 1397.578 372.5782 -953.5305
v 1393.237 384.7987 -960.4764
v 1384.155 380.3568 -971.7695
v 1385.326 382.7943 -971.6217
v 1377.373 382.142 -979.9118
v 1376.625 379.2775 -979.4185
v 1382.541 379.3417 -970.358
v 1389.375 380.2886 -959.0263
v 1392.096 381.6576 -960.6652
v 1374.616 377.9337 -977.7498
v 1381.443 380.3473 -968.1967
v 1387.369 381.7389 -956.8933
v 1389.375 380.2886 -959.0263
v 1386.804 385.0393 -955.5069
v 1372.861 378.8095 -976.2511
v 1381.5 382.7864 -966.5505
v 1371.892 381.5269 -975.2736
v 1385.326 382.7943 -971.6217
v 1392.096 381.6576 -960.6652
v 1402.469 380.3894 -955.3801
v 1407.681 357.4396 -940.2
v 1408.014 359.9655 -938.0748
v 1393.237 384.7987 -960.4764
v 1400.199 374.963 -953.2824
v 1392.558 388.2209 -958.7952
v 1385.391 385.2436 -969.9299
v 1385.326 382.7943 -971.6217
v 1384.305 386.2558 -967.7468
v 1374.298 385.8294 -977.0632
v 1376.39 384.8674 -978.9293
v 1377.373 382.142 -979.9118
v 1384.305 386.2558 -967.7468
v 1392.558 388.2209 -958.7952
v 1389.959 389.8787 -956.4306
v 1384.305 386.2558 -967.7468
v 1389.959 389.8787 -956.4306
v 1382.689 385.234 -966.3701
v 1387.852 388.4288 -955.264
v 1372.647 384.3868 -975.769
v 1371.892 381.5269 -975.2736
v 1381.5 382.7864 -966.5505
v 1387.852 388.4288 -955.264
v 1386.804 385.0393 -955.5069
v 1381.443 380.3473 -968.1967
v 1374.298 385.8294 -977.0632
v 1384.305 386.2558 -967.7468
v 1372.647 384.3868 -975.769
v 1388.645 386.513 -959.6453
v 1378.289 382.9296 -962.7678
v 1380.703 383.5526 -963.8862
v 1389.731 385.5173 -961.8854
v 1381.616 383.0395 -966.8708
v 1378.289 382.9296 -962.7678
v 1388.645 386.513 -959.6453
v 1384.533 384.0102 -960.4559
v 1376.944 381.1692 -962.265
v 1383.6 381.93 -960.1619
v 1384.533 384.0102 -960.4559
v 1388.645 386.513 -959.6453
v 1387.46 384.9636 -956.4377
v 1383.6 381.93 -960.1619
v 1383.6 381.93 -960.1619
v 1387.46 384.9636 -956.4377
v 1386.916 382.5713 -956.376
v 1381.616 383.0395 -966.8708
v 1389.886 383.1986 -963.206
v 1389.731 385.5173 -961.8854
v 1381.433 381.3417 -968.0137
v 1372.674 383.477 -967.0903
v 1380.703 383.5526 -963.8862
v 1378.289 382.9296 -962.7678
v 1374.08 384.6647 -969.4533
v 1381.616 383.0395 -966.8708
v 1374.943 384.1196 -971.2252
v 1372.674 383.477 -967.0903
v 1378.289 382.9296 -962.7678
v 1372.488 381.4678 -966.6292
v 1372.488 381.4678 -966.6292
v 1378.289 382.9296 -962.7678
v 1376.944 381.1692 -962.265
v 1384.533 384.0102 -960.4559
v 1374.943 384.1196 -971.2252
v 1381.433 381.3417 -968.0137
v 1381.616 383.0395 -966.8708
v 1375.444 382.2995 -972.1714
v 1383.6 381.93 -960.1619
v 1386.916 382.5713 -956.376
v 1383.583 379.9659 -961.2707
v 1387.073 380.3305 -957.4758
v 1384.482 379.2118 -963.2916
v 1387.836 379.4436 -959.4039
v 1376.771 379.4789 -963.3779
v 1377.864 378.846 -965.4626
v 1374.521 379.2515 -970.1362
v 1376.944 381.1692 -962.265
v 1383.6 381.93 -960.1619
v 1372.98 379.6528 -967.5682
v 1376.771 379.4789 -963.3779
v 1389.285 380.972 -963.0794
v 1384.482 379.2118 -963.2916
v 1387.836 379.4436 -959.4039
v 1377.864 378.846 -965.4626
v 1384.482 379.2118 -963.2916
v 1380.271 379.4638 -966.6045
v 1381.433 381.3417 -968.0137
v 1375.444 382.2995 -972.1714
v 1377.864 378.846 -965.4626
v 1389.285 380.972 -963.0794
v 1380.271 379.4638 -966.6045
v 1375.261 380.2878 -971.7139
v 1374.521 379.2515 -970.1362
v 1375.261 380.2878 -971.7139
v 1372.98 379.6528 -967.5682
v 1376.944 381.1692 -962.265
v 1376.771 379.4789 -963.3779
v 1372.488 381.4678 -966.6292
v 1376.944 381.1692 -962.265
v 1372.98 379.6528 -967.5682
v 1375.261 380.2878 -971.7139
v 1380.271 379.4638 -966.6045
v 1375.444 382.2995 -972.1714
v 1381.433 381.3417 -968.0137
v 1389.285 380.972 -963.0794
v 1389.886 383.1986 -963.206
v 1384.317 381.1786 -955.8386
v 1393.508 382.2767 -958.9871
v 1384.645 381.7001 -953.8776
v 1394.47 382.9175 -956.8006
v 1384.947 380.6631 -952.1285
v 1395.393 381.6832 -954.8673
v 1385.047 378.6748 -951.6165
v 1395.737 379.2965 -954.3192
v 1393.072 380.1367 -960.1453
v 1384.156 379.4036 -956.8633
v 1376.46 381.8952 -954.8636
v 1376.673 381.4697 -956.4482
v 1376.031 381.5322 -953.1464
v 1376.031 381.5322 -953.1464
v 1375.924 379.934 -952.7318
v 1376.031 381.5322 -953.1464
v 1376.748 380.0388 -957.2758
v 1367.365 381.8808 -958.6288
v 1367.817 381.5529 -959.715
v 1366.906 381.2827 -957.6684
v 1366.906 381.2827 -957.6684
v 1366.71 380.1085 -957.3953
v 1366.906 381.2827 -957.6684
v 1367.998 380.4906 -960.2897
v 1355.157 382.305 -965.6641
v 1355.58 382.0795 -966.3068
v 1354.733 381.9222 -965.1025
v 1354.554 381.1556 -964.9512
v 1354.733 381.9222 -965.1025
v 1355.753 381.3781 -966.6538
v 1385.047 378.6748 -951.6165
v 1395.737 379.2965 -954.3192
v 1384.886 376.9001 -952.6407
v 1395.299 377.1557 -955.4775
v 1384.559 376.3784 -954.6017
v 1394.338 376.5154 -957.6632
v 1384.256 377.4153 -956.3509
v 1393.415 377.7497 -959.5972
v 1384.156 379.4036 -956.8633
v 1393.072 380.1367 -960.1453
v 1375.998 378.5031 -953.5591
v 1375.924 379.934 -952.7318
v 1376.413 377.611 -955.4473
v 1376.64 378.4406 -956.8609
v 1376.748 380.0388 -957.2758
v 1367.344 378.7185 -959.0558
v 1366.892 379.0464 -957.97
v 1366.71 380.1085 -957.3953
v 1367.803 379.3166 -960.0169
v 1367.998 380.4906 -960.2897
v 1354.727 380.4543 -965.2982
v 1354.554 381.1556 -964.9512
v 1355.15 380.2289 -965.9409
v 1355.575 380.6117 -966.5024
v 1355.753 381.3781 -966.6538
v 1350.983 291.1523 -902.3855
v 1357.667 307.6012 -895.3582
v 1347.622 306.9529 -890.2877
v 1350.983 291.1523 -902.3855
v 1337.612 306.9872 -890.8138
v 1350.983 291.1523 -902.3855
v 1337.612 306.9872 -890.8138
v 1329.083 308.0057 -898.8666
v 1329.406 309.3777 -909.6863
v 1350.983 291.1523 -902.3855
v 1328.133 308.6907 -904.2313
v 1350.983 291.1523 -902.3855
v 1329.083 308.0057 -898.8666
v 1328.133 308.6907 -904.2313
v 1350.983 291.1523 -902.3855
v 1329.406 309.3777 -909.6863
v 1334.738 310.3891 -916.7825
v 1350.983 291.1523 -902.3855
v 1358.691 308.5831 -903.6031
v 1357.667 307.6012 -895.3582
v 1350.983 291.1523 -902.3855
v 1356.188 309.4549 -910.4494
v 1358.691 308.5831 -903.6031
v 1356.188 309.4549 -910.4494
v 1350.983 291.1523 -902.3855
v 1350.321 309.6769 -912.733
v 1346.274 309.6477 -913.9268
v 1343.736 309.9915 -915.9516
v 1339.9 310.2988 -917.8026
v 1350.983 291.1523 -902.3855
v 1350.983 291.1523 -902.3855
v 1334.738 310.3891 -916.7825
v 1331.476 284.6459 -901.1466
v 1338.064 297.8527 -897.7964
v 1328.544 302.2818 -895.5804
v 1316.782 305.748 -894.7912
v 1331.476 284.6459 -901.1466
v 1316.782 305.748 -894.7912
v 1310.672 303.1835 -904.6113
v 1331.476 284.6459 -901.1466
v 1340.182 297.9488 -906.9188
v 1338.064 297.8527 -897.7964
v 1341.38 296.6582 -917.8236
v 1341.38 296.6582 -917.8236
v 1331.476 284.6459 -901.1466
v 1335.058 295.3686 -922.6552
v 1335.058 295.3686 -922.6552
v 1331.476 284.6459 -901.1466
v 1329.953 296.9361 -919.7756
v 1331.476 284.6459 -901.1466
v 1310.672 303.1835 -904.6113
v 1313.005 300.9814 -911.5284
v 1312.738 299.1162 -917.1068
v 1331.476 284.6459 -901.1466
v 1313.005 300.9814 -911.5284
v 1331.476 284.6459 -901.1466
v 1312.738 299.1162 -917.1068
v 1319.685 298.2167 -920.8054
v 1331.476 284.6459 -901.1466
v 1319.685 298.2167 -920.8054
v 1322.607 296.1451 -924.201
v 1327.594 296.2332 -923.1563
v 1331.476 284.6459 -901.1466
v 1322.607 296.1451 -924.201
v 1331.476 284.6459 -901.1466
v 1329.953 296.9361 -919.7756
v 1299.038 294.4176 -901.6729
v 1304.322 311.2109 -892.2481
v 1292.972 309.3029 -888.0001
v 1290.305 307.4644 -886.2546
v 1299.038 294.4176 -901.6729
v 1299.038 294.4176 -901.6729
v 1281.072 306.446 -889.5745
v 1276.344 305.7544 -894.0195
v 1290.305 307.4644 -886.2546
v 1287.06 307.5648 -888.6629
v 1299.038 294.4176 -901.6729
v 1287.06 307.5648 -888.6629
v 1281.072 306.446 -889.5745
v 1299.038 294.4176 -901.6729
v 1308.59 313.5257 -901.4208
v 1304.322 311.2109 -892.2481
v 1299.038 294.4176 -901.6729
v 1304.924 314.7228 -909.9689
v 1308.59 313.5257 -901.4208
v 1304.924 314.7228 -909.9689
v 1299.038 294.4176 -901.6729
v 1297.337 314.5782 -915.2318
v 1290.594 312.8524 -916.7191
v 1284.379 310.5829 -916.6165
v 1299.038 294.4176 -901.6729
v 1279.345 308.184 -914.4464
v 1299.038 294.4176 -901.6729
v 1276.344 305.7544 -894.0195
v 1274.738 306.5618 -900.7795
v 1279.704 307.8069 -909.7519
v 1279.345 308.184 -914.4464
v 1278.339 307.7563 -904.5594
v 1299.038 294.4176 -901.6729
v 1274.738 306.5618 -900.7795
v 1299.038 294.4176 -901.6729
v 1278.339 307.7563 -904.5594
v 1279.704 307.8069 -909.7519
v 1275.291 296.9146 -909.0926
v 1270.957 310.6559 -898.8354
v 1266.107 309.3162 -899.217
v 1263.209 305.5632 -898.9877
v 1275.291 296.9146 -909.0926
v 1257.895 300.9408 -899.6965
v 1253.521 297.2216 -899.4639
v 1275.291 296.9146 -909.0926
v 1253.521 297.2216 -899.4639
v 1250.87 295.4301 -902.8719
v 1275.291 296.9146 -909.0926
v 1249.12 294.7676 -907.5449
v 1251.728 297.1908 -913.1977
v 1275.291 296.9146 -909.0926
v 1249.12 294.7676 -907.5449
v 1252.614 297.9163 -918.0361
v 1275.291 296.9146 -909.0926
v 1255.946 302.2189 -919.063
v 1258.005 306.2552 -920.4841
v 1261.192 311.598 -922.074
v 1263.392 313.9068 -920.2506
v 1275.291 296.9146 -909.0926
v 1261.192 311.598 -922.074
v 1267.105 316.0076 -916.5159
v 1275.291 296.9146 -909.0926
v 1267.105 316.0076 -916.5159
v 1271.15 314.5712 -907.4308
v 1275.291 296.9146 -909.0926
v 1271.15 314.5712 -907.4308
v 1270.957 310.6559 -898.8354
v 1292.736 297.3881 -922.3508
v 1289.532 309.1426 -923.2181
v 1280.694 314.8579 -918.9416
v 1274.675 318.7439 -916.1396
v 1298.977 312.5792 -930.3057
v 1292.736 297.3881 -922.3508
v 1269.998 308.4864 -924.1403
v 1268.188 309.7338 -928.6436
v 1271.866 305.8838 -935.2747
v 1274.675 318.7439 -916.1396
v 1276.811 304.0825 -940.7573
v 1292.736 297.3881 -922.3508
v 1271.866 305.8838 -935.2747
v 1292.736 297.3881 -922.3508
v 1276.811 304.0825 -940.7573
v 1278.555 299.9861 -944.4794
v 1283.724 296.6058 -949.5607
v 1286.338 299.7144 -945.593
v 1292.736 297.3881 -922.3508
v 1283.724 296.6058 -949.5607
v 1292.736 297.3881 -922.3508
v 1286.338 299.7144 -945.593
v 1289.555 297.081 -950.2967
v 1296.519 302.0704 -945.4677
v 1292.736 297.3881 -922.3508
v 1289.555 297.081 -950.2967
v 1299.813 307.065 -940.414
v 1292.736 297.3881 -922.3508
v 1296.519 302.0704 -945.4677
v 1292.736 297.3881 -922.3508
v 1299.813 307.065 -940.414
v 1298.977 312.5792 -930.3057
v 1317.671 277.8154 -913.7083
v 1319.335 292.5479 -910.3721
v 1313.535 296.4235 -909.7224
v 1317.671 277.8154 -913.7083
v 1302.24 303.739 -913.3993
v 1317.671 277.8154 -913.7083
v 1302.24 303.739 -913.3993
v 1295.505 298.9185 -921.7905
v 1317.671 277.8154 -913.7083
v 1320.402 293.5542 -912.0557
v 1319.335 292.5479 -910.3721
v 1317.671 277.8154 -913.7083
v 1322.8 292.3563 -922.6967
v 1320.402 293.5542 -912.0557
v 1319.116 292.8608 -929.14
v 1317.671 277.8154 -913.7083
v 1316.401 291.6845 -930.9277
v 1317.671 277.8154 -913.7083
v 1295.505 298.9185 -921.7905
v 1295.653 296.0192 -926.4689
v 1297.992 293.2069 -930.7857
v 1317.671 277.8154 -913.7083
v 1295.653 296.0192 -926.4689
v 1317.671 277.8154 -913.7083
v 1297.992 293.2069 -930.7857
v 1304.671 289.356 -936.6966
v 1317.671 277.8154 -913.7083
v 1304.671 289.356 -936.6966
v 1310.439 287.2336 -939.2797
v 1314.083 288.5435 -936.6407
v 1317.671 277.8154 -913.7083
v 1310.439 287.2336 -939.2797
v 1317.671 277.8154 -913.7083
v 1316.401 291.6845 -930.9277
v 1319.565 274.9172 -930.5885
v 1318.481 283.7379 -937.3552
v 1311.878 285.634 -934.4778
v 1325.937 285.5437 -940.9843
v 1319.565 274.9172 -930.5885
v 1311.878 285.634 -934.4778
v 1306.096 287.869 -935.9299
v 1319.565 274.9172 -930.5885
v 1303.41 287.7259 -940.0674
v 1302.263 286.8349 -944.5465
v 1306.096 287.869 -935.9299
v 1319.565 274.9172 -930.5885
v 1302.263 286.8349 -944.5465
v 1306.714 283.8955 -946.8979
v 1307.752 279.4298 -951.8662
v 1319.565 274.9172 -930.5885
v 1306.714 283.8955 -946.8979
v 1311.245 274.0441 -955.709
v 1319.565 274.9172 -930.5885
v 1311.245 274.0441 -955.709
v 1314.729 275.1652 -952.1277
v 1318.032 274.0532 -953.8665
v 1319.565 274.9172 -930.5885
v 1323.569 272.3961 -955.5751
v 1327.816 274.57 -953.7448
v 1328.802 281.1482 -946.8386
v 1319.565 274.9172 -930.5885
v 1327.816 274.57 -953.7448
v 1319.565 274.9172 -930.5885
v 1328.802 281.1482 -946.8386
v 1325.937 285.5437 -940.9843
v 1362.141 291.9262 -914.4722
v 1366.697 303.2462 -915.158
v 1355.674 303.0762 -912.8113
v 1362.141 291.9262 -914.4722
v 1355.674 303.0762 -912.8113
v 1346.443 299.6701 -914.72
v 1362.141 291.9262 -914.4722
v 1346.443 299.6701 -914.72
v 1340.958 292.3967 -922.1799
v 1362.141 291.9262 -914.4722
v 1340.958 292.3967 -922.1799
v 1341.748 289.0123 -926.4313
v 1344.654 286.2536 -930.4055
v 1362.141 291.9262 -914.4722
v 1341.748 289.0123 -926.4313
v 1351.874 283.8766 -935.0983
v 1362.141 291.9262 -914.4722
v 1357.065 284.7268 -934.9305
v 1360.095 286.9261 -932.8763
v 1362.141 291.9262 -914.4722
v 1361.852 288.816 -930.8767
v 1365.26 290.8736 -929.476
v 1370.046 294.0427 -926.8818
v 1362.141 291.9262 -914.4722
v 1370.046 294.0427 -926.8818
v 1370.25 298.7607 -921.2608
v 1362.141 291.9262 -914.4722
v 1370.25 298.7607 -921.2608
v 1366.697 303.2462 -915.158
v 1342.047 281.3866 -921.3886
v 1346.995 289.5404 -920.5533
v 1337.213 293.3345 -919.7214
v 1342.047 281.3866 -921.3886
v 1323.988 291.639 -921.7911
v 1342.047 281.3866 -921.3886
v 1323.988 291.639 -921.7911
v 1319.985 285.9889 -931.2192
v 1342.047 281.3866 -921.3886
v 1319.985 285.9889 -931.2192
v 1323.331 282.7728 -936.5849
v 1326.682 280.7175 -939.9122
v 1342.047 281.3866 -921.3886
v 1333.33 281.7346 -943.5922
v 1338.878 280.9383 -944.3323
v 1341.829 282.455 -941.6438
v 1342.047 281.3866 -921.3886
v 1344.412 282.2859 -938.274
v 1347.706 280.8589 -935.7473
v 1342.047 281.3866 -921.3886
v 1352.14 282.9492 -932.1897
v 1342.047 281.3866 -921.3886
v 1347.706 280.8589 -935.7473
v 1342.047 281.3866 -921.3886
v 1352.14 282.9492 -932.1897
v 1352.139 287.1857 -926.1942
v 1342.047 281.3866 -921.3886
v 1352.139 287.1857 -926.1942
v 1346.995 289.5404 -920.5533
v 1356.909 268.2035 -929.9576
v 1358.366 278.8306 -935.403
v 1350.463 283.5848 -932.3724
v 1356.909 268.2035 -929.9576
v 1350.463 283.5848 -932.3724
v 1348.118 280.7946 -936.5778
v 1356.909 268.2035 -929.9576
v 1361.344 274.158 -939.3867
v 1358.366 278.8306 -935.403
v 1344.137 279.1002 -934.8236
v 1356.909 268.2035 -929.9576
v 1348.118 280.7946 -936.5778
v 1356.909 268.2035 -929.9576
v 1344.137 279.1002 -934.8236
v 1339.624 277.1226 -939.5881
v 1356.909 268.2035 -929.9576
v 1339.624 277.1226 -939.5881
v 1338.288 275.8007 -946.3311
v 1343.253 271.7326 -950.3725
v 1356.909 268.2035 -929.9576
v 1343.253 271.7326 -950.3725
v 1350.26 264.47 -951.0853
v 1356.909 268.2035 -929.9576
v 1350.26 264.47 -951.0853
v 1352.61 269.6649 -945.9147
v 1356.513 267.763 -947.8596
v 1356.909 268.2035 -929.9576
v 1352.61 269.6649 -945.9147
v 1356.909 268.2035 -929.9576
v 1362.045 261.2726 -951.7179
v 1364.909 262.8844 -950.8185
v 1356.909 268.2035 -929.9576
v 1362.045 261.2726 -951.7179
v 1363.42 273.1226 -944.3875
v 1356.909 268.2035 -929.9576
v 1364.909 262.8844 -950.8185
v 1361.344 274.158 -939.3867
v 1365.266 293.866 -907.0014
v 1372.551 303.8266 -903.1364
v 1366.72 306.0123 -900.4176
v 1361.913 303.8415 -902.4269
v 1365.266 293.866 -907.0014
v 1357.094 305.3808 -904.3781
v 1365.266 293.866 -907.0014
v 1376.25 304.4216 -908.3361
v 1372.551 303.8266 -903.1364
v 1365.266 293.866 -907.0014
v 1374.848 305.8348 -913.6713
v 1376.25 304.4216 -908.3361
v 1365.266 293.866 -907.0014
v 1357.094 305.3808 -904.3781
v 1356.237 306.6542 -908.2175
v 1355.999 307.9517 -911.7256
v 1365.266 293.866 -907.0014
v 1355.999 307.9517 -911.7256
v 1359.192 310.4582 -916.5333
v 1362.214 310.8448 -918.4326
v 1364.913 309.5752 -917.0746
v 1365.266 293.866 -907.0014
v 1366.67 308.6212 -915.5637
v 1371.429 307.5977 -915.0966
v 1374.848 305.8348 -913.6713
v 1289.031 294.0384 -905.6455
v 1289.697 296.8359 -902.7601
v 1285.836 302.0561 -892.2645
v 1282.326 303.4788 -889.9475
v 1289.031 294.0384 -905.6455
v 1289.031 294.0384 -905.6455
v 1292.557 297.8841 -905.5217
v 1289.031 294.0384 -905.6455
v 1279.108 303.7747 -892.3177
v 1275.549 303.3636 -896.135
v 1273.259 303.6162 -900.3803
v 1274.285 300.8109 -904.9802
v 1289.031 294.0384 -905.6455
v 1300.352 304.4811 -916.3766
v 1292.557 297.8841 -905.5217
v 1300.352 304.4811 -916.3766
v 1289.031 294.0384 -905.6455
v 1291.516 306.8229 -921.5773
v 1289.031 294.0384 -905.6455
v 1283.042 307.9834 -920.3289
v 1277.29 306.3513 -918.4699
v 1273.326 305.1039 -916.2933
v 1289.031 294.0384 -905.6455
v 1271.659 304.8013 -913.3163
v 1273.326 305.1039 -916.2933
v 1274.416 302.3991 -907.575
v 1274.416 302.3991 -907.575
v 1289.031 294.0384 -905.6455
v 1274.285 300.8109 -904.9802
v 1289.031 294.0384 -905.6455
v 1275.549 303.3636 -896.135
v 1273.259 303.6162 -900.3803
v 1442.293 390.0959 -909.3702
v 1447.578 406.8892 -899.9455
v 1436.227 404.9812 -895.6972
v 1433.561 403.1425 -893.9521
v 1442.293 390.0959 -909.3702
v 1442.293 390.0959 -909.3702
v 1451.846 409.2041 -909.1182
v 1442.293 390.0959 -909.3702
v 1448.18 410.4012 -917.6662
v 1451.846 409.2041 -909.1182
v 1448.18 410.4012 -917.6662
v 1442.293 390.0959 -909.3702
v 1440.592 410.2564 -922.929
v 1433.849 408.5307 -924.4163
v 1427.635 406.261 -924.3141
v 1442.293 390.0959 -909.3702
v 1422.6 403.8625 -922.1431
v 1442.293 390.0959 -909.3702
v 1422.96 403.4853 -917.4495
v 1442.293 390.0959 -909.3702
v 1421.594 403.4346 -912.2566
v 1442.293 390.0959 -909.3702
v 1433.561 403.1425 -893.9521
v 1430.316 403.2429 -896.3601
v 1424.327 402.1242 -897.2719
v 1419.599 401.4326 -901.7169
v 1442.293 390.0959 -909.3702
v 1430.316 403.2429 -896.3601
v 1424.327 402.1242 -897.2719
v 1442.293 390.0959 -909.3702
v 1419.599 401.4326 -901.7169
v 1417.994 402.2399 -908.4768
v 1421.594 403.4346 -912.2566
v 1442.293 390.0959 -909.3702
v 1417.994 402.2399 -908.4768
v 1432.286 389.7167 -913.3425
v 1432.953 392.5141 -910.4572
v 1429.091 397.7345 -899.9617
v 1432.286 389.7167 -913.3425
v 1435.812 393.5625 -913.2192
v 1432.286 389.7167 -913.3425
v 1443.608 400.1594 -924.0739
v 1425.582 399.1569 -897.6447
v 1432.286 389.7167 -913.3425
v 1429.091 397.7345 -899.9617
v 1443.608 400.1594 -924.0739
v 1432.286 389.7167 -913.3425
v 1434.772 402.5012 -929.2742
v 1432.286 389.7167 -913.3425
v 1426.297 403.6617 -928.026
v 1420.546 402.0295 -926.1668
v 1416.581 400.782 -923.9906
v 1432.286 389.7167 -913.3425
v 1414.915 400.4794 -921.0138
v 1417.671 398.0774 -915.2721
v 1417.671 398.0774 -915.2721
v 1432.286 389.7167 -913.3425
v 1417.541 396.489 -912.6772
v 1432.286 389.7167 -913.3425
v 1416.515 399.2944 -908.0773
v 1417.541 396.489 -912.6772
v 1422.364 399.453 -900.0148
v 1418.805 399.0418 -903.8322
v 1425.582 399.1569 -897.6447
v 1432.286 389.7167 -913.3425
v 1418.805 399.0418 -903.8322
v 1416.515 399.2944 -908.0773
v 1474.731 380.3242 -908.8439
v 1481.319 393.5309 -905.4936
v 1471.799 397.9601 -903.2776
v 1460.037 401.4261 -902.4883
v 1474.731 380.3242 -908.8439
v 1483.438 393.627 -914.616
v 1481.319 393.5309 -905.4936
v 1484.636 392.3362 -925.5212
v 1484.636 392.3362 -925.5212
v 1474.731 380.3242 -908.8439
v 1478.314 391.0468 -930.3521
v 1474.731 380.3242 -908.8439
v 1473.208 392.6142 -927.4728
v 1474.731 380.3242 -908.8439
v 1460.037 401.4261 -902.4883
v 1453.927 398.8617 -912.3083
v 1474.731 380.3242 -908.8439
v 1455.993 394.7945 -924.8039
v 1462.941 393.895 -928.5024
v 1455.993 394.7945 -924.8039
v 1474.731 380.3242 -908.8439
v 1456.26 396.6597 -919.2254
v 1474.731 380.3242 -908.8439
v 1453.927 398.8617 -912.3083
v 1462.941 393.895 -928.5024
v 1465.862 391.8233 -931.8984
v 1470.849 391.9113 -930.8537
v 1474.731 380.3242 -908.8439
v 1465.862 391.8233 -931.8984
v 1474.731 380.3242 -908.8439
v 1470.849 391.9113 -930.8537
v 1473.208 392.6142 -927.4728
v 1494.239 386.8305 -910.0827
v 1500.923 403.2794 -903.0555
v 1490.877 402.6311 -897.985
v 1494.239 386.8305 -910.0827
v 1501.946 404.2613 -911.3005
v 1494.239 386.8305 -910.0827
v 1490.877 402.6311 -897.985
v 1480.868 402.6657 -898.5105
v 1494.239 386.8305 -910.0827
v 1480.868 402.6657 -898.5105
v 1472.339 403.6836 -906.5641
v 1494.239 386.8305 -910.0827
v 1499.443 405.133 -918.1466
v 1501.946 404.2613 -911.3005
v 1499.443 405.133 -918.1466
v 1494.239 386.8305 -910.0827
v 1493.577 405.3553 -920.4302
v 1489.529 405.326 -921.6239
v 1486.992 405.6698 -923.6488
v 1483.156 405.977 -925.4997
v 1494.239 386.8305 -910.0827
v 1472.339 403.6836 -906.5641
v 1471.389 404.3689 -911.9289
v 1472.662 405.0559 -917.3839
v 1494.239 386.8305 -910.0827
v 1471.389 404.3689 -911.9289
v 1494.239 386.8305 -910.0827
v 1477.993 406.0673 -924.4794
v 1494.239 386.8305 -910.0827
v 1483.156 405.977 -925.4997
v 1494.239 386.8305 -910.0827
v 1486.992 405.6698 -923.6488
v 1489.529 405.326 -921.6239
v 1418.547 392.593 -916.7894
v 1414.212 406.3342 -906.5327
v 1409.362 404.9944 -906.9141
v 1406.465 401.2414 -906.6851
v 1418.547 392.593 -916.7894
v 1409.362 404.9944 -906.9141
v 1418.547 392.593 -916.7894
v 1396.777 392.9 -907.1606
v 1394.126 391.1084 -910.5689
v 1418.547 392.593 -916.7894
v 1394.126 391.1084 -910.5689
v 1392.376 390.4456 -915.242
v 1394.984 392.8691 -920.895
v 1418.547 392.593 -916.7894
v 1392.376 390.4456 -915.242
v 1395.87 393.5945 -925.7332
v 1410.361 411.686 -924.2129
v 1418.547 392.593 -916.7894
v 1406.648 409.5849 -927.9475
v 1404.448 407.2761 -929.771
v 1418.547 392.593 -916.7894
v 1410.361 411.686 -924.2129
v 1414.406 410.2498 -915.1277
v 1414.212 406.3342 -906.5327
v 1418.547 392.593 -916.7894
v 1395.87 393.5945 -925.7332
v 1399.202 397.897 -926.7606
v 1401.261 401.9334 -928.1813
v 1404.448 407.2761 -929.771
v 1418.547 392.593 -916.7894
v 1401.151 396.619 -907.3937
v 1396.777 392.9 -907.1606
v 1406.465 401.2414 -906.6851
v 1435.993 393.0662 -930.048
v 1432.788 404.8207 -930.9157
v 1423.95 410.5361 -926.6388
v 1417.931 414.422 -923.8367
v 1442.233 408.2573 -938.0031
v 1435.993 393.0662 -930.048
v 1413.253 404.1647 -931.8372
v 1411.443 405.412 -936.3408
v 1415.122 401.5621 -942.972
v 1417.931 414.422 -923.8367
v 1420.067 399.7608 -948.4545
v 1435.993 393.0662 -930.048
v 1435.993 393.0662 -930.048
v 1420.067 399.7608 -948.4545
v 1421.811 395.6646 -952.1763
v 1426.98 392.284 -957.2581
v 1429.593 395.3928 -953.2902
v 1435.993 393.0662 -930.048
v 1426.98 392.284 -957.2581
v 1443.068 402.7432 -948.111
v 1439.774 397.7488 -953.1646
v 1435.993 393.0662 -930.048
v 1443.068 402.7432 -948.111
v 1442.233 408.2573 -938.0031
v 1439.774 397.7488 -953.1646
v 1435.993 393.0662 -930.048
v 1432.811 392.7593 -957.9937
v 1435.993 393.0662 -930.048
v 1429.593 395.3928 -953.2902
v 1432.811 392.7593 -957.9937
v 1460.926 373.4937 -921.4056
v 1462.591 388.2261 -918.069
v 1456.791 392.1018 -917.4196
v 1460.926 373.4937 -921.4056
v 1463.658 389.2324 -919.7531
v 1462.591 388.2261 -918.069
v 1460.926 373.4937 -921.4056
v 1466.055 388.0348 -930.3937
v 1462.371 388.539 -936.837
v 1462.371 388.539 -936.837
v 1460.926 373.4937 -921.4056
v 1459.656 387.3628 -938.6246
v 1457.339 384.2217 -944.3378
v 1453.694 382.9117 -946.9769
v 1460.926 373.4937 -921.4056
v 1457.339 384.2217 -944.3378
v 1459.656 387.3628 -938.6246
v 1460.926 373.4937 -921.4056
v 1445.496 399.4172 -921.0963
v 1438.76 394.5968 -929.4874
v 1460.926 373.4937 -921.4056
v 1447.926 385.0342 -944.3939
v 1453.694 382.9117 -946.9769
v 1460.926 373.4937 -921.4056
v 1441.248 388.8853 -938.4827
v 1460.926 373.4937 -921.4056
v 1438.908 391.6973 -934.1664
v 1460.926 373.4937 -921.4056
v 1438.76 394.5968 -929.4874
v 1460.926 373.4937 -921.4056
v 1456.791 392.1018 -917.4196
v 1445.496 399.4172 -921.0963
v 1462.837 370.6449 -938.4829
v 1465.354 386.7651 -939.5638
v 1461.219 383.1632 -938.1321
v 1462.837 370.6449 -938.4829
v 1461.219 383.1632 -938.1321
v 1452.863 380.2366 -942.4381
v 1462.837 370.6449 -938.4829
v 1446.682 383.4536 -947.9616
v 1445.534 382.5629 -952.4402
v 1452.863 380.2366 -942.4381
v 1462.837 370.6449 -938.4829
v 1447.427 379.6968 -957.0436
v 1447.933 375.2267 -961.9375
v 1462.837 370.6449 -938.4829
v 1447.427 379.6968 -957.0436
v 1462.837 370.6449 -938.4829
v 1447.933 375.2267 -961.9375
v 1452.734 369.8976 -967.2576
v 1462.837 370.6449 -938.4829
v 1452.734 369.8976 -967.2576
v 1457.247 371.1938 -968.4652
v 1462.29 370.4886 -967.8211
v 1462.837 370.6449 -938.4829
v 1457.247 371.1938 -968.4652
v 1468.452 368.7787 -966.6984
v 1475.942 367.5569 -965.8449
v 1478.076 378.3128 -954.8822
v 1462.837 370.6449 -938.4829
v 1475.942 367.5569 -965.8449
v 1462.837 370.6449 -938.4829
v 1472.414 386.0757 -944.7324
v 1465.354 386.7651 -939.5638
v 1418.448 398.0152 -974.1532
v 1425.133 414.4641 -967.1262
v 1415.087 413.8156 -962.0555
v 1418.448 398.0152 -974.1532
v 1426.156 415.4461 -975.3712
v 1418.448 398.0152 -974.1532
v 1415.087 413.8156 -962.0555
v 1405.078 413.8503 -962.5815
v 1418.448 398.0152 -974.1532
v 1405.078 413.8503 -962.5815
v 1396.548 414.8683 -970.6347
v 1418.448 398.0152 -974.1532
v 1423.653 416.3178 -982.2173
v 1426.156 415.4461 -975.3712
v 1423.653 416.3178 -982.2173
v 1418.448 398.0152 -974.1532
v 1417.786 416.5399 -984.5005
v 1413.739 416.5107 -985.6943
v 1411.201 416.8544 -987.7199
v 1407.366 417.1616 -989.5704
v 1418.448 398.0152 -974.1532
v 1396.548 414.8683 -970.6347
v 1395.599 415.5534 -975.9993
v 1396.872 416.2406 -981.4543
v 1418.448 398.0152 -974.1532
v 1395.599 415.5534 -975.9993
v 1418.448 398.0152 -974.1532
v 1402.203 417.252 -988.5502
v 1418.448 398.0152 -974.1532
v 1407.366 417.1616 -989.5704
v 1418.448 398.0152 -974.1532
v 1411.201 416.8544 -987.7199
v 1413.739 416.5107 -985.6943
v 1398.941 391.5088 -972.9145
v 1405.529 404.7155 -969.5644
v 1396.009 409.1446 -967.3483
v 1384.247 412.6111 -966.5588
v 1398.941 391.5088 -972.9145
v 1407.648 404.8118 -978.6865
v 1405.529 404.7155 -969.5644
v 1408.847 403.5211 -989.5916
v 1408.847 403.5211 -989.5916
v 1398.941 391.5088 -972.9145
v 1402.524 402.2313 -994.4232
v 1398.941 391.5088 -972.9145
v 1397.418 403.7991 -991.5436
v 1398.941 391.5088 -972.9145
v 1384.247 412.6111 -966.5588
v 1378.137 410.0463 -976.379
v 1398.941 391.5088 -972.9145
v 1380.203 405.979 -988.875
v 1387.151 405.0796 -992.5731
v 1380.203 405.979 -988.875
v 1398.941 391.5088 -972.9145
v 1380.47 407.8445 -983.2957
v 1398.941 391.5088 -972.9145
v 1378.137 410.0463 -976.379
v 1387.151 405.0796 -992.5731
v 1390.072 403.008 -995.9688
v 1395.059 403.0961 -994.9241
v 1398.941 391.5088 -972.9145
v 1390.072 403.008 -995.9688
v 1398.941 391.5088 -972.9145
v 1395.059 403.0961 -994.9241
v 1397.418 403.7991 -991.5436
v 1366.503 401.2804 -973.441
v 1374.119 419.0759 -966.1563
v 1367.162 416.7313 -960.0785
v 1361.801 414.1439 -957.9194
v 1366.503 401.2804 -973.441
v 1366.503 401.2804 -973.441
v 1376.056 420.3886 -973.189
v 1366.503 401.2804 -973.441
v 1372.389 421.5857 -981.7371
v 1376.056 420.3886 -973.189
v 1372.389 421.5857 -981.7371
v 1366.503 401.2804 -973.441
v 1365.064 421.3049 -986.4915
v 1366.503 401.2804 -973.441
v 1361.801 414.1439 -957.9194
v 1357.721 415.0833 -959.9335
v 1351.733 413.9644 -960.8457
v 1347.005 413.273 -965.2902
v 1366.503 401.2804 -973.441
v 1357.721 415.0833 -959.9335
v 1351.733 413.9644 -960.8457
v 1366.503 401.2804 -973.441
v 1347.005 413.273 -965.2902
v 1345.399 414.0801 -972.0504
v 1349 415.2745 -975.8303
v 1366.503 401.2804 -973.441
v 1345.399 414.0801 -972.0504
v 1366.503 401.2804 -973.441
v 1349 415.2745 -975.8303
v 1350.241 415.079 -980.0076
v 1366.503 401.2804 -973.441
v 1349.678 415.5906 -985.213
v 1352.81 416.9794 -986.6516
v 1366.503 401.2804 -973.441
v 1366.503 401.2804 -973.441
v 1358.68 419.2461 -986.6893
v 1365.064 421.3049 -986.4915
v 1354.608 378.923 -987.0417
v 1350.274 392.664 -976.785
v 1345.424 391.3243 -977.1666
v 1342.526 387.5715 -976.9373
v 1354.608 378.923 -987.0417
v 1345.424 391.3243 -977.1666
v 1354.608 378.923 -987.0417
v 1332.838 379.2299 -977.413
v 1330.187 377.4383 -980.8212
v 1354.608 378.923 -987.0417
v 1330.187 377.4383 -980.8212
v 1328.438 376.7756 -985.4945
v 1331.045 379.1989 -991.1474
v 1354.608 378.923 -987.0417
v 1328.438 376.7756 -985.4945
v 1331.931 379.9245 -995.9856
v 1346.422 398.0156 -994.4657
v 1354.608 378.923 -987.0417
v 1342.709 395.9149 -998.1998
v 1340.509 393.6062 -1000.024
v 1354.608 378.923 -987.0417
v 1346.422 398.0156 -994.4657
v 1350.467 396.5796 -985.3804
v 1350.274 392.664 -976.785
v 1354.608 378.923 -987.0417
v 1331.931 379.9245 -995.9856
v 1335.263 384.2271 -997.0127
v 1337.322 388.2632 -998.4338
v 1340.509 393.6062 -1000.024
v 1354.608 378.923 -987.0417
v 1337.212 382.9489 -977.6459
v 1332.838 379.2299 -977.413
v 1342.526 387.5715 -976.9373
v 1361.87 405.4425 -992.8118
v 1358.666 417.197 -993.6792
v 1349.828 422.9123 -989.4023
v 1368.111 420.6339 -1000.767
v 1361.87 405.4425 -992.8118
v 1344.497 425.9183 -987.8792
v 1361.87 405.4425 -992.8118
v 1340.85 418.0801 -993.3026
v 1339.109 418.719 -998.5593
v 1342.365 415.9891 -1003.709
v 1346.194 414.41 -1008.565
v 1361.87 405.4425 -992.8118
v 1355.937 408.6882 -1015.099
v 1359.538 406.6681 -1019.188
v 1361.87 405.4425 -992.8118
v 1346.194 414.41 -1008.565
v 1349.904 410.305 -1012.929
v 1352.873 407.1918 -1016.983
v 1355.937 408.6882 -1015.099
v 1361.87 405.4425 -992.8118
v 1352.873 407.1918 -1016.983
v 1364.869 410.7473 -1014.929
v 1361.87 405.4425 -992.8118
v 1359.538 406.6681 -1019.188
v 1368.988 415.7352 -1010.148
v 1361.87 405.4425 -992.8118
v 1368.988 415.7352 -1010.148
v 1368.111 420.6339 -1000.767
v 1340.85 418.0801 -993.3026
v 1361.87 405.4425 -992.8118
v 1344.497 425.9183 -987.8792
v 1385.136 384.6784 -985.4764
v 1386.801 399.4106 -982.1398
v 1381 403.2865 -981.4906
v 1385.136 384.6784 -985.4764
v 1381 403.2865 -981.4906
v 1369.705 410.6021 -985.1669
v 1385.136 384.6784 -985.4764
v 1369.705 410.6021 -985.1669
v 1362.97 405.7816 -993.5583
v 1381.549 395.4065 -1008.409
v 1385.136 384.6784 -985.4764
v 1377.904 394.0965 -1011.048
v 1386.581 399.7238 -1000.908
v 1383.866 398.5472 -1002.696
v 1385.136 384.6784 -985.4764
v 1381.549 395.4065 -1008.409
v 1383.866 398.5472 -1002.696
v 1390.265 399.2192 -994.4647
v 1385.136 384.6784 -985.4764
v 1386.581 399.7238 -1000.908
v 1387.868 400.4169 -983.8239
v 1385.136 384.6784 -985.4764
v 1386.801 399.4106 -982.1398
v 1385.136 384.6784 -985.4764
v 1372.136 396.219 -1008.465
v 1377.904 394.0965 -1011.048
v 1385.136 384.6784 -985.4764
v 1365.458 400.0699 -1002.553
v 1385.136 384.6784 -985.4764
v 1363.118 402.8819 -998.2368
v 1385.136 384.6784 -985.4764
v 1362.97 405.7816 -993.5583
v 1390.7 381.2819 -1001.039
v 1387.971 390.3738 -1000.818
v 1383.013 391.9987 -1004.929
v 1390.7 381.2819 -1001.039
v 1383.013 391.9987 -1004.929
v 1379.541 392.4487 -1007.19
v 1374.544 394.0905 -1010.518
v 1390.7 381.2819 -1001.039
v 1374.544 394.0905 -1010.518
v 1373.396 393.1998 -1014.997
v 1390.7 381.2819 -1001.039
v 1373.396 393.1998 -1014.997
v 1377.849 390.2602 -1017.348
v 1378.886 385.7943 -1022.317
v 1390.7 381.2819 -1001.039
v 1377.849 390.2602 -1017.348
v 1382.379 380.4086 -1026.16
v 1389.167 380.4179 -1024.317
v 1390.7 381.2819 -1001.039
v 1385.863 381.5299 -1022.578
v 1394.703 378.7605 -1026.026
v 1390.7 381.2819 -1001.039
v 1382.379 380.4086 -1026.16
v 1385.863 381.5299 -1022.578
v 1398.95 380.9347 -1024.195
v 1390.7 381.2819 -1001.039
v 1394.703 378.7605 -1026.026
v 1399.936 387.5126 -1017.29
v 1390.7 381.2819 -1001.039
v 1390.7 381.2819 -1001.039
v 1399.936 387.5126 -1017.29
v 1394.786 388.7711 -1007.704
v 1390.7 381.2819 -1001.039
v 1394.786 388.7711 -1007.704
v 1387.971 390.3738 -1000.818
v 1429.607 398.7892 -986.2402
v 1434.163 410.109 -986.9258
v 1423.139 409.9389 -984.5793
v 1429.607 398.7892 -986.2402
v 1423.139 409.9389 -984.5793
v 1413.908 406.5328 -986.4877
v 1429.607 398.7892 -986.2402
v 1413.908 406.5328 -986.4877
v 1408.423 399.2596 -993.9478
v 1429.607 398.7892 -986.2402
v 1408.423 399.2596 -993.9478
v 1409.213 395.8752 -998.1995
v 1412.12 393.1165 -1002.174
v 1429.607 398.7892 -986.2402
v 1409.213 395.8752 -998.1995
v 1419.339 390.7393 -1006.866
v 1429.607 398.7892 -986.2402
v 1424.531 391.5899 -1006.698
v 1427.56 393.7889 -1004.644
v 1429.607 398.7892 -986.2402
v 1429.318 395.6788 -1002.645
v 1432.725 397.7364 -1001.244
v 1437.511 400.9054 -998.65
v 1429.607 398.7892 -986.2402
v 1437.716 405.6235 -993.0287
v 1429.607 398.7892 -986.2402
v 1434.163 410.109 -986.9258
v 1409.513 388.2495 -993.1564
v 1414.46 396.4032 -992.321
v 1404.678 400.1974 -991.4893
v 1409.513 388.2495 -993.1564
v 1391.453 398.502 -993.559
v 1409.513 388.2495 -993.1564
v 1391.453 398.502 -993.559
v 1387.864 395.235 -1000.709
v 1409.513 388.2495 -993.1564
v 1387.864 395.235 -1000.709
v 1391.344 391.4825 -1007.534
v 1396.392 389.7112 -1010.844
v 1409.513 388.2495 -993.1564
v 1399.051 391.0009 -1014.428
v 1409.295 389.3178 -1013.412
v 1411.878 389.1488 -1010.042
v 1409.513 388.2495 -993.1564
v 1406.344 387.8012 -1016.101
v 1409.513 388.2495 -993.1564
v 1399.051 391.0009 -1014.428
v 1406.344 387.8012 -1016.101
v 1415.171 387.7222 -1007.515
v 1411.878 389.1488 -1010.042
v 1419.605 389.8122 -1003.958
v 1409.513 388.2495 -993.1564
v 1415.171 387.7222 -1007.515
v 1409.513 388.2495 -993.1564
v 1419.605 389.8122 -1003.958
v 1419.604 394.0484 -997.962
v 1409.513 388.2495 -993.1564
v 1419.604 394.0484 -997.962
v 1414.46 396.4032 -992.321
v 1413.676 410.1066 -993.6271
v 1415.857 421.5735 -998.5088
v 1407.23 425.4879 -996.0421
v 1413.676 410.1066 -993.6271
v 1407.23 425.4879 -996.0421
v 1404.886 422.6975 -1000.248
v 1413.676 410.1066 -993.6271
v 1400.905 421.0034 -998.4935
v 1396.809 421.3175 -1001.692
v 1400.177 414.8341 -1013.223
v 1413.676 410.1066 -993.6271
v 1396.257 419.5652 -1008.744
v 1409.041 410.6921 -1015.697
v 1396.809 421.3175 -1001.692
v 1413.28 409.6661 -1011.53
v 1413.676 410.1066 -993.6271
v 1410.813 411.8409 -1009.422
v 1419.159 404.2321 -1013.908
v 1413.676 410.1066 -993.6271
v 1409.041 410.6921 -1015.697
v 1410.813 411.8409 -1009.422
v 1423.574 405.2358 -1015.64
v 1413.676 410.1066 -993.6271
v 1419.159 404.2321 -1013.908
v 1421.392 415.0272 -1008.078
v 1413.676 410.1066 -993.6271
v 1419.316 417.1249 -1002.347
v 1413.676 410.1066 -993.6271
v 1419.316 417.1249 -1002.347
v 1415.857 421.5735 -998.5088
v 1400.905 421.0034 -998.4935
v 1413.676 410.1066 -993.6271
v 1404.886 422.6975 -1000.248
v 1436.542 381.4252 -980.2213
v 1445.571 390.6547 -980.95
v 1442.268 393.203 -975.5853
v 1436.964 391.4812 -974.7096
v 1436.542 381.4252 -980.2213
v 1431.991 393.4551 -973.8323
v 1436.542 381.4252 -980.2213
v 1445.992 391.1242 -987.3275
v 1436.542 381.4252 -980.2213
v 1442.102 392.813 -991.1281
v 1445.992 391.1242 -987.3275
v 1442.102 392.813 -991.1281
v 1436.542 381.4252 -980.2213
v 1438.607 394.8837 -990.5501
v 1434.427 396.2915 -988.4385
v 1432.224 397.4283 -988.8027
v 1429.333 398.9483 -988.5417
v 1436.542 381.4252 -980.2213
v 1427.754 398.7391 -985.3241
v 1427.392 396.338 -979.5188
v 1427.392 396.338 -979.5188
v 1436.542 381.4252 -980.2213
v 1429.342 394.9142 -976.6521
v 1431.991 393.4551 -973.8323
v 1449.302 407.2493 -963.4119
v 1446.098 419.0038 -964.2791
v 1437.26 424.7193 -960.0023
v 1431.241 428.6052 -957.2003
v 1455.542 422.4404 -971.3668
v 1449.302 407.2493 -963.4119
v 1426.563 418.3481 -965.2012
v 1424.753 419.5951 -969.7044
v 1428.432 415.7453 -976.3359
v 1431.241 428.6052 -957.2003
v 1433.377 413.9437 -981.8184
v 1449.302 407.2493 -963.4119
v 1449.302 407.2493 -963.4119
v 1433.377 413.9437 -981.8184
v 1435.121 409.8477 -985.5401
v 1440.29 406.4672 -990.6219
v 1442.903 409.5759 -986.6539
v 1449.302 407.2493 -963.4119
v 1440.29 406.4672 -990.6219
v 1456.378 416.9264 -981.4749
v 1453.084 411.9318 -986.5286
v 1449.302 407.2493 -963.4119
v 1442.903 409.5759 -986.6539
v 1446.121 406.9424 -991.3575
v 1453.084 411.9318 -986.5286
v 1449.302 407.2493 -963.4119
v 1446.121 406.9424 -991.3575
v 1449.302 407.2493 -963.4119
v 1456.378 416.9264 -981.4749
v 1455.542 422.4404 -971.3668
v 1340.63 383.5401 -1007.978
v 1345.915 400.3333 -998.5532
v 1338.286 398.4188 -994.8687
v 1335.927 396.4033 -992.4569
v 1340.63 383.5401 -1007.978
v 1350.182 402.648 -1007.726
v 1340.63 383.5401 -1007.978
v 1346.517 403.8452 -1016.274
v 1350.182 402.648 -1007.726
v 1346.517 403.8452 -1016.274
v 1340.63 383.5401 -1007.978
v 1339.191 403.5644 -1021.029
v 1332.807 401.5056 -1021.226
v 1326.937 399.2388 -1021.189
v 1340.63 383.5401 -1007.978
v 1323.805 397.8499 -1019.75
v 1340.63 383.5401 -1007.978
v 1324.368 397.3386 -1014.544
v 1340.63 383.5401 -1007.978
v 1323.127 397.5341 -1010.368
v 1340.63 383.5401 -1007.978
v 1335.927 396.4033 -992.4569
v 1331.849 397.3429 -994.4708
v 1325.86 396.2238 -995.3824
v 1321.132 395.532 -999.8275
v 1340.63 383.5401 -1007.978
v 1331.849 397.3429 -994.4708
v 1325.86 396.2238 -995.3824
v 1340.63 383.5401 -1007.978
v 1321.132 395.532 -999.8275
v 1319.526 396.3394 -1006.587
v 1323.127 397.5341 -1010.368
v 1340.63 383.5401 -1007.978
v 1319.526 396.3394 -1006.587
v 1336.525 387.7449 -1027.852
v 1336.043 403.759 -1020.671
v 1325.455 407.5092 -1019.994
v 1336.525 387.7449 -1027.852
v 1317.151 409.7426 -1019.241
v 1336.525 387.7449 -1027.852
v 1342.766 402.9361 -1035.808
v 1336.043 403.759 -1020.671
v 1343.643 398.0377 -1045.189
v 1339.179 393.3398 -1048.759
v 1334.193 388.9706 -1054.229
v 1313.493 400.7218 -1026.898
v 1336.525 387.7449 -1027.852
v 1317.151 409.7426 -1019.241
v 1336.525 387.7449 -1027.852
v 1313.493 400.7218 -1026.898
v 1313.04 401.2186 -1032.767
v 1330.637 391.0357 -1049.953
v 1334.193 388.9706 -1054.229
v 1320.411 396.7399 -1043.484
v 1315.993 398.0712 -1039.646
v 1336.525 387.7449 -1027.852
v 1313.04 401.2186 -1032.767
v 1330.637 391.0357 -1049.953
v 1336.525 387.7449 -1027.852
v 1327.614 389.3458 -1052.643
v 1336.525 387.7449 -1027.852
v 1320.411 396.7399 -1043.484
v 1323.698 392.5364 -1048.25
v 1327.614 389.3458 -1052.643
v 1320.432 385.5111 -1015.673
v 1316.438 398.1728 -1006.222
v 1311.969 396.9382 -1006.574
v 1309.299 393.4803 -1006.363
v 1320.432 385.5111 -1015.673
v 1311.969 396.9382 -1006.574
v 1320.432 385.5111 -1015.673
v 1300.372 385.7938 -1006.801
v 1297.929 384.1432 -1009.942
v 1320.432 385.5111 -1015.673
v 1297.929 384.1432 -1009.942
v 1296.317 383.5329 -1014.247
v 1298.72 385.7655 -1019.456
v 1320.432 385.5111 -1015.673
v 1296.317 383.5329 -1014.247
v 1299.537 386.4342 -1023.914
v 1312.889 403.1042 -1022.514
v 1320.432 385.5111 -1015.673
v 1309.468 401.1682 -1025.955
v 1307.44 399.0409 -1027.635
v 1320.432 385.5111 -1015.673
v 1312.889 403.1042 -1022.514
v 1316.616 401.7807 -1014.142
v 1320.432 385.5111 -1015.673
v 1299.537 386.4342 -1023.914
v 1302.606 390.3985 -1024.861
v 1304.504 394.1174 -1026.17
v 1307.44 399.0409 -1027.635
v 1320.432 385.5111 -1015.673
v 1304.403 389.2211 -1007.016
v 1300.372 385.7938 -1006.801
v 1309.299 393.4803 -1006.363
v 1320.432 385.5111 -1015.673
v 1316.616 401.7807 -1014.142
v 1316.438 398.1728 -1006.222
v 1417.809 416.0747 -1027.512
v 1420.671 430.7358 -1017.118
v 1414.746 430.4677 -1016.491
v 1417.809 416.0747 -1027.512
v 1424.256 431.0548 -1020.867
v 1417.809 416.0747 -1027.512
v 1425.829 431.916 -1028.724
v 1417.809 416.0747 -1027.512
v 1414.746 430.4677 -1016.491
v 1405.629 430.499 -1016.971
v 1417.809 416.0747 -1027.512
v 1405.629 430.499 -1016.971
v 1397.858 431.4266 -1024.306
v 1417.809 416.0747 -1027.512
v 1397.858 431.4266 -1024.306
v 1396.994 432.0508 -1029.193
v 1398.154 432.6766 -1034.162
v 1417.809 416.0747 -1027.512
v 1396.994 432.0508 -1029.193
v 1417.809 416.0747 -1027.512
v 1403.01 433.5979 -1040.626
v 1417.809 416.0747 -1027.512
v 1407.713 433.5155 -1041.555
v 1411.207 433.2357 -1039.869
v 1417.809 416.0747 -1027.512
v 1407.713 433.5155 -1041.555
v 1417.809 416.0747 -1027.512
v 1411.207 433.2357 -1039.869
v 1413.519 432.9225 -1038.025
v 1417.206 432.9492 -1036.937
v 1417.809 416.0747 -1027.512
v 1413.519 432.9225 -1038.025
v 1423.766 432.6898 -1035.349
v 1417.809 416.0747 -1027.512
v 1423.766 432.6898 -1035.349
v 1425.829 431.916 -1028.724
v 1442.125 378.7267 -959.0731
v 1437.79 392.4676 -948.8166
v 1432.94 391.1278 -949.1976
v 1430.043 387.3752 -948.9685
v 1442.125 378.7267 -959.0731
v 1432.94 391.1278 -949.1976
v 1442.125 378.7267 -959.0731
v 1420.355 379.0334 -949.4443
v 1417.704 377.2421 -952.8523
v 1442.125 378.7267 -959.0731
v 1417.704 377.2421 -952.8523
v 1415.954 376.5798 -957.5254
v 1418.562 379.0025 -963.1784
v 1442.125 378.7267 -959.0731
v 1415.954 376.5798 -957.5254
v 1419.448 379.7283 -968.0167
v 1433.939 397.8195 -966.4966
v 1442.125 378.7267 -959.0731
v 1430.226 395.7187 -970.2308
v 1428.026 393.4097 -972.0546
v 1442.125 378.7267 -959.0731
v 1433.939 397.8195 -966.4966
v 1437.984 396.3833 -957.4113
v 1437.79 392.4676 -948.8166
v 1442.125 378.7267 -959.0731
v 1419.448 379.7283 -968.0167
v 1422.78 384.0308 -969.0435
v 1424.839 388.0669 -970.4647
v 1428.026 393.4097 -972.0546
v 1442.125 378.7267 -959.0731
v 1424.729 382.7527 -949.6769
v 1420.355 379.0334 -949.4443
v 1430.043 387.3752 -948.9685
v 1399.234 397.4234 -1015.543
v 1403.318 412.5952 -1011.487
v 1392.077 413.0643 -1008.298
v 1399.234 397.4234 -1015.543
v 1392.077 413.0643 -1008.298
v 1381.504 407.2306 -1012.54
v 1399.234 397.4234 -1015.543
v 1381.504 407.2306 -1012.54
v 1378.132 398.9298 -1022.059
v 1378.84 394.5094 -1027.503
v 1399.234 397.4234 -1015.543
v 1407.343 404.2576 -1022.332
v 1403.318 412.5952 -1011.487
v 1399.234 397.4234 -1015.543
v 1404.621 399.5866 -1026.891
v 1402.353 396.3706 -1030.547
v 1400.587 393.9431 -1033.042
v 1399.234 397.4234 -1015.543
v 1397.188 392.4232 -1033.947
v 1388.967 389.3738 -1036.169
v 1394.158 390.2242 -1036.002
v 1399.234 397.4234 -1015.543
v 1399.234 397.4234 -1015.543
v 1381.747 391.7509 -1031.477
v 1378.84 394.5094 -1027.503
v 1375.428 399.6148 -1023.141
v 1380.705 408.7575 -1020.74
v 1367.888 415.7213 -1010.518
v 1355.859 408.28 -1018.689
v 1359.387 398.8021 -1030.365
v 1386.655 404.3229 -1031.153
v 1383.932 399.6518 -1035.711
v 1381.664 396.4357 -1039.368
v 1379.899 394.0082 -1041.863
v 1360.096 394.3819 -1035.808
v 1363.002 391.6233 -1039.782
v 1368.278 389.4388 -1044.99
v 1373.469 390.2892 -1044.822
v 1376.5 392.488 -1042.768
v 1356.95 386.4888 -1030.404
v 1360.3 400.9691 -1033.758
v 1352.821 403.9607 -1026.019
v 1356.95 386.4888 -1030.404
v 1362.971 400.9239 -1045.51
v 1360.3 400.9691 -1033.758
v 1356.95 386.4888 -1030.404
v 1361.257 399.9765 -1051.833
v 1362.971 400.9239 -1045.51
v 1361.257 399.9765 -1051.833
v 1356.95 386.4888 -1030.404
v 1357.945 398.9815 -1053.748
v 1356.95 386.4888 -1030.404
v 1353.912 400.2189 -1052.005
v 1356.95 386.4888 -1030.404
v 1350.986 399.7838 -1050.091
v 1345.388 401.2306 -1053.361
v 1348.726 399.6482 -1052.917
v 1356.95 386.4888 -1030.404
v 1342.297 401.9246 -1050.56
v 1350.986 399.7838 -1050.091
v 1356.95 386.4888 -1030.404
v 1348.726 399.6482 -1052.917
v 1342.297 401.9246 -1050.56
v 1356.95 386.4888 -1030.404
v 1341.731 403.4308 -1045.703
v 1356.95 386.4888 -1030.404
v 1338.453 405.1958 -1040.396
v 1341.731 403.4308 -1045.703
v 1356.95 386.4888 -1030.404
v 1343.304 407.2746 -1031.358
v 1338.453 405.1958 -1040.396
v 1356.95 386.4888 -1030.404
v 1352.821 403.9607 -1026.019
v 1343.304 407.2746 -1031.358
v 1357.59 372.3282 -1024.124
v 1362.488 391.0092 -1019.044
v 1354.663 390.0483 -1015.398
v 1352.167 388.7009 -1012.678
v 1357.59 372.3282 -1024.124
v 1367.246 390.9297 -1028.267
v 1357.59 372.3282 -1024.124
v 1364.042 389.8763 -1037.017
v 1367.246 390.9297 -1028.267
v 1364.042 389.8763 -1037.017
v 1357.59 372.3282 -1024.124
v 1356.974 388.3385 -1041.919
v 1356.974 388.3385 -1041.919
v 1357.59 372.3282 -1024.124
v 1350.595 386.2541 -1041.918
v 1347.876 383.9671 -1040.299
v 1357.59 372.3282 -1024.124
v 1344.475 382.8701 -1037.901
v 1357.59 372.3282 -1024.124
v 1341.79 383.877 -1034.846
v 1339.446 385.1347 -1031.213
v 1357.59 372.3282 -1024.124
v 1336.53 384.9131 -1027.162
v 1357.59 372.3282 -1024.124
v 1352.167 388.7009 -1012.678
v 1348.206 389.0659 -1015.076
v 1342.267 387.7104 -1015.984
v 1337.773 385.8726 -1020.346
v 1357.59 372.3282 -1024.124
v 1348.206 389.0659 -1015.076
v 1342.267 387.7104 -1015.984
v 1357.59 372.3282 -1024.124
v 1337.773 385.8726 -1020.346
v 1336.53 384.9131 -1027.162
v 1385.892 382.5766 -1034.029
v 1392.606 396.5899 -1032.822
v 1378.17 399.8655 -1022.662
v 1385.892 382.5766 -1034.029
v 1398.71 389.0815 -1041.91
v 1385.892 382.5766 -1034.029
v 1401.088 378.5959 -1051.707
v 1399.051 377.3341 -1052.903
v 1385.892 382.5766 -1034.029
v 1378.17 399.8655 -1022.662
v 1366.14 392.4246 -1030.832
v 1385.892 382.5766 -1034.029
v 1366.14 392.4246 -1030.832
v 1369.669 382.9468 -1042.508
v 1368.269 379.2848 -1047.787
v 1371.379 376.4072 -1051.833
v 1385.892 382.5766 -1034.029
v 1368.269 379.2848 -1047.787
v 1385.892 382.5766 -1034.029
v 1379.439 377.0182 -1052.637
v 1384.842 376.3865 -1054.197
v 1387.251 378.4598 -1052.519
v 1385.892 382.5766 -1034.029
v 1384.842 376.3865 -1054.197
v 1385.892 382.5766 -1034.029
v 1387.251 378.4598 -1052.519
v 1388.821 384.1498 -1047.199
v 1399.051 377.3341 -1052.903
v 1385.892 382.5766 -1034.029
v 1388.821 384.1498 -1047.199
v 1427.94 407.0858 -1035.306
v 1434.893 421.3077 -1041.745
v 1427.726 425.5579 -1035.077
v 1427.94 407.0858 -1035.306
v 1438.367 417.2462 -1047.752
v 1427.94 407.0858 -1035.306
v 1434.636 415.2096 -1050.104
v 1438.367 417.2462 -1047.752
v 1420.66 414.5357 -1054.96
v 1423.2 414.9578 -1053.472
v 1427.94 407.0858 -1035.306
v 1416.983 414.399 -1056.22
v 1433.248 414.2046 -1054.155
v 1427.94 407.0858 -1035.306
v 1434.636 415.2096 -1050.104
v 1427.94 407.0858 -1035.306
v 1433.248 414.2046 -1054.155
v 1427.94 407.0858 -1035.306
v 1412.534 415.8779 -1055.215
v 1416.983 414.399 -1056.22
v 1427.94 407.0858 -1035.306
v 1408.75 419.8747 -1049.222
v 1412.534 415.8779 -1055.215
v 1427.94 407.0858 -1035.306
v 1408.373 422.5394 -1044.842
v 1427.94 407.0858 -1035.306
v 1409.967 424.785 -1040.666
v 1408.373 422.5394 -1044.842
v 1427.94 407.0858 -1035.306
v 1427.726 425.5579 -1035.077
v 1418.708 426.9738 -1034.849
v 1427.94 407.0858 -1035.306
v 1418.708 426.9738 -1034.849
v 1409.967 424.785 -1040.666
v 1410.361 406.0434 -1038.61
v 1415.462 414.5554 -1042.668
v 1413.778 423.6495 -1034.797
v 1416.615 412.4856 -1046.448
v 1410.361 406.0434 -1038.61
v 1399.179 424.7716 -1028.416
v 1410.361 406.0434 -1038.61
v 1415.36 412.1085 -1049.657
v 1416.615 412.4856 -1046.448
v 1410.361 406.0434 -1038.61
v 1414.672 412.0882 -1054.559
v 1414.672 412.0882 -1054.559
v 1410.361 406.0434 -1038.61
v 1405.621 413.9152 -1056.775
v 1410.361 406.0434 -1038.61
v 1403.08 413.4935 -1058.263
v 1410.361 406.0434 -1038.61
v 1399.403 413.3567 -1059.523
v 1410.361 406.0434 -1038.61
v 1399.179 424.7716 -1028.416
v 1395.765 423.0746 -1038.564
v 1410.361 406.0434 -1038.61
v 1395.765 423.0746 -1038.564
v 1390.382 421.5156 -1048.279
v 1391.17 418.8326 -1052.525
v 1410.361 406.0434 -1038.61
v 1390.382 421.5156 -1048.279
v 1410.361 406.0434 -1038.61
v 1394.954 414.8354 -1058.518
v 1410.361 406.0434 -1038.61
v 1394.954 414.8354 -1058.518
v 1399.403 413.3567 -1059.523
v 1330.262 374.6677 -1008.34
v 1334.88 383.9547 -1001.298
v 1328.62 386.5313 -993.6846
v 1325.886 384.7535 -990.9879
v 1330.262 374.6677 -1008.34
v 1330.262 374.6677 -1008.34
v 1336.273 382.8553 -1008.197
v 1330.262 374.6677 -1008.34
v 1336.103 387.2278 -1015.287
v 1336.273 382.8553 -1008.197
v 1336.103 387.2278 -1015.287
v 1330.262 374.6677 -1008.34
v 1330.359 390.9772 -1023.772
v 1330.359 390.9772 -1023.772
v 1330.262 374.6677 -1008.34
v 1322.229 388.8715 -1024.356
v 1330.262 374.6677 -1008.34
v 1316.132 386.4699 -1023.11
v 1330.262 374.6677 -1008.34
v 1312.584 385.1493 -1021.501
v 1330.262 374.6677 -1008.34
v 1313.174 384.7722 -1015.682
v 1330.262 374.6677 -1008.34
v 1311.815 384.851 -1011.011
v 1311.815 384.851 -1011.011
v 1330.262 374.6677 -1008.34
v 1308.393 383.8895 -1007.494
v 1330.262 374.6677 -1008.34
v 1312.399 383.7132 -1000.361
v 1308.393 383.8895 -1007.494
v 1314.974 384.0885 -994.6891
v 1330.262 374.6677 -1008.34
v 1321.527 385.3425 -993.6041
v 1314.974 384.0885 -994.6891
v 1330.262 374.6677 -1008.34
v 1325.886 384.7535 -990.9879
v 1321.527 385.3425 -993.6041
v 1365.876 371.7755 -982.2329
v 1361.54 385.4598 -969.8244
v 1356.618 384.0433 -970.2057
v 1353.631 380.1928 -969.8148
v 1365.876 371.7755 -982.2329
v 1356.618 384.0433 -970.2057
v 1348.198 375.4461 -970.5295
v 1343.718 371.6101 -970.1152
v 1365.876 371.7755 -982.2329
v 1343.718 371.6101 -970.1152
v 1340.669 368.7181 -973.4601
v 1365.876 371.7755 -982.2329
v 1340.669 368.7181 -973.4601
v 1338.431 367.6503 -979.2294
v 1342.077 371.8207 -986.9887
v 1365.876 371.7755 -982.2329
v 1338.431 367.6503 -979.2294
v 1365.876 371.7755 -982.2329
v 1343.046 372.6621 -992.9666
v 1365.876 371.7755 -982.2329
v 1343.046 372.6621 -992.9666
v 1346.489 377.0912 -994.356
v 1345.78 382.7056 -1001.661
v 1365.876 371.7755 -982.2329
v 1365.876 371.7755 -982.2329
v 1351.581 389.01 -1002.767
v 1356.619 393.4744 -1001.195
v 1365.876 371.7755 -982.2329
v 1351.581 389.01 -1002.767
v 1365.862 400.42 -994.1524
v 1370.612 397.0667 -989.1182
v 1365.876 371.7755 -982.2329
v 1370.612 397.0667 -989.1182
v 1361.54 385.4598 -969.8244
v 1407.729 395.1787 -1015.665
v 1409.918 409.6818 -1008.723
v 1399.365 407.3523 -1004.254
v 1407.729 395.1787 -1015.665
v 1414.627 404.5677 -1022.743
v 1407.729 395.1787 -1015.665
v 1399.365 407.3523 -1004.254
v 1389.333 400.6284 -1008.492
v 1407.729 395.1787 -1015.665
v 1389.333 400.6284 -1008.492
v 1385.912 393.9828 -1019.216
v 1407.729 395.1787 -1015.665
v 1412.018 400.5076 -1027.912
v 1414.627 404.5677 -1022.743
v 1409.76 397.745 -1031.928
v 1408.043 395.5946 -1034.696
v 1407.729 395.1787 -1015.665
v 1404.971 395.0563 -1032.094
v 1407.729 395.1787 -1015.665
v 1400.94 392.8992 -1033.077
v 1395.986 391.1371 -1032.844
v 1389.142 389.7129 -1030.38
v 1407.729 395.1787 -1015.665
v 1386.475 390.994 -1025.574
v 1385.912 393.9828 -1019.216
v 1439.285 399.1226 -1037.143
v 1445.813 408.4772 -1033.517
v 1440.376 409.2265 -1030.157
v 1439.285 399.1226 -1037.143
v 1433.759 411.0442 -1029.811
v 1439.285 399.1226 -1037.143
v 1448.324 408.4946 -1038.286
v 1445.813 408.4772 -1033.517
v 1439.285 399.1226 -1037.143
v 1433.759 411.0442 -1029.811
v 1428.841 413.2723 -1033.025
v 1439.285 399.1226 -1037.143
v 1447.848 409.1833 -1041.14
v 1448.324 408.4946 -1038.286
v 1447.848 409.1833 -1041.14
v 1439.285 399.1226 -1037.143
v 1444.825 410.6112 -1044.595
v 1444.825 410.6112 -1044.595
v 1439.285 399.1226 -1037.143
v 1439.415 411.685 -1042.427
v 1437.536 412.7368 -1044.512
v 1435.798 413.3411 -1044.078
v 1439.285 399.1226 -1037.143
v 1433.689 413.8647 -1041.607
v 1431.172 414.1156 -1037.756
v 1429.246 413.9691 -1035.57
v 1439.285 399.1226 -1037.143
v 1428.841 413.2723 -1033.025
v 1439.285 399.1226 -1037.143
v 1437.536 412.7368 -1044.512
v 1439.415 411.685 -1042.427
v 1404.671 384.207 -975.5605
v 1411.432 393.257 -980.8417
v 1411.917 397.1642 -971.0419
v 1404.671 384.207 -975.5605
v 1407.977 399.5484 -965.3723
v 1401.222 397.4673 -961.7959
v 1404.671 384.207 -975.5605
v 1393.28 395.7985 -959.2945
v 1404.671 384.207 -975.5605
v 1403.524 392.3363 -984.7454
v 1411.432 393.257 -980.8417
v 1393.53 390.3467 -988.1653
v 1404.671 384.207 -975.5605
v 1387.357 389.417 -983.0716
v 1385.255 390.4613 -975.9244
v 1383.089 390.6304 -971.3148
v 1387.357 389.417 -983.0716
v 1404.671 384.207 -975.5605
v 1389.051 391.1088 -977.4971
v 1387.429 393.7091 -962.793
v 1404.671 384.207 -975.5605
v 1393.28 395.7985 -959.2945
v 1385.347 392.4973 -967.9478
v 1383.089 390.6304 -971.3148
v 1404.671 384.207 -975.5605
v 1385.255 390.4613 -975.9244
v 1389.051 391.1088 -977.4971
v 1485.464 360.7375 -975.8599
v 1488.815 375.2176 -979.2133
v 1481.336 378.209 -971.4741
v 1485.464 360.7375 -975.8599
v 1491.485 375.1725 -990.9648
v 1488.815 375.2176 -979.2133
v 1485.464 360.7375 -975.8599
v 1489.772 374.225 -997.2881
v 1491.485 375.1725 -990.9648
v 1489.772 374.225 -997.2881
v 1485.464 360.7375 -975.8599
v 1486.46 373.2301 -999.2028
v 1485.464 360.7375 -975.8599
v 1482.426 374.4674 -997.4606
v 1485.464 360.7375 -975.8599
v 1479.501 374.0327 -995.5455
v 1473.903 375.4793 -998.8162
v 1477.24 373.8969 -998.3724
v 1485.464 360.7375 -975.8599
v 1470.811 376.1732 -996.0157
v 1479.501 374.0327 -995.5455
v 1485.464 360.7375 -975.8599
v 1477.24 373.8969 -998.3724
v 1470.811 376.1732 -996.0157
v 1485.464 360.7375 -975.8599
v 1470.246 377.6795 -991.1584
v 1485.464 360.7375 -975.8599
v 1466.968 379.4443 -985.8511
v 1470.246 377.6795 -991.1584
v 1485.464 360.7375 -975.8599
v 1471.819 381.5233 -976.8131
v 1466.968 379.4443 -985.8511
v 1485.464 360.7375 -975.8599
v 1481.336 378.209 -971.4741
v 1471.819 381.5233 -976.8131
v 1469.808 402.5127 -951.6031
v 1466.604 414.2672 -952.4704
v 1457.767 419.9826 -948.1934
v 1451.747 423.8686 -945.3912
v 1476.048 417.7039 -959.5577
v 1469.808 402.5127 -951.6031
v 1447.07 413.6113 -953.3921
v 1445.259 414.8584 -957.8953
v 1469.808 402.5127 -951.6031
v 1445.259 414.8584 -957.8953
v 1450.983 410.1765 -963.2606
v 1453.883 409.2072 -970.0093
v 1469.808 402.5127 -951.6031
v 1469.808 402.5127 -951.6031
v 1453.883 409.2072 -970.0093
v 1455.628 405.1111 -973.7312
v 1469.808 402.5127 -951.6031
v 1455.628 405.1111 -973.7312
v 1461.422 401.9213 -978.4707
v 1468.317 402.6898 -979.3106
v 1469.808 402.5127 -951.6031
v 1461.422 401.9213 -978.4707
v 1469.808 402.5127 -951.6031
v 1470.979 404.3134 -974.8215
v 1473.184 408.4148 -971.5805
v 1469.808 402.5127 -951.6031
v 1470.979 404.3134 -974.8215
v 1476.312 411.9766 -967.5005
v 1469.808 402.5127 -951.6031
v 1476.312 411.9766 -967.5005
v 1476.048 417.7039 -959.5577
v 1447.07 413.6113 -953.3921
v 1469.808 402.5127 -951.6031
v 1451.747 423.8686 -945.3912
v 1490.444 357.3965 -933.4009
v 1497.129 373.8455 -926.3735
v 1487.083 373.1971 -921.3029
v 1490.444 357.3965 -933.4009
v 1498.152 374.8273 -934.6183
v 1490.444 357.3965 -933.4009
v 1487.083 373.1971 -921.3029
v 1477.073 373.2315 -921.8292
v 1490.444 357.3965 -933.4009
v 1477.073 373.2315 -921.8292
v 1468.544 374.2497 -929.8817
v 1490.444 357.3965 -933.4009
v 1496.438 375.8795 -943.2261
v 1498.152 374.8273 -934.6183
v 1496.438 375.8795 -943.2261
v 1490.444 357.3965 -933.4009
v 1490.572 376.1016 -945.5095
v 1486.525 376.0721 -946.7037
v 1490.444 357.3965 -933.4009
v 1468.544 374.2497 -929.8817
v 1463.056 374.9358 -934.423
v 1464.958 375.6369 -939.4631
v 1490.444 357.3965 -933.4009
v 1463.056 374.9358 -934.423
v 1490.444 357.3965 -933.4009
v 1474.988 376.8137 -949.5594
v 1490.444 357.3965 -933.4009
v 1480.151 376.7231 -950.5795
v 1483.987 376.4159 -948.7286
v 1490.444 357.3965 -933.4009
v 1480.151 376.7231 -950.5795
v 1490.444 357.3965 -933.4009
v 1483.987 376.4159 -948.7286
v 1486.525 376.0721 -946.7037
v 1507.521 374.2279 -922.6691
v 1514.205 390.6769 -915.6418
v 1504.159 390.0286 -910.5709
v 1507.521 374.2279 -922.6691
v 1515.228 391.6587 -923.8868
v 1507.521 374.2279 -922.6691
v 1504.159 390.0286 -910.5709
v 1494.15 390.0631 -911.0973
v 1507.521 374.2279 -922.6691
v 1494.15 390.0631 -911.0973
v 1485.62 391.0811 -919.1501
v 1507.521 374.2279 -922.6691
v 1512.725 392.5308 -930.7327
v 1515.228 391.6587 -923.8868
v 1512.725 392.5308 -930.7327
v 1507.521 374.2279 -922.6691
v 1506.859 392.7526 -933.0165
v 1502.811 392.7234 -934.2103
v 1500.274 393.0672 -936.2352
v 1496.438 393.3746 -938.086
v 1507.521 374.2279 -922.6691
v 1485.62 391.0811 -919.1501
v 1484.671 391.7662 -924.5151
v 1485.944 392.4532 -929.9703
v 1507.521 374.2279 -922.6691
v 1484.671 391.7662 -924.5151
v 1507.521 374.2279 -922.6691
v 1491.276 393.4649 -937.066
v 1507.521 374.2279 -922.6691
v 1496.438 393.3746 -938.086
v 1507.521 374.2279 -922.6691
v 1500.274 393.0672 -936.2352
v 1502.811 392.7234 -934.2103
v 1503.119 373.4836 -969.076
v 1509.803 389.9326 -962.0491
v 1499.757 389.2844 -956.9786
v 1503.119 373.4836 -969.076
v 1510.827 390.9145 -970.2938
v 1503.119 373.4836 -969.076
v 1499.757 389.2844 -956.9786
v 1489.748 389.3187 -957.504
v 1503.119 373.4836 -969.076
v 1489.748 389.3187 -957.504
v 1481.219 390.3372 -965.5574
v 1503.119 373.4836 -969.076
v 1508.324 391.7862 -977.1401
v 1510.827 390.9145 -970.2938
v 1508.324 391.7862 -977.1401
v 1503.119 373.4836 -969.076
v 1502.457 392.0083 -979.4234
v 1498.41 391.9792 -980.6175
v 1495.872 392.323 -982.6425
v 1492.037 392.6302 -984.493
v 1503.119 373.4836 -969.076
v 1481.219 390.3372 -965.5574
v 1480.269 391.0221 -970.922
v 1481.542 391.709 -976.3771
v 1503.119 373.4836 -969.076
v 1480.269 391.0221 -970.922
v 1503.119 373.4836 -969.076
v 1486.874 392.7206 -983.473
v 1503.119 373.4836 -969.076
v 1492.037 392.6302 -984.493
v 1503.119 373.4836 -969.076
v 1495.872 392.323 -982.6425
v 1498.41 391.9792 -980.6175
v 1497.129 381.0528 -951.1343
v 1503.691 397.5305 -944.2785
v 1494.619 396.2773 -936.4789
v 1497.129 381.0528 -951.1343
v 1504.837 398.4838 -952.3519
v 1497.129 381.0528 -951.1343
v 1494.619 396.2773 -936.4789
v 1483.813 397.0544 -940.1317
v 1497.129 381.0528 -951.1343
v 1483.813 397.0544 -940.1317
v 1472.997 397.2712 -945.8927
v 1497.129 381.0528 -951.1343
v 1502.334 399.3557 -959.1982
v 1504.837 398.4838 -952.3519
v 1502.334 399.3557 -959.1982
v 1497.129 381.0528 -951.1343
v 1496.467 399.5776 -961.482
v 1497.129 381.0528 -951.1343
v 1492.42 399.5484 -962.6754
v 1489.883 399.8922 -964.7004
v 1486.046 400.1993 -966.5514
v 1497.129 381.0528 -951.1343
v 1472.997 397.2712 -945.8927
v 1471.2 398.4793 -954.3115
v 1473.506 399.4087 -960.0583
v 1497.129 381.0528 -951.1343
v 1471.2 398.4793 -954.3115
v 1497.129 381.0528 -951.1343
v 1480.884 400.2899 -965.5311
v 1497.129 381.0528 -951.1343
v 1486.046 400.1993 -966.5514
v 1497.129 381.0528 -951.1343
v 1489.883 399.8922 -964.7004
v 1492.42 399.5484 -962.6754
v 1451.781 355.1606 -960.534
v 1453.346 368.7769 -951.5161
v 1449.145 364.9276 -952.1988
v 1451.781 355.1606 -960.534
v 1460.655 370.5605 -957.0118
v 1451.781 355.1606 -960.534
v 1466.27 367.7722 -971.146
v 1451.781 355.1606 -960.534
v 1463.266 361.7159 -987.2023
v 1451.781 355.1606 -960.534
v 1454.691 361.8952 -986.5284
v 1447.535 362.7214 -985.8919
v 1441.762 362.7659 -985.5718
v 1451.781 355.1606 -960.534
v 1436.95 360.7811 -984.962
v 1451.781 355.1606 -960.534
v 1449.145 364.9276 -952.1988
v 1439.459 362.5597 -957.0452
v 1451.781 355.1606 -960.534
v 1431.866 363.005 -976.6024
v 1436.95 360.7811 -984.962
v 1451.781 355.1606 -960.534
v 1431.598 365.241 -969.5197
v 1429.852 366.0712 -963.5797
v 1431.598 365.241 -969.5197
v 1431.631 365.7618 -959.2525
v 1431.631 365.7618 -959.2525
v 1451.781 355.1606 -960.534
v 1439.459 362.5597 -957.0452
v 1431.715 355.1086 -963.109
v 1433.279 368.7247 -954.0919
v 1429.078 364.8755 -954.7745
v 1431.715 355.1086 -963.109
v 1440.587 370.5083 -959.5873
v 1431.715 355.1086 -963.109
v 1446.203 367.7202 -973.7214
v 1431.715 355.1086 -963.109
v 1443.198 361.6639 -989.7779
v 1431.715 355.1086 -963.109
v 1434.624 361.8431 -989.1041
v 1427.468 362.6692 -988.4671
v 1421.695 362.7137 -988.1475
v 1431.715 355.1086 -963.109
v 1416.883 360.7292 -987.5374
v 1431.715 355.1086 -963.109
v 1429.078 364.8755 -954.7745
v 1419.392 362.5078 -959.6204
v 1411.564 365.7094 -961.8281
v 1431.715 355.1086 -963.109
v 1419.392 362.5078 -959.6204
v 1431.715 355.1086 -963.109
v 1411.564 365.7094 -961.8281
v 1409.785 366.0191 -966.155
v 1411.531 365.189 -972.0951
v 1411.799 362.953 -979.178
v 1416.883 360.7292 -987.5374
v 1431.715 355.1086 -963.109
v 1411.531 365.189 -972.0951
vt 0.051574 0.510828
vt 0.082067 0.482466
vt 0.055989 0.51625
vt 0.088525 0.487276
vt 0.061117 0.518994
vt 0.08004 0.47637
vt 0.049089 0.505507
vt 0.081612 0.473468
vt 0.04999 0.503406
vt 0.004598 0.546422
vt 0.001726 0.541155
vt 0.006929 0.549007
vt 0 0.536298
vt 0.000429 0.534698
vt 0.1023 0.491797
vt 0.061117 0.518994
vt 0.1023 0.491797
vt 0.062011 0.516887
vt 0.103856 0.488887
vt 0.058151 0.511167
vt 0.100398 0.483436
vt 0.053744 0.505752
vt 0.085857 0.475456
vt 0.04999 0.503406
vt 0.081612 0.473468
vt 0.005628 0.542545
vt 0.007354 0.5474
vt 0.006929 0.549007
vt 0.00276 0.537286
vt 0.000429 0.534698
vt 0.893336 0.537306
vt 0.922863 0.559994
vt 0.888956 0.546088
vt 0.918009 0.568803
vt 0.880226 0.550729
vt 0.908486 0.573166
vt 0.920197 0.55192
vt 0.890787 0.529551
vt 0.868724 0.527447
vt 0.872337 0.518708
vt 0.861187 0.532396
vt 0.869895 0.511321
vt 0.848771 0.519655
vt 0.851151 0.51101
vt 0.843029 0.52484
vt 0.848763 0.503992
vt 0.82914 0.517663
vt 0.829722 0.509403
vt 0.82589 0.522705
vt 0.827292 0.502784
vt 0.84302 0.502722
vt 0.82328 0.501694
vt 0.810142 0.520349
vt 0.808851 0.512918
vt 0.809414 0.524693
vt 0.806297 0.506769
vt 0.803985 0.505515
vt 0.837302 0.523537
vt 0.854156 0.530666
vt 0.872279 0.548519
vt 0.899895 0.570534
vt 0.872279 0.548519
vt 0.899895 0.570534
vt 0.869757 0.540773
vt 0.897256 0.56247
vt 0.874118 0.532022
vt 0.902096 0.55369
vt 0.882822 0.527372
vt 0.91159 0.549318
vt 0.851738 0.523291
vt 0.854156 0.530666
vt 0.855332 0.514583
vt 0.862847 0.509622
vt 0.834933 0.516533
vt 0.837302 0.523537
vt 0.837297 0.50792
vt 0.84302 0.502722
vt 0.819469 0.514981
vt 0.821886 0.521585
vt 0.843029 0.52484
vt 0.82589 0.522705
vt 0.820045 0.506751
vt 0.82328 0.501694
vt 0.807099 0.523413
vt 0.809414 0.524693
vt 0.804556 0.517278
vt 0.803266 0.509872
vt 0.803985 0.505515
vt 0.848763 0.503992
vt 0.869895 0.511321
vt 0.890787 0.529551
vt 0.920197 0.55192
vt 0.059257 0.289912
vt 0.069007 0.292129
vt 0.058586 0.293229
vt 0.06758 0.295526
vt 0.058027 0.294899
vt 0.066136 0.297121
vt 0.069578 0.288927
vt 0.059645 0.286899
vt 0.068957 0.287802
vt 0.059522 0.285959
vt 0.049435 0.291945
vt 0.04974 0.288839
vt 0.049253 0.293532
vt 0.049988 0.286038
vt 0.050034 0.285188
vt 0.040211 0.290941
vt 0.040546 0.288091
vt 0.039997 0.292395
vt 0.040806 0.285521
vt 0.040838 0.284738
vt 0.031122 0.289363
vt 0.031798 0.286823
vt 0.03057 0.290633
vt 0.032201 0.284504
vt 0.032093 0.283768
vt 0.020216 0.285344
vt 0.021394 0.283233
vt 0.019164 0.286313
vt 0.022008 0.281217
vt 0.021697 0.280482
vt 0.014248 0.281063
vt 0.015824 0.279495
vt 0.012322 0.282064
vt 0.012322 0.282064
vt 0.0166 0.277831
vt 0.01612 0.277049
vt 0.00689 0.272611
vt 0.00858 0.27155
vt 0.005319 0.272784
vt 0.005319 0.272784
vt 0.009396 0.270222
vt 0.00886 0.269407
vt 0.000522 0.260095
vt 0.002113 0.259399
vt -0.000961 0.260026
vt 0.002877 0.258348
vt -0.000961 0.260026
vt 0.005319 0.272784
vt -0.001469 0.259234
vt 0.004785 0.271968
vt 0.058027 0.294899
vt 0.066136 0.297121
vt 0.057906 0.293949
vt 0.065521 0.295984
vt 0.058293 0.290942
vt 0.066092 0.292791
vt 0.058963 0.287636
vt 0.067513 0.289405
vt 0.059522 0.285959
vt 0.068957 0.287802
vt 0.049301 0.292673
vt 0.049253 0.293532
vt 0.049548 0.289878
vt 0.049852 0.28678
vt 0.050034 0.285188
vt 0.040031 0.291605
vt 0.039997 0.292395
vt 0.04029 0.289039
vt 0.040624 0.286196
vt 0.040838 0.284738
vt 0.030465 0.289891
vt 0.03057 0.290633
vt 0.030866 0.287576
vt 0.031541 0.285042
vt 0.032093 0.283768
vt 0.018857 0.285573
vt 0.019164 0.286313
vt 0.01947 0.283562
vt 0.020645 0.281454
vt 0.021697 0.280482
vt 0.012622 0.279617
vt 0.011846 0.281278
vt 0.012322 0.282064
vt 0.014668 0.277603
vt 0.01612 0.277049
vt 0.005601 0.270643
vt 0.004785 0.271968
vt 0.005319 0.272784
vt 0.007288 0.269582
vt 0.00886 0.269407
vt -0.000705 0.258184
vt -0.001469 0.259234
vt 0.000883 0.257489
vt 0.002366 0.257557
vt 0.002877 0.258348
vt 0.009396 0.270222
vt 0.846826 0.706592
vt 0.860975 0.73163
vt 0.830939 0.719252
vt 0.811608 0.734619
vt 0.830939 0.719252
vt 0.860975 0.73163
vt 0.834599 0.729157
vt 0.860975 0.73163
vt 0.869545 0.746307
vt 0.834599 0.729157
vt 0.834599 0.729157
vt 0.869545 0.746307
vt 0.846095 0.74843
vt 0.860975 0.73163
vt 0.885335 0.746291
vt 0.860975 0.73163
vt 0.846826 0.706592
vt 0.863361 0.708855
vt 0.846826 0.706592
vt 0.827396 0.683931
vt 0.863361 0.708855
vt 0.842085 0.701829
vt 0.844769 0.686271
vt 0.84818 0.68975
vt 0.874988 0.710329
vt 0.86911 0.711327
vt 0.869238 0.722671
vt 0.885384 0.716401
vt 0.888315 0.715902
vt 0.884407 0.722405
vt 0.884407 0.722405
vt 0.899544 0.722139
vt 0.904047 0.707852
vt 0.914697 0.718751
vt 0.842085 0.701829
vt 0.846826 0.706592
vt 0.828139 0.722213
vt 0.828139 0.722213
vt 0.811608 0.734619
vt 0.805618 0.721568
vt 0.788087 0.740025
vt 0.845154 0.695873
vt 0.856711 0.701834
vt 0.829669 0.67511
vt 0.874408 0.675026
vt 0.890291 0.676653
vt 0.854356 0.658705
vt 0.889635 0.655728
vt 0.910915 0.649402
vt 0.865425 0.646012
vt 0.852628 0.626028
vt 0.843911 0.638276
vt 0.829669 0.67511
vt 0.858607 0.607505
vt 0.845252 0.624605
vt 0.822318 0.65582
vt 0.829669 0.67511
vt 0.787101 0.70195
vt 0.820418 0.645251
vt 0.772759 0.678959
vt 0.904497 0.632189
vt 0.880242 0.62544
vt 0.880242 0.62544
vt 0.926772 0.622071
vt 0.868255 0.605835
vt 0.880242 0.62544
vt 0.931133 0.590792
vt 0.937895 0.569873
vt 0.933951 0.601046
vt 0.911066 0.601587
vt 0.880242 0.62544
vt 0.889491 0.595949
vt 0.880242 0.62544
vt 0.879026 0.577224
vt 0.875492 0.584895
vt 0.885758 0.556364
vt 0.934401 0.54231
vt 0.929223 0.558265
vt 0.913693 0.566382
vt 0.896932 0.56191
vt 0.888754 0.547491
vt 0.893927 0.53157
vt 0.931319 0.534526
vt 0.935471 0.521812
vt 0.914912 0.540179
vt 0.900601 0.536339
vt 0.893447 0.524642
vt 0.886715 0.503206
vt 0.893168 0.513007
vt 0.890141 0.491292
vt 0.896246 0.500133
vt 0.93231 0.512684
vt 0.912954 0.516004
vt 0.896246 0.500133
vt 0.911972 0.503858
vt 0.896246 0.500133
vt 0.936468 0.498439
vt 0.935536 0.503009
vt 0.939227 0.490291
vt 0.945911 0.434855
vt 0.93513 0.43452
vt 0.925937 0.432486
vt 0.925937 0.432486
vt 0.920868 0.429534
vt 0.957757 0.365615
vt 0.951289 0.364141
vt 0.951289 0.364141
vt 0.946681 0.3618
vt 0.962833 0.323231
vt 0.925937 0.432486
vt 0.896246 0.500133
vt 0.946681 0.3618
vt 0.925937 0.432486
vt 0.946632 0.359962
vt 0.960257 0.323219
vt 0.946681 0.3618
vt 0.96075 0.323914
vt 0.946632 0.359962
vt 0.805618 0.721568
vt 0.787101 0.70195
vt 0.788087 0.740025
vt 0.822318 0.65582
vt 0.772759 0.678959
vt 0.787101 0.70195
vt 0.788087 0.740025
vt 0.761161 0.725066
vt 0.774037 0.754876
vt 0.744061 0.742619
vt 0.755749 0.770286
vt 0.7732 0.77528
vt 0.80654 0.771466
vt 0.801163 0.787667
vt 0.76873 0.788817
vt 0.801163 0.787667
vt 0.747029 0.698084
vt 0.787101 0.70195
vt 0.772759 0.678959
vt 0.733644 0.717674
vt 0.757015 0.677766
vt 0.776231 0.662293
vt 0.772759 0.678959
vt 0.820418 0.645251
vt 0.741179 0.754031
vt 0.720334 0.747015
vt 0.951303 0.433205
vt 0.939227 0.490291
vt 0.945911 0.434855
vt 0.962285 0.36535
vt 0.957757 0.365615
vt 0.96697 0.323942
vt 0.957757 0.365615
vt 0.970242 0.324938
vt 0.96697 0.323942
vt 0.957757 0.365615
vt 0.962833 0.323231
vt 0.962833 0.323231
vt 0.951289 0.364141
vt 0.960257 0.323219
vt 0.970727 0.32563
vt 0.962217 0.363509
vt 0.970242 0.324938
vt 0.798979 0.744722
vt 0.80654 0.771466
vt 0.774037 0.754876
vt 0.788087 0.740025
vt 0.798979 0.744722
vt 0.798979 0.744722
vt 0.811646 0.753328
vt 0.80654 0.771466
vt 0.81466 0.757165
vt 0.806332 0.733276
vt 0.811646 0.753328
vt 0.834599 0.729157
vt 0.830939 0.719252
vt 0.834599 0.729157
vt 0.846095 0.74843
vt 0.811646 0.753328
vt 0.811646 0.753328
vt 0.846095 0.74843
vt 0.81466 0.757165
vt 0.80654 0.771466
vt 0.81466 0.757165
vt 0.801163 0.787667
vt 0.720334 0.747015
vt 0.741179 0.754031
vt 0.727112 0.755958
vt 0.743078 0.762774
vt 0.755749 0.770286
vt 0.75147 0.794612
vt 0.74351 0.769323
vt 0.74351 0.769323
vt 0.70659 0.745936
vt 0.727112 0.755958
vt 0.74351 0.769323
vt 0.720961 0.768122
vt 0.699824 0.748937
vt 0.696511 0.758093
vt 0.685199 0.749366
vt 0.684554 0.757971
vt 0.684843 0.743523
vt 0.70659 0.745936
vt 0.727112 0.755958
vt 0.699824 0.748937
vt 0.684843 0.743523
vt 0.684782 0.740509
vt 0.720334 0.747015
vt 0.71885 0.7457
vt 0.73921 0.712766
vt 0.737929 0.712575
vt 0.776767 0.699128
vt 0.771349 0.697216
vt 0.828103 0.695056
vt 0.81651 0.69481
vt 0.844769 0.686271
vt 0.733644 0.717674
vt 0.720334 0.747015
vt 0.747656 0.695372
vt 0.73921 0.712766
vt 0.779853 0.682416
vt 0.776767 0.699128
vt 0.787104 0.673019
vt 0.757015 0.677766
vt 0.796566 0.661751
vt 0.776231 0.662293
vt 0.827192 0.646392
vt 0.820418 0.645251
vt 0.843661 0.665741
vt 0.827227 0.677897
vt 0.843661 0.665741
vt 0.858078 0.624959
vt 0.845252 0.624605
vt 0.878595 0.641166
vt 0.879794 0.601288
vt 0.858607 0.607505
vt 0.903805 0.610921
vt 0.916722 0.630819
vt 0.891793 0.662578
vt 0.843661 0.665741
vt 0.910915 0.649402
vt 0.890291 0.676653
vt 0.857043 0.689203
vt 0.856711 0.701834
vt 0.842085 0.701829
vt 0.843661 0.665741
vt 0.827227 0.677897
vt 0.842085 0.701829
vt 0.926772 0.622071
vt 0.933951 0.601046
vt 0.897672 0.574825
vt 0.921869 0.58149
vt 0.927369 0.551124
vt 0.905765 0.545545
vt 0.885758 0.556364
vt 0.875492 0.584895
vt 0.937895 0.569873
vt 0.893927 0.53157
vt 0.909423 0.52345
vt 0.926188 0.527889
vt 0.934401 0.54231
vt 0.910662 0.505679
vt 0.897619 0.51195
vt 0.888754 0.547491
vt 0.893447 0.524642
vt 0.928288 0.510133
vt 0.935471 0.521812
vt 0.89019 0.492734
vt 0.90869 0.487373
vt 0.907699 0.478182
vt 0.893259 0.481945
vt 0.886715 0.503206
vt 0.890141 0.491292
vt 0.933415 0.480208
vt 0.935536 0.503009
vt 0.929271 0.492399
vt 0.933415 0.480208
vt 0.933415 0.480208
vt 0.939227 0.490291
vt 0.93076 0.427318
vt 0.922875 0.427396
vt 0.942785 0.429759
vt 0.933415 0.480208
vt 0.951156 0.359703
vt 0.957607 0.361171
vt 0.920868 0.429534
vt 0.922875 0.427396
vt 0.946632 0.359962
vt 0.951156 0.359703
vt 0.951303 0.433205
vt 0.933415 0.480208
vt 0.964018 0.324907
vt 0.951156 0.359703
vt 0.96075 0.323914
vt 0.946632 0.359962
vt 0.951156 0.359703
vt 0.968149 0.325617
vt 0.968149 0.325617
vt 0.957607 0.361171
vt 0.827227 0.677897
vt 0.827396 0.683931
vt 0.842085 0.701829
vt 0.856711 0.701834
vt 0.842085 0.701829
vt 0.828139 0.722213
vt 0.942785 0.429759
vt 0.933415 0.480208
vt 0.951303 0.433205
vt 0.962217 0.363509
vt 0.957607 0.361171
vt 0.962217 0.363509
vt 0.970727 0.32563
vt 0.951303 0.433205
vt 0.962285 0.36535
vt 0.970242 0.324938
vt 0.968149 0.325617
vt 0.957607 0.361171
vt 0.970727 0.32563
vt 0.960257 0.323219
vt 0.946681 0.3618
vt 0.96075 0.323914
vt 0.827396 0.683931
vt 0.828103 0.695056
vt 0.844769 0.686271
vt 0.828139 0.722213
vt 0.846826 0.706592
vt 0.811608 0.734619
vt 0.811608 0.734619
vt 0.806332 0.733276
vt 0.798979 0.744722
vt 0.830939 0.719252
vt 0.827227 0.677897
vt 0.787104 0.673019
vt 0.827396 0.683931
vt 0.922875 0.427396
vt 0.893259 0.481945
vt 0.896677 0.737276
vt 0.869238 0.722671
vt 0.884407 0.722405
vt 0.885335 0.746291
vt 0.908018 0.728263
vt 0.885335 0.746291
vt 0.860975 0.73163
vt 0.869238 0.722671
vt 0.908018 0.728263
vt 0.884407 0.722405
vt 0.899544 0.722139
vt 0.914697 0.718751
vt 0.924479 0.740587
vt 0.885384 0.716401
vt 0.888315 0.715902
vt 0.904047 0.707852
vt 0.914697 0.718751
vt 0.904047 0.707852
vt 0.921425 0.714771
vt 0.924479 0.740587
vt 0.914697 0.718751
vt 0.921425 0.714771
vt 0.860975 0.73163
vt 0.863361 0.708855
vt 0.869238 0.722671
vt 0.844769 0.686271
vt 0.81651 0.69481
vt 0.84818 0.68975
vt 0.755749 0.770286
vt 0.76873 0.788817
vt 0.75147 0.794612
vt 0.71885 0.7457
vt 0.720334 0.747015
vt 0.702429 0.744988
vt 0.70659 0.745936
vt 0.702429 0.744988
vt 0.70659 0.745936
vt 0.684782 0.740509
vt 0.941817 0.47872
vt 0.916347 0.490439
vt 0.946737 0.477597
vt 0.922038 0.488987
vt 0.97456 0.467148
vt 0.946737 0.477597
vt 0.922038 0.488987
vt 0.951699 0.482168
vt 0.926632 0.496786
vt 0.953803 0.489754
vt 0.925955 0.508624
vt 0.951819 0.495928
vt 0.978655 0.473326
vt 0.979288 0.48144
vt 0.975895 0.48758
vt 0.997082 0.474142
vt 0.995743 0.478734
vt 0.951819 0.495928
vt 0.922524 0.518452
vt 0.997082 0.474142
vt 0.995743 0.478734
vt 0.97456 0.467148
vt 0.946737 0.477597
vt 0.978655 0.473326
vt 0.996804 0.467482
vt 0.995038 0.462626
vt 0.997082 0.474142
vt 1.023891 0.469374
vt 1.023757 0.465135
vt 1.021699 0.475001
vt 0.992825 0.462401
vt 0.969306 0.466769
vt 0.97456 0.467148
vt 0.997082 0.474142
vt 1.018976 0.478136
vt 0.997082 0.474142
vt 0.995743 0.478734
vt 0.969306 0.466769
vt 0.941817 0.47872
vt 0.97456 0.467148
vt 1.021911 0.464158
vt 0.992825 0.462401
vt 1.023757 0.465135
vt 0.951819 0.495928
vt 0.922524 0.518452
vt 0.946904 0.497072
vt 0.969387 0.488209
vt 0.916852 0.519863
vt 0.941932 0.492503
vt 0.965074 0.482571
vt 0.991845 0.473776
vt 0.993558 0.478575
vt 0.975895 0.48758
vt 0.951819 0.495928
vt 0.991523 0.467031
vt 0.964576 0.473853
vt 0.941932 0.492503
vt 0.939821 0.484899
vt 0.909738 0.515801
vt 0.992825 0.462401
vt 0.969306 0.466769
vt 0.939821 0.484899
vt 1.016513 0.473499
vt 1.01664 0.477744
vt 0.995743 0.478734
vt 1.018737 0.46784
vt 1.021911 0.464158
vt 1.021911 0.464158
vt 0.907202 0.505958
vt 0.941817 0.47872
vt 0.969306 0.466769
vt 0.941932 0.492503
vt 0.916852 0.519863
vt 0.909738 0.515801
vt 0.939821 0.484899
vt 0.909738 0.515801
vt 0.907202 0.505958
vt 0.941817 0.47872
vt 0.907202 0.505958
vt 0.916347 0.490439
vt 1.018976 0.478136
vt 0.995743 0.478734
vt 1.01664 0.477744
vt 0.955298 0.411471
vt 0.934085 0.422201
vt 0.956821 0.408048
vt 0.98347 0.393187
vt 0.955298 0.411471
vt 0.935826 0.428575
vt 0.934085 0.422201
vt 0.956096 0.41543
vt 0.935826 0.428575
vt 0.955298 0.411471
vt 0.982251 0.394125
vt 1.007113 0.384883
vt 0.98347 0.393187
vt 1.006856 0.386163
vt 1.043207 0.375216
vt 0.956096 0.41543
vt 0.939003 0.433772
vt 0.935826 0.428575
vt 0.960001 0.420534
vt 0.943735 0.434762
vt 0.963833 0.421704
vt 0.983007 0.408154
vt 0.984321 0.411731
vt 0.981958 0.401091
vt 1.010466 0.395602
vt 1.012071 0.398143
vt 1.008269 0.390607
vt 1.006856 0.386163
vt 1.042108 0.386606
vt 1.042142 0.389589
vt 1.042427 0.380866
vt 1.042863 0.375839
vt 1.042863 0.375839
vt 0.956096 0.41543
vt 0.982251 0.394125
vt 1.006856 0.386163
vt 0.982251 0.394125
vt 0.955298 0.411471
vt 0.98347 0.393187
vt 1.042863 0.375839
vt 1.006856 0.386163
vt 1.043207 0.375216
vt 0.956821 0.408048
vt 0.934085 0.422201
vt 0.928019 0.425855
vt 0.956821 0.408048
vt 0.928019 0.425855
vt 0.960643 0.409225
vt 0.932716 0.426814
vt 0.964525 0.414305
vt 0.9359 0.432022
vt 0.9662 0.420321
vt 0.937651 0.438395
vt 0.984959 0.397289
vt 0.985766 0.403789
vt 0.985756 0.409661
vt 1.010911 0.392394
vt 1.00879 0.387457
vt 0.98347 0.393187
vt 0.956821 0.408048
vt 1.012273 0.396815
vt 1.012071 0.398143
vt 0.984321 0.411731
vt 0.9662 0.420321
vt 1.042945 0.383892
vt 1.04325 0.378193
vt 1.007113 0.384883
vt 0.98347 0.393187
vt 1.043207 0.375216
vt 1.042478 0.38814
vt 1.042142 0.389589
vt 0.984321 0.411731
vt 0.9662 0.420321
vt 0.963833 0.421704
vt 0.937651 0.438395
vt 0.943735 0.434762
vt 0.9662 0.420321
vt 0.937651 0.438395
vt 0.963833 0.421704
vt 0.940882 0.38898
vt 0.942833 0.433106
vt 0.93094 0.399256
vt 0.934916 0.437493
vt 0.945656 0.42667
vt 0.946411 0.377019
vt 0.91738 0.373541
vt 0.923316 0.370107
vt 0.928341 0.365309
vt 0.93094 0.399256
vt 0.934916 0.437493
vt 0.923205 0.399755
vt 0.926574 0.437192
vt 0.919655 0.395775
vt 0.924153 0.433288
vt 0.912667 0.374554
vt 0.911819 0.372833
vt 0.923316 0.370107
vt 0.940882 0.38898
vt 0.91738 0.373541
vt 0.91738 0.373541
vt 0.93094 0.399256
vt 0.912667 0.374554
vt 0.928341 0.365309
vt 0.937438 0.38445
vt 0.946411 0.377019
vt 0.943196 0.422833
vt 0.937438 0.38445
vt 0.934869 0.422502
vt 0.943196 0.422833
vt 0.92971 0.384965
vt 0.927655 0.362965
vt 0.92971 0.384965
vt 0.926991 0.426823
vt 0.934869 0.422502
vt 0.922351 0.389654
vt 0.924153 0.433288
vt 0.919655 0.395775
vt 0.915578 0.368499
vt 0.911819 0.372833
vt 0.922881 0.364003
vt 0.915578 0.368499
vt 0.922351 0.389654
vt 0.922881 0.364003
vt 0.922881 0.364003
vt 0.92971 0.384965
vt 0.927655 0.362965
vt 0.903357 0.338526
vt 0.907708 0.337693
vt 0.888579 0.318514
vt 0.88497 0.321085
vt 0.898903 0.342331
vt 0.915578 0.368499
vt 0.922881 0.364003
vt 0.879389 0.325662
vt 0.896979 0.346925
vt 0.911819 0.372833
vt 0.915578 0.368499
vt 0.912667 0.374554
vt 0.875832 0.328752
vt 0.898702 0.349626
vt 0.875294 0.329721
vt 0.907708 0.337693
vt 0.922881 0.364003
vt 0.946411 0.377019
vt 0.943196 0.422833
vt 0.945656 0.42667
vt 0.927655 0.362965
vt 0.937438 0.38445
vt 0.928341 0.365309
vt 0.909472 0.340488
vt 0.907708 0.337693
vt 0.907582 0.345142
vt 0.883725 0.323399
vt 0.888029 0.319478
vt 0.888579 0.318514
vt 0.907582 0.345142
vt 0.928341 0.365309
vt 0.923316 0.370107
vt 0.907582 0.345142
vt 0.923316 0.370107
vt 0.903103 0.348877
vt 0.91738 0.373541
vt 0.878906 0.327156
vt 0.875294 0.329721
vt 0.898702 0.349626
vt 0.91738 0.373541
vt 0.912667 0.374554
vt 0.896979 0.346925
vt 0.883725 0.323399
vt 0.907582 0.345142
vt 0.878906 0.327156
vt 0.917979 0.364112
vt 0.891243 0.358456
vt 0.897327 0.355529
vt 0.919876 0.359305
vt 0.899143 0.348751
vt 0.891243 0.358456
vt 0.917979 0.364112
vt 0.906641 0.363385
vt 0.88694 0.360473
vt 0.903082 0.365058
vt 0.906641 0.363385
vt 0.917979 0.364112
vt 0.914161 0.372397
vt 0.903082 0.365058
vt 0.903082 0.365058
vt 0.914161 0.372397
vt 0.911302 0.373661
vt 0.899143 0.348751
vt 0.918704 0.357298
vt 0.919876 0.359305
vt 0.897604 0.346878
vt 0.878385 0.348025
vt 0.897327 0.355529
vt 0.891243 0.358456
vt 0.882458 0.341891
vt 0.899143 0.348751
vt 0.884139 0.337983
vt 0.878385 0.348025
vt 0.891243 0.358456
vt 0.876658 0.350072
vt 0.876658 0.350072
vt 0.891243 0.358456
vt 0.88694 0.360473
vt 0.906641 0.363385
vt 0.884139 0.337983
vt 0.897604 0.346878
vt 0.899143 0.348751
vt 0.884143 0.336639
vt 0.903082 0.365058
vt 0.911302 0.373661
vt 0.901758 0.363378
vt 0.910197 0.372122
vt 0.903379 0.358988
vt 0.911406 0.368008
vt 0.885444 0.358658
vt 0.8876 0.354064
vt 0.880013 0.342895
vt 0.88694 0.360473
vt 0.903082 0.365058
vt 0.876652 0.348734
vt 0.885444 0.358658
vt 0.915817 0.358652
vt 0.903379 0.358988
vt 0.911406 0.368008
vt 0.8876 0.354064
vt 0.903379 0.358988
vt 0.893653 0.351088
vt 0.897604 0.346878
vt 0.884143 0.336639
vt 0.8876 0.354064
vt 0.915817 0.358652
vt 0.893653 0.351088
vt 0.882418 0.33869
vt 0.880013 0.342895
vt 0.882418 0.33869
vt 0.876652 0.348734
vt 0.88694 0.360473
vt 0.885444 0.358658
vt 0.876658 0.350072
vt 0.88694 0.360473
vt 0.876652 0.348734
vt 0.882418 0.33869
vt 0.893653 0.351088
vt 0.884143 0.336639
vt 0.897604 0.346878
vt 0.915817 0.358652
vt 0.918704 0.357298
vt 0.904278 0.375574
vt 0.926613 0.367658
vt 0.905389 0.379942
vt 0.929301 0.3725
vt 0.90542 0.384533
vt 0.930648 0.377623
vt 0.904354 0.386651
vt 0.929864 0.380018
vt 0.924163 0.365942
vt 0.902738 0.373994
vt 0.88627 0.377532
vt 0.886497 0.374005
vt 0.885028 0.381739
vt 0.885028 0.381739
vt 0.883746 0.383451
vt 0.885028 0.381739
vt 0.885749 0.372729
vt 0.864876 0.368686
vt 0.865731 0.366287
vt 0.863419 0.371225
vt 0.863419 0.371225
vt 0.862214 0.372415
vt 0.863419 0.371225
vt 0.865482 0.365435
vt 0.836436 0.351941
vt 0.83729 0.350538
vt 0.835199 0.353444
vt 0.834303 0.354166
vt 0.835199 0.353444
vt 0.83726 0.350057
vt 0.904354 0.386651
vt 0.929864 0.380018
vt 0.902817 0.385063
vt 0.927411 0.378291
vt 0.901709 0.380705
vt 0.924731 0.373462
vt 0.901675 0.376122
vt 0.923385 0.368348
vt 0.902738 0.373994
vt 0.924163 0.365942
vt 0.883 0.382169
vt 0.883746 0.383451
vt 0.883401 0.378151
vt 0.884467 0.374448
vt 0.885749 0.372729
vt 0.862822 0.369165
vt 0.861967 0.371561
vt 0.862214 0.372415
vt 0.864278 0.366629
vt 0.865482 0.365435
vt 0.834275 0.353684
vt 0.834303 0.354166
vt 0.835129 0.352282
vt 0.836364 0.350779
vt 0.83726 0.350057
vt 0.039239 0.36586
vt 0.029446 0.39034
vt 0.017728 0.367221
vt 0.039239 0.36586
vt 0.018932 0.344579
vt 0.039239 0.36586
vt 0.018932 0.344579
vt 0.037541 0.325827
vt 0.062575 0.327315
vt 0.039239 0.36586
vt 0.049952 0.324052
vt 0.039239 0.36586
vt 0.037541 0.325827
vt 0.049952 0.324052
vt 0.039239 0.36586
vt 0.062575 0.327315
vt 0.079055 0.339961
vt 0.039239 0.36586
vt 0.048488 0.393228
vt 0.029446 0.39034
vt 0.039239 0.36586
vt 0.064334 0.388061
vt 0.048488 0.393228
vt 0.064334 0.388061
vt 0.039239 0.36586
vt 0.069596 0.374891
vt 0.072291 0.3657
vt 0.077015 0.360142
vt 0.081333 0.351617
vt 0.039239 0.36586
vt 0.039239 0.36586
vt 0.079055 0.339961
vt 0.034069 0.318506
vt 0.031377 0.340525
vt 0.027999 0.321477
vt 0.027483 0.296757
vt 0.034069 0.318506
vt 0.027483 0.296757
vt 0.048737 0.28158
vt 0.034069 0.318506
vt 0.051976 0.345354
vt 0.031377 0.340525
vt 0.076058 0.347338
vt 0.076058 0.347338
vt 0.034069 0.318506
vt 0.086436 0.332386
vt 0.086436 0.332386
vt 0.034069 0.318506
vt 0.080564 0.321744
vt 0.034069 0.318506
vt 0.048737 0.28158
vt 0.063526 0.285689
vt 0.075395 0.284102
vt 0.034069 0.318506
vt 0.063526 0.285689
vt 0.034069 0.318506
vt 0.075395 0.284102
vt 0.083385 0.299293
vt 0.034069 0.318506
vt 0.083385 0.299293
vt 0.090223 0.304768
vt 0.087904 0.316047
vt 0.034069 0.318506
vt 0.090223 0.304768
vt 0.034069 0.318506
vt 0.080564 0.321744
vt 0.038843 0.250801
vt 0.023719 0.271419
vt 0.013395 0.244694
vt 0.00878 0.237718
vt 0.038843 0.250801
vt 0.038843 0.250801
vt 0.015931 0.216304
vt 0.025739 0.205263
vt 0.00878 0.237718
vt 0.01427 0.23042
vt 0.038843 0.250801
vt 0.01427 0.23042
vt 0.015931 0.216304
vt 0.038843 0.250801
vt 0.045398 0.282325
vt 0.023719 0.271419
vt 0.038843 0.250801
vt 0.065273 0.274629
vt 0.045398 0.282325
vt 0.065273 0.274629
vt 0.038843 0.250801
vt 0.077175 0.257312
vt 0.079877 0.241111
vt 0.078755 0.225862
vt 0.038843 0.250801
vt 0.0729 0.213255
vt 0.038843 0.250801
vt 0.025739 0.205263
vt 0.041335 0.202025
vt 0.062122 0.213881
vt 0.0729 0.213255
vt 0.050342 0.210765
vt 0.038843 0.250801
vt 0.041335 0.202025
vt 0.038843 0.250801
vt 0.050342 0.210765
vt 0.062122 0.213881
vt 0.056485 0.198571
vt 0.038457 0.195456
vt 0.038823 0.183811
vt 0.03691 0.175452
vt 0.056485 0.198571
vt 0.0368 0.161258
vt 0.034903 0.149662
vt 0.056485 0.198571
vt 0.034903 0.149662
vt 0.041917 0.142865
vt 0.056485 0.198571
vt 0.05219 0.138623
vt 0.06584 0.145607
vt 0.056485 0.198571
vt 0.05219 0.138623
vt 0.077025 0.147939
vt 0.056485 0.198571
vt 0.081019 0.157455
vt 0.085817 0.164005
vt 0.091535 0.173759
vt 0.088313 0.17986
vt 0.056485 0.198571
vt 0.091535 0.173759
vt 0.080655 0.189312
vt 0.056485 0.198571
vt 0.080655 0.189312
vt 0.059447 0.197806
vt 0.056485 0.198571
vt 0.059447 0.197806
vt 0.038457 0.195456
vt 0.086544 0.238116
vt 0.093153 0.236818
vt 0.085716 0.219637
vt 0.080876 0.207878
vt 0.110612 0.260002
vt 0.086544 0.238116
vt 0.09498 0.192228
vt 0.105687 0.18873
vt 0.119138 0.195194
vt 0.080876 0.207878
vt 0.130796 0.2055
vt 0.086544 0.238116
vt 0.119138 0.195194
vt 0.086544 0.238116
vt 0.130796 0.2055
vt 0.137497 0.20743
vt 0.147535 0.217419
vt 0.139896 0.224854
vt 0.086544 0.238116
vt 0.147535 0.217419
vt 0.086544 0.238116
vt 0.139896 0.224854
vt 0.149393 0.230793
vt 0.1406 0.249026
vt 0.086544 0.238116
vt 0.149393 0.230793
vt 0.131259 0.259042
vt 0.086544 0.238116
vt 0.1406 0.249026
vt 0.086544 0.238116
vt 0.131259 0.259042
vt 0.110612 0.260002
vt 0.059628 0.284009
vt 0.057712 0.295487
vt 0.057718 0.284482
vt 0.059628 0.284009
vt 0.068811 0.262812
vt 0.059628 0.284009
vt 0.068811 0.262812
vt 0.085881 0.245133
vt 0.059628 0.284009
vt 0.061881 0.298421
vt 0.057712 0.295487
vt 0.059628 0.284009
vt 0.085349 0.303176
vt 0.061881 0.298421
vt 0.100036 0.29516
vt 0.059628 0.284009
vt 0.103586 0.288435
vt 0.059628 0.284009
vt 0.085881 0.245133
vt 0.095281 0.243994
vt 0.103876 0.247833
vt 0.059628 0.284009
vt 0.095281 0.243994
vt 0.059628 0.284009
vt 0.103876 0.247833
vt 0.115608 0.260873
vt 0.059628 0.284009
vt 0.115608 0.260873
vt 0.120542 0.272722
vt 0.115153 0.281581
vt 0.059628 0.284009
vt 0.120542 0.272722
vt 0.059628 0.284009
vt 0.103586 0.288435
vt 0.096179 0.286726
vt 0.114812 0.288921
vt 0.10913 0.27512
vt 0.123675 0.306578
vt 0.096179 0.286726
vt 0.10913 0.27512
vt 0.113286 0.263308
vt 0.096179 0.286726
vt 0.12251 0.257209
vt 0.13219 0.254181
vt 0.113286 0.263308
vt 0.096179 0.286726
vt 0.13219 0.254181
vt 0.136245 0.262654
vt 0.145503 0.262686
vt 0.096179 0.286726
vt 0.136245 0.262654
vt 0.151827 0.267724
vt 0.096179 0.286726
vt 0.151827 0.267724
vt 0.14431 0.276068
vt 0.147724 0.282856
vt 0.096179 0.286726
vt 0.150838 0.294327
vt 0.147668 0.304938
vt 0.134977 0.310643
vt 0.096179 0.286726
vt 0.147668 0.304938
vt 0.096179 0.286726
vt 0.134977 0.310643
vt 0.123675 0.306578
vt 0.066693 0.391378
vt 0.072595 0.408228
vt 0.067227 0.383218
vt 0.066693 0.391378
vt 0.067227 0.383218
vt 0.070225 0.360435
vt 0.066693 0.391378
vt 0.070225 0.360435
vt 0.084204 0.344021
vt 0.066693 0.391378
vt 0.084204 0.344021
vt 0.092426 0.343924
vt 0.100249 0.348918
vt 0.066693 0.391378
vt 0.092426 0.343924
vt 0.109815 0.363768
vt 0.066693 0.391378
vt 0.10978 0.375875
vt 0.106057 0.383916
vt 0.066693 0.391378
vt 0.102327 0.38894
vt 0.100001 0.397777
vt 0.095427 0.410383
vt 0.066693 0.391378
vt 0.095427 0.410383
vt 0.084625 0.413613
vt 0.066693 0.391378
vt 0.084625 0.413613
vt 0.072595 0.408228
vt 0.078153 0.340396
vt 0.079436 0.355997
vt 0.07904 0.336117
vt 0.078153 0.340396
vt 0.083034 0.305462
vt 0.078153 0.340396
vt 0.083034 0.305462
vt 0.101968 0.293475
vt 0.078153 0.340396
vt 0.101968 0.293475
vt 0.112699 0.299269
vt 0.119312 0.305672
vt 0.078153 0.340396
vt 0.127957 0.321087
vt 0.129286 0.333064
vt 0.123892 0.340495
vt 0.078153 0.340396
vt 0.116283 0.346182
vt 0.110057 0.352759
vt 0.078153 0.340396
vt 0.102933 0.363844
vt 0.078153 0.340396
vt 0.110057 0.352759
vt 0.078153 0.340396
vt 0.102933 0.363844
vt 0.091175 0.366221
vt 0.078153 0.340396
vt 0.091175 0.366221
vt 0.079436 0.355997
vt 0.092145 0.366238
vt 0.108475 0.375449
vt 0.103595 0.360446
vt 0.092145 0.366238
vt 0.103595 0.360446
vt 0.111888 0.353645
vt 0.092145 0.366238
vt 0.115491 0.379453
vt 0.108475 0.375449
vt 0.107289 0.343811
vt 0.092145 0.366238
vt 0.111888 0.353645
vt 0.092145 0.366238
vt 0.107289 0.343811
vt 0.117135 0.33265
vt 0.092145 0.366238
vt 0.117135 0.33265
vt 0.131643 0.328952
vt 0.138977 0.337806
vt 0.092145 0.366238
vt 0.138977 0.337806
vt 0.137571 0.349406
vt 0.092145 0.366238
vt 0.137571 0.349406
vt 0.128209 0.357491
vt 0.131757 0.365112
vt 0.092145 0.366238
vt 0.128209 0.357491
vt 0.092145 0.366238
vt 0.137662 0.373765
vt 0.136329 0.381018
vt 0.092145 0.366238
vt 0.137662 0.373765
vt 0.126217 0.383494
vt 0.092145 0.366238
vt 0.136329 0.381018
vt 0.115491 0.379453
vt 0.050628 0.399525
vt 0.045645 0.421803
vt 0.040311 0.409906
vt 0.044046 0.397762
vt 0.050628 0.399525
vt 0.049036 0.387756
vt 0.050628 0.399525
vt 0.057625 0.43052
vt 0.045645 0.421803
vt 0.050628 0.399525
vt 0.070235 0.428193
vt 0.057625 0.43052
vt 0.050628 0.399525
vt 0.049036 0.387756
vt 0.058207 0.386553
vt 0.066647 0.386763
vt 0.050628 0.399525
vt 0.066647 0.386763
vt 0.078517 0.395456
vt 0.082976 0.402536
vt 0.079399 0.40791
vt 0.050628 0.399525
vt 0.075602 0.411329
vt 0.074145 0.421502
vt 0.070235 0.428193
vt 0.047642 0.228091
vt 0.042188 0.230988
vt 0.020426 0.224891
vt 0.015705 0.217668
vt 0.047642 0.228091
vt 0.047642 0.228091
vt 0.048802 0.237961
vt 0.047642 0.228091
vt 0.02117 0.210541
vt 0.029647 0.202296
vt 0.039336 0.197242
vt 0.048679 0.198196
vt 0.047642 0.228091
vt 0.07583 0.258928
vt 0.048802 0.237961
vt 0.07583 0.258928
vt 0.047642 0.228091
vt 0.088515 0.240135
vt 0.047642 0.228091
vt 0.086147 0.221529
vt 0.081296 0.207698
vt 0.075884 0.198117
vt 0.047642 0.228091
vt 0.069033 0.1942
vt 0.075884 0.198117
vt 0.055137 0.199263
vt 0.055137 0.199263
vt 0.047642 0.228091
vt 0.048679 0.198196
vt 0.047642 0.228091
vt 0.029647 0.202296
vt 0.039336 0.197242
vt 0.449303 0.917275
vt 0.478165 0.910729
vt 0.465398 0.938699
vt 0.463328 0.947663
vt 0.449303 0.917275
vt 0.449303 0.917275
vt 0.470585 0.885863
vt 0.449303 0.917275
vt 0.450143 0.876361
vt 0.470585 0.885863
vt 0.450143 0.876361
vt 0.449303 0.917275
vt 0.428185 0.880254
vt 0.413717 0.890529
vt 0.402746 0.903073
vt 0.449303 0.917275
vt 0.397276 0.917251
vt 0.449303 0.917275
vt 0.405712 0.924994
vt 0.449303 0.917275
vt 0.412103 0.936224
vt 0.449303 0.917275
vt 0.463328 0.947663
vt 0.453744 0.948919
vt 0.441701 0.95833
vt 0.425983 0.959228
vt 0.449303 0.917275
vt 0.453744 0.948919
vt 0.441701 0.95833
vt 0.449303 0.917275
vt 0.425983 0.959228
vt 0.412044 0.949716
vt 0.412103 0.936224
vt 0.449303 0.917275
vt 0.412044 0.949716
vt 0.425558 0.930036
vt 0.432135 0.931566
vt 0.444321 0.951724
vt 0.425558 0.930036
vt 0.432616 0.921222
vt 0.425558 0.930036
vt 0.42918 0.884169
vt 0.442541 0.960436
vt 0.425558 0.930036
vt 0.444321 0.951724
vt 0.42918 0.884169
vt 0.425558 0.930036
vt 0.40583 0.88817
vt 0.425558 0.930036
vt 0.393664 0.9036
vt 0.386616 0.917805
vt 0.383244 0.929213
vt 0.425558 0.930036
vt 0.385336 0.937349
vt 0.399201 0.944472
vt 0.399201 0.944472
vt 0.425558 0.930036
vt 0.403002 0.950397
vt 0.425558 0.930036
vt 0.409559 0.957727
vt 0.403002 0.950397
vt 0.43313 0.961553
vt 0.420548 0.961335
vt 0.442541 0.960436
vt 0.425558 0.930036
vt 0.420548 0.961335
vt 0.409559 0.957727
vt 0.50284 0.874607
vt 0.523081 0.858204
vt 0.511734 0.874205
vt 0.493854 0.89241
vt 0.50284 0.874607
vt 0.51144 0.839031
vt 0.523081 0.858204
vt 0.494892 0.819561
vt 0.494892 0.819561
vt 0.50284 0.874607
vt 0.475726 0.82303
vt 0.50284 0.874607
vt 0.472233 0.835126
vt 0.50284 0.874607
vt 0.493854 0.89241
vt 0.466277 0.888027
vt 0.50284 0.874607
vt 0.447885 0.866649
vt 0.453323 0.849467
vt 0.447885 0.866649
vt 0.50284 0.874607
vt 0.458128 0.874145
vt 0.50284 0.874607
vt 0.466277 0.888027
vt 0.453323 0.849467
vt 0.452131 0.840561
vt 0.46239 0.83392
vt 0.50284 0.874607
vt 0.452131 0.840561
vt 0.50284 0.874607
vt 0.46239 0.83392
vt 0.472233 0.835126
vt 0.535572 0.834505
vt 0.563373 0.821091
vt 0.554522 0.847233
vt 0.535572 0.834505
vt 0.551529 0.804391
vt 0.535572 0.834505
vt 0.554522 0.847233
vt 0.536515 0.863142
vt 0.535572 0.834505
vt 0.536515 0.863142
vt 0.508635 0.862842
vt 0.535572 0.834505
vt 0.535957 0.796108
vt 0.551529 0.804391
vt 0.535957 0.796108
vt 0.535572 0.834505
vt 0.522116 0.80188
vt 0.513161 0.806678
vt 0.505491 0.80718
vt 0.495875 0.810201
vt 0.535572 0.834505
vt 0.508635 0.862842
vt 0.498156 0.854669
vt 0.491326 0.84259
vt 0.535572 0.834505
vt 0.498156 0.854669
vt 0.535572 0.834505
vt 0.488766 0.820571
vt 0.535572 0.834505
vt 0.495875 0.810201
vt 0.535572 0.834505
vt 0.505491 0.80718
vt 0.513161 0.806678
vt 0.400742 0.939869
vt 0.413433 0.953644
vt 0.404195 0.962233
vt 0.398844 0.970483
vt 0.400742 0.939869
vt 0.404195 0.962233
vt 0.400742 0.939869
vt 0.379844 0.992467
vt 0.369283 0.992493
vt 0.400742 0.939869
vt 0.369283 0.992493
vt 0.358368 0.987984
vt 0.353792 0.9721
vt 0.400742 0.939869
vt 0.358368 0.987984
vt 0.347332 0.961801
vt 0.378075 0.92545
vt 0.400742 0.939869
vt 0.364983 0.927021
vt 0.357699 0.929486
vt 0.400742 0.939869
vt 0.378075 0.92545
vt 0.400085 0.935404
vt 0.413433 0.953644
vt 0.400742 0.939869
vt 0.347332 0.961801
vt 0.352067 0.951036
vt 0.353934 0.941907
vt 0.357699 0.929486
vt 0.400742 0.939869
vt 0.387642 0.981837
vt 0.379844 0.992467
vt 0.398844 0.970483
vt 0.408358 0.892658
vt 0.403877 0.886757
vt 0.397105 0.904232
vt 0.392282 0.916006
vt 0.408847 0.855776
vt 0.408358 0.892658
vt 0.368728 0.918615
vt 0.358277 0.91292
vt 0.352709 0.898561
vt 0.392282 0.916006
vt 0.351624 0.882378
vt 0.408358 0.892658
vt 0.408358 0.892658
vt 0.351624 0.882378
vt 0.347619 0.87653
vt 0.347311 0.862058
vt 0.358974 0.861815
vt 0.408358 0.892658
vt 0.347311 0.862058
vt 0.392114 0.841767
vt 0.377003 0.842948
vt 0.408358 0.892658
vt 0.392114 0.841767
vt 0.408847 0.855776
vt 0.377003 0.842948
vt 0.408358 0.892658
vt 0.356096 0.850643
vt 0.408358 0.892658
vt 0.358974 0.861815
vt 0.356096 0.850643
vt 0.45698 0.881979
vt 0.468835 0.872596
vt 0.46098 0.880155
vt 0.45698 0.881979
vt 0.468077 0.867106
vt 0.468835 0.872596
vt 0.45698 0.881979
vt 0.454093 0.846029
vt 0.437186 0.840803
vt 0.437186 0.840803
vt 0.45698 0.881979
vt 0.429326 0.843302
vt 0.415181 0.840148
vt 0.404329 0.842862
vt 0.45698 0.881979
vt 0.415181 0.840148
vt 0.429326 0.843302
vt 0.45698 0.881979
vt 0.437243 0.886708
vt 0.410615 0.887704
vt 0.45698 0.881979
vt 0.399291 0.855056
vt 0.404329 0.842862
vt 0.45698 0.881979
vt 0.398608 0.873001
vt 0.45698 0.881979
vt 0.402425 0.881904
vt 0.45698 0.881979
vt 0.410615 0.887704
vt 0.45698 0.881979
vt 0.46098 0.880155
vt 0.437243 0.886708
vt 0.431263 0.852399
vt 0.437302 0.832707
vt 0.43187 0.845105
vt 0.431263 0.852399
vt 0.43187 0.845105
vt 0.409917 0.854199
vt 0.431263 0.852399
vt 0.390912 0.852416
vt 0.381329 0.847491
vt 0.409917 0.854199
vt 0.431263 0.852399
vt 0.376314 0.83898
vt 0.368185 0.833672
vt 0.431263 0.852399
vt 0.376314 0.83898
vt 0.431263 0.852399
vt 0.368185 0.833672
vt 0.36646 0.821293
vt 0.431263 0.852399
vt 0.36646 0.821293
vt 0.372308 0.810674
vt 0.381734 0.804018
vt 0.431263 0.852399
vt 0.372308 0.810674
vt 0.393628 0.79719
vt 0.407393 0.787302
vt 0.431467 0.792872
vt 0.431263 0.852399
vt 0.407393 0.787302
vt 0.431263 0.852399
vt 0.440508 0.812745
vt 0.437302 0.832707
vt 0.301691 0.842671
vt 0.327712 0.82925
vt 0.318888 0.855536
vt 0.301691 0.842671
vt 0.315685 0.812458
vt 0.301691 0.842671
vt 0.318888 0.855536
vt 0.300776 0.871534
vt 0.301691 0.842671
vt 0.300776 0.871534
vt 0.272618 0.871238
vt 0.301691 0.842671
vt 0.299921 0.804133
vt 0.315685 0.812458
vt 0.299921 0.804133
vt 0.301691 0.842671
vt 0.285976 0.809939
vt 0.276974 0.814763
vt 0.269218 0.81527
vt 0.259513 0.818309
vt 0.301691 0.842671
vt 0.272618 0.871238
vt 0.261998 0.863021
vt 0.255048 0.850877
vt 0.301691 0.842671
vt 0.261998 0.863021
vt 0.301691 0.842671
vt 0.252352 0.828737
vt 0.301691 0.842671
vt 0.259513 0.818309
vt 0.301691 0.842671
vt 0.269218 0.81527
vt 0.276974 0.814763
vt 0.269536 0.88297
vt 0.288346 0.86653
vt 0.276413 0.882639
vt 0.258022 0.900961
vt 0.269536 0.88297
vt 0.276628 0.84725
vt 0.288346 0.86653
vt 0.260139 0.827666
vt 0.260139 0.827666
vt 0.269536 0.88297
vt 0.241017 0.831149
vt 0.269536 0.88297
vt 0.237321 0.843318
vt 0.269536 0.88297
vt 0.258022 0.900961
vt 0.230593 0.896543
vt 0.269536 0.88297
vt 0.212579 0.875028
vt 0.218154 0.857746
vt 0.212579 0.875028
vt 0.269536 0.88297
vt 0.22266 0.882575
vt 0.269536 0.88297
vt 0.230593 0.896543
vt 0.218154 0.857746
vt 0.217199 0.848782
vt 0.227505 0.842104
vt 0.269536 0.88297
vt 0.217199 0.848782
vt 0.269536 0.88297
vt 0.227505 0.842104
vt 0.237321 0.843318
vt 0.214558 0.928412
vt 0.242117 0.913427
vt 0.240118 0.937635
vt 0.234209 0.952534
vt 0.214558 0.928412
vt 0.214558 0.928412
vt 0.233694 0.896906
vt 0.214558 0.928412
vt 0.212992 0.887356
vt 0.233694 0.896906
vt 0.212992 0.887356
vt 0.214558 0.928412
vt 0.192229 0.891819
vt 0.214558 0.928412
vt 0.234209 0.952534
vt 0.223892 0.955211
vt 0.211906 0.964675
vt 0.196175 0.965578
vt 0.214558 0.928412
vt 0.223892 0.955211
vt 0.211906 0.964675
vt 0.214558 0.928412
vt 0.196175 0.965578
vt 0.182059 0.95601
vt 0.18198 0.94244
vt 0.214558 0.928412
vt 0.182059 0.95601
vt 0.214558 0.928412
vt 0.18198 0.94244
vt 0.177027 0.933303
vt 0.214558 0.928412
vt 0.167293 0.92487
vt 0.170381 0.91594
vt 0.214558 0.928412
vt 0.214558 0.928412
vt 0.180661 0.904039
vt 0.192229 0.891819
vt 0.169292 0.943207
vt 0.180337 0.956877
vt 0.171314 0.965409
vt 0.166428 0.973606
vt 0.169292 0.943207
vt 0.171314 0.965409
vt 0.169292 0.943207
vt 0.1485 0.995449
vt 0.138213 0.995476
vt 0.169292 0.943207
vt 0.138213 0.995476
vt 0.127445 0.990998
vt 0.122628 0.975221
vt 0.169292 0.943207
vt 0.127445 0.990998
vt 0.11613 0.964989
vt 0.144606 0.928871
vt 0.169292 0.943207
vt 0.131846 0.930433
vt 0.124874 0.932883
vt 0.169292 0.943207
vt 0.144606 0.928871
vt 0.166632 0.938758
vt 0.180337 0.956877
vt 0.169292 0.943207
vt 0.11613 0.964989
vt 0.120347 0.954294
vt 0.121744 0.945223
vt 0.124874 0.932883
vt 0.169292 0.943207
vt 0.155826 0.984888
vt 0.1485 0.995449
vt 0.166428 0.973606
vt 0.174463 0.899616
vt 0.16859 0.893719
vt 0.161106 0.911323
vt 0.173189 0.862557
vt 0.174463 0.899616
vt 0.154734 0.920529
vt 0.174463 0.899616
vt 0.138579 0.923832
vt 0.126709 0.917188
vt 0.123405 0.905056
vt 0.12167 0.89153
vt 0.174463 0.899616
vt 0.126981 0.868662
vt 0.12612 0.857291
vt 0.174463 0.899616
vt 0.12167 0.89153
vt 0.120394 0.881206
vt 0.11844 0.871865
vt 0.126981 0.868662
vt 0.174463 0.899616
vt 0.11844 0.871865
vt 0.142763 0.852119
vt 0.174463 0.899616
vt 0.12612 0.857291
vt 0.158351 0.849093
vt 0.174463 0.899616
vt 0.158351 0.849093
vt 0.173189 0.862557
vt 0.138579 0.923832
vt 0.174463 0.899616
vt 0.154734 0.920529
vt 0.224212 0.890354
vt 0.234418 0.880981
vt 0.226064 0.888597
vt 0.224212 0.890354
vt 0.226064 0.888597
vt 0.201329 0.895219
vt 0.224212 0.890354
vt 0.201329 0.895219
vt 0.175124 0.896201
vt 0.180933 0.848335
vt 0.224212 0.890354
vt 0.170174 0.851058
vt 0.202556 0.849011
vt 0.19479 0.851519
vt 0.224212 0.890354
vt 0.180933 0.848335
vt 0.19479 0.851519
vt 0.219617 0.854264
vt 0.224212 0.890354
vt 0.202556 0.849011
vt 0.233539 0.875464
vt 0.224212 0.890354
vt 0.234418 0.880981
vt 0.224212 0.890354
vt 0.16486 0.863329
vt 0.170174 0.851058
vt 0.224212 0.890354
vt 0.163721 0.881391
vt 0.224212 0.890354
vt 0.167229 0.890357
vt 0.224212 0.890354
vt 0.175124 0.896201
vt 0.207329 0.857543
vt 0.20406 0.854791
vt 0.188917 0.85471
vt 0.207329 0.857543
vt 0.188917 0.85471
vt 0.179266 0.856288
vt 0.165334 0.857594
vt 0.207329 0.857543
vt 0.165334 0.857594
vt 0.1558 0.85264
vt 0.207329 0.857543
vt 0.1558 0.85264
vt 0.159193 0.843691
vt 0.152279 0.837328
vt 0.207329 0.857543
vt 0.159193 0.843691
vt 0.151354 0.8296
vt 0.16591 0.821419
vt 0.207329 0.857543
vt 0.163309 0.828907
vt 0.172286 0.810748
vt 0.207329 0.857543
vt 0.151354 0.8296
vt 0.163309 0.828907
vt 0.182724 0.8049
vt 0.207329 0.857543
vt 0.172286 0.810748
vt 0.196574 0.809254
vt 0.207329 0.857543
vt 0.207329 0.857543
vt 0.196574 0.809254
vt 0.203967 0.833058
vt 0.207329 0.857543
vt 0.203967 0.833058
vt 0.20406 0.854791
vt 0.300582 0.802625
vt 0.309044 0.78377
vt 0.294041 0.806564
vt 0.300582 0.802625
vt 0.294041 0.806564
vt 0.274467 0.821843
vt 0.300582 0.802625
vt 0.274467 0.821843
vt 0.251515 0.824619
vt 0.300582 0.802625
vt 0.251515 0.824619
vt 0.245286 0.818968
vt 0.243226 0.809723
vt 0.300582 0.802625
vt 0.245286 0.818968
vt 0.247357 0.791734
vt 0.300582 0.802625
vt 0.256585 0.782587
vt 0.265486 0.779067
vt 0.300582 0.802625
vt 0.272099 0.777854
vt 0.280561 0.772698
vt 0.293575 0.76626
vt 0.300582 0.802625
vt 0.304124 0.771312
vt 0.300582 0.802625
vt 0.309044 0.78377
vt 0.253233 0.833629
vt 0.264164 0.819742
vt 0.249369 0.834301
vt 0.253233 0.833629
vt 0.223082 0.854427
vt 0.253233 0.833629
vt 0.223082 0.854427
vt 0.204591 0.851026
vt 0.253233 0.833629
vt 0.204591 0.851026
vt 0.198685 0.836777
vt 0.201551 0.824226
vt 0.253233 0.833629
vt 0.200221 0.812567
vt 0.219155 0.798639
vt 0.229158 0.800199
vt 0.253233 0.833629
vt 0.209476 0.800324
vt 0.253233 0.833629
vt 0.200221 0.812567
vt 0.209476 0.800324
vt 0.238799 0.800239
vt 0.229158 0.800199
vt 0.25255 0.79705
vt 0.253233 0.833629
vt 0.238799 0.800239
vt 0.253233 0.833629
vt 0.25255 0.79705
vt 0.263155 0.803552
vt 0.253233 0.833629
vt 0.263155 0.803552
vt 0.264164 0.819742
vt 0.262359 0.805728
vt 0.259494 0.783821
vt 0.249476 0.798986
vt 0.262359 0.805728
vt 0.249476 0.798986
vt 0.238105 0.798196
vt 0.262359 0.805728
vt 0.234061 0.809296
vt 0.22181 0.810425
vt 0.207573 0.79092
vt 0.262359 0.805728
vt 0.208912 0.800904
vt 0.217979 0.775643
vt 0.22181 0.810425
vt 0.231932 0.776549
vt 0.262359 0.805728
vt 0.231528 0.782291
vt 0.237233 0.767584
vt 0.262359 0.805728
vt 0.217979 0.775643
vt 0.231528 0.782291
vt 0.241926 0.756473
vt 0.262359 0.805728
vt 0.237233 0.767584
vt 0.252057 0.764169
vt 0.262359 0.805728
vt 0.258357 0.77547
vt 0.262359 0.805728
vt 0.258357 0.77547
vt 0.259494 0.783821
vt 0.234061 0.809296
vt 0.262359 0.805728
vt 0.238105 0.798196
vt 0.319634 0.816373
vt 0.335313 0.792037
vt 0.339113 0.804462
vt 0.331246 0.81633
vt 0.319634 0.816373
vt 0.324583 0.824439
vt 0.319634 0.816373
vt 0.325443 0.780067
vt 0.319634 0.816373
vt 0.312743 0.778609
vt 0.325443 0.780067
vt 0.312743 0.778609
vt 0.319634 0.816373
vt 0.308091 0.783614
vt 0.304726 0.792979
vt 0.300536 0.795052
vt 0.296274 0.799014
vt 0.319634 0.816373
vt 0.298946 0.807345
vt 0.307689 0.819955
vt 0.307689 0.819955
vt 0.319634 0.816373
vt 0.315589 0.822808
vt 0.324583 0.824439
vt 0.374199 0.801128
vt 0.369505 0.794642
vt 0.362597 0.811975
vt 0.357677 0.823652
vt 0.374458 0.763278
vt 0.374199 0.801128
vt 0.334115 0.826757
vt 0.32357 0.820964
vt 0.318022 0.80668
vt 0.357677 0.823652
vt 0.316957 0.790466
vt 0.374199 0.801128
vt 0.374199 0.801128
vt 0.316957 0.790466
vt 0.312987 0.784765
vt 0.31273 0.770346
vt 0.324428 0.769958
vt 0.374199 0.801128
vt 0.31273 0.770346
vt 0.35769 0.749426
vt 0.342548 0.750848
vt 0.374199 0.801128
vt 0.324428 0.769958
vt 0.321569 0.758827
vt 0.342548 0.750848
vt 0.374199 0.801128
vt 0.321569 0.758827
vt 0.374199 0.801128
vt 0.35769 0.749426
vt 0.374458 0.763278
vt 0.111129 0.927307
vt 0.137056 0.920847
vt 0.130066 0.941512
vt 0.129941 0.951208
vt 0.111129 0.927307
vt 0.129105 0.89607
vt 0.111129 0.927307
vt 0.108525 0.886604
vt 0.129105 0.89607
vt 0.108525 0.886604
vt 0.111129 0.927307
vt 0.087962 0.891028
vt 0.076602 0.90314
vt 0.066532 0.914937
vt 0.111129 0.927307
vt 0.063542 0.923788
vt 0.111129 0.927307
vt 0.073218 0.932147
vt 0.111129 0.927307
vt 0.078116 0.941202
vt 0.111129 0.927307
vt 0.129941 0.951208
vt 0.119667 0.953861
vt 0.107846 0.963242
vt 0.092289 0.964138
vt 0.111129 0.927307
vt 0.119667 0.953861
vt 0.107846 0.963242
vt 0.111129 0.927307
vt 0.092289 0.964138
vt 0.078257 0.954653
vt 0.078116 0.941202
vt 0.111129 0.927307
vt 0.078257 0.954653
vt 0.068751 0.895749
vt 0.080702 0.895536
vt 0.063861 0.911425
vt 0.068751 0.895749
vt 0.050959 0.924892
vt 0.068751 0.895749
vt 0.066702 0.858998
vt 0.080702 0.895536
vt 0.05225 0.845659
vt 0.038505 0.851059
vt 0.020769 0.853796
vt 0.031529 0.92531
vt 0.068751 0.895749
vt 0.050959 0.924892
vt 0.068751 0.895749
vt 0.031529 0.92531
vt 0.020899 0.915629
vt 0.021908 0.865269
vt 0.020769 0.853796
vt 0.015419 0.888643
vt 0.014337 0.901504
vt 0.068751 0.895749
vt 0.020899 0.915629
vt 0.021908 0.865269
vt 0.068751 0.895749
vt 0.01224 0.867169
vt 0.068751 0.895749
vt 0.015419 0.888643
vt 0.012972 0.878518
vt 0.01224 0.867169
vt 0.060419 0.945102
vt 0.06996 0.957753
vt 0.061688 0.965635
vt 0.057355 0.973207
vt 0.060419 0.945102
vt 0.061688 0.965635
vt 0.060419 0.945102
vt 0.041184 0.993397
vt 0.031758 0.993423
vt 0.060419 0.945102
vt 0.031758 0.993423
vt 0.021834 0.989283
vt 0.017268 0.974696
vt 0.060419 0.945102
vt 0.021834 0.989283
vt 0.011228 0.965239
vt 0.036689 0.931886
vt 0.060419 0.945102
vt 0.025001 0.933325
vt 0.018669 0.935585
vt 0.060419 0.945102
vt 0.036689 0.931886
vt 0.057106 0.941017
vt 0.060419 0.945102
vt 0.011228 0.965239
vt 0.014926 0.955357
vt 0.016028 0.946979
vt 0.018669 0.935585
vt 0.060419 0.945102
vt 0.047779 0.983633
vt 0.041184 0.993397
vt 0.057355 0.973207
vt 0.060419 0.945102
vt 0.057106 0.941017
vt 0.06996 0.957753
vt 0.213785 0.736296
vt 0.237762 0.735901
vt 0.228674 0.747144
vt 0.213785 0.736296
vt 0.237631 0.723204
vt 0.213785 0.736296
vt 0.227244 0.706369
vt 0.213785 0.736296
vt 0.228674 0.747144
vt 0.212325 0.761582
vt 0.213785 0.736296
vt 0.212325 0.761582
vt 0.18687 0.761264
vt 0.213785 0.736296
vt 0.18687 0.761264
vt 0.177259 0.753814
vt 0.170962 0.74282
vt 0.213785 0.736296
vt 0.177259 0.753814
vt 0.213785 0.736296
vt 0.16849 0.722792
vt 0.213785 0.736296
vt 0.174955 0.713385
vt 0.183726 0.710656
vt 0.213785 0.736296
vt 0.174955 0.713385
vt 0.213785 0.736296
vt 0.183726 0.710656
vt 0.190738 0.710216
vt 0.198861 0.705861
vt 0.213785 0.736296
vt 0.190738 0.710216
vt 0.212701 0.697804
vt 0.213785 0.736296
vt 0.212701 0.697804
vt 0.227244 0.706369
vt 0.363786 0.845186
vt 0.376162 0.858184
vt 0.36701 0.866782
vt 0.361759 0.875161
vt 0.363786 0.845186
vt 0.36701 0.866782
vt 0.363786 0.845186
vt 0.343026 0.897409
vt 0.332568 0.897523
vt 0.363786 0.845186
vt 0.332568 0.897523
vt 0.321738 0.893077
vt 0.317154 0.877183
vt 0.363786 0.845186
vt 0.321738 0.893077
vt 0.310727 0.866918
vt 0.340959 0.829917
vt 0.363786 0.845186
vt 0.327993 0.831583
vt 0.320796 0.834147
vt 0.363786 0.845186
vt 0.340959 0.829917
vt 0.362842 0.839874
vt 0.376162 0.858184
vt 0.363786 0.845186
vt 0.310727 0.866918
vt 0.315359 0.856015
vt 0.317146 0.846747
vt 0.320796 0.834147
vt 0.363786 0.845186
vt 0.35071 0.886668
vt 0.343026 0.897409
vt 0.361759 0.875161
vt 0.200266 0.803679
vt 0.21552 0.790592
vt 0.201867 0.814254
vt 0.200266 0.803679
vt 0.201867 0.814254
vt 0.176392 0.829637
vt 0.200266 0.803679
vt 0.176392 0.829637
vt 0.154242 0.826264
vt 0.1461 0.819729
vt 0.200266 0.803679
vt 0.203407 0.772931
vt 0.21552 0.790592
vt 0.200266 0.803679
vt 0.19081 0.773865
vt 0.180656 0.774286
vt 0.173359 0.775135
vt 0.200266 0.803679
vt 0.166041 0.780537
vt 0.148384 0.792977
vt 0.157406 0.783993
vt 0.200266 0.803679
vt 0.200266 0.803679
vt 0.144211 0.810647
vt 0.1461 0.819729
vt 0.146804 0.831009
vt 0.160312 0.818612
vt 0.156258 0.850997
vt 0.122055 0.863332
vt 0.108181 0.845926
vt 0.152776 0.795212
vt 0.140388 0.79609
vt 0.130388 0.796472
vt 0.123206 0.797288
vt 0.1002 0.839398
vt 0.098387 0.830358
vt 0.098527 0.814949
vt 0.107462 0.806041
vt 0.115979 0.802634
vt 0.10418 0.857597
vt 0.105116 0.834322
vt 0.105507 0.857183
vt 0.10418 0.857597
vt 0.090191 0.810198
vt 0.105116 0.834322
vt 0.10418 0.857597
vt 0.076822 0.80322
vt 0.090191 0.810198
vt 0.076822 0.80322
vt 0.10418 0.857597
vt 0.068058 0.806327
vt 0.10418 0.857597
vt 0.064208 0.814851
vt 0.10418 0.857597
vt 0.062438 0.823269
vt 0.04768 0.825786
vt 0.05397 0.822368
vt 0.10418 0.857597
vt 0.047131 0.835013
vt 0.062438 0.823269
vt 0.10418 0.857597
vt 0.05397 0.822368
vt 0.047131 0.835013
vt 0.10418 0.857597
vt 0.05426 0.842844
vt 0.10418 0.857597
vt 0.057583 0.855718
vt 0.05426 0.842844
vt 0.10418 0.857597
vt 0.080811 0.861172
vt 0.057583 0.855718
vt 0.10418 0.857597
vt 0.105507 0.857183
vt 0.080811 0.861172
vt 0.112272 0.880997
vt 0.130282 0.865858
vt 0.123 0.885948
vt 0.12321 0.895861
vt 0.112272 0.880997
vt 0.122949 0.842273
vt 0.112272 0.880997
vt 0.102802 0.833646
vt 0.122949 0.842273
vt 0.102802 0.833646
vt 0.112272 0.880997
vt 0.082513 0.838439
vt 0.082513 0.838439
vt 0.112272 0.880997
vt 0.071585 0.850864
vt 0.069575 0.860078
vt 0.112272 0.880997
vt 0.067759 0.870731
vt 0.112272 0.880997
vt 0.06834 0.879545
vt 0.070471 0.888569
vt 0.112272 0.880997
vt 0.07227 0.900486
vt 0.112272 0.880997
vt 0.12321 0.895861
vt 0.112494 0.898101
vt 0.100801 0.907594
vt 0.085792 0.909192
vt 0.112272 0.880997
vt 0.112494 0.898101
vt 0.100801 0.907594
vt 0.112272 0.880997
vt 0.085792 0.909192
vt 0.07227 0.900486
vt 0.145083 0.810234
vt 0.159322 0.789334
vt 0.152181 0.827103
vt 0.145083 0.810234
vt 0.153996 0.770755
vt 0.145083 0.810234
vt 0.141181 0.759778
vt 0.135787 0.762202
vt 0.145083 0.810234
vt 0.152181 0.827103
vt 0.118255 0.83943
vt 0.145083 0.810234
vt 0.118255 0.83943
vt 0.104506 0.822266
vt 0.09342 0.818891
vt 0.091842 0.809598
vt 0.145083 0.810234
vt 0.09342 0.818891
vt 0.145083 0.810234
vt 0.103859 0.794695
vt 0.110201 0.783908
vt 0.117023 0.780994
vt 0.145083 0.810234
vt 0.110201 0.783908
vt 0.145083 0.810234
vt 0.117023 0.780994
vt 0.128634 0.782351
vt 0.135787 0.762202
vt 0.145083 0.810234
vt 0.128634 0.782351
vt 0.216937 0.714444
vt 0.219631 0.678893
vt 0.219083 0.698247
vt 0.216937 0.714444
vt 0.215042 0.666713
vt 0.216937 0.714444
vt 0.204585 0.670846
vt 0.215042 0.666713
vt 0.172789 0.686501
vt 0.179601 0.684402
vt 0.216937 0.714444
vt 0.164459 0.69061
vt 0.195391 0.66724
vt 0.216937 0.714444
vt 0.204585 0.670846
vt 0.216937 0.714444
vt 0.195391 0.66724
vt 0.216937 0.714444
vt 0.158731 0.698346
vt 0.164459 0.69061
vt 0.216937 0.714444
vt 0.162647 0.711135
vt 0.158731 0.698346
vt 0.216937 0.714444
vt 0.169555 0.71676
vt 0.216937 0.714444
vt 0.179452 0.719139
vt 0.169555 0.71676
vt 0.216937 0.714444
vt 0.219083 0.698247
vt 0.204279 0.712413
vt 0.216937 0.714444
vt 0.204279 0.712413
vt 0.179452 0.719139
vt 0.181728 0.738937
vt 0.184437 0.715924
vt 0.195623 0.723787
vt 0.179904 0.709504
vt 0.181728 0.738937
vt 0.18158 0.758015
vt 0.181728 0.738937
vt 0.172416 0.706511
vt 0.179904 0.709504
vt 0.181728 0.738937
vt 0.163108 0.699387
vt 0.163108 0.699387
vt 0.181728 0.738937
vt 0.144275 0.709006
vt 0.181728 0.738937
vt 0.137474 0.711099
vt 0.181728 0.738937
vt 0.12915 0.715204
vt 0.181728 0.738937
vt 0.18158 0.758015
vt 0.158664 0.747992
vt 0.181728 0.738937
vt 0.158664 0.747992
vt 0.13318 0.741883
vt 0.127243 0.735785
vt 0.181728 0.738937
vt 0.13318 0.741883
vt 0.181728 0.738937
vt 0.123398 0.722955
vt 0.181728 0.738937
vt 0.123398 0.722955
vt 0.12915 0.715204
vt 0.092476 0.951039
vt 0.112537 0.947882
vt 0.114776 0.969195
vt 0.11452 0.97973
vt 0.092476 0.951039
vt 0.092476 0.951039
vt 0.103338 0.934748
vt 0.092476 0.951039
vt 0.091468 0.919462
vt 0.103338 0.934748
vt 0.091468 0.919462
vt 0.092476 0.951039
vt 0.067701 0.911575
vt 0.067701 0.911575
vt 0.092476 0.951039
vt 0.05282 0.925889
vt 0.092476 0.951039
vt 0.044468 0.940123
vt 0.092476 0.951039
vt 0.041091 0.94983
vt 0.092476 0.951039
vt 0.051784 0.959021
vt 0.092476 0.951039
vt 0.057268 0.969147
vt 0.057268 0.969147
vt 0.092476 0.951039
vt 0.057295 0.981572
vt 0.092476 0.951039
vt 0.075966 0.987127
vt 0.057295 0.981572
vt 0.089803 0.992162
vt 0.092476 0.951039
vt 0.102798 0.9821
vt 0.089803 0.992162
vt 0.092476 0.951039
vt 0.11452 0.97973
vt 0.102798 0.9821
vt 0.195602 0.938336
vt 0.210369 0.955623
vt 0.201227 0.964308
vt 0.196411 0.972976
vt 0.195602 0.938336
vt 0.201227 0.964308
vt 0.185556 0.984501
vt 0.178313 0.995596
vt 0.195602 0.938336
vt 0.178313 0.995596
vt 0.167373 0.997235
vt 0.195602 0.938336
vt 0.167373 0.997235
vt 0.153975 0.99205
vt 0.147613 0.969711
vt 0.195602 0.938336
vt 0.153975 0.99205
vt 0.195602 0.938336
vt 0.139407 0.957366
vt 0.195602 0.938336
vt 0.139407 0.957366
vt 0.143256 0.945795
vt 0.130326 0.930109
vt 0.195602 0.938336
vt 0.195602 0.938336
vt 0.138794 0.913434
vt 0.150351 0.904018
vt 0.195602 0.938336
vt 0.138794 0.913434
vt 0.17856 0.894782
vt 0.194789 0.89819
vt 0.195602 0.938336
vt 0.194789 0.89819
vt 0.210369 0.955623
vt 0.214065 0.791412
vt 0.230915 0.786851
vt 0.220247 0.813905
vt 0.214065 0.791412
vt 0.215023 0.759913
vt 0.214065 0.791412
vt 0.220247 0.813905
vt 0.195614 0.829117
vt 0.214065 0.791412
vt 0.195614 0.829117
vt 0.171543 0.822416
vt 0.214065 0.791412
vt 0.201645 0.759123
vt 0.215023 0.759913
vt 0.190939 0.75855
vt 0.183283 0.758635
vt 0.214065 0.791412
vt 0.18237 0.768529
vt 0.214065 0.791412
vt 0.173797 0.775407
vt 0.165731 0.785478
vt 0.158215 0.802073
vt 0.214065 0.791412
vt 0.161762 0.813394
vt 0.171543 0.822416
vt 0.23205 0.699847
vt 0.250212 0.686562
vt 0.246707 0.700559
vt 0.23205 0.699847
vt 0.236339 0.710461
vt 0.23205 0.699847
vt 0.246543 0.674339
vt 0.250212 0.686562
vt 0.23205 0.699847
vt 0.236339 0.710461
vt 0.222961 0.711163
vt 0.23205 0.699847
vt 0.241094 0.669674
vt 0.246543 0.674339
vt 0.241094 0.669674
vt 0.23205 0.699847
vt 0.230435 0.667524
vt 0.230435 0.667524
vt 0.23205 0.699847
vt 0.225025 0.679166
vt 0.218509 0.677787
vt 0.216362 0.680849
vt 0.23205 0.699847
vt 0.216963 0.688048
vt 0.219134 0.698515
vt 0.219495 0.705548
vt 0.23205 0.699847
vt 0.222961 0.711163
vt 0.23205 0.699847
vt 0.218509 0.677787
vt 0.225025 0.679166
vt 0.273812 0.875
vt 0.277789 0.847093
vt 0.295629 0.859668
vt 0.273812 0.875
vt 0.298788 0.873951
vt 0.292931 0.893142
vt 0.273812 0.875
vt 0.283321 0.912109
vt 0.273812 0.875
vt 0.257657 0.854464
vt 0.277789 0.847093
vt 0.234668 0.867043
vt 0.273812 0.875
vt 0.23257 0.886801
vt 0.241072 0.901607
vt 0.245117 0.912932
vt 0.23257 0.886801
vt 0.273812 0.875
vt 0.244985 0.892047
vt 0.267183 0.917659
vt 0.273812 0.875
vt 0.283321 0.912109
vt 0.254839 0.913356
vt 0.245117 0.912932
vt 0.273812 0.875
vt 0.241072 0.901607
vt 0.244985 0.892047
vt 0.405444 0.760744
vt 0.408539 0.73667
vt 0.409381 0.759491
vt 0.405444 0.760744
vt 0.393538 0.712438
vt 0.408539 0.73667
vt 0.405444 0.760744
vt 0.379967 0.705473
vt 0.393538 0.712438
vt 0.379967 0.705473
vt 0.405444 0.760744
vt 0.371014 0.708642
vt 0.405444 0.760744
vt 0.367331 0.717145
vt 0.405444 0.760744
vt 0.365489 0.725623
vt 0.35088 0.728082
vt 0.356961 0.724724
vt 0.405444 0.760744
vt 0.350431 0.737318
vt 0.365489 0.725623
vt 0.405444 0.760744
vt 0.356961 0.724724
vt 0.350431 0.737318
vt 0.405444 0.760744
vt 0.357819 0.745111
vt 0.405444 0.760744
vt 0.361423 0.75796
vt 0.357819 0.745111
vt 0.405444 0.760744
vt 0.385071 0.763337
vt 0.361423 0.75796
vt 0.405444 0.760744
vt 0.409381 0.759491
vt 0.385071 0.763337
vt 0.428237 0.791009
vt 0.423875 0.784479
vt 0.417139 0.801742
vt 0.412339 0.813371
vt 0.428909 0.753173
vt 0.428237 0.791009
vt 0.388551 0.816521
vt 0.378065 0.810736
vt 0.428237 0.791009
vt 0.378065 0.810736
vt 0.377914 0.795965
vt 0.371313 0.780339
vt 0.428237 0.791009
vt 0.428237 0.791009
vt 0.371313 0.780339
vt 0.367241 0.774672
vt 0.428237 0.791009
vt 0.367241 0.774672
vt 0.368575 0.759666
vt 0.379112 0.745937
vt 0.428237 0.791009
vt 0.368575 0.759666
vt 0.428237 0.791009
vt 0.39155 0.747671
vt 0.40164 0.745786
vt 0.428237 0.791009
vt 0.39155 0.747671
vt 0.41466 0.744268
vt 0.428237 0.791009
vt 0.41466 0.744268
vt 0.428909 0.753173
vt 0.388551 0.816521
vt 0.428237 0.791009
vt 0.412339 0.813371
vt 0.482935 0.826554
vt 0.509906 0.813271
vt 0.5012 0.839035
vt 0.482935 0.826554
vt 0.498208 0.796809
vt 0.482935 0.826554
vt 0.5012 0.839035
vt 0.483453 0.854713
vt 0.482935 0.826554
vt 0.483453 0.854713
vt 0.455952 0.854414
vt 0.482935 0.826554
vt 0.481292 0.7842
vt 0.498208 0.796809
vt 0.481292 0.7842
vt 0.482935 0.826554
vt 0.467646 0.789888
vt 0.458821 0.794615
vt 0.482935 0.826554
vt 0.455952 0.854414
vt 0.439312 0.855277
vt 0.434317 0.843017
vt 0.482935 0.826554
vt 0.439312 0.855277
vt 0.482935 0.826554
vt 0.434759 0.808303
vt 0.482935 0.826554
vt 0.441767 0.798084
vt 0.451252 0.795108
vt 0.482935 0.826554
vt 0.441767 0.798084
vt 0.482935 0.826554
vt 0.451252 0.795108
vt 0.458821 0.794615
vt 0.533687 0.801955
vt 0.561299 0.78836
vt 0.552503 0.814349
vt 0.533687 0.801955
vt 0.549528 0.771748
vt 0.533687 0.801955
vt 0.552503 0.814349
vt 0.534609 0.830156
vt 0.533687 0.801955
vt 0.534609 0.830156
vt 0.506904 0.829843
vt 0.533687 0.801955
vt 0.534052 0.763503
vt 0.549528 0.771748
vt 0.534052 0.763503
vt 0.533687 0.801955
vt 0.520298 0.769236
vt 0.511398 0.774004
vt 0.503777 0.774497
vt 0.494222 0.777494
vt 0.533687 0.801955
vt 0.506904 0.829843
vt 0.496489 0.82171
vt 0.489701 0.809695
vt 0.533687 0.801955
vt 0.496489 0.82171
vt 0.533687 0.801955
vt 0.487157 0.787797
vt 0.533687 0.801955
vt 0.494222 0.777494
vt 0.533687 0.801955
vt 0.503777 0.774497
vt 0.511398 0.774004
vt 0.449116 0.731612
vt 0.476024 0.717446
vt 0.46726 0.743448
vt 0.449116 0.731612
vt 0.464217 0.700806
vt 0.449116 0.731612
vt 0.46726 0.743448
vt 0.449372 0.759249
vt 0.449116 0.731612
vt 0.449372 0.759249
vt 0.421633 0.758899
vt 0.449116 0.731612
vt 0.44871 0.692532
vt 0.464217 0.700806
vt 0.44871 0.692532
vt 0.449116 0.731612
vt 0.434952 0.698256
vt 0.426057 0.703022
vt 0.418423 0.703503
vt 0.408859 0.706488
vt 0.449116 0.731612
vt 0.421633 0.758899
vt 0.411193 0.750745
vt 0.404379 0.73871
vt 0.449116 0.731612
vt 0.411193 0.750745
vt 0.449116 0.731612
vt 0.401793 0.716785
vt 0.449116 0.731612
vt 0.408859 0.706488
vt 0.449116 0.731612
vt 0.418423 0.703503
vt 0.426057 0.703022
vt 0.470571 0.765115
vt 0.49727 0.751056
vt 0.494551 0.780706
vt 0.470571 0.765115
vt 0.485917 0.734483
vt 0.470571 0.765115
vt 0.494551 0.780706
vt 0.470176 0.79191
vt 0.470571 0.765115
vt 0.470176 0.79191
vt 0.442102 0.800031
vt 0.470571 0.765115
vt 0.47036 0.726194
vt 0.485917 0.734483
vt 0.47036 0.726194
vt 0.470571 0.765115
vt 0.456553 0.731942
vt 0.470571 0.765115
vt 0.447625 0.736726
vt 0.439965 0.737214
vt 0.430367 0.740217
vt 0.470571 0.765115
vt 0.442102 0.800031
vt 0.425175 0.787608
vt 0.419667 0.773093
vt 0.470571 0.765115
vt 0.425175 0.787608
vt 0.470571 0.765115
vt 0.423276 0.750553
vt 0.470571 0.765115
vt 0.430367 0.740217
vt 0.470571 0.765115
vt 0.439965 0.737214
vt 0.447625 0.736726
vt 0.373168 0.846615
vt 0.393319 0.847732
vt 0.384362 0.856757
vt 0.373168 0.846615
vt 0.396889 0.824872
vt 0.373168 0.846615
vt 0.382403 0.794188
vt 0.373168 0.846615
vt 0.349715 0.777451
vt 0.373168 0.846615
vt 0.336475 0.792562
vt 0.325659 0.804717
vt 0.316507 0.814736
vt 0.373168 0.846615
vt 0.309123 0.825384
vt 0.373168 0.846615
vt 0.384362 0.856757
vt 0.359654 0.866576
vt 0.373168 0.846615
vt 0.314734 0.845907
vt 0.309123 0.825384
vt 0.373168 0.846615
vt 0.32634 0.85637
vt 0.333358 0.868543
vt 0.32634 0.85637
vt 0.343443 0.873133
vt 0.343443 0.873133
vt 0.373168 0.846615
vt 0.359654 0.866576
vt 0.33538 0.875326
vt 0.355275 0.876635
vt 0.346391 0.885605
vt 0.33538 0.875326
vt 0.358812 0.853801
vt 0.33538 0.875326
vt 0.344379 0.823078
vt 0.33538 0.875326
vt 0.311805 0.806256
vt 0.33538 0.875326
vt 0.298561 0.821369
vt 0.287732 0.833535
vt 0.278578 0.843554
vt 0.33538 0.875326
vt 0.271231 0.854174
vt 0.33538 0.875326
vt 0.346391 0.885605
vt 0.321728 0.89539
vt 0.305457 0.901992
vt 0.33538 0.875326
vt 0.321728 0.89539
vt 0.33538 0.875326
vt 0.305457 0.901992
vt 0.295368 0.897407
vt 0.288365 0.885223
vt 0.276801 0.874728
vt 0.271231 0.854174
vt 0.33538 0.875326
vt 0.288365 0.885223
vn -0.578433 0.8059478 0.1259497
vn -0.5521443 0.7896951 0.2674288
vn -0.09150265 0.7161073 0.6919664
vn -0.04138459 0.6950701 0.7177499
vn 0.393702 0.2118962 0.8944823
vn -0.8170457 0.4469194 -0.3642794
vn -0.7447923 0.4309918 -0.5094414
vn -0.632823 -0.136874 -0.7621027
vn -0.4954795 -0.2044501 -0.8442158
vn -0.1524709 0.7792571 0.607874
vn -0.56261 0.8258699 -0.03753485
vn 0.3194043 0.2827745 0.9044443
vn -0.6520519 0.3846075 -0.6533799
vn -0.3703216 -0.2874314 -0.8833148
vn 0.4875484 0.1121839 0.8658587
vn 0.393702 0.2118962 0.8944823
vn 0.4875484 0.1121839 0.8658587
vn 0.6606166 -0.5272113 0.5344473
vn 0.6863516 -0.5973501 0.4148428
vn 0.4799916 -0.8691773 -0.1189065
vn 0.4253694 -0.8697443 -0.2502116
vn 0.01274495 -0.7270939 -0.6864196
vn -0.1325184 -0.6528977 -0.7457638
vn -0.4954795 -0.2044501 -0.8442158
vn -0.632823 -0.136874 -0.7621027
vn 0.5092095 -0.8605078 0.01522855
vn 0.6064568 -0.4131293 0.6793632
vn 0.3194043 0.2827745 0.9044443
vn 0.1207473 -0.7984319 -0.5898531
vn -0.3703216 -0.2874314 -0.8833148
vn 0.746335 0.6648747 -0.03042704
vn 0.7863255 0.6030333 0.1343243
vn 0.4258601 0.6107967 0.6675107
vn 0.415182 0.4552304 0.7876478
vn -0.1505505 0.2027268 0.9675931
vn -0.1978593 0.04663529 0.9791205
vn 0.6925151 0.397573 -0.6019623
vn 0.6217291 0.3350767 -0.7079383
vn 0.3478168 0.6882136 0.6366988
vn 0.6412153 0.7646211 -0.0647877
vn -0.1582323 0.2200194 0.9625767
vn 0.5493301 0.3992837 -0.734036
vn 0.3061141 0.7097095 0.6345128
vn 0.4588746 0.8833548 -0.0954904
vn -0.04033008 0.1304475 0.9906346
vn 0.3277434 0.5450242 -0.7717078
vn 0.2221023 0.739208 0.6358004
vn 0.2086976 0.9736318 -0.09212199
vn 0.08593403 0.08010219 0.9930755
vn 0.05342456 0.640092 -0.7664385
vn -0.009416216 -0.1044113 -0.9944896
vn -0.1522692 -0.06393552 -0.9862688
vn 0.1396164 0.7462378 0.6508737
vn -0.04995758 0.9977359 -0.04502585
vn 0.2263209 0.05971136 0.9722208
vn -0.2318658 0.6638149 -0.7110472
vn -0.2988034 -0.0602915 -0.9524083
vn -0.3787716 -0.5175321 0.7672631
vn -0.582919 -0.3701059 0.7233444
vn -0.6401605 -0.315179 0.7006118
vn -0.702159 -0.3863532 0.5980836
vn -0.6401605 -0.315179 0.7006118
vn -0.702159 -0.3863532 0.5980836
vn -0.7633025 -0.6456177 0.02339225
vn -0.7964914 -0.5883881 -0.1392873
vn -0.4427622 -0.5910487 -0.6742575
vn -0.4244128 -0.4412179 -0.7906963
vn 0.132078 -0.1823637 -0.9743197
vn 0.1892237 -0.0360266 -0.9812729
vn -0.6735221 -0.7370157 0.0563552
vn -0.582919 -0.3701059 0.7233444
vn -0.378847 -0.6638923 -0.6447651
vn 0.1259403 -0.1941213 -0.9728597
vn -0.509159 -0.8557505 0.09191439
vn -0.3787716 -0.5175321 0.7672631
vn -0.3551474 -0.6836115 -0.6376093
vn -0.009416216 -0.1044113 -0.9944896
vn -0.2759962 -0.9560314 0.09914643
vn -0.1209534 -0.6228308 0.7729502
vn -0.04033008 0.1304475 0.9906346
vn 0.08593403 0.08010219 0.9930755
vn -0.2881661 -0.7226464 -0.6282854
vn -0.1522692 -0.06393552 -0.9862688
vn 0.159497 -0.6639752 0.7305461
vn 0.2263209 0.05971136 0.9722208
vn -0.02257436 -0.997642 0.06481293
vn -0.212237 -0.746459 -0.6306778
vn -0.2988034 -0.0602915 -0.9524083
vn 0.3277434 0.5450242 -0.7717078
vn 0.5493301 0.3992837 -0.734036
vn 0.6217291 0.3350767 -0.7079383
vn 0.6925151 0.397573 -0.6019623
vn -0.2283353 0.9734585 0.01554016
vn -0.04995758 0.9977359 -0.04502585
vn 0.08998828 0.7378538 0.6689348
vn 0.1396164 0.7462378 0.6508737
vn 0.3357507 0.0663764 0.9396093
vn 0.2263209 0.05971136 0.9722208
vn -0.2318658 0.6638149 -0.7110472
vn -0.4337008 0.634964 -0.6393156
vn -0.2988034 -0.0602915 -0.9524083
vn -0.405148 -0.08032142 -0.910716
vn 0.07283575 0.7307096 0.6787919
vn -0.3049377 0.9509895 0.05130274
vn 0.3887711 0.07644031 0.918158
vn -0.5233671 0.6085276 -0.5964741
vn -0.4546872 -0.09631392 -0.8854283
vn 0.0638548 0.7281326 0.6824555
vn -0.3003305 0.9526139 0.04825043
vn 0.3707603 0.07145824 0.9259754
vn -0.508208 0.6130574 -0.6048845
vn -0.4377728 -0.0910309 -0.8944653
vn 0.03376291 0.7268531 0.6859626
vn -0.2323815 0.9725285 0.01368157
vn 0.2611418 0.05193078 0.9639026
vn -0.3808528 0.6460522 -0.6614891
vn -0.3239157 -0.06386774 -0.9439277
vn 0.06498332 0.7712018 0.6332653
vn -0.01754108 0.9991232 -0.03801688
vn 0.09909067 0.04594586 0.9940171
vn -0.08676854 0.6731572 -0.7343915
vn -0.1292915 -0.04847013 -0.9904213
vn 0.08991727 0.8115735 0.5772896
vn 0.2061761 0.9770936 -0.05272063
vn 0.07787993 0.6146649 0.7849342
vn -0.09377683 0.1859244 0.9780788
vn 0.1974652 0.6438952 -0.7391931
vn 0.05144069 -0.06625064 -0.9964761
vn 0.04964634 0.7542969 0.6546537
vn 0.3405642 0.9398345 -0.0269667
vn -0.2866184 0.1870984 0.9395978
vn -0.07721172 0.5584306 0.8259501
vn 0.419935 0.5798197 -0.6981861
vn 0.2395862 -0.1165245 -0.9638571
vn 0.1405932 0.8153323 0.5616643
vn 0.4662214 0.8751791 -0.1292257
vn -0.2782562 0.2801277 0.9187503
vn 0.5085067 0.4288916 -0.7466412
vn -0.2782562 0.2801277 0.9187503
vn -0.3315054 0.06413483 0.9412709
vn -0.5425359 -0.412523 0.7317646
vn -0.4786592 -0.5569708 0.678726
vn 0.3357507 0.0663764 0.9396093
vn 0.2263209 0.05971136 0.9722208
vn 0.3648316 -0.6488187 0.6677816
vn 0.159497 -0.6639752 0.7305461
vn 0.1593646 -0.9871321 0.01315598
vn -0.02257436 -0.997642 0.06481293
vn -0.1595085 -0.7517309 -0.6398888
vn -0.212237 -0.746459 -0.6306778
vn -0.405148 -0.08032142 -0.910716
vn -0.2988034 -0.0602915 -0.9524083
vn 0.4577018 -0.6283105 0.6290747
vn 0.3887711 0.07644031 0.918158
vn 0.2392384 -0.9707811 -0.01868387
vn -0.1387218 -0.7506463 -0.6459771
vn -0.4546872 -0.09631392 -0.8854283
vn 0.4410487 -0.6327382 0.6364892
vn 0.3707603 0.07145824 0.9259754
vn 0.2335185 -0.972205 -0.01692436
vn -0.130498 -0.7476575 -0.6511363
vn -0.4377728 -0.0910309 -0.8944653
vn 0.3161268 -0.6581827 0.6832711
vn 0.2611418 0.05193078 0.9639026
vn 0.1675988 -0.9858227 0.008004788
vn -0.0965181 -0.7399042 -0.6657522
vn -0.3239157 -0.06386774 -0.9439277
vn 0.03865327 -0.6717333 0.7397841
vn 0.09909067 0.04594586 0.9940171
vn -0.05784522 -0.9955087 0.07494209
vn -0.1160899 -0.7354973 -0.6675079
vn -0.1292915 -0.04847013 -0.9904213
vn -0.2674518 -0.9580671 0.1028449
vn -0.2444564 -0.6344625 0.7332792
vn -0.1554189 -0.1158386 0.9810333
vn -0.1594299 -0.7631327 -0.6262672
vn 0.05144069 -0.06625064 -0.9964761
vn -0.3801613 -0.9247959 0.0151636
vn -0.4786592 -0.5569708 0.678726
vn -0.3315054 0.06413483 0.9412709
vn -0.09565498 -0.7566872 -0.6467414
vn 0.2395862 -0.1165245 -0.9638571
vn -0.5000826 -0.8584684 0.1137956
vn -0.5425359 -0.412523 0.7317646
vn -0.1747186 -0.797932 -0.576869
vn 0.243956 -0.2631018 -0.9334147
vn 0.5085067 0.4288916 -0.7466412
vn 0.419935 0.5798197 -0.6981861
vn 0.764025 0.3088866 0.5664405
vn 0.3727816 0.7286747 0.5745146
vn 0.4981326 0.1877952 0.8465204
vn 0.5035875 0.1078241 0.8571893
vn 0.4981326 0.1877952 0.8465204
vn 0.1453049 0.636439 0.7575168
vn 0.3664714 0.3815104 0.8486156
vn 0.4128086 0.8045776 0.4269004
vn 0.2017384 0.8623474 0.4643903
vn 0.5275944 0.6320403 0.5675996
vn 0.4659477 0.5679311 0.6784889
vn 0.2017384 0.8623474 0.4643903
vn 0.3458141 0.512118 0.7862238
vn 0.3727816 0.7286747 0.5745146
vn 0.04017365 0.8515002 0.5228129
vn 0.5495521 0.7750076 0.3120187
vn 0.8856002 0.3889262 0.2538673
vn 0.5669238 0.6812115 -0.4631934
vn 0.8026628 0.4461839 -0.3957934
vn 0.6388087 0.3103195 -0.7040066
vn 0.5669238 0.6812115 -0.4631934
vn 0.8602257 0.02503478 -0.5092986
vn 0.6838021 0.4032525 -0.6081136
vn 0.4983992 0.6028306 -0.6230518
vn 0.2844284 0.9434886 -0.1700877
vn 0.3025595 0.8899274 -0.341302
vn 0.3111847 0.9502234 -0.01547249
vn 0.2640633 0.8992627 -0.3487076
vn 0.3120946 0.9452426 0.09546277
vn 0.329823 0.9193854 -0.2143533
vn 0.2704546 0.7605578 -0.5902593
vn -0.02731887 0.7976583 -0.6024906
vn 0.0437156 0.7708868 -0.6354702
vn 0.04899152 0.7060875 -0.7064278
vn 0.936011 0.08451478 0.3416732
vn 0.764025 0.3088866 0.5664405
vn 0.5320322 0.2074379 0.8209211
vn 0.5320322 0.2074379 0.8209211
vn 0.5035875 0.1078241 0.8571893
vn -0.04392584 0.5376732 0.8420084
vn -0.03415337 0.4266495 0.9037719
vn 0.08379323 0.6252254 0.7759328
vn 0.5959077 0.1125243 0.7951303
vn -0.3685273 0.8327112 0.4132551
vn 0.07092199 0.5979023 0.7984253
vn 0.6476265 0.1274188 0.7512286
vn -0.561074 0.7490198 0.3523712
vn 0.03954551 0.6281937 0.7770513
vn 0.71147 0.2654539 0.6506494
vn -0.6100518 0.666903 0.4278754
vn -0.9465104 0.2844432 -0.1523484
vn -0.8784152 0.3640479 -0.3096057
vn -0.5497715 0.812404 0.1942963
vn -0.7060851 -0.2124758 -0.6754982
vn -0.6681879 -0.08903041 -0.7386465
vn -0.7391815 0.5166247 -0.432099
vn -0.6794575 0.7328139 -0.03634929
vn -0.6859792 0.6764248 0.2681084
vn -0.5463116 0.08466534 -0.8332919
vn -0.6703792 0.5209443 -0.528402
vn 0.1608802 0.4234701 0.8915102
vn -0.4845794 0.4920216 0.7232549
vn -0.5846702 0.4040327 0.7035043
vn 0.8018647 0.2552611 0.5402358
vn -0.9832305 0.1620659 0.08362134
vn -0.6712295 0.5415459 0.5061413
vn 0.7159079 0.2872248 0.6363786
vn 0.9600678 0.264822 -0.09021745
vn 0.9891233 -0.01187132 -0.1466089
vn 0.04769038 0.1672204 0.9847654
vn -0.5028384 0.3453801 0.7923801
vn -0.6542076 -0.02218697 0.7559894
vn -0.6334487 0.3141424 0.7071472
vn -0.9816773 -0.1726549 0.08062253
vn -0.8049933 -0.1549301 -0.5726974
vn -0.7380546 -0.1969368 -0.6453613
vn 0.9580591 0.2835044 0.04181179
vn 0.6145718 0.2732391 0.7400283
vn -0.07986295 0.1282291 0.9885238
vn -0.7419508 -0.07450365 0.6663018
vn -0.977127 -0.2065858 -0.05044936
vn -0.6442053 -0.1876191 -0.741484
vn 0.6822824 0.3398516 0.6472955
vn 0.9609506 0.254895 -0.1077161
vn 0.05533353 0.2356859 0.9702527
vn -0.6371279 -0.0545642 0.7688242
vn -0.9526839 -0.2800265 0.1182306
vn -0.9671564 -0.2302161 0.1077445
vn -0.6112241 0.1002346 0.7850848
vn -0.9989459 -0.04589653 0.0008857484
vn -0.6378406 0.2891678 0.7138216
vn 0.6598808 0.3628932 0.6579255
vn 0.06444047 0.3312842 0.9413279
vn -0.5434386 0.2964877 0.7853468
vn -0.02289379 0.4146561 0.9096901
vn -0.6378406 0.2891678 0.7138216
vn 0.6446903 0.3912469 0.6567345
vn 0.9770249 0.1615545 -0.1390048
vn 0.9766127 0.1983532 0.0829677
vn 0.5705149 0.5478554 0.6118555
vn -0.09340285 0.636664 0.7654638
vn -0.7090487 0.474377 0.5217437
vn -0.6333694 0.4986535 0.5917666
vn -0.9957568 0.02245287 -0.08924292
vn 0.09239212 0.92822 0.3603768
vn -0.5427583 0.7974661 0.2635552
vn -0.6309683 0.7549694 0.1786061
vn -0.9764232 0.1586621 -0.1463694
vn -0.5101272 0.8526461 -0.1129826
vn -0.7090487 0.474377 0.5217437
vn -0.7245321 0.2702869 0.6340334
vn -0.9764232 0.1586621 -0.1463694
vn -0.7841169 0.4481116 0.4293679
vn -0.757115 -0.5097187 -0.408612
vn -0.8075942 0.5423779 -0.231555
vn -0.9585561 0.265379 -0.1036543
vn -0.9152302 -0.218638 -0.338454
vn -0.8089499 -0.3994511 -0.4313223
vn -0.04392584 0.5376732 0.8420084
vn -0.6523597 0.674906 0.3448605
vn -0.1369249 0.4496442 0.8826503
vn -0.7391815 0.5166247 -0.432099
vn -0.7411472 0.5526306 -0.3811827
vn -0.6081696 0.6614366 0.4388978
vn -0.03415337 0.4266495 0.9037719
vn -0.6123295 0.5126597 0.6018577
vn -0.08985254 0.3602352 0.9285242
vn -0.7306787 0.2559121 0.6329435
vn -0.4086542 0.1889906 0.8929078
vn -0.08249512 0.2243537 0.9710098
vn 0.4423786 0.3582308 0.8221751
vn 0.4028389 0.2739139 0.8733224
vn -0.01286775 0.2929959 0.9560271
vn 0.08985747 0.2517554 0.9636104
vn -0.9484851 0.3048428 -0.08629514
vn -0.6523597 0.674906 0.3448605
vn -0.7651041 0.5860977 -0.2666558
vn -0.9942428 -0.02991487 -0.1028899
vn -0.6180612 -0.1822844 -0.7647043
vn -0.5523837 0.04276215 -0.8324924
vn -0.7411472 0.5526306 -0.3811827
vn -0.5463116 0.08466534 -0.8332919
vn -0.7155891 0.02189923 0.698178
vn -0.9948891 0.09646939 0.0298226
vn 0.8208612 0.3885539 0.4185841
vn 0.8584296 0.3142874 0.4053666
vn 0.5705149 0.5478554 0.6118555
vn 0.7410398 0.6041083 0.2931097
vn 0.1906086 0.8810518 0.4329157
vn 0.1931708 0.9775972 0.08359863
vn 0.09239212 0.92822 0.3603768
vn 0.8203009 0.5360284 0.1994491
vn 0.1931708 0.9775972 0.08359863
vn -0.001722219 0.9541424 0.2993482
vn -0.5101272 0.8526461 -0.1129826
vn -0.5101272 0.8526461 -0.1129826
vn -0.6866436 0.7231545 0.07462058
vn -0.9205358 0.2642794 -0.2876982
vn 0.9771367 -0.01030248 0.2123624
vn 0.9935517 0.105334 0.04194905
vn 0.8203009 0.5360284 0.1994491
vn 0.6773644 0.3271814 0.6588853
vn 0.6524914 0.3959573 0.6461214
vn -0.08985254 0.3602352 0.9285242
vn 0.07834213 0.3948669 0.9153922
vn 0.6773644 0.3271814 0.6588853
vn 0.6773644 0.3271814 0.6588853
vn 0.8106608 0.4788519 0.3369419
vn 0.8294753 0.3954242 0.3944747
vn 0.9103073 0.2771653 0.307441
vn 0.703536 0.2103262 0.6788224
vn 0.7643741 0.4404335 0.4709038
vn 0.4659477 0.5679311 0.6784889
vn 0.4981326 0.1877952 0.8465204
vn 0.5275944 0.6320403 0.5675996
vn 0.3458141 0.512118 0.7862238
vn 0.7643741 0.4404335 0.4709038
vn 0.6563205 0.4525795 0.6036682
vn 0.3458141 0.512118 0.7862238
vn 0.6399987 0.1780849 0.747454
vn 0.6524914 0.3959573 0.6461214
vn 0.7745001 0.2416994 0.5845777
vn 0.5814993 0.292444 0.7591674
vn -0.746673 0.3159588 0.5853627
vn -0.7155891 0.02189923 0.698178
vn -0.4420586 0.2973048 0.8462825
vn -0.6970062 -0.02096785 0.7167585
vn -0.5039275 0.127754 0.8542458
vn -0.8999341 -0.001838841 0.4360221
vn -0.7655239 -0.08554988 0.6376947
vn -0.603528 0.112972 0.789298
vn -0.3790321 0.7465295 0.546835
vn -0.4420586 0.2973048 0.8462825
vn -0.3297277 0.2520414 0.9098104
vn -0.2590708 0.393193 0.8822027
vn -0.3029962 0.4381399 0.8463019
vn -0.176916 0.3678024 0.9129195
vn -0.1802621 0.5200338 0.8349075
vn 0.04819874 0.5110859 0.8581772
vn -0.3822308 0.6897721 0.6149097
vn 0.1148867 0.5425581 -0.8321248
vn 0.08940852 0.9131474 -0.3977033
vn 0.05999226 0.8914371 -0.4491556
vn 0.06806608 0.6415831 -0.7640275
vn 0.1709121 0.2537833 -0.9520415
vn -0.9534194 -0.08315118 -0.2899611
vn -0.8695431 -0.06478088 -0.48959
vn -0.6539767 -0.1239851 -0.7462856
vn -0.5671619 0.07030659 -0.8206001
vn -0.2240056 -0.03659875 -0.9739004
vn -0.1774216 0.1993031 -0.9637427
vn -0.2368582 0.02542356 -0.9712116
vn -0.1771443 -0.09722872 -0.9793704
vn -0.37793 -0.2716365 -0.8850889
vn -0.9942428 -0.02991487 -0.1028899
vn -0.9534194 -0.08315118 -0.2899611
vn -0.6476812 -0.2372476 -0.7240323
vn -0.6539767 -0.1239851 -0.7462856
vn -0.2622992 -0.2430434 -0.9338784
vn -0.2240056 -0.03659875 -0.9739004
vn -0.1199554 -0.2378593 -0.9638639
vn -0.6180612 -0.1822844 -0.7647043
vn -0.0272556 -0.3802836 -0.9244682
vn -0.5523837 0.04276215 -0.8324924
vn -0.07925373 -0.5020807 -0.8611817
vn -0.5463116 0.08466534 -0.8332919
vn 0.5187879 -0.7188031 -0.4627971
vn 0.6149761 -0.2693299 -0.7411247
vn 0.4699817 -0.6898929 -0.5506041
vn -0.08605219 -0.5115656 -0.8549244
vn -0.6681879 -0.08903041 -0.7386465
vn 0.5734447 -0.6828359 -0.4526546
vn -0.02527784 -0.5164837 -0.8559238
vn -0.7060851 -0.2124758 -0.6754982
vn 0.6683618 -0.5133366 -0.5383104
vn 0.9755337 -0.2026072 0.08534837
vn 0.883547 -0.41454 0.2179481
vn 0.5652277 -0.7464674 -0.351147
vn 0.71147 0.2654539 0.6506494
vn 0.6476265 0.1274188 0.7512286
vn 0.87753 -0.42279 0.2262512
vn 0.5959077 0.1125243 0.7951303
vn 0.9147469 -0.1071928 0.3895482
vn 0.5187879 -0.7188031 -0.4627971
vn 0.6880461 -0.3295212 -0.6465356
vn 0.9632138 -0.01049958 -0.2685311
vn 0.8018647 0.2552611 0.5402358
vn 0.9891233 -0.01187132 -0.1466089
vn -0.165592 -0.3303964 -0.9292026
vn 0.5879805 -0.2573555 -0.7668422
vn 0.6330311 0.1115662 -0.7660448
vn -0.06942888 -0.07974062 -0.9943948
vn -0.7380546 -0.1969368 -0.6453613
vn -0.8049933 -0.1549301 -0.5726974
vn 0.9600678 0.264822 -0.09021745
vn -0.6442053 -0.1876191 -0.741484
vn 0.04972779 -0.03326059 -0.9982089
vn 0.7212075 0.1591854 -0.6741808
vn 0.9580591 0.2835044 0.04181179
vn -0.09527068 -0.168594 -0.9810706
vn -0.7104657 -0.310654 -0.6314528
vn -0.977127 -0.2065858 -0.05044936
vn -0.9526839 -0.2800265 0.1182306
vn 0.6282692 0.05460858 -0.7760772
vn 0.9609506 0.254895 -0.1077161
vn -0.6816392 -0.3646446 -0.6343518
vn -0.09784614 -0.2579361 -0.9611946
vn -0.07774797 -0.3243149 -0.9427487
vn -0.6776961 -0.3000219 -0.671353
vn -0.9671564 -0.2302161 0.1077445
vn -0.9989459 -0.04589653 0.0008857484
vn 0.5467247 -0.1725728 -0.8193355
vn 0.9770249 0.1615545 -0.1390048
vn 0.547261 -0.08622897 -0.8325082
vn 0.6179933 -0.1562437 -0.7705013
vn 0.6896138 -0.1132367 -0.7152693
vn 0.9887667 0.131441 -0.07115852
vn 0.02290198 -0.560594 -0.8277741
vn -0.6492032 -0.4085542 -0.6415752
vn 0.5618879 -0.4224472 -0.7112105
vn 0.2903886 -0.2436037 -0.9253819
vn -0.08578406 -0.8800183 -0.4671283
vn 0.5432099 -0.7428753 -0.391228
vn -0.9957568 0.02245287 -0.08924292
vn -0.6492032 -0.4085542 -0.6415752
vn -0.757115 -0.5097187 -0.408612
vn -0.184719 -0.8196397 -0.5422819
vn 0.9146764 -0.1164092 -0.3870608
vn 0.778365 -0.09391651 -0.6207476
vn -0.1836572 -0.9645144 -0.1896891
vn -0.08578406 -0.8800183 -0.4671283
vn -0.66615 -0.6883562 -0.2870709
vn -0.6959843 -0.5906174 -0.4083835
vn 0.003563429 -0.914126 -0.4054144
vn 0.5351289 -0.8445938 0.0172728
vn 0.5351289 -0.8445938 0.0172728
vn 0.6369551 -0.709454 -0.3016011
vn 0.6149761 -0.2693299 -0.7411247
vn 0.6388087 0.3103195 -0.7040066
vn 0.9512998 0.1058531 -0.2895237
vn 0.5959077 0.1125243 0.7951303
vn 0.8178369 0.02152419 0.5750474
vn 0.5320322 0.2074379 0.8209211
vn 0.5618879 -0.4224472 -0.7112105
vn 0.6179933 -0.1562437 -0.7705013
vn 0.9146764 -0.1164092 -0.3870608
vn 0.9689451 -0.2275188 -0.09685386
vn 0.6369551 -0.709454 -0.3016011
vn 0.9916016 -0.1228763 -0.04034219
vn 0.8515763 -0.510153 0.1206718
vn 0.99252 0.0999744 -0.07006531
vn 0.7410398 0.6041083 0.2931097
vn 0.8203009 0.5360284 0.1994491
vn 0.5351289 -0.8445938 0.0172728
vn 0.7536848 -0.6537352 -0.06774496
vn 0.9567281 -0.2357339 0.1705901
vn -0.9536637 0.02075493 -0.300158
vn -0.9913968 0.04051042 -0.1244634
vn -0.8025206 -0.4983265 -0.3280719
vn -0.1436831 -0.2025919 -0.9686649
vn -0.2368582 0.02542356 -0.9712116
vn -0.37793 -0.2716365 -0.8850889
vn 0.5320322 0.2074379 0.8209211
vn 0.764025 0.3088866 0.5664405
vn 0.5035875 0.1078241 0.8571893
vn 0.5035875 0.1078241 0.8571893
vn 0.703536 0.2103262 0.6788224
vn 0.6773644 0.3271814 0.6588853
vn 0.4981326 0.1877952 0.8465204
vn 0.4036176 -0.1273087 -0.9060272
vn -0.1199554 -0.2378593 -0.9638639
vn 0.2974536 0.06100335 -0.9527854
vn -0.6492032 -0.4085542 -0.6415752
vn -0.6776961 -0.3000219 -0.671353
vn 0.31545 0.8626752 0.395326
vn 0.2151959 0.9643213 0.1541921
vn 0.3072736 0.9140168 0.2648703
vn 0.04017365 0.8515002 0.5228129
vn 0.07613183 0.7604032 0.6449737
vn 0.04017365 0.8515002 0.5228129
vn 0.03055806 0.7952794 0.6054724
vn -0.1384526 0.8713309 0.4707583
vn 0.07613183 0.7604032 0.6449737
vn 0.2967314 0.8308727 0.4707451
vn 0.154583 0.6958075 0.7013959
vn -0.161359 0.6373262 0.7535108
vn -0.3553989 0.6454031 0.676126
vn -0.306906 -0.949738 -0.06169796
vn -0.306906 -0.949738 -0.06169796
vn -0.306906 -0.949738 -0.06169796
vn 0.3434557 0.7510672 -0.5638585
vn 0.0437156 0.7708868 -0.6354702
vn 0.6270849 0.6211936 -0.4699818
vn 0.7874203 0.6037939 -0.1241053
vn 0.6270849 0.6211936 -0.4699818
vn 0.6270849 0.6211936 -0.4699818
vn -0.6047441 0.6678053 0.4339595
vn -0.8566775 0.5132645 0.05160402
vn -0.6047441 0.6678053 0.4339595
vn -0.37793 -0.2716365 -0.8850889
vn -0.1771443 -0.09722872 -0.9793704
vn -0.1159144 -0.6783952 -0.7254956
vn -0.2557059 0.2376857 0.9370805
vn -0.01286775 0.2929959 0.9560271
vn 0.27841 0.4845222 0.8292925
vn 0.03555207 0.1905851 -0.9810266
vn 0.04841549 0.1828773 -0.9819428
vn 0.1134855 0.1779198 -0.9774792
vn 0.1148867 0.5425581 -0.8321248
vn 0.1134855 0.1779198 -0.9774792
vn 0.1148867 0.5425581 -0.8321248
vn 0.1709121 0.2537833 -0.9520415
vn -0.531306 0.1376 -0.8359307
vn -0.4528096 0.05330818 -0.8900122
vn -0.01009682 -0.1216897 -0.9925168
vn 0.2859389 -0.1833139 -0.9405504
vn -0.1240425 -0.06900924 -0.9898744
vn 0.08941735 -0.1996748 -0.9757738
vn 0.2859389 -0.1833139 -0.9405504
vn 0.7114673 -0.4066329 -0.5731179
vn 0.8649222 -0.3112544 -0.393739
vn 0.9084331 -0.391748 0.1458859
vn 0.9461122 -0.2241483 0.2337292
vn 0.6278283 -0.1066489 0.7710108
vn 0.7435775 -0.4508797 -0.493761
vn 0.8843215 -0.4447361 0.1420754
vn 0.5337942 -0.1796671 0.8263072
vn 0.82032 -0.5599282 0.1164279
vn 0.4458016 -0.277099 0.8511622
vn 0.706056 -0.1371151 0.694755
vn 0.6075717 0.0386851 0.7933222
vn 0.7699816 -0.6010185 0.2142549
vn 0.5355758 -0.306339 0.7869657
vn 0.3808225 -0.2983789 -0.8751824
vn 0.4607469 -0.3678097 -0.8077303
vn 0.7435775 -0.4508797 -0.493761
vn 0.7052503 -0.5560187 -0.4398467
vn 0.3045745 -0.1779381 -0.9357202
vn 0.7699816 -0.6010185 0.2142549
vn 0.5670073 -0.6065973 -0.5572634
vn 0.2631412 -0.06513412 -0.9625561
vn 0.5755443 -0.8063545 0.1361655
vn -0.3288347 0.3669977 -0.8701611
vn -0.4441703 0.2068986 -0.8717257
vn 0.2728724 -0.2531501 -0.9281464
vn 0.7154052 -0.6311294 0.2997849
vn 0.3096194 -0.5444661 0.7795464
vn 0.7699816 -0.6010185 0.2142549
vn 0.4458016 -0.277099 0.8511622
vn -0.3612552 0.1470818 -0.9207941
vn -0.3619178 -0.01426552 -0.9321008
vn 0.2728724 -0.2531501 -0.9281464
vn -0.123455 0.4015875 -0.9074615
vn 0.05946732 0.1040423 -0.9927936
vn 0.2631412 -0.06513412 -0.9625561
vn 0.6278283 -0.1066489 0.7710108
vn 0.6075717 0.0386851 0.7933222
vn -0.01954417 0.2913542 0.9564155
vn -0.1731823 0.2649033 0.9485959
vn 0.05148263 0.2803887 0.9585049
vn -0.5477505 0.5502272 0.6302534
vn -0.6715842 0.5465643 0.5002419
vn -0.6447951 0.6156812 0.4529637
vn -0.1959836 0.2539894 0.947143
vn 0.5337942 -0.1796671 0.8263072
vn 0.5414697 -0.08694468 0.8362123
vn -0.6989063 0.6787424 -0.2254744
vn -0.8145487 0.5483107 -0.1893827
vn -0.6540039 0.5598506 0.5087693
vn -0.8047827 0.5915299 -0.04916389
vn -0.5167644 0.5822448 0.6276507
vn -0.4238023 0.420602 -0.8021756
vn -0.4441703 0.2068986 -0.8717257
vn -0.8277729 0.5088419 -0.2363726
vn -0.5340585 0.6292765 0.5646173
vn -0.1564752 0.08549395 0.9839748
vn 0.4458016 -0.277099 0.8511622
vn -0.5710085 0.8073456 -0.1488033
vn -0.2415969 0.5480293 -0.8008089
vn -0.4042894 0.7081909 -0.5788054
vn -0.7596268 0.2646951 -0.594057
vn -0.6036928 0.2081426 -0.7695659
vn -0.5058479 0.2936534 -0.8111014
vn -0.1818805 0.3811378 0.9064509
vn 0.05148263 0.2803887 0.9585049
vn 0.03703889 0.411231 0.9107783
vn -0.6112687 0.6171752 0.4954246
vn -0.2957805 0.516233 0.803752
vn -0.0817227 0.5188352 0.8509591
vn -0.531306 0.1376 -0.8359307
vn -0.7596268 0.2646951 -0.594057
vn -0.4528096 0.05330818 -0.8900122
vn 0.3096194 -0.5444661 0.7795464
vn 0.3388151 -0.2651224 0.9027262
vn -0.1564752 0.08549395 0.9839748
vn -0.6007206 0.359095 -0.7142729
vn -0.521899 0.5103222 -0.6835149
vn -0.4369346 0.02924625 -0.8990177
vn -0.4351585 0.006940336 -0.9003271
vn -0.6009586 0.4252712 -0.676752
vn -0.6498087 0.744639 -0.1525169
vn -0.4598642 0.7214482 -0.5177233
vn -0.6053188 0.4675477 -0.6441959
vn -0.5887448 0.6147197 -0.5248801
vn -0.6007206 0.359095 -0.7142729
vn -0.4978067 0.4667104 -0.7310061
vn -0.2714542 -0.09452708 -0.9577982
vn -0.3104759 -0.1891735 -0.9315675
vn -0.3407376 0.6875961 -0.6411783
vn -0.2630318 0.06742749 -0.9624281
vn -0.3316926 0.8760085 0.3501274
vn -0.2551776 0.5972415 0.760386
vn -0.4629852 0.8637743 0.1988433
vn 0.07496891 0.6694406 0.7390732
vn 0.3256136 0.2179986 0.9200284
vn 0.4151214 0.2186307 0.8831053
vn 0.1086259 0.7473112 0.6555353
vn 0.3887272 0.1986604 0.8996806
vn -0.2123746 0.9738931 0.08018308
vn 0.09458625 0.7511309 0.653342
vn 0.3460535 0.1034603 0.9324929
vn -0.1605371 0.9840056 0.07720653
vn -0.34098 0.7634091 -0.5485793
vn 0.1864976 0.6426125 0.7431473
vn 0.2698784 -0.118783 0.9555398
vn -0.0106779 0.9869257 0.1608221
vn -0.2053907 0.7973235 -0.5675297
vn -0.1347707 0.9494732 -0.2834389
vn -0.5795915 0.8136168 -0.04584126
vn -0.4712568 0.5528072 -0.6872563
vn -0.3407376 0.6875961 -0.6411783
vn -0.4876543 0.1790043 -0.8544886
vn -0.6050882 0.2200415 -0.7651471
vn -0.3104759 -0.1891735 -0.9315675
vn -0.2394945 0.6615103 -0.7106662
vn -0.3537459 0.4860245 -0.7991521
vn -0.2630318 0.06742749 -0.9624281
vn -0.3753372 -0.06977493 -0.9242583
vn -0.5231529 0.2229764 -0.8225524
vn -0.3200039 -0.2186717 -0.9218353
vn -0.3753372 -0.06977493 -0.9242583
vn -0.3200039 -0.2186717 -0.9218353
vn 0.1155689 -0.5519811 -0.8258091
vn 0.2265589 -0.6262786 -0.7459531
vn 0.6168868 -0.7399978 -0.2680556
vn 0.6779035 -0.7202818 -0.1471087
vn 0.7613518 -0.5896775 0.269488
vn 0.7443666 -0.6652124 0.05840115
vn 0.1221161 -0.6666738 -0.7352779
vn 0.512596 -0.8336293 -0.205688
vn 0.6614558 -0.5248688 0.5357136
vn 0.1831714 -0.9770666 -0.1085784
vn -0.05359202 -0.7460278 -0.6637546
vn -0.2260204 -0.2835544 -0.9319398
vn -0.2400282 -0.2847027 -0.9280791
vn 0.398103 -0.6885122 0.606189
vn 0.3460535 0.1034603 0.9324929
vn 0.3887272 0.1986604 0.8996806
vn 0.7304798 -0.430078 0.5305017
vn -0.05283201 -0.9846548 -0.1663242
vn -0.1888691 -0.6429792 -0.7422305
vn -0.2714542 -0.09452708 -0.9577982
vn -0.3104759 -0.1891735 -0.9315675
vn -0.2630318 0.06742749 -0.9624281
vn 0.1335557 -0.8386455 0.5280499
vn 0.2698784 -0.118783 0.9555398
vn 0.3887272 0.1986604 0.8996806
vn 0.5162674 -0.06884 0.8536563
vn 0.4151214 0.2186307 0.8831053
vn 0.5433926 -0.005298017 0.8394619
vn 0.3256136 0.2179986 0.9200284
vn 0.5162674 -0.06884 0.8536563
vn 0.5433926 -0.005298017 0.8394619
vn 0.4151214 0.2186307 0.8831053
vn 0.5143126 0.6739821 0.530312
vn 0.5315673 0.6268561 0.569638
vn -0.002331436 0.6303477 0.7763094
vn -0.2271101 0.5265324 0.8192586
vn 0.9188582 0.3730726 0.1285163
vn 0.7951885 0.5906463 0.1371573
vn 0.1550449 0.6749801 0.7213618
vn 0.4135064 0.8812777 0.2288276
vn 0.5629628 0.7493672 -0.3485995
vn -0.1204628 0.5696413 0.8130175
vn -0.2271101 0.5265324 0.8192586
vn -0.7407241 0.1364754 0.657801
vn -0.8414022 0.07764014 0.5348031
vn -0.9177618 -0.3814522 0.110488
vn -0.918333 -0.3935882 -0.04186749
vn -0.8120279 -0.02322846 0.5831562
vn -0.7302764 -0.6089069 0.3097236
vn 0.4437752 0.7851653 0.4319479
vn 0.5143126 0.6739821 0.530312
vn -0.1219192 0.5538939 0.8236123
vn -0.6644357 0.3887461 0.6382803
vn -0.5190783 0.3292643 0.7887602
vn -0.8120279 -0.02322846 0.5831562
vn 0.02728748 -0.3703463 -0.9284928
vn 0.3395469 -0.4011156 -0.8507727
vn 0.1904645 -0.4222683 -0.8862352
vn 0.4050169 -0.4296279 -0.8070819
vn 0.4648392 -0.2980708 -0.8337135
vn 0.223958 -0.5154262 -0.8271509
vn 0.6636763 -0.2948834 -0.6874427
vn 0.1197315 -0.5392299 -0.8336039
vn 0.750892 0.06398379 -0.6573181
vn -0.0002393554 -0.5861636 -0.8101927
vn -0.5067327 -0.6324217 -0.585888
vn 0.223958 -0.5154262 -0.8271509
vn -0.5715997 -0.6598668 -0.4876981
vn -0.918333 -0.3935882 -0.04186749
vn -0.9177618 -0.3814522 0.110488
vn -0.5453566 -0.8091196 -0.2188869
vn -0.7302764 -0.6089069 0.3097236
vn 0.005627852 -0.8281366 -0.5604981
vn -0.1959041 -0.9206401 -0.3377032
vn -0.5715997 -0.6598668 -0.4876981
vn 0.3406277 -0.666912 -0.6627226
vn 0.5745224 -0.5481523 -0.6078266
vn 0.5001376 -0.3164473 -0.8060542
vn 0.750892 0.06398379 -0.6573181
vn 0.6070725 -0.6659001 -0.4336359
vn 0.7664033 0.06514712 -0.6390476
vn 0.7228466 -0.0491734 -0.6892566
vn 0.5230191 -0.7496427 -0.4055698
vn 0.06536594 -0.9967969 0.04607958
vn 0.09847226 -0.9706565 -0.2193838
vn 0.4439128 -0.6088045 -0.6574941
vn 0.02357406 -0.986448 0.1623721
vn -0.5234112 -0.7065465 0.4762697
vn -0.7302764 -0.6089069 0.3097236
vn -0.2560512 -0.962269 -0.09206588
vn -0.8120279 -0.02322846 0.5831562
vn -0.4581316 -0.6454579 0.6111461
vn -0.8074492 -0.0499676 0.5878173
vn -0.6756641 0.0415757 0.7360363
vn 0.7664033 0.06514712 -0.6390476
vn 0.7093049 -0.4666185 -0.5283501
vn 0.7951885 0.5906463 0.1371573
vn 0.7988475 -0.1838094 -0.5727624
vn 0.9188582 0.3730726 0.1285163
vn 0.750892 0.06398379 -0.6573181
vn 0.5955234 -0.2191679 -0.7728631
vn 0.5629628 0.7493672 -0.3485995
vn 0.4831253 0.7268517 -0.4881357
vn 0.7664033 0.06514712 -0.6390476
vn -0.1230608 0.9899293 -0.06997288
vn 0.01846653 0.9981269 -0.05832431
vn 0.5230829 0.6533113 -0.5473286
vn 0.7228466 -0.0491734 -0.6892566
vn -0.05562903 0.9839129 -0.1697672
vn 0.5629628 0.7493672 -0.3485995
vn 0.067819 0.9976971 -0.001107201
vn -0.1230608 0.9899293 -0.06997288
vn -0.3216542 0.9369635 -0.1365208
vn -0.6674857 0.6513239 0.3608879
vn -0.8180712 0.5214886 0.2425063
vn -0.5004689 0.7179692 0.4837884
vn -0.6756641 0.0415757 0.7360363
vn -0.8074492 -0.0499676 0.5878173
vn -0.8048726 0.4417383 0.3962919
vn -0.8120279 -0.02322846 0.5831562
vn -0.5234112 -0.7065465 0.4762697
vn 0.01846653 0.9981269 -0.05832431
vn -0.1940754 0.9809786 0.003964458
vn -0.5004689 0.7179692 0.4837884
vn -0.3271515 0.936688 -0.1248494
vn -0.3682594 0.8271652 0.4244793
vn -0.1035246 0.9938964 -0.03811349
vn 0.03246297 0.8471519 -0.5303582
vn 0.2288648 0.8575987 -0.4605922
vn -0.4285577 0.5634786 0.7062792
vn -0.5034845 0.6388784 0.581668
vn -0.5142093 0.5074858 0.6914095
vn -0.4995304 -0.0759676 0.862959
vn -0.6152456 0.008045345 0.7882944
vn -0.5142093 0.5074858 0.6914095
vn -0.3944443 0.9061487 0.1526705
vn -0.7326112 0.5034179 0.4580953
vn -0.6820688 0.1391395 0.7179294
vn -0.6152456 0.008045345 0.7882944
vn -0.7326112 0.5034179 0.4580953
vn -0.7229028 -0.1857176 0.6655227
vn 0.2934231 0.8007786 -0.5221651
vn 0.4261025 0.2801129 -0.8602172
vn 0.03246297 0.8471519 -0.5303582
vn 0.5115093 0.3257178 -0.7951515
vn -0.3183547 0.784912 0.5315669
vn -0.1035246 0.9938964 -0.03811349
vn -0.4320072 0.6736886 0.5995944
vn 0.121157 0.9918795 0.03867894
vn 0.2934231 0.8007786 -0.5221651
vn 0.4835613 0.6733837 -0.5592164
vn -0.3183547 0.784912 0.5315669
vn -0.4285577 0.5634786 0.7062792
vn -0.6562967 0.125613 0.7439731
vn -0.5739663 0.4187923 0.7036871
vn -0.4320072 0.6736886 0.5995944
vn -0.5334761 0.2821833 0.7973554
vn -0.5142093 0.5074858 0.6914095
vn 0.4835613 0.6733837 -0.5592164
vn 0.5115093 0.3257178 -0.7951515
vn 0.3807163 0.7304673 -0.5669855
vn 0.6582211 0.1499027 -0.7377495
vn -0.6152456 0.008045345 0.7882944
vn -0.7229028 -0.1857176 0.6655227
vn -0.3659536 -0.6612421 0.6548564
vn -0.4131311 -0.7979957 0.4387772
vn -0.0441278 -0.9794722 0.1966904
vn 0.02990804 -0.998982 0.03376995
vn -0.2633373 -0.8689964 0.4189259
vn 0.08287627 -0.9941162 -0.06974488
vn -0.008469435 -0.9984173 -0.05560016
vn -0.4512129 -0.3362187 0.8266583
vn -0.5387285 -0.1045977 0.8359611
vn -0.4228401 -0.821808 0.3818873
vn -0.1524955 -0.9249328 0.3482016
vn 0.3707888 -0.7473876 -0.5512961
vn 0.01113615 -0.9990444 0.04226585
vn 0.02990804 -0.998982 0.03376995
vn 0.2585646 -0.8899218 -0.3757439
vn 0.3181667 -0.8083672 -0.4952903
vn 0.3713211 -0.7742669 -0.5124757
vn 0.4194291 -0.5427331 -0.7276812
vn 0.5299942 -0.4757754 -0.7019573
vn 0.1205904 -0.9743086 -0.1902122
vn 0.3077048 -0.8437849 -0.43971
vn 0.2650915 -0.8643536 -0.4273398
vn 0.2643465 -0.9098331 -0.3198825
vn -0.008469435 -0.9984173 -0.05560016
vn 0.4447607 -0.7473155 -0.4936673
vn -0.6687976 -0.4132468 0.6180105
vn -0.4995304 -0.0759676 0.862959
vn -0.2876937 -0.8248711 0.4866416
vn -0.6497269 -0.1356726 0.7479625
vn -0.4512129 -0.3362187 0.8266583
vn -0.5476515 -0.6783926 0.4897564
vn 0.5848522 -0.5730171 -0.5741076
vn 0.4761535 -0.5551953 -0.6819354
vn 0.6044782 -0.1590028 -0.7805921
vn 0.5239429 -0.02806287 -0.8512909
vn 0.3983133 -0.6513914 -0.645783
vn 0.4261025 0.2801129 -0.8602172
vn -0.1208981 0.8003783 -0.5871782
vn -0.2511897 0.8636045 -0.4371395
vn -0.04409046 0.9946225 0.09371385
vn -0.02989907 0.9557316 0.2927168
vn 0.03165942 0.6032808 0.7969003
vn 0.1778878 0.4833788 0.8571469
vn 0.0464208 -0.134904 0.9897708
vn 0.2506126 -0.2684556 0.9301209
vn -0.3516899 0.2638451 -0.8981647
vn -0.1390965 0.1350304 -0.9810296
vn -0.01631021 0.9997823 0.0130211
vn 0.1344032 0.79213 -0.5953705
vn -0.03051716 0.9530422 0.3012958
vn -0.2010474 0.694676 0.6906556
vn -0.2889036 -0.1290412 0.9486216
vn -0.2494401 0.4430177 0.8611125
vn 0.1944343 0.1317 -0.9720342
vn -0.04786668 0.9928946 0.1089457
vn 0.2654844 0.785803 -0.558598
vn -0.3591351 0.6565734 0.6632747
vn -0.1767548 0.9162196 0.3595822
vn -0.4945426 -0.1165048 0.8613096
vn -0.3933918 0.5536965 0.7339367
vn 0.3975795 0.1207223 -0.9095914
vn 0.03857128 0.9992307 -0.007085048
vn 0.3665807 0.6885974 -0.6256614
vn -0.3320768 0.7231945 0.6055698
vn -0.5262296 0.02536017 0.8499643
vn -0.3320768 0.7231945 0.6055698
vn 0.4599049 -0.02085667 -0.8877232
vn 0.0464208 -0.134904 0.9897708
vn 0.2506126 -0.2684556 0.9301209
vn 0.003392054 -0.7815301 0.6238583
vn 0.1496226 -0.8692083 0.4712643
vn -0.05293375 -0.9897184 -0.1328739
vn -0.06823899 -0.9630905 -0.2603846
vn -0.1119434 -0.6081142 -0.7859172
vn -0.2755466 -0.4899712 -0.8270443
vn -0.1390965 0.1350304 -0.9810296
vn -0.3516899 0.2638451 -0.8981647
vn -0.2449506 -0.749103 0.615503
vn -0.2889036 -0.1290412 0.9486216
vn -0.09748926 -0.9913334 -0.0880563
vn 0.1031193 -0.611716 -0.7843277
vn 0.1944343 0.1317 -0.9720342
vn -0.04430314 -0.9918607 -0.119372
vn -0.346704 -0.77937 0.5218993
vn -0.4945426 -0.1165048 0.8613096
vn 0.270331 -0.6154355 -0.7403785
vn 0.3975795 0.1207223 -0.9095914
vn -0.4325282 -0.6846469 0.5866669
vn -0.5262296 0.02536017 0.8499643
vn -0.1047212 -0.9939817 -0.03215567
vn 0.265584 -0.7177135 -0.6437022
vn 0.4599049 -0.02085667 -0.8877232
vn -0.5032117 0.5893648 -0.6320024
vn -0.737398 0.4956815 -0.4588509
vn -0.1921154 0.5705082 -0.7985061
vn 0.217566 0.7792209 -0.5877753
vn 0.2860417 0.7109838 -0.6424034
vn 0.5110314 0.8505664 -0.1240306
vn 0.2860417 0.7109838 -0.6424034
vn 0.5704702 0.7889668 -0.2282435
vn 0.5318796 0.7704588 0.351422
vn 0.5150635 0.829358 0.2165064
vn 0.599045 0.7925014 0.1143967
vn 0.4772179 0.8779724 0.03777923
vn 0.5704702 0.7889668 -0.2282435
vn 0.599045 0.7925014 0.1143967
vn 0.2212235 0.8062633 0.5486344
vn 0.5318796 0.7704588 0.351422
vn 0.3220628 0.7263871 0.6071551
vn -0.8563855 0.5082934 0.0907838
vn -0.9002756 0.4085711 0.1502444
vn -0.737398 0.4956815 -0.4588509
vn -0.5976747 0.4613094 0.6557276
vn -0.6172094 0.457519 0.6401007
vn -0.9002756 0.4085711 0.1502444
vn -0.6172094 0.457519 0.6401007
vn -0.2736035 0.5683587 0.7759571
vn -0.2808502 0.4603552 0.8421379
vn -0.4134773 0.4039166 0.8160195
vn -0.4630104 0.393725 0.7941045
vn -0.1061446 0.5856293 0.8035992
vn -0.5011642 0.5154959 0.6950529
vn 0.05100636 0.7077877 0.7045814
vn 0.3220628 0.7263871 0.6071551
vn 0.1982562 0.4259496 -0.8827579
vn -0.08885621 0.2863288 -0.9540023
vn -0.03151052 0.2960659 -0.9546476
vn 0.3450789 0.4827109 -0.804929
vn 0.5246623 0.6710386 -0.5238671
vn 0.3450789 0.4827109 -0.804929
vn 0.6638587 0.6920137 -0.2835642
vn -0.7734893 0.6244113 0.1087427
vn -0.8568472 0.4855566 -0.1733424
vn -0.8572907 0.4768628 -0.1940476
vn -0.6927885 0.7137934 0.102679
vn -0.6927885 0.7137934 0.102679
vn -0.3947432 0.86415 0.3121259
vn 0.02979163 0.8925648 0.4499338
vn 0.02979163 0.8925648 0.4499338
vn 0.3772168 0.8918071 0.2497749
vn 0.4853355 0.7475201 0.453501
vn 0.538352 0.8362262 0.1044166
vn 0.6638587 0.6920137 -0.2835642
vn 0.6975661 0.7040036 -0.1333435
vn 0.5657586 0.8206955 0.07984962
vn 0.6243678 0.7805245 0.03076331
vn 0.6975661 0.7040036 -0.1333435
vn 0.3772168 0.8918071 0.2497749
vn 0.5657586 0.8206955 0.07984962
vn 0.5052144 0.821575 0.2641456
vn 0.538352 0.8362262 0.1044166
vn 0.5052144 0.821575 0.2641456
vn 0.3023302 0.8943394 0.3297781
vn -0.4605163 0.7493916 0.4757489
vn 0.1449821 0.9152684 0.3758509
vn 0.3023302 0.8943394 0.3297781
vn -0.6707552 0.7149016 0.1974924
vn -0.743879 0.5282941 0.4093278
vn -0.2470881 0.7171384 -0.6516595
vn -0.652641 0.5164902 -0.5543443
vn -0.5292643 0.4468305 -0.7212641
vn -0.6673213 0.3377636 -0.6637756
vn -0.5199296 0.5438631 -0.6587004
vn 0.2913424 0.8868748 -0.3585704
vn 0.1342282 0.7952124 -0.5912866
vn 0.3747018 0.9001143 -0.2222449
vn 0.3719724 0.8017681 -0.4677654
vn 0.1812077 0.7702128 -0.6115031
vn -0.03985775 0.8516215 -0.5226396
vn 0.1812077 0.7702128 -0.6115031
vn 0.1342282 0.7952124 -0.5912866
vn -0.6564727 0.5780249 -0.4846967
vn -0.8929948 0.4455766 0.06341758
vn -0.652641 0.5164902 -0.5543443
vn -0.5219643 0.5883552 0.6175689
vn -0.6842729 0.4369082 0.583851
vn -0.8929948 0.4455766 0.06341758
vn -0.6842729 0.4369082 0.583851
vn -0.2681716 0.6096423 0.7459358
vn -0.4143829 0.4835683 0.7710047
vn -0.2511929 0.5403801 0.8030513
vn -0.09976132 0.6251438 0.7741078
vn 0.009629538 0.8116406 0.5840777
vn 0.3143896 0.8471715 0.4283217
vn 0.3734643 0.9274549 -0.01876063
vn 0.3747018 0.9001143 -0.2222449
vn 0.434243 0.8461559 0.308955
vn 0.5431955 0.835344 0.08449282
vn 0.3143896 0.8471715 0.4283217
vn 0.4639082 0.8015308 0.3772766
vn 0.1318031 0.8127455 0.5675145
vn 0.434243 0.8461559 0.308955
vn 0.4130389 0.9056838 0.09558114
vn 0.4639082 0.8015308 0.3772766
vn 0.5431955 0.835344 0.08449282
vn -0.2728466 0.6713846 -0.6890554
vn -0.09523977 0.5759895 -0.8118901
vn -0.2896104 0.455754 -0.8416734
vn -0.3980255 0.4054315 -0.8229222
vn -0.2956901 0.5644727 -0.7706737
vn -0.3463861 0.4385982 -0.8292455
vn -0.279939 0.7015792 -0.655302
vn -0.2345895 0.8402803 -0.4887706
vn -0.279939 0.7015792 -0.655302
vn -0.119555 0.9635291 -0.2394122
vn -0.184722 0.8930956 -0.4101926
vn -0.07298167 0.9879594 0.1364181
vn -0.03414369 0.9647622 0.2608989
vn -0.2106666 0.8754448 0.4349896
vn -0.07298167 0.9879594 0.1364181
vn -0.1842193 0.8093038 0.5577551
vn -0.3915884 0.5395118 0.7453761
vn -0.3098823 0.4470814 0.8391014
vn -0.3122396 0.4454776 0.8390805
vn -0.5060804 0.245125 0.8269199
vn -0.6806977 0.004360004 0.7325514
vn -0.6944892 0.1468887 0.7043495
vn -0.5060804 0.245125 0.8269199
vn -0.8227018 -0.1383786 0.551374
vn -0.8775188 -0.1229302 0.4635179
vn -0.8227018 -0.1383786 0.551374
vn -0.9633226 -0.2376841 0.1245626
vn -0.8775188 -0.1229302 0.4635179
vn -0.9633226 -0.2376841 0.1245626
vn -0.9689784 -0.2159808 -0.1201378
vn -0.679184 -0.09011614 -0.7284148
vn -0.5343207 -0.2061334 -0.8197624
vn -0.5215822 -0.1975537 -0.8300148
vn -0.5123711 -0.1897355 -0.8375418
vn -0.8166138 0.0337438 -0.5761973
vn 0.4949268 0.8366964 -0.2344921
vn 0.4239663 0.8002735 -0.424046
vn 0.4633303 0.8829902 -0.07518817
vn 0.4282517 0.897965 -0.1012883
vn 0.3056216 0.4950334 -0.8133495
vn 0.5507402 0.8150201 -0.1800765
vn 0.3789351 0.9007888 -0.2121034
vn 0.4282517 0.897965 -0.1012883
vn 0.4949268 0.8366964 -0.2344921
vn 0.5507402 0.8150201 -0.1800765
vn 0.567423 0.7770641 -0.2724013
vn 0.4210151 0.8919028 -0.1650926
vn -0.8804735 0.3821032 0.2806485
vn -0.8507951 0.5248831 0.02540496
vn -0.8804735 0.3821032 0.2806485
vn 0.4949268 0.8366964 -0.2344921
vn 0.5652277 0.8216656 -0.07337072
vn 0.5652277 0.8216656 -0.07337072
vn -0.7264094 0.6869625 0.02029558
vn -0.7007097 0.7128501 0.02916729
vn -0.6088073 0.7909994 0.06060984
vn -0.8971024 0.4239735 -0.1243132
vn -0.8507951 0.5248831 0.02540496
vn -0.7264094 0.6869625 0.02029558
vn -0.8681022 0.2521953 -0.4275464
vn -0.8971024 0.4239735 -0.1243132
vn -0.8166138 0.0337438 -0.5761973
vn 0.4886553 0.3990426 -0.7758743
vn 0.03565238 0.2168849 -0.9755459
vn 0.2528775 0.2560459 -0.9330024
vn 0.5552674 0.4946626 -0.6685709
vn 0.5364314 0.3285703 -0.7773564
vn 0.5873536 0.5858245 -0.5584133
vn 0.5364314 0.3285703 -0.7773564
vn 0.6749454 0.5017092 -0.5410514
vn -0.9496066 0.3133204 0.008808356
vn -0.9203754 0.1953073 -0.3387686
vn -0.8771364 0.1981642 -0.4374503
vn -0.8690703 0.4596104 0.1829619
vn -0.9114877 0.3941832 0.1175149
vn -0.9203754 0.1953073 -0.3387686
vn -0.6627312 0.5662645 0.4900325
vn -0.8165098 0.4892842 0.3064519
vn -0.80518 0.431435 0.4068771
vn 0.5888171 0.6667727 -0.4568464
vn 0.6749454 0.5017092 -0.5410514
vn 0.696853 0.6771244 -0.2364289
vn 0.6206358 0.7840528 -0.008510082
vn 0.6431776 0.6951807 -0.3210086
vn 0.696853 0.6771244 -0.2364289
vn 0.6437597 0.7418084 -0.1878664
vn 0.6206358 0.7840528 -0.008510082
vn 0.491314 0.8575024 0.1526439
vn 0.6113645 0.7901998 -0.04263511
vn 0.491314 0.8575024 0.1526439
vn 0.4182684 0.8843246 0.2074163
vn -0.7911877 0.4970638 0.3562998
vn -0.8165098 0.4892842 0.3064519
vn -0.5610997 0.712607 0.4211397
vn -0.8690703 0.4596104 0.1829619
vn -0.80518 0.431435 0.4068771
vn -0.4059933 -0.3929434 -0.8250847
vn -0.3438551 -0.597795 -0.724158
vn -0.1686557 -0.4409083 -0.881564
vn -0.630971 -0.3151889 -0.7088947
vn -0.188397 -0.5029708 -0.8435205
vn -0.1686557 -0.4409083 -0.881564
vn 0.1470971 -0.2424964 -0.9589357
vn 0.6024776 0.7678645 -0.2177266
vn 0.7017052 0.5946676 -0.3924033
vn 0.6390767 0.7548216 -0.1477341
vn 0.7008191 0.5335796 -0.47344
vn 0.4133929 0.8898067 -0.1932622
vn 0.6390767 0.7548216 -0.1477341
vn 0.6909813 0.7058653 -0.1558818
vn 0.7498872 0.5944861 -0.2902682
vn 0.6024776 0.7678645 -0.2177266
vn 0.6909813 0.7058653 -0.1558818
vn 0.7151924 0.6489897 -0.2594457
vn -0.1011641 0.990846 -0.08938703
vn -0.3958983 0.9128984 0.09940321
vn -0.0552174 0.9981884 0.02389056
vn 0.2818683 0.9579256 -0.05411957
vn 0.4133929 0.8898067 -0.1932622
vn -0.06662967 0.9916148 -0.1107276
vn -0.6545268 0.7156066 -0.2439298
vn -0.8789042 0.2601312 -0.3998239
vn -0.712496 0.6602433 -0.2375461
vn -0.6545268 0.7156066 -0.2439298
vn -0.7191221 -0.2029625 -0.6645824
vn -0.8789042 0.2601312 -0.3998239
vn -0.630971 -0.3151889 -0.7088947
vn -0.212291 0.4684832 -0.8575873
vn -0.5039775 0.1513062 -0.8503606
vn -0.04447866 0.1218945 -0.9915459
vn -0.01560224 0.6045805 -0.7963912
vn -0.04447866 0.1218945 -0.9915459
vn 0.212039 0.4013368 -0.891049
vn 0.08037159 0.6932378 -0.7162135
vn 0.212039 0.4013368 -0.891049
vn 0.263261 0.6824387 -0.6818878
vn -0.1713159 0.8204283 -0.5454798
vn 0.263261 0.6824387 -0.6818878
vn 0.1943709 0.8239891 -0.5322235
vn 0.1062816 0.894146 -0.4349793
vn -0.225465 0.8521694 -0.4721999
vn 0.1943709 0.8239891 -0.5322235
vn -0.04648786 0.9381862 -0.3429951
vn -0.3119715 0.8468878 -0.4306447
vn -0.3274507 0.9137957 -0.2403197
vn -0.578517 0.801131 -0.1533207
vn -0.368808 0.8491001 -0.3781662
vn -0.5619094 0.8144791 -0.1445048
vn -0.4726019 0.8668093 -0.1590253
vn -0.6440802 0.7080654 -0.2894896
vn -0.4312832 0.7896374 -0.436426
vn -0.6440802 0.7080654 -0.2894896
vn -0.7617509 0.3897214 -0.5175449
vn -0.5045157 0.6953241 -0.511848
vn -0.7617509 0.3897214 -0.5175449
vn -0.5039775 0.1513062 -0.8503606
vn -0.1557717 0.4827708 -0.8617816
vn -0.3255022 0.2897104 -0.9000646
vn 0.04615699 0.1563519 -0.9866224
vn 0.0595518 0.5417792 -0.8384085
vn 0.2861911 0.47137 -0.8342093
vn 0.1380727 0.9164496 -0.3755741
vn 0.2861911 0.47137 -0.8342093
vn 0.3744113 0.8024995 -0.4645543
vn 0.01073962 0.9622664 -0.2718967
vn 0.3744113 0.8024995 -0.4645543
vn 0.3103194 0.9020875 -0.2999002
vn 0.08968359 0.9898608 -0.1101473
vn -0.003011324 0.9843782 -0.1760409
vn 0.009823848 0.999882 0.01181546
vn -0.1881457 0.9821177 0.006794511
vn -0.2565474 0.9650409 0.05366078
vn -0.1145751 0.9746109 -0.1923694
vn 0.1669965 0.9830436 0.07574534
vn 0.00966333 0.9994113 -0.03291777
vn 0.06850582 0.988449 -0.1351869
vn -0.4706682 0.8218842 -0.3209015
vn -0.06283709 0.9691048 -0.2385105
vn 0.00966333 0.9994113 -0.03291777
vn -0.1645812 0.9287161 -0.3322639
vn -0.4706682 0.8218842 -0.3209015
vn -0.5947055 0.5458282 -0.5902516
vn -0.3835462 0.6485305 -0.6574956
vn -0.5947055 0.5458282 -0.5902516
vn -0.3255022 0.2897104 -0.9000646
vn -0.7436002 -0.1866921 -0.6420317
vn -0.7079873 -0.2427334 -0.6632002
vn -0.5069468 -0.3370029 -0.7933687
vn 0.6531712 0.6815736 -0.329886
vn 0.7754901 0.2328465 -0.5868541
vn 0.7754901 0.2328465 -0.5868541
vn -0.8461747 -0.133898 -0.5158098
vn -0.8952987 -0.03624801 -0.443989
vn -0.7079873 -0.2427334 -0.6632002
vn -0.1392719 -0.5352716 -0.8331193
vn -0.5414592 -0.360648 -0.7594438
vn -0.1392719 -0.5352716 -0.8331193
vn 0.6531712 0.6815736 -0.329886
vn 0.5910736 0.3735248 -0.7149204
vn 0.6018461 0.6107484 -0.5145558
vn 0.5531031 0.7529024 -0.3566717
vn 0.6018461 0.6107484 -0.5145558
vn 0.536254 0.8111191 -0.2334897
vn 0.5950368 0.7580643 -0.266964
vn 0.6531712 0.6815736 -0.329886
vn 0.5950368 0.7580643 -0.266964
vn 0.6636792 0.672424 -0.3276829
vn -0.9637579 0.05091381 -0.2618746
vn -0.9493036 0.1602966 0.2704213
vn -0.9493036 0.1602966 0.2704213
vn 0.6005977 0.7988731 -0.03292843
vn 0.5531031 0.7529024 -0.3566717
vn 0.4250222 0.9046295 -0.03165029
vn 0.6531712 0.6815736 -0.329886
vn 0.7509404 0.6595537 -0.03282316
vn -0.7282006 0.5432911 -0.4178023
vn -0.1787586 0.8939325 -0.4110111
vn -0.3691006 0.8568233 -0.3600256
vn -0.9186339 0.08242996 -0.3864156
vn -0.8945981 0.1408952 -0.4240787
vn -0.7282006 0.5432911 -0.4178023
vn -0.8952987 -0.03624801 -0.443989
vn -0.07245271 0.584849 -0.8078999
vn -0.4623713 0.5937416 -0.6585467
vn -0.02707 0.4788696 -0.8774686
vn 0.313009 0.4808029 -0.8190567
vn 0.5040552 0.6465252 -0.5726548
vn 0.700899 0.5890484 -0.4021972
vn -0.4216657 0.7153696 -0.5571753
vn -0.6942801 0.7192433 -0.02577276
vn -0.4623713 0.5937416 -0.6585467
vn -0.3767591 0.6662719 0.6435327
vn -0.3803974 0.6635593 0.6441947
vn -0.6942801 0.7192433 -0.02577276
vn 0.7190515 0.667649 0.1928982
vn 0.700899 0.5890484 -0.4021972
vn 0.8101492 0.5800442 0.08489436
vn 0.6889813 0.5930303 0.4166771
vn 0.2807036 0.6385819 0.7165324
vn 0.6889813 0.5930303 0.4166771
vn 0.4577585 0.5629044 0.688183
vn 0.1137549 0.5688433 0.814541
vn -0.2875494 0.5124106 0.8091667
vn -0.05346719 0.6082209 0.7919651
vn -0.1940876 0.5061182 0.8403418
vn -0.0273946 0.5167512 0.8556972
vn -0.3803974 0.6635593 0.6441947
vn -0.142093 0.8787744 -0.4555933
vn -0.5919414 0.6426437 -0.4864302
vn -0.2695412 0.7963209 -0.5414985
vn 0.183358 0.8750626 -0.4479344
vn 0.05603014 0.9513773 -0.3028891
vn -0.5065147 0.7498132 -0.425703
vn -0.7022242 0.6529691 -0.2837474
vn 0.2818638 0.941106 -0.1867417
vn 0.3354662 0.8620177 -0.3799841
vn 0.393087 0.8704547 -0.2962959
vn 0.4142703 0.8544756 -0.3134511
vn 0.418544 0.9073058 0.04021303
vn -0.4814425 0.8448834 -0.2332059
vn -0.4966677 0.8226898 0.2765913
vn -0.7022242 0.6529691 -0.2837474
vn -0.4966677 0.8226898 0.2765913
vn 0.09814022 0.8739267 0.4760469
vn 0.02398979 0.7778799 0.6279549
vn 0.2535215 0.8597663 0.4433158
vn 0.1058381 0.7422267 0.6617386
vn 0.06162051 0.747556 0.6613343
vn 0.259503 0.8350743 0.4850866
vn 0.2826651 0.9466627 0.1546937
vn 0.4404136 0.8696877 0.2228886
vn 0.259503 0.8350743 0.4850866
vn 0.4380181 0.8397347 0.320914
vn 0.4380181 0.8397347 0.320914
vn 0.3025042 0.927607 0.2191722
vn 0.418544 0.9073058 0.04021303
vn 0.3209187 0.9413655 0.1041251
vn 0.393087 0.8704547 -0.2962959
vn 0.4142703 0.8544756 -0.3134511
vn -0.2470912 0.7171436 -0.6516526
vn -0.6526454 0.5164916 -0.5543377
vn -0.5292732 0.4468244 -0.7212613
vn -0.6673349 0.3377494 -0.6637692
vn -0.5199313 0.5438693 -0.658694
vn -0.656473 0.5780282 -0.4846923
vn -0.8929952 0.4455764 0.06341199
vn -0.5219538 0.5883697 0.6175641
vn -0.6842698 0.4369152 0.5838491
vn -0.8929952 0.4455764 0.06341199
vn -0.6842698 0.4369152 0.5838491
vn -0.2681603 0.6096532 0.7459309
vn -0.4143707 0.4835682 0.7710115
vn -0.251218 0.5403646 0.8030539
vn -0.09972948 0.6251729 0.7740885
vn 0.009634896 0.8116425 0.584075
vn 0.3144371 0.8471727 0.4282845
vn 0.3734697 0.9274527 -0.01875558
vn 0.5431848 0.8353474 0.08452782
vn 0.4130415 0.9056825 0.09558149
vn 0.4638944 0.8015262 0.3773032
vn 0.2913382 0.8868814 -0.3585573
vn 0.3719468 0.8017713 -0.46778
vn 0.1812072 0.7702193 -0.6114952
vn 0.1342447 0.795225 -0.5912662
vn 0.3746985 0.9001162 -0.2222424
vn -0.03986244 0.8516269 -0.5226306
vn 0.1812072 0.7702193 -0.6114952
vn 0.1342447 0.795225 -0.5912662
vn 0.3734697 0.9274527 -0.01875558
vn 0.3746985 0.9001162 -0.2222424
vn 0.434235 0.846159 0.3089577
vn 0.4638944 0.8015262 0.3773032
vn 0.131809 0.812745 0.5675138
vn 0.434235 0.846159 0.3089577
vn -0.1420901 0.8787785 -0.455586
vn -0.5919164 0.6426887 -0.4864013
vn -0.269511 0.7963265 -0.5415053
vn -0.5065121 0.7498233 -0.4256883
vn -0.7022439 0.6529675 -0.2837021
vn -0.4814349 0.8448911 -0.2331939
vn -0.496656 0.8226977 0.2765889
vn 0.1833413 0.8750664 -0.4479339
vn 0.05602943 0.9513753 -0.3028954
vn -0.269511 0.7963265 -0.5415053
vn -0.496656 0.8226977 0.2765889
vn 0.09813041 0.8739244 0.4760532
vn 0.02399313 0.7778797 0.627955
vn 0.25351 0.8597679 0.4433192
vn 0.1058317 0.7422302 0.6617357
vn 0.06159504 0.7475504 0.6613429
vn 0.2594811 0.835081 0.4850869
vn 0.2826534 0.9466663 0.154693
vn 0.4404176 0.8696938 0.2228569
vn 0.4380054 0.8397278 0.3209494
vn 0.4380054 0.8397278 0.3209494
vn 0.3024986 0.9276085 0.2191733
vn 0.4185219 0.907315 0.04023681
vn 0.2818641 0.9411041 -0.1867501
vn 0.4142439 0.8544706 -0.3134996
vn 0.4185219 0.907315 0.04023681
vn 0.3354941 0.8620162 -0.3799631
vn 0.3930822 0.8704513 -0.2963119
vn 0.1833413 0.8750664 -0.4479339
vn 0.3209046 0.9413705 0.1041237
vn 0.3930822 0.8704513 -0.2963119
vn 0.4142439 0.8544706 -0.3134996
vn 0.1982519 0.4259543 -0.8827565
vn -0.08884881 0.2863322 -0.954002
vn -0.03151402 0.2960674 -0.9546469
vn 0.3450696 0.4827174 -0.8049291
vn -0.773506 0.6243936 0.1087254
vn -0.8568338 0.4855761 -0.173354
vn -0.8572775 0.4768754 -0.1940756
vn -0.6927599 0.7138199 0.1026889
vn -0.6927599 0.7138199 0.1026889
vn -0.3947645 0.8641437 0.3121165
vn 0.02976389 0.8925663 0.4499328
vn 0.3772213 0.8918065 0.2497704
vn 0.4852441 0.7475686 0.4535188
vn 0.5246702 0.6710282 -0.5238724
vn 0.3450696 0.4827174 -0.8049291
vn 0.6638538 0.6920208 -0.2835582
vn 0.3772213 0.8918065 0.2497704
vn 0.5657517 0.8206989 0.0798648
vn 0.5052627 0.8215556 0.2641138
vn 0.5657517 0.8206989 0.0798648
vn 0.6243634 0.7805281 0.03075982
vn 0.6975598 0.7040126 -0.1333294
vn 0.5383499 0.8362282 0.1044122
vn 0.6638538 0.6920208 -0.2835582
vn 0.5052627 0.8215556 0.2641138
vn 0.3023939 0.894332 0.3297394
vn -0.4605899 0.7493554 0.4757345
vn 0.1449729 0.9152725 0.3758444
vn 0.3023939 0.894332 0.3297394
vn -0.6707684 0.7148932 0.1974779
vn -0.4605899 0.7493554 0.4757345
vn -0.7440026 0.5281634 0.4092722
vn -0.5032232 0.5893556 -0.6320019
vn -0.7374005 0.4956769 -0.4588518
vn -0.1921345 0.5705 -0.7985073
vn -0.8564032 0.5082675 0.09076221
vn -0.9002774 0.4085731 0.1502293
vn 0.2175535 0.7792223 -0.587778
vn -0.1921345 0.5705 -0.7985073
vn 0.286025 0.7109838 -0.6424108
vn 0.5110194 0.8505744 -0.1240253
vn 0.286025 0.7109838 -0.6424108
vn 0.5704669 0.7889702 -0.2282401
vn -0.5976817 0.4613059 0.6557235
vn -0.6172059 0.4575291 0.640097
vn -0.9002774 0.4085731 0.1502293
vn -0.6172059 0.4575291 0.640097
vn -0.2736079 0.568356 0.7759576
vn -0.28082 0.4603597 0.8421455
vn -0.4135067 0.4038945 0.8160156
vn -0.4630481 0.3937022 0.7940938
vn -0.1061245 0.585636 0.803597
vn 0.47721 0.8779767 0.03778315
vn 0.5704669 0.7889702 -0.2282401
vn 0.5990396 0.7925052 0.114399
vn 0.5318644 0.7704625 0.3514369
vn 0.515059 0.8293594 0.2165117
vn 0.5990396 0.7925052 0.114399
vn 0.2212306 0.8062602 0.5486362
vn 0.3220587 0.7263828 0.6071624
vn 0.05100333 0.7077846 0.7045847
vn -0.1061245 0.585636 0.803597
vn -0.5011676 0.5154957 0.6950505
vn -0.4630481 0.3937022 0.7940938
vn -0.4135067 0.4038945 0.8160156
vn -0.2728476 0.6713611 -0.689078
vn -0.09524908 0.5759754 -0.811899
vn -0.2895988 0.4557509 -0.8416791
vn -0.3980063 0.4054304 -0.8229321
vn -0.2956895 0.5644514 -0.7706895
vn -0.2895988 0.4557509 -0.8416791
vn -0.2345947 0.840266 -0.4887925
vn -0.2799558 0.7015433 -0.6553334
vn -0.1195612 0.9635206 -0.2394436
vn -0.1847333 0.8930821 -0.4102169
vn -0.1195612 0.9635206 -0.2394436
vn -0.07299902 0.9879605 0.1364007
vn -0.03415181 0.9647607 0.260903
vn -0.2106865 0.8754465 0.4349765
vn -0.07299902 0.9879605 0.1364007
vn -0.1842151 0.8093366 0.5577087
vn -0.8226998 -0.1383648 0.5513802
vn -0.6945 0.146894 0.704338
vn -0.6806983 0.004366702 0.7325508
vn -0.5060948 0.2451194 0.8269126
vn -0.8775221 -0.1229213 0.4635143
vn -0.8226998 -0.1383648 0.5513802
vn -0.9633262 -0.2376742 0.1245538
vn -0.9689782 -0.2159699 -0.1201586
vn -0.3916034 0.5395106 0.7453691
vn -0.1842151 0.8093366 0.5577087
vn -0.3099135 0.4470852 0.8390878
vn -0.3122819 0.4454395 0.8390851
vn -0.5060948 0.2451194 0.8269126
vn -0.2728476 0.6713611 -0.689078
vn -0.3463944 0.4385431 -0.8292713
vn -0.2799558 0.7015433 -0.6553334
vn -0.3980063 0.4054304 -0.8229321
vn -0.6792038 -0.09016372 -0.7283904
vn -0.5343401 -0.2061953 -0.8197343
vn -0.5216312 -0.197606 -0.8299716
vn -0.5123951 -0.1897663 -0.8375202
vn -0.8166115 0.03370452 -0.5762028
vn 0.4949252 0.8366975 -0.2344916
vn 0.4239599 0.8002815 -0.4240372
vn 0.4633273 0.8829933 -0.07517008
vn 0.4282516 0.8979658 -0.1012816
vn 0.3056099 0.4950328 -0.8133543
vn 0.550748 0.8150136 -0.1800818
vn 0.3789315 0.900791 -0.2121004
vn 0.4949252 0.8366975 -0.2344916
vn 0.550748 0.8150136 -0.1800818
vn 0.5674366 0.7770505 -0.2724119
vn 0.4210314 0.8918938 -0.1650999
vn -0.8805472 0.3819037 0.2806888
vn -0.8508272 0.5248296 0.0254367
vn -0.8805472 0.3819037 0.2806888
vn -0.8971058 0.4239747 -0.1242851
vn -0.7264116 0.6869591 0.02032888
vn -0.8681372 0.2521297 -0.4275142
vn -0.8971058 0.4239747 -0.1242851
vn -0.8166115 0.03370452 -0.5762028
vn -0.7264116 0.6869591 0.02032888
vn -0.7007475 0.7128116 0.02919822
vn -0.608831 0.7909794 0.06063343
vn 0.4949252 0.8366975 -0.2344916
vn 0.5652003 0.8216838 -0.07337859
vn 0.5652003 0.8216838 -0.07337859
vn 0.488661 0.399048 -0.7758679
vn 0.03570967 0.2169014 -0.9755401
vn 0.2529048 0.2560543 -0.9329927
vn -0.9496078 0.3133168 0.008817441
vn -0.9203854 0.1953127 -0.3387384
vn -0.87715 0.1981699 -0.4374203
vn -0.8690747 0.4596013 0.182964
vn -0.9114993 0.3941582 0.1175093
vn -0.6627671 0.5662412 0.4900109
vn -0.6627671 0.5662412 0.4900109
vn -0.8165172 0.4892746 0.3064474
vn -0.8051783 0.4314406 0.4068744
vn -0.7911814 0.4970723 0.3563021
vn -0.5611089 0.7126 0.4211391
vn -0.8690747 0.4596013 0.182964
vn -0.7911814 0.4970723 0.3563021
vn -0.8051783 0.4314406 0.4068744
vn 0.5873594 0.5858316 -0.5583999
vn 0.5364189 0.328565 -0.7773672
vn 0.6749372 0.5017169 -0.5410544
vn 0.6113616 0.7902031 -0.04261478
vn 0.4913329 0.8574945 0.152628
vn 0.4182721 0.8843236 0.2074128
vn 0.6437567 0.7418138 -0.1878553
vn 0.620634 0.7840545 -0.008483198
vn 0.6431756 0.6951868 -0.3209992
vn 0.6968414 0.6771551 -0.2363745
vn 0.5888215 0.666777 -0.4568343
vn 0.6749372 0.5017169 -0.5410544
vn 0.555272 0.4946795 -0.6685545
vn 0.2529048 0.2560543 -0.9329927
vn 0.5364189 0.328565 -0.7773672
vn -0.460178 0.2104733 -0.862518
vn -0.4575108 0.01181123 -0.8891256
vn 0.06371036 0.03618804 -0.9973121
vn 0.598217 0.55213 -0.5807658
vn 0.06371036 0.03618804 -0.9973121
vn 0.6027179 0.3265598 -0.7280728
vn 0.5502872 0.7732375 -0.3150997
vn 0.7017037 0.5946491 -0.3924338
vn 0.6771033 0.6929393 -0.2477218
vn 0.6027179 0.3265598 -0.7280728
vn 0.4809505 0.8291618 -0.2849164
vn 0.7202398 0.629813 -0.2908441
vn 0.6928641 0.6493893 -0.3134212
vn 0.5502872 0.7732375 -0.3150997
vn 0.7202398 0.629813 -0.2908441
vn 0.4809505 0.8291618 -0.2849164
vn 0.6928641 0.6493893 -0.3134212
vn 0.1911234 0.9771996 -0.0924813
vn 0.1391562 0.9812665 -0.1332351
vn 0.1911234 0.9771996 -0.0924813
vn -0.06108155 0.9976921 0.02965482
vn 0.2047482 0.978773 -0.009033094
vn 0.4565485 0.8687127 -0.1920982
vn -0.06108155 0.9976921 0.02965482
vn 0.2171326 0.9759088 -0.02134134
vn 0.1645096 0.9858409 -0.03246929
vn -0.7568017 0.4023784 -0.5151144
vn -0.6336315 0.42507 -0.646395
vn -0.7211641 0.559478 -0.4085423
vn -0.6378829 0.2170725 -0.738908
vn -0.6855965 0.1358268 -0.7151982
vn -0.4575108 0.01181123 -0.8891256
vn -0.5032157 0.5893627 -0.6320012
vn -0.7374051 0.4956756 -0.4588456
vn -0.1921199 0.5705046 -0.7985076
vn -0.8564069 0.5082626 0.09075419
vn -0.9002769 0.4085756 0.1502244
vn 0.2175608 0.7792143 -0.587786
vn -0.1921199 0.5705046 -0.7985076
vn 0.2860407 0.710973 -0.6424158
vn 0.5110298 0.8505673 -0.1240315
vn 0.2860407 0.710973 -0.6424158
vn 0.5704665 0.7889634 -0.2282646
vn -0.5976791 0.4613146 0.6557198
vn -0.6171998 0.4575374 0.6400968
vn -0.9002769 0.4085756 0.1502244
vn -0.6171998 0.4575374 0.6400968
vn -0.2736035 0.5683656 0.7759521
vn -0.2808185 0.460359 0.8421463
vn -0.4135306 0.4038908 0.8160053
vn -0.4630401 0.3937229 0.7940883
vn -0.1061019 0.5856525 0.803588
vn 0.4772191 0.877972 0.03777705
vn 0.5704665 0.7889634 -0.2282646
vn 0.5990409 0.7925032 0.1144064
vn 0.53187 0.7704565 0.3514413
vn 0.5150631 0.8293586 0.2165045
vn 0.5990409 0.7925032 0.1144064
vn 0.2212393 0.8062621 0.5486296
vn 0.3220677 0.7263867 0.607153
vn 0.05100897 0.7077885 0.7045802
vn -0.1061019 0.5856525 0.803588
vn -0.5011653 0.5155032 0.6950465
vn -0.4630401 0.3937229 0.7940883
vn -0.4135306 0.4038908 0.8160053
vn 0.1982443 0.4259491 -0.8827608
vn -0.08886796 0.2863275 -0.9540015
vn -0.03152238 0.2960652 -0.9546474
vn 0.3450675 0.4827108 -0.804934
vn -0.773494 0.6244093 0.1087204
vn -0.8568366 0.4855631 -0.1733773
vn -0.8572794 0.4768638 -0.1940948
vn -0.6927775 0.7138063 0.1026639
vn -0.6927775 0.7138063 0.1026639
vn -0.3947507 0.8641505 0.312115
vn 0.02978862 0.8925686 0.4499266
vn 0.3772208 0.8918054 0.249775
vn 0.4853177 0.7475314 0.4535013
vn 0.5246653 0.6710314 -0.5238732
vn 0.3450675 0.4827108 -0.804934
vn 0.6638557 0.6920246 -0.2835446
vn 0.3772208 0.8918054 0.249775
vn 0.5657548 0.8206983 0.07984918
vn 0.5052312 0.8215683 0.2641343
vn 0.5657548 0.8206983 0.07984918
vn 0.6243693 0.7805234 0.03076219
vn 0.6975684 0.7040042 -0.1333289
vn 0.538354 0.836225 0.1044162
vn 0.6638557 0.6920246 -0.2835446
vn 0.5052312 0.8215683 0.2641343
vn 0.302365 0.8943349 0.3297581
vn -0.4605369 0.749378 0.4757502
vn 0.1449796 0.915267 0.3758552
vn 0.302365 0.8943349 0.3297581
vn -0.670759 0.7149028 0.1974752
vn -0.4605369 0.749378 0.4757502
vn -0.7439148 0.5282516 0.4093176
vn -0.6840165 0.6159796 -0.3907565
vn -0.7908278 0.489082 -0.3679539
vn -0.594661 0.540273 -0.5953851
vn -0.0614326 0.7592777 -0.6478606
vn -0.2678474 0.752966 -0.6010824
vn -0.8180401 0.5731831 -0.04766266
vn -0.8876351 0.4420496 0.1292129
vn -0.5782382 0.6355464 0.5115871
vn -0.677363 0.4378794 0.5911354
vn -0.8876351 0.4420496 0.1292129
vn -0.677363 0.4378794 0.5911354
vn -0.3620793 0.6285962 0.6883062
vn -0.3516504 0.4932584 0.7956369
vn 0.3255694 0.8727096 -0.363844
vn -0.0614326 0.7592777 -0.6478606
vn 0.2072054 0.7484 -0.6300503
vn 0.151524 0.7797201 -0.6075172
vn 0.4293039 0.8678806 -0.2499631
vn 0.1198627 0.858619 -0.4984038
vn 0.2072054 0.7484 -0.6300503
vn 0.151524 0.7797201 -0.6075172
vn 0.4433908 0.8958715 -0.0286176
vn 0.4293039 0.8678806 -0.2499631
vn 0.5067589 0.8008671 0.3190727
vn 0.539802 0.7427918 0.3960735
vn 0.2045596 0.7846523 0.5852146
vn 0.5067589 0.8008671 0.3190727
vn 0.4889373 0.8680087 0.08661013
vn 0.539802 0.7427918 0.3960735
vn 0.627524 0.7750229 0.07451993
vn 0.4433908 0.8958715 -0.0286176
vn 0.3939788 0.8141326 0.4265779
vn -0.0763521 0.6021561 0.7947191
vn 0.07627045 0.7920192 0.6057131
vn -0.2269422 0.5951201 0.7709277
vn -0.1962411 0.5251748 0.8280584
vn -0.3516504 0.4932584 0.7956369
vn -0.2728537 0.6713657 -0.6890709
vn -0.09523071 0.5759825 -0.811896
vn -0.2896094 0.455745 -0.8416786
vn -0.3980243 0.4054278 -0.8229246
vn -0.2956958 0.5644539 -0.7706852
vn -0.2896094 0.455745 -0.8416786
vn -0.2346027 0.84027 -0.4887821
vn -0.2799616 0.7015457 -0.6553284
vn -0.1195642 0.963524 -0.2394283
vn -0.1847354 0.8930873 -0.4102048
vn -0.1195642 0.963524 -0.2394283
vn -0.07300147 0.9879602 0.1364018
vn -0.03416304 0.9647576 0.2609134
vn -0.2106878 0.8754434 0.4349822
vn -0.07300147 0.9879602 0.1364018
vn -0.1842368 0.8093033 0.55775
vn -0.8226957 -0.1383596 0.5513877
vn -0.6944952 0.1469015 0.7043412
vn -0.6807004 0.004378648 0.7325488
vn -0.5060919 0.2451328 0.8269104
vn -0.8775191 -0.1229114 0.4635224
vn -0.8226957 -0.1383596 0.5513877
vn -0.9633249 -0.2376689 0.1245736
vn -0.9689793 -0.2159679 -0.1201542
vn -0.3916033 0.5395135 0.7453671
vn -0.1842368 0.8093033 0.55775
vn -0.3099037 0.4470898 0.839089
vn -0.3122661 0.4454751 0.8390719
vn -0.5060919 0.2451328 0.8269104
vn -0.2728537 0.6713657 -0.6890709
vn -0.3463964 0.4385534 -0.8292651
vn -0.2799616 0.7015457 -0.6553284
vn -0.3980243 0.4054278 -0.8229246
vn -0.6274999 -0.04092117 -0.7775405
vn -0.5343249 -0.2061129 -0.8197649
vn -0.4098856 -0.1057131 -0.9059904
vn -0.8158048 0.03280095 -0.5773964
vn -0.2927109 0.009602334 -0.9561527
vn 0.007455465 0.2401706 -0.9707021
vn 0.5268354 0.8261372 -0.1998541
vn 0.4515765 0.7312534 -0.5112212
vn 0.5189603 0.8498163 -0.09215409
vn 0.4873185 0.8727905 -0.02752433
vn 0.5423124 0.8378339 -0.06270405
vn 0.5355698 0.8407068 -0.07985748
vn 0.487137 0.873322 -0.002486935
vn 0.487137 0.873322 -0.002486935
vn 0.5268354 0.8261372 -0.1998541
vn 0.5423124 0.8378339 -0.06270405
vn 0.6098 0.7727826 -0.1759292
vn 0.5971277 0.784895 -0.1654637
vn -0.5486026 0.7940794 0.2616736
vn -0.7688255 0.6379383 0.04406741
vn -0.5486026 0.7940794 0.2616736
vn -0.7235863 0.687007 0.06666547
vn -0.7688255 0.6379383 0.04406741
vn -0.6506829 0.7536892 0.09254412
vn -0.8868997 0.4519044 -0.09587068
vn -0.84808 0.4278702 -0.3125499
vn -0.8868997 0.4519044 -0.09587068
vn -0.8158048 0.03280095 -0.5773964
vn 0.4515765 0.7312534 -0.5112212
vn 0.4734205 0.783525 -0.4024445
vn 0.007455465 0.2401706 -0.9707021
vn 0.4886604 0.3990324 -0.7758763
vn 0.03575854 0.216903 -0.975538
vn 0.2529117 0.2560503 -0.9329919
vn 0.5552694 0.4946681 -0.6685653
vn 0.2529117 0.2560503 -0.9329919
vn 0.5364164 0.3285775 -0.7773637
vn 0.5873555 0.5858258 -0.55841
vn 0.5364164 0.3285775 -0.7773637
vn 0.6749326 0.5016946 -0.541081
vn -0.7911732 0.4970829 0.3563055
vn -0.8165147 0.4892784 0.3064483
vn -0.5610969 0.7126082 0.421141
vn -0.6627849 0.5662374 0.4899913
vn -0.8051875 0.4314377 0.4068594
vn -0.8690708 0.4596182 0.1829399
vn -0.7911732 0.4970829 0.3563055
vn -0.8051875 0.4314377 0.4068594
vn -0.9114916 0.3941701 0.1175291
vn -0.8690708 0.4596182 0.1829399
vn -0.6627849 0.5662374 0.4899913
vn -0.9203578 0.1953445 -0.3387949
vn -0.9495998 0.3133415 0.008787435
vn -0.877066 0.1982005 -0.437575
vn 0.6113576 0.790205 -0.04263756
vn 0.4913184 0.857501 0.1526378
vn 0.4182657 0.884326 0.207416
vn 0.6437526 0.7418142 -0.1878672
vn 0.6206194 0.7840662 -0.008476162
vn 0.6431676 0.6951876 -0.3210137
vn 0.696839 0.6771384 -0.2364299
vn 0.5888182 0.6667731 -0.4568442
vn 0.6749326 0.5016946 -0.541081
vn 0.7123998 0.4882759 -0.5040567
vn 0.664219 0.2168376 -0.7153983
vn 0.6111622 0.1568547 -0.7758075
vn 0.7096066 0.4066309 -0.5754215
vn 0.6111622 0.1568547 -0.7758075
vn 0.566136 0.1162599 -0.816072
vn 0.6837597 0.4218783 -0.5953918
vn 0.6464229 0.6365792 -0.4206001
vn 0.6837597 0.4218783 -0.5953918
vn 0.6390557 0.7548397 -0.1477319
vn 0.4218741 0.8765832 -0.2315687
vn 0.6390557 0.7548397 -0.1477319
vn 0.6909691 0.705874 -0.1558967
vn 0.7498754 0.5944902 -0.2902899
vn 0.6464229 0.6365792 -0.4206001
vn 0.6909691 0.705874 -0.1558967
vn 0.715184 0.6489896 -0.2594696
vn 0.2818838 0.9579204 -0.05412878
vn 0.3623368 0.9201502 -0.1484446
vn -0.05528249 0.9981844 0.02390911
vn -0.06663884 0.9916127 -0.1107413
vn -0.1011951 0.9908432 -0.08938369
vn -0.3960091 0.9128458 0.09944507
vn -0.05528249 0.9981844 0.02390911
vn -0.6545515 0.7155864 -0.2439227
vn -0.1011951 0.9908432 -0.08938369
vn -0.06663884 0.9916127 -0.1107413
vn -0.8792838 0.2562132 -0.4015154
vn -0.7790593 0.5111012 -0.3631008
vn -0.8546088 0.1054476 -0.5084531
vn -0.8792838 0.2562132 -0.4015154
vn -0.8106474 -0.07453661 -0.580771
vn -0.8546088 0.1054476 -0.5084531
vn -0.8106474 -0.07453661 -0.580771
vn -0.7192506 -0.1997293 -0.6654223
vn -0.2123015 0.468492 -0.8575799
vn -0.5039784 0.1513225 -0.8503571
vn -0.04447984 0.1218946 -0.9915459
vn -0.01560628 0.6045877 -0.7963856
vn -0.04447984 0.1218946 -0.9915459
vn 0.2120194 0.4013532 -0.8910463
vn 0.0803582 0.6932422 -0.7162107
vn 0.2120194 0.4013532 -0.8910463
vn 0.2632489 0.6824589 -0.6818723
vn -0.1713138 0.820429 -0.5454793
vn 0.2632489 0.6824589 -0.6818723
vn 0.1943678 0.8239903 -0.5322227
vn 0.1062902 0.8941389 -0.4349921
vn -0.2254665 0.8521683 -0.4722013
vn 0.1943678 0.8239903 -0.5322227
vn -0.04651901 0.9381853 -0.3429931
vn -0.3119711 0.846889 -0.4306427
vn -0.3274432 0.913799 -0.2403174
vn -0.5784712 0.80116 -0.1533413
vn -0.3688067 0.8491001 -0.3781675
vn -0.5619038 0.8144812 -0.1445154
vn -0.4726048 0.8668062 -0.1590341
vn -0.644087 0.7080554 -0.2894986
vn -0.4312781 0.7896382 -0.4364293
vn -0.7617607 0.3897193 -0.5175321
vn -0.5045145 0.6953253 -0.5118476
vn -0.5039784 0.1513225 -0.8503571
vn -0.153294 0.4926399 -0.8566253
vn -0.3255119 0.2897025 -0.9000636
vn 0.04616852 0.1563491 -0.9866223
vn -0.01710192 0.4132953 -0.9104364
vn 0.2975242 0.4919611 -0.8182015
vn 0.1679051 0.9262174 -0.3375342
vn 0.2975242 0.4919611 -0.8182015
vn 0.4081124 0.8104678 -0.4202218
vn 0.09657171 0.9910356 -0.09231597
vn 0.4081124 0.8104678 -0.4202218
vn 0.3243812 0.9240753 -0.2021428
vn 0.04249876 0.9977975 0.05093091
vn 0.02244717 0.9902762 -0.1372917
vn 0.1094332 0.9912071 0.07438453
vn -0.2565719 0.9650341 0.05366502
vn 0.1669646 0.9830495 0.07574011
vn -0.09202137 0.9829445 -0.1592233
vn -0.05918594 0.9981827 -0.01132957
vn 0.09657171 0.9910356 -0.09231597
vn 0.1094332 0.9912071 0.07438453
vn -0.05918594 0.9981827 -0.01132957
vn 0.00965248 0.9994119 -0.03290074
vn 0.1669646 0.9830495 0.07574011
vn -0.4706826 0.8218833 -0.3208826
vn -0.03966931 0.9782686 -0.2035113
vn 0.00965248 0.9994119 -0.03290074
vn -0.2945637 0.9001068 -0.3209984
vn -0.4706826 0.8218833 -0.3208826
vn -0.5947403 0.5458035 -0.5902393
vn -0.3835617 0.6485277 -0.6574893
vn -0.5947403 0.5458035 -0.5902393
vn -0.3255119 0.2897025 -0.9000636
vn -0.6971068 -0.131844 -0.7047406
vn -0.6123001 -0.2082308 -0.7627113
vn -0.3851337 -0.2984997 -0.8732526
vn 0.6609784 0.6909224 -0.2928034
vn 0.7754998 0.2328501 -0.5868398
vn 0.7754998 0.2328501 -0.5868398
vn 0.6609784 0.6909224 -0.2928034
vn 0.58936 0.3700629 -0.7181283
vn 0.6323116 0.5907302 -0.5012183
vn 0.5204986 0.8394834 -0.1560414
vn 0.5632929 0.7621369 -0.3191372
vn 0.6161945 0.7498574 -0.2408697
vn 0.408368 0.9107362 -0.06160512
vn 0.6323116 0.5907302 -0.5012183
vn 0.6581367 0.7521719 -0.03306956
vn 0.6609784 0.6909224 -0.2928034
vn 0.6449132 0.7635405 -0.0330567
vn 0.67116 0.7405744 -0.03307236
vn -0.8739614 0.3288369 -0.3578517
vn -0.9255236 0.3197692 0.2028637
vn -0.9255236 0.3197692 0.2028637
vn -0.6936212 0.5716025 -0.4383607
vn -0.3139867 0.8864884 -0.3399273
vn -0.3345275 0.8771588 -0.3445053
vn -0.8920254 0.1751963 -0.4166498
vn -0.8425367 0.2285463 -0.4877484
vn -0.8588252 0.057658 -0.5090136
vn -0.8071922 -0.05349845 -0.5878594
vn -0.8588252 0.057658 -0.5090136
vn -0.6123001 -0.2082308 -0.7627113
vn -0.1392819 -0.535297 -0.8331012
vn -0.468793 -0.332738 -0.8182411
vn -0.1392819 -0.535297 -0.8331012
vn -0.4399167 0.6143188 -0.6550465
vn -0.6893833 0.6489597 -0.3218728
vn -0.4472613 0.5073794 -0.736562
vn -0.1290144 0.4807781 -0.8672991
vn 0.176511 0.6230245 -0.7620265
vn 0.4281776 0.5448845 -0.7209471
vn -0.5911999 0.7637183 -0.2592623
vn -0.5398242 0.7719235 0.3357439
vn 0.07803845 0.6728153 0.735683
vn 0.07508787 0.6703743 0.738214
vn -0.5398242 0.7719235 0.3357439
vn 0.07508787 0.6703743 0.738214
vn 0.4247236 0.5848752 0.6910362
vn 0.4728364 0.4896628 0.7325681
vn 0.3230119 0.492613 0.8080814
vn 0.2281604 0.5072128 0.8310704
vn 0.5746449 0.5317991 0.6220715
vn 0.6695018 0.5913484 0.4495269
vn 0.7976831 0.5029613 0.3327637
vn 0.8517419 0.5235609 -0.02048797
vn 0.8517419 0.5235609 -0.02048797
vn 0.7649423 0.6027029 -0.2271839
vn 0.7773921 0.5117219 -0.3657898
vn 0.4281776 0.5448845 -0.7209471
vn -0.6791956 -0.0901292 -0.7284025
vn -0.5343494 -0.2061587 -0.8197374
vn -0.5215955 -0.1975514 -0.830007
vn -0.5123463 -0.1897008 -0.8375648
vn -0.816625 0.03371405 -0.5761831
vn 0.4949262 0.8366933 -0.2345044
vn 0.4239711 0.8002447 -0.4240956
vn 0.4633313 0.8829857 -0.07523488
vn 0.428255 0.8979645 -0.1012796
vn 0.3056379 0.4950545 -0.8133304
vn 0.5507385 0.8150189 -0.1800867
vn 0.3789347 0.9007868 -0.2121128
vn 0.4949262 0.8366933 -0.2345044
vn 0.5507385 0.8150189 -0.1800867
vn 0.5674175 0.77707 -0.2723959
vn 0.4210262 0.8918976 -0.1650928
vn -0.8805388 0.3819267 0.2806838
vn -0.8508284 0.5248277 0.02543479
vn -0.8805388 0.3819267 0.2806838
vn -0.8971134 0.4239581 -0.1242863
vn -0.726419 0.6869514 0.02032711
vn 0.4949262 0.8366933 -0.2345044
vn 0.5652164 0.8216731 -0.07337441
vn 0.5652164 0.8216731 -0.07337441
vn -0.726419 0.6869514 0.02032711
vn -0.7007474 0.7128122 0.02918791
vn -0.6088283 0.7909814 0.06063402
vn -0.8681271 0.2521518 -0.4275217
vn -0.8971134 0.4239581 -0.1242863
vn -0.816625 0.03371405 -0.5761831
vn -0.282384 0.7164857 -0.6378929
vn -0.6921462 0.506433 -0.5142561
vn -0.6501663 0.4420475 -0.6179627
vn -0.7973631 0.3233496 -0.5095657
vn -0.7029325 0.5672598 -0.4290712
vn -0.8930007 0.4455664 0.06340647
vn -0.6094044 0.6106808 0.5056632
vn -0.6773857 0.4378896 0.5911019
vn -0.8930007 0.4455664 0.06340647
vn -0.6773857 0.4378896 0.5911019
vn -0.226962 0.5951217 0.7709205
vn -0.3516326 0.4932635 0.7956416
vn -0.1962529 0.5251671 0.8280606
vn -0.07639395 0.602138 0.7947288
vn 0.07625772 0.7920231 0.6057096
vn 0.3939754 0.8141423 0.4265625
vn 0.4433794 0.8958771 -0.02861685
vn 0.6275321 0.7750176 0.0745054
vn 0.4889346 0.8680096 0.08661649
vn 0.5397928 0.7427914 0.3960868
vn 0.333898 0.8653647 -0.3737056
vn 0.4211009 0.756937 -0.4997205
vn 0.2071832 0.7483938 -0.630065
vn 0.1514684 0.7797151 -0.6075373
vn 0.4292908 0.867892 -0.2499458
vn -0.04007918 0.8508798 -0.5238294
vn 0.2071832 0.7483938 -0.630065
vn 0.1514684 0.7797151 -0.6075373
vn 0.4433794 0.8958771 -0.02861685
vn 0.4292908 0.867892 -0.2499458
vn 0.5067501 0.8008689 0.3190819
vn 0.5397928 0.7427914 0.3960868
vn 0.2045529 0.7846503 0.5852196
vn 0.5067501 0.8008689 0.3190819
vn 0.387534 0.7078596 -0.5905524
vn 0.08713289 0.4098183 -0.9079961
vn 0.05247218 0.394195 -0.9175276
vn 0.1294148 0.4519445 -0.8826086
vn 0.1506685 0.4726002 -0.8683019
vn -0.8458451 0.5320039 -0.03896038
vn -0.9236138 0.2122899 -0.3191716
vn -0.8995671 0.1558848 -0.4080183
vn -0.8755261 0.477125 -0.07619595
vn -0.7329541 0.6746265 0.08750705
vn -0.7131817 0.6944673 0.09532657
vn 0.432171 0.7979424 -0.4201383
vn 0.4370874 0.8156711 -0.3789925
vn 0.1506685 0.4726002 -0.8683019
vn 0.5019368 0.8474908 -0.1726814
vn 0.432171 0.7979424 -0.4201383
vn 0.5066411 0.8597811 -0.06396268
vn 0.4987117 0.8667595 -0.003815691
vn 0.4987117 0.8667595 -0.003815691
vn 0.5221325 0.8514985 -0.04824955
vn 0.4574177 0.8890721 -0.01788248
vn 0.4726024 0.8342747 -0.2839589
vn 0.5066411 0.8597811 -0.06396268
vn -0.6451964 0.7116898 0.2778836
vn -0.8458451 0.5320039 -0.03896038
vn -0.6451964 0.7116898 0.2778836
vn 0.4726024 0.8342747 -0.2839589
vn 0.5221325 0.8514985 -0.04824955
vn 0.5817831 0.7932903 -0.1794968
vn 0.5294588 0.8373228 -0.1362495
vn -0.2728454 0.6713864 -0.6890541
vn -0.09524138 0.575983 -0.8118945
vn -0.289604 0.4557518 -0.8416767
vn -0.3980222 0.4054203 -0.8229294
vn -0.2956885 0.5644709 -0.7706756
vn -0.289604 0.4557518 -0.8416767
vn -0.2345917 0.840283 -0.488765
vn -0.2799361 0.7015889 -0.655293
vn -0.1195503 0.963536 -0.2393868
vn -0.1847264 0.8930982 -0.410185
vn -0.1195503 0.963536 -0.2393868
vn -0.07298107 0.9879601 0.1364132
vn -0.03415521 0.9647591 0.2609087
vn -0.2106735 0.8754423 0.4349915
vn -0.07298107 0.9879601 0.1364132
vn -0.1842273 0.8092948 0.5577654
vn -0.8226996 -0.138353 0.5513837
vn -0.6944937 0.1469044 0.704342
vn -0.6807007 0.004374471 0.7325485
vn -0.5060987 0.24512 0.8269101
vn -0.8775201 -0.1229108 0.4635205
vn -0.8226996 -0.138353 0.5513837
vn -0.9633265 -0.237663 0.1245721
vn -0.3915969 0.5395175 0.7453674
vn -0.1842273 0.8092948 0.5577654
vn -0.309889 0.4471021 0.839088
vn -0.3122588 0.4454781 0.8390732
vn -0.5060987 0.24512 0.8269101
vn -0.2728454 0.6713864 -0.6890541
vn -0.3463884 0.4385867 -0.8292508
vn -0.2799361 0.7015889 -0.655293
vn -0.3980222 0.4054203 -0.8229294
vn -0.8775201 -0.1229108 0.4635205
vn -0.9633265 -0.237663 0.1245721
vn -0.9689823 -0.2159647 -0.1201355
vn -0.05633786 0.6890447 -0.7225257
vn -0.3910503 0.5818833 -0.7130859
vn -0.03397565 0.6030258 -0.7969978
vn -0.5961438 0.6412275 -0.4831561
vn -0.7889227 0.4987565 -0.3589471
vn -0.8537024 0.5089499 0.1102825
vn -0.8853069 0.4553966 0.09405121
vn 0.09709283 0.7787401 -0.6197878
vn -0.03397565 0.6030258 -0.7969978
vn 0.2860335 0.7109895 -0.6424007
vn 0.4248604 0.8638888 -0.2705361
vn 0.2860335 0.7109895 -0.6424007
vn 0.5704553 0.7889828 -0.2282255
vn 0.4772128 0.8779744 0.03780011
vn 0.5704553 0.7889828 -0.2282255
vn 0.5990307 0.7925047 0.1144489
vn 0.5318671 0.7704553 0.3514483
vn 0.5150546 0.8293585 0.2165253
vn 0.5990307 0.7925047 0.1144489
vn 0.2378214 0.8021084 0.5477802
vn 0.3220727 0.7263812 0.6071568
vn 0.0684561 0.7065251 0.7043692
vn -0.106098 0.5856404 0.8035973
vn -0.4630189 0.3937173 0.7941034
vn -0.2538882 0.5802866 0.7738271
vn -0.106098 0.5856404 0.8035973
vn -0.4826755 0.5397177 0.6897313
vn -0.4630189 0.3937173 0.7941034
vn -0.4135326 0.4038809 0.8160092
vn -0.2216877 0.4694508 0.8546757
vn -0.2538882 0.5802866 0.7738271
vn -0.4135326 0.4038809 0.8160092
vn -0.5670425 0.5088374 0.6477247
vn -0.6573231 0.5526884 0.5123104
vn -0.5670425 0.5088374 0.6477247
vn -0.8853069 0.4553966 0.09405121
vn -0.2728598 0.6713819 -0.6890529
vn -0.09532331 0.5759508 -0.8119077
vn -0.2896346 0.4557405 -0.8416724
vn -0.3980174 0.4054294 -0.8229272
vn -0.295705 0.5644659 -0.770673
vn -0.2896346 0.4557405 -0.8416724
vn -0.2346032 0.8402777 -0.4887686
vn -0.2799421 0.7015908 -0.6552885
vn -0.1195486 0.9635384 -0.2393782
vn -0.184743 0.8930919 -0.4101913
vn -0.1195486 0.9635384 -0.2393782
vn -0.07298022 0.9879631 0.1363923
vn -0.03415758 0.9647651 0.2608865
vn -0.2106727 0.8754417 0.4349927
vn -0.07298022 0.9879631 0.1363923
vn -0.184242 0.8092792 0.5577831
vn -0.822682 -0.1383426 0.5514125
vn -0.6944889 0.1468967 0.7043484
vn -0.6806823 0.004369648 0.7325656
vn -0.5060999 0.2451061 0.8269135
vn -0.8775187 -0.1229144 0.4635225
vn -0.822682 -0.1383426 0.5514125
vn -0.9633296 -0.2376639 0.1245476
vn -0.9689781 -0.2159549 -0.1201875
vn -0.3915916 0.5395133 0.7453734
vn -0.184242 0.8092792 0.5577831
vn -0.3098916 0.4470759 0.8391008
vn -0.3122459 0.4454834 0.8390751
vn -0.5060999 0.2451061 0.8269135
vn -0.2728598 0.6713819 -0.6890529
vn -0.3463968 0.4385781 -0.8292518
vn -0.2799421 0.7015908 -0.6552885
vn -0.3980174 0.4054294 -0.8229272
vn -0.2919529 0.8071396 -0.5131172
vn -0.5290604 0.3491874 -0.7734101
vn -0.0735935 0.3912693 -0.917329
vn -0.08608104 0.7757191 -0.6251799
vn -0.0735935 0.3912693 -0.917329
vn 0.1841018 0.5766202 -0.7959997
vn -0.05261965 0.8219178 -0.5671704
vn 0.1841018 0.5766202 -0.7959997
vn 0.2496608 0.7260729 -0.6406931
vn 0.1993938 0.8181213 -0.5393696
vn -0.5013628 0.7353149 -0.4560124
vn -0.7627301 0.5103545 -0.3972166
vn -0.5290604 0.3491874 -0.7734101
vn -0.4350642 0.8041911 -0.4049641
vn -0.7090086 0.6737921 -0.2081129
vn -0.6875265 0.7003092 -0.1920271
vn -0.5313981 0.8220482 -0.2045795
vn -0.2919529 0.8071396 -0.5131172
vn -0.4263657 0.8837855 -0.1927058
vn -0.04651117 0.9381866 -0.3429907
vn -0.3274476 0.9137972 -0.240318
vn -0.3232538 0.823173 -0.4667903
vn -0.2412654 0.8327939 -0.4982423
vn 0.106278 0.8941488 -0.4349746
vn 0.1993938 0.8181213 -0.5393696
vn -0.2372314 0.8151507 -0.5284416
vn -0.5223982 0.4855496 -0.7009577
vn -0.1490484 0.5657812 -0.8109723
vn 0.1676329 0.7229396 -0.6702668
vn 0.2239311 0.7795459 -0.5849469
vn -0.6104359 0.6227188 -0.4894788
vn -0.5527869 0.745785 -0.371795
vn -0.5338945 0.7671926 -0.3554886
vn -0.4281998 0.8324978 -0.3515571
vn 0.177067 0.8153937 -0.5511627
vn 0.04638723 0.8865162 -0.4603665
vn -0.08457542 0.9135621 -0.397808
vn -0.2691124 0.8933226 -0.3599352
vn -0.3519109 0.8734994 -0.3363888
vn -0.9262115 0.2526776 -0.279797
vn -0.8743401 0.09189549 -0.4765339
vn -0.718118 0.004945388 -0.6959038
vn -0.9381056 0.3399121 -0.06646507
vn -0.9346762 0.3538277 -0.03444307
vn -0.8743401 0.09189549 -0.4765339
vn -0.8829384 0.4676587 0.04141371
vn -0.6811243 0.6735492 0.287056
vn -0.9346762 0.3538277 -0.03444307
vn -0.6811243 0.6735492 0.287056
vn -0.09577191 0.879133 0.4668543
vn -0.02067557 0.8818577 0.4710621
vn 0.3839556 0.8626974 0.329137
vn 0.3207666 0.8191275 0.4755405
vn 0.2579011 0.8840901 0.3897073
vn -0.28125 0.7535915 0.5941364
vn 0.4102026 0.8472566 0.3374759
vn 0.3571751 0.8573433 0.3706597
vn 0.4589333 0.8583182 0.2294999
vn 0.6482814 0.7539722 0.1060995
vn -0.28125 0.7535915 0.5941364
vn -0.6648304 0.6701138 0.3300729
vn -0.6968749 0.4784754 0.5342534
vn 0.6482814 0.7539722 0.1060995
vn 0.6072298 0.7923188 0.05918561
vn 0.7293005 0.6834729 0.0313957
vn 0.5679942 0.8020612 0.1846087
vn 0.74602 0.6407218 -0.1814657
vn 0.7293005 0.6834729 0.0313957
vn 0.7161349 0.6674068 -0.2042523
vn 0.6508041 0.39759 -0.64682
vn 0.74602 0.6407218 -0.1814657
vn 0.7255383 0.4908668 -0.4823319
vn 0.5461186 0.3230777 -0.7729005
vn 0.6508041 0.39759 -0.64682
vn -0.2436409 0.5275579 -0.8138315
vn -0.660727 0.3533204 -0.6622722
vn -0.6138431 0.2648165 -0.743686
vn -0.7673643 0.1767592 -0.616367
vn -0.675571 0.433842 -0.5961418
vn -0.8920357 0.4408561 -0.0995911
vn -0.7256892 0.6488752 0.2287708
vn -0.7044617 0.5698578 0.4230788
vn -0.8920357 0.4408561 -0.0995911
vn -0.7044617 0.5698578 0.4230788
vn -0.369834 0.72996 0.5747879
vn -0.3895338 0.6779261 0.6234417
vn -0.3895338 0.6779261 0.6234417
vn -0.03191442 0.8738527 0.4851423
vn -0.2274308 0.7214655 0.6540358
vn -0.05669513 0.7939368 0.6053513
vn 0.165461 0.8988759 0.4057645
vn 0.3193946 0.874472 0.3650832
vn 0.3353216 0.9335448 0.1267019
vn 0.5319022 0.8383746 0.1191977
vn 0.5039212 0.8354172 0.2194117
vn 0.268243 0.8948961 0.3566602
vn 0.5030614 0.8607106 0.07814447
vn 0.3381498 0.790601 -0.5104945
vn 0.4518505 0.6068235 -0.6539086
vn 0.2450583 0.5637723 -0.7887377
vn 0.1884654 0.5994187 -0.7779319
vn 0.4477144 0.7780087 -0.4407429
vn -0.1248271 0.6242266 -0.7712063
vn 0.2450583 0.5637723 -0.7887377
vn 0.1884654 0.5994187 -0.7779319
vn 0.4378521 0.8798435 -0.1848267
vn 0.4477144 0.7780087 -0.4407429
vn 0.5030614 0.8607106 0.07814447
vn -0.2460259 0.782696 -0.5717152
vn -0.5584492 0.3329758 -0.7597773
vn -0.177797 0.4839351 -0.8568519
vn -0.3642217 0.7538145 -0.5469061
vn -0.6192388 0.4052484 -0.6725451
vn -0.2460259 0.782696 -0.5717152
vn -0.4695292 0.6844532 -0.5577331
vn -0.2777572 0.85805 -0.4319735
vn -0.1677383 0.78948 -0.590411
vn -0.177797 0.4839351 -0.8568519
vn 0.2385908 0.6977651 -0.6754245
vn -0.0417596 0.8583174 -0.5114171
vn 0.2385908 0.6977651 -0.6754245
vn 0.3153544 0.758545 -0.5702289
vn 0.2652771 0.8040233 -0.5321416
vn 0.05133756 0.9299505 -0.3640832
vn -0.09946462 0.8325819 -0.5448983
vn 0.2652771 0.8040233 -0.5321416
vn -0.1794693 0.8275751 -0.5318931
vn -0.03586793 0.9608952 -0.2745797
vn -0.2705996 0.9241831 -0.2695582
vn -0.7544002 0.6267796 -0.1950066
vn -0.2460259 0.782696 -0.5717152
vn -0.2705996 0.9241831 -0.2695582
vn -0.5619422 0.6537039 -0.5068452
vn -0.7544002 0.6267796 -0.1950066
vn -0.9059355 0.3942692 -0.1543788
vn 0.6247531 0.7467489 0.2281441
vn 0.2480982 0.9053041 -0.3447781
vn 0.6247531 0.7467489 0.2281441
vn -0.5500801 0.05604682 -0.833229
vn -0.7528166 0.07179814 -0.6543027
vn -0.376614 0.007108835 -0.926343
vn -0.6810672 0.2632308 -0.6832694
vn -0.8126005 0.1412542 -0.5654447
vn -0.2543623 0.9204361 0.2968116
vn -0.636804 0.7601309 0.1291576
vn -0.5598167 0.8066489 0.1895336
vn -0.286501 0.8558807 0.4305641
vn -0.1561797 0.8907772 0.4267598
vn -0.1290421 0.9604328 0.246814
vn 0.08857552 0.9537928 0.287113
vn -0.3410821 0.9071213 0.2465645
vn -0.0159637 0.9842073 0.1762988
vn -0.636804 0.7601309 0.1291576
vn -0.5042785 0.844169 0.1818842
vn -0.3410821 0.9071213 0.2465645
vn 0.1967471 0.976586 0.08700782
vn 0.4885023 0.8725319 0.007314254
vn 0.08857552 0.9537928 0.287113
vn 0.4757108 0.8650076 -0.1595654
vn 0.6517378 0.7206331 -0.236486
vn 0.4885023 0.8725319 0.007314254
vn 0.5620282 0.786541 -0.2558862
vn 0.6788159 0.588693 -0.4389187
vn 0.5572399 0.6301607 -0.5407228
vn 0.5954772 0.3923771 -0.7010328
vn 0.6788159 0.588693 -0.4389187
vn -0.09354232 0.2424005 -0.9656562
vn -0.376614 0.007108835 -0.926343
vn 0.2457449 0.1361641 -0.9597234
vn 0.560311 0.5087002 -0.6536632
vn 0.2457449 0.1361641 -0.9597234
vn 0.5954772 0.3923771 -0.7010328
vn -0.7649827 0.5356142 -0.3576577
vn -0.8419711 0.286647 -0.4570756
vn -0.6311566 0.2792132 -0.7236583
vn -0.7948679 0.5876134 -0.1513129
vn -0.7179644 0.293038 -0.631392
vn -0.3690856 0.2645751 -0.890941
vn -0.4806321 0.8701645 0.1086582
vn -0.6469494 0.7529326 0.1206197
vn -0.7948679 0.5876134 -0.1513129
vn -0.5891506 0.8024057 0.09511288
vn -0.3227987 0.9106579 0.2578821
vn -0.3227987 0.9106579 0.2578821
vn 0.0796777 0.9899665 0.1166948
vn -0.1562014 0.8907728 0.4267609
vn -0.2593607 0.9198829 0.2941898
vn -0.2864084 0.8559117 0.4305638
vn -0.1335286 0.960408 0.2445129
vn 0.08853877 0.9537888 0.2871371
vn 0.5635486 0.8156605 -0.1308086
vn 0.7130079 0.6119685 -0.3422198
vn 0.6939117 0.5957675 -0.4044102
vn 0.6274453 0.7444263 -0.2283461
vn 0.6939117 0.5957675 -0.4044102
vn 0.6743221 0.6297055 -0.3856952
vn 0.6458911 0.7315102 -0.2184433
vn 0.5635486 0.8156605 -0.1308086
vn 0.6743221 0.6297055 -0.3856952
vn 0.4771875 0.8772914 -0.051496
vn 0.4884875 0.8725404 0.0073064
vn 0.2659253 0.9632041 0.03900649
vn 0.4884875 0.8725404 0.0073064
vn 0.08853877 0.9537888 0.2871371
vn -0.1593516 0.8733603 -0.4602705
vn -0.6309335 0.6429663 -0.4341859
vn -0.612884 0.5791849 -0.5375109
vn -0.7563813 0.4643996 -0.4606739
vn -0.6311685 0.6914955 -0.3513691
vn -0.6614721 0.7263293 -0.1868167
vn -0.8052661 0.590223 0.05642052
vn -0.5449437 0.7410759 0.3922279
vn -0.6515175 0.5760327 0.4936712
vn -0.8052661 0.590223 0.05642052
vn -0.6515175 0.5760327 0.4936712
vn -0.3441948 0.7649413 0.5444215
vn -0.3809169 0.6366537 0.6705031
vn -0.3809169 0.6366537 0.6705031
vn -0.1352971 0.7951617 0.5911112
vn -0.1805608 0.6891437 0.7017683
vn -0.04829017 0.8437361 0.5345815
vn -0.07106638 0.744977 0.6632938
vn 0.04864461 0.9180998 0.3933528
vn 0.2747049 0.8972695 0.3456075
vn 0.2844239 0.9558715 0.07357178
vn 0.487858 0.8706633 0.06276968
vn 0.2354766 0.9600017 0.1514844
vn 0.4159186 0.8429606 0.3412172
vn 0.4159186 0.8429606 0.3412172
vn 0.1796819 0.9378661 0.2968529
vn 0.3876422 0.9016975 0.1915078
vn 0.2480743 0.964256 -0.09310941
vn 0.3673852 0.9070253 -0.2057501
vn 0.3876422 0.9016975 0.1915078
vn 0.1605243 0.8872294 -0.4324995
vn 0.004299822 0.9359688 -0.3520568
vn 0.1557792 0.8415343 -0.5172552
vn 0.1605243 0.8872294 -0.4324995
vn 0.2719266 0.9431584 -0.1910705
vn 0.3549224 0.844395 -0.401282
vn 0.1557792 0.8415343 -0.5172552
vn -0.3110604 0.7642181 -0.5649886
vn -0.1268486 0.6439491 -0.7544792
vn -0.346162 0.5104587 -0.7871491
vn -0.4651711 0.4488827 -0.762968
vn -0.4524939 0.6135014 -0.647198
vn -0.346162 0.5104587 -0.7871491
vn -0.4094976 0.4871676 -0.7713491
vn -0.3662661 0.6551118 -0.660816
vn -0.2998825 0.8377287 -0.4563783
vn -0.3662661 0.6551118 -0.660816
vn -0.2186125 0.9268807 -0.3051243
vn -0.3035927 0.8893815 -0.3418068
vn -0.2186125 0.9268807 -0.3051243
vn -0.1286106 0.9774763 0.1673305
vn -0.05644098 0.9549001 0.2915134
vn -0.3955343 0.768768 0.502542
vn -0.1286106 0.9774763 0.1673305
vn -0.2478099 0.9462126 0.2080194
vn -0.2069112 0.835463 0.5091066
vn -0.3970369 0.6374803 0.6602883
vn -0.2069112 0.835463 0.5091066
vn -0.263163 0.6552019 0.7081354
vn -0.3045487 0.6602888 0.6864902
vn -0.3848284 0.7084412 0.5916234
vn -0.3970369 0.6374803 0.6602883
vn -0.5016152 0.4581936 0.7337853
vn -0.6402071 0.332169 0.6926751
vn -0.4348792 0.5549951 0.7091267
vn -0.5016152 0.4581936 0.7337853
vn -0.6431375 0.293911 0.7071
vn -0.5776278 0.3133596 0.7537584
vn -0.6006639 0.3639815 -0.711843
vn -0.9175391 0.06500421 -0.3922966
vn -0.9175391 0.06500421 -0.3922966
vn -0.4596366 0.8330589 -0.3078101
vn -0.6722755 0.3997327 -0.6231046
vn -0.2740335 0.5507743 -0.7883866
vn -0.6054318 0.7561059 -0.2485079
vn -0.8585867 0.4597349 -0.2268761
vn -0.2918933 0.8873805 -0.3568671
vn -0.2740335 0.5507743 -0.7883866
vn -0.03364611 0.7524012 -0.6578451
vn -0.210999 0.91801 -0.3357637
vn -0.03364611 0.7524012 -0.6578451
vn 0.03022642 0.8762885 -0.4808376
vn -0.5021174 0.8424594 -0.1952954
vn -0.7979594 0.6024626 -0.01730575
vn -0.8585867 0.4597349 -0.2268761
vn -0.7790266 0.6269886 0.001676282
vn -0.5035776 0.8638852 0.01057631
vn -0.3727804 0.9053061 -0.2036065
vn -0.3258527 0.9442185 0.0476601
vn -0.4371314 0.8541034 -0.2818214
vn -0.4113438 0.9105493 0.041185
vn -0.2821413 0.958815 -0.03271401
vn -0.143026 0.9730659 -0.1807942
vn -0.3872465 0.8835396 -0.2634347
vn -0.01797041 0.9342977 -0.3560404
vn 0.03022642 0.8762885 -0.4808376
vn -0.3486058 0.6271291 -0.6965508
vn -0.5542164 0.607344 -0.56919
vn -0.1401281 0.5732704 -0.807295
vn -0.1041822 0.6871548 -0.7190023
vn 0.3766392 0.6056599 -0.7009414
vn -0.4884482 0.7210457 -0.4914382
vn -0.7217659 0.690694 -0.04467132
vn -0.5542164 0.607344 -0.56919
vn 0.6098742 0.6683125 -0.4259247
vn 0.3766392 0.6056599 -0.7009414
vn 0.7781243 0.6135112 -0.134635
vn -0.6851546 0.633206 0.3600185
vn -0.5700551 0.6726113 0.4718381
vn -0.7217659 0.690694 -0.04467132
vn -0.5700551 0.6726113 0.4718381
vn -0.2289152 0.5826353 0.7798294
vn -0.01721427 0.5499475 0.8350218
vn -0.01721427 0.5499475 0.8350218
vn 0.5314589 0.5189526 0.669507
vn 0.4074716 0.3505199 0.8432691
vn 0.3661168 0.4789382 0.7978575
vn 0.561617 0.4699008 0.6810138
vn 0.6495566 0.4516281 0.611644
vn 0.7477327 0.4355953 0.5011513
vn 0.7248672 0.4147749 0.5500267
vn 0.7589349 0.4648766 0.4559689
vn 0.7036483 0.5176897 0.4866996
vn 0.7781243 0.6135112 -0.134635
vn -0.6016895 0.5617135 0.5678449
vn -0.6239812 0.3084936 0.7179687
vn -0.6239812 0.3084936 0.7179687
vn -0.6341 0.7518274 -0.1807565
vn -0.6921406 0.6715135 0.2645962
vn -0.7279941 0.5499119 -0.4094159
vn -0.292651 0.7670591 -0.5709428
vn -0.5441139 0.5423828 -0.6401258
vn -0.4357545 0.5911719 -0.6787001
vn -0.2019815 0.8017069 -0.5625563
vn -0.1594736 0.7477534 -0.644541
vn -0.1878626 0.8708763 0.454183
vn -0.3735286 0.6709968 0.6404996
vn -0.6921406 0.6715135 0.2645962
vn -0.115822 0.8488265 0.5158282
vn 0.1011556 0.9908834 0.08898076
vn 0.2972587 0.9545176 -0.02309773
vn 0.265959 0.8518885 0.4511669
vn 0.2344844 0.9432541 -0.2351354
vn 0.2972587 0.9545176 -0.02309773
vn 0.1491642 0.9335403 -0.3259641
vn 0.4130531 0.8289654 -0.3770987
vn 0.1543501 0.8809983 -0.4472338
vn -0.0187552 0.9019946 -0.4313396
vn -0.1594736 0.7477534 -0.644541
vn 0.2025943 0.8753465 -0.4390033
vn 0.2344844 0.9432541 -0.2351354
vn -0.02477319 0.8436292 0.5363544
vn 0.265959 0.8518885 0.4511669
vn 0.1947644 0.6474901 0.7367655
vn -0.926208 0.2526835 -0.2798032
vn -0.874346 0.0919563 -0.4765115
vn -0.7181111 0.004996065 -0.6959106
vn -0.9380965 0.3399363 -0.06646962
vn -0.9346827 0.3538091 -0.03445813
vn -0.874346 0.0919563 -0.4765115
vn -0.8829243 0.4676855 0.04141165
vn -0.6811503 0.6735373 0.2870222
vn -0.9346827 0.3538091 -0.03445813
vn -0.6811503 0.6735373 0.2870222
vn -0.0957424 0.8791395 0.4668481
vn -0.02069047 0.8818552 0.4710661
vn 0.3839847 0.8626856 0.3291342
vn 0.3208302 0.8191143 0.4755203
vn 0.2579357 0.8840813 0.3897043
vn -0.2811054 0.7536412 0.5941419
vn 0.4101987 0.8472528 0.3374901
vn 0.3572243 0.8573307 0.3706411
vn 0.4589591 0.8583065 0.2294919
vn 0.6482991 0.7539605 0.1060745
vn -0.2811054 0.7536412 0.5941419
vn -0.6647942 0.6701496 0.3300731
vn -0.696818 0.4785361 0.5342732
vn 0.6482991 0.7539605 0.1060745
vn 0.6072492 0.7923046 0.05917586
vn 0.7293217 0.6834507 0.03138469
vn 0.5680162 0.8020478 0.1845992
vn 0.7460154 0.6407308 -0.181453
vn 0.7293217 0.6834507 0.03138469
vn 0.7161377 0.6674007 -0.2042624
vn 0.6507923 0.3975709 -0.6468437
vn 0.7460154 0.6407308 -0.181453
vn 0.7255384 0.4908197 -0.4823796
vn 0.5461157 0.3230717 -0.7729051
vn 0.6507923 0.3975709 -0.6468437
vn -0.6791131 -0.09016969 -0.7284742
vn -0.5343565 -0.2061473 -0.8197356
vn -0.521582 -0.1975165 -0.8300238
vn -0.5123015 -0.1896398 -0.8376061
vn -0.8164943 0.03357046 -0.5763767
vn 0.2853142 0.9371589 -0.2008209
vn 0.4239642 0.8002617 -0.4240701
vn 0.4633263 0.8829924 -0.07518772
vn 0.3979682 0.8896836 -0.2237953
vn 0.4633263 0.8829924 -0.07518772
vn 0.4282649 0.8979604 -0.1012736
vn 0.5507222 0.8150346 -0.1800657
vn 0.2853142 0.9371589 -0.2008209
vn 0.3979682 0.8896836 -0.2237953
vn 0.5507222 0.8150346 -0.1800657
vn 0.5527502 0.7913194 -0.261306
vn 0.2853142 0.9371589 -0.2008209
vn 0.5527502 0.7913194 -0.261306
vn 0.1437313 0.9873732 -0.06660002
vn -0.3467241 0.937643 0.02465711
vn 0.003357249 0.997142 -0.07547469
vn 0.1437313 0.9873732 -0.06660002
vn -0.3313992 0.9430866 -0.02760878
vn -0.741743 0.6705251 0.01461183
vn -0.8325341 0.5535026 0.0228423
vn -0.7153688 0.6981604 -0.0286258
vn -0.741743 0.6705251 0.01461183
vn -0.8839349 0.4592058 -0.08825676
vn -0.8395898 0.2822393 -0.4641444
vn -0.8839349 0.4592058 -0.08825676
vn -0.8164943 0.03357046 -0.5763767
vn 0.4239642 0.8002617 -0.4240701
vn 0.4751673 0.8410928 -0.2584163
vn 0.3056225 0.4950566 -0.8133351
vn -0.252743 0.70671 -0.6608191
vn -0.7373926 0.4956861 -0.4588544
vn -0.1921083 0.570516 -0.7985023
vn -0.8475775 0.5290191 0.04184532
vn -0.9094772 0.4078079 0.08089516
vn 0.1699156 0.7129301 -0.6803375
vn -0.1921083 0.570516 -0.7985023
vn 0.2860378 0.7109789 -0.6424106
vn 0.461936 0.8613493 -0.2114059
vn 0.2860378 0.7109789 -0.6424106
vn 0.4947579 0.738564 -0.4579713
vn -0.5959725 0.5183795 0.6132694
vn -0.6477153 0.5106375 0.5654327
vn -0.9094772 0.4078079 0.08089516
vn -0.6477153 0.5106375 0.5654327
vn -0.1776643 0.6796031 0.7117409
vn -0.2681992 0.5247988 0.807871
vn -0.3934363 0.4771787 0.785817
vn 0.3262888 0.877667 -0.3510501
vn 0.4947579 0.738564 -0.4579713
vn 0.5393683 0.8367413 -0.09458231
vn 0.4657544 0.7859253 0.4066868
vn 0.2785243 0.872332 0.4018223
vn 0.5393683 0.8367413 -0.09458231
vn 0.1919253 0.854948 0.4819012
vn 0.2890645 0.7377586 0.6100442
vn -0.05251557 0.6735796 0.7372466
vn -0.09710273 0.6318236 0.7690058
vn -0.4380176 0.4692468 0.7667776
vn -0.2771216 0.6186252 0.7351915
vn -0.09710273 0.6318236 0.7690058
vn -0.4991047 0.5698433 0.6528193
vn -0.4380176 0.4692468 0.7667776
vn -0.3934363 0.4771787 0.785817
vn -0.5032192 0.5893625 -0.6319985
vn -0.7374162 0.4956599 -0.4588448
vn -0.1921194 0.5705176 -0.7984985
vn -0.8564072 0.5082587 0.09077361
vn -0.9002866 0.4085513 0.1502322
vn 0.2175535 0.7792207 -0.5877802
vn -0.1921194 0.5705176 -0.7984985
vn 0.2860463 0.7109857 -0.6423992
vn 0.511016 0.8505769 -0.1240223
vn 0.2860463 0.7109857 -0.6423992
vn 0.5704519 0.788971 -0.2282748
vn -0.5976852 0.4612999 0.6557248
vn -0.6172379 0.4575013 0.6400859
vn -0.9002866 0.4085513 0.1502322
vn -0.6172379 0.4575013 0.6400859
vn -0.2736157 0.5683467 0.7759616
vn -0.2808639 0.4603489 0.8421368
vn -0.4134962 0.4038985 0.8160189
vn -0.4630091 0.3937214 0.7941071
vn -0.1061113 0.5856346 0.8035997
vn 0.4772043 0.8779795 0.03778794
vn 0.5704519 0.788971 -0.2282748
vn 0.5990299 0.7925147 0.1143833
vn 0.5318438 0.7704632 0.3514664
vn 0.5150446 0.8293675 0.2165145
vn 0.5990299 0.7925147 0.1143833
vn 0.2212112 0.806264 0.5486382
vn 0.3220326 0.7263733 0.6071876
vn 0.05099061 0.707784 0.7045861
vn -0.1061113 0.5856346 0.8035997
vn -0.5011733 0.5154877 0.6950524
vn -0.4630091 0.3937214 0.7941071
vn -0.4134962 0.4038985 0.8160189
vn -0.5032274 0.5893286 -0.6320236
vn -0.737397 0.4956534 -0.4588827
vn -0.192144 0.5704792 -0.79852
vn -0.8563995 0.5082763 0.09074701
vn -0.9002894 0.4085588 0.1501958
vn 0.2175529 0.7792093 -0.5877956
vn -0.192144 0.5704792 -0.79852
vn 0.2860257 0.7109857 -0.6424084
vn 0.5110195 0.8505735 -0.1240325
vn 0.2860257 0.7109857 -0.6424084
vn 0.5704708 0.7889626 -0.2282568
vn -0.5976833 0.4613118 0.655718
vn -0.6172124 0.4575261 0.6400928
vn -0.9002894 0.4085588 0.1501958
vn -0.6172124 0.4575261 0.6400928
vn -0.273608 0.5683577 0.7759563
vn -0.2808498 0.4603515 0.84214
vn -0.4135021 0.4039079 0.8160114
vn -0.4630027 0.3937333 0.794105
vn -0.1061259 0.5856344 0.803598
vn 0.4772081 0.8779778 0.03777993
vn 0.5704708 0.7889626 -0.2282568
vn 0.5990406 0.792508 0.114374
vn 0.5318621 0.7704592 0.3514473
vn 0.5150598 0.829359 0.2165112
vn 0.5990406 0.792508 0.114374
vn 0.2212242 0.8062616 0.5486365
vn 0.3220503 0.7263786 0.607172
vn 0.05100378 0.7077883 0.7045809
vn -0.1061259 0.5856344 0.803598
vn -0.5011706 0.5154985 0.6950462
vn -0.4630027 0.3937333 0.794105
vn -0.4135021 0.4039079 0.8160114
vn -0.283612 0.7246095 -0.6280965
vn -0.7992647 0.4727117 -0.371106
vn -0.1835196 0.6658631 -0.7231507
vn -0.8671601 0.48265 0.1228096
vn -0.9016132 0.4085902 0.141942
vn 0.169562 0.8076264 -0.5647904
vn -0.1835196 0.6658631 -0.7231507
vn 0.3095156 0.7000555 -0.6435234
vn 0.2669985 0.8797802 -0.3933173
vn 0.3095156 0.7000555 -0.6435234
vn 0.4772699 0.8157458 -0.3267602
vn -0.5988802 0.4620697 0.6540903
vn -0.617227 0.4575224 0.6400812
vn -0.9016132 0.4085902 0.141942
vn -0.617227 0.4575224 0.6400812
vn -0.2885095 0.554822 0.7803428
vn -0.2808298 0.4603694 0.842137
vn -0.1911905 0.6218774 0.7594173
vn -0.4134719 0.4039191 0.8160211
vn -0.4630382 0.3937172 0.7940922
vn -0.1061063 0.5856472 0.8035913
vn 0.4395081 0.8953943 0.07142625
vn 0.4772699 0.8157458 -0.3267602
vn 0.5357578 0.8276475 0.1672216
vn 0.4279388 0.7760017 0.4633462
vn 0.336719 0.8604193 0.3824906
vn 0.5357578 0.8276475 0.1672216
vn 0.1050291 0.7247805 0.6809274
vn 0.2529869 0.7074928 0.6598876
vn 0.01141314 0.6951149 0.7188081
vn -0.1061063 0.5856472 0.8035913
vn -0.5020834 0.5163348 0.6937656
vn -0.4630382 0.3937172 0.7940922
vn -0.4134719 0.4039191 0.8160211
vn -0.3521325 0.7393667 -0.5738812
vn -0.489632 0.5198839 -0.6999866
vn -0.09259958 0.6317799 -0.769597
vn -0.492684 0.645461 -0.583646
vn -0.6807765 0.5120659 -0.5237671
vn -0.6180559 0.7055577 -0.3466918
vn -0.7370839 0.6194243 -0.2702237
vn -0.3869565 0.9152698 -0.1120081
vn -0.3695747 0.9266638 0.06862058
vn 0.1576838 0.9865224 0.04369625
vn 0.08704961 0.9619561 0.258965
vn 0.07848474 0.9588761 0.2727575
vn -0.1454111 0.9289809 0.3403673
vn -0.03745031 0.9970267 0.06734426
vn 0.03752748 0.978589 0.2023737
vn 0.2125092 0.8890446 -0.4055114
vn -0.09259958 0.6317799 -0.769597
vn 0.3253531 0.7881752 -0.5224225
vn 0.2541237 0.9669306 -0.02159416
vn 0.4520574 0.8825513 -0.1294118
vn 0.03752748 0.978589 0.2023737
vn 0.3131339 0.9471425 -0.06977329
vn 0.4852873 0.8663329 -0.118167
vn 0.4512824 0.8903919 -0.05955102
vn 0.4852873 0.8663329 -0.118167
vn 0.4450918 0.8710844 -0.2076183
vn 0.4450918 0.8710844 -0.2076183
vn 0.253509 0.9554997 -0.1508429
vn 0.3253531 0.7881752 -0.5224225
vn -0.352143 0.7393288 -0.5739235
vn -0.4896364 0.5198418 -0.7000148
vn -0.09259417 0.6317496 -0.7696226
vn -0.4926914 0.645437 -0.5836662
vn -0.6807884 0.5120196 -0.5237969
vn -0.6180591 0.7055454 -0.346711
vn -0.7370945 0.6194122 -0.2702227
vn -0.4608534 0.8706446 -0.1720233
vn -0.3695741 0.9266626 0.06863882
vn 0.1601302 0.9869646 0.01609669
vn 0.04021388 0.9661568 0.2548017
vn 0.02300288 0.9591059 0.2821111
vn -0.1454083 0.9289852 0.3403569
vn -0.06264102 0.9973128 0.03798956
vn 0.03753796 0.9785898 0.2023681
vn 0.2124951 0.8890381 -0.4055331
vn -0.09259417 0.6317496 -0.7696226
vn 0.3253205 0.788132 -0.5225079
vn 0.4450621 0.8710912 -0.2076527
vn 0.2652346 0.9430457 -0.200787
vn 0.3253205 0.788132 -0.5225079
vn 0.2672255 0.9619861 -0.05633168
vn 0.4450621 0.8710912 -0.2076527
vn 0.4512675 0.8904033 -0.05949486
vn 0.4852789 0.8663375 -0.118168
vn 0.4520455 0.8825576 -0.1294097
vn 0.03753796 0.9785898 0.2023681
vn 0.333818 0.9357626 -0.1136397
vn 0.4852789 0.8663375 -0.118168
g polySurface26_0
f 3/3/3 2/2/2 1/1/1
f 4/4/4 2/2/2 3/3/3
f 5/5/5 4/4/4 3/3/3
f 2/2/2 6/6/6 1/1/1
f 1/1/1 6/6/6 7/7/7
f 6/6/6 8/8/8 7/7/7
f 7/7/7 8/8/8 9/9/9
f 3/3/3 1/1/1 10/10/10
f 10/10/10 1/1/1 11/11/11
f 1/1/1 7/7/7 11/11/11
f 12/12/12 3/3/3 10/10/10
f 5/5/5 3/3/3 12/12/12
f 7/7/7 9/9/9 13/13/13
f 11/11/11 7/7/7 13/13/13
f 13/13/13 9/9/9 14/14/14
f 15/15/15 4/4/4 5/5/5
f 18/18/18 17/17/17 16/16/16
f 19/19/19 17/17/17 18/18/18
f 20/20/20 19/19/19 18/18/18
f 21/21/21 19/19/19 20/20/20
f 22/22/22 21/21/21 20/20/20
f 23/23/23 21/21/21 22/22/22
f 24/24/24 23/23/23 22/22/22
f 25/25/25 23/23/23 24/24/24
f 20/20/20 18/18/18 26/26/26
f 26/26/26 18/18/18 27/27/27
f 18/18/18 16/16/16 27/27/27
f 27/27/27 16/16/16 28/28/28
f 29/29/29 20/20/20 26/26/26
f 22/22/22 20/20/20 29/29/29
f 30/30/30 22/22/22 29/29/29
f 24/24/24 22/22/22 30/30/30
f 33/33/33 32/32/32 31/31/31
f 34/34/34 32/32/32 33/33/33
f 35/35/35 34/34/34 33/33/33
f 36/36/36 34/34/34 35/35/35
f 32/32/32 37/37/37 31/31/31
f 31/31/31 37/37/37 38/38/38
f 33/33/33 31/31/31 39/39/39
f 39/39/39 31/31/31 40/40/40
f 31/31/31 38/38/38 40/40/40
f 41/41/41 33/33/33 39/39/39
f 35/35/35 33/33/33 41/41/41
f 40/40/40 38/38/38 42/42/42
f 39/39/39 40/40/40 43/43/43
f 43/43/43 40/40/40 44/44/44
f 40/40/40 42/42/42 44/44/44
f 45/45/45 39/39/39 43/43/43
f 41/41/41 39/39/39 45/45/45
f 44/44/44 42/42/42 46/46/46
f 43/43/43 44/44/44 47/47/47
f 47/47/47 44/44/44 48/48/48
f 44/44/44 46/46/46 48/48/48
f 49/49/49 43/43/43 47/47/47
f 45/45/45 43/43/43 49/49/49
f 48/48/48 46/46/46 50/50/50
f 46/46/46 51/51/51 50/50/50
f 50/50/50 51/51/51 52/52/52
f 47/47/47 48/48/48 53/53/53
f 53/53/53 48/48/48 54/54/54
f 48/48/48 50/50/50 54/54/54
f 55/55/55 47/47/47 53/53/53
f 49/49/49 47/47/47 55/55/55
f 50/50/50 52/52/52 56/56/56
f 54/54/54 50/50/50 56/56/56
f 56/56/56 52/52/52 57/57/57
f 58/58/58 41/41/41 45/45/45
f 59/59/59 41/41/41 58/58/58
f 59/59/59 35/35/35 41/41/41
f 60/60/60 35/35/35 59/59/59
f 60/60/60 36/36/36 35/35/35
f 61/61/61 36/36/36 60/60/60
f 64/64/64 63/63/63 62/62/62
f 65/65/65 63/63/63 64/64/64
f 66/66/66 65/65/65 64/64/64
f 67/67/67 65/65/65 66/66/66
f 68/68/68 67/67/67 66/66/66
f 69/69/69 67/67/67 68/68/68
f 64/64/64 62/62/62 70/70/70
f 70/70/70 62/62/62 71/71/71
f 72/72/72 64/64/64 70/70/70
f 66/66/66 64/64/64 72/72/72
f 73/73/73 66/66/66 72/72/72
f 68/68/68 66/66/66 73/73/73
f 70/70/70 71/71/71 74/74/74
f 74/74/74 71/71/71 75/75/75
f 76/76/76 70/70/70 74/74/74
f 72/72/72 70/70/70 76/76/76
f 77/77/77 72/72/72 76/76/76
f 73/73/73 72/72/72 77/77/77
f 74/74/74 75/75/75 78/78/78
f 78/78/78 75/75/75 79/79/79
f 75/75/75 80/80/80 79/79/79
f 79/79/79 80/80/80 81/81/81
f 82/82/82 74/74/74 78/78/78
f 76/76/76 74/74/74 82/82/82
f 83/83/83 76/76/76 82/82/82
f 77/77/77 76/76/76 83/83/83
f 79/79/79 81/81/81 84/84/84
f 84/84/84 81/81/81 85/85/85
f 86/86/86 79/79/79 84/84/84
f 78/78/78 79/79/79 86/86/86
f 87/87/87 78/78/78 86/86/86
f 82/82/82 78/78/78 87/87/87
f 88/88/88 82/82/82 87/87/87
f 83/83/83 82/82/82 88/88/88
f 89/89/89 73/73/73 77/77/77
f 90/90/90 73/73/73 89/89/89
f 90/90/90 68/68/68 73/73/73
f 91/91/91 68/68/68 90/90/90
f 91/91/91 69/69/69 68/68/68
f 92/92/92 69/69/69 91/91/91
f 95/95/95 94/94/94 93/93/93
f 96/96/96 94/94/94 95/95/95
f 97/97/97 96/96/96 95/95/95
f 98/98/98 96/96/96 97/97/97
f 94/94/94 99/99/99 93/93/93
f 93/93/93 99/99/99 100/100/100
f 99/99/99 101/101/101 100/100/100
f 100/100/100 101/101/101 102/102/102
f 95/95/95 93/93/93 103/103/103
f 103/103/103 93/93/93 104/104/104
f 93/93/93 100/100/100 104/104/104
f 105/105/105 95/95/95 103/103/103
f 97/97/97 95/95/95 105/105/105
f 100/100/100 102/102/102 106/106/106
f 104/104/104 100/100/100 106/106/106
f 106/106/106 102/102/102 107/107/107
f 103/103/103 104/104/104 108/108/108
f 108/108/108 104/104/104 109/109/109
f 104/104/104 106/106/106 109/109/109
f 110/110/110 103/103/103 108/108/108
f 105/105/105 103/103/103 110/110/110
f 106/106/106 107/107/107 111/111/111
f 109/109/109 106/106/106 111/111/111
f 111/111/111 107/107/107 112/112/112
f 108/108/108 109/109/109 113/113/113
f 113/113/113 109/109/109 114/114/114
f 109/109/109 111/111/111 114/114/114
f 115/115/115 108/108/108 113/113/113
f 110/110/110 108/108/108 115/115/115
f 111/111/111 112/112/112 116/116/116
f 114/114/114 111/111/111 116/116/116
f 116/116/116 112/112/112 117/117/117
f 113/113/113 114/114/114 118/118/118
f 118/118/118 114/114/114 119/119/119
f 114/114/114 116/116/116 119/119/119
f 120/120/120 113/113/113 118/118/118
f 115/115/115 113/113/113 120/120/120
f 116/116/116 117/117/117 121/121/121
f 119/119/119 116/116/116 121/121/121
f 121/121/121 117/117/117 122/122/122
f 118/118/118 119/119/119 123/123/123
f 123/123/123 119/119/119 124/124/124
f 119/119/119 121/121/121 124/124/124
f 125/125/125 118/118/118 123/123/123
f 120/120/120 118/118/118 126/126/126
f 124/124/124 121/121/121 127/127/127
f 121/121/121 122/122/122 127/127/127
f 127/127/127 122/122/122 128/128/128
f 123/123/123 124/124/124 129/129/129
f 129/129/129 124/124/124 130/130/130
f 124/124/124 127/127/127 130/130/130
f 131/131/131 123/123/123 129/129/129
f 125/125/125 123/123/123 132/132/132
f 127/127/127 128/128/128 133/133/133
f 130/130/130 127/127/127 133/133/133
f 133/133/133 128/128/128 134/134/134
f 129/129/129 130/130/130 135/135/135
f 135/135/135 130/130/130 136/136/136
f 130/130/130 133/133/133 136/136/136
f 137/137/137 129/129/129 135/135/135
f 131/131/131 129/129/129 137/137/137
f 136/136/136 133/133/133 138/138/138
f 141/141/141 140/140/140 139/139/139
f 142/142/142 140/140/140 141/141/141
f 145/145/145 144/144/144 143/143/143
f 146/146/146 144/144/144 145/145/145
f 147/147/147 146/146/146 145/145/145
f 148/148/148 146/146/146 147/147/147
f 149/149/149 148/148/148 147/147/147
f 150/150/150 148/148/148 149/149/149
f 151/151/151 150/150/150 149/149/149
f 152/152/152 150/150/150 151/151/151
f 145/145/145 143/143/143 153/153/153
f 153/153/153 143/143/143 154/154/154
f 155/155/155 145/145/145 153/153/153
f 147/147/147 145/145/145 155/155/155
f 156/156/156 147/147/147 155/155/155
f 149/149/149 147/147/147 156/156/156
f 157/157/157 149/149/149 156/156/156
f 151/151/151 149/149/149 157/157/157
f 153/153/153 154/154/154 158/158/158
f 158/158/158 154/154/154 159/159/159
f 160/160/160 153/153/153 158/158/158
f 155/155/155 153/153/153 160/160/160
f 161/161/161 155/155/155 160/160/160
f 156/156/156 155/155/155 161/161/161
f 162/162/162 156/156/156 161/161/161
f 157/157/157 156/156/156 162/162/162
f 158/158/158 159/159/159 163/163/163
f 163/163/163 159/159/159 164/164/164
f 165/165/165 158/158/158 163/163/163
f 160/160/160 158/158/158 165/165/165
f 166/166/166 160/160/160 165/165/165
f 161/161/161 160/160/160 166/166/166
f 167/167/167 161/161/161 166/166/166
f 162/162/162 161/161/161 167/167/167
f 163/163/163 164/164/164 168/168/168
f 168/168/168 164/164/164 169/169/169
f 170/170/170 163/163/163 168/168/168
f 165/165/165 163/163/163 170/170/170
f 171/171/171 165/165/165 170/170/170
f 166/166/166 165/165/165 171/171/171
f 172/172/172 166/166/166 171/171/171
f 167/167/167 166/166/166 172/172/172
f 170/170/170 168/168/168 173/173/173
f 173/173/173 168/168/168 174/174/174
f 168/168/168 169/169/169 174/174/174
f 174/174/174 169/169/169 175/175/175
f 176/176/176 170/170/170 173/173/173
f 171/171/171 170/170/170 176/176/176
f 177/177/177 171/171/171 176/176/176
f 172/172/172 171/171/171 177/177/177
f 173/173/173 174/174/174 178/178/178
f 178/178/178 174/174/174 179/179/179
f 174/174/174 175/175/175 179/179/179
f 179/179/179 175/175/175 180/180/180
f 181/181/181 173/173/173 178/178/178
f 176/176/176 173/173/173 181/181/181
f 182/182/182 176/176/176 181/181/181
f 177/177/177 176/176/176 182/182/182
f 178/178/178 179/179/179 183/183/183
f 183/183/183 179/179/179 184/184/184
f 185/185/185 178/178/178 183/183/183
f 181/181/181 178/178/178 185/185/185
f 186/186/186 181/181/181 185/185/185
f 182/182/182 181/181/181 186/186/186
f 187/187/187 182/182/182 186/186/186
f 188/188/188 182/182/182 187/187/187
f 191/191/191 190/190/190 189/189/189
f 191/191/191 189/189/189 192/192/192
f 195/195/195 194/194/194 193/193/193
f 198/198/198 197/197/197 196/196/196
f 201/201/201 200/200/200 199/199/199
f 203/203/203 202/202/202 200/200/200
f 206/206/206 205/205/205 204/204/204
f 209/209/209 208/208/208 207/207/207
f 207/207/207 208/208/208 210/210/210
f 211/211/211 208/208/208 209/209/209
f 209/209/209 212/212/212 211/211/211
f 213/213/213 212/212/212 209/209/209
f 214/214/214 213/213/213 209/209/209
f 214/214/214 209/209/209 215/215/215
f 216/216/216 213/213/213 214/214/214
f 217/217/217 213/213/213 216/216/216
f 218/218/218 214/214/214 215/215/215
f 216/216/216 214/214/214 219/219/219
f 220/220/220 216/216/216 219/219/219
f 221/221/221 216/216/216 220/220/220
f 222/222/222 221/221/221 220/220/220
f 225/225/225 224/224/224 223/223/223
f 228/228/228 227/227/227 226/226/226
f 229/229/229 227/227/227 228/228/228
f 228/228/228 226/226/226 230/230/230
f 230/230/230 226/226/226 231/231/231
f 232/232/232 228/228/228 230/230/230
f 230/230/230 231/231/231 233/233/233
f 233/233/233 231/231/231 234/234/234
f 235/235/235 230/230/230 233/233/233
f 232/232/232 230/230/230 235/235/235
f 233/233/233 234/234/234 236/236/236
f 236/236/236 234/234/234 237/237/237
f 238/238/238 233/233/233 236/236/236
f 235/235/235 233/233/233 238/238/238
f 239/239/239 235/235/235 238/238/238
f 240/240/240 235/235/235 239/239/239
f 240/240/240 241/241/241 235/235/235
f 242/242/242 240/240/240 239/239/239
f 243/243/243 240/240/240 242/242/242
f 243/243/243 244/244/244 240/240/240
f 244/244/244 245/245/245 240/240/240
f 244/244/244 246/246/246 245/245/245
f 247/247/247 244/244/244 243/243/243
f 247/247/247 248/248/248 244/244/244
f 236/236/236 237/237/237 249/249/249
f 238/238/238 236/236/236 250/250/250
f 251/251/251 236/236/236 249/249/249
f 249/249/249 237/237/237 252/252/252
f 239/239/239 238/238/238 253/253/253
f 253/253/253 238/238/238 254/254/254
f 255/255/255 249/249/249 252/252/252
f 255/255/255 252/252/252 256/256/256
f 256/256/256 252/252/252 257/257/257
f 258/258/258 249/249/249 255/255/255
f 258/258/258 259/259/259 249/249/249
f 260/260/260 259/259/259 258/258/258
f 260/260/260 253/253/253 261/261/261
f 262/262/262 253/253/253 260/260/260
f 262/262/262 263/263/263 253/253/253
f 263/263/263 239/239/239 253/253/253
f 242/242/242 239/239/239 263/263/263
f 264/264/264 263/263/263 262/262/262
f 265/265/265 255/255/255 256/256/256
f 266/266/266 255/255/255 265/265/265
f 266/266/266 258/258/258 255/255/255
f 267/267/267 258/258/258 266/266/266
f 267/267/267 260/260/260 258/258/258
f 268/268/268 260/260/260 267/267/267
f 268/268/268 262/262/262 260/260/260
f 269/269/269 262/262/262 268/268/268
f 269/269/269 264/264/264 262/262/262
f 270/270/270 264/264/264 269/269/269
f 266/266/266 265/265/265 271/271/271
f 271/271/271 265/265/265 272/272/272
f 273/273/273 266/266/266 271/271/271
f 267/267/267 266/266/266 273/273/273
f 268/268/268 267/267/267 274/274/274
f 274/274/274 267/267/267 273/273/273
f 275/275/275 268/268/268 274/274/274
f 269/269/269 268/268/268 275/275/275
f 275/275/275 274/274/274 276/276/276
f 276/276/276 274/274/274 277/277/277
f 274/274/274 273/273/273 277/277/277
f 276/276/276 277/277/277 278/278/278
f 278/278/278 277/277/277 279/279/279
f 271/271/271 272/272/272 280/280/280
f 281/281/281 271/271/271 280/280/280
f 277/277/277 273/273/273 281/281/281
f 273/273/273 271/271/271 281/281/281
f 277/277/277 281/281/281 282/282/282
f 281/281/281 280/280/280 283/283/283
f 284/284/284 281/281/281 283/283/283
f 283/283/283 280/280/280 285/285/285
f 280/280/280 286/286/286 285/285/285
f 280/280/280 272/272/272 286/286/286
f 285/285/285 286/286/286 287/287/287
f 285/285/285 287/287/287 288/288/288
f 289/289/289 285/285/285 288/288/288
f 283/283/283 285/285/285 289/289/289
f 290/290/290 283/283/283 289/289/289
f 284/284/284 283/283/283 291/291/291
f 278/278/278 279/279/279 292/292/292
f 289/289/289 288/288/288 293/293/293
f 294/294/294 289/289/289 293/293/293
f 290/290/290 289/289/289 295/295/295
f 296/296/296 290/290/290 295/295/295
f 295/295/295 293/293/293 297/297/297
f 292/292/292 299/299/299 298/298/298
f 292/292/292 301/301/301 300/300/300
f 302/302/302 292/292/292 300/300/300
f 304/304/304 295/295/295 303/303/303
f 306/306/306 300/300/300 305/305/305
f 308/308/308 307/307/307 241/241/241
f 308/308/308 309/309/309 307/307/307
f 311/311/311 308/308/308 310/310/310
f 314/314/314 313/313/313 312/312/312
f 314/314/314 315/315/315 313/313/313
f 316/316/316 315/315/315 314/314/314
f 316/316/316 317/317/317 315/315/315
f 318/318/318 315/315/315 317/317/317
f 318/318/318 319/319/319 315/315/315
f 318/318/318 320/320/320 319/319/319
f 317/317/317 321/321/321 318/318/318
f 321/321/321 322/322/322 318/318/318
f 323/323/323 316/316/316 314/314/314
f 324/324/324 323/323/323 314/314/314
f 325/325/325 323/323/323 324/324/324
f 326/326/326 316/316/316 323/323/323
f 327/327/327 326/326/326 323/323/323
f 327/327/327 323/323/323 328/328/328
f 328/328/328 323/323/323 329/329/329
f 328/328/328 329/329/329 330/330/330
f 331/331/331 317/317/317 316/316/316
f 316/316/316 326/326/326 331/331/331
f 326/326/326 332/332/332 331/331/331
f 335/335/335 334/334/334 333/333/333
f 335/335/335 333/333/333 336/336/336
f 337/337/337 335/335/335 336/336/336
f 339/339/339 336/336/336 338/338/338
f 338/338/338 336/336/336 340/340/340
f 343/343/343 342/342/342 341/341/341
f 346/346/346 345/345/345 344/344/344
f 349/349/349 348/348/348 347/347/347
f 352/352/352 351/351/351 350/350/350
f 352/352/352 350/350/350 353/353/353
f 229/229/229 354/354/354 227/227/227
f 357/357/357 356/356/356 355/355/355
f 357/357/357 358/358/358 356/356/356
f 355/355/355 360/360/360 359/359/359
f 360/360/360 361/361/361 359/359/359
f 359/359/359 361/361/361 362/362/362
f 365/365/365 364/364/364 363/363/363
f 368/368/368 367/367/367 366/366/366
f 371/371/371 370/370/370 369/369/369
f 374/374/374 373/373/373 372/372/372
f 373/373/373 374/374/374 375/375/375
f 375/375/375 376/376/376 373/373/373
f 375/375/375 377/377/377 376/376/376
f 378/378/378 377/377/377 375/375/375
f 374/374/374 379/379/379 375/375/375
f 380/380/380 374/374/374 372/372/372
f 383/383/383 382/382/382 381/381/381
f 384/384/384 383/383/383 381/381/381
f 385/385/385 383/383/383 384/384/384
f 386/386/386 385/385/385 384/384/384
f 387/387/387 385/385/385 386/386/386
f 386/386/386 384/384/384 388/388/388
f 391/391/391 390/390/390 389/389/389
f 392/392/392 391/391/391 389/389/389
f 392/392/392 389/389/389 393/393/393
f 396/396/396 395/395/395 394/394/394
f 397/397/397 395/395/395 396/396/396
f 398/398/398 397/397/397 396/396/396
f 399/399/399 397/397/397 398/398/398
f 400/400/400 399/399/399 398/398/398
f 401/401/401 399/399/399 400/400/400
f 402/402/402 401/401/401 400/400/400
f 405/405/405 404/404/404 403/403/403
f 406/406/406 404/404/404 405/405/405
f 407/407/407 406/406/406 405/405/405
f 408/408/408 406/406/406 407/407/407
f 407/407/407 405/405/405 409/409/409
f 409/409/409 405/405/405 410/410/410
f 405/405/405 403/403/403 410/410/410
f 409/409/409 410/410/410 411/411/411
f 411/411/411 410/410/410 412/412/412
f 411/411/411 412/412/412 413/413/413
f 413/413/413 412/412/412 414/414/414
f 415/415/415 411/411/411 413/413/413
f 416/416/416 409/409/409 411/411/411
f 416/416/416 411/411/411 417/417/417
f 413/413/413 414/414/414 418/418/418
f 418/418/418 414/414/414 419/419/419
f 420/420/420 413/413/413 418/418/418
f 415/415/415 413/413/413 420/420/420
f 418/418/418 419/419/419 421/421/421
f 421/421/421 419/419/419 422/422/422
f 423/423/423 418/418/418 421/421/421
f 420/420/420 418/418/418 423/423/423
f 424/424/424 420/420/420 423/423/423
f 425/425/425 420/420/420 424/424/424
f 425/425/425 426/426/426 420/420/420
f 427/427/427 425/425/425 424/424/424
f 428/428/428 425/425/425 427/427/427
f 428/428/428 429/429/429 425/425/425
f 430/430/430 429/429/429 428/428/428
f 430/430/430 431/431/431 429/429/429
f 429/429/429 432/432/432 425/425/425
f 429/429/429 433/433/433 432/432/432
f 434/434/434 433/433/433 429/429/429
f 427/427/427 424/424/424 435/435/435
f 435/435/435 424/424/424 436/436/436
f 424/424/424 423/423/423 436/436/436
f 421/421/421 422/422/422 437/437/437
f 423/423/423 421/421/421 438/438/438
f 436/436/436 423/423/423 438/438/438
f 438/438/438 421/421/421 437/437/437
f 439/439/439 436/436/436 438/438/438
f 439/439/439 438/438/438 440/440/440
f 440/440/440 438/438/438 437/437/437
f 440/440/440 437/437/437 441/441/441
f 441/441/441 437/437/437 442/442/442
f 437/437/437 422/422/422 442/442/442
f 443/443/443 436/436/436 439/439/439
f 444/444/444 440/440/440 441/441/441
f 445/445/445 440/440/440 444/444/444
f 445/445/445 439/439/439 440/440/440
f 446/446/446 439/439/439 445/445/445
f 446/446/446 443/443/443 439/439/439
f 447/447/447 443/443/443 446/446/446
f 445/445/445 444/444/444 448/448/448
f 448/448/448 444/444/444 449/449/449
f 444/444/444 450/450/450 449/449/449
f 449/449/449 450/450/450 451/451/451
f 446/446/446 445/445/445 452/452/452
f 452/452/452 445/445/445 448/448/448
f 453/453/453 446/446/446 452/452/452
f 447/447/447 446/446/446 453/453/453
f 449/449/449 451/451/451 454/454/454
f 455/455/455 449/449/449 454/454/454
f 448/448/448 449/449/449 455/455/455
f 455/455/455 454/454/454 456/456/456
f 456/456/456 454/454/454 457/457/457
f 454/454/454 458/458/458 457/457/457
f 454/454/454 451/451/451 458/458/458
f 457/457/457 458/458/458 459/459/459
f 460/460/460 455/455/455 456/456/456
f 453/453/453 452/452/452 461/461/461
f 461/461/461 452/452/452 462/462/462
f 462/462/462 448/448/448 455/455/455
f 452/452/452 448/448/448 462/462/462
f 462/462/462 455/455/455 463/463/463
f 464/464/464 461/461/461 462/462/462
f 465/465/465 461/461/461 464/464/464
f 456/456/456 457/457/457 466/466/466
f 466/466/466 457/457/457 467/467/467
f 468/468/468 456/456/456 466/466/466
f 469/469/469 456/456/456 468/468/468
f 466/466/466 467/467/467 470/470/470
f 471/471/471 466/466/466 470/470/470
f 468/468/468 466/466/466 471/471/471
f 473/473/473 459/459/459 472/472/472
f 473/473/473 472/472/472 474/474/474
f 475/475/475 473/473/473 474/474/474
f 465/465/465 477/477/477 476/476/476
f 479/479/479 474/474/474 478/478/478
f 478/478/478 481/481/481 480/480/480
f 483/483/483 482/482/482 478/478/478
f 485/485/485 470/470/470 484/484/484
f 488/488/488 487/487/487 486/486/486
f 491/491/491 490/490/490 489/489/489
f 494/494/494 493/493/493 492/492/492
f 494/494/494 492/492/492 495/495/495
f 497/497/497 492/492/492 496/496/496
f 495/495/495 496/496/496 498/498/498
f 500/500/500 499/499/499 497/497/497
f 500/500/500 497/497/497 501/501/501
f 504/504/504 503/503/503 502/502/502
f 507/507/507 506/506/506 505/505/505
f 508/508/508 408/408/408 407/407/407
f 508/508/508 407/407/407 409/409/409
f 509/509/509 408/408/408 508/508/508
f 510/510/510 509/509/509 508/508/508
f 513/513/513 512/512/512 511/511/511
f 516/516/516 515/515/515 514/514/514
f 515/515/515 517/517/517 514/514/514
f 520/520/520 519/519/519 518/518/518
f 522/522/522 278/278/278 521/521/521
f 525/525/525 524/524/524 523/523/523
f 523/523/523 524/524/524 526/526/526
f 527/527/527 525/525/525 523/523/523
f 530/530/530 529/529/529 528/528/528
f 533/533/533 532/532/532 531/531/531
f 534/534/534 533/533/533 531/531/531
f 535/535/535 534/534/534 531/531/531
f 538/538/538 537/537/537 536/536/536
f 541/541/541 540/540/540 539/539/539
f 544/544/544 543/543/543 542/542/542
f 547/547/547 546/546/546 545/545/545
f 550/550/550 549/549/549 548/548/548
f 553/553/553 552/552/552 551/551/551
f 556/556/556 555/555/555 554/554/554
f 557/557/557 555/555/555 556/556/556
f 560/560/560 559/559/559 558/558/558
f 563/563/563 562/562/562 561/561/561
f 564/564/564 562/562/562 563/563/563
f 563/563/563 561/561/561 565/565/565
f 568/568/568 567/567/567 566/566/566
f 569/569/569 567/567/567 568/568/568
f 570/570/570 569/569/569 568/568/568
f 571/571/571 569/569/569 570/570/570
f 572/572/572 571/571/571 570/570/570
f 568/568/568 566/566/566 573/573/573
f 574/574/574 568/568/568 573/573/573
f 570/570/570 568/568/568 574/574/574
f 575/575/575 570/570/570 574/574/574
f 572/572/572 570/570/570 575/575/575
f 574/574/574 573/573/573 576/576/576
f 575/575/575 574/574/574 577/577/577
f 579/579/579 571/571/571 578/578/578
f 581/581/581 574/574/574 580/580/580
f 584/584/584 583/583/583 582/582/582
f 584/584/584 582/582/582 585/585/585
f 585/585/585 582/582/582 586/586/586
f 587/587/587 584/584/584 585/585/585
f 585/585/585 586/586/586 588/588/588
f 588/588/588 586/586/586 589/589/589
f 590/590/590 585/585/585 588/588/588
f 587/587/587 585/585/585 590/590/590
f 586/586/586 591/591/591 589/589/589
f 586/586/586 592/592/592 591/591/591
f 593/593/593 592/592/592 586/586/586
f 595/595/595 594/594/594 590/590/590
f 597/597/597 596/596/596 595/595/595
f 600/600/600 599/599/599 598/598/598
f 603/603/603 602/602/602 601/601/601
f 606/606/606 605/605/605 604/604/604
f 606/606/606 604/604/604 607/607/607
f 608/608/608 605/605/605 606/606/606
f 609/609/609 608/608/608 606/606/606
f 609/609/609 606/606/606 610/610/610
f 610/610/610 606/606/606 607/607/607
f 610/610/610 607/607/607 611/611/611
f 611/611/611 607/607/607 612/612/612
f 607/607/607 613/613/613 612/612/612
f 607/607/607 614/614/614 613/613/613
f 615/615/615 610/610/610 611/611/611
f 616/616/616 610/610/610 615/615/615
f 616/616/616 617/617/617 610/610/610
f 618/618/618 617/617/617 616/616/616
f 618/618/618 619/619/619 617/617/617
f 620/620/620 616/616/616 615/615/615
f 621/621/621 616/616/616 620/620/620
f 621/621/621 622/622/622 616/616/616
f 611/611/611 612/612/612 623/623/623
f 623/623/623 612/612/612 624/624/624
f 612/612/612 625/625/625 624/624/624
f 612/612/612 613/613/613 625/625/625
f 626/626/626 611/611/611 623/623/623
f 615/615/615 611/611/611 626/626/626
f 627/627/627 615/615/615 626/626/626
f 620/620/620 615/615/615 628/628/628
f 630/630/630 629/629/629 622/622/622
f 630/630/630 622/622/622 631/631/631
f 634/634/634 633/633/633 632/632/632
f 637/637/637 636/636/636 635/635/635
f 640/640/640 639/639/639 638/638/638
f 643/643/643 642/642/642 641/641/641
f 646/646/646 645/645/645 644/644/644
f 646/646/646 644/644/644 647/647/647
f 650/650/650 649/649/649 648/648/648
f 653/653/653 652/652/652 651/651/651
f 653/653/653 651/651/651 654/654/654
f 656/656/656 654/654/654 655/655/655
f 655/655/655 654/654/654 657/657/657
f 655/655/655 657/657/657 658/658/658
f 661/661/661 660/660/660 659/659/659
f 659/659/659 660/660/660 662/662/662
f 660/660/660 663/663/663 662/662/662
f 662/662/662 663/663/663 664/664/664
f 662/662/662 664/664/664 665/665/665
f 665/665/665 664/664/664 666/666/666
f 667/667/667 662/662/662 665/665/665
f 659/659/659 662/662/662 667/667/667
f 665/665/665 666/666/666 668/668/668
f 668/668/668 666/666/666 669/669/669
f 670/670/670 665/665/665 668/668/668
f 667/667/667 665/665/665 670/670/670
f 671/671/671 667/667/667 670/670/670
f 668/668/668 669/669/669 672/672/672
f 672/672/672 669/669/669 673/673/673
f 674/674/674 668/668/668 672/672/672
f 670/670/670 668/668/668 674/674/674
f 675/675/675 670/670/670 674/674/674
f 671/671/671 670/670/670 676/676/676
f 678/678/678 677/677/677 667/667/667
f 678/678/678 667/667/667 679/679/679
f 682/682/682 681/681/681 680/680/680
f 685/685/685 684/684/684 683/683/683
f 688/688/688 687/687/687 686/686/686
f 691/691/691 690/690/690 689/689/689
f 692/692/692 690/690/690 691/691/691
f 693/693/693 692/692/692 691/691/691
f 694/694/694 692/692/692 693/693/693
f 695/695/695 694/694/694 693/693/693
f 696/696/696 694/694/694 695/695/695
f 691/691/691 689/689/689 697/697/697
f 698/698/698 691/691/691 697/697/697
f 693/693/693 691/691/691 698/698/698
f 699/699/699 693/693/693 698/698/698
f 695/695/695 693/693/693 699/699/699
f 698/698/698 697/697/697 700/700/700
f 700/700/700 697/697/697 701/701/701
f 697/697/697 702/702/702 701/701/701
f 697/697/697 703/703/703 702/702/702
f 704/704/704 698/698/698 700/700/700
f 699/699/699 698/698/698 704/704/704
f 705/705/705 699/699/699 704/704/704
f 706/706/706 699/699/699 705/705/705
f 706/706/706 707/707/707 699/699/699
f 700/700/700 701/701/701 708/708/708
f 708/708/708 701/701/701 709/709/709
f 701/701/701 710/710/710 709/709/709
f 701/701/701 711/711/711 710/710/710
f 709/709/709 710/710/710 712/712/712
f 713/713/713 700/700/700 708/708/708
f 704/704/704 700/700/700 713/713/713
f 714/714/714 704/704/704 713/713/713
f 705/705/705 704/704/704 714/714/714
f 717/717/717 716/716/716 715/715/715
f 719/719/719 718/718/718 717/717/717
f 722/722/722 721/721/721 720/720/720
f 725/725/725 724/724/724 723/723/723
f 726/726/726 724/724/724 725/725/725
f 724/724/724 727/727/727 723/723/723
f 723/723/723 727/727/727 728/728/728
f 725/725/725 723/723/723 729/729/729
f 723/723/723 728/728/728 730/730/730
f 730/730/730 728/728/728 731/731/731
f 734/734/734 733/733/733 732/732/732
f 735/735/735 733/733/733 734/734/734
f 736/736/736 735/735/735 734/734/734
f 737/737/737 735/735/735 736/736/736
f 734/734/734 732/732/732 738/738/738
f 739/739/739 734/734/734 738/738/738
f 736/736/736 734/734/734 739/739/739
f 742/742/742 741/741/741 740/740/740
f 745/745/745 744/744/744 743/743/743
f 748/748/748 747/747/747 746/746/746
f 748/748/748 749/749/749 747/747/747
f 752/752/752 751/751/751 750/750/750
f 750/750/750 751/751/751 753/753/753
f 750/750/750 753/753/753 754/754/754
f 757/757/757 756/756/756 755/755/755
f 755/755/755 756/756/756 758/758/758
f 756/756/756 759/759/759 758/758/758
f 758/758/758 759/759/759 760/760/760
f 758/758/758 760/760/760 761/761/761
f 761/761/761 760/760/760 762/762/762
f 755/755/755 758/758/758 763/763/763
f 766/766/766 765/765/765 764/764/764
f 769/769/769 768/768/768 767/767/767
f 771/771/771 767/767/767 770/770/770
f 771/771/771 770/770/770 772/772/772
f 772/772/772 770/770/770 773/773/773
f 770/770/770 774/774/774 773/773/773
f 770/770/770 775/775/775 774/774/774
f 776/776/776 775/775/775 770/770/770
f 773/773/773 774/774/774 777/777/777
f 774/774/774 778/778/778 777/777/777
f 774/774/774 779/779/779 778/778/778
f 780/780/780 779/779/779 774/774/774
f 779/779/779 781/781/781 778/778/778
f 777/777/777 778/778/778 782/782/782
f 778/778/778 783/783/783 782/782/782
f 782/782/782 783/783/783 784/784/784
f 769/769/769 786/786/786 785/785/785
f 789/789/789 788/788/788 787/787/787
f 792/792/792 791/791/791 790/790/790
f 792/792/792 790/790/790 793/793/793
f 793/793/793 790/790/790 794/794/794
f 795/795/795 792/792/792 793/793/793
f 795/795/795 793/793/793 796/796/796
f 793/793/793 794/794/794 797/797/797
f 796/796/796 793/793/793 797/797/797
f 797/797/797 794/794/794 798/798/798
f 801/801/801 800/800/800 799/799/799
f 804/804/804 803/803/803 802/802/802
f 805/805/805 803/803/803 804/804/804
f 804/804/804 802/802/802 806/806/806
f 807/807/807 804/804/804 806/806/806
f 808/808/808 804/804/804 807/807/807
f 808/808/808 809/809/809 804/804/804
f 810/810/810 809/809/809 808/808/808
f 811/811/811 810/810/810 808/808/808
f 814/814/814 813/813/813 812/812/812
f 817/817/817 816/816/816 815/815/815
f 815/815/815 818/818/818 817/817/817
f 817/817/817 818/818/818 819/819/819
f 822/822/822 821/821/821 820/820/820
f 824/824/824 822/822/822 823/823/823
f 827/827/827 826/826/826 825/825/825
f 828/828/828 827/827/827 825/825/825
f 831/831/831 830/830/830 829/829/829
f 834/834/834 833/833/833 832/832/832
f 832/832/832 833/833/833 835/835/835
f 838/838/838 837/837/837 836/836/836
f 836/836/836 837/837/837 839/839/839
f 837/837/837 840/840/840 839/839/839
f 839/839/839 840/840/840 841/841/841
f 844/844/844 843/843/843 842/842/842
f 847/847/847 846/846/846 845/845/845
f 847/847/847 848/848/848 846/846/846
f 851/851/851 850/850/850 849/849/849
f 849/849/849 850/850/850 852/852/852
f 855/855/855 854/854/854 853/853/853
f 856/856/856 854/854/854 855/855/855
f 857/857/857 856/856/856 855/855/855
f 858/858/858 856/856/856 857/857/857
f 859/859/859 857/857/857 855/855/855
f 860/860/860 857/857/857 859/859/859
f 860/860/860 859/859/859 861/861/861
f 859/859/859 855/855/855 862/862/862
f 862/862/862 855/855/855 863/863/863
f 861/861/861 865/865/865 864/864/864
f 868/868/868 867/867/867 866/866/866
f 870/870/870 869/869/869 866/866/866
f 872/872/872 866/866/866 871/871/871
f 872/872/872 871/871/871 873/873/873
f 876/876/876 875/875/875 874/874/874
f 876/876/876 874/874/874 877/877/877
f 879/879/879 874/874/874 878/878/878
f 882/882/882 881/881/881 880/880/880
f 885/885/885 884/884/884 883/883/883
f 888/888/888 887/887/887 886/886/886
f 891/891/891 890/890/890 889/889/889
f 894/894/894 893/893/893 892/892/892
f 895/895/895 893/893/893 894/894/894
f 896/896/896 895/895/895 894/894/894
f 897/897/897 895/895/895 896/896/896
f 898/898/898 897/897/897 896/896/896
f 899/899/899 897/897/897 898/898/898
f 893/893/893 900/900/900 892/892/892
f 892/892/892 900/900/900 901/901/901
f 894/894/894 892/892/892 902/902/902
f 902/902/902 892/892/892 903/903/903
f 892/892/892 901/901/901 903/903/903
f 904/904/904 894/894/894 902/902/902
f 896/896/896 894/894/894 905/905/905
f 898/898/898 896/896/896 906/906/906
f 906/906/906 896/896/896 907/907/907
f 903/903/903 901/901/901 908/908/908
f 902/902/902 903/903/903 909/909/909
f 909/909/909 903/903/903 910/910/910
f 903/903/903 908/908/908 910/910/910
f 911/911/911 902/902/902 909/909/909
f 904/904/904 902/902/902 912/912/912
f 906/906/906 907/907/907 913/913/913
f 913/913/913 907/907/907 914/914/914
f 910/910/910 908/908/908 915/915/915
f 909/909/909 910/910/910 916/916/916
f 916/916/916 910/910/910 917/917/917
f 910/910/910 915/915/915 917/917/917
f 918/918/918 909/909/909 916/916/916
f 911/911/911 909/909/909 918/918/918
f 913/913/913 914/914/914 919/919/919
f 919/919/919 914/914/914 920/920/920
f 917/917/917 915/915/915 921/921/921
f 924/924/924 923/923/923 922/922/922
f 925/925/925 923/923/923 924/924/924
f 926/926/926 925/925/925 924/924/924
f 927/927/927 925/925/925 926/926/926
f 928/928/928 927/927/927 926/926/926
f 929/929/929 927/927/927 928/928/928
f 930/930/930 929/929/929 928/928/928
f 931/931/931 929/929/929 930/930/930
f 924/924/924 922/922/922 932/932/932
f 932/932/932 922/922/922 933/933/933
f 934/934/934 924/924/924 932/932/932
f 926/926/926 924/924/924 934/934/934
f 935/935/935 926/926/926 934/934/934
f 928/928/928 926/926/926 935/935/935
f 936/936/936 928/928/928 935/935/935
f 930/930/930 928/928/928 936/936/936
f 934/934/934 932/932/932 937/937/937
f 937/937/937 932/932/932 938/938/938
f 932/932/932 933/933/933 938/938/938
f 938/938/938 933/933/933 939/939/939
f 940/940/940 934/934/934 937/937/937
f 935/935/935 934/934/934 940/940/940
f 941/941/941 935/935/935 940/940/940
f 936/936/936 935/935/935 941/941/941
f 938/938/938 939/939/939 942/942/942
f 942/942/942 939/939/939 943/943/943
f 944/944/944 938/938/938 942/942/942
f 937/937/937 938/938/938 944/944/944
f 945/945/945 937/937/937 944/944/944
f 940/940/940 937/937/937 945/945/945
f 946/946/946 940/940/940 945/945/945
f 941/941/941 940/940/940 946/946/946
f 949/949/949 948/948/948 947/947/947
f 951/951/951 949/949/949 950/950/950
f 954/954/954 953/953/953 952/952/952
f 957/957/957 956/956/956 955/955/955
f 960/960/960 959/959/959 958/958/958
f 963/963/963 962/962/962 961/961/961
f 966/966/966 965/965/965 964/964/964
f 969/969/969 968/968/968 967/967/967
f 972/972/972 971/971/971 970/970/970
f 973/973/973 971/971/971 972/972/972
f 975/975/975 971/971/971 974/974/974
f 973/973/973 974/974/974 976/976/976
f 975/975/975 978/978/978 977/977/977
f 981/981/981 980/980/980 979/979/979
f 982/982/982 981/981/981 979/979/979
f 985/985/985 984/984/984 983/983/983
f 988/988/988 987/987/987 986/986/986
f 987/987/987 989/989/989 986/986/986
f 992/992/992 991/991/991 990/990/990
f 995/995/995 994/994/994 993/993/993
f 998/998/998 997/997/997 996/996/996
f 1001/1001/1001 1000/1000/1000 999/999/999
f 1004/1004/1004 1003/1003/1003 1002/1002/1002
f 1007/1007/1007 1006/1006/1006 1005/1005/1005
f 1010/1010/1010 1009/1009/1009 1008/1008/1008
f 1012/1012/1012 1008/1008/1008 1011/1011/1011
f 1015/1015/1015 1014/1014/1014 1013/1013/1013
f 1015/1015/1015 1017/1017/1017 1016/1016/1016
f 1020/1020/1020 1019/1019/1019 1018/1018/1018
f 1022/1022/1022 1021/1021/1021 1018/1018/1018
f 1025/1025/1025 1024/1024/1024 1023/1023/1023
f 1028/1028/1028 1027/1027/1027 1026/1026/1026
f 1031/1031/1031 1030/1030/1030 1029/1029/1029
f 1034/1034/1034 1033/1033/1033 1032/1032/1032
f 1035/1035/1035 1033/1033/1033 1034/1034/1034
f 1035/1035/1035 1036/1036/1036 1033/1033/1033
f 1038/1038/1038 1037/1037/1037 1036/1036/1036
f 1041/1041/1041 1040/1040/1040 1039/1039/1039
f 1043/1043/1043 1042/1042/1042 1039/1039/1039
f 1046/1046/1046 1045/1045/1045 1044/1044/1044
f 1049/1049/1049 1048/1048/1048 1047/1047/1047
f 1052/1052/1052 1051/1051/1051 1050/1050/1050
f 1052/1052/1052 1054/1054/1054 1053/1053/1053
f 1055/1055/1055 1053/1053/1053 1050/1050/1050
f 1056/1056/1056 1055/1055/1055 1050/1050/1050
f 1059/1059/1059 1058/1058/1058 1057/1057/1057
f 1061/1061/1061 1059/1059/1059 1060/1060/1060
f 1064/1064/1064 1063/1063/1063 1062/1062/1062
f 1065/1065/1065 1062/1062/1062 1063/1063/1063
f 1067/1067/1067 1065/1065/1065 1066/1066/1066
f 1067/1067/1067 1066/1066/1066 1068/1068/1068
f 1069/1069/1069 1068/1068/1068 1066/1066/1066
f 1072/1072/1072 1071/1071/1071 1070/1070/1070
f 1070/1070/1070 1071/1071/1071 1073/1073/1073
f 1076/1076/1076 1075/1075/1075 1074/1074/1074
f 1079/1079/1079 1078/1078/1078 1077/1077/1077
f 1082/1082/1082 1081/1081/1081 1080/1080/1080
f 1083/1083/1083 1082/1082/1082 1080/1080/1080
f 1081/1081/1081 1084/1084/1084 1080/1080/1080
f 1087/1087/1087 1086/1086/1086 1085/1085/1085
f 1088/1088/1088 1087/1087/1087 1085/1085/1085
f 1089/1089/1089 1085/1085/1085 1086/1086/1086
f 1092/1092/1092 1091/1091/1091 1090/1090/1090
f 1095/1095/1095 1094/1094/1094 1093/1093/1093
f 1096/1096/1096 1095/1095/1095 1093/1093/1093
f 1099/1099/1099 1098/1098/1098 1097/1097/1097
f 1102/1102/1102 1101/1101/1101 1100/1100/1100
f 1105/1105/1105 1104/1104/1104 1103/1103/1103
f 1108/1108/1108 1107/1107/1107 1106/1106/1106
f 1111/1111/1111 1110/1110/1110 1109/1109/1109
f 1114/1114/1114 1113/1113/1113 1112/1112/1112
f 1116/1116/1116 1114/1114/1114 1115/1115/1115
f 1119/1119/1119 1118/1118/1118 1117/1117/1117
f 1122/1122/1122 1121/1121/1121 1120/1120/1120
f 1125/1125/1125 1124/1124/1124 1123/1123/1123
f 1126/1126/1126 1123/1123/1123 1124/1124/1124
f 1128/1128/1128 1127/1127/1127 1126/1126/1126
f 1131/1131/1131 1130/1130/1130 1129/1129/1129
f 1134/1134/1134 1133/1133/1133 1132/1132/1132
f 1137/1137/1137 1136/1136/1136 1135/1135/1135
f 1140/1140/1140 1139/1139/1139 1138/1138/1138
f 1143/1143/1143 1142/1142/1142 1141/1141/1141
f 1145/1145/1145 1141/1141/1141 1144/1144/1144
f 1148/1148/1148 1147/1147/1147 1146/1146/1146
f 1147/1147/1147 1149/1149/1149 1146/1146/1146
f 1152/1152/1152 1151/1151/1151 1150/1150/1150
f 1155/1155/1155 1154/1154/1154 1153/1153/1153
f 1156/1156/1156 1153/1153/1153 1154/1154/1154
f 1159/1159/1159 1158/1158/1158 1157/1157/1157
f 1162/1162/1162 1161/1161/1161 1160/1160/1160
f 1163/1163/1163 1160/1160/1160 1161/1161/1161
f 1166/1166/1166 1165/1165/1165 1164/1164/1164
f 1166/1166/1166 1168/1168/1168 1167/1167/1167
f 1169/1169/1169 1167/1167/1167 1168/1168/1168
f 1169/1169/1169 1164/1164/1164 1170/1170/1170
f 1173/1173/1173 1172/1172/1172 1171/1171/1171
f 1176/1176/1176 1175/1175/1175 1174/1174/1174
f 1179/1179/1179 1178/1178/1178 1177/1177/1177
f 1182/1182/1182 1181/1181/1181 1180/1180/1180
f 1185/1185/1185 1184/1184/1184 1183/1183/1183
f 1188/1188/1188 1187/1187/1187 1186/1186/1186
f 1191/1191/1191 1190/1190/1190 1189/1189/1189
f 1192/1192/1192 1189/1189/1189 1190/1190/1190
f 1194/1194/1194 1192/1192/1192 1193/1193/1193
f 1194/1194/1194 1196/1196/1196 1195/1195/1195
f 1197/1197/1197 1195/1195/1195 1196/1196/1196
f 1197/1197/1197 1196/1196/1196 1198/1198/1198
f 1198/1198/1198 1196/1196/1196 1199/1199/1199
f 1202/1202/1202 1201/1201/1201 1200/1200/1200
f 1205/1205/1205 1204/1204/1204 1203/1203/1203
f 1208/1208/1208 1207/1207/1207 1206/1206/1206
f 1210/1210/1210 1208/1208/1208 1209/1209/1209
f 1213/1213/1213 1212/1212/1212 1211/1211/1211
f 1216/1216/1216 1215/1215/1215 1214/1214/1214
f 1216/1216/1216 1218/1218/1218 1217/1217/1217
f 1219/1219/1219 1217/1217/1217 1218/1218/1218
f 1220/1220/1220 1219/1219/1219 1218/1218/1218
f 1220/1220/1220 1222/1222/1222 1221/1221/1221
f 1223/1223/1223 1221/1221/1221 1218/1218/1218
f 1223/1223/1223 1225/1225/1225 1224/1224/1224
f 1228/1228/1228 1227/1227/1227 1226/1226/1226
f 1231/1231/1231 1230/1230/1230 1229/1229/1229
f 1234/1234/1234 1233/1233/1233 1232/1232/1232
f 1237/1237/1237 1236/1236/1236 1235/1235/1235
f 1240/1240/1240 1239/1239/1239 1238/1238/1238
f 1243/1243/1243 1242/1242/1242 1241/1241/1241
f 1246/1246/1246 1245/1245/1245 1244/1244/1244
f 1249/1249/1249 1248/1248/1248 1247/1247/1247
f 1252/1252/1252 1251/1251/1251 1250/1250/1250
f 1252/1252/1252 1250/1250/1250 1253/1253/1253
f 1256/1256/1256 1255/1255/1255 1254/1254/1254
f 1259/1259/1259 1258/1258/1258 1257/1257/1257
f 1262/1262/1262 1261/1261/1261 1260/1260/1260
f 1264/1264/1264 1260/1260/1260 1263/1263/1263
f 1267/1267/1267 1266/1266/1266 1265/1265/1265
f 1270/1270/1270 1269/1269/1269 1268/1268/1268
f 1271/1271/1271 1268/1268/1268 1269/1269/1269
f 1274/1274/1274 1273/1273/1273 1272/1272/1272
f 1275/1275/1275 1274/1274/1274 1272/1272/1272
f 1277/1277/1277 1275/1275/1275 1276/1276/1276
f 1280/1280/1280 1279/1279/1279 1278/1278/1278
f 1283/1283/1283 1282/1282/1282 1281/1281/1281
f 1286/1286/1286 1285/1285/1285 1284/1284/1284
f 1286/1286/1286 1284/1284/1284 1287/1287/1287
f 1290/1290/1290 1289/1289/1289 1288/1288/1288
f 1291/1291/1291 1290/1290/1290 1288/1288/1288
f 1291/1291/1291 1293/1293/1293 1292/1292/1292
f 1294/1294/1294 1292/1292/1292 1293/1293/1293
f 1294/1294/1294 1293/1293/1293 1295/1295/1295
f 1295/1295/1295 1293/1293/1293 1296/1296/1296
f 1299/1299/1299 1298/1298/1298 1297/1297/1297
f 1299/1299/1299 1301/1301/1301 1300/1300/1300
f 1298/1298/1298 1303/1303/1303 1302/1302/1302
f 1305/1305/1305 1300/1300/1300 1304/1304/1304
f 1306/1306/1306 1305/1305/1305 1304/1304/1304
f 1308/1308/1308 1307/1307/1307 1304/1304/1304
f 1311/1311/1311 1310/1310/1310 1309/1309/1309
f 1314/1314/1314 1313/1313/1313 1312/1312/1312
f 1316/1316/1316 1315/1315/1315 1314/1314/1314
f 1316/1316/1316 1317/1317/1317 1315/1315/1315
f 1318/1318/1318 1315/1315/1315 1317/1317/1317
f 1321/1321/1321 1320/1320/1320 1319/1319/1319
f 1320/1320/1320 1322/1322/1322 1319/1319/1319
f 1325/1325/1325 1324/1324/1324 1323/1323/1323
f 1328/1328/1328 1327/1327/1327 1326/1326/1326
f 1331/1331/1331 1330/1330/1330 1329/1329/1329
f 1331/1331/1331 1333/1333/1333 1332/1332/1332
f 1330/1330/1330 1335/1335/1335 1334/1334/1334
f 1338/1338/1338 1337/1337/1337 1336/1336/1336
f 1341/1341/1341 1340/1340/1340 1339/1339/1339
f 1342/1342/1342 1340/1340/1340 1341/1341/1341
f 1342/1342/1342 1343/1343/1343 1340/1340/1340
f 1345/1345/1345 1344/1344/1344 1343/1343/1343
f 1345/1345/1345 1347/1347/1347 1346/1346/1346
f 1347/1347/1347 1349/1349/1349 1348/1348/1348
f 1352/1352/1352 1351/1351/1351 1350/1350/1350
f 1354/1354/1354 1353/1353/1353 1350/1350/1350
f 1357/1357/1357 1356/1356/1356 1355/1355/1355
f 1360/1360/1360 1359/1359/1359 1358/1358/1358
f 1363/1363/1363 1362/1362/1362 1361/1361/1361
f 1366/1366/1366 1365/1365/1365 1364/1364/1364
f 1365/1365/1365 1368/1368/1368 1367/1367/1367
f 1368/1368/1368 1370/1370/1370 1369/1369/1369
f 1373/1373/1373 1372/1372/1372 1371/1371/1371
f 1376/1376/1376 1375/1375/1375 1374/1374/1374
f 1378/1378/1378 1377/1377/1377 1376/1376/1376
f 1378/1378/1378 1379/1379/1379 1377/1377/1377
f 1380/1380/1380 1377/1377/1377 1379/1379/1379
f 1380/1380/1380 1382/1382/1382 1381/1381/1381
f 1382/1382/1382 1383/1383/1383 1381/1381/1381
f 1386/1386/1386 1385/1385/1385 1384/1384/1384
f 1389/1389/1389 1388/1388/1388 1387/1387/1387
f 1391/1391/1391 1390/1390/1390 1387/1387/1387
f 1390/1390/1390 1392/1392/1392 1387/1387/1387
f 1395/1395/1395 1394/1394/1394 1393/1393/1393
f 1398/1398/1398 1397/1397/1397 1396/1396/1396
f 1399/1399/1399 1398/1398/1398 1396/1396/1396
f 1402/1402/1402 1401/1401/1401 1400/1400/1400
f 1401/1401/1401 1403/1403/1403 1400/1400/1400
f 1406/1406/1406 1405/1405/1405 1404/1404/1404
f 1408/1408/1408 1407/1407/1407 1406/1406/1406
f 1411/1411/1411 1410/1410/1410 1409/1409/1409
f 1414/1414/1414 1413/1413/1413 1412/1412/1412
f 1417/1417/1417 1416/1416/1416 1415/1415/1415
f 1417/1417/1417 1419/1419/1419 1418/1418/1418
f 1421/1421/1421 1420/1420/1420 1418/1418/1418
f 1424/1424/1424 1423/1423/1423 1422/1422/1422
f 1427/1427/1427 1426/1426/1426 1425/1425/1425
f 1430/1430/1430 1429/1429/1429 1428/1428/1428
f 1429/1429/1429 1432/1432/1432 1431/1431/1431
f 1435/1435/1435 1434/1434/1434 1433/1433/1433
f 1438/1438/1438 1437/1437/1437 1436/1436/1436
f 1441/1441/1441 1440/1440/1440 1439/1439/1439
f 1444/1444/1444 1443/1443/1443 1442/1442/1442
f 1445/1445/1445 1443/1443/1443 1444/1444/1444
f 1447/1447/1447 1443/1443/1443 1446/1446/1446
f 1450/1450/1450 1449/1449/1449 1448/1448/1448
f 1453/1453/1453 1452/1452/1452 1451/1451/1451
f 1455/1455/1455 1451/1451/1451 1454/1454/1454
f 1457/1457/1457 1455/1455/1455 1456/1456/1456
f 1460/1460/1460 1459/1459/1459 1458/1458/1458
f 1463/1463/1463 1462/1462/1462 1461/1461/1461
f 1466/1466/1466 1465/1465/1465 1464/1464/1464
f 1469/1469/1469 1468/1468/1468 1467/1467/1467
f 1472/1472/1472 1471/1471/1471 1470/1470/1470
f 1475/1475/1475 1474/1474/1474 1473/1473/1473
f 1476/1476/1476 1473/1473/1473 1474/1474/1474
f 1479/1479/1479 1478/1478/1478 1477/1477/1477
f 1480/1480/1480 1478/1478/1478 1479/1479/1479
f 1483/1483/1483 1482/1482/1482 1481/1481/1481
f 1484/1484/1484 1483/1483/1483 1481/1481/1481
f 1487/1487/1487 1486/1486/1486 1485/1485/1485
f 1487/1487/1487 1485/1485/1485 1488/1488/1488
f 1489/1489/1489 1488/1488/1488 1485/1485/1485
f 1492/1492/1492 1491/1491/1491 1490/1490/1490
f 1491/1491/1491 1493/1493/1493 1490/1490/1490
f 1496/1496/1496 1495/1495/1495 1494/1494/1494
f 1497/1497/1497 1496/1496/1496 1494/1494/1494
f 1495/1495/1495 1498/1498/1498 1494/1494/1494
f 1501/1501/1501 1500/1500/1500 1499/1499/1499
f 1502/1502/1502 1501/1501/1501 1499/1499/1499
f 1503/1503/1503 1499/1499/1499 1500/1500/1500
f 1502/1502/1502 1505/1505/1505 1504/1504/1504
f 1508/1508/1508 1507/1507/1507 1506/1506/1506
f 1509/1509/1509 1508/1508/1508 1506/1506/1506
f 1512/1512/1512 1511/1511/1511 1510/1510/1510
f 1514/1514/1514 1511/1511/1511 1513/1513/1513
f 1517/1517/1517 1516/1516/1516 1515/1515/1515
f 1520/1520/1520 1519/1519/1519 1518/1518/1518
f 1523/1523/1523 1522/1522/1522 1521/1521/1521
f 1526/1526/1526 1525/1525/1525 1524/1524/1524
f 1529/1529/1529 1528/1528/1528 1527/1527/1527
f 1528/1528/1528 1531/1531/1531 1530/1530/1530
f 1532/1532/1532 1530/1530/1530 1531/1531/1531
f 1535/1535/1535 1534/1534/1534 1533/1533/1533
f 1537/1537/1537 1534/1534/1534 1536/1536/1536
f 1540/1540/1540 1539/1539/1539 1538/1538/1538
f 1543/1543/1543 1542/1542/1542 1541/1541/1541
f 1546/1546/1546 1545/1545/1545 1544/1544/1544
f 1545/1545/1545 1548/1548/1548 1547/1547/1547
f 1550/1550/1550 1549/1549/1549 1548/1548/1548
f 1550/1550/1550 1552/1552/1552 1551/1551/1551
f 1555/1555/1555 1554/1554/1554 1553/1553/1553
f 1558/1558/1558 1557/1557/1557 1556/1556/1556
f 1561/1561/1561 1560/1560/1560 1559/1559/1559
f 1564/1564/1564 1563/1563/1563 1562/1562/1562
f 1565/1565/1565 1562/1562/1562 1563/1563/1563
f 1567/1567/1567 1564/1564/1564 1566/1566/1566
f 1570/1570/1570 1569/1569/1569 1568/1568/1568
f 1573/1573/1573 1572/1572/1572 1571/1571/1571
f 1576/1576/1576 1575/1575/1575 1574/1574/1574
f 1579/1579/1579 1578/1578/1578 1577/1577/1577
f 1580/1580/1580 1577/1577/1577 1578/1578/1578
f 1580/1580/1580 1578/1578/1578 1581/1581/1581
f 1584/1584/1584 1583/1583/1583 1582/1582/1582
f 1586/1586/1586 1582/1582/1582 1585/1585/1585
f 1587/1587/1587 1586/1586/1586 1585/1585/1585
f 1590/1590/1590 1589/1589/1589 1588/1588/1588
f 1589/1589/1589 1592/1592/1592 1591/1591/1591
f 1595/1595/1595 1594/1594/1594 1593/1593/1593
f 1598/1598/1598 1597/1597/1597 1596/1596/1596
f 1601/1601/1601 1600/1600/1600 1599/1599/1599
f 1604/1604/1604 1603/1603/1603 1602/1602/1602
f 1605/1605/1605 1603/1603/1603 1604/1604/1604
f 1607/1607/1607 1603/1603/1603 1606/1606/1606
f 1610/1610/1610 1609/1609/1609 1608/1608/1608
f 1613/1613/1613 1612/1612/1612 1611/1611/1611
f 1615/1615/1615 1611/1611/1611 1614/1614/1614
f 1617/1617/1617 1615/1615/1615 1616/1616/1616
f 1620/1620/1620 1619/1619/1619 1618/1618/1618
f 1623/1623/1623 1622/1622/1622 1621/1621/1621
f 1624/1624/1624 1623/1623/1623 1621/1621/1621
f 1627/1627/1627 1626/1626/1626 1625/1625/1625
f 1626/1626/1626 1628/1628/1628 1625/1625/1625
f 1631/1631/1631 1630/1630/1630 1629/1629/1629
f 1633/1633/1633 1632/1632/1632 1631/1631/1631
f 1636/1636/1636 1635/1635/1635 1634/1634/1634
f 1639/1639/1639 1638/1638/1638 1637/1637/1637
f 1642/1642/1642 1641/1641/1641 1640/1640/1640
f 1642/1642/1642 1644/1644/1644 1643/1643/1643
f 1646/1646/1646 1645/1645/1645 1643/1643/1643
f 1649/1649/1649 1648/1648/1648 1647/1647/1647
f 1652/1652/1652 1651/1651/1651 1650/1650/1650
f 1655/1655/1655 1654/1654/1654 1653/1653/1653
f 1655/1655/1655 1657/1657/1657 1656/1656/1656
f 1654/1654/1654 1659/1659/1659 1658/1658/1658
f 1662/1662/1662 1661/1661/1661 1660/1660/1660
f 1665/1665/1665 1664/1664/1664 1663/1663/1663
f 1668/1668/1668 1667/1667/1667 1666/1666/1666
f 1670/1670/1670 1669/1669/1669 1666/1666/1666
f 1673/1673/1673 1672/1672/1672 1671/1671/1671
f 1676/1676/1676 1675/1675/1675 1674/1674/1674
f 1679/1679/1679 1678/1678/1678 1677/1677/1677
f 1682/1682/1682 1681/1681/1681 1680/1680/1680
f 1684/1684/1684 1682/1682/1682 1683/1683/1683
f 1684/1684/1684 1686/1686/1686 1685/1685/1685
f 1688/1688/1688 1685/1685/1685 1687/1687/1687
f 1688/1688/1688 1687/1687/1687 1689/1689/1689
f 1692/1692/1692 1691/1691/1691 1690/1690/1690
f 1695/1695/1695 1694/1694/1694 1693/1693/1693
f 1698/1698/1698 1697/1697/1697 1696/1696/1696
f 1701/1701/1701 1700/1700/1700 1699/1699/1699
f 1704/1704/1704 1703/1703/1703 1702/1702/1702
f 1705/1705/1705 1702/1702/1702 1703/1703/1703
f 1708/1708/1708 1707/1707/1707 1706/1706/1706
f 1709/1709/1709 1707/1707/1707 1708/1708/1708
f 1712/1712/1712 1711/1711/1711 1710/1710/1710
f 1713/1713/1713 1712/1712/1712 1710/1710/1710
f 1716/1716/1716 1715/1715/1715 1714/1714/1714
f 1716/1716/1716 1714/1714/1714 1717/1717/1717
f 1718/1718/1718 1717/1717/1717 1714/1714/1714
f 1721/1721/1721 1720/1720/1720 1719/1719/1719
f 1720/1720/1720 1722/1722/1722 1719/1719/1719
f 1725/1725/1725 1724/1724/1724 1723/1723/1723
f 1724/1724/1724 1726/1726/1726 1723/1723/1723
f 1728/1728/1728 1725/1725/1725 1727/1727/1727
f 1731/1731/1731 1730/1730/1730 1729/1729/1729
f 1732/1732/1732 1731/1731/1731 1729/1729/1729
f 1732/1732/1732 1734/1734/1734 1733/1733/1733
f 1736/1736/1736 1735/1735/1735 1729/1729/1729
f 1739/1739/1739 1738/1738/1738 1737/1737/1737
f 1740/1740/1740 1739/1739/1739 1737/1737/1737
f 1743/1743/1743 1742/1742/1742 1741/1741/1741
f 1746/1746/1746 1745/1745/1745 1744/1744/1744
f 1744/1744/1744 1745/1745/1745 1747/1747/1747
f 1750/1750/1750 1749/1749/1749 1748/1748/1748
f 1753/1753/1753 1752/1752/1752 1751/1751/1751
f 1756/1756/1756 1755/1755/1755 1754/1754/1754
f 1759/1759/1759 1758/1758/1758 1757/1757/1757
f 1762/1762/1762 1761/1761/1761 1760/1760/1760
f 1765/1765/1765 1764/1764/1764 1763/1763/1763
f 1767/1767/1767 1764/1764/1764 1766/1766/1766
f 1770/1770/1770 1769/1769/1769 1768/1768/1768
f 1773/1773/1773 1772/1772/1772 1771/1771/1771
f 1774/1774/1774 1771/1771/1771 1772/1772/1772
f 1776/1776/1776 1774/1774/1774 1775/1775/1775
f 1779/1779/1779 1778/1778/1778 1777/1777/1777
f 1778/1778/1778 1781/1781/1781 1780/1780/1780
f 1783/1783/1783 1782/1782/1782 1781/1781/1781
f 1783/1783/1783 1785/1785/1785 1784/1784/1784
f 1788/1788/1788 1787/1787/1787 1786/1786/1786
f 1791/1791/1791 1790/1790/1790 1789/1789/1789
f 1791/1791/1791 1789/1789/1789 1792/1792/1792
f 1795/1795/1795 1794/1794/1794 1793/1793/1793
f 1798/1798/1798 1797/1797/1797 1796/1796/1796
f 1801/1801/1801 1800/1800/1800 1799/1799/1799
f 1802/1802/1802 1799/1799/1799 1800/1800/1800
f 1805/1805/1805 1804/1804/1804 1803/1803/1803
f 1806/1806/1806 1803/1803/1803 1804/1804/1804
f 1809/1809/1809 1808/1808/1808 1807/1807/1807
f 1812/1812/1812 1811/1811/1811 1810/1810/1810
f 1810/1810/1810 1814/1814/1814 1813/1813/1813
f 1817/1817/1817 1816/1816/1816 1815/1815/1815
f 1820/1820/1820 1819/1819/1819 1818/1818/1818
f 1823/1823/1823 1822/1822/1822 1821/1821/1821
f 1826/1826/1826 1825/1825/1825 1824/1824/1824
f 1829/1829/1829 1828/1828/1828 1827/1827/1827
f 1832/1832/1832 1831/1831/1831 1830/1830/1830
f 1835/1835/1835 1834/1834/1834 1833/1833/1833
f 1836/1836/1836 1833/1833/1833 1834/1834/1834
f 1838/1838/1838 1836/1836/1836 1837/1837/1837
f 1838/1838/1838 1840/1840/1840 1839/1839/1839
f 1841/1841/1841 1839/1839/1839 1840/1840/1840
f 1841/1841/1841 1840/1840/1840 1842/1842/1842
f 1842/1842/1842 1840/1840/1840 1843/1843/1843
f 1845/1845/1845 1843/1843/1843 1844/1844/1844
f 1847/1847/1847 1845/1845/1845 1846/1846/1846
f 1850/1850/1850 1849/1849/1849 1848/1848/1848
f 1852/1852/1852 1850/1850/1850 1851/1851/1851
f 1855/1855/1855 1854/1854/1854 1853/1853/1853
f 1858/1858/1858 1857/1857/1857 1856/1856/1856
f 1858/1858/1858 1860/1860/1860 1859/1859/1859
f 1861/1861/1861 1859/1859/1859 1860/1860/1860
f 1863/1863/1863 1862/1862/1862 1860/1860/1860
f 1865/1865/1865 1864/1864/1864 1862/1862/1862
f 1868/1868/1868 1867/1867/1867 1866/1866/1866
f 1870/1870/1870 1866/1866/1866 1869/1869/1869
f 1873/1873/1873 1872/1872/1872 1871/1871/1871
f 1876/1876/1876 1875/1875/1875 1874/1874/1874
f 1879/1879/1879 1878/1878/1878 1877/1877/1877
f 1882/1882/1882 1881/1881/1881 1880/1880/1880
f 1885/1885/1885 1884/1884/1884 1883/1883/1883
f 1888/1888/1888 1887/1887/1887 1886/1886/1886
f 1891/1891/1891 1890/1890/1890 1889/1889/1889
f 1892/1892/1892 1889/1889/1889 1890/1890/1890
f 1891/1891/1891 1893/1893/1893 1890/1890/1890
f 1896/1896/1896 1895/1895/1895 1894/1894/1894
f 1897/1897/1897 1894/1894/1894 1895/1895/1895
f 1900/1900/1900 1899/1899/1899 1898/1898/1898
f 1903/1903/1903 1902/1902/1902 1901/1901/1901
f 1901/1901/1901 1905/1905/1905 1904/1904/1904
f 1906/1906/1906 1904/1904/1904 1905/1905/1905
f 1909/1909/1909 1908/1908/1908 1907/1907/1907
f 1912/1912/1912 1911/1911/1911 1910/1910/1910
f 1915/1915/1915 1914/1914/1914 1913/1913/1913
f 1916/1916/1916 1915/1915/1915 1913/1913/1913
f 1918/1918/1918 1916/1916/1916 1917/1917/1917
f 1914/1914/1914 1920/1920/1920 1919/1919/1919
f 1923/1923/1923 1922/1922/1922 1921/1921/1921
f 1926/1926/1926 1925/1925/1925 1924/1924/1924
f 1927/1927/1927 1925/1925/1925 1926/1926/1926
f 1927/1927/1927 1928/1928/1928 1925/1925/1925
f 1929/1929/1929 1925/1925/1925 1928/1928/1928
f 1929/1929/1929 1931/1931/1931 1930/1930/1930
f 1931/1931/1931 1932/1932/1932 1930/1930/1930
f 1935/1935/1935 1934/1934/1934 1933/1933/1933
f 1935/1935/1935 1936/1936/1936 1934/1934/1934
f 1939/1939/1939 1938/1938/1938 1937/1937/1937
f 1940/1940/1940 1939/1939/1939 1937/1937/1937
f 1938/1938/1938 1941/1941/1941 1937/1937/1937
f 1944/1944/1944 1943/1943/1943 1942/1942/1942
f 1945/1945/1945 1944/1944/1944 1942/1942/1942
f 1946/1946/1946 1942/1942/1942 1943/1943/1943
f 1945/1945/1945 1948/1948/1948 1947/1947/1947
f 1951/1951/1951 1950/1950/1950 1949/1949/1949
f 1952/1952/1952 1951/1951/1951 1949/1949/1949
f 1955/1955/1955 1954/1954/1954 1953/1953/1953
f 1957/1957/1957 1954/1954/1954 1956/1956/1956
f 1960/1960/1960 1959/1959/1959 1958/1958/1958
f 1963/1963/1963 1962/1962/1962 1961/1961/1961
f 1966/1966/1966 1965/1965/1965 1964/1964/1964
f 1969/1969/1969 1968/1968/1968 1967/1967/1967
f 1969/1969/1969 1971/1971/1971 1970/1970/1970
f 1968/1968/1968 1972/1972/1972 1971/1971/1971
f 1975/1975/1975 1974/1974/1974 1973/1973/1973
f 1978/1978/1978 1977/1977/1977 1976/1976/1976
f 1979/1979/1979 1977/1977/1977 1978/1978/1978
f 1979/1979/1979 1980/1980/1980 1977/1977/1977
f 1982/1982/1982 1981/1981/1981 1980/1980/1980
f 1982/1982/1982 1984/1984/1984 1983/1983/1983
f 1984/1984/1984 1986/1986/1986 1985/1985/1985
f 1989/1989/1989 1988/1988/1988 1987/1987/1987
f 1991/1991/1991 1990/1990/1990 1987/1987/1987
f 1994/1994/1994 1993/1993/1993 1992/1992/1992
f 1997/1997/1997 1996/1996/1996 1995/1995/1995
f 2000/2000/2000 1999/1999/1999 1998/1998/1998
f 2003/2003/2003 2002/2002/2002 2001/2001/2001
f 2005/2005/2005 2003/2003/2003 2004/2004/2004
f 2008/2008/2008 2007/2007/2007 2006/2006/2006
f 2007/2007/2007 2009/2009/2009 2006/2006/2006
f 2010/2010/2010 2006/2006/2006 2009/2009/2009
f 2011/2011/2011 2006/2006/2006 2010/2010/2010
f 2014/2014/2014 2013/2013/2013 2012/2012/2012
f 2017/2017/2017 2016/2016/2016 2015/2015/2015
f 2019/2019/2019 2018/2018/2018 2015/2015/2015
f 2021/2021/2021 2015/2015/2015 2020/2020/2020
f 2021/2021/2021 2023/2023/2023 2022/2022/2022
f 2026/2026/2026 2025/2025/2025 2024/2024/2024
f 2029/2029/2029 2028/2028/2028 2027/2027/2027
f 2030/2030/2030 2029/2029/2029 2027/2027/2027
f 2033/2033/2033 2032/2032/2032 2031/2031/2031
f 2036/2036/2036 2035/2035/2035 2034/2034/2034
f 2039/2039/2039 2038/2038/2038 2037/2037/2037
f 2042/2042/2042 2041/2041/2041 2040/2040/2040
f 2045/2045/2045 2044/2044/2044 2043/2043/2043
f 2046/2046/2046 2043/2043/2043 2044/2044/2044
f 2049/2049/2049 2048/2048/2048 2047/2047/2047
f 2050/2050/2050 2048/2048/2048 2049/2049/2049
f 2053/2053/2053 2052/2052/2052 2051/2051/2051
f 2056/2056/2056 2055/2055/2055 2054/2054/2054
f 2056/2056/2056 2054/2054/2054 2057/2057/2057
f 2058/2058/2058 2057/2057/2057 2054/2054/2054
f 2061/2061/2061 2060/2060/2060 2059/2059/2059
f 2060/2060/2060 2062/2062/2062 2059/2059/2059
f 2065/2065/2065 2064/2064/2064 2063/2063/2063
f 2068/2068/2068 2067/2067/2067 2066/2066/2066
f 2070/2070/2070 2069/2069/2069 2067/2067/2067
f 2070/2070/2070 2072/2072/2072 2071/2071/2071
f 2075/2075/2075 2074/2074/2074 2073/2073/2073
f 2078/2078/2078 2077/2077/2077 2076/2076/2076
f 2081/2081/2081 2080/2080/2080 2079/2079/2079
f 2084/2084/2084 2083/2083/2083 2082/2082/2082
f 2086/2086/2086 2082/2082/2082 2085/2085/2085
f 2088/2088/2088 2086/2086/2086 2087/2087/2087
f 2091/2091/2091 2090/2090/2090 2089/2089/2089
f 2094/2094/2094 2093/2093/2093 2092/2092/2092
f 2097/2097/2097 2096/2096/2096 2095/2095/2095
f 2095/2095/2095 2096/2096/2096 2098/2098/2098
f 2101/2101/2101 2100/2100/2100 2099/2099/2099
f 2104/2104/2104 2103/2103/2103 2102/2102/2102
f 2107/2107/2107 2106/2106/2106 2105/2105/2105
f 2110/2110/2110 2109/2109/2109 2108/2108/2108
f 2113/2113/2113 2112/2112/2112 2111/2111/2111
f 2116/2116/2116 2115/2115/2115 2114/2114/2114
f 2117/2117/2117 2114/2114/2114 2115/2115/2115
f 2120/2120/2120 2119/2119/2119 2118/2118/2118
f 2121/2121/2121 2119/2119/2119 2120/2120/2120
f 2124/2124/2124 2123/2123/2123 2122/2122/2122
f 2125/2125/2125 2124/2124/2124 2122/2122/2122
f 2128/2128/2128 2127/2127/2127 2126/2126/2126
f 2128/2128/2128 2126/2126/2126 2129/2129/2129
f 2130/2130/2130 2129/2129/2129 2126/2126/2126
f 2133/2133/2133 2132/2132/2132 2131/2131/2131
f 2132/2132/2132 2134/2134/2134 2131/2131/2131
f 2137/2137/2137 2136/2136/2136 2135/2135/2135
f 2140/2140/2140 2139/2139/2139 2138/2138/2138
f 2143/2143/2143 2142/2142/2142 2141/2141/2141
f 2144/2144/2144 2143/2143/2143 2141/2141/2141
f 2147/2147/2147 2146/2146/2146 2145/2145/2145
f 2146/2146/2146 2149/2149/2149 2148/2148/2148
f 2150/2150/2150 2148/2148/2148 2149/2149/2149
f 2151/2151/2151 2148/2148/2148 2150/2150/2150
f 2151/2151/2151 2153/2153/2153 2152/2152/2152
f 2155/2155/2155 2154/2154/2154 2152/2152/2152
f 2155/2155/2155 2156/2156/2156 2153/2153/2153
f 2154/2154/2154 2158/2158/2158 2157/2157/2157
f 2159/2159/2159 2157/2157/2157 2158/2158/2158
f 2162/2162/2162 2161/2161/2161 2160/2160/2160
f 2163/2163/2163 2162/2162/2162 2160/2160/2160
f 2164/2164/2164 2163/2163/2163 2160/2160/2160
f 2161/2161/2161 2165/2165/2165 2160/2160/2160
f 2165/2165/2165 2166/2166/2166 2160/2160/2160
f 2167/2167/2167 2160/2160/2160 2166/2166/2166
f 2168/2168/2168 2160/2160/2160 2167/2167/2167
f 2169/2169/2169 2164/2164/2164 2160/2160/2160
f 2169/2169/2169 2160/2160/2160 2170/2170/2170
f 2171/2171/2171 2170/2170/2170 2160/2160/2160
f 2172/2172/2172 2171/2171/2171 2160/2160/2160
f 2172/2172/2172 2160/2160/2160 2173/2173/2173
f 2168/2168/2168 2173/2173/2173 2160/2160/2160
f 2176/2176/2176 2175/2175/2175 2174/2174/2174
f 2179/2179/2179 2178/2178/2178 2177/2177/2177
f 2182/2182/2182 2181/2181/2181 2180/2180/2180
f 2185/2185/2185 2184/2184/2184 2183/2183/2183
f 2187/2187/2187 2186/2186/2186 2185/2185/2185
f 2187/2187/2187 2189/2189/2189 2188/2188/2188
f 2191/2191/2191 2190/2190/2190 2186/2186/2186
f 2190/2190/2190 2193/2193/2193 2192/2192/2192
f 2196/2196/2196 2195/2195/2195 2194/2194/2194
f 2199/2199/2199 2198/2198/2198 2197/2197/2197
f 2202/2202/2202 2201/2201/2201 2200/2200/2200
f 2205/2205/2205 2204/2204/2204 2203/2203/2203
f 2208/2208/2208 2207/2207/2207 2206/2206/2206
f 2211/2211/2211 2210/2210/2210 2209/2209/2209
f 2211/2211/2211 2213/2213/2213 2212/2212/2212
f 2210/2210/2210 2214/2214/2214 2213/2213/2213
f 2217/2217/2217 2216/2216/2216 2215/2215/2215
f 2220/2220/2220 2219/2219/2219 2218/2218/2218
f 2223/2223/2223 2222/2222/2222 2221/2221/2221
f 2223/2223/2223 2224/2224/2224 2222/2222/2222
f 2226/2226/2226 2225/2225/2225 2224/2224/2224
f 2226/2226/2226 2228/2228/2228 2227/2227/2227
f 2228/2228/2228 2229/2229/2229 2227/2227/2227
f 2231/2231/2231 2230/2230/2230 2229/2229/2229
f 2234/2234/2234 2233/2233/2233 2232/2232/2232
f 2236/2236/2236 2235/2235/2235 2232/2232/2232
f 2239/2239/2239 2238/2238/2238 2237/2237/2237
f 2242/2242/2242 2241/2241/2241 2240/2240/2240
f 2245/2245/2245 2244/2244/2244 2243/2243/2243
f 2244/2244/2244 2247/2247/2247 2246/2246/2246
f 2247/2247/2247 2249/2249/2249 2248/2248/2248
f 2250/2250/2250 2248/2248/2248 2249/2249/2249
f 2253/2253/2253 2252/2252/2252 2251/2251/2251
f 2256/2256/2256 2255/2255/2255 2254/2254/2254
f 2257/2257/2257 2256/2256/2256 2254/2254/2254
f 2260/2260/2260 2259/2259/2259 2258/2258/2258
f 2262/2262/2262 2258/2258/2258 2261/2261/2261
f 2263/2263/2263 2262/2262/2262 2259/2259/2259
f 2266/2266/2266 2265/2265/2265 2264/2264/2264
f 2269/2269/2269 2268/2268/2268 2267/2267/2267
f 2272/2272/2272 2271/2271/2271 2270/2270/2270
f 2275/2275/2275 2274/2274/2274 2273/2273/2273
f 2274/2274/2274 2277/2277/2277 2276/2276/2276
f 2280/2280/2280 2279/2279/2279 2278/2278/2278
f 2282/2282/2282 2281/2281/2281 2278/2278/2278
f 2284/2284/2284 2283/2283/2283 2281/2281/2281
f 2282/2282/2282 2286/2286/2286 2285/2285/2285
f 2289/2289/2289 2288/2288/2288 2287/2287/2287
f 2292/2292/2292 2291/2291/2291 2290/2290/2290
f 2295/2295/2295 2294/2294/2294 2293/2293/2293
f 2297/2297/2297 2296/2296/2296 2294/2294/2294
f 2300/2300/2300 2299/2299/2299 2298/2298/2298
f 2303/2303/2303 2302/2302/2302 2301/2301/2301
f 2306/2306/2306 2305/2305/2305 2304/2304/2304
f 2309/2309/2309 2308/2308/2308 2307/2307/2307
f 2308/2308/2308 2310/2310/2310 2307/2307/2307
f 2312/2312/2312 2309/2309/2309 2311/2311/2311
f 2315/2315/2315 2314/2314/2314 2313/2313/2313
f 2317/2317/2317 2316/2316/2316 2314/2314/2314
f 2320/2320/2320 2319/2319/2319 2318/2318/2318
f 2320/2320/2320 2322/2322/2322 2321/2321/2321
f 2324/2324/2324 2323/2323/2323 2322/2322/2322
f 2327/2327/2327 2326/2326/2326 2325/2325/2325
f 2330/2330/2330 2329/2329/2329 2328/2328/2328
f 2333/2333/2333 2332/2332/2332 2331/2331/2331
f 2335/2335/2335 2331/2331/2331 2334/2334/2334
f 2338/2338/2338 2337/2337/2337 2336/2336/2336
f 2341/2341/2341 2340/2340/2340 2339/2339/2339
f 2341/2341/2341 2343/2343/2343 2342/2342/2342
f 2340/2340/2340 2345/2345/2345 2344/2344/2344
f 2348/2348/2348 2347/2347/2347 2346/2346/2346
f 2351/2351/2351 2350/2350/2350 2349/2349/2349
f 2354/2354/2354 2353/2353/2353 2352/2352/2352
f 2354/2354/2354 2356/2356/2356 2355/2355/2355
f 2358/2358/2358 2357/2357/2357 2356/2356/2356
f 2358/2358/2358 2360/2360/2360 2359/2359/2359
f 2360/2360/2360 2362/2362/2362 2361/2361/2361
f 2365/2365/2365 2364/2364/2364 2363/2363/2363
f 2368/2368/2368 2367/2367/2367 2366/2366/2366
f 2367/2367/2367 2369/2369/2369 2366/2366/2366
f 2372/2372/2372 2371/2371/2371 2370/2370/2370
f 2375/2375/2375 2374/2374/2374 2373/2373/2373
f 2378/2378/2378 2377/2377/2377 2376/2376/2376
f 2381/2381/2381 2380/2380/2380 2379/2379/2379
f 2382/2382/2382 2379/2379/2379 2380/2380/2380
f 2383/2383/2383 2382/2382/2382 2380/2380/2380
f 2386/2386/2386 2385/2385/2385 2384/2384/2384
f 2389/2389/2389 2388/2388/2388 2387/2387/2387
f 2392/2392/2392 2391/2391/2391 2390/2390/2390
f 2394/2394/2394 2390/2390/2390 2393/2393/2393
f 2397/2397/2397 2396/2396/2396 2395/2395/2395
f 2397/2397/2397 2399/2399/2399 2398/2398/2398
f 2401/2401/2401 2398/2398/2398 2400/2400/2400
f 2404/2404/2404 2403/2403/2403 2402/2402/2402
f 2402/2402/2402 2403/2403/2403 2405/2405/2405
f 2406/2406/2406 2405/2405/2405 2403/2403/2403
f 2409/2409/2409 2408/2408/2408 2407/2407/2407
f 2412/2412/2412 2411/2411/2411 2410/2410/2410
f 2411/2411/2411 2414/2414/2414 2413/2413/2413
f 2417/2417/2417 2416/2416/2416 2415/2415/2415
f 2420/2420/2420 2419/2419/2419 2418/2418/2418
f 2423/2423/2423 2422/2422/2422 2421/2421/2421
f 2424/2424/2424 2421/2421/2421 2422/2422/2422
f 2425/2425/2425 2421/2421/2421 2424/2424/2424
f 2425/2425/2425 2427/2427/2427 2426/2426/2426
f 2429/2429/2429 2428/2428/2428 2427/2427/2427
f 2429/2429/2429 2430/2430/2430 2428/2428/2428
f 2430/2430/2430 2431/2431/2431 2428/2428/2428
f 2433/2433/2433 2432/2432/2432 2431/2431/2431
f 2433/2433/2433 2434/2434/2434 2432/2432/2432
f 2437/2437/2437 2436/2436/2436 2435/2435/2435
f 2439/2439/2439 2437/2437/2437 2438/2438/2438
f 2442/2442/2442 2441/2441/2441 2440/2440/2440
f 2445/2445/2445 2444/2444/2444 2443/2443/2443
f 2448/2448/2448 2447/2447/2447 2446/2446/2446
f 2451/2451/2451 2450/2450/2450 2449/2449/2449
f 2454/2454/2454 2453/2453/2453 2452/2452/2452
f 2456/2456/2456 2453/2453/2453 2455/2455/2455
f 2456/2456/2456 2458/2458/2458 2457/2457/2457
f 2458/2458/2458 2459/2459/2459 2457/2457/2457
f 2460/2460/2460 2457/2457/2457 2459/2459/2459
f 2460/2460/2460 2462/2462/2462 2461/2461/2461
f 2465/2465/2465 2464/2464/2464 2463/2463/2463
f 2468/2468/2468 2467/2467/2467 2466/2466/2466
f 2470/2470/2470 2468/2468/2468 2469/2469/2469
f 2471/2471/2471 2470/2470/2470 2469/2469/2469
f 2473/2473/2473 2471/2471/2471 2472/2472/2472
f 2476/2476/2476 2475/2475/2475 2474/2474/2474
f 2475/2475/2475 2477/2477/2477 2474/2474/2474
f 2479/2479/2479 2478/2478/2478 2477/2477/2477
f 2481/2481/2481 2478/2478/2478 2480/2480/2480
f 2484/2484/2484 2483/2483/2483 2482/2482/2482
f 2487/2487/2487 2486/2486/2486 2485/2485/2485
f 2488/2488/2488 2485/2485/2485 2486/2486/2486
f 2489/2489/2489 2488/2488/2488 2486/2486/2486
f 2492/2492/2492 2491/2491/2491 2490/2490/2490
f 2495/2495/2495 2494/2494/2494 2493/2493/2493
f 2498/2498/2498 2497/2497/2497 2496/2496/2496
f 2501/2501/2501 2500/2500/2500 2499/2499/2499
f 2504/2504/2504 2503/2503/2503 2502/2502/2502
f 2506/2506/2506 2505/2505/2505 2504/2504/2504
f 2506/2506/2506 2508/2508/2508 2507/2507/2507
f 2510/2510/2510 2509/2509/2509 2505/2505/2505
f 2509/2509/2509 2512/2512/2512 2511/2511/2511
f 2515/2515/2515 2514/2514/2514 2513/2513/2513
f 2518/2518/2518 2517/2517/2517 2516/2516/2516
f 2521/2521/2521 2520/2520/2520 2519/2519/2519
f 2524/2524/2524 2523/2523/2523 2522/2522/2522
f 2527/2527/2527 2526/2526/2526 2525/2525/2525
f 2530/2530/2530 2529/2529/2529 2528/2528/2528
f 2531/2531/2531 2530/2530/2530 2528/2528/2528
f 2529/2529/2529 2532/2532/2532 2528/2528/2528
f 2535/2535/2535 2534/2534/2534 2533/2533/2533
f 2538/2538/2538 2537/2537/2537 2536/2536/2536
f 2538/2538/2538 2540/2540/2540 2539/2539/2539
f 2543/2543/2543 2542/2542/2542 2541/2541/2541
f 2546/2546/2546 2545/2545/2545 2544/2544/2544
f 2549/2549/2549 2548/2548/2548 2547/2547/2547
f 2551/2551/2551 2547/2547/2547 2550/2550/2550
f 2554/2554/2554 2553/2553/2553 2552/2552/2552
f 2552/2552/2552 2553/2553/2553 2555/2555/2555
f 2558/2558/2558 2557/2557/2557 2556/2556/2556
f 2561/2561/2561 2560/2560/2560 2559/2559/2559
f 2564/2564/2564 2563/2563/2563 2562/2562/2562
f 2563/2563/2563 2566/2566/2566 2565/2565/2565
f 2569/2569/2569 2568/2568/2568 2567/2567/2567
f 2572/2572/2572 2571/2571/2571 2570/2570/2570
f 2575/2575/2575 2574/2574/2574 2573/2573/2573
f 2578/2578/2578 2577/2577/2577 2576/2576/2576
f 2579/2579/2579 2577/2577/2577 2578/2578/2578
f 2582/2582/2582 2581/2581/2581 2580/2580/2580
f 2585/2585/2585 2584/2584/2584 2583/2583/2583
f 2587/2587/2587 2583/2583/2583 2586/2586/2586
f 2589/2589/2589 2587/2587/2587 2588/2588/2588
f 2592/2592/2592 2591/2591/2591 2590/2590/2590
f 2595/2595/2595 2594/2594/2594 2593/2593/2593
f 2598/2598/2598 2597/2597/2597 2596/2596/2596
f 2597/2597/2597 2600/2600/2600 2599/2599/2599
f 2603/2603/2603 2602/2602/2602 2601/2601/2601
f 2606/2606/2606 2605/2605/2605 2604/2604/2604
f 2609/2609/2609 2608/2608/2608 2607/2607/2607
f 2612/2612/2612 2611/2611/2611 2610/2610/2610
f 2613/2613/2613 2611/2611/2611 2612/2612/2612
f 2615/2615/2615 2611/2611/2611 2614/2614/2614
f 2618/2618/2618 2617/2617/2617 2616/2616/2616
f 2621/2621/2621 2620/2620/2620 2619/2619/2619
f 2623/2623/2623 2619/2619/2619 2622/2622/2622
f 2625/2625/2625 2623/2623/2623 2624/2624/2624
f 2628/2628/2628 2627/2627/2627 2626/2626/2626
f 2631/2631/2631 2630/2630/2630 2629/2629/2629
f 2630/2630/2630 2633/2633/2633 2632/2632/2632
f 2636/2636/2636 2635/2635/2635 2634/2634/2634
f 2639/2639/2639 2638/2638/2638 2637/2637/2637
f 2642/2642/2642 2641/2641/2641 2640/2640/2640
f 2645/2645/2645 2644/2644/2644 2643/2643/2643
f 2646/2646/2646 2644/2644/2644 2645/2645/2645
f 2648/2648/2648 2644/2644/2644 2647/2647/2647
f 2651/2651/2651 2650/2650/2650 2649/2649/2649
f 2654/2654/2654 2653/2653/2653 2652/2652/2652
f 2656/2656/2656 2652/2652/2652 2655/2655/2655
f 2658/2658/2658 2656/2656/2656 2657/2657/2657
f 2661/2661/2661 2660/2660/2660 2659/2659/2659
f 2664/2664/2664 2663/2663/2663 2662/2662/2662
f 2663/2663/2663 2666/2666/2666 2665/2665/2665
f 2669/2669/2669 2668/2668/2668 2667/2667/2667
f 2672/2672/2672 2671/2671/2671 2670/2670/2670
f 2675/2675/2675 2674/2674/2674 2673/2673/2673
f 2678/2678/2678 2677/2677/2677 2676/2676/2676
f 2680/2680/2680 2679/2679/2679 2678/2678/2678
f 2682/2682/2682 2677/2677/2677 2681/2681/2681
f 2685/2685/2685 2684/2684/2684 2683/2683/2683
f 2688/2688/2688 2687/2687/2687 2686/2686/2686
f 2690/2690/2690 2686/2686/2686 2689/2689/2689
f 2692/2692/2692 2690/2690/2690 2691/2691/2691
f 2695/2695/2695 2694/2694/2694 2693/2693/2693
f 2698/2698/2698 2697/2697/2697 2696/2696/2696
f 2697/2697/2697 2700/2700/2700 2699/2699/2699
f 2700/2700/2700 2702/2702/2702 2701/2701/2701
f 2704/2704/2704 2703/2703/2703 2702/2702/2702
f 2706/2706/2706 2705/2705/2705 2704/2704/2704
f 2706/2706/2706 2707/2707/2707 2705/2705/2705
f 2708/2708/2708 2705/2705/2705 2707/2707/2707
f 2708/2708/2708 2710/2710/2710 2709/2709/2709
f 2713/2713/2713 2712/2712/2712 2711/2711/2711
f 2716/2716/2716 2715/2715/2715 2714/2714/2714
f 2718/2718/2718 2717/2717/2717 2715/2715/2715
f 2720/2720/2720 2719/2719/2719 2714/2714/2714
f 2719/2719/2719 2721/2721/2721 2714/2714/2714
f 2724/2724/2724 2723/2723/2723 2722/2722/2722
f 2727/2727/2727 2726/2726/2726 2725/2725/2725
f 2726/2726/2726 2729/2729/2729 2728/2728/2728
f 2729/2729/2729 2731/2731/2731 2730/2730/2730
f 2733/2733/2733 2732/2732/2732 2731/2731/2731
f 2735/2735/2735 2734/2734/2734 2733/2733/2733
f 2737/2737/2737 2734/2734/2734 2736/2736/2736
f 2737/2737/2737 2739/2739/2739 2738/2738/2738
f 2742/2742/2742 2741/2741/2741 2740/2740/2740
f 2745/2745/2745 2744/2744/2744 2743/2743/2743
f 2748/2748/2748 2747/2747/2747 2746/2746/2746
f 2749/2749/2749 2748/2748/2748 2746/2746/2746
f 2751/2751/2751 2750/2750/2750 2746/2746/2746
f 2753/2753/2753 2752/2752/2752 2750/2750/2750
